dataset,scene_id,sensor,acquisition_datetime_utc,acquisition_datetime_bangkok,cloud_cover_scene,cloud_cover_aoi,tide_station,tide_level,tide_datum,tide_status,source_url,source_license,crs,resolution_m,bands,local_path,file_size_bytes,sha256,selection_reason,qa_status
landsat,LT05_L2SP_129051_19871209_02_T1,landsat-5,1987-12-09T03:06:36.665075Z,1987-12-09T10:06:36.665075+07:00,36.0000,55.8096,,,,unverified,https://planetarycomputer.microsoft.com/api/stac/v1/collections/landsat-c2-l2/items/LT05_L2SP_129051_19871209_02_T1,USGS Landsat - Public Domain / no restrictions on use,EPSG:32647,30,BLUE;GREEN;RED;NIR;SWIR1;SWIR2;QA_PIXEL,,,,provider=Microsoft Planetary Computer; yearly paginated STAC search; AOI coverage=1.000; dry/same-season preference; AOI bad-quality=55.81%,candidate-aoi-quality-reviewed
landsat,LT05_L2SP_129051_19871225_02_T1,landsat-5,1987-12-25T03:06:52.102081Z,1987-12-25T10:06:52.102081+07:00,3.0000,0.0781,,,,unverified,https://planetarycomputer.microsoft.com/api/stac/v1/collections/landsat-c2-l2/items/LT05_L2SP_129051_19871225_02_T1,USGS Landsat - Public Domain / no restrictions on use,EPSG:32647,30,BLUE;GREEN;RED;NIR;SWIR1;SWIR2;QA_PIXEL,,,,provider=Microsoft Planetary Computer; yearly paginated STAC search; AOI coverage=1.000; dry/same-season preference; AOI bad-quality=0.08%,candidate-aoi-quality-reviewed
landsat,LT05_L2SP_129051_19880110_02_T1,landsat-5,1988-01-10T03:07:08.022025Z,1988-01-10T10:07:08.022025+07:00,12.0000,0.0006,,,,unverified,https://planetarycomputer.microsoft.com/api/stac/v1/collections/landsat-c2-l2/items/LT05_L2SP_129051_19880110_02_T1,USGS Landsat - Public Domain / no restrictions on use,EPSG:32647,30,BLUE;GREEN;RED;NIR;SWIR1;SWIR2;QA_PIXEL,,,,provider=Microsoft Planetary Computer; yearly paginated STAC search; AOI coverage=1.000; dry/same-season preference; AOI bad-quality=0.00%,candidate-aoi-quality-reviewed
landsat,LT05_L2SP_129051_19880126_02_T1,landsat-5,1988-01-26T03:07:25.871006Z,1988-01-26T10:07:25.871006+07:00,25.0000,0.8292,,,,unverified,https://planetarycomputer.microsoft.com/api/stac/v1/collections/landsat-c2-l2/items/LT05_L2SP_129051_19880126_02_T1,USGS Landsat - Public Domain / no restrictions on use,EPSG:32647,30,BLUE;GREEN;RED;NIR;SWIR1;SWIR2;QA_PIXEL,,,,provider=Microsoft Planetary Computer; yearly paginated STAC search; AOI coverage=1.000; dry/same-season preference; AOI bad-quality=0.83%,candidate-aoi-quality-reviewed
landsat,LT05_L2SP_129051_19880227_02_T1,landsat-5,1988-02-27T03:07:55.652088Z,1988-02-27T10:07:55.652088+07:00,10.0000,0.0029,,,,unverified,https://planetarycomputer.microsoft.com/api/stac/v1/collections/landsat-c2-l2/items/LT05_L2SP_129051_19880227_02_T1,USGS Landsat - Public Domain / no restrictions on use,EPSG:32647,30,BLUE;GREEN;RED;NIR;SWIR1;SWIR2;QA_PIXEL,,,,provider=Microsoft Planetary Computer; yearly paginated STAC search; AOI coverage=1.000; dry/same-season preference; AOI bad-quality=0.00%,candidate-aoi-quality-reviewed
landsat,LT05_L2SP_129051_19880314_02_T1,landsat-5,1988-03-14T03:08:05.066025Z,1988-03-14T10:08:05.066025+07:00,4.0000,0.2752,,,,unverified,https://planetarycomputer.microsoft.com/api/stac/v1/collections/landsat-c2-l2/items/LT05_L2SP_129051_19880314_02_T1,USGS Landsat - Public Domain / no restrictions on use,EPSG:32647,30,BLUE;GREEN;RED;NIR;SWIR1;SWIR2;QA_PIXEL,,,,provider=Microsoft Planetary Computer; yearly paginated STAC search; AOI coverage=1.000; dry/same-season preference; AOI bad-quality=0.28%,candidate-aoi-quality-reviewed
landsat,LT05_L2SP_129051_19880330_02_T1,landsat-5,1988-03-30T03:08:12.625050Z,1988-03-30T10:08:12.625050+07:00,1.0000,0.0018,,,,unverified,https://planetarycomputer.microsoft.com/api/stac/v1/collections/landsat-c2-l2/items/LT05_L2SP_129051_19880330_02_T1,USGS Landsat - Public Domain / no restrictions on use,EPSG:32647,30,BLUE;GREEN;RED;NIR;SWIR1;SWIR2;QA_PIXEL,,,,provider=Microsoft Planetary Computer; yearly paginated STAC search; AOI coverage=1.000; dry/same-season preference; AOI bad-quality=0.00%,candidate-aoi-quality-reviewed
landsat,LT05_L2SP_129051_19881227_02_T1,landsat-5,1988-12-27T03:08:29.265025Z,1988-12-27T10:08:29.265025+07:00,1.0000,0.0374,,,,unverified,https://planetarycomputer.microsoft.com/api/stac/v1/collections/landsat-c2-l2/items/LT05_L2SP_129051_19881227_02_T1,USGS Landsat - Public Domain / no restrictions on use,EPSG:32647,30,BLUE;GREEN;RED;NIR;SWIR1;SWIR2;QA_PIXEL,,,,provider=Microsoft Planetary Computer; yearly paginated STAC search; AOI coverage=1.000; dry/same-season preference; AOI bad-quality=0.04%,candidate-aoi-quality-reviewed
landsat,LT04_L2SP_129051_19890120_02_T1,landsat-4,1989-01-20T03:10:31.334038Z,1989-01-20T10:10:31.334038+07:00,7.0000,0.0071,,,,unverified,https://planetarycomputer.microsoft.com/api/stac/v1/collections/landsat-c2-l2/items/LT04_L2SP_129051_19890120_02_T1,USGS Landsat - Public Domain / no restrictions on use,EPSG:32647,30,BLUE;GREEN;RED;NIR;SWIR1;SWIR2;QA_PIXEL,,,,provider=Microsoft Planetary Computer; yearly paginated STAC search; AOI coverage=1.000; dry/same-season preference; AOI bad-quality=0.01%,candidate-aoi-quality-reviewed
landsat,LT04_L2SP_129051_19890205_02_T1,landsat-4,1989-02-05T03:10:54.834000Z,1989-02-05T10:10:54.834000+07:00,28.0000,0.0035,,,,unverified,https://planetarycomputer.microsoft.com/api/stac/v1/collections/landsat-c2-l2/items/LT04_L2SP_129051_19890205_02_T1,USGS Landsat - Public Domain / no restrictions on use,EPSG:32647,30,BLUE;GREEN;RED;NIR;SWIR1;SWIR2;QA_PIXEL,,,,provider=Microsoft Planetary Computer; yearly paginated STAC search; AOI coverage=1.000; dry/same-season preference; AOI bad-quality=0.00%,candidate-aoi-quality-reviewed
landsat,LT05_L2SP_129051_19890213_02_T1,landsat-5,1989-02-13T03:08:10.557038Z,1989-02-13T10:08:10.557038+07:00,8.0000,8.4643,,,,unverified,https://planetarycomputer.microsoft.com/api/stac/v1/collections/landsat-c2-l2/items/LT05_L2SP_129051_19890213_02_T1,USGS Landsat - Public Domain / no restrictions on use,EPSG:32647,30,BLUE;GREEN;RED;NIR;SWIR1;SWIR2;QA_PIXEL,,,,provider=Microsoft Planetary Computer; yearly paginated STAC search; AOI coverage=1.000; dry/same-season preference; AOI bad-quality=8.46%,candidate-aoi-quality-reviewed
landsat,LT05_L2SP_129051_19890317_02_T1,landsat-5,1989-03-17T03:07:18.359069Z,1989-03-17T10:07:18.359069+07:00,16.0000,17.8645,,,,unverified,https://planetarycomputer.microsoft.com/api/stac/v1/collections/landsat-c2-l2/items/LT05_L2SP_129051_19890317_02_T1,USGS Landsat - Public Domain / no restrictions on use,EPSG:32647,30,BLUE;GREEN;RED;NIR;SWIR1;SWIR2;QA_PIXEL,,,,provider=Microsoft Planetary Computer; yearly paginated STAC search; AOI coverage=1.000; dry/same-season preference; AOI bad-quality=17.86%,candidate-aoi-quality-reviewed
landsat,LT04_L2SP_129051_19890325_02_T1,landsat-4,1989-03-25T03:10:57.235075Z,1989-03-25T10:10:57.235075+07:00,12.0000,0.8752,,,,unverified,https://planetarycomputer.microsoft.com/api/stac/v1/collections/landsat-c2-l2/items/LT04_L2SP_129051_19890325_02_T1,USGS Landsat - Public Domain / no restrictions on use,EPSG:32647,30,BLUE;GREEN;RED;NIR;SWIR1;SWIR2;QA_PIXEL,,,,provider=Microsoft Planetary Computer; yearly paginated STAC search; AOI coverage=1.000; dry/same-season preference; AOI bad-quality=0.88%,candidate-aoi-quality-reviewed
landsat,LT05_L2SP_129051_19890418_02_T1,landsat-5,1989-04-18T03:07:09.582019Z,1989-04-18T10:07:09.582019+07:00,10.0000,0.5979,,,,unverified,https://planetarycomputer.microsoft.com/api/stac/v1/collections/landsat-c2-l2/items/LT05_L2SP_129051_19890418_02_T1,USGS Landsat - Public Domain / no restrictions on use,EPSG:32647,30,BLUE;GREEN;RED;NIR;SWIR1;SWIR2;QA_PIXEL,,,,provider=Microsoft Planetary Computer; yearly paginated STAC search; AOI coverage=1.000; dry/same-season preference; AOI bad-quality=0.60%,candidate-aoi-quality-reviewed
landsat,LT05_L2SP_129051_19900115_02_T1,landsat-5,1990-01-15T03:00:39.192006Z,1990-01-15T10:00:39.192006+07:00,21.0000,9.6047,,,,unverified,https://planetarycomputer.microsoft.com/api/stac/v1/collections/landsat-c2-l2/items/LT05_L2SP_129051_19900115_02_T1,USGS Landsat - Public Domain / no restrictions on use,EPSG:32647,30,BLUE;GREEN;RED;NIR;SWIR1;SWIR2;QA_PIXEL,,,,provider=Microsoft Planetary Computer; yearly paginated STAC search; AOI coverage=1.000; dry/same-season preference; AOI bad-quality=9.60%,candidate-aoi-quality-reviewed
landsat,LT05_L2SP_129051_19900131_02_T1,landsat-5,1990-01-31T03:00:09.433019Z,1990-01-31T10:00:09.433019+07:00,2.0000,0.0318,,,,unverified,https://planetarycomputer.microsoft.com/api/stac/v1/collections/landsat-c2-l2/items/LT05_L2SP_129051_19900131_02_T1,USGS Landsat - Public Domain / no restrictions on use,EPSG:32647,30,BLUE;GREEN;RED;NIR;SWIR1;SWIR2;QA_PIXEL,,,,provider=Microsoft Planetary Computer; yearly paginated STAC search; AOI coverage=1.000; dry/same-season preference; AOI bad-quality=0.03%,candidate-aoi-quality-reviewed
landsat,LT05_L2SP_129051_19900421_02_T1,landsat-5,1990-04-21T02:58:24.599006Z,1990-04-21T09:58:24.599006+07:00,77.0000,65.9376,,,,unverified,https://planetarycomputer.microsoft.com/api/stac/v1/collections/landsat-c2-l2/items/LT05_L2SP_129051_19900421_02_T1,USGS Landsat - Public Domain / no restrictions on use,EPSG:32647,30,BLUE;GREEN;RED;NIR;SWIR1;SWIR2;QA_PIXEL,,,,provider=Microsoft Planetary Computer; yearly paginated STAC search; AOI coverage=1.000; dry/same-season preference; AOI bad-quality=65.94%,candidate-aoi-quality-reviewed
landsat,LT05_L2SP_129051_19900507_02_T1,landsat-5,1990-05-07T02:58:20.922044Z,1990-05-07T09:58:20.922044+07:00,33.0000,0.0530,,,,unverified,https://planetarycomputer.microsoft.com/api/stac/v1/collections/landsat-c2-l2/items/LT05_L2SP_129051_19900507_02_T1,USGS Landsat - Public Domain / no restrictions on use,EPSG:32647,30,BLUE;GREEN;RED;NIR;SWIR1;SWIR2;QA_PIXEL,,,,provider=Microsoft Planetary Computer; yearly paginated STAC search; AOI coverage=1.000; dry/same-season preference; AOI bad-quality=0.05%,candidate-aoi-quality-reviewed
landsat,LT05_L2SP_129051_19901014_02_T1,landsat-5,1990-10-14T02:57:45.871081Z,1990-10-14T09:57:45.871081+07:00,5.0000,1.6732,,,,unverified,https://planetarycomputer.microsoft.com/api/stac/v1/collections/landsat-c2-l2/items/LT05_L2SP_129051_19901014_02_T1,USGS Landsat - Public Domain / no restrictions on use,EPSG:32647,30,BLUE;GREEN;RED;NIR;SWIR1;SWIR2;QA_PIXEL,,,,provider=Microsoft Planetary Computer; yearly paginated STAC search; AOI coverage=1.000; dry/same-season preference; AOI bad-quality=1.67%,candidate-aoi-quality-reviewed
landsat,LT05_L2SP_129051_19901217_02_T1,landsat-5,1990-12-17T02:57:37.168075Z,1990-12-17T09:57:37.168075+07:00,69.0000,100.0000,,,,unverified,https://planetarycomputer.microsoft.com/api/stac/v1/collections/landsat-c2-l2/items/LT05_L2SP_129051_19901217_02_T1,USGS Landsat - Public Domain / no restrictions on use,EPSG:32647,30,BLUE;GREEN;RED;NIR;SWIR1;SWIR2;QA_PIXEL,,,,provider=Microsoft Planetary Computer; yearly paginated STAC search; AOI coverage=1.000; dry/same-season preference; AOI bad-quality=100.00%,candidate-aoi-quality-reviewed
landsat,LT05_L2SP_129051_19910203_02_T1,landsat-5,1991-02-03T02:58:42.302013Z,1991-02-03T09:58:42.302013+07:00,2.0000,0.5257,,,,unverified,https://planetarycomputer.microsoft.com/api/stac/v1/collections/landsat-c2-l2/items/LT05_L2SP_129051_19910203_02_T1,USGS Landsat - Public Domain / no restrictions on use,EPSG:32647,30,BLUE;GREEN;RED;NIR;SWIR1;SWIR2;QA_PIXEL,,,,provider=Microsoft Planetary Computer; yearly paginated STAC search; AOI coverage=1.000; dry/same-season preference; AOI bad-quality=0.53%,candidate-aoi-quality-reviewed
landsat,LT05_L2SP_129051_19910323_02_T1,landsat-5,1991-03-23T02:59:43.979038Z,1991-03-23T09:59:43.979038+07:00,12.0000,0.0003,,,,unverified,https://planetarycomputer.microsoft.com/api/stac/v1/collections/landsat-c2-l2/items/LT05_L2SP_129051_19910323_02_T1,USGS Landsat - Public Domain / no restrictions on use,EPSG:32647,30,BLUE;GREEN;RED;NIR;SWIR1;SWIR2;QA_PIXEL,,,,provider=Microsoft Planetary Computer; yearly paginated STAC search; AOI coverage=1.000; dry/same-season preference; AOI bad-quality=0.00%,candidate-aoi-quality-reviewed
landsat,LT05_L2SP_129051_19910424_02_T1,landsat-5,1991-04-24T03:00:11.857075Z,1991-04-24T10:00:11.857075+07:00,100.0000,100.0000,,,,unverified,https://planetarycomputer.microsoft.com/api/stac/v1/collections/landsat-c2-l2/items/LT05_L2SP_129051_19910424_02_T1,USGS Landsat - Public Domain / no restrictions on use,EPSG:32647,30,BLUE;GREEN;RED;NIR;SWIR1;SWIR2;QA_PIXEL,,,,provider=Microsoft Planetary Computer; yearly paginated STAC search; AOI coverage=1.000; dry/same-season preference; AOI bad-quality=100.00%,candidate-aoi-quality-reviewed
landsat,LT05_L2SP_129051_19910915_02_T1,landsat-5,1991-09-15T03:02:04.187025Z,1991-09-15T10:02:04.187025+07:00,32.0000,95.5271,,,,unverified,https://planetarycomputer.microsoft.com/api/stac/v1/collections/landsat-c2-l2/items/LT05_L2SP_129051_19910915_02_T1,USGS Landsat - Public Domain / no restrictions on use,EPSG:32647,30,BLUE;GREEN;RED;NIR;SWIR1;SWIR2;QA_PIXEL,,,,provider=Microsoft Planetary Computer; yearly paginated STAC search; AOI coverage=1.000; dry/same-season preference; AOI bad-quality=95.53%,candidate-aoi-quality-reviewed
landsat,LT05_L2SP_129051_19911017_02_T1,landsat-5,1991-10-17T03:02:19.343031Z,1991-10-17T10:02:19.343031+07:00,16.0000,12.0119,,,,unverified,https://planetarycomputer.microsoft.com/api/stac/v1/collections/landsat-c2-l2/items/LT05_L2SP_129051_19911017_02_T1,USGS Landsat - Public Domain / no restrictions on use,EPSG:32647,30,BLUE;GREEN;RED;NIR;SWIR1;SWIR2;QA_PIXEL,,,,provider=Microsoft Planetary Computer; yearly paginated STAC search; AOI coverage=1.000; dry/same-season preference; AOI bad-quality=12.01%,candidate-aoi-quality-reviewed
landsat,LT05_L2SP_129051_19911102_02_T1,landsat-5,1991-11-02T03:02:18.318019Z,1991-11-02T10:02:18.318019+07:00,7.0000,50.8675,,,,unverified,https://planetarycomputer.microsoft.com/api/stac/v1/collections/landsat-c2-l2/items/LT05_L2SP_129051_19911102_02_T1,USGS Landsat - Public Domain / no restrictions on use,EPSG:32647,30,BLUE;GREEN;RED;NIR;SWIR1;SWIR2;QA_PIXEL,,,,provider=Microsoft Planetary Computer; yearly paginated STAC search; AOI coverage=1.000; dry/same-season preference; AOI bad-quality=50.87%,candidate-aoi-quality-reviewed
landsat,LT05_L2SP_129051_19920206_02_T1,landsat-5,1992-02-06T03:02:21.679094Z,1992-02-06T10:02:21.679094+07:00,15.0000,0.0056,,,,unverified,https://planetarycomputer.microsoft.com/api/stac/v1/collections/landsat-c2-l2/items/LT05_L2SP_129051_19920206_02_T1,USGS Landsat - Public Domain / no restrictions on use,EPSG:32647,30,BLUE;GREEN;RED;NIR;SWIR1;SWIR2;QA_PIXEL,,,,provider=Microsoft Planetary Computer; yearly paginated STAC search; AOI coverage=1.000; dry/same-season preference; AOI bad-quality=0.01%,candidate-aoi-quality-reviewed
landsat,LT05_L2SP_129051_19920309_02_T1,landsat-5,1992-03-09T03:02:20.983075Z,1992-03-09T10:02:20.983075+07:00,7.0000,23.4637,,,,unverified,https://planetarycomputer.microsoft.com/api/stac/v1/collections/landsat-c2-l2/items/LT05_L2SP_129051_19920309_02_T1,USGS Landsat - Public Domain / no restrictions on use,EPSG:32647,30,BLUE;GREEN;RED;NIR;SWIR1;SWIR2;QA_PIXEL,,,,provider=Microsoft Planetary Computer; yearly paginated STAC search; AOI coverage=1.000; dry/same-season preference; AOI bad-quality=23.46%,candidate-aoi-quality-reviewed
landsat,LT05_L2SP_129051_19920629_02_T1,landsat-5,1992-06-29T03:01:22.806019Z,1992-06-29T10:01:22.806019+07:00,19.0000,37.9836,,,,unverified,https://planetarycomputer.microsoft.com/api/stac/v1/collections/landsat-c2-l2/items/LT05_L2SP_129051_19920629_02_T1,USGS Landsat - Public Domain / no restrictions on use,EPSG:32647,30,BLUE;GREEN;RED;NIR;SWIR1;SWIR2;QA_PIXEL,,,,provider=Microsoft Planetary Computer; yearly paginated STAC search; AOI coverage=1.000; dry/same-season preference; AOI bad-quality=37.98%,candidate-aoi-quality-reviewed
landsat,LT05_L2SP_129051_19921120_02_T1,landsat-5,1992-11-20T02:59:07.801075Z,1992-11-20T09:59:07.801075+07:00,6.0000,0.0009,,,,unverified,https://planetarycomputer.microsoft.com/api/stac/v1/collections/landsat-c2-l2/items/LT05_L2SP_129051_19921120_02_T1,USGS Landsat - Public Domain / no restrictions on use,EPSG:32647,30,BLUE;GREEN;RED;NIR;SWIR1;SWIR2;QA_PIXEL,,,,provider=Microsoft Planetary Computer; yearly paginated STAC search; AOI coverage=1.000; dry/same-season preference; AOI bad-quality=0.00%,candidate-aoi-quality-reviewed
landsat,LT05_L2SP_129051_19921206_02_T1,landsat-5,1992-12-06T02:59:23.151069Z,1992-12-06T09:59:23.151069+07:00,70.0000,92.2603,,,,unverified,https://planetarycomputer.microsoft.com/api/stac/v1/collections/landsat-c2-l2/items/LT05_L2SP_129051_19921206_02_T1,USGS Landsat - Public Domain / no restrictions on use,EPSG:32647,30,BLUE;GREEN;RED;NIR;SWIR1;SWIR2;QA_PIXEL,,,,provider=Microsoft Planetary Computer; yearly paginated STAC search; AOI coverage=1.000; dry/same-season preference; AOI bad-quality=92.26%,candidate-aoi-quality-reviewed
landsat,LT05_L2SP_129051_19921222_02_T1,landsat-5,1992-12-22T02:59:32.574094Z,1992-12-22T09:59:32.574094+07:00,62.0000,55.5564,,,,unverified,https://planetarycomputer.microsoft.com/api/stac/v1/collections/landsat-c2-l2/items/LT05_L2SP_129051_19921222_02_T1,USGS Landsat - Public Domain / no restrictions on use,EPSG:32647,30,BLUE;GREEN;RED;NIR;SWIR1;SWIR2;QA_PIXEL,,,,provider=Microsoft Planetary Computer; yearly paginated STAC search; AOI coverage=1.000; dry/same-season preference; AOI bad-quality=55.56%,candidate-aoi-quality-reviewed
landsat,LT05_L2SP_129051_19930107_02_T1,landsat-5,1993-01-07T02:59:42.473031Z,1993-01-07T09:59:42.473031+07:00,74.0000,99.6956,,,,unverified,https://planetarycomputer.microsoft.com/api/stac/v1/collections/landsat-c2-l2/items/LT05_L2SP_129051_19930107_02_T1,USGS Landsat - Public Domain / no restrictions on use,EPSG:32647,30,BLUE;GREEN;RED;NIR;SWIR1;SWIR2;QA_PIXEL,,,,provider=Microsoft Planetary Computer; yearly paginated STAC search; AOI coverage=1.000; dry/same-season preference; AOI bad-quality=99.70%,candidate-aoi-quality-reviewed
landsat,LT05_L2SP_129051_19930224_02_T1,landsat-5,1993-02-24T03:00:07.667069Z,1993-02-24T10:00:07.667069+07:00,21.0000,0.2626,,,,unverified,https://planetarycomputer.microsoft.com/api/stac/v1/collections/landsat-c2-l2/items/LT05_L2SP_129051_19930224_02_T1,USGS Landsat - Public Domain / no restrictions on use,EPSG:32647,30,BLUE;GREEN;RED;NIR;SWIR1;SWIR2;QA_PIXEL,,,,provider=Microsoft Planetary Computer; yearly paginated STAC search; AOI coverage=1.000; dry/same-season preference; AOI bad-quality=0.26%,candidate-aoi-quality-reviewed
landsat,LT05_L2SP_129051_19930312_02_T1,landsat-5,1993-03-12T03:00:20.215056Z,1993-03-12T10:00:20.215056+07:00,43.0000,0.0000,,,,unverified,https://planetarycomputer.microsoft.com/api/stac/v1/collections/landsat-c2-l2/items/LT05_L2SP_129051_19930312_02_T1,USGS Landsat - Public Domain / no restrictions on use,EPSG:32647,30,BLUE;GREEN;RED;NIR;SWIR1;SWIR2;QA_PIXEL,,,,provider=Microsoft Planetary Computer; yearly paginated STAC search; AOI coverage=1.000; dry/same-season preference; AOI bad-quality=0.00%,candidate-aoi-quality-reviewed
landsat,LT05_L2SP_129051_19931107_02_T1,landsat-5,1993-11-07T03:00:12.414056Z,1993-11-07T10:00:12.414056+07:00,0.0000,0.0059,,,,unverified,https://planetarycomputer.microsoft.com/api/stac/v1/collections/landsat-c2-l2/items/LT05_L2SP_129051_19931107_02_T1,USGS Landsat - Public Domain / no restrictions on use,EPSG:32647,30,BLUE;GREEN;RED;NIR;SWIR1;SWIR2;QA_PIXEL,,,,provider=Microsoft Planetary Computer; yearly paginated STAC search; AOI coverage=1.000; dry/same-season preference; AOI bad-quality=0.01%,candidate-aoi-quality-reviewed
landsat,LT05_L2SP_129051_19931123_02_T1,landsat-5,1993-11-23T03:00:04.739006Z,1993-11-23T10:00:04.739006+07:00,7.0000,7.4550,,,,unverified,https://planetarycomputer.microsoft.com/api/stac/v1/collections/landsat-c2-l2/items/LT05_L2SP_129051_19931123_02_T1,USGS Landsat - Public Domain / no restrictions on use,EPSG:32647,30,BLUE;GREEN;RED;NIR;SWIR1;SWIR2;QA_PIXEL,,,,provider=Microsoft Planetary Computer; yearly paginated STAC search; AOI coverage=1.000; dry/same-season preference; AOI bad-quality=7.46%,candidate-aoi-quality-reviewed
landsat,LT05_L2SP_129051_19931209_02_T1,landsat-5,1993-12-09T03:00:00.972044Z,1993-12-09T10:00:00.972044+07:00,1.0000,2.0162,,,,unverified,https://planetarycomputer.microsoft.com/api/stac/v1/collections/landsat-c2-l2/items/LT05_L2SP_129051_19931209_02_T1,USGS Landsat - Public Domain / no restrictions on use,EPSG:32647,30,BLUE;GREEN;RED;NIR;SWIR1;SWIR2;QA_PIXEL,,,,provider=Microsoft Planetary Computer; yearly paginated STAC search; AOI coverage=1.000; dry/same-season preference; AOI bad-quality=2.02%,candidate-aoi-quality-reviewed
landsat,LT05_L2SP_129051_19940110_02_T1,landsat-5,1994-01-10T02:59:38.147081Z,1994-01-10T09:59:38.147081+07:00,1.0000,0.0000,,,,unverified,https://planetarycomputer.microsoft.com/api/stac/v1/collections/landsat-c2-l2/items/LT05_L2SP_129051_19940110_02_T1,USGS Landsat - Public Domain / no restrictions on use,EPSG:32647,30,BLUE;GREEN;RED;NIR;SWIR1;SWIR2;QA_PIXEL,,,,provider=Microsoft Planetary Computer; yearly paginated STAC search; AOI coverage=1.000; dry/same-season preference; AOI bad-quality=0.00%,candidate-aoi-quality-reviewed
landsat,LT05_L2SP_129051_19940126_02_T1,landsat-5,1994-01-26T02:59:25.374038Z,1994-01-26T09:59:25.374038+07:00,0.0000,3.1218,,,,unverified,https://planetarycomputer.microsoft.com/api/stac/v1/collections/landsat-c2-l2/items/LT05_L2SP_129051_19940126_02_T1,USGS Landsat - Public Domain / no restrictions on use,EPSG:32647,30,BLUE;GREEN;RED;NIR;SWIR1;SWIR2;QA_PIXEL,,,,provider=Microsoft Planetary Computer; yearly paginated STAC search; AOI coverage=1.000; dry/same-season preference; AOI bad-quality=3.12%,candidate-aoi-quality-reviewed
landsat,LT05_L2SP_129051_19940227_02_T1,landsat-5,1994-02-27T02:59:01.381075Z,1994-02-27T09:59:01.381075+07:00,2.0000,0.6683,,,,unverified,https://planetarycomputer.microsoft.com/api/stac/v1/collections/landsat-c2-l2/items/LT05_L2SP_129051_19940227_02_T1,USGS Landsat - Public Domain / no restrictions on use,EPSG:32647,30,BLUE;GREEN;RED;NIR;SWIR1;SWIR2;QA_PIXEL,,,,provider=Microsoft Planetary Computer; yearly paginated STAC search; AOI coverage=1.000; dry/same-season preference; AOI bad-quality=0.67%,candidate-aoi-quality-reviewed
landsat,LT05_L2SP_129051_19940331_02_T1,landsat-5,1994-03-31T02:58:31.769056Z,1994-03-31T09:58:31.769056+07:00,9.0000,0.0000,,,,unverified,https://planetarycomputer.microsoft.com/api/stac/v1/collections/landsat-c2-l2/items/LT05_L2SP_129051_19940331_02_T1,USGS Landsat - Public Domain / no restrictions on use,EPSG:32647,30,BLUE;GREEN;RED;NIR;SWIR1;SWIR2;QA_PIXEL,,,,provider=Microsoft Planetary Computer; yearly paginated STAC search; AOI coverage=1.000; dry/same-season preference; AOI bad-quality=0.00%,candidate-aoi-quality-reviewed
landsat,LT05_L2SP_129051_19941110_02_T1,landsat-5,1994-11-10T02:52:56.265063Z,1994-11-10T09:52:56.265063+07:00,0.0000,0.0000,,,,unverified,https://planetarycomputer.microsoft.com/api/stac/v1/collections/landsat-c2-l2/items/LT05_L2SP_129051_19941110_02_T1,USGS Landsat - Public Domain / no restrictions on use,EPSG:32647,30,BLUE;GREEN;RED;NIR;SWIR1;SWIR2;QA_PIXEL,,,,provider=Microsoft Planetary Computer; yearly paginated STAC search; AOI coverage=1.000; dry/same-season preference; AOI bad-quality=0.00%,candidate-aoi-quality-reviewed
landsat,LT05_L2SP_129051_19941228_02_T1,landsat-5,1994-12-28T02:51:23.403081Z,1994-12-28T09:51:23.403081+07:00,0.0000,4.1971,,,,unverified,https://planetarycomputer.microsoft.com/api/stac/v1/collections/landsat-c2-l2/items/LT05_L2SP_129051_19941228_02_T1,USGS Landsat - Public Domain / no restrictions on use,EPSG:32647,30,BLUE;GREEN;RED;NIR;SWIR1;SWIR2;QA_PIXEL,,,,provider=Microsoft Planetary Computer; yearly paginated STAC search; AOI coverage=1.000; dry/same-season preference; AOI bad-quality=4.20%,candidate-aoi-quality-reviewed
landsat,LT05_L2SP_129051_19950113_02_T1,landsat-5,1995-01-13T02:50:49.599075Z,1995-01-13T09:50:49.599075+07:00,19.0000,65.6259,,,,unverified,https://planetarycomputer.microsoft.com/api/stac/v1/collections/landsat-c2-l2/items/LT05_L2SP_129051_19950113_02_T1,USGS Landsat - Public Domain / no restrictions on use,EPSG:32647,30,BLUE;GREEN;RED;NIR;SWIR1;SWIR2;QA_PIXEL,,,,provider=Microsoft Planetary Computer; yearly paginated STAC search; AOI coverage=1.000; dry/same-season preference; AOI bad-quality=65.63%,candidate-aoi-quality-reviewed
landsat,LT05_L2SP_129051_19950129_02_T1,landsat-5,1995-01-29T02:50:13.146038Z,1995-01-29T09:50:13.146038+07:00,75.0000,95.5274,,,,unverified,https://planetarycomputer.microsoft.com/api/stac/v1/collections/landsat-c2-l2/items/LT05_L2SP_129051_19950129_02_T1,USGS Landsat - Public Domain / no restrictions on use,EPSG:32647,30,BLUE;GREEN;RED;NIR;SWIR1;SWIR2;QA_PIXEL,,,,provider=Microsoft Planetary Computer; yearly paginated STAC search; AOI coverage=1.000; dry/same-season preference; AOI bad-quality=95.53%,candidate-aoi-quality-reviewed
landsat,LT05_L2SP_129051_19950214_02_T1,landsat-5,1995-02-14T02:49:33.637088Z,1995-02-14T09:49:33.637088+07:00,6.0000,0.0006,,,,unverified,https://planetarycomputer.microsoft.com/api/stac/v1/collections/landsat-c2-l2/items/LT05_L2SP_129051_19950214_02_T1,USGS Landsat - Public Domain / no restrictions on use,EPSG:32647,30,BLUE;GREEN;RED;NIR;SWIR1;SWIR2;QA_PIXEL,,,,provider=Microsoft Planetary Computer; yearly paginated STAC search; AOI coverage=1.000; dry/same-season preference; AOI bad-quality=0.00%,candidate-aoi-quality-reviewed
landsat,LT05_L2SP_129051_19950318_02_T1,landsat-5,1995-03-18T02:48:16.524075Z,1995-03-18T09:48:16.524075+07:00,5.0000,13.8569,,,,unverified,https://planetarycomputer.microsoft.com/api/stac/v1/collections/landsat-c2-l2/items/LT05_L2SP_129051_19950318_02_T1,USGS Landsat - Public Domain / no restrictions on use,EPSG:32647,30,BLUE;GREEN;RED;NIR;SWIR1;SWIR2;QA_PIXEL,,,,provider=Microsoft Planetary Computer; yearly paginated STAC search; AOI coverage=1.000; dry/same-season preference; AOI bad-quality=13.86%,candidate-aoi-quality-reviewed
landsat,LT05_L2SP_129051_19950403_02_T1,landsat-5,1995-04-03T02:47:37.360069Z,1995-04-03T09:47:37.360069+07:00,23.0000,35.0817,,,,unverified,https://planetarycomputer.microsoft.com/api/stac/v1/collections/landsat-c2-l2/items/LT05_L2SP_129051_19950403_02_T1,USGS Landsat - Public Domain / no restrictions on use,EPSG:32647,30,BLUE;GREEN;RED;NIR;SWIR1;SWIR2;QA_PIXEL,,,,provider=Microsoft Planetary Computer; yearly paginated STAC search; AOI coverage=1.000; dry/same-season preference; AOI bad-quality=35.08%,candidate-aoi-quality-reviewed
landsat,LT05_L2SP_129051_19950419_02_T1,landsat-5,1995-04-19T02:46:56.852088Z,1995-04-19T09:46:56.852088+07:00,30.0000,45.8029,,,,unverified,https://planetarycomputer.microsoft.com/api/stac/v1/collections/landsat-c2-l2/items/LT05_L2SP_129051_19950419_02_T1,USGS Landsat - Public Domain / no restrictions on use,EPSG:32647,30,BLUE;GREEN;RED;NIR;SWIR1;SWIR2;QA_PIXEL,,,,provider=Microsoft Planetary Computer; yearly paginated STAC search; AOI coverage=1.000; dry/same-season preference; AOI bad-quality=45.80%,candidate-aoi-quality-reviewed
landsat,LT05_L2SP_129051_19960116_02_T1,landsat-5,1996-01-16T02:41:30.542006Z,1996-01-16T09:41:30.542006+07:00,19.0000,22.8779,,,,unverified,https://planetarycomputer.microsoft.com/api/stac/v1/collections/landsat-c2-l2/items/LT05_L2SP_129051_19960116_02_T1,USGS Landsat - Public Domain / no restrictions on use,EPSG:32647,30,BLUE;GREEN;RED;NIR;SWIR1;SWIR2;QA_PIXEL,,,,provider=Microsoft Planetary Computer; yearly paginated STAC search; AOI coverage=1.000; dry/same-season preference; AOI bad-quality=22.88%,candidate-aoi-quality-reviewed
landsat,LT05_L2SP_129051_19960304_02_T1,landsat-5,1996-03-04T02:44:48.021075Z,1996-03-04T09:44:48.021075+07:00,5.0000,0.0000,,,,unverified,https://planetarycomputer.microsoft.com/api/stac/v1/collections/landsat-c2-l2/items/LT05_L2SP_129051_19960304_02_T1,USGS Landsat - Public Domain / no restrictions on use,EPSG:32647,30,BLUE;GREEN;RED;NIR;SWIR1;SWIR2;QA_PIXEL,,,,provider=Microsoft Planetary Computer; yearly paginated STAC search; AOI coverage=1.000; dry/same-season preference; AOI bad-quality=0.00%,candidate-aoi-quality-reviewed
landsat,LT05_L2SP_129051_19960320_02_T1,landsat-5,1996-03-20T02:45:50.650031Z,1996-03-20T09:45:50.650031+07:00,12.0000,1.7115,,,,unverified,https://planetarycomputer.microsoft.com/api/stac/v1/collections/landsat-c2-l2/items/LT05_L2SP_129051_19960320_02_T1,USGS Landsat - Public Domain / no restrictions on use,EPSG:32647,30,BLUE;GREEN;RED;NIR;SWIR1;SWIR2;QA_PIXEL,,,,provider=Microsoft Planetary Computer; yearly paginated STAC search; AOI coverage=1.000; dry/same-season preference; AOI bad-quality=1.71%,candidate-aoi-quality-reviewed
landsat,LT05_L2SP_129051_19960405_02_T1,landsat-5,1996-04-05T02:46:51.040044Z,1996-04-05T09:46:51.040044+07:00,43.0000,74.0192,,,,unverified,https://planetarycomputer.microsoft.com/api/stac/v1/collections/landsat-c2-l2/items/LT05_L2SP_129051_19960405_02_T1,USGS Landsat - Public Domain / no restrictions on use,EPSG:32647,30,BLUE;GREEN;RED;NIR;SWIR1;SWIR2;QA_PIXEL,,,,provider=Microsoft Planetary Computer; yearly paginated STAC search; AOI coverage=1.000; dry/same-season preference; AOI bad-quality=74.02%,candidate-aoi-quality-reviewed
landsat,LT05_L2SP_129051_19961115_02_T1,landsat-5,1996-11-15T02:58:57.460006Z,1996-11-15T09:58:57.460006+07:00,7.0000,17.6653,,,,unverified,https://planetarycomputer.microsoft.com/api/stac/v1/collections/landsat-c2-l2/items/LT05_L2SP_129051_19961115_02_T1,USGS Landsat - Public Domain / no restrictions on use,EPSG:32647,30,BLUE;GREEN;RED;NIR;SWIR1;SWIR2;QA_PIXEL,,,,provider=Microsoft Planetary Computer; yearly paginated STAC search; AOI coverage=1.000; dry/same-season preference; AOI bad-quality=17.67%,candidate-aoi-quality-reviewed
landsat,LT05_L2SP_129051_19961217_02_T1,landsat-5,1996-12-17T03:00:28.234006Z,1996-12-17T10:00:28.234006+07:00,51.0000,100.0000,,,,unverified,https://planetarycomputer.microsoft.com/api/stac/v1/collections/landsat-c2-l2/items/LT05_L2SP_129051_19961217_02_T1,USGS Landsat - Public Domain / no restrictions on use,EPSG:32647,30,BLUE;GREEN;RED;NIR;SWIR1;SWIR2;QA_PIXEL,,,,provider=Microsoft Planetary Computer; yearly paginated STAC search; AOI coverage=1.000; dry/same-season preference; AOI bad-quality=100.00%,candidate-aoi-quality-reviewed
landsat,LT05_L2SP_129051_19970102_02_T1,landsat-5,1997-01-02T03:01:14.098025Z,1997-01-02T10:01:14.098025+07:00,2.0000,0.0592,,,,unverified,https://planetarycomputer.microsoft.com/api/stac/v1/collections/landsat-c2-l2/items/LT05_L2SP_129051_19970102_02_T1,USGS Landsat - Public Domain / no restrictions on use,EPSG:32647,30,BLUE;GREEN;RED;NIR;SWIR1;SWIR2;QA_PIXEL,,,,provider=Microsoft Planetary Computer; yearly paginated STAC search; AOI coverage=1.000; dry/same-season preference; AOI bad-quality=0.06%,candidate-aoi-quality-reviewed
landsat,LT05_L2SP_129051_19970118_02_T1,landsat-5,1997-01-18T03:01:59.144044Z,1997-01-18T10:01:59.144044+07:00,2.0000,0.0000,,,,unverified,https://planetarycomputer.microsoft.com/api/stac/v1/collections/landsat-c2-l2/items/LT05_L2SP_129051_19970118_02_T1,USGS Landsat - Public Domain / no restrictions on use,EPSG:32647,30,BLUE;GREEN;RED;NIR;SWIR1;SWIR2;QA_PIXEL,,,,provider=Microsoft Planetary Computer; yearly paginated STAC search; AOI coverage=1.000; dry/same-season preference; AOI bad-quality=0.00%,candidate-aoi-quality-reviewed
landsat,LT05_L2SP_129051_19970307_02_T1,landsat-5,1997-03-07T03:04:01.973038Z,1997-03-07T10:04:01.973038+07:00,4.0000,0.0006,,,,unverified,https://planetarycomputer.microsoft.com/api/stac/v1/collections/landsat-c2-l2/items/LT05_L2SP_129051_19970307_02_T1,USGS Landsat - Public Domain / no restrictions on use,EPSG:32647,30,BLUE;GREEN;RED;NIR;SWIR1;SWIR2;QA_PIXEL,,,,provider=Microsoft Planetary Computer; yearly paginated STAC search; AOI coverage=1.000; dry/same-season preference; AOI bad-quality=0.00%,candidate-aoi-quality-reviewed
landsat,LT05_L2SP_129051_19970323_02_T1,landsat-5,1997-03-23T03:04:38.838094Z,1997-03-23T10:04:38.838094+07:00,8.0000,0.0136,,,,unverified,https://planetarycomputer.microsoft.com/api/stac/v1/collections/landsat-c2-l2/items/LT05_L2SP_129051_19970323_02_T1,USGS Landsat - Public Domain / no restrictions on use,EPSG:32647,30,BLUE;GREEN;RED;NIR;SWIR1;SWIR2;QA_PIXEL,,,,provider=Microsoft Planetary Computer; yearly paginated STAC search; AOI coverage=1.000; dry/same-season preference; AOI bad-quality=0.01%,candidate-aoi-quality-reviewed
landsat,LT05_L2SP_129051_19970424_02_T1,landsat-5,1997-04-24T03:05:47.805081Z,1997-04-24T10:05:47.805081+07:00,0.0000,0.0000,,,,unverified,https://planetarycomputer.microsoft.com/api/stac/v1/collections/landsat-c2-l2/items/LT05_L2SP_129051_19970424_02_T1,USGS Landsat - Public Domain / no restrictions on use,EPSG:32647,30,BLUE;GREEN;RED;NIR;SWIR1;SWIR2;QA_PIXEL,,,,provider=Microsoft Planetary Computer; yearly paginated STAC search; AOI coverage=1.000; dry/same-season preference; AOI bad-quality=0.00%,candidate-aoi-quality-reviewed
landsat,LT05_L2SP_129051_19971118_02_T1,landsat-5,1997-11-18T03:12:15.446063Z,1997-11-18T10:12:15.446063+07:00,16.0000,46.7980,,,,unverified,https://planetarycomputer.microsoft.com/api/stac/v1/collections/landsat-c2-l2/items/LT05_L2SP_129051_19971118_02_T1,USGS Landsat - Public Domain / no restrictions on use,EPSG:32647,30,BLUE;GREEN;RED;NIR;SWIR1;SWIR2;QA_PIXEL,,,,provider=Microsoft Planetary Computer; yearly paginated STAC search; AOI coverage=1.000; dry/same-season preference; AOI bad-quality=46.80%,candidate-aoi-quality-reviewed
landsat,LT05_L2SP_129051_19980105_02_T1,landsat-5,1998-01-05T03:13:25.785006Z,1998-01-05T10:13:25.785006+07:00,3.0000,0.0003,,,,unverified,https://planetarycomputer.microsoft.com/api/stac/v1/collections/landsat-c2-l2/items/LT05_L2SP_129051_19980105_02_T1,USGS Landsat - Public Domain / no restrictions on use,EPSG:32647,30,BLUE;GREEN;RED;NIR;SWIR1;SWIR2;QA_PIXEL,,,,provider=Microsoft Planetary Computer; yearly paginated STAC search; AOI coverage=1.000; dry/same-season preference; AOI bad-quality=0.00%,candidate-aoi-quality-reviewed
landsat,LT05_L2SP_129051_19980222_02_T1,landsat-5,1998-02-22T03:14:25.567019Z,1998-02-22T10:14:25.567019+07:00,8.0000,0.0003,,,,unverified,https://planetarycomputer.microsoft.com/api/stac/v1/collections/landsat-c2-l2/items/LT05_L2SP_129051_19980222_02_T1,USGS Landsat - Public Domain / no restrictions on use,EPSG:32647,30,BLUE;GREEN;RED;NIR;SWIR1;SWIR2;QA_PIXEL,,,,provider=Microsoft Planetary Computer; yearly paginated STAC search; AOI coverage=1.000; dry/same-season preference; AOI bad-quality=0.00%,candidate-aoi-quality-reviewed
landsat,LT05_L2SP_129051_19980310_02_T1,landsat-5,1998-03-10T03:14:40.873031Z,1998-03-10T10:14:40.873031+07:00,0.0000,0.0009,,,,unverified,https://planetarycomputer.microsoft.com/api/stac/v1/collections/landsat-c2-l2/items/LT05_L2SP_129051_19980310_02_T1,USGS Landsat - Public Domain / no restrictions on use,EPSG:32647,30,BLUE;GREEN;RED;NIR;SWIR1;SWIR2;QA_PIXEL,,,,provider=Microsoft Planetary Computer; yearly paginated STAC search; AOI coverage=1.000; dry/same-season preference; AOI bad-quality=0.00%,candidate-aoi-quality-reviewed
landsat,LT05_L2SP_129051_19980411_02_T1,landsat-5,1998-04-11T03:15:06.226050Z,1998-04-11T10:15:06.226050+07:00,1.0000,0.2192,,,,unverified,https://planetarycomputer.microsoft.com/api/stac/v1/collections/landsat-c2-l2/items/LT05_L2SP_129051_19980411_02_T1,USGS Landsat - Public Domain / no restrictions on use,EPSG:32647,30,BLUE;GREEN;RED;NIR;SWIR1;SWIR2;QA_PIXEL,,,,provider=Microsoft Planetary Computer; yearly paginated STAC search; AOI coverage=1.000; dry/same-season preference; AOI bad-quality=0.22%,candidate-aoi-quality-reviewed
landsat,LT05_L2SP_129051_19981105_02_T1,landsat-5,1998-11-05T03:17:05.495006Z,1998-11-05T10:17:05.495006+07:00,17.0000,17.7213,,,,unverified,https://planetarycomputer.microsoft.com/api/stac/v1/collections/landsat-c2-l2/items/LT05_L2SP_129051_19981105_02_T1,USGS Landsat - Public Domain / no restrictions on use,EPSG:32647,30,BLUE;GREEN;RED;NIR;SWIR1;SWIR2;QA_PIXEL,,,,provider=Microsoft Planetary Computer; yearly paginated STAC search; AOI coverage=1.000; dry/same-season preference; AOI bad-quality=17.72%,candidate-aoi-quality-reviewed
landsat,LT05_L2SP_129051_19981223_02_T1,landsat-5,1998-12-23T03:17:13.107069Z,1998-12-23T10:17:13.107069+07:00,11.0000,0.0006,,,,unverified,https://planetarycomputer.microsoft.com/api/stac/v1/collections/landsat-c2-l2/items/LT05_L2SP_129051_19981223_02_T1,USGS Landsat - Public Domain / no restrictions on use,EPSG:32647,30,BLUE;GREEN;RED;NIR;SWIR1;SWIR2;QA_PIXEL,,,,provider=Microsoft Planetary Computer; yearly paginated STAC search; AOI coverage=1.000; dry/same-season preference; AOI bad-quality=0.00%,candidate-aoi-quality-reviewed
landsat,LT05_L2SP_129051_19990124_02_T1,landsat-5,1999-01-24T03:17:12.491063Z,1999-01-24T10:17:12.491063+07:00,58.0000,88.6007,,,,unverified,https://planetarycomputer.microsoft.com/api/stac/v1/collections/landsat-c2-l2/items/LT05_L2SP_129051_19990124_02_T1,USGS Landsat - Public Domain / no restrictions on use,EPSG:32647,30,BLUE;GREEN;RED;NIR;SWIR1;SWIR2;QA_PIXEL,,,,provider=Microsoft Planetary Computer; yearly paginated STAC search; AOI coverage=1.000; dry/same-season preference; AOI bad-quality=88.60%,candidate-aoi-quality-reviewed
landsat,LT05_L2SP_129051_19990209_02_T1,landsat-5,1999-02-09T03:17:21.245056Z,1999-02-09T10:17:21.245056+07:00,0.0000,0.0065,,,,unverified,https://planetarycomputer.microsoft.com/api/stac/v1/collections/landsat-c2-l2/items/LT05_L2SP_129051_19990209_02_T1,USGS Landsat - Public Domain / no restrictions on use,EPSG:32647,30,BLUE;GREEN;RED;NIR;SWIR1;SWIR2;QA_PIXEL,,,,provider=Microsoft Planetary Computer; yearly paginated STAC search; AOI coverage=1.000; dry/same-season preference; AOI bad-quality=0.01%,candidate-aoi-quality-reviewed
landsat,LT05_L2SP_129051_19990313_02_T1,landsat-5,1999-03-13T03:17:12.643038Z,1999-03-13T10:17:12.643038+07:00,4.0000,0.0003,,,,unverified,https://planetarycomputer.microsoft.com/api/stac/v1/collections/landsat-c2-l2/items/LT05_L2SP_129051_19990313_02_T1,USGS Landsat - Public Domain / no restrictions on use,EPSG:32647,30,BLUE;GREEN;RED;NIR;SWIR1;SWIR2;QA_PIXEL,,,,provider=Microsoft Planetary Computer; yearly paginated STAC search; AOI coverage=1.000; dry/same-season preference; AOI bad-quality=0.00%,candidate-aoi-quality-reviewed
landsat,LT05_L2SP_129051_19991108_02_T1,landsat-5,1999-11-08T03:14:08.986088Z,1999-11-08T10:14:08.986088+07:00,30.0000,99.9369,,,,unverified,https://planetarycomputer.microsoft.com/api/stac/v1/collections/landsat-c2-l2/items/LT05_L2SP_129051_19991108_02_T1,USGS Landsat - Public Domain / no restrictions on use,EPSG:32647,30,BLUE;GREEN;RED;NIR;SWIR1;SWIR2;QA_PIXEL,,,,provider=Microsoft Planetary Computer; yearly paginated STAC search; AOI coverage=1.000; dry/same-season preference; AOI bad-quality=99.94%,candidate-aoi-quality-reviewed
landsat,LE07_L2SP_129051_19991116_02_T1,landsat-7,1999-11-16T03:31:03.193176Z,1999-11-16T10:31:03.193176+07:00,8.0000,0.1335,,,,unverified,https://planetarycomputer.microsoft.com/api/stac/v1/collections/landsat-c2-l2/items/LE07_L2SP_129051_19991116_02_T1,USGS Landsat - Public Domain / no restrictions on use,EPSG:32647,30,BLUE;GREEN;RED;NIR;SWIR1;SWIR2;QA_PIXEL,,,,provider=Microsoft Planetary Computer; yearly paginated STAC search; AOI coverage=1.000; dry/same-season preference; AOI bad-quality=0.13%,candidate-aoi-quality-reviewed
landsat,LT05_L2SP_129051_19991226_02_T1,landsat-5,1999-12-26T03:13:16.030013Z,1999-12-26T10:13:16.030013+07:00,0.0000,11.1474,,,,unverified,https://planetarycomputer.microsoft.com/api/stac/v1/collections/landsat-c2-l2/items/LT05_L2SP_129051_19991226_02_T1,USGS Landsat - Public Domain / no restrictions on use,EPSG:32647,30,BLUE;GREEN;RED;NIR;SWIR1;SWIR2;QA_PIXEL,,,,provider=Microsoft Planetary Computer; yearly paginated STAC search; AOI coverage=1.000; dry/same-season preference; AOI bad-quality=11.15%,candidate-aoi-quality-reviewed
landsat,LT05_L2SP_129051_20000111_02_T1,landsat-5,2000-01-11T03:13:09.647006Z,2000-01-11T10:13:09.647006+07:00,1.0000,0.0088,,,,unverified,https://planetarycomputer.microsoft.com/api/stac/v1/collections/landsat-c2-l2/items/LT05_L2SP_129051_20000111_02_T1,USGS Landsat - Public Domain / no restrictions on use,EPSG:32647,30,BLUE;GREEN;RED;NIR;SWIR1;SWIR2;QA_PIXEL,,,,provider=Microsoft Planetary Computer; yearly paginated STAC search; AOI coverage=1.000; dry/same-season preference; AOI bad-quality=0.01%,candidate-aoi-quality-reviewed
landsat,LT05_L2SP_129051_20000212_02_T1,landsat-5,2000-02-12T03:12:11.324069Z,2000-02-12T10:12:11.324069+07:00,4.0000,4.6751,,,,unverified,https://planetarycomputer.microsoft.com/api/stac/v1/collections/landsat-c2-l2/items/LT05_L2SP_129051_20000212_02_T1,USGS Landsat - Public Domain / no restrictions on use,EPSG:32647,30,BLUE;GREEN;RED;NIR;SWIR1;SWIR2;QA_PIXEL,,,,provider=Microsoft Planetary Computer; yearly paginated STAC search; AOI coverage=1.000; dry/same-season preference; AOI bad-quality=4.68%,candidate-aoi-quality-reviewed
landsat,LT05_L2SP_129051_20000228_02_T1,landsat-5,2000-02-28T03:11:34.244044Z,2000-02-28T10:11:34.244044+07:00,0.0000,0.0050,,,,unverified,https://planetarycomputer.microsoft.com/api/stac/v1/collections/landsat-c2-l2/items/LT05_L2SP_129051_20000228_02_T1,USGS Landsat - Public Domain / no restrictions on use,EPSG:32647,30,BLUE;GREEN;RED;NIR;SWIR1;SWIR2;QA_PIXEL,,,,provider=Microsoft Planetary Computer; yearly paginated STAC search; AOI coverage=1.000; dry/same-season preference; AOI bad-quality=0.01%,candidate-aoi-quality-reviewed
landsat,LT05_L2SP_129051_20001110_02_T1,landsat-5,2000-11-10T03:17:02.348088Z,2000-11-10T10:17:02.348088+07:00,5.0000,0.0000,,,,unverified,https://planetarycomputer.microsoft.com/api/stac/v1/collections/landsat-c2-l2/items/LT05_L2SP_129051_20001110_02_T1,USGS Landsat - Public Domain / no restrictions on use,EPSG:32647,30,BLUE;GREEN;RED;NIR;SWIR1;SWIR2;QA_PIXEL,,,,provider=Microsoft Planetary Computer; yearly paginated STAC search; AOI coverage=1.000; dry/same-season preference; AOI bad-quality=0.00%,candidate-aoi-quality-reviewed
landsat,LE07_L2SP_129051_20001204_02_T1,landsat-7,2000-12-04T03:28:29.717767Z,2000-12-04T10:28:29.717767+07:00,6.0000,18.9277,,,,unverified,https://planetarycomputer.microsoft.com/api/stac/v1/collections/landsat-c2-l2/items/LE07_L2SP_129051_20001204_02_T1,USGS Landsat - Public Domain / no restrictions on use,EPSG:32647,30,BLUE;GREEN;RED;NIR;SWIR1;SWIR2;QA_PIXEL,,,,provider=Microsoft Planetary Computer; yearly paginated STAC search; AOI coverage=1.000; dry/same-season preference; AOI bad-quality=18.93%,candidate-aoi-quality-reviewed
landsat,LT05_L2SP_129051_20001212_02_T1,landsat-5,2000-12-12T03:17:30.930075Z,2000-12-12T10:17:30.930075+07:00,6.0000,0.0000,,,,unverified,https://planetarycomputer.microsoft.com/api/stac/v1/collections/landsat-c2-l2/items/LT05_L2SP_129051_20001212_02_T1,USGS Landsat - Public Domain / no restrictions on use,EPSG:32647,30,BLUE;GREEN;RED;NIR;SWIR1;SWIR2;QA_PIXEL,,,,provider=Microsoft Planetary Computer; yearly paginated STAC search; AOI coverage=1.000; dry/same-season preference; AOI bad-quality=0.00%,candidate-aoi-quality-reviewed
landsat,LE07_L2SP_129051_20010206_02_T1,landsat-7,2001-02-06T03:28:34.259284Z,2001-02-06T10:28:34.259284+07:00,7.0000,22.0062,,,,unverified,https://planetarycomputer.microsoft.com/api/stac/v1/collections/landsat-c2-l2/items/LE07_L2SP_129051_20010206_02_T1,USGS Landsat - Public Domain / no restrictions on use,EPSG:32647,30,BLUE;GREEN;RED;NIR;SWIR1;SWIR2;QA_PIXEL,,,,provider=Microsoft Planetary Computer; yearly paginated STAC search; AOI coverage=1.000; dry/same-season preference; AOI bad-quality=22.01%,candidate-aoi-quality-reviewed
landsat,LT05_L2SP_129051_20010302_02_T1,landsat-5,2001-03-02T03:18:18.619050Z,2001-03-02T10:18:18.619050+07:00,8.0000,0.0581,,,,unverified,https://planetarycomputer.microsoft.com/api/stac/v1/collections/landsat-c2-l2/items/LT05_L2SP_129051_20010302_02_T1,USGS Landsat - Public Domain / no restrictions on use,EPSG:32647,30,BLUE;GREEN;RED;NIR;SWIR1;SWIR2;QA_PIXEL,,,,provider=Microsoft Planetary Computer; yearly paginated STAC search; AOI coverage=1.000; dry/same-season preference; AOI bad-quality=0.06%,candidate-aoi-quality-reviewed
landsat,LT05_L2SP_129051_20010403_02_T1,landsat-5,2001-04-03T03:18:12.232013Z,2001-04-03T10:18:12.232013+07:00,5.0000,0.0000,,,,unverified,https://planetarycomputer.microsoft.com/api/stac/v1/collections/landsat-c2-l2/items/LT05_L2SP_129051_20010403_02_T1,USGS Landsat - Public Domain / no restrictions on use,EPSG:32647,30,BLUE;GREEN;RED;NIR;SWIR1;SWIR2;QA_PIXEL,,,,provider=Microsoft Planetary Computer; yearly paginated STAC search; AOI coverage=1.000; dry/same-season preference; AOI bad-quality=0.00%,candidate-aoi-quality-reviewed
landsat,LE07_L2SP_129051_20010411_02_T1,landsat-7,2001-04-11T03:28:16.223499Z,2001-04-11T10:28:16.223499+07:00,14.0000,1.6499,,,,unverified,https://planetarycomputer.microsoft.com/api/stac/v1/collections/landsat-c2-l2/items/LE07_L2SP_129051_20010411_02_T1,USGS Landsat - Public Domain / no restrictions on use,EPSG:32647,30,BLUE;GREEN;RED;NIR;SWIR1;SWIR2;QA_PIXEL,,,,provider=Microsoft Planetary Computer; yearly paginated STAC search; AOI coverage=1.000; dry/same-season preference; AOI bad-quality=1.65%,candidate-aoi-quality-reviewed
landsat,LT05_L2SP_129051_20010419_02_T1,landsat-5,2001-04-19T03:18:09.328075Z,2001-04-19T10:18:09.328075+07:00,26.0000,0.0000,,,,unverified,https://planetarycomputer.microsoft.com/api/stac/v1/collections/landsat-c2-l2/items/LT05_L2SP_129051_20010419_02_T1,USGS Landsat - Public Domain / no restrictions on use,EPSG:32647,30,BLUE;GREEN;RED;NIR;SWIR1;SWIR2;QA_PIXEL,,,,provider=Microsoft Planetary Computer; yearly paginated STAC search; AOI coverage=1.000; dry/same-season preference; AOI bad-quality=0.00%,candidate-aoi-quality-reviewed
landsat,LE07_L2SP_129051_20011207_02_T1,landsat-7,2001-12-07T03:26:42.435715Z,2001-12-07T10:26:42.435715+07:00,7.0000,0.0003,,,,unverified,https://planetarycomputer.microsoft.com/api/stac/v1/collections/landsat-c2-l2/items/LE07_L2SP_129051_20011207_02_T1,USGS Landsat - Public Domain / no restrictions on use,EPSG:32647,30,BLUE;GREEN;RED;NIR;SWIR1;SWIR2;QA_PIXEL,,,,provider=Microsoft Planetary Computer; yearly paginated STAC search; AOI coverage=1.000; dry/same-season preference; AOI bad-quality=0.00%,candidate-aoi-quality-reviewed
landsat,LE07_L2SP_129051_20020108_02_T1,landsat-7,2002-01-08T03:26:54.334409Z,2002-01-08T10:26:54.334409+07:00,0.0000,0.0071,,,,unverified,https://planetarycomputer.microsoft.com/api/stac/v1/collections/landsat-c2-l2/items/LE07_L2SP_129051_20020108_02_T1,USGS Landsat - Public Domain / no restrictions on use,EPSG:32647,30,BLUE;GREEN;RED;NIR;SWIR1;SWIR2;QA_PIXEL,,,,provider=Microsoft Planetary Computer; yearly paginated STAC search; AOI coverage=1.000; dry/same-season preference; AOI bad-quality=0.01%,candidate-aoi-quality-reviewed
landsat,LE07_L2SP_129051_20020124_02_T1,landsat-7,2002-01-24T03:27:02.028724Z,2002-01-24T10:27:02.028724+07:00,4.0000,3.4625,,,,unverified,https://planetarycomputer.microsoft.com/api/stac/v1/collections/landsat-c2-l2/items/LE07_L2SP_129051_20020124_02_T1,USGS Landsat - Public Domain / no restrictions on use,EPSG:32647,30,BLUE;GREEN;RED;NIR;SWIR1;SWIR2;QA_PIXEL,,,,provider=Microsoft Planetary Computer; yearly paginated STAC search; AOI coverage=1.000; dry/same-season preference; AOI bad-quality=3.46%,candidate-aoi-quality-reviewed
landsat,LE07_L2SP_129051_20020329_02_T1,landsat-7,2002-03-29T03:26:58.347913Z,2002-03-29T10:26:58.347913+07:00,13.0000,0.0000,,,,unverified,https://planetarycomputer.microsoft.com/api/stac/v1/collections/landsat-c2-l2/items/LE07_L2SP_129051_20020329_02_T1,USGS Landsat - Public Domain / no restrictions on use,EPSG:32647,30,BLUE;GREEN;RED;NIR;SWIR1;SWIR2;QA_PIXEL,,,,provider=Microsoft Planetary Computer; yearly paginated STAC search; AOI coverage=1.000; dry/same-season preference; AOI bad-quality=0.00%,candidate-aoi-quality-reviewed
landsat,LE07_L2SP_129051_20020414_02_T1,landsat-7,2002-04-14T03:26:58.068974Z,2002-04-14T10:26:58.068974+07:00,6.0000,0.1977,,,,unverified,https://planetarycomputer.microsoft.com/api/stac/v1/collections/landsat-c2-l2/items/LE07_L2SP_129051_20020414_02_T1,USGS Landsat - Public Domain / no restrictions on use,EPSG:32647,30,BLUE;GREEN;RED;NIR;SWIR1;SWIR2;QA_PIXEL,,,,provider=Microsoft Planetary Computer; yearly paginated STAC search; AOI coverage=1.000; dry/same-season preference; AOI bad-quality=0.20%,candidate-aoi-quality-reviewed
landsat,LE07_L2SP_129051_20020430_02_T1,landsat-7,2002-04-30T03:27:00.348248Z,2002-04-30T10:27:00.348248+07:00,17.0000,12.2356,,,,unverified,https://planetarycomputer.microsoft.com/api/stac/v1/collections/landsat-c2-l2/items/LE07_L2SP_129051_20020430_02_T1,USGS Landsat - Public Domain / no restrictions on use,EPSG:32647,30,BLUE;GREEN;RED;NIR;SWIR1;SWIR2;QA_PIXEL,,,,provider=Microsoft Planetary Computer; yearly paginated STAC search; AOI coverage=1.000; dry/same-season preference; AOI bad-quality=12.24%,candidate-aoi-quality-reviewed
landsat,LE07_L2SP_129051_20021226_02_T1,landsat-7,2002-12-26T03:26:30.722264Z,2002-12-26T10:26:30.722264+07:00,8.0000,0.0121,,,,unverified,https://planetarycomputer.microsoft.com/api/stac/v1/collections/landsat-c2-l2/items/LE07_L2SP_129051_20021226_02_T1,USGS Landsat - Public Domain / no restrictions on use,EPSG:32647,30,BLUE;GREEN;RED;NIR;SWIR1;SWIR2;QA_PIXEL,,,,provider=Microsoft Planetary Computer; yearly paginated STAC search; AOI coverage=1.000; dry/same-season preference; AOI bad-quality=0.01%,candidate-aoi-quality-reviewed
landsat,LE07_L2SP_129051_20030127_02_T1,landsat-7,2003-01-27T03:26:39.859772Z,2003-01-27T10:26:39.859772+07:00,4.0000,0.0009,,,,unverified,https://planetarycomputer.microsoft.com/api/stac/v1/collections/landsat-c2-l2/items/LE07_L2SP_129051_20030127_02_T1,USGS Landsat - Public Domain / no restrictions on use,EPSG:32647,30,BLUE;GREEN;RED;NIR;SWIR1;SWIR2;QA_PIXEL,,,,provider=Microsoft Planetary Computer; yearly paginated STAC search; AOI coverage=1.000; dry/same-season preference; AOI bad-quality=0.00%,candidate-aoi-quality-reviewed
landsat,LE07_L2SP_129051_20030417_02_T1,landsat-7,2003-04-17T03:26:55.120524Z,2003-04-17T10:26:55.120524+07:00,5.0000,16.9490,,,,unverified,https://planetarycomputer.microsoft.com/api/stac/v1/collections/landsat-c2-l2/items/LE07_L2SP_129051_20030417_02_T1,USGS Landsat - Public Domain / no restrictions on use,EPSG:32647,30,BLUE;GREEN;RED;NIR;SWIR1;SWIR2;QA_PIXEL,,,,provider=Microsoft Planetary Computer; yearly paginated STAC search; AOI coverage=1.000; dry/same-season preference; AOI bad-quality=16.95%,candidate-aoi-quality-reviewed
landsat,LE07_L2SP_129051_20031127_02_T1,landsat-7,2003-11-27T03:26:50.537456Z,2003-11-27T10:26:50.537456+07:00,7.0000,6.0190,,,,unverified,https://planetarycomputer.microsoft.com/api/stac/v1/collections/landsat-c2-l2/items/LE07_L2SP_129051_20031127_02_T1,USGS Landsat - Public Domain / no restrictions on use,EPSG:32647,30,BLUE;GREEN;RED;NIR;SWIR1;SWIR2;QA_PIXEL,,,,provider=Microsoft Planetary Computer; yearly paginated STAC search; AOI coverage=1.000; dry/same-season preference; AOI bad-quality=6.02%; Landsat-7 SLC-off: gap review required,candidate-slc-off-review
landsat,LT05_L2SP_129051_20031205_02_T1,landsat-5,2003-12-05T03:16:40.943075Z,2003-12-05T10:16:40.943075+07:00,4.0000,6.5575,,,,unverified,https://planetarycomputer.microsoft.com/api/stac/v1/collections/landsat-c2-l2/items/LT05_L2SP_129051_20031205_02_T1,USGS Landsat - Public Domain / no restrictions on use,EPSG:32647,30,BLUE;GREEN;RED;NIR;SWIR1;SWIR2;QA_PIXEL,,,,provider=Microsoft Planetary Computer; yearly paginated STAC search; AOI coverage=1.000; dry/same-season preference; AOI bad-quality=6.56%,candidate-aoi-quality-reviewed
landsat,LE07_L2SP_129051_20031213_02_T1,landsat-7,2003-12-13T03:26:55.795512Z,2003-12-13T10:26:55.795512+07:00,9.0000,2.0367,,,,unverified,https://planetarycomputer.microsoft.com/api/stac/v1/collections/landsat-c2-l2/items/LE07_L2SP_129051_20031213_02_T1,USGS Landsat - Public Domain / no restrictions on use,EPSG:32647,30,BLUE;GREEN;RED;NIR;SWIR1;SWIR2;QA_PIXEL,,,,provider=Microsoft Planetary Computer; yearly paginated STAC search; AOI coverage=1.000; dry/same-season preference; AOI bad-quality=2.04%; Landsat-7 SLC-off: gap review required,candidate-slc-off-review
landsat,LE07_L2SP_129051_20031229_02_T1,landsat-7,2003-12-29T03:27:03.934426Z,2003-12-29T10:27:03.934426+07:00,0.0000,0.0109,,,,unverified,https://planetarycomputer.microsoft.com/api/stac/v1/collections/landsat-c2-l2/items/LE07_L2SP_129051_20031229_02_T1,USGS Landsat - Public Domain / no restrictions on use,EPSG:32647,30,BLUE;GREEN;RED;NIR;SWIR1;SWIR2;QA_PIXEL,,,,provider=Microsoft Planetary Computer; yearly paginated STAC search; AOI coverage=1.000; dry/same-season preference; AOI bad-quality=0.01%; Landsat-7 SLC-off: gap review required,candidate-slc-off-review
landsat,LE07_L2SP_129051_20040215_02_T1,landsat-7,2004-02-15T03:27:16.948418Z,2004-02-15T10:27:16.948418+07:00,1.0000,0.0069,,,,unverified,https://planetarycomputer.microsoft.com/api/stac/v1/collections/landsat-c2-l2/items/LE07_L2SP_129051_20040215_02_T1,USGS Landsat - Public Domain / no restrictions on use,EPSG:32647,30,BLUE;GREEN;RED;NIR;SWIR1;SWIR2;QA_PIXEL,,,,provider=Microsoft Planetary Computer; yearly paginated STAC search; AOI coverage=1.000; dry/same-season preference; AOI bad-quality=0.01%; Landsat-7 SLC-off: gap review required,candidate-slc-off-review
landsat,LE07_L2SP_129051_20040302_02_T1,landsat-7,2004-03-02T03:27:19.377555Z,2004-03-02T10:27:19.377555+07:00,2.0000,0.0727,,,,unverified,https://planetarycomputer.microsoft.com/api/stac/v1/collections/landsat-c2-l2/items/LE07_L2SP_129051_20040302_02_T1,USGS Landsat - Public Domain / no restrictions on use,EPSG:32647,30,BLUE;GREEN;RED;NIR;SWIR1;SWIR2;QA_PIXEL,,,,provider=Microsoft Planetary Computer; yearly paginated STAC search; AOI coverage=1.000; dry/same-season preference; AOI bad-quality=0.07%; Landsat-7 SLC-off: gap review required,candidate-slc-off-review
landsat,LT05_L2SP_129051_20040326_02_T1,landsat-5,2004-03-26T03:17:15.927088Z,2004-03-26T10:17:15.927088+07:00,1.0000,0.0000,,,,unverified,https://planetarycomputer.microsoft.com/api/stac/v1/collections/landsat-c2-l2/items/LT05_L2SP_129051_20040326_02_T1,USGS Landsat - Public Domain / no restrictions on use,EPSG:32647,30,BLUE;GREEN;RED;NIR;SWIR1;SWIR2;QA_PIXEL,,,,provider=Microsoft Planetary Computer; yearly paginated STAC search; AOI coverage=1.000; dry/same-season preference; AOI bad-quality=0.00%,candidate-aoi-quality-reviewed
landsat,LT05_L2SP_129051_20041105_02_T1,landsat-5,2004-11-05T03:23:05.289081Z,2004-11-05T10:23:05.289081+07:00,0.0000,0.0053,,,,unverified,https://planetarycomputer.microsoft.com/api/stac/v1/collections/landsat-c2-l2/items/LT05_L2SP_129051_20041105_02_T1,USGS Landsat - Public Domain / no restrictions on use,EPSG:32647,30,BLUE;GREEN;RED;NIR;SWIR1;SWIR2;QA_PIXEL,,,,provider=Microsoft Planetary Computer; yearly paginated STAC search; AOI coverage=1.000; dry/same-season preference; AOI bad-quality=0.01%,candidate-aoi-quality-reviewed
landsat,LT05_L2SP_129051_20041121_02_T1,landsat-5,2004-11-21T03:23:19.269044Z,2004-11-21T10:23:19.269044+07:00,1.0000,0.0041,,,,unverified,https://planetarycomputer.microsoft.com/api/stac/v1/collections/landsat-c2-l2/items/LT05_L2SP_129051_20041121_02_T1,USGS Landsat - Public Domain / no restrictions on use,EPSG:32647,30,BLUE;GREEN;RED;NIR;SWIR1;SWIR2;QA_PIXEL,,,,provider=Microsoft Planetary Computer; yearly paginated STAC search; AOI coverage=1.000; dry/same-season preference; AOI bad-quality=0.00%,candidate-aoi-quality-reviewed
landsat,LE07_L2SP_129051_20041215_02_T1,landsat-7,2004-12-15T03:27:21.673626Z,2004-12-15T10:27:21.673626+07:00,0.0000,3.3942,,,,unverified,https://planetarycomputer.microsoft.com/api/stac/v1/collections/landsat-c2-l2/items/LE07_L2SP_129051_20041215_02_T1,USGS Landsat - Public Domain / no restrictions on use,EPSG:32647,30,BLUE;GREEN;RED;NIR;SWIR1;SWIR2;QA_PIXEL,,,,provider=Microsoft Planetary Computer; yearly paginated STAC search; AOI coverage=1.000; dry/same-season preference; AOI bad-quality=3.39%; Landsat-7 SLC-off: gap review required,candidate-slc-off-review
landsat,LT05_L2SP_129051_20050108_02_T1,landsat-5,2005-01-08T03:24:10.889088Z,2005-01-08T10:24:10.889088+07:00,5.0000,8.1107,,,,unverified,https://planetarycomputer.microsoft.com/api/stac/v1/collections/landsat-c2-l2/items/LT05_L2SP_129051_20050108_02_T1,USGS Landsat - Public Domain / no restrictions on use,EPSG:32647,30,BLUE;GREEN;RED;NIR;SWIR1;SWIR2;QA_PIXEL,,,,provider=Microsoft Planetary Computer; yearly paginated STAC search; AOI coverage=1.000; dry/same-season preference; AOI bad-quality=8.11%,candidate-aoi-quality-reviewed
landsat,LT05_L2SP_129051_20050124_02_T1,landsat-5,2005-01-24T03:24:23.920075Z,2005-01-24T10:24:23.920075+07:00,9.0000,0.2066,,,,unverified,https://planetarycomputer.microsoft.com/api/stac/v1/collections/landsat-c2-l2/items/LT05_L2SP_129051_20050124_02_T1,USGS Landsat - Public Domain / no restrictions on use,EPSG:32647,30,BLUE;GREEN;RED;NIR;SWIR1;SWIR2;QA_PIXEL,,,,provider=Microsoft Planetary Computer; yearly paginated STAC search; AOI coverage=1.000; dry/same-season preference; AOI bad-quality=0.21%,candidate-aoi-quality-reviewed
landsat,LE07_L2SP_129051_20050217_02_T1,landsat-7,2005-02-17T03:27:47.215310Z,2005-02-17T10:27:47.215310+07:00,4.0000,0.0016,,,,unverified,https://planetarycomputer.microsoft.com/api/stac/v1/collections/landsat-c2-l2/items/LE07_L2SP_129051_20050217_02_T1,USGS Landsat - Public Domain / no restrictions on use,EPSG:32647,30,BLUE;GREEN;RED;NIR;SWIR1;SWIR2;QA_PIXEL,,,,provider=Microsoft Planetary Computer; yearly paginated STAC search; AOI coverage=1.000; dry/same-season preference; AOI bad-quality=0.00%; Landsat-7 SLC-off: gap review required,candidate-slc-off-review
landsat,LT05_L2SP_129051_20050313_02_T1,landsat-5,2005-03-13T03:25:06.278044Z,2005-03-13T10:25:06.278044+07:00,1.0000,0.0849,,,,unverified,https://planetarycomputer.microsoft.com/api/stac/v1/collections/landsat-c2-l2/items/LT05_L2SP_129051_20050313_02_T1,USGS Landsat - Public Domain / no restrictions on use,EPSG:32647,30,BLUE;GREEN;RED;NIR;SWIR1;SWIR2;QA_PIXEL,,,,provider=Microsoft Planetary Computer; yearly paginated STAC search; AOI coverage=1.000; dry/same-season preference; AOI bad-quality=0.08%,candidate-aoi-quality-reviewed
landsat,LE07_L2SP_129051_20050406_02_T1,landsat-7,2005-04-06T03:27:47.886141Z,2005-04-06T10:27:47.886141+07:00,4.0000,32.2346,,,,unverified,https://planetarycomputer.microsoft.com/api/stac/v1/collections/landsat-c2-l2/items/LE07_L2SP_129051_20050406_02_T1,USGS Landsat - Public Domain / no restrictions on use,EPSG:32647,30,BLUE;GREEN;RED;NIR;SWIR1;SWIR2;QA_PIXEL,,,,provider=Microsoft Planetary Computer; yearly paginated STAC search; AOI coverage=1.000; dry/same-season preference; AOI bad-quality=32.23%; Landsat-7 SLC-off: gap review required,candidate-slc-off-review
landsat,LE07_L2SP_129051_20050422_02_T1,landsat-7,2005-04-22T03:27:42.200124Z,2005-04-22T10:27:42.200124+07:00,4.0000,0.6707,,,,unverified,https://planetarycomputer.microsoft.com/api/stac/v1/collections/landsat-c2-l2/items/LE07_L2SP_129051_20050422_02_T1,USGS Landsat - Public Domain / no restrictions on use,EPSG:32647,30,BLUE;GREEN;RED;NIR;SWIR1;SWIR2;QA_PIXEL,,,,provider=Microsoft Planetary Computer; yearly paginated STAC search; AOI coverage=1.000; dry/same-season preference; AOI bad-quality=0.67%; Landsat-7 SLC-off: gap review required,candidate-slc-off-review
landsat,LT05_L2SP_129051_20060127_02_T1,landsat-5,2006-01-27T03:28:15.239013Z,2006-01-27T10:28:15.239013+07:00,1.0000,0.1185,,,,unverified,https://planetarycomputer.microsoft.com/api/stac/v1/collections/landsat-c2-l2/items/LT05_L2SP_129051_20060127_02_T1,USGS Landsat - Public Domain / no restrictions on use,EPSG:32647,30,BLUE;GREEN;RED;NIR;SWIR1;SWIR2;QA_PIXEL,,,,provider=Microsoft Planetary Computer; yearly paginated STAC search; AOI coverage=1.000; dry/same-season preference; AOI bad-quality=0.12%,candidate-aoi-quality-reviewed
landsat,LT05_L2SP_130051_20060203_02_T1,landsat-5,2006-02-03T03:34:36.202019Z,2006-02-03T10:34:36.202019+07:00,1.0000,0.0000,,,,unverified,https://planetarycomputer.microsoft.com/api/stac/v1/collections/landsat-c2-l2/items/LT05_L2SP_130051_20060203_02_T1,USGS Landsat - Public Domain / no restrictions on use,EPSG:32647,30,BLUE;GREEN;RED;NIR;SWIR1;SWIR2;QA_PIXEL,,,,provider=Microsoft Planetary Computer; yearly paginated STAC search; AOI coverage=0.021; dry/same-season preference; AOI bad-quality=0.00%,candidate-aoi-quality-reviewed
landsat,LT05_L2SP_129051_20061127_02_T1,landsat-5,2006-11-27T03:32:41.967013Z,2006-11-27T10:32:41.967013+07:00,2.0000,0.0021,,,,unverified,https://planetarycomputer.microsoft.com/api/stac/v1/collections/landsat-c2-l2/items/LT05_L2SP_129051_20061127_02_T1,USGS Landsat - Public Domain / no restrictions on use,EPSG:32647,30,BLUE;GREEN;RED;NIR;SWIR1;SWIR2;QA_PIXEL,,,,provider=Microsoft Planetary Computer; yearly paginated STAC search; AOI coverage=1.000; dry/same-season preference; AOI bad-quality=0.00%,candidate-aoi-quality-reviewed
landsat,LE07_L2SP_129051_20061205_02_T1,landsat-7,2006-12-05T03:28:16.968636Z,2006-12-05T10:28:16.968636+07:00,2.0000,0.3394,,,,unverified,https://planetarycomputer.microsoft.com/api/stac/v1/collections/landsat-c2-l2/items/LE07_L2SP_129051_20061205_02_T1,USGS Landsat - Public Domain / no restrictions on use,EPSG:32647,30,BLUE;GREEN;RED;NIR;SWIR1;SWIR2;QA_PIXEL,,,,provider=Microsoft Planetary Computer; yearly paginated STAC search; AOI coverage=1.000; dry/same-season preference; AOI bad-quality=0.34%; Landsat-7 SLC-off: gap review required,candidate-slc-off-review
landsat,LE07_L2SP_129051_20061221_02_T1,landsat-7,2006-12-21T03:28:21.632273Z,2006-12-21T10:28:21.632273+07:00,4.0000,14.9519,,,,unverified,https://planetarycomputer.microsoft.com/api/stac/v1/collections/landsat-c2-l2/items/LE07_L2SP_129051_20061221_02_T1,USGS Landsat - Public Domain / no restrictions on use,EPSG:32647,30,BLUE;GREEN;RED;NIR;SWIR1;SWIR2;QA_PIXEL,,,,provider=Microsoft Planetary Computer; yearly paginated STAC search; AOI coverage=1.000; dry/same-season preference; AOI bad-quality=14.95%; Landsat-7 SLC-off: gap review required,candidate-slc-off-review
landsat,LT05_L2SP_129051_20061229_02_T1,landsat-5,2006-12-29T03:32:56.012094Z,2006-12-29T10:32:56.012094+07:00,0.0000,0.0466,,,,unverified,https://planetarycomputer.microsoft.com/api/stac/v1/collections/landsat-c2-l2/items/LT05_L2SP_129051_20061229_02_T1,USGS Landsat - Public Domain / no restrictions on use,EPSG:32647,30,BLUE;GREEN;RED;NIR;SWIR1;SWIR2;QA_PIXEL,,,,provider=Microsoft Planetary Computer; yearly paginated STAC search; AOI coverage=1.000; dry/same-season preference; AOI bad-quality=0.05%,candidate-aoi-quality-reviewed
landsat,LT05_L2SP_129051_20070114_02_T1,landsat-5,2007-01-14T03:33:02.504094Z,2007-01-14T10:33:02.504094+07:00,23.0000,0.0012,,,,unverified,https://planetarycomputer.microsoft.com/api/stac/v1/collections/landsat-c2-l2/items/LT05_L2SP_129051_20070114_02_T1,USGS Landsat - Public Domain / no restrictions on use,EPSG:32647,30,BLUE;GREEN;RED;NIR;SWIR1;SWIR2;QA_PIXEL,,,,provider=Microsoft Planetary Computer; yearly paginated STAC search; AOI coverage=1.000; dry/same-season preference; AOI bad-quality=0.00%,candidate-aoi-quality-reviewed
landsat,LT05_L2SP_129051_20070130_02_T1,landsat-5,2007-01-30T03:33:07.378056Z,2007-01-30T10:33:07.378056+07:00,0.0000,0.7927,,,,unverified,https://planetarycomputer.microsoft.com/api/stac/v1/collections/landsat-c2-l2/items/LT05_L2SP_129051_20070130_02_T1,USGS Landsat - Public Domain / no restrictions on use,EPSG:32647,30,BLUE;GREEN;RED;NIR;SWIR1;SWIR2;QA_PIXEL,,,,provider=Microsoft Planetary Computer; yearly paginated STAC search; AOI coverage=1.000; dry/same-season preference; AOI bad-quality=0.79%,candidate-aoi-quality-reviewed
landsat,LT05_L2SP_129051_20070215_02_T1,landsat-5,2007-02-15T03:33:09.305025Z,2007-02-15T10:33:09.305025+07:00,6.0000,0.3542,,,,unverified,https://planetarycomputer.microsoft.com/api/stac/v1/collections/landsat-c2-l2/items/LT05_L2SP_129051_20070215_02_T1,USGS Landsat - Public Domain / no restrictions on use,EPSG:32647,30,BLUE;GREEN;RED;NIR;SWIR1;SWIR2;QA_PIXEL,,,,provider=Microsoft Planetary Computer; yearly paginated STAC search; AOI coverage=1.000; dry/same-season preference; AOI bad-quality=0.35%,candidate-aoi-quality-reviewed
landsat,LT05_L2SP_129051_20070303_02_T1,landsat-5,2007-03-03T03:33:08.615094Z,2007-03-03T10:33:08.615094+07:00,25.0000,55.1206,,,,unverified,https://planetarycomputer.microsoft.com/api/stac/v1/collections/landsat-c2-l2/items/LT05_L2SP_129051_20070303_02_T1,USGS Landsat - Public Domain / no restrictions on use,EPSG:32647,30,BLUE;GREEN;RED;NIR;SWIR1;SWIR2;QA_PIXEL,,,,provider=Microsoft Planetary Computer; yearly paginated STAC search; AOI coverage=1.000; dry/same-season preference; AOI bad-quality=55.12%,candidate-aoi-quality-reviewed
landsat,LT05_L2SP_129051_20070420_02_T1,landsat-5,2007-04-20T03:32:55.216081Z,2007-04-20T10:32:55.216081+07:00,20.0000,0.0006,,,,unverified,https://planetarycomputer.microsoft.com/api/stac/v1/collections/landsat-c2-l2/items/LT05_L2SP_129051_20070420_02_T1,USGS Landsat - Public Domain / no restrictions on use,EPSG:32647,30,BLUE;GREEN;RED;NIR;SWIR1;SWIR2;QA_PIXEL,,,,provider=Microsoft Planetary Computer; yearly paginated STAC search; AOI coverage=1.000; dry/same-season preference; AOI bad-quality=0.00%,candidate-aoi-quality-reviewed
landsat,LE07_L2SP_129051_20071224_02_T1,landsat-7,2007-12-24T03:28:30.093668Z,2007-12-24T10:28:30.093668+07:00,2.0000,3.0874,,,,unverified,https://planetarycomputer.microsoft.com/api/stac/v1/collections/landsat-c2-l2/items/LE07_L2SP_129051_20071224_02_T1,USGS Landsat - Public Domain / no restrictions on use,EPSG:32647,30,BLUE;GREEN;RED;NIR;SWIR1;SWIR2;QA_PIXEL,,,,provider=Microsoft Planetary Computer; yearly paginated STAC search; AOI coverage=1.000; dry/same-season preference; AOI bad-quality=3.09%; Landsat-7 SLC-off: gap review required,candidate-slc-off-review
landsat,LE07_L2SP_129051_20080109_02_T1,landsat-7,2008-01-09T03:28:31.440998Z,2008-01-09T10:28:31.440998+07:00,0.0000,0.0264,,,,unverified,https://planetarycomputer.microsoft.com/api/stac/v1/collections/landsat-c2-l2/items/LE07_L2SP_129051_20080109_02_T1,USGS Landsat - Public Domain / no restrictions on use,EPSG:32647,30,BLUE;GREEN;RED;NIR;SWIR1;SWIR2;QA_PIXEL,,,,provider=Microsoft Planetary Computer; yearly paginated STAC search; AOI coverage=1.000; dry/same-season preference; AOI bad-quality=0.03%; Landsat-7 SLC-off: gap review required,candidate-slc-off-review
landsat,LT05_L2SP_130051_20080209_02_T1,landsat-5,2008-02-09T03:35:03.181088Z,2008-02-09T10:35:03.181088+07:00,18.0000,0.0000,,,,unverified,https://planetarycomputer.microsoft.com/api/stac/v1/collections/landsat-c2-l2/items/LT05_L2SP_130051_20080209_02_T1,USGS Landsat - Public Domain / no restrictions on use,EPSG:32647,30,BLUE;GREEN;RED;NIR;SWIR1;SWIR2;QA_PIXEL,,,,provider=Microsoft Planetary Computer; yearly paginated STAC search; AOI coverage=0.001; dry/same-season preference; AOI bad-quality=0.00%,candidate-aoi-quality-reviewed
landsat,LT05_L2SP_129051_20080305_02_T1,landsat-5,2008-03-05T03:28:24.041025Z,2008-03-05T10:28:24.041025+07:00,2.0000,2.0236,,,,unverified,https://planetarycomputer.microsoft.com/api/stac/v1/collections/landsat-c2-l2/items/LT05_L2SP_129051_20080305_02_T1,USGS Landsat - Public Domain / no restrictions on use,EPSG:32647,30,BLUE;GREEN;RED;NIR;SWIR1;SWIR2;QA_PIXEL,,,,provider=Microsoft Planetary Computer; yearly paginated STAC search; AOI coverage=1.000; dry/same-season preference; AOI bad-quality=2.02%,candidate-aoi-quality-reviewed
landsat,LT05_L2SP_129051_20080422_02_T1,landsat-5,2008-04-22T03:27:18.467050Z,2008-04-22T10:27:18.467050+07:00,16.0000,3.1171,,,,unverified,https://planetarycomputer.microsoft.com/api/stac/v1/collections/landsat-c2-l2/items/LT05_L2SP_129051_20080422_02_T1,USGS Landsat - Public Domain / no restrictions on use,EPSG:32647,30,BLUE;GREEN;RED;NIR;SWIR1;SWIR2;QA_PIXEL,,,,provider=Microsoft Planetary Computer; yearly paginated STAC search; AOI coverage=1.000; dry/same-season preference; AOI bad-quality=3.12%,candidate-aoi-quality-reviewed
landsat,LT05_L2SP_129051_20081202_02_T1,landsat-5,2008-12-02T03:21:59.621056Z,2008-12-02T10:21:59.621056+07:00,0.0000,0.0174,,,,unverified,https://planetarycomputer.microsoft.com/api/stac/v1/collections/landsat-c2-l2/items/LT05_L2SP_129051_20081202_02_T1,USGS Landsat - Public Domain / no restrictions on use,EPSG:32647,30,BLUE;GREEN;RED;NIR;SWIR1;SWIR2;QA_PIXEL,,,,provider=Microsoft Planetary Computer; yearly paginated STAC search; AOI coverage=1.000; dry/same-season preference; AOI bad-quality=0.02%,candidate-aoi-quality-reviewed
landsat,LT05_L2SP_129051_20081218_02_T1,landsat-5,2008-12-18T03:22:28.833088Z,2008-12-18T10:22:28.833088+07:00,2.0000,0.0006,,,,unverified,https://planetarycomputer.microsoft.com/api/stac/v1/collections/landsat-c2-l2/items/LT05_L2SP_129051_20081218_02_T1,USGS Landsat - Public Domain / no restrictions on use,EPSG:32647,30,BLUE;GREEN;RED;NIR;SWIR1;SWIR2;QA_PIXEL,,,,provider=Microsoft Planetary Computer; yearly paginated STAC search; AOI coverage=1.000; dry/same-season preference; AOI bad-quality=0.00%,candidate-aoi-quality-reviewed
landsat,LT05_L2SP_130051_20090110_02_T1,landsat-5,2009-01-10T03:29:16.650069Z,2009-01-10T10:29:16.650069+07:00,2.0000,0.0000,,,,unverified,https://planetarycomputer.microsoft.com/api/stac/v1/collections/landsat-c2-l2/items/LT05_L2SP_130051_20090110_02_T1,USGS Landsat - Public Domain / no restrictions on use,EPSG:32647,30,BLUE;GREEN;RED;NIR;SWIR1;SWIR2;QA_PIXEL,,,,provider=Microsoft Planetary Computer; yearly paginated STAC search; AOI coverage=0.006; dry/same-season preference; AOI bad-quality=0.00%,candidate-aoi-quality-reviewed
landsat,LT05_L2SP_129051_20090119_02_T1,landsat-5,2009-01-19T03:23:20.318025Z,2009-01-19T10:23:20.318025+07:00,8.0000,0.2620,,,,unverified,https://planetarycomputer.microsoft.com/api/stac/v1/collections/landsat-c2-l2/items/LT05_L2SP_129051_20090119_02_T1,USGS Landsat - Public Domain / no restrictions on use,EPSG:32647,30,BLUE;GREEN;RED;NIR;SWIR1;SWIR2;QA_PIXEL,,,,provider=Microsoft Planetary Computer; yearly paginated STAC search; AOI coverage=1.000; dry/same-season preference; AOI bad-quality=0.26%,candidate-aoi-quality-reviewed
landsat,LT05_L2SP_130051_20090126_02_T1,landsat-5,2009-01-26T03:29:42.574056Z,2009-01-26T10:29:42.574056+07:00,2.0000,0.0000,,,,unverified,https://planetarycomputer.microsoft.com/api/stac/v1/collections/landsat-c2-l2/items/LT05_L2SP_130051_20090126_02_T1,USGS Landsat - Public Domain / no restrictions on use,EPSG:32647,30,BLUE;GREEN;RED;NIR;SWIR1;SWIR2;QA_PIXEL,,,,provider=Microsoft Planetary Computer; yearly paginated STAC search; AOI coverage=0.002; dry/same-season preference; AOI bad-quality=0.00%,candidate-aoi-quality-reviewed
landsat,LT05_L2SP_129051_20090324_02_T1,landsat-5,2009-03-24T03:24:54.236044Z,2009-03-24T10:24:54.236044+07:00,9.0000,12.0211,,,,unverified,https://planetarycomputer.microsoft.com/api/stac/v1/collections/landsat-c2-l2/items/LT05_L2SP_129051_20090324_02_T1,USGS Landsat - Public Domain / no restrictions on use,EPSG:32647,30,BLUE;GREEN;RED;NIR;SWIR1;SWIR2;QA_PIXEL,,,,provider=Microsoft Planetary Computer; yearly paginated STAC search; AOI coverage=1.000; dry/same-season preference; AOI bad-quality=12.02%,candidate-aoi-quality-reviewed
landsat,LE07_L2SP_129051_20090401_02_T1,landsat-7,2009-04-01T03:28:26.268151Z,2009-04-01T10:28:26.268151+07:00,8.0000,0.3636,,,,unverified,https://planetarycomputer.microsoft.com/api/stac/v1/collections/landsat-c2-l2/items/LE07_L2SP_129051_20090401_02_T1,USGS Landsat - Public Domain / no restrictions on use,EPSG:32647,30,BLUE;GREEN;RED;NIR;SWIR1;SWIR2;QA_PIXEL,,,,provider=Microsoft Planetary Computer; yearly paginated STAC search; AOI coverage=1.000; dry/same-season preference; AOI bad-quality=0.36%; Landsat-7 SLC-off: gap review required,candidate-slc-off-review
landsat,LE07_L2SP_129051_20090417_02_T1,landsat-7,2009-04-17T03:28:31.226578Z,2009-04-17T10:28:31.226578+07:00,3.0000,0.0464,,,,unverified,https://planetarycomputer.microsoft.com/api/stac/v1/collections/landsat-c2-l2/items/LE07_L2SP_129051_20090417_02_T1,USGS Landsat - Public Domain / no restrictions on use,EPSG:32647,30,BLUE;GREEN;RED;NIR;SWIR1;SWIR2;QA_PIXEL,,,,provider=Microsoft Planetary Computer; yearly paginated STAC search; AOI coverage=1.000; dry/same-season preference; AOI bad-quality=0.05%; Landsat-7 SLC-off: gap review required,candidate-slc-off-review
landsat,LE07_L2SP_129051_20100114_02_T1,landsat-7,2010-01-14T03:29:40.005375Z,2010-01-14T10:29:40.005375+07:00,9.0000,0.0581,,,,unverified,https://planetarycomputer.microsoft.com/api/stac/v1/collections/landsat-c2-l2/items/LE07_L2SP_129051_20100114_02_T1,USGS Landsat - Public Domain / no restrictions on use,EPSG:32647,30,BLUE;GREEN;RED;NIR;SWIR1;SWIR2;QA_PIXEL,,,,provider=Microsoft Planetary Computer; yearly paginated STAC search; AOI coverage=1.000; dry/same-season preference; AOI bad-quality=0.06%; Landsat-7 SLC-off: gap review required,candidate-slc-off-review
landsat,LE07_L2SP_129051_20100215_02_T1,landsat-7,2010-02-15T03:30:04.789891Z,2010-02-15T10:30:04.789891+07:00,7.0000,0.0772,,,,unverified,https://planetarycomputer.microsoft.com/api/stac/v1/collections/landsat-c2-l2/items/LE07_L2SP_129051_20100215_02_T1,USGS Landsat - Public Domain / no restrictions on use,EPSG:32647,30,BLUE;GREEN;RED;NIR;SWIR1;SWIR2;QA_PIXEL,,,,provider=Microsoft Planetary Computer; yearly paginated STAC search; AOI coverage=1.000; dry/same-season preference; AOI bad-quality=0.08%; Landsat-7 SLC-off: gap review required,candidate-slc-off-review
landsat,LE07_L2SP_129051_20100303_02_T1,landsat-7,2010-03-03T03:30:13.294984Z,2010-03-03T10:30:13.294984+07:00,9.0000,0.5336,,,,unverified,https://planetarycomputer.microsoft.com/api/stac/v1/collections/landsat-c2-l2/items/LE07_L2SP_129051_20100303_02_T1,USGS Landsat - Public Domain / no restrictions on use,EPSG:32647,30,BLUE;GREEN;RED;NIR;SWIR1;SWIR2;QA_PIXEL,,,,provider=Microsoft Planetary Computer; yearly paginated STAC search; AOI coverage=1.000; dry/same-season preference; AOI bad-quality=0.53%; Landsat-7 SLC-off: gap review required,candidate-slc-off-review
landsat,LE07_L2SP_129051_20100420_02_T1,landsat-7,2010-04-20T03:30:22.649813Z,2010-04-20T10:30:22.649813+07:00,5.0000,0.0004,,,,unverified,https://planetarycomputer.microsoft.com/api/stac/v1/collections/landsat-c2-l2/items/LE07_L2SP_129051_20100420_02_T1,USGS Landsat - Public Domain / no restrictions on use,EPSG:32647,30,BLUE;GREEN;RED;NIR;SWIR1;SWIR2;QA_PIXEL,,,,provider=Microsoft Planetary Computer; yearly paginated STAC search; AOI coverage=1.000; dry/same-season preference; AOI bad-quality=0.00%; Landsat-7 SLC-off: gap review required,candidate-slc-off-review
landsat,LE07_L2SP_129051_20101114_02_T1,landsat-7,2010-11-14T03:30:52.765783Z,2010-11-14T10:30:52.765783+07:00,1.0000,1.0656,,,,unverified,https://planetarycomputer.microsoft.com/api/stac/v1/collections/landsat-c2-l2/items/LE07_L2SP_129051_20101114_02_T1,USGS Landsat - Public Domain / no restrictions on use,EPSG:32647,30,BLUE;GREEN;RED;NIR;SWIR1;SWIR2;QA_PIXEL,,,,provider=Microsoft Planetary Computer; yearly paginated STAC search; AOI coverage=1.000; dry/same-season preference; AOI bad-quality=1.07%; Landsat-7 SLC-off: gap review required,candidate-slc-off-review
landsat,LT05_L2SP_129051_20101224_02_T1,landsat-5,2010-12-24T03:28:03.315069Z,2010-12-24T10:28:03.315069+07:00,10.0000,3.1584,,,,unverified,https://planetarycomputer.microsoft.com/api/stac/v1/collections/landsat-c2-l2/items/LT05_L2SP_129051_20101224_02_T1,USGS Landsat - Public Domain / no restrictions on use,EPSG:32647,30,BLUE;GREEN;RED;NIR;SWIR1;SWIR2;QA_PIXEL,,,,provider=Microsoft Planetary Computer; yearly paginated STAC search; AOI coverage=1.000; dry/same-season preference; AOI bad-quality=3.16%,candidate-aoi-quality-reviewed
landsat,LE07_L2SP_129051_20110101_02_T1,landsat-7,2011-01-01T03:31:20.490948Z,2011-01-01T10:31:20.490948+07:00,0.0000,0.0303,,,,unverified,https://planetarycomputer.microsoft.com/api/stac/v1/collections/landsat-c2-l2/items/LE07_L2SP_129051_20110101_02_T1,USGS Landsat - Public Domain / no restrictions on use,EPSG:32647,30,BLUE;GREEN;RED;NIR;SWIR1;SWIR2;QA_PIXEL,,,,provider=Microsoft Planetary Computer; yearly paginated STAC search; AOI coverage=1.000; dry/same-season preference; AOI bad-quality=0.03%; Landsat-7 SLC-off: gap review required,candidate-slc-off-review
landsat,LT05_L2SP_129051_20110125_02_T1,landsat-5,2011-01-25T03:28:05.754094Z,2011-01-25T10:28:05.754094+07:00,6.0000,0.0074,,,,unverified,https://planetarycomputer.microsoft.com/api/stac/v1/collections/landsat-c2-l2/items/LT05_L2SP_129051_20110125_02_T1,USGS Landsat - Public Domain / no restrictions on use,EPSG:32647,30,BLUE;GREEN;RED;NIR;SWIR1;SWIR2;QA_PIXEL,,,,provider=Microsoft Planetary Computer; yearly paginated STAC search; AOI coverage=1.000; dry/same-season preference; AOI bad-quality=0.01%,candidate-aoi-quality-reviewed
landsat,LT05_L2SP_129051_20110210_02_T1,landsat-5,2011-02-10T03:28:08.091044Z,2011-02-10T10:28:08.091044+07:00,7.0000,5.3917,,,,unverified,https://planetarycomputer.microsoft.com/api/stac/v1/collections/landsat-c2-l2/items/LT05_L2SP_129051_20110210_02_T1,USGS Landsat - Public Domain / no restrictions on use,EPSG:32647,30,BLUE;GREEN;RED;NIR;SWIR1;SWIR2;QA_PIXEL,,,,provider=Microsoft Planetary Computer; yearly paginated STAC search; AOI coverage=1.000; dry/same-season preference; AOI bad-quality=5.39%,candidate-aoi-quality-reviewed
landsat,LE07_L2SP_129051_20110218_02_T1,landsat-7,2011-02-18T03:31:37.451857Z,2011-02-18T10:31:37.451857+07:00,6.0000,0.0053,,,,unverified,https://planetarycomputer.microsoft.com/api/stac/v1/collections/landsat-c2-l2/items/LE07_L2SP_129051_20110218_02_T1,USGS Landsat - Public Domain / no restrictions on use,EPSG:32647,30,BLUE;GREEN;RED;NIR;SWIR1;SWIR2;QA_PIXEL,,,,provider=Microsoft Planetary Computer; yearly paginated STAC search; AOI coverage=1.000; dry/same-season preference; AOI bad-quality=0.01%; Landsat-7 SLC-off: gap review required,candidate-slc-off-review
landsat,LE07_L2SP_129051_20111101_02_T1,landsat-7,2011-11-01T03:31:31.507142Z,2011-11-01T10:31:31.507142+07:00,12.0000,31.0053,,,,unverified,https://planetarycomputer.microsoft.com/api/stac/v1/collections/landsat-c2-l2/items/LE07_L2SP_129051_20111101_02_T1,USGS Landsat - Public Domain / no restrictions on use,EPSG:32647,30,BLUE;GREEN;RED;NIR;SWIR1;SWIR2;QA_PIXEL,,,,provider=Microsoft Planetary Computer; yearly paginated STAC search; AOI coverage=1.000; dry/same-season preference; AOI bad-quality=31.01%; Landsat-7 SLC-off: gap review required,candidate-slc-off-review
landsat,LE07_L2SP_129051_20111117_02_T1,landsat-7,2011-11-17T03:31:45.562140Z,2011-11-17T10:31:45.562140+07:00,1.0000,1.1604,,,,unverified,https://planetarycomputer.microsoft.com/api/stac/v1/collections/landsat-c2-l2/items/LE07_L2SP_129051_20111117_02_T1,USGS Landsat - Public Domain / no restrictions on use,EPSG:32647,30,BLUE;GREEN;RED;NIR;SWIR1;SWIR2;QA_PIXEL,,,,provider=Microsoft Planetary Computer; yearly paginated STAC search; AOI coverage=1.000; dry/same-season preference; AOI bad-quality=1.16%; Landsat-7 SLC-off: gap review required,candidate-slc-off-review
landsat,LE07_L2SP_129051_20120120_02_T1,landsat-7,2012-01-20T03:32:10.629280Z,2012-01-20T10:32:10.629280+07:00,46.0000,95.3401,,,,unverified,https://planetarycomputer.microsoft.com/api/stac/v1/collections/landsat-c2-l2/items/LE07_L2SP_129051_20120120_02_T1,USGS Landsat - Public Domain / no restrictions on use,EPSG:32647,30,BLUE;GREEN;RED;NIR;SWIR1;SWIR2;QA_PIXEL,,,,provider=Microsoft Planetary Computer; yearly paginated STAC search; AOI coverage=1.000; dry/same-season preference; AOI bad-quality=95.34%; Landsat-7 SLC-off: gap review required,candidate-slc-off-review
landsat,LE07_L2SP_129051_20120205_02_T1,landsat-7,2012-02-05T03:32:15.270173Z,2012-02-05T10:32:15.270173+07:00,12.0000,1.2002,,,,unverified,https://planetarycomputer.microsoft.com/api/stac/v1/collections/landsat-c2-l2/items/LE07_L2SP_129051_20120205_02_T1,USGS Landsat - Public Domain / no restrictions on use,EPSG:32647,30,BLUE;GREEN;RED;NIR;SWIR1;SWIR2;QA_PIXEL,,,,provider=Microsoft Planetary Computer; yearly paginated STAC search; AOI coverage=1.000; dry/same-season preference; AOI bad-quality=1.20%; Landsat-7 SLC-off: gap review required,candidate-slc-off-review
landsat,LE07_L2SP_129051_20120221_02_T1,landsat-7,2012-02-21T03:32:18.465488Z,2012-02-21T10:32:18.465488+07:00,0.0000,0.0983,,,,unverified,https://planetarycomputer.microsoft.com/api/stac/v1/collections/landsat-c2-l2/items/LE07_L2SP_129051_20120221_02_T1,USGS Landsat - Public Domain / no restrictions on use,EPSG:32647,30,BLUE;GREEN;RED;NIR;SWIR1;SWIR2;QA_PIXEL,,,,provider=Microsoft Planetary Computer; yearly paginated STAC search; AOI coverage=1.000; dry/same-season preference; AOI bad-quality=0.10%; Landsat-7 SLC-off: gap review required,candidate-slc-off-review
landsat,LE07_L2SP_129051_20120409_02_T1,landsat-7,2012-04-09T03:32:13.086676Z,2012-04-09T10:32:13.086676+07:00,25.0000,10.5622,,,,unverified,https://planetarycomputer.microsoft.com/api/stac/v1/collections/landsat-c2-l2/items/LE07_L2SP_129051_20120409_02_T1,USGS Landsat - Public Domain / no restrictions on use,EPSG:32647,30,BLUE;GREEN;RED;NIR;SWIR1;SWIR2;QA_PIXEL,,,,provider=Microsoft Planetary Computer; yearly paginated STAC search; AOI coverage=1.000; dry/same-season preference; AOI bad-quality=10.56%; Landsat-7 SLC-off: gap review required,candidate-slc-off-review
landsat,LE07_L2SP_129051_20120425_02_T1,landsat-7,2012-04-25T03:32:27.807236Z,2012-04-25T10:32:27.807236+07:00,23.0000,0.0012,,,,unverified,https://planetarycomputer.microsoft.com/api/stac/v1/collections/landsat-c2-l2/items/LE07_L2SP_129051_20120425_02_T1,USGS Landsat - Public Domain / no restrictions on use,EPSG:32647,30,BLUE;GREEN;RED;NIR;SWIR1;SWIR2;QA_PIXEL,,,,provider=Microsoft Planetary Computer; yearly paginated STAC search; AOI coverage=1.000; dry/same-season preference; AOI bad-quality=0.00%; Landsat-7 SLC-off: gap review required,candidate-slc-off-review
landsat,LE07_L2SP_129051_20121205_02_T1,landsat-7,2012-12-05T03:34:08.224660Z,2012-12-05T10:34:08.224660+07:00,5.0000,0.0131,,,,unverified,https://planetarycomputer.microsoft.com/api/stac/v1/collections/landsat-c2-l2/items/LE07_L2SP_129051_20121205_02_T1,USGS Landsat - Public Domain / no restrictions on use,EPSG:32647,30,BLUE;GREEN;RED;NIR;SWIR1;SWIR2;QA_PIXEL,,,,provider=Microsoft Planetary Computer; yearly paginated STAC search; AOI coverage=1.000; dry/same-season preference; AOI bad-quality=0.01%; Landsat-7 SLC-off: gap review required,candidate-slc-off-review
landsat,LE07_L2SP_129051_20130122_02_T1,landsat-7,2013-01-22T03:34:20.931755Z,2013-01-22T10:34:20.931755+07:00,7.0000,12.0218,,,,unverified,https://planetarycomputer.microsoft.com/api/stac/v1/collections/landsat-c2-l2/items/LE07_L2SP_129051_20130122_02_T1,USGS Landsat - Public Domain / no restrictions on use,EPSG:32647,30,BLUE;GREEN;RED;NIR;SWIR1;SWIR2;QA_PIXEL,,,,provider=Microsoft Planetary Computer; yearly paginated STAC search; AOI coverage=1.000; dry/same-season preference; AOI bad-quality=12.02%; Landsat-7 SLC-off: gap review required,candidate-slc-off-review
landsat,LE07_L2SP_129051_20130207_02_T1,landsat-7,2013-02-07T03:34:23.017182Z,2013-02-07T10:34:23.017182+07:00,5.0000,0.0073,,,,unverified,https://planetarycomputer.microsoft.com/api/stac/v1/collections/landsat-c2-l2/items/LE07_L2SP_129051_20130207_02_T1,USGS Landsat - Public Domain / no restrictions on use,EPSG:32647,30,BLUE;GREEN;RED;NIR;SWIR1;SWIR2;QA_PIXEL,,,,provider=Microsoft Planetary Computer; yearly paginated STAC search; AOI coverage=1.000; dry/same-season preference; AOI bad-quality=0.01%; Landsat-7 SLC-off: gap review required,candidate-slc-off-review
landsat,LE07_L2SP_129051_20130327_02_T1,landsat-7,2013-03-27T03:34:12.247339Z,2013-03-27T10:34:12.247339+07:00,7.0000,0.0004,,,,unverified,https://planetarycomputer.microsoft.com/api/stac/v1/collections/landsat-c2-l2/items/LE07_L2SP_129051_20130327_02_T1,USGS Landsat - Public Domain / no restrictions on use,EPSG:32647,30,BLUE;GREEN;RED;NIR;SWIR1;SWIR2;QA_PIXEL,,,,provider=Microsoft Planetary Computer; yearly paginated STAC search; AOI coverage=1.000; dry/same-season preference; AOI bad-quality=0.00%; Landsat-7 SLC-off: gap review required,candidate-slc-off-review
landsat,LC08_L2SP_129051_20130420_02_T1,landsat-8,2013-04-20T03:39:57.794663Z,2013-04-20T10:39:57.794663+07:00,5.8900,0.0831,,,,unverified,https://planetarycomputer.microsoft.com/api/stac/v1/collections/landsat-c2-l2/items/LC08_L2SP_129051_20130420_02_T1,USGS Landsat - Public Domain / no restrictions on use,EPSG:32647,30,BLUE;GREEN;RED;NIR;SWIR1;SWIR2;QA_PIXEL,,,,provider=Microsoft Planetary Computer; yearly paginated STAC search; AOI coverage=1.000; dry/same-season preference; AOI bad-quality=0.08%,candidate-aoi-quality-reviewed
landsat,LE07_L2SP_129051_20131208_02_T1,landsat-7,2013-12-08T03:34:31.097102Z,2013-12-08T10:34:31.097102+07:00,6.0000,40.2485,,,,unverified,https://planetarycomputer.microsoft.com/api/stac/v1/collections/landsat-c2-l2/items/LE07_L2SP_129051_20131208_02_T1,USGS Landsat - Public Domain / no restrictions on use,EPSG:32647,30,BLUE;GREEN;RED;NIR;SWIR1;SWIR2;QA_PIXEL,,,,provider=Microsoft Planetary Computer; yearly paginated STAC search; AOI coverage=1.000; dry/same-season preference; AOI bad-quality=40.25%; Landsat-7 SLC-off: gap review required,candidate-slc-off-review
landsat,LE07_L2SP_129051_20131224_02_T1,landsat-7,2013-12-24T03:34:33.331515Z,2013-12-24T10:34:33.331515+07:00,19.0000,99.9695,,,,unverified,https://planetarycomputer.microsoft.com/api/stac/v1/collections/landsat-c2-l2/items/LE07_L2SP_129051_20131224_02_T1,USGS Landsat - Public Domain / no restrictions on use,EPSG:32647,30,BLUE;GREEN;RED;NIR;SWIR1;SWIR2;QA_PIXEL,,,,provider=Microsoft Planetary Computer; yearly paginated STAC search; AOI coverage=1.000; dry/same-season preference; AOI bad-quality=99.97%; Landsat-7 SLC-off: gap review required,candidate-slc-off-review
landsat,LE07_L2SP_129051_20140109_02_T1,landsat-7,2014-01-09T03:34:36.182418Z,2014-01-09T10:34:36.182418+07:00,2.0000,0.0403,,,,unverified,https://planetarycomputer.microsoft.com/api/stac/v1/collections/landsat-c2-l2/items/LE07_L2SP_129051_20140109_02_T1,USGS Landsat - Public Domain / no restrictions on use,EPSG:32647,30,BLUE;GREEN;RED;NIR;SWIR1;SWIR2;QA_PIXEL,,,,provider=Microsoft Planetary Computer; yearly paginated STAC search; AOI coverage=1.000; dry/same-season preference; AOI bad-quality=0.04%; Landsat-7 SLC-off: gap review required,candidate-slc-off-review
landsat,LE07_L2SP_129051_20140125_02_T1,landsat-7,2014-01-25T03:34:56.331648Z,2014-01-25T10:34:56.331648+07:00,0.0000,0.1578,,,,unverified,https://planetarycomputer.microsoft.com/api/stac/v1/collections/landsat-c2-l2/items/LE07_L2SP_129051_20140125_02_T1,USGS Landsat - Public Domain / no restrictions on use,EPSG:32647,30,BLUE;GREEN;RED;NIR;SWIR1;SWIR2;QA_PIXEL,,,,provider=Microsoft Planetary Computer; yearly paginated STAC search; AOI coverage=1.000; dry/same-season preference; AOI bad-quality=0.16%; Landsat-7 SLC-off: gap review required,candidate-slc-off-review
landsat,LC08_L2SP_129051_20140202_02_T1,landsat-8,2014-02-02T03:39:13.200081Z,2014-02-02T10:39:13.200081+07:00,2.8400,0.4638,,,,unverified,https://planetarycomputer.microsoft.com/api/stac/v1/collections/landsat-c2-l2/items/LC08_L2SP_129051_20140202_02_T1,USGS Landsat - Public Domain / no restrictions on use,EPSG:32647,30,BLUE;GREEN;RED;NIR;SWIR1;SWIR2;QA_PIXEL,,,,provider=Microsoft Planetary Computer; yearly paginated STAC search; AOI coverage=1.000; dry/same-season preference; AOI bad-quality=0.46%,candidate-aoi-quality-reviewed
landsat,LE07_L2SP_129051_20140210_02_T1,landsat-7,2014-02-10T03:35:00.938380Z,2014-02-10T10:35:00.938380+07:00,3.0000,0.0066,,,,unverified,https://planetarycomputer.microsoft.com/api/stac/v1/collections/landsat-c2-l2/items/LE07_L2SP_129051_20140210_02_T1,USGS Landsat - Public Domain / no restrictions on use,EPSG:32647,30,BLUE;GREEN;RED;NIR;SWIR1;SWIR2;QA_PIXEL,,,,provider=Microsoft Planetary Computer; yearly paginated STAC search; AOI coverage=1.000; dry/same-season preference; AOI bad-quality=0.01%; Landsat-7 SLC-off: gap review required,candidate-slc-off-review
landsat,LE07_L2SP_129051_20141125_02_T1,landsat-7,2014-11-25T03:36:27.799829Z,2014-11-25T10:36:27.799829+07:00,4.0000,1.8487,,,,unverified,https://planetarycomputer.microsoft.com/api/stac/v1/collections/landsat-c2-l2/items/LE07_L2SP_129051_20141125_02_T1,USGS Landsat - Public Domain / no restrictions on use,EPSG:32647,30,BLUE;GREEN;RED;NIR;SWIR1;SWIR2;QA_PIXEL,,,,provider=Microsoft Planetary Computer; yearly paginated STAC search; AOI coverage=1.000; dry/same-season preference; AOI bad-quality=1.85%; Landsat-7 SLC-off: gap review required,candidate-slc-off-review
landsat,LE07_L2SP_129051_20141211_02_T1,landsat-7,2014-12-11T03:36:34.998852Z,2014-12-11T10:36:34.998852+07:00,1.0000,0.0948,,,,unverified,https://planetarycomputer.microsoft.com/api/stac/v1/collections/landsat-c2-l2/items/LE07_L2SP_129051_20141211_02_T1,USGS Landsat - Public Domain / no restrictions on use,EPSG:32647,30,BLUE;GREEN;RED;NIR;SWIR1;SWIR2;QA_PIXEL,,,,provider=Microsoft Planetary Computer; yearly paginated STAC search; AOI coverage=1.000; dry/same-season preference; AOI bad-quality=0.09%; Landsat-7 SLC-off: gap review required,candidate-slc-off-review
landsat,LC08_L2SP_129051_20150104_02_T1,landsat-8,2015-01-04T03:38:12.552721Z,2015-01-04T10:38:12.552721+07:00,0.1700,2.2499,,,,unverified,https://planetarycomputer.microsoft.com/api/stac/v1/collections/landsat-c2-l2/items/LC08_L2SP_129051_20150104_02_T1,USGS Landsat - Public Domain / no restrictions on use,EPSG:32647,30,BLUE;GREEN;RED;NIR;SWIR1;SWIR2;QA_PIXEL,,,,provider=Microsoft Planetary Computer; yearly paginated STAC search; AOI coverage=1.000; dry/same-season preference; AOI bad-quality=2.25%,candidate-aoi-quality-reviewed
landsat,LC08_L2SP_129051_20150120_02_T1,landsat-8,2015-01-20T03:38:09.079327Z,2015-01-20T10:38:09.079327+07:00,0.1400,1.5966,,,,unverified,https://planetarycomputer.microsoft.com/api/stac/v1/collections/landsat-c2-l2/items/LC08_L2SP_129051_20150120_02_T1,USGS Landsat - Public Domain / no restrictions on use,EPSG:32647,30,BLUE;GREEN;RED;NIR;SWIR1;SWIR2;QA_PIXEL,,,,provider=Microsoft Planetary Computer; yearly paginated STAC search; AOI coverage=1.000; dry/same-season preference; AOI bad-quality=1.60%,candidate-aoi-quality-reviewed
landsat,LC08_L2SP_129051_20150205_02_T1,landsat-8,2015-02-05T03:38:05.684058Z,2015-02-05T10:38:05.684058+07:00,0.7000,0.9026,,,,unverified,https://planetarycomputer.microsoft.com/api/stac/v1/collections/landsat-c2-l2/items/LC08_L2SP_129051_20150205_02_T1,USGS Landsat - Public Domain / no restrictions on use,EPSG:32647,30,BLUE;GREEN;RED;NIR;SWIR1;SWIR2;QA_PIXEL,,,,provider=Microsoft Planetary Computer; yearly paginated STAC search; AOI coverage=1.000; dry/same-season preference; AOI bad-quality=0.90%,candidate-aoi-quality-reviewed
landsat,LE07_L2SP_129051_20150402_02_T1,landsat-7,2015-04-02T03:37:14.942868Z,2015-04-02T10:37:14.942868+07:00,5.0000,0.0037,,,,unverified,https://planetarycomputer.microsoft.com/api/stac/v1/collections/landsat-c2-l2/items/LE07_L2SP_129051_20150402_02_T1,USGS Landsat - Public Domain / no restrictions on use,EPSG:32647,30,BLUE;GREEN;RED;NIR;SWIR1;SWIR2;QA_PIXEL,,,,provider=Microsoft Planetary Computer; yearly paginated STAC search; AOI coverage=1.000; dry/same-season preference; AOI bad-quality=0.00%; Landsat-7 SLC-off: gap review required,candidate-slc-off-review
landsat,LC08_L2SP_129051_20151120_02_T1,landsat-8,2015-11-20T03:38:18.552615Z,2015-11-20T10:38:18.552615+07:00,7.3600,6.5498,,,,unverified,https://planetarycomputer.microsoft.com/api/stac/v1/collections/landsat-c2-l2/items/LC08_L2SP_129051_20151120_02_T1,USGS Landsat - Public Domain / no restrictions on use,EPSG:32647,30,BLUE;GREEN;RED;NIR;SWIR1;SWIR2;QA_PIXEL,,,,provider=Microsoft Planetary Computer; yearly paginated STAC search; AOI coverage=1.000; dry/same-season preference; AOI bad-quality=6.55%,candidate-aoi-quality-reviewed
landsat,LE07_L2SP_129051_20151230_02_T1,landsat-7,2015-12-30T03:39:32.101468Z,2015-12-30T10:39:32.101468+07:00,3.0000,23.8293,,,,unverified,https://planetarycomputer.microsoft.com/api/stac/v1/collections/landsat-c2-l2/items/LE07_L2SP_129051_20151230_02_T1,USGS Landsat - Public Domain / no restrictions on use,EPSG:32647,30,BLUE;GREEN;RED;NIR;SWIR1;SWIR2;QA_PIXEL,,,,provider=Microsoft Planetary Computer; yearly paginated STAC search; AOI coverage=1.000; dry/same-season preference; AOI bad-quality=23.83%; Landsat-7 SLC-off: gap review required,candidate-slc-off-review
landsat,LC08_L2SP_129051_20160208_02_T1,landsat-8,2016-02-08T03:38:10.507373Z,2016-02-08T10:38:10.507373+07:00,6.6600,25.9036,,,,unverified,https://planetarycomputer.microsoft.com/api/stac/v1/collections/landsat-c2-l2/items/LC08_L2SP_129051_20160208_02_T1,USGS Landsat - Public Domain / no restrictions on use,EPSG:32647,30,BLUE;GREEN;RED;NIR;SWIR1;SWIR2;QA_PIXEL,,,,provider=Microsoft Planetary Computer; yearly paginated STAC search; AOI coverage=1.000; dry/same-season preference; AOI bad-quality=25.90%,candidate-aoi-quality-reviewed
landsat,LE07_L2SP_129051_20160303_02_T1,landsat-7,2016-03-03T03:40:08.797571Z,2016-03-03T10:40:08.797571+07:00,1.0000,0.0302,,,,unverified,https://planetarycomputer.microsoft.com/api/stac/v1/collections/landsat-c2-l2/items/LE07_L2SP_129051_20160303_02_T1,USGS Landsat - Public Domain / no restrictions on use,EPSG:32647,30,BLUE;GREEN;RED;NIR;SWIR1;SWIR2;QA_PIXEL,,,,provider=Microsoft Planetary Computer; yearly paginated STAC search; AOI coverage=1.000; dry/same-season preference; AOI bad-quality=0.03%; Landsat-7 SLC-off: gap review required,candidate-slc-off-review
landsat,LC08_L2SP_129051_20160311_02_T1,landsat-8,2016-03-11T03:38:01.659392Z,2016-03-11T10:38:01.659392+07:00,4.1000,19.2094,,,,unverified,https://planetarycomputer.microsoft.com/api/stac/v1/collections/landsat-c2-l2/items/LC08_L2SP_129051_20160311_02_T1,USGS Landsat - Public Domain / no restrictions on use,EPSG:32647,30,BLUE;GREEN;RED;NIR;SWIR1;SWIR2;QA_PIXEL,,,,provider=Microsoft Planetary Computer; yearly paginated STAC search; AOI coverage=1.000; dry/same-season preference; AOI bad-quality=19.21%,candidate-aoi-quality-reviewed
landsat,LE07_L2SP_129051_20160319_02_T1,landsat-7,2016-03-19T03:40:17.115896Z,2016-03-19T10:40:17.115896+07:00,5.0000,6.4108,,,,unverified,https://planetarycomputer.microsoft.com/api/stac/v1/collections/landsat-c2-l2/items/LE07_L2SP_129051_20160319_02_T1,USGS Landsat - Public Domain / no restrictions on use,EPSG:32647,30,BLUE;GREEN;RED;NIR;SWIR1;SWIR2;QA_PIXEL,,,,provider=Microsoft Planetary Computer; yearly paginated STAC search; AOI coverage=1.000; dry/same-season preference; AOI bad-quality=6.41%; Landsat-7 SLC-off: gap review required,candidate-slc-off-review
landsat,LC08_L2SP_129051_20160412_02_T1,landsat-8,2016-04-12T03:37:46.470478Z,2016-04-12T10:37:46.470478+07:00,5.2200,0.0000,,,,unverified,https://planetarycomputer.microsoft.com/api/stac/v1/collections/landsat-c2-l2/items/LC08_L2SP_129051_20160412_02_T1,USGS Landsat - Public Domain / no restrictions on use,EPSG:32647,30,BLUE;GREEN;RED;NIR;SWIR1;SWIR2;QA_PIXEL,,,,provider=Microsoft Planetary Computer; yearly paginated STAC search; AOI coverage=1.000; dry/same-season preference; AOI bad-quality=0.00%,candidate-aoi-quality-reviewed
landsat,LE07_L2SP_129051_20161130_02_T1,landsat-7,2016-11-30T03:40:40.779900Z,2016-11-30T10:40:40.779900+07:00,8.0000,13.1481,,,,unverified,https://planetarycomputer.microsoft.com/api/stac/v1/collections/landsat-c2-l2/items/LE07_L2SP_129051_20161130_02_T1,USGS Landsat - Public Domain / no restrictions on use,EPSG:32647,30,BLUE;GREEN;RED;NIR;SWIR1;SWIR2;QA_PIXEL,,,,provider=Microsoft Planetary Computer; yearly paginated STAC search; AOI coverage=1.000; dry/same-season preference; AOI bad-quality=13.15%; Landsat-7 SLC-off: gap review required,candidate-slc-off-review
landsat,LE07_L2SP_129051_20170218_02_T1,landsat-7,2017-02-18T03:40:09.007392Z,2017-02-18T10:40:09.007392+07:00,1.0000,1.1439,,,,unverified,https://planetarycomputer.microsoft.com/api/stac/v1/collections/landsat-c2-l2/items/LE07_L2SP_129051_20170218_02_T1,USGS Landsat - Public Domain / no restrictions on use,EPSG:32647,30,BLUE;GREEN;RED;NIR;SWIR1;SWIR2;QA_PIXEL,,,,provider=Microsoft Planetary Computer; yearly paginated STAC search; AOI coverage=1.000; dry/same-season preference; AOI bad-quality=1.14%; Landsat-7 SLC-off: gap review required,candidate-slc-off-review
landsat,LE07_L2SP_129051_20170306_02_T1,landsat-7,2017-03-06T03:40:17.104388Z,2017-03-06T10:40:17.104388+07:00,6.0000,0.4058,,,,unverified,https://planetarycomputer.microsoft.com/api/stac/v1/collections/landsat-c2-l2/items/LE07_L2SP_129051_20170306_02_T1,USGS Landsat - Public Domain / no restrictions on use,EPSG:32647,30,BLUE;GREEN;RED;NIR;SWIR1;SWIR2;QA_PIXEL,,,,provider=Microsoft Planetary Computer; yearly paginated STAC search; AOI coverage=1.000; dry/same-season preference; AOI bad-quality=0.41%; Landsat-7 SLC-off: gap review required,candidate-slc-off-review
landsat,LE07_L2SP_129051_20170322_02_T1,landsat-7,2017-03-22T03:40:22.580373Z,2017-03-22T10:40:22.580373+07:00,5.0000,0.0008,,,,unverified,https://planetarycomputer.microsoft.com/api/stac/v1/collections/landsat-c2-l2/items/LE07_L2SP_129051_20170322_02_T1,USGS Landsat - Public Domain / no restrictions on use,EPSG:32647,30,BLUE;GREEN;RED;NIR;SWIR1;SWIR2;QA_PIXEL,,,,provider=Microsoft Planetary Computer; yearly paginated STAC search; AOI coverage=1.000; dry/same-season preference; AOI bad-quality=0.00%; Landsat-7 SLC-off: gap review required,candidate-slc-off-review
landsat,LE07_L2SP_129051_20170423_02_T1,landsat-7,2017-04-23T03:40:34.096007Z,2017-04-23T10:40:34.096007+07:00,1.0000,0.0081,,,,unverified,https://planetarycomputer.microsoft.com/api/stac/v1/collections/landsat-c2-l2/items/LE07_L2SP_129051_20170423_02_T1,USGS Landsat - Public Domain / no restrictions on use,EPSG:32647,30,BLUE;GREEN;RED;NIR;SWIR1;SWIR2;QA_PIXEL,,,,provider=Microsoft Planetary Computer; yearly paginated STAC search; AOI coverage=1.000; dry/same-season preference; AOI bad-quality=0.01%; Landsat-7 SLC-off: gap review required,candidate-slc-off-review
landsat,LC08_L2SP_129051_20171211_02_T1,landsat-8,2017-12-11T03:38:19.108951Z,2017-12-11T10:38:19.108951+07:00,0.8000,0.3984,,,,unverified,https://planetarycomputer.microsoft.com/api/stac/v1/collections/landsat-c2-l2/items/LC08_L2SP_129051_20171211_02_T1,USGS Landsat - Public Domain / no restrictions on use,EPSG:32647,30,BLUE;GREEN;RED;NIR;SWIR1;SWIR2;QA_PIXEL,,,,provider=Microsoft Planetary Computer; yearly paginated STAC search; AOI coverage=1.000; dry/same-season preference; AOI bad-quality=0.40%,candidate-aoi-quality-reviewed
landsat,LE07_L2SP_129051_20171219_02_T1,landsat-7,2017-12-19T03:40:29.527459Z,2017-12-19T10:40:29.527459+07:00,1.0000,0.1233,,,,unverified,https://planetarycomputer.microsoft.com/api/stac/v1/collections/landsat-c2-l2/items/LE07_L2SP_129051_20171219_02_T1,USGS Landsat - Public Domain / no restrictions on use,EPSG:32647,30,BLUE;GREEN;RED;NIR;SWIR1;SWIR2;QA_PIXEL,,,,provider=Microsoft Planetary Computer; yearly paginated STAC search; AOI coverage=1.000; dry/same-season preference; AOI bad-quality=0.12%; Landsat-7 SLC-off: gap review required,candidate-slc-off-review
landsat,LE07_L2SP_129051_20180104_02_T1,landsat-7,2018-01-04T03:40:17.607088Z,2018-01-04T10:40:17.607088+07:00,1.0000,0.0099,,,,unverified,https://planetarycomputer.microsoft.com/api/stac/v1/collections/landsat-c2-l2/items/LE07_L2SP_129051_20180104_02_T1,USGS Landsat - Public Domain / no restrictions on use,EPSG:32647,30,BLUE;GREEN;RED;NIR;SWIR1;SWIR2;QA_PIXEL,,,,provider=Microsoft Planetary Computer; yearly paginated STAC search; AOI coverage=1.000; dry/same-season preference; AOI bad-quality=0.01%; Landsat-7 SLC-off: gap review required,candidate-slc-off-review
landsat,LE07_L2SP_129051_20180205_02_T1,landsat-7,2018-02-05T03:39:47.324530Z,2018-02-05T10:39:47.324530+07:00,3.0000,17.2824,,,,unverified,https://planetarycomputer.microsoft.com/api/stac/v1/collections/landsat-c2-l2/items/LE07_L2SP_129051_20180205_02_T1,USGS Landsat - Public Domain / no restrictions on use,EPSG:32647,30,BLUE;GREEN;RED;NIR;SWIR1;SWIR2;QA_PIXEL,,,,provider=Microsoft Planetary Computer; yearly paginated STAC search; AOI coverage=1.000; dry/same-season preference; AOI bad-quality=17.28%; Landsat-7 SLC-off: gap review required,candidate-slc-off-review
landsat,LC08_L2SP_129051_20180213_02_T1,landsat-8,2018-02-13T03:37:59.264855Z,2018-02-13T10:37:59.264855+07:00,2.7000,0.0221,,,,unverified,https://planetarycomputer.microsoft.com/api/stac/v1/collections/landsat-c2-l2/items/LC08_L2SP_129051_20180213_02_T1,USGS Landsat - Public Domain / no restrictions on use,EPSG:32647,30,BLUE;GREEN;RED;NIR;SWIR1;SWIR2;QA_PIXEL,,,,provider=Microsoft Planetary Computer; yearly paginated STAC search; AOI coverage=1.000; dry/same-season preference; AOI bad-quality=0.02%,candidate-aoi-quality-reviewed
landsat,LE07_L2SP_129051_20180410_02_T1,landsat-7,2018-04-10T03:38:59.733285Z,2018-04-10T10:38:59.733285+07:00,0.0000,0.0085,,,,unverified,https://planetarycomputer.microsoft.com/api/stac/v1/collections/landsat-c2-l2/items/LE07_L2SP_129051_20180410_02_T1,USGS Landsat - Public Domain / no restrictions on use,EPSG:32647,30,BLUE;GREEN;RED;NIR;SWIR1;SWIR2;QA_PIXEL,,,,provider=Microsoft Planetary Computer; yearly paginated STAC search; AOI coverage=1.000; dry/same-season preference; AOI bad-quality=0.01%; Landsat-7 SLC-off: gap review required,candidate-slc-off-review
landsat,LE07_L2SP_129051_20181206_02_T1,landsat-7,2018-12-06T03:34:08.602612Z,2018-12-06T10:34:08.602612+07:00,5.0000,19.4712,,,,unverified,https://planetarycomputer.microsoft.com/api/stac/v1/collections/landsat-c2-l2/items/LE07_L2SP_129051_20181206_02_T1,USGS Landsat - Public Domain / no restrictions on use,EPSG:32647,30,BLUE;GREEN;RED;NIR;SWIR1;SWIR2;QA_PIXEL,,,,provider=Microsoft Planetary Computer; yearly paginated STAC search; AOI coverage=1.000; dry/same-season preference; AOI bad-quality=19.47%; Landsat-7 SLC-off: gap review required,candidate-slc-off-review
landsat,LE07_L2SP_129051_20181222_02_T1,landsat-7,2018-12-22T03:33:41.620229Z,2018-12-22T10:33:41.620229+07:00,2.0000,3.8752,,,,unverified,https://planetarycomputer.microsoft.com/api/stac/v1/collections/landsat-c2-l2/items/LE07_L2SP_129051_20181222_02_T1,USGS Landsat - Public Domain / no restrictions on use,EPSG:32647,30,BLUE;GREEN;RED;NIR;SWIR1;SWIR2;QA_PIXEL,,,,provider=Microsoft Planetary Computer; yearly paginated STAC search; AOI coverage=1.000; dry/same-season preference; AOI bad-quality=3.88%; Landsat-7 SLC-off: gap review required,candidate-slc-off-review
landsat,LE07_L2SP_129051_20190123_02_T1,landsat-7,2019-01-23T03:32:41.804510Z,2019-01-23T10:32:41.804510+07:00,4.0000,0.0287,,,,unverified,https://planetarycomputer.microsoft.com/api/stac/v1/collections/landsat-c2-l2/items/LE07_L2SP_129051_20190123_02_T1,USGS Landsat - Public Domain / no restrictions on use,EPSG:32647,30,BLUE;GREEN;RED;NIR;SWIR1;SWIR2;QA_PIXEL,,,,provider=Microsoft Planetary Computer; yearly paginated STAC search; AOI coverage=1.000; dry/same-season preference; AOI bad-quality=0.03%; Landsat-7 SLC-off: gap review required,candidate-slc-off-review
landsat,LE07_L2SP_129051_20190208_02_T1,landsat-7,2019-02-08T03:32:12.426625Z,2019-02-08T10:32:12.426625+07:00,4.0000,0.0142,,,,unverified,https://planetarycomputer.microsoft.com/api/stac/v1/collections/landsat-c2-l2/items/LE07_L2SP_129051_20190208_02_T1,USGS Landsat - Public Domain / no restrictions on use,EPSG:32647,30,BLUE;GREEN;RED;NIR;SWIR1;SWIR2;QA_PIXEL,,,,provider=Microsoft Planetary Computer; yearly paginated STAC search; AOI coverage=1.000; dry/same-season preference; AOI bad-quality=0.01%; Landsat-7 SLC-off: gap review required,candidate-slc-off-review
landsat,LE07_L2SP_129051_20190312_02_T1,landsat-7,2019-03-12T03:31:13.014220Z,2019-03-12T10:31:13.014220+07:00,1.0000,0.0076,,,,unverified,https://planetarycomputer.microsoft.com/api/stac/v1/collections/landsat-c2-l2/items/LE07_L2SP_129051_20190312_02_T1,USGS Landsat - Public Domain / no restrictions on use,EPSG:32647,30,BLUE;GREEN;RED;NIR;SWIR1;SWIR2;QA_PIXEL,,,,provider=Microsoft Planetary Computer; yearly paginated STAC search; AOI coverage=1.000; dry/same-season preference; AOI bad-quality=0.01%; Landsat-7 SLC-off: gap review required,candidate-slc-off-review
landsat,LE07_L2SP_129051_20191123_02_T1,landsat-7,2019-11-23T03:21:01.418842Z,2019-11-23T10:21:01.418842+07:00,2.0000,0.0643,,,,unverified,https://planetarycomputer.microsoft.com/api/stac/v1/collections/landsat-c2-l2/items/LE07_L2SP_129051_20191123_02_T1,USGS Landsat - Public Domain / no restrictions on use,EPSG:32647,30,BLUE;GREEN;RED;NIR;SWIR1;SWIR2;QA_PIXEL,,,,provider=Microsoft Planetary Computer; yearly paginated STAC search; AOI coverage=1.000; dry/same-season preference; AOI bad-quality=0.06%; Landsat-7 SLC-off: gap review required,candidate-slc-off-review
landsat,LE07_L2SP_129051_20191209_02_T1,landsat-7,2019-12-09T03:20:14.502288Z,2019-12-09T10:20:14.502288+07:00,1.0000,3.5159,,,,unverified,https://planetarycomputer.microsoft.com/api/stac/v1/collections/landsat-c2-l2/items/LE07_L2SP_129051_20191209_02_T1,USGS Landsat - Public Domain / no restrictions on use,EPSG:32647,30,BLUE;GREEN;RED;NIR;SWIR1;SWIR2;QA_PIXEL,,,,provider=Microsoft Planetary Computer; yearly paginated STAC search; AOI coverage=1.000; dry/same-season preference; AOI bad-quality=3.52%; Landsat-7 SLC-off: gap review required,candidate-slc-off-review
landsat,LC08_L2SP_129051_20191217_02_T1,landsat-8,2019-12-17T03:38:27.460227Z,2019-12-17T10:38:27.460227+07:00,0.1600,1.4080,,,,unverified,https://planetarycomputer.microsoft.com/api/stac/v1/collections/landsat-c2-l2/items/LC08_L2SP_129051_20191217_02_T1,USGS Landsat - Public Domain / no restrictions on use,EPSG:32647,30,BLUE;GREEN;RED;NIR;SWIR1;SWIR2;QA_PIXEL,,,,provider=Microsoft Planetary Computer; yearly paginated STAC search; AOI coverage=1.000; dry/same-season preference; AOI bad-quality=1.41%,candidate-aoi-quality-reviewed
landsat,LC08_L2SP_129051_20200219_02_T1,landsat-8,2020-02-19T03:38:11.174238Z,2020-02-19T10:38:11.174238+07:00,1.9600,2.3636,,,,unverified,https://planetarycomputer.microsoft.com/api/stac/v1/collections/landsat-c2-l2/items/LC08_L2SP_129051_20200219_02_T1,USGS Landsat - Public Domain / no restrictions on use,EPSG:32647,30,BLUE;GREEN;RED;NIR;SWIR1;SWIR2;QA_PIXEL,,,,provider=Microsoft Planetary Computer; yearly paginated STAC search; AOI coverage=1.000; dry/same-season preference; AOI bad-quality=2.36%,candidate-aoi-quality-reviewed
landsat,LE07_L2SP_129051_20200314_02_T1,landsat-7,2020-03-14T03:15:17.512311Z,2020-03-14T10:15:17.512311+07:00,2.0000,4.8568,,,,unverified,https://planetarycomputer.microsoft.com/api/stac/v1/collections/landsat-c2-l2/items/LE07_L2SP_129051_20200314_02_T1,USGS Landsat - Public Domain / no restrictions on use,EPSG:32647,30,BLUE;GREEN;RED;NIR;SWIR1;SWIR2;QA_PIXEL,,,,provider=Microsoft Planetary Computer; yearly paginated STAC search; AOI coverage=1.000; dry/same-season preference; AOI bad-quality=4.86%; Landsat-7 SLC-off: gap review required,candidate-slc-off-review
landsat,LE07_L2SP_129051_20201109_02_T1,landsat-7,2020-11-09T03:00:28.727153Z,2020-11-09T10:00:28.727153+07:00,6.0000,11.6901,,,,unverified,https://planetarycomputer.microsoft.com/api/stac/v1/collections/landsat-c2-l2/items/LE07_L2SP_129051_20201109_02_T1,USGS Landsat - Public Domain / no restrictions on use,EPSG:32647,30,BLUE;GREEN;RED;NIR;SWIR1;SWIR2;QA_PIXEL,,,,provider=Microsoft Planetary Computer; yearly paginated STAC search; AOI coverage=1.000; dry/same-season preference; AOI bad-quality=11.69%; Landsat-7 SLC-off: gap review required,candidate-slc-off-review
landsat,LC08_L2SP_129051_20201117_02_T1,landsat-8,2020-11-17T03:38:27.843133Z,2020-11-17T10:38:27.843133+07:00,4.9200,0.1270,,,,unverified,https://planetarycomputer.microsoft.com/api/stac/v1/collections/landsat-c2-l2/items/LC08_L2SP_129051_20201117_02_T1,USGS Landsat - Public Domain / no restrictions on use,EPSG:32647,30,BLUE;GREEN;RED;NIR;SWIR1;SWIR2;QA_PIXEL,,,,provider=Microsoft Planetary Computer; yearly paginated STAC search; AOI coverage=1.000; dry/same-season preference; AOI bad-quality=0.13%,candidate-aoi-quality-reviewed
landsat,LE07_L2SP_129051_20201211_02_T1,landsat-7,2020-12-11T02:58:10.572935Z,2020-12-11T09:58:10.572935+07:00,1.0000,0.1287,,,,unverified,https://planetarycomputer.microsoft.com/api/stac/v1/collections/landsat-c2-l2/items/LE07_L2SP_129051_20201211_02_T1,USGS Landsat - Public Domain / no restrictions on use,EPSG:32647,30,BLUE;GREEN;RED;NIR;SWIR1;SWIR2;QA_PIXEL,,,,provider=Microsoft Planetary Computer; yearly paginated STAC search; AOI coverage=1.000; dry/same-season preference; AOI bad-quality=0.13%; Landsat-7 SLC-off: gap review required,candidate-slc-off-review
landsat,LC08_L2SP_129051_20201219_02_T1,landsat-8,2020-12-19T03:38:30.305518Z,2020-12-19T10:38:30.305518+07:00,2.3600,0.0094,,,,unverified,https://planetarycomputer.microsoft.com/api/stac/v1/collections/landsat-c2-l2/items/LC08_L2SP_129051_20201219_02_T1,USGS Landsat - Public Domain / no restrictions on use,EPSG:32647,30,BLUE;GREEN;RED;NIR;SWIR1;SWIR2;QA_PIXEL,,,,provider=Microsoft Planetary Computer; yearly paginated STAC search; AOI coverage=1.000; dry/same-season preference; AOI bad-quality=0.01%,candidate-aoi-quality-reviewed
landsat,LC08_L2SP_129051_20210120_02_T1,landsat-8,2021-01-20T03:38:18.648348Z,2021-01-20T10:38:18.648348+07:00,3.2700,1.0809,,,,unverified,https://planetarycomputer.microsoft.com/api/stac/v1/collections/landsat-c2-l2/items/LC08_L2SP_129051_20210120_02_T1,USGS Landsat - Public Domain / no restrictions on use,EPSG:32647,30,BLUE;GREEN;RED;NIR;SWIR1;SWIR2;QA_PIXEL,,,,provider=Microsoft Planetary Computer; yearly paginated STAC search; AOI coverage=1.000; dry/same-season preference; AOI bad-quality=1.08%,candidate-aoi-quality-reviewed
landsat,LE07_L2SP_129051_20210128_02_T1,landsat-7,2021-01-28T02:54:44.005920Z,2021-01-28T09:54:44.005920+07:00,7.0000,0.0043,,,,unverified,https://planetarycomputer.microsoft.com/api/stac/v1/collections/landsat-c2-l2/items/LE07_L2SP_129051_20210128_02_T1,USGS Landsat - Public Domain / no restrictions on use,EPSG:32647,30,BLUE;GREEN;RED;NIR;SWIR1;SWIR2;QA_PIXEL,,,,provider=Microsoft Planetary Computer; yearly paginated STAC search; AOI coverage=1.000; dry/same-season preference; AOI bad-quality=0.00%; Landsat-7 SLC-off: gap review required,candidate-slc-off-review
landsat,LC08_L2SP_129051_20210205_02_T1,landsat-8,2021-02-05T03:38:17.205760Z,2021-02-05T10:38:17.205760+07:00,0.5300,0.1364,,,,unverified,https://planetarycomputer.microsoft.com/api/stac/v1/collections/landsat-c2-l2/items/LC08_L2SP_129051_20210205_02_T1,USGS Landsat - Public Domain / no restrictions on use,EPSG:32647,30,BLUE;GREEN;RED;NIR;SWIR1;SWIR2;QA_PIXEL,,,,provider=Microsoft Planetary Computer; yearly paginated STAC search; AOI coverage=1.000; dry/same-season preference; AOI bad-quality=0.14%,candidate-aoi-quality-reviewed
landsat,LE07_L2SP_129051_20210213_02_T1,landsat-7,2021-02-13T02:53:32.856841Z,2021-02-13T09:53:32.856841+07:00,4.0000,0.1668,,,,unverified,https://planetarycomputer.microsoft.com/api/stac/v1/collections/landsat-c2-l2/items/LE07_L2SP_129051_20210213_02_T1,USGS Landsat - Public Domain / no restrictions on use,EPSG:32647,30,BLUE;GREEN;RED;NIR;SWIR1;SWIR2;QA_PIXEL,,,,provider=Microsoft Planetary Computer; yearly paginated STAC search; AOI coverage=1.000; dry/same-season preference; AOI bad-quality=0.17%; Landsat-7 SLC-off: gap review required,candidate-slc-off-review
landsat,LC08_L2SP_129051_20210221_02_T1,landsat-8,2021-02-21T03:38:12.706154Z,2021-02-21T10:38:12.706154+07:00,0.2500,0.4824,,,,unverified,https://planetarycomputer.microsoft.com/api/stac/v1/collections/landsat-c2-l2/items/LC08_L2SP_129051_20210221_02_T1,USGS Landsat - Public Domain / no restrictions on use,EPSG:32647,30,BLUE;GREEN;RED;NIR;SWIR1;SWIR2;QA_PIXEL,,,,provider=Microsoft Planetary Computer; yearly paginated STAC search; AOI coverage=1.000; dry/same-season preference; AOI bad-quality=0.48%,candidate-aoi-quality-reviewed
landsat,LC09_L2SP_129051_20211214_02_T1,landsat-9,2021-12-14T03:38:28.080781Z,2021-12-14T10:38:28.080781+07:00,0.5400,1.0152,,,,unverified,https://planetarycomputer.microsoft.com/api/stac/v1/collections/landsat-c2-l2/items/LC09_L2SP_129051_20211214_02_T1,USGS Landsat - Public Domain / no restrictions on use,EPSG:32647,30,BLUE;GREEN;RED;NIR;SWIR1;SWIR2;QA_PIXEL,,,,provider=Microsoft Planetary Computer; yearly paginated STAC search; AOI coverage=1.000; dry/same-season preference; AOI bad-quality=1.02%,candidate-aoi-quality-reviewed
landsat,LC09_L2SP_129051_20220115_02_T1,landsat-9,2022-01-15T03:38:24.319328Z,2022-01-15T10:38:24.319328+07:00,3.8100,7.5608,,,,unverified,https://planetarycomputer.microsoft.com/api/stac/v1/collections/landsat-c2-l2/items/LC09_L2SP_129051_20220115_02_T1,USGS Landsat - Public Domain / no restrictions on use,EPSG:32647,30,BLUE;GREEN;RED;NIR;SWIR1;SWIR2;QA_PIXEL,,,,provider=Microsoft Planetary Computer; yearly paginated STAC search; AOI coverage=1.000; dry/same-season preference; AOI bad-quality=7.56%,candidate-aoi-quality-reviewed
landsat,LC09_L2SP_129051_20220131_02_T1,landsat-9,2022-01-31T03:38:26.558013Z,2022-01-31T10:38:26.558013+07:00,7.3700,0.1193,,,,unverified,https://planetarycomputer.microsoft.com/api/stac/v1/collections/landsat-c2-l2/items/LC09_L2SP_129051_20220131_02_T1,USGS Landsat - Public Domain / no restrictions on use,EPSG:32647,30,BLUE;GREEN;RED;NIR;SWIR1;SWIR2;QA_PIXEL,,,,provider=Microsoft Planetary Computer; yearly paginated STAC search; AOI coverage=1.000; dry/same-season preference; AOI bad-quality=0.12%,candidate-aoi-quality-reviewed
landsat,LC08_L2SP_129051_20220208_02_T1,landsat-8,2022-02-08T03:38:17.275039Z,2022-02-08T10:38:17.275039+07:00,3.2100,0.5899,,,,unverified,https://planetarycomputer.microsoft.com/api/stac/v1/collections/landsat-c2-l2/items/LC08_L2SP_129051_20220208_02_T1,USGS Landsat - Public Domain / no restrictions on use,EPSG:32647,30,BLUE;GREEN;RED;NIR;SWIR1;SWIR2;QA_PIXEL,,,,provider=Microsoft Planetary Computer; yearly paginated STAC search; AOI coverage=1.000; dry/same-season preference; AOI bad-quality=0.59%,candidate-aoi-quality-reviewed
landsat,LC08_L2SP_129051_20220224_02_T1,landsat-8,2022-02-24T03:38:11.783311Z,2022-02-24T10:38:11.783311+07:00,3.1800,33.4382,,,,unverified,https://planetarycomputer.microsoft.com/api/stac/v1/collections/landsat-c2-l2/items/LC08_L2SP_129051_20220224_02_T1,USGS Landsat - Public Domain / no restrictions on use,EPSG:32647,30,BLUE;GREEN;RED;NIR;SWIR1;SWIR2;QA_PIXEL,,,,provider=Microsoft Planetary Computer; yearly paginated STAC search; AOI coverage=1.000; dry/same-season preference; AOI bad-quality=33.44%,candidate-aoi-quality-reviewed
landsat,LC08_L2SP_129051_20220312_02_T1,landsat-8,2022-03-12T03:38:07.888049Z,2022-03-12T10:38:07.888049+07:00,3.3900,1.4864,,,,unverified,https://planetarycomputer.microsoft.com/api/stac/v1/collections/landsat-c2-l2/items/LC08_L2SP_129051_20220312_02_T1,USGS Landsat - Public Domain / no restrictions on use,EPSG:32647,30,BLUE;GREEN;RED;NIR;SWIR1;SWIR2;QA_PIXEL,,,,provider=Microsoft Planetary Computer; yearly paginated STAC search; AOI coverage=1.000; dry/same-season preference; AOI bad-quality=1.49%,candidate-aoi-quality-reviewed
landsat,LC08_L2SP_129051_20221225_02_T1,landsat-8,2022-12-25T03:38:33.554425Z,2022-12-25T10:38:33.554425+07:00,5.0400,28.1444,,,,unverified,https://planetarycomputer.microsoft.com/api/stac/v1/collections/landsat-c2-l2/items/LC08_L2SP_129051_20221225_02_T1,USGS Landsat - Public Domain / no restrictions on use,EPSG:32647,30,BLUE;GREEN;RED;NIR;SWIR1;SWIR2;QA_PIXEL,,,,provider=Microsoft Planetary Computer; yearly paginated STAC search; AOI coverage=1.000; dry/same-season preference; AOI bad-quality=28.14%,candidate-aoi-quality-reviewed
landsat,LC08_L2SP_129051_20230126_02_T1,landsat-8,2023-01-26T03:38:32.288565Z,2023-01-26T10:38:32.288565+07:00,0.7900,23.2227,,,,unverified,https://planetarycomputer.microsoft.com/api/stac/v1/collections/landsat-c2-l2/items/LC08_L2SP_129051_20230126_02_T1,USGS Landsat - Public Domain / no restrictions on use,EPSG:32647,30,BLUE;GREEN;RED;NIR;SWIR1;SWIR2;QA_PIXEL,,,,provider=Microsoft Planetary Computer; yearly paginated STAC search; AOI coverage=1.000; dry/same-season preference; AOI bad-quality=23.22%,candidate-aoi-quality-reviewed
landsat,LC08_L2SP_129051_20230227_02_T1,landsat-8,2023-02-27T03:38:13.661634Z,2023-02-27T10:38:13.661634+07:00,0.4200,4.3147,,,,unverified,https://planetarycomputer.microsoft.com/api/stac/v1/collections/landsat-c2-l2/items/LC08_L2SP_129051_20230227_02_T1,USGS Landsat - Public Domain / no restrictions on use,EPSG:32647,30,BLUE;GREEN;RED;NIR;SWIR1;SWIR2;QA_PIXEL,,,,provider=Microsoft Planetary Computer; yearly paginated STAC search; AOI coverage=1.000; dry/same-season preference; AOI bad-quality=4.31%,candidate-aoi-quality-reviewed
landsat,LE07_L2SP_130051_20230308_02_T1,landsat-7,2023-03-08T01:46:56.248335Z,2023-03-08T08:46:56.248335+07:00,1.0000,0.0079,,,,unverified,https://planetarycomputer.microsoft.com/api/stac/v1/collections/landsat-c2-l2/items/LE07_L2SP_130051_20230308_02_T1,USGS Landsat - Public Domain / no restrictions on use,EPSG:32647,30,BLUE;GREEN;RED;NIR;SWIR1;SWIR2;QA_PIXEL,,,,provider=Microsoft Planetary Computer; yearly paginated STAC search; AOI coverage=1.000; dry/same-season preference; AOI bad-quality=0.01%; Landsat-7 SLC-off: gap review required,candidate-slc-off-review
landsat,LE07_L2SP_129051_20231120_02_T1,landsat-7,2023-11-20T01:12:18.356963Z,2023-11-20T08:12:18.356963+07:00,1.0000,3.9321,,,,unverified,https://planetarycomputer.microsoft.com/api/stac/v1/collections/landsat-c2-l2/items/LE07_L2SP_129051_20231120_02_T1,USGS Landsat - Public Domain / no restrictions on use,EPSG:32647,30,BLUE;GREEN;RED;NIR;SWIR1;SWIR2;QA_PIXEL,,,,provider=Microsoft Planetary Computer; yearly paginated STAC search; AOI coverage=1.000; dry/same-season preference; AOI bad-quality=3.93%; Landsat-7 SLC-off: gap review required,candidate-slc-off-review
landsat,LC09_L2SP_129051_20231220_02_T1,landsat-9,2023-12-20T03:38:30.438725Z,2023-12-20T10:38:30.438725+07:00,0.5600,0.3536,,,,unverified,https://planetarycomputer.microsoft.com/api/stac/v1/collections/landsat-c2-l2/items/LC09_L2SP_129051_20231220_02_T1,USGS Landsat - Public Domain / no restrictions on use,EPSG:32647,30,BLUE;GREEN;RED;NIR;SWIR1;SWIR2;QA_PIXEL,,,,provider=Microsoft Planetary Computer; yearly paginated STAC search; AOI coverage=1.000; dry/same-season preference; AOI bad-quality=0.35%,candidate-aoi-quality-reviewed
landsat,LC08_L2SP_129051_20231228_02_T1,landsat-8,2023-12-28T03:38:21.018860Z,2023-12-28T10:38:21.018860+07:00,0.0900,0.6666,,,,unverified,https://planetarycomputer.microsoft.com/api/stac/v1/collections/landsat-c2-l2/items/LC08_L2SP_129051_20231228_02_T1,USGS Landsat - Public Domain / no restrictions on use,EPSG:32647,30,BLUE;GREEN;RED;NIR;SWIR1;SWIR2;QA_PIXEL,,,,provider=Microsoft Planetary Computer; yearly paginated STAC search; AOI coverage=1.000; dry/same-season preference; AOI bad-quality=0.67%,candidate-aoi-quality-reviewed
landsat,LC09_L2SP_129051_20240105_02_T1,landsat-9,2024-01-05T03:38:23.923905Z,2024-01-05T10:38:23.923905+07:00,0.8800,0.7414,,,,unverified,https://planetarycomputer.microsoft.com/api/stac/v1/collections/landsat-c2-l2/items/LC09_L2SP_129051_20240105_02_T1,USGS Landsat - Public Domain / no restrictions on use,EPSG:32647,30,BLUE;GREEN;RED;NIR;SWIR1;SWIR2;QA_PIXEL,,,,provider=Microsoft Planetary Computer; yearly paginated STAC search; AOI coverage=1.000; dry/same-season preference; AOI bad-quality=0.74%,candidate-aoi-quality-reviewed
landsat,LC08_L2SP_129051_20240214_02_T1,landsat-8,2024-02-14T03:38:14.735767Z,2024-02-14T10:38:14.735767+07:00,0.1300,0.7576,,,,unverified,https://planetarycomputer.microsoft.com/api/stac/v1/collections/landsat-c2-l2/items/LC08_L2SP_129051_20240214_02_T1,USGS Landsat - Public Domain / no restrictions on use,EPSG:32647,30,BLUE;GREEN;RED;NIR;SWIR1;SWIR2;QA_PIXEL,,,,provider=Microsoft Planetary Computer; yearly paginated STAC search; AOI coverage=1.000; dry/same-season preference; AOI bad-quality=0.76%,candidate-aoi-quality-reviewed
landsat,LC08_L2SP_129051_20240317_02_T1,landsat-8,2024-03-17T03:37:58.423757Z,2024-03-17T10:37:58.423757+07:00,1.4900,3.0036,,,,unverified,https://planetarycomputer.microsoft.com/api/stac/v1/collections/landsat-c2-l2/items/LC08_L2SP_129051_20240317_02_T1,USGS Landsat - Public Domain / no restrictions on use,EPSG:32647,30,BLUE;GREEN;RED;NIR;SWIR1;SWIR2;QA_PIXEL,,,,provider=Microsoft Planetary Computer; yearly paginated STAC search; AOI coverage=1.000; dry/same-season preference; AOI bad-quality=3.00%,candidate-aoi-quality-reviewed
landsat,LC09_L2SP_129051_20240426_02_T1,landsat-9,2024-04-26T03:37:47.687575Z,2024-04-26T10:37:47.687575+07:00,2.8200,0.0000,,,,unverified,https://planetarycomputer.microsoft.com/api/stac/v1/collections/landsat-c2-l2/items/LC09_L2SP_129051_20240426_02_T1,USGS Landsat - Public Domain / no restrictions on use,EPSG:32647,30,BLUE;GREEN;RED;NIR;SWIR1;SWIR2;QA_PIXEL,,,,provider=Microsoft Planetary Computer; yearly paginated STAC search; AOI coverage=1.000; dry/same-season preference; AOI bad-quality=0.00%,candidate-aoi-quality-reviewed
landsat,LC08_L2SP_129051_20241112_02_T1,landsat-8,2024-11-12T03:38:09.974916Z,2024-11-12T10:38:09.974916+07:00,0.9400,0.4677,,,,unverified,https://planetarycomputer.microsoft.com/api/stac/v1/collections/landsat-c2-l2/items/LC08_L2SP_129051_20241112_02_T1,USGS Landsat - Public Domain / no restrictions on use,EPSG:32647,30,BLUE;GREEN;RED;NIR;SWIR1;SWIR2;QA_PIXEL,,,,provider=Microsoft Planetary Computer; yearly paginated STAC search; AOI coverage=1.000; dry/same-season preference; AOI bad-quality=0.47%,candidate-aoi-quality-reviewed
landsat,LC08_L2SP_129051_20241230_02_T1,landsat-8,2024-12-30T03:38:12.680967Z,2024-12-30T10:38:12.680967+07:00,0.1000,0.7172,,,,unverified,https://planetarycomputer.microsoft.com/api/stac/v1/collections/landsat-c2-l2/items/LC08_L2SP_129051_20241230_02_T1,USGS Landsat - Public Domain / no restrictions on use,EPSG:32647,30,BLUE;GREEN;RED;NIR;SWIR1;SWIR2;QA_PIXEL,,,,provider=Microsoft Planetary Computer; yearly paginated STAC search; AOI coverage=1.000; dry/same-season preference; AOI bad-quality=0.72%,candidate-aoi-quality-reviewed
landsat,LC09_L2SP_129051_20250107_02_T1,landsat-9,2025-01-07T03:38:16.598575Z,2025-01-07T10:38:16.598575+07:00,0.2500,9.3755,,,,unverified,https://planetarycomputer.microsoft.com/api/stac/v1/collections/landsat-c2-l2/items/LC09_L2SP_129051_20250107_02_T1,USGS Landsat - Public Domain / no restrictions on use,EPSG:32647,30,BLUE;GREEN;RED;NIR;SWIR1;SWIR2;QA_PIXEL,,,,provider=Microsoft Planetary Computer; yearly paginated STAC search; AOI coverage=1.000; dry/same-season preference; AOI bad-quality=9.38%,candidate-aoi-quality-reviewed
landsat,LC08_L2SP_129051_20250115_02_T1,landsat-8,2025-01-15T03:38:15.421788Z,2025-01-15T10:38:15.421788+07:00,0.1800,7.9713,,,,unverified,https://planetarycomputer.microsoft.com/api/stac/v1/collections/landsat-c2-l2/items/LC08_L2SP_129051_20250115_02_T1,USGS Landsat - Public Domain / no restrictions on use,EPSG:32647,30,BLUE;GREEN;RED;NIR;SWIR1;SWIR2;QA_PIXEL,,,,provider=Microsoft Planetary Computer; yearly paginated STAC search; AOI coverage=1.000; dry/same-season preference; AOI bad-quality=7.97%,candidate-aoi-quality-reviewed
landsat,LC08_L2SP_129051_20250216_02_T1,landsat-8,2025-02-16T03:38:09.367469Z,2025-02-16T10:38:09.367469+07:00,0.2000,0.0144,,,,unverified,https://planetarycomputer.microsoft.com/api/stac/v1/collections/landsat-c2-l2/items/LC08_L2SP_129051_20250216_02_T1,USGS Landsat - Public Domain / no restrictions on use,EPSG:32647,30,BLUE;GREEN;RED;NIR;SWIR1;SWIR2;QA_PIXEL,data/satellite/landsat/2025/LC08_L2SP_129051_20250216_02_T1/BLUE_30m.tif;data/satellite/landsat/2025/LC08_L2SP_129051_20250216_02_T1/GREEN_30m.tif;data/satellite/landsat/2025/LC08_L2SP_129051_20250216_02_T1/RED_30m.tif;data/satellite/landsat/2025/LC08_L2SP_129051_20250216_02_T1/NIR_30m.tif;data/satellite/landsat/2025/LC08_L2SP_129051_20250216_02_T1/SWIR1_30m.tif;data/satellite/landsat/2025/LC08_L2SP_129051_20250216_02_T1/SWIR2_30m.tif;data/satellite/landsat/2025/LC08_L2SP_129051_20250216_02_T1/QA_PIXEL_30m.tif,4101398,BLUE_30m.tif:8f93d7ade264964d5c56b736019438e0038c805006aa38ba92bae3e20d72ec4a;GREEN_30m.tif:b45b0e6cafaeb1e89d65e7ddfe222cbcecb0ef58b2365093c95e315130b451e7;RED_30m.tif:03112e38b995dec44a85973caf6e185089766b82fa31ba68a572a20ebe966432;NIR_30m.tif:42f2e1b34252b7219744fe83a05cfe98354228f0d528b4978b5039aa53f3c7f6;SWIR1_30m.tif:28e6e535203b7f9784bc0abbbdba4c196517d7450d51c3ba4e51ffd1803ed188;SWIR2_30m.tif:5bc979ee7d819cc77679ea1149f73a7f553cc8ff08a1510609f2fb4fd5d08985;QA_PIXEL_30m.tif:0130ead37693350b3533ca588accfa0406b3d302bd39ec56c04d473034d4a17f,provider=Microsoft Planetary Computer; yearly paginated STAC search; AOI coverage=1.000; dry/same-season preference; AOI bad-quality=0.01%,review
landsat,LC08_L2SP_129051_20251201_02_T1,landsat-8,2025-12-01T03:38:26.074509Z,2025-12-01T10:38:26.074509+07:00,0.0900,0.5767,,,,unverified,https://planetarycomputer.microsoft.com/api/stac/v1/collections/landsat-c2-l2/items/LC08_L2SP_129051_20251201_02_T1,USGS Landsat - Public Domain / no restrictions on use,EPSG:32647,30,BLUE;GREEN;RED;NIR;SWIR1;SWIR2;QA_PIXEL,,,,provider=Microsoft Planetary Computer; yearly paginated STAC search; AOI coverage=1.000; dry/same-season preference; AOI bad-quality=0.58%,candidate-aoi-quality-reviewed
landsat,LC08_L2SP_129051_20251217_02_T1,landsat-8,2025-12-17T03:38:25.313558Z,2025-12-17T10:38:25.313558+07:00,1.3300,4.8389,,,,unverified,https://planetarycomputer.microsoft.com/api/stac/v1/collections/landsat-c2-l2/items/LC08_L2SP_129051_20251217_02_T1,USGS Landsat - Public Domain / no restrictions on use,EPSG:32647,30,BLUE;GREEN;RED;NIR;SWIR1;SWIR2;QA_PIXEL,,,,provider=Microsoft Planetary Computer; yearly paginated STAC search; AOI coverage=1.000; dry/same-season preference; AOI bad-quality=4.84%,candidate-aoi-quality-reviewed
landsat,LC09_L2SP_129051_20251225_02_T1,landsat-9,2025-12-25T03:38:35.439137Z,2025-12-25T10:38:35.439137+07:00,1.1400,0.7025,,,,unverified,https://planetarycomputer.microsoft.com/api/stac/v1/collections/landsat-c2-l2/items/LC09_L2SP_129051_20251225_02_T1,USGS Landsat - Public Domain / no restrictions on use,EPSG:32647,30,BLUE;GREEN;RED;NIR;SWIR1;SWIR2;QA_PIXEL,,,,provider=Microsoft Planetary Computer; yearly paginated STAC search; AOI coverage=1.000; dry/same-season preference; AOI bad-quality=0.70%,candidate-aoi-quality-reviewed
landsat,LC08_L2SP_129051_20260102_02_T1,landsat-8,2026-01-02T03:38:21.533260Z,2026-01-02T10:38:21.533260+07:00,2.3000,5.6734,,,,unverified,https://planetarycomputer.microsoft.com/api/stac/v1/collections/landsat-c2-l2/items/LC08_L2SP_129051_20260102_02_T1,USGS Landsat - Public Domain / no restrictions on use,EPSG:32647,30,BLUE;GREEN;RED;NIR;SWIR1;SWIR2;QA_PIXEL,,,,provider=Microsoft Planetary Computer; yearly paginated STAC search; AOI coverage=1.000; dry/same-season preference; AOI bad-quality=5.67%,candidate-aoi-quality-reviewed
landsat,LC09_L2SP_129051_20260110_02_T1,landsat-9,2026-01-10T03:38:28.058673Z,2026-01-10T10:38:28.058673+07:00,1.2600,0.7467,,,,unverified,https://planetarycomputer.microsoft.com/api/stac/v1/collections/landsat-c2-l2/items/LC09_L2SP_129051_20260110_02_T1,USGS Landsat - Public Domain / no restrictions on use,EPSG:32647,30,BLUE;GREEN;RED;NIR;SWIR1;SWIR2;QA_PIXEL,,,,provider=Microsoft Planetary Computer; yearly paginated STAC search; AOI coverage=1.000; dry/same-season preference; AOI bad-quality=0.75%,candidate-aoi-quality-reviewed
landsat,LC08_L2SP_129051_20260118_02_T1,landsat-8,2026-01-18T03:38:18.393942Z,2026-01-18T10:38:18.393942+07:00,5.1700,0.6253,,,,unverified,https://planetarycomputer.microsoft.com/api/stac/v1/collections/landsat-c2-l2/items/LC08_L2SP_129051_20260118_02_T1,USGS Landsat - Public Domain / no restrictions on use,EPSG:32647,30,BLUE;GREEN;RED;NIR;SWIR1;SWIR2;QA_PIXEL,,,,provider=Microsoft Planetary Computer; yearly paginated STAC search; AOI coverage=1.000; dry/same-season preference; AOI bad-quality=0.63%,candidate-aoi-quality-reviewed
landsat,LC09_L2SP_129051_20260315_02_T1,landsat-9,2026-03-15T03:38:09.050977Z,2026-03-15T10:38:09.050977+07:00,10.9700,2.5873,,,,unverified,https://planetarycomputer.microsoft.com/api/stac/v1/collections/landsat-c2-l2/items/LC09_L2SP_129051_20260315_02_T1,USGS Landsat - Public Domain / no restrictions on use,EPSG:32647,30,BLUE;GREEN;RED;NIR;SWIR1;SWIR2;QA_PIXEL,,,,provider=Microsoft Planetary Computer; yearly paginated STAC search; AOI coverage=1.000; dry/same-season preference; AOI bad-quality=2.59%,candidate-aoi-quality-reviewed
landsat,LC09_L2SP_129051_20260331_02_T1,landsat-9,2026-03-31T03:38:04.502372Z,2026-03-31T10:38:04.502372+07:00,5.5400,6.1667,,,,unverified,https://planetarycomputer.microsoft.com/api/stac/v1/collections/landsat-c2-l2/items/LC09_L2SP_129051_20260331_02_T1,USGS Landsat - Public Domain / no restrictions on use,EPSG:32647,30,BLUE;GREEN;RED;NIR;SWIR1;SWIR2;QA_PIXEL,,,,provider=Microsoft Planetary Computer; yearly paginated STAC search; AOI coverage=1.000; dry/same-season preference; AOI bad-quality=6.17%,candidate-aoi-quality-reviewed
landsat,LC09_L2SP_129051_20260416_02_T1,landsat-9,2026-04-16T03:37:56.947350Z,2026-04-16T10:37:56.947350+07:00,9.2600,0.0000,,,,unverified,https://planetarycomputer.microsoft.com/api/stac/v1/collections/landsat-c2-l2/items/LC09_L2SP_129051_20260416_02_T1,USGS Landsat - Public Domain / no restrictions on use,EPSG:32647,30,BLUE;GREEN;RED;NIR;SWIR1;SWIR2;QA_PIXEL,,,,provider=Microsoft Planetary Computer; yearly paginated STAC search; AOI coverage=1.000; dry/same-season preference; AOI bad-quality=0.00%,candidate-aoi-quality-reviewed
