dataset,scene_id,sensor,acquisition_datetime_utc,acquisition_datetime_bangkok,cloud_cover_scene,cloud_cover_aoi,tide_station,tide_level,tide_datum,tide_status,source_url,source_license,crs,resolution_m,bands,local_path,file_size_bytes,sha256,selection_reason,qa_status
sentinel1,S1A_IW_GRDH_1SDV_20150218T230904_20150218T230929_004684_005C9B,SENTINEL-1A,2015-02-18T23:09:17.002363Z,2015-02-19T06:09:17.002363+07:00,,,,,,unverified,https://planetarycomputer.microsoft.com/api/stac/v1/collections/sentinel-1-grd/items/S1A_IW_GRDH_1SDV_20150218T230904_20150218T230929_004684_005C9B,"Copernicus Sentinel Data Legal Notice - free, full and open access",EPSG:32647,10 pixel spacing (GRD),VV;VH,,,,provider=Microsoft Planetary Computer; yearly paginated STAC search; AOI coverage=1.000,candidate-unverified
sentinel1,S1A_IW_GRDH_1SDV_20150302T230904_20150302T230929_004859_0060DB,SENTINEL-1A,2015-03-02T23:09:17.088370Z,2015-03-03T06:09:17.088370+07:00,,,,,,unverified,https://planetarycomputer.microsoft.com/api/stac/v1/collections/sentinel-1-grd/items/S1A_IW_GRDH_1SDV_20150302T230904_20150302T230929_004859_0060DB,"Copernicus Sentinel Data Legal Notice - free, full and open access",EPSG:32647,10 pixel spacing (GRD),VV;VH,,,,provider=Microsoft Planetary Computer; yearly paginated STAC search; AOI coverage=1.000,candidate-unverified
sentinel1,S1A_IW_GRDH_1SDV_20150326T230905_20150326T230930_005209_006940,SENTINEL-1A,2015-03-26T23:09:17.544877Z,2015-03-27T06:09:17.544877+07:00,,,,,,unverified,https://planetarycomputer.microsoft.com/api/stac/v1/collections/sentinel-1-grd/items/S1A_IW_GRDH_1SDV_20150326T230905_20150326T230930_005209_006940,"Copernicus Sentinel Data Legal Notice - free, full and open access",EPSG:32647,10 pixel spacing (GRD),VV;VH,,,,provider=Microsoft Planetary Computer; yearly paginated STAC search; AOI coverage=1.000,candidate-unverified
sentinel1,S1A_IW_GRDH_1SDV_20150419T230905_20150419T230930_005559_0071CF,SENTINEL-1A,2015-04-19T23:09:18.443051Z,2015-04-20T06:09:18.443051+07:00,,,,,,unverified,https://planetarycomputer.microsoft.com/api/stac/v1/collections/sentinel-1-grd/items/S1A_IW_GRDH_1SDV_20150419T230905_20150419T230930_005559_0071CF,"Copernicus Sentinel Data Legal Notice - free, full and open access",EPSG:32647,10 pixel spacing (GRD),VV;VH,,,,provider=Microsoft Planetary Computer; yearly paginated STAC search; AOI coverage=1.000,candidate-unverified
sentinel1,S1A_IW_GRDH_1SDV_20150513T230906_20150513T230931_005909_0079CE,SENTINEL-1A,2015-05-13T23:09:19.447943Z,2015-05-14T06:09:19.447943+07:00,,,,,,unverified,https://planetarycomputer.microsoft.com/api/stac/v1/collections/sentinel-1-grd/items/S1A_IW_GRDH_1SDV_20150513T230906_20150513T230931_005909_0079CE,"Copernicus Sentinel Data Legal Notice - free, full and open access",EPSG:32647,10 pixel spacing (GRD),VV;VH,,,,provider=Microsoft Planetary Computer; yearly paginated STAC search; AOI coverage=1.000,candidate-unverified
sentinel1,S1A_IW_GRDH_1SDV_20150606T230909_20150606T230934_006259_008321,SENTINEL-1A,2015-06-06T23:09:21.546574Z,2015-06-07T06:09:21.546574+07:00,,,,,,unverified,https://planetarycomputer.microsoft.com/api/stac/v1/collections/sentinel-1-grd/items/S1A_IW_GRDH_1SDV_20150606T230909_20150606T230934_006259_008321,"Copernicus Sentinel Data Legal Notice - free, full and open access",EPSG:32647,10 pixel spacing (GRD),VV;VH,,,,provider=Microsoft Planetary Computer; yearly paginated STAC search; AOI coverage=1.000,candidate-unverified
sentinel1,S1A_IW_GRDH_1SDV_20150630T230910_20150630T230935_006609_008CFE,SENTINEL-1A,2015-06-30T23:09:23.077451Z,2015-07-01T06:09:23.077451+07:00,,,,,,unverified,https://planetarycomputer.microsoft.com/api/stac/v1/collections/sentinel-1-grd/items/S1A_IW_GRDH_1SDV_20150630T230910_20150630T230935_006609_008CFE,"Copernicus Sentinel Data Legal Notice - free, full and open access",EPSG:32647,10 pixel spacing (GRD),VV;VH,,,,provider=Microsoft Planetary Computer; yearly paginated STAC search; AOI coverage=1.000,candidate-unverified
sentinel1,S1A_IW_GRDH_1SDV_20150724T230910_20150724T230935_006959_0096DE,SENTINEL-1A,2015-07-24T23:09:23.404026Z,2015-07-25T06:09:23.404026+07:00,,,,,,unverified,https://planetarycomputer.microsoft.com/api/stac/v1/collections/sentinel-1-grd/items/S1A_IW_GRDH_1SDV_20150724T230910_20150724T230935_006959_0096DE,"Copernicus Sentinel Data Legal Notice - free, full and open access",EPSG:32647,10 pixel spacing (GRD),VV;VH,,,,provider=Microsoft Planetary Computer; yearly paginated STAC search; AOI coverage=1.000,candidate-unverified
sentinel1,S1A_IW_GRDH_1SDV_20151016T230852_20151016T230922_008184_00B80F,SENTINEL-1A,2015-10-16T23:09:07.197803Z,2015-10-17T06:09:07.197803+07:00,,,,,,unverified,https://planetarycomputer.microsoft.com/api/stac/v1/collections/sentinel-1-grd/items/S1A_IW_GRDH_1SDV_20151016T230852_20151016T230922_008184_00B80F,"Copernicus Sentinel Data Legal Notice - free, full and open access",EPSG:32647,10 pixel spacing (GRD),VV;VH,,,,provider=Microsoft Planetary Computer; yearly paginated STAC search; AOI coverage=1.000,candidate-unverified
sentinel1,S1A_IW_GRDH_1SDV_20151109T230851_20151109T230921_008534_00C163,SENTINEL-1A,2015-11-09T23:09:06.745632Z,2015-11-10T06:09:06.745632+07:00,,,,,,unverified,https://planetarycomputer.microsoft.com/api/stac/v1/collections/sentinel-1-grd/items/S1A_IW_GRDH_1SDV_20151109T230851_20151109T230921_008534_00C163,"Copernicus Sentinel Data Legal Notice - free, full and open access",EPSG:32647,10 pixel spacing (GRD),VV;VH,,,,provider=Microsoft Planetary Computer; yearly paginated STAC search; AOI coverage=1.000,candidate-unverified
sentinel1,S1A_IW_GRDH_1SDV_20151121T230907_20151121T230932_008709_00C658,SENTINEL-1A,2015-11-21T23:09:20.329243Z,2015-11-22T06:09:20.329243+07:00,,,,,,unverified,https://planetarycomputer.microsoft.com/api/stac/v1/collections/sentinel-1-grd/items/S1A_IW_GRDH_1SDV_20151121T230907_20151121T230932_008709_00C658,"Copernicus Sentinel Data Legal Notice - free, full and open access",EPSG:32647,10 pixel spacing (GRD),VV;VH,,,,provider=Microsoft Planetary Computer; yearly paginated STAC search; AOI coverage=1.000,candidate-unverified
sentinel1,S1A_IW_GRDH_1SDV_20151215T230906_20151215T230931_009059_00D017,SENTINEL-1A,2015-12-15T23:09:19.479689Z,2015-12-16T06:09:19.479689+07:00,,,,,,unverified,https://planetarycomputer.microsoft.com/api/stac/v1/collections/sentinel-1-grd/items/S1A_IW_GRDH_1SDV_20151215T230906_20151215T230931_009059_00D017,"Copernicus Sentinel Data Legal Notice - free, full and open access",EPSG:32647,10 pixel spacing (GRD),VV;VH,,,,provider=Microsoft Planetary Computer; yearly paginated STAC search; AOI coverage=1.000,candidate-unverified
sentinel1,S1A_IW_GRDH_1SDV_20160108T230906_20160108T230931_009409_00DA11,SENTINEL-1A,2016-01-08T23:09:18.714444Z,2016-01-09T06:09:18.714444+07:00,,,,,,unverified,https://planetarycomputer.microsoft.com/api/stac/v1/collections/sentinel-1-grd/items/S1A_IW_GRDH_1SDV_20160108T230906_20160108T230931_009409_00DA11,"Copernicus Sentinel Data Legal Notice - free, full and open access",EPSG:32647,10 pixel spacing (GRD),VV;VH,,,,provider=Microsoft Planetary Computer; yearly paginated STAC search; AOI coverage=1.000,candidate-unverified
sentinel1,S1A_IW_GRDH_1SDV_20160201T230905_20160201T230930_009759_00E43E,SENTINEL-1A,2016-02-01T23:09:18.106660Z,2016-02-02T06:09:18.106660+07:00,,,,,,unverified,https://planetarycomputer.microsoft.com/api/stac/v1/collections/sentinel-1-grd/items/S1A_IW_GRDH_1SDV_20160201T230905_20160201T230930_009759_00E43E,"Copernicus Sentinel Data Legal Notice - free, full and open access",EPSG:32647,10 pixel spacing (GRD),VV;VH,,,,provider=Microsoft Planetary Computer; yearly paginated STAC search; AOI coverage=1.000,candidate-unverified
sentinel1,S1A_IW_GRDH_1SDV_20160320T230905_20160320T230930_010459_00F859,SENTINEL-1A,2016-03-20T23:09:18.273120Z,2016-03-21T06:09:18.273120+07:00,,,,,,unverified,https://planetarycomputer.microsoft.com/api/stac/v1/collections/sentinel-1-grd/items/S1A_IW_GRDH_1SDV_20160320T230905_20160320T230930_010459_00F859,"Copernicus Sentinel Data Legal Notice - free, full and open access",EPSG:32647,10 pixel spacing (GRD),VV;VH,,,,provider=Microsoft Planetary Computer; yearly paginated STAC search; AOI coverage=1.000,candidate-unverified
sentinel1,S1A_IW_GRDH_1SDV_20160401T230906_20160401T230931_010634_00FD5B,SENTINEL-1A,2016-04-01T23:09:18.641731Z,2016-04-02T06:09:18.641731+07:00,,,,,,unverified,https://planetarycomputer.microsoft.com/api/stac/v1/collections/sentinel-1-grd/items/S1A_IW_GRDH_1SDV_20160401T230906_20160401T230931_010634_00FD5B,"Copernicus Sentinel Data Legal Notice - free, full and open access",EPSG:32647,10 pixel spacing (GRD),VV;VH,,,,provider=Microsoft Planetary Computer; yearly paginated STAC search; AOI coverage=1.000,candidate-unverified
sentinel1,S1A_IW_GRDH_1SDV_20160413T230906_20160413T230931_010809_01029E,SENTINEL-1A,2016-04-13T23:09:19.113637Z,2016-04-14T06:09:19.113637+07:00,,,,,,unverified,https://planetarycomputer.microsoft.com/api/stac/v1/collections/sentinel-1-grd/items/S1A_IW_GRDH_1SDV_20160413T230906_20160413T230931_010809_01029E,"Copernicus Sentinel Data Legal Notice - free, full and open access",EPSG:32647,10 pixel spacing (GRD),VV;VH,,,,provider=Microsoft Planetary Computer; yearly paginated STAC search; AOI coverage=1.000,candidate-unverified
sentinel1,S1A_IW_GRDH_1SDV_20160507T230907_20160507T230932_011159_010D86,SENTINEL-1A,2016-05-07T23:09:20.198129Z,2016-05-08T06:09:20.198129+07:00,,,,,,unverified,https://planetarycomputer.microsoft.com/api/stac/v1/collections/sentinel-1-grd/items/S1A_IW_GRDH_1SDV_20160507T230907_20160507T230932_011159_010D86,"Copernicus Sentinel Data Legal Notice - free, full and open access",EPSG:32647,10 pixel spacing (GRD),VV;VH,,,,provider=Microsoft Planetary Computer; yearly paginated STAC search; AOI coverage=1.000,candidate-unverified
sentinel1,S1A_IW_GRDH_1SDV_20160519T230908_20160519T230933_011334_011331,SENTINEL-1A,2016-05-19T23:09:20.713710Z,2016-05-20T06:09:20.713710+07:00,,,,,,unverified,https://planetarycomputer.microsoft.com/api/stac/v1/collections/sentinel-1-grd/items/S1A_IW_GRDH_1SDV_20160519T230908_20160519T230933_011334_011331,"Copernicus Sentinel Data Legal Notice - free, full and open access",EPSG:32647,10 pixel spacing (GRD),VV;VH,,,,provider=Microsoft Planetary Computer; yearly paginated STAC search; AOI coverage=1.000,candidate-unverified
sentinel1,S1A_IW_GRDH_1SDV_20160531T230908_20160531T230933_011509_0118E4,SENTINEL-1A,2016-05-31T23:09:21.481789Z,2016-06-01T06:09:21.481789+07:00,,,,,,unverified,https://planetarycomputer.microsoft.com/api/stac/v1/collections/sentinel-1-grd/items/S1A_IW_GRDH_1SDV_20160531T230908_20160531T230933_011509_0118E4,"Copernicus Sentinel Data Legal Notice - free, full and open access",EPSG:32647,10 pixel spacing (GRD),VV;VH,,,,provider=Microsoft Planetary Computer; yearly paginated STAC search; AOI coverage=1.000,candidate-unverified
sentinel1,S1A_IW_GRDH_1SDV_20160706T230911_20160706T230936_012034_012988,SENTINEL-1A,2016-07-06T23:09:23.648001Z,2016-07-07T06:09:23.648001+07:00,,,,,,unverified,https://planetarycomputer.microsoft.com/api/stac/v1/collections/sentinel-1-grd/items/S1A_IW_GRDH_1SDV_20160706T230911_20160706T230936_012034_012988,"Copernicus Sentinel Data Legal Notice - free, full and open access",EPSG:32647,10 pixel spacing (GRD),VV;VH,,,,provider=Microsoft Planetary Computer; yearly paginated STAC search; AOI coverage=1.000,candidate-unverified
sentinel1,S1A_IW_GRDH_1SDV_20160718T230911_20160718T230936_012209_012F40,SENTINEL-1A,2016-07-18T23:09:24.186391Z,2016-07-19T06:09:24.186391+07:00,,,,,,unverified,https://planetarycomputer.microsoft.com/api/stac/v1/collections/sentinel-1-grd/items/S1A_IW_GRDH_1SDV_20160718T230911_20160718T230936_012209_012F40,"Copernicus Sentinel Data Legal Notice - free, full and open access",EPSG:32647,10 pixel spacing (GRD),VV;VH,,,,provider=Microsoft Planetary Computer; yearly paginated STAC search; AOI coverage=1.000,candidate-unverified
sentinel1,S1A_IW_GRDH_1SDV_20160730T230912_20160730T230937_012384_0134FA,SENTINEL-1A,2016-07-30T23:09:24.942410Z,2016-07-31T06:09:24.942410+07:00,,,,,,unverified,https://planetarycomputer.microsoft.com/api/stac/v1/collections/sentinel-1-grd/items/S1A_IW_GRDH_1SDV_20160730T230912_20160730T230937_012384_0134FA,"Copernicus Sentinel Data Legal Notice - free, full and open access",EPSG:32647,10 pixel spacing (GRD),VV;VH,,,,provider=Microsoft Planetary Computer; yearly paginated STAC search; AOI coverage=1.000,candidate-unverified
sentinel1,S1A_IW_GRDH_1SDV_20160811T230912_20160811T230937_012559_013AD1,SENTINEL-1A,2016-08-11T23:09:25.429407Z,2016-08-12T06:09:25.429407+07:00,,,,,,unverified,https://planetarycomputer.microsoft.com/api/stac/v1/collections/sentinel-1-grd/items/S1A_IW_GRDH_1SDV_20160811T230912_20160811T230937_012559_013AD1,"Copernicus Sentinel Data Legal Notice - free, full and open access",EPSG:32647,10 pixel spacing (GRD),VV;VH,,,,provider=Microsoft Planetary Computer; yearly paginated STAC search; AOI coverage=1.000,candidate-unverified
sentinel1,S1A_IW_GRDH_1SDV_20160904T230914_20160904T230939_012909_01467F,SENTINEL-1A,2016-09-04T23:09:26.529442Z,2016-09-05T06:09:26.529442+07:00,,,,,,unverified,https://planetarycomputer.microsoft.com/api/stac/v1/collections/sentinel-1-grd/items/S1A_IW_GRDH_1SDV_20160904T230914_20160904T230939_012909_01467F,"Copernicus Sentinel Data Legal Notice - free, full and open access",EPSG:32647,10 pixel spacing (GRD),VV;VH,,,,provider=Microsoft Planetary Computer; yearly paginated STAC search; AOI coverage=1.000,candidate-unverified
sentinel1,S1A_IW_GRDH_1SDV_20160916T230914_20160916T230939_013084_014C22,SENTINEL-1A,2016-09-16T23:09:27.055086Z,2016-09-17T06:09:27.055086+07:00,,,,,,unverified,https://planetarycomputer.microsoft.com/api/stac/v1/collections/sentinel-1-grd/items/S1A_IW_GRDH_1SDV_20160916T230914_20160916T230939_013084_014C22,"Copernicus Sentinel Data Legal Notice - free, full and open access",EPSG:32647,10 pixel spacing (GRD),VV;VH,,,,provider=Microsoft Planetary Computer; yearly paginated STAC search; AOI coverage=1.000,candidate-unverified
sentinel1,S1A_IW_GRDH_1SDV_20160928T230914_20160928T230939_013259_0151DA,SENTINEL-1A,2016-09-28T23:09:27.449821Z,2016-09-29T06:09:27.449821+07:00,,,,,,unverified,https://planetarycomputer.microsoft.com/api/stac/v1/collections/sentinel-1-grd/items/S1A_IW_GRDH_1SDV_20160928T230914_20160928T230939_013259_0151DA,"Copernicus Sentinel Data Legal Notice - free, full and open access",EPSG:32647,10 pixel spacing (GRD),VV;VH,,,,provider=Microsoft Planetary Computer; yearly paginated STAC search; AOI coverage=1.000,candidate-unverified
sentinel1,S1A_IW_GRDH_1SDV_20161022T230914_20161022T230939_013609_015CDF,SENTINEL-1A,2016-10-22T23:09:27.425531Z,2016-10-23T06:09:27.425531+07:00,,,,,,unverified,https://planetarycomputer.microsoft.com/api/stac/v1/collections/sentinel-1-grd/items/S1A_IW_GRDH_1SDV_20161022T230914_20161022T230939_013609_015CDF,"Copernicus Sentinel Data Legal Notice - free, full and open access",EPSG:32647,10 pixel spacing (GRD),VV;VH,,,,provider=Microsoft Planetary Computer; yearly paginated STAC search; AOI coverage=1.000,candidate-unverified
sentinel1,S1A_IW_GRDH_1SDV_20161103T230914_20161103T230939_013784_016252,SENTINEL-1A,2016-11-03T23:09:27.353074Z,2016-11-04T06:09:27.353074+07:00,,,,,,unverified,https://planetarycomputer.microsoft.com/api/stac/v1/collections/sentinel-1-grd/items/S1A_IW_GRDH_1SDV_20161103T230914_20161103T230939_013784_016252,"Copernicus Sentinel Data Legal Notice - free, full and open access",EPSG:32647,10 pixel spacing (GRD),VV;VH,,,,provider=Microsoft Planetary Computer; yearly paginated STAC search; AOI coverage=1.000,candidate-unverified
sentinel1,S1A_IW_GRDH_1SDV_20161115T230914_20161115T230939_013959_0167C7,SENTINEL-1A,2016-11-15T23:09:27.155455Z,2016-11-16T06:09:27.155455+07:00,,,,,,unverified,https://planetarycomputer.microsoft.com/api/stac/v1/collections/sentinel-1-grd/items/S1A_IW_GRDH_1SDV_20161115T230914_20161115T230939_013959_0167C7,"Copernicus Sentinel Data Legal Notice - free, full and open access",EPSG:32647,10 pixel spacing (GRD),VV;VH,,,,provider=Microsoft Planetary Computer; yearly paginated STAC search; AOI coverage=1.000,candidate-unverified
sentinel1,S1A_IW_GRDH_1SDV_20161209T230914_20161209T230939_014309_0172AC,SENTINEL-1A,2016-12-09T23:09:26.574211Z,2016-12-10T06:09:26.574211+07:00,,,,,,unverified,https://planetarycomputer.microsoft.com/api/stac/v1/collections/sentinel-1-grd/items/S1A_IW_GRDH_1SDV_20161209T230914_20161209T230939_014309_0172AC,"Copernicus Sentinel Data Legal Notice - free, full and open access",EPSG:32647,10 pixel spacing (GRD),VV;VH,,,,provider=Microsoft Planetary Computer; yearly paginated STAC search; AOI coverage=1.000,candidate-unverified
sentinel1,S1A_IW_GRDH_1SDV_20161221T230913_20161221T230938_014484_017824,SENTINEL-1A,2016-12-21T23:09:26.108347Z,2016-12-22T06:09:26.108347+07:00,,,,,,unverified,https://planetarycomputer.microsoft.com/api/stac/v1/collections/sentinel-1-grd/items/S1A_IW_GRDH_1SDV_20161221T230913_20161221T230938_014484_017824,"Copernicus Sentinel Data Legal Notice - free, full and open access",EPSG:32647,10 pixel spacing (GRD),VV;VH,,,,provider=Microsoft Planetary Computer; yearly paginated STAC search; AOI coverage=1.000,candidate-unverified
sentinel1,S1A_IW_GRDH_1SDV_20170102T230912_20170102T230937_014659_017D85,SENTINEL-1A,2017-01-02T23:09:24.602185Z,2017-01-03T06:09:24.602185+07:00,,,,,,unverified,https://planetarycomputer.microsoft.com/api/stac/v1/collections/sentinel-1-grd/items/S1A_IW_GRDH_1SDV_20170102T230912_20170102T230937_014659_017D85,"Copernicus Sentinel Data Legal Notice - free, full and open access",EPSG:32647,10 pixel spacing (GRD),VV;VH,,,,provider=Microsoft Planetary Computer; yearly paginated STAC search; AOI coverage=1.000,candidate-unverified
sentinel1,S1A_IW_GRDH_1SDV_20170207T230911_20170207T230936_015184_018DB1,SENTINEL-1A,2017-02-07T23:09:23.745403Z,2017-02-08T06:09:23.745403+07:00,,,,,,unverified,https://planetarycomputer.microsoft.com/api/stac/v1/collections/sentinel-1-grd/items/S1A_IW_GRDH_1SDV_20170207T230911_20170207T230936_015184_018DB1,"Copernicus Sentinel Data Legal Notice - free, full and open access",EPSG:32647,10 pixel spacing (GRD),VV;VH,,,,provider=Microsoft Planetary Computer; yearly paginated STAC search; AOI coverage=1.000,candidate-unverified
sentinel1,S1A_IW_GRDH_1SDV_20170311T112811_20170311T112840_015644_019BB7,SENTINEL-1A,2017-03-11T11:28:26.243204Z,2017-03-11T18:28:26.243204+07:00,,,,,,unverified,https://planetarycomputer.microsoft.com/api/stac/v1/collections/sentinel-1-grd/items/S1A_IW_GRDH_1SDV_20170311T112811_20170311T112840_015644_019BB7,"Copernicus Sentinel Data Legal Notice - free, full and open access",EPSG:32647,10 pixel spacing (GRD),VV;VH,,,,provider=Microsoft Planetary Computer; yearly paginated STAC search; AOI coverage=1.000,candidate-unverified
sentinel1,S1A_IW_GRDH_1SDV_20170327T230905_20170327T230930_015884_01A2E9,SENTINEL-1A,2017-03-27T23:09:18.244436Z,2017-03-28T06:09:18.244436+07:00,,,,,,unverified,https://planetarycomputer.microsoft.com/api/stac/v1/collections/sentinel-1-grd/items/S1A_IW_GRDH_1SDV_20170327T230905_20170327T230930_015884_01A2E9,"Copernicus Sentinel Data Legal Notice - free, full and open access",EPSG:32647,10 pixel spacing (GRD),VV;VH,,,,provider=Microsoft Planetary Computer; yearly paginated STAC search; AOI coverage=1.000,candidate-unverified
sentinel1,S1A_IW_GRDH_1SDV_20170416T112822_20170416T112847_016169_01AB77,SENTINEL-1A,2017-04-16T11:28:34.513312Z,2017-04-16T18:28:34.513312+07:00,,,,,,unverified,https://planetarycomputer.microsoft.com/api/stac/v1/collections/sentinel-1-grd/items/S1A_IW_GRDH_1SDV_20170416T112822_20170416T112847_016169_01AB77,"Copernicus Sentinel Data Legal Notice - free, full and open access",EPSG:32647,10 pixel spacing (GRD),VV;VH,,,,provider=Microsoft Planetary Computer; yearly paginated STAC search; AOI coverage=1.000,candidate-unverified
sentinel1,S1A_IW_GRDH_1SDV_20170502T230907_20170502T230932_016409_01B2CF,SENTINEL-1A,2017-05-02T23:09:19.964706Z,2017-05-03T06:09:19.964706+07:00,,,,,,unverified,https://planetarycomputer.microsoft.com/api/stac/v1/collections/sentinel-1-grd/items/S1A_IW_GRDH_1SDV_20170502T230907_20170502T230932_016409_01B2CF,"Copernicus Sentinel Data Legal Notice - free, full and open access",EPSG:32647,10 pixel spacing (GRD),VV;VH,,,,provider=Microsoft Planetary Computer; yearly paginated STAC search; AOI coverage=1.000,candidate-unverified
sentinel1,S1A_IW_GRDH_1SDV_20170514T230908_20170514T230933_016584_01B821,SENTINEL-1A,2017-05-14T23:09:20.588377Z,2017-05-15T06:09:20.588377+07:00,,,,,,unverified,https://planetarycomputer.microsoft.com/api/stac/v1/collections/sentinel-1-grd/items/S1A_IW_GRDH_1SDV_20170514T230908_20170514T230933_016584_01B821,"Copernicus Sentinel Data Legal Notice - free, full and open access",EPSG:32647,10 pixel spacing (GRD),VV;VH,,,,provider=Microsoft Planetary Computer; yearly paginated STAC search; AOI coverage=1.000,candidate-unverified
sentinel1,S1A_IW_GRDH_1SDV_20170607T230909_20170607T230934_016934_01C2F2,SENTINEL-1A,2017-06-07T23:09:21.986868Z,2017-06-08T06:09:21.986868+07:00,,,,,,unverified,https://planetarycomputer.microsoft.com/api/stac/v1/collections/sentinel-1-grd/items/S1A_IW_GRDH_1SDV_20170607T230909_20170607T230934_016934_01C2F2,"Copernicus Sentinel Data Legal Notice - free, full and open access",EPSG:32647,10 pixel spacing (GRD),VV;VH,,,,provider=Microsoft Planetary Computer; yearly paginated STAC search; AOI coverage=1.000,candidate-unverified
sentinel1,S1A_IW_GRDH_1SDV_20170627T112825_20170627T112850_017219_01CB9A,SENTINEL-1A,2017-06-27T11:28:38.465166Z,2017-06-27T18:28:38.465166+07:00,,,,,,unverified,https://planetarycomputer.microsoft.com/api/stac/v1/collections/sentinel-1-grd/items/S1A_IW_GRDH_1SDV_20170627T112825_20170627T112850_017219_01CB9A,"Copernicus Sentinel Data Legal Notice - free, full and open access",EPSG:32647,10 pixel spacing (GRD),VV;VH,,,,provider=Microsoft Planetary Computer; yearly paginated STAC search; AOI coverage=1.000,candidate-unverified
sentinel1,S1A_IW_GRDH_1SDV_20170709T112826_20170709T112851_017394_01D0DE,SENTINEL-1A,2017-07-09T11:28:39.008621Z,2017-07-09T18:28:39.008621+07:00,,,,,,unverified,https://planetarycomputer.microsoft.com/api/stac/v1/collections/sentinel-1-grd/items/S1A_IW_GRDH_1SDV_20170709T112826_20170709T112851_017394_01D0DE,"Copernicus Sentinel Data Legal Notice - free, full and open access",EPSG:32647,10 pixel spacing (GRD),VV;VH,,,,provider=Microsoft Planetary Computer; yearly paginated STAC search; AOI coverage=1.000,candidate-unverified
sentinel1,S1A_IW_GRDH_1SDV_20170725T230912_20170725T230937_017634_01D843,SENTINEL-1A,2017-07-25T23:09:24.701767Z,2017-07-26T06:09:24.701767+07:00,,,,,,unverified,https://planetarycomputer.microsoft.com/api/stac/v1/collections/sentinel-1-grd/items/S1A_IW_GRDH_1SDV_20170725T230912_20170725T230937_017634_01D843,"Copernicus Sentinel Data Legal Notice - free, full and open access",EPSG:32647,10 pixel spacing (GRD),VV;VH,,,,provider=Microsoft Planetary Computer; yearly paginated STAC search; AOI coverage=1.000,candidate-unverified
sentinel1,S1A_IW_GRDH_1SDV_20170806T230912_20170806T230937_017809_01DD96,SENTINEL-1A,2017-08-06T23:09:25.340132Z,2017-08-07T06:09:25.340132+07:00,,,,,,unverified,https://planetarycomputer.microsoft.com/api/stac/v1/collections/sentinel-1-grd/items/S1A_IW_GRDH_1SDV_20170806T230912_20170806T230937_017809_01DD96,"Copernicus Sentinel Data Legal Notice - free, full and open access",EPSG:32647,10 pixel spacing (GRD),VV;VH,,,,provider=Microsoft Planetary Computer; yearly paginated STAC search; AOI coverage=1.000,candidate-unverified
sentinel1,S1A_IW_GRDH_1SDV_20170826T112829_20170826T112854_018094_01E62A,SENTINEL-1A,2017-08-26T11:28:41.716109Z,2017-08-26T18:28:41.716109+07:00,,,,,,unverified,https://planetarycomputer.microsoft.com/api/stac/v1/collections/sentinel-1-grd/items/S1A_IW_GRDH_1SDV_20170826T112829_20170826T112854_018094_01E62A,"Copernicus Sentinel Data Legal Notice - free, full and open access",EPSG:32647,10 pixel spacing (GRD),VV;VH,,,,provider=Microsoft Planetary Computer; yearly paginated STAC search; AOI coverage=1.000,candidate-unverified
sentinel1,S1A_IW_GRDH_1SDV_20170911T230914_20170911T230939_018334_01EDA3,SENTINEL-1A,2017-09-11T23:09:26.896887Z,2017-09-12T06:09:26.896887+07:00,,,,,,unverified,https://planetarycomputer.microsoft.com/api/stac/v1/collections/sentinel-1-grd/items/S1A_IW_GRDH_1SDV_20170911T230914_20170911T230939_018334_01EDA3,"Copernicus Sentinel Data Legal Notice - free, full and open access",EPSG:32647,10 pixel spacing (GRD),VV;VH,,,,provider=Microsoft Planetary Computer; yearly paginated STAC search; AOI coverage=1.000,candidate-unverified
sentinel1,S1A_IW_GRDH_1SDV_20170923T230914_20170923T230939_018509_01F300,SENTINEL-1A,2017-09-23T23:09:27.200737Z,2017-09-24T06:09:27.200737+07:00,,,,,,unverified,https://planetarycomputer.microsoft.com/api/stac/v1/collections/sentinel-1-grd/items/S1A_IW_GRDH_1SDV_20170923T230914_20170923T230939_018509_01F300,"Copernicus Sentinel Data Legal Notice - free, full and open access",EPSG:32647,10 pixel spacing (GRD),VV;VH,,,,provider=Microsoft Planetary Computer; yearly paginated STAC search; AOI coverage=1.000,candidate-unverified
sentinel1,S1A_IW_GRDH_1SDV_20171017T230915_20171017T230940_018859_01FDB1,SENTINEL-1A,2017-10-17T23:09:27.686522Z,2017-10-18T06:09:27.686522+07:00,,,,,,unverified,https://planetarycomputer.microsoft.com/api/stac/v1/collections/sentinel-1-grd/items/S1A_IW_GRDH_1SDV_20171017T230915_20171017T230940_018859_01FDB1,"Copernicus Sentinel Data Legal Notice - free, full and open access",EPSG:32647,10 pixel spacing (GRD),VV;VH,,,,provider=Microsoft Planetary Computer; yearly paginated STAC search; AOI coverage=1.000,candidate-unverified
sentinel1,S1A_IW_GRDH_1SDV_20171110T230914_20171110T230939_019209_020866,SENTINEL-1A,2017-11-10T23:09:27.415635Z,2017-11-11T06:09:27.415635+07:00,,,,,,unverified,https://planetarycomputer.microsoft.com/api/stac/v1/collections/sentinel-1-grd/items/S1A_IW_GRDH_1SDV_20171110T230914_20171110T230939_019209_020866,"Copernicus Sentinel Data Legal Notice - free, full and open access",EPSG:32647,10 pixel spacing (GRD),VV;VH,,,,provider=Microsoft Planetary Computer; yearly paginated STAC search; AOI coverage=1.000,candidate-unverified
sentinel1,S1A_IW_GRDH_1SDV_20171130T112829_20171130T112854_019494_021143,SENTINEL-1A,2017-11-30T11:28:42.415224Z,2017-11-30T18:28:42.415224+07:00,,,,,,unverified,https://planetarycomputer.microsoft.com/api/stac/v1/collections/sentinel-1-grd/items/S1A_IW_GRDH_1SDV_20171130T112829_20171130T112854_019494_021143,"Copernicus Sentinel Data Legal Notice - free, full and open access",EPSG:32647,10 pixel spacing (GRD),VV;VH,,,,provider=Microsoft Planetary Computer; yearly paginated STAC search; AOI coverage=1.000,candidate-unverified
sentinel1,S1A_IW_GRDH_1SDV_20171212T112829_20171212T112854_019669_0216C1,SENTINEL-1A,2017-12-12T11:28:41.935306Z,2017-12-12T18:28:41.935306+07:00,,,,,,unverified,https://planetarycomputer.microsoft.com/api/stac/v1/collections/sentinel-1-grd/items/S1A_IW_GRDH_1SDV_20171212T112829_20171212T112854_019669_0216C1,"Copernicus Sentinel Data Legal Notice - free, full and open access",EPSG:32647,10 pixel spacing (GRD),VV;VH,,,,provider=Microsoft Planetary Computer; yearly paginated STAC search; AOI coverage=1.000,candidate-unverified
sentinel1,S1A_IW_GRDH_1SDV_20171228T230913_20171228T230938_019909_021E45,SENTINEL-1A,2017-12-28T23:09:25.843545Z,2017-12-29T06:09:25.843545+07:00,,,,,,unverified,https://planetarycomputer.microsoft.com/api/stac/v1/collections/sentinel-1-grd/items/S1A_IW_GRDH_1SDV_20171228T230913_20171228T230938_019909_021E45,"Copernicus Sentinel Data Legal Notice - free, full and open access",EPSG:32647,10 pixel spacing (GRD),VV;VH,,,,provider=Microsoft Planetary Computer; yearly paginated STAC search; AOI coverage=1.000,candidate-unverified
sentinel1,S1A_IW_GRDH_1SDV_20180109T230912_20180109T230937_020084_0223CC,SENTINEL-1A,2018-01-09T23:09:25.451669Z,2018-01-10T06:09:25.451669+07:00,,,,,,unverified,https://planetarycomputer.microsoft.com/api/stac/v1/collections/sentinel-1-grd/items/S1A_IW_GRDH_1SDV_20180109T230912_20180109T230937_020084_0223CC,"Copernicus Sentinel Data Legal Notice - free, full and open access",EPSG:32647,10 pixel spacing (GRD),VV;VH,,,,provider=Microsoft Planetary Computer; yearly paginated STAC search; AOI coverage=1.000,candidate-unverified
sentinel1,S1A_IW_GRDH_1SDV_20180202T230912_20180202T230937_020434_022EED,SENTINEL-1A,2018-02-02T23:09:24.661599Z,2018-02-03T06:09:24.661599+07:00,,,,,,unverified,https://planetarycomputer.microsoft.com/api/stac/v1/collections/sentinel-1-grd/items/S1A_IW_GRDH_1SDV_20180202T230912_20180202T230937_020434_022EED,"Copernicus Sentinel Data Legal Notice - free, full and open access",EPSG:32647,10 pixel spacing (GRD),VV;VH,,,,provider=Microsoft Planetary Computer; yearly paginated STAC search; AOI coverage=1.000,candidate-unverified
sentinel1,S1A_IW_GRDH_1SDV_20180226T230911_20180226T230936_020784_023A1E,SENTINEL-1A,2018-02-26T23:09:24.457175Z,2018-02-27T06:09:24.457175+07:00,,,,,,unverified,https://planetarycomputer.microsoft.com/api/stac/v1/collections/sentinel-1-grd/items/S1A_IW_GRDH_1SDV_20180226T230911_20180226T230936_020784_023A1E,"Copernicus Sentinel Data Legal Notice - free, full and open access",EPSG:32647,10 pixel spacing (GRD),VV;VH,,,,provider=Microsoft Planetary Computer; yearly paginated STAC search; AOI coverage=1.000,candidate-unverified
sentinel1,S1A_IW_GRDH_1SDV_20180322T230922_20180322T230947_021134_024528,SENTINEL-1A,2018-03-22T23:09:35.214236Z,2018-03-23T06:09:35.214236+07:00,,,,,,unverified,https://planetarycomputer.microsoft.com/api/stac/v1/collections/sentinel-1-grd/items/S1A_IW_GRDH_1SDV_20180322T230922_20180322T230947_021134_024528,"Copernicus Sentinel Data Legal Notice - free, full and open access",EPSG:32647,10 pixel spacing (GRD),VV;VH,,,,provider=Microsoft Planetary Computer; yearly paginated STAC search; AOI coverage=1.000,candidate-unverified
sentinel1,S1A_IW_GRDH_1SDV_20180411T112828_20180411T112853_021419_024E0D,SENTINEL-1A,2018-04-11T11:28:40.602568Z,2018-04-11T18:28:40.602568+07:00,,,,,,unverified,https://planetarycomputer.microsoft.com/api/stac/v1/collections/sentinel-1-grd/items/S1A_IW_GRDH_1SDV_20180411T112828_20180411T112853_021419_024E0D,"Copernicus Sentinel Data Legal Notice - free, full and open access",EPSG:32647,10 pixel spacing (GRD),VV;VH,,,,provider=Microsoft Planetary Computer; yearly paginated STAC search; AOI coverage=1.000,candidate-unverified
sentinel1,S1A_IW_GRDH_1SDV_20180509T230924_20180509T230949_021834_025B2B,SENTINEL-1A,2018-05-09T23:09:37.173834Z,2018-05-10T06:09:37.173834+07:00,,,,,,unverified,https://planetarycomputer.microsoft.com/api/stac/v1/collections/sentinel-1-grd/items/S1A_IW_GRDH_1SDV_20180509T230924_20180509T230949_021834_025B2B,"Copernicus Sentinel Data Legal Notice - free, full and open access",EPSG:32647,10 pixel spacing (GRD),VV;VH,,,,provider=Microsoft Planetary Computer; yearly paginated STAC search; AOI coverage=1.000,candidate-unverified
sentinel1,S1A_IW_GRDH_1SDV_20180602T230925_20180602T230950_022184_02664D,SENTINEL-1A,2018-06-02T23:09:38.482766Z,2018-06-03T06:09:38.482766+07:00,,,,,,unverified,https://planetarycomputer.microsoft.com/api/stac/v1/collections/sentinel-1-grd/items/S1A_IW_GRDH_1SDV_20180602T230925_20180602T230950_022184_02664D,"Copernicus Sentinel Data Legal Notice - free, full and open access",EPSG:32647,10 pixel spacing (GRD),VV;VH,,,,provider=Microsoft Planetary Computer; yearly paginated STAC search; AOI coverage=1.000,candidate-unverified
sentinel1,S1B_IW_GRDH_1SDV_20180620T230825_20180620T230850_011463_0150F9,SENTINEL-1B,2018-06-20T23:08:38.391868Z,2018-06-21T06:08:38.391868+07:00,,,,,,unverified,https://planetarycomputer.microsoft.com/api/stac/v1/collections/sentinel-1-grd/items/S1B_IW_GRDH_1SDV_20180620T230825_20180620T230850_011463_0150F9,"Copernicus Sentinel Data Legal Notice - free, full and open access",EPSG:32647,10 pixel spacing (GRD),VV;VH,,,,provider=Microsoft Planetary Computer; yearly paginated STAC search; AOI coverage=1.000,candidate-unverified
sentinel1,S1A_IW_GRDH_1SDV_20180708T230928_20180708T230953_022709_0275FC,SENTINEL-1A,2018-07-08T23:09:40.595404Z,2018-07-09T06:09:40.595404+07:00,,,,,,unverified,https://planetarycomputer.microsoft.com/api/stac/v1/collections/sentinel-1-grd/items/S1A_IW_GRDH_1SDV_20180708T230928_20180708T230953_022709_0275FC,"Copernicus Sentinel Data Legal Notice - free, full and open access",EPSG:32647,10 pixel spacing (GRD),VV;VH,,,,provider=Microsoft Planetary Computer; yearly paginated STAC search; AOI coverage=1.000,candidate-unverified
sentinel1,S1B_IW_GRDH_1SDV_20180726T230828_20180726T230853_011988_01611C,SENTINEL-1B,2018-07-26T23:08:40.650395Z,2018-07-27T06:08:40.650395+07:00,,,,,,unverified,https://planetarycomputer.microsoft.com/api/stac/v1/collections/sentinel-1-grd/items/S1B_IW_GRDH_1SDV_20180726T230828_20180726T230853_011988_01611C,"Copernicus Sentinel Data Legal Notice - free, full and open access",EPSG:32647,10 pixel spacing (GRD),VV;VH,,,,provider=Microsoft Planetary Computer; yearly paginated STAC search; AOI coverage=1.000,candidate-unverified
sentinel1,S1B_IW_GRDH_1SDV_20180807T230828_20180807T230853_012163_016670,SENTINEL-1B,2018-08-07T23:08:41.042435Z,2018-08-08T06:08:41.042435+07:00,,,,,,unverified,https://planetarycomputer.microsoft.com/api/stac/v1/collections/sentinel-1-grd/items/S1B_IW_GRDH_1SDV_20180807T230828_20180807T230853_012163_016670,"Copernicus Sentinel Data Legal Notice - free, full and open access",EPSG:32647,10 pixel spacing (GRD),VV;VH,,,,provider=Microsoft Planetary Computer; yearly paginated STAC search; AOI coverage=1.000,candidate-unverified
sentinel1,S1A_IW_GRDH_1SDV_20180821T112835_20180821T112900_023344_028A02,SENTINEL-1A,2018-08-21T11:28:47.916348Z,2018-08-21T18:28:47.916348+07:00,,,,,,unverified,https://planetarycomputer.microsoft.com/api/stac/v1/collections/sentinel-1-grd/items/S1A_IW_GRDH_1SDV_20180821T112835_20180821T112900_023344_028A02,"Copernicus Sentinel Data Legal Notice - free, full and open access",EPSG:32647,10 pixel spacing (GRD),VV;VH,,,,provider=Microsoft Planetary Computer; yearly paginated STAC search; AOI coverage=1.000,candidate-unverified
sentinel1,S1B_IW_GRDH_1SDV_20180912T230830_20180912T230855_012688_0176A6,SENTINEL-1B,2018-09-12T23:08:43.018574Z,2018-09-13T06:08:43.018574+07:00,,,,,,unverified,https://planetarycomputer.microsoft.com/api/stac/v1/collections/sentinel-1-grd/items/S1B_IW_GRDH_1SDV_20180912T230830_20180912T230855_012688_0176A6,"Copernicus Sentinel Data Legal Notice - free, full and open access",EPSG:32647,10 pixel spacing (GRD),VV;VH,,,,provider=Microsoft Planetary Computer; yearly paginated STAC search; AOI coverage=1.000,candidate-unverified
sentinel1,S1A_IW_GRDH_1SDV_20180926T112836_20180926T112901_023869_029ADC,SENTINEL-1A,2018-09-26T11:28:49.394901Z,2018-09-26T18:28:49.394901+07:00,,,,,,unverified,https://planetarycomputer.microsoft.com/api/stac/v1/collections/sentinel-1-grd/items/S1A_IW_GRDH_1SDV_20180926T112836_20180926T112901_023869_029ADC,"Copernicus Sentinel Data Legal Notice - free, full and open access",EPSG:32647,10 pixel spacing (GRD),VV;VH,,,,provider=Microsoft Planetary Computer; yearly paginated STAC search; AOI coverage=1.000,candidate-unverified
sentinel1,S1A_IW_GRDH_1SDV_20181012T230932_20181012T230957_024109_02A2BD,SENTINEL-1A,2018-10-12T23:09:45.038031Z,2018-10-13T06:09:45.038031+07:00,,,,,,unverified,https://planetarycomputer.microsoft.com/api/stac/v1/collections/sentinel-1-grd/items/S1A_IW_GRDH_1SDV_20181012T230932_20181012T230957_024109_02A2BD,"Copernicus Sentinel Data Legal Notice - free, full and open access",EPSG:32647,10 pixel spacing (GRD),VV;VH,,,,provider=Microsoft Planetary Computer; yearly paginated STAC search; AOI coverage=1.000,candidate-unverified
sentinel1,S1A_IW_GRDH_1SDV_20181101T112837_20181101T112902_024394_02AC05,SENTINEL-1A,2018-11-01T11:28:49.682737Z,2018-11-01T18:28:49.682737+07:00,,,,,,unverified,https://planetarycomputer.microsoft.com/api/stac/v1/collections/sentinel-1-grd/items/S1A_IW_GRDH_1SDV_20181101T112837_20181101T112902_024394_02AC05,"Copernicus Sentinel Data Legal Notice - free, full and open access",EPSG:32647,10 pixel spacing (GRD),VV;VH,,,,provider=Microsoft Planetary Computer; yearly paginated STAC search; AOI coverage=1.000,candidate-unverified
sentinel1,S1A_IW_GRDH_1SDV_20181113T112836_20181113T112901_024569_02B26B,SENTINEL-1A,2018-11-13T11:28:49.393281Z,2018-11-13T18:28:49.393281+07:00,,,,,,unverified,https://planetarycomputer.microsoft.com/api/stac/v1/collections/sentinel-1-grd/items/S1A_IW_GRDH_1SDV_20181113T112836_20181113T112901_024569_02B26B,"Copernicus Sentinel Data Legal Notice - free, full and open access",EPSG:32647,10 pixel spacing (GRD),VV;VH,,,,provider=Microsoft Planetary Computer; yearly paginated STAC search; AOI coverage=1.000,candidate-unverified
sentinel1,S1A_IW_GRDH_1SDV_20181129T230931_20181129T230956_024809_02BB21,SENTINEL-1A,2018-11-29T23:09:44.139041Z,2018-11-30T06:09:44.139041+07:00,,,,,,unverified,https://planetarycomputer.microsoft.com/api/stac/v1/collections/sentinel-1-grd/items/S1A_IW_GRDH_1SDV_20181129T230931_20181129T230956_024809_02BB21,"Copernicus Sentinel Data Legal Notice - free, full and open access",EPSG:32647,10 pixel spacing (GRD),VV;VH,,,,provider=Microsoft Planetary Computer; yearly paginated STAC search; AOI coverage=1.000,candidate-unverified
sentinel1,S1B_IW_GRDH_1SDV_20181217T230829_20181217T230854_014088_01A2A0,SENTINEL-1B,2018-12-17T23:08:42.496520Z,2018-12-18T06:08:42.496520+07:00,,,,,,unverified,https://planetarycomputer.microsoft.com/api/stac/v1/collections/sentinel-1-grd/items/S1B_IW_GRDH_1SDV_20181217T230829_20181217T230854_014088_01A2A0,"Copernicus Sentinel Data Legal Notice - free, full and open access",EPSG:32647,10 pixel spacing (GRD),VV;VH,,,,provider=Microsoft Planetary Computer; yearly paginated STAC search; AOI coverage=1.000,candidate-unverified
sentinel1,S1A_IW_GRDH_1SDV_20181231T112835_20181231T112900_025269_02CB62,SENTINEL-1A,2018-12-31T11:28:47.826170Z,2018-12-31T18:28:47.826170+07:00,,,,,,unverified,https://planetarycomputer.microsoft.com/api/stac/v1/collections/sentinel-1-grd/items/S1A_IW_GRDH_1SDV_20181231T112835_20181231T112900_025269_02CB62,"Copernicus Sentinel Data Legal Notice - free, full and open access",EPSG:32647,10 pixel spacing (GRD),VV;VH,,,,provider=Microsoft Planetary Computer; yearly paginated STAC search; AOI coverage=1.000,candidate-unverified
sentinel1,S1A_IW_GRDH_1SDV_20190104T230930_20190104T230955_025334_02CDC3,SENTINEL-1A,2019-01-04T23:09:42.917378Z,2019-01-05T06:09:42.917378+07:00,,,,,,unverified,https://planetarycomputer.microsoft.com/api/stac/v1/collections/sentinel-1-grd/items/S1A_IW_GRDH_1SDV_20190104T230930_20190104T230955_025334_02CDC3,"Copernicus Sentinel Data Legal Notice - free, full and open access",EPSG:32647,10 pixel spacing (GRD),VV;VH,,,,provider=Microsoft Planetary Computer; yearly paginated STAC search; AOI coverage=1.000,candidate-unverified
sentinel1,S1B_IW_GRDH_1SDV_20190122T230828_20190122T230853_014613_01B3BA,SENTINEL-1B,2019-01-22T23:08:41.190814Z,2019-01-23T06:08:41.190814+07:00,,,,,,unverified,https://planetarycomputer.microsoft.com/api/stac/v1/collections/sentinel-1-grd/items/S1B_IW_GRDH_1SDV_20190122T230828_20190122T230853_014613_01B3BA,"Copernicus Sentinel Data Legal Notice - free, full and open access",EPSG:32647,10 pixel spacing (GRD),VV;VH,,,,provider=Microsoft Planetary Computer; yearly paginated STAC search; AOI coverage=1.000,candidate-unverified
sentinel1,S1A_IW_GRDH_1SDV_20190209T230929_20190209T230954_025859_02E0C6,SENTINEL-1A,2019-02-09T23:09:41.632347Z,2019-02-10T06:09:41.632347+07:00,,,,,,unverified,https://planetarycomputer.microsoft.com/api/stac/v1/collections/sentinel-1-grd/items/S1A_IW_GRDH_1SDV_20190209T230929_20190209T230954_025859_02E0C6,"Copernicus Sentinel Data Legal Notice - free, full and open access",EPSG:32647,10 pixel spacing (GRD),VV;VH,,,,provider=Microsoft Planetary Computer; yearly paginated STAC search; AOI coverage=1.000,candidate-unverified
sentinel1,S1A_IW_GRDH_1SDV_20190301T112833_20190301T112858_026144_02EADE,SENTINEL-1A,2019-03-01T11:28:46.383499Z,2019-03-01T18:28:46.383499+07:00,,,,,,unverified,https://planetarycomputer.microsoft.com/api/stac/v1/collections/sentinel-1-grd/items/S1A_IW_GRDH_1SDV_20190301T112833_20190301T112858_026144_02EADE,"Copernicus Sentinel Data Legal Notice - free, full and open access",EPSG:32647,10 pixel spacing (GRD),VV;VH,,,,provider=Microsoft Planetary Computer; yearly paginated STAC search; AOI coverage=1.000,candidate-unverified
sentinel1,S1B_IW_GRDH_1SDV_20190323T230828_20190323T230853_015488_01D048,SENTINEL-1B,2019-03-23T23:08:40.512456Z,2019-03-24T06:08:40.512456+07:00,,,,,,unverified,https://planetarycomputer.microsoft.com/api/stac/v1/collections/sentinel-1-grd/items/S1B_IW_GRDH_1SDV_20190323T230828_20190323T230853_015488_01D048,"Copernicus Sentinel Data Legal Notice - free, full and open access",EPSG:32647,10 pixel spacing (GRD),VV;VH,,,,provider=Microsoft Planetary Computer; yearly paginated STAC search; AOI coverage=1.000,candidate-unverified
sentinel1,S1A_IW_GRDH_1SDV_20190410T230929_20190410T230954_026734_03008A,SENTINEL-1A,2019-04-10T23:09:42.059523Z,2019-04-11T06:09:42.059523+07:00,,,,,,unverified,https://planetarycomputer.microsoft.com/api/stac/v1/collections/sentinel-1-grd/items/S1A_IW_GRDH_1SDV_20190410T230929_20190410T230954_026734_03008A,"Copernicus Sentinel Data Legal Notice - free, full and open access",EPSG:32647,10 pixel spacing (GRD),VV;VH,,,,provider=Microsoft Planetary Computer; yearly paginated STAC search; AOI coverage=1.000,candidate-unverified
sentinel1,S1A_IW_GRDH_1SDV_20190504T230930_20190504T230955_027084_030D3E,SENTINEL-1A,2019-05-04T23:09:43.161410Z,2019-05-05T06:09:43.161410+07:00,,,,,,unverified,https://planetarycomputer.microsoft.com/api/stac/v1/collections/sentinel-1-grd/items/S1A_IW_GRDH_1SDV_20190504T230930_20190504T230955_027084_030D3E,"Copernicus Sentinel Data Legal Notice - free, full and open access",EPSG:32647,10 pixel spacing (GRD),VV;VH,,,,provider=Microsoft Planetary Computer; yearly paginated STAC search; AOI coverage=1.000,candidate-unverified
sentinel1,S1B_IW_GRDH_1SDV_20190522T230830_20190522T230855_016363_01ECD3,SENTINEL-1B,2019-05-22T23:08:43.069123Z,2019-05-23T06:08:43.069123+07:00,,,,,,unverified,https://planetarycomputer.microsoft.com/api/stac/v1/collections/sentinel-1-grd/items/S1B_IW_GRDH_1SDV_20190522T230830_20190522T230855_016363_01ECD3,"Copernicus Sentinel Data Legal Notice - free, full and open access",EPSG:32647,10 pixel spacing (GRD),VV;VH,,,,provider=Microsoft Planetary Computer; yearly paginated STAC search; AOI coverage=1.000,candidate-unverified
sentinel1,S1A_IW_GRDH_1SDV_20190605T112836_20190605T112901_027544_031BB2,SENTINEL-1A,2019-06-05T11:28:49.404758Z,2019-06-05T18:28:49.404758+07:00,,,,,,unverified,https://planetarycomputer.microsoft.com/api/stac/v1/collections/sentinel-1-grd/items/S1A_IW_GRDH_1SDV_20190605T112836_20190605T112901_027544_031BB2,"Copernicus Sentinel Data Legal Notice - free, full and open access",EPSG:32647,10 pixel spacing (GRD),VV;VH,,,,provider=Microsoft Planetary Computer; yearly paginated STAC search; AOI coverage=1.000,candidate-unverified
sentinel1,S1A_IW_GRDH_1SDV_20190629T112838_20190629T112903_027894_032632,SENTINEL-1A,2019-06-29T11:28:50.827904Z,2019-06-29T18:28:50.827904+07:00,,,,,,unverified,https://planetarycomputer.microsoft.com/api/stac/v1/collections/sentinel-1-grd/items/S1A_IW_GRDH_1SDV_20190629T112838_20190629T112903_027894_032632,"Copernicus Sentinel Data Legal Notice - free, full and open access",EPSG:32647,10 pixel spacing (GRD),VV;VH,,,,provider=Microsoft Planetary Computer; yearly paginated STAC search; AOI coverage=1.000,candidate-unverified
sentinel1,S1B_IW_GRDH_1SDV_20190802T230834_20190802T230859_017413_020C01,SENTINEL-1B,2019-08-02T23:08:47.119460Z,2019-08-03T06:08:47.119460+07:00,,,,,,unverified,https://planetarycomputer.microsoft.com/api/stac/v1/collections/sentinel-1-grd/items/S1B_IW_GRDH_1SDV_20190802T230834_20190802T230859_017413_020C01,"Copernicus Sentinel Data Legal Notice - free, full and open access",EPSG:32647,10 pixel spacing (GRD),VV;VH,,,,provider=Microsoft Planetary Computer; yearly paginated STAC search; AOI coverage=1.000,candidate-unverified
sentinel1,S1A_IW_GRDH_1SDV_20190816T112841_20190816T112906_028594_033BF9,SENTINEL-1A,2019-08-16T11:28:54.013201Z,2019-08-16T18:28:54.013201+07:00,,,,,,unverified,https://planetarycomputer.microsoft.com/api/stac/v1/collections/sentinel-1-grd/items/S1A_IW_GRDH_1SDV_20190816T112841_20190816T112906_028594_033BF9,"Copernicus Sentinel Data Legal Notice - free, full and open access",EPSG:32647,10 pixel spacing (GRD),VV;VH,,,,provider=Microsoft Planetary Computer; yearly paginated STAC search; AOI coverage=1.000,candidate-unverified
sentinel1,S1B_IW_GRDH_1SDV_20190907T230836_20190907T230901_017938_021C46,SENTINEL-1B,2019-09-07T23:08:49.259933Z,2019-09-08T06:08:49.259933+07:00,,,,,,unverified,https://planetarycomputer.microsoft.com/api/stac/v1/collections/sentinel-1-grd/items/S1B_IW_GRDH_1SDV_20190907T230836_20190907T230901_017938_021C46,"Copernicus Sentinel Data Legal Notice - free, full and open access",EPSG:32647,10 pixel spacing (GRD),VV;VH,,,,provider=Microsoft Planetary Computer; yearly paginated STAC search; AOI coverage=1.000,candidate-unverified
sentinel1,S1A_IW_GRDH_1SDV_20190921T112843_20190921T112908_029119_034E2A,SENTINEL-1A,2019-09-21T11:28:55.528678Z,2019-09-21T18:28:55.528678+07:00,,,,,,unverified,https://planetarycomputer.microsoft.com/api/stac/v1/collections/sentinel-1-grd/items/S1A_IW_GRDH_1SDV_20190921T112843_20190921T112908_029119_034E2A,"Copernicus Sentinel Data Legal Notice - free, full and open access",EPSG:32647,10 pixel spacing (GRD),VV;VH,,,,provider=Microsoft Planetary Computer; yearly paginated STAC search; AOI coverage=1.000,candidate-unverified
sentinel1,S1A_IW_GRDH_1SDV_20191007T230938_20191007T231003_029359_035675,SENTINEL-1A,2019-10-07T23:09:51.222516Z,2019-10-08T06:09:51.222516+07:00,,,,,,unverified,https://planetarycomputer.microsoft.com/api/stac/v1/collections/sentinel-1-grd/items/S1A_IW_GRDH_1SDV_20191007T230938_20191007T231003_029359_035675,"Copernicus Sentinel Data Legal Notice - free, full and open access",EPSG:32647,10 pixel spacing (GRD),VV;VH,,,,provider=Microsoft Planetary Computer; yearly paginated STAC search; AOI coverage=1.000,candidate-unverified
sentinel1,S1B_IW_GRDH_1SDV_20191025T230837_20191025T230902_018638_0231F2,SENTINEL-1B,2019-10-25T23:08:50.184006Z,2019-10-26T06:08:50.184006+07:00,,,,,,unverified,https://planetarycomputer.microsoft.com/api/stac/v1/collections/sentinel-1-grd/items/S1B_IW_GRDH_1SDV_20191025T230837_20191025T230902_018638_0231F2,"Copernicus Sentinel Data Legal Notice - free, full and open access",EPSG:32647,10 pixel spacing (GRD),VV;VH,,,,provider=Microsoft Planetary Computer; yearly paginated STAC search; AOI coverage=1.000,candidate-unverified
sentinel1,S1A_IW_GRDH_1SDV_20191108T112843_20191108T112908_029819_036672,SENTINEL-1A,2019-11-08T11:28:55.986683Z,2019-11-08T18:28:55.986683+07:00,,,,,,unverified,https://planetarycomputer.microsoft.com/api/stac/v1/collections/sentinel-1-grd/items/S1A_IW_GRDH_1SDV_20191108T112843_20191108T112908_029819_036672,"Copernicus Sentinel Data Legal Notice - free, full and open access",EPSG:32647,10 pixel spacing (GRD),VV;VH,,,,provider=Microsoft Planetary Computer; yearly paginated STAC search; AOI coverage=1.000,candidate-unverified
sentinel1,S1A_IW_GRDH_1SDV_20191124T230938_20191124T231003_030059_036EC9,SENTINEL-1A,2019-11-24T23:09:50.951466Z,2019-11-25T06:09:50.951466+07:00,,,,,,unverified,https://planetarycomputer.microsoft.com/api/stac/v1/collections/sentinel-1-grd/items/S1A_IW_GRDH_1SDV_20191124T230938_20191124T231003_030059_036EC9,"Copernicus Sentinel Data Legal Notice - free, full and open access",EPSG:32647,10 pixel spacing (GRD),VV;VH,,,,provider=Microsoft Planetary Computer; yearly paginated STAC search; AOI coverage=1.000,candidate-unverified
sentinel1,S1B_IW_GRDH_1SDV_20191212T230836_20191212T230901_019338_02485C,SENTINEL-1B,2019-12-12T23:08:49.173507Z,2019-12-13T06:08:49.173507+07:00,,,,,,unverified,https://planetarycomputer.microsoft.com/api/stac/v1/collections/sentinel-1-grd/items/S1B_IW_GRDH_1SDV_20191212T230836_20191212T230901_019338_02485C,"Copernicus Sentinel Data Legal Notice - free, full and open access",EPSG:32647,10 pixel spacing (GRD),VV;VH,,,,provider=Microsoft Planetary Computer; yearly paginated STAC search; AOI coverage=1.000,candidate-unverified
sentinel1,S1A_IW_GRDH_1SDV_20191230T230936_20191230T231001_030584_0380E9,SENTINEL-1A,2019-12-30T23:09:49.456889Z,2019-12-31T06:09:49.456889+07:00,,,,,,unverified,https://planetarycomputer.microsoft.com/api/stac/v1/collections/sentinel-1-grd/items/S1A_IW_GRDH_1SDV_20191230T230936_20191230T231001_030584_0380E9,"Copernicus Sentinel Data Legal Notice - free, full and open access",EPSG:32647,10 pixel spacing (GRD),VV;VH,,,,provider=Microsoft Planetary Computer; yearly paginated STAC search; AOI coverage=1.000,candidate-unverified
sentinel1,S1B_IW_GRDH_1SDV_20200105T230835_20200105T230900_019688_02537C,SENTINEL-1B,2020-01-05T23:08:48.074158Z,2020-01-06T06:08:48.074158+07:00,,,,,,unverified,https://planetarycomputer.microsoft.com/api/stac/v1/collections/sentinel-1-grd/items/S1B_IW_GRDH_1SDV_20200105T230835_20200105T230900_019688_02537C,"Copernicus Sentinel Data Legal Notice - free, full and open access",EPSG:32647,10 pixel spacing (GRD),VV;VH,,,,provider=Microsoft Planetary Computer; yearly paginated STAC search; AOI coverage=1.000,candidate-unverified
sentinel1,S1A_IW_GRDH_1SDV_20200119T112840_20200119T112905_030869_038AD7,SENTINEL-1A,2020-01-19T11:28:53.404676Z,2020-01-19T18:28:53.404676+07:00,,,,,,unverified,https://planetarycomputer.microsoft.com/api/stac/v1/collections/sentinel-1-grd/items/S1A_IW_GRDH_1SDV_20200119T112840_20200119T112905_030869_038AD7,"Copernicus Sentinel Data Legal Notice - free, full and open access",EPSG:32647,10 pixel spacing (GRD),VV;VH,,,,provider=Microsoft Planetary Computer; yearly paginated STAC search; AOI coverage=1.000,candidate-unverified
sentinel1,S1A_IW_GRDH_1SDV_20200212T112840_20200212T112905_031219_03970B,SENTINEL-1A,2020-02-12T11:28:52.616000Z,2020-02-12T18:28:52.616000+07:00,,,,,,unverified,https://planetarycomputer.microsoft.com/api/stac/v1/collections/sentinel-1-grd/items/S1A_IW_GRDH_1SDV_20200212T112840_20200212T112905_031219_03970B,"Copernicus Sentinel Data Legal Notice - free, full and open access",EPSG:32647,10 pixel spacing (GRD),VV;VH,,,,provider=Microsoft Planetary Computer; yearly paginated STAC search; AOI coverage=1.000,candidate-unverified
sentinel1,S1A_IW_GRDH_1SDV_20200228T230935_20200228T231000_031459_039F4C,SENTINEL-1A,2020-02-28T23:09:47.736344Z,2020-02-29T06:09:47.736344+07:00,,,,,,unverified,https://planetarycomputer.microsoft.com/api/stac/v1/collections/sentinel-1-grd/items/S1A_IW_GRDH_1SDV_20200228T230935_20200228T231000_031459_039F4C,"Copernicus Sentinel Data Legal Notice - free, full and open access",EPSG:32647,10 pixel spacing (GRD),VV;VH,,,,provider=Microsoft Planetary Computer; yearly paginated STAC search; AOI coverage=1.000,candidate-unverified
sentinel1,S1B_IW_GRDH_1SDV_20200317T230834_20200317T230859_020738_02751C,SENTINEL-1B,2020-03-17T23:08:46.827098Z,2020-03-18T06:08:46.827098+07:00,,,,,,unverified,https://planetarycomputer.microsoft.com/api/stac/v1/collections/sentinel-1-grd/items/S1B_IW_GRDH_1SDV_20200317T230834_20200317T230859_020738_02751C,"Copernicus Sentinel Data Legal Notice - free, full and open access",EPSG:32647,10 pixel spacing (GRD),VV;VH,,,,provider=Microsoft Planetary Computer; yearly paginated STAC search; AOI coverage=1.000,candidate-unverified
sentinel1,S1A_IW_GRDH_1SDV_20200404T230935_20200404T231000_031984_03B1B3,SENTINEL-1A,2020-04-04T23:09:48.335581Z,2020-04-05T06:09:48.335581+07:00,,,,,,unverified,https://planetarycomputer.microsoft.com/api/stac/v1/collections/sentinel-1-grd/items/S1A_IW_GRDH_1SDV_20200404T230935_20200404T231000_031984_03B1B3,"Copernicus Sentinel Data Legal Notice - free, full and open access",EPSG:32647,10 pixel spacing (GRD),VV;VH,,,,provider=Microsoft Planetary Computer; yearly paginated STAC search; AOI coverage=1.000,candidate-unverified
sentinel1,S1B_IW_GRDH_1SDV_20200422T230835_20200422T230900_021263_0285B4,SENTINEL-1B,2020-04-22T23:08:47.764232Z,2020-04-23T06:08:47.764232+07:00,,,,,,unverified,https://planetarycomputer.microsoft.com/api/stac/v1/collections/sentinel-1-grd/items/S1B_IW_GRDH_1SDV_20200422T230835_20200422T230900_021263_0285B4,"Copernicus Sentinel Data Legal Notice - free, full and open access",EPSG:32647,10 pixel spacing (GRD),VV;VH,,,,provider=Microsoft Planetary Computer; yearly paginated STAC search; AOI coverage=1.000,candidate-unverified
sentinel1,S1A_IW_GRDH_1SDV_20200506T112841_20200506T112906_032444_03C1D4,SENTINEL-1A,2020-05-06T11:28:54.232905Z,2020-05-06T18:28:54.232905+07:00,,,,,,unverified,https://planetarycomputer.microsoft.com/api/stac/v1/collections/sentinel-1-grd/items/S1A_IW_GRDH_1SDV_20200506T112841_20200506T112906_032444_03C1D4,"Copernicus Sentinel Data Legal Notice - free, full and open access",EPSG:32647,10 pixel spacing (GRD),VV;VH,,,,provider=Microsoft Planetary Computer; yearly paginated STAC search; AOI coverage=1.000,candidate-unverified
sentinel1,S1A_IW_GRDH_1SDV_20200530T112843_20200530T112908_032794_03CC71,SENTINEL-1A,2020-05-30T11:28:55.814798Z,2020-05-30T18:28:55.814798+07:00,,,,,,unverified,https://planetarycomputer.microsoft.com/api/stac/v1/collections/sentinel-1-grd/items/S1A_IW_GRDH_1SDV_20200530T112843_20200530T112908_032794_03CC71,"Copernicus Sentinel Data Legal Notice - free, full and open access",EPSG:32647,10 pixel spacing (GRD),VV;VH,,,,provider=Microsoft Planetary Computer; yearly paginated STAC search; AOI coverage=1.000,candidate-unverified
sentinel1,S1A_IW_GRDH_1SDV_20200623T112844_20200623T112909_033144_03D6F1,SENTINEL-1A,2020-06-23T11:28:57.243399Z,2020-06-23T18:28:57.243399+07:00,,,,,,unverified,https://planetarycomputer.microsoft.com/api/stac/v1/collections/sentinel-1-grd/items/S1A_IW_GRDH_1SDV_20200623T112844_20200623T112909_033144_03D6F1,"Copernicus Sentinel Data Legal Notice - free, full and open access",EPSG:32647,10 pixel spacing (GRD),VV;VH,,,,provider=Microsoft Planetary Computer; yearly paginated STAC search; AOI coverage=1.000,candidate-unverified
sentinel1,S1B_IW_GRDH_1SDV_20200727T230840_20200727T230905_022663_02B048,SENTINEL-1B,2020-07-27T23:08:53.347754Z,2020-07-28T06:08:53.347754+07:00,,,,,,unverified,https://planetarycomputer.microsoft.com/api/stac/v1/collections/sentinel-1-grd/items/S1B_IW_GRDH_1SDV_20200727T230840_20200727T230905_022663_02B048,"Copernicus Sentinel Data Legal Notice - free, full and open access",EPSG:32647,10 pixel spacing (GRD),VV;VH,,,,provider=Microsoft Planetary Computer; yearly paginated STAC search; AOI coverage=1.000,candidate-unverified
sentinel1,S1A_IW_GRDH_1SDV_20200814T230943_20200814T231008_033909_03EEE6,SENTINEL-1A,2020-08-14T23:09:55.596406Z,2020-08-15T06:09:55.596406+07:00,,,,,,unverified,https://planetarycomputer.microsoft.com/api/stac/v1/collections/sentinel-1-grd/items/S1A_IW_GRDH_1SDV_20200814T230943_20200814T231008_033909_03EEE6,"Copernicus Sentinel Data Legal Notice - free, full and open access",EPSG:32647,10 pixel spacing (GRD),VV;VH,,,,provider=Microsoft Planetary Computer; yearly paginated STAC search; AOI coverage=1.000,candidate-unverified
sentinel1,S1B_IW_GRDH_1SDV_20200901T230842_20200901T230907_023188_02C08B,SENTINEL-1B,2020-09-01T23:08:55.344694Z,2020-09-02T06:08:55.344694+07:00,,,,,,unverified,https://planetarycomputer.microsoft.com/api/stac/v1/collections/sentinel-1-grd/items/S1B_IW_GRDH_1SDV_20200901T230842_20200901T230907_023188_02C08B,"Copernicus Sentinel Data Legal Notice - free, full and open access",EPSG:32647,10 pixel spacing (GRD),VV;VH,,,,provider=Microsoft Planetary Computer; yearly paginated STAC search; AOI coverage=1.000,candidate-unverified
sentinel1,S1A_IW_GRDH_1SDV_20200919T230944_20200919T231009_034434_040174,SENTINEL-1A,2020-09-19T23:09:57.233025Z,2020-09-20T06:09:57.233025+07:00,,,,,,unverified,https://planetarycomputer.microsoft.com/api/stac/v1/collections/sentinel-1-grd/items/S1A_IW_GRDH_1SDV_20200919T230944_20200919T231009_034434_040174,"Copernicus Sentinel Data Legal Notice - free, full and open access",EPSG:32647,10 pixel spacing (GRD),VV;VH,,,,provider=Microsoft Planetary Computer; yearly paginated STAC search; AOI coverage=1.000,candidate-unverified
sentinel1,S1B_IW_GRDH_1SDV_20201007T230843_20201007T230908_023713_02D0FC,SENTINEL-1B,2020-10-07T23:08:56.390109Z,2020-10-08T06:08:56.390109+07:00,,,,,,unverified,https://planetarycomputer.microsoft.com/api/stac/v1/collections/sentinel-1-grd/items/S1B_IW_GRDH_1SDV_20201007T230843_20201007T230908_023713_02D0FC,"Copernicus Sentinel Data Legal Notice - free, full and open access",EPSG:32647,10 pixel spacing (GRD),VV;VH,,,,provider=Microsoft Planetary Computer; yearly paginated STAC search; AOI coverage=1.000,candidate-unverified
sentinel1,S1B_IW_GRDH_1SDV_20201019T230843_20201019T230908_023888_02D667,SENTINEL-1B,2020-10-19T23:08:56.274435Z,2020-10-20T06:08:56.274435+07:00,,,,,,unverified,https://planetarycomputer.microsoft.com/api/stac/v1/collections/sentinel-1-grd/items/S1B_IW_GRDH_1SDV_20201019T230843_20201019T230908_023888_02D667,"Copernicus Sentinel Data Legal Notice - free, full and open access",EPSG:32647,10 pixel spacing (GRD),VV;VH,,,,provider=Microsoft Planetary Computer; yearly paginated STAC search; AOI coverage=1.000,candidate-unverified
sentinel1,S1A_IW_GRDH_1SDV_20201102T112849_20201102T112914_035069_04177D,SENTINEL-1A,2020-11-02T11:29:02.365059Z,2020-11-02T18:29:02.365059+07:00,,,,,,unverified,https://planetarycomputer.microsoft.com/api/stac/v1/collections/sentinel-1-grd/items/S1A_IW_GRDH_1SDV_20201102T112849_20201102T112914_035069_04177D,"Copernicus Sentinel Data Legal Notice - free, full and open access",EPSG:32647,10 pixel spacing (GRD),VV;VH,,,,provider=Microsoft Planetary Computer; yearly paginated STAC search; AOI coverage=1.000,candidate-unverified
sentinel1,S1A_IW_GRDH_1SDV_20201118T230944_20201118T231009_035309_041FE6,SENTINEL-1A,2020-11-18T23:09:57.352176Z,2020-11-19T06:09:57.352176+07:00,,,,,,unverified,https://planetarycomputer.microsoft.com/api/stac/v1/collections/sentinel-1-grd/items/S1A_IW_GRDH_1SDV_20201118T230944_20201118T231009_035309_041FE6,"Copernicus Sentinel Data Legal Notice - free, full and open access",EPSG:32647,10 pixel spacing (GRD),VV;VH,,,,provider=Microsoft Planetary Computer; yearly paginated STAC search; AOI coverage=1.000,candidate-unverified
sentinel1,S1A_IW_GRDH_1SDV_20201208T112848_20201208T112913_035594_0429B5,SENTINEL-1A,2020-12-08T11:29:01.335714Z,2020-12-08T18:29:01.335714+07:00,,,,,,unverified,https://planetarycomputer.microsoft.com/api/stac/v1/collections/sentinel-1-grd/items/S1A_IW_GRDH_1SDV_20201208T112848_20201208T112913_035594_0429B5,"Copernicus Sentinel Data Legal Notice - free, full and open access",EPSG:32647,10 pixel spacing (GRD),VV;VH,,,,provider=Microsoft Planetary Computer; yearly paginated STAC search; AOI coverage=1.000,candidate-unverified
sentinel1,S1A_IW_GRDH_1SDV_20201224T230943_20201224T231008_035834_0431F5,SENTINEL-1A,2020-12-24T23:09:55.880514Z,2020-12-25T06:09:55.880514+07:00,,,,,,unverified,https://planetarycomputer.microsoft.com/api/stac/v1/collections/sentinel-1-grd/items/S1A_IW_GRDH_1SDV_20201224T230943_20201224T231008_035834_0431F5,"Copernicus Sentinel Data Legal Notice - free, full and open access",EPSG:32647,10 pixel spacing (GRD),VV;VH,,,,provider=Microsoft Planetary Computer; yearly paginated STAC search; AOI coverage=1.000,candidate-unverified
sentinel1,S1A_IW_GRDH_1SDV_20210101T112847_20210101T112912_035944_0435CA,SENTINEL-1A,2021-01-01T11:29:00.221529Z,2021-01-01T18:29:00.221529+07:00,,,,,,unverified,https://planetarycomputer.microsoft.com/api/stac/v1/collections/sentinel-1-grd/items/S1A_IW_GRDH_1SDV_20210101T112847_20210101T112912_035944_0435CA,"Copernicus Sentinel Data Legal Notice - free, full and open access",EPSG:32647,10 pixel spacing (GRD),VV;VH,,,,provider=Microsoft Planetary Computer; yearly paginated STAC search; AOI coverage=1.000,candidate-unverified
sentinel1,S1A_IW_GRDH_1SDV_20210117T230942_20210117T231007_036184_043E2D,SENTINEL-1A,2021-01-17T23:09:54.736216Z,2021-01-18T06:09:54.736216+07:00,,,,,,unverified,https://planetarycomputer.microsoft.com/api/stac/v1/collections/sentinel-1-grd/items/S1A_IW_GRDH_1SDV_20210117T230942_20210117T231007_036184_043E2D,"Copernicus Sentinel Data Legal Notice - free, full and open access",EPSG:32647,10 pixel spacing (GRD),VV;VH,,,,provider=Microsoft Planetary Computer; yearly paginated STAC search; AOI coverage=1.000,candidate-unverified
sentinel1,S1A_IW_GRDH_1SDV_20210206T112846_20210206T112911_036469_044816,SENTINEL-1A,2021-02-06T11:28:58.842775Z,2021-02-06T18:28:58.842775+07:00,,,,,,unverified,https://planetarycomputer.microsoft.com/api/stac/v1/collections/sentinel-1-grd/items/S1A_IW_GRDH_1SDV_20210206T112846_20210206T112911_036469_044816,"Copernicus Sentinel Data Legal Notice - free, full and open access",EPSG:32647,10 pixel spacing (GRD),VV;VH,,,,provider=Microsoft Planetary Computer; yearly paginated STAC search; AOI coverage=1.000,candidate-unverified
sentinel1,S1A_IW_GRDH_1SDV_20210222T230941_20210222T231006_036709_045076,SENTINEL-1A,2021-02-22T23:09:53.769787Z,2021-02-23T06:09:53.769787+07:00,,,,,,unverified,https://planetarycomputer.microsoft.com/api/stac/v1/collections/sentinel-1-grd/items/S1A_IW_GRDH_1SDV_20210222T230941_20210222T231006_036709_045076,"Copernicus Sentinel Data Legal Notice - free, full and open access",EPSG:32647,10 pixel spacing (GRD),VV;VH,,,,provider=Microsoft Planetary Computer; yearly paginated STAC search; AOI coverage=1.000,candidate-unverified
sentinel1,S1A_IW_GRDH_1SDV_20210314T112845_20210314T112910_036994_045A64,SENTINEL-1A,2021-03-14T11:28:58.411510Z,2021-03-14T18:28:58.411510+07:00,,,,,,unverified,https://planetarycomputer.microsoft.com/api/stac/v1/collections/sentinel-1-grd/items/S1A_IW_GRDH_1SDV_20210314T112845_20210314T112910_036994_045A64,"Copernicus Sentinel Data Legal Notice - free, full and open access",EPSG:32647,10 pixel spacing (GRD),VV;VH,,,,provider=Microsoft Planetary Computer; yearly paginated STAC search; AOI coverage=1.000,candidate-unverified
sentinel1,S1A_IW_GRDH_1SDV_20210407T112846_20210407T112911_037344_04667D,SENTINEL-1A,2021-04-07T11:28:59.048744Z,2021-04-07T18:28:59.048744+07:00,,,,,,unverified,https://planetarycomputer.microsoft.com/api/stac/v1/collections/sentinel-1-grd/items/S1A_IW_GRDH_1SDV_20210407T112846_20210407T112911_037344_04667D,"Copernicus Sentinel Data Legal Notice - free, full and open access",EPSG:32647,10 pixel spacing (GRD),VV;VH,,,,provider=Microsoft Planetary Computer; yearly paginated STAC search; AOI coverage=1.000,candidate-unverified
sentinel1,S1A_IW_GRDH_1SDV_20210423T230942_20210423T231007_037584_046EC7,SENTINEL-1A,2021-04-23T23:09:55.056548Z,2021-04-24T06:09:55.056548+07:00,,,,,,unverified,https://planetarycomputer.microsoft.com/api/stac/v1/collections/sentinel-1-grd/items/S1A_IW_GRDH_1SDV_20210423T230942_20210423T231007_037584_046EC7,"Copernicus Sentinel Data Legal Notice - free, full and open access",EPSG:32647,10 pixel spacing (GRD),VV;VH,,,,provider=Microsoft Planetary Computer; yearly paginated STAC search; AOI coverage=1.000,candidate-unverified
sentinel1,S1A_IW_GRDH_1SDV_20210513T112848_20210513T112913_037869_04782B,SENTINEL-1A,2021-05-13T11:29:00.654683Z,2021-05-13T18:29:00.654683+07:00,,,,,,unverified,https://planetarycomputer.microsoft.com/api/stac/v1/collections/sentinel-1-grd/items/S1A_IW_GRDH_1SDV_20210513T112848_20210513T112913_037869_04782B,"Copernicus Sentinel Data Legal Notice - free, full and open access",EPSG:32647,10 pixel spacing (GRD),VV;VH,,,,provider=Microsoft Planetary Computer; yearly paginated STAC search; AOI coverage=1.000,candidate-unverified
sentinel1,S1B_IW_GRDH_1SDV_20210604T230843_20210604T230908_027213_034033,SENTINEL-1B,2021-06-04T23:08:56.106966Z,2021-06-05T06:08:56.106966+07:00,,,,,,unverified,https://planetarycomputer.microsoft.com/api/stac/v1/collections/sentinel-1-grd/items/S1B_IW_GRDH_1SDV_20210604T230843_20210604T230908_027213_034033,"Copernicus Sentinel Data Legal Notice - free, full and open access",EPSG:32647,10 pixel spacing (GRD),VV;VH,,,,provider=Microsoft Planetary Computer; yearly paginated STAC search; AOI coverage=1.000,candidate-unverified
sentinel1,S1B_IW_GRDH_1SDV_20210628T230844_20210628T230909_027563_034A5A,SENTINEL-1B,2021-06-28T23:08:57.474952Z,2021-06-29T06:08:57.474952+07:00,,,,,,unverified,https://planetarycomputer.microsoft.com/api/stac/v1/collections/sentinel-1-grd/items/S1B_IW_GRDH_1SDV_20210628T230844_20210628T230909_027563_034A5A,"Copernicus Sentinel Data Legal Notice - free, full and open access",EPSG:32647,10 pixel spacing (GRD),VV;VH,,,,provider=Microsoft Planetary Computer; yearly paginated STAC search; AOI coverage=1.000,candidate-unverified
sentinel1,S1A_IW_GRDH_1SDV_20210716T230946_20210716T231001_038809_04944B,SENTINEL-1A,2021-07-16T23:09:54.050326Z,2021-07-17T06:09:54.050326+07:00,,,,,,unverified,https://planetarycomputer.microsoft.com/api/stac/v1/collections/sentinel-1-grd/items/S1A_IW_GRDH_1SDV_20210716T230946_20210716T231001_038809_04944B,"Copernicus Sentinel Data Legal Notice - free, full and open access",EPSG:32647,10 pixel spacing (GRD),VV;VH,,,,provider=Microsoft Planetary Computer; yearly paginated STAC search; AOI coverage=1.000,candidate-unverified
sentinel1,S1A_IW_GRDH_1SDV_20210817T112853_20210817T112918_039269_04A2FD,SENTINEL-1A,2021-08-17T11:29:06.216988Z,2021-08-17T18:29:06.216988+07:00,,,,,,unverified,https://planetarycomputer.microsoft.com/api/stac/v1/collections/sentinel-1-grd/items/S1A_IW_GRDH_1SDV_20210817T112853_20210817T112918_039269_04A2FD,"Copernicus Sentinel Data Legal Notice - free, full and open access",EPSG:32647,10 pixel spacing (GRD),VV;VH,,,,provider=Microsoft Planetary Computer; yearly paginated STAC search; AOI coverage=1.000,candidate-unverified
sentinel1,S1A_IW_GRDH_1SDV_20210902T230949_20210902T231014_039509_04AB31,SENTINEL-1A,2021-09-02T23:10:01.527258Z,2021-09-03T06:10:01.527258+07:00,,,,,,unverified,https://planetarycomputer.microsoft.com/api/stac/v1/collections/sentinel-1-grd/items/S1A_IW_GRDH_1SDV_20210902T230949_20210902T231014_039509_04AB31,"Copernicus Sentinel Data Legal Notice - free, full and open access",EPSG:32647,10 pixel spacing (GRD),VV;VH,,,,provider=Microsoft Planetary Computer; yearly paginated STAC search; AOI coverage=1.000,candidate-unverified
sentinel1,S1B_IW_GRDH_1SDV_20210920T230849_20210920T230914_028788_036F91,SENTINEL-1B,2021-09-20T23:09:01.839375Z,2021-09-21T06:09:01.839375+07:00,,,,,,unverified,https://planetarycomputer.microsoft.com/api/stac/v1/collections/sentinel-1-grd/items/S1B_IW_GRDH_1SDV_20210920T230849_20210920T230914_028788_036F91,"Copernicus Sentinel Data Legal Notice - free, full and open access",EPSG:32647,10 pixel spacing (GRD),VV;VH,,,,provider=Microsoft Planetary Computer; yearly paginated STAC search; AOI coverage=1.000,candidate-unverified
sentinel1,S1A_IW_GRDH_1SDV_20211008T230950_20211008T231015_040034_04BD3A,SENTINEL-1A,2021-10-08T23:10:02.697151Z,2021-10-09T06:10:02.697151+07:00,,,,,,unverified,https://planetarycomputer.microsoft.com/api/stac/v1/collections/sentinel-1-grd/items/S1A_IW_GRDH_1SDV_20211008T230950_20211008T231015_040034_04BD3A,"Copernicus Sentinel Data Legal Notice - free, full and open access",EPSG:32647,10 pixel spacing (GRD),VV;VH,,,,provider=Microsoft Planetary Computer; yearly paginated STAC search; AOI coverage=1.000,candidate-unverified
sentinel1,S1B_IW_GRDH_1SDV_20211026T230849_20211026T230914_029313_037F9F,SENTINEL-1B,2021-10-26T23:09:02.294683Z,2021-10-27T06:09:02.294683+07:00,,,,,,unverified,https://planetarycomputer.microsoft.com/api/stac/v1/collections/sentinel-1-grd/items/S1B_IW_GRDH_1SDV_20211026T230849_20211026T230914_029313_037F9F,"Copernicus Sentinel Data Legal Notice - free, full and open access",EPSG:32647,10 pixel spacing (GRD),VV;VH,,,,provider=Microsoft Planetary Computer; yearly paginated STAC search; AOI coverage=1.000,candidate-unverified
sentinel1,S1A_IW_GRDH_1SDV_20211109T112855_20211109T112920_040494_04CD49,SENTINEL-1A,2021-11-09T11:29:07.816934Z,2021-11-09T18:29:07.816934+07:00,,,,,,unverified,https://planetarycomputer.microsoft.com/api/stac/v1/collections/sentinel-1-grd/items/S1A_IW_GRDH_1SDV_20211109T112855_20211109T112920_040494_04CD49,"Copernicus Sentinel Data Legal Notice - free, full and open access",EPSG:32647,10 pixel spacing (GRD),VV;VH,,,,provider=Microsoft Planetary Computer; yearly paginated STAC search; AOI coverage=1.000,candidate-unverified
sentinel1,S1A_IW_GRDH_1SDV_20211125T230949_20211125T231014_040734_04D587,SENTINEL-1A,2021-11-25T23:10:02.065685Z,2021-11-26T06:10:02.065685+07:00,,,,,,unverified,https://planetarycomputer.microsoft.com/api/stac/v1/collections/sentinel-1-grd/items/S1A_IW_GRDH_1SDV_20211125T230949_20211125T231014_040734_04D587,"Copernicus Sentinel Data Legal Notice - free, full and open access",EPSG:32647,10 pixel spacing (GRD),VV;VH,,,,provider=Microsoft Planetary Computer; yearly paginated STAC search; AOI coverage=1.000,candidate-unverified
sentinel1,S1B_IW_GRDH_1SDV_20211213T230848_20211213T230913_030013_03955E,SENTINEL-1B,2021-12-13T23:09:00.896347Z,2021-12-14T06:09:00.896347+07:00,,,,,,unverified,https://planetarycomputer.microsoft.com/api/stac/v1/collections/sentinel-1-grd/items/S1B_IW_GRDH_1SDV_20211213T230848_20211213T230913_030013_03955E,"Copernicus Sentinel Data Legal Notice - free, full and open access",EPSG:32647,10 pixel spacing (GRD),VV;VH,,,,provider=Microsoft Planetary Computer; yearly paginated STAC search; AOI coverage=1.000,candidate-unverified
sentinel1,S1A_IW_GRDH_1SDV_20211231T230947_20211231T231012_041259_04E755,SENTINEL-1A,2021-12-31T23:10:00.370017Z,2022-01-01T06:10:00.370017+07:00,,,,,,unverified,https://planetarycomputer.microsoft.com/api/stac/v1/collections/sentinel-1-grd/items/S1A_IW_GRDH_1SDV_20211231T230947_20211231T231012_041259_04E755,"Copernicus Sentinel Data Legal Notice - free, full and open access",EPSG:32647,10 pixel spacing (GRD),VV;VH,,,,provider=Microsoft Planetary Computer; yearly paginated STAC search; AOI coverage=1.000,candidate-unverified
sentinel1,S1A_IW_GRDH_1SDV_20220112T230947_20220112T231012_041434_04ED3C,SENTINEL-1A,2022-01-12T23:10:00.002134Z,2022-01-13T06:10:00.002134+07:00,,,,,,unverified,https://planetarycomputer.microsoft.com/api/stac/v1/collections/sentinel-1-grd/items/S1A_IW_GRDH_1SDV_20220112T230947_20220112T231012_041434_04ED3C,"Copernicus Sentinel Data Legal Notice - free, full and open access",EPSG:32647,10 pixel spacing (GRD),VV;VH,,,,provider=Microsoft Planetary Computer; yearly paginated STAC search; AOI coverage=1.000,candidate-unverified
sentinel1,S1A_IW_GRDH_1SDV_20220201T112851_20220201T112916_041719_04F6CE,SENTINEL-1A,2022-02-01T11:29:04.230967Z,2022-02-01T18:29:04.230967+07:00,,,,,,unverified,https://planetarycomputer.microsoft.com/api/stac/v1/collections/sentinel-1-grd/items/S1A_IW_GRDH_1SDV_20220201T112851_20220201T112916_041719_04F6CE,"Copernicus Sentinel Data Legal Notice - free, full and open access",EPSG:32647,10 pixel spacing (GRD),VV;VH,,,,provider=Microsoft Planetary Computer; yearly paginated STAC search; AOI coverage=1.000,candidate-unverified
sentinel1,S1A_IW_GRDH_1SDV_20220217T230946_20220217T231011_041959_04FF2B,SENTINEL-1A,2022-02-17T23:09:58.701245Z,2022-02-18T06:09:58.701245+07:00,,,,,,unverified,https://planetarycomputer.microsoft.com/api/stac/v1/collections/sentinel-1-grd/items/S1A_IW_GRDH_1SDV_20220217T230946_20220217T231011_041959_04FF2B,"Copernicus Sentinel Data Legal Notice - free, full and open access",EPSG:32647,10 pixel spacing (GRD),VV;VH,,,,provider=Microsoft Planetary Computer; yearly paginated STAC search; AOI coverage=1.000,candidate-unverified
sentinel1,S1A_IW_GRDH_1SDV_20220313T230946_20220313T231011_042309_050B1B,SENTINEL-1A,2022-03-13T23:09:58.698329Z,2022-03-14T06:09:58.698329+07:00,,,,,,unverified,https://planetarycomputer.microsoft.com/api/stac/v1/collections/sentinel-1-grd/items/S1A_IW_GRDH_1SDV_20220313T230946_20220313T231011_042309_050B1B,"Copernicus Sentinel Data Legal Notice - free, full and open access",EPSG:32647,10 pixel spacing (GRD),VV;VH,,,,provider=Microsoft Planetary Computer; yearly paginated STAC search; AOI coverage=1.000,candidate-unverified
sentinel1,S1A_IW_GRDH_1SDV_20220402T112852_20220402T112917_042594_0514C6,SENTINEL-1A,2022-04-02T11:29:04.596042Z,2022-04-02T18:29:04.596042+07:00,,,,,,unverified,https://planetarycomputer.microsoft.com/api/stac/v1/collections/sentinel-1-grd/items/S1A_IW_GRDH_1SDV_20220402T112852_20220402T112917_042594_0514C6,"Copernicus Sentinel Data Legal Notice - free, full and open access",EPSG:32647,10 pixel spacing (GRD),VV;VH,,,,provider=Microsoft Planetary Computer; yearly paginated STAC search; AOI coverage=1.000,candidate-unverified
sentinel1,S1A_IW_GRDH_1SDV_20220414T112852_20220414T112917_042769_051AAB,SENTINEL-1A,2022-04-14T11:29:04.608410Z,2022-04-14T18:29:04.608410+07:00,,,,,,unverified,https://planetarycomputer.microsoft.com/api/stac/v1/collections/sentinel-1-grd/items/S1A_IW_GRDH_1SDV_20220414T112852_20220414T112917_042769_051AAB,"Copernicus Sentinel Data Legal Notice - free, full and open access",EPSG:32647,10 pixel spacing (GRD),VV;VH,,,,provider=Microsoft Planetary Computer; yearly paginated STAC search; AOI coverage=1.000,candidate-unverified
sentinel1,S1A_IW_GRDH_1SDV_20220430T230947_20220430T231012_043009_052299,SENTINEL-1A,2022-04-30T23:10:00.165861Z,2022-05-01T06:10:00.165861+07:00,,,,,,unverified,https://planetarycomputer.microsoft.com/api/stac/v1/collections/sentinel-1-grd/items/S1A_IW_GRDH_1SDV_20220430T230947_20220430T231012_043009_052299,"Copernicus Sentinel Data Legal Notice - free, full and open access",EPSG:32647,10 pixel spacing (GRD),VV;VH,,,,provider=Microsoft Planetary Computer; yearly paginated STAC search; AOI coverage=1.000,candidate-unverified
sentinel1,S1A_IW_GRDH_1SDV_20220520T112854_20220520T112919_043294_052B91,SENTINEL-1A,2022-05-20T11:29:06.710111Z,2022-05-20T18:29:06.710111+07:00,,,,,,unverified,https://planetarycomputer.microsoft.com/api/stac/v1/collections/sentinel-1-grd/items/S1A_IW_GRDH_1SDV_20220520T112854_20220520T112919_043294_052B91,"Copernicus Sentinel Data Legal Notice - free, full and open access",EPSG:32647,10 pixel spacing (GRD),VV;VH,,,,provider=Microsoft Planetary Computer; yearly paginated STAC search; AOI coverage=1.000,candidate-unverified
sentinel1,S1A_IW_GRDH_1SDV_20220605T230950_20220605T231015_043534_0532AD,SENTINEL-1A,2022-06-05T23:10:02.888270Z,2022-06-06T06:10:02.888270+07:00,,,,,,unverified,https://planetarycomputer.microsoft.com/api/stac/v1/collections/sentinel-1-grd/items/S1A_IW_GRDH_1SDV_20220605T230950_20220605T231015_043534_0532AD,"Copernicus Sentinel Data Legal Notice - free, full and open access",EPSG:32647,10 pixel spacing (GRD),VV;VH,,,,provider=Microsoft Planetary Computer; yearly paginated STAC search; AOI coverage=1.000,candidate-unverified
sentinel1,S1A_IW_GRDH_1SDV_20220625T112856_20220625T112921_043819_053B34,SENTINEL-1A,2022-06-25T11:29:09.431960Z,2022-06-25T18:29:09.431960+07:00,,,,,,unverified,https://planetarycomputer.microsoft.com/api/stac/v1/collections/sentinel-1-grd/items/S1A_IW_GRDH_1SDV_20220625T112856_20220625T112921_043819_053B34,"Copernicus Sentinel Data Legal Notice - free, full and open access",EPSG:32647,10 pixel spacing (GRD),VV;VH,,,,provider=Microsoft Planetary Computer; yearly paginated STAC search; AOI coverage=1.000,candidate-unverified
sentinel1,S1A_IW_GRDH_1SDV_20220719T112853_20220719T112918_044169_0545A7,SENTINEL-1A,2022-07-19T11:29:06.134915Z,2022-07-19T18:29:06.134915+07:00,,,,,,unverified,https://planetarycomputer.microsoft.com/api/stac/v1/collections/sentinel-1-grd/items/S1A_IW_GRDH_1SDV_20220719T112853_20220719T112918_044169_0545A7,"Copernicus Sentinel Data Legal Notice - free, full and open access",EPSG:32647,10 pixel spacing (GRD),VV;VH,,,,provider=Microsoft Planetary Computer; yearly paginated STAC search; AOI coverage=1.000,candidate-unverified
sentinel1,S1A_IW_GRDH_1SDV_20220804T230953_20220804T231018_044409_054CB6,SENTINEL-1A,2022-08-04T23:10:06.493718Z,2022-08-05T06:10:06.493718+07:00,,,,,,unverified,https://planetarycomputer.microsoft.com/api/stac/v1/collections/sentinel-1-grd/items/S1A_IW_GRDH_1SDV_20220804T230953_20220804T231018_044409_054CB6,"Copernicus Sentinel Data Legal Notice - free, full and open access",EPSG:32647,10 pixel spacing (GRD),VV;VH,,,,provider=Microsoft Planetary Computer; yearly paginated STAC search; AOI coverage=1.000,candidate-unverified
sentinel1,S1A_IW_GRDH_1SDV_20220824T112900_20220824T112925_044694_055605,SENTINEL-1A,2022-08-24T11:29:12.725452Z,2022-08-24T18:29:12.725452+07:00,,,,,,unverified,https://planetarycomputer.microsoft.com/api/stac/v1/collections/sentinel-1-grd/items/S1A_IW_GRDH_1SDV_20220824T112900_20220824T112925_044694_055605,"Copernicus Sentinel Data Legal Notice - free, full and open access",EPSG:32647,10 pixel spacing (GRD),VV;VH,,,,provider=Microsoft Planetary Computer; yearly paginated STAC search; AOI coverage=1.000,candidate-unverified
sentinel1,S1A_IW_GRDH_1SDV_20220909T230955_20220909T231020_044934_055E17,SENTINEL-1A,2022-09-09T23:10:08.443105Z,2022-09-10T06:10:08.443105+07:00,,,,,,unverified,https://planetarycomputer.microsoft.com/api/stac/v1/collections/sentinel-1-grd/items/S1A_IW_GRDH_1SDV_20220909T230955_20220909T231020_044934_055E17,"Copernicus Sentinel Data Legal Notice - free, full and open access",EPSG:32647,10 pixel spacing (GRD),VV;VH,,,,provider=Microsoft Planetary Computer; yearly paginated STAC search; AOI coverage=1.000,candidate-unverified
sentinel1,S1A_IW_GRDH_1SDV_20220929T112901_20220929T112926_045219_0567A1,SENTINEL-1A,2022-09-29T11:29:14.098029Z,2022-09-29T18:29:14.098029+07:00,,,,,,unverified,https://planetarycomputer.microsoft.com/api/stac/v1/collections/sentinel-1-grd/items/S1A_IW_GRDH_1SDV_20220929T112901_20220929T112926_045219_0567A1,"Copernicus Sentinel Data Legal Notice - free, full and open access",EPSG:32647,10 pixel spacing (GRD),VV;VH,,,,provider=Microsoft Planetary Computer; yearly paginated STAC search; AOI coverage=1.000,candidate-unverified
sentinel1,S1A_IW_GRDH_1SDV_20221011T112901_20221011T112926_045394_056D8C,SENTINEL-1A,2022-10-11T11:29:14.026409Z,2022-10-11T18:29:14.026409+07:00,,,,,,unverified,https://planetarycomputer.microsoft.com/api/stac/v1/collections/sentinel-1-grd/items/S1A_IW_GRDH_1SDV_20221011T112901_20221011T112926_045394_056D8C,"Copernicus Sentinel Data Legal Notice - free, full and open access",EPSG:32647,10 pixel spacing (GRD),VV;VH,,,,provider=Microsoft Planetary Computer; yearly paginated STAC search; AOI coverage=1.000,candidate-unverified
sentinel1,S1A_IW_GRDH_1SDV_20221104T112901_20221104T112926_045744_05789B,SENTINEL-1A,2022-11-04T11:29:13.745684Z,2022-11-04T18:29:13.745684+07:00,,,,,,unverified,https://planetarycomputer.microsoft.com/api/stac/v1/collections/sentinel-1-grd/items/S1A_IW_GRDH_1SDV_20221104T112901_20221104T112926_045744_05789B,"Copernicus Sentinel Data Legal Notice - free, full and open access",EPSG:32647,10 pixel spacing (GRD),VV;VH,,,,provider=Microsoft Planetary Computer; yearly paginated STAC search; AOI coverage=1.000,candidate-unverified
sentinel1,S1A_IW_GRDH_1SDV_20221120T230955_20221120T231020_045984_0580BC,SENTINEL-1A,2022-11-20T23:10:08.496618Z,2022-11-21T06:10:08.496618+07:00,,,,,,unverified,https://planetarycomputer.microsoft.com/api/stac/v1/collections/sentinel-1-grd/items/S1A_IW_GRDH_1SDV_20221120T230955_20221120T231020_045984_0580BC,"Copernicus Sentinel Data Legal Notice - free, full and open access",EPSG:32647,10 pixel spacing (GRD),VV;VH,,,,provider=Microsoft Planetary Computer; yearly paginated STAC search; AOI coverage=1.000,candidate-unverified
sentinel1,S1A_IW_GRDH_1SDV_20221210T112900_20221210T112925_046269_058A71,SENTINEL-1A,2022-12-10T11:29:12.885503Z,2022-12-10T18:29:12.885503+07:00,,,,,,unverified,https://planetarycomputer.microsoft.com/api/stac/v1/collections/sentinel-1-grd/items/S1A_IW_GRDH_1SDV_20221210T112900_20221210T112925_046269_058A71,"Copernicus Sentinel Data Legal Notice - free, full and open access",EPSG:32647,10 pixel spacing (GRD),VV;VH,,,,provider=Microsoft Planetary Computer; yearly paginated STAC search; AOI coverage=1.000,candidate-unverified
sentinel1,S1A_IW_GRDH_1SDV_20221226T230953_20221226T231018_046509_0592A4,SENTINEL-1A,2022-12-26T23:10:06.322490Z,2022-12-27T06:10:06.322490+07:00,,,,,,unverified,https://planetarycomputer.microsoft.com/api/stac/v1/collections/sentinel-1-grd/items/S1A_IW_GRDH_1SDV_20221226T230953_20221226T231018_046509_0592A4,"Copernicus Sentinel Data Legal Notice - free, full and open access",EPSG:32647,10 pixel spacing (GRD),VV;VH,,,,provider=Microsoft Planetary Computer; yearly paginated STAC search; AOI coverage=1.000,candidate-unverified
sentinel1,S1A_IW_GRDH_1SDV_20230103T112859_20230103T112924_046619_05965C,SENTINEL-1A,2023-01-03T11:29:11.507848Z,2023-01-03T18:29:11.507848+07:00,,,,,,unverified,https://planetarycomputer.microsoft.com/api/stac/v1/collections/sentinel-1-grd/items/S1A_IW_GRDH_1SDV_20230103T112859_20230103T112924_046619_05965C,"Copernicus Sentinel Data Legal Notice - free, full and open access",EPSG:32647,10 pixel spacing (GRD),VV;VH,,,,provider=Microsoft Planetary Computer; yearly paginated STAC search; AOI coverage=1.000,candidate-unverified
sentinel1,S1A_IW_GRDH_1SDV_20230119T230952_20230119T231017_046859_059E6C,SENTINEL-1A,2023-01-19T23:10:05.032179Z,2023-01-20T06:10:05.032179+07:00,,,,,,unverified,https://planetarycomputer.microsoft.com/api/stac/v1/collections/sentinel-1-grd/items/S1A_IW_GRDH_1SDV_20230119T230952_20230119T231017_046859_059E6C,"Copernicus Sentinel Data Legal Notice - free, full and open access",EPSG:32647,10 pixel spacing (GRD),VV;VH,,,,provider=Microsoft Planetary Computer; yearly paginated STAC search; AOI coverage=1.000,candidate-unverified
sentinel1,S1A_IW_GRDH_1SDV_20230208T112857_20230208T112922_047144_05A800,SENTINEL-1A,2023-02-08T11:29:09.653670Z,2023-02-08T18:29:09.653670+07:00,,,,,,unverified,https://planetarycomputer.microsoft.com/api/stac/v1/collections/sentinel-1-grd/items/S1A_IW_GRDH_1SDV_20230208T112857_20230208T112922_047144_05A800,"Copernicus Sentinel Data Legal Notice - free, full and open access",EPSG:32647,10 pixel spacing (GRD),VV;VH,,,,provider=Microsoft Planetary Computer; yearly paginated STAC search; AOI coverage=1.000,candidate-unverified
sentinel1,S1A_IW_GRDH_1SDV_20230220T112857_20230220T112922_047319_05ADE9,SENTINEL-1A,2023-02-20T11:29:09.637421Z,2023-02-20T18:29:09.637421+07:00,,,,,,unverified,https://planetarycomputer.microsoft.com/api/stac/v1/collections/sentinel-1-grd/items/S1A_IW_GRDH_1SDV_20230220T112857_20230220T112922_047319_05ADE9,"Copernicus Sentinel Data Legal Notice - free, full and open access",EPSG:32647,10 pixel spacing (GRD),VV;VH,,,,provider=Microsoft Planetary Computer; yearly paginated STAC search; AOI coverage=1.000,candidate-unverified
sentinel1,S1A_IW_GRDH_1SDV_20230316T112856_20230316T112921_047669_05B9BD,SENTINEL-1A,2023-03-16T11:29:09.427747Z,2023-03-16T18:29:09.427747+07:00,,,,,,unverified,https://planetarycomputer.microsoft.com/api/stac/v1/collections/sentinel-1-grd/items/S1A_IW_GRDH_1SDV_20230316T112856_20230316T112921_047669_05B9BD,"Copernicus Sentinel Data Legal Notice - free, full and open access",EPSG:32647,10 pixel spacing (GRD),VV;VH,,,,provider=Microsoft Planetary Computer; yearly paginated STAC search; AOI coverage=1.000,candidate-unverified
sentinel1,S1A_IW_GRDH_1SDV_20230401T230952_20230401T231017_047909_05C1CF,SENTINEL-1A,2023-04-01T23:10:04.953384Z,2023-04-02T06:10:04.953384+07:00,,,,,,unverified,https://planetarycomputer.microsoft.com/api/stac/v1/collections/sentinel-1-grd/items/S1A_IW_GRDH_1SDV_20230401T230952_20230401T231017_047909_05C1CF,"Copernicus Sentinel Data Legal Notice - free, full and open access",EPSG:32647,10 pixel spacing (GRD),VV;VH,,,,provider=Microsoft Planetary Computer; yearly paginated STAC search; AOI coverage=1.000,candidate-unverified
sentinel1,S1A_IW_GRDH_1SDV_20230421T112858_20230421T112923_048194_05CB67,SENTINEL-1A,2023-04-21T11:29:10.522215Z,2023-04-21T18:29:10.522215+07:00,,,,,,unverified,https://planetarycomputer.microsoft.com/api/stac/v1/collections/sentinel-1-grd/items/S1A_IW_GRDH_1SDV_20230421T112858_20230421T112923_048194_05CB67,"Copernicus Sentinel Data Legal Notice - free, full and open access",EPSG:32647,10 pixel spacing (GRD),VV;VH,,,,provider=Microsoft Planetary Computer; yearly paginated STAC search; AOI coverage=1.000,candidate-unverified
sentinel1,S1A_IW_GRDH_1SDV_20230515T112859_20230515T112924_048544_05D6CB,SENTINEL-1A,2023-05-15T11:29:12.248880Z,2023-05-15T18:29:12.248880+07:00,,,,,,unverified,https://planetarycomputer.microsoft.com/api/stac/v1/collections/sentinel-1-grd/items/S1A_IW_GRDH_1SDV_20230515T112859_20230515T112924_048544_05D6CB,"Copernicus Sentinel Data Legal Notice - free, full and open access",EPSG:32647,10 pixel spacing (GRD),VV;VH,,,,provider=Microsoft Planetary Computer; yearly paginated STAC search; AOI coverage=1.000,candidate-unverified
sentinel1,S1A_IW_GRDH_1SDV_20230527T112900_20230527T112925_048719_05DBFC,SENTINEL-1A,2023-05-27T11:29:12.684718Z,2023-05-27T18:29:12.684718+07:00,,,,,,unverified,https://planetarycomputer.microsoft.com/api/stac/v1/collections/sentinel-1-grd/items/S1A_IW_GRDH_1SDV_20230527T112900_20230527T112925_048719_05DBFC,"Copernicus Sentinel Data Legal Notice - free, full and open access",EPSG:32647,10 pixel spacing (GRD),VV;VH,,,,provider=Microsoft Planetary Computer; yearly paginated STAC search; AOI coverage=1.000,candidate-unverified
sentinel1,S1A_IW_GRDH_1SDV_20230620T112901_20230620T112926_049069_05E695,SENTINEL-1A,2023-06-20T11:29:13.788691Z,2023-06-20T18:29:13.788691+07:00,,,,,,unverified,https://planetarycomputer.microsoft.com/api/stac/v1/collections/sentinel-1-grd/items/S1A_IW_GRDH_1SDV_20230620T112901_20230620T112926_049069_05E695,"Copernicus Sentinel Data Legal Notice - free, full and open access",EPSG:32647,10 pixel spacing (GRD),VV;VH,,,,provider=Microsoft Planetary Computer; yearly paginated STAC search; AOI coverage=1.000,candidate-unverified
sentinel1,S1A_IW_GRDH_1SDV_20230706T230957_20230706T231022_049309_05EDEA,SENTINEL-1A,2023-07-06T23:10:09.598367Z,2023-07-07T06:10:09.598367+07:00,,,,,,unverified,https://planetarycomputer.microsoft.com/api/stac/v1/collections/sentinel-1-grd/items/S1A_IW_GRDH_1SDV_20230706T230957_20230706T231022_049309_05EDEA,"Copernicus Sentinel Data Legal Notice - free, full and open access",EPSG:32647,10 pixel spacing (GRD),VV;VH,,,,provider=Microsoft Planetary Computer; yearly paginated STAC search; AOI coverage=1.000,candidate-unverified
sentinel1,S1A_IW_GRDH_1SDV_20230811T230958_20230811T231023_049834_05FE4E,SENTINEL-1A,2023-08-11T23:10:11.160783Z,2023-08-12T06:10:11.160783+07:00,,,,,,unverified,https://planetarycomputer.microsoft.com/api/stac/v1/collections/sentinel-1-grd/items/S1A_IW_GRDH_1SDV_20230811T230958_20230811T231023_049834_05FE4E,"Copernicus Sentinel Data Legal Notice - free, full and open access",EPSG:32647,10 pixel spacing (GRD),VV;VH,,,,provider=Microsoft Planetary Computer; yearly paginated STAC search; AOI coverage=1.000,candidate-unverified
sentinel1,S1A_IW_GRDH_1SDV_20230823T230959_20230823T231024_050009_060444,SENTINEL-1A,2023-08-23T23:10:12.185741Z,2023-08-24T06:10:12.185741+07:00,,,,,,unverified,https://planetarycomputer.microsoft.com/api/stac/v1/collections/sentinel-1-grd/items/S1A_IW_GRDH_1SDV_20230823T230959_20230823T231024_050009_060444,"Copernicus Sentinel Data Legal Notice - free, full and open access",EPSG:32647,10 pixel spacing (GRD),VV;VH,,,,provider=Microsoft Planetary Computer; yearly paginated STAC search; AOI coverage=1.000,candidate-unverified
sentinel1,S1A_IW_GRDH_1SDV_20230916T231001_20230916T231026_050359_061033,SENTINEL-1A,2023-09-16T23:10:13.512979Z,2023-09-17T06:10:13.512979+07:00,,,,,,unverified,https://planetarycomputer.microsoft.com/api/stac/v1/collections/sentinel-1-grd/items/S1A_IW_GRDH_1SDV_20230916T231001_20230916T231026_050359_061033,"Copernicus Sentinel Data Legal Notice - free, full and open access",EPSG:32647,10 pixel spacing (GRD),VV;VH,,,,provider=Microsoft Planetary Computer; yearly paginated STAC search; AOI coverage=1.000,candidate-unverified
sentinel1,S1A_IW_GRDH_1SDV_20231006T112906_20231006T112931_050644_0619F5,SENTINEL-1A,2023-10-06T11:29:19.051381Z,2023-10-06T18:29:19.051381+07:00,,,,,,unverified,https://planetarycomputer.microsoft.com/api/stac/v1/collections/sentinel-1-grd/items/S1A_IW_GRDH_1SDV_20231006T112906_20231006T112931_050644_0619F5,"Copernicus Sentinel Data Legal Notice - free, full and open access",EPSG:32647,10 pixel spacing (GRD),VV;VH,,,,provider=Microsoft Planetary Computer; yearly paginated STAC search; AOI coverage=1.000,candidate-unverified
sentinel1,S1A_IW_GRDH_1SDV_20231022T231001_20231022T231026_050884_062226,SENTINEL-1A,2023-10-22T23:10:13.907998Z,2023-10-23T06:10:13.907998+07:00,,,,,,unverified,https://planetarycomputer.microsoft.com/api/stac/v1/collections/sentinel-1-grd/items/S1A_IW_GRDH_1SDV_20231022T231001_20231022T231026_050884_062226,"Copernicus Sentinel Data Legal Notice - free, full and open access",EPSG:32647,10 pixel spacing (GRD),VV;VH,,,,provider=Microsoft Planetary Computer; yearly paginated STAC search; AOI coverage=1.000,candidate-unverified
sentinel1,S1A_IW_GRDH_1SDV_20231111T112906_20231111T112931_051169_062BF2,SENTINEL-1A,2023-11-11T11:29:18.579970Z,2023-11-11T18:29:18.579970+07:00,,,,,,unverified,https://planetarycomputer.microsoft.com/api/stac/v1/collections/sentinel-1-grd/items/S1A_IW_GRDH_1SDV_20231111T112906_20231111T112931_051169_062BF2,"Copernicus Sentinel Data Legal Notice - free, full and open access",EPSG:32647,10 pixel spacing (GRD),VV;VH,,,,provider=Microsoft Planetary Computer; yearly paginated STAC search; AOI coverage=1.000,candidate-unverified
sentinel1,S1A_IW_GRDH_1SDV_20231123T112905_20231123T112930_051344_063200,SENTINEL-1A,2023-11-23T11:29:18.102922Z,2023-11-23T18:29:18.102922+07:00,,,,,,unverified,https://planetarycomputer.microsoft.com/api/stac/v1/collections/sentinel-1-grd/items/S1A_IW_GRDH_1SDV_20231123T112905_20231123T112930_051344_063200,"Copernicus Sentinel Data Legal Notice - free, full and open access",EPSG:32647,10 pixel spacing (GRD),VV;VH,,,,provider=Microsoft Planetary Computer; yearly paginated STAC search; AOI coverage=1.000,candidate-unverified
sentinel1,S1A_IW_GRDH_1SDV_20231209T230959_20231209T231024_051584_063A4C,SENTINEL-1A,2023-12-09T23:10:12.443515Z,2023-12-10T06:10:12.443515+07:00,,,,,,unverified,https://planetarycomputer.microsoft.com/api/stac/v1/collections/sentinel-1-grd/items/S1A_IW_GRDH_1SDV_20231209T230959_20231209T231024_051584_063A4C,"Copernicus Sentinel Data Legal Notice - free, full and open access",EPSG:32647,10 pixel spacing (GRD),VV;VH,,,,provider=Microsoft Planetary Computer; yearly paginated STAC search; AOI coverage=1.000,candidate-unverified
sentinel1,S1A_IW_GRDH_1SDV_20231229T112903_20231229T112928_051869_06442E,SENTINEL-1A,2023-12-29T11:29:16.462562Z,2023-12-29T18:29:16.462562+07:00,,,,,,unverified,https://planetarycomputer.microsoft.com/api/stac/v1/collections/sentinel-1-grd/items/S1A_IW_GRDH_1SDV_20231229T112903_20231229T112928_051869_06442E,"Copernicus Sentinel Data Legal Notice - free, full and open access",EPSG:32647,10 pixel spacing (GRD),VV;VH,,,,provider=Microsoft Planetary Computer; yearly paginated STAC search; AOI coverage=1.000,candidate-unverified
sentinel1,S1A_IW_GRDH_1SDV_20240102T230958_20240102T231023_051934_064661,SENTINEL-1A,2024-01-02T23:10:10.764565Z,2024-01-03T06:10:10.764565+07:00,,,,,,unverified,https://planetarycomputer.microsoft.com/api/stac/v1/collections/sentinel-1-grd/items/S1A_IW_GRDH_1SDV_20240102T230958_20240102T231023_051934_064661,"Copernicus Sentinel Data Legal Notice - free, full and open access",EPSG:32647,10 pixel spacing (GRD),VV;VH,,,,provider=Microsoft Planetary Computer; yearly paginated STAC search; AOI coverage=1.000,candidate-unverified
sentinel1,S1A_IW_GRDH_1SDV_20240114T230957_20240114T231022_052109_064C5A,SENTINEL-1A,2024-01-14T23:10:10.210948Z,2024-01-15T06:10:10.210948+07:00,,,,,,unverified,https://planetarycomputer.microsoft.com/api/stac/v1/collections/sentinel-1-grd/items/S1A_IW_GRDH_1SDV_20240114T230957_20240114T231022_052109_064C5A,"Copernicus Sentinel Data Legal Notice - free, full and open access",EPSG:32647,10 pixel spacing (GRD),VV;VH,,,,provider=Microsoft Planetary Computer; yearly paginated STAC search; AOI coverage=1.000,candidate-unverified
sentinel1,S1A_IW_GRDH_1SDV_20240207T230957_20240207T231022_052459_065824,SENTINEL-1A,2024-02-07T23:10:09.554584Z,2024-02-08T06:10:09.554584+07:00,,,,,,unverified,https://planetarycomputer.microsoft.com/api/stac/v1/collections/sentinel-1-grd/items/S1A_IW_GRDH_1SDV_20240207T230957_20240207T231022_052459_065824,"Copernicus Sentinel Data Legal Notice - free, full and open access",EPSG:32647,10 pixel spacing (GRD),VV;VH,,,,provider=Microsoft Planetary Computer; yearly paginated STAC search; AOI coverage=1.000,candidate-unverified
sentinel1,S1A_IW_GRDH_1SDV_20240227T112902_20240227T112927_052744_0661D6,SENTINEL-1A,2024-02-27T11:29:14.739609Z,2024-02-27T18:29:14.739609+07:00,,,,,,unverified,https://planetarycomputer.microsoft.com/api/stac/v1/collections/sentinel-1-grd/items/S1A_IW_GRDH_1SDV_20240227T112902_20240227T112927_052744_0661D6,"Copernicus Sentinel Data Legal Notice - free, full and open access",EPSG:32647,10 pixel spacing (GRD),VV;VH,,,,provider=Microsoft Planetary Computer; yearly paginated STAC search; AOI coverage=1.000,candidate-unverified
sentinel1,S1A_IW_GRDH_1SDV_20240310T112902_20240310T112927_052919_0667C5,SENTINEL-1A,2024-03-10T11:29:14.787457Z,2024-03-10T18:29:14.787457+07:00,,,,,,unverified,https://planetarycomputer.microsoft.com/api/stac/v1/collections/sentinel-1-grd/items/S1A_IW_GRDH_1SDV_20240310T112902_20240310T112927_052919_0667C5,"Copernicus Sentinel Data Legal Notice - free, full and open access",EPSG:32647,10 pixel spacing (GRD),VV;VH,,,,provider=Microsoft Planetary Computer; yearly paginated STAC search; AOI coverage=1.000,candidate-unverified
sentinel1,S1A_IW_GRDH_1SDV_20240326T230956_20240326T231021_053159_0670C0,SENTINEL-1A,2024-03-26T23:10:09.468216Z,2024-03-27T06:10:09.468216+07:00,,,,,,unverified,https://planetarycomputer.microsoft.com/api/stac/v1/collections/sentinel-1-grd/items/S1A_IW_GRDH_1SDV_20240326T230956_20240326T231021_053159_0670C0,"Copernicus Sentinel Data Legal Notice - free, full and open access",EPSG:32647,10 pixel spacing (GRD),VV;VH,,,,provider=Microsoft Planetary Computer; yearly paginated STAC search; AOI coverage=1.000,candidate-unverified
sentinel1,S1A_IW_GRDH_1SDV_20240407T230957_20240407T231022_053334_06777E,SENTINEL-1A,2024-04-07T23:10:10.458720Z,2024-04-08T06:10:10.458720+07:00,,,,,,unverified,https://planetarycomputer.microsoft.com/api/stac/v1/collections/sentinel-1-grd/items/S1A_IW_GRDH_1SDV_20240407T230957_20240407T231022_053334_06777E,"Copernicus Sentinel Data Legal Notice - free, full and open access",EPSG:32647,10 pixel spacing (GRD),VV;VH,,,,provider=Microsoft Planetary Computer; yearly paginated STAC search; AOI coverage=1.000,candidate-unverified
sentinel1,S1A_IW_GRDH_1SDV_20240501T230958_20240501T231023_053684_068546,SENTINEL-1A,2024-05-01T23:10:11.053044Z,2024-05-02T06:10:11.053044+07:00,,,,,,unverified,https://planetarycomputer.microsoft.com/api/stac/v1/collections/sentinel-1-grd/items/S1A_IW_GRDH_1SDV_20240501T230958_20240501T231023_053684_068546,"Copernicus Sentinel Data Legal Notice - free, full and open access",EPSG:32647,10 pixel spacing (GRD),VV;VH,,,,provider=Microsoft Planetary Computer; yearly paginated STAC search; AOI coverage=1.000,candidate-unverified
sentinel1,S1A_IW_GRDH_1SDV_20240525T230958_20240525T231023_054034_0691C8,SENTINEL-1A,2024-05-25T23:10:10.950429Z,2024-05-26T06:10:10.950429+07:00,,,,,,unverified,https://planetarycomputer.microsoft.com/api/stac/v1/collections/sentinel-1-grd/items/S1A_IW_GRDH_1SDV_20240525T230958_20240525T231023_054034_0691C8,"Copernicus Sentinel Data Legal Notice - free, full and open access",EPSG:32647,10 pixel spacing (GRD),VV;VH,,,,provider=Microsoft Planetary Computer; yearly paginated STAC search; AOI coverage=1.000,candidate-unverified
sentinel1,S1A_IW_GRDH_1SDV_20240618T230957_20240618T231022_054384_069DE3,SENTINEL-1A,2024-06-18T23:10:09.803081Z,2024-06-19T06:10:09.803081+07:00,,,,,,unverified,https://planetarycomputer.microsoft.com/api/stac/v1/collections/sentinel-1-grd/items/S1A_IW_GRDH_1SDV_20240618T230957_20240618T231022_054384_069DE3,"Copernicus Sentinel Data Legal Notice - free, full and open access",EPSG:32647,10 pixel spacing (GRD),VV;VH,,,,provider=Microsoft Planetary Computer; yearly paginated STAC search; AOI coverage=1.000,candidate-unverified
sentinel1,S1A_IW_GRDH_1SDV_20240630T230956_20240630T231021_054559_06A3FC,SENTINEL-1A,2024-06-30T23:10:09.158983Z,2024-07-01T06:10:09.158983+07:00,,,,,,unverified,https://planetarycomputer.microsoft.com/api/stac/v1/collections/sentinel-1-grd/items/S1A_IW_GRDH_1SDV_20240630T230956_20240630T231021_054559_06A3FC,"Copernicus Sentinel Data Legal Notice - free, full and open access",EPSG:32647,10 pixel spacing (GRD),VV;VH,,,,provider=Microsoft Planetary Computer; yearly paginated STAC search; AOI coverage=1.000,candidate-unverified
sentinel1,S1A_IW_GRDH_1SDV_20240724T230955_20240724T231020_054909_06B027,SENTINEL-1A,2024-07-24T23:10:08.344596Z,2024-07-25T06:10:08.344596+07:00,,,,,,unverified,https://planetarycomputer.microsoft.com/api/stac/v1/collections/sentinel-1-grd/items/S1A_IW_GRDH_1SDV_20240724T230955_20240724T231020_054909_06B027,"Copernicus Sentinel Data Legal Notice - free, full and open access",EPSG:32647,10 pixel spacing (GRD),VV;VH,,,,provider=Microsoft Planetary Computer; yearly paginated STAC search; AOI coverage=1.000,candidate-unverified
sentinel1,S1A_IW_GRDH_1SDV_20240825T112901_20240825T112926_055369_06C0AB,SENTINEL-1A,2024-08-25T11:29:14.096467Z,2024-08-25T18:29:14.096467+07:00,,,,,,unverified,https://planetarycomputer.microsoft.com/api/stac/v1/collections/sentinel-1-grd/items/S1A_IW_GRDH_1SDV_20240825T112901_20240825T112926_055369_06C0AB,"Copernicus Sentinel Data Legal Notice - free, full and open access",EPSG:32647,10 pixel spacing (GRD),VV;VH,,,,provider=Microsoft Planetary Computer; yearly paginated STAC search; AOI coverage=1.000,candidate-unverified
sentinel1,S1A_IW_GRDH_1SDV_20240910T230956_20240910T231021_055609_06C9DF,SENTINEL-1A,2024-09-10T23:10:08.762284Z,2024-09-11T06:10:08.762284+07:00,,,,,,unverified,https://planetarycomputer.microsoft.com/api/stac/v1/collections/sentinel-1-grd/items/S1A_IW_GRDH_1SDV_20240910T230956_20240910T231021_055609_06C9DF,"Copernicus Sentinel Data Legal Notice - free, full and open access",EPSG:32647,10 pixel spacing (GRD),VV;VH,,,,provider=Microsoft Planetary Computer; yearly paginated STAC search; AOI coverage=1.000,candidate-unverified
sentinel1,S1A_IW_GRDH_1SDV_20240922T230956_20240922T231021_055784_06D0BF,SENTINEL-1A,2024-09-22T23:10:09.471740Z,2024-09-23T06:10:09.471740+07:00,,,,,,unverified,https://planetarycomputer.microsoft.com/api/stac/v1/collections/sentinel-1-grd/items/S1A_IW_GRDH_1SDV_20240922T230956_20240922T231021_055784_06D0BF,"Copernicus Sentinel Data Legal Notice - free, full and open access",EPSG:32647,10 pixel spacing (GRD),VV;VH,,,,provider=Microsoft Planetary Computer; yearly paginated STAC search; AOI coverage=1.000,candidate-unverified
sentinel1,S1A_IW_GRDH_1SDV_20241016T230957_20241016T231022_056134_06DE95,SENTINEL-1A,2024-10-16T23:10:10.089514Z,2024-10-17T06:10:10.089514+07:00,,,,,,unverified,https://planetarycomputer.microsoft.com/api/stac/v1/collections/sentinel-1-grd/items/S1A_IW_GRDH_1SDV_20241016T230957_20241016T231022_056134_06DE95,"Copernicus Sentinel Data Legal Notice - free, full and open access",EPSG:32647,10 pixel spacing (GRD),VV;VH,,,,provider=Microsoft Planetary Computer; yearly paginated STAC search; AOI coverage=1.000,candidate-unverified
sentinel1,S1A_IW_GRDH_1SDV_20241105T112902_20241105T112927_056419_06E9DB,SENTINEL-1A,2024-11-05T11:29:14.957886Z,2024-11-05T18:29:14.957886+07:00,,,,,,unverified,https://planetarycomputer.microsoft.com/api/stac/v1/collections/sentinel-1-grd/items/S1A_IW_GRDH_1SDV_20241105T112902_20241105T112927_056419_06E9DB,"Copernicus Sentinel Data Legal Notice - free, full and open access",EPSG:32647,10 pixel spacing (GRD),VV;VH,,,,provider=Microsoft Planetary Computer; yearly paginated STAC search; AOI coverage=1.000,candidate-unverified
sentinel1,S1A_IW_GRDH_1SDV_20241121T230956_20241121T231021_056659_06F37D,SENTINEL-1A,2024-11-21T23:10:08.841167Z,2024-11-22T06:10:08.841167+07:00,,,,,,unverified,https://planetarycomputer.microsoft.com/api/stac/v1/collections/sentinel-1-grd/items/S1A_IW_GRDH_1SDV_20241121T230956_20241121T231021_056659_06F37D,"Copernicus Sentinel Data Legal Notice - free, full and open access",EPSG:32647,10 pixel spacing (GRD),VV;VH,,,,provider=Microsoft Planetary Computer; yearly paginated STAC search; AOI coverage=1.000,candidate-unverified
sentinel1,S1A_IW_GRDH_1SDV_20241215T230954_20241215T231019_057009_070153,SENTINEL-1A,2024-12-15T23:10:07.091520Z,2024-12-16T06:10:07.091520+07:00,,,,,,unverified,https://planetarycomputer.microsoft.com/api/stac/v1/collections/sentinel-1-grd/items/S1A_IW_GRDH_1SDV_20241215T230954_20241215T231019_057009_070153,"Copernicus Sentinel Data Legal Notice - free, full and open access",EPSG:32647,10 pixel spacing (GRD),VV;VH,,,,provider=Microsoft Planetary Computer; yearly paginated STAC search; AOI coverage=1.000,candidate-unverified
sentinel1,S1A_IW_GRDH_1SDV_20241227T230953_20241227T231018_057184_07084B,SENTINEL-1A,2024-12-27T23:10:05.967193Z,2024-12-28T06:10:05.967193+07:00,,,,,,unverified,https://planetarycomputer.microsoft.com/api/stac/v1/collections/sentinel-1-grd/items/S1A_IW_GRDH_1SDV_20241227T230953_20241227T231018_057184_07084B,"Copernicus Sentinel Data Legal Notice - free, full and open access",EPSG:32647,10 pixel spacing (GRD),VV;VH,,,,provider=Microsoft Planetary Computer; yearly paginated STAC search; AOI coverage=1.000,candidate-unverified
sentinel1,S1A_IW_GRDH_1SDV_20250104T112857_20250104T112922_057294,sentinel-1a,2025-01-04T11:29:10.378984Z,2025-01-04T18:29:10.378984+07:00,,,,,,unverified,https://planetarycomputer.microsoft.com/api/stac/v1/collections/sentinel-1-grd/items/S1A_IW_GRDH_1SDV_20250104T112857_20250104T112922_057294,"Copernicus Sentinel Data Legal Notice - free, full and open access",EPSG:32647,10 pixel spacing (GRD),VV;VH,,,,provider=Microsoft Planetary Computer; yearly paginated STAC search; AOI coverage=1.000,candidate-unverified
sentinel1,S1A_IW_GRDH_1SDV_20250128T112856_20250128T112921_057644,sentinel-1a,2025-01-28T11:29:08.922668Z,2025-01-28T18:29:08.922668+07:00,,,,,,unverified,https://planetarycomputer.microsoft.com/api/stac/v1/collections/sentinel-1-grd/items/S1A_IW_GRDH_1SDV_20250128T112856_20250128T112921_057644,"Copernicus Sentinel Data Legal Notice - free, full and open access",EPSG:32647,10 pixel spacing (GRD),VV;VH,,,,provider=Microsoft Planetary Computer; yearly paginated STAC search; AOI coverage=1.000,candidate-unverified
sentinel1,S1A_IW_GRDH_1SDV_20250221T112855_20250221T112920_057994,sentinel-1a,2025-02-21T11:29:07.943996Z,2025-02-21T18:29:07.943996+07:00,,,,,,unverified,https://planetarycomputer.microsoft.com/api/stac/v1/collections/sentinel-1-grd/items/S1A_IW_GRDH_1SDV_20250221T112855_20250221T112920_057994,"Copernicus Sentinel Data Legal Notice - free, full and open access",EPSG:32647,10 pixel spacing (GRD),VV;VH,,,,provider=Microsoft Planetary Computer; yearly paginated STAC search; AOI coverage=1.000,candidate-unverified
sentinel1,S1A_IW_GRDH_1SDV_20250309T230950_20250309T231015_058234,sentinel-1a,2025-03-09T23:10:02.769381Z,2025-03-10T06:10:02.769381+07:00,,,,,,unverified,https://planetarycomputer.microsoft.com/api/stac/v1/collections/sentinel-1-grd/items/S1A_IW_GRDH_1SDV_20250309T230950_20250309T231015_058234,"Copernicus Sentinel Data Legal Notice - free, full and open access",EPSG:32647,10 pixel spacing (GRD),VV;VH,,,,provider=Microsoft Planetary Computer; yearly paginated STAC search; AOI coverage=1.000,candidate-unverified
sentinel1,S1A_IW_GRDH_1SDV_20250329T112856_20250329T112921_058519,sentinel-1a,2025-03-29T11:29:08.553691Z,2025-03-29T18:29:08.553691+07:00,,,,,,unverified,https://planetarycomputer.microsoft.com/api/stac/v1/collections/sentinel-1-grd/items/S1A_IW_GRDH_1SDV_20250329T112856_20250329T112921_058519,"Copernicus Sentinel Data Legal Notice - free, full and open access",EPSG:32647,10 pixel spacing (GRD),VV;VH,,,,provider=Microsoft Planetary Computer; yearly paginated STAC search; AOI coverage=1.000,candidate-unverified
sentinel1,S1C_IW_GRDH_1SDV_20250420T230828_20250420T230859_001983,sentinel-1c,2025-04-20T23:08:43.844168Z,2025-04-21T06:08:43.844168+07:00,,,,,,unverified,https://planetarycomputer.microsoft.com/api/stac/v1/collections/sentinel-1-grd/items/S1C_IW_GRDH_1SDV_20250420T230828_20250420T230859_001983,"Copernicus Sentinel Data Legal Notice - free, full and open access",EPSG:32647,10 pixel spacing (GRD),VV;VH,,,,provider=Microsoft Planetary Computer; yearly paginated STAC search; AOI coverage=1.000,candidate-unverified
sentinel1,S1A_IW_GRDH_1SDV_20250508T230950_20250508T231015_059109,sentinel-1a,2025-05-08T23:10:03.202674Z,2025-05-09T06:10:03.202674+07:00,,,,,,unverified,https://planetarycomputer.microsoft.com/api/stac/v1/collections/sentinel-1-grd/items/S1A_IW_GRDH_1SDV_20250508T230950_20250508T231015_059109,"Copernicus Sentinel Data Legal Notice - free, full and open access",EPSG:32647,10 pixel spacing (GRD),VV;VH,,,,provider=Microsoft Planetary Computer; yearly paginated STAC search; AOI coverage=1.000,candidate-unverified
sentinel1,S1A_IW_GRDH_1SDV_20250601T230949_20250601T231014_059459,sentinel-1a,2025-06-01T23:10:02.432222Z,2025-06-02T06:10:02.432222+07:00,,,,,,unverified,https://planetarycomputer.microsoft.com/api/stac/v1/collections/sentinel-1-grd/items/S1A_IW_GRDH_1SDV_20250601T230949_20250601T231014_059459,"Copernicus Sentinel Data Legal Notice - free, full and open access",EPSG:32647,10 pixel spacing (GRD),VV;VH,,,,provider=Microsoft Planetary Computer; yearly paginated STAC search; AOI coverage=1.000,candidate-unverified
sentinel1,S1C_IW_GRDH_1SDV_20250619T230832_20250619T230903_002858,sentinel-1c,2025-06-19T23:08:48.117544Z,2025-06-20T06:08:48.117544+07:00,,,,,,unverified,https://planetarycomputer.microsoft.com/api/stac/v1/collections/sentinel-1-grd/items/S1C_IW_GRDH_1SDV_20250619T230832_20250619T230903_002858,"Copernicus Sentinel Data Legal Notice - free, full and open access",EPSG:32647,10 pixel spacing (GRD),VV;VH,,,,provider=Microsoft Planetary Computer; yearly paginated STAC search; AOI coverage=1.000,candidate-unverified
sentinel1,S1A_IW_GRDH_1SDV_20250707T230947_20250707T231012_059984,sentinel-1a,2025-07-07T23:10:00.465170Z,2025-07-08T06:10:00.465170+07:00,,,,,,unverified,https://planetarycomputer.microsoft.com/api/stac/v1/collections/sentinel-1-grd/items/S1A_IW_GRDH_1SDV_20250707T230947_20250707T231012_059984,"Copernicus Sentinel Data Legal Notice - free, full and open access",EPSG:32647,10 pixel spacing (GRD),VV;VH,,,,provider=Microsoft Planetary Computer; yearly paginated STAC search; AOI coverage=1.000,candidate-unverified
sentinel1,S1A_IW_GRDH_1SDV_20250719T230947_20250719T231012_060159,sentinel-1a,2025-07-19T23:09:59.832163Z,2025-07-20T06:09:59.832163+07:00,,,,,,unverified,https://planetarycomputer.microsoft.com/api/stac/v1/collections/sentinel-1-grd/items/S1A_IW_GRDH_1SDV_20250719T230947_20250719T231012_060159,"Copernicus Sentinel Data Legal Notice - free, full and open access",EPSG:32647,10 pixel spacing (GRD),VV;VH,data/satellite/sentinel1/2025/S1A_IW_GRDH_1SDV_20250719T230947_20250719T231012_060159/VV_10m.tif;data/satellite/sentinel1/2025/S1A_IW_GRDH_1SDV_20250719T230947_20250719T231012_060159/VH_10m.tif,8720998,VV_10m.tif:e776726a2be5b5ff418166a72e3f5c99bd5aa36c8709e13443f57c2797b1993f;VH_10m.tif:2a741711a0af04c0387449037667f9dca71507e91d6a46e88483b61e53cfc54c,provider=Microsoft Planetary Computer; yearly paginated STAC search; AOI coverage=1.000,pass
sentinel1,S1A_IW_GRDH_1SDV_20250727T112852_20250727T112917_060269,sentinel-1a,2025-07-27T11:29:05.121022Z,2025-07-27T18:29:05.121022+07:00,,,,,,unverified,https://planetarycomputer.microsoft.com/api/stac/v1/collections/sentinel-1-grd/items/S1A_IW_GRDH_1SDV_20250727T112852_20250727T112917_060269,"Copernicus Sentinel Data Legal Notice - free, full and open access",EPSG:32647,10 pixel spacing (GRD),VV;VH,,,,provider=Microsoft Planetary Computer; yearly paginated STAC search; AOI coverage=1.000,candidate-unverified
sentinel1,S1C_IW_GRDH_1SDV_20250818T230836_20250818T230906_003733_00774D,sentinel-1c,2025-08-18T23:08:51.402091Z,2025-08-19T06:08:51.402091+07:00,,,,,,unverified,https://planetarycomputer.microsoft.com/api/stac/v1/collections/sentinel-1-grd/items/S1C_IW_GRDH_1SDV_20250818T230836_20250818T230906_003733_00774D,"Copernicus Sentinel Data Legal Notice - free, full and open access",EPSG:32647,10 pixel spacing (GRD),VV;VH,,,,provider=Microsoft Planetary Computer; yearly paginated STAC search; AOI coverage=1.000,candidate-unverified
sentinel1,S1C_IW_GRDH_1SDV_20250830T230836_20250830T230907_003908_007C8A,sentinel-1c,2025-08-30T23:08:51.851239Z,2025-08-31T06:08:51.851239+07:00,,,,,,unverified,https://planetarycomputer.microsoft.com/api/stac/v1/collections/sentinel-1-grd/items/S1C_IW_GRDH_1SDV_20250830T230836_20250830T230907_003908_007C8A,"Copernicus Sentinel Data Legal Notice - free, full and open access",EPSG:32647,10 pixel spacing (GRD),VV;VH,,,,provider=Microsoft Planetary Computer; yearly paginated STAC search; AOI coverage=1.000,candidate-unverified
sentinel1,S1A_IW_GRDH_1SDV_20250913T112853_20250913T112918_060969_079865,sentinel-1a,2025-09-13T11:29:05.604765Z,2025-09-13T18:29:05.604765+07:00,,,,,,unverified,https://planetarycomputer.microsoft.com/api/stac/v1/collections/sentinel-1-grd/items/S1A_IW_GRDH_1SDV_20250913T112853_20250913T112918_060969_079865,"Copernicus Sentinel Data Legal Notice - free, full and open access",EPSG:32647,10 pixel spacing (GRD),VV;VH,,,,provider=Microsoft Planetary Computer; yearly paginated STAC search; AOI coverage=1.000,candidate-unverified
sentinel1,S1A_IW_GRDH_1SDV_20250929T230943_20250929T231008_061209_07A216,sentinel-1a,2025-09-29T23:09:56.452274Z,2025-09-30T06:09:56.452274+07:00,,,,,,unverified,https://planetarycomputer.microsoft.com/api/stac/v1/collections/sentinel-1-grd/items/S1A_IW_GRDH_1SDV_20250929T230943_20250929T231008_061209_07A216,"Copernicus Sentinel Data Legal Notice - free, full and open access",EPSG:32647,10 pixel spacing (GRD),VV;VH,,,,provider=Microsoft Planetary Computer; yearly paginated STAC search; AOI coverage=1.000,candidate-unverified
sentinel1,S1A_IW_GRDH_1SDV_20251019T112853_20251019T112918_061494_07AD7F,sentinel-1a,2025-10-19T11:29:06.025496Z,2025-10-19T18:29:06.025496+07:00,,,,,,unverified,https://planetarycomputer.microsoft.com/api/stac/v1/collections/sentinel-1-grd/items/S1A_IW_GRDH_1SDV_20251019T112853_20251019T112918_061494_07AD7F,"Copernicus Sentinel Data Legal Notice - free, full and open access",EPSG:32647,10 pixel spacing (GRD),VV;VH,,,,provider=Microsoft Planetary Computer; yearly paginated STAC search; AOI coverage=1.000,candidate-unverified
sentinel1,S1C_IW_GRDH_1SDV_20251110T230837_20251110T230907_004958_009CF5,sentinel-1c,2025-11-10T23:08:52.270111Z,2025-11-11T06:08:52.270111+07:00,,,,,,unverified,https://planetarycomputer.microsoft.com/api/stac/v1/collections/sentinel-1-grd/items/S1C_IW_GRDH_1SDV_20251110T230837_20251110T230907_004958_009CF5,"Copernicus Sentinel Data Legal Notice - free, full and open access",EPSG:32647,10 pixel spacing (GRD),VV;VH,,,,provider=Microsoft Planetary Computer; yearly paginated STAC search; AOI coverage=1.000,candidate-unverified
sentinel1,S1A_IW_GRDH_1SDV_20251124T112851_20251124T112916_062019_07C21D,sentinel-1a,2025-11-24T11:29:04.309097Z,2025-11-24T18:29:04.309097+07:00,,,,,,unverified,https://planetarycomputer.microsoft.com/api/stac/v1/collections/sentinel-1-grd/items/S1A_IW_GRDH_1SDV_20251124T112851_20251124T112916_062019_07C21D,"Copernicus Sentinel Data Legal Notice - free, full and open access",EPSG:32647,10 pixel spacing (GRD),VV;VH,,,,provider=Microsoft Planetary Computer; yearly paginated STAC search; AOI coverage=1.000,candidate-unverified
sentinel1,S1A_IW_GRDH_1SDV_20251210T230941_20251210T231006_062259_07CB90,sentinel-1a,2025-12-10T23:09:53.552067Z,2025-12-11T06:09:53.552067+07:00,,,,,,unverified,https://planetarycomputer.microsoft.com/api/stac/v1/collections/sentinel-1-grd/items/S1A_IW_GRDH_1SDV_20251210T230941_20251210T231006_062259_07CB90,"Copernicus Sentinel Data Legal Notice - free, full and open access",EPSG:32647,10 pixel spacing (GRD),VV;VH,,,,provider=Microsoft Planetary Computer; yearly paginated STAC search; AOI coverage=1.000,candidate-unverified
sentinel1,S1A_IW_GRDH_1SDV_20251230T112848_20251230T112913_062544_07D68E,sentinel-1a,2025-12-30T11:29:00.577079Z,2025-12-30T18:29:00.577079+07:00,,,,,,unverified,https://planetarycomputer.microsoft.com/api/stac/v1/collections/sentinel-1-grd/items/S1A_IW_GRDH_1SDV_20251230T112848_20251230T112913_062544_07D68E,"Copernicus Sentinel Data Legal Notice - free, full and open access",EPSG:32647,10 pixel spacing (GRD),VV;VH,,,,provider=Microsoft Planetary Computer; yearly paginated STAC search; AOI coverage=1.000,candidate-unverified
sentinel1,S1A_IW_GRDH_1SDV_20260103T230938_20260103T231003_062609_07D91C,sentinel-1a,2026-01-03T23:09:51.011356Z,2026-01-04T06:09:51.011356+07:00,,,,,,unverified,https://planetarycomputer.microsoft.com/api/stac/v1/collections/sentinel-1-grd/items/S1A_IW_GRDH_1SDV_20260103T230938_20260103T231003_062609_07D91C,"Copernicus Sentinel Data Legal Notice - free, full and open access",EPSG:32647,10 pixel spacing (GRD),VV;VH,,,,provider=Microsoft Planetary Computer; yearly paginated STAC search; AOI coverage=1.000,candidate-unverified
sentinel1,S1A_IW_GRDH_1SDV_20260111T112847_20260111T112912_062719_07DD46,sentinel-1a,2026-01-11T11:28:59.505593Z,2026-01-11T18:28:59.505593+07:00,,,,,,unverified,https://planetarycomputer.microsoft.com/api/stac/v1/collections/sentinel-1-grd/items/S1A_IW_GRDH_1SDV_20260111T112847_20260111T112912_062719_07DD46,"Copernicus Sentinel Data Legal Notice - free, full and open access",EPSG:32647,10 pixel spacing (GRD),VV;VH,,,,provider=Microsoft Planetary Computer; yearly paginated STAC search; AOI coverage=1.000,candidate-unverified
sentinel1,S1A_IW_GRDH_1SDV_20260123T112845_20260123T112910_062894_07E3A1,sentinel-1a,2026-01-23T11:28:57.997791Z,2026-01-23T18:28:57.997791+07:00,,,,,,unverified,https://planetarycomputer.microsoft.com/api/stac/v1/collections/sentinel-1-grd/items/S1A_IW_GRDH_1SDV_20260123T112845_20260123T112910_062894_07E3A1,"Copernicus Sentinel Data Legal Notice - free, full and open access",EPSG:32647,10 pixel spacing (GRD),VV;VH,,,,provider=Microsoft Planetary Computer; yearly paginated STAC search; AOI coverage=1.000,candidate-unverified
sentinel1,S1C_IW_GRDH_1SDV_20260202T230835_20260202T230906_006183_00C69C,sentinel-1c,2026-02-02T23:08:51.014743Z,2026-02-03T06:08:51.014743+07:00,,,,,,unverified,https://planetarycomputer.microsoft.com/api/stac/v1/collections/sentinel-1-grd/items/S1C_IW_GRDH_1SDV_20260202T230835_20260202T230906_006183_00C69C,"Copernicus Sentinel Data Legal Notice - free, full and open access",EPSG:32647,10 pixel spacing (GRD),VV;VH,,,,provider=Microsoft Planetary Computer; yearly paginated STAC search; AOI coverage=1.000,candidate-unverified
sentinel1,S1A_IW_GRDH_1SDV_20260208T230935_20260208T231000_063134_07ECBA,sentinel-1a,2026-02-08T23:09:48.484291Z,2026-02-09T06:09:48.484291+07:00,,,,,,unverified,https://planetarycomputer.microsoft.com/api/stac/v1/collections/sentinel-1-grd/items/S1A_IW_GRDH_1SDV_20260208T230935_20260208T231000_063134_07ECBA,"Copernicus Sentinel Data Legal Notice - free, full and open access",EPSG:32647,10 pixel spacing (GRD),VV;VH,,,,provider=Microsoft Planetary Computer; yearly paginated STAC search; AOI coverage=1.000,candidate-unverified
sentinel1,S1A_IW_GRDH_1SDV_20260220T230935_20260220T231000_063309_07F348,sentinel-1a,2026-02-20T23:09:47.868111Z,2026-02-21T06:09:47.868111+07:00,,,,,,unverified,https://planetarycomputer.microsoft.com/api/stac/v1/collections/sentinel-1-grd/items/S1A_IW_GRDH_1SDV_20260220T230935_20260220T231000_063309_07F348,"Copernicus Sentinel Data Legal Notice - free, full and open access",EPSG:32647,10 pixel spacing (GRD),VV;VH,,,,provider=Microsoft Planetary Computer; yearly paginated STAC search; AOI coverage=1.000,candidate-unverified
sentinel1,S1C_IW_GRDH_1SDV_20260310T230836_20260310T230906_006708_00D8BA,sentinel-1c,2026-03-10T23:08:51.210841Z,2026-03-11T06:08:51.210841+07:00,,,,,,unverified,https://planetarycomputer.microsoft.com/api/stac/v1/collections/sentinel-1-grd/items/S1C_IW_GRDH_1SDV_20260310T230836_20260310T230906_006708_00D8BA,"Copernicus Sentinel Data Legal Notice - free, full and open access",EPSG:32647,10 pixel spacing (GRD),VV;VH,,,,provider=Microsoft Planetary Computer; yearly paginated STAC search; AOI coverage=1.000,candidate-unverified
sentinel1,S1A_IW_GRDH_1SDV_20260324T112844_20260324T112909_063769_08049D,sentinel-1a,2026-03-24T11:28:57.186277Z,2026-03-24T18:28:57.186277+07:00,,,,,,unverified,https://planetarycomputer.microsoft.com/api/stac/v1/collections/sentinel-1-grd/items/S1A_IW_GRDH_1SDV_20260324T112844_20260324T112909_063769_08049D,"Copernicus Sentinel Data Legal Notice - free, full and open access",EPSG:32647,10 pixel spacing (GRD),VV;VH,,,,provider=Microsoft Planetary Computer; yearly paginated STAC search; AOI coverage=1.000,candidate-unverified
sentinel1,S1A_IW_GRDH_1SDV_20260409T230935_20260409T231000_064009_080DA2,sentinel-1a,2026-04-09T23:09:48.036833Z,2026-04-10T06:09:48.036833+07:00,,,,,,unverified,https://planetarycomputer.microsoft.com/api/stac/v1/collections/sentinel-1-grd/items/S1A_IW_GRDH_1SDV_20260409T230935_20260409T231000_064009_080DA2,"Copernicus Sentinel Data Legal Notice - free, full and open access",EPSG:32647,10 pixel spacing (GRD),VV;VH,,,,provider=Microsoft Planetary Computer; yearly paginated STAC search; AOI coverage=1.000,candidate-unverified
sentinel1,S1A_IW_GRDH_1SDV_20260421T230935_20260421T231000_064184_081428,sentinel-1a,2026-04-21T23:09:48.213433Z,2026-04-22T06:09:48.213433+07:00,,,,,,unverified,https://planetarycomputer.microsoft.com/api/stac/v1/collections/sentinel-1-grd/items/S1A_IW_GRDH_1SDV_20260421T230935_20260421T231000_064184_081428,"Copernicus Sentinel Data Legal Notice - free, full and open access",EPSG:32647,10 pixel spacing (GRD),VV;VH,,,,provider=Microsoft Planetary Computer; yearly paginated STAC search; AOI coverage=1.000,candidate-unverified
sentinel1,S1D_IW_GRDH_1SDV_20260522T230846_20260522T230916_002903_004F64,sentinel-1d,2026-05-22T23:09:01.550987Z,2026-05-23T06:09:01.550987+07:00,,,,,,unverified,https://planetarycomputer.microsoft.com/api/stac/v1/collections/sentinel-1-grd/items/S1D_IW_GRDH_1SDV_20260522T230846_20260522T230916_002903_004F64,"Copernicus Sentinel Data Legal Notice - free, full and open access",EPSG:32647,10 pixel spacing (GRD),VV;VH,,,,provider=Microsoft Planetary Computer; yearly paginated STAC search; AOI coverage=1.000,candidate-unverified
sentinel1,S1A_IW_GRDH_1SDV_20260527T230934_20260527T230959_064709_0826FE,sentinel-1a,2026-05-27T23:09:46.749028Z,2026-05-28T06:09:46.749028+07:00,,,,,,unverified,https://planetarycomputer.microsoft.com/api/stac/v1/collections/sentinel-1-grd/items/S1A_IW_GRDH_1SDV_20260527T230934_20260527T230959_064709_0826FE,"Copernicus Sentinel Data Legal Notice - free, full and open access",EPSG:32647,10 pixel spacing (GRD),VV;VH,,,,provider=Microsoft Planetary Computer; yearly paginated STAC search; AOI coverage=1.000,candidate-unverified
sentinel1,S1A_IW_GRDH_1SDV_20260604T112843_20260604T112908_064819_082AD4,sentinel-1a,2026-06-04T11:28:55.595275Z,2026-06-04T18:28:55.595275+07:00,,,,,,unverified,https://planetarycomputer.microsoft.com/api/stac/v1/collections/sentinel-1-grd/items/S1A_IW_GRDH_1SDV_20260604T112843_20260604T112908_064819_082AD4,"Copernicus Sentinel Data Legal Notice - free, full and open access",EPSG:32647,10 pixel spacing (GRD),VV;VH,,,,provider=Microsoft Planetary Computer; yearly paginated STAC search; AOI coverage=1.000,candidate-unverified
sentinel1,S1A_IW_GRDH_1SDV_20260620T230933_20260620T230958_065059_083346,sentinel-1a,2026-06-20T23:09:45.541408Z,2026-06-21T06:09:45.541408+07:00,,,,,,unverified,https://planetarycomputer.microsoft.com/api/stac/v1/collections/sentinel-1-grd/items/S1A_IW_GRDH_1SDV_20260620T230933_20260620T230958_065059_083346,"Copernicus Sentinel Data Legal Notice - free, full and open access",EPSG:32647,10 pixel spacing (GRD),VV;VH,,,,provider=Microsoft Planetary Computer; yearly paginated STAC search; AOI coverage=1.000,candidate-unverified
sentinel1,S1A_IW_GRDH_1SDV_20260628T112841_20260628T112906_065169_083710,sentinel-1a,2026-06-28T11:28:54.147754Z,2026-06-28T18:28:54.147754+07:00,,,,,,unverified,https://planetarycomputer.microsoft.com/api/stac/v1/collections/sentinel-1-grd/items/S1A_IW_GRDH_1SDV_20260628T112841_20260628T112906_065169_083710,"Copernicus Sentinel Data Legal Notice - free, full and open access",EPSG:32647,10 pixel spacing (GRD),VV;VH,,,,provider=Microsoft Planetary Computer; yearly paginated STAC search; AOI coverage=1.000,candidate-unverified
sentinel1,S1D_IW_GRDH_1SDV_20260709T230853_20260709T230918_003603_006698,sentinel-1d,2026-07-09T23:09:05.593792Z,2026-07-10T06:09:05.593792+07:00,,,,,,unverified,https://planetarycomputer.microsoft.com/api/stac/v1/collections/sentinel-1-grd/items/S1D_IW_GRDH_1SDV_20260709T230853_20260709T230918_003603_006698,"Copernicus Sentinel Data Legal Notice - free, full and open access",EPSG:32647,10 pixel spacing (GRD),VV;VH,,,,provider=Microsoft Planetary Computer; yearly paginated STAC search; AOI coverage=1.000,candidate-unverified
sentinel1,S1D_IW_GRDH_1SDV_20260721T230838_20260721T230903_003778_006C8D,sentinel-1d,2026-07-21T23:08:51.001445Z,2026-07-22T06:08:51.001445+07:00,,,,,,unverified,https://planetarycomputer.microsoft.com/api/stac/v1/collections/sentinel-1-grd/items/S1D_IW_GRDH_1SDV_20260721T230838_20260721T230903_003778_006C8D,"Copernicus Sentinel Data Legal Notice - free, full and open access",EPSG:32647,10 pixel spacing (GRD),VV;VH,,,,provider=Microsoft Planetary Computer; yearly paginated STAC search; AOI coverage=1.000,candidate-unverified
sentinel1,S1D_IW_GRDH_1SDV_20260802T230839_20260802T230904_003953_0072B4,sentinel-1d,2026-08-02T23:08:51.547763Z,2026-08-03T06:08:51.547763+07:00,,,,,,unverified,https://planetarycomputer.microsoft.com/api/stac/v1/collections/sentinel-1-grd/items/S1D_IW_GRDH_1SDV_20260802T230839_20260802T230904_003953_0072B4,"Copernicus Sentinel Data Legal Notice - free, full and open access",EPSG:32647,10 pixel spacing (GRD),VV;VH,,,,provider=Microsoft Planetary Computer; yearly paginated STAC search; AOI coverage=1.000,candidate-unverified
sentinel1,S1D_IW_GRDH_1SDV_20260814T230839_20260814T230904_004128_0078B3,sentinel-1d,2026-08-14T23:08:52.093472Z,2026-08-15T06:08:52.093472+07:00,,,,,,unverified,https://planetarycomputer.microsoft.com/api/stac/v1/collections/sentinel-1-grd/items/S1D_IW_GRDH_1SDV_20260814T230839_20260814T230904_004128_0078B3,"Copernicus Sentinel Data Legal Notice - free, full and open access",EPSG:32647,10 pixel spacing (GRD),VV;VH,,,,provider=Microsoft Planetary Computer; yearly paginated STAC search; AOI coverage=1.000,candidate-unverified
sentinel1,S1D_IW_GRDH_1SDV_20260826T230840_20260826T230905_004303_007EDA,sentinel-1d,2026-08-26T23:08:52.748815Z,2026-08-27T06:08:52.748815+07:00,,,,,,unverified,https://planetarycomputer.microsoft.com/api/stac/v1/collections/sentinel-1-grd/items/S1D_IW_GRDH_1SDV_20260826T230840_20260826T230905_004303_007EDA,"Copernicus Sentinel Data Legal Notice - free, full and open access",EPSG:32647,10 pixel spacing (GRD),VV;VH,,,,provider=Microsoft Planetary Computer; yearly paginated STAC search; AOI coverage=1.000,candidate-unverified
