dataset,scene_id,sensor,acquisition_datetime_utc,acquisition_datetime_bangkok,cloud_cover_scene,cloud_cover_aoi,tide_station,tide_level,tide_datum,tide_status,source_url,source_license,crs,resolution_m,bands,local_path,file_size_bytes,sha256,selection_reason,qa_status
landsat,LT05_L2SP_129054_19871209_02_T1,landsat-5,1987-12-09T03:07:48.280025Z,1987-12-09T10:07:48.280025+07:00,74.0000,100.0000,,,,unverified,https://planetarycomputer.microsoft.com/api/stac/v1/collections/landsat-c2-l2/items/LT05_L2SP_129054_19871209_02_T1,USGS Landsat - Public Domain / no restrictions on use,EPSG:32647,30,BLUE;GREEN;RED;NIR;SWIR1;SWIR2;QA_PIXEL,,,,provider=Microsoft Planetary Computer; yearly paginated STAC search; AOI coverage=1.000; dry/same-season preference; AOI bad-quality=100.00%,candidate-aoi-quality-reviewed
landsat,LT05_L2SP_129054_19871225_02_T1,landsat-5,1987-12-25T03:08:03.865038Z,1987-12-25T10:08:03.865038+07:00,18.0000,42.9333,,,,unverified,https://planetarycomputer.microsoft.com/api/stac/v1/collections/landsat-c2-l2/items/LT05_L2SP_129054_19871225_02_T1,USGS Landsat - Public Domain / no restrictions on use,EPSG:32647,30,BLUE;GREEN;RED;NIR;SWIR1;SWIR2;QA_PIXEL,,,,provider=Microsoft Planetary Computer; yearly paginated STAC search; AOI coverage=1.000; dry/same-season preference; AOI bad-quality=42.93%,candidate-aoi-quality-reviewed
landsat,LT05_L2SP_129054_19880110_02_T1,landsat-5,1988-01-10T03:08:19.787025Z,1988-01-10T10:08:19.787025+07:00,54.0000,47.4700,,,,unverified,https://planetarycomputer.microsoft.com/api/stac/v1/collections/landsat-c2-l2/items/LT05_L2SP_129054_19880110_02_T1,USGS Landsat - Public Domain / no restrictions on use,EPSG:32647,30,BLUE;GREEN;RED;NIR;SWIR1;SWIR2;QA_PIXEL,,,,provider=Microsoft Planetary Computer; yearly paginated STAC search; AOI coverage=1.000; dry/same-season preference; AOI bad-quality=47.47%,candidate-aoi-quality-reviewed
landsat,LT05_L2SP_129054_19880227_02_T1,landsat-5,1988-02-27T03:09:07.287088Z,1988-02-27T10:09:07.287088+07:00,22.0000,0.0000,,,,unverified,https://planetarycomputer.microsoft.com/api/stac/v1/collections/landsat-c2-l2/items/LT05_L2SP_129054_19880227_02_T1,USGS Landsat - Public Domain / no restrictions on use,EPSG:32647,30,BLUE;GREEN;RED;NIR;SWIR1;SWIR2;QA_PIXEL,,,,provider=Microsoft Planetary Computer; yearly paginated STAC search; AOI coverage=1.000; dry/same-season preference; AOI bad-quality=0.00%,candidate-aoi-quality-reviewed
landsat,LT05_L2SP_129054_19880330_02_T1,landsat-5,1988-03-30T03:09:24.272069Z,1988-03-30T10:09:24.272069+07:00,6.0000,5.1302,,,,unverified,https://planetarycomputer.microsoft.com/api/stac/v1/collections/landsat-c2-l2/items/LT05_L2SP_129054_19880330_02_T1,USGS Landsat - Public Domain / no restrictions on use,EPSG:32647,30,BLUE;GREEN;RED;NIR;SWIR1;SWIR2;QA_PIXEL,,,,provider=Microsoft Planetary Computer; yearly paginated STAC search; AOI coverage=1.000; dry/same-season preference; AOI bad-quality=5.13%,candidate-aoi-quality-reviewed
landsat,LT05_L2SP_129054_19880805_02_T1,landsat-5,1988-08-05T03:10:05.425000Z,1988-08-05T10:10:05.425000+07:00,35.0000,11.4695,,,,unverified,https://planetarycomputer.microsoft.com/api/stac/v1/collections/landsat-c2-l2/items/LT05_L2SP_129054_19880805_02_T1,USGS Landsat - Public Domain / no restrictions on use,EPSG:32647,30,BLUE;GREEN;RED;NIR;SWIR1;SWIR2;QA_PIXEL,,,,provider=Microsoft Planetary Computer; yearly paginated STAC search; AOI coverage=1.000; dry/same-season preference; AOI bad-quality=11.47%,candidate-aoi-quality-reviewed
landsat,LT05_L2SP_129054_19881109_02_T1,landsat-5,1988-11-09T03:09:57.738075Z,1988-11-09T10:09:57.738075+07:00,71.0000,100.0000,,,,unverified,https://planetarycomputer.microsoft.com/api/stac/v1/collections/landsat-c2-l2/items/LT05_L2SP_129054_19881109_02_T1,USGS Landsat - Public Domain / no restrictions on use,EPSG:32647,30,BLUE;GREEN;RED;NIR;SWIR1;SWIR2;QA_PIXEL,,,,provider=Microsoft Planetary Computer; yearly paginated STAC search; AOI coverage=1.000; dry/same-season preference; AOI bad-quality=100.00%,candidate-aoi-quality-reviewed
landsat,LT05_L2SP_129054_19881211_02_T1,landsat-5,1988-12-11T03:09:46.534006Z,1988-12-11T10:09:46.534006+07:00,57.0000,69.8092,,,,unverified,https://planetarycomputer.microsoft.com/api/stac/v1/collections/landsat-c2-l2/items/LT05_L2SP_129054_19881211_02_T1,USGS Landsat - Public Domain / no restrictions on use,EPSG:32647,30,BLUE;GREEN;RED;NIR;SWIR1;SWIR2;QA_PIXEL,,,,provider=Microsoft Planetary Computer; yearly paginated STAC search; AOI coverage=1.000; dry/same-season preference; AOI bad-quality=69.81%,candidate-aoi-quality-reviewed
landsat,LT04_L2SP_129054_19890205_02_T1,landsat-4,1989-02-05T03:12:06.454050Z,1989-02-05T10:12:06.454050+07:00,11.0000,0.0000,,,,unverified,https://planetarycomputer.microsoft.com/api/stac/v1/collections/landsat-c2-l2/items/LT04_L2SP_129054_19890205_02_T1,USGS Landsat - Public Domain / no restrictions on use,EPSG:32647,30,BLUE;GREEN;RED;NIR;SWIR1;SWIR2;QA_PIXEL,,,,provider=Microsoft Planetary Computer; yearly paginated STAC search; AOI coverage=1.000; dry/same-season preference; AOI bad-quality=0.00%,candidate-aoi-quality-reviewed
landsat,LT05_L2SP_129054_19890317_02_T1,landsat-5,1989-03-17T03:08:29.977000Z,1989-03-17T10:08:29.977000+07:00,11.0000,0.0000,,,,unverified,https://planetarycomputer.microsoft.com/api/stac/v1/collections/landsat-c2-l2/items/LT05_L2SP_129054_19890317_02_T1,USGS Landsat - Public Domain / no restrictions on use,EPSG:32647,30,BLUE;GREEN;RED;NIR;SWIR1;SWIR2;QA_PIXEL,,,,provider=Microsoft Planetary Computer; yearly paginated STAC search; AOI coverage=1.000; dry/same-season preference; AOI bad-quality=0.00%,candidate-aoi-quality-reviewed
landsat,LT05_L2SP_129054_19890418_02_T1,landsat-5,1989-04-18T03:08:21.208038Z,1989-04-18T10:08:21.208038+07:00,12.0000,10.6528,,,,unverified,https://planetarycomputer.microsoft.com/api/stac/v1/collections/landsat-c2-l2/items/LT05_L2SP_129054_19890418_02_T1,USGS Landsat - Public Domain / no restrictions on use,EPSG:32647,30,BLUE;GREEN;RED;NIR;SWIR1;SWIR2;QA_PIXEL,,,,provider=Microsoft Planetary Computer; yearly paginated STAC search; AOI coverage=1.000; dry/same-season preference; AOI bad-quality=10.65%,candidate-aoi-quality-reviewed
landsat,LT05_L2SP_129054_19890605_02_T1,landsat-5,1989-06-05T03:07:34.983063Z,1989-06-05T10:07:34.983063+07:00,55.0000,61.6386,,,,unverified,https://planetarycomputer.microsoft.com/api/stac/v1/collections/landsat-c2-l2/items/LT05_L2SP_129054_19890605_02_T1,USGS Landsat - Public Domain / no restrictions on use,EPSG:32647,30,BLUE;GREEN;RED;NIR;SWIR1;SWIR2;QA_PIXEL,,,,provider=Microsoft Planetary Computer; yearly paginated STAC search; AOI coverage=1.000; dry/same-season preference; AOI bad-quality=61.64%,candidate-aoi-quality-reviewed
landsat,LT05_L2SP_129054_19890707_02_T1,landsat-5,1989-07-07T03:06:53.646056Z,1989-07-07T10:06:53.646056+07:00,11.0000,30.7140,,,,unverified,https://planetarycomputer.microsoft.com/api/stac/v1/collections/landsat-c2-l2/items/LT05_L2SP_129054_19890707_02_T1,USGS Landsat - Public Domain / no restrictions on use,EPSG:32647,30,BLUE;GREEN;RED;NIR;SWIR1;SWIR2;QA_PIXEL,,,,provider=Microsoft Planetary Computer; yearly paginated STAC search; AOI coverage=1.000; dry/same-season preference; AOI bad-quality=30.71%,candidate-aoi-quality-reviewed
landsat,LT05_L2SP_129054_19891112_02_T1,landsat-5,1989-11-12T03:03:42.457031Z,1989-11-12T10:03:42.457031+07:00,87.0000,99.9777,,,,unverified,https://planetarycomputer.microsoft.com/api/stac/v1/collections/landsat-c2-l2/items/LT05_L2SP_129054_19891112_02_T1,USGS Landsat - Public Domain / no restrictions on use,EPSG:32647,30,BLUE;GREEN;RED;NIR;SWIR1;SWIR2;QA_PIXEL,,,,provider=Microsoft Planetary Computer; yearly paginated STAC search; AOI coverage=1.000; dry/same-season preference; AOI bad-quality=99.98%,candidate-aoi-quality-reviewed
landsat,LT05_L2SP_129054_19900115_02_T1,landsat-5,1990-01-15T03:01:50.886044Z,1990-01-15T10:01:50.886044+07:00,78.0000,100.0000,,,,unverified,https://planetarycomputer.microsoft.com/api/stac/v1/collections/landsat-c2-l2/items/LT05_L2SP_129054_19900115_02_T1,USGS Landsat - Public Domain / no restrictions on use,EPSG:32647,30,BLUE;GREEN;RED;NIR;SWIR1;SWIR2;QA_PIXEL,,,,provider=Microsoft Planetary Computer; yearly paginated STAC search; AOI coverage=1.000; dry/same-season preference; AOI bad-quality=100.00%,candidate-aoi-quality-reviewed
landsat,LT05_L2SP_129054_19900304_02_T1,landsat-5,1990-03-04T03:00:17.266013Z,1990-03-04T10:00:17.266013+07:00,2.0000,0.0000,,,,unverified,https://planetarycomputer.microsoft.com/api/stac/v1/collections/landsat-c2-l2/items/LT05_L2SP_129054_19900304_02_T1,USGS Landsat - Public Domain / no restrictions on use,EPSG:32647,30,BLUE;GREEN;RED;NIR;SWIR1;SWIR2;QA_PIXEL,,,,provider=Microsoft Planetary Computer; yearly paginated STAC search; AOI coverage=1.000; dry/same-season preference; AOI bad-quality=0.00%,candidate-aoi-quality-reviewed
landsat,LT05_L2SP_129054_19900405_02_T1,landsat-5,1990-04-05T02:59:24.123056Z,1990-04-05T09:59:24.123056+07:00,31.0000,2.4183,,,,unverified,https://planetarycomputer.microsoft.com/api/stac/v1/collections/landsat-c2-l2/items/LT05_L2SP_129054_19900405_02_T1,USGS Landsat - Public Domain / no restrictions on use,EPSG:32647,30,BLUE;GREEN;RED;NIR;SWIR1;SWIR2;QA_PIXEL,,,,provider=Microsoft Planetary Computer; yearly paginated STAC search; AOI coverage=1.000; dry/same-season preference; AOI bad-quality=2.42%,candidate-aoi-quality-reviewed
landsat,LT05_L2SP_129054_19900507_02_T1,landsat-5,1990-05-07T02:59:32.655094Z,1990-05-07T09:59:32.655094+07:00,20.0000,0.0000,,,,unverified,https://planetarycomputer.microsoft.com/api/stac/v1/collections/landsat-c2-l2/items/LT05_L2SP_129054_19900507_02_T1,USGS Landsat - Public Domain / no restrictions on use,EPSG:32647,30,BLUE;GREEN;RED;NIR;SWIR1;SWIR2;QA_PIXEL,,,,provider=Microsoft Planetary Computer; yearly paginated STAC search; AOI coverage=1.000; dry/same-season preference; AOI bad-quality=0.00%,candidate-aoi-quality-reviewed
landsat,LT05_L2SP_129054_19901014_02_T1,landsat-5,1990-10-14T02:58:57.496006Z,1990-10-14T09:58:57.496006+07:00,24.0000,30.6215,,,,unverified,https://planetarycomputer.microsoft.com/api/stac/v1/collections/landsat-c2-l2/items/LT05_L2SP_129054_19901014_02_T1,USGS Landsat - Public Domain / no restrictions on use,EPSG:32647,30,BLUE;GREEN;RED;NIR;SWIR1;SWIR2;QA_PIXEL,,,,provider=Microsoft Planetary Computer; yearly paginated STAC search; AOI coverage=1.000; dry/same-season preference; AOI bad-quality=30.62%,candidate-aoi-quality-reviewed
landsat,LT05_L2SP_129054_19901217_02_T1,landsat-5,1990-12-17T02:58:48.804069Z,1990-12-17T09:58:48.804069+07:00,61.0000,52.3673,,,,unverified,https://planetarycomputer.microsoft.com/api/stac/v1/collections/landsat-c2-l2/items/LT05_L2SP_129054_19901217_02_T1,USGS Landsat - Public Domain / no restrictions on use,EPSG:32647,30,BLUE;GREEN;RED;NIR;SWIR1;SWIR2;QA_PIXEL,,,,provider=Microsoft Planetary Computer; yearly paginated STAC search; AOI coverage=1.000; dry/same-season preference; AOI bad-quality=52.37%,candidate-aoi-quality-reviewed
landsat,LT05_L2SP_129054_19910219_02_T1,landsat-5,1991-02-19T03:00:15.654069Z,1991-02-19T10:00:15.654069+07:00,17.0000,1.6973,,,,unverified,https://planetarycomputer.microsoft.com/api/stac/v1/collections/landsat-c2-l2/items/LT05_L2SP_129054_19910219_02_T1,USGS Landsat - Public Domain / no restrictions on use,EPSG:32647,30,BLUE;GREEN;RED;NIR;SWIR1;SWIR2;QA_PIXEL,,,,provider=Microsoft Planetary Computer; yearly paginated STAC search; AOI coverage=1.000; dry/same-season preference; AOI bad-quality=1.70%,candidate-aoi-quality-reviewed
landsat,LT05_L2SP_129054_19910323_02_T1,landsat-5,1991-03-23T03:00:55.779056Z,1991-03-23T10:00:55.779056+07:00,20.0000,8.7481,,,,unverified,https://planetarycomputer.microsoft.com/api/stac/v1/collections/landsat-c2-l2/items/LT05_L2SP_129054_19910323_02_T1,USGS Landsat - Public Domain / no restrictions on use,EPSG:32647,30,BLUE;GREEN;RED;NIR;SWIR1;SWIR2;QA_PIXEL,,,,provider=Microsoft Planetary Computer; yearly paginated STAC search; AOI coverage=1.000; dry/same-season preference; AOI bad-quality=8.75%,candidate-aoi-quality-reviewed
landsat,LT05_L2SP_129054_19910424_02_T1,landsat-5,1991-04-24T03:01:23.518088Z,1991-04-24T10:01:23.518088+07:00,56.0000,15.4926,,,,unverified,https://planetarycomputer.microsoft.com/api/stac/v1/collections/landsat-c2-l2/items/LT05_L2SP_129054_19910424_02_T1,USGS Landsat - Public Domain / no restrictions on use,EPSG:32647,30,BLUE;GREEN;RED;NIR;SWIR1;SWIR2;QA_PIXEL,,,,provider=Microsoft Planetary Computer; yearly paginated STAC search; AOI coverage=1.000; dry/same-season preference; AOI bad-quality=15.49%,candidate-aoi-quality-reviewed
landsat,LT05_L2SP_129054_19910526_02_T1,landsat-5,1991-05-26T03:01:59.250038Z,1991-05-26T10:01:59.250038+07:00,29.0000,11.0930,,,,unverified,https://planetarycomputer.microsoft.com/api/stac/v1/collections/landsat-c2-l2/items/LT05_L2SP_129054_19910526_02_T1,USGS Landsat - Public Domain / no restrictions on use,EPSG:32647,30,BLUE;GREEN;RED;NIR;SWIR1;SWIR2;QA_PIXEL,,,,provider=Microsoft Planetary Computer; yearly paginated STAC search; AOI coverage=1.000; dry/same-season preference; AOI bad-quality=11.09%,candidate-aoi-quality-reviewed
landsat,LT05_L2SP_129054_19910830_02_T1,landsat-5,1991-08-30T03:03:01.837081Z,1991-08-30T10:03:01.837081+07:00,86.0000,100.0000,,,,unverified,https://planetarycomputer.microsoft.com/api/stac/v1/collections/landsat-c2-l2/items/LT05_L2SP_129054_19910830_02_T1,USGS Landsat - Public Domain / no restrictions on use,EPSG:32647,30,BLUE;GREEN;RED;NIR;SWIR1;SWIR2;QA_PIXEL,,,,provider=Microsoft Planetary Computer; yearly paginated STAC search; AOI coverage=1.000; dry/same-season preference; AOI bad-quality=100.00%,candidate-aoi-quality-reviewed
landsat,LT05_L2SP_129054_19911102_02_T1,landsat-5,1991-11-02T03:03:30.021044Z,1991-11-02T10:03:30.021044+07:00,32.0000,67.4675,,,,unverified,https://planetarycomputer.microsoft.com/api/stac/v1/collections/landsat-c2-l2/items/LT05_L2SP_129054_19911102_02_T1,USGS Landsat - Public Domain / no restrictions on use,EPSG:32647,30,BLUE;GREEN;RED;NIR;SWIR1;SWIR2;QA_PIXEL,,,,provider=Microsoft Planetary Computer; yearly paginated STAC search; AOI coverage=1.000; dry/same-season preference; AOI bad-quality=67.47%,candidate-aoi-quality-reviewed
landsat,LT05_L2SP_129054_19920206_02_T1,landsat-5,1992-02-06T03:03:33.400094Z,1992-02-06T10:03:33.400094+07:00,37.0000,6.9678,,,,unverified,https://planetarycomputer.microsoft.com/api/stac/v1/collections/landsat-c2-l2/items/LT05_L2SP_129054_19920206_02_T1,USGS Landsat - Public Domain / no restrictions on use,EPSG:32647,30,BLUE;GREEN;RED;NIR;SWIR1;SWIR2;QA_PIXEL,,,,provider=Microsoft Planetary Computer; yearly paginated STAC search; AOI coverage=1.000; dry/same-season preference; AOI bad-quality=6.97%,candidate-aoi-quality-reviewed
landsat,LT05_L2SP_129054_19920309_02_T1,landsat-5,1992-03-09T03:03:32.710006Z,1992-03-09T10:03:32.710006+07:00,28.0000,2.9511,,,,unverified,https://planetarycomputer.microsoft.com/api/stac/v1/collections/landsat-c2-l2/items/LT05_L2SP_129054_19920309_02_T1,USGS Landsat - Public Domain / no restrictions on use,EPSG:32647,30,BLUE;GREEN;RED;NIR;SWIR1;SWIR2;QA_PIXEL,,,,provider=Microsoft Planetary Computer; yearly paginated STAC search; AOI coverage=1.000; dry/same-season preference; AOI bad-quality=2.95%,candidate-aoi-quality-reviewed
landsat,LT05_L2SP_129054_19921003_02_T1,landsat-5,1992-10-03T03:01:03.202025Z,1992-10-03T10:01:03.202025+07:00,32.0000,24.8756,,,,unverified,https://planetarycomputer.microsoft.com/api/stac/v1/collections/landsat-c2-l2/items/LT05_L2SP_129054_19921003_02_T1,USGS Landsat - Public Domain / no restrictions on use,EPSG:32647,30,BLUE;GREEN;RED;NIR;SWIR1;SWIR2;QA_PIXEL,,,,provider=Microsoft Planetary Computer; yearly paginated STAC search; AOI coverage=1.000; dry/same-season preference; AOI bad-quality=24.88%,candidate-aoi-quality-reviewed
landsat,LT05_L2SP_129054_19921120_02_T1,landsat-5,1992-11-20T03:00:19.449069Z,1992-11-20T10:00:19.449069+07:00,41.0000,91.5997,,,,unverified,https://planetarycomputer.microsoft.com/api/stac/v1/collections/landsat-c2-l2/items/LT05_L2SP_129054_19921120_02_T1,USGS Landsat - Public Domain / no restrictions on use,EPSG:32647,30,BLUE;GREEN;RED;NIR;SWIR1;SWIR2;QA_PIXEL,,,,provider=Microsoft Planetary Computer; yearly paginated STAC search; AOI coverage=1.000; dry/same-season preference; AOI bad-quality=91.60%,candidate-aoi-quality-reviewed
landsat,LT05_L2SP_129054_19921206_02_T1,landsat-5,1992-12-06T03:00:34.803013Z,1992-12-06T10:00:34.803013+07:00,51.0000,72.0297,,,,unverified,https://planetarycomputer.microsoft.com/api/stac/v1/collections/landsat-c2-l2/items/LT05_L2SP_129054_19921206_02_T1,USGS Landsat - Public Domain / no restrictions on use,EPSG:32647,30,BLUE;GREEN;RED;NIR;SWIR1;SWIR2;QA_PIXEL,,,,provider=Microsoft Planetary Computer; yearly paginated STAC search; AOI coverage=1.000; dry/same-season preference; AOI bad-quality=72.03%,candidate-aoi-quality-reviewed
landsat,LT05_L2SP_129054_19921222_02_T1,landsat-5,1992-12-22T03:00:44.229050Z,1992-12-22T10:00:44.229050+07:00,87.0000,100.0000,,,,unverified,https://planetarycomputer.microsoft.com/api/stac/v1/collections/landsat-c2-l2/items/LT05_L2SP_129054_19921222_02_T1,USGS Landsat - Public Domain / no restrictions on use,EPSG:32647,30,BLUE;GREEN;RED;NIR;SWIR1;SWIR2;QA_PIXEL,,,,provider=Microsoft Planetary Computer; yearly paginated STAC search; AOI coverage=1.000; dry/same-season preference; AOI bad-quality=100.00%,candidate-aoi-quality-reviewed
landsat,LT05_L2SP_129054_19930107_02_T1,landsat-5,1993-01-07T03:00:54.131000Z,1993-01-07T10:00:54.131000+07:00,38.0000,2.6034,,,,unverified,https://planetarycomputer.microsoft.com/api/stac/v1/collections/landsat-c2-l2/items/LT05_L2SP_129054_19930107_02_T1,USGS Landsat - Public Domain / no restrictions on use,EPSG:32647,30,BLUE;GREEN;RED;NIR;SWIR1;SWIR2;QA_PIXEL,,,,provider=Microsoft Planetary Computer; yearly paginated STAC search; AOI coverage=1.000; dry/same-season preference; AOI bad-quality=2.60%,candidate-aoi-quality-reviewed
landsat,LT05_L2SP_129054_19930224_02_T1,landsat-5,1993-02-24T03:01:19.335081Z,1993-02-24T10:01:19.335081+07:00,18.0000,20.2878,,,,unverified,https://planetarycomputer.microsoft.com/api/stac/v1/collections/landsat-c2-l2/items/LT05_L2SP_129054_19930224_02_T1,USGS Landsat - Public Domain / no restrictions on use,EPSG:32647,30,BLUE;GREEN;RED;NIR;SWIR1;SWIR2;QA_PIXEL,,,,provider=Microsoft Planetary Computer; yearly paginated STAC search; AOI coverage=1.000; dry/same-season preference; AOI bad-quality=20.29%,candidate-aoi-quality-reviewed
landsat,LT05_L2SP_129054_19930413_02_T1,landsat-5,1993-04-13T03:01:40.674094Z,1993-04-13T10:01:40.674094+07:00,41.0000,21.9659,,,,unverified,https://planetarycomputer.microsoft.com/api/stac/v1/collections/landsat-c2-l2/items/LT05_L2SP_129054_19930413_02_T1,USGS Landsat - Public Domain / no restrictions on use,EPSG:32647,30,BLUE;GREEN;RED;NIR;SWIR1;SWIR2;QA_PIXEL,,,,provider=Microsoft Planetary Computer; yearly paginated STAC search; AOI coverage=1.000; dry/same-season preference; AOI bad-quality=21.97%,candidate-aoi-quality-reviewed
landsat,LT05_L2SP_129054_19930718_02_T1,landsat-5,1993-07-18T03:01:45.869088Z,1993-07-18T10:01:45.869088+07:00,5.0000,0.1850,,,,unverified,https://planetarycomputer.microsoft.com/api/stac/v1/collections/landsat-c2-l2/items/LT05_L2SP_129054_19930718_02_T1,USGS Landsat - Public Domain / no restrictions on use,EPSG:32647,30,BLUE;GREEN;RED;NIR;SWIR1;SWIR2;QA_PIXEL,,,,provider=Microsoft Planetary Computer; yearly paginated STAC search; AOI coverage=1.000; dry/same-season preference; AOI bad-quality=0.19%,candidate-aoi-quality-reviewed
landsat,LT05_L2SP_129054_19931107_02_T1,landsat-5,1993-11-07T03:01:24.006044Z,1993-11-07T10:01:24.006044+07:00,49.0000,90.8021,,,,unverified,https://planetarycomputer.microsoft.com/api/stac/v1/collections/landsat-c2-l2/items/LT05_L2SP_129054_19931107_02_T1,USGS Landsat - Public Domain / no restrictions on use,EPSG:32647,30,BLUE;GREEN;RED;NIR;SWIR1;SWIR2;QA_PIXEL,,,,provider=Microsoft Planetary Computer; yearly paginated STAC search; AOI coverage=1.000; dry/same-season preference; AOI bad-quality=90.80%,candidate-aoi-quality-reviewed
landsat,LT05_L2SP_129054_19931209_02_T1,landsat-5,1993-12-09T03:01:12.570088Z,1993-12-09T10:01:12.570088+07:00,13.0000,1.2092,,,,unverified,https://planetarycomputer.microsoft.com/api/stac/v1/collections/landsat-c2-l2/items/LT05_L2SP_129054_19931209_02_T1,USGS Landsat - Public Domain / no restrictions on use,EPSG:32647,30,BLUE;GREEN;RED;NIR;SWIR1;SWIR2;QA_PIXEL,,,,provider=Microsoft Planetary Computer; yearly paginated STAC search; AOI coverage=1.000; dry/same-season preference; AOI bad-quality=1.21%,candidate-aoi-quality-reviewed
landsat,LT05_L2SP_129054_19940110_02_T1,landsat-5,1994-01-10T03:00:49.901006Z,1994-01-10T10:00:49.901006+07:00,4.0000,0.1531,,,,unverified,https://planetarycomputer.microsoft.com/api/stac/v1/collections/landsat-c2-l2/items/LT05_L2SP_129054_19940110_02_T1,USGS Landsat - Public Domain / no restrictions on use,EPSG:32647,30,BLUE;GREEN;RED;NIR;SWIR1;SWIR2;QA_PIXEL,,,,provider=Microsoft Planetary Computer; yearly paginated STAC search; AOI coverage=1.000; dry/same-season preference; AOI bad-quality=0.15%,candidate-aoi-quality-reviewed
landsat,LT05_L2SP_129054_19940227_02_T1,landsat-5,1994-02-27T03:00:13.004088Z,1994-02-27T10:00:13.004088+07:00,7.0000,0.0000,,,,unverified,https://planetarycomputer.microsoft.com/api/stac/v1/collections/landsat-c2-l2/items/LT05_L2SP_129054_19940227_02_T1,USGS Landsat - Public Domain / no restrictions on use,EPSG:32647,30,BLUE;GREEN;RED;NIR;SWIR1;SWIR2;QA_PIXEL,,,,provider=Microsoft Planetary Computer; yearly paginated STAC search; AOI coverage=1.000; dry/same-season preference; AOI bad-quality=0.00%,candidate-aoi-quality-reviewed
landsat,LT05_L2SP_129054_19940331_02_T1,landsat-5,1994-03-31T02:59:43.404056Z,1994-03-31T09:59:43.404056+07:00,20.0000,0.0000,,,,unverified,https://planetarycomputer.microsoft.com/api/stac/v1/collections/landsat-c2-l2/items/LT05_L2SP_129054_19940331_02_T1,USGS Landsat - Public Domain / no restrictions on use,EPSG:32647,30,BLUE;GREEN;RED;NIR;SWIR1;SWIR2;QA_PIXEL,,,,provider=Microsoft Planetary Computer; yearly paginated STAC search; AOI coverage=1.000; dry/same-season preference; AOI bad-quality=0.00%,candidate-aoi-quality-reviewed
landsat,LT05_L2SP_129054_19940923_02_T1,landsat-5,1994-09-23T02:55:41.632044Z,1994-09-23T09:55:41.632044+07:00,5.0000,0.0510,,,,unverified,https://planetarycomputer.microsoft.com/api/stac/v1/collections/landsat-c2-l2/items/LT05_L2SP_129054_19940923_02_T1,USGS Landsat - Public Domain / no restrictions on use,EPSG:32647,30,BLUE;GREEN;RED;NIR;SWIR1;SWIR2;QA_PIXEL,,,,provider=Microsoft Planetary Computer; yearly paginated STAC search; AOI coverage=1.000; dry/same-season preference; AOI bad-quality=0.05%,candidate-aoi-quality-reviewed
landsat,LT05_L2SP_129054_19941110_02_T1,landsat-5,1994-11-10T02:54:07.805013Z,1994-11-10T09:54:07.805013+07:00,71.0000,99.9426,,,,unverified,https://planetarycomputer.microsoft.com/api/stac/v1/collections/landsat-c2-l2/items/LT05_L2SP_129054_19941110_02_T1,USGS Landsat - Public Domain / no restrictions on use,EPSG:32647,30,BLUE;GREEN;RED;NIR;SWIR1;SWIR2;QA_PIXEL,,,,provider=Microsoft Planetary Computer; yearly paginated STAC search; AOI coverage=1.000; dry/same-season preference; AOI bad-quality=99.94%,candidate-aoi-quality-reviewed
landsat,LT05_L2SP_129054_19941212_02_T1,landsat-5,1994-12-12T02:53:06.605013Z,1994-12-12T09:53:06.605013+07:00,20.0000,0.0000,,,,unverified,https://planetarycomputer.microsoft.com/api/stac/v1/collections/landsat-c2-l2/items/LT05_L2SP_129054_19941212_02_T1,USGS Landsat - Public Domain / no restrictions on use,EPSG:32647,30,BLUE;GREEN;RED;NIR;SWIR1;SWIR2;QA_PIXEL,,,,provider=Microsoft Planetary Computer; yearly paginated STAC search; AOI coverage=1.000; dry/same-season preference; AOI bad-quality=0.00%,candidate-aoi-quality-reviewed
landsat,LT05_L2SP_129054_19950113_02_T1,landsat-5,1995-01-13T02:52:01.294056Z,1995-01-13T09:52:01.294056+07:00,17.0000,0.0000,,,,unverified,https://planetarycomputer.microsoft.com/api/stac/v1/collections/landsat-c2-l2/items/LT05_L2SP_129054_19950113_02_T1,USGS Landsat - Public Domain / no restrictions on use,EPSG:32647,30,BLUE;GREEN;RED;NIR;SWIR1;SWIR2;QA_PIXEL,,,,provider=Microsoft Planetary Computer; yearly paginated STAC search; AOI coverage=1.000; dry/same-season preference; AOI bad-quality=0.00%,candidate-aoi-quality-reviewed
landsat,LT05_L2SP_129054_19950214_02_T1,landsat-5,1995-02-14T02:50:45.194025Z,1995-02-14T09:50:45.194025+07:00,13.0000,0.0000,,,,unverified,https://planetarycomputer.microsoft.com/api/stac/v1/collections/landsat-c2-l2/items/LT05_L2SP_129054_19950214_02_T1,USGS Landsat - Public Domain / no restrictions on use,EPSG:32647,30,BLUE;GREEN;RED;NIR;SWIR1;SWIR2;QA_PIXEL,,,,provider=Microsoft Planetary Computer; yearly paginated STAC search; AOI coverage=1.000; dry/same-season preference; AOI bad-quality=0.00%,candidate-aoi-quality-reviewed
landsat,LT05_L2SP_129054_19950318_02_T1,landsat-5,1995-03-18T02:49:28.091069Z,1995-03-18T09:49:28.091069+07:00,47.0000,100.0000,,,,unverified,https://planetarycomputer.microsoft.com/api/stac/v1/collections/landsat-c2-l2/items/LT05_L2SP_129054_19950318_02_T1,USGS Landsat - Public Domain / no restrictions on use,EPSG:32647,30,BLUE;GREEN;RED;NIR;SWIR1;SWIR2;QA_PIXEL,,,,provider=Microsoft Planetary Computer; yearly paginated STAC search; AOI coverage=1.000; dry/same-season preference; AOI bad-quality=100.00%,candidate-aoi-quality-reviewed
landsat,LT05_L2SP_129054_19950419_02_T1,landsat-5,1995-04-19T02:48:08.576069Z,1995-04-19T09:48:08.576069+07:00,6.0000,25.0128,,,,unverified,https://planetarycomputer.microsoft.com/api/stac/v1/collections/landsat-c2-l2/items/LT05_L2SP_129054_19950419_02_T1,USGS Landsat - Public Domain / no restrictions on use,EPSG:32647,30,BLUE;GREEN;RED;NIR;SWIR1;SWIR2;QA_PIXEL,,,,provider=Microsoft Planetary Computer; yearly paginated STAC search; AOI coverage=1.000; dry/same-season preference; AOI bad-quality=25.01%,candidate-aoi-quality-reviewed
landsat,LT05_L2SP_129054_19950521_02_T1,landsat-5,1995-05-21T02:46:42.781094Z,1995-05-21T09:46:42.781094+07:00,4.0000,1.0241,,,,unverified,https://planetarycomputer.microsoft.com/api/stac/v1/collections/landsat-c2-l2/items/LT05_L2SP_129054_19950521_02_T1,USGS Landsat - Public Domain / no restrictions on use,EPSG:32647,30,BLUE;GREEN;RED;NIR;SWIR1;SWIR2;QA_PIXEL,,,,provider=Microsoft Planetary Computer; yearly paginated STAC search; AOI coverage=1.000; dry/same-season preference; AOI bad-quality=1.02%,candidate-aoi-quality-reviewed
landsat,LT05_L2SP_129054_19950622_02_T1,landsat-5,1995-06-22T02:45:14.924063Z,1995-06-22T09:45:14.924063+07:00,2.0000,0.0160,,,,unverified,https://planetarycomputer.microsoft.com/api/stac/v1/collections/landsat-c2-l2/items/LT05_L2SP_129054_19950622_02_T1,USGS Landsat - Public Domain / no restrictions on use,EPSG:32647,30,BLUE;GREEN;RED;NIR;SWIR1;SWIR2;QA_PIXEL,,,,provider=Microsoft Planetary Computer; yearly paginated STAC search; AOI coverage=1.000; dry/same-season preference; AOI bad-quality=0.02%,candidate-aoi-quality-reviewed
landsat,LT05_L2SP_129054_19960116_02_T1,landsat-5,1996-01-16T02:42:42.323044Z,1996-01-16T09:42:42.323044+07:00,6.0000,0.0000,,,,unverified,https://planetarycomputer.microsoft.com/api/stac/v1/collections/landsat-c2-l2/items/LT05_L2SP_129054_19960116_02_T1,USGS Landsat - Public Domain / no restrictions on use,EPSG:32647,30,BLUE;GREEN;RED;NIR;SWIR1;SWIR2;QA_PIXEL,,,,provider=Microsoft Planetary Computer; yearly paginated STAC search; AOI coverage=1.000; dry/same-season preference; AOI bad-quality=0.00%,candidate-aoi-quality-reviewed
landsat,LT05_L2SP_129054_19960304_02_T1,landsat-5,1996-03-04T02:45:59.673031Z,1996-03-04T09:45:59.673031+07:00,21.0000,1.7356,,,,unverified,https://planetarycomputer.microsoft.com/api/stac/v1/collections/landsat-c2-l2/items/LT05_L2SP_129054_19960304_02_T1,USGS Landsat - Public Domain / no restrictions on use,EPSG:32647,30,BLUE;GREEN;RED;NIR;SWIR1;SWIR2;QA_PIXEL,,,,provider=Microsoft Planetary Computer; yearly paginated STAC search; AOI coverage=1.000; dry/same-season preference; AOI bad-quality=1.74%,candidate-aoi-quality-reviewed
landsat,LT05_L2SP_129054_19960405_02_T1,landsat-5,1996-04-05T02:48:02.700031Z,1996-04-05T09:48:02.700031+07:00,31.0000,16.3636,,,,unverified,https://planetarycomputer.microsoft.com/api/stac/v1/collections/landsat-c2-l2/items/LT05_L2SP_129054_19960405_02_T1,USGS Landsat - Public Domain / no restrictions on use,EPSG:32647,30,BLUE;GREEN;RED;NIR;SWIR1;SWIR2;QA_PIXEL,,,,provider=Microsoft Planetary Computer; yearly paginated STAC search; AOI coverage=1.000; dry/same-season preference; AOI bad-quality=16.36%,candidate-aoi-quality-reviewed
landsat,LT05_L2SP_129054_19960523_02_T1,landsat-5,1996-05-23T02:50:53.622019Z,1996-05-23T09:50:53.622019+07:00,14.0000,10.3337,,,,unverified,https://planetarycomputer.microsoft.com/api/stac/v1/collections/landsat-c2-l2/items/LT05_L2SP_129054_19960523_02_T1,USGS Landsat - Public Domain / no restrictions on use,EPSG:32647,30,BLUE;GREEN;RED;NIR;SWIR1;SWIR2;QA_PIXEL,,,,provider=Microsoft Planetary Computer; yearly paginated STAC search; AOI coverage=1.000; dry/same-season preference; AOI bad-quality=10.33%,candidate-aoi-quality-reviewed
landsat,LT05_L2SP_129054_19961115_02_T1,landsat-5,1996-11-15T03:00:09.023031Z,1996-11-15T10:00:09.023031+07:00,35.0000,0.0064,,,,unverified,https://planetarycomputer.microsoft.com/api/stac/v1/collections/landsat-c2-l2/items/LT05_L2SP_129054_19961115_02_T1,USGS Landsat - Public Domain / no restrictions on use,EPSG:32647,30,BLUE;GREEN;RED;NIR;SWIR1;SWIR2;QA_PIXEL,,,,provider=Microsoft Planetary Computer; yearly paginated STAC search; AOI coverage=1.000; dry/same-season preference; AOI bad-quality=0.01%,candidate-aoi-quality-reviewed
landsat,LT05_L2SP_129054_19961217_02_T1,landsat-5,1996-12-17T03:01:39.947031Z,1996-12-17T10:01:39.947031+07:00,47.0000,0.0000,,,,unverified,https://planetarycomputer.microsoft.com/api/stac/v1/collections/landsat-c2-l2/items/LT05_L2SP_129054_19961217_02_T1,USGS Landsat - Public Domain / no restrictions on use,EPSG:32647,30,BLUE;GREEN;RED;NIR;SWIR1;SWIR2;QA_PIXEL,,,,provider=Microsoft Planetary Computer; yearly paginated STAC search; AOI coverage=1.000; dry/same-season preference; AOI bad-quality=0.00%,candidate-aoi-quality-reviewed
landsat,LT05_L2SP_129054_19970102_02_T1,landsat-5,1997-01-02T03:02:25.813038Z,1997-01-02T10:02:25.813038+07:00,11.0000,22.4923,,,,unverified,https://planetarycomputer.microsoft.com/api/stac/v1/collections/landsat-c2-l2/items/LT05_L2SP_129054_19970102_02_T1,USGS Landsat - Public Domain / no restrictions on use,EPSG:32647,30,BLUE;GREEN;RED;NIR;SWIR1;SWIR2;QA_PIXEL,,,,provider=Microsoft Planetary Computer; yearly paginated STAC search; AOI coverage=1.000; dry/same-season preference; AOI bad-quality=22.49%,candidate-aoi-quality-reviewed
landsat,LT05_L2SP_129054_19970203_02_T1,landsat-5,1997-02-03T03:03:53.805094Z,1997-02-03T10:03:53.805094+07:00,64.0000,0.0000,,,,unverified,https://planetarycomputer.microsoft.com/api/stac/v1/collections/landsat-c2-l2/items/LT05_L2SP_129054_19970203_02_T1,USGS Landsat - Public Domain / no restrictions on use,EPSG:32647,30,BLUE;GREEN;RED;NIR;SWIR1;SWIR2;QA_PIXEL,,,,provider=Microsoft Planetary Computer; yearly paginated STAC search; AOI coverage=1.000; dry/same-season preference; AOI bad-quality=0.00%,candidate-aoi-quality-reviewed
landsat,LT05_L2SP_129054_19970323_02_T1,landsat-5,1997-03-23T03:05:50.436025Z,1997-03-23T10:05:50.436025+07:00,14.0000,0.0000,,,,unverified,https://planetarycomputer.microsoft.com/api/stac/v1/collections/landsat-c2-l2/items/LT05_L2SP_129054_19970323_02_T1,USGS Landsat - Public Domain / no restrictions on use,EPSG:32647,30,BLUE;GREEN;RED;NIR;SWIR1;SWIR2;QA_PIXEL,,,,provider=Microsoft Planetary Computer; yearly paginated STAC search; AOI coverage=1.000; dry/same-season preference; AOI bad-quality=0.00%,candidate-aoi-quality-reviewed
landsat,LT05_L2SP_129054_19970424_02_T1,landsat-5,1997-04-24T03:06:59.408038Z,1997-04-24T10:06:59.408038+07:00,18.0000,13.5720,,,,unverified,https://planetarycomputer.microsoft.com/api/stac/v1/collections/landsat-c2-l2/items/LT05_L2SP_129054_19970424_02_T1,USGS Landsat - Public Domain / no restrictions on use,EPSG:32647,30,BLUE;GREEN;RED;NIR;SWIR1;SWIR2;QA_PIXEL,,,,provider=Microsoft Planetary Computer; yearly paginated STAC search; AOI coverage=1.000; dry/same-season preference; AOI bad-quality=13.57%,candidate-aoi-quality-reviewed
landsat,LT05_L2SP_129054_19971118_02_T1,landsat-5,1997-11-18T03:13:27.090019Z,1997-11-18T10:13:27.090019+07:00,62.0000,0.0000,,,,unverified,https://planetarycomputer.microsoft.com/api/stac/v1/collections/landsat-c2-l2/items/LT05_L2SP_129054_19971118_02_T1,USGS Landsat - Public Domain / no restrictions on use,EPSG:32647,30,BLUE;GREEN;RED;NIR;SWIR1;SWIR2;QA_PIXEL,,,,provider=Microsoft Planetary Computer; yearly paginated STAC search; AOI coverage=1.000; dry/same-season preference; AOI bad-quality=0.00%,candidate-aoi-quality-reviewed
landsat,LT05_L2SP_129054_19971220_02_T1,landsat-5,1997-12-20T03:14:14.236094Z,1997-12-20T10:14:14.236094+07:00,19.0000,0.0032,,,,unverified,https://planetarycomputer.microsoft.com/api/stac/v1/collections/landsat-c2-l2/items/LT05_L2SP_129054_19971220_02_T1,USGS Landsat - Public Domain / no restrictions on use,EPSG:32647,30,BLUE;GREEN;RED;NIR;SWIR1;SWIR2;QA_PIXEL,,,,provider=Microsoft Planetary Computer; yearly paginated STAC search; AOI coverage=1.000; dry/same-season preference; AOI bad-quality=0.00%,candidate-aoi-quality-reviewed
landsat,LT05_L2SP_129054_19980105_02_T1,landsat-5,1998-01-05T03:14:37.432094Z,1998-01-05T10:14:37.432094+07:00,11.0000,0.9539,,,,unverified,https://planetarycomputer.microsoft.com/api/stac/v1/collections/landsat-c2-l2/items/LT05_L2SP_129054_19980105_02_T1,USGS Landsat - Public Domain / no restrictions on use,EPSG:32647,30,BLUE;GREEN;RED;NIR;SWIR1;SWIR2;QA_PIXEL,,,,provider=Microsoft Planetary Computer; yearly paginated STAC search; AOI coverage=1.000; dry/same-season preference; AOI bad-quality=0.95%,candidate-aoi-quality-reviewed
landsat,LT05_L2SP_129054_19980206_02_T1,landsat-5,1998-02-06T03:15:19.176025Z,1998-02-06T10:15:19.176025+07:00,12.0000,0.0000,,,,unverified,https://planetarycomputer.microsoft.com/api/stac/v1/collections/landsat-c2-l2/items/LT05_L2SP_129054_19980206_02_T1,USGS Landsat - Public Domain / no restrictions on use,EPSG:32647,30,BLUE;GREEN;RED;NIR;SWIR1;SWIR2;QA_PIXEL,,,,provider=Microsoft Planetary Computer; yearly paginated STAC search; AOI coverage=1.000; dry/same-season preference; AOI bad-quality=0.00%,candidate-aoi-quality-reviewed
landsat,LT05_L2SP_129054_19980326_02_T1,landsat-5,1998-03-26T03:16:06.211081Z,1998-03-26T10:16:06.211081+07:00,19.0000,0.1787,,,,unverified,https://planetarycomputer.microsoft.com/api/stac/v1/collections/landsat-c2-l2/items/LT05_L2SP_129054_19980326_02_T1,USGS Landsat - Public Domain / no restrictions on use,EPSG:32647,30,BLUE;GREEN;RED;NIR;SWIR1;SWIR2;QA_PIXEL,,,,provider=Microsoft Planetary Computer; yearly paginated STAC search; AOI coverage=1.000; dry/same-season preference; AOI bad-quality=0.18%,candidate-aoi-quality-reviewed
landsat,LT05_L2SP_129054_19980427_02_T1,landsat-5,1998-04-27T03:16:29.786075Z,1998-04-27T10:16:29.786075+07:00,6.0000,0.0000,,,,unverified,https://planetarycomputer.microsoft.com/api/stac/v1/collections/landsat-c2-l2/items/LT05_L2SP_129054_19980427_02_T1,USGS Landsat - Public Domain / no restrictions on use,EPSG:32647,30,BLUE;GREEN;RED;NIR;SWIR1;SWIR2;QA_PIXEL,,,,provider=Microsoft Planetary Computer; yearly paginated STAC search; AOI coverage=1.000; dry/same-season preference; AOI bad-quality=0.00%,candidate-aoi-quality-reviewed
landsat,LT05_L2SP_129054_19981020_02_T1,landsat-5,1998-10-20T03:18:11.417069Z,1998-10-20T10:18:11.417069+07:00,45.0000,0.0000,,,,unverified,https://planetarycomputer.microsoft.com/api/stac/v1/collections/landsat-c2-l2/items/LT05_L2SP_129054_19981020_02_T1,USGS Landsat - Public Domain / no restrictions on use,EPSG:32647,30,BLUE;GREEN;RED;NIR;SWIR1;SWIR2;QA_PIXEL,,,,provider=Microsoft Planetary Computer; yearly paginated STAC search; AOI coverage=1.000; dry/same-season preference; AOI bad-quality=0.00%,candidate-aoi-quality-reviewed
landsat,LT05_L2SP_129054_19981223_02_T1,landsat-5,1998-12-23T03:18:24.693000Z,1998-12-23T10:18:24.693000+07:00,46.0000,4.9515,,,,unverified,https://planetarycomputer.microsoft.com/api/stac/v1/collections/landsat-c2-l2/items/LT05_L2SP_129054_19981223_02_T1,USGS Landsat - Public Domain / no restrictions on use,EPSG:32647,30,BLUE;GREEN;RED;NIR;SWIR1;SWIR2;QA_PIXEL,,,,provider=Microsoft Planetary Computer; yearly paginated STAC search; AOI coverage=1.000; dry/same-season preference; AOI bad-quality=4.95%,candidate-aoi-quality-reviewed
landsat,LT05_L2SP_129054_19990108_02_T1,landsat-5,1999-01-08T03:18:24.528075Z,1999-01-08T10:18:24.528075+07:00,15.0000,1.7579,,,,unverified,https://planetarycomputer.microsoft.com/api/stac/v1/collections/landsat-c2-l2/items/LT05_L2SP_129054_19990108_02_T1,USGS Landsat - Public Domain / no restrictions on use,EPSG:32647,30,BLUE;GREEN;RED;NIR;SWIR1;SWIR2;QA_PIXEL,,,,provider=Microsoft Planetary Computer; yearly paginated STAC search; AOI coverage=1.000; dry/same-season preference; AOI bad-quality=1.76%,candidate-aoi-quality-reviewed
landsat,LT05_L2SP_129054_19990209_02_T1,landsat-5,1999-02-09T03:18:32.838081Z,1999-02-09T10:18:32.838081+07:00,10.0000,43.2778,,,,unverified,https://planetarycomputer.microsoft.com/api/stac/v1/collections/landsat-c2-l2/items/LT05_L2SP_129054_19990209_02_T1,USGS Landsat - Public Domain / no restrictions on use,EPSG:32647,30,BLUE;GREEN;RED;NIR;SWIR1;SWIR2;QA_PIXEL,,,,provider=Microsoft Planetary Computer; yearly paginated STAC search; AOI coverage=1.000; dry/same-season preference; AOI bad-quality=43.28%,candidate-aoi-quality-reviewed
landsat,LT05_L2SP_129054_19990313_02_T1,landsat-5,1999-03-13T03:18:24.241031Z,1999-03-13T10:18:24.241031+07:00,17.0000,5.6534,,,,unverified,https://planetarycomputer.microsoft.com/api/stac/v1/collections/landsat-c2-l2/items/LT05_L2SP_129054_19990313_02_T1,USGS Landsat - Public Domain / no restrictions on use,EPSG:32647,30,BLUE;GREEN;RED;NIR;SWIR1;SWIR2;QA_PIXEL,,,,provider=Microsoft Planetary Computer; yearly paginated STAC search; AOI coverage=1.000; dry/same-season preference; AOI bad-quality=5.65%,candidate-aoi-quality-reviewed
landsat,LT05_L2SP_129054_19991108_02_T1,landsat-5,1999-11-08T03:15:20.618069Z,1999-11-08T10:15:20.618069+07:00,68.0000,100.0000,,,,unverified,https://planetarycomputer.microsoft.com/api/stac/v1/collections/landsat-c2-l2/items/LT05_L2SP_129054_19991108_02_T1,USGS Landsat - Public Domain / no restrictions on use,EPSG:32647,30,BLUE;GREEN;RED;NIR;SWIR1;SWIR2;QA_PIXEL,,,,provider=Microsoft Planetary Computer; yearly paginated STAC search; AOI coverage=1.000; dry/same-season preference; AOI bad-quality=100.00%,candidate-aoi-quality-reviewed
landsat,LE07_L2SP_129054_19991202_02_T1,landsat-7,1999-12-02T03:32:09.895865Z,1999-12-02T10:32:09.895865+07:00,49.0000,52.5810,,,,unverified,https://planetarycomputer.microsoft.com/api/stac/v1/collections/landsat-c2-l2/items/LE07_L2SP_129054_19991202_02_T1,USGS Landsat - Public Domain / no restrictions on use,EPSG:32647,30,BLUE;GREEN;RED;NIR;SWIR1;SWIR2;QA_PIXEL,,,,provider=Microsoft Planetary Computer; yearly paginated STAC search; AOI coverage=1.000; dry/same-season preference; AOI bad-quality=52.58%,candidate-aoi-quality-reviewed
landsat,LT05_L2SP_129054_19991226_02_T1,landsat-5,1999-12-26T03:14:27.667075Z,1999-12-26T10:14:27.667075+07:00,13.0000,57.5676,,,,unverified,https://planetarycomputer.microsoft.com/api/stac/v1/collections/landsat-c2-l2/items/LT05_L2SP_129054_19991226_02_T1,USGS Landsat - Public Domain / no restrictions on use,EPSG:32647,30,BLUE;GREEN;RED;NIR;SWIR1;SWIR2;QA_PIXEL,,,,provider=Microsoft Planetary Computer; yearly paginated STAC search; AOI coverage=1.000; dry/same-season preference; AOI bad-quality=57.57%,candidate-aoi-quality-reviewed
landsat,LT05_L2SP_129054_20000111_02_T1,landsat-5,2000-01-11T03:14:21.286069Z,2000-01-11T10:14:21.286069+07:00,42.0000,18.4629,,,,unverified,https://planetarycomputer.microsoft.com/api/stac/v1/collections/landsat-c2-l2/items/LT05_L2SP_129054_20000111_02_T1,USGS Landsat - Public Domain / no restrictions on use,EPSG:32647,30,BLUE;GREEN;RED;NIR;SWIR1;SWIR2;QA_PIXEL,,,,provider=Microsoft Planetary Computer; yearly paginated STAC search; AOI coverage=1.000; dry/same-season preference; AOI bad-quality=18.46%,candidate-aoi-quality-reviewed
landsat,LT05_L2SP_129054_20000212_02_T1,landsat-5,2000-02-12T03:13:22.967013Z,2000-02-12T10:13:22.967013+07:00,6.0000,36.0197,,,,unverified,https://planetarycomputer.microsoft.com/api/stac/v1/collections/landsat-c2-l2/items/LT05_L2SP_129054_20000212_02_T1,USGS Landsat - Public Domain / no restrictions on use,EPSG:32647,30,BLUE;GREEN;RED;NIR;SWIR1;SWIR2;QA_PIXEL,,,,provider=Microsoft Planetary Computer; yearly paginated STAC search; AOI coverage=1.000; dry/same-season preference; AOI bad-quality=36.02%,candidate-aoi-quality-reviewed
landsat,LE07_L2SP_129054_20000307_02_T1,landsat-7,2000-03-07T03:31:55.994745Z,2000-03-07T10:31:55.994745+07:00,19.0000,52.4375,,,,unverified,https://planetarycomputer.microsoft.com/api/stac/v1/collections/landsat-c2-l2/items/LE07_L2SP_129054_20000307_02_T1,USGS Landsat - Public Domain / no restrictions on use,EPSG:32647,30,BLUE;GREEN;RED;NIR;SWIR1;SWIR2;QA_PIXEL,,,,provider=Microsoft Planetary Computer; yearly paginated STAC search; AOI coverage=1.000; dry/same-season preference; AOI bad-quality=52.44%,candidate-aoi-quality-reviewed
landsat,LT05_L2SP_129054_20000331_02_T1,landsat-5,2000-03-31T03:13:45.585056Z,2000-03-31T10:13:45.585056+07:00,55.0000,40.0970,,,,unverified,https://planetarycomputer.microsoft.com/api/stac/v1/collections/landsat-c2-l2/items/LT05_L2SP_129054_20000331_02_T1,USGS Landsat - Public Domain / no restrictions on use,EPSG:32647,30,BLUE;GREEN;RED;NIR;SWIR1;SWIR2;QA_PIXEL,,,,provider=Microsoft Planetary Computer; yearly paginated STAC search; AOI coverage=1.000; dry/same-season preference; AOI bad-quality=40.10%,candidate-aoi-quality-reviewed
landsat,LT05_L2SP_129054_20001110_02_T1,landsat-5,2000-11-10T03:18:13.884044Z,2000-11-10T10:18:13.884044+07:00,26.0000,1.6016,,,,unverified,https://planetarycomputer.microsoft.com/api/stac/v1/collections/landsat-c2-l2/items/LT05_L2SP_129054_20001110_02_T1,USGS Landsat - Public Domain / no restrictions on use,EPSG:32647,30,BLUE;GREEN;RED;NIR;SWIR1;SWIR2;QA_PIXEL,,,,provider=Microsoft Planetary Computer; yearly paginated STAC search; AOI coverage=1.000; dry/same-season preference; AOI bad-quality=1.60%,candidate-aoi-quality-reviewed
landsat,LT05_L2SP_129054_20001212_02_T1,landsat-5,2000-12-12T03:18:42.614019Z,2000-12-12T10:18:42.614019+07:00,13.0000,10.3911,,,,unverified,https://planetarycomputer.microsoft.com/api/stac/v1/collections/landsat-c2-l2/items/LT05_L2SP_129054_20001212_02_T1,USGS Landsat - Public Domain / no restrictions on use,EPSG:32647,30,BLUE;GREEN;RED;NIR;SWIR1;SWIR2;QA_PIXEL,,,,provider=Microsoft Planetary Computer; yearly paginated STAC search; AOI coverage=1.000; dry/same-season preference; AOI bad-quality=10.39%,candidate-aoi-quality-reviewed
landsat,LT05_L2SP_129054_20010129_02_T1,landsat-5,2001-01-29T03:19:18.436006Z,2001-01-29T10:19:18.436006+07:00,30.0000,0.0000,,,,unverified,https://planetarycomputer.microsoft.com/api/stac/v1/collections/landsat-c2-l2/items/LT05_L2SP_129054_20010129_02_T1,USGS Landsat - Public Domain / no restrictions on use,EPSG:32647,30,BLUE;GREEN;RED;NIR;SWIR1;SWIR2;QA_PIXEL,,,,provider=Microsoft Planetary Computer; yearly paginated STAC search; AOI coverage=1.000; dry/same-season preference; AOI bad-quality=0.00%,candidate-aoi-quality-reviewed
landsat,LE07_L2SP_129054_20010222_02_T1,landsat-7,2001-02-22T03:29:45.035009Z,2001-02-22T10:29:45.035009+07:00,1.0000,0.0000,,,,unverified,https://planetarycomputer.microsoft.com/api/stac/v1/collections/landsat-c2-l2/items/LE07_L2SP_129054_20010222_02_T1,USGS Landsat - Public Domain / no restrictions on use,EPSG:32647,30,BLUE;GREEN;RED;NIR;SWIR1;SWIR2;QA_PIXEL,,,,provider=Microsoft Planetary Computer; yearly paginated STAC search; AOI coverage=1.000; dry/same-season preference; AOI bad-quality=0.00%,candidate-aoi-quality-reviewed
landsat,LT05_L2SP_129053_20010403_02_T1,landsat-5,2001-04-03T03:19:00.225050Z,2001-04-03T10:19:00.225050+07:00,20.0000,1.4963,,,,unverified,https://planetarycomputer.microsoft.com/api/stac/v1/collections/landsat-c2-l2/items/LT05_L2SP_129053_20010403_02_T1,USGS Landsat - Public Domain / no restrictions on use,EPSG:32647,30,BLUE;GREEN;RED;NIR;SWIR1;SWIR2;QA_PIXEL,,,,provider=Microsoft Planetary Computer; yearly paginated STAC search; AOI coverage=1.000; dry/same-season preference; AOI bad-quality=1.50%,candidate-aoi-quality-reviewed
landsat,LT05_L2SP_129054_20010724_02_T1,landsat-5,2001-07-24T03:19:41.008075Z,2001-07-24T10:19:41.008075+07:00,28.0000,0.0000,,,,unverified,https://planetarycomputer.microsoft.com/api/stac/v1/collections/landsat-c2-l2/items/LT05_L2SP_129054_20010724_02_T1,USGS Landsat - Public Domain / no restrictions on use,EPSG:32647,30,BLUE;GREEN;RED;NIR;SWIR1;SWIR2;QA_PIXEL,,,,provider=Microsoft Planetary Computer; yearly paginated STAC search; AOI coverage=1.000; dry/same-season preference; AOI bad-quality=0.00%,candidate-aoi-quality-reviewed
landsat,LE07_L2SP_129054_20011105_02_T1,landsat-7,2001-11-05T03:27:44.993598Z,2001-11-05T10:27:44.993598+07:00,68.0000,74.2534,,,,unverified,https://planetarycomputer.microsoft.com/api/stac/v1/collections/landsat-c2-l2/items/LE07_L2SP_129054_20011105_02_T1,USGS Landsat - Public Domain / no restrictions on use,EPSG:32647,30,BLUE;GREEN;RED;NIR;SWIR1;SWIR2;QA_PIXEL,,,,provider=Microsoft Planetary Computer; yearly paginated STAC search; AOI coverage=1.000; dry/same-season preference; AOI bad-quality=74.25%,candidate-aoi-quality-reviewed
landsat,LE07_L2SP_129054_20011207_02_T1,landsat-7,2001-12-07T03:27:54.209383Z,2001-12-07T10:27:54.209383+07:00,24.0000,13.1764,,,,unverified,https://planetarycomputer.microsoft.com/api/stac/v1/collections/landsat-c2-l2/items/LE07_L2SP_129054_20011207_02_T1,USGS Landsat - Public Domain / no restrictions on use,EPSG:32647,30,BLUE;GREEN;RED;NIR;SWIR1;SWIR2;QA_PIXEL,,,,provider=Microsoft Planetary Computer; yearly paginated STAC search; AOI coverage=1.000; dry/same-season preference; AOI bad-quality=13.18%,candidate-aoi-quality-reviewed
landsat,LE07_L2SP_129054_20020124_02_T1,landsat-7,2002-01-24T03:28:13.755272Z,2002-01-24T10:28:13.755272+07:00,32.0000,0.0000,,,,unverified,https://planetarycomputer.microsoft.com/api/stac/v1/collections/landsat-c2-l2/items/LE07_L2SP_129054_20020124_02_T1,USGS Landsat - Public Domain / no restrictions on use,EPSG:32647,30,BLUE;GREEN;RED;NIR;SWIR1;SWIR2;QA_PIXEL,,,,provider=Microsoft Planetary Computer; yearly paginated STAC search; AOI coverage=1.000; dry/same-season preference; AOI bad-quality=0.00%,candidate-aoi-quality-reviewed
landsat,LE07_L2SP_129054_20020225_02_T1,landsat-7,2002-02-25T03:28:17.774057Z,2002-02-25T10:28:17.774057+07:00,22.0000,0.6604,,,,unverified,https://planetarycomputer.microsoft.com/api/stac/v1/collections/landsat-c2-l2/items/LE07_L2SP_129054_20020225_02_T1,USGS Landsat - Public Domain / no restrictions on use,EPSG:32647,30,BLUE;GREEN;RED;NIR;SWIR1;SWIR2;QA_PIXEL,,,,provider=Microsoft Planetary Computer; yearly paginated STAC search; AOI coverage=1.000; dry/same-season preference; AOI bad-quality=0.66%,candidate-aoi-quality-reviewed
landsat,LE07_L2SP_129054_20020329_02_T1,landsat-7,2002-03-29T03:28:10.074965Z,2002-03-29T10:28:10.074965+07:00,12.0000,0.0000,,,,unverified,https://planetarycomputer.microsoft.com/api/stac/v1/collections/landsat-c2-l2/items/LE07_L2SP_129054_20020329_02_T1,USGS Landsat - Public Domain / no restrictions on use,EPSG:32647,30,BLUE;GREEN;RED;NIR;SWIR1;SWIR2;QA_PIXEL,,,,provider=Microsoft Planetary Computer; yearly paginated STAC search; AOI coverage=1.000; dry/same-season preference; AOI bad-quality=0.00%,candidate-aoi-quality-reviewed
landsat,LE07_L2SP_129054_20020430_02_T1,landsat-7,2002-04-30T03:28:12.071070Z,2002-04-30T10:28:12.071070+07:00,56.0000,4.3549,,,,unverified,https://planetarycomputer.microsoft.com/api/stac/v1/collections/landsat-c2-l2/items/LE07_L2SP_129054_20020430_02_T1,USGS Landsat - Public Domain / no restrictions on use,EPSG:32647,30,BLUE;GREEN;RED;NIR;SWIR1;SWIR2;QA_PIXEL,,,,provider=Microsoft Planetary Computer; yearly paginated STAC search; AOI coverage=1.000; dry/same-season preference; AOI bad-quality=4.35%,candidate-aoi-quality-reviewed
landsat,LE07_L2SP_129054_20021124_02_T1,landsat-7,2002-11-24T03:27:31.796163Z,2002-11-24T10:27:31.796163+07:00,81.0000,7.0093,,,,unverified,https://planetarycomputer.microsoft.com/api/stac/v1/collections/landsat-c2-l2/items/LE07_L2SP_129054_20021124_02_T1,USGS Landsat - Public Domain / no restrictions on use,EPSG:32647,30,BLUE;GREEN;RED;NIR;SWIR1;SWIR2;QA_PIXEL,,,,provider=Microsoft Planetary Computer; yearly paginated STAC search; AOI coverage=1.000; dry/same-season preference; AOI bad-quality=7.01%,candidate-aoi-quality-reviewed
landsat,LE07_L2SP_129054_20021226_02_T1,landsat-7,2002-12-26T03:27:42.446456Z,2002-12-26T10:27:42.446456+07:00,42.0000,77.8139,,,,unverified,https://planetarycomputer.microsoft.com/api/stac/v1/collections/landsat-c2-l2/items/LE07_L2SP_129054_20021226_02_T1,USGS Landsat - Public Domain / no restrictions on use,EPSG:32647,30,BLUE;GREEN;RED;NIR;SWIR1;SWIR2;QA_PIXEL,,,,provider=Microsoft Planetary Computer; yearly paginated STAC search; AOI coverage=1.000; dry/same-season preference; AOI bad-quality=77.81%,candidate-aoi-quality-reviewed
landsat,LE07_L2SP_129054_20030127_02_T1,landsat-7,2003-01-27T03:27:51.509265Z,2003-01-27T10:27:51.509265+07:00,7.0000,0.0000,,,,unverified,https://planetarycomputer.microsoft.com/api/stac/v1/collections/landsat-c2-l2/items/LE07_L2SP_129054_20030127_02_T1,USGS Landsat - Public Domain / no restrictions on use,EPSG:32647,30,BLUE;GREEN;RED;NIR;SWIR1;SWIR2;QA_PIXEL,,,,provider=Microsoft Planetary Computer; yearly paginated STAC search; AOI coverage=1.000; dry/same-season preference; AOI bad-quality=0.00%,candidate-aoi-quality-reviewed
landsat,LE07_L2SP_129054_20030316_02_T1,landsat-7,2003-03-16T03:28:05.399039Z,2003-03-16T10:28:05.399039+07:00,56.0000,0.0000,,,,unverified,https://planetarycomputer.microsoft.com/api/stac/v1/collections/landsat-c2-l2/items/LE07_L2SP_129054_20030316_02_T1,USGS Landsat - Public Domain / no restrictions on use,EPSG:32647,30,BLUE;GREEN;RED;NIR;SWIR1;SWIR2;QA_PIXEL,,,,provider=Microsoft Planetary Computer; yearly paginated STAC search; AOI coverage=1.000; dry/same-season preference; AOI bad-quality=0.00%,candidate-aoi-quality-reviewed
landsat,LE07_L2SP_129054_20030417_02_T1,landsat-7,2003-04-17T03:28:06.833231Z,2003-04-17T10:28:06.833231+07:00,31.0000,0.0000,,,,unverified,https://planetarycomputer.microsoft.com/api/stac/v1/collections/landsat-c2-l2/items/LE07_L2SP_129054_20030417_02_T1,USGS Landsat - Public Domain / no restrictions on use,EPSG:32647,30,BLUE;GREEN;RED;NIR;SWIR1;SWIR2;QA_PIXEL,,,,provider=Microsoft Planetary Computer; yearly paginated STAC search; AOI coverage=1.000; dry/same-season preference; AOI bad-quality=0.00%,candidate-aoi-quality-reviewed
landsat,LE07_L2SP_129054_20030519_02_T1,landsat-7,2003-05-19T03:28:02.446569Z,2003-05-19T10:28:02.446569+07:00,32.0000,54.1029,,,,unverified,https://planetarycomputer.microsoft.com/api/stac/v1/collections/landsat-c2-l2/items/LE07_L2SP_129054_20030519_02_T1,USGS Landsat - Public Domain / no restrictions on use,EPSG:32647,30,BLUE;GREEN;RED;NIR;SWIR1;SWIR2;QA_PIXEL,,,,provider=Microsoft Planetary Computer; yearly paginated STAC search; AOI coverage=1.000; dry/same-season preference; AOI bad-quality=54.10%,candidate-aoi-quality-reviewed
landsat,LT05_L2SP_129054_20031119_02_T1,landsat-5,2003-11-19T03:17:43.678050Z,2003-11-19T10:17:43.678050+07:00,40.0000,2.0993,,,,unverified,https://planetarycomputer.microsoft.com/api/stac/v1/collections/landsat-c2-l2/items/LT05_L2SP_129054_20031119_02_T1,USGS Landsat - Public Domain / no restrictions on use,EPSG:32647,30,BLUE;GREEN;RED;NIR;SWIR1;SWIR2;QA_PIXEL,,,,provider=Microsoft Planetary Computer; yearly paginated STAC search; AOI coverage=1.000; dry/same-season preference; AOI bad-quality=2.10%,candidate-aoi-quality-reviewed
landsat,LE07_L2SP_129054_20031229_02_T1,landsat-7,2003-12-29T03:28:15.658922Z,2003-12-29T10:28:15.658922+07:00,61.0000,39.4019,,,,unverified,https://planetarycomputer.microsoft.com/api/stac/v1/collections/landsat-c2-l2/items/LE07_L2SP_129054_20031229_02_T1,USGS Landsat - Public Domain / no restrictions on use,EPSG:32647,30,BLUE;GREEN;RED;NIR;SWIR1;SWIR2;QA_PIXEL,,,,provider=Microsoft Planetary Computer; yearly paginated STAC search; AOI coverage=1.000; dry/same-season preference; AOI bad-quality=39.40%; Landsat-7 SLC-off: gap review required,candidate-slc-off-review
landsat,LE07_L2SP_129054_20040114_02_T1,landsat-7,2004-01-14T03:28:16.840657Z,2004-01-14T10:28:16.840657+07:00,21.0000,0.0000,,,,unverified,https://planetarycomputer.microsoft.com/api/stac/v1/collections/landsat-c2-l2/items/LE07_L2SP_129054_20040114_02_T1,USGS Landsat - Public Domain / no restrictions on use,EPSG:32647,30,BLUE;GREEN;RED;NIR;SWIR1;SWIR2;QA_PIXEL,,,,provider=Microsoft Planetary Computer; yearly paginated STAC search; AOI coverage=1.000; dry/same-season preference; AOI bad-quality=0.00%; Landsat-7 SLC-off: gap review required,candidate-slc-off-review
landsat,LT05_L2SP_129053_20040207_02_T1,landsat-5,2004-02-07T03:17:51.294044Z,2004-02-07T10:17:51.294044+07:00,26.0000,0.0000,,,,unverified,https://planetarycomputer.microsoft.com/api/stac/v1/collections/landsat-c2-l2/items/LT05_L2SP_129053_20040207_02_T1,USGS Landsat - Public Domain / no restrictions on use,EPSG:32647,30,BLUE;GREEN;RED;NIR;SWIR1;SWIR2;QA_PIXEL,,,,provider=Microsoft Planetary Computer; yearly paginated STAC search; AOI coverage=1.000; dry/same-season preference; AOI bad-quality=0.00%,candidate-aoi-quality-reviewed
landsat,LT05_L2SP_129054_20040326_02_T1,landsat-5,2004-03-26T03:18:27.562025Z,2004-03-26T10:18:27.562025+07:00,7.0000,0.0000,,,,unverified,https://planetarycomputer.microsoft.com/api/stac/v1/collections/landsat-c2-l2/items/LT05_L2SP_129054_20040326_02_T1,USGS Landsat - Public Domain / no restrictions on use,EPSG:32647,30,BLUE;GREEN;RED;NIR;SWIR1;SWIR2;QA_PIXEL,,,,provider=Microsoft Planetary Computer; yearly paginated STAC search; AOI coverage=1.000; dry/same-season preference; AOI bad-quality=0.00%,candidate-aoi-quality-reviewed
landsat,LT05_L2SP_129054_20040427_02_T1,landsat-5,2004-04-27T03:19:22.848013Z,2004-04-27T10:19:22.848013+07:00,28.0000,0.0000,,,,unverified,https://planetarycomputer.microsoft.com/api/stac/v1/collections/landsat-c2-l2/items/LT05_L2SP_129054_20040427_02_T1,USGS Landsat - Public Domain / no restrictions on use,EPSG:32647,30,BLUE;GREEN;RED;NIR;SWIR1;SWIR2;QA_PIXEL,,,,provider=Microsoft Planetary Computer; yearly paginated STAC search; AOI coverage=1.000; dry/same-season preference; AOI bad-quality=0.00%,candidate-aoi-quality-reviewed
landsat,LE07_L2SP_129054_20041129_02_T1,landsat-7,2004-11-29T03:28:27.577773Z,2004-11-29T10:28:27.577773+07:00,43.0000,0.0000,,,,unverified,https://planetarycomputer.microsoft.com/api/stac/v1/collections/landsat-c2-l2/items/LE07_L2SP_129054_20041129_02_T1,USGS Landsat - Public Domain / no restrictions on use,EPSG:32647,30,BLUE;GREEN;RED;NIR;SWIR1;SWIR2;QA_PIXEL,,,,provider=Microsoft Planetary Computer; yearly paginated STAC search; AOI coverage=1.000; dry/same-season preference; AOI bad-quality=0.00%; Landsat-7 SLC-off: gap review required,candidate-slc-off-review
landsat,LT05_L2SP_129054_20041223_02_T1,landsat-5,2004-12-23T03:25:10.990069Z,2004-12-23T10:25:10.990069+07:00,24.0000,0.2010,,,,unverified,https://planetarycomputer.microsoft.com/api/stac/v1/collections/landsat-c2-l2/items/LT05_L2SP_129054_20041223_02_T1,USGS Landsat - Public Domain / no restrictions on use,EPSG:32647,30,BLUE;GREEN;RED;NIR;SWIR1;SWIR2;QA_PIXEL,,,,provider=Microsoft Planetary Computer; yearly paginated STAC search; AOI coverage=1.000; dry/same-season preference; AOI bad-quality=0.20%,candidate-aoi-quality-reviewed
landsat,LT05_L2SP_129054_20050124_02_T1,landsat-5,2005-01-24T03:25:35.555013Z,2005-01-24T10:25:35.555013+07:00,14.0000,0.0000,,,,unverified,https://planetarycomputer.microsoft.com/api/stac/v1/collections/landsat-c2-l2/items/LT05_L2SP_129054_20050124_02_T1,USGS Landsat - Public Domain / no restrictions on use,EPSG:32647,30,BLUE;GREEN;RED;NIR;SWIR1;SWIR2;QA_PIXEL,,,,provider=Microsoft Planetary Computer; yearly paginated STAC search; AOI coverage=1.000; dry/same-season preference; AOI bad-quality=0.00%,candidate-aoi-quality-reviewed
landsat,LT05_L2SP_129054_20050225_02_T1,landsat-5,2005-02-25T03:26:05.258013Z,2005-02-25T10:26:05.258013+07:00,2.0000,0.0000,,,,unverified,https://planetarycomputer.microsoft.com/api/stac/v1/collections/landsat-c2-l2/items/LT05_L2SP_129054_20050225_02_T1,USGS Landsat - Public Domain / no restrictions on use,EPSG:32647,30,BLUE;GREEN;RED;NIR;SWIR1;SWIR2;QA_PIXEL,,,,provider=Microsoft Planetary Computer; yearly paginated STAC search; AOI coverage=1.000; dry/same-season preference; AOI bad-quality=0.00%,candidate-aoi-quality-reviewed
landsat,LT05_L2SP_129054_20050329_02_T1,landsat-5,2005-03-29T03:26:25.352081Z,2005-03-29T10:26:25.352081+07:00,14.0000,0.0000,,,,unverified,https://planetarycomputer.microsoft.com/api/stac/v1/collections/landsat-c2-l2/items/LT05_L2SP_129054_20050329_02_T1,USGS Landsat - Public Domain / no restrictions on use,EPSG:32647,30,BLUE;GREEN;RED;NIR;SWIR1;SWIR2;QA_PIXEL,,,,provider=Microsoft Planetary Computer; yearly paginated STAC search; AOI coverage=1.000; dry/same-season preference; AOI bad-quality=0.00%,candidate-aoi-quality-reviewed
landsat,LE07_L2SP_129054_20050422_02_T1,landsat-7,2005-04-22T03:28:53.929493Z,2005-04-22T10:28:53.929493+07:00,18.0000,0.0000,,,,unverified,https://planetarycomputer.microsoft.com/api/stac/v1/collections/landsat-c2-l2/items/LE07_L2SP_129054_20050422_02_T1,USGS Landsat - Public Domain / no restrictions on use,EPSG:32647,30,BLUE;GREEN;RED;NIR;SWIR1;SWIR2;QA_PIXEL,,,,provider=Microsoft Planetary Computer; yearly paginated STAC search; AOI coverage=1.000; dry/same-season preference; AOI bad-quality=0.00%; Landsat-7 SLC-off: gap review required,candidate-slc-off-review
landsat,LT05_L2SP_129054_20050719_02_T1,landsat-5,2005-07-19T03:27:09.806031Z,2005-07-19T10:27:09.806031+07:00,35.0000,0.7274,,,,unverified,https://planetarycomputer.microsoft.com/api/stac/v1/collections/landsat-c2-l2/items/LT05_L2SP_129054_20050719_02_T1,USGS Landsat - Public Domain / no restrictions on use,EPSG:32647,30,BLUE;GREEN;RED;NIR;SWIR1;SWIR2;QA_PIXEL,,,,provider=Microsoft Planetary Computer; yearly paginated STAC search; AOI coverage=1.000; dry/same-season preference; AOI bad-quality=0.73%,candidate-aoi-quality-reviewed
landsat,LE07_L2SP_129054_20051116_02_T1,landsat-7,2005-11-16T03:28:51.504118Z,2005-11-16T10:28:51.504118+07:00,37.0000,86.7766,,,,unverified,https://planetarycomputer.microsoft.com/api/stac/v1/collections/landsat-c2-l2/items/LE07_L2SP_129054_20051116_02_T1,USGS Landsat - Public Domain / no restrictions on use,EPSG:32647,30,BLUE;GREEN;RED;NIR;SWIR1;SWIR2;QA_PIXEL,,,,provider=Microsoft Planetary Computer; yearly paginated STAC search; AOI coverage=1.000; dry/same-season preference; AOI bad-quality=86.78%; Landsat-7 SLC-off: gap review required,candidate-slc-off-review
landsat,LT05_L2SP_129054_20060127_02_T1,landsat-5,2006-01-27T03:29:27.016000Z,2006-01-27T10:29:27.016000+07:00,50.0000,33.9236,,,,unverified,https://planetarycomputer.microsoft.com/api/stac/v1/collections/landsat-c2-l2/items/LT05_L2SP_129054_20060127_02_T1,USGS Landsat - Public Domain / no restrictions on use,EPSG:32647,30,BLUE;GREEN;RED;NIR;SWIR1;SWIR2;QA_PIXEL,,,,provider=Microsoft Planetary Computer; yearly paginated STAC search; AOI coverage=1.000; dry/same-season preference; AOI bad-quality=33.92%,candidate-aoi-quality-reviewed
landsat,LE07_L2SP_129054_20060308_02_T1,landsat-7,2006-03-08T03:29:27.825866Z,2006-03-08T10:29:27.825866+07:00,19.0000,0.0000,,,,unverified,https://planetarycomputer.microsoft.com/api/stac/v1/collections/landsat-c2-l2/items/LE07_L2SP_129054_20060308_02_T1,USGS Landsat - Public Domain / no restrictions on use,EPSG:32647,30,BLUE;GREEN;RED;NIR;SWIR1;SWIR2;QA_PIXEL,,,,provider=Microsoft Planetary Computer; yearly paginated STAC search; AOI coverage=1.000; dry/same-season preference; AOI bad-quality=0.00%; Landsat-7 SLC-off: gap review required,candidate-slc-off-review
landsat,LT05_L2SP_129054_20060417_02_T1,landsat-5,2006-04-17T03:31:04.445063Z,2006-04-17T10:31:04.445063+07:00,41.0000,0.0000,,,,unverified,https://planetarycomputer.microsoft.com/api/stac/v1/collections/landsat-c2-l2/items/LT05_L2SP_129054_20060417_02_T1,USGS Landsat - Public Domain / no restrictions on use,EPSG:32647,30,BLUE;GREEN;RED;NIR;SWIR1;SWIR2;QA_PIXEL,,,,provider=Microsoft Planetary Computer; yearly paginated STAC search; AOI coverage=1.000; dry/same-season preference; AOI bad-quality=0.00%,candidate-aoi-quality-reviewed
landsat,LT05_L2SP_129054_20060823_02_T1,landsat-5,2006-08-23T03:32:52.504044Z,2006-08-23T10:32:52.504044+07:00,25.0000,2.4215,,,,unverified,https://planetarycomputer.microsoft.com/api/stac/v1/collections/landsat-c2-l2/items/LT05_L2SP_129054_20060823_02_T1,USGS Landsat - Public Domain / no restrictions on use,EPSG:32647,30,BLUE;GREEN;RED;NIR;SWIR1;SWIR2;QA_PIXEL,,,,provider=Microsoft Planetary Computer; yearly paginated STAC search; AOI coverage=1.000; dry/same-season preference; AOI bad-quality=2.42%,candidate-aoi-quality-reviewed
landsat,LE07_L2SP_129054_20061119_02_T1,landsat-7,2006-11-19T03:29:20.272919Z,2006-11-19T10:29:20.272919+07:00,62.0000,4.8612,,,,unverified,https://planetarycomputer.microsoft.com/api/stac/v1/collections/landsat-c2-l2/items/LE07_L2SP_129054_20061119_02_T1,USGS Landsat - Public Domain / no restrictions on use,EPSG:32647,30,BLUE;GREEN;RED;NIR;SWIR1;SWIR2;QA_PIXEL,,,,provider=Microsoft Planetary Computer; yearly paginated STAC search; AOI coverage=1.000; dry/same-season preference; AOI bad-quality=4.86%; Landsat-7 SLC-off: gap review required,candidate-slc-off-review
landsat,LT05_L2SP_129054_20061213_02_T1,landsat-5,2006-12-13T03:34:00.996088Z,2006-12-13T10:34:00.996088+07:00,44.0000,45.4664,,,,unverified,https://planetarycomputer.microsoft.com/api/stac/v1/collections/landsat-c2-l2/items/LT05_L2SP_129054_20061213_02_T1,USGS Landsat - Public Domain / no restrictions on use,EPSG:32647,30,BLUE;GREEN;RED;NIR;SWIR1;SWIR2;QA_PIXEL,,,,provider=Microsoft Planetary Computer; yearly paginated STAC search; AOI coverage=1.000; dry/same-season preference; AOI bad-quality=45.47%,candidate-aoi-quality-reviewed
landsat,LT05_L2SP_129054_20070114_02_T1,landsat-5,2007-01-14T03:34:14.281063Z,2007-01-14T10:34:14.281063+07:00,55.0000,72.7316,,,,unverified,https://planetarycomputer.microsoft.com/api/stac/v1/collections/landsat-c2-l2/items/LT05_L2SP_129054_20070114_02_T1,USGS Landsat - Public Domain / no restrictions on use,EPSG:32647,30,BLUE;GREEN;RED;NIR;SWIR1;SWIR2;QA_PIXEL,,,,provider=Microsoft Planetary Computer; yearly paginated STAC search; AOI coverage=1.000; dry/same-season preference; AOI bad-quality=72.73%,candidate-aoi-quality-reviewed
landsat,LT05_L2SP_129054_20070303_02_T1,landsat-5,2007-03-03T03:34:20.250013Z,2007-03-03T10:34:20.250013+07:00,6.0000,0.0000,,,,unverified,https://planetarycomputer.microsoft.com/api/stac/v1/collections/landsat-c2-l2/items/LT05_L2SP_129054_20070303_02_T1,USGS Landsat - Public Domain / no restrictions on use,EPSG:32647,30,BLUE;GREEN;RED;NIR;SWIR1;SWIR2;QA_PIXEL,,,,provider=Microsoft Planetary Computer; yearly paginated STAC search; AOI coverage=1.000; dry/same-season preference; AOI bad-quality=0.00%,candidate-aoi-quality-reviewed
landsat,LT05_L2SP_129054_20070420_02_T1,landsat-5,2007-04-20T03:34:06.851006Z,2007-04-20T10:34:06.851006+07:00,48.0000,71.1396,,,,unverified,https://planetarycomputer.microsoft.com/api/stac/v1/collections/landsat-c2-l2/items/LT05_L2SP_129054_20070420_02_T1,USGS Landsat - Public Domain / no restrictions on use,EPSG:32647,30,BLUE;GREEN;RED;NIR;SWIR1;SWIR2;QA_PIXEL,,,,provider=Microsoft Planetary Computer; yearly paginated STAC search; AOI coverage=1.000; dry/same-season preference; AOI bad-quality=71.14%,candidate-aoi-quality-reviewed
landsat,LT05_L2SP_129054_20070522_02_T1,landsat-5,2007-05-22T03:33:47.926000Z,2007-05-22T10:33:47.926000+07:00,25.0000,7.2518,,,,unverified,https://planetarycomputer.microsoft.com/api/stac/v1/collections/landsat-c2-l2/items/LT05_L2SP_129054_20070522_02_T1,USGS Landsat - Public Domain / no restrictions on use,EPSG:32647,30,BLUE;GREEN;RED;NIR;SWIR1;SWIR2;QA_PIXEL,,,,provider=Microsoft Planetary Computer; yearly paginated STAC search; AOI coverage=1.000; dry/same-season preference; AOI bad-quality=7.25%,candidate-aoi-quality-reviewed
landsat,LT05_L2SP_129054_20070911_02_T1,landsat-5,2007-09-11T03:32:29.274013Z,2007-09-11T10:32:29.274013+07:00,47.0000,0.0287,,,,unverified,https://planetarycomputer.microsoft.com/api/stac/v1/collections/landsat-c2-l2/items/LT05_L2SP_129054_20070911_02_T1,USGS Landsat - Public Domain / no restrictions on use,EPSG:32647,30,BLUE;GREEN;RED;NIR;SWIR1;SWIR2;QA_PIXEL,,,,provider=Microsoft Planetary Computer; yearly paginated STAC search; AOI coverage=1.000; dry/same-season preference; AOI bad-quality=0.03%,candidate-aoi-quality-reviewed
landsat,LE07_L2SP_129054_20071224_02_T1,landsat-7,2007-12-24T03:29:41.820892Z,2007-12-24T10:29:41.820892+07:00,5.0000,5.6401,,,,unverified,https://planetarycomputer.microsoft.com/api/stac/v1/collections/landsat-c2-l2/items/LE07_L2SP_129054_20071224_02_T1,USGS Landsat - Public Domain / no restrictions on use,EPSG:32647,30,BLUE;GREEN;RED;NIR;SWIR1;SWIR2;QA_PIXEL,,,,provider=Microsoft Planetary Computer; yearly paginated STAC search; AOI coverage=1.000; dry/same-season preference; AOI bad-quality=5.64%; Landsat-7 SLC-off: gap review required,candidate-slc-off-review
landsat,LE07_L2SP_129054_20080109_02_T1,landsat-7,2008-01-09T03:29:43.172406Z,2008-01-09T10:29:43.172406+07:00,30.0000,42.8060,,,,unverified,https://planetarycomputer.microsoft.com/api/stac/v1/collections/landsat-c2-l2/items/LE07_L2SP_129054_20080109_02_T1,USGS Landsat - Public Domain / no restrictions on use,EPSG:32647,30,BLUE;GREEN;RED;NIR;SWIR1;SWIR2;QA_PIXEL,,,,provider=Microsoft Planetary Computer; yearly paginated STAC search; AOI coverage=1.000; dry/same-season preference; AOI bad-quality=42.81%; Landsat-7 SLC-off: gap review required,candidate-slc-off-review
landsat,LT05_L2SP_129054_20080218_02_T1,landsat-5,2008-02-18T03:29:54.399019Z,2008-02-18T10:29:54.399019+07:00,91.0000,100.0000,,,,unverified,https://planetarycomputer.microsoft.com/api/stac/v1/collections/landsat-c2-l2/items/LT05_L2SP_129054_20080218_02_T1,USGS Landsat - Public Domain / no restrictions on use,EPSG:32647,30,BLUE;GREEN;RED;NIR;SWIR1;SWIR2;QA_PIXEL,,,,provider=Microsoft Planetary Computer; yearly paginated STAC search; AOI coverage=1.000; dry/same-season preference; AOI bad-quality=100.00%,candidate-aoi-quality-reviewed
landsat,LT05_L2SP_129054_20080321_02_T1,landsat-5,2008-03-21T03:29:15.494025Z,2008-03-21T10:29:15.494025+07:00,24.0000,0.0000,,,,unverified,https://planetarycomputer.microsoft.com/api/stac/v1/collections/landsat-c2-l2/items/LT05_L2SP_129054_20080321_02_T1,USGS Landsat - Public Domain / no restrictions on use,EPSG:32647,30,BLUE;GREEN;RED;NIR;SWIR1;SWIR2;QA_PIXEL,,,,provider=Microsoft Planetary Computer; yearly paginated STAC search; AOI coverage=1.000; dry/same-season preference; AOI bad-quality=0.00%,candidate-aoi-quality-reviewed
landsat,LE07_L2SP_129054_20080414_02_T1,landsat-7,2008-04-14T03:29:29.449095Z,2008-04-14T10:29:29.449095+07:00,65.0000,94.8291,,,,unverified,https://planetarycomputer.microsoft.com/api/stac/v1/collections/landsat-c2-l2/items/LE07_L2SP_129054_20080414_02_T1,USGS Landsat - Public Domain / no restrictions on use,EPSG:32647,30,BLUE;GREEN;RED;NIR;SWIR1;SWIR2;QA_PIXEL,,,,provider=Microsoft Planetary Computer; yearly paginated STAC search; AOI coverage=1.000; dry/same-season preference; AOI bad-quality=94.83%; Landsat-7 SLC-off: gap review required,candidate-slc-off-review
landsat,LT05_L2SP_129054_20081116_02_T1,landsat-5,2008-11-16T03:22:39.788038Z,2008-11-16T10:22:39.788038+07:00,49.0000,47.3647,,,,unverified,https://planetarycomputer.microsoft.com/api/stac/v1/collections/landsat-c2-l2/items/LT05_L2SP_129054_20081116_02_T1,USGS Landsat - Public Domain / no restrictions on use,EPSG:32647,30,BLUE;GREEN;RED;NIR;SWIR1;SWIR2;QA_PIXEL,,,,provider=Microsoft Planetary Computer; yearly paginated STAC search; AOI coverage=1.000; dry/same-season preference; AOI bad-quality=47.36%,candidate-aoi-quality-reviewed
landsat,LT05_L2SP_129054_20081218_02_T1,landsat-5,2008-12-18T03:23:40.467044Z,2008-12-18T10:23:40.467044+07:00,54.0000,100.0000,,,,unverified,https://planetarycomputer.microsoft.com/api/stac/v1/collections/landsat-c2-l2/items/LT05_L2SP_129054_20081218_02_T1,USGS Landsat - Public Domain / no restrictions on use,EPSG:32647,30,BLUE;GREEN;RED;NIR;SWIR1;SWIR2;QA_PIXEL,,,,provider=Microsoft Planetary Computer; yearly paginated STAC search; AOI coverage=1.000; dry/same-season preference; AOI bad-quality=100.00%,candidate-aoi-quality-reviewed
landsat,LT05_L2SP_129054_20090119_02_T1,landsat-5,2009-01-19T03:24:31.952019Z,2009-01-19T10:24:31.952019+07:00,32.0000,0.0000,,,,unverified,https://planetarycomputer.microsoft.com/api/stac/v1/collections/landsat-c2-l2/items/LT05_L2SP_129054_20090119_02_T1,USGS Landsat - Public Domain / no restrictions on use,EPSG:32647,30,BLUE;GREEN;RED;NIR;SWIR1;SWIR2;QA_PIXEL,,,,provider=Microsoft Planetary Computer; yearly paginated STAC search; AOI coverage=1.000; dry/same-season preference; AOI bad-quality=0.00%,candidate-aoi-quality-reviewed
landsat,LT05_L2SP_129054_20090220_02_T1,landsat-5,2009-02-20T03:25:21.473094Z,2009-02-20T10:25:21.473094+07:00,27.0000,0.0000,,,,unverified,https://planetarycomputer.microsoft.com/api/stac/v1/collections/landsat-c2-l2/items/LT05_L2SP_129054_20090220_02_T1,USGS Landsat - Public Domain / no restrictions on use,EPSG:32647,30,BLUE;GREEN;RED;NIR;SWIR1;SWIR2;QA_PIXEL,,,,provider=Microsoft Planetary Computer; yearly paginated STAC search; AOI coverage=1.000; dry/same-season preference; AOI bad-quality=0.00%,candidate-aoi-quality-reviewed
landsat,LT05_L2SP_129054_20090324_02_T1,landsat-5,2009-03-24T03:26:06.013038Z,2009-03-24T10:26:06.013038+07:00,33.0000,99.9968,,,,unverified,https://planetarycomputer.microsoft.com/api/stac/v1/collections/landsat-c2-l2/items/LT05_L2SP_129054_20090324_02_T1,USGS Landsat - Public Domain / no restrictions on use,EPSG:32647,30,BLUE;GREEN;RED;NIR;SWIR1;SWIR2;QA_PIXEL,,,,provider=Microsoft Planetary Computer; yearly paginated STAC search; AOI coverage=1.000; dry/same-season preference; AOI bad-quality=100.00%,candidate-aoi-quality-reviewed
landsat,LE07_L2SP_129054_20090417_02_T1,landsat-7,2009-04-17T03:29:42.951053Z,2009-04-17T10:29:42.951053+07:00,24.0000,22.8113,,,,unverified,https://planetarycomputer.microsoft.com/api/stac/v1/collections/landsat-c2-l2/items/LE07_L2SP_129054_20090417_02_T1,USGS Landsat - Public Domain / no restrictions on use,EPSG:32647,30,BLUE;GREEN;RED;NIR;SWIR1;SWIR2;QA_PIXEL,,,,provider=Microsoft Planetary Computer; yearly paginated STAC search; AOI coverage=1.000; dry/same-season preference; AOI bad-quality=22.81%; Landsat-7 SLC-off: gap review required,candidate-slc-off-review
landsat,LE07_L2SP_129054_20091111_02_T1,landsat-7,2009-11-11T03:29:55.317783Z,2009-11-11T10:29:55.317783+07:00,36.0000,8.2149,,,,unverified,https://planetarycomputer.microsoft.com/api/stac/v1/collections/landsat-c2-l2/items/LE07_L2SP_129054_20091111_02_T1,USGS Landsat - Public Domain / no restrictions on use,EPSG:32647,30,BLUE;GREEN;RED;NIR;SWIR1;SWIR2;QA_PIXEL,,,,provider=Microsoft Planetary Computer; yearly paginated STAC search; AOI coverage=1.000; dry/same-season preference; AOI bad-quality=8.21%; Landsat-7 SLC-off: gap review required,candidate-slc-off-review
landsat,LE07_L2SP_129054_20091213_02_T1,landsat-7,2009-12-13T03:30:18.802450Z,2009-12-13T10:30:18.802450+07:00,42.0000,0.0000,,,,unverified,https://planetarycomputer.microsoft.com/api/stac/v1/collections/landsat-c2-l2/items/LE07_L2SP_129054_20091213_02_T1,USGS Landsat - Public Domain / no restrictions on use,EPSG:32647,30,BLUE;GREEN;RED;NIR;SWIR1;SWIR2;QA_PIXEL,,,,provider=Microsoft Planetary Computer; yearly paginated STAC search; AOI coverage=1.000; dry/same-season preference; AOI bad-quality=0.00%; Landsat-7 SLC-off: gap review required,candidate-slc-off-review
landsat,LT05_L2SP_129054_20100122_02_T1,landsat-5,2010-01-22T03:30:11.044031Z,2010-01-22T10:30:11.044031+07:00,18.0000,0.0000,,,,unverified,https://planetarycomputer.microsoft.com/api/stac/v1/collections/landsat-c2-l2/items/LT05_L2SP_129054_20100122_02_T1,USGS Landsat - Public Domain / no restrictions on use,EPSG:32647,30,BLUE;GREEN;RED;NIR;SWIR1;SWIR2;QA_PIXEL,,,,provider=Microsoft Planetary Computer; yearly paginated STAC search; AOI coverage=1.000; dry/same-season preference; AOI bad-quality=0.00%,candidate-aoi-quality-reviewed
landsat,LT05_L2SP_129054_20100223_02_T1,landsat-5,2010-02-23T03:30:17.380069Z,2010-02-23T10:30:17.380069+07:00,14.0000,0.0000,,,,unverified,https://planetarycomputer.microsoft.com/api/stac/v1/collections/landsat-c2-l2/items/LT05_L2SP_129054_20100223_02_T1,USGS Landsat - Public Domain / no restrictions on use,EPSG:32647,30,BLUE;GREEN;RED;NIR;SWIR1;SWIR2;QA_PIXEL,,,,provider=Microsoft Planetary Computer; yearly paginated STAC search; AOI coverage=1.000; dry/same-season preference; AOI bad-quality=0.00%,candidate-aoi-quality-reviewed
landsat,LE07_L2SP_129054_20100319_02_T1,landsat-7,2010-03-19T03:31:31.011531Z,2010-03-19T10:31:31.011531+07:00,60.0000,0.0000,,,,unverified,https://planetarycomputer.microsoft.com/api/stac/v1/collections/landsat-c2-l2/items/LE07_L2SP_129054_20100319_02_T1,USGS Landsat - Public Domain / no restrictions on use,EPSG:32647,30,BLUE;GREEN;RED;NIR;SWIR1;SWIR2;QA_PIXEL,,,,provider=Microsoft Planetary Computer; yearly paginated STAC search; AOI coverage=1.000; dry/same-season preference; AOI bad-quality=0.00%; Landsat-7 SLC-off: gap review required,candidate-slc-off-review
landsat,LE07_L2SP_129054_20100420_02_T1,landsat-7,2010-04-20T03:31:34.377098Z,2010-04-20T10:31:34.377098+07:00,44.0000,0.0000,,,,unverified,https://planetarycomputer.microsoft.com/api/stac/v1/collections/landsat-c2-l2/items/LE07_L2SP_129054_20100420_02_T1,USGS Landsat - Public Domain / no restrictions on use,EPSG:32647,30,BLUE;GREEN;RED;NIR;SWIR1;SWIR2;QA_PIXEL,,,,provider=Microsoft Planetary Computer; yearly paginated STAC search; AOI coverage=1.000; dry/same-season preference; AOI bad-quality=0.00%; Landsat-7 SLC-off: gap review required,candidate-slc-off-review
landsat,LE07_L2SP_129054_20101114_02_T1,landsat-7,2010-11-14T03:32:04.481810Z,2010-11-14T10:32:04.481810+07:00,78.0000,100.0000,,,,unverified,https://planetarycomputer.microsoft.com/api/stac/v1/collections/landsat-c2-l2/items/LE07_L2SP_129054_20101114_02_T1,USGS Landsat - Public Domain / no restrictions on use,EPSG:32647,30,BLUE;GREEN;RED;NIR;SWIR1;SWIR2;QA_PIXEL,,,,provider=Microsoft Planetary Computer; yearly paginated STAC search; AOI coverage=1.000; dry/same-season preference; AOI bad-quality=100.00%; Landsat-7 SLC-off: gap review required,candidate-slc-off-review
landsat,LT05_L2SP_129054_20101224_02_T1,landsat-5,2010-12-24T03:29:14.949031Z,2010-12-24T10:29:14.949031+07:00,12.0000,2.2078,,,,unverified,https://planetarycomputer.microsoft.com/api/stac/v1/collections/landsat-c2-l2/items/LT05_L2SP_129054_20101224_02_T1,USGS Landsat - Public Domain / no restrictions on use,EPSG:32647,30,BLUE;GREEN;RED;NIR;SWIR1;SWIR2;QA_PIXEL,,,,provider=Microsoft Planetary Computer; yearly paginated STAC search; AOI coverage=1.000; dry/same-season preference; AOI bad-quality=2.21%,candidate-aoi-quality-reviewed
landsat,LE07_L2SP_129054_20110101_02_T1,landsat-7,2011-01-01T03:32:32.224284Z,2011-01-01T10:32:32.224284+07:00,85.0000,100.0000,,,,unverified,https://planetarycomputer.microsoft.com/api/stac/v1/collections/landsat-c2-l2/items/LE07_L2SP_129054_20110101_02_T1,USGS Landsat - Public Domain / no restrictions on use,EPSG:32647,30,BLUE;GREEN;RED;NIR;SWIR1;SWIR2;QA_PIXEL,,,,provider=Microsoft Planetary Computer; yearly paginated STAC search; AOI coverage=1.000; dry/same-season preference; AOI bad-quality=100.00%; Landsat-7 SLC-off: gap review required,candidate-slc-off-review
landsat,LT05_L2SP_129054_20110125_02_T1,landsat-5,2011-01-25T03:29:17.388069Z,2011-01-25T10:29:17.388069+07:00,63.0000,62.6978,,,,unverified,https://planetarycomputer.microsoft.com/api/stac/v1/collections/landsat-c2-l2/items/LT05_L2SP_129054_20110125_02_T1,USGS Landsat - Public Domain / no restrictions on use,EPSG:32647,30,BLUE;GREEN;RED;NIR;SWIR1;SWIR2;QA_PIXEL,,,,provider=Microsoft Planetary Computer; yearly paginated STAC search; AOI coverage=1.000; dry/same-season preference; AOI bad-quality=62.70%,candidate-aoi-quality-reviewed
landsat,LE07_L2SP_129054_20110218_02_T1,landsat-7,2011-02-18T03:32:49.170352Z,2011-02-18T10:32:49.170352+07:00,10.0000,0.0000,,,,unverified,https://planetarycomputer.microsoft.com/api/stac/v1/collections/landsat-c2-l2/items/LE07_L2SP_129054_20110218_02_T1,USGS Landsat - Public Domain / no restrictions on use,EPSG:32647,30,BLUE;GREEN;RED;NIR;SWIR1;SWIR2;QA_PIXEL,,,,provider=Microsoft Planetary Computer; yearly paginated STAC search; AOI coverage=1.000; dry/same-season preference; AOI bad-quality=0.00%; Landsat-7 SLC-off: gap review required,candidate-slc-off-review
landsat,LT05_L2SP_129054_20110415_02_T1,landsat-5,2011-04-15T03:29:06.406075Z,2011-04-15T10:29:06.406075+07:00,20.0000,0.0000,,,,unverified,https://planetarycomputer.microsoft.com/api/stac/v1/collections/landsat-c2-l2/items/LT05_L2SP_129054_20110415_02_T1,USGS Landsat - Public Domain / no restrictions on use,EPSG:32647,30,BLUE;GREEN;RED;NIR;SWIR1;SWIR2;QA_PIXEL,,,,provider=Microsoft Planetary Computer; yearly paginated STAC search; AOI coverage=1.000; dry/same-season preference; AOI bad-quality=0.00%,candidate-aoi-quality-reviewed
landsat,LE07_L2SP_129054_20111016_02_T1,landsat-7,2011-10-16T03:32:38.690451Z,2011-10-16T10:32:38.690451+07:00,10.0000,0.0000,,,,unverified,https://planetarycomputer.microsoft.com/api/stac/v1/collections/landsat-c2-l2/items/LE07_L2SP_129054_20111016_02_T1,USGS Landsat - Public Domain / no restrictions on use,EPSG:32647,30,BLUE;GREEN;RED;NIR;SWIR1;SWIR2;QA_PIXEL,,,,provider=Microsoft Planetary Computer; yearly paginated STAC search; AOI coverage=1.000; dry/same-season preference; AOI bad-quality=0.00%; Landsat-7 SLC-off: gap review required,candidate-slc-off-review
landsat,LT05_L2SP_129054_20111109_02_T1,landsat-5,2011-11-09T03:27:00.120044Z,2011-11-09T10:27:00.120044+07:00,14.0000,1.0177,,,,unverified,https://planetarycomputer.microsoft.com/api/stac/v1/collections/landsat-c2-l2/items/LT05_L2SP_129054_20111109_02_T1,USGS Landsat - Public Domain / no restrictions on use,EPSG:32647,30,BLUE;GREEN;RED;NIR;SWIR1;SWIR2;QA_PIXEL,,,,provider=Microsoft Planetary Computer; yearly paginated STAC search; AOI coverage=1.000; dry/same-season preference; AOI bad-quality=1.02%,candidate-aoi-quality-reviewed
landsat,LE07_L2SP_129054_20120221_02_T1,landsat-7,2012-02-21T03:33:30.179651Z,2012-02-21T10:33:30.179651+07:00,14.0000,24.6879,,,,unverified,https://planetarycomputer.microsoft.com/api/stac/v1/collections/landsat-c2-l2/items/LE07_L2SP_129054_20120221_02_T1,USGS Landsat - Public Domain / no restrictions on use,EPSG:32647,30,BLUE;GREEN;RED;NIR;SWIR1;SWIR2;QA_PIXEL,,,,provider=Microsoft Planetary Computer; yearly paginated STAC search; AOI coverage=1.000; dry/same-season preference; AOI bad-quality=24.69%; Landsat-7 SLC-off: gap review required,candidate-slc-off-review
landsat,LE07_L2SP_129054_20120324_02_T1,landsat-7,2012-03-24T03:33:29.461612Z,2012-03-24T10:33:29.461612+07:00,4.0000,0.0000,,,,unverified,https://planetarycomputer.microsoft.com/api/stac/v1/collections/landsat-c2-l2/items/LE07_L2SP_129054_20120324_02_T1,USGS Landsat - Public Domain / no restrictions on use,EPSG:32647,30,BLUE;GREEN;RED;NIR;SWIR1;SWIR2;QA_PIXEL,,,,provider=Microsoft Planetary Computer; yearly paginated STAC search; AOI coverage=1.000; dry/same-season preference; AOI bad-quality=0.00%; Landsat-7 SLC-off: gap review required,candidate-slc-off-review
landsat,LE07_L2SP_129054_20120409_02_T1,landsat-7,2012-04-09T03:33:24.818831Z,2012-04-09T10:33:24.818831+07:00,58.0000,100.0000,,,,unverified,https://planetarycomputer.microsoft.com/api/stac/v1/collections/landsat-c2-l2/items/LE07_L2SP_129054_20120409_02_T1,USGS Landsat - Public Domain / no restrictions on use,EPSG:32647,30,BLUE;GREEN;RED;NIR;SWIR1;SWIR2;QA_PIXEL,,,,provider=Microsoft Planetary Computer; yearly paginated STAC search; AOI coverage=1.000; dry/same-season preference; AOI bad-quality=100.00%; Landsat-7 SLC-off: gap review required,candidate-slc-off-review
landsat,LE07_L2SP_129054_20120425_02_T1,landsat-7,2012-04-25T03:33:39.542211Z,2012-04-25T10:33:39.542211+07:00,16.0000,0.0000,,,,unverified,https://planetarycomputer.microsoft.com/api/stac/v1/collections/landsat-c2-l2/items/LE07_L2SP_129054_20120425_02_T1,USGS Landsat - Public Domain / no restrictions on use,EPSG:32647,30,BLUE;GREEN;RED;NIR;SWIR1;SWIR2;QA_PIXEL,,,,provider=Microsoft Planetary Computer; yearly paginated STAC search; AOI coverage=1.000; dry/same-season preference; AOI bad-quality=0.00%; Landsat-7 SLC-off: gap review required,candidate-slc-off-review
landsat,LE07_L2SP_129054_20121002_02_T1,landsat-7,2012-10-02T03:34:58.519922Z,2012-10-02T10:34:58.519922+07:00,67.0000,100.0000,,,,unverified,https://planetarycomputer.microsoft.com/api/stac/v1/collections/landsat-c2-l2/items/LE07_L2SP_129054_20121002_02_T1,USGS Landsat - Public Domain / no restrictions on use,EPSG:32647,30,BLUE;GREEN;RED;NIR;SWIR1;SWIR2;QA_PIXEL,,,,provider=Microsoft Planetary Computer; yearly paginated STAC search; AOI coverage=1.000; dry/same-season preference; AOI bad-quality=100.00%; Landsat-7 SLC-off: gap review required,candidate-slc-off-review
landsat,LE07_L2SP_129054_20130122_02_T1,landsat-7,2013-01-22T03:35:32.649019Z,2013-01-22T10:35:32.649019+07:00,65.0000,94.8317,,,,unverified,https://planetarycomputer.microsoft.com/api/stac/v1/collections/landsat-c2-l2/items/LE07_L2SP_129054_20130122_02_T1,USGS Landsat - Public Domain / no restrictions on use,EPSG:32647,30,BLUE;GREEN;RED;NIR;SWIR1;SWIR2;QA_PIXEL,,,,provider=Microsoft Planetary Computer; yearly paginated STAC search; AOI coverage=1.000; dry/same-season preference; AOI bad-quality=94.83%; Landsat-7 SLC-off: gap review required,candidate-slc-off-review
landsat,LC08_L2SP_129054_20130420_02_T1,landsat-8,2013-04-20T03:41:09.522842Z,2013-04-20T10:41:09.522842+07:00,11.7400,0.0000,,,,unverified,https://planetarycomputer.microsoft.com/api/stac/v1/collections/landsat-c2-l2/items/LC08_L2SP_129054_20130420_02_T1,USGS Landsat - Public Domain / no restrictions on use,EPSG:32647,30,BLUE;GREEN;RED;NIR;SWIR1;SWIR2;QA_PIXEL,,,,provider=Microsoft Planetary Computer; yearly paginated STAC search; AOI coverage=1.000; dry/same-season preference; AOI bad-quality=0.00%,candidate-aoi-quality-reviewed
landsat,LE07_L2SP_129054_20130514_02_T1,landsat-7,2013-05-14T03:35:14.301660Z,2013-05-14T10:35:14.301660+07:00,7.0000,0.0165,,,,unverified,https://planetarycomputer.microsoft.com/api/stac/v1/collections/landsat-c2-l2/items/LE07_L2SP_129054_20130514_02_T1,USGS Landsat - Public Domain / no restrictions on use,EPSG:32647,30,BLUE;GREEN;RED;NIR;SWIR1;SWIR2;QA_PIXEL,,,,provider=Microsoft Planetary Computer; yearly paginated STAC search; AOI coverage=1.000; dry/same-season preference; AOI bad-quality=0.02%; Landsat-7 SLC-off: gap review required,candidate-slc-off-review
landsat,LE07_L2SP_129054_20130701_02_T1,landsat-7,2013-07-01T03:34:53.380882Z,2013-07-01T10:34:53.380882+07:00,39.0000,72.9448,,,,unverified,https://planetarycomputer.microsoft.com/api/stac/v1/collections/landsat-c2-l2/items/LE07_L2SP_129054_20130701_02_T1,USGS Landsat - Public Domain / no restrictions on use,EPSG:32647,30,BLUE;GREEN;RED;NIR;SWIR1;SWIR2;QA_PIXEL,,,,provider=Microsoft Planetary Computer; yearly paginated STAC search; AOI coverage=1.000; dry/same-season preference; AOI bad-quality=72.94%; Landsat-7 SLC-off: gap review required,candidate-slc-off-review
landsat,LC08_L2SP_129054_20131114_02_T1,landsat-8,2013-11-14T03:41:04.473120Z,2013-11-14T10:41:04.473120+07:00,45.0700,10.4039,,,,unverified,https://planetarycomputer.microsoft.com/api/stac/v1/collections/landsat-c2-l2/items/LC08_L2SP_129054_20131114_02_T1,USGS Landsat - Public Domain / no restrictions on use,EPSG:32647,30,BLUE;GREEN;RED;NIR;SWIR1;SWIR2;QA_PIXEL,,,,provider=Microsoft Planetary Computer; yearly paginated STAC search; AOI coverage=1.000; dry/same-season preference; AOI bad-quality=10.40%,candidate-aoi-quality-reviewed
landsat,LC08_L2SP_129054_20131216_02_T1,landsat-8,2013-12-16T03:40:53.247680Z,2013-12-16T10:40:53.247680+07:00,31.0200,24.3077,,,,unverified,https://planetarycomputer.microsoft.com/api/stac/v1/collections/landsat-c2-l2/items/LC08_L2SP_129054_20131216_02_T1,USGS Landsat - Public Domain / no restrictions on use,EPSG:32647,30,BLUE;GREEN;RED;NIR;SWIR1;SWIR2;QA_PIXEL,,,,provider=Microsoft Planetary Computer; yearly paginated STAC search; AOI coverage=1.000; dry/same-season preference; AOI bad-quality=24.31%,candidate-aoi-quality-reviewed
landsat,LE07_L2SP_129054_20140109_02_T1,landsat-7,2014-01-09T03:35:47.898757Z,2014-01-09T10:35:47.898757+07:00,47.0000,46.9879,,,,unverified,https://planetarycomputer.microsoft.com/api/stac/v1/collections/landsat-c2-l2/items/LE07_L2SP_129054_20140109_02_T1,USGS Landsat - Public Domain / no restrictions on use,EPSG:32647,30,BLUE;GREEN;RED;NIR;SWIR1;SWIR2;QA_PIXEL,,,,provider=Microsoft Planetary Computer; yearly paginated STAC search; AOI coverage=1.000; dry/same-season preference; AOI bad-quality=46.99%; Landsat-7 SLC-off: gap review required,candidate-slc-off-review
landsat,LC08_L2SP_129054_20140202_02_T1,landsat-8,2014-02-02T03:40:24.915552Z,2014-02-02T10:40:24.915552+07:00,0.4800,0.0000,,,,unverified,https://planetarycomputer.microsoft.com/api/stac/v1/collections/landsat-c2-l2/items/LC08_L2SP_129054_20140202_02_T1,USGS Landsat - Public Domain / no restrictions on use,EPSG:32647,30,BLUE;GREEN;RED;NIR;SWIR1;SWIR2;QA_PIXEL,,,,provider=Microsoft Planetary Computer; yearly paginated STAC search; AOI coverage=1.000; dry/same-season preference; AOI bad-quality=0.00%,candidate-aoi-quality-reviewed
landsat,LE07_L2SP_129054_20140226_02_T1,landsat-7,2014-02-26T03:36:04.624445Z,2014-02-26T10:36:04.624445+07:00,13.0000,0.0249,,,,unverified,https://planetarycomputer.microsoft.com/api/stac/v1/collections/landsat-c2-l2/items/LE07_L2SP_129054_20140226_02_T1,USGS Landsat - Public Domain / no restrictions on use,EPSG:32647,30,BLUE;GREEN;RED;NIR;SWIR1;SWIR2;QA_PIXEL,,,,provider=Microsoft Planetary Computer; yearly paginated STAC search; AOI coverage=1.000; dry/same-season preference; AOI bad-quality=0.02%; Landsat-7 SLC-off: gap review required,candidate-slc-off-review
landsat,LE07_L2SP_129054_20140330_02_T1,landsat-7,2014-03-30T03:36:19.633940Z,2014-03-30T10:36:19.633940+07:00,13.0000,0.0000,,,,unverified,https://planetarycomputer.microsoft.com/api/stac/v1/collections/landsat-c2-l2/items/LE07_L2SP_129054_20140330_02_T1,USGS Landsat - Public Domain / no restrictions on use,EPSG:32647,30,BLUE;GREEN;RED;NIR;SWIR1;SWIR2;QA_PIXEL,,,,provider=Microsoft Planetary Computer; yearly paginated STAC search; AOI coverage=1.000; dry/same-season preference; AOI bad-quality=0.00%; Landsat-7 SLC-off: gap review required,candidate-slc-off-review
landsat,LC08_L2SP_129054_20140407_02_T1,landsat-8,2014-04-07T03:39:30.469040Z,2014-04-07T10:39:30.469040+07:00,10.0800,0.0000,,,,unverified,https://planetarycomputer.microsoft.com/api/stac/v1/collections/landsat-c2-l2/items/LC08_L2SP_129054_20140407_02_T1,USGS Landsat - Public Domain / no restrictions on use,EPSG:32647,30,BLUE;GREEN;RED;NIR;SWIR1;SWIR2;QA_PIXEL,,,,provider=Microsoft Planetary Computer; yearly paginated STAC search; AOI coverage=1.000; dry/same-season preference; AOI bad-quality=0.00%,candidate-aoi-quality-reviewed
landsat,LC08_L2SP_129054_20141203_02_T1,landsat-8,2014-12-03T03:39:32.754724Z,2014-12-03T10:39:32.754724+07:00,32.0500,4.0103,,,,unverified,https://planetarycomputer.microsoft.com/api/stac/v1/collections/landsat-c2-l2/items/LC08_L2SP_129054_20141203_02_T1,USGS Landsat - Public Domain / no restrictions on use,EPSG:32647,30,BLUE;GREEN;RED;NIR;SWIR1;SWIR2;QA_PIXEL,,,,provider=Microsoft Planetary Computer; yearly paginated STAC search; AOI coverage=1.000; dry/same-season preference; AOI bad-quality=4.01%,candidate-aoi-quality-reviewed
landsat,LE07_L2SP_129054_20150128_02_T1,landsat-7,2015-01-28T03:38:00.191885Z,2015-01-28T10:38:00.191885+07:00,28.0000,0.0000,,,,unverified,https://planetarycomputer.microsoft.com/api/stac/v1/collections/landsat-c2-l2/items/LE07_L2SP_129054_20150128_02_T1,USGS Landsat - Public Domain / no restrictions on use,EPSG:32647,30,BLUE;GREEN;RED;NIR;SWIR1;SWIR2;QA_PIXEL,,,,provider=Microsoft Planetary Computer; yearly paginated STAC search; AOI coverage=1.000; dry/same-season preference; AOI bad-quality=0.00%; Landsat-7 SLC-off: gap review required,candidate-slc-off-review
landsat,LC08_L2SP_129054_20150309_02_T1,landsat-8,2015-03-09T03:39:01.914283Z,2015-03-09T10:39:01.914283+07:00,9.9100,0.0000,,,,unverified,https://planetarycomputer.microsoft.com/api/stac/v1/collections/landsat-c2-l2/items/LC08_L2SP_129054_20150309_02_T1,USGS Landsat - Public Domain / no restrictions on use,EPSG:32647,30,BLUE;GREEN;RED;NIR;SWIR1;SWIR2;QA_PIXEL,,,,provider=Microsoft Planetary Computer; yearly paginated STAC search; AOI coverage=1.000; dry/same-season preference; AOI bad-quality=0.00%,candidate-aoi-quality-reviewed
landsat,LE07_L2SP_129054_20150402_02_T1,landsat-7,2015-04-02T03:38:26.669332Z,2015-04-02T10:38:26.669332+07:00,16.0000,0.0000,,,,unverified,https://planetarycomputer.microsoft.com/api/stac/v1/collections/landsat-c2-l2/items/LE07_L2SP_129054_20150402_02_T1,USGS Landsat - Public Domain / no restrictions on use,EPSG:32647,30,BLUE;GREEN;RED;NIR;SWIR1;SWIR2;QA_PIXEL,,,,provider=Microsoft Planetary Computer; yearly paginated STAC search; AOI coverage=1.000; dry/same-season preference; AOI bad-quality=0.00%; Landsat-7 SLC-off: gap review required,candidate-slc-off-review
landsat,LC08_L2SP_129054_20150426_02_T1,landsat-8,2015-04-26T03:38:40.371351Z,2015-04-26T10:38:40.371351+07:00,82.3800,99.1067,,,,unverified,https://planetarycomputer.microsoft.com/api/stac/v1/collections/landsat-c2-l2/items/LC08_L2SP_129054_20150426_02_T1,USGS Landsat - Public Domain / no restrictions on use,EPSG:32647,30,BLUE;GREEN;RED;NIR;SWIR1;SWIR2;QA_PIXEL,,,,provider=Microsoft Planetary Computer; yearly paginated STAC search; AOI coverage=1.000; dry/same-season preference; AOI bad-quality=99.11%,candidate-aoi-quality-reviewed
landsat,LC08_L2SP_129054_20151206_02_T1,landsat-8,2015-12-06T03:39:29.776571Z,2015-12-06T10:39:29.776571+07:00,36.7300,3.9401,,,,unverified,https://planetarycomputer.microsoft.com/api/stac/v1/collections/landsat-c2-l2/items/LC08_L2SP_129054_20151206_02_T1,USGS Landsat - Public Domain / no restrictions on use,EPSG:32647,30,BLUE;GREEN;RED;NIR;SWIR1;SWIR2;QA_PIXEL,,,,provider=Microsoft Planetary Computer; yearly paginated STAC search; AOI coverage=1.000; dry/same-season preference; AOI bad-quality=3.94%,candidate-aoi-quality-reviewed
landsat,LE07_L2SP_129054_20151230_02_T1,landsat-7,2015-12-30T03:40:43.822665Z,2015-12-30T10:40:43.822665+07:00,11.0000,0.0000,,,,unverified,https://planetarycomputer.microsoft.com/api/stac/v1/collections/landsat-c2-l2/items/LE07_L2SP_129054_20151230_02_T1,USGS Landsat - Public Domain / no restrictions on use,EPSG:32647,30,BLUE;GREEN;RED;NIR;SWIR1;SWIR2;QA_PIXEL,,,,provider=Microsoft Planetary Computer; yearly paginated STAC search; AOI coverage=1.000; dry/same-season preference; AOI bad-quality=0.00%; Landsat-7 SLC-off: gap review required,candidate-slc-off-review
landsat,LC08_L2SP_129054_20160107_02_T1,landsat-8,2016-01-07T03:39:25.573992Z,2016-01-07T10:39:25.573992+07:00,24.0300,84.8934,,,,unverified,https://planetarycomputer.microsoft.com/api/stac/v1/collections/landsat-c2-l2/items/LC08_L2SP_129054_20160107_02_T1,USGS Landsat - Public Domain / no restrictions on use,EPSG:32647,30,BLUE;GREEN;RED;NIR;SWIR1;SWIR2;QA_PIXEL,,,,provider=Microsoft Planetary Computer; yearly paginated STAC search; AOI coverage=1.000; dry/same-season preference; AOI bad-quality=84.89%,candidate-aoi-quality-reviewed
landsat,LE07_L2SP_129054_20160131_02_T1,landsat-7,2016-01-31T03:41:09.729760Z,2016-01-31T10:41:09.729760+07:00,21.0000,0.0000,,,,unverified,https://planetarycomputer.microsoft.com/api/stac/v1/collections/landsat-c2-l2/items/LE07_L2SP_129054_20160131_02_T1,USGS Landsat - Public Domain / no restrictions on use,EPSG:32647,30,BLUE;GREEN;RED;NIR;SWIR1;SWIR2;QA_PIXEL,,,,provider=Microsoft Planetary Computer; yearly paginated STAC search; AOI coverage=1.000; dry/same-season preference; AOI bad-quality=0.00%; Landsat-7 SLC-off: gap review required,candidate-slc-off-review
landsat,LC08_L2SP_129054_20160311_02_T1,landsat-8,2016-03-11T03:39:13.387573Z,2016-03-11T10:39:13.387573+07:00,1.4500,0.0000,,,,unverified,https://planetarycomputer.microsoft.com/api/stac/v1/collections/landsat-c2-l2/items/LC08_L2SP_129054_20160311_02_T1,USGS Landsat - Public Domain / no restrictions on use,EPSG:32647,30,BLUE;GREEN;RED;NIR;SWIR1;SWIR2;QA_PIXEL,,,,provider=Microsoft Planetary Computer; yearly paginated STAC search; AOI coverage=1.000; dry/same-season preference; AOI bad-quality=0.00%,candidate-aoi-quality-reviewed
landsat,LC08_L2SP_129054_20160412_02_T1,landsat-8,2016-04-12T03:38:58.190186Z,2016-04-12T10:38:58.190186+07:00,16.7200,0.0000,,,,unverified,https://planetarycomputer.microsoft.com/api/stac/v1/collections/landsat-c2-l2/items/LC08_L2SP_129054_20160412_02_T1,USGS Landsat - Public Domain / no restrictions on use,EPSG:32647,30,BLUE;GREEN;RED;NIR;SWIR1;SWIR2;QA_PIXEL,,,,provider=Microsoft Planetary Computer; yearly paginated STAC search; AOI coverage=1.000; dry/same-season preference; AOI bad-quality=0.00%,candidate-aoi-quality-reviewed
landsat,LE07_L2SP_129054_20161114_02_T1,landsat-7,2016-11-14T03:41:54.751302Z,2016-11-14T10:41:54.751302+07:00,73.0000,34.1589,,,,unverified,https://planetarycomputer.microsoft.com/api/stac/v1/collections/landsat-c2-l2/items/LE07_L2SP_129054_20161114_02_T1,USGS Landsat - Public Domain / no restrictions on use,EPSG:32647,30,BLUE;GREEN;RED;NIR;SWIR1;SWIR2;QA_PIXEL,,,,provider=Microsoft Planetary Computer; yearly paginated STAC search; AOI coverage=1.000; dry/same-season preference; AOI bad-quality=34.16%; Landsat-7 SLC-off: gap review required,candidate-slc-off-review
landsat,LC08_L2SP_129054_20161208_02_T1,landsat-8,2016-12-08T03:39:40.275451Z,2016-12-08T10:39:40.275451+07:00,51.2500,100.0000,,,,unverified,https://planetarycomputer.microsoft.com/api/stac/v1/collections/landsat-c2-l2/items/LC08_L2SP_129054_20161208_02_T1,USGS Landsat - Public Domain / no restrictions on use,EPSG:32647,30,BLUE;GREEN;RED;NIR;SWIR1;SWIR2;QA_PIXEL,,,,provider=Microsoft Planetary Computer; yearly paginated STAC search; AOI coverage=1.000; dry/same-season preference; AOI bad-quality=100.00%,candidate-aoi-quality-reviewed
landsat,LC08_L2SP_129054_20170109_02_T1,landsat-8,2017-01-09T03:39:33.002844Z,2017-01-09T10:39:33.002844+07:00,65.6700,99.4736,,,,unverified,https://planetarycomputer.microsoft.com/api/stac/v1/collections/landsat-c2-l2/items/LC08_L2SP_129054_20170109_02_T1,USGS Landsat - Public Domain / no restrictions on use,EPSG:32647,30,BLUE;GREEN;RED;NIR;SWIR1;SWIR2;QA_PIXEL,,,,provider=Microsoft Planetary Computer; yearly paginated STAC search; AOI coverage=1.000; dry/same-season preference; AOI bad-quality=99.47%,candidate-aoi-quality-reviewed
landsat,LC08_L2SP_129054_20170210_02_T1,landsat-8,2017-02-10T03:39:19.311075Z,2017-02-10T10:39:19.311075+07:00,7.1200,0.0000,,,,unverified,https://planetarycomputer.microsoft.com/api/stac/v1/collections/landsat-c2-l2/items/LC08_L2SP_129054_20170210_02_T1,USGS Landsat - Public Domain / no restrictions on use,EPSG:32647,30,BLUE;GREEN;RED;NIR;SWIR1;SWIR2;QA_PIXEL,,,,provider=Microsoft Planetary Computer; yearly paginated STAC search; AOI coverage=1.000; dry/same-season preference; AOI bad-quality=0.00%,candidate-aoi-quality-reviewed
landsat,LC08_L2SP_129054_20170314_02_T1,landsat-8,2017-03-14T03:39:05.913525Z,2017-03-14T10:39:05.913525+07:00,8.6800,0.0000,,,,unverified,https://planetarycomputer.microsoft.com/api/stac/v1/collections/landsat-c2-l2/items/LC08_L2SP_129054_20170314_02_T1,USGS Landsat - Public Domain / no restrictions on use,EPSG:32647,30,BLUE;GREEN;RED;NIR;SWIR1;SWIR2;QA_PIXEL,,,,provider=Microsoft Planetary Computer; yearly paginated STAC search; AOI coverage=1.000; dry/same-season preference; AOI bad-quality=0.00%,candidate-aoi-quality-reviewed
landsat,LC08_L2SP_129054_20170415_02_T1,landsat-8,2017-04-15T03:38:49.233670Z,2017-04-15T10:38:49.233670+07:00,15.7300,0.0000,,,,unverified,https://planetarycomputer.microsoft.com/api/stac/v1/collections/landsat-c2-l2/items/LC08_L2SP_129054_20170415_02_T1,USGS Landsat - Public Domain / no restrictions on use,EPSG:32647,30,BLUE;GREEN;RED;NIR;SWIR1;SWIR2;QA_PIXEL,,,,provider=Microsoft Planetary Computer; yearly paginated STAC search; AOI coverage=1.000; dry/same-season preference; AOI bad-quality=0.00%,candidate-aoi-quality-reviewed
landsat,LE07_L2SP_129054_20171117_02_T1,landsat-7,2017-11-17T03:41:56.824456Z,2017-11-17T10:41:56.824456+07:00,28.0000,76.3740,,,,unverified,https://planetarycomputer.microsoft.com/api/stac/v1/collections/landsat-c2-l2/items/LE07_L2SP_129054_20171117_02_T1,USGS Landsat - Public Domain / no restrictions on use,EPSG:32647,30,BLUE;GREEN;RED;NIR;SWIR1;SWIR2;QA_PIXEL,,,,provider=Microsoft Planetary Computer; yearly paginated STAC search; AOI coverage=1.000; dry/same-season preference; AOI bad-quality=76.37%; Landsat-7 SLC-off: gap review required,candidate-slc-off-review
landsat,LC08_L2SP_129054_20171211_02_T1,landsat-8,2017-12-11T03:39:30.832899Z,2017-12-11T10:39:30.832899+07:00,16.5800,1.6271,,,,unverified,https://planetarycomputer.microsoft.com/api/stac/v1/collections/landsat-c2-l2/items/LC08_L2SP_129054_20171211_02_T1,USGS Landsat - Public Domain / no restrictions on use,EPSG:32647,30,BLUE;GREEN;RED;NIR;SWIR1;SWIR2;QA_PIXEL,,,,provider=Microsoft Planetary Computer; yearly paginated STAC search; AOI coverage=1.000; dry/same-season preference; AOI bad-quality=1.63%,candidate-aoi-quality-reviewed
landsat,LE07_L2SP_129054_20180104_02_T1,landsat-7,2018-01-04T03:41:29.329571Z,2018-01-04T10:41:29.329571+07:00,75.0000,40.2890,,,,unverified,https://planetarycomputer.microsoft.com/api/stac/v1/collections/landsat-c2-l2/items/LE07_L2SP_129054_20180104_02_T1,USGS Landsat - Public Domain / no restrictions on use,EPSG:32647,30,BLUE;GREEN;RED;NIR;SWIR1;SWIR2;QA_PIXEL,,,,provider=Microsoft Planetary Computer; yearly paginated STAC search; AOI coverage=1.000; dry/same-season preference; AOI bad-quality=40.29%; Landsat-7 SLC-off: gap review required,candidate-slc-off-review
landsat,LC08_L2SP_129054_20180128_02_T1,landsat-8,2018-01-28T03:39:17.323681Z,2018-01-28T10:39:17.323681+07:00,59.5700,26.6686,,,,unverified,https://planetarycomputer.microsoft.com/api/stac/v1/collections/landsat-c2-l2/items/LC08_L2SP_129054_20180128_02_T1,USGS Landsat - Public Domain / no restrictions on use,EPSG:32647,30,BLUE;GREEN;RED;NIR;SWIR1;SWIR2;QA_PIXEL,,,,provider=Microsoft Planetary Computer; yearly paginated STAC search; AOI coverage=1.000; dry/same-season preference; AOI bad-quality=26.67%,candidate-aoi-quality-reviewed
landsat,LE07_L2SP_129054_20180221_02_T1,landsat-7,2018-02-21T03:40:49.292774Z,2018-02-21T10:40:49.292774+07:00,14.0000,0.0000,,,,unverified,https://planetarycomputer.microsoft.com/api/stac/v1/collections/landsat-c2-l2/items/LE07_L2SP_129054_20180221_02_T1,USGS Landsat - Public Domain / no restrictions on use,EPSG:32647,30,BLUE;GREEN;RED;NIR;SWIR1;SWIR2;QA_PIXEL,,,,provider=Microsoft Planetary Computer; yearly paginated STAC search; AOI coverage=1.000; dry/same-season preference; AOI bad-quality=0.00%; Landsat-7 SLC-off: gap review required,candidate-slc-off-review
landsat,LC08_L2SP_129054_20180317_02_T1,landsat-8,2018-03-17T03:38:54.899563Z,2018-03-17T10:38:54.899563+07:00,23.1600,4.1029,,,,unverified,https://planetarycomputer.microsoft.com/api/stac/v1/collections/landsat-c2-l2/items/LC08_L2SP_129054_20180317_02_T1,USGS Landsat - Public Domain / no restrictions on use,EPSG:32647,30,BLUE;GREEN;RED;NIR;SWIR1;SWIR2;QA_PIXEL,,,,provider=Microsoft Planetary Computer; yearly paginated STAC search; AOI coverage=1.000; dry/same-season preference; AOI bad-quality=4.10%,candidate-aoi-quality-reviewed
landsat,LE07_L2SP_129054_20180410_02_T1,landsat-7,2018-04-10T03:40:11.451797Z,2018-04-10T10:40:11.451797+07:00,61.0000,2.0918,,,,unverified,https://planetarycomputer.microsoft.com/api/stac/v1/collections/landsat-c2-l2/items/LE07_L2SP_129054_20180410_02_T1,USGS Landsat - Public Domain / no restrictions on use,EPSG:32647,30,BLUE;GREEN;RED;NIR;SWIR1;SWIR2;QA_PIXEL,,,,provider=Microsoft Planetary Computer; yearly paginated STAC search; AOI coverage=1.000; dry/same-season preference; AOI bad-quality=2.09%; Landsat-7 SLC-off: gap review required,candidate-slc-off-review
landsat,LE07_L2SP_129054_20181222_02_T1,landsat-7,2018-12-22T03:34:53.342747Z,2018-12-22T10:34:53.342747+07:00,9.0000,0.1805,,,,unverified,https://planetarycomputer.microsoft.com/api/stac/v1/collections/landsat-c2-l2/items/LE07_L2SP_129054_20181222_02_T1,USGS Landsat - Public Domain / no restrictions on use,EPSG:32647,30,BLUE;GREEN;RED;NIR;SWIR1;SWIR2;QA_PIXEL,,,,provider=Microsoft Planetary Computer; yearly paginated STAC search; AOI coverage=1.000; dry/same-season preference; AOI bad-quality=0.18%; Landsat-7 SLC-off: gap review required,candidate-slc-off-review
landsat,LE07_L2SP_129054_20190107_02_T1,landsat-7,2019-01-07T03:34:24.346917Z,2019-01-07T10:34:24.346917+07:00,33.0000,0.0000,,,,unverified,https://planetarycomputer.microsoft.com/api/stac/v1/collections/landsat-c2-l2/items/LE07_L2SP_129054_20190107_02_T1,USGS Landsat - Public Domain / no restrictions on use,EPSG:32647,30,BLUE;GREEN;RED;NIR;SWIR1;SWIR2;QA_PIXEL,,,,provider=Microsoft Planetary Computer; yearly paginated STAC search; AOI coverage=1.000; dry/same-season preference; AOI bad-quality=0.00%; Landsat-7 SLC-off: gap review required,candidate-slc-off-review
landsat,LE07_L2SP_129054_20190208_02_T1,landsat-7,2019-02-08T03:33:24.151465Z,2019-02-08T10:33:24.151465+07:00,12.0000,0.0000,,,,unverified,https://planetarycomputer.microsoft.com/api/stac/v1/collections/landsat-c2-l2/items/LE07_L2SP_129054_20190208_02_T1,USGS Landsat - Public Domain / no restrictions on use,EPSG:32647,30,BLUE;GREEN;RED;NIR;SWIR1;SWIR2;QA_PIXEL,,,,provider=Microsoft Planetary Computer; yearly paginated STAC search; AOI coverage=1.000; dry/same-season preference; AOI bad-quality=0.00%; Landsat-7 SLC-off: gap review required,candidate-slc-off-review
landsat,LC08_L2SP_129054_20190304_02_T1,landsat-8,2019-03-04T03:39:01.791734Z,2019-03-04T10:39:01.791734+07:00,5.1800,0.0000,,,,unverified,https://planetarycomputer.microsoft.com/api/stac/v1/collections/landsat-c2-l2/items/LC08_L2SP_129054_20190304_02_T1,USGS Landsat - Public Domain / no restrictions on use,EPSG:32647,30,BLUE;GREEN;RED;NIR;SWIR1;SWIR2;QA_PIXEL,,,,provider=Microsoft Planetary Computer; yearly paginated STAC search; AOI coverage=1.000; dry/same-season preference; AOI bad-quality=0.00%,candidate-aoi-quality-reviewed
landsat,LC08_L2SP_129054_20190421_02_T1,landsat-8,2019-04-21T03:38:46.971918Z,2019-04-21T10:38:46.971918+07:00,17.3300,4.8973,,,,unverified,https://planetarycomputer.microsoft.com/api/stac/v1/collections/landsat-c2-l2/items/LC08_L2SP_129054_20190421_02_T1,USGS Landsat - Public Domain / no restrictions on use,EPSG:32647,30,BLUE;GREEN;RED;NIR;SWIR1;SWIR2;QA_PIXEL,,,,provider=Microsoft Planetary Computer; yearly paginated STAC search; AOI coverage=1.000; dry/same-season preference; AOI bad-quality=4.90%,candidate-aoi-quality-reviewed
landsat,LE07_L2SP_129054_20191123_02_T1,landsat-7,2019-11-23T03:22:13.136672Z,2019-11-23T10:22:13.136672+07:00,27.0000,30.1613,,,,unverified,https://planetarycomputer.microsoft.com/api/stac/v1/collections/landsat-c2-l2/items/LE07_L2SP_129054_20191123_02_T1,USGS Landsat - Public Domain / no restrictions on use,EPSG:32647,30,BLUE;GREEN;RED;NIR;SWIR1;SWIR2;QA_PIXEL,,,,provider=Microsoft Planetary Computer; yearly paginated STAC search; AOI coverage=1.000; dry/same-season preference; AOI bad-quality=30.16%; Landsat-7 SLC-off: gap review required,candidate-slc-off-review
landsat,LE07_L2SP_129054_20191225_02_T1,landsat-7,2019-12-25T03:20:37.329345Z,2019-12-25T10:20:37.329345+07:00,18.0000,2.7774,,,,unverified,https://planetarycomputer.microsoft.com/api/stac/v1/collections/landsat-c2-l2/items/LE07_L2SP_129054_20191225_02_T1,USGS Landsat - Public Domain / no restrictions on use,EPSG:32647,30,BLUE;GREEN;RED;NIR;SWIR1;SWIR2;QA_PIXEL,,,,provider=Microsoft Planetary Computer; yearly paginated STAC search; AOI coverage=1.000; dry/same-season preference; AOI bad-quality=2.78%; Landsat-7 SLC-off: gap review required,candidate-slc-off-review
landsat,LC08_L2SP_129054_20200102_02_T1,landsat-8,2020-01-02T03:39:34.610644Z,2020-01-02T10:39:34.610644+07:00,40.9000,0.0000,,,,unverified,https://planetarycomputer.microsoft.com/api/stac/v1/collections/landsat-c2-l2/items/LC08_L2SP_129054_20200102_02_T1,USGS Landsat - Public Domain / no restrictions on use,EPSG:32647,30,BLUE;GREEN;RED;NIR;SWIR1;SWIR2;QA_PIXEL,,,,provider=Microsoft Planetary Computer; yearly paginated STAC search; AOI coverage=1.000; dry/same-season preference; AOI bad-quality=0.00%,candidate-aoi-quality-reviewed
landsat,LE07_L2SP_129054_20200126_02_T1,landsat-7,2020-01-26T03:19:00.364516Z,2020-01-26T10:19:00.364516+07:00,2.0000,0.0000,,,,unverified,https://planetarycomputer.microsoft.com/api/stac/v1/collections/landsat-c2-l2/items/LE07_L2SP_129054_20200126_02_T1,USGS Landsat - Public Domain / no restrictions on use,EPSG:32647,30,BLUE;GREEN;RED;NIR;SWIR1;SWIR2;QA_PIXEL,,,,provider=Microsoft Planetary Computer; yearly paginated STAC search; AOI coverage=1.000; dry/same-season preference; AOI bad-quality=0.00%; Landsat-7 SLC-off: gap review required,candidate-slc-off-review
landsat,LE07_L2SP_129054_20200227_02_T1,landsat-7,2020-02-27T03:17:21.234556Z,2020-02-27T10:17:21.234556+07:00,28.0000,0.0082,,,,unverified,https://planetarycomputer.microsoft.com/api/stac/v1/collections/landsat-c2-l2/items/LE07_L2SP_129054_20200227_02_T1,USGS Landsat - Public Domain / no restrictions on use,EPSG:32647,30,BLUE;GREEN;RED;NIR;SWIR1;SWIR2;QA_PIXEL,,,,provider=Microsoft Planetary Computer; yearly paginated STAC search; AOI coverage=1.000; dry/same-season preference; AOI bad-quality=0.01%; Landsat-7 SLC-off: gap review required,candidate-slc-off-review
landsat,LC08_L2SP_129054_20200322_02_T1,landsat-8,2020-03-22T03:39:09.658141Z,2020-03-22T10:39:09.658141+07:00,9.7300,0.0000,,,,unverified,https://planetarycomputer.microsoft.com/api/stac/v1/collections/landsat-c2-l2/items/LC08_L2SP_129054_20200322_02_T1,USGS Landsat - Public Domain / no restrictions on use,EPSG:32647,30,BLUE;GREEN;RED;NIR;SWIR1;SWIR2;QA_PIXEL,,,,provider=Microsoft Planetary Computer; yearly paginated STAC search; AOI coverage=1.000; dry/same-season preference; AOI bad-quality=0.00%,candidate-aoi-quality-reviewed
landsat,LC08_L2SP_129054_20201117_02_T1,landsat-8,2020-11-17T03:39:39.567084Z,2020-11-17T10:39:39.567084+07:00,61.4300,70.2942,,,,unverified,https://planetarycomputer.microsoft.com/api/stac/v1/collections/landsat-c2-l2/items/LC08_L2SP_129054_20201117_02_T1,USGS Landsat - Public Domain / no restrictions on use,EPSG:32647,30,BLUE;GREEN;RED;NIR;SWIR1;SWIR2;QA_PIXEL,,,,provider=Microsoft Planetary Computer; yearly paginated STAC search; AOI coverage=1.000; dry/same-season preference; AOI bad-quality=70.29%,candidate-aoi-quality-reviewed
landsat,LE07_L2SP_129054_20201227_02_T1,landsat-7,2020-12-27T02:58:11.199470Z,2020-12-27T09:58:11.199470+07:00,40.0000,4.8471,,,,unverified,https://planetarycomputer.microsoft.com/api/stac/v1/collections/landsat-c2-l2/items/LE07_L2SP_129054_20201227_02_T1,USGS Landsat - Public Domain / no restrictions on use,EPSG:32647,30,BLUE;GREEN;RED;NIR;SWIR1;SWIR2;QA_PIXEL,,,,provider=Microsoft Planetary Computer; yearly paginated STAC search; AOI coverage=1.000; dry/same-season preference; AOI bad-quality=4.85%; Landsat-7 SLC-off: gap review required,candidate-slc-off-review
landsat,LE07_L2SP_129054_20210112_02_T1,landsat-7,2021-01-12T02:57:04.595768Z,2021-01-12T09:57:04.595768+07:00,39.0000,100.0000,,,,unverified,https://planetarycomputer.microsoft.com/api/stac/v1/collections/landsat-c2-l2/items/LE07_L2SP_129054_20210112_02_T1,USGS Landsat - Public Domain / no restrictions on use,EPSG:32647,30,BLUE;GREEN;RED;NIR;SWIR1;SWIR2;QA_PIXEL,,,,provider=Microsoft Planetary Computer; yearly paginated STAC search; AOI coverage=1.000; dry/same-season preference; AOI bad-quality=100.00%; Landsat-7 SLC-off: gap review required,candidate-slc-off-review
landsat,LC08_L2SP_129054_20210205_02_T1,landsat-8,2021-02-05T03:39:28.925473Z,2021-02-05T10:39:28.925473+07:00,25.3300,0.0000,,,,unverified,https://planetarycomputer.microsoft.com/api/stac/v1/collections/landsat-c2-l2/items/LC08_L2SP_129054_20210205_02_T1,USGS Landsat - Public Domain / no restrictions on use,EPSG:32647,30,BLUE;GREEN;RED;NIR;SWIR1;SWIR2;QA_PIXEL,,,,provider=Microsoft Planetary Computer; yearly paginated STAC search; AOI coverage=1.000; dry/same-season preference; AOI bad-quality=0.00%,candidate-aoi-quality-reviewed
landsat,LC08_L2SP_129054_20210309_02_T1,landsat-8,2021-03-09T03:39:16.626999Z,2021-03-09T10:39:16.626999+07:00,17.3800,0.2776,,,,unverified,https://planetarycomputer.microsoft.com/api/stac/v1/collections/landsat-c2-l2/items/LC08_L2SP_129054_20210309_02_T1,USGS Landsat - Public Domain / no restrictions on use,EPSG:32647,30,BLUE;GREEN;RED;NIR;SWIR1;SWIR2;QA_PIXEL,,,,provider=Microsoft Planetary Computer; yearly paginated STAC search; AOI coverage=1.000; dry/same-season preference; AOI bad-quality=0.28%,candidate-aoi-quality-reviewed
landsat,LC08_L2SP_129054_20210410_02_T1,landsat-8,2021-04-10T03:39:05.329699Z,2021-04-10T10:39:05.329699+07:00,23.2800,0.0000,,,,unverified,https://planetarycomputer.microsoft.com/api/stac/v1/collections/landsat-c2-l2/items/LC08_L2SP_129054_20210410_02_T1,USGS Landsat - Public Domain / no restrictions on use,EPSG:32647,30,BLUE;GREEN;RED;NIR;SWIR1;SWIR2;QA_PIXEL,,,,provider=Microsoft Planetary Computer; yearly paginated STAC search; AOI coverage=1.000; dry/same-season preference; AOI bad-quality=0.00%,candidate-aoi-quality-reviewed
landsat,LC08_L2SP_129054_20211104_02_T1,landsat-8,2021-11-04T03:39:46.808229Z,2021-11-04T10:39:46.808229+07:00,77.4200,100.0000,,,,unverified,https://planetarycomputer.microsoft.com/api/stac/v1/collections/landsat-c2-l2/items/LC08_L2SP_129054_20211104_02_T1,USGS Landsat - Public Domain / no restrictions on use,EPSG:32647,30,BLUE;GREEN;RED;NIR;SWIR1;SWIR2;QA_PIXEL,,,,provider=Microsoft Planetary Computer; yearly paginated STAC search; AOI coverage=1.000; dry/same-season preference; AOI bad-quality=100.00%,candidate-aoi-quality-reviewed
landsat,LC08_L2SP_129054_20211206_02_T1,landsat-8,2021-12-06T03:39:43.569386Z,2021-12-06T10:39:43.569386+07:00,21.4800,0.0000,,,,unverified,https://planetarycomputer.microsoft.com/api/stac/v1/collections/landsat-c2-l2/items/LC08_L2SP_129054_20211206_02_T1,USGS Landsat - Public Domain / no restrictions on use,EPSG:32647,30,BLUE;GREEN;RED;NIR;SWIR1;SWIR2;QA_PIXEL,,,,provider=Microsoft Planetary Computer; yearly paginated STAC search; AOI coverage=1.000; dry/same-season preference; AOI bad-quality=0.00%,candidate-aoi-quality-reviewed
landsat,LC08_L2SP_129054_20220107_02_T1,landsat-8,2022-01-07T03:39:36.407570Z,2022-01-07T10:39:36.407570+07:00,38.3600,63.0041,,,,unverified,https://planetarycomputer.microsoft.com/api/stac/v1/collections/landsat-c2-l2/items/LC08_L2SP_129054_20220107_02_T1,USGS Landsat - Public Domain / no restrictions on use,EPSG:32647,30,BLUE;GREEN;RED;NIR;SWIR1;SWIR2;QA_PIXEL,,,,provider=Microsoft Planetary Computer; yearly paginated STAC search; AOI coverage=1.000; dry/same-season preference; AOI bad-quality=63.00%,candidate-aoi-quality-reviewed
landsat,LC09_L2SP_129054_20220131_02_T1,landsat-9,2022-01-31T03:39:38.281891Z,2022-01-31T10:39:38.281891+07:00,42.8100,0.0000,,,,unverified,https://planetarycomputer.microsoft.com/api/stac/v1/collections/landsat-c2-l2/items/LC09_L2SP_129054_20220131_02_T1,USGS Landsat - Public Domain / no restrictions on use,EPSG:32647,30,BLUE;GREEN;RED;NIR;SWIR1;SWIR2;QA_PIXEL,,,,provider=Microsoft Planetary Computer; yearly paginated STAC search; AOI coverage=1.000; dry/same-season preference; AOI bad-quality=0.00%,candidate-aoi-quality-reviewed
landsat,LC09_L2SP_129054_20220320_02_T1,landsat-9,2022-03-20T03:39:21.581413Z,2022-03-20T10:39:21.581413+07:00,14.6500,0.0000,,,,unverified,https://planetarycomputer.microsoft.com/api/stac/v1/collections/landsat-c2-l2/items/LC09_L2SP_129054_20220320_02_T1,USGS Landsat - Public Domain / no restrictions on use,EPSG:32647,30,BLUE;GREEN;RED;NIR;SWIR1;SWIR2;QA_PIXEL,,,,provider=Microsoft Planetary Computer; yearly paginated STAC search; AOI coverage=1.000; dry/same-season preference; AOI bad-quality=0.00%,candidate-aoi-quality-reviewed
landsat,LC09_L2SP_129054_20220421_02_T1,landsat-9,2022-04-21T03:39:07.380874Z,2022-04-21T10:39:07.380874+07:00,46.6000,0.0000,,,,unverified,https://planetarycomputer.microsoft.com/api/stac/v1/collections/landsat-c2-l2/items/LC09_L2SP_129054_20220421_02_T1,USGS Landsat - Public Domain / no restrictions on use,EPSG:32647,30,BLUE;GREEN;RED;NIR;SWIR1;SWIR2;QA_PIXEL,,,,provider=Microsoft Planetary Computer; yearly paginated STAC search; AOI coverage=1.000; dry/same-season preference; AOI bad-quality=0.00%,candidate-aoi-quality-reviewed
landsat,LC08_L2SP_129054_20221123_02_T1,landsat-8,2022-11-23T03:39:54.472278Z,2022-11-23T10:39:54.472278+07:00,41.4700,24.2343,,,,unverified,https://planetarycomputer.microsoft.com/api/stac/v1/collections/landsat-c2-l2/items/LC08_L2SP_129054_20221123_02_T1,USGS Landsat - Public Domain / no restrictions on use,EPSG:32647,30,BLUE;GREEN;RED;NIR;SWIR1;SWIR2;QA_PIXEL,,,,provider=Microsoft Planetary Computer; yearly paginated STAC search; AOI coverage=1.000; dry/same-season preference; AOI bad-quality=24.23%,candidate-aoi-quality-reviewed
landsat,LC08_L2SP_129054_20221225_02_T1,landsat-8,2022-12-25T03:39:45.274141Z,2022-12-25T10:39:45.274141+07:00,46.7900,8.0143,,,,unverified,https://planetarycomputer.microsoft.com/api/stac/v1/collections/landsat-c2-l2/items/LC08_L2SP_129054_20221225_02_T1,USGS Landsat - Public Domain / no restrictions on use,EPSG:32647,30,BLUE;GREEN;RED;NIR;SWIR1;SWIR2;QA_PIXEL,,,,provider=Microsoft Planetary Computer; yearly paginated STAC search; AOI coverage=1.000; dry/same-season preference; AOI bad-quality=8.01%,candidate-aoi-quality-reviewed
landsat,LC09_L2SP_129054_20230118_02_T1,landsat-9,2023-01-18T03:39:41.603545Z,2023-01-18T10:39:41.603545+07:00,32.1400,68.6064,,,,unverified,https://planetarycomputer.microsoft.com/api/stac/v1/collections/landsat-c2-l2/items/LC09_L2SP_129054_20230118_02_T1,USGS Landsat - Public Domain / no restrictions on use,EPSG:32647,30,BLUE;GREEN;RED;NIR;SWIR1;SWIR2;QA_PIXEL,,,,provider=Microsoft Planetary Computer; yearly paginated STAC search; AOI coverage=1.000; dry/same-season preference; AOI bad-quality=68.61%,candidate-aoi-quality-reviewed
landsat,LC08_L2SP_129054_20230211_02_T1,landsat-8,2023-02-11T03:39:40.870499Z,2023-02-11T10:39:40.870499+07:00,30.5300,0.0000,,,,unverified,https://planetarycomputer.microsoft.com/api/stac/v1/collections/landsat-c2-l2/items/LC08_L2SP_129054_20230211_02_T1,USGS Landsat - Public Domain / no restrictions on use,EPSG:32647,30,BLUE;GREEN;RED;NIR;SWIR1;SWIR2;QA_PIXEL,,,,provider=Microsoft Planetary Computer; yearly paginated STAC search; AOI coverage=1.000; dry/same-season preference; AOI bad-quality=0.00%,candidate-aoi-quality-reviewed
landsat,LE07_L2SP_130053_20230308_02_T1,landsat-7,2023-03-08T01:47:43.972170Z,2023-03-08T08:47:43.972170+07:00,15.0000,0.0000,,,,unverified,https://planetarycomputer.microsoft.com/api/stac/v1/collections/landsat-c2-l2/items/LE07_L2SP_130053_20230308_02_T1,USGS Landsat - Public Domain / no restrictions on use,EPSG:32647,30,BLUE;GREEN;RED;NIR;SWIR1;SWIR2;QA_PIXEL,,,,provider=Microsoft Planetary Computer; yearly paginated STAC search; AOI coverage=1.000; dry/same-season preference; AOI bad-quality=0.00%; Landsat-7 SLC-off: gap review required,candidate-slc-off-review
landsat,LC08_L2SP_129054_20230331_02_T1,landsat-8,2023-03-31T03:39:09.117013Z,2023-03-31T10:39:09.117013+07:00,3.0600,0.0000,,,,unverified,https://planetarycomputer.microsoft.com/api/stac/v1/collections/landsat-c2-l2/items/LC08_L2SP_129054_20230331_02_T1,USGS Landsat - Public Domain / no restrictions on use,EPSG:32647,30,BLUE;GREEN;RED;NIR;SWIR1;SWIR2;QA_PIXEL,,,,provider=Microsoft Planetary Computer; yearly paginated STAC search; AOI coverage=1.000; dry/same-season preference; AOI bad-quality=0.00%,candidate-aoi-quality-reviewed
landsat,LE07_L2SP_129054_20231120_02_T1,landsat-7,2023-11-20T01:13:29.925255Z,2023-11-20T08:13:29.925255+07:00,63.0000,99.4464,,,,unverified,https://planetarycomputer.microsoft.com/api/stac/v1/collections/landsat-c2-l2/items/LE07_L2SP_129054_20231120_02_T1,USGS Landsat - Public Domain / no restrictions on use,EPSG:32647,30,BLUE;GREEN;RED;NIR;SWIR1;SWIR2;QA_PIXEL,,,,provider=Microsoft Planetary Computer; yearly paginated STAC search; AOI coverage=1.000; dry/same-season preference; AOI bad-quality=99.45%; Landsat-7 SLC-off: gap review required,candidate-slc-off-review
landsat,LE07_L2SP_129053_20231227_02_T1,landsat-7,2023-12-27T01:11:59.142889Z,2023-12-27T08:11:59.142889+07:00,30.0000,5.7896,,,,unverified,https://planetarycomputer.microsoft.com/api/stac/v1/collections/landsat-c2-l2/items/LE07_L2SP_129053_20231227_02_T1,USGS Landsat - Public Domain / no restrictions on use,EPSG:32647,30,BLUE;GREEN;RED;NIR;SWIR1;SWIR2;QA_PIXEL,,,,provider=Microsoft Planetary Computer; yearly paginated STAC search; AOI coverage=1.000; dry/same-season preference; AOI bad-quality=5.79%; Landsat-7 SLC-off: gap review required,candidate-slc-off-review
landsat,LC08_L2SP_129054_20240113_02_T1,landsat-8,2024-01-13T03:39:29.506514Z,2024-01-13T10:39:29.506514+07:00,41.3500,4.7314,,,,unverified,https://planetarycomputer.microsoft.com/api/stac/v1/collections/landsat-c2-l2/items/LC08_L2SP_129054_20240113_02_T1,USGS Landsat - Public Domain / no restrictions on use,EPSG:32647,30,BLUE;GREEN;RED;NIR;SWIR1;SWIR2;QA_PIXEL,,,,provider=Microsoft Planetary Computer; yearly paginated STAC search; AOI coverage=1.000; dry/same-season preference; AOI bad-quality=4.73%,candidate-aoi-quality-reviewed
landsat,LC09_L2SP_129054_20240222_02_T1,landsat-9,2024-02-22T03:39:27.045913Z,2024-02-22T10:39:27.045913+07:00,5.9300,0.0000,,,,unverified,https://planetarycomputer.microsoft.com/api/stac/v1/collections/landsat-c2-l2/items/LC09_L2SP_129054_20240222_02_T1,USGS Landsat - Public Domain / no restrictions on use,EPSG:32647,30,BLUE;GREEN;RED;NIR;SWIR1;SWIR2;QA_PIXEL,,,,provider=Microsoft Planetary Computer; yearly paginated STAC search; AOI coverage=1.000; dry/same-season preference; AOI bad-quality=0.00%,candidate-aoi-quality-reviewed
landsat,LC08_L2SP_129054_20240317_02_T1,landsat-8,2024-03-17T03:39:10.139238Z,2024-03-17T10:39:10.139238+07:00,14.4000,0.0000,,,,unverified,https://planetarycomputer.microsoft.com/api/stac/v1/collections/landsat-c2-l2/items/LC08_L2SP_129054_20240317_02_T1,USGS Landsat - Public Domain / no restrictions on use,EPSG:32647,30,BLUE;GREEN;RED;NIR;SWIR1;SWIR2;QA_PIXEL,,,,provider=Microsoft Planetary Computer; yearly paginated STAC search; AOI coverage=1.000; dry/same-season preference; AOI bad-quality=0.00%,candidate-aoi-quality-reviewed
landsat,LC08_L2SP_129054_20240418_02_T1,landsat-8,2024-04-18T03:38:50.689850Z,2024-04-18T10:38:50.689850+07:00,21.5100,0.0000,,,,unverified,https://planetarycomputer.microsoft.com/api/stac/v1/collections/landsat-c2-l2/items/LC08_L2SP_129054_20240418_02_T1,USGS Landsat - Public Domain / no restrictions on use,EPSG:32647,30,BLUE;GREEN;RED;NIR;SWIR1;SWIR2;QA_PIXEL,,,,provider=Microsoft Planetary Computer; yearly paginated STAC search; AOI coverage=1.000; dry/same-season preference; AOI bad-quality=0.00%,candidate-aoi-quality-reviewed
landsat,LC09_L2SP_129054_20241120_02_T1,landsat-9,2024-11-20T03:39:33.383747Z,2024-11-20T10:39:33.383747+07:00,53.3600,11.1792,,,,unverified,https://planetarycomputer.microsoft.com/api/stac/v1/collections/landsat-c2-l2/items/LC09_L2SP_129054_20241120_02_T1,USGS Landsat - Public Domain / no restrictions on use,EPSG:32647,30,BLUE;GREEN;RED;NIR;SWIR1;SWIR2;QA_PIXEL,,,,provider=Microsoft Planetary Computer; yearly paginated STAC search; AOI coverage=1.000; dry/same-season preference; AOI bad-quality=11.18%,candidate-aoi-quality-reviewed
landsat,LC08_L2SP_129054_20241230_02_T1,landsat-8,2024-12-30T03:39:24.409156Z,2024-12-30T10:39:24.409156+07:00,51.0300,75.8486,,,,unverified,https://planetarycomputer.microsoft.com/api/stac/v1/collections/landsat-c2-l2/items/LC08_L2SP_129054_20241230_02_T1,USGS Landsat - Public Domain / no restrictions on use,EPSG:32647,30,BLUE;GREEN;RED;NIR;SWIR1;SWIR2;QA_PIXEL,,,,provider=Microsoft Planetary Computer; yearly paginated STAC search; AOI coverage=1.000; dry/same-season preference; AOI bad-quality=75.85%,candidate-aoi-quality-reviewed
landsat,LC08_L2SP_129054_20250115_02_T1,landsat-8,2025-01-15T03:39:27.141507Z,2025-01-15T10:39:27.141507+07:00,39.6900,0.0000,,,,unverified,https://planetarycomputer.microsoft.com/api/stac/v1/collections/landsat-c2-l2/items/LC08_L2SP_129054_20250115_02_T1,USGS Landsat - Public Domain / no restrictions on use,EPSG:32647,30,BLUE;GREEN;RED;NIR;SWIR1;SWIR2;QA_PIXEL,,,,provider=Microsoft Planetary Computer; yearly paginated STAC search; AOI coverage=1.000; dry/same-season preference; AOI bad-quality=0.00%,candidate-aoi-quality-reviewed
landsat,LC09_L2SP_129054_20250208_02_T1,landsat-9,2025-02-08T03:39:29.481295Z,2025-02-08T10:39:29.481295+07:00,22.5000,0.0128,,,,unverified,https://planetarycomputer.microsoft.com/api/stac/v1/collections/landsat-c2-l2/items/LC09_L2SP_129054_20250208_02_T1,USGS Landsat - Public Domain / no restrictions on use,EPSG:32647,30,BLUE;GREEN;RED;NIR;SWIR1;SWIR2;QA_PIXEL,,,,provider=Microsoft Planetary Computer; yearly paginated STAC search; AOI coverage=1.000; dry/same-season preference; AOI bad-quality=0.01%,candidate-aoi-quality-reviewed
landsat,LC09_L2SP_129054_20250312_02_T1,landsat-9,2025-03-12T03:39:24.490257Z,2025-03-12T10:39:24.490257+07:00,56.4100,6.5084,,,,unverified,https://planetarycomputer.microsoft.com/api/stac/v1/collections/landsat-c2-l2/items/LC09_L2SP_129054_20250312_02_T1,USGS Landsat - Public Domain / no restrictions on use,EPSG:32647,30,BLUE;GREEN;RED;NIR;SWIR1;SWIR2;QA_PIXEL,,,,provider=Microsoft Planetary Computer; yearly paginated STAC search; AOI coverage=1.000; dry/same-season preference; AOI bad-quality=6.51%,candidate-aoi-quality-reviewed
landsat,LC09_L2SP_129054_20250413_02_T1,landsat-9,2025-04-13T03:39:14.443924Z,2025-04-13T10:39:14.443924+07:00,11.7400,0.0000,,,,unverified,https://planetarycomputer.microsoft.com/api/stac/v1/collections/landsat-c2-l2/items/LC09_L2SP_129054_20250413_02_T1,USGS Landsat - Public Domain / no restrictions on use,EPSG:32647,30,BLUE;GREEN;RED;NIR;SWIR1;SWIR2;QA_PIXEL,,,,provider=Microsoft Planetary Computer; yearly paginated STAC search; AOI coverage=1.000; dry/same-season preference; AOI bad-quality=0.00%,candidate-aoi-quality-reviewed
landsat,LC08_L2SP_129054_20251201_02_T1,landsat-8,2025-12-01T03:39:37.798463Z,2025-12-01T10:39:37.798463+07:00,9.9500,0.0064,,,,unverified,https://planetarycomputer.microsoft.com/api/stac/v1/collections/landsat-c2-l2/items/LC08_L2SP_129054_20251201_02_T1,USGS Landsat - Public Domain / no restrictions on use,EPSG:32647,30,BLUE;GREEN;RED;NIR;SWIR1;SWIR2;QA_PIXEL,,,,provider=Microsoft Planetary Computer; yearly paginated STAC search; AOI coverage=1.000; dry/same-season preference; AOI bad-quality=0.01%,candidate-aoi-quality-reviewed
landsat,LC09_L2SP_129054_20251225_02_T1,landsat-9,2025-12-25T03:39:47.163015Z,2025-12-25T10:39:47.163015+07:00,3.6400,0.0000,,,,unverified,https://planetarycomputer.microsoft.com/api/stac/v1/collections/landsat-c2-l2/items/LC09_L2SP_129054_20251225_02_T1,USGS Landsat - Public Domain / no restrictions on use,EPSG:32647,30,BLUE;GREEN;RED;NIR;SWIR1;SWIR2;QA_PIXEL,,,,provider=Microsoft Planetary Computer; yearly paginated STAC search; AOI coverage=1.000; dry/same-season preference; AOI bad-quality=0.00%,candidate-aoi-quality-reviewed
landsat,LC08_L2SP_129054_20260102_02_T1,landsat-8,2026-01-02T03:39:33.257214Z,2026-01-02T10:39:33.257214+07:00,62.9100,30.3344,,,,unverified,https://planetarycomputer.microsoft.com/api/stac/v1/collections/landsat-c2-l2/items/LC08_L2SP_129054_20260102_02_T1,USGS Landsat - Public Domain / no restrictions on use,EPSG:32647,30,BLUE;GREEN;RED;NIR;SWIR1;SWIR2;QA_PIXEL,,,,provider=Microsoft Planetary Computer; yearly paginated STAC search; AOI coverage=1.000; dry/same-season preference; AOI bad-quality=30.33%,candidate-aoi-quality-reviewed
landsat,LC09_L2SP_129054_20260126_02_T1,landsat-9,2026-01-26T03:39:39.082963Z,2026-01-26T10:39:39.082963+07:00,37.7200,0.0000,,,,unverified,https://planetarycomputer.microsoft.com/api/stac/v1/collections/landsat-c2-l2/items/LC09_L2SP_129054_20260126_02_T1,USGS Landsat - Public Domain / no restrictions on use,EPSG:32647,30,BLUE;GREEN;RED;NIR;SWIR1;SWIR2;QA_PIXEL,,,,provider=Microsoft Planetary Computer; yearly paginated STAC search; AOI coverage=1.000; dry/same-season preference; AOI bad-quality=0.00%,candidate-aoi-quality-reviewed
landsat,LC08_L2SP_129054_20260219_02_T1,landsat-8,2026-02-19T03:39:23.087559Z,2026-02-19T10:39:23.087559+07:00,99.9800,100.0000,,,,unverified,https://planetarycomputer.microsoft.com/api/stac/v1/collections/landsat-c2-l2/items/LC08_L2SP_129054_20260219_02_T1,USGS Landsat - Public Domain / no restrictions on use,EPSG:32647,30,BLUE;GREEN;RED;NIR;SWIR1;SWIR2;QA_PIXEL,,,,provider=Microsoft Planetary Computer; yearly paginated STAC search; AOI coverage=1.000; dry/same-season preference; AOI bad-quality=100.00%,candidate-aoi-quality-reviewed
landsat,LC09_L2SP_129054_20260315_02_T1,landsat-9,2026-03-15T03:39:20.774857Z,2026-03-15T10:39:20.774857+07:00,25.5700,0.0000,,,,unverified,https://planetarycomputer.microsoft.com/api/stac/v1/collections/landsat-c2-l2/items/LC09_L2SP_129054_20260315_02_T1,USGS Landsat - Public Domain / no restrictions on use,EPSG:32647,30,BLUE;GREEN;RED;NIR;SWIR1;SWIR2;QA_PIXEL,,,,provider=Microsoft Planetary Computer; yearly paginated STAC search; AOI coverage=1.000; dry/same-season preference; AOI bad-quality=0.00%,candidate-aoi-quality-reviewed
landsat,LC09_L2SP_129054_20260416_02_T1,landsat-9,2026-04-16T03:39:08.666993Z,2026-04-16T10:39:08.666993+07:00,17.4600,0.8136,,,,unverified,https://planetarycomputer.microsoft.com/api/stac/v1/collections/landsat-c2-l2/items/LC09_L2SP_129054_20260416_02_T1,USGS Landsat - Public Domain / no restrictions on use,EPSG:32647,30,BLUE;GREEN;RED;NIR;SWIR1;SWIR2;QA_PIXEL,,,,provider=Microsoft Planetary Computer; yearly paginated STAC search; AOI coverage=1.000; dry/same-season preference; AOI bad-quality=0.81%,candidate-aoi-quality-reviewed
landsat,LC08_L2SP_129054_20260526_02_T1,landsat-8,2026-05-26T03:38:26.620227Z,2026-05-26T10:38:26.620227+07:00,27.1700,23.0826,,,,unverified,https://planetarycomputer.microsoft.com/api/stac/v1/collections/landsat-c2-l2/items/LC08_L2SP_129054_20260526_02_T1,USGS Landsat - Public Domain / no restrictions on use,EPSG:32647,30,BLUE;GREEN;RED;NIR;SWIR1;SWIR2;QA_PIXEL,,,,provider=Microsoft Planetary Computer; yearly paginated STAC search; AOI coverage=1.000; dry/same-season preference; AOI bad-quality=23.08%,candidate-aoi-quality-reviewed
