dataset,scene_id,sensor,acquisition_datetime_utc,acquisition_datetime_bangkok,cloud_cover_scene,cloud_cover_aoi,tide_station,tide_level,tide_datum,tide_status,source_url,source_license,crs,resolution_m,bands,local_path,file_size_bytes,sha256,selection_reason,qa_status
sentinel1,S1A_IW_GRDH_1SDV_20150302T230954_20150302T231019_004859_0060DB,SENTINEL-1A,2015-03-02T23:10:07.088510Z,2015-03-03T06:10:07.088510+07:00,,,,,,unverified,https://planetarycomputer.microsoft.com/api/stac/v1/collections/sentinel-1-grd/items/S1A_IW_GRDH_1SDV_20150302T230954_20150302T231019_004859_0060DB,"Copernicus Sentinel Data Legal Notice - free, full and open access",EPSG:32647,10 pixel spacing (GRD),VV;VH,,,,provider=Microsoft Planetary Computer; yearly paginated STAC search; AOI coverage=1.000,candidate-unverified
sentinel1,S1A_IW_GRDH_1SDV_20150326T230955_20150326T231020_005209_006940,SENTINEL-1A,2015-03-26T23:10:07.544738Z,2015-03-27T06:10:07.544738+07:00,,,,,,unverified,https://planetarycomputer.microsoft.com/api/stac/v1/collections/sentinel-1-grd/items/S1A_IW_GRDH_1SDV_20150326T230955_20150326T231020_005209_006940,"Copernicus Sentinel Data Legal Notice - free, full and open access",EPSG:32647,10 pixel spacing (GRD),VV;VH,,,,provider=Microsoft Planetary Computer; yearly paginated STAC search; AOI coverage=1.000,candidate-unverified
sentinel1,S1A_IW_GRDH_1SDV_20150419T230955_20150419T231020_005559_0071CF,SENTINEL-1A,2015-04-19T23:10:08.443155Z,2015-04-20T06:10:08.443155+07:00,,,,,,unverified,https://planetarycomputer.microsoft.com/api/stac/v1/collections/sentinel-1-grd/items/S1A_IW_GRDH_1SDV_20150419T230955_20150419T231020_005559_0071CF,"Copernicus Sentinel Data Legal Notice - free, full and open access",EPSG:32647,10 pixel spacing (GRD),VV;VH,,,,provider=Microsoft Planetary Computer; yearly paginated STAC search; AOI coverage=1.000,candidate-unverified
sentinel1,S1A_IW_GRDH_1SDV_20150513T230956_20150513T231021_005909_0079CE,SENTINEL-1A,2015-05-13T23:10:09.448271Z,2015-05-14T06:10:09.448271+07:00,,,,,,unverified,https://planetarycomputer.microsoft.com/api/stac/v1/collections/sentinel-1-grd/items/S1A_IW_GRDH_1SDV_20150513T230956_20150513T231021_005909_0079CE,"Copernicus Sentinel Data Legal Notice - free, full and open access",EPSG:32647,10 pixel spacing (GRD),VV;VH,,,,provider=Microsoft Planetary Computer; yearly paginated STAC search; AOI coverage=1.000,candidate-unverified
sentinel1,S1A_IW_GRDH_1SDV_20150606T230959_20150606T231024_006259_008321,SENTINEL-1A,2015-06-06T23:10:11.547698Z,2015-06-07T06:10:11.547698+07:00,,,,,,unverified,https://planetarycomputer.microsoft.com/api/stac/v1/collections/sentinel-1-grd/items/S1A_IW_GRDH_1SDV_20150606T230959_20150606T231024_006259_008321,"Copernicus Sentinel Data Legal Notice - free, full and open access",EPSG:32647,10 pixel spacing (GRD),VV;VH,,,,provider=Microsoft Planetary Computer; yearly paginated STAC search; AOI coverage=1.000,candidate-unverified
sentinel1,S1A_IW_GRDH_1SDV_20150630T231000_20150630T231025_006609_008CFE,SENTINEL-1A,2015-06-30T23:10:13.078519Z,2015-07-01T06:10:13.078519+07:00,,,,,,unverified,https://planetarycomputer.microsoft.com/api/stac/v1/collections/sentinel-1-grd/items/S1A_IW_GRDH_1SDV_20150630T231000_20150630T231025_006609_008CFE,"Copernicus Sentinel Data Legal Notice - free, full and open access",EPSG:32647,10 pixel spacing (GRD),VV;VH,,,,provider=Microsoft Planetary Computer; yearly paginated STAC search; AOI coverage=1.000,candidate-unverified
sentinel1,S1A_IW_GRDH_1SDV_20150724T231000_20150724T231025_006959_0096DE,SENTINEL-1A,2015-07-24T23:10:13.403490Z,2015-07-25T06:10:13.403490+07:00,,,,,,unverified,https://planetarycomputer.microsoft.com/api/stac/v1/collections/sentinel-1-grd/items/S1A_IW_GRDH_1SDV_20150724T231000_20150724T231025_006959_0096DE,"Copernicus Sentinel Data Legal Notice - free, full and open access",EPSG:32647,10 pixel spacing (GRD),VV;VH,,,,provider=Microsoft Planetary Computer; yearly paginated STAC search; AOI coverage=1.000,candidate-unverified
sentinel1,S1A_IW_GRDH_1SDV_20151121T231022_20151121T231047_008709_00C658,SENTINEL-1A,2015-11-21T23:10:35.329022Z,2015-11-22T06:10:35.329022+07:00,,,,,,unverified,https://planetarycomputer.microsoft.com/api/stac/v1/collections/sentinel-1-grd/items/S1A_IW_GRDH_1SDV_20151121T231022_20151121T231047_008709_00C658,"Copernicus Sentinel Data Legal Notice - free, full and open access",EPSG:32647,10 pixel spacing (GRD),VV;VH,,,,provider=Microsoft Planetary Computer; yearly paginated STAC search; AOI coverage=1.000,candidate-unverified
sentinel1,S1A_IW_GRDH_1SDV_20151215T230956_20151215T231021_009059_00D017,SENTINEL-1A,2015-12-15T23:10:09.479655Z,2015-12-16T06:10:09.479655+07:00,,,,,,unverified,https://planetarycomputer.microsoft.com/api/stac/v1/collections/sentinel-1-grd/items/S1A_IW_GRDH_1SDV_20151215T230956_20151215T231021_009059_00D017,"Copernicus Sentinel Data Legal Notice - free, full and open access",EPSG:32647,10 pixel spacing (GRD),VV;VH,,,,provider=Microsoft Planetary Computer; yearly paginated STAC search; AOI coverage=0.013,candidate-unverified
sentinel1,S1A_IW_GRDH_1SDV_20151215T231021_20151215T231046_009059_00D017,SENTINEL-1A,2015-12-15T23:10:34.479636Z,2015-12-16T06:10:34.479636+07:00,,,,,,unverified,https://planetarycomputer.microsoft.com/api/stac/v1/collections/sentinel-1-grd/items/S1A_IW_GRDH_1SDV_20151215T231021_20151215T231046_009059_00D017,"Copernicus Sentinel Data Legal Notice - free, full and open access",EPSG:32647,10 pixel spacing (GRD),VV;VH,,,,provider=Microsoft Planetary Computer; yearly paginated STAC search; AOI coverage=0.985,candidate-unverified
sentinel1,S1A_IW_GRDH_1SDV_20160108T230956_20160108T231021_009409_00DA11,SENTINEL-1A,2016-01-08T23:10:08.714596Z,2016-01-09T06:10:08.714596+07:00,,,,,,unverified,https://planetarycomputer.microsoft.com/api/stac/v1/collections/sentinel-1-grd/items/S1A_IW_GRDH_1SDV_20160108T230956_20160108T231021_009409_00DA11,"Copernicus Sentinel Data Legal Notice - free, full and open access",EPSG:32647,10 pixel spacing (GRD),VV;VH,,,,provider=Microsoft Planetary Computer; yearly paginated STAC search; AOI coverage=0.014,candidate-unverified
sentinel1,S1A_IW_GRDH_1SDV_20160108T231021_20160108T231046_009409_00DA11,SENTINEL-1A,2016-01-08T23:10:33.714676Z,2016-01-09T06:10:33.714676+07:00,,,,,,unverified,https://planetarycomputer.microsoft.com/api/stac/v1/collections/sentinel-1-grd/items/S1A_IW_GRDH_1SDV_20160108T231021_20160108T231046_009409_00DA11,"Copernicus Sentinel Data Legal Notice - free, full and open access",EPSG:32647,10 pixel spacing (GRD),VV;VH,,,,provider=Microsoft Planetary Computer; yearly paginated STAC search; AOI coverage=0.984,candidate-unverified
sentinel1,S1A_IW_GRDH_1SDV_20160201T230955_20160201T231020_009759_00E43E,SENTINEL-1A,2016-02-01T23:10:08.106912Z,2016-02-02T06:10:08.106912+07:00,,,,,,unverified,https://planetarycomputer.microsoft.com/api/stac/v1/collections/sentinel-1-grd/items/S1A_IW_GRDH_1SDV_20160201T230955_20160201T231020_009759_00E43E,"Copernicus Sentinel Data Legal Notice - free, full and open access",EPSG:32647,10 pixel spacing (GRD),VV;VH,,,,provider=Microsoft Planetary Computer; yearly paginated STAC search; AOI coverage=0.012,candidate-unverified
sentinel1,S1A_IW_GRDH_1SDV_20160201T231020_20160201T231045_009759_00E43E,SENTINEL-1A,2016-02-01T23:10:33.107043Z,2016-02-02T06:10:33.107043+07:00,,,,,,unverified,https://planetarycomputer.microsoft.com/api/stac/v1/collections/sentinel-1-grd/items/S1A_IW_GRDH_1SDV_20160201T231020_20160201T231045_009759_00E43E,"Copernicus Sentinel Data Legal Notice - free, full and open access",EPSG:32647,10 pixel spacing (GRD),VV;VH,,,,provider=Microsoft Planetary Computer; yearly paginated STAC search; AOI coverage=0.986,candidate-unverified
sentinel1,S1A_IW_GRDH_1SDV_20160320T230955_20160320T231020_010459_00F859,SENTINEL-1A,2016-03-20T23:10:08.273684Z,2016-03-21T06:10:08.273684+07:00,,,,,,unverified,https://planetarycomputer.microsoft.com/api/stac/v1/collections/sentinel-1-grd/items/S1A_IW_GRDH_1SDV_20160320T230955_20160320T231020_010459_00F859,"Copernicus Sentinel Data Legal Notice - free, full and open access",EPSG:32647,10 pixel spacing (GRD),VV;VH,,,,provider=Microsoft Planetary Computer; yearly paginated STAC search; AOI coverage=0.014,candidate-unverified
sentinel1,S1A_IW_GRDH_1SDV_20160320T231020_20160320T231045_010459_00F859,SENTINEL-1A,2016-03-20T23:10:33.273598Z,2016-03-21T06:10:33.273598+07:00,,,,,,unverified,https://planetarycomputer.microsoft.com/api/stac/v1/collections/sentinel-1-grd/items/S1A_IW_GRDH_1SDV_20160320T231020_20160320T231045_010459_00F859,"Copernicus Sentinel Data Legal Notice - free, full and open access",EPSG:32647,10 pixel spacing (GRD),VV;VH,,,,provider=Microsoft Planetary Computer; yearly paginated STAC search; AOI coverage=0.983,candidate-unverified
sentinel1,S1A_IW_GRDH_1SDV_20160401T230956_20160401T231021_010634_00FD5B,SENTINEL-1A,2016-04-01T23:10:08.642282Z,2016-04-02T06:10:08.642282+07:00,,,,,,unverified,https://planetarycomputer.microsoft.com/api/stac/v1/collections/sentinel-1-grd/items/S1A_IW_GRDH_1SDV_20160401T230956_20160401T231021_010634_00FD5B,"Copernicus Sentinel Data Legal Notice - free, full and open access",EPSG:32647,10 pixel spacing (GRD),VV;VH,,,,provider=Microsoft Planetary Computer; yearly paginated STAC search; AOI coverage=0.013,candidate-unverified
sentinel1,S1A_IW_GRDH_1SDV_20160401T231021_20160401T231046_010634_00FD5B,SENTINEL-1A,2016-04-01T23:10:33.642190Z,2016-04-02T06:10:33.642190+07:00,,,,,,unverified,https://planetarycomputer.microsoft.com/api/stac/v1/collections/sentinel-1-grd/items/S1A_IW_GRDH_1SDV_20160401T231021_20160401T231046_010634_00FD5B,"Copernicus Sentinel Data Legal Notice - free, full and open access",EPSG:32647,10 pixel spacing (GRD),VV;VH,,,,provider=Microsoft Planetary Computer; yearly paginated STAC search; AOI coverage=0.984,candidate-unverified
sentinel1,S1A_IW_GRDH_1SDV_20160413T230956_20160413T231021_010809_01029E,SENTINEL-1A,2016-04-13T23:10:09.113670Z,2016-04-14T06:10:09.113670+07:00,,,,,,unverified,https://planetarycomputer.microsoft.com/api/stac/v1/collections/sentinel-1-grd/items/S1A_IW_GRDH_1SDV_20160413T230956_20160413T231021_010809_01029E,"Copernicus Sentinel Data Legal Notice - free, full and open access",EPSG:32647,10 pixel spacing (GRD),VV;VH,,,,provider=Microsoft Planetary Computer; yearly paginated STAC search; AOI coverage=0.012,candidate-unverified
sentinel1,S1A_IW_GRDH_1SDV_20160413T231021_20160413T231046_010809_01029E,SENTINEL-1A,2016-04-13T23:10:34.113684Z,2016-04-14T06:10:34.113684+07:00,,,,,,unverified,https://planetarycomputer.microsoft.com/api/stac/v1/collections/sentinel-1-grd/items/S1A_IW_GRDH_1SDV_20160413T231021_20160413T231046_010809_01029E,"Copernicus Sentinel Data Legal Notice - free, full and open access",EPSG:32647,10 pixel spacing (GRD),VV;VH,,,,provider=Microsoft Planetary Computer; yearly paginated STAC search; AOI coverage=0.986,candidate-unverified
sentinel1,S1A_IW_GRDH_1SDV_20160507T230957_20160507T231022_011159_010D86,SENTINEL-1A,2016-05-07T23:10:10.198267Z,2016-05-08T06:10:10.198267+07:00,,,,,,unverified,https://planetarycomputer.microsoft.com/api/stac/v1/collections/sentinel-1-grd/items/S1A_IW_GRDH_1SDV_20160507T230957_20160507T231022_011159_010D86,"Copernicus Sentinel Data Legal Notice - free, full and open access",EPSG:32647,10 pixel spacing (GRD),VV;VH,,,,provider=Microsoft Planetary Computer; yearly paginated STAC search; AOI coverage=0.013,candidate-unverified
sentinel1,S1A_IW_GRDH_1SDV_20160507T231022_20160507T231047_011159_010D86,SENTINEL-1A,2016-05-07T23:10:35.198339Z,2016-05-08T06:10:35.198339+07:00,,,,,,unverified,https://planetarycomputer.microsoft.com/api/stac/v1/collections/sentinel-1-grd/items/S1A_IW_GRDH_1SDV_20160507T231022_20160507T231047_011159_010D86,"Copernicus Sentinel Data Legal Notice - free, full and open access",EPSG:32647,10 pixel spacing (GRD),VV;VH,,,,provider=Microsoft Planetary Computer; yearly paginated STAC search; AOI coverage=0.985,candidate-unverified
sentinel1,S1A_IW_GRDH_1SDV_20160519T230958_20160519T231023_011334_011331,SENTINEL-1A,2016-05-19T23:10:10.713696Z,2016-05-20T06:10:10.713696+07:00,,,,,,unverified,https://planetarycomputer.microsoft.com/api/stac/v1/collections/sentinel-1-grd/items/S1A_IW_GRDH_1SDV_20160519T230958_20160519T231023_011334_011331,"Copernicus Sentinel Data Legal Notice - free, full and open access",EPSG:32647,10 pixel spacing (GRD),VV;VH,,,,provider=Microsoft Planetary Computer; yearly paginated STAC search; AOI coverage=0.013,candidate-unverified
sentinel1,S1A_IW_GRDH_1SDV_20160519T231023_20160519T231048_011334_011331,SENTINEL-1A,2016-05-19T23:10:35.713689Z,2016-05-20T06:10:35.713689+07:00,,,,,,unverified,https://planetarycomputer.microsoft.com/api/stac/v1/collections/sentinel-1-grd/items/S1A_IW_GRDH_1SDV_20160519T231023_20160519T231048_011334_011331,"Copernicus Sentinel Data Legal Notice - free, full and open access",EPSG:32647,10 pixel spacing (GRD),VV;VH,,,,provider=Microsoft Planetary Computer; yearly paginated STAC search; AOI coverage=0.985,candidate-unverified
sentinel1,S1A_IW_GRDH_1SDV_20160531T230958_20160531T231023_011509_0118E4,SENTINEL-1A,2016-05-31T23:10:11.482354Z,2016-06-01T06:10:11.482354+07:00,,,,,,unverified,https://planetarycomputer.microsoft.com/api/stac/v1/collections/sentinel-1-grd/items/S1A_IW_GRDH_1SDV_20160531T230958_20160531T231023_011509_0118E4,"Copernicus Sentinel Data Legal Notice - free, full and open access",EPSG:32647,10 pixel spacing (GRD),VV;VH,,,,provider=Microsoft Planetary Computer; yearly paginated STAC search; AOI coverage=0.014,candidate-unverified
sentinel1,S1A_IW_GRDH_1SDV_20160531T231023_20160531T231048_011509_0118E4,SENTINEL-1A,2016-05-31T23:10:36.482264Z,2016-06-01T06:10:36.482264+07:00,,,,,,unverified,https://planetarycomputer.microsoft.com/api/stac/v1/collections/sentinel-1-grd/items/S1A_IW_GRDH_1SDV_20160531T231023_20160531T231048_011509_0118E4,"Copernicus Sentinel Data Legal Notice - free, full and open access",EPSG:32647,10 pixel spacing (GRD),VV;VH,,,,provider=Microsoft Planetary Computer; yearly paginated STAC search; AOI coverage=0.984,candidate-unverified
sentinel1,S1A_IW_GRDH_1SDV_20160706T231001_20160706T231026_012034_012988,SENTINEL-1A,2016-07-06T23:10:13.648005Z,2016-07-07T06:10:13.648005+07:00,,,,,,unverified,https://planetarycomputer.microsoft.com/api/stac/v1/collections/sentinel-1-grd/items/S1A_IW_GRDH_1SDV_20160706T231001_20160706T231026_012034_012988,"Copernicus Sentinel Data Legal Notice - free, full and open access",EPSG:32647,10 pixel spacing (GRD),VV;VH,,,,provider=Microsoft Planetary Computer; yearly paginated STAC search; AOI coverage=0.014,candidate-unverified
sentinel1,S1A_IW_GRDH_1SDV_20160706T231026_20160706T231051_012034_012988,SENTINEL-1A,2016-07-06T23:10:38.648004Z,2016-07-07T06:10:38.648004+07:00,,,,,,unverified,https://planetarycomputer.microsoft.com/api/stac/v1/collections/sentinel-1-grd/items/S1A_IW_GRDH_1SDV_20160706T231026_20160706T231051_012034_012988,"Copernicus Sentinel Data Legal Notice - free, full and open access",EPSG:32647,10 pixel spacing (GRD),VV;VH,,,,provider=Microsoft Planetary Computer; yearly paginated STAC search; AOI coverage=0.984,candidate-unverified
sentinel1,S1A_IW_GRDH_1SDV_20160718T231001_20160718T231026_012209_012F40,SENTINEL-1A,2016-07-18T23:10:14.186521Z,2016-07-19T06:10:14.186521+07:00,,,,,,unverified,https://planetarycomputer.microsoft.com/api/stac/v1/collections/sentinel-1-grd/items/S1A_IW_GRDH_1SDV_20160718T231001_20160718T231026_012209_012F40,"Copernicus Sentinel Data Legal Notice - free, full and open access",EPSG:32647,10 pixel spacing (GRD),VV;VH,,,,provider=Microsoft Planetary Computer; yearly paginated STAC search; AOI coverage=0.013,candidate-unverified
sentinel1,S1A_IW_GRDH_1SDV_20160718T231026_20160718T231051_012209_012F40,SENTINEL-1A,2016-07-18T23:10:39.186582Z,2016-07-19T06:10:39.186582+07:00,,,,,,unverified,https://planetarycomputer.microsoft.com/api/stac/v1/collections/sentinel-1-grd/items/S1A_IW_GRDH_1SDV_20160718T231026_20160718T231051_012209_012F40,"Copernicus Sentinel Data Legal Notice - free, full and open access",EPSG:32647,10 pixel spacing (GRD),VV;VH,,,,provider=Microsoft Planetary Computer; yearly paginated STAC search; AOI coverage=0.984,candidate-unverified
sentinel1,S1A_IW_GRDH_1SDV_20160730T231002_20160730T231027_012384_0134FA,SENTINEL-1A,2016-07-30T23:10:14.942374Z,2016-07-31T06:10:14.942374+07:00,,,,,,unverified,https://planetarycomputer.microsoft.com/api/stac/v1/collections/sentinel-1-grd/items/S1A_IW_GRDH_1SDV_20160730T231002_20160730T231027_012384_0134FA,"Copernicus Sentinel Data Legal Notice - free, full and open access",EPSG:32647,10 pixel spacing (GRD),VV;VH,,,,provider=Microsoft Planetary Computer; yearly paginated STAC search; AOI coverage=0.014,candidate-unverified
sentinel1,S1A_IW_GRDH_1SDV_20160730T231027_20160730T231052_012384_0134FA,SENTINEL-1A,2016-07-30T23:10:39.942352Z,2016-07-31T06:10:39.942352+07:00,,,,,,unverified,https://planetarycomputer.microsoft.com/api/stac/v1/collections/sentinel-1-grd/items/S1A_IW_GRDH_1SDV_20160730T231027_20160730T231052_012384_0134FA,"Copernicus Sentinel Data Legal Notice - free, full and open access",EPSG:32647,10 pixel spacing (GRD),VV;VH,,,,provider=Microsoft Planetary Computer; yearly paginated STAC search; AOI coverage=0.984,candidate-unverified
sentinel1,S1A_IW_GRDH_1SDV_20160811T231002_20160811T231027_012559_013AD1,SENTINEL-1A,2016-08-11T23:10:15.429673Z,2016-08-12T06:10:15.429673+07:00,,,,,,unverified,https://planetarycomputer.microsoft.com/api/stac/v1/collections/sentinel-1-grd/items/S1A_IW_GRDH_1SDV_20160811T231002_20160811T231027_012559_013AD1,"Copernicus Sentinel Data Legal Notice - free, full and open access",EPSG:32647,10 pixel spacing (GRD),VV;VH,,,,provider=Microsoft Planetary Computer; yearly paginated STAC search; AOI coverage=0.012,candidate-unverified
sentinel1,S1A_IW_GRDH_1SDV_20160811T231027_20160811T231052_012559_013AD1,SENTINEL-1A,2016-08-11T23:10:40.429788Z,2016-08-12T06:10:40.429788+07:00,,,,,,unverified,https://planetarycomputer.microsoft.com/api/stac/v1/collections/sentinel-1-grd/items/S1A_IW_GRDH_1SDV_20160811T231027_20160811T231052_012559_013AD1,"Copernicus Sentinel Data Legal Notice - free, full and open access",EPSG:32647,10 pixel spacing (GRD),VV;VH,,,,provider=Microsoft Planetary Computer; yearly paginated STAC search; AOI coverage=0.986,candidate-unverified
sentinel1,S1A_IW_GRDH_1SDV_20160904T231004_20160904T231029_012909_01467F,SENTINEL-1A,2016-09-04T23:10:16.529566Z,2016-09-05T06:10:16.529566+07:00,,,,,,unverified,https://planetarycomputer.microsoft.com/api/stac/v1/collections/sentinel-1-grd/items/S1A_IW_GRDH_1SDV_20160904T231004_20160904T231029_012909_01467F,"Copernicus Sentinel Data Legal Notice - free, full and open access",EPSG:32647,10 pixel spacing (GRD),VV;VH,,,,provider=Microsoft Planetary Computer; yearly paginated STAC search; AOI coverage=0.014,candidate-unverified
sentinel1,S1A_IW_GRDH_1SDV_20160904T231029_20160904T231054_012909_01467F,SENTINEL-1A,2016-09-04T23:10:41.529628Z,2016-09-05T06:10:41.529628+07:00,,,,,,unverified,https://planetarycomputer.microsoft.com/api/stac/v1/collections/sentinel-1-grd/items/S1A_IW_GRDH_1SDV_20160904T231029_20160904T231054_012909_01467F,"Copernicus Sentinel Data Legal Notice - free, full and open access",EPSG:32647,10 pixel spacing (GRD),VV;VH,,,,provider=Microsoft Planetary Computer; yearly paginated STAC search; AOI coverage=0.984,candidate-unverified
sentinel1,S1A_IW_GRDH_1SDV_20160916T231004_20160916T231029_013084_014C22,SENTINEL-1A,2016-09-16T23:10:17.054533Z,2016-09-17T06:10:17.054533+07:00,,,,,,unverified,https://planetarycomputer.microsoft.com/api/stac/v1/collections/sentinel-1-grd/items/S1A_IW_GRDH_1SDV_20160916T231004_20160916T231029_013084_014C22,"Copernicus Sentinel Data Legal Notice - free, full and open access",EPSG:32647,10 pixel spacing (GRD),VV;VH,,,,provider=Microsoft Planetary Computer; yearly paginated STAC search; AOI coverage=0.013,candidate-unverified
sentinel1,S1A_IW_GRDH_1SDV_20160916T231029_20160916T231054_013084_014C22,SENTINEL-1A,2016-09-16T23:10:42.054610Z,2016-09-17T06:10:42.054610+07:00,,,,,,unverified,https://planetarycomputer.microsoft.com/api/stac/v1/collections/sentinel-1-grd/items/S1A_IW_GRDH_1SDV_20160916T231029_20160916T231054_013084_014C22,"Copernicus Sentinel Data Legal Notice - free, full and open access",EPSG:32647,10 pixel spacing (GRD),VV;VH,,,,provider=Microsoft Planetary Computer; yearly paginated STAC search; AOI coverage=0.984,candidate-unverified
sentinel1,S1A_IW_GRDH_1SDV_20160928T231004_20160928T231029_013259_0151DA,SENTINEL-1A,2016-09-28T23:10:17.450081Z,2016-09-29T06:10:17.450081+07:00,,,,,,unverified,https://planetarycomputer.microsoft.com/api/stac/v1/collections/sentinel-1-grd/items/S1A_IW_GRDH_1SDV_20160928T231004_20160928T231029_013259_0151DA,"Copernicus Sentinel Data Legal Notice - free, full and open access",EPSG:32647,10 pixel spacing (GRD),VV;VH,,,,provider=Microsoft Planetary Computer; yearly paginated STAC search; AOI coverage=0.014,candidate-unverified
sentinel1,S1A_IW_GRDH_1SDV_20160928T231029_20160928T231054_013259_0151DA,SENTINEL-1A,2016-09-28T23:10:42.450193Z,2016-09-29T06:10:42.450193+07:00,,,,,,unverified,https://planetarycomputer.microsoft.com/api/stac/v1/collections/sentinel-1-grd/items/S1A_IW_GRDH_1SDV_20160928T231029_20160928T231054_013259_0151DA,"Copernicus Sentinel Data Legal Notice - free, full and open access",EPSG:32647,10 pixel spacing (GRD),VV;VH,,,,provider=Microsoft Planetary Computer; yearly paginated STAC search; AOI coverage=0.983,candidate-unverified
sentinel1,S1A_IW_GRDH_1SDV_20161022T231004_20161022T231029_013609_015CDF,SENTINEL-1A,2016-10-22T23:10:17.425775Z,2016-10-23T06:10:17.425775+07:00,,,,,,unverified,https://planetarycomputer.microsoft.com/api/stac/v1/collections/sentinel-1-grd/items/S1A_IW_GRDH_1SDV_20161022T231004_20161022T231029_013609_015CDF,"Copernicus Sentinel Data Legal Notice - free, full and open access",EPSG:32647,10 pixel spacing (GRD),VV;VH,,,,provider=Microsoft Planetary Computer; yearly paginated STAC search; AOI coverage=0.013,candidate-unverified
sentinel1,S1A_IW_GRDH_1SDV_20161022T231029_20161022T231054_013609_015CDF,SENTINEL-1A,2016-10-22T23:10:42.425880Z,2016-10-23T06:10:42.425880+07:00,,,,,,unverified,https://planetarycomputer.microsoft.com/api/stac/v1/collections/sentinel-1-grd/items/S1A_IW_GRDH_1SDV_20161022T231029_20161022T231054_013609_015CDF,"Copernicus Sentinel Data Legal Notice - free, full and open access",EPSG:32647,10 pixel spacing (GRD),VV;VH,,,,provider=Microsoft Planetary Computer; yearly paginated STAC search; AOI coverage=0.985,candidate-unverified
sentinel1,S1A_IW_GRDH_1SDV_20161103T231004_20161103T231029_013784_016252,SENTINEL-1A,2016-11-03T23:10:17.353321Z,2016-11-04T06:10:17.353321+07:00,,,,,,unverified,https://planetarycomputer.microsoft.com/api/stac/v1/collections/sentinel-1-grd/items/S1A_IW_GRDH_1SDV_20161103T231004_20161103T231029_013784_016252,"Copernicus Sentinel Data Legal Notice - free, full and open access",EPSG:32647,10 pixel spacing (GRD),VV;VH,,,,provider=Microsoft Planetary Computer; yearly paginated STAC search; AOI coverage=0.014,candidate-unverified
sentinel1,S1A_IW_GRDH_1SDV_20161103T231029_20161103T231054_013784_016252,SENTINEL-1A,2016-11-03T23:10:42.353446Z,2016-11-04T06:10:42.353446+07:00,,,,,,unverified,https://planetarycomputer.microsoft.com/api/stac/v1/collections/sentinel-1-grd/items/S1A_IW_GRDH_1SDV_20161103T231029_20161103T231054_013784_016252,"Copernicus Sentinel Data Legal Notice - free, full and open access",EPSG:32647,10 pixel spacing (GRD),VV;VH,,,,provider=Microsoft Planetary Computer; yearly paginated STAC search; AOI coverage=0.984,candidate-unverified
sentinel1,S1A_IW_GRDH_1SDV_20161115T231004_20161115T231029_013959_0167C7,SENTINEL-1A,2016-11-15T23:10:17.155615Z,2016-11-16T06:10:17.155615+07:00,,,,,,unverified,https://planetarycomputer.microsoft.com/api/stac/v1/collections/sentinel-1-grd/items/S1A_IW_GRDH_1SDV_20161115T231004_20161115T231029_013959_0167C7,"Copernicus Sentinel Data Legal Notice - free, full and open access",EPSG:32647,10 pixel spacing (GRD),VV;VH,,,,provider=Microsoft Planetary Computer; yearly paginated STAC search; AOI coverage=0.014,candidate-unverified
sentinel1,S1A_IW_GRDH_1SDV_20161115T231029_20161115T231054_013959_0167C7,SENTINEL-1A,2016-11-15T23:10:42.155699Z,2016-11-16T06:10:42.155699+07:00,,,,,,unverified,https://planetarycomputer.microsoft.com/api/stac/v1/collections/sentinel-1-grd/items/S1A_IW_GRDH_1SDV_20161115T231029_20161115T231054_013959_0167C7,"Copernicus Sentinel Data Legal Notice - free, full and open access",EPSG:32647,10 pixel spacing (GRD),VV;VH,,,,provider=Microsoft Planetary Computer; yearly paginated STAC search; AOI coverage=0.983,candidate-unverified
sentinel1,S1A_IW_GRDH_1SDV_20161209T231004_20161209T231029_014309_0172AC,SENTINEL-1A,2016-12-09T23:10:16.573661Z,2016-12-10T06:10:16.573661+07:00,,,,,,unverified,https://planetarycomputer.microsoft.com/api/stac/v1/collections/sentinel-1-grd/items/S1A_IW_GRDH_1SDV_20161209T231004_20161209T231029_014309_0172AC,"Copernicus Sentinel Data Legal Notice - free, full and open access",EPSG:32647,10 pixel spacing (GRD),VV;VH,,,,provider=Microsoft Planetary Computer; yearly paginated STAC search; AOI coverage=0.012,candidate-unverified
sentinel1,S1A_IW_GRDH_1SDV_20161209T231029_20161209T231054_014309_0172AC,SENTINEL-1A,2016-12-09T23:10:41.573760Z,2016-12-10T06:10:41.573760+07:00,,,,,,unverified,https://planetarycomputer.microsoft.com/api/stac/v1/collections/sentinel-1-grd/items/S1A_IW_GRDH_1SDV_20161209T231029_20161209T231054_014309_0172AC,"Copernicus Sentinel Data Legal Notice - free, full and open access",EPSG:32647,10 pixel spacing (GRD),VV;VH,,,,provider=Microsoft Planetary Computer; yearly paginated STAC search; AOI coverage=0.985,candidate-unverified
sentinel1,S1A_IW_GRDH_1SDV_20161221T231003_20161221T231028_014484_017824,SENTINEL-1A,2016-12-21T23:10:16.107780Z,2016-12-22T06:10:16.107780+07:00,,,,,,unverified,https://planetarycomputer.microsoft.com/api/stac/v1/collections/sentinel-1-grd/items/S1A_IW_GRDH_1SDV_20161221T231003_20161221T231028_014484_017824,"Copernicus Sentinel Data Legal Notice - free, full and open access",EPSG:32647,10 pixel spacing (GRD),VV;VH,,,,provider=Microsoft Planetary Computer; yearly paginated STAC search; AOI coverage=0.012,candidate-unverified
sentinel1,S1A_IW_GRDH_1SDV_20161221T231028_20161221T231053_014484_017824,SENTINEL-1A,2016-12-21T23:10:41.107867Z,2016-12-22T06:10:41.107867+07:00,,,,,,unverified,https://planetarycomputer.microsoft.com/api/stac/v1/collections/sentinel-1-grd/items/S1A_IW_GRDH_1SDV_20161221T231028_20161221T231053_014484_017824,"Copernicus Sentinel Data Legal Notice - free, full and open access",EPSG:32647,10 pixel spacing (GRD),VV;VH,,,,provider=Microsoft Planetary Computer; yearly paginated STAC search; AOI coverage=0.985,candidate-unverified
sentinel1,S1A_IW_GRDH_1SDV_20170102T231002_20170102T231027_014659_017D85,SENTINEL-1A,2017-01-02T23:10:14.602413Z,2017-01-03T06:10:14.602413+07:00,,,,,,unverified,https://planetarycomputer.microsoft.com/api/stac/v1/collections/sentinel-1-grd/items/S1A_IW_GRDH_1SDV_20170102T231002_20170102T231027_014659_017D85,"Copernicus Sentinel Data Legal Notice - free, full and open access",EPSG:32647,10 pixel spacing (GRD),VV;VH,,,,provider=Microsoft Planetary Computer; yearly paginated STAC search; AOI coverage=0.013,candidate-unverified
sentinel1,S1A_IW_GRDH_1SDV_20170102T231027_20170102T231052_014659_017D85,SENTINEL-1A,2017-01-02T23:10:39.602529Z,2017-01-03T06:10:39.602529+07:00,,,,,,unverified,https://planetarycomputer.microsoft.com/api/stac/v1/collections/sentinel-1-grd/items/S1A_IW_GRDH_1SDV_20170102T231027_20170102T231052_014659_017D85,"Copernicus Sentinel Data Legal Notice - free, full and open access",EPSG:32647,10 pixel spacing (GRD),VV;VH,,,,provider=Microsoft Planetary Computer; yearly paginated STAC search; AOI coverage=0.985,candidate-unverified
sentinel1,S1A_IW_GRDH_1SDV_20170207T231001_20170207T231026_015184_018DB1,SENTINEL-1A,2017-02-07T23:10:13.745541Z,2017-02-08T06:10:13.745541+07:00,,,,,,unverified,https://planetarycomputer.microsoft.com/api/stac/v1/collections/sentinel-1-grd/items/S1A_IW_GRDH_1SDV_20170207T231001_20170207T231026_015184_018DB1,"Copernicus Sentinel Data Legal Notice - free, full and open access",EPSG:32647,10 pixel spacing (GRD),VV;VH,,,,provider=Microsoft Planetary Computer; yearly paginated STAC search; AOI coverage=0.013,candidate-unverified
sentinel1,S1A_IW_GRDH_1SDV_20170207T231026_20170207T231051_015184_018DB1,SENTINEL-1A,2017-02-07T23:10:38.745604Z,2017-02-08T06:10:38.745604+07:00,,,,,,unverified,https://planetarycomputer.microsoft.com/api/stac/v1/collections/sentinel-1-grd/items/S1A_IW_GRDH_1SDV_20170207T231026_20170207T231051_015184_018DB1,"Copernicus Sentinel Data Legal Notice - free, full and open access",EPSG:32647,10 pixel spacing (GRD),VV;VH,,,,provider=Microsoft Planetary Computer; yearly paginated STAC search; AOI coverage=0.984,candidate-unverified
sentinel1,S1A_IW_GRDH_1SDV_20170316T113540_20170316T113605_015717_019DE2,SENTINEL-1A,2017-03-16T11:35:53.209225Z,2017-03-16T18:35:53.209225+07:00,,,,,,unverified,https://planetarycomputer.microsoft.com/api/stac/v1/collections/sentinel-1-grd/items/S1A_IW_GRDH_1SDV_20170316T113540_20170316T113605_015717_019DE2,"Copernicus Sentinel Data Legal Notice - free, full and open access",EPSG:32647,10 pixel spacing (GRD),VV;VH,,,,provider=Microsoft Planetary Computer; yearly paginated STAC search; AOI coverage=1.000,candidate-unverified
sentinel1,S1A_IW_GRDH_1SDV_20170408T231021_20170408T231046_016059_01A827,SENTINEL-1A,2017-04-08T23:10:33.747183Z,2017-04-09T06:10:33.747183+07:00,,,,,,unverified,https://planetarycomputer.microsoft.com/api/stac/v1/collections/sentinel-1-grd/items/S1A_IW_GRDH_1SDV_20170408T231021_20170408T231046_016059_01A827,"Copernicus Sentinel Data Legal Notice - free, full and open access",EPSG:32647,10 pixel spacing (GRD),VV;VH,,,,provider=Microsoft Planetary Computer; yearly paginated STAC search; AOI coverage=1.000,candidate-unverified
sentinel1,S1A_IW_GRDH_1SDV_20170421T113542_20170421T113607_016242_01ADBA,SENTINEL-1A,2017-04-21T11:35:54.564372Z,2017-04-21T18:35:54.564372+07:00,,,,,,unverified,https://planetarycomputer.microsoft.com/api/stac/v1/collections/sentinel-1-grd/items/S1A_IW_GRDH_1SDV_20170421T113542_20170421T113607_016242_01ADBA,"Copernicus Sentinel Data Legal Notice - free, full and open access",EPSG:32647,10 pixel spacing (GRD),VV;VH,,,,provider=Microsoft Planetary Computer; yearly paginated STAC search; AOI coverage=1.000,candidate-unverified
sentinel1,S1A_IW_GRDH_1SDV_20170503T113542_20170503T113607_016417_01B309,SENTINEL-1A,2017-05-03T11:35:55.203310Z,2017-05-03T18:35:55.203310+07:00,,,,,,unverified,https://planetarycomputer.microsoft.com/api/stac/v1/collections/sentinel-1-grd/items/S1A_IW_GRDH_1SDV_20170503T113542_20170503T113607_016417_01B309,"Copernicus Sentinel Data Legal Notice - free, full and open access",EPSG:32647,10 pixel spacing (GRD),VV;VH,,,,provider=Microsoft Planetary Computer; yearly paginated STAC search; AOI coverage=1.000,candidate-unverified
sentinel1,S1A_IW_GRDH_1SDV_20170526T231023_20170526T231048_016759_01BD82,SENTINEL-1A,2017-05-26T23:10:35.998690Z,2017-05-27T06:10:35.998690+07:00,,,,,,unverified,https://planetarycomputer.microsoft.com/api/stac/v1/collections/sentinel-1-grd/items/S1A_IW_GRDH_1SDV_20170526T231023_20170526T231048_016759_01BD82,"Copernicus Sentinel Data Legal Notice - free, full and open access",EPSG:32647,10 pixel spacing (GRD),VV;VH,,,,provider=Microsoft Planetary Computer; yearly paginated STAC search; AOI coverage=1.000,candidate-unverified
sentinel1,S1A_IW_GRDH_1SDV_20170607T231024_20170607T231049_016934_01C2F2,SENTINEL-1A,2017-06-07T23:10:36.986809Z,2017-06-08T06:10:36.986809+07:00,,,,,,unverified,https://planetarycomputer.microsoft.com/api/stac/v1/collections/sentinel-1-grd/items/S1A_IW_GRDH_1SDV_20170607T231024_20170607T231049_016934_01C2F2,"Copernicus Sentinel Data Legal Notice - free, full and open access",EPSG:32647,10 pixel spacing (GRD),VV;VH,,,,provider=Microsoft Planetary Computer; yearly paginated STAC search; AOI coverage=1.000,candidate-unverified
sentinel1,S1A_IW_GRDH_1SDV_20170702T113545_20170702T113610_017292_01CDD9,SENTINEL-1A,2017-07-02T11:35:58.458273Z,2017-07-02T18:35:58.458273+07:00,,,,,,unverified,https://planetarycomputer.microsoft.com/api/stac/v1/collections/sentinel-1-grd/items/S1A_IW_GRDH_1SDV_20170702T113545_20170702T113610_017292_01CDD9,"Copernicus Sentinel Data Legal Notice - free, full and open access",EPSG:32647,10 pixel spacing (GRD),VV;VH,,,,provider=Microsoft Planetary Computer; yearly paginated STAC search; AOI coverage=1.000,candidate-unverified
sentinel1,S1A_IW_GRDH_1SDV_20170725T231027_20170725T231052_017634_01D843,SENTINEL-1A,2017-07-25T23:10:39.702458Z,2017-07-26T06:10:39.702458+07:00,,,,,,unverified,https://planetarycomputer.microsoft.com/api/stac/v1/collections/sentinel-1-grd/items/S1A_IW_GRDH_1SDV_20170725T231027_20170725T231052_017634_01D843,"Copernicus Sentinel Data Legal Notice - free, full and open access",EPSG:32647,10 pixel spacing (GRD),VV;VH,,,,provider=Microsoft Planetary Computer; yearly paginated STAC search; AOI coverage=1.000,candidate-unverified
sentinel1,S1A_IW_GRDH_1SDV_20170806T231027_20170806T231052_017809_01DD96,SENTINEL-1A,2017-08-06T23:10:40.339934Z,2017-08-07T06:10:40.339934+07:00,,,,,,unverified,https://planetarycomputer.microsoft.com/api/stac/v1/collections/sentinel-1-grd/items/S1A_IW_GRDH_1SDV_20170806T231027_20170806T231052_017809_01DD96,"Copernicus Sentinel Data Legal Notice - free, full and open access",EPSG:32647,10 pixel spacing (GRD),VV;VH,,,,provider=Microsoft Planetary Computer; yearly paginated STAC search; AOI coverage=1.000,candidate-unverified
sentinel1,S1A_IW_GRDH_1SDV_20170819T113548_20170819T113613_017992_01E321,SENTINEL-1A,2017-08-19T11:36:01.164008Z,2017-08-19T18:36:01.164008+07:00,,,,,,unverified,https://planetarycomputer.microsoft.com/api/stac/v1/collections/sentinel-1-grd/items/S1A_IW_GRDH_1SDV_20170819T113548_20170819T113613_017992_01E321,"Copernicus Sentinel Data Legal Notice - free, full and open access",EPSG:32647,10 pixel spacing (GRD),VV;VH,,,,provider=Microsoft Planetary Computer; yearly paginated STAC search; AOI coverage=1.000,candidate-unverified
sentinel1,S1A_IW_GRDH_1SDV_20170911T231029_20170911T231054_018334_01EDA3,SENTINEL-1A,2017-09-11T23:10:41.897051Z,2017-09-12T06:10:41.897051+07:00,,,,,,unverified,https://planetarycomputer.microsoft.com/api/stac/v1/collections/sentinel-1-grd/items/S1A_IW_GRDH_1SDV_20170911T231029_20170911T231054_018334_01EDA3,"Copernicus Sentinel Data Legal Notice - free, full and open access",EPSG:32647,10 pixel spacing (GRD),VV;VH,,,,provider=Microsoft Planetary Computer; yearly paginated STAC search; AOI coverage=1.000,candidate-unverified
sentinel1,S1A_IW_GRDH_1SDV_20170923T231029_20170923T231054_018509_01F300,SENTINEL-1A,2017-09-23T23:10:42.200851Z,2017-09-24T06:10:42.200851+07:00,,,,,,unverified,https://planetarycomputer.microsoft.com/api/stac/v1/collections/sentinel-1-grd/items/S1A_IW_GRDH_1SDV_20170923T231029_20170923T231054_018509_01F300,"Copernicus Sentinel Data Legal Notice - free, full and open access",EPSG:32647,10 pixel spacing (GRD),VV;VH,,,,provider=Microsoft Planetary Computer; yearly paginated STAC search; AOI coverage=1.000,candidate-unverified
sentinel1,S1A_IW_GRDH_1SDV_20171006T113550_20171006T113615_018692_01F891,SENTINEL-1A,2017-10-06T11:36:02.707574Z,2017-10-06T18:36:02.707574+07:00,,,,,,unverified,https://planetarycomputer.microsoft.com/api/stac/v1/collections/sentinel-1-grd/items/S1A_IW_GRDH_1SDV_20171006T113550_20171006T113615_018692_01F891,"Copernicus Sentinel Data Legal Notice - free, full and open access",EPSG:32647,10 pixel spacing (GRD),VV;VH,,,,provider=Microsoft Planetary Computer; yearly paginated STAC search; AOI coverage=1.000,candidate-unverified
sentinel1,S1A_IW_GRDH_1SDV_20171018T113550_20171018T113615_018867_01FDED,SENTINEL-1A,2017-10-18T11:36:02.844766Z,2017-10-18T18:36:02.844766+07:00,,,,,,unverified,https://planetarycomputer.microsoft.com/api/stac/v1/collections/sentinel-1-grd/items/S1A_IW_GRDH_1SDV_20171018T113550_20171018T113615_018867_01FDED,"Copernicus Sentinel Data Legal Notice - free, full and open access",EPSG:32647,10 pixel spacing (GRD),VV;VH,,,,provider=Microsoft Planetary Computer; yearly paginated STAC search; AOI coverage=1.000,candidate-unverified
sentinel1,S1A_IW_GRDH_1SDV_20171111T113550_20171111T113615_019217_0208A2,SENTINEL-1A,2017-11-11T11:36:02.573463Z,2017-11-11T18:36:02.573463+07:00,,,,,,unverified,https://planetarycomputer.microsoft.com/api/stac/v1/collections/sentinel-1-grd/items/S1A_IW_GRDH_1SDV_20171111T113550_20171111T113615_019217_0208A2,"Copernicus Sentinel Data Legal Notice - free, full and open access",EPSG:32647,10 pixel spacing (GRD),VV;VH,,,,provider=Microsoft Planetary Computer; yearly paginated STAC search; AOI coverage=1.000,candidate-unverified
sentinel1,S1A_IW_GRDH_1SDV_20171204T231029_20171204T231054_019559_021367,SENTINEL-1A,2017-12-04T23:10:41.743824Z,2017-12-05T06:10:41.743824+07:00,,,,,,unverified,https://planetarycomputer.microsoft.com/api/stac/v1/collections/sentinel-1-grd/items/S1A_IW_GRDH_1SDV_20171204T231029_20171204T231054_019559_021367,"Copernicus Sentinel Data Legal Notice - free, full and open access",EPSG:32647,10 pixel spacing (GRD),VV;VH,,,,provider=Microsoft Planetary Computer; yearly paginated STAC search; AOI coverage=1.000,candidate-unverified
sentinel1,S1A_IW_GRDH_1SDV_20171216T231028_20171216T231053_019734_0218D8,SENTINEL-1A,2017-12-16T23:10:41.455972Z,2017-12-17T06:10:41.455972+07:00,,,,,,unverified,https://planetarycomputer.microsoft.com/api/stac/v1/collections/sentinel-1-grd/items/S1A_IW_GRDH_1SDV_20171216T231028_20171216T231053_019734_0218D8,"Copernicus Sentinel Data Legal Notice - free, full and open access",EPSG:32647,10 pixel spacing (GRD),VV;VH,,,,provider=Microsoft Planetary Computer; yearly paginated STAC search; AOI coverage=1.000,candidate-unverified
sentinel1,S1A_IW_GRDH_1SDV_20171229T113548_20171229T113613_019917_021E81,SENTINEL-1A,2017-12-29T11:36:00.969218Z,2017-12-29T18:36:00.969218+07:00,,,,,,unverified,https://planetarycomputer.microsoft.com/api/stac/v1/collections/sentinel-1-grd/items/S1A_IW_GRDH_1SDV_20171229T113548_20171229T113613_019917_021E81,"Copernicus Sentinel Data Legal Notice - free, full and open access",EPSG:32647,10 pixel spacing (GRD),VV;VH,,,,provider=Microsoft Planetary Computer; yearly paginated STAC search; AOI coverage=1.000,candidate-unverified
sentinel1,S1A_IW_GRDH_1SDV_20180109T231027_20180109T231052_020084_0223CC,SENTINEL-1A,2018-01-09T23:10:40.451478Z,2018-01-10T06:10:40.451478+07:00,,,,,,unverified,https://planetarycomputer.microsoft.com/api/stac/v1/collections/sentinel-1-grd/items/S1A_IW_GRDH_1SDV_20180109T231027_20180109T231052_020084_0223CC,"Copernicus Sentinel Data Legal Notice - free, full and open access",EPSG:32647,10 pixel spacing (GRD),VV;VH,,,,provider=Microsoft Planetary Computer; yearly paginated STAC search; AOI coverage=1.000,candidate-unverified
sentinel1,S1A_IW_GRDH_1SDV_20180122T113547_20180122T113612_020267_022997,SENTINEL-1A,2018-01-22T11:36:00.176415Z,2018-01-22T18:36:00.176415+07:00,,,,,,unverified,https://planetarycomputer.microsoft.com/api/stac/v1/collections/sentinel-1-grd/items/S1A_IW_GRDH_1SDV_20180122T113547_20180122T113612_020267_022997,"Copernicus Sentinel Data Legal Notice - free, full and open access",EPSG:32647,10 pixel spacing (GRD),VV;VH,,,,provider=Microsoft Planetary Computer; yearly paginated STAC search; AOI coverage=1.000,candidate-unverified
sentinel1,S1A_IW_GRDH_1SDV_20180214T231026_20180214T231051_020609_023487,SENTINEL-1A,2018-02-14T23:10:39.498824Z,2018-02-15T06:10:39.498824+07:00,,,,,,unverified,https://planetarycomputer.microsoft.com/api/stac/v1/collections/sentinel-1-grd/items/S1A_IW_GRDH_1SDV_20180214T231026_20180214T231051_020609_023487,"Copernicus Sentinel Data Legal Notice - free, full and open access",EPSG:32647,10 pixel spacing (GRD),VV;VH,,,,provider=Microsoft Planetary Computer; yearly paginated STAC search; AOI coverage=1.000,candidate-unverified
sentinel1,S1A_IW_GRDH_1SDV_20180227T113547_20180227T113612_020792_023A5A,SENTINEL-1A,2018-02-27T11:35:59.623640Z,2018-02-27T18:35:59.623640+07:00,,,,,,unverified,https://planetarycomputer.microsoft.com/api/stac/v1/collections/sentinel-1-grd/items/S1A_IW_GRDH_1SDV_20180227T113547_20180227T113612_020792_023A5A,"Copernicus Sentinel Data Legal Notice - free, full and open access",EPSG:32647,10 pixel spacing (GRD),VV;VH,,,,provider=Microsoft Planetary Computer; yearly paginated STAC search; AOI coverage=1.000,candidate-unverified
sentinel1,S1A_IW_GRDH_1SDV_20180322T231012_20180322T231037_021134_024528,SENTINEL-1A,2018-03-22T23:10:25.214754Z,2018-03-23T06:10:25.214754+07:00,,,,,,unverified,https://planetarycomputer.microsoft.com/api/stac/v1/collections/sentinel-1-grd/items/S1A_IW_GRDH_1SDV_20180322T231012_20180322T231037_021134_024528,"Copernicus Sentinel Data Legal Notice - free, full and open access",EPSG:32647,10 pixel spacing (GRD),VV;VH,,,,provider=Microsoft Planetary Computer; yearly paginated STAC search; AOI coverage=1.000,candidate-unverified
sentinel1,S1A_IW_GRDH_1SDV_20180404T113547_20180404T113612_021317_024AEE,SENTINEL-1A,2018-04-04T11:36:00.045554Z,2018-04-04T18:36:00.045554+07:00,,,,,,unverified,https://planetarycomputer.microsoft.com/api/stac/v1/collections/sentinel-1-grd/items/S1A_IW_GRDH_1SDV_20180404T113547_20180404T113612_021317_024AEE,"Copernicus Sentinel Data Legal Notice - free, full and open access",EPSG:32647,10 pixel spacing (GRD),VV;VH,,,,provider=Microsoft Planetary Computer; yearly paginated STAC search; AOI coverage=1.000,candidate-unverified
sentinel1,S1A_IW_GRDH_1SDV_20180427T231014_20180427T231039_021659_02559D,SENTINEL-1A,2018-04-27T23:10:26.627883Z,2018-04-28T06:10:26.627883+07:00,,,,,,unverified,https://planetarycomputer.microsoft.com/api/stac/v1/collections/sentinel-1-grd/items/S1A_IW_GRDH_1SDV_20180427T231014_20180427T231039_021659_02559D,"Copernicus Sentinel Data Legal Notice - free, full and open access",EPSG:32647,10 pixel spacing (GRD),VV;VH,,,,provider=Microsoft Planetary Computer; yearly paginated STAC search; AOI coverage=1.000,candidate-unverified
sentinel1,S1A_IW_GRDH_1SDV_20180510T113549_20180510T113614_021842_025B69,SENTINEL-1A,2018-05-10T11:36:01.753849Z,2018-05-10T18:36:01.753849+07:00,,,,,,unverified,https://planetarycomputer.microsoft.com/api/stac/v1/collections/sentinel-1-grd/items/S1A_IW_GRDH_1SDV_20180510T113549_20180510T113614_021842_025B69,"Copernicus Sentinel Data Legal Notice - free, full and open access",EPSG:32647,10 pixel spacing (GRD),VV;VH,,,,provider=Microsoft Planetary Computer; yearly paginated STAC search; AOI coverage=1.000,candidate-unverified
sentinel1,S1A_IW_GRDH_1SDV_20180602T231015_20180602T231040_022184_02664D,SENTINEL-1A,2018-06-02T23:10:28.482904Z,2018-06-03T06:10:28.482904+07:00,,,,,,unverified,https://planetarycomputer.microsoft.com/api/stac/v1/collections/sentinel-1-grd/items/S1A_IW_GRDH_1SDV_20180602T231015_20180602T231040_022184_02664D,"Copernicus Sentinel Data Legal Notice - free, full and open access",EPSG:32647,10 pixel spacing (GRD),VV;VH,,,,provider=Microsoft Planetary Computer; yearly paginated STAC search; AOI coverage=1.000,candidate-unverified
sentinel1,S1A_IW_GRDH_1SDV_20180615T113551_20180615T113616_022367_026BF6,SENTINEL-1A,2018-06-15T11:36:03.939250Z,2018-06-15T18:36:03.939250+07:00,,,,,,unverified,https://planetarycomputer.microsoft.com/api/stac/v1/collections/sentinel-1-grd/items/S1A_IW_GRDH_1SDV_20180615T113551_20180615T113616_022367_026BF6,"Copernicus Sentinel Data Legal Notice - free, full and open access",EPSG:32647,10 pixel spacing (GRD),VV;VH,,,,provider=Microsoft Planetary Computer; yearly paginated STAC search; AOI coverage=1.000,candidate-unverified
sentinel1,S1A_IW_GRDH_1SDV_20180708T231018_20180708T231043_022709_0275FC,SENTINEL-1A,2018-07-08T23:10:30.595380Z,2018-07-09T06:10:30.595380+07:00,,,,,,unverified,https://planetarycomputer.microsoft.com/api/stac/v1/collections/sentinel-1-grd/items/S1A_IW_GRDH_1SDV_20180708T231018_20180708T231043_022709_0275FC,"Copernicus Sentinel Data Legal Notice - free, full and open access",EPSG:32647,10 pixel spacing (GRD),VV;VH,,,,provider=Microsoft Planetary Computer; yearly paginated STAC search; AOI coverage=1.000,candidate-unverified
sentinel1,S1A_IW_GRDH_1SDV_20180721T113553_20180721T113618_022892_027B97,SENTINEL-1A,2018-07-21T11:36:06.046701Z,2018-07-21T18:36:06.046701+07:00,,,,,,unverified,https://planetarycomputer.microsoft.com/api/stac/v1/collections/sentinel-1-grd/items/S1A_IW_GRDH_1SDV_20180721T113553_20180721T113618_022892_027B97,"Copernicus Sentinel Data Legal Notice - free, full and open access",EPSG:32647,10 pixel spacing (GRD),VV;VH,,,,provider=Microsoft Planetary Computer; yearly paginated STAC search; AOI coverage=1.000,candidate-unverified
sentinel1,S1A_IW_GRDH_1SDV_20180813T231020_20180813T231045_023234_02867E,SENTINEL-1A,2018-08-13T23:10:32.839027Z,2018-08-14T06:10:32.839027+07:00,,,,,,unverified,https://planetarycomputer.microsoft.com/api/stac/v1/collections/sentinel-1-grd/items/S1A_IW_GRDH_1SDV_20180813T231020_20180813T231045_023234_02867E,"Copernicus Sentinel Data Legal Notice - free, full and open access",EPSG:32647,10 pixel spacing (GRD),VV;VH,,,,provider=Microsoft Planetary Computer; yearly paginated STAC search; AOI coverage=1.000,candidate-unverified
sentinel1,S1A_IW_GRDH_1SDV_20180906T231021_20180906T231046_023584_0291B4,SENTINEL-1A,2018-09-06T23:10:34.201696Z,2018-09-07T06:10:34.201696+07:00,,,,,,unverified,https://planetarycomputer.microsoft.com/api/stac/v1/collections/sentinel-1-grd/items/S1A_IW_GRDH_1SDV_20180906T231021_20180906T231046_023584_0291B4,"Copernicus Sentinel Data Legal Notice - free, full and open access",EPSG:32647,10 pixel spacing (GRD),VV;VH,,,,provider=Microsoft Planetary Computer; yearly paginated STAC search; AOI coverage=1.000,candidate-unverified
sentinel1,S1A_IW_GRDH_1SDV_20180919T113556_20180919T113621_023767_029793,SENTINEL-1A,2018-09-19T11:36:09.040618Z,2018-09-19T18:36:09.040618+07:00,,,,,,unverified,https://planetarycomputer.microsoft.com/api/stac/v1/collections/sentinel-1-grd/items/S1A_IW_GRDH_1SDV_20180919T113556_20180919T113621_023767_029793,"Copernicus Sentinel Data Legal Notice - free, full and open access",EPSG:32647,10 pixel spacing (GRD),VV;VH,,,,provider=Microsoft Planetary Computer; yearly paginated STAC search; AOI coverage=1.000,candidate-unverified
sentinel1,S1A_IW_GRDH_1SDV_20181012T231022_20181012T231047_024109_02A2BD,SENTINEL-1A,2018-10-12T23:10:35.037637Z,2018-10-13T06:10:35.037637+07:00,,,,,,unverified,https://planetarycomputer.microsoft.com/api/stac/v1/collections/sentinel-1-grd/items/S1A_IW_GRDH_1SDV_20181012T231022_20181012T231047_024109_02A2BD,"Copernicus Sentinel Data Legal Notice - free, full and open access",EPSG:32647,10 pixel spacing (GRD),VV;VH,,,,provider=Microsoft Planetary Computer; yearly paginated STAC search; AOI coverage=1.000,candidate-unverified
sentinel1,S1A_IW_GRDH_1SDV_20181025T113556_20181025T113621_024292_02A8A7,SENTINEL-1A,2018-10-25T11:36:09.472532Z,2018-10-25T18:36:09.472532+07:00,,,,,,unverified,https://planetarycomputer.microsoft.com/api/stac/v1/collections/sentinel-1-grd/items/S1A_IW_GRDH_1SDV_20181025T113556_20181025T113621_024292_02A8A7,"Copernicus Sentinel Data Legal Notice - free, full and open access",EPSG:32647,10 pixel spacing (GRD),VV;VH,,,,provider=Microsoft Planetary Computer; yearly paginated STAC search; AOI coverage=1.000,candidate-unverified
sentinel1,S1A_IW_GRDH_1SDV_20181117T231022_20181117T231047_024634_02B4D0,SENTINEL-1A,2018-11-17T23:10:34.668394Z,2018-11-18T06:10:34.668394+07:00,,,,,,unverified,https://planetarycomputer.microsoft.com/api/stac/v1/collections/sentinel-1-grd/items/S1A_IW_GRDH_1SDV_20181117T231022_20181117T231047_024634_02B4D0,"Copernicus Sentinel Data Legal Notice - free, full and open access",EPSG:32647,10 pixel spacing (GRD),VV;VH,,,,provider=Microsoft Planetary Computer; yearly paginated STAC search; AOI coverage=1.000,candidate-unverified
sentinel1,S1A_IW_GRDH_1SDV_20181211T231021_20181211T231046_024984_02C122,SENTINEL-1A,2018-12-11T23:10:33.640409Z,2018-12-12T06:10:33.640409+07:00,,,,,,unverified,https://planetarycomputer.microsoft.com/api/stac/v1/collections/sentinel-1-grd/items/S1A_IW_GRDH_1SDV_20181211T231021_20181211T231046_024984_02C122,"Copernicus Sentinel Data Legal Notice - free, full and open access",EPSG:32647,10 pixel spacing (GRD),VV;VH,,,,provider=Microsoft Planetary Computer; yearly paginated STAC search; AOI coverage=1.000,candidate-unverified
sentinel1,S1A_IW_GRDH_1SDV_20181224T113555_20181224T113620_025167_02C7BC,SENTINEL-1A,2018-12-24T11:36:07.877134Z,2018-12-24T18:36:07.877134+07:00,,,,,,unverified,https://planetarycomputer.microsoft.com/api/stac/v1/collections/sentinel-1-grd/items/S1A_IW_GRDH_1SDV_20181224T113555_20181224T113620_025167_02C7BC,"Copernicus Sentinel Data Legal Notice - free, full and open access",EPSG:32647,10 pixel spacing (GRD),VV;VH,,,,provider=Microsoft Planetary Computer; yearly paginated STAC search; AOI coverage=1.000,candidate-unverified
sentinel1,S1A_IW_GRDH_1SDV_20190104T231020_20190104T231045_025334_02CDC3,SENTINEL-1A,2019-01-04T23:10:32.917229Z,2019-01-05T06:10:32.917229+07:00,,,,,,unverified,https://planetarycomputer.microsoft.com/api/stac/v1/collections/sentinel-1-grd/items/S1A_IW_GRDH_1SDV_20190104T231020_20190104T231045_025334_02CDC3,"Copernicus Sentinel Data Legal Notice - free, full and open access",EPSG:32647,10 pixel spacing (GRD),VV;VH,,,,provider=Microsoft Planetary Computer; yearly paginated STAC search; AOI coverage=1.000,candidate-unverified
sentinel1,S1A_IW_GRDH_1SDV_20190117T113554_20190117T113619_025517_02D45B,SENTINEL-1A,2019-01-17T11:36:07.041031Z,2019-01-17T18:36:07.041031+07:00,,,,,,unverified,https://planetarycomputer.microsoft.com/api/stac/v1/collections/sentinel-1-grd/items/S1A_IW_GRDH_1SDV_20190117T113554_20190117T113619_025517_02D45B,"Copernicus Sentinel Data Legal Notice - free, full and open access",EPSG:32647,10 pixel spacing (GRD),VV;VH,,,,provider=Microsoft Planetary Computer; yearly paginated STAC search; AOI coverage=1.000,candidate-unverified
sentinel1,S1A_IW_GRDH_1SDV_20190209T231019_20190209T231044_025859_02E0C6,SENTINEL-1A,2019-02-09T23:10:31.631923Z,2019-02-10T06:10:31.631923+07:00,,,,,,unverified,https://planetarycomputer.microsoft.com/api/stac/v1/collections/sentinel-1-grd/items/S1A_IW_GRDH_1SDV_20190209T231019_20190209T231044_025859_02E0C6,"Copernicus Sentinel Data Legal Notice - free, full and open access",EPSG:32647,10 pixel spacing (GRD),VV;VH,,,,provider=Microsoft Planetary Computer; yearly paginated STAC search; AOI coverage=1.000,candidate-unverified
sentinel1,S1A_IW_GRDH_1SDV_20190222T113553_20190222T113618_026042_02E742,SENTINEL-1A,2019-02-22T11:36:06.054432Z,2019-02-22T18:36:06.054432+07:00,,,,,,unverified,https://planetarycomputer.microsoft.com/api/stac/v1/collections/sentinel-1-grd/items/S1A_IW_GRDH_1SDV_20190222T113553_20190222T113618_026042_02E742,"Copernicus Sentinel Data Legal Notice - free, full and open access",EPSG:32647,10 pixel spacing (GRD),VV;VH,,,,provider=Microsoft Planetary Computer; yearly paginated STAC search; AOI coverage=1.000,candidate-unverified
sentinel1,S1A_IW_GRDH_1SDV_20190306T113553_20190306T113618_026217_02ED85,SENTINEL-1A,2019-03-06T11:36:06.128181Z,2019-03-06T18:36:06.128181+07:00,,,,,,unverified,https://planetarycomputer.microsoft.com/api/stac/v1/collections/sentinel-1-grd/items/S1A_IW_GRDH_1SDV_20190306T113553_20190306T113618_026217_02ED85,"Copernicus Sentinel Data Legal Notice - free, full and open access",EPSG:32647,10 pixel spacing (GRD),VV;VH,,,,provider=Microsoft Planetary Computer; yearly paginated STAC search; AOI coverage=1.000,candidate-unverified
sentinel1,S1A_IW_GRDH_1SDV_20190330T113554_20190330T113619_026567_02FA6A,SENTINEL-1A,2019-03-30T11:36:06.533385Z,2019-03-30T18:36:06.533385+07:00,,,,,,unverified,https://planetarycomputer.microsoft.com/api/stac/v1/collections/sentinel-1-grd/items/S1A_IW_GRDH_1SDV_20190330T113554_20190330T113619_026567_02FA6A,"Copernicus Sentinel Data Legal Notice - free, full and open access",EPSG:32647,10 pixel spacing (GRD),VV;VH,,,,provider=Microsoft Planetary Computer; yearly paginated STAC search; AOI coverage=1.000,candidate-unverified
sentinel1,S1A_IW_GRDH_1SDV_20190422T231020_20190422T231045_026909_0306DC,SENTINEL-1A,2019-04-22T23:10:32.797749Z,2019-04-23T06:10:32.797749+07:00,,,,,,unverified,https://planetarycomputer.microsoft.com/api/stac/v1/collections/sentinel-1-grd/items/S1A_IW_GRDH_1SDV_20190422T231020_20190422T231045_026909_0306DC,"Copernicus Sentinel Data Legal Notice - free, full and open access",EPSG:32647,10 pixel spacing (GRD),VV;VH,,,,provider=Microsoft Planetary Computer; yearly paginated STAC search; AOI coverage=1.000,candidate-unverified
sentinel1,S1A_IW_GRDH_1SDV_20190505T113555_20190505T113620_027092_030D8B,SENTINEL-1A,2019-05-05T11:36:07.661734Z,2019-05-05T18:36:07.661734+07:00,,,,,,unverified,https://planetarycomputer.microsoft.com/api/stac/v1/collections/sentinel-1-grd/items/S1A_IW_GRDH_1SDV_20190505T113555_20190505T113620_027092_030D8B,"Copernicus Sentinel Data Legal Notice - free, full and open access",EPSG:32647,10 pixel spacing (GRD),VV;VH,,,,provider=Microsoft Planetary Computer; yearly paginated STAC search; AOI coverage=1.000,candidate-unverified
sentinel1,S1A_IW_GRDH_1SDV_20190528T231021_20190528T231046_027434_03184A,SENTINEL-1A,2019-05-28T23:10:34.279026Z,2019-05-29T06:10:34.279026+07:00,,,,,,unverified,https://planetarycomputer.microsoft.com/api/stac/v1/collections/sentinel-1-grd/items/S1A_IW_GRDH_1SDV_20190528T231021_20190528T231046_027434_03184A,"Copernicus Sentinel Data Legal Notice - free, full and open access",EPSG:32647,10 pixel spacing (GRD),VV;VH,,,,provider=Microsoft Planetary Computer; yearly paginated STAC search; AOI coverage=1.000,candidate-unverified
sentinel1,S1A_IW_GRDH_1SDV_20190622T113557_20190622T113622_027792_032325,SENTINEL-1A,2019-06-22T11:36:10.185038Z,2019-06-22T18:36:10.185038+07:00,,,,,,unverified,https://planetarycomputer.microsoft.com/api/stac/v1/collections/sentinel-1-grd/items/S1A_IW_GRDH_1SDV_20190622T113557_20190622T113622_027792_032325,"Copernicus Sentinel Data Legal Notice - free, full and open access",EPSG:32647,10 pixel spacing (GRD),VV;VH,,,,provider=Microsoft Planetary Computer; yearly paginated STAC search; AOI coverage=1.000,candidate-unverified
sentinel1,S1A_IW_GRDH_1SDV_20190716T113559_20190716T113624_028142_032DBA,SENTINEL-1A,2019-07-16T11:36:11.745880Z,2019-07-16T18:36:11.745880+07:00,,,,,,unverified,https://planetarycomputer.microsoft.com/api/stac/v1/collections/sentinel-1-grd/items/S1A_IW_GRDH_1SDV_20190716T113559_20190716T113624_028142_032DBA,"Copernicus Sentinel Data Legal Notice - free, full and open access",EPSG:32647,10 pixel spacing (GRD),VV;VH,,,,provider=Microsoft Planetary Computer; yearly paginated STAC search; AOI coverage=1.000,candidate-unverified
sentinel1,S1A_IW_GRDH_1SDV_20190809T113600_20190809T113625_028492_03387C,SENTINEL-1A,2019-08-09T11:36:13.411393Z,2019-08-09T18:36:13.411393+07:00,,,,,,unverified,https://planetarycomputer.microsoft.com/api/stac/v1/collections/sentinel-1-grd/items/S1A_IW_GRDH_1SDV_20190809T113600_20190809T113625_028492_03387C,"Copernicus Sentinel Data Legal Notice - free, full and open access",EPSG:32647,10 pixel spacing (GRD),VV;VH,,,,provider=Microsoft Planetary Computer; yearly paginated STAC search; AOI coverage=1.000,candidate-unverified
sentinel1,S1A_IW_GRDH_1SDV_20190901T231027_20190901T231052_028834_034464,SENTINEL-1A,2019-09-01T23:10:40.006410Z,2019-09-02T06:10:40.006410+07:00,,,,,,unverified,https://planetarycomputer.microsoft.com/api/stac/v1/collections/sentinel-1-grd/items/S1A_IW_GRDH_1SDV_20190901T231027_20190901T231052_028834_034464,"Copernicus Sentinel Data Legal Notice - free, full and open access",EPSG:32647,10 pixel spacing (GRD),VV;VH,,,,provider=Microsoft Planetary Computer; yearly paginated STAC search; AOI coverage=1.000,candidate-unverified
sentinel1,S1A_IW_GRDH_1SDV_20190914T113602_20190914T113627_029017_034AC0,SENTINEL-1A,2019-09-14T11:36:15.015061Z,2019-09-14T18:36:15.015061+07:00,,,,,,unverified,https://planetarycomputer.microsoft.com/api/stac/v1/collections/sentinel-1-grd/items/S1A_IW_GRDH_1SDV_20190914T113602_20190914T113627_029017_034AC0,"Copernicus Sentinel Data Legal Notice - free, full and open access",EPSG:32647,10 pixel spacing (GRD),VV;VH,,,,provider=Microsoft Planetary Computer; yearly paginated STAC search; AOI coverage=1.000,candidate-unverified
sentinel1,S1A_IW_GRDH_1SDV_20191007T231028_20191007T231053_029359_035675,SENTINEL-1A,2019-10-07T23:10:41.222842Z,2019-10-08T06:10:41.222842+07:00,,,,,,unverified,https://planetarycomputer.microsoft.com/api/stac/v1/collections/sentinel-1-grd/items/S1A_IW_GRDH_1SDV_20191007T231028_20191007T231053_029359_035675,"Copernicus Sentinel Data Legal Notice - free, full and open access",EPSG:32647,10 pixel spacing (GRD),VV;VH,,,,provider=Microsoft Planetary Computer; yearly paginated STAC search; AOI coverage=1.000,candidate-unverified
sentinel1,S1A_IW_GRDH_1SDV_20191020T113603_20191020T113628_029542_035CCA,SENTINEL-1A,2019-10-20T11:36:15.672442Z,2019-10-20T18:36:15.672442+07:00,,,,,,unverified,https://planetarycomputer.microsoft.com/api/stac/v1/collections/sentinel-1-grd/items/S1A_IW_GRDH_1SDV_20191020T113603_20191020T113628_029542_035CCA,"Copernicus Sentinel Data Legal Notice - free, full and open access",EPSG:32647,10 pixel spacing (GRD),VV;VH,,,,provider=Microsoft Planetary Computer; yearly paginated STAC search; AOI coverage=1.000,candidate-unverified
sentinel1,S1A_IW_GRDH_1SDV_20191101T113603_20191101T113628_029717_0362E0,SENTINEL-1A,2019-11-01T11:36:15.788426Z,2019-11-01T18:36:15.788426+07:00,,,,,,unverified,https://planetarycomputer.microsoft.com/api/stac/v1/collections/sentinel-1-grd/items/S1A_IW_GRDH_1SDV_20191101T113603_20191101T113628_029717_0362E0,"Copernicus Sentinel Data Legal Notice - free, full and open access",EPSG:32647,10 pixel spacing (GRD),VV;VH,,,,provider=Microsoft Planetary Computer; yearly paginated STAC search; AOI coverage=1.000,candidate-unverified
sentinel1,S1A_IW_GRDH_1SDV_20191124T231028_20191124T231053_030059_036EC9,SENTINEL-1A,2019-11-24T23:10:40.951963Z,2019-11-25T06:10:40.951963+07:00,,,,,,unverified,https://planetarycomputer.microsoft.com/api/stac/v1/collections/sentinel-1-grd/items/S1A_IW_GRDH_1SDV_20191124T231028_20191124T231053_030059_036EC9,"Copernicus Sentinel Data Legal Notice - free, full and open access",EPSG:32647,10 pixel spacing (GRD),VV;VH,,,,provider=Microsoft Planetary Computer; yearly paginated STAC search; AOI coverage=1.000,candidate-unverified
sentinel1,S1A_IW_GRDH_1SDV_20191207T113602_20191207T113627_030242_037518,SENTINEL-1A,2019-12-07T11:36:14.886092Z,2019-12-07T18:36:14.886092+07:00,,,,,,unverified,https://planetarycomputer.microsoft.com/api/stac/v1/collections/sentinel-1-grd/items/S1A_IW_GRDH_1SDV_20191207T113602_20191207T113627_030242_037518,"Copernicus Sentinel Data Legal Notice - free, full and open access",EPSG:32647,10 pixel spacing (GRD),VV;VH,,,,provider=Microsoft Planetary Computer; yearly paginated STAC search; AOI coverage=1.000,candidate-unverified
sentinel1,S1A_IW_GRDH_1SDV_20191231T113601_20191231T113626_030592_038131,SENTINEL-1A,2019-12-31T11:36:13.882872Z,2019-12-31T18:36:13.882872+07:00,,,,,,unverified,https://planetarycomputer.microsoft.com/api/stac/v1/collections/sentinel-1-grd/items/S1A_IW_GRDH_1SDV_20191231T113601_20191231T113626_030592_038131,"Copernicus Sentinel Data Legal Notice - free, full and open access",EPSG:32647,10 pixel spacing (GRD),VV;VH,,,,provider=Microsoft Planetary Computer; yearly paginated STAC search; AOI coverage=1.000,candidate-unverified
sentinel1,S1A_IW_GRDH_1SDV_20200111T231026_20200111T231051_030759_0386F9,SENTINEL-1A,2020-01-11T23:10:39.011619Z,2020-01-12T06:10:39.011619+07:00,,,,,,unverified,https://planetarycomputer.microsoft.com/api/stac/v1/collections/sentinel-1-grd/items/S1A_IW_GRDH_1SDV_20200111T231026_20200111T231051_030759_0386F9,"Copernicus Sentinel Data Legal Notice - free, full and open access",EPSG:32647,10 pixel spacing (GRD),VV;VH,,,,provider=Microsoft Planetary Computer; yearly paginated STAC search; AOI coverage=1.000,candidate-unverified
sentinel1,S1A_IW_GRDH_1SDV_20200123T231026_20200123T231051_030934_038D1D,SENTINEL-1A,2020-01-23T23:10:38.619359Z,2020-01-24T06:10:38.619359+07:00,,,,,,unverified,https://planetarycomputer.microsoft.com/api/stac/v1/collections/sentinel-1-grd/items/S1A_IW_GRDH_1SDV_20200123T231026_20200123T231051_030934_038D1D,"Copernicus Sentinel Data Legal Notice - free, full and open access",EPSG:32647,10 pixel spacing (GRD),VV;VH,,,,provider=Microsoft Planetary Computer; yearly paginated STAC search; AOI coverage=1.000,candidate-unverified
sentinel1,S1A_IW_GRDH_1SDV_20200204T231025_20200204T231050_031109_03933F,SENTINEL-1A,2020-02-04T23:10:38.270572Z,2020-02-05T06:10:38.270572+07:00,,,,,,unverified,https://planetarycomputer.microsoft.com/api/stac/v1/collections/sentinel-1-grd/items/S1A_IW_GRDH_1SDV_20200204T231025_20200204T231050_031109_03933F,"Copernicus Sentinel Data Legal Notice - free, full and open access",EPSG:32647,10 pixel spacing (GRD),VV;VH,,,,provider=Microsoft Planetary Computer; yearly paginated STAC search; AOI coverage=1.000,candidate-unverified
sentinel1,S1A_IW_GRDH_1SDV_20200216T231025_20200216T231050_031284_03994E,SENTINEL-1A,2020-02-16T23:10:37.948495Z,2020-02-17T06:10:37.948495+07:00,,,,,,unverified,https://planetarycomputer.microsoft.com/api/stac/v1/collections/sentinel-1-grd/items/S1A_IW_GRDH_1SDV_20200216T231025_20200216T231050_031284_03994E,"Copernicus Sentinel Data Legal Notice - free, full and open access",EPSG:32647,10 pixel spacing (GRD),VV;VH,,,,provider=Microsoft Planetary Computer; yearly paginated STAC search; AOI coverage=1.000,candidate-unverified
sentinel1,S1A_IW_GRDH_1SDV_20200228T231025_20200228T231050_031459_039F4C,SENTINEL-1A,2020-02-28T23:10:37.736495Z,2020-02-29T06:10:37.736495+07:00,,,,,,unverified,https://planetarycomputer.microsoft.com/api/stac/v1/collections/sentinel-1-grd/items/S1A_IW_GRDH_1SDV_20200228T231025_20200228T231050_031459_039F4C,"Copernicus Sentinel Data Legal Notice - free, full and open access",EPSG:32647,10 pixel spacing (GRD),VV;VH,,,,provider=Microsoft Planetary Computer; yearly paginated STAC search; AOI coverage=1.000,candidate-unverified
sentinel1,S1A_IW_GRDH_1SDV_20200311T231025_20200311T231050_031634_03A563,SENTINEL-1A,2020-03-11T23:10:37.910724Z,2020-03-12T06:10:37.910724+07:00,,,,,,unverified,https://planetarycomputer.microsoft.com/api/stac/v1/collections/sentinel-1-grd/items/S1A_IW_GRDH_1SDV_20200311T231025_20200311T231050_031634_03A563,"Copernicus Sentinel Data Legal Notice - free, full and open access",EPSG:32647,10 pixel spacing (GRD),VV;VH,,,,provider=Microsoft Planetary Computer; yearly paginated STAC search; AOI coverage=1.000,candidate-unverified
sentinel1,S1A_IW_GRDH_1SDV_20200323T231025_20200323T231050_031809_03AB8F,SENTINEL-1A,2020-03-23T23:10:38.073422Z,2020-03-24T06:10:38.073422+07:00,,,,,,unverified,https://planetarycomputer.microsoft.com/api/stac/v1/collections/sentinel-1-grd/items/S1A_IW_GRDH_1SDV_20200323T231025_20200323T231050_031809_03AB8F,"Copernicus Sentinel Data Legal Notice - free, full and open access",EPSG:32647,10 pixel spacing (GRD),VV;VH,,,,provider=Microsoft Planetary Computer; yearly paginated STAC search; AOI coverage=1.000,candidate-unverified
sentinel1,S1A_IW_GRDH_1SDV_20200404T231025_20200404T231050_031984_03B1B3,SENTINEL-1A,2020-04-04T23:10:38.335909Z,2020-04-05T06:10:38.335909+07:00,,,,,,unverified,https://planetarycomputer.microsoft.com/api/stac/v1/collections/sentinel-1-grd/items/S1A_IW_GRDH_1SDV_20200404T231025_20200404T231050_031984_03B1B3,"Copernicus Sentinel Data Legal Notice - free, full and open access",EPSG:32647,10 pixel spacing (GRD),VV;VH,,,,provider=Microsoft Planetary Computer; yearly paginated STAC search; AOI coverage=1.000,candidate-unverified
sentinel1,S1A_IW_GRDH_1SDV_20200416T231026_20200416T231051_032159_03B7DC,SENTINEL-1A,2020-04-16T23:10:38.798012Z,2020-04-17T06:10:38.798012+07:00,,,,,,unverified,https://planetarycomputer.microsoft.com/api/stac/v1/collections/sentinel-1-grd/items/S1A_IW_GRDH_1SDV_20200416T231026_20200416T231051_032159_03B7DC,"Copernicus Sentinel Data Legal Notice - free, full and open access",EPSG:32647,10 pixel spacing (GRD),VV;VH,,,,provider=Microsoft Planetary Computer; yearly paginated STAC search; AOI coverage=1.000,candidate-unverified
sentinel1,S1A_IW_GRDH_1SDV_20200428T231026_20200428T231051_032334_03BDFF,SENTINEL-1A,2020-04-28T23:10:39.330520Z,2020-04-29T06:10:39.330520+07:00,,,,,,unverified,https://planetarycomputer.microsoft.com/api/stac/v1/collections/sentinel-1-grd/items/S1A_IW_GRDH_1SDV_20200428T231026_20200428T231051_032334_03BDFF,"Copernicus Sentinel Data Legal Notice - free, full and open access",EPSG:32647,10 pixel spacing (GRD),VV;VH,,,,provider=Microsoft Planetary Computer; yearly paginated STAC search; AOI coverage=1.000,candidate-unverified
sentinel1,S1A_IW_GRDH_1SDV_20200523T113602_20200523T113627_032692_03C963,SENTINEL-1A,2020-05-23T11:36:15.209723Z,2020-05-23T18:36:15.209723+07:00,,,,,,unverified,https://planetarycomputer.microsoft.com/api/stac/v1/collections/sentinel-1-grd/items/S1A_IW_GRDH_1SDV_20200523T113602_20200523T113627_032692_03C963,"Copernicus Sentinel Data Legal Notice - free, full and open access",EPSG:32647,10 pixel spacing (GRD),VV;VH,,,,provider=Microsoft Planetary Computer; yearly paginated STAC search; AOI coverage=1.000,candidate-unverified
sentinel1,S1A_IW_GRDH_1SDV_20200616T113604_20200616T113629_033042_03D3D4,SENTINEL-1A,2020-06-16T11:36:16.639851Z,2020-06-16T18:36:16.639851+07:00,,,,,,unverified,https://planetarycomputer.microsoft.com/api/stac/v1/collections/sentinel-1-grd/items/S1A_IW_GRDH_1SDV_20200616T113604_20200616T113629_033042_03D3D4,"Copernicus Sentinel Data Legal Notice - free, full and open access",EPSG:32647,10 pixel spacing (GRD),VV;VH,,,,provider=Microsoft Planetary Computer; yearly paginated STAC search; AOI coverage=1.000,candidate-unverified
sentinel1,S1A_IW_GRDH_1SDV_20200710T113605_20200710T113630_033392_03DE73,SENTINEL-1A,2020-07-10T11:36:17.932181Z,2020-07-10T18:36:17.932181+07:00,,,,,,unverified,https://planetarycomputer.microsoft.com/api/stac/v1/collections/sentinel-1-grd/items/S1A_IW_GRDH_1SDV_20200710T113605_20200710T113630_033392_03DE73,"Copernicus Sentinel Data Legal Notice - free, full and open access",EPSG:32647,10 pixel spacing (GRD),VV;VH,,,,provider=Microsoft Planetary Computer; yearly paginated STAC search; AOI coverage=1.000,candidate-unverified
sentinel1,S1A_IW_GRDH_1SDV_20200803T113606_20200803T113631_033742_03E92A,SENTINEL-1A,2020-08-03T11:36:19.468157Z,2020-08-03T18:36:19.468157+07:00,,,,,,unverified,https://planetarycomputer.microsoft.com/api/stac/v1/collections/sentinel-1-grd/items/S1A_IW_GRDH_1SDV_20200803T113606_20200803T113631_033742_03E92A,"Copernicus Sentinel Data Legal Notice - free, full and open access",EPSG:32647,10 pixel spacing (GRD),VV;VH,,,,provider=Microsoft Planetary Computer; yearly paginated STAC search; AOI coverage=1.000,candidate-unverified
sentinel1,S1A_IW_GRDH_1SDV_20200827T113608_20200827T113633_034092_03F55D,SENTINEL-1A,2020-08-27T11:36:20.952029Z,2020-08-27T18:36:20.952029+07:00,,,,,,unverified,https://planetarycomputer.microsoft.com/api/stac/v1/collections/sentinel-1-grd/items/S1A_IW_GRDH_1SDV_20200827T113608_20200827T113633_034092_03F55D,"Copernicus Sentinel Data Legal Notice - free, full and open access",EPSG:32647,10 pixel spacing (GRD),VV;VH,,,,provider=Microsoft Planetary Computer; yearly paginated STAC search; AOI coverage=1.000,candidate-unverified
sentinel1,S1A_IW_GRDH_1SDV_20200920T113609_20200920T113634_034442_0401C3,SENTINEL-1A,2020-09-20T11:36:21.759512Z,2020-09-20T18:36:21.759512+07:00,,,,,,unverified,https://planetarycomputer.microsoft.com/api/stac/v1/collections/sentinel-1-grd/items/S1A_IW_GRDH_1SDV_20200920T113609_20200920T113634_034442_0401C3,"Copernicus Sentinel Data Legal Notice - free, full and open access",EPSG:32647,10 pixel spacing (GRD),VV;VH,,,,provider=Microsoft Planetary Computer; yearly paginated STAC search; AOI coverage=1.000,candidate-unverified
sentinel1,S1A_IW_GRDH_1SDV_20201014T113609_20201014T113634_034792_040E00,SENTINEL-1A,2020-10-14T11:36:22.314392Z,2020-10-14T18:36:22.314392+07:00,,,,,,unverified,https://planetarycomputer.microsoft.com/api/stac/v1/collections/sentinel-1-grd/items/S1A_IW_GRDH_1SDV_20201014T113609_20201014T113634_034792_040E00,"Copernicus Sentinel Data Legal Notice - free, full and open access",EPSG:32647,10 pixel spacing (GRD),VV;VH,,,,provider=Microsoft Planetary Computer; yearly paginated STAC search; AOI coverage=1.000,candidate-unverified
sentinel1,S1A_IW_GRDH_1SDV_20201107T113609_20201107T113634_035142_041A0D,SENTINEL-1A,2020-11-07T11:36:22.056174Z,2020-11-07T18:36:22.056174+07:00,,,,,,unverified,https://planetarycomputer.microsoft.com/api/stac/v1/collections/sentinel-1-grd/items/S1A_IW_GRDH_1SDV_20201107T113609_20201107T113634_035142_041A0D,"Copernicus Sentinel Data Legal Notice - free, full and open access",EPSG:32647,10 pixel spacing (GRD),VV;VH,,,,provider=Microsoft Planetary Computer; yearly paginated STAC search; AOI coverage=1.000,candidate-unverified
sentinel1,S1A_IW_GRDH_1SDV_20201201T113608_20201201T113633_035492_04263C,SENTINEL-1A,2020-12-01T11:36:21.340762Z,2020-12-01T18:36:21.340762+07:00,,,,,,unverified,https://planetarycomputer.microsoft.com/api/stac/v1/collections/sentinel-1-grd/items/S1A_IW_GRDH_1SDV_20201201T113608_20201201T113633_035492_04263C,"Copernicus Sentinel Data Legal Notice - free, full and open access",EPSG:32647,10 pixel spacing (GRD),VV;VH,,,,provider=Microsoft Planetary Computer; yearly paginated STAC search; AOI coverage=1.000,candidate-unverified
sentinel1,S1A_IW_GRDH_1SDV_20201225T113607_20201225T113632_035842_04323E,SENTINEL-1A,2020-12-25T11:36:20.338382Z,2020-12-25T18:36:20.338382+07:00,,,,,,unverified,https://planetarycomputer.microsoft.com/api/stac/v1/collections/sentinel-1-grd/items/S1A_IW_GRDH_1SDV_20201225T113607_20201225T113632_035842_04323E,"Copernicus Sentinel Data Legal Notice - free, full and open access",EPSG:32647,10 pixel spacing (GRD),VV;VH,,,,provider=Microsoft Planetary Computer; yearly paginated STAC search; AOI coverage=1.000,candidate-unverified
sentinel1,S1A_IW_GRDH_1SDV_20210106T113607_20210106T113632_036017_04385B,SENTINEL-1A,2021-01-06T11:36:19.646067Z,2021-01-06T18:36:19.646067+07:00,,,,,,unverified,https://planetarycomputer.microsoft.com/api/stac/v1/collections/sentinel-1-grd/items/S1A_IW_GRDH_1SDV_20210106T113607_20210106T113632_036017_04385B,"Copernicus Sentinel Data Legal Notice - free, full and open access",EPSG:32647,10 pixel spacing (GRD),VV;VH,,,,provider=Microsoft Planetary Computer; yearly paginated STAC search; AOI coverage=1.000,candidate-unverified
sentinel1,S1A_IW_GRDH_1SDV_20210130T113606_20210130T113631_036367_044493,SENTINEL-1A,2021-01-30T11:36:18.873868Z,2021-01-30T18:36:18.873868+07:00,,,,,,unverified,https://planetarycomputer.microsoft.com/api/stac/v1/collections/sentinel-1-grd/items/S1A_IW_GRDH_1SDV_20210130T113606_20210130T113631_036367_044493,"Copernicus Sentinel Data Legal Notice - free, full and open access",EPSG:32647,10 pixel spacing (GRD),VV;VH,,,,provider=Microsoft Planetary Computer; yearly paginated STAC search; AOI coverage=1.000,candidate-unverified
sentinel1,S1A_IW_GRDH_1SDV_20210319T113605_20210319T113630_037067_045CF2,SENTINEL-1A,2021-03-19T11:36:18.228197Z,2021-03-19T18:36:18.228197+07:00,,,,,,unverified,https://planetarycomputer.microsoft.com/api/stac/v1/collections/sentinel-1-grd/items/S1A_IW_GRDH_1SDV_20210319T113605_20210319T113630_037067_045CF2,"Copernicus Sentinel Data Legal Notice - free, full and open access",EPSG:32647,10 pixel spacing (GRD),VV;VH,,,,provider=Microsoft Planetary Computer; yearly paginated STAC search; AOI coverage=1.000,candidate-unverified
sentinel1,S1A_IW_GRDH_1SDV_20210412T113606_20210412T113631_037417_046908,SENTINEL-1A,2021-04-12T11:36:19.044880Z,2021-04-12T18:36:19.044880+07:00,,,,,,unverified,https://planetarycomputer.microsoft.com/api/stac/v1/collections/sentinel-1-grd/items/S1A_IW_GRDH_1SDV_20210412T113606_20210412T113631_037417_046908,"Copernicus Sentinel Data Legal Notice - free, full and open access",EPSG:32647,10 pixel spacing (GRD),VV;VH,,,,provider=Microsoft Planetary Computer; yearly paginated STAC search; AOI coverage=1.000,candidate-unverified
sentinel1,S1A_IW_GRDH_1SDV_20210506T113607_20210506T113632_037767_047515,SENTINEL-1A,2021-05-06T11:36:20.045476Z,2021-05-06T18:36:20.045476+07:00,,,,,,unverified,https://planetarycomputer.microsoft.com/api/stac/v1/collections/sentinel-1-grd/items/S1A_IW_GRDH_1SDV_20210506T113607_20210506T113632_037767_047515,"Copernicus Sentinel Data Legal Notice - free, full and open access",EPSG:32647,10 pixel spacing (GRD),VV;VH,,,,provider=Microsoft Planetary Computer; yearly paginated STAC search; AOI coverage=1.000,candidate-unverified
sentinel1,S1A_IW_GRDH_1SDV_20210530T113608_20210530T113633_038117_047F9F,SENTINEL-1A,2021-05-30T11:36:21.403245Z,2021-05-30T18:36:21.403245+07:00,,,,,,unverified,https://planetarycomputer.microsoft.com/api/stac/v1/collections/sentinel-1-grd/items/S1A_IW_GRDH_1SDV_20210530T113608_20210530T113633_038117_047F9F,"Copernicus Sentinel Data Legal Notice - free, full and open access",EPSG:32647,10 pixel spacing (GRD),VV;VH,,,,provider=Microsoft Planetary Computer; yearly paginated STAC search; AOI coverage=1.000,candidate-unverified
sentinel1,S1A_IW_GRDH_1SDV_20210623T113610_20210623T113635_038467_048A03,SENTINEL-1A,2021-06-23T11:36:22.783094Z,2021-06-23T18:36:22.783094+07:00,,,,,,unverified,https://planetarycomputer.microsoft.com/api/stac/v1/collections/sentinel-1-grd/items/S1A_IW_GRDH_1SDV_20210623T113610_20210623T113635_038467_048A03,"Copernicus Sentinel Data Legal Notice - free, full and open access",EPSG:32647,10 pixel spacing (GRD),VV;VH,,,,provider=Microsoft Planetary Computer; yearly paginated STAC search; AOI coverage=1.000,candidate-unverified
sentinel1,S1A_IW_GRDH_1SDV_20210717T113611_20210717T113636_038817_04948B,SENTINEL-1A,2021-07-17T11:36:24.358992Z,2021-07-17T18:36:24.358992+07:00,,,,,,unverified,https://planetarycomputer.microsoft.com/api/stac/v1/collections/sentinel-1-grd/items/S1A_IW_GRDH_1SDV_20210717T113611_20210717T113636_038817_04948B,"Copernicus Sentinel Data Legal Notice - free, full and open access",EPSG:32647,10 pixel spacing (GRD),VV;VH,,,,provider=Microsoft Planetary Computer; yearly paginated STAC search; AOI coverage=1.000,candidate-unverified
sentinel1,S1A_IW_GRDH_1SDV_20210809T231037_20210809T231102_039159_049F31,SENTINEL-1A,2021-08-09T23:10:50.445091Z,2021-08-10T06:10:50.445091+07:00,,,,,,unverified,https://planetarycomputer.microsoft.com/api/stac/v1/collections/sentinel-1-grd/items/S1A_IW_GRDH_1SDV_20210809T231037_20210809T231102_039159_049F31,"Copernicus Sentinel Data Legal Notice - free, full and open access",EPSG:32647,10 pixel spacing (GRD),VV;VH,,,,provider=Microsoft Planetary Computer; yearly paginated STAC search; AOI coverage=1.000,candidate-unverified
sentinel1,S1A_IW_GRDH_1SDV_20210821T231038_20210821T231103_039334_04A53A,SENTINEL-1A,2021-08-21T23:10:51.086270Z,2021-08-22T06:10:51.086270+07:00,,,,,,unverified,https://planetarycomputer.microsoft.com/api/stac/v1/collections/sentinel-1-grd/items/S1A_IW_GRDH_1SDV_20210821T231038_20210821T231103_039334_04A53A,"Copernicus Sentinel Data Legal Notice - free, full and open access",EPSG:32647,10 pixel spacing (GRD),VV;VH,,,,provider=Microsoft Planetary Computer; yearly paginated STAC search; AOI coverage=1.000,candidate-unverified
sentinel1,S1A_IW_GRDH_1SDV_20210902T231039_20210902T231104_039509_04AB31,SENTINEL-1A,2021-09-02T23:10:51.527226Z,2021-09-03T06:10:51.527226+07:00,,,,,,unverified,https://planetarycomputer.microsoft.com/api/stac/v1/collections/sentinel-1-grd/items/S1A_IW_GRDH_1SDV_20210902T231039_20210902T231104_039509_04AB31,"Copernicus Sentinel Data Legal Notice - free, full and open access",EPSG:32647,10 pixel spacing (GRD),VV;VH,,,,provider=Microsoft Planetary Computer; yearly paginated STAC search; AOI coverage=1.000,candidate-unverified
sentinel1,S1A_IW_GRDH_1SDV_20210914T231039_20210914T231104_039684_04B146,SENTINEL-1A,2021-09-14T23:10:52.118533Z,2021-09-15T06:10:52.118533+07:00,,,,,,unverified,https://planetarycomputer.microsoft.com/api/stac/v1/collections/sentinel-1-grd/items/S1A_IW_GRDH_1SDV_20210914T231039_20210914T231104_039684_04B146,"Copernicus Sentinel Data Legal Notice - free, full and open access",EPSG:32647,10 pixel spacing (GRD),VV;VH,,,,provider=Microsoft Planetary Computer; yearly paginated STAC search; AOI coverage=1.000,candidate-unverified
sentinel1,S1A_IW_GRDH_1SDV_20210927T113615_20210927T113640_039867_04B775,SENTINEL-1A,2021-09-27T11:36:27.768726Z,2021-09-27T18:36:27.768726+07:00,,,,,,unverified,https://planetarycomputer.microsoft.com/api/stac/v1/collections/sentinel-1-grd/items/S1A_IW_GRDH_1SDV_20210927T113615_20210927T113640_039867_04B775,"Copernicus Sentinel Data Legal Notice - free, full and open access",EPSG:32647,10 pixel spacing (GRD),VV;VH,,,,provider=Microsoft Planetary Computer; yearly paginated STAC search; AOI coverage=1.000,candidate-unverified
sentinel1,S1A_IW_GRDH_1SDV_20211009T113615_20211009T113640_040042_04BD80,SENTINEL-1A,2021-10-09T11:36:27.899716Z,2021-10-09T18:36:27.899716+07:00,,,,,,unverified,https://planetarycomputer.microsoft.com/api/stac/v1/collections/sentinel-1-grd/items/S1A_IW_GRDH_1SDV_20211009T113615_20211009T113640_040042_04BD80,"Copernicus Sentinel Data Legal Notice - free, full and open access",EPSG:32647,10 pixel spacing (GRD),VV;VH,,,,provider=Microsoft Planetary Computer; yearly paginated STAC search; AOI coverage=1.000,candidate-unverified
sentinel1,S1A_IW_GRDH_1SDV_20211021T113615_20211021T113640_040217_04C394,SENTINEL-1A,2021-10-21T11:36:28.069895Z,2021-10-21T18:36:28.069895+07:00,,,,,,unverified,https://planetarycomputer.microsoft.com/api/stac/v1/collections/sentinel-1-grd/items/S1A_IW_GRDH_1SDV_20211021T113615_20211021T113640_040217_04C394,"Copernicus Sentinel Data Legal Notice - free, full and open access",EPSG:32647,10 pixel spacing (GRD),VV;VH,,,,provider=Microsoft Planetary Computer; yearly paginated STAC search; AOI coverage=1.000,candidate-unverified
sentinel1,S1A_IW_GRDH_1SDV_20211113T231039_20211113T231104_040559_04CF7E,SENTINEL-1A,2021-11-13T23:10:52.464236Z,2021-11-14T06:10:52.464236+07:00,,,,,,unverified,https://planetarycomputer.microsoft.com/api/stac/v1/collections/sentinel-1-grd/items/S1A_IW_GRDH_1SDV_20211113T231039_20211113T231104_040559_04CF7E,"Copernicus Sentinel Data Legal Notice - free, full and open access",EPSG:32647,10 pixel spacing (GRD),VV;VH,,,,provider=Microsoft Planetary Computer; yearly paginated STAC search; AOI coverage=1.000,candidate-unverified
sentinel1,S1A_IW_GRDH_1SDV_20211125T231039_20211125T231104_040734_04D587,SENTINEL-1A,2021-11-25T23:10:52.065072Z,2021-11-26T06:10:52.065072+07:00,,,,,,unverified,https://planetarycomputer.microsoft.com/api/stac/v1/collections/sentinel-1-grd/items/S1A_IW_GRDH_1SDV_20211125T231039_20211125T231104_040734_04D587,"Copernicus Sentinel Data Legal Notice - free, full and open access",EPSG:32647,10 pixel spacing (GRD),VV;VH,,,,provider=Microsoft Planetary Computer; yearly paginated STAC search; AOI coverage=1.000,candidate-unverified
sentinel1,S1A_IW_GRDH_1SDV_20211207T231038_20211207T231103_040909_04DBA2,SENTINEL-1A,2021-12-07T23:10:51.472934Z,2021-12-08T06:10:51.472934+07:00,,,,,,unverified,https://planetarycomputer.microsoft.com/api/stac/v1/collections/sentinel-1-grd/items/S1A_IW_GRDH_1SDV_20211207T231038_20211207T231103_040909_04DBA2,"Copernicus Sentinel Data Legal Notice - free, full and open access",EPSG:32647,10 pixel spacing (GRD),VV;VH,,,,provider=Microsoft Planetary Computer; yearly paginated STAC search; AOI coverage=1.000,candidate-unverified
sentinel1,S1A_IW_GRDH_1SDV_20211219T231038_20211219T231103_041084_04E186,SENTINEL-1A,2021-12-19T23:10:51.027822Z,2021-12-20T06:10:51.027822+07:00,,,,,,unverified,https://planetarycomputer.microsoft.com/api/stac/v1/collections/sentinel-1-grd/items/S1A_IW_GRDH_1SDV_20211219T231038_20211219T231103_041084_04E186,"Copernicus Sentinel Data Legal Notice - free, full and open access",EPSG:32647,10 pixel spacing (GRD),VV;VH,,,,provider=Microsoft Planetary Computer; yearly paginated STAC search; AOI coverage=1.000,candidate-unverified
sentinel1,S1A_IW_GRDH_1SDV_20211231T231037_20211231T231102_041259_04E755,SENTINEL-1A,2021-12-31T23:10:50.370270Z,2022-01-01T06:10:50.370270+07:00,,,,,,unverified,https://planetarycomputer.microsoft.com/api/stac/v1/collections/sentinel-1-grd/items/S1A_IW_GRDH_1SDV_20211231T231037_20211231T231102_041259_04E755,"Copernicus Sentinel Data Legal Notice - free, full and open access",EPSG:32647,10 pixel spacing (GRD),VV;VH,,,,provider=Microsoft Planetary Computer; yearly paginated STAC search; AOI coverage=1.000,candidate-unverified
sentinel1,S1A_IW_GRDH_1SDV_20220101T113613_20220101T113638_041267_04E79D,SENTINEL-1A,2022-01-01T11:36:25.518572Z,2022-01-01T18:36:25.518572+07:00,,,,,,unverified,https://planetarycomputer.microsoft.com/api/stac/v1/collections/sentinel-1-grd/items/S1A_IW_GRDH_1SDV_20220101T113613_20220101T113638_041267_04E79D,"Copernicus Sentinel Data Legal Notice - free, full and open access",EPSG:32647,10 pixel spacing (GRD),VV;VH,,,,provider=Microsoft Planetary Computer; yearly paginated STAC search; AOI coverage=1.000,candidate-unverified
sentinel1,S1A_IW_GRDH_1SDV_20220125T113612_20220125T113637_041617_04F358,SENTINEL-1A,2022-01-25T11:36:24.541369Z,2022-01-25T18:36:24.541369+07:00,,,,,,unverified,https://planetarycomputer.microsoft.com/api/stac/v1/collections/sentinel-1-grd/items/S1A_IW_GRDH_1SDV_20220125T113612_20220125T113637_041617_04F358,"Copernicus Sentinel Data Legal Notice - free, full and open access",EPSG:32647,10 pixel spacing (GRD),VV;VH,,,,provider=Microsoft Planetary Computer; yearly paginated STAC search; AOI coverage=1.000,candidate-unverified
sentinel1,S1A_IW_GRDH_1SDV_20220217T231036_20220217T231101_041959_04FF2B,SENTINEL-1A,2022-02-17T23:10:48.701363Z,2022-02-18T06:10:48.701363+07:00,,,,,,unverified,https://planetarycomputer.microsoft.com/api/stac/v1/collections/sentinel-1-grd/items/S1A_IW_GRDH_1SDV_20220217T231036_20220217T231101_041959_04FF2B,"Copernicus Sentinel Data Legal Notice - free, full and open access",EPSG:32647,10 pixel spacing (GRD),VV;VH,,,,provider=Microsoft Planetary Computer; yearly paginated STAC search; AOI coverage=1.000,candidate-unverified
sentinel1,S1A_IW_GRDH_1SDV_20220314T113611_20220314T113636_042317_050B5D,SENTINEL-1A,2022-03-14T11:36:23.873655Z,2022-03-14T18:36:23.873655+07:00,,,,,,unverified,https://planetarycomputer.microsoft.com/api/stac/v1/collections/sentinel-1-grd/items/S1A_IW_GRDH_1SDV_20220314T113611_20220314T113636_042317_050B5D,"Copernicus Sentinel Data Legal Notice - free, full and open access",EPSG:32647,10 pixel spacing (GRD),VV;VH,,,,provider=Microsoft Planetary Computer; yearly paginated STAC search; AOI coverage=1.000,candidate-unverified
sentinel1,S1A_IW_GRDH_1SDV_20220406T231036_20220406T231101_042659_0516FD,SENTINEL-1A,2022-04-06T23:10:49.076767Z,2022-04-07T06:10:49.076767+07:00,,,,,,unverified,https://planetarycomputer.microsoft.com/api/stac/v1/collections/sentinel-1-grd/items/S1A_IW_GRDH_1SDV_20220406T231036_20220406T231101_042659_0516FD,"Copernicus Sentinel Data Legal Notice - free, full and open access",EPSG:32647,10 pixel spacing (GRD),VV;VH,,,,provider=Microsoft Planetary Computer; yearly paginated STAC search; AOI coverage=1.000,candidate-unverified
sentinel1,S1A_IW_GRDH_1SDV_20220418T231037_20220418T231102_042834_051CDB,SENTINEL-1A,2022-04-18T23:10:49.629059Z,2022-04-19T06:10:49.629059+07:00,,,,,,unverified,https://planetarycomputer.microsoft.com/api/stac/v1/collections/sentinel-1-grd/items/S1A_IW_GRDH_1SDV_20220418T231037_20220418T231102_042834_051CDB,"Copernicus Sentinel Data Legal Notice - free, full and open access",EPSG:32647,10 pixel spacing (GRD),VV;VH,,,,provider=Microsoft Planetary Computer; yearly paginated STAC search; AOI coverage=1.000,candidate-unverified
sentinel1,S1A_IW_GRDH_1SDV_20220501T113612_20220501T113637_043017_0522E1,SENTINEL-1A,2022-05-01T11:36:25.374408Z,2022-05-01T18:36:25.374408+07:00,,,,,,unverified,https://planetarycomputer.microsoft.com/api/stac/v1/collections/sentinel-1-grd/items/S1A_IW_GRDH_1SDV_20220501T113612_20220501T113637_043017_0522E1,"Copernicus Sentinel Data Legal Notice - free, full and open access",EPSG:32647,10 pixel spacing (GRD),VV;VH,,,,provider=Microsoft Planetary Computer; yearly paginated STAC search; AOI coverage=1.000,candidate-unverified
sentinel1,S1A_IW_GRDH_1SDV_20220524T231038_20220524T231103_043359_052D80,SENTINEL-1A,2022-05-24T23:10:51.492553Z,2022-05-25T06:10:51.492553+07:00,,,,,,unverified,https://planetarycomputer.microsoft.com/api/stac/v1/collections/sentinel-1-grd/items/S1A_IW_GRDH_1SDV_20220524T231038_20220524T231103_043359_052D80,"Copernicus Sentinel Data Legal Notice - free, full and open access",EPSG:32647,10 pixel spacing (GRD),VV;VH,,,,provider=Microsoft Planetary Computer; yearly paginated STAC search; AOI coverage=1.000,candidate-unverified
sentinel1,S1A_IW_GRDH_1SDV_20220606T113615_20220606T113640_043542_0532F0,SENTINEL-1A,2022-06-06T11:36:28.144241Z,2022-06-06T18:36:28.144241+07:00,,,,,,unverified,https://planetarycomputer.microsoft.com/api/stac/v1/collections/sentinel-1-grd/items/S1A_IW_GRDH_1SDV_20220606T113615_20220606T113640_043542_0532F0,"Copernicus Sentinel Data Legal Notice - free, full and open access",EPSG:32647,10 pixel spacing (GRD),VV;VH,,,,provider=Microsoft Planetary Computer; yearly paginated STAC search; AOI coverage=1.000,candidate-unverified
sentinel1,S1A_IW_GRDH_1SDV_20220630T113616_20220630T113641_043892_053D5F,SENTINEL-1A,2022-06-30T11:36:29.419094Z,2022-06-30T18:36:29.419094+07:00,,,,,,unverified,https://planetarycomputer.microsoft.com/api/stac/v1/collections/sentinel-1-grd/items/S1A_IW_GRDH_1SDV_20220630T113616_20220630T113641_043892_053D5F,"Copernicus Sentinel Data Legal Notice - free, full and open access",EPSG:32647,10 pixel spacing (GRD),VV;VH,,,,provider=Microsoft Planetary Computer; yearly paginated STAC search; AOI coverage=1.000,candidate-unverified
sentinel1,S1A_IW_GRDH_1SDV_20220723T231043_20220723T231108_044234_054790,SENTINEL-1A,2022-07-23T23:10:55.680754Z,2022-07-24T06:10:55.680754+07:00,,,,,,unverified,https://planetarycomputer.microsoft.com/api/stac/v1/collections/sentinel-1-grd/items/S1A_IW_GRDH_1SDV_20220723T231043_20220723T231108_044234_054790,"Copernicus Sentinel Data Legal Notice - free, full and open access",EPSG:32647,10 pixel spacing (GRD),VV;VH,,,,provider=Microsoft Planetary Computer; yearly paginated STAC search; AOI coverage=1.000,candidate-unverified
sentinel1,S1A_IW_GRDH_1SDV_20220805T113619_20220805T113644_044417_054CED,SENTINEL-1A,2022-08-05T11:36:31.754288Z,2022-08-05T18:36:31.754288+07:00,,,,,,unverified,https://planetarycomputer.microsoft.com/api/stac/v1/collections/sentinel-1-grd/items/S1A_IW_GRDH_1SDV_20220805T113619_20220805T113644_044417_054CED,"Copernicus Sentinel Data Legal Notice - free, full and open access",EPSG:32647,10 pixel spacing (GRD),VV;VH,,,,provider=Microsoft Planetary Computer; yearly paginated STAC search; AOI coverage=1.000,candidate-unverified
sentinel1,S1A_IW_GRDH_1SDV_20220828T231045_20220828T231110_044759_05583B,SENTINEL-1A,2022-08-28T23:10:57.588330Z,2022-08-29T06:10:57.588330+07:00,,,,,,unverified,https://planetarycomputer.microsoft.com/api/stac/v1/collections/sentinel-1-grd/items/S1A_IW_GRDH_1SDV_20220828T231045_20220828T231110_044759_05583B,"Copernicus Sentinel Data Legal Notice - free, full and open access",EPSG:32647,10 pixel spacing (GRD),VV;VH,,,,provider=Microsoft Planetary Computer; yearly paginated STAC search; AOI coverage=1.000,candidate-unverified
sentinel1,S1A_IW_GRDH_1SDV_20220910T113621_20220910T113646_044942_055E57,SENTINEL-1A,2022-09-10T11:36:33.681654Z,2022-09-10T18:36:33.681654+07:00,,,,,,unverified,https://planetarycomputer.microsoft.com/api/stac/v1/collections/sentinel-1-grd/items/S1A_IW_GRDH_1SDV_20220910T113621_20220910T113646_044942_055E57,"Copernicus Sentinel Data Legal Notice - free, full and open access",EPSG:32647,10 pixel spacing (GRD),VV;VH,,,,provider=Microsoft Planetary Computer; yearly paginated STAC search; AOI coverage=1.000,candidate-unverified
sentinel1,S1A_IW_GRDH_1SDV_20221003T231046_20221003T231111_045284_0569E1,SENTINEL-1A,2022-10-03T23:10:58.672835Z,2022-10-04T06:10:58.672835+07:00,,,,,,unverified,https://planetarycomputer.microsoft.com/api/stac/v1/collections/sentinel-1-grd/items/S1A_IW_GRDH_1SDV_20221003T231046_20221003T231111_045284_0569E1,"Copernicus Sentinel Data Legal Notice - free, full and open access",EPSG:32647,10 pixel spacing (GRD),VV;VH,,,,provider=Microsoft Planetary Computer; yearly paginated STAC search; AOI coverage=1.000,candidate-unverified
sentinel1,S1A_IW_GRDH_1SDV_20221016T113621_20221016T113646_045467_056FE9,SENTINEL-1A,2022-10-16T11:36:34.002004Z,2022-10-16T18:36:34.002004+07:00,,,,,,unverified,https://planetarycomputer.microsoft.com/api/stac/v1/collections/sentinel-1-grd/items/S1A_IW_GRDH_1SDV_20221016T113621_20221016T113646_045467_056FE9,"Copernicus Sentinel Data Legal Notice - free, full and open access",EPSG:32647,10 pixel spacing (GRD),VV;VH,,,,provider=Microsoft Planetary Computer; yearly paginated STAC search; AOI coverage=1.000,candidate-unverified
sentinel1,S1A_IW_GRDH_1SDV_20221108T231045_20221108T231110_045809_057ADB,SENTINEL-1A,2022-11-08T23:10:58.268817Z,2022-11-09T06:10:58.268817+07:00,,,,,,unverified,https://planetarycomputer.microsoft.com/api/stac/v1/collections/sentinel-1-grd/items/S1A_IW_GRDH_1SDV_20221108T231045_20221108T231110_045809_057ADB,"Copernicus Sentinel Data Legal Notice - free, full and open access",EPSG:32647,10 pixel spacing (GRD),VV;VH,,,,provider=Microsoft Planetary Computer; yearly paginated STAC search; AOI coverage=1.000,candidate-unverified
sentinel1,S1A_IW_GRDH_1SDV_20221121T113621_20221121T113646_045992_058102,SENTINEL-1A,2022-11-21T11:36:33.697160Z,2022-11-21T18:36:33.697160+07:00,,,,,,unverified,https://planetarycomputer.microsoft.com/api/stac/v1/collections/sentinel-1-grd/items/S1A_IW_GRDH_1SDV_20221121T113621_20221121T113646_045992_058102,"Copernicus Sentinel Data Legal Notice - free, full and open access",EPSG:32647,10 pixel spacing (GRD),VV;VH,,,,provider=Microsoft Planetary Computer; yearly paginated STAC search; AOI coverage=1.000,candidate-unverified
sentinel1,S1A_IW_GRDH_1SDV_20221214T231056_20221214T231121_046334_058CAA,SENTINEL-1A,2022-12-14T23:11:08.776087Z,2022-12-15T06:11:08.776087+07:00,,,,,,unverified,https://planetarycomputer.microsoft.com/api/stac/v1/collections/sentinel-1-grd/items/S1A_IW_GRDH_1SDV_20221214T231056_20221214T231121_046334_058CAA,"Copernicus Sentinel Data Legal Notice - free, full and open access",EPSG:32647,10 pixel spacing (GRD),VV;VH,,,,provider=Microsoft Planetary Computer; yearly paginated STAC search; AOI coverage=1.000,candidate-unverified
sentinel1,S1A_IW_GRDH_1SDV_20221227T113619_20221227T113643_046517_0592E7,SENTINEL-1A,2022-12-27T11:36:31.500410Z,2022-12-27T18:36:31.500410+07:00,,,,,,unverified,https://planetarycomputer.microsoft.com/api/stac/v1/collections/sentinel-1-grd/items/S1A_IW_GRDH_1SDV_20221227T113619_20221227T113643_046517_0592E7,"Copernicus Sentinel Data Legal Notice - free, full and open access",EPSG:32647,10 pixel spacing (GRD),VV;VH,,,,provider=Microsoft Planetary Computer; yearly paginated STAC search; AOI coverage=1.000,candidate-unverified
sentinel1,S1A_IW_GRDH_1SDV_20230107T231043_20230107T231108_046684_059883,SENTINEL-1A,2023-01-07T23:10:55.820685Z,2023-01-08T06:10:55.820685+07:00,,,,,,unverified,https://planetarycomputer.microsoft.com/api/stac/v1/collections/sentinel-1-grd/items/S1A_IW_GRDH_1SDV_20230107T231043_20230107T231108_046684_059883,"Copernicus Sentinel Data Legal Notice - free, full and open access",EPSG:32647,10 pixel spacing (GRD),VV;VH,,,,provider=Microsoft Planetary Computer; yearly paginated STAC search; AOI coverage=1.000,candidate-unverified
sentinel1,S1A_IW_GRDH_1SDV_20230120T113617_20230120T113642_046867_059EAF,SENTINEL-1A,2023-01-20T11:36:30.310127Z,2023-01-20T18:36:30.310127+07:00,,,,,,unverified,https://planetarycomputer.microsoft.com/api/stac/v1/collections/sentinel-1-grd/items/S1A_IW_GRDH_1SDV_20230120T113617_20230120T113642_046867_059EAF,"Copernicus Sentinel Data Legal Notice - free, full and open access",EPSG:32647,10 pixel spacing (GRD),VV;VH,,,,provider=Microsoft Planetary Computer; yearly paginated STAC search; AOI coverage=1.000,candidate-unverified
sentinel1,S1A_IW_GRDH_1SDV_20230212T231042_20230212T231107_047209_05AA27,SENTINEL-1A,2023-02-12T23:10:54.652759Z,2023-02-13T06:10:54.652759+07:00,,,,,,unverified,https://planetarycomputer.microsoft.com/api/stac/v1/collections/sentinel-1-grd/items/S1A_IW_GRDH_1SDV_20230212T231042_20230212T231107_047209_05AA27,"Copernicus Sentinel Data Legal Notice - free, full and open access",EPSG:32647,10 pixel spacing (GRD),VV;VH,,,,provider=Microsoft Planetary Computer; yearly paginated STAC search; AOI coverage=1.000,candidate-unverified
sentinel1,S1A_IW_GRDH_1SDV_20230224T231041_20230224T231106_047384_05B01B,SENTINEL-1A,2023-02-24T23:10:54.333379Z,2023-02-25T06:10:54.333379+07:00,,,,,,unverified,https://planetarycomputer.microsoft.com/api/stac/v1/collections/sentinel-1-grd/items/S1A_IW_GRDH_1SDV_20230224T231041_20230224T231106_047384_05B01B,"Copernicus Sentinel Data Legal Notice - free, full and open access",EPSG:32647,10 pixel spacing (GRD),VV;VH,,,,provider=Microsoft Planetary Computer; yearly paginated STAC search; AOI coverage=1.000,candidate-unverified
sentinel1,S1A_IW_GRDH_1SDV_20230320T231041_20230320T231106_047734_05BBF4,SENTINEL-1A,2023-03-20T23:10:54.460967Z,2023-03-21T06:10:54.460967+07:00,,,,,,unverified,https://planetarycomputer.microsoft.com/api/stac/v1/collections/sentinel-1-grd/items/S1A_IW_GRDH_1SDV_20230320T231041_20230320T231106_047734_05BBF4,"Copernicus Sentinel Data Legal Notice - free, full and open access",EPSG:32647,10 pixel spacing (GRD),VV;VH,,,,provider=Microsoft Planetary Computer; yearly paginated STAC search; AOI coverage=1.000,candidate-unverified
sentinel1,S1A_IW_GRDH_1SDV_20230402T113617_20230402T113642_047917_05C211,SENTINEL-1A,2023-04-02T11:36:30.168917Z,2023-04-02T18:36:30.168917+07:00,,,,,,unverified,https://planetarycomputer.microsoft.com/api/stac/v1/collections/sentinel-1-grd/items/S1A_IW_GRDH_1SDV_20230402T113617_20230402T113642_047917_05C211,"Copernicus Sentinel Data Legal Notice - free, full and open access",EPSG:32647,10 pixel spacing (GRD),VV;VH,,,,provider=Microsoft Planetary Computer; yearly paginated STAC search; AOI coverage=1.000,candidate-unverified
sentinel1,S1A_IW_GRDH_1SDV_20230425T231043_20230425T231108_048259_05CD9D,SENTINEL-1A,2023-04-25T23:10:55.612202Z,2023-04-26T06:10:55.612202+07:00,,,,,,unverified,https://planetarycomputer.microsoft.com/api/stac/v1/collections/sentinel-1-grd/items/S1A_IW_GRDH_1SDV_20230425T231043_20230425T231108_048259_05CD9D,"Copernicus Sentinel Data Legal Notice - free, full and open access",EPSG:32647,10 pixel spacing (GRD),VV;VH,,,,provider=Microsoft Planetary Computer; yearly paginated STAC search; AOI coverage=1.000,candidate-unverified
sentinel1,S1A_IW_GRDH_1SDV_20230508T113619_20230508T113644_048442_05D3BC,SENTINEL-1A,2023-05-08T11:36:31.575255Z,2023-05-08T18:36:31.575255+07:00,,,,,,unverified,https://planetarycomputer.microsoft.com/api/stac/v1/collections/sentinel-1-grd/items/S1A_IW_GRDH_1SDV_20230508T113619_20230508T113644_048442_05D3BC,"Copernicus Sentinel Data Legal Notice - free, full and open access",EPSG:32647,10 pixel spacing (GRD),VV;VH,,,,provider=Microsoft Planetary Computer; yearly paginated STAC search; AOI coverage=1.000,candidate-unverified
sentinel1,S1A_IW_GRDH_1SDV_20230520T113619_20230520T113644_048617_05D8EB,SENTINEL-1A,2023-05-20T11:36:32.306108Z,2023-05-20T18:36:32.306108+07:00,,,,,,unverified,https://planetarycomputer.microsoft.com/api/stac/v1/collections/sentinel-1-grd/items/S1A_IW_GRDH_1SDV_20230520T113619_20230520T113644_048617_05D8EB,"Copernicus Sentinel Data Legal Notice - free, full and open access",EPSG:32647,10 pixel spacing (GRD),VV;VH,,,,provider=Microsoft Planetary Computer; yearly paginated STAC search; AOI coverage=1.000,candidate-unverified
sentinel1,S1A_IW_GRDH_1SDV_20230624T231046_20230624T231111_049134_05E88A,SENTINEL-1A,2023-06-24T23:10:58.942930Z,2023-06-25T06:10:58.942930+07:00,,,,,,unverified,https://planetarycomputer.microsoft.com/api/stac/v1/collections/sentinel-1-grd/items/S1A_IW_GRDH_1SDV_20230624T231046_20230624T231111_049134_05E88A,"Copernicus Sentinel Data Legal Notice - free, full and open access",EPSG:32647,10 pixel spacing (GRD),VV;VH,,,,provider=Microsoft Planetary Computer; yearly paginated STAC search; AOI coverage=1.000,candidate-unverified
sentinel1,S1A_IW_GRDH_1SDV_20230707T113622_20230707T113647_049317_05EE2D,SENTINEL-1A,2023-07-07T11:36:34.891716Z,2023-07-07T18:36:34.891716+07:00,,,,,,unverified,https://planetarycomputer.microsoft.com/api/stac/v1/collections/sentinel-1-grd/items/S1A_IW_GRDH_1SDV_20230707T113622_20230707T113647_049317_05EE2D,"Copernicus Sentinel Data Legal Notice - free, full and open access",EPSG:32647,10 pixel spacing (GRD),VV;VH,,,,provider=Microsoft Planetary Computer; yearly paginated STAC search; AOI coverage=1.000,candidate-unverified
sentinel1,S1A_IW_GRDH_1SDV_20230811T231048_20230811T231113_049834_05FE4E,SENTINEL-1A,2023-08-11T23:11:01.160163Z,2023-08-12T06:11:01.160163+07:00,,,,,,unverified,https://planetarycomputer.microsoft.com/api/stac/v1/collections/sentinel-1-grd/items/S1A_IW_GRDH_1SDV_20230811T231048_20230811T231113_049834_05FE4E,"Copernicus Sentinel Data Legal Notice - free, full and open access",EPSG:32647,10 pixel spacing (GRD),VV;VH,,,,provider=Microsoft Planetary Computer; yearly paginated STAC search; AOI coverage=1.000,candidate-unverified
sentinel1,S1A_IW_GRDH_1SDV_20230823T231049_20230823T231114_050009_060444,SENTINEL-1A,2023-08-23T23:11:02.184933Z,2023-08-24T06:11:02.184933+07:00,,,,,,unverified,https://planetarycomputer.microsoft.com/api/stac/v1/collections/sentinel-1-grd/items/S1A_IW_GRDH_1SDV_20230823T231049_20230823T231114_050009_060444,"Copernicus Sentinel Data Legal Notice - free, full and open access",EPSG:32647,10 pixel spacing (GRD),VV;VH,,,,provider=Microsoft Planetary Computer; yearly paginated STAC search; AOI coverage=1.000,candidate-unverified
sentinel1,S1A_IW_GRDH_1SDV_20230905T113625_20230905T113650_050192_060A8B,SENTINEL-1A,2023-09-05T11:36:38.266773Z,2023-09-05T18:36:38.266773+07:00,,,,,,unverified,https://planetarycomputer.microsoft.com/api/stac/v1/collections/sentinel-1-grd/items/S1A_IW_GRDH_1SDV_20230905T113625_20230905T113650_050192_060A8B,"Copernicus Sentinel Data Legal Notice - free, full and open access",EPSG:32647,10 pixel spacing (GRD),VV;VH,,,,provider=Microsoft Planetary Computer; yearly paginated STAC search; AOI coverage=1.000,candidate-unverified
sentinel1,S1A_IW_GRDH_1SDV_20230928T231051_20230928T231116_050534_06162E,SENTINEL-1A,2023-09-28T23:11:03.707298Z,2023-09-29T06:11:03.707298+07:00,,,,,,unverified,https://planetarycomputer.microsoft.com/api/stac/v1/collections/sentinel-1-grd/items/S1A_IW_GRDH_1SDV_20230928T231051_20230928T231116_050534_06162E,"Copernicus Sentinel Data Legal Notice - free, full and open access",EPSG:32647,10 pixel spacing (GRD),VV;VH,,,,provider=Microsoft Planetary Computer; yearly paginated STAC search; AOI coverage=1.000,candidate-unverified
sentinel1,S1A_IW_GRDH_1SDV_20231011T113625_20231011T113650_050717_061C76,SENTINEL-1A,2023-10-11T11:36:38.429909Z,2023-10-11T18:36:38.429909+07:00,,,,,,unverified,https://planetarycomputer.microsoft.com/api/stac/v1/collections/sentinel-1-grd/items/S1A_IW_GRDH_1SDV_20231011T113625_20231011T113650_050717_061C76,"Copernicus Sentinel Data Legal Notice - free, full and open access",EPSG:32647,10 pixel spacing (GRD),VV;VH,,,,provider=Microsoft Planetary Computer; yearly paginated STAC search; AOI coverage=1.000,candidate-unverified
sentinel1,S1A_IW_GRDH_1SDV_20231103T231050_20231103T231115_051059_062827,SENTINEL-1A,2023-11-03T23:11:03.387431Z,2023-11-04T06:11:03.387431+07:00,,,,,,unverified,https://planetarycomputer.microsoft.com/api/stac/v1/collections/sentinel-1-grd/items/S1A_IW_GRDH_1SDV_20231103T231050_20231103T231115_051059_062827,"Copernicus Sentinel Data Legal Notice - free, full and open access",EPSG:32647,10 pixel spacing (GRD),VV;VH,,,,provider=Microsoft Planetary Computer; yearly paginated STAC search; AOI coverage=1.000,candidate-unverified
sentinel1,S1A_IW_GRDH_1SDV_20231115T231050_20231115T231115_051234_062E34,SENTINEL-1A,2023-11-15T23:11:03.239358Z,2023-11-16T06:11:03.239358+07:00,,,,,,unverified,https://planetarycomputer.microsoft.com/api/stac/v1/collections/sentinel-1-grd/items/S1A_IW_GRDH_1SDV_20231115T231050_20231115T231115_051234_062E34,"Copernicus Sentinel Data Legal Notice - free, full and open access",EPSG:32647,10 pixel spacing (GRD),VV;VH,,,,provider=Microsoft Planetary Computer; yearly paginated STAC search; AOI coverage=1.000,candidate-unverified
sentinel1,S1A_IW_GRDH_1SDV_20231209T231049_20231209T231114_051584_063A4C,SENTINEL-1A,2023-12-09T23:11:02.442892Z,2023-12-10T06:11:02.442892+07:00,,,,,,unverified,https://planetarycomputer.microsoft.com/api/stac/v1/collections/sentinel-1-grd/items/S1A_IW_GRDH_1SDV_20231209T231049_20231209T231114_051584_063A4C,"Copernicus Sentinel Data Legal Notice - free, full and open access",EPSG:32647,10 pixel spacing (GRD),VV;VH,,,,provider=Microsoft Planetary Computer; yearly paginated STAC search; AOI coverage=1.000,candidate-unverified
sentinel1,S1A_IW_GRDH_1SDV_20231222T113623_20231222T113648_051767_0640AA,SENTINEL-1A,2023-12-22T11:36:36.476781Z,2023-12-22T18:36:36.476781+07:00,,,,,,unverified,https://planetarycomputer.microsoft.com/api/stac/v1/collections/sentinel-1-grd/items/S1A_IW_GRDH_1SDV_20231222T113623_20231222T113648_051767_0640AA,"Copernicus Sentinel Data Legal Notice - free, full and open access",EPSG:32647,10 pixel spacing (GRD),VV;VH,,,,provider=Microsoft Planetary Computer; yearly paginated STAC search; AOI coverage=1.000,candidate-unverified
sentinel1,S1A_IW_GRDH_1SDV_20240102T231048_20240102T231113_051934_064661,SENTINEL-1A,2024-01-02T23:11:00.763945Z,2024-01-03T06:11:00.763945+07:00,,,,,,unverified,https://planetarycomputer.microsoft.com/api/stac/v1/collections/sentinel-1-grd/items/S1A_IW_GRDH_1SDV_20240102T231048_20240102T231113_051934_064661,"Copernicus Sentinel Data Legal Notice - free, full and open access",EPSG:32647,10 pixel spacing (GRD),VV;VH,,,,provider=Microsoft Planetary Computer; yearly paginated STAC search; AOI coverage=1.000,candidate-unverified
sentinel1,S1A_IW_GRDH_1SDV_20240115T113622_20240115T113647_052117_064C9D,SENTINEL-1A,2024-01-15T11:36:35.311429Z,2024-01-15T18:36:35.311429+07:00,,,,,,unverified,https://planetarycomputer.microsoft.com/api/stac/v1/collections/sentinel-1-grd/items/S1A_IW_GRDH_1SDV_20240115T113622_20240115T113647_052117_064C9D,"Copernicus Sentinel Data Legal Notice - free, full and open access",EPSG:32647,10 pixel spacing (GRD),VV;VH,,,,provider=Microsoft Planetary Computer; yearly paginated STAC search; AOI coverage=1.000,candidate-unverified
sentinel1,S1A_IW_GRDH_1SDV_20240127T113622_20240127T113647_052292_065280,SENTINEL-1A,2024-01-27T11:36:35.213323Z,2024-01-27T18:36:35.213323+07:00,,,,,,unverified,https://planetarycomputer.microsoft.com/api/stac/v1/collections/sentinel-1-grd/items/S1A_IW_GRDH_1SDV_20240127T113622_20240127T113647_052292_065280,"Copernicus Sentinel Data Legal Notice - free, full and open access",EPSG:32647,10 pixel spacing (GRD),VV;VH,,,,provider=Microsoft Planetary Computer; yearly paginated STAC search; AOI coverage=1.000,candidate-unverified
sentinel1,S1A_IW_GRDH_1SDV_20240302T231047_20240302T231112_052809_06640D,SENTINEL-1A,2024-03-02T23:10:59.661171Z,2024-03-03T06:10:59.661171+07:00,,,,,,unverified,https://planetarycomputer.microsoft.com/api/stac/v1/collections/sentinel-1-grd/items/S1A_IW_GRDH_1SDV_20240302T231047_20240302T231112_052809_06640D,"Copernicus Sentinel Data Legal Notice - free, full and open access",EPSG:32647,10 pixel spacing (GRD),VV;VH,,,,provider=Microsoft Planetary Computer; yearly paginated STAC search; AOI coverage=1.000,candidate-unverified
sentinel1,S1A_IW_GRDH_1SDV_20240315T113622_20240315T113647_052992_066A52,SENTINEL-1A,2024-03-15T11:36:34.862494Z,2024-03-15T18:36:34.862494+07:00,,,,,,unverified,https://planetarycomputer.microsoft.com/api/stac/v1/collections/sentinel-1-grd/items/S1A_IW_GRDH_1SDV_20240315T113622_20240315T113647_052992_066A52,"Copernicus Sentinel Data Legal Notice - free, full and open access",EPSG:32647,10 pixel spacing (GRD),VV;VH,,,,provider=Microsoft Planetary Computer; yearly paginated STAC search; AOI coverage=1.000,candidate-unverified
sentinel1,S1A_IW_GRDH_1SDV_20240327T113622_20240327T113647_053167_067104,SENTINEL-1A,2024-03-27T11:36:34.856586Z,2024-03-27T18:36:34.856586+07:00,,,,,,unverified,https://planetarycomputer.microsoft.com/api/stac/v1/collections/sentinel-1-grd/items/S1A_IW_GRDH_1SDV_20240327T113622_20240327T113647_053167_067104,"Copernicus Sentinel Data Legal Notice - free, full and open access",EPSG:32647,10 pixel spacing (GRD),VV;VH,,,,provider=Microsoft Planetary Computer; yearly paginated STAC search; AOI coverage=1.000,candidate-unverified
sentinel1,S1A_IW_GRDH_1SDV_20240419T231048_20240419T231113_053509_067E6F,SENTINEL-1A,2024-04-19T23:11:00.714142Z,2024-04-20T06:11:00.714142+07:00,,,,,,unverified,https://planetarycomputer.microsoft.com/api/stac/v1/collections/sentinel-1-grd/items/S1A_IW_GRDH_1SDV_20240419T231048_20240419T231113_053509_067E6F,"Copernicus Sentinel Data Legal Notice - free, full and open access",EPSG:32647,10 pixel spacing (GRD),VV;VH,,,,provider=Microsoft Planetary Computer; yearly paginated STAC search; AOI coverage=1.000,candidate-unverified
sentinel1,S1A_IW_GRDH_1SDV_20240502T113623_20240502T113648_053692_068599,SENTINEL-1A,2024-05-02T11:36:36.292875Z,2024-05-02T18:36:36.292875+07:00,,,,,,unverified,https://planetarycomputer.microsoft.com/api/stac/v1/collections/sentinel-1-grd/items/S1A_IW_GRDH_1SDV_20240502T113623_20240502T113648_053692_068599,"Copernicus Sentinel Data Legal Notice - free, full and open access",EPSG:32647,10 pixel spacing (GRD),VV;VH,,,,provider=Microsoft Planetary Computer; yearly paginated STAC search; AOI coverage=1.000,candidate-unverified
sentinel1,S1A_IW_GRDH_1SDV_20240525T231048_20240525T231119_054034_0691C8,SENTINEL-1A,2024-05-25T23:11:03.989366Z,2024-05-26T06:11:03.989366+07:00,,,,,,unverified,https://planetarycomputer.microsoft.com/api/stac/v1/collections/sentinel-1-grd/items/S1A_IW_GRDH_1SDV_20240525T231048_20240525T231119_054034_0691C8,"Copernicus Sentinel Data Legal Notice - free, full and open access",EPSG:32647,10 pixel spacing (GRD),VV;VH,,,,provider=Microsoft Planetary Computer; yearly paginated STAC search; AOI coverage=1.000,candidate-unverified
sentinel1,S1A_IW_GRDH_1SDV_20240618T231047_20240618T231112_054384_069DE3,SENTINEL-1A,2024-06-18T23:10:59.802815Z,2024-06-19T06:10:59.802815+07:00,,,,,,unverified,https://planetarycomputer.microsoft.com/api/stac/v1/collections/sentinel-1-grd/items/S1A_IW_GRDH_1SDV_20240618T231047_20240618T231112_054384_069DE3,"Copernicus Sentinel Data Legal Notice - free, full and open access",EPSG:32647,10 pixel spacing (GRD),VV;VH,,,,provider=Microsoft Planetary Computer; yearly paginated STAC search; AOI coverage=1.000,candidate-unverified
sentinel1,S1A_IW_GRDH_1SDV_20240630T231046_20240630T231117_054559_06A3FC,SENTINEL-1A,2024-06-30T23:11:02.195413Z,2024-07-01T06:11:02.195413+07:00,,,,,,unverified,https://planetarycomputer.microsoft.com/api/stac/v1/collections/sentinel-1-grd/items/S1A_IW_GRDH_1SDV_20240630T231046_20240630T231117_054559_06A3FC,"Copernicus Sentinel Data Legal Notice - free, full and open access",EPSG:32647,10 pixel spacing (GRD),VV;VH,,,,provider=Microsoft Planetary Computer; yearly paginated STAC search; AOI coverage=1.000,candidate-unverified
sentinel1,S1A_IW_GRDH_1SDV_20240724T231045_20240724T231116_054909_06B027,SENTINEL-1A,2024-07-24T23:11:01.383077Z,2024-07-25T06:11:01.383077+07:00,,,,,,unverified,https://planetarycomputer.microsoft.com/api/stac/v1/collections/sentinel-1-grd/items/S1A_IW_GRDH_1SDV_20240724T231045_20240724T231116_054909_06B027,"Copernicus Sentinel Data Legal Notice - free, full and open access",EPSG:32647,10 pixel spacing (GRD),VV;VH,,,,provider=Microsoft Planetary Computer; yearly paginated STAC search; AOI coverage=1.000,candidate-unverified
sentinel1,S1A_IW_GRDH_1SDV_20240818T113621_20240818T113646_055267_06BCD9,SENTINEL-1A,2024-08-18T11:36:33.852510Z,2024-08-18T18:36:33.852510+07:00,,,,,,unverified,https://planetarycomputer.microsoft.com/api/stac/v1/collections/sentinel-1-grd/items/S1A_IW_GRDH_1SDV_20240818T113621_20240818T113646_055267_06BCD9,"Copernicus Sentinel Data Legal Notice - free, full and open access",EPSG:32647,10 pixel spacing (GRD),VV;VH,,,,provider=Microsoft Planetary Computer; yearly paginated STAC search; AOI coverage=1.000,candidate-unverified
sentinel1,S1A_IW_GRDH_1SDV_20240830T113621_20240830T113646_055442_06C350,SENTINEL-1A,2024-08-30T11:36:33.858794Z,2024-08-30T18:36:33.858794+07:00,,,,,,unverified,https://planetarycomputer.microsoft.com/api/stac/v1/collections/sentinel-1-grd/items/S1A_IW_GRDH_1SDV_20240830T113621_20240830T113646_055442_06C350,"Copernicus Sentinel Data Legal Notice - free, full and open access",EPSG:32647,10 pixel spacing (GRD),VV;VH,,,,provider=Microsoft Planetary Computer; yearly paginated STAC search; AOI coverage=1.000,candidate-unverified
sentinel1,S1A_IW_GRDH_1SDV_20240923T113622_20240923T113647_055792_06D111,SENTINEL-1A,2024-09-23T11:36:34.686873Z,2024-09-23T18:36:34.686873+07:00,,,,,,unverified,https://planetarycomputer.microsoft.com/api/stac/v1/collections/sentinel-1-grd/items/S1A_IW_GRDH_1SDV_20240923T113622_20240923T113647_055792_06D111,"Copernicus Sentinel Data Legal Notice - free, full and open access",EPSG:32647,10 pixel spacing (GRD),VV;VH,,,,provider=Microsoft Planetary Computer; yearly paginated STAC search; AOI coverage=1.000,candidate-unverified
sentinel1,S1A_IW_GRDH_1SDV_20241005T113622_20241005T113647_055967_06D7F9,SENTINEL-1A,2024-10-05T11:36:34.977825Z,2024-10-05T18:36:34.977825+07:00,,,,,,unverified,https://planetarycomputer.microsoft.com/api/stac/v1/collections/sentinel-1-grd/items/S1A_IW_GRDH_1SDV_20241005T113622_20241005T113647_055967_06D7F9,"Copernicus Sentinel Data Legal Notice - free, full and open access",EPSG:32647,10 pixel spacing (GRD),VV;VH,,,,provider=Microsoft Planetary Computer; yearly paginated STAC search; AOI coverage=1.000,candidate-unverified
sentinel1,S1A_IW_GRDH_1SDV_20241028T231047_20241028T231112_056309_06E587,SENTINEL-1A,2024-10-28T23:11:00.092251Z,2024-10-29T06:11:00.092251+07:00,,,,,,unverified,https://planetarycomputer.microsoft.com/api/stac/v1/collections/sentinel-1-grd/items/S1A_IW_GRDH_1SDV_20241028T231047_20241028T231112_056309_06E587,"Copernicus Sentinel Data Legal Notice - free, full and open access",EPSG:32647,10 pixel spacing (GRD),VV;VH,,,,provider=Microsoft Planetary Computer; yearly paginated STAC search; AOI coverage=1.000,candidate-unverified
sentinel1,S1A_IW_GRDH_1SDV_20241203T231045_20241203T231110_056834_06FA6D,SENTINEL-1A,2024-12-03T23:10:57.998261Z,2024-12-04T06:10:57.998261+07:00,,,,,,unverified,https://planetarycomputer.microsoft.com/api/stac/v1/collections/sentinel-1-grd/items/S1A_IW_GRDH_1SDV_20241203T231045_20241203T231110_056834_06FA6D,"Copernicus Sentinel Data Legal Notice - free, full and open access",EPSG:32647,10 pixel spacing (GRD),VV;VH,,,,provider=Microsoft Planetary Computer; yearly paginated STAC search; AOI coverage=1.000,candidate-unverified
sentinel1,S1A_IW_GRDH_1SDV_20241215T231044_20241215T231109_057009_070153,SENTINEL-1A,2024-12-15T23:10:57.091557Z,2024-12-16T06:10:57.091557+07:00,,,,,,unverified,https://planetarycomputer.microsoft.com/api/stac/v1/collections/sentinel-1-grd/items/S1A_IW_GRDH_1SDV_20241215T231044_20241215T231109_057009_070153,"Copernicus Sentinel Data Legal Notice - free, full and open access",EPSG:32647,10 pixel spacing (GRD),VV;VH,,,,provider=Microsoft Planetary Computer; yearly paginated STAC search; AOI coverage=1.000,candidate-unverified
sentinel1,S1A_IW_GRDH_1SDV_20241228T113618_20241228T113643_057192_070894,SENTINEL-1A,2024-12-28T11:36:31.152007Z,2024-12-28T18:36:31.152007+07:00,,,,,,unverified,https://planetarycomputer.microsoft.com/api/stac/v1/collections/sentinel-1-grd/items/S1A_IW_GRDH_1SDV_20241228T113618_20241228T113643_057192_070894,"Copernicus Sentinel Data Legal Notice - free, full and open access",EPSG:32647,10 pixel spacing (GRD),VV;VH,,,,provider=Microsoft Planetary Computer; yearly paginated STAC search; AOI coverage=1.000,candidate-unverified
sentinel1,S1A_IW_GRDH_1SDV_20250108T231042_20250108T231107_057359,sentinel-1a,2025-01-08T23:10:54.911580Z,2025-01-09T06:10:54.911580+07:00,,,,,,unverified,https://planetarycomputer.microsoft.com/api/stac/v1/collections/sentinel-1-grd/items/S1A_IW_GRDH_1SDV_20250108T231042_20250108T231107_057359,"Copernicus Sentinel Data Legal Notice - free, full and open access",EPSG:32647,10 pixel spacing (GRD),VV;VH,,,,provider=Microsoft Planetary Computer; yearly paginated STAC search; AOI coverage=1.000,candidate-unverified
sentinel1,S1A_IW_GRDH_1SDV_20250121T113616_20250121T113641_057542,sentinel-1a,2025-01-21T11:36:28.929699Z,2025-01-21T18:36:28.929699+07:00,,,,,,unverified,https://planetarycomputer.microsoft.com/api/stac/v1/collections/sentinel-1-grd/items/S1A_IW_GRDH_1SDV_20250121T113616_20250121T113641_057542,"Copernicus Sentinel Data Legal Notice - free, full and open access",EPSG:32647,10 pixel spacing (GRD),VV;VH,,,,provider=Microsoft Planetary Computer; yearly paginated STAC search; AOI coverage=1.000,candidate-unverified
sentinel1,S1A_IW_GRDH_1SDV_20250213T231040_20250213T231105_057884,sentinel-1a,2025-02-13T23:10:52.662366Z,2025-02-14T06:10:52.662366+07:00,,,,,,unverified,https://planetarycomputer.microsoft.com/api/stac/v1/collections/sentinel-1-grd/items/S1A_IW_GRDH_1SDV_20250213T231040_20250213T231105_057884,"Copernicus Sentinel Data Legal Notice - free, full and open access",EPSG:32647,10 pixel spacing (GRD),VV;VH,,,,provider=Microsoft Planetary Computer; yearly paginated STAC search; AOI coverage=1.000,candidate-unverified
sentinel1,S1A_IW_GRDH_1SDV_20250226T113615_20250226T113640_058067,sentinel-1a,2025-02-26T11:36:27.582227Z,2025-02-26T18:36:27.582227+07:00,,,,,,unverified,https://planetarycomputer.microsoft.com/api/stac/v1/collections/sentinel-1-grd/items/S1A_IW_GRDH_1SDV_20250226T113615_20250226T113640_058067,"Copernicus Sentinel Data Legal Notice - free, full and open access",EPSG:32647,10 pixel spacing (GRD),VV;VH,,,,provider=Microsoft Planetary Computer; yearly paginated STAC search; AOI coverage=1.000,candidate-unverified
sentinel1,S1A_IW_GRDH_1SDV_20250321T231040_20250321T231105_058409,sentinel-1a,2025-03-21T23:10:53.157496Z,2025-03-22T06:10:53.157496+07:00,,,,,,unverified,https://planetarycomputer.microsoft.com/api/stac/v1/collections/sentinel-1-grd/items/S1A_IW_GRDH_1SDV_20250321T231040_20250321T231105_058409,"Copernicus Sentinel Data Legal Notice - free, full and open access",EPSG:32647,10 pixel spacing (GRD),VV;VH,,,,provider=Microsoft Planetary Computer; yearly paginated STAC search; AOI coverage=1.000,candidate-unverified
sentinel1,S1A_IW_GRDH_1SDV_20250402T231040_20250402T231105_058584,sentinel-1a,2025-04-02T23:10:53.427596Z,2025-04-03T06:10:53.427596+07:00,,,,,,unverified,https://planetarycomputer.microsoft.com/api/stac/v1/collections/sentinel-1-grd/items/S1A_IW_GRDH_1SDV_20250402T231040_20250402T231105_058584,"Copernicus Sentinel Data Legal Notice - free, full and open access",EPSG:32647,10 pixel spacing (GRD),VV;VH,,,,provider=Microsoft Planetary Computer; yearly paginated STAC search; AOI coverage=1.000,candidate-unverified
sentinel1,S1A_IW_GRDH_1SDV_20250415T113615_20250415T113640_058767,sentinel-1a,2025-04-15T11:36:28.183743Z,2025-04-15T18:36:28.183743+07:00,,,,,,unverified,https://planetarycomputer.microsoft.com/api/stac/v1/collections/sentinel-1-grd/items/S1A_IW_GRDH_1SDV_20250415T113615_20250415T113640_058767,"Copernicus Sentinel Data Legal Notice - free, full and open access",EPSG:32647,10 pixel spacing (GRD),VV;VH,,,,provider=Microsoft Planetary Computer; yearly paginated STAC search; AOI coverage=1.000,candidate-unverified
sentinel1,S1A_IW_GRDH_1SDV_20250508T231040_20250508T231105_059109,sentinel-1a,2025-05-08T23:10:53.202974Z,2025-05-09T06:10:53.202974+07:00,,,,,,unverified,https://planetarycomputer.microsoft.com/api/stac/v1/collections/sentinel-1-grd/items/S1A_IW_GRDH_1SDV_20250508T231040_20250508T231105_059109,"Copernicus Sentinel Data Legal Notice - free, full and open access",EPSG:32647,10 pixel spacing (GRD),VV;VH,,,,provider=Microsoft Planetary Computer; yearly paginated STAC search; AOI coverage=1.000,candidate-unverified
sentinel1,S1A_IW_GRDH_1SDV_20250601T231039_20250601T231104_059459,sentinel-1a,2025-06-01T23:10:52.431065Z,2025-06-02T06:10:52.431065+07:00,,,,,,unverified,https://planetarycomputer.microsoft.com/api/stac/v1/collections/sentinel-1-grd/items/S1A_IW_GRDH_1SDV_20250601T231039_20250601T231104_059459,"Copernicus Sentinel Data Legal Notice - free, full and open access",EPSG:32647,10 pixel spacing (GRD),VV;VH,,,,provider=Microsoft Planetary Computer; yearly paginated STAC search; AOI coverage=1.000,candidate-unverified
sentinel1,S1A_IW_GRDH_1SDV_20250614T113614_20250614T113639_059642,sentinel-1a,2025-06-14T11:36:26.863017Z,2025-06-14T18:36:26.863017+07:00,,,,,,unverified,https://planetarycomputer.microsoft.com/api/stac/v1/collections/sentinel-1-grd/items/S1A_IW_GRDH_1SDV_20250614T113614_20250614T113639_059642,"Copernicus Sentinel Data Legal Notice - free, full and open access",EPSG:32647,10 pixel spacing (GRD),VV;VH,,,,provider=Microsoft Planetary Computer; yearly paginated STAC search; AOI coverage=1.000,candidate-unverified
sentinel1,S1A_IW_GRDH_1SDV_20250707T231037_20250707T231109_059984,sentinel-1a,2025-07-07T23:10:53.504273Z,2025-07-08T06:10:53.504273+07:00,,,,,,unverified,https://planetarycomputer.microsoft.com/api/stac/v1/collections/sentinel-1-grd/items/S1A_IW_GRDH_1SDV_20250707T231037_20250707T231109_059984,"Copernicus Sentinel Data Legal Notice - free, full and open access",EPSG:32647,10 pixel spacing (GRD),VV;VH,,,,provider=Microsoft Planetary Computer; yearly paginated STAC search; AOI coverage=1.000,candidate-unverified
sentinel1,S1A_IW_GRDH_1SDV_20250720T113612_20250720T113637_060167,sentinel-1a,2025-07-20T11:36:25.042729Z,2025-07-20T18:36:25.042729+07:00,,,,,,unverified,https://planetarycomputer.microsoft.com/api/stac/v1/collections/sentinel-1-grd/items/S1A_IW_GRDH_1SDV_20250720T113612_20250720T113637_060167,"Copernicus Sentinel Data Legal Notice - free, full and open access",EPSG:32647,10 pixel spacing (GRD),VV;VH,,,,provider=Microsoft Planetary Computer; yearly paginated STAC search; AOI coverage=1.000,candidate-unverified
sentinel1,S1A_IW_GRDH_1SDV_20250813T113612_20250813T113637_060517,sentinel-1a,2025-08-13T11:36:24.727595Z,2025-08-13T18:36:24.727595+07:00,,,,,,unverified,https://planetarycomputer.microsoft.com/api/stac/v1/collections/sentinel-1-grd/items/S1A_IW_GRDH_1SDV_20250813T113612_20250813T113637_060517,"Copernicus Sentinel Data Legal Notice - free, full and open access",EPSG:32647,10 pixel spacing (GRD),VV;VH,,,,provider=Microsoft Planetary Computer; yearly paginated STAC search; AOI coverage=1.000,candidate-unverified
sentinel1,S1A_IW_GRDH_1SDV_20250905T231033_20250905T231058_060859_079404,sentinel-1a,2025-09-05T23:10:45.930089Z,2025-09-06T06:10:45.930089+07:00,,,,,,unverified,https://planetarycomputer.microsoft.com/api/stac/v1/collections/sentinel-1-grd/items/S1A_IW_GRDH_1SDV_20250905T231033_20250905T231058_060859_079404,"Copernicus Sentinel Data Legal Notice - free, full and open access",EPSG:32647,10 pixel spacing (GRD),VV;VH,,,,provider=Microsoft Planetary Computer; yearly paginated STAC search; AOI coverage=0.751,candidate-unverified
sentinel1,S1A_IW_GRDH_1SDV_20250905T231058_20250905T231123_060859_079404,sentinel-1a,2025-09-05T23:11:10.930312Z,2025-09-06T06:11:10.930312+07:00,,,,,,unverified,https://planetarycomputer.microsoft.com/api/stac/v1/collections/sentinel-1-grd/items/S1A_IW_GRDH_1SDV_20250905T231058_20250905T231123_060859_079404,"Copernicus Sentinel Data Legal Notice - free, full and open access",EPSG:32647,10 pixel spacing (GRD),VV;VH,,,,provider=Microsoft Planetary Computer; yearly paginated STAC search; AOI coverage=0.247,candidate-unverified
sentinel1,S1A_IW_GRDH_1SDV_20250918T113612_20250918T113637_061042_079B5B,sentinel-1a,2025-09-18T11:36:25.381540Z,2025-09-18T18:36:25.381540+07:00,,,,,,unverified,https://planetarycomputer.microsoft.com/api/stac/v1/collections/sentinel-1-grd/items/S1A_IW_GRDH_1SDV_20250918T113612_20250918T113637_061042_079B5B,"Copernicus Sentinel Data Legal Notice - free, full and open access",EPSG:32647,10 pixel spacing (GRD),VV;VH,,,,provider=Microsoft Planetary Computer; yearly paginated STAC search; AOI coverage=1.000,candidate-unverified
sentinel1,S1A_IW_GRDH_1SDV_20250930T113612_20250930T113637_061217_07A26A,sentinel-1a,2025-09-30T11:36:25.414894Z,2025-09-30T18:36:25.414894+07:00,,,,,,unverified,https://planetarycomputer.microsoft.com/api/stac/v1/collections/sentinel-1-grd/items/S1A_IW_GRDH_1SDV_20250930T113612_20250930T113637_061217_07A26A,"Copernicus Sentinel Data Legal Notice - free, full and open access",EPSG:32647,10 pixel spacing (GRD),VV;VH,,,,provider=Microsoft Planetary Computer; yearly paginated STAC search; AOI coverage=1.000,candidate-unverified
sentinel1,S1A_IW_GRDH_1SDV_20251023T231034_20251023T231059_061559_07B028,sentinel-1a,2025-10-23T23:10:46.573590Z,2025-10-24T06:10:46.573590+07:00,,,,,,unverified,https://planetarycomputer.microsoft.com/api/stac/v1/collections/sentinel-1-grd/items/S1A_IW_GRDH_1SDV_20251023T231034_20251023T231059_061559_07B028,"Copernicus Sentinel Data Legal Notice - free, full and open access",EPSG:32647,10 pixel spacing (GRD),VV;VH,,,,provider=Microsoft Planetary Computer; yearly paginated STAC search; AOI coverage=0.752,candidate-unverified
sentinel1,S1A_IW_GRDH_1SDV_20251023T231059_20251023T231124_061559_07B028,sentinel-1a,2025-10-23T23:11:11.573887Z,2025-10-24T06:11:11.573887+07:00,,,,,,unverified,https://planetarycomputer.microsoft.com/api/stac/v1/collections/sentinel-1-grd/items/S1A_IW_GRDH_1SDV_20251023T231059_20251023T231124_061559_07B028,"Copernicus Sentinel Data Legal Notice - free, full and open access",EPSG:32647,10 pixel spacing (GRD),VV;VH,,,,provider=Microsoft Planetary Computer; yearly paginated STAC search; AOI coverage=0.246,candidate-unverified
sentinel1,S1A_IW_GRDH_1SDV_20251105T113612_20251105T113637_061742_07B768,sentinel-1a,2025-11-05T11:36:25.237107Z,2025-11-05T18:36:25.237107+07:00,,,,,,unverified,https://planetarycomputer.microsoft.com/api/stac/v1/collections/sentinel-1-grd/items/S1A_IW_GRDH_1SDV_20251105T113612_20251105T113637_061742_07B768,"Copernicus Sentinel Data Legal Notice - free, full and open access",EPSG:32647,10 pixel spacing (GRD),VV;VH,,,,provider=Microsoft Planetary Computer; yearly paginated STAC search; AOI coverage=1.000,candidate-unverified
sentinel1,S1A_IW_GRDH_1SDV_20251210T231031_20251210T231056_062259_07CB90,sentinel-1a,2025-12-10T23:10:43.552750Z,2025-12-11T06:10:43.552750+07:00,,,,,,unverified,https://planetarycomputer.microsoft.com/api/stac/v1/collections/sentinel-1-grd/items/S1A_IW_GRDH_1SDV_20251210T231031_20251210T231056_062259_07CB90,"Copernicus Sentinel Data Legal Notice - free, full and open access",EPSG:32647,10 pixel spacing (GRD),VV;VH,,,,provider=Microsoft Planetary Computer; yearly paginated STAC search; AOI coverage=0.754,candidate-unverified
sentinel1,S1A_IW_GRDH_1SDV_20251210T231056_20251210T231121_062259_07CB90,sentinel-1a,2025-12-10T23:11:08.553091Z,2025-12-11T06:11:08.553091+07:00,,,,,,unverified,https://planetarycomputer.microsoft.com/api/stac/v1/collections/sentinel-1-grd/items/S1A_IW_GRDH_1SDV_20251210T231056_20251210T231121_062259_07CB90,"Copernicus Sentinel Data Legal Notice - free, full and open access",EPSG:32647,10 pixel spacing (GRD),VV;VH,,,,provider=Microsoft Planetary Computer; yearly paginated STAC search; AOI coverage=0.244,candidate-unverified
sentinel1,S1A_IW_GRDH_1SDV_20251223T113608_20251223T113633_062442_07D2AB,sentinel-1a,2025-12-23T11:36:20.992184Z,2025-12-23T18:36:20.992184+07:00,,,,,,unverified,https://planetarycomputer.microsoft.com/api/stac/v1/collections/sentinel-1-grd/items/S1A_IW_GRDH_1SDV_20251223T113608_20251223T113633_062442_07D2AB,"Copernicus Sentinel Data Legal Notice - free, full and open access",EPSG:32647,10 pixel spacing (GRD),VV;VH,,,,provider=Microsoft Planetary Computer; yearly paginated STAC search; AOI coverage=1.000,candidate-unverified
sentinel1,S1A_IW_GRDH_1SDV_20260103T231028_20260103T231053_062609_07D91C,sentinel-1a,2026-01-03T23:10:41.011829Z,2026-01-04T06:10:41.011829+07:00,,,,,,unverified,https://planetarycomputer.microsoft.com/api/stac/v1/collections/sentinel-1-grd/items/S1A_IW_GRDH_1SDV_20260103T231028_20260103T231053_062609_07D91C,"Copernicus Sentinel Data Legal Notice - free, full and open access",EPSG:32647,10 pixel spacing (GRD),VV;VH,,,,provider=Microsoft Planetary Computer; yearly paginated STAC search; AOI coverage=0.756,candidate-unverified
sentinel1,S1A_IW_GRDH_1SDV_20260103T231053_20260103T231118_062609_07D91C,sentinel-1a,2026-01-03T23:11:06.011310Z,2026-01-04T06:11:06.011310+07:00,,,,,,unverified,https://planetarycomputer.microsoft.com/api/stac/v1/collections/sentinel-1-grd/items/S1A_IW_GRDH_1SDV_20260103T231053_20260103T231118_062609_07D91C,"Copernicus Sentinel Data Legal Notice - free, full and open access",EPSG:32647,10 pixel spacing (GRD),VV;VH,,,,provider=Microsoft Planetary Computer; yearly paginated STAC search; AOI coverage=0.242,candidate-unverified
sentinel1,S1A_IW_GRDH_1SDV_20260115T231027_20260115T231052_062784_07DFDD,sentinel-1a,2026-01-15T23:10:40.013116Z,2026-01-16T06:10:40.013116+07:00,,,,,,unverified,https://planetarycomputer.microsoft.com/api/stac/v1/collections/sentinel-1-grd/items/S1A_IW_GRDH_1SDV_20260115T231027_20260115T231052_062784_07DFDD,"Copernicus Sentinel Data Legal Notice - free, full and open access",EPSG:32647,10 pixel spacing (GRD),VV;VH,,,,provider=Microsoft Planetary Computer; yearly paginated STAC search; AOI coverage=0.753,candidate-unverified
sentinel1,S1A_IW_GRDH_1SDV_20260115T231052_20260115T231117_062784_07DFDD,sentinel-1a,2026-01-15T23:11:05.013293Z,2026-01-16T06:11:05.013293+07:00,,,,,,unverified,https://planetarycomputer.microsoft.com/api/stac/v1/collections/sentinel-1-grd/items/S1A_IW_GRDH_1SDV_20260115T231052_20260115T231117_062784_07DFDD,"Copernicus Sentinel Data Legal Notice - free, full and open access",EPSG:32647,10 pixel spacing (GRD),VV;VH,,,,provider=Microsoft Planetary Computer; yearly paginated STAC search; AOI coverage=0.245,candidate-unverified
sentinel1,S1A_IW_GRDH_1SDV_20260127T231026_20260127T231051_062959_07E627,sentinel-1a,2026-01-27T23:10:39.281029Z,2026-01-28T06:10:39.281029+07:00,,,,,,unverified,https://planetarycomputer.microsoft.com/api/stac/v1/collections/sentinel-1-grd/items/S1A_IW_GRDH_1SDV_20260127T231026_20260127T231051_062959_07E627,"Copernicus Sentinel Data Legal Notice - free, full and open access",EPSG:32647,10 pixel spacing (GRD),VV;VH,,,,provider=Microsoft Planetary Computer; yearly paginated STAC search; AOI coverage=0.753,candidate-unverified
sentinel1,S1A_IW_GRDH_1SDV_20260127T231051_20260127T231116_062959_07E627,sentinel-1a,2026-01-27T23:11:04.281243Z,2026-01-28T06:11:04.281243+07:00,,,,,,unverified,https://planetarycomputer.microsoft.com/api/stac/v1/collections/sentinel-1-grd/items/S1A_IW_GRDH_1SDV_20260127T231051_20260127T231116_062959_07E627,"Copernicus Sentinel Data Legal Notice - free, full and open access",EPSG:32647,10 pixel spacing (GRD),VV;VH,,,,provider=Microsoft Planetary Computer; yearly paginated STAC search; AOI coverage=0.245,candidate-unverified
sentinel1,S1A_IW_GRDH_1SDV_20260208T231025_20260208T231052_063134_07ECBA,sentinel-1a,2026-02-08T23:10:39.285248Z,2026-02-09T06:10:39.285248+07:00,,,,,,unverified,https://planetarycomputer.microsoft.com/api/stac/v1/collections/sentinel-1-grd/items/S1A_IW_GRDH_1SDV_20260208T231025_20260208T231052_063134_07ECBA,"Copernicus Sentinel Data Legal Notice - free, full and open access",EPSG:32647,10 pixel spacing (GRD),VV;VH,,,,provider=Microsoft Planetary Computer; yearly paginated STAC search; AOI coverage=1.000,candidate-unverified
sentinel1,S1A_IW_GRDH_1SDV_20260220T231025_20260220T231050_063309_07F348,sentinel-1a,2026-02-20T23:10:37.868523Z,2026-02-21T06:10:37.868523+07:00,,,,,,unverified,https://planetarycomputer.microsoft.com/api/stac/v1/collections/sentinel-1-grd/items/S1A_IW_GRDH_1SDV_20260220T231025_20260220T231050_063309_07F348,"Copernicus Sentinel Data Legal Notice - free, full and open access",EPSG:32647,10 pixel spacing (GRD),VV;VH,,,,provider=Microsoft Planetary Computer; yearly paginated STAC search; AOI coverage=0.748,candidate-unverified
sentinel1,S1A_IW_GRDH_1SDV_20260220T231050_20260220T231115_063309_07F348,sentinel-1a,2026-02-20T23:11:02.868728Z,2026-02-21T06:11:02.868728+07:00,,,,,,unverified,https://planetarycomputer.microsoft.com/api/stac/v1/collections/sentinel-1-grd/items/S1A_IW_GRDH_1SDV_20260220T231050_20260220T231115_063309_07F348,"Copernicus Sentinel Data Legal Notice - free, full and open access",EPSG:32647,10 pixel spacing (GRD),VV;VH,,,,provider=Microsoft Planetary Computer; yearly paginated STAC search; AOI coverage=0.250,candidate-unverified
sentinel1,S1A_IW_GRDH_1SDV_20260221T113604_20260221T113629_063317_07F392,sentinel-1a,2026-02-21T11:36:16.902437Z,2026-02-21T18:36:16.902437+07:00,,,,,,unverified,https://planetarycomputer.microsoft.com/api/stac/v1/collections/sentinel-1-grd/items/S1A_IW_GRDH_1SDV_20260221T113604_20260221T113629_063317_07F392,"Copernicus Sentinel Data Legal Notice - free, full and open access",EPSG:32647,10 pixel spacing (GRD),VV;VH,,,,provider=Microsoft Planetary Computer; yearly paginated STAC search; AOI coverage=1.000,candidate-unverified
sentinel1,S1A_IW_GRDH_1SDV_20260317T113604_20260317T113629_063667_0800D5,sentinel-1a,2026-03-17T11:36:16.765274Z,2026-03-17T18:36:16.765274+07:00,,,,,,unverified,https://planetarycomputer.microsoft.com/api/stac/v1/collections/sentinel-1-grd/items/S1A_IW_GRDH_1SDV_20260317T113604_20260317T113629_063667_0800D5,"Copernicus Sentinel Data Legal Notice - free, full and open access",EPSG:32647,10 pixel spacing (GRD),VV;VH,,,,provider=Microsoft Planetary Computer; yearly paginated STAC search; AOI coverage=1.000,candidate-unverified
sentinel1,S1A_IW_GRDH_1SDV_20260409T231025_20260409T231050_064009_080DA2,sentinel-1a,2026-04-09T23:10:38.036891Z,2026-04-10T06:10:38.036891+07:00,,,,,,unverified,https://planetarycomputer.microsoft.com/api/stac/v1/collections/sentinel-1-grd/items/S1A_IW_GRDH_1SDV_20260409T231025_20260409T231050_064009_080DA2,"Copernicus Sentinel Data Legal Notice - free, full and open access",EPSG:32647,10 pixel spacing (GRD),VV;VH,,,,provider=Microsoft Planetary Computer; yearly paginated STAC search; AOI coverage=0.751,candidate-unverified
sentinel1,S1A_IW_GRDH_1SDV_20260409T231050_20260409T231115_064009_080DA2,sentinel-1a,2026-04-09T23:11:03.036923Z,2026-04-10T06:11:03.036923+07:00,,,,,,unverified,https://planetarycomputer.microsoft.com/api/stac/v1/collections/sentinel-1-grd/items/S1A_IW_GRDH_1SDV_20260409T231050_20260409T231115_064009_080DA2,"Copernicus Sentinel Data Legal Notice - free, full and open access",EPSG:32647,10 pixel spacing (GRD),VV;VH,,,,provider=Microsoft Planetary Computer; yearly paginated STAC search; AOI coverage=0.247,candidate-unverified
sentinel1,S1A_IW_GRDH_1SDV_20260421T231025_20260421T231050_064184_081428,sentinel-1a,2026-04-21T23:10:38.213886Z,2026-04-22T06:10:38.213886+07:00,,,,,,unverified,https://planetarycomputer.microsoft.com/api/stac/v1/collections/sentinel-1-grd/items/S1A_IW_GRDH_1SDV_20260421T231025_20260421T231050_064184_081428,"Copernicus Sentinel Data Legal Notice - free, full and open access",EPSG:32647,10 pixel spacing (GRD),VV;VH,,,,provider=Microsoft Planetary Computer; yearly paginated STAC search; AOI coverage=0.755,candidate-unverified
sentinel1,S1A_IW_GRDH_1SDV_20260421T231050_20260421T231115_064184_081428,sentinel-1a,2026-04-21T23:11:03.214103Z,2026-04-22T06:11:03.214103+07:00,,,,,,unverified,https://planetarycomputer.microsoft.com/api/stac/v1/collections/sentinel-1-grd/items/S1A_IW_GRDH_1SDV_20260421T231050_20260421T231115_064184_081428,"Copernicus Sentinel Data Legal Notice - free, full and open access",EPSG:32647,10 pixel spacing (GRD),VV;VH,,,,provider=Microsoft Planetary Computer; yearly paginated STAC search; AOI coverage=0.243,candidate-unverified
sentinel1,S1A_IW_GRDH_1SDV_20260504T113604_20260504T113629_064367_081AF1,sentinel-1a,2026-05-04T11:36:16.741546Z,2026-05-04T18:36:16.741546+07:00,,,,,,unverified,https://planetarycomputer.microsoft.com/api/stac/v1/collections/sentinel-1-grd/items/S1A_IW_GRDH_1SDV_20260504T113604_20260504T113629_064367_081AF1,"Copernicus Sentinel Data Legal Notice - free, full and open access",EPSG:32647,10 pixel spacing (GRD),VV;VH,,,,provider=Microsoft Planetary Computer; yearly paginated STAC search; AOI coverage=1.000,candidate-unverified
sentinel1,S1A_IW_GRDH_1SDV_20260516T113603_20260516T113628_064542_08211E,sentinel-1a,2026-05-16T11:36:16.343669Z,2026-05-16T18:36:16.343669+07:00,,,,,,unverified,https://planetarycomputer.microsoft.com/api/stac/v1/collections/sentinel-1-grd/items/S1A_IW_GRDH_1SDV_20260516T113603_20260516T113628_064542_08211E,"Copernicus Sentinel Data Legal Notice - free, full and open access",EPSG:32647,10 pixel spacing (GRD),VV;VH,,,,provider=Microsoft Planetary Computer; yearly paginated STAC search; AOI coverage=1.000,candidate-unverified
sentinel1,S1A_IW_GRDH_1SDV_20260528T113603_20260528T113628_064717_08273E,sentinel-1a,2026-05-28T11:36:15.753645Z,2026-05-28T18:36:15.753645+07:00,,,,,,unverified,https://planetarycomputer.microsoft.com/api/stac/v1/collections/sentinel-1-grd/items/S1A_IW_GRDH_1SDV_20260528T113603_20260528T113628_064717_08273E,"Copernicus Sentinel Data Legal Notice - free, full and open access",EPSG:32647,10 pixel spacing (GRD),VV;VH,,,,provider=Microsoft Planetary Computer; yearly paginated STAC search; AOI coverage=1.000,candidate-unverified
sentinel1,S1A_IW_GRDH_1SDV_20260620T231023_20260620T231048_065059_083346,sentinel-1a,2026-06-20T23:10:35.540953Z,2026-06-21T06:10:35.540953+07:00,,,,,,unverified,https://planetarycomputer.microsoft.com/api/stac/v1/collections/sentinel-1-grd/items/S1A_IW_GRDH_1SDV_20260620T231023_20260620T231048_065059_083346,"Copernicus Sentinel Data Legal Notice - free, full and open access",EPSG:32647,10 pixel spacing (GRD),VV;VH,,,,provider=Microsoft Planetary Computer; yearly paginated STAC search; AOI coverage=0.757,candidate-unverified
sentinel1,S1A_IW_GRDH_1SDV_20260620T231048_20260620T231113_065059_083346,sentinel-1a,2026-06-20T23:11:00.541474Z,2026-06-21T06:11:00.541474+07:00,,,,,,unverified,https://planetarycomputer.microsoft.com/api/stac/v1/collections/sentinel-1-grd/items/S1A_IW_GRDH_1SDV_20260620T231048_20260620T231113_065059_083346,"Copernicus Sentinel Data Legal Notice - free, full and open access",EPSG:32647,10 pixel spacing (GRD),VV;VH,,,,provider=Microsoft Planetary Computer; yearly paginated STAC search; AOI coverage=0.240,candidate-unverified
sentinel1,S1D_IW_GRDH_1SDV_20260627T230942_20260627T231007_003428_0060B5,sentinel-1d,2026-06-27T23:09:55.002629Z,2026-06-28T06:09:55.002629+07:00,,,,,,unverified,https://planetarycomputer.microsoft.com/api/stac/v1/collections/sentinel-1-grd/items/S1D_IW_GRDH_1SDV_20260627T230942_20260627T231007_003428_0060B5,"Copernicus Sentinel Data Legal Notice - free, full and open access",EPSG:32647,10 pixel spacing (GRD),VV;VH,,,,provider=Microsoft Planetary Computer; yearly paginated STAC search; AOI coverage=1.000,candidate-unverified
sentinel1,S1D_IW_GRDH_1SDV_20260709T230943_20260709T231008_003603_006698,sentinel-1d,2026-07-09T23:09:55.593368Z,2026-07-10T06:09:55.593368+07:00,,,,,,unverified,https://planetarycomputer.microsoft.com/api/stac/v1/collections/sentinel-1-grd/items/S1D_IW_GRDH_1SDV_20260709T230943_20260709T231008_003603_006698,"Copernicus Sentinel Data Legal Notice - free, full and open access",EPSG:32647,10 pixel spacing (GRD),VV;VH,,,,provider=Microsoft Planetary Computer; yearly paginated STAC search; AOI coverage=1.000,candidate-unverified
sentinel1,S1D_IW_GRDH_1SDV_20260710T113522_20260710T113547_003611_0066E3,sentinel-1d,2026-07-10T11:35:34.652263Z,2026-07-10T18:35:34.652263+07:00,,,,,,unverified,https://planetarycomputer.microsoft.com/api/stac/v1/collections/sentinel-1-grd/items/S1D_IW_GRDH_1SDV_20260710T113522_20260710T113547_003611_0066E3,"Copernicus Sentinel Data Legal Notice - free, full and open access",EPSG:32647,10 pixel spacing (GRD),VV;VH,,,,provider=Microsoft Planetary Computer; yearly paginated STAC search; AOI coverage=1.000,candidate-unverified
sentinel1,S1D_IW_GRDH_1SDV_20260722T113523_20260722T113548_003786_006CD7,sentinel-1d,2026-07-22T11:35:35.597368Z,2026-07-22T18:35:35.597368+07:00,,,,,,unverified,https://planetarycomputer.microsoft.com/api/stac/v1/collections/sentinel-1-grd/items/S1D_IW_GRDH_1SDV_20260722T113523_20260722T113548_003786_006CD7,"Copernicus Sentinel Data Legal Notice - free, full and open access",EPSG:32647,10 pixel spacing (GRD),VV;VH,,,,provider=Microsoft Planetary Computer; yearly paginated STAC search; AOI coverage=1.000,candidate-unverified
sentinel1,S1D_IW_GRDH_1SDV_20260803T113523_20260803T113548_003961_0072FC,sentinel-1d,2026-08-03T11:35:36.077419Z,2026-08-03T18:35:36.077419+07:00,,,,,,unverified,https://planetarycomputer.microsoft.com/api/stac/v1/collections/sentinel-1-grd/items/S1D_IW_GRDH_1SDV_20260803T113523_20260803T113548_003961_0072FC,"Copernicus Sentinel Data Legal Notice - free, full and open access",EPSG:32647,10 pixel spacing (GRD),VV;VH,,,,provider=Microsoft Planetary Computer; yearly paginated STAC search; AOI coverage=1.000,candidate-unverified
sentinel1,S1D_IW_GRDH_1SDV_20260815T113524_20260815T113549_004136_007902,sentinel-1d,2026-08-15T11:35:36.629378Z,2026-08-15T18:35:36.629378+07:00,,,,,,unverified,https://planetarycomputer.microsoft.com/api/stac/v1/collections/sentinel-1-grd/items/S1D_IW_GRDH_1SDV_20260815T113524_20260815T113549_004136_007902,"Copernicus Sentinel Data Legal Notice - free, full and open access",EPSG:32647,10 pixel spacing (GRD),VV;VH,,,,provider=Microsoft Planetary Computer; yearly paginated STAC search; AOI coverage=1.000,candidate-unverified
sentinel1,S1D_IW_GRDH_1SDV_20260827T113524_20260827T113549_004311_007F25,sentinel-1d,2026-08-27T11:35:37.304344Z,2026-08-27T18:35:37.304344+07:00,,,,,,unverified,https://planetarycomputer.microsoft.com/api/stac/v1/collections/sentinel-1-grd/items/S1D_IW_GRDH_1SDV_20260827T113524_20260827T113549_004311_007F25,"Copernicus Sentinel Data Legal Notice - free, full and open access",EPSG:32647,10 pixel spacing (GRD),VV;VH,,,,provider=Microsoft Planetary Computer; yearly paginated STAC search; AOI coverage=1.000,candidate-unverified
