transect_id,role,plot_id,indicator,n_observations,nsm_2023_2026_m,epr_2023_2026_m_per_year,lrr_m_per_year,sce_m,classification,position_2023_m,position_2024_m,position_2025_m,position_2026_m,confidence,nsm_2023_2025_m
TA0001,CONTROL_CANDIDATE_POOL,,WATERLINE,2,-20.0,-6.67,-6.67,20.0,WITHIN_20M,20.0,,,0.0,LOW,
TA0001,CONTROL_CANDIDATE_POOL,,MANGROVE_EDGE_PROXY,0,,,,,INSUFFICIENT_DATA,,,,,LOW,
TA0002,CONTROL_CANDIDATE_POOL,,WATERLINE,1,,,,,INSUFFICIENT_DATA,,,,-0.0,LOW,
TA0002,CONTROL_CANDIDATE_POOL,,MANGROVE_EDGE_PROXY,0,,,,,INSUFFICIENT_DATA,,,,,LOW,
TA0003,CONTROL_CANDIDATE_POOL,,WATERLINE,1,,,,,INSUFFICIENT_DATA,,,,0.0,LOW,
TA0003,CONTROL_CANDIDATE_POOL,,MANGROVE_EDGE_PROXY,0,,,,,INSUFFICIENT_DATA,,,,,LOW,
TA0004,CONTROL_CANDIDATE_POOL,,WATERLINE,2,0.0,0.0,0.0,0.0,WITHIN_20M,-0.0,,,-0.0,LOW,
TA0004,CONTROL_CANDIDATE_POOL,,MANGROVE_EDGE_PROXY,0,,,,,INSUFFICIENT_DATA,,,,,LOW,
TA0005,CONTROL_CANDIDATE_POOL,,WATERLINE,2,-20.0,-6.67,-6.67,20.0,WITHIN_20M,20.0,,,0.0,LOW,
TA0005,CONTROL_CANDIDATE_POOL,,MANGROVE_EDGE_PROXY,4,20.0,6.67,6.0,20.0,WITHIN_20M,1480.0,1480.0,1480.0,1500.0,LOW,0.0
TA0006,CONTROL_CANDIDATE_POOL,,WATERLINE,2,0.0,0.0,0.0,0.0,WITHIN_20M,0.0,,,0.0,LOW,
TA0006,CONTROL_CANDIDATE_POOL,,MANGROVE_EDGE_PROXY,4,20.0,6.67,6.0,20.0,WITHIN_20M,1480.0,1480.0,1480.0,1500.0,LOW,0.0
TA0007,CONTROL_CANDIDATE_POOL,,WATERLINE,2,20.0,6.67,6.67,20.0,WITHIN_20M,-20.0,,,0.0,LOW,
TA0007,CONTROL_CANDIDATE_POOL,,MANGROVE_EDGE_PROXY,0,,,,,INSUFFICIENT_DATA,,,,,LOW,
TA0008,CONTROL_CANDIDATE_POOL,,WATERLINE,2,22.48,7.49,7.49,22.48,APPARENT_SEAWARD,-22.48,,,0.0,LOW,
TA0008,CONTROL_CANDIDATE_POOL,,MANGROVE_EDGE_PROXY,0,,,,,INSUFFICIENT_DATA,,,,,LOW,
TA0009,CONTROL_CANDIDATE_POOL,,WATERLINE,2,0.0,0.0,0.0,0.0,WITHIN_20M,0.0,,,0.0,LOW,
TA0009,CONTROL_CANDIDATE_POOL,,MANGROVE_EDGE_PROXY,4,0.0,0.0,0.0,0.0,WITHIN_20M,-1400.0,-1400.0,-1400.0,-1400.0,LOW,0.0
TA0010,CONTROL_CANDIDATE_POOL,,WATERLINE,2,0.0,0.0,0.0,0.0,WITHIN_20M,0.0,,,0.0,LOW,
TA0010,CONTROL_CANDIDATE_POOL,,MANGROVE_EDGE_PROXY,4,0.0,0.0,-0.0,20.0,WITHIN_20M,-1420.0,-1400.0,-1400.0,-1420.0,LOW,20.0
TA0011,CONTROL_CANDIDATE_POOL,,WATERLINE,2,20.0,6.67,6.67,20.0,WITHIN_20M,-20.0,,,0.0,LOW,
TA0011,CONTROL_CANDIDATE_POOL,,MANGROVE_EDGE_PROXY,0,,,,,INSUFFICIENT_DATA,,,,,LOW,
TA0012,CONTROL_CANDIDATE_POOL,,WATERLINE,2,34.17,11.39,11.39,34.17,APPARENT_SEAWARD,-34.17,,,0.0,LOW,
TA0012,CONTROL_CANDIDATE_POOL,,MANGROVE_EDGE_PROXY,4,0.0,0.0,-0.0,0.0,WITHIN_20M,-1486.65,-1486.65,-1486.65,-1486.65,LOW,0.0
TA0013,CONTROL_CANDIDATE_POOL,,WATERLINE,2,0.0,0.0,0.0,0.0,WITHIN_20M,-0.0,,,-0.0,LOW,
TA0013,CONTROL_CANDIDATE_POOL,,MANGROVE_EDGE_PROXY,0,,,,,INSUFFICIENT_DATA,,,,,LOW,
TA0014,CONTROL_CANDIDATE_POOL,,WATERLINE,2,9.11,3.04,3.04,9.11,WITHIN_20M,-9.11,,,-0.0,LOW,
TA0014,CONTROL_CANDIDATE_POOL,,MANGROVE_EDGE_PROXY,0,,,,,INSUFFICIENT_DATA,,,,,LOW,
TA0015,CONTROL_CANDIDATE_POOL,,WATERLINE,2,0.0,0.0,0.0,0.0,WITHIN_20M,-0.0,,,-0.0,LOW,
TA0015,CONTROL_CANDIDATE_POOL,,MANGROVE_EDGE_PROXY,0,,,,,INSUFFICIENT_DATA,,,,,LOW,
TA0016,CONTROL_CANDIDATE_POOL,,WATERLINE,2,0.0,0.0,0.0,0.0,WITHIN_20M,-0.0,,,-0.0,LOW,
TA0016,CONTROL_CANDIDATE_POOL,,MANGROVE_EDGE_PROXY,0,,,,,INSUFFICIENT_DATA,,,,,LOW,
TA0017,CONTROL_CANDIDATE_POOL,,WATERLINE,2,20.0,6.67,6.67,20.0,WITHIN_20M,-20.0,,,0.0,LOW,
TA0017,CONTROL_CANDIDATE_POOL,,MANGROVE_EDGE_PROXY,0,,,,,INSUFFICIENT_DATA,,,,,LOW,
TA0018,CONTROL_CANDIDATE_POOL,,WATERLINE,2,4.74,1.58,1.58,4.74,WITHIN_20M,-4.74,,,-0.0,LOW,
TA0018,CONTROL_CANDIDATE_POOL,,MANGROVE_EDGE_PROXY,0,,,,,INSUFFICIENT_DATA,,,,,LOW,
TA0019,CONTROL_CANDIDATE_POOL,,WATERLINE,2,18.89,6.3,6.3,18.89,WITHIN_20M,-18.89,,,-0.0,LOW,
TA0019,CONTROL_CANDIDATE_POOL,,MANGROVE_EDGE_PROXY,0,,,,,INSUFFICIENT_DATA,,,,,LOW,
TA0020,CONTROL_CANDIDATE_POOL,,WATERLINE,2,0.0,0.0,0.0,0.0,WITHIN_20M,0.0,,,0.0,LOW,
TA0020,CONTROL_CANDIDATE_POOL,,MANGROVE_EDGE_PROXY,0,,,,,INSUFFICIENT_DATA,,,,,LOW,
TA0021,CONTROL_CANDIDATE_POOL,,WATERLINE,4,0.0,0.0,-0.0,1252.8,WITHIN_20M,-0.0,1252.8,1252.8,-0.0,LOW,1252.8
TA0021,CONTROL_CANDIDATE_POOL,,MANGROVE_EDGE_PROXY,4,0.0,0.0,0.0,0.0,WITHIN_20M,1252.8,1252.8,1252.8,1252.8,LOW,0.0
TA0022,CONTROL_CANDIDATE_POOL,,WATERLINE,4,-100.0,-33.33,-30.0,1440.0,APPARENT_LANDWARD,100.0,1440.0,1440.0,0.0,LOW,1340.0
TA0022,CONTROL_CANDIDATE_POOL,,MANGROVE_EDGE_PROXY,4,0.0,0.0,-0.0,0.0,WITHIN_20M,1440.0,1440.0,1440.0,1440.0,LOW,0.0
TA0023,CONTROL_CANDIDATE_POOL,,WATERLINE,4,-20.0,-6.67,-8.0,1460.0,WITHIN_20M,20.0,1460.0,1440.0,0.0,LOW,1420.0
TA0023,CONTROL_CANDIDATE_POOL,,MANGROVE_EDGE_PROXY,4,0.0,0.0,-0.0,0.0,WITHIN_20M,1440.0,1440.0,1440.0,1440.0,LOW,0.0
TA0024,CONTROL_CANDIDATE_POOL,,WATERLINE,2,-36.8,-12.27,-12.27,36.8,APPARENT_LANDWARD,36.8,,,-0.0,LOW,
TA0024,CONTROL_CANDIDATE_POOL,,MANGROVE_EDGE_PROXY,0,,,,,INSUFFICIENT_DATA,,,,,LOW,
TA0025,CONTROL_CANDIDATE_POOL,,WATERLINE,4,20.0,6.67,4.0,1500.0,WITHIN_20M,-20.0,1480.0,1460.0,0.0,LOW,1480.0
TA0025,CONTROL_CANDIDATE_POOL,,MANGROVE_EDGE_PROXY,4,0.0,0.0,-0.0,0.0,WITHIN_20M,1460.0,1460.0,1460.0,1460.0,LOW,0.0
TA0026,CONTROL_CANDIDATE_POOL,,WATERLINE,2,-36.8,-12.27,-12.27,36.8,APPARENT_LANDWARD,36.8,,,-0.0,LOW,
TA0026,CONTROL_CANDIDATE_POOL,,MANGROVE_EDGE_PROXY,0,,,,,INSUFFICIENT_DATA,,,,,LOW,
TA0027,CONTROL_CANDIDATE_POOL,,WATERLINE,2,20.0,6.67,6.67,20.0,WITHIN_20M,-20.0,,,0.0,LOW,
TA0027,CONTROL_CANDIDATE_POOL,,MANGROVE_EDGE_PROXY,0,,,,,INSUFFICIENT_DATA,,,,,LOW,
TA0028,CONTROL_CANDIDATE_POOL,,WATERLINE,2,20.0,6.67,6.67,20.0,WITHIN_20M,-20.0,,,0.0,LOW,
TA0028,CONTROL_CANDIDATE_POOL,,MANGROVE_EDGE_PROXY,0,,,,,INSUFFICIENT_DATA,,,,,LOW,
TA0029,CONTROL_CANDIDATE_POOL,,WATERLINE,2,-300.0,-100.0,-100.0,300.0,APPARENT_LANDWARD,300.0,,,0.0,LOW,
TA0029,CONTROL_CANDIDATE_POOL,,MANGROVE_EDGE_PROXY,4,-20.0,-6.67,-6.0,20.0,WITHIN_20M,-1160.0,-1160.0,-1160.0,-1180.0,LOW,0.0
TA0030,CONTROL_CANDIDATE_POOL,,WATERLINE,2,-320.0,-106.67,-106.67,320.0,APPARENT_LANDWARD,320.0,,,0.0,LOW,
TA0030,CONTROL_CANDIDATE_POOL,,MANGROVE_EDGE_PROXY,4,-20.0,-6.67,-6.0,20.0,WITHIN_20M,-1160.0,-1160.0,-1160.0,-1180.0,LOW,0.0
TA0031,CONTROL_CANDIDATE_POOL,,WATERLINE,2,120.0,40.0,40.0,120.0,APPARENT_SEAWARD,-120.0,,,0.0,LOW,
TA0031,CONTROL_CANDIDATE_POOL,,MANGROVE_EDGE_PROXY,0,,,,,INSUFFICIENT_DATA,,,,,LOW,
TA0032,CONTROL_CANDIDATE_POOL,,WATERLINE,2,147.36,49.12,49.12,147.36,APPARENT_SEAWARD,-147.36,,,0.0,LOW,
TA0032,CONTROL_CANDIDATE_POOL,,MANGROVE_EDGE_PROXY,0,,,,,INSUFFICIENT_DATA,,,,,LOW,
TA0033,CONTROL_CANDIDATE_POOL,,WATERLINE,2,-224.32,-74.77,-74.77,224.32,APPARENT_LANDWARD,224.32,,,-0.0,LOW,
TA0033,CONTROL_CANDIDATE_POOL,,MANGROVE_EDGE_PROXY,4,102.35,34.12,30.71,102.35,APPARENT_SEAWARD,-1159.94,-1057.59,-1057.59,-1057.59,LOW,102.35
TA0034,CONTROL_CANDIDATE_POOL,,WATERLINE,2,-241.0,-80.33,-80.33,241.0,APPARENT_LANDWARD,241.0,,,0.0,LOW,
TA0034,CONTROL_CANDIDATE_POOL,,MANGROVE_EDGE_PROXY,4,0.0,0.0,0.0,0.0,WITHIN_20M,-1225.1,-1225.1,-1225.1,-1225.1,LOW,0.0
TA0035,CONTROL_CANDIDATE_POOL,,WATERLINE,2,20.39,6.8,6.8,20.39,APPARENT_SEAWARD,-20.39,,,-0.0,LOW,
TA0035,CONTROL_CANDIDATE_POOL,,MANGROVE_EDGE_PROXY,4,20.39,6.8,6.12,20.39,APPARENT_SEAWARD,-1203.19,-1182.8,-1182.8,-1182.8,LOW,20.39
TA0036,CONTROL_CANDIDATE_POOL,,WATERLINE,2,0.0,0.0,0.0,0.0,WITHIN_20M,0.0,,,0.0,LOW,
TA0036,CONTROL_CANDIDATE_POOL,,MANGROVE_EDGE_PROXY,0,,,,,INSUFFICIENT_DATA,,,,,LOW,
TA0037,CONTROL_CANDIDATE_POOL,,WATERLINE,2,22.37,7.46,7.46,22.37,APPARENT_SEAWARD,-22.37,,,-0.0,LOW,
TA0037,CONTROL_CANDIDATE_POOL,,MANGROVE_EDGE_PROXY,4,17.51,5.84,5.25,17.51,WITHIN_20M,-1118.57,-1101.06,-1101.06,-1101.06,LOW,17.51
TA0038,CONTROL_CANDIDATE_POOL,,WATERLINE,2,20.0,6.67,6.67,20.0,WITHIN_20M,-20.0,,,0.0,LOW,
TA0038,CONTROL_CANDIDATE_POOL,,MANGROVE_EDGE_PROXY,4,180.0,60.0,56.0,200.0,APPARENT_SEAWARD,-1300.0,-1120.0,-1100.0,-1120.0,LOW,200.0
TA0039,CONTROL_CANDIDATE_POOL,,WATERLINE,2,18.89,6.3,6.3,18.89,WITHIN_20M,-18.89,,,-0.0,LOW,
TA0039,CONTROL_CANDIDATE_POOL,,MANGROVE_EDGE_PROXY,0,,,,,INSUFFICIENT_DATA,,,,,LOW,
TA0040,CONTROL_CANDIDATE_POOL,,WATERLINE,2,0.0,0.0,0.0,0.0,WITHIN_20M,0.0,,,0.0,LOW,
TA0040,CONTROL_CANDIDATE_POOL,,MANGROVE_EDGE_PROXY,0,,,,,INSUFFICIENT_DATA,,,,,LOW,
TA0041,CONTROL_CANDIDATE_POOL,,WATERLINE,4,-340.0,-113.33,-104.0,1080.0,APPARENT_LANDWARD,340.0,1080.0,1060.0,0.0,LOW,720.0
TA0041,CONTROL_CANDIDATE_POOL,,MANGROVE_EDGE_PROXY,4,20.0,6.67,6.0,20.0,WITHIN_20M,1060.0,1060.0,1060.0,1080.0,LOW,0.0
TA0042,CONTROL_CANDIDATE_POOL,,WATERLINE,2,-80.53,-26.84,-26.84,80.53,APPARENT_LANDWARD,80.53,,,-0.0,LOW,
TA0042,CONTROL_CANDIDATE_POOL,,MANGROVE_EDGE_PROXY,0,,,,,INSUFFICIENT_DATA,,,,,LOW,
TA0043,CONTROL_CANDIDATE_POOL,,WATERLINE,2,-104.84,-34.95,-34.95,104.84,APPARENT_LANDWARD,104.84,,,-0.0,LOW,
TA0043,CONTROL_CANDIDATE_POOL,,MANGROVE_EDGE_PROXY,0,,,,,INSUFFICIENT_DATA,,,,,LOW,
TA0044,CONTROL_CANDIDATE_POOL,,WATERLINE,2,95.73,31.91,31.91,95.73,APPARENT_SEAWARD,-95.73,,,-0.0,LOW,
TA0044,CONTROL_CANDIDATE_POOL,,MANGROVE_EDGE_PROXY,0,,,,,INSUFFICIENT_DATA,,,,,LOW,
TA0045,CONTROL_CANDIDATE_POOL,,WATERLINE,4,-120.0,-40.0,-36.0,1020.0,APPARENT_LANDWARD,120.0,1020.0,1020.0,0.0,LOW,900.0
TA0045,CONTROL_CANDIDATE_POOL,,MANGROVE_EDGE_PROXY,4,20.0,6.67,6.0,20.0,WITHIN_20M,1000.0,1020.0,1020.0,1020.0,LOW,20.0
TA0046,CONTROL_CANDIDATE_POOL,,WATERLINE,2,20.13,6.71,6.71,20.13,APPARENT_SEAWARD,-20.13,,,-0.0,LOW,
TA0046,CONTROL_CANDIDATE_POOL,,MANGROVE_EDGE_PROXY,0,,,,,INSUFFICIENT_DATA,,,,,LOW,
TA0047,CONTROL_CANDIDATE_POOL,,WATERLINE,2,0.0,0.0,0.0,0.0,WITHIN_20M,-0.0,,,-0.0,LOW,
TA0047,CONTROL_CANDIDATE_POOL,,MANGROVE_EDGE_PROXY,0,,,,,INSUFFICIENT_DATA,,,,,LOW,
TA0048,CONTROL_CANDIDATE_POOL,,WATERLINE,2,0.0,0.0,0.0,0.0,WITHIN_20M,-0.0,,,-0.0,LOW,
TA0048,CONTROL_CANDIDATE_POOL,,MANGROVE_EDGE_PROXY,0,,,,,INSUFFICIENT_DATA,,,,,LOW,
TA0049,CONTROL_CANDIDATE_POOL,,WATERLINE,2,0.0,0.0,0.0,0.0,WITHIN_20M,-0.0,,,-0.0,LOW,
TA0049,CONTROL_CANDIDATE_POOL,,MANGROVE_EDGE_PROXY,0,,,,,INSUFFICIENT_DATA,,,,,LOW,
TA0050,CONTROL_CANDIDATE_POOL,,WATERLINE,2,23.93,7.98,7.98,23.93,APPARENT_SEAWARD,-23.93,,,-0.0,LOW,
TA0050,CONTROL_CANDIDATE_POOL,,MANGROVE_EDGE_PROXY,0,,,,,INSUFFICIENT_DATA,,,,,LOW,
TA0051,CONTROL_CANDIDATE_POOL,,WATERLINE,2,23.26,7.75,7.75,23.26,APPARENT_SEAWARD,-23.26,,,-0.0,LOW,
TA0051,CONTROL_CANDIDATE_POOL,,MANGROVE_EDGE_PROXY,0,,,,,INSUFFICIENT_DATA,,,,,LOW,
TA0052,CONTROL_CANDIDATE_POOL,,WATERLINE,2,-303.4,-101.13,-101.13,303.4,APPARENT_LANDWARD,303.4,,,0.0,LOW,
TA0052,CONTROL_CANDIDATE_POOL,,MANGROVE_EDGE_PROXY,0,,,,,INSUFFICIENT_DATA,,,,,LOW,
TA0053,CONTROL_CANDIDATE_POOL,,WATERLINE,4,-760.0,-253.33,-228.0,760.0,APPARENT_LANDWARD,760.0,760.0,760.0,0.0,LOW,0.0
TA0053,CONTROL_CANDIDATE_POOL,,MANGROVE_EDGE_PROXY,4,0.0,0.0,-0.0,0.0,WITHIN_20M,760.0,760.0,760.0,760.0,LOW,0.0
TA0054,CONTROL_CANDIDATE_POOL,,WATERLINE,2,101.13,33.71,33.71,101.13,APPARENT_SEAWARD,-101.13,,,0.0,LOW,
TA0054,CONTROL_CANDIDATE_POOL,,MANGROVE_EDGE_PROXY,0,,,,,INSUFFICIENT_DATA,,,,,LOW,
TA0055,CONTROL_CANDIDATE_POOL,,WATERLINE,4,-800.0,-266.67,-240.0,800.0,APPARENT_LANDWARD,800.0,800.0,800.0,0.0,LOW,0.0
TA0055,CONTROL_CANDIDATE_POOL,,MANGROVE_EDGE_PROXY,4,0.0,0.0,-0.0,0.0,WITHIN_20M,800.0,800.0,800.0,800.0,LOW,0.0
TA0056,CONTROL_CANDIDATE_POOL,,WATERLINE,2,-182.04,-60.68,-60.68,182.04,APPARENT_LANDWARD,182.04,,,0.0,LOW,
TA0056,CONTROL_CANDIDATE_POOL,,MANGROVE_EDGE_PROXY,0,,,,,INSUFFICIENT_DATA,,,,,LOW,
TA0057,CONTROL_CANDIDATE_POOL,,WATERLINE,2,141.27,47.09,47.09,141.27,APPARENT_SEAWARD,-141.27,,,-0.0,LOW,
TA0057,CONTROL_CANDIDATE_POOL,,MANGROVE_EDGE_PROXY,0,,,,,INSUFFICIENT_DATA,,,,,LOW,
TA0058,CONTROL_CANDIDATE_POOL,,WATERLINE,2,161.81,53.94,53.94,161.81,APPARENT_SEAWARD,-161.81,,,0.0,LOW,
TA0058,CONTROL_CANDIDATE_POOL,,MANGROVE_EDGE_PROXY,0,,,,,INSUFFICIENT_DATA,,,,,LOW,
TA0059,CONTROL_CANDIDATE_POOL,,WATERLINE,2,140.0,46.67,46.67,140.0,APPARENT_SEAWARD,-140.0,,,0.0,LOW,
TA0059,CONTROL_CANDIDATE_POOL,,MANGROVE_EDGE_PROXY,0,,,,,INSUFFICIENT_DATA,,,,,LOW,
TA0060,CONTROL_CANDIDATE_POOL,,WATERLINE,1,,,,,INSUFFICIENT_DATA,,,,-0.0,LOW,
TA0060,CONTROL_CANDIDATE_POOL,,MANGROVE_EDGE_PROXY,0,,,,,INSUFFICIENT_DATA,,,,,LOW,
TA0061,CONTROL_CANDIDATE_POOL,,WATERLINE,2,20.0,6.67,6.67,20.0,WITHIN_20M,-20.0,,,0.0,LOW,
TA0061,CONTROL_CANDIDATE_POOL,,MANGROVE_EDGE_PROXY,0,,,,,INSUFFICIENT_DATA,,,,,LOW,
TA0062,CONTROL_CANDIDATE_POOL,,WATERLINE,2,21.31,7.1,7.1,21.31,APPARENT_SEAWARD,-21.31,,,0.0,LOW,
TA0062,CONTROL_CANDIDATE_POOL,,MANGROVE_EDGE_PROXY,0,,,,,INSUFFICIENT_DATA,,,,,LOW,
TA0063,CONTROL_CANDIDATE_POOL,,WATERLINE,2,0.0,0.0,0.0,0.0,WITHIN_20M,0.0,,,0.0,LOW,
TA0063,CONTROL_CANDIDATE_POOL,,MANGROVE_EDGE_PROXY,0,,,,,INSUFFICIENT_DATA,,,,,LOW,
TA0064,CONTROL_CANDIDATE_POOL,,WATERLINE,2,13.09,4.36,4.36,13.09,WITHIN_20M,-13.09,,,-0.0,LOW,
TA0064,CONTROL_CANDIDATE_POOL,,MANGROVE_EDGE_PROXY,0,,,,,INSUFFICIENT_DATA,,,,,LOW,
TA0065,CONTROL_CANDIDATE_POOL,,WATERLINE,2,0.0,0.0,0.0,0.0,WITHIN_20M,-0.0,,,-0.0,LOW,
TA0065,CONTROL_CANDIDATE_POOL,,MANGROVE_EDGE_PROXY,0,,,,,INSUFFICIENT_DATA,,,,,LOW,
TA0066,CONTROL_CANDIDATE_POOL,,WATERLINE,2,0.0,0.0,0.0,0.0,WITHIN_20M,0.0,,,0.0,LOW,
TA0066,CONTROL_CANDIDATE_POOL,,MANGROVE_EDGE_PROXY,0,,,,,INSUFFICIENT_DATA,,,,,LOW,
TA0067,CONTROL_CANDIDATE_POOL,,WATERLINE,2,0.0,0.0,0.0,0.0,WITHIN_20M,0.0,,,0.0,LOW,
TA0067,CONTROL_CANDIDATE_POOL,,MANGROVE_EDGE_PROXY,0,,,,,INSUFFICIENT_DATA,,,,,LOW,
TA0068,CONTROL_CANDIDATE_POOL,,WATERLINE,2,0.0,0.0,0.0,0.0,WITHIN_20M,0.0,,,0.0,LOW,
TA0068,CONTROL_CANDIDATE_POOL,,MANGROVE_EDGE_PROXY,0,,,,,INSUFFICIENT_DATA,,,,,LOW,
TA0069,CONTROL_CANDIDATE_POOL,,WATERLINE,2,0.0,0.0,0.0,0.0,WITHIN_20M,0.0,,,0.0,LOW,
TA0069,CONTROL_CANDIDATE_POOL,,MANGROVE_EDGE_PROXY,3,,,-0.0,0.0,INSUFFICIENT_DATA,,-1120.0,-1120.0,-1120.0,LOW,
TA0070,CONTROL_CANDIDATE_POOL,,WATERLINE,2,0.0,0.0,0.0,0.0,WITHIN_20M,0.0,,,0.0,LOW,
TA0070,CONTROL_CANDIDATE_POOL,,MANGROVE_EDGE_PROXY,0,,,,,INSUFFICIENT_DATA,,,,,LOW,
TA0071,CONTROL_CANDIDATE_POOL,,WATERLINE,2,0.0,0.0,0.0,0.0,WITHIN_20M,-0.0,,,-0.0,LOW,
TA0071,CONTROL_CANDIDATE_POOL,,MANGROVE_EDGE_PROXY,4,32.32,10.77,6.76,61.72,APPARENT_SEAWARD,-1473.73,-1412.01,-1441.41,-1441.41,LOW,32.32
TA0072,CONTROL_CANDIDATE_POOL,,WATERLINE,2,0.0,0.0,0.0,0.0,WITHIN_20M,0.0,,,0.0,LOW,
TA0072,CONTROL_CANDIDATE_POOL,,MANGROVE_EDGE_PROXY,0,,,,,INSUFFICIENT_DATA,,,,,LOW,
TA0073,CONTROL_CANDIDATE_POOL,,WATERLINE,2,0.0,0.0,0.0,0.0,WITHIN_20M,0.0,,,0.0,LOW,
TA0073,CONTROL_CANDIDATE_POOL,,MANGROVE_EDGE_PROXY,0,,,,,INSUFFICIENT_DATA,,,,,LOW,
TA0074,CONTROL_CANDIDATE_POOL,,WATERLINE,2,0.0,0.0,0.0,0.0,WITHIN_20M,0.0,,,0.0,LOW,
TA0074,CONTROL_CANDIDATE_POOL,,MANGROVE_EDGE_PROXY,0,,,,,INSUFFICIENT_DATA,,,,,LOW,
TA0075,CONTROL_CANDIDATE_POOL,,WATERLINE,2,20.0,6.67,6.67,20.0,WITHIN_20M,-20.0,,,0.0,LOW,
TA0075,CONTROL_CANDIDATE_POOL,,MANGROVE_EDGE_PROXY,0,,,,,INSUFFICIENT_DATA,,,,,LOW,
TA0076,CONTROL_CANDIDATE_POOL,,WATERLINE,2,0.0,0.0,0.0,0.0,WITHIN_20M,0.0,,,0.0,LOW,
TA0076,CONTROL_CANDIDATE_POOL,,MANGROVE_EDGE_PROXY,0,,,,,INSUFFICIENT_DATA,,,,,LOW,
TA0077,CONTROL_CANDIDATE_POOL,,WATERLINE,2,0.0,0.0,0.0,0.0,WITHIN_20M,-0.0,,,-0.0,LOW,
TA0077,CONTROL_CANDIDATE_POOL,,MANGROVE_EDGE_PROXY,0,,,,,INSUFFICIENT_DATA,,,,,LOW,
TA0078,CONTROL_CANDIDATE_POOL,,WATERLINE,2,15.19,5.06,5.06,15.19,WITHIN_20M,-15.19,,,-0.0,LOW,
TA0078,CONTROL_CANDIDATE_POOL,,MANGROVE_EDGE_PROXY,0,,,,,INSUFFICIENT_DATA,,,,,LOW,
TA0079,CONTROL_CANDIDATE_POOL,,WATERLINE,2,0.0,0.0,0.0,0.0,WITHIN_20M,0.0,,,0.0,LOW,
TA0079,CONTROL_CANDIDATE_POOL,,MANGROVE_EDGE_PROXY,0,,,,,INSUFFICIENT_DATA,,,,,LOW,
TA0080,CONTROL_CANDIDATE_POOL,,WATERLINE,2,21.31,7.1,7.1,21.31,APPARENT_SEAWARD,-21.31,,,0.0,LOW,
TA0080,CONTROL_CANDIDATE_POOL,,MANGROVE_EDGE_PROXY,0,,,,,INSUFFICIENT_DATA,,,,,LOW,
TA0081,CONTROL_CANDIDATE_POOL,,WATERLINE,2,0.0,0.0,0.0,0.0,WITHIN_20M,0.0,,,0.0,LOW,
TA0081,CONTROL_CANDIDATE_POOL,,MANGROVE_EDGE_PROXY,0,,,,,INSUFFICIENT_DATA,,,,,LOW,
TA0082,CONTROL_CANDIDATE_POOL,,WATERLINE,2,15.19,5.06,5.06,15.19,WITHIN_20M,-15.19,,,-0.0,LOW,
TA0082,CONTROL_CANDIDATE_POOL,,MANGROVE_EDGE_PROXY,0,,,,,INSUFFICIENT_DATA,,,,,LOW,
TA0083,CONTROL_CANDIDATE_POOL,,WATERLINE,2,0.0,0.0,0.0,0.0,WITHIN_20M,0.0,,,0.0,LOW,
TA0083,CONTROL_CANDIDATE_POOL,,MANGROVE_EDGE_PROXY,0,,,,,INSUFFICIENT_DATA,,,,,LOW,
TA0084,CONTROL_CANDIDATE_POOL,,WATERLINE,2,0.0,0.0,0.0,0.0,WITHIN_20M,0.0,,,0.0,LOW,
TA0084,CONTROL_CANDIDATE_POOL,,MANGROVE_EDGE_PROXY,0,,,,,INSUFFICIENT_DATA,,,,,LOW,
TA0085,CONTROL_CANDIDATE_POOL,,WATERLINE,2,0.0,0.0,0.0,0.0,WITHIN_20M,0.0,,,0.0,LOW,
TA0085,CONTROL_CANDIDATE_POOL,,MANGROVE_EDGE_PROXY,0,,,,,INSUFFICIENT_DATA,,,,,LOW,
TA0086,CONTROL_CANDIDATE_POOL,,WATERLINE,2,20.89,6.96,6.96,20.89,APPARENT_SEAWARD,-20.89,,,0.0,LOW,
TA0086,CONTROL_CANDIDATE_POOL,,MANGROVE_EDGE_PROXY,0,,,,,INSUFFICIENT_DATA,,,,,LOW,
TA0087,CONTROL_CANDIDATE_POOL,,WATERLINE,2,0.0,0.0,0.0,0.0,WITHIN_20M,0.0,,,0.0,LOW,
TA0087,CONTROL_CANDIDATE_POOL,,MANGROVE_EDGE_PROXY,0,,,,,INSUFFICIENT_DATA,,,,,LOW,
TA0088,CONTROL_CANDIDATE_POOL,,WATERLINE,2,13.09,4.36,4.36,13.09,WITHIN_20M,-13.09,,,-0.0,LOW,
TA0088,CONTROL_CANDIDATE_POOL,,MANGROVE_EDGE_PROXY,0,,,,,INSUFFICIENT_DATA,,,,,LOW,
TA0089,CONTROL_CANDIDATE_POOL,,WATERLINE,2,20.0,6.67,6.67,20.0,WITHIN_20M,-20.0,,,0.0,LOW,
TA0089,CONTROL_CANDIDATE_POOL,,MANGROVE_EDGE_PROXY,0,,,,,INSUFFICIENT_DATA,,,,,LOW,
TA0090,CONTROL_CANDIDATE_POOL,,WATERLINE,2,20.0,6.67,6.67,20.0,WITHIN_20M,-20.0,,,0.0,LOW,
TA0090,CONTROL_CANDIDATE_POOL,,MANGROVE_EDGE_PROXY,0,,,,,INSUFFICIENT_DATA,,,,,LOW,
TA0091,CONTROL_CANDIDATE_POOL,,WATERLINE,2,27.23,9.08,9.08,27.23,APPARENT_SEAWARD,-27.23,,,-0.0,LOW,
TA0091,CONTROL_CANDIDATE_POOL,,MANGROVE_EDGE_PROXY,0,,,,,INSUFFICIENT_DATA,,,,,LOW,
TA0092,CONTROL_CANDIDATE_POOL,,WATERLINE,2,20.0,6.67,6.67,20.0,WITHIN_20M,-20.0,,,0.0,LOW,
TA0092,CONTROL_CANDIDATE_POOL,,MANGROVE_EDGE_PROXY,0,,,,,INSUFFICIENT_DATA,,,,,LOW,
TA0093,CONTROL_CANDIDATE_POOL,,WATERLINE,2,20.0,6.67,6.67,20.0,WITHIN_20M,-20.0,,,0.0,LOW,
TA0093,CONTROL_CANDIDATE_POOL,,MANGROVE_EDGE_PROXY,0,,,,,INSUFFICIENT_DATA,,,,,LOW,
TA0094,CONTROL_CANDIDATE_POOL,,WATERLINE,2,0.0,0.0,0.0,0.0,WITHIN_20M,-0.0,,,-0.0,LOW,
TA0094,CONTROL_CANDIDATE_POOL,,MANGROVE_EDGE_PROXY,0,,,,,INSUFFICIENT_DATA,,,,,LOW,
TA0095,CONTROL_CANDIDATE_POOL,,WATERLINE,2,-1.05,-0.35,-0.35,1.05,WITHIN_20M,1.05,,,-0.0,LOW,
TA0095,CONTROL_CANDIDATE_POOL,,MANGROVE_EDGE_PROXY,0,,,,,INSUFFICIENT_DATA,,,,,LOW,
TA0096,CONTROL_CANDIDATE_POOL,,WATERLINE,2,-41.77,-13.92,-13.92,41.77,APPARENT_LANDWARD,41.77,,,0.0,LOW,
TA0096,CONTROL_CANDIDATE_POOL,,MANGROVE_EDGE_PROXY,0,,,,,INSUFFICIENT_DATA,,,,,LOW,
TA0097,CONTROL_CANDIDATE_POOL,,WATERLINE,2,-57.7,-19.23,-19.23,57.7,APPARENT_LANDWARD,57.7,,,-0.0,LOW,
TA0097,CONTROL_CANDIDATE_POOL,,MANGROVE_EDGE_PROXY,0,,,,,INSUFFICIENT_DATA,,,,,LOW,
TA0098,CONTROL_CANDIDATE_POOL,,WATERLINE,2,-15.19,-5.06,-5.06,15.19,WITHIN_20M,15.19,,,-0.0,LOW,
TA0098,CONTROL_CANDIDATE_POOL,,MANGROVE_EDGE_PROXY,0,,,,,INSUFFICIENT_DATA,,,,,LOW,
TA0099,CONTROL_CANDIDATE_POOL,,WATERLINE,2,0.0,0.0,0.0,0.0,WITHIN_20M,0.0,,,0.0,LOW,
TA0099,CONTROL_CANDIDATE_POOL,,MANGROVE_EDGE_PROXY,1,,,,,INSUFFICIENT_DATA,-740.0,,,,LOW,
TA0100,CONTROL_CANDIDATE_POOL,,WATERLINE,2,0.0,0.0,0.0,0.0,WITHIN_20M,0.0,,,0.0,LOW,
TA0100,CONTROL_CANDIDATE_POOL,,MANGROVE_EDGE_PROXY,0,,,,,INSUFFICIENT_DATA,,,,,LOW,
TA0101,CONTROL_CANDIDATE_POOL,,WATERLINE,2,0.0,0.0,0.0,0.0,WITHIN_20M,0.0,,,0.0,LOW,
TA0101,CONTROL_CANDIDATE_POOL,,MANGROVE_EDGE_PROXY,0,,,,,INSUFFICIENT_DATA,,,,,LOW,
TA0102,CONTROL_CANDIDATE_POOL,,WATERLINE,2,0.0,0.0,0.0,0.0,WITHIN_20M,-0.0,,,-0.0,LOW,
TA0102,CONTROL_CANDIDATE_POOL,,MANGROVE_EDGE_PROXY,0,,,,,INSUFFICIENT_DATA,,,,,LOW,
TA0103,CONTROL_CANDIDATE_POOL,,WATERLINE,2,0.0,0.0,0.0,0.0,WITHIN_20M,0.0,,,0.0,LOW,
TA0103,CONTROL_CANDIDATE_POOL,,MANGROVE_EDGE_PROXY,0,,,,,INSUFFICIENT_DATA,,,,,LOW,
TA0104,CONTROL_CANDIDATE_POOL,,WATERLINE,2,0.0,0.0,0.0,0.0,WITHIN_20M,0.0,,,0.0,LOW,
TA0104,CONTROL_CANDIDATE_POOL,,MANGROVE_EDGE_PROXY,0,,,,,INSUFFICIENT_DATA,,,,,LOW,
TA0105,CONTROL_CANDIDATE_POOL,,WATERLINE,2,40.0,13.33,13.33,40.0,APPARENT_SEAWARD,-40.0,,,0.0,LOW,
TA0105,CONTROL_CANDIDATE_POOL,,MANGROVE_EDGE_PROXY,1,,,,,INSUFFICIENT_DATA,,-820.0,,,LOW,
TA0106,CONTROL_CANDIDATE_POOL,,WATERLINE,2,42.61,14.2,14.2,42.61,APPARENT_SEAWARD,-42.61,,,0.0,LOW,
TA0106,CONTROL_CANDIDATE_POOL,,MANGROVE_EDGE_PROXY,4,-1257.02,-419.01,-379.24,1257.02,APPARENT_LANDWARD,894.83,-340.89,-362.19,-362.19,LOW,-1257.02
TA0107,CONTROL_CANDIDATE_POOL,,WATERLINE,2,-20.0,-6.67,-6.67,20.0,WITHIN_20M,20.0,,,0.0,LOW,
TA0107,CONTROL_CANDIDATE_POOL,,MANGROVE_EDGE_PROXY,4,-161.05,-53.68,-48.32,180.03,APPARENT_LANDWARD,1180.21,1000.18,1000.18,1019.16,LOW,-180.03
TA0108,CONTROL_CANDIDATE_POOL,,WATERLINE,2,-106.53,-35.51,-35.51,106.53,APPARENT_LANDWARD,106.53,,,0.0,LOW,
TA0108,CONTROL_CANDIDATE_POOL,,MANGROVE_EDGE_PROXY,3,,,-0.0,0.0,INSUFFICIENT_DATA,,-89.2,-89.2,-89.2,LOW,
TA0109,CONTROL_CANDIDATE_POOL,,WATERLINE,2,-89.27,-29.76,-29.76,89.27,APPARENT_LANDWARD,89.27,,,-0.0,LOW,
TA0109,CONTROL_CANDIDATE_POOL,,MANGROVE_EDGE_PROXY,3,,,-0.0,0.0,INSUFFICIENT_DATA,,-81.87,-81.87,-81.87,LOW,
TA0110,CONTROL_CANDIDATE_POOL,,WATERLINE,2,140.0,46.67,46.67,140.0,APPARENT_SEAWARD,-140.0,,,0.0,LOW,
TA0110,CONTROL_CANDIDATE_POOL,,MANGROVE_EDGE_PROXY,4,1180.0,393.33,354.0,1180.0,APPARENT_SEAWARD,-1240.0,-60.0,-60.0,-60.0,LOW,1180.0
TA0111,CONTROL_CANDIDATE_POOL,,WATERLINE,2,-28.28,-9.43,-9.43,28.28,APPARENT_LANDWARD,28.28,,,-0.0,LOW,
TA0111,CONTROL_CANDIDATE_POOL,,MANGROVE_EDGE_PROXY,0,,,,,INSUFFICIENT_DATA,,,,,LOW,
TA0112,CONTROL_CANDIDATE_POOL,,WATERLINE,2,-15.19,-5.06,-5.06,15.19,WITHIN_20M,15.19,,,-0.0,LOW,
TA0112,CONTROL_CANDIDATE_POOL,,MANGROVE_EDGE_PROXY,0,,,,,INSUFFICIENT_DATA,,,,,LOW,
TA0113,CONTROL_CANDIDATE_POOL,,WATERLINE,2,0.0,0.0,0.0,0.0,WITHIN_20M,0.0,,,0.0,LOW,
TA0113,CONTROL_CANDIDATE_POOL,,MANGROVE_EDGE_PROXY,0,,,,,INSUFFICIENT_DATA,,,,,LOW,
TA0114,CONTROL_CANDIDATE_POOL,,WATERLINE,2,0.0,0.0,0.0,0.0,WITHIN_20M,-0.0,,,-0.0,LOW,
TA0114,CONTROL_CANDIDATE_POOL,,MANGROVE_EDGE_PROXY,0,,,,,INSUFFICIENT_DATA,,,,,LOW,
TA0115,CONTROL_CANDIDATE_POOL,,WATERLINE,2,0.0,0.0,0.0,0.0,WITHIN_20M,0.0,,,0.0,LOW,
TA0115,CONTROL_CANDIDATE_POOL,,MANGROVE_EDGE_PROXY,4,-20.01,-6.67,-6.0,20.01,APPARENT_LANDWARD,1380.25,1360.24,1360.24,1360.24,LOW,-20.01
TA0116,CONTROL_CANDIDATE_POOL,,WATERLINE,2,0.0,0.0,0.0,0.0,WITHIN_20M,-0.0,,,-0.0,LOW,
TA0116,CONTROL_CANDIDATE_POOL,,MANGROVE_EDGE_PROXY,0,,,,,INSUFFICIENT_DATA,,,,,LOW,
TA0117,CONTROL_CANDIDATE_POOL,,WATERLINE,2,0.0,0.0,0.0,0.0,WITHIN_20M,-0.0,,,-0.0,LOW,
TA0117,CONTROL_CANDIDATE_POOL,,MANGROVE_EDGE_PROXY,0,,,,,INSUFFICIENT_DATA,,,,,LOW,
TA0118,CONTROL_CANDIDATE_POOL,,WATERLINE,2,0.0,0.0,0.0,0.0,WITHIN_20M,-0.0,,,-0.0,LOW,
TA0118,CONTROL_CANDIDATE_POOL,,MANGROVE_EDGE_PROXY,0,,,,,INSUFFICIENT_DATA,,,,,LOW,
TA0119,CONTROL_CANDIDATE_POOL,,WATERLINE,2,0.0,0.0,0.0,0.0,WITHIN_20M,0.0,,,0.0,LOW,
TA0119,CONTROL_CANDIDATE_POOL,,MANGROVE_EDGE_PROXY,0,,,,,INSUFFICIENT_DATA,,,,,LOW,
TA0120,CONTROL_CANDIDATE_POOL,,WATERLINE,2,0.0,0.0,0.0,0.0,WITHIN_20M,-0.0,,,-0.0,LOW,
TA0120,CONTROL_CANDIDATE_POOL,,MANGROVE_EDGE_PROXY,0,,,,,INSUFFICIENT_DATA,,,,,LOW,
TA0121,CONTROL_CANDIDATE_POOL,,WATERLINE,2,0.0,0.0,0.0,0.0,WITHIN_20M,-0.0,,,-0.0,LOW,
TA0121,CONTROL_CANDIDATE_POOL,,MANGROVE_EDGE_PROXY,0,,,,,INSUFFICIENT_DATA,,,,,LOW,
TA0122,CONTROL_CANDIDATE_POOL,,WATERLINE,2,0.0,0.0,0.0,0.0,WITHIN_20M,-0.0,,,-0.0,LOW,
TA0122,CONTROL_CANDIDATE_POOL,,MANGROVE_EDGE_PROXY,0,,,,,INSUFFICIENT_DATA,,,,,LOW,
TA0123,CONTROL_CANDIDATE_POOL,,WATERLINE,2,0.0,0.0,0.0,0.0,WITHIN_20M,0.0,,,0.0,LOW,
TA0123,CONTROL_CANDIDATE_POOL,,MANGROVE_EDGE_PROXY,0,,,,,INSUFFICIENT_DATA,,,,,LOW,
TA0124,CONTROL_CANDIDATE_POOL,,WATERLINE,2,0.0,0.0,0.0,0.0,WITHIN_20M,-0.0,,,-0.0,LOW,
TA0124,CONTROL_CANDIDATE_POOL,,MANGROVE_EDGE_PROXY,0,,,,,INSUFFICIENT_DATA,,,,,LOW,
TA0125,CONTROL_CANDIDATE_POOL,,WATERLINE,2,0.0,0.0,0.0,0.0,WITHIN_20M,0.0,,,0.0,LOW,
TA0125,CONTROL_CANDIDATE_POOL,,MANGROVE_EDGE_PROXY,0,,,,,INSUFFICIENT_DATA,,,,,LOW,
TA0126,CONTROL_CANDIDATE_POOL,,WATERLINE,2,0.0,0.0,0.0,0.0,WITHIN_20M,-0.0,,,-0.0,LOW,
TA0126,CONTROL_CANDIDATE_POOL,,MANGROVE_EDGE_PROXY,0,,,,,INSUFFICIENT_DATA,,,,,LOW,
TA0127,CONTROL_CANDIDATE_POOL,,WATERLINE,2,0.0,0.0,0.0,0.0,WITHIN_20M,-0.0,,,-0.0,LOW,
TA0127,CONTROL_CANDIDATE_POOL,,MANGROVE_EDGE_PROXY,0,,,,,INSUFFICIENT_DATA,,,,,LOW,
TA0128,CONTROL_CANDIDATE_POOL,,WATERLINE,2,0.0,0.0,0.0,0.0,WITHIN_20M,-0.0,,,-0.0,LOW,
TA0128,CONTROL_CANDIDATE_POOL,,MANGROVE_EDGE_PROXY,2,,,628.8,1257.6,INSUFFICIENT_DATA,241.47,,1499.07,,LOW,1257.6
TA0129,CONTROL_CANDIDATE_POOL,,WATERLINE,2,0.0,0.0,0.0,0.0,WITHIN_20M,0.0,,,0.0,LOW,
TA0129,CONTROL_CANDIDATE_POOL,,MANGROVE_EDGE_PROXY,0,,,,,INSUFFICIENT_DATA,,,,,LOW,
TA0130,CONTROL_CANDIDATE_POOL,,WATERLINE,2,0.0,0.0,0.0,0.0,WITHIN_20M,-0.0,,,-0.0,LOW,
TA0130,CONTROL_CANDIDATE_POOL,,MANGROVE_EDGE_PROXY,4,15.19,5.06,6.08,15.19,WITHIN_20M,1314.17,1314.17,1329.36,1329.36,LOW,15.19
TA0131,CONTROL_CANDIDATE_POOL,,WATERLINE,2,20.0,6.67,6.67,20.0,WITHIN_20M,-20.0,,,0.0,LOW,
TA0131,CONTROL_CANDIDATE_POOL,,MANGROVE_EDGE_PROXY,0,,,,,INSUFFICIENT_DATA,,,,,LOW,
TA0132,CONTROL_CANDIDATE_POOL,,WATERLINE,2,0.0,0.0,0.0,0.0,WITHIN_20M,-0.0,,,-0.0,LOW,
TA0132,CONTROL_CANDIDATE_POOL,,MANGROVE_EDGE_PROXY,0,,,,,INSUFFICIENT_DATA,,,,,LOW,
TA0133,CONTROL_CANDIDATE_POOL,,WATERLINE,2,0.0,0.0,0.0,0.0,WITHIN_20M,0.0,,,0.0,LOW,
TA0133,CONTROL_CANDIDATE_POOL,,MANGROVE_EDGE_PROXY,0,,,,,INSUFFICIENT_DATA,,,,,LOW,
TA0134,CONTROL_CANDIDATE_POOL,,WATERLINE,2,0.0,0.0,0.0,0.0,WITHIN_20M,0.0,,,0.0,LOW,
TA0134,CONTROL_CANDIDATE_POOL,,MANGROVE_EDGE_PROXY,1,,,,,INSUFFICIENT_DATA,0.0,,,,LOW,
TA0135,CONTROL_CANDIDATE_POOL,,WATERLINE,2,27.29,9.1,9.1,27.29,APPARENT_SEAWARD,-27.29,,,-0.0,LOW,
TA0135,CONTROL_CANDIDATE_POOL,,MANGROVE_EDGE_PROXY,4,-13.85,-4.62,-5.54,13.85,WITHIN_20M,1323.83,1323.83,1309.98,1309.98,LOW,-13.85
TA0136,CONTROL_CANDIDATE_POOL,,WATERLINE,2,0.0,0.0,0.0,0.0,WITHIN_20M,0.0,,,0.0,LOW,
TA0136,CONTROL_CANDIDATE_POOL,,MANGROVE_EDGE_PROXY,1,,,,,INSUFFICIENT_DATA,-20.0,,,,LOW,
TA0137,CONTROL_CANDIDATE_POOL,,WATERLINE,2,0.0,0.0,0.0,0.0,WITHIN_20M,-0.0,,,-0.0,LOW,
TA0137,CONTROL_CANDIDATE_POOL,,MANGROVE_EDGE_PROXY,4,-140.38,-46.79,-44.84,140.38,APPARENT_LANDWARD,1499.07,1385.93,1358.69,1358.69,LOW,-140.38
TA0138,CONTROL_CANDIDATE_POOL,,WATERLINE,2,0.0,0.0,0.0,0.0,WITHIN_20M,-0.0,,,-0.0,LOW,
TA0138,CONTROL_CANDIDATE_POOL,,MANGROVE_EDGE_PROXY,0,,,,,INSUFFICIENT_DATA,,,,,LOW,
TA0139,CONTROL_CANDIDATE_POOL,,WATERLINE,2,0.0,0.0,0.0,0.0,WITHIN_20M,-0.0,,,-0.0,LOW,
TA0139,CONTROL_CANDIDATE_POOL,,MANGROVE_EDGE_PROXY,3,,,-0.0,0.0,INSUFFICIENT_DATA,,1386.98,1386.98,1386.98,LOW,
TA0140,CONTROL_CANDIDATE_POOL,,WATERLINE,2,20.0,6.67,6.67,20.0,WITHIN_20M,-20.0,,,0.0,LOW,
TA0140,CONTROL_CANDIDATE_POOL,,MANGROVE_EDGE_PROXY,0,,,,,INSUFFICIENT_DATA,,,,,LOW,
TA0141,CONTROL_CANDIDATE_POOL,,WATERLINE,2,20.0,6.67,6.67,20.0,WITHIN_20M,-20.0,,,0.0,LOW,
TA0141,CONTROL_CANDIDATE_POOL,,MANGROVE_EDGE_PROXY,0,,,,,INSUFFICIENT_DATA,,,,,LOW,
TA0142,CONTROL_CANDIDATE_POOL,,WATERLINE,2,15.19,5.06,5.06,15.19,WITHIN_20M,-15.19,,,-0.0,LOW,
TA0142,CONTROL_CANDIDATE_POOL,,MANGROVE_EDGE_PROXY,3,,,0.0,0.0,INSUFFICIENT_DATA,,1442.5,1442.5,1442.5,LOW,
TA0143,CONTROL_CANDIDATE_POOL,,WATERLINE,2,20.0,6.67,6.67,20.0,WITHIN_20M,-20.0,,,0.0,LOW,
TA0143,CONTROL_CANDIDATE_POOL,,MANGROVE_EDGE_PROXY,0,,,,,INSUFFICIENT_DATA,,,,,LOW,
TA0144,CONTROL_CANDIDATE_POOL,,WATERLINE,4,20.89,6.96,6.27,1357.67,APPARENT_SEAWARD,-20.89,1336.78,1336.78,0.0,LOW,1357.67
TA0144,CONTROL_CANDIDATE_POOL,,MANGROVE_EDGE_PROXY,0,,,,,INSUFFICIENT_DATA,,,,,LOW,
TA0145,CONTROL_CANDIDATE_POOL,,WATERLINE,2,20.0,6.67,6.67,20.0,WITHIN_20M,-20.0,,,0.0,LOW,
TA0145,CONTROL_CANDIDATE_POOL,,MANGROVE_EDGE_PROXY,0,,,,,INSUFFICIENT_DATA,,,,,LOW,
TA0146,CONTROL_CANDIDATE_POOL,,WATERLINE,2,-20.0,-6.67,-6.67,20.0,WITHIN_20M,20.0,,,0.0,LOW,
TA0146,CONTROL_CANDIDATE_POOL,,MANGROVE_EDGE_PROXY,0,,,,,INSUFFICIENT_DATA,,,,,LOW,
TA0147,CONTROL_CANDIDATE_POOL,,WATERLINE,2,-20.0,-6.67,-6.67,20.0,WITHIN_20M,20.0,,,0.0,LOW,
TA0147,CONTROL_CANDIDATE_POOL,,MANGROVE_EDGE_PROXY,0,,,,,INSUFFICIENT_DATA,,,,,LOW,
TA0148,CONTROL_CANDIDATE_POOL,,WATERLINE,2,-13.09,-4.36,-4.36,13.09,WITHIN_20M,13.09,,,-0.0,LOW,
TA0148,CONTROL_CANDIDATE_POOL,,MANGROVE_EDGE_PROXY,4,-84.86,-28.29,-25.46,84.86,APPARENT_LANDWARD,1499.07,1414.21,1414.21,1414.21,LOW,-84.86
TA0149,CONTROL_CANDIDATE_POOL,,WATERLINE,2,0.0,0.0,0.0,0.0,WITHIN_20M,0.0,,,0.0,LOW,
TA0149,CONTROL_CANDIDATE_POOL,,MANGROVE_EDGE_PROXY,3,,,0.0,0.0,INSUFFICIENT_DATA,,1060.0,1060.0,1060.0,LOW,
TA0150,CONTROL_CANDIDATE_POOL,,WATERLINE,2,62.66,20.89,20.89,62.66,APPARENT_SEAWARD,-62.66,,,-0.0,LOW,
TA0150,CONTROL_CANDIDATE_POOL,,MANGROVE_EDGE_PROXY,0,,,,,INSUFFICIENT_DATA,,,,,LOW,
TA0151,CONTROL_CANDIDATE_POOL,,WATERLINE,2,-218.33,-72.78,-72.78,218.33,APPARENT_LANDWARD,218.33,,,0.0,LOW,
TA0151,CONTROL_CANDIDATE_POOL,,MANGROVE_EDGE_PROXY,1,,,,,INSUFFICIENT_DATA,,,821.95,,LOW,
TA0152,CONTROL_CANDIDATE_POOL,,WATERLINE,2,-89.2,-29.73,-29.73,89.2,APPARENT_LANDWARD,89.2,,,0.0,LOW,
TA0152,CONTROL_CANDIDATE_POOL,,MANGROVE_EDGE_PROXY,4,0.0,0.0,0.0,0.0,WITHIN_20M,-1384.85,-1384.85,-1384.85,-1384.85,LOW,0.0
TA0153,CONTROL_CANDIDATE_POOL,,WATERLINE,2,-120.02,-40.01,-40.01,120.02,APPARENT_LANDWARD,120.02,,,0.0,LOW,
TA0153,CONTROL_CANDIDATE_POOL,,MANGROVE_EDGE_PROXY,0,,,,,INSUFFICIENT_DATA,,,,,LOW,
TA0154,CONTROL_CANDIDATE_POOL,,WATERLINE,2,-106.53,-35.51,-35.51,106.53,APPARENT_LANDWARD,106.53,,,0.0,LOW,
TA0154,CONTROL_CANDIDATE_POOL,,MANGROVE_EDGE_PROXY,0,,,,,INSUFFICIENT_DATA,,,,,LOW,
TA0155,CONTROL_CANDIDATE_POOL,,WATERLINE,2,0.0,0.0,0.0,0.0,WITHIN_20M,0.0,,,0.0,LOW,
TA0155,CONTROL_CANDIDATE_POOL,,MANGROVE_EDGE_PROXY,0,,,,,INSUFFICIENT_DATA,,,,,LOW,
TA0156,CONTROL_CANDIDATE_POOL,,WATERLINE,2,0.0,0.0,0.0,0.0,WITHIN_20M,-0.0,,,-0.0,LOW,
TA0156,CONTROL_CANDIDATE_POOL,,MANGROVE_EDGE_PROXY,4,0.0,0.0,-0.0,0.0,WITHIN_20M,1442.5,1442.5,1442.5,1442.5,LOW,0.0
TA0157,CONTROL_CANDIDATE_POOL,,WATERLINE,2,-1.05,-0.35,-0.35,1.05,WITHIN_20M,1.05,,,-0.0,LOW,
TA0157,CONTROL_CANDIDATE_POOL,,MANGROVE_EDGE_PROXY,4,-1.05,-0.35,2.41,28.28,WITHIN_20M,1471.83,1443.55,1470.78,1470.78,LOW,-1.05
TA0158,CONTROL_CANDIDATE_POOL,,WATERLINE,2,0.0,0.0,0.0,0.0,WITHIN_20M,0.0,,,0.0,LOW,
TA0158,CONTROL_CANDIDATE_POOL,,MANGROVE_EDGE_PROXY,1,,,,,INSUFFICIENT_DATA,,,,-160.0,LOW,
TA0159,CONTROL_CANDIDATE_POOL,,WATERLINE,2,-20.0,-6.67,-6.67,20.0,WITHIN_20M,20.0,,,0.0,LOW,
TA0159,CONTROL_CANDIDATE_POOL,,MANGROVE_EDGE_PROXY,0,,,,,INSUFFICIENT_DATA,,,,,LOW,
TA0160,CONTROL_CANDIDATE_POOL,,WATERLINE,2,0.0,0.0,0.0,0.0,WITHIN_20M,-0.0,,,-0.0,LOW,
TA0160,CONTROL_CANDIDATE_POOL,,MANGROVE_EDGE_PROXY,0,,,,,INSUFFICIENT_DATA,,,,,LOW,
TA0161,CONTROL_CANDIDATE_POOL,,WATERLINE,2,0.0,0.0,0.0,0.0,WITHIN_20M,-0.0,,,-0.0,LOW,
TA0161,CONTROL_CANDIDATE_POOL,,MANGROVE_EDGE_PROXY,0,,,,,INSUFFICIENT_DATA,,,,,LOW,
TA0162,CONTROL_CANDIDATE_POOL,,WATERLINE,2,-21.31,-7.1,-7.1,21.31,APPARENT_LANDWARD,21.31,,,0.0,LOW,
TA0162,CONTROL_CANDIDATE_POOL,,MANGROVE_EDGE_PROXY,0,,,,,INSUFFICIENT_DATA,,,,,LOW,
TA0163,CONTROL_CANDIDATE_POOL,,WATERLINE,2,0.0,0.0,0.0,0.0,WITHIN_20M,-0.0,,,-0.0,LOW,
TA0163,CONTROL_CANDIDATE_POOL,,MANGROVE_EDGE_PROXY,0,,,,,INSUFFICIENT_DATA,,,,,LOW,
TA0164,CONTROL_CANDIDATE_POOL,,WATERLINE,2,0.0,0.0,0.0,0.0,WITHIN_20M,-0.0,,,-0.0,LOW,
TA0164,CONTROL_CANDIDATE_POOL,,MANGROVE_EDGE_PROXY,0,,,,,INSUFFICIENT_DATA,,,,,LOW,
TA0165,CONTROL_CANDIDATE_POOL,,WATERLINE,2,0.0,0.0,0.0,0.0,WITHIN_20M,0.0,,,0.0,LOW,
TA0165,CONTROL_CANDIDATE_POOL,,MANGROVE_EDGE_PROXY,0,,,,,INSUFFICIENT_DATA,,,,,LOW,
TA0166,CONTROL_CANDIDATE_POOL,,WATERLINE,2,-13.09,-4.36,-4.36,13.09,WITHIN_20M,13.09,,,-0.0,LOW,
TA0166,CONTROL_CANDIDATE_POOL,,MANGROVE_EDGE_PROXY,0,,,,,INSUFFICIENT_DATA,,,,,LOW,
TA0167,CONTROL_CANDIDATE_POOL,,WATERLINE,2,0.0,0.0,0.0,0.0,WITHIN_20M,-0.0,,,-0.0,LOW,
TA0167,CONTROL_CANDIDATE_POOL,,MANGROVE_EDGE_PROXY,0,,,,,INSUFFICIENT_DATA,,,,,LOW,
TA0168,CONTROL_CANDIDATE_POOL,,WATERLINE,2,0.0,0.0,0.0,0.0,WITHIN_20M,0.0,,,0.0,LOW,
TA0168,CONTROL_CANDIDATE_POOL,,MANGROVE_EDGE_PROXY,0,,,,,INSUFFICIENT_DATA,,,,,LOW,
TA0169,CONTROL_CANDIDATE_POOL,,WATERLINE,2,0.0,0.0,0.0,0.0,WITHIN_20M,-0.0,,,-0.0,LOW,
TA0169,CONTROL_CANDIDATE_POOL,,MANGROVE_EDGE_PROXY,0,,,,,INSUFFICIENT_DATA,,,,,LOW,
TA0170,CONTROL_CANDIDATE_POOL,,WATERLINE,2,0.0,0.0,0.0,0.0,WITHIN_20M,-0.0,,,-0.0,LOW,
TA0170,CONTROL_CANDIDATE_POOL,,MANGROVE_EDGE_PROXY,0,,,,,INSUFFICIENT_DATA,,,,,LOW,
TA0171,CONTROL_CANDIDATE_POOL,,WATERLINE,2,0.0,0.0,0.0,0.0,WITHIN_20M,-0.0,,,-0.0,LOW,
TA0171,CONTROL_CANDIDATE_POOL,,MANGROVE_EDGE_PROXY,0,,,,,INSUFFICIENT_DATA,,,,,LOW,
TA0172,CONTROL_CANDIDATE_POOL,,WATERLINE,2,0.0,0.0,0.0,0.0,WITHIN_20M,0.0,,,0.0,LOW,
TA0172,CONTROL_CANDIDATE_POOL,,MANGROVE_EDGE_PROXY,2,,,0.0,0.0,INSUFFICIENT_DATA,1481.91,1481.91,,,LOW,
TA0173,CONTROL_CANDIDATE_POOL,,WATERLINE,4,0.0,0.0,-0.0,1480.26,WITHIN_20M,0.0,1480.26,1480.26,0.0,LOW,1480.26
TA0173,CONTROL_CANDIDATE_POOL,,MANGROVE_EDGE_PROXY,4,20.0,6.67,4.0,20.0,WITHIN_20M,1440.26,1460.26,1440.26,1460.26,LOW,0.0
TA0174,CONTROL_CANDIDATE_POOL,,WATERLINE,4,20.89,6.96,6.27,1274.13,APPARENT_SEAWARD,-20.89,1253.24,1253.24,0.0,LOW,1274.13
TA0174,CONTROL_CANDIDATE_POOL,,MANGROVE_EDGE_PROXY,4,-20.88,-6.96,-8.35,20.88,APPARENT_LANDWARD,1336.78,1336.78,1315.9,1315.9,LOW,-20.88
TA0175,CONTROL_CANDIDATE_POOL,,WATERLINE,2,54.58,18.19,18.19,54.58,APPARENT_SEAWARD,-54.58,,,0.0,LOW,
TA0175,CONTROL_CANDIDATE_POOL,,MANGROVE_EDGE_PROXY,0,,,,,INSUFFICIENT_DATA,,,,,LOW,
TA0176,CONTROL_CANDIDATE_POOL,,WATERLINE,2,40.0,13.33,13.33,40.0,APPARENT_SEAWARD,-40.0,,,0.0,LOW,
TA0176,CONTROL_CANDIDATE_POOL,,MANGROVE_EDGE_PROXY,4,0.0,0.0,-2.0,20.0,WITHIN_20M,1060.0,1080.0,1060.0,1060.0,LOW,0.0
TA0177,CONTROL_CANDIDATE_POOL,,WATERLINE,2,0.0,0.0,0.0,0.0,WITHIN_20M,0.0,,,0.0,LOW,
TA0177,CONTROL_CANDIDATE_POOL,,MANGROVE_EDGE_PROXY,4,-20.0,-6.67,-6.0,20.0,WITHIN_20M,1060.19,1040.19,1040.19,1040.19,LOW,-20.0
TA0178,CONTROL_CANDIDATE_POOL,,WATERLINE,2,0.0,0.0,0.0,0.0,WITHIN_20M,-0.0,,,-0.0,LOW,
TA0178,CONTROL_CANDIDATE_POOL,,MANGROVE_EDGE_PROXY,3,,,0.0,0.0,INSUFFICIENT_DATA,,1146.56,1146.56,1146.56,LOW,
TA0179,CONTROL_CANDIDATE_POOL,,WATERLINE,2,1.05,0.35,0.35,1.05,WITHIN_20M,-1.05,,,-0.0,LOW,
TA0179,CONTROL_CANDIDATE_POOL,,MANGROVE_EDGE_PROXY,3,,,0.0,0.0,INSUFFICIENT_DATA,,1130.32,1130.32,1130.32,LOW,
TA0180,CONTROL_CANDIDATE_POOL,,WATERLINE,4,0.0,0.0,0.82,1307.82,WITHIN_20M,0.0,-1307.82,-1299.63,0.0,LOW,-1299.63
TA0180,CONTROL_CANDIDATE_POOL,,MANGROVE_EDGE_PROXY,4,21.31,7.1,6.39,21.31,APPARENT_SEAWARD,-1214.41,-1193.1,-1193.1,-1193.1,LOW,21.31
TA0181,CONTROL_CANDIDATE_POOL,,WATERLINE,2,0.0,0.0,0.0,0.0,WITHIN_20M,-0.0,,,-0.0,LOW,
TA0181,CONTROL_CANDIDATE_POOL,,MANGROVE_EDGE_PROXY,0,,,,,INSUFFICIENT_DATA,,,,,LOW,
TA0182,CONTROL_CANDIDATE_POOL,,WATERLINE,4,20.89,6.96,6.27,1357.67,APPARENT_SEAWARD,-20.89,1336.78,1336.78,0.0,LOW,1357.67
TA0182,CONTROL_CANDIDATE_POOL,,MANGROVE_EDGE_PROXY,4,0.0,0.0,17.79,177.86,WITHIN_20M,1315.9,1315.9,1493.76,1315.9,LOW,177.86
TA0183,CONTROL_CANDIDATE_POOL,,WATERLINE,2,27.29,9.1,9.1,27.29,APPARENT_SEAWARD,-27.29,,,0.0,LOW,
TA0183,CONTROL_CANDIDATE_POOL,,MANGROVE_EDGE_PROXY,0,,,,,INSUFFICIENT_DATA,,,,,LOW,
TA0184,CONTROL_CANDIDATE_POOL,,WATERLINE,2,0.0,0.0,0.0,0.0,WITHIN_20M,-0.0,,,-0.0,LOW,
TA0184,CONTROL_CANDIDATE_POOL,,MANGROVE_EDGE_PROXY,0,,,,,INSUFFICIENT_DATA,,,,,LOW,
TA0185,CONTROL_CANDIDATE_POOL,,WATERLINE,2,0.0,0.0,0.0,0.0,WITHIN_20M,0.0,,,0.0,LOW,
TA0185,CONTROL_CANDIDATE_POOL,,MANGROVE_EDGE_PROXY,0,,,,,INSUFFICIENT_DATA,,,,,LOW,
TA0186,TREATMENT,91-STC,WATERLINE,2,0.0,0.0,0.0,0.0,WITHIN_20M,0.0,,,0.0,LOW,
TA0186,TREATMENT,91-STC,MANGROVE_EDGE_PROXY,4,1684.2,561.4,673.57,1684.2,APPARENT_SEAWARD,-491.1,-490.02,1193.1,1193.1,LOW,1684.2
TA0187,CONTROL_CANDIDATE_POOL,,WATERLINE,2,0.0,0.0,0.0,0.0,WITHIN_20M,0.0,,,0.0,LOW,
TA0187,CONTROL_CANDIDATE_POOL,,MANGROVE_EDGE_PROXY,4,-2520.45,-840.15,-754.14,2540.45,APPARENT_LANDWARD,1400.25,-1140.2,-1120.2,-1120.2,LOW,-2520.45
TA0188,CONTROL_CANDIDATE_POOL,,WATERLINE,2,20.89,6.96,6.96,20.89,APPARENT_SEAWARD,-20.89,,,-0.0,LOW,
TA0188,CONTROL_CANDIDATE_POOL,,MANGROVE_EDGE_PROXY,0,,,,,INSUFFICIENT_DATA,,,,,LOW,
TA0189,CONTROL_CANDIDATE_POOL,,WATERLINE,2,0.0,0.0,0.0,0.0,WITHIN_20M,-0.0,,,-0.0,LOW,
TA0189,CONTROL_CANDIDATE_POOL,,MANGROVE_EDGE_PROXY,0,,,,,INSUFFICIENT_DATA,,,,,LOW,
TA0190,CONTROL_CANDIDATE_POOL,,WATERLINE,2,0.0,0.0,0.0,0.0,WITHIN_20M,-0.0,,,-0.0,LOW,
TA0190,CONTROL_CANDIDATE_POOL,,MANGROVE_EDGE_PROXY,0,,,,,INSUFFICIENT_DATA,,,,,LOW,
TA0191,CONTROL_CANDIDATE_POOL,,WATERLINE,2,1.05,0.35,0.35,1.05,WITHIN_20M,-1.05,,,-0.0,LOW,
TA0191,CONTROL_CANDIDATE_POOL,,MANGROVE_EDGE_PROXY,0,,,,,INSUFFICIENT_DATA,,,,,LOW,
TA0192,CONTROL_CANDIDATE_POOL,,WATERLINE,2,15.19,5.06,5.06,15.19,WITHIN_20M,-15.19,,,-0.0,LOW,
TA0192,CONTROL_CANDIDATE_POOL,,MANGROVE_EDGE_PROXY,0,,,,,INSUFFICIENT_DATA,,,,,LOW,
TA0193,CONTROL_CANDIDATE_POOL,,WATERLINE,2,0.0,0.0,0.0,0.0,WITHIN_20M,-0.0,,,-0.0,LOW,
TA0193,CONTROL_CANDIDATE_POOL,,MANGROVE_EDGE_PROXY,3,,,0.0,0.0,INSUFFICIENT_DATA,,1217.27,1217.27,1217.27,LOW,
TA0194,CONTROL_CANDIDATE_POOL,,WATERLINE,2,0.0,0.0,0.0,0.0,WITHIN_20M,-0.0,,,-0.0,LOW,
TA0194,CONTROL_CANDIDATE_POOL,,MANGROVE_EDGE_PROXY,3,,,0.0,0.0,INSUFFICIENT_DATA,,1259.7,1259.7,1259.7,LOW,
TA0195,CONTROL_CANDIDATE_POOL,,WATERLINE,2,-1.05,-0.35,-0.35,1.05,WITHIN_20M,1.05,,,-0.0,LOW,
TA0195,CONTROL_CANDIDATE_POOL,,MANGROVE_EDGE_PROXY,3,,,-0.0,0.0,INSUFFICIENT_DATA,,-1216.22,-1216.22,-1216.22,LOW,
TA0196,CONTROL_CANDIDATE_POOL,,WATERLINE,2,0.0,0.0,0.0,0.0,WITHIN_20M,-0.0,,,-0.0,LOW,
TA0196,CONTROL_CANDIDATE_POOL,,MANGROVE_EDGE_PROXY,0,,,,,INSUFFICIENT_DATA,,,,,LOW,
TA0197,CONTROL_CANDIDATE_POOL,,WATERLINE,2,0.0,0.0,0.0,0.0,WITHIN_20M,-0.0,,,-0.0,LOW,
TA0197,CONTROL_CANDIDATE_POOL,,MANGROVE_EDGE_PROXY,0,,,,,INSUFFICIENT_DATA,,,,,LOW,
TA0198,CONTROL_CANDIDATE_POOL,,WATERLINE,2,0.0,0.0,0.0,0.0,WITHIN_20M,-0.0,,,-0.0,LOW,
TA0198,CONTROL_CANDIDATE_POOL,,MANGROVE_EDGE_PROXY,1,,,,,INSUFFICIENT_DATA,-1127.91,,,,LOW,
TA0199,CONTROL_CANDIDATE_POOL,,WATERLINE,2,0.0,0.0,0.0,0.0,WITHIN_20M,-0.0,,,-0.0,LOW,
TA0199,CONTROL_CANDIDATE_POOL,,MANGROVE_EDGE_PROXY,4,27.23,9.08,8.17,27.23,APPARENT_SEAWARD,-932.33,-905.1,-905.1,-905.1,LOW,27.23
TA0200,CONTROL_CANDIDATE_POOL,,WATERLINE,2,20.0,6.67,6.67,20.0,WITHIN_20M,-20.0,,,0.0,LOW,
TA0200,CONTROL_CANDIDATE_POOL,,MANGROVE_EDGE_PROXY,0,,,,,INSUFFICIENT_DATA,,,,,LOW,
TA0201,CONTROL_CANDIDATE_POOL,,WATERLINE,2,-20.0,-6.67,-6.67,20.0,WITHIN_20M,20.0,,,0.0,LOW,
TA0201,CONTROL_CANDIDATE_POOL,,MANGROVE_EDGE_PROXY,4,80.0,26.67,24.0,80.0,APPARENT_SEAWARD,-1360.0,-1280.0,-1280.0,-1280.0,LOW,80.0
TA0202,CONTROL_CANDIDATE_POOL,,WATERLINE,2,0.0,0.0,0.0,0.0,WITHIN_20M,-0.0,,,-0.0,LOW,
TA0202,CONTROL_CANDIDATE_POOL,,MANGROVE_EDGE_PROXY,4,15.19,5.06,4.56,15.19,WITHIN_20M,-989.95,-974.76,-974.76,-974.76,LOW,15.19
TA0203,CONTROL_CANDIDATE_POOL,,WATERLINE,2,0.0,0.0,0.0,0.0,WITHIN_20M,-0.0,,,-0.0,LOW,
TA0203,CONTROL_CANDIDATE_POOL,,MANGROVE_EDGE_PROXY,4,28.28,9.43,8.48,28.28,APPARENT_SEAWARD,-1019.28,-991.0,-991.0,-991.0,LOW,28.28
TA0204,CONTROL_CANDIDATE_POOL,,WATERLINE,2,0.0,0.0,0.0,0.0,WITHIN_20M,0.0,,,0.0,LOW,
TA0204,CONTROL_CANDIDATE_POOL,,MANGROVE_EDGE_PROXY,4,62.66,20.89,18.8,62.66,APPARENT_SEAWARD,-1107.02,-1044.36,-1044.36,-1044.36,LOW,62.66
TA0205,CONTROL_CANDIDATE_POOL,,WATERLINE,2,0.0,0.0,0.0,0.0,WITHIN_20M,0.0,,,0.0,LOW,
TA0205,CONTROL_CANDIDATE_POOL,,MANGROVE_EDGE_PROXY,4,0.0,0.0,0.0,0.0,WITHIN_20M,-1340.24,-1340.24,-1340.24,-1340.24,LOW,0.0
TA0206,CONTROL_CANDIDATE_POOL,,WATERLINE,2,0.0,0.0,0.0,0.0,WITHIN_20M,-0.0,,,-0.0,LOW,
TA0206,CONTROL_CANDIDATE_POOL,,MANGROVE_EDGE_PROXY,0,,,,,INSUFFICIENT_DATA,,,,,LOW,
TA0207,CONTROL_CANDIDATE_POOL,,WATERLINE,2,0.0,0.0,0.0,0.0,WITHIN_20M,-0.0,,,-0.0,LOW,
TA0207,CONTROL_CANDIDATE_POOL,,MANGROVE_EDGE_PROXY,0,,,,,INSUFFICIENT_DATA,,,,,LOW,
TA0208,CONTROL_CANDIDATE_POOL,,WATERLINE,2,-21.31,-7.1,-7.1,21.31,APPARENT_LANDWARD,21.31,,,0.0,LOW,
TA0208,CONTROL_CANDIDATE_POOL,,MANGROVE_EDGE_PROXY,0,,,,,INSUFFICIENT_DATA,,,,,LOW,
TA0209,CONTROL_CANDIDATE_POOL,,WATERLINE,2,0.0,0.0,0.0,0.0,WITHIN_20M,-0.0,,,-0.0,LOW,
TA0209,CONTROL_CANDIDATE_POOL,,MANGROVE_EDGE_PROXY,0,,,,,INSUFFICIENT_DATA,,,,,LOW,
TA0210,CONTROL_CANDIDATE_POOL,,WATERLINE,2,0.0,0.0,0.0,0.0,WITHIN_20M,-0.0,,,-0.0,LOW,
TA0210,CONTROL_CANDIDATE_POOL,,MANGROVE_EDGE_PROXY,0,,,,,INSUFFICIENT_DATA,,,,,LOW,
TA0211,CONTROL_CANDIDATE_POOL,,WATERLINE,2,0.0,0.0,0.0,0.0,WITHIN_20M,-0.0,,,-0.0,LOW,
TA0211,CONTROL_CANDIDATE_POOL,,MANGROVE_EDGE_PROXY,0,,,,,INSUFFICIENT_DATA,,,,,LOW,
TA0212,CONTROL_CANDIDATE_POOL,,WATERLINE,2,0.0,0.0,0.0,0.0,WITHIN_20M,0.0,,,0.0,LOW,
TA0212,CONTROL_CANDIDATE_POOL,,MANGROVE_EDGE_PROXY,2,,,0.0,0.0,INSUFFICIENT_DATA,,,605.73,605.73,LOW,
TA0213,CONTROL_CANDIDATE_POOL,,WATERLINE,2,0.0,0.0,0.0,0.0,WITHIN_20M,-0.0,,,-0.0,LOW,
TA0213,CONTROL_CANDIDATE_POOL,,MANGROVE_EDGE_PROXY,0,,,,,INSUFFICIENT_DATA,,,,,LOW,
TA0214,CONTROL_CANDIDATE_POOL,,WATERLINE,2,0.0,0.0,0.0,0.0,WITHIN_20M,-0.0,,,-0.0,LOW,
TA0214,CONTROL_CANDIDATE_POOL,,MANGROVE_EDGE_PROXY,0,,,,,INSUFFICIENT_DATA,,,,,LOW,
TA0215,CONTROL_CANDIDATE_POOL,,WATERLINE,2,0.0,0.0,0.0,0.0,WITHIN_20M,-0.0,,,-0.0,LOW,
TA0215,CONTROL_CANDIDATE_POOL,,MANGROVE_EDGE_PROXY,0,,,,,INSUFFICIENT_DATA,,,,,LOW,
TA0216,CONTROL_CANDIDATE_POOL,,WATERLINE,2,0.0,0.0,0.0,0.0,WITHIN_20M,0.0,,,0.0,LOW,
TA0216,CONTROL_CANDIDATE_POOL,,MANGROVE_EDGE_PROXY,0,,,,,INSUFFICIENT_DATA,,,,,LOW,
TA0217,CONTROL_CANDIDATE_POOL,,WATERLINE,2,0.0,0.0,0.0,0.0,WITHIN_20M,0.0,,,0.0,LOW,
TA0217,CONTROL_CANDIDATE_POOL,,MANGROVE_EDGE_PROXY,0,,,,,INSUFFICIENT_DATA,,,,,LOW,
TA0218,CONTROL_CANDIDATE_POOL,,WATERLINE,2,0.0,0.0,0.0,0.0,WITHIN_20M,-0.0,,,-0.0,LOW,
TA0218,CONTROL_CANDIDATE_POOL,,MANGROVE_EDGE_PROXY,4,0.0,0.0,-0.0,0.0,WITHIN_20M,1429.4,1429.4,1429.4,1429.4,LOW,0.0
TA0219,CONTROL_CANDIDATE_POOL,,WATERLINE,2,27.29,9.1,9.1,27.29,APPARENT_SEAWARD,-27.29,,,-0.0,LOW,
TA0219,CONTROL_CANDIDATE_POOL,,MANGROVE_EDGE_PROXY,4,-27.29,-9.1,-8.19,27.29,APPARENT_LANDWARD,1446.44,1419.15,1419.15,1419.15,LOW,-27.29
TA0220,CONTROL_CANDIDATE_POOL,,WATERLINE,2,0.0,0.0,0.0,0.0,WITHIN_20M,-0.0,,,-0.0,LOW,
TA0220,CONTROL_CANDIDATE_POOL,,MANGROVE_EDGE_PROXY,0,,,,,INSUFFICIENT_DATA,,,,,LOW,
TA0221,CONTROL_CANDIDATE_POOL,,WATERLINE,2,1.05,0.35,0.35,1.05,WITHIN_20M,-1.05,,,-0.0,LOW,
TA0221,CONTROL_CANDIDATE_POOL,,MANGROVE_EDGE_PROXY,4,-1.05,-0.35,-0.32,1.05,WITHIN_20M,1470.78,1469.73,1469.73,1469.73,LOW,-1.05
TA0222,CONTROL_CANDIDATE_POOL,,WATERLINE,2,0.0,0.0,0.0,0.0,WITHIN_20M,0.0,,,0.0,LOW,
TA0222,CONTROL_CANDIDATE_POOL,,MANGROVE_EDGE_PROXY,0,,,,,INSUFFICIENT_DATA,,,,,LOW,
TA0223,CONTROL_CANDIDATE_POOL,,WATERLINE,2,0.0,0.0,0.0,0.0,WITHIN_20M,0.0,,,0.0,LOW,
TA0223,CONTROL_CANDIDATE_POOL,,MANGROVE_EDGE_PROXY,3,,,10.0,20.01,INSUFFICIENT_DATA,,-420.08,-420.08,-400.07,LOW,
TA0224,CONTROL_CANDIDATE_POOL,,WATERLINE,2,0.0,0.0,0.0,0.0,WITHIN_20M,-0.0,,,-0.0,LOW,
TA0224,CONTROL_CANDIDATE_POOL,,MANGROVE_EDGE_PROXY,0,,,,,INSUFFICIENT_DATA,,,,,LOW,
TA0225,CONTROL_CANDIDATE_POOL,,WATERLINE,2,0.0,0.0,0.0,0.0,WITHIN_20M,-0.0,,,-0.0,LOW,
TA0225,CONTROL_CANDIDATE_POOL,,MANGROVE_EDGE_PROXY,4,0.0,0.0,0.0,0.0,WITHIN_20M,-1470.78,-1470.78,-1470.78,-1470.78,LOW,0.0
TA0226,CONTROL_CANDIDATE_POOL,,WATERLINE,2,0.0,0.0,0.0,0.0,WITHIN_20M,-0.0,,,-0.0,LOW,
TA0226,CONTROL_CANDIDATE_POOL,,MANGROVE_EDGE_PROXY,4,0.0,0.0,0.0,13.09,WITHIN_20M,1470.78,1457.69,1457.69,1470.78,LOW,-13.09
TA0227,CONTROL_CANDIDATE_POOL,,WATERLINE,2,0.0,0.0,0.0,0.0,WITHIN_20M,0.0,,,0.0,LOW,
TA0227,CONTROL_CANDIDATE_POOL,,MANGROVE_EDGE_PROXY,2,,,-140.0,140.0,INSUFFICIENT_DATA,,,-20.0,-160.0,LOW,
TA0228,CONTROL_CANDIDATE_POOL,,WATERLINE,2,31.17,10.39,10.39,31.17,APPARENT_SEAWARD,-31.17,,,0.0,LOW,
TA0228,CONTROL_CANDIDATE_POOL,,MANGROVE_EDGE_PROXY,1,,,,,INSUFFICIENT_DATA,,,-31.17,,LOW,
TA0229,CONTROL_CANDIDATE_POOL,,WATERLINE,2,20.0,6.67,6.67,20.0,WITHIN_20M,-20.0,,,0.0,LOW,
TA0229,CONTROL_CANDIDATE_POOL,,MANGROVE_EDGE_PROXY,1,,,,,INSUFFICIENT_DATA,,,-20.0,,LOW,
TA0230,CONTROL_CANDIDATE_POOL,,WATERLINE,2,0.0,0.0,0.0,0.0,WITHIN_20M,0.0,,,0.0,LOW,
TA0230,CONTROL_CANDIDATE_POOL,,MANGROVE_EDGE_PROXY,0,,,,,INSUFFICIENT_DATA,,,,,LOW,
TA0231,CONTROL_CANDIDATE_POOL,,WATERLINE,2,0.0,0.0,0.0,0.0,WITHIN_20M,-0.0,,,-0.0,LOW,
TA0231,CONTROL_CANDIDATE_POOL,,MANGROVE_EDGE_PROXY,2,,,0.0,0.0,INSUFFICIENT_DATA,,,-28.28,-28.28,LOW,
TA0232,CONTROL_CANDIDATE_POOL,,WATERLINE,2,0.0,0.0,0.0,0.0,WITHIN_20M,-0.0,,,-0.0,LOW,
TA0232,CONTROL_CANDIDATE_POOL,,MANGROVE_EDGE_PROXY,2,,,0.0,0.0,INSUFFICIENT_DATA,,,-43.48,-43.48,LOW,
TA0233,CONTROL_CANDIDATE_POOL,,WATERLINE,2,0.0,0.0,0.0,0.0,WITHIN_20M,0.0,,,0.0,LOW,
TA0233,CONTROL_CANDIDATE_POOL,,MANGROVE_EDGE_PROXY,0,,,,,INSUFFICIENT_DATA,,,,,LOW,
TA0234,CONTROL_CANDIDATE_POOL,,WATERLINE,2,20.89,6.96,6.96,20.89,APPARENT_SEAWARD,-20.89,,,-0.0,LOW,
TA0234,CONTROL_CANDIDATE_POOL,,MANGROVE_EDGE_PROXY,0,,,,,INSUFFICIENT_DATA,,,,,LOW,
TA0235,CONTROL_CANDIDATE_POOL,,WATERLINE,2,20.0,6.67,6.67,20.0,WITHIN_20M,-20.0,,,0.0,LOW,
TA0235,CONTROL_CANDIDATE_POOL,,MANGROVE_EDGE_PROXY,0,,,,,INSUFFICIENT_DATA,,,,,LOW,
TA0236,CONTROL_CANDIDATE_POOL,,WATERLINE,2,0.0,0.0,0.0,0.0,WITHIN_20M,0.0,,,0.0,LOW,
TA0236,CONTROL_CANDIDATE_POOL,,MANGROVE_EDGE_PROXY,0,,,,,INSUFFICIENT_DATA,,,,,LOW,
TA0237,CONTROL_CANDIDATE_POOL,,WATERLINE,2,-20.0,-6.67,-6.67,20.0,WITHIN_20M,20.0,,,0.0,LOW,
TA0237,CONTROL_CANDIDATE_POOL,,MANGROVE_EDGE_PROXY,0,,,,,INSUFFICIENT_DATA,,,,,LOW,
TA0238,CONTROL_CANDIDATE_POOL,,WATERLINE,2,13.09,4.36,4.36,13.09,WITHIN_20M,-13.09,,,-0.0,LOW,
TA0238,CONTROL_CANDIDATE_POOL,,MANGROVE_EDGE_PROXY,0,,,,,INSUFFICIENT_DATA,,,,,LOW,
TA0239,CONTROL_CANDIDATE_POOL,,WATERLINE,2,0.0,0.0,0.0,0.0,WITHIN_20M,-0.0,,,-0.0,LOW,
TA0239,CONTROL_CANDIDATE_POOL,,MANGROVE_EDGE_PROXY,0,,,,,INSUFFICIENT_DATA,,,,,LOW,
TA0240,CONTROL_CANDIDATE_POOL,,WATERLINE,2,40.0,13.33,13.33,40.0,APPARENT_SEAWARD,-40.0,,,0.0,LOW,
TA0240,CONTROL_CANDIDATE_POOL,,MANGROVE_EDGE_PROXY,0,,,,,INSUFFICIENT_DATA,,,,,LOW,
TA0241,CONTROL_CANDIDATE_POOL,,WATERLINE,2,0.0,0.0,0.0,0.0,WITHIN_20M,0.0,,,0.0,LOW,
TA0241,CONTROL_CANDIDATE_POOL,,MANGROVE_EDGE_PROXY,0,,,,,INSUFFICIENT_DATA,,,,,LOW,
TA0242,CONTROL_CANDIDATE_POOL,,WATERLINE,2,42.61,14.2,14.2,42.61,APPARENT_SEAWARD,-42.61,,,0.0,LOW,
TA0242,CONTROL_CANDIDATE_POOL,,MANGROVE_EDGE_PROXY,0,,,,,INSUFFICIENT_DATA,,,,,LOW,
TA0243,CONTROL_CANDIDATE_POOL,,WATERLINE,2,0.0,0.0,0.0,0.0,WITHIN_20M,0.0,,,0.0,LOW,
TA0243,CONTROL_CANDIDATE_POOL,,MANGROVE_EDGE_PROXY,0,,,,,INSUFFICIENT_DATA,,,,,LOW,
TA0244,CONTROL_CANDIDATE_POOL,,WATERLINE,2,0.0,0.0,0.0,0.0,WITHIN_20M,0.0,,,0.0,LOW,
TA0244,CONTROL_CANDIDATE_POOL,,MANGROVE_EDGE_PROXY,0,,,,,INSUFFICIENT_DATA,,,,,LOW,
TA0245,CONTROL_CANDIDATE_POOL,,WATERLINE,2,20.0,6.67,6.67,20.0,WITHIN_20M,-20.0,,,0.0,LOW,
TA0245,CONTROL_CANDIDATE_POOL,,MANGROVE_EDGE_PROXY,0,,,,,INSUFFICIENT_DATA,,,,,LOW,
TA0246,CONTROL_CANDIDATE_POOL,,WATERLINE,2,-31.17,-10.39,-10.39,31.17,APPARENT_LANDWARD,31.17,,,-0.0,LOW,
TA0246,CONTROL_CANDIDATE_POOL,,MANGROVE_EDGE_PROXY,0,,,,,INSUFFICIENT_DATA,,,,,LOW,
TA0247,CONTROL_CANDIDATE_POOL,,WATERLINE,2,-20.0,-6.67,-6.67,20.0,WITHIN_20M,20.0,,,0.0,LOW,
TA0247,CONTROL_CANDIDATE_POOL,,MANGROVE_EDGE_PROXY,0,,,,,INSUFFICIENT_DATA,,,,,LOW,
TA0248,CONTROL_CANDIDATE_POOL,,WATERLINE,2,0.0,0.0,0.0,0.0,WITHIN_20M,0.0,,,0.0,LOW,
TA0248,CONTROL_CANDIDATE_POOL,,MANGROVE_EDGE_PROXY,2,,,-0.0,0.0,INSUFFICIENT_DATA,,,-60.0,-60.0,LOW,
TA0249,CONTROL_CANDIDATE_POOL,,WATERLINE,2,55.52,18.51,18.51,55.52,APPARENT_SEAWARD,-55.52,,,-0.0,LOW,
TA0249,CONTROL_CANDIDATE_POOL,,MANGROVE_EDGE_PROXY,2,,,-0.0,0.0,INSUFFICIENT_DATA,,,-83.8,-83.8,LOW,
TA0250,CONTROL_CANDIDATE_POOL,,WATERLINE,2,40.0,13.33,13.33,40.0,APPARENT_SEAWARD,-40.0,,,0.0,LOW,
TA0250,CONTROL_CANDIDATE_POOL,,MANGROVE_EDGE_PROXY,0,,,,,INSUFFICIENT_DATA,,,,,LOW,
TA0251,CONTROL_CANDIDATE_POOL,,WATERLINE,2,140.03,46.68,46.68,140.03,APPARENT_SEAWARD,-140.03,,,0.0,LOW,
TA0251,CONTROL_CANDIDATE_POOL,,MANGROVE_EDGE_PROXY,0,,,,,INSUFFICIENT_DATA,,,,,LOW,
TA0252,CONTROL_CANDIDATE_POOL,,WATERLINE,2,160.0,53.33,53.33,160.0,APPARENT_SEAWARD,-160.0,,,0.0,LOW,
TA0252,CONTROL_CANDIDATE_POOL,,MANGROVE_EDGE_PROXY,0,,,,,INSUFFICIENT_DATA,,,,,LOW,
TA0253,CONTROL_CANDIDATE_POOL,,WATERLINE,2,160.0,53.33,53.33,160.0,APPARENT_SEAWARD,-160.0,,,0.0,LOW,
TA0253,CONTROL_CANDIDATE_POOL,,MANGROVE_EDGE_PROXY,0,,,,,INSUFFICIENT_DATA,,,,,LOW,
TA0254,CONTROL_CANDIDATE_POOL,,WATERLINE,2,104.44,34.81,34.81,104.44,APPARENT_SEAWARD,-104.44,,,0.0,LOW,
TA0254,CONTROL_CANDIDATE_POOL,,MANGROVE_EDGE_PROXY,0,,,,,INSUFFICIENT_DATA,,,,,LOW,
TA0255,CONTROL_CANDIDATE_POOL,,WATERLINE,4,292.85,97.62,89.87,1704.86,APPARENT_SEAWARD,-292.85,1391.86,1412.01,-0.0,LOW,1704.86
TA0255,CONTROL_CANDIDATE_POOL,,MANGROVE_EDGE_PROXY,3,,,-0.0,29.4,INSUFFICIENT_DATA,,-557.4,-528.0,-557.4,LOW,
TA0256,CONTROL_CANDIDATE_POOL,,WATERLINE,2,0.0,0.0,0.0,0.0,WITHIN_20M,0.0,,,0.0,LOW,
TA0256,CONTROL_CANDIDATE_POOL,,MANGROVE_EDGE_PROXY,2,,,-0.0,0.0,INSUFFICIENT_DATA,,,-80.0,-80.0,LOW,
TA0257,CONTROL_CANDIDATE_POOL,,WATERLINE,2,0.0,0.0,0.0,0.0,WITHIN_20M,0.0,,,0.0,LOW,
TA0257,CONTROL_CANDIDATE_POOL,,MANGROVE_EDGE_PROXY,1,,,,,INSUFFICIENT_DATA,,,-89.27,,LOW,
TA0258,CONTROL_CANDIDATE_POOL,,WATERLINE,2,0.0,0.0,0.0,0.0,WITHIN_20M,0.0,,,0.0,LOW,
TA0258,CONTROL_CANDIDATE_POOL,,MANGROVE_EDGE_PROXY,0,,,,,INSUFFICIENT_DATA,,,,,LOW,
TA0259,CONTROL_CANDIDATE_POOL,,WATERLINE,2,170.75,56.92,56.92,170.75,APPARENT_SEAWARD,-170.75,,,-0.0,LOW,
TA0259,CONTROL_CANDIDATE_POOL,,MANGROVE_EDGE_PROXY,3,,,-0.0,1.05,INSUFFICIENT_DATA,,-425.31,-424.26,-425.31,LOW,
TA0260,CONTROL_CANDIDATE_POOL,,WATERLINE,2,120.0,40.0,40.0,120.0,APPARENT_SEAWARD,-120.0,,,0.0,LOW,
TA0260,CONTROL_CANDIDATE_POOL,,MANGROVE_EDGE_PROXY,0,,,,,INSUFFICIENT_DATA,,,,,LOW,
TA0261,CONTROL_CANDIDATE_POOL,,WATERLINE,2,140.0,46.67,46.67,140.0,APPARENT_SEAWARD,-140.0,,,0.0,LOW,
TA0261,CONTROL_CANDIDATE_POOL,,MANGROVE_EDGE_PROXY,0,,,,,INSUFFICIENT_DATA,,,,,LOW,
TA0262,CONTROL_CANDIDATE_POOL,,WATERLINE,2,113.14,37.71,37.71,113.14,APPARENT_SEAWARD,-113.14,,,-0.0,LOW,
TA0262,CONTROL_CANDIDATE_POOL,,MANGROVE_EDGE_PROXY,3,,,-0.0,13.1,INSUFFICIENT_DATA,,-367.7,-354.6,-367.7,LOW,
TA0263,CONTROL_CANDIDATE_POOL,,WATERLINE,2,27.29,9.1,9.1,27.29,APPARENT_SEAWARD,-27.29,,,0.0,LOW,
TA0263,CONTROL_CANDIDATE_POOL,,MANGROVE_EDGE_PROXY,3,,,13.16,26.32,INSUFFICIENT_DATA,,-353.82,-353.82,-327.5,LOW,
TA0264,CONTROL_CANDIDATE_POOL,,WATERLINE,2,-63.92,-21.31,-21.31,63.92,APPARENT_LANDWARD,63.92,,,0.0,LOW,
TA0264,CONTROL_CANDIDATE_POOL,,MANGROVE_EDGE_PROXY,0,,,,,INSUFFICIENT_DATA,,,,,LOW,
TA0265,CONTROL_CANDIDATE_POOL,,WATERLINE,2,-80.01,-26.67,-26.67,80.01,APPARENT_LANDWARD,80.01,,,0.0,LOW,
TA0265,CONTROL_CANDIDATE_POOL,,MANGROVE_EDGE_PROXY,1,,,,,INSUFFICIENT_DATA,,,-120.02,,LOW,
TA0266,CONTROL_CANDIDATE_POOL,,WATERLINE,2,120.0,40.0,40.0,120.0,APPARENT_SEAWARD,-120.0,,,0.0,LOW,
TA0266,CONTROL_CANDIDATE_POOL,,MANGROVE_EDGE_PROXY,0,,,,,INSUFFICIENT_DATA,,,,,LOW,
TA0267,CONTROL_CANDIDATE_POOL,,WATERLINE,2,-27.29,-9.1,-9.1,27.29,APPARENT_LANDWARD,27.29,,,0.0,LOW,
TA0267,CONTROL_CANDIDATE_POOL,,MANGROVE_EDGE_PROXY,1,,,,,INSUFFICIENT_DATA,,,,-322.25,LOW,
TA0268,CONTROL_CANDIDATE_POOL,,WATERLINE,2,0.0,0.0,0.0,0.0,WITHIN_20M,0.0,,,0.0,LOW,
TA0268,CONTROL_CANDIDATE_POOL,,MANGROVE_EDGE_PROXY,0,,,,,INSUFFICIENT_DATA,,,,,LOW,
TA0269,CONTROL_CANDIDATE_POOL,,WATERLINE,2,-20.0,-6.67,-6.67,20.0,WITHIN_20M,20.0,,,0.0,LOW,
TA0269,CONTROL_CANDIDATE_POOL,,MANGROVE_EDGE_PROXY,0,,,,,INSUFFICIENT_DATA,,,,,LOW,
TA0270,CONTROL_CANDIDATE_POOL,,WATERLINE,2,-40.0,-13.33,-13.33,40.0,APPARENT_LANDWARD,40.0,,,0.0,LOW,
TA0270,CONTROL_CANDIDATE_POOL,,MANGROVE_EDGE_PROXY,0,,,,,INSUFFICIENT_DATA,,,,,LOW,
TA0271,CONTROL_CANDIDATE_POOL,,WATERLINE,2,-27.29,-9.1,-9.1,27.29,APPARENT_LANDWARD,27.29,,,0.0,LOW,
TA0271,CONTROL_CANDIDATE_POOL,,MANGROVE_EDGE_PROXY,1,,,,,INSUFFICIENT_DATA,,,-218.33,,LOW,
TA0272,CONTROL_CANDIDATE_POOL,,WATERLINE,2,31.17,10.39,10.39,31.17,APPARENT_SEAWARD,-31.17,,,0.0,LOW,
TA0272,CONTROL_CANDIDATE_POOL,,MANGROVE_EDGE_PROXY,0,,,,,INSUFFICIENT_DATA,,,,,LOW,
TA0273,CONTROL_CANDIDATE_POOL,,WATERLINE,2,0.0,0.0,0.0,0.0,WITHIN_20M,-0.0,,,-0.0,LOW,
TA0273,CONTROL_CANDIDATE_POOL,,MANGROVE_EDGE_PROXY,0,,,,,INSUFFICIENT_DATA,,,,,LOW,
TA0274,CONTROL_CANDIDATE_POOL,,WATERLINE,2,0.0,0.0,0.0,0.0,WITHIN_20M,-0.0,,,-0.0,LOW,
TA0274,CONTROL_CANDIDATE_POOL,,MANGROVE_EDGE_PROXY,0,,,,,INSUFFICIENT_DATA,,,,,LOW,
TA0275,CONTROL_CANDIDATE_POOL,,WATERLINE,2,27.23,9.08,9.08,27.23,APPARENT_SEAWARD,-27.23,,,-0.0,LOW,
TA0275,CONTROL_CANDIDATE_POOL,,MANGROVE_EDGE_PROXY,0,,,,,INSUFFICIENT_DATA,,,,,LOW,
TA0276,CONTROL_CANDIDATE_POOL,,WATERLINE,2,0.0,0.0,0.0,0.0,WITHIN_20M,0.0,,,0.0,LOW,
TA0276,CONTROL_CANDIDATE_POOL,,MANGROVE_EDGE_PROXY,1,,,,,INSUFFICIENT_DATA,,,-60.0,,LOW,
TA0277,CONTROL_CANDIDATE_POOL,,WATERLINE,2,0.0,0.0,0.0,0.0,WITHIN_20M,-0.0,,,-0.0,LOW,
TA0277,CONTROL_CANDIDATE_POOL,,MANGROVE_EDGE_PROXY,3,,,-13.61,27.23,INSUFFICIENT_DATA,,-0.0,-0.0,-27.23,LOW,
TA0278,CONTROL_CANDIDATE_POOL,,WATERLINE,2,0.0,0.0,0.0,0.0,WITHIN_20M,-0.0,,,-0.0,LOW,
TA0278,CONTROL_CANDIDATE_POOL,,MANGROVE_EDGE_PROXY,3,,,0.0,28.28,INSUFFICIENT_DATA,,-0.0,-28.28,-0.0,LOW,
TA0279,CONTROL_CANDIDATE_POOL,,WATERLINE,2,0.0,0.0,0.0,0.0,WITHIN_20M,-0.0,,,-0.0,LOW,
TA0279,CONTROL_CANDIDATE_POOL,,MANGROVE_EDGE_PROXY,0,,,,,INSUFFICIENT_DATA,,,,,LOW,
TA0280,CONTROL_CANDIDATE_POOL,,WATERLINE,4,230.46,76.82,186.8,1176.65,APPARENT_SEAWARD,-230.46,-1176.65,0.0,0.0,LOW,230.46
TA0280,CONTROL_CANDIDATE_POOL,,MANGROVE_EDGE_PROXY,0,,,,,INSUFFICIENT_DATA,,,,,LOW,
TA0281,CONTROL_CANDIDATE_POOL,,WATERLINE,4,220.02,73.34,206.02,1400.11,APPARENT_SEAWARD,-220.02,-1400.11,0.0,0.0,LOW,220.02
TA0281,CONTROL_CANDIDATE_POOL,,MANGROVE_EDGE_PROXY,0,,,,,INSUFFICIENT_DATA,,,,,LOW,
TA0282,CONTROL_CANDIDATE_POOL,,WATERLINE,4,400.0,133.33,126.0,400.0,APPARENT_SEAWARD,-400.0,-60.0,0.0,0.0,LOW,400.0
TA0282,CONTROL_CANDIDATE_POOL,,MANGROVE_EDGE_PROXY,0,,,,,INSUFFICIENT_DATA,,,,,LOW,
TA0283,CONTROL_CANDIDATE_POOL,,WATERLINE,4,424.26,141.42,138.66,424.26,APPARENT_SEAWARD,-424.26,-113.83,-0.0,-0.0,LOW,424.26
TA0283,CONTROL_CANDIDATE_POOL,,MANGROVE_EDGE_PROXY,0,,,,,INSUFFICIENT_DATA,,,,,LOW,
TA0284,CONTROL_CANDIDATE_POOL,,WATERLINE,4,339.41,113.14,113.14,339.41,APPARENT_SEAWARD,-339.41,-127.97,-14.83,-0.0,LOW,324.58
TA0284,CONTROL_CANDIDATE_POOL,,MANGROVE_EDGE_PROXY,0,,,,,INSUFFICIENT_DATA,,,,,LOW,
TA0285,CONTROL_CANDIDATE_POOL,,WATERLINE,4,56.57,18.86,28.35,142.11,APPARENT_SEAWARD,-56.57,-142.11,-28.28,-0.0,LOW,28.29
TA0285,CONTROL_CANDIDATE_POOL,,MANGROVE_EDGE_PROXY,0,,,,,INSUFFICIENT_DATA,,,,,LOW,
TA0286,CONTROL_CANDIDATE_POOL,,WATERLINE,4,-520.0,-173.33,-170.0,520.0,APPARENT_LANDWARD,520.0,140.0,0.0,0.0,LOW,-520.0
TA0286,CONTROL_CANDIDATE_POOL,,MANGROVE_EDGE_PROXY,0,,,,,INSUFFICIENT_DATA,,,,,LOW,
TA0287,CONTROL_CANDIDATE_POOL,,WATERLINE,4,-20.0,-6.67,-124.0,1180.0,WITHIN_20M,20.0,1180.0,0.0,0.0,LOW,-20.0
TA0287,CONTROL_CANDIDATE_POOL,,MANGROVE_EDGE_PROXY,0,,,,,INSUFFICIENT_DATA,,,,,LOW,
TA0288,CONTROL_CANDIDATE_POOL,,WATERLINE,4,20.0,6.67,122.0,1180.0,WITHIN_20M,-20.0,-1180.0,-20.0,0.0,LOW,0.0
TA0288,CONTROL_CANDIDATE_POOL,,MANGROVE_EDGE_PROXY,0,,,,,INSUFFICIENT_DATA,,,,,LOW,
TA0289,CONTROL_CANDIDATE_POOL,,WATERLINE,4,60.0,20.0,134.01,1220.09,APPARENT_SEAWARD,-60.0,-1220.09,-60.0,0.0,LOW,0.0
TA0289,CONTROL_CANDIDATE_POOL,,MANGROVE_EDGE_PROXY,0,,,,,INSUFFICIENT_DATA,,,,,LOW,
TA0290,CONTROL_CANDIDATE_POOL,,WATERLINE,4,660.0,220.0,226.0,660.0,APPARENT_SEAWARD,-660.0,-280.0,0.0,0.0,LOW,660.0
TA0290,CONTROL_CANDIDATE_POOL,,MANGROVE_EDGE_PROXY,0,,,,,INSUFFICIENT_DATA,,,,,LOW,
TA0291,CONTROL_CANDIDATE_POOL,,WATERLINE,4,120.0,40.0,164.0,1280.0,APPARENT_SEAWARD,-120.0,-1280.0,0.0,0.0,LOW,120.0
TA0291,CONTROL_CANDIDATE_POOL,,MANGROVE_EDGE_PROXY,0,,,,,INSUFFICIENT_DATA,,,,,LOW,
TA0292,CONTROL_CANDIDATE_POOL,,WATERLINE,4,127.97,42.66,63.85,254.56,APPARENT_SEAWARD,-127.97,-254.56,-0.0,-0.0,LOW,127.97
TA0292,CONTROL_CANDIDATE_POOL,,MANGROVE_EDGE_PROXY,0,,,,,INSUFFICIENT_DATA,,,,,LOW,
TA0293,CONTROL_CANDIDATE_POOL,,WATERLINE,4,560.04,186.68,188.01,560.04,APPARENT_SEAWARD,-560.04,-200.02,-0.0,-0.0,LOW,560.04
TA0293,CONTROL_CANDIDATE_POOL,,MANGROVE_EDGE_PROXY,0,,,,,INSUFFICIENT_DATA,,,,,LOW,
TA0294,CONTROL_CANDIDATE_POOL,,WATERLINE,4,607.58,202.53,203.23,628.53,APPARENT_SEAWARD,-607.58,-188.56,20.95,-0.0,LOW,628.53
TA0294,CONTROL_CANDIDATE_POOL,,MANGROVE_EDGE_PROXY,0,,,,,INSUFFICIENT_DATA,,,,,LOW,
TA0295,CONTROL_CANDIDATE_POOL,,WATERLINE,4,-500.0,-166.67,-178.0,500.0,APPARENT_LANDWARD,500.0,380.0,100.0,0.0,LOW,-400.0
TA0295,CONTROL_CANDIDATE_POOL,,MANGROVE_EDGE_PROXY,0,,,,,INSUFFICIENT_DATA,,,,,LOW,
TA0296,CONTROL_CANDIDATE_POOL,,WATERLINE,2,0.0,0.0,0.0,0.0,WITHIN_20M,0.0,,,0.0,LOW,
TA0296,CONTROL_CANDIDATE_POOL,,MANGROVE_EDGE_PROXY,0,,,,,INSUFFICIENT_DATA,,,,,LOW,
TA0297,CONTROL_CANDIDATE_POOL,,WATERLINE,2,0.0,0.0,0.0,0.0,WITHIN_20M,0.0,,,0.0,LOW,
TA0297,CONTROL_CANDIDATE_POOL,,MANGROVE_EDGE_PROXY,0,,,,,INSUFFICIENT_DATA,,,,,LOW,
TA0298,CONTROL_CANDIDATE_POOL,,WATERLINE,4,0.0,0.0,0.0,205.7,WITHIN_20M,0.0,-205.7,-205.7,0.0,LOW,-205.7
TA0298,CONTROL_CANDIDATE_POOL,,MANGROVE_EDGE_PROXY,0,,,,,INSUFFICIENT_DATA,,,,,LOW,
TA0299,CONTROL_CANDIDATE_POOL,,WATERLINE,2,0.0,0.0,0.0,0.0,WITHIN_20M,-0.0,,,-0.0,LOW,
TA0299,CONTROL_CANDIDATE_POOL,,MANGROVE_EDGE_PROXY,0,,,,,INSUFFICIENT_DATA,,,,,LOW,
TA0300,CONTROL_CANDIDATE_POOL,,WATERLINE,4,20.57,6.86,4.11,678.81,APPARENT_SEAWARD,-20.57,-658.24,-678.81,0.0,LOW,-658.24
TA0300,CONTROL_CANDIDATE_POOL,,MANGROVE_EDGE_PROXY,0,,,,,INSUFFICIENT_DATA,,,,,LOW,
TA0301,CONTROL_CANDIDATE_POOL,,WATERLINE,4,0.0,0.0,2.0,661.17,WITHIN_20M,0.0,-661.17,-641.13,0.0,LOW,-641.13
TA0301,CONTROL_CANDIDATE_POOL,,MANGROVE_EDGE_PROXY,0,,,,,INSUFFICIENT_DATA,,,,,LOW,
TA0302,CONTROL_CANDIDATE_POOL,,WATERLINE,2,0.0,0.0,0.0,0.0,WITHIN_20M,0.0,,,0.0,LOW,
TA0302,CONTROL_CANDIDATE_POOL,,MANGROVE_EDGE_PROXY,0,,,,,INSUFFICIENT_DATA,,,,,LOW,
TA0303,CONTROL_CANDIDATE_POOL,,WATERLINE,2,0.0,0.0,0.0,0.0,WITHIN_20M,-0.0,,,-0.0,LOW,
TA0303,CONTROL_CANDIDATE_POOL,,MANGROVE_EDGE_PROXY,0,,,,,INSUFFICIENT_DATA,,,,,LOW,
TA0304,CONTROL_CANDIDATE_POOL,,WATERLINE,2,0.0,0.0,0.0,0.0,WITHIN_20M,0.0,,,0.0,LOW,
TA0304,CONTROL_CANDIDATE_POOL,,MANGROVE_EDGE_PROXY,0,,,,,INSUFFICIENT_DATA,,,,,LOW,
TA0305,CONTROL_CANDIDATE_POOL,,WATERLINE,4,20.0,6.67,-6.0,320.0,WITHIN_20M,-20.0,-200.0,-320.0,0.0,LOW,-300.0
TA0305,CONTROL_CANDIDATE_POOL,,MANGROVE_EDGE_PROXY,0,,,,,INSUFFICIENT_DATA,,,,,LOW,
TA0306,CONTROL_CANDIDATE_POOL,,WATERLINE,4,0.0,0.0,-0.0,87.44,WITHIN_20M,0.0,87.44,87.44,0.0,LOW,87.44
TA0306,CONTROL_CANDIDATE_POOL,,MANGROVE_EDGE_PROXY,0,,,,,INSUFFICIENT_DATA,,,,,LOW,
TA0307,CONTROL_CANDIDATE_POOL,,WATERLINE,4,0.0,0.0,-0.0,100.18,WITHIN_20M,0.0,100.18,100.18,0.0,LOW,100.18
TA0307,CONTROL_CANDIDATE_POOL,,MANGROVE_EDGE_PROXY,0,,,,,INSUFFICIENT_DATA,,,,,LOW,
TA0308,CONTROL_CANDIDATE_POOL,,WATERLINE,4,0.0,0.0,-4.11,205.7,WITHIN_20M,-0.0,-164.56,-205.7,-0.0,LOW,-205.7
TA0308,CONTROL_CANDIDATE_POOL,,MANGROVE_EDGE_PROXY,0,,,,,INSUFFICIENT_DATA,,,,,LOW,
TA0309,CONTROL_CANDIDATE_POOL,,WATERLINE,4,0.0,0.0,0.0,486.16,WITHIN_20M,-0.0,-486.16,-486.16,-0.0,LOW,-486.16
TA0309,CONTROL_CANDIDATE_POOL,,MANGROVE_EDGE_PROXY,0,,,,,INSUFFICIENT_DATA,,,,,LOW,
TA0310,CONTROL_CANDIDATE_POOL,,WATERLINE,4,0.0,0.0,2.83,424.26,WITHIN_20M,-0.0,-424.26,-395.98,-0.0,LOW,-395.98
TA0310,CONTROL_CANDIDATE_POOL,,MANGROVE_EDGE_PROXY,0,,,,,INSUFFICIENT_DATA,,,,,LOW,
TA0311,CONTROL_CANDIDATE_POOL,,WATERLINE,4,25.59,8.53,7.68,477.37,APPARENT_SEAWARD,-25.59,-477.37,-477.37,-0.0,LOW,-451.78
TA0311,CONTROL_CANDIDATE_POOL,,MANGROVE_EDGE_PROXY,0,,,,,INSUFFICIENT_DATA,,,,,LOW,
TA0312,CONTROL_CANDIDATE_POOL,,WATERLINE,4,0.0,0.0,-2.0,400.0,WITHIN_20M,0.0,-380.0,-400.0,0.0,LOW,-400.0
TA0312,CONTROL_CANDIDATE_POOL,,MANGROVE_EDGE_PROXY,0,,,,,INSUFFICIENT_DATA,,,,,LOW,
TA0313,CONTROL_CANDIDATE_POOL,,WATERLINE,4,25.59,8.53,5.12,307.05,APPARENT_SEAWARD,-25.59,-281.46,-307.05,-0.0,LOW,-281.46
TA0313,CONTROL_CANDIDATE_POOL,,MANGROVE_EDGE_PROXY,0,,,,,INSUFFICIENT_DATA,,,,,LOW,
TA0314,CONTROL_CANDIDATE_POOL,,WATERLINE,4,20.0,6.67,4.0,440.0,WITHIN_20M,-20.0,-420.0,-440.0,0.0,LOW,-420.0
TA0314,CONTROL_CANDIDATE_POOL,,MANGROVE_EDGE_PROXY,0,,,,,INSUFFICIENT_DATA,,,,,LOW,
TA0315,CONTROL_CANDIDATE_POOL,,WATERLINE,4,0.0,0.0,0.0,226.27,WITHIN_20M,-0.0,-226.27,-226.27,-0.0,LOW,-226.27
TA0315,CONTROL_CANDIDATE_POOL,,MANGROVE_EDGE_PROXY,0,,,,,INSUFFICIENT_DATA,,,,,LOW,
TA0316,CONTROL_CANDIDATE_POOL,,WATERLINE,4,21.86,7.29,4.37,131.16,APPARENT_SEAWARD,-21.86,-109.3,-131.16,-0.0,LOW,-109.3
TA0316,CONTROL_CANDIDATE_POOL,,MANGROVE_EDGE_PROXY,0,,,,,INSUFFICIENT_DATA,,,,,LOW,
TA0317,CONTROL_CANDIDATE_POOL,,WATERLINE,4,0.0,0.0,2.0,360.0,WITHIN_20M,0.0,-360.0,-340.0,0.0,LOW,-340.0
TA0317,CONTROL_CANDIDATE_POOL,,MANGROVE_EDGE_PROXY,0,,,,,INSUFFICIENT_DATA,,,,,LOW,
TA0318,CONTROL_CANDIDATE_POOL,,WATERLINE,4,0.0,0.0,5.99,349.69,WITHIN_20M,-0.0,-349.69,-289.84,-0.0,LOW,-289.84
TA0318,CONTROL_CANDIDATE_POOL,,MANGROVE_EDGE_PROXY,0,,,,,INSUFFICIENT_DATA,,,,,LOW,
TA0319,CONTROL_CANDIDATE_POOL,,WATERLINE,4,0.0,0.0,4.18,340.6,WITHIN_20M,0.0,-340.6,-298.8,0.0,LOW,-298.8
TA0319,CONTROL_CANDIDATE_POOL,,MANGROVE_EDGE_PROXY,0,,,,,INSUFFICIENT_DATA,,,,,LOW,
TA0320,CONTROL_CANDIDATE_POOL,,WATERLINE,4,20.57,6.86,4.11,123.42,APPARENT_SEAWARD,-20.57,-102.85,-123.42,-0.0,LOW,-102.85
TA0320,CONTROL_CANDIDATE_POOL,,MANGROVE_EDGE_PROXY,0,,,,,INSUFFICIENT_DATA,,,,,LOW,
TA0321,CONTROL_CANDIDATE_POOL,,WATERLINE,4,0.0,0.0,-4.0,280.0,WITHIN_20M,0.0,-240.0,-280.0,0.0,LOW,-280.0
TA0321,CONTROL_CANDIDATE_POOL,,MANGROVE_EDGE_PROXY,0,,,,,INSUFFICIENT_DATA,,,,,LOW,
TA0322,CONTROL_CANDIDATE_POOL,,WATERLINE,4,-20.0,-6.67,-6.0,320.0,WITHIN_20M,20.0,-300.0,-300.0,0.0,LOW,-320.0
TA0322,CONTROL_CANDIDATE_POOL,,MANGROVE_EDGE_PROXY,0,,,,,INSUFFICIENT_DATA,,,,,LOW,
TA0323,CONTROL_CANDIDATE_POOL,,WATERLINE,4,37.82,12.61,11.35,320.57,APPARENT_SEAWARD,-37.82,-320.57,-320.57,0.0,LOW,-282.75
TA0323,CONTROL_CANDIDATE_POOL,,MANGROVE_EDGE_PROXY,0,,,,,INSUFFICIENT_DATA,,,,,LOW,
TA0324,CONTROL_CANDIDATE_POOL,,WATERLINE,4,45.6,15.2,23.9,385.02,APPARENT_SEAWARD,-45.6,-385.02,-282.84,-0.0,LOW,-237.24
TA0324,CONTROL_CANDIDATE_POOL,,MANGROVE_EDGE_PROXY,0,,,,,INSUFFICIENT_DATA,,,,,LOW,
TA0325,CONTROL_CANDIDATE_POOL,,WATERLINE,4,40.07,13.36,12.02,280.5,APPARENT_SEAWARD,-40.07,-280.5,-280.5,0.0,LOW,-240.43
TA0325,CONTROL_CANDIDATE_POOL,,MANGROVE_EDGE_PROXY,4,0.0,0.0,-0.0,0.0,WITHIN_20M,1322.34,1322.34,1322.34,1322.34,LOW,0.0
TA0326,CONTROL_CANDIDATE_POOL,,WATERLINE,4,30.34,10.11,9.1,262.33,APPARENT_SEAWARD,-30.34,-262.33,-262.33,-0.0,LOW,-231.99
TA0326,CONTROL_CANDIDATE_POOL,,MANGROVE_EDGE_PROXY,0,,,,,INSUFFICIENT_DATA,,,,,LOW,
TA0327,CONTROL_CANDIDATE_POOL,,WATERLINE,4,31.46,10.49,9.44,226.27,APPARENT_SEAWARD,-31.46,-226.27,-226.27,-0.0,LOW,-194.81
TA0327,CONTROL_CANDIDATE_POOL,,MANGROVE_EDGE_PROXY,0,,,,,INSUFFICIENT_DATA,,,,,LOW,
TA0328,CONTROL_CANDIDATE_POOL,,WATERLINE,4,40.0,13.33,14.0,300.0,APPARENT_SEAWARD,-40.0,-300.0,-280.0,0.0,LOW,-240.0
TA0328,CONTROL_CANDIDATE_POOL,,MANGROVE_EDGE_PROXY,4,-180.0,-60.0,-54.0,180.0,APPARENT_LANDWARD,1340.0,1160.0,1160.0,1160.0,LOW,-180.0
TA0329,CONTROL_CANDIDATE_POOL,,WATERLINE,4,100.0,33.33,32.0,240.0,APPARENT_SEAWARD,-100.0,-240.0,-220.0,0.0,LOW,-120.0
TA0329,CONTROL_CANDIDATE_POOL,,MANGROVE_EDGE_PROXY,0,,,,,INSUFFICIENT_DATA,,,,,LOW,
TA0330,CONTROL_CANDIDATE_POOL,,WATERLINE,4,0.0,0.0,2.06,246.84,WITHIN_20M,-0.0,-246.84,-226.27,-0.0,LOW,-226.27
TA0330,CONTROL_CANDIDATE_POOL,,MANGROVE_EDGE_PROXY,4,-102.85,-34.28,-30.86,102.85,APPARENT_LANDWARD,1193.06,1090.21,1090.21,1090.21,LOW,-102.85
TA0331,CONTROL_CANDIDATE_POOL,,WATERLINE,4,-20.04,-6.68,-8.02,160.29,APPARENT_LANDWARD,20.04,-120.21,-140.25,0.0,LOW,-160.29
TA0331,CONTROL_CANDIDATE_POOL,,MANGROVE_EDGE_PROXY,4,-180.32,-60.11,-52.09,200.36,APPARENT_LANDWARD,1402.48,1202.12,1222.16,1222.16,LOW,-180.32
TA0332,CONTROL_CANDIDATE_POOL,,WATERLINE,4,0.0,0.0,0.0,84.85,WITHIN_20M,-0.0,-84.85,-84.85,-0.0,LOW,-84.85
TA0332,CONTROL_CANDIDATE_POOL,,MANGROVE_EDGE_PROXY,0,,,,,INSUFFICIENT_DATA,,,,,LOW,
TA0333,CONTROL_CANDIDATE_POOL,,WATERLINE,4,-25.59,-8.53,-5.12,127.94,APPARENT_LANDWARD,25.59,102.35,127.94,-0.0,LOW,102.35
TA0333,CONTROL_CANDIDATE_POOL,,MANGROVE_EDGE_PROXY,0,,,,,INSUFFICIENT_DATA,,,,,LOW,
TA0334,CONTROL_CANDIDATE_POOL,,WATERLINE,4,21.86,7.29,4.37,218.61,APPARENT_SEAWARD,-21.86,-196.75,-218.61,0.0,LOW,-196.75
TA0334,CONTROL_CANDIDATE_POOL,,MANGROVE_EDGE_PROXY,4,-189.49,-63.16,-56.85,189.49,APPARENT_LANDWARD,910.9,721.41,721.41,721.41,LOW,-189.49
TA0335,CONTROL_CANDIDATE_POOL,,WATERLINE,4,0.0,0.0,2.0,80.0,WITHIN_20M,0.0,-80.0,-60.0,0.0,LOW,-60.0
TA0335,CONTROL_CANDIDATE_POOL,,MANGROVE_EDGE_PROXY,0,,,,,INSUFFICIENT_DATA,,,,,LOW,
TA0336,CONTROL_CANDIDATE_POOL,,WATERLINE,4,0.0,0.0,-1.92,19.2,WITHIN_20M,-0.0,-0.0,-19.2,-0.0,LOW,-19.2
TA0336,CONTROL_CANDIDATE_POOL,,MANGROVE_EDGE_PROXY,0,,,,,INSUFFICIENT_DATA,,,,,LOW,
TA0337,CONTROL_CANDIDATE_POOL,,WATERLINE,4,0.0,0.0,0.0,0.0,WITHIN_20M,0.0,0.0,0.0,0.0,LOW,0.0
TA0337,CONTROL_CANDIDATE_POOL,,MANGROVE_EDGE_PROXY,0,,,,,INSUFFICIENT_DATA,,,,,LOW,
TA0338,CONTROL_CANDIDATE_POOL,,WATERLINE,4,0.0,0.0,0.0,0.0,WITHIN_20M,-0.0,-0.0,-0.0,-0.0,LOW,0.0
TA0338,CONTROL_CANDIDATE_POOL,,MANGROVE_EDGE_PROXY,0,,,,,INSUFFICIENT_DATA,,,,,LOW,
TA0339,CONTROL_CANDIDATE_POOL,,WATERLINE,4,-3.18,-1.06,-0.64,3.18,WITHIN_20M,3.18,-0.0,3.18,-0.0,LOW,0.0
TA0339,CONTROL_CANDIDATE_POOL,,MANGROVE_EDGE_PROXY,0,,,,,INSUFFICIENT_DATA,,,,,LOW,
TA0340,CONTROL_CANDIDATE_POOL,,WATERLINE,4,0.0,0.0,2.06,20.57,WITHIN_20M,-0.0,-20.57,-0.0,-0.0,LOW,0.0
TA0340,CONTROL_CANDIDATE_POOL,,MANGROVE_EDGE_PROXY,0,,,,,INSUFFICIENT_DATA,,,,,LOW,
TA0341,CONTROL_CANDIDATE_POOL,,WATERLINE,4,0.0,0.0,-0.0,25.59,WITHIN_20M,0.0,25.59,25.59,0.0,LOW,25.59
TA0341,CONTROL_CANDIDATE_POOL,,MANGROVE_EDGE_PROXY,0,,,,,INSUFFICIENT_DATA,,,,,LOW,
TA0342,CONTROL_CANDIDATE_POOL,,WATERLINE,4,0.0,0.0,-0.0,20.0,WITHIN_20M,0.0,20.0,20.0,0.0,LOW,20.0
TA0342,CONTROL_CANDIDATE_POOL,,MANGROVE_EDGE_PROXY,0,,,,,INSUFFICIENT_DATA,,,,,LOW,
TA0343,CONTROL_CANDIDATE_POOL,,WATERLINE,4,20.0,6.67,4.0,40.0,WITHIN_20M,-20.0,20.0,0.0,0.0,LOW,20.0
TA0343,CONTROL_CANDIDATE_POOL,,MANGROVE_EDGE_PROXY,3,,,-10.0,20.0,INSUFFICIENT_DATA,,-1420.0,-1440.0,-1440.0,LOW,
TA0344,CONTROL_CANDIDATE_POOL,,WATERLINE,4,0.0,0.0,-2.19,21.86,WITHIN_20M,0.0,21.86,0.0,0.0,LOW,0.0
TA0344,CONTROL_CANDIDATE_POOL,,MANGROVE_EDGE_PROXY,0,,,,,INSUFFICIENT_DATA,,,,,LOW,
TA0345,CONTROL_CANDIDATE_POOL,,WATERLINE,4,0.0,0.0,-3.78,37.82,WITHIN_20M,0.0,37.82,0.0,0.0,LOW,0.0
TA0345,CONTROL_CANDIDATE_POOL,,MANGROVE_EDGE_PROXY,0,,,,,INSUFFICIENT_DATA,,,,,LOW,
TA0346,CONTROL_CANDIDATE_POOL,,WATERLINE,4,0.0,0.0,-1.1,28.28,WITHIN_20M,-0.0,28.28,17.32,-0.0,LOW,17.32
TA0346,CONTROL_CANDIDATE_POOL,,MANGROVE_EDGE_PROXY,0,,,,,INSUFFICIENT_DATA,,,,,LOW,
TA0347,CONTROL_CANDIDATE_POOL,,WATERLINE,4,0.0,0.0,2.0,20.0,WITHIN_20M,0.0,-20.0,0.0,0.0,LOW,0.0
TA0347,CONTROL_CANDIDATE_POOL,,MANGROVE_EDGE_PROXY,0,,,,,INSUFFICIENT_DATA,,,,,LOW,
TA0348,CONTROL_CANDIDATE_POOL,,WATERLINE,4,0.0,0.0,1.92,19.2,WITHIN_20M,0.0,-19.2,0.0,0.0,LOW,0.0
TA0348,CONTROL_CANDIDATE_POOL,,MANGROVE_EDGE_PROXY,0,,,,,INSUFFICIENT_DATA,,,,,LOW,
TA0349,CONTROL_CANDIDATE_POOL,,WATERLINE,4,0.0,0.0,2.0,20.0,WITHIN_20M,0.0,-20.0,0.0,0.0,LOW,0.0
TA0349,CONTROL_CANDIDATE_POOL,,MANGROVE_EDGE_PROXY,0,,,,,INSUFFICIENT_DATA,,,,,LOW,
TA0350,CONTROL_CANDIDATE_POOL,,WATERLINE,4,0.0,0.0,2.06,20.57,WITHIN_20M,-0.0,-20.57,-0.0,-0.0,LOW,0.0
TA0350,CONTROL_CANDIDATE_POOL,,MANGROVE_EDGE_PROXY,0,,,,,INSUFFICIENT_DATA,,,,,LOW,
TA0351,CONTROL_CANDIDATE_POOL,,WATERLINE,4,3.18,1.06,0.95,3.18,WITHIN_20M,-3.18,-0.0,-0.0,-0.0,LOW,3.18
TA0351,CONTROL_CANDIDATE_POOL,,MANGROVE_EDGE_PROXY,4,-169.71,-56.57,-34.26,197.99,APPARENT_LANDWARD,1499.07,1301.08,1467.6,1329.36,LOW,-31.47
TA0352,CONTROL_CANDIDATE_POOL,,WATERLINE,4,45.6,15.2,10.85,56.56,APPARENT_SEAWARD,-45.6,10.96,-17.32,-0.0,LOW,28.28
TA0352,CONTROL_CANDIDATE_POOL,,MANGROVE_EDGE_PROXY,4,-84.85,-28.28,-19.8,84.85,APPARENT_LANDWARD,1396.89,1312.04,1368.61,1312.04,LOW,-28.28
TA0353,CONTROL_CANDIDATE_POOL,,WATERLINE,4,40.07,13.36,10.24,40.07,APPARENT_SEAWARD,-40.07,-20.04,-37.82,0.0,LOW,2.25
TA0353,CONTROL_CANDIDATE_POOL,,MANGROVE_EDGE_PROXY,0,,,,,INSUFFICIENT_DATA,,,,,LOW,
TA0354,CONTROL_CANDIDATE_POOL,,WATERLINE,4,180.0,60.0,54.0,180.0,APPARENT_SEAWARD,-180.0,-20.0,-20.0,0.0,LOW,160.0
TA0354,CONTROL_CANDIDATE_POOL,,MANGROVE_EDGE_PROXY,0,,,,,INSUFFICIENT_DATA,,,,,LOW,
TA0355,CONTROL_CANDIDATE_POOL,,WATERLINE,4,40.0,13.33,10.0,40.0,APPARENT_SEAWARD,-40.0,-20.0,-40.0,0.0,LOW,0.0
TA0355,CONTROL_CANDIDATE_POOL,,MANGROVE_EDGE_PROXY,0,,,,,INSUFFICIENT_DATA,,,,,LOW,
TA0356,CONTROL_CANDIDATE_POOL,,WATERLINE,4,43.72,14.57,8.74,43.72,APPARENT_SEAWARD,-43.72,-0.0,-43.72,-0.0,LOW,0.0
TA0356,CONTROL_CANDIDATE_POOL,,MANGROVE_EDGE_PROXY,0,,,,,INSUFFICIENT_DATA,,,,,LOW,
TA0357,CONTROL_CANDIDATE_POOL,,WATERLINE,4,0.0,0.0,2.0,20.0,WITHIN_20M,0.0,-20.0,0.0,0.0,LOW,0.0
TA0357,CONTROL_CANDIDATE_POOL,,MANGROVE_EDGE_PROXY,0,,,,,INSUFFICIENT_DATA,,,,,LOW,
TA0358,CONTROL_CANDIDATE_POOL,,WATERLINE,4,0.0,0.0,0.0,0.0,WITHIN_20M,0.0,0.0,0.0,0.0,LOW,0.0
TA0358,CONTROL_CANDIDATE_POOL,,MANGROVE_EDGE_PROXY,0,,,,,INSUFFICIENT_DATA,,,,,LOW,
TA0359,CONTROL_CANDIDATE_POOL,,WATERLINE,4,0.0,0.0,-2.51,25.11,WITHIN_20M,-0.0,25.11,-0.0,-0.0,LOW,0.0
TA0359,CONTROL_CANDIDATE_POOL,,MANGROVE_EDGE_PROXY,0,,,,,INSUFFICIENT_DATA,,,,,LOW,
TA0360,CONTROL_CANDIDATE_POOL,,WATERLINE,4,0.0,0.0,-2.19,21.86,WITHIN_20M,-0.0,21.86,-0.0,-0.0,LOW,0.0
TA0360,CONTROL_CANDIDATE_POOL,,MANGROVE_EDGE_PROXY,0,,,,,INSUFFICIENT_DATA,,,,,LOW,
TA0361,CONTROL_CANDIDATE_POOL,,WATERLINE,4,0.0,0.0,0.0,0.0,WITHIN_20M,-0.0,-0.0,-0.0,-0.0,LOW,0.0
TA0361,CONTROL_CANDIDATE_POOL,,MANGROVE_EDGE_PROXY,0,,,,,INSUFFICIENT_DATA,,,,,LOW,
TA0362,CONTROL_CANDIDATE_POOL,,WATERLINE,4,0.0,0.0,0.0,0.0,WITHIN_20M,0.0,0.0,0.0,0.0,LOW,0.0
TA0362,CONTROL_CANDIDATE_POOL,,MANGROVE_EDGE_PROXY,0,,,,,INSUFFICIENT_DATA,,,,,LOW,
TA0363,CONTROL_CANDIDATE_POOL,,WATERLINE,4,0.0,0.0,0.0,0.0,WITHIN_20M,-0.0,-0.0,-0.0,-0.0,LOW,0.0
TA0363,CONTROL_CANDIDATE_POOL,,MANGROVE_EDGE_PROXY,0,,,,,INSUFFICIENT_DATA,,,,,LOW,
TA0364,CONTROL_CANDIDATE_POOL,,WATERLINE,4,-20.0,-6.67,-6.0,20.0,WITHIN_20M,20.0,0.0,0.0,0.0,LOW,-20.0
TA0364,CONTROL_CANDIDATE_POOL,,MANGROVE_EDGE_PROXY,0,,,,,INSUFFICIENT_DATA,,,,,LOW,
TA0365,CONTROL_CANDIDATE_POOL,,WATERLINE,4,-60.0,-20.0,-16.0,80.0,APPARENT_LANDWARD,60.0,-20.0,0.0,0.0,LOW,-60.0
TA0365,CONTROL_CANDIDATE_POOL,,MANGROVE_EDGE_PROXY,0,,,,,INSUFFICIENT_DATA,,,,,LOW,
TA0366,CONTROL_CANDIDATE_POOL,,WATERLINE,4,0.0,0.0,2.0,20.0,WITHIN_20M,0.0,-20.0,0.0,0.0,LOW,0.0
TA0366,CONTROL_CANDIDATE_POOL,,MANGROVE_EDGE_PROXY,0,,,,,INSUFFICIENT_DATA,,,,,LOW,
TA0367,CONTROL_CANDIDATE_POOL,,WATERLINE,4,-3.18,-1.06,1.56,28.29,WITHIN_20M,3.18,-25.11,-0.0,-0.0,LOW,-3.18
TA0367,CONTROL_CANDIDATE_POOL,,MANGROVE_EDGE_PROXY,0,,,,,INSUFFICIENT_DATA,,,,,LOW,
TA0368,CONTROL_CANDIDATE_POOL,,WATERLINE,4,612.1,204.03,185.82,612.1,APPARENT_SEAWARD,-612.1,-21.86,0.0,0.0,LOW,612.1
TA0368,CONTROL_CANDIDATE_POOL,,MANGROVE_EDGE_PROXY,0,,,,,INSUFFICIENT_DATA,,,,,LOW,
TA0369,CONTROL_CANDIDATE_POOL,,WATERLINE,4,380.0,126.67,116.0,400.0,APPARENT_SEAWARD,-380.0,0.0,20.0,0.0,LOW,400.0
TA0369,CONTROL_CANDIDATE_POOL,,MANGROVE_EDGE_PROXY,0,,,,,INSUFFICIENT_DATA,,,,,LOW,
TA0370,CONTROL_CANDIDATE_POOL,,WATERLINE,4,360.0,120.0,108.0,380.0,APPARENT_SEAWARD,-360.0,20.0,20.0,0.0,LOW,380.0
TA0370,CONTROL_CANDIDATE_POOL,,MANGROVE_EDGE_PROXY,0,,,,,INSUFFICIENT_DATA,,,,,LOW,
TA0371,CONTROL_CANDIDATE_POOL,,WATERLINE,4,484.01,161.34,136.72,537.4,APPARENT_SEAWARD,-484.01,53.39,-31.46,-0.0,LOW,452.55
TA0371,CONTROL_CANDIDATE_POOL,,MANGROVE_EDGE_PROXY,0,,,,,INSUFFICIENT_DATA,,,,,LOW,
TA0372,CONTROL_CANDIDATE_POOL,,WATERLINE,4,526.44,175.48,149.45,537.4,APPARENT_SEAWARD,-526.44,10.96,-73.89,-0.0,LOW,452.55
TA0372,CONTROL_CANDIDATE_POOL,,MANGROVE_EDGE_PROXY,0,,,,,INSUFFICIENT_DATA,,,,,LOW,
TA0373,CONTROL_CANDIDATE_POOL,,WATERLINE,4,340.6,113.53,100.18,360.64,APPARENT_SEAWARD,-340.6,20.04,0.0,0.0,LOW,340.6
TA0373,CONTROL_CANDIDATE_POOL,,MANGROVE_EDGE_PROXY,0,,,,,INSUFFICIENT_DATA,,,,,LOW,
TA0374,CONTROL_CANDIDATE_POOL,,WATERLINE,4,196.75,65.58,54.65,218.61,APPARENT_SEAWARD,-196.75,21.86,-21.86,0.0,LOW,174.89
TA0374,CONTROL_CANDIDATE_POOL,,MANGROVE_EDGE_PROXY,0,,,,,INSUFFICIENT_DATA,,,,,LOW,
TA0375,CONTROL_CANDIDATE_POOL,,WATERLINE,4,280.5,93.5,86.15,300.54,APPARENT_SEAWARD,-280.5,0.0,20.04,0.0,LOW,300.54
TA0375,CONTROL_CANDIDATE_POOL,,MANGROVE_EDGE_PROXY,0,,,,,INSUFFICIENT_DATA,,,,,LOW,
TA0376,CONTROL_CANDIDATE_POOL,,WATERLINE,4,491.8,163.93,147.54,491.8,APPARENT_SEAWARD,-491.8,-0.0,-0.0,-0.0,LOW,491.8
TA0376,CONTROL_CANDIDATE_POOL,,MANGROVE_EDGE_PROXY,0,,,,,INSUFFICIENT_DATA,,,,,LOW,
TA0377,CONTROL_CANDIDATE_POOL,,WATERLINE,4,230.29,76.76,69.09,230.29,APPARENT_SEAWARD,-230.29,-0.0,-0.0,-0.0,LOW,230.29
TA0377,CONTROL_CANDIDATE_POOL,,MANGROVE_EDGE_PROXY,0,,,,,INSUFFICIENT_DATA,,,,,LOW,
TA0378,CONTROL_CANDIDATE_POOL,,WATERLINE,4,87.44,29.15,26.23,87.44,APPARENT_SEAWARD,-87.44,0.0,0.0,0.0,LOW,87.44
TA0378,CONTROL_CANDIDATE_POOL,,MANGROVE_EDGE_PROXY,0,,,,,INSUFFICIENT_DATA,,,,,LOW,
TA0379,CONTROL_CANDIDATE_POOL,,WATERLINE,4,-380.0,-126.67,-114.0,380.0,APPARENT_LANDWARD,380.0,0.0,0.0,0.0,LOW,-380.0
TA0379,CONTROL_CANDIDATE_POOL,,MANGROVE_EDGE_PROXY,0,,,,,INSUFFICIENT_DATA,,,,,LOW,
TA0380,CONTROL_CANDIDATE_POOL,,WATERLINE,4,143.99,48.0,45.25,226.27,APPARENT_SEAWARD,-143.99,61.71,82.28,-0.0,LOW,226.27
TA0380,CONTROL_CANDIDATE_POOL,,MANGROVE_EDGE_PROXY,0,,,,,INSUFFICIENT_DATA,,,,,LOW,
TA0381,CONTROL_CANDIDATE_POOL,,WATERLINE,4,-440.78,-146.93,-130.23,440.78,APPARENT_LANDWARD,440.78,80.14,100.18,0.0,LOW,-340.6
TA0381,CONTROL_CANDIDATE_POOL,,MANGROVE_EDGE_PROXY,0,,,,,INSUFFICIENT_DATA,,,,,LOW,
TA0382,CONTROL_CANDIDATE_POOL,,WATERLINE,4,240.47,80.16,80.13,320.34,APPARENT_SEAWARD,-240.47,0.0,79.87,0.0,LOW,320.34
TA0382,CONTROL_CANDIDATE_POOL,,MANGROVE_EDGE_PROXY,0,,,,,INSUFFICIENT_DATA,,,,,LOW,
TA0383,CONTROL_CANDIDATE_POOL,,WATERLINE,4,-480.85,-160.28,-134.24,480.85,APPARENT_LANDWARD,480.85,0.0,100.18,0.0,LOW,-380.67
TA0383,CONTROL_CANDIDATE_POOL,,MANGROVE_EDGE_PROXY,0,,,,,INSUFFICIENT_DATA,,,,,LOW,
TA0384,CONTROL_CANDIDATE_POOL,,WATERLINE,4,-452.54,-150.85,-133.71,452.54,APPARENT_LANDWARD,452.54,0.0,20.57,0.0,LOW,-431.97
TA0384,CONTROL_CANDIDATE_POOL,,MANGROVE_EDGE_PROXY,0,,,,,INSUFFICIENT_DATA,,,,,LOW,
TA0385,CONTROL_CANDIDATE_POOL,,WATERLINE,4,255.87,85.29,76.76,255.87,APPARENT_SEAWARD,-255.87,-0.0,-0.0,-0.0,LOW,255.87
TA0385,CONTROL_CANDIDATE_POOL,,MANGROVE_EDGE_PROXY,1,,,,,INSUFFICIENT_DATA,,,-1439.31,,LOW,
TA0386,CONTROL_CANDIDATE_POOL,,WATERLINE,4,0.0,0.0,0.0,0.0,WITHIN_20M,0.0,0.0,0.0,0.0,LOW,0.0
TA0386,CONTROL_CANDIDATE_POOL,,MANGROVE_EDGE_PROXY,4,20.0,6.67,6.0,20.0,WITHIN_20M,-20.0,0.0,0.0,0.0,LOW,20.0
TA0387,CONTROL_CANDIDATE_POOL,,WATERLINE,4,4.15,1.38,0.83,4.15,WITHIN_20M,-4.15,-0.0,-4.15,-0.0,LOW,0.0
TA0387,CONTROL_CANDIDATE_POOL,,MANGROVE_EDGE_PROXY,4,25.3,8.43,7.59,25.3,APPARENT_SEAWARD,-25.3,-4.15,-4.15,-0.0,LOW,21.15
TA0388,CONTROL_CANDIDATE_POOL,,WATERLINE,4,10.55,3.52,2.11,10.55,WITHIN_20M,-10.55,-0.0,-10.55,-0.0,LOW,0.0
TA0388,CONTROL_CANDIDATE_POOL,,MANGROVE_EDGE_PROXY,4,0.0,0.0,0.0,0.0,WITHIN_20M,-10.55,-10.55,-10.55,-10.55,LOW,0.0
TA0389,CONTROL_CANDIDATE_POOL,,WATERLINE,4,28.28,9.43,8.48,28.28,APPARENT_SEAWARD,-28.28,-24.69,-24.69,-0.0,LOW,3.59
TA0389,CONTROL_CANDIDATE_POOL,,MANGROVE_EDGE_PROXY,4,31.88,10.63,9.92,31.88,APPARENT_SEAWARD,-28.28,-28.28,-24.69,3.6,LOW,3.59
TA0390,CONTROL_CANDIDATE_POOL,,WATERLINE,4,40.0,13.33,12.0,40.0,APPARENT_SEAWARD,-40.0,-20.0,-20.0,0.0,LOW,20.0
TA0390,CONTROL_CANDIDATE_POOL,,MANGROVE_EDGE_PROXY,4,80.0,26.67,28.0,80.0,APPARENT_SEAWARD,-60.0,-40.0,0.0,20.0,LOW,60.0
TA0391,CONTROL_CANDIDATE_POOL,,WATERLINE,4,80.18,26.73,24.05,80.18,APPARENT_SEAWARD,-80.18,-0.0,-0.0,-0.0,LOW,80.18
TA0391,CONTROL_CANDIDATE_POOL,,MANGROVE_EDGE_PROXY,4,100.23,33.41,38.09,100.23,APPARENT_SEAWARD,-80.18,-60.14,20.05,20.05,LOW,100.23
TA0392,CONTROL_CANDIDATE_POOL,,WATERLINE,4,33.39,11.13,10.02,33.39,APPARENT_SEAWARD,-33.39,-0.0,-0.0,-0.0,LOW,33.39
TA0392,CONTROL_CANDIDATE_POOL,,MANGROVE_EDGE_PROXY,4,41.04,13.68,12.31,41.04,APPARENT_SEAWARD,-41.04,-0.0,-0.0,-0.0,LOW,41.04
TA0393,CONTROL_CANDIDATE_POOL,,WATERLINE,4,20.0,6.67,6.0,20.0,WITHIN_20M,-20.0,0.0,0.0,0.0,LOW,20.0
TA0393,CONTROL_CANDIDATE_POOL,,MANGROVE_EDGE_PROXY,4,20.0,6.67,6.0,20.0,WITHIN_20M,-20.0,0.0,0.0,0.0,LOW,20.0
TA0394,CONTROL_CANDIDATE_POOL,,WATERLINE,4,20.0,6.67,6.0,20.0,WITHIN_20M,-20.0,0.0,0.0,0.0,LOW,20.0
TA0394,CONTROL_CANDIDATE_POOL,,MANGROVE_EDGE_PROXY,4,20.0,6.67,6.0,20.0,WITHIN_20M,-20.0,0.0,0.0,0.0,LOW,20.0
TA0395,CONTROL_CANDIDATE_POOL,,WATERLINE,4,0.0,0.0,0.0,0.0,WITHIN_20M,0.0,0.0,0.0,0.0,LOW,0.0
TA0395,CONTROL_CANDIDATE_POOL,,MANGROVE_EDGE_PROXY,4,0.0,0.0,0.0,0.0,WITHIN_20M,0.0,0.0,0.0,0.0,LOW,0.0
TA0396,CONTROL_CANDIDATE_POOL,,WATERLINE,4,0.0,0.0,0.0,0.0,WITHIN_20M,0.0,0.0,0.0,0.0,LOW,0.0
TA0396,CONTROL_CANDIDATE_POOL,,MANGROVE_EDGE_PROXY,4,0.0,0.0,0.0,0.0,WITHIN_20M,0.0,0.0,0.0,0.0,LOW,0.0
TA0397,CONTROL_CANDIDATE_POOL,,WATERLINE,4,0.0,0.0,0.0,0.0,WITHIN_20M,-0.0,-0.0,-0.0,-0.0,LOW,0.0
TA0397,CONTROL_CANDIDATE_POOL,,MANGROVE_EDGE_PROXY,4,0.0,0.0,0.0,0.0,WITHIN_20M,-0.0,-0.0,-0.0,-0.0,LOW,0.0
TA0398,CONTROL_CANDIDATE_POOL,,WATERLINE,4,0.0,0.0,0.0,0.0,WITHIN_20M,0.0,0.0,0.0,0.0,LOW,0.0
TA0398,CONTROL_CANDIDATE_POOL,,MANGROVE_EDGE_PROXY,4,20.0,6.67,6.0,20.0,WITHIN_20M,-20.0,0.0,0.0,0.0,LOW,20.0
TA0399,CONTROL_CANDIDATE_POOL,,WATERLINE,4,24.69,8.23,4.94,24.69,APPARENT_SEAWARD,-24.69,-0.0,-24.69,-0.0,LOW,0.0
TA0399,CONTROL_CANDIDATE_POOL,,MANGROVE_EDGE_PROXY,4,24.69,8.23,7.41,24.69,APPARENT_SEAWARD,-24.69,-0.0,-0.0,-0.0,LOW,24.69
TA0400,CONTROL_CANDIDATE_POOL,,WATERLINE,4,0.0,0.0,-1.77,17.74,WITHIN_20M,-0.0,17.74,-0.0,-0.0,LOW,0.0
TA0400,CONTROL_CANDIDATE_POOL,,MANGROVE_EDGE_PROXY,4,17.74,5.91,5.32,17.74,WITHIN_20M,-0.0,-0.0,-0.0,17.74,LOW,0.0
TA0401,CONTROL_CANDIDATE_POOL,,WATERLINE,4,0.0,0.0,-2.01,20.05,WITHIN_20M,-0.0,20.05,-0.0,-0.0,LOW,0.0
TA0401,CONTROL_CANDIDATE_POOL,,MANGROVE_EDGE_PROXY,4,20.05,6.68,6.02,20.05,APPARENT_SEAWARD,-0.0,-0.0,-0.0,20.05,LOW,0.0
TA0402,CONTROL_CANDIDATE_POOL,,WATERLINE,4,0.0,0.0,0.0,0.0,WITHIN_20M,-0.0,-0.0,-0.0,-0.0,LOW,0.0
TA0402,CONTROL_CANDIDATE_POOL,,MANGROVE_EDGE_PROXY,4,0.0,0.0,0.0,0.0,WITHIN_20M,-0.0,-0.0,-0.0,-0.0,LOW,0.0
TA0403,CONTROL_CANDIDATE_POOL,,WATERLINE,4,25.3,8.43,7.59,25.3,APPARENT_SEAWARD,-25.3,0.0,0.0,0.0,LOW,25.3
TA0403,CONTROL_CANDIDATE_POOL,,MANGROVE_EDGE_PROXY,4,25.3,8.43,7.59,25.3,APPARENT_SEAWARD,-25.3,0.0,0.0,0.0,LOW,25.3
TA0404,CONTROL_CANDIDATE_POOL,,WATERLINE,4,0.0,0.0,-2.2,21.99,WITHIN_20M,-0.0,21.99,-0.0,-0.0,LOW,0.0
TA0404,CONTROL_CANDIDATE_POOL,,MANGROVE_EDGE_PROXY,4,21.99,7.33,4.4,21.99,APPARENT_SEAWARD,-0.0,21.99,-0.0,21.99,LOW,0.0
TA0405,CONTROL_CANDIDATE_POOL,,WATERLINE,4,0.0,0.0,0.0,0.0,WITHIN_20M,-0.0,-0.0,-0.0,-0.0,LOW,0.0
TA0405,CONTROL_CANDIDATE_POOL,,MANGROVE_EDGE_PROXY,4,0.0,0.0,0.0,0.0,WITHIN_20M,-0.0,-0.0,-0.0,-0.0,LOW,0.0
TA0406,CONTROL_CANDIDATE_POOL,,WATERLINE,4,20.52,6.84,6.16,20.52,APPARENT_SEAWARD,-20.52,-0.0,-0.0,-0.0,LOW,20.52
TA0406,CONTROL_CANDIDATE_POOL,,MANGROVE_EDGE_PROXY,4,20.52,6.84,6.16,20.52,APPARENT_SEAWARD,-20.52,-0.0,-0.0,-0.0,LOW,20.52
TA0407,CONTROL_CANDIDATE_POOL,,WATERLINE,4,24.69,8.23,4.94,24.69,APPARENT_SEAWARD,-24.69,-0.0,-24.69,-0.0,LOW,0.0
TA0407,CONTROL_CANDIDATE_POOL,,MANGROVE_EDGE_PROXY,4,24.69,8.23,7.41,24.69,APPARENT_SEAWARD,-24.69,-24.69,-24.69,-0.0,LOW,0.0
TA0408,CONTROL_CANDIDATE_POOL,,WATERLINE,4,21.99,7.33,4.4,21.99,APPARENT_SEAWARD,-21.99,-0.0,-21.99,-0.0,LOW,0.0
TA0408,CONTROL_CANDIDATE_POOL,,MANGROVE_EDGE_PROXY,4,0.0,0.0,0.0,0.0,WITHIN_20M,-21.99,-21.99,-21.99,-21.99,LOW,0.0
TA0409,CONTROL_CANDIDATE_POOL,,WATERLINE,4,0.0,0.0,0.0,0.0,WITHIN_20M,0.0,0.0,0.0,0.0,LOW,0.0
TA0409,CONTROL_CANDIDATE_POOL,,MANGROVE_EDGE_PROXY,4,0.0,0.0,0.0,0.0,WITHIN_20M,0.0,0.0,0.0,0.0,LOW,0.0
TA0410,CONTROL_CANDIDATE_POOL,,WATERLINE,4,0.0,0.0,0.0,0.0,WITHIN_20M,0.0,0.0,0.0,0.0,LOW,0.0
TA0410,CONTROL_CANDIDATE_POOL,,MANGROVE_EDGE_PROXY,4,0.0,0.0,0.0,0.0,WITHIN_20M,0.0,0.0,0.0,0.0,LOW,0.0
TA0411,CONTROL_CANDIDATE_POOL,,WATERLINE,4,0.0,0.0,0.0,0.0,WITHIN_20M,0.0,0.0,0.0,0.0,LOW,0.0
TA0411,CONTROL_CANDIDATE_POOL,,MANGROVE_EDGE_PROXY,4,25.3,8.43,7.59,25.3,APPARENT_SEAWARD,-25.3,0.0,0.0,0.0,LOW,25.3
TA0412,CONTROL_CANDIDATE_POOL,,WATERLINE,4,17.74,5.91,3.55,17.74,WITHIN_20M,-17.74,-0.0,-17.74,-0.0,LOW,0.0
TA0412,CONTROL_CANDIDATE_POOL,,MANGROVE_EDGE_PROXY,4,17.74,5.91,5.32,17.74,WITHIN_20M,-17.74,-17.74,-17.74,-0.0,LOW,0.0
TA0413,CONTROL_CANDIDATE_POOL,,WATERLINE,4,3.6,1.2,0.72,3.6,WITHIN_20M,-3.6,-0.0,-3.6,-0.0,LOW,0.0
TA0413,CONTROL_CANDIDATE_POOL,,MANGROVE_EDGE_PROXY,4,0.0,0.0,0.0,0.0,WITHIN_20M,-3.6,-3.6,-3.6,-3.6,LOW,0.0
TA0414,CONTROL_CANDIDATE_POOL,,WATERLINE,4,20.0,6.67,4.0,20.0,WITHIN_20M,-20.0,0.0,-20.0,0.0,LOW,0.0
TA0414,CONTROL_CANDIDATE_POOL,,MANGROVE_EDGE_PROXY,4,0.0,0.0,0.0,0.0,WITHIN_20M,-20.0,-20.0,-20.0,-20.0,LOW,0.0
TA0415,CONTROL_CANDIDATE_POOL,,WATERLINE,4,0.0,0.0,-2.01,20.05,WITHIN_20M,-0.0,20.05,-0.0,-0.0,LOW,0.0
TA0415,CONTROL_CANDIDATE_POOL,,MANGROVE_EDGE_PROXY,4,0.0,0.0,0.0,0.0,WITHIN_20M,-0.0,-0.0,-0.0,-0.0,LOW,0.0
TA0416,CONTROL_CANDIDATE_POOL,,WATERLINE,4,0.0,0.0,0.0,0.0,WITHIN_20M,-0.0,-0.0,-0.0,-0.0,LOW,0.0
TA0416,CONTROL_CANDIDATE_POOL,,MANGROVE_EDGE_PROXY,4,0.0,0.0,0.0,0.0,WITHIN_20M,-0.0,-0.0,-0.0,-0.0,LOW,0.0
TA0417,CONTROL_CANDIDATE_POOL,,WATERLINE,4,0.0,0.0,0.0,0.0,WITHIN_20M,0.0,0.0,0.0,0.0,LOW,0.0
TA0417,CONTROL_CANDIDATE_POOL,,MANGROVE_EDGE_PROXY,4,20.05,6.68,6.02,20.05,APPARENT_SEAWARD,-20.05,0.0,0.0,0.0,LOW,20.05
TA0418,CONTROL_CANDIDATE_POOL,,WATERLINE,4,0.0,0.0,-2.05,20.52,WITHIN_20M,0.0,20.52,0.0,0.0,LOW,0.0
TA0418,CONTROL_CANDIDATE_POOL,,MANGROVE_EDGE_PROXY,4,0.0,0.0,0.0,0.0,WITHIN_20M,0.0,0.0,0.0,0.0,LOW,0.0
TA0419,CONTROL_CANDIDATE_POOL,,WATERLINE,4,20.0,6.67,6.0,20.0,WITHIN_20M,-20.0,0.0,0.0,0.0,LOW,20.0
TA0419,CONTROL_CANDIDATE_POOL,,MANGROVE_EDGE_PROXY,4,0.0,0.0,0.0,0.0,WITHIN_20M,-20.0,-20.0,-20.0,-20.0,LOW,0.0
TA0420,CONTROL_CANDIDATE_POOL,,WATERLINE,4,20.0,6.67,6.0,20.0,WITHIN_20M,-20.0,0.0,0.0,0.0,LOW,20.0
TA0420,CONTROL_CANDIDATE_POOL,,MANGROVE_EDGE_PROXY,4,0.0,0.0,0.0,0.0,WITHIN_20M,-20.0,-20.0,-20.0,-20.0,LOW,0.0
TA0421,CONTROL_CANDIDATE_POOL,,WATERLINE,4,20.0,6.67,6.0,20.0,WITHIN_20M,-20.0,0.0,0.0,0.0,LOW,20.0
TA0421,CONTROL_CANDIDATE_POOL,,MANGROVE_EDGE_PROXY,4,0.0,0.0,0.0,0.0,WITHIN_20M,-20.0,-20.0,-20.0,-20.0,LOW,0.0
TA0422,CONTROL_CANDIDATE_POOL,,WATERLINE,4,21.99,7.33,6.6,21.99,APPARENT_SEAWARD,-21.99,-0.0,-0.0,-0.0,LOW,21.99
TA0422,CONTROL_CANDIDATE_POOL,,MANGROVE_EDGE_PROXY,4,0.0,0.0,0.0,0.0,WITHIN_20M,-21.99,-21.99,-21.99,-21.99,LOW,0.0
TA0423,CONTROL_CANDIDATE_POOL,,WATERLINE,4,25.3,8.43,10.12,25.3,APPARENT_SEAWARD,-25.3,-25.3,-0.0,-0.0,LOW,25.3
TA0423,CONTROL_CANDIDATE_POOL,,MANGROVE_EDGE_PROXY,4,0.0,0.0,0.0,0.0,WITHIN_20M,-25.3,-25.3,-25.3,-25.3,LOW,0.0
TA0424,CONTROL_CANDIDATE_POOL,,WATERLINE,4,0.0,0.0,0.0,0.0,WITHIN_20M,-0.0,-0.0,-0.0,-0.0,LOW,0.0
TA0424,CONTROL_CANDIDATE_POOL,,MANGROVE_EDGE_PROXY,4,17.74,5.91,5.32,17.74,WITHIN_20M,-17.74,-0.0,-0.0,-0.0,LOW,17.74
TA0425,CONTROL_CANDIDATE_POOL,,WATERLINE,4,0.0,0.0,0.0,0.0,WITHIN_20M,0.0,0.0,0.0,0.0,LOW,0.0
TA0425,CONTROL_CANDIDATE_POOL,,MANGROVE_EDGE_PROXY,4,20.0,6.67,6.0,20.0,WITHIN_20M,-20.0,0.0,0.0,0.0,LOW,20.0
TA0426,CONTROL_CANDIDATE_POOL,,WATERLINE,4,0.0,0.0,0.0,0.0,WITHIN_20M,0.0,0.0,0.0,0.0,LOW,0.0
TA0426,CONTROL_CANDIDATE_POOL,,MANGROVE_EDGE_PROXY,4,20.0,6.67,6.0,20.0,WITHIN_20M,-20.0,0.0,0.0,0.0,LOW,20.0
TA0427,CONTROL_CANDIDATE_POOL,,WATERLINE,4,0.0,0.0,0.36,3.6,WITHIN_20M,-0.0,-0.0,3.6,-0.0,LOW,3.6
TA0427,CONTROL_CANDIDATE_POOL,,MANGROVE_EDGE_PROXY,4,24.69,8.23,7.41,24.69,APPARENT_SEAWARD,-24.69,-0.0,-0.0,-0.0,LOW,24.69
TA0428,CONTROL_CANDIDATE_POOL,,WATERLINE,4,0.0,0.0,0.0,0.0,WITHIN_20M,-0.0,-0.0,-0.0,-0.0,LOW,0.0
TA0428,CONTROL_CANDIDATE_POOL,,MANGROVE_EDGE_PROXY,4,21.99,7.33,6.6,21.99,APPARENT_SEAWARD,-21.99,-0.0,-0.0,-0.0,LOW,21.99
TA0429,CONTROL_CANDIDATE_POOL,,WATERLINE,4,0.0,0.0,0.0,0.0,WITHIN_20M,-0.0,-0.0,-0.0,-0.0,LOW,0.0
TA0429,CONTROL_CANDIDATE_POOL,,MANGROVE_EDGE_PROXY,4,0.0,0.0,0.0,0.0,WITHIN_20M,-0.0,-0.0,-0.0,-0.0,LOW,0.0
TA0430,CONTROL_CANDIDATE_POOL,,WATERLINE,4,20.0,6.67,6.0,20.0,WITHIN_20M,-20.0,0.0,0.0,0.0,LOW,20.0
TA0430,CONTROL_CANDIDATE_POOL,,MANGROVE_EDGE_PROXY,4,40.0,13.33,12.0,40.0,APPARENT_SEAWARD,-40.0,-20.0,-20.0,0.0,LOW,20.0
TA0431,CONTROL_CANDIDATE_POOL,,WATERLINE,4,0.0,0.0,0.36,3.6,WITHIN_20M,-0.0,-3.6,-0.0,-0.0,LOW,0.0
TA0431,CONTROL_CANDIDATE_POOL,,MANGROVE_EDGE_PROXY,4,-229.87,-76.62,-68.96,229.87,APPARENT_LANDWARD,1499.07,1297.48,1297.48,1269.2,LOW,-201.59
TA0432,CONTROL_CANDIDATE_POOL,,WATERLINE,4,0.0,0.0,0.0,0.0,WITHIN_20M,0.0,0.0,0.0,0.0,LOW,0.0
TA0432,CONTROL_CANDIDATE_POOL,,MANGROVE_EDGE_PROXY,4,0.0,0.0,-0.0,0.0,WITHIN_20M,1480.0,1480.0,1480.0,1480.0,LOW,0.0
TA0433,CONTROL_CANDIDATE_POOL,,WATERLINE,4,0.0,0.0,0.0,0.0,WITHIN_20M,0.0,0.0,0.0,0.0,LOW,0.0
TA0433,CONTROL_CANDIDATE_POOL,,MANGROVE_EDGE_PROXY,4,20.0,6.67,6.0,20.0,WITHIN_20M,-20.0,0.0,0.0,0.0,LOW,20.0
TA0434,CONTROL_CANDIDATE_POOL,,WATERLINE,4,0.0,0.0,-2.2,21.99,WITHIN_20M,-0.0,21.99,-0.0,-0.0,LOW,0.0
TA0434,CONTROL_CANDIDATE_POOL,,MANGROVE_EDGE_PROXY,4,0.0,0.0,0.0,0.0,WITHIN_20M,-0.0,-0.0,-0.0,-0.0,LOW,0.0
TA0435,CONTROL_CANDIDATE_POOL,,WATERLINE,4,20.0,6.67,6.0,20.0,WITHIN_20M,-20.0,0.0,0.0,0.0,LOW,20.0
TA0435,CONTROL_CANDIDATE_POOL,,MANGROVE_EDGE_PROXY,4,0.0,0.0,0.0,0.0,WITHIN_20M,-20.0,-20.0,-20.0,-20.0,LOW,0.0
TA0436,CONTROL_CANDIDATE_POOL,,WATERLINE,4,20.0,6.67,6.0,20.0,WITHIN_20M,-20.0,0.0,0.0,0.0,LOW,20.0
TA0436,CONTROL_CANDIDATE_POOL,,MANGROVE_EDGE_PROXY,4,0.0,0.0,2.0,20.0,WITHIN_20M,-20.0,-20.0,0.0,-20.0,LOW,20.0
TA0437,CONTROL_CANDIDATE_POOL,,WATERLINE,4,0.0,0.0,0.0,0.0,WITHIN_20M,0.0,0.0,0.0,0.0,LOW,0.0
TA0437,CONTROL_CANDIDATE_POOL,,MANGROVE_EDGE_PROXY,4,20.0,6.67,6.0,20.0,WITHIN_20M,-20.0,0.0,0.0,0.0,LOW,20.0
TA0438,CONTROL_CANDIDATE_POOL,,WATERLINE,4,0.0,0.0,0.0,0.0,WITHIN_20M,-0.0,-0.0,-0.0,-0.0,LOW,0.0
TA0438,CONTROL_CANDIDATE_POOL,,MANGROVE_EDGE_PROXY,4,0.0,0.0,0.0,0.0,WITHIN_20M,-0.0,-0.0,-0.0,-0.0,LOW,0.0
TA0439,CONTROL_CANDIDATE_POOL,,WATERLINE,4,0.0,0.0,-2.53,25.3,WITHIN_20M,-0.0,25.3,-0.0,-0.0,LOW,0.0
TA0439,CONTROL_CANDIDATE_POOL,,MANGROVE_EDGE_PROXY,4,4.15,1.38,1.25,4.15,WITHIN_20M,-4.15,-0.0,-0.0,-0.0,LOW,4.15
TA0440,CONTROL_CANDIDATE_POOL,,WATERLINE,4,20.52,6.84,4.1,20.52,APPARENT_SEAWARD,-20.52,-0.0,-20.52,-0.0,LOW,0.0
TA0440,CONTROL_CANDIDATE_POOL,,MANGROVE_EDGE_PROXY,4,33.39,11.13,10.02,33.39,APPARENT_SEAWARD,-33.39,-20.52,-20.52,-0.0,LOW,12.87
TA0441,CONTROL_CANDIDATE_POOL,,WATERLINE,4,25.3,8.43,7.59,25.3,APPARENT_SEAWARD,-25.3,0.0,0.0,0.0,LOW,25.3
TA0441,CONTROL_CANDIDATE_POOL,,MANGROVE_EDGE_PROXY,4,25.3,8.43,7.59,25.3,APPARENT_SEAWARD,-25.3,0.0,0.0,0.0,LOW,25.3
TA0442,CONTROL_CANDIDATE_POOL,,WATERLINE,4,17.74,5.91,3.55,17.74,WITHIN_20M,-17.74,-0.0,-17.74,-0.0,LOW,0.0
TA0442,CONTROL_CANDIDATE_POOL,,MANGROVE_EDGE_PROXY,4,0.0,0.0,0.0,0.0,WITHIN_20M,-17.74,-17.74,-17.74,-17.74,LOW,0.0
TA0443,CONTROL_CANDIDATE_POOL,,WATERLINE,4,0.0,0.0,0.0,0.0,WITHIN_20M,0.0,0.0,0.0,0.0,LOW,0.0
TA0443,CONTROL_CANDIDATE_POOL,,MANGROVE_EDGE_PROXY,4,20.0,6.67,6.0,20.0,WITHIN_20M,-20.0,0.0,0.0,0.0,LOW,20.0
TA0444,CONTROL_CANDIDATE_POOL,,WATERLINE,4,0.0,0.0,0.0,0.0,WITHIN_20M,0.0,0.0,0.0,0.0,LOW,0.0
TA0444,CONTROL_CANDIDATE_POOL,,MANGROVE_EDGE_PROXY,4,20.0,6.67,6.0,20.0,WITHIN_20M,-20.0,0.0,0.0,0.0,LOW,20.0
TA0445,TREATMENT,91-STC,WATERLINE,4,0.0,0.0,0.0,0.0,WITHIN_20M,0.0,0.0,0.0,0.0,LOW,0.0
TA0445,TREATMENT,91-STC,MANGROVE_EDGE_PROXY,4,-65.32,-21.77,-22.86,65.32,APPARENT_LANDWARD,485.81,453.15,420.49,420.49,LOW,-65.32
TA0446,CONTROL_CANDIDATE_POOL,,WATERLINE,4,0.0,0.0,0.0,0.0,WITHIN_20M,0.0,0.0,0.0,0.0,LOW,0.0
TA0446,CONTROL_CANDIDATE_POOL,,MANGROVE_EDGE_PROXY,4,0.0,0.0,0.0,0.0,WITHIN_20M,0.0,0.0,0.0,0.0,LOW,0.0
TA0447,CONTROL_CANDIDATE_POOL,,WATERLINE,4,0.0,0.0,0.0,0.0,WITHIN_20M,0.0,0.0,0.0,0.0,LOW,0.0
TA0447,CONTROL_CANDIDATE_POOL,,MANGROVE_EDGE_PROXY,4,20.0,6.67,6.0,20.0,WITHIN_20M,-20.0,0.0,0.0,0.0,LOW,20.0
TA0448,CONTROL_CANDIDATE_POOL,,WATERLINE,4,0.0,0.0,-2.0,20.0,WITHIN_20M,0.0,20.0,0.0,0.0,LOW,0.0
TA0448,CONTROL_CANDIDATE_POOL,,MANGROVE_EDGE_PROXY,4,20.0,6.67,6.0,20.0,WITHIN_20M,-20.0,0.0,0.0,0.0,LOW,20.0
TA0449,CONTROL_CANDIDATE_POOL,,WATERLINE,4,0.0,0.0,-2.0,20.0,WITHIN_20M,0.0,20.0,0.0,0.0,LOW,0.0
TA0449,CONTROL_CANDIDATE_POOL,,MANGROVE_EDGE_PROXY,4,0.0,0.0,0.0,0.0,WITHIN_20M,0.0,0.0,0.0,0.0,LOW,0.0
TA0450,CONTROL_CANDIDATE_POOL,,WATERLINE,4,0.0,0.0,0.0,0.0,WITHIN_20M,0.0,0.0,0.0,0.0,LOW,0.0
TA0450,CONTROL_CANDIDATE_POOL,,MANGROVE_EDGE_PROXY,4,660.0,220.0,262.0,660.0,APPARENT_SEAWARD,0.0,0.0,640.0,660.0,LOW,640.0
TA0451,CONTROL_CANDIDATE_POOL,,WATERLINE,4,-3.6,-1.2,-1.08,3.6,WITHIN_20M,3.6,-0.0,-0.0,-0.0,LOW,-3.6
TA0451,CONTROL_CANDIDATE_POOL,,MANGROVE_EDGE_PROXY,4,0.0,0.0,-0.0,0.0,WITHIN_20M,173.3,173.3,173.3,173.3,LOW,0.0
TA0452,CONTROL_CANDIDATE_POOL,,WATERLINE,4,-17.74,-5.91,-3.55,17.74,WITHIN_20M,17.74,-0.0,17.74,-0.0,LOW,0.0
TA0452,CONTROL_CANDIDATE_POOL,,MANGROVE_EDGE_PROXY,4,0.0,0.0,-0.0,0.0,WITHIN_20M,187.44,187.44,187.44,187.44,LOW,0.0
TA0453,CONTROL_CANDIDATE_POOL,,WATERLINE,4,0.0,0.0,2.0,20.0,WITHIN_20M,0.0,-20.0,0.0,0.0,LOW,0.0
TA0453,CONTROL_CANDIDATE_POOL,,MANGROVE_EDGE_PROXY,4,0.0,0.0,-0.0,0.0,WITHIN_20M,660.0,660.0,660.0,660.0,LOW,0.0
TA0454,TREATMENT,91-STC,WATERLINE,4,0.0,0.0,0.0,0.0,WITHIN_20M,-0.0,-0.0,-0.0,-0.0,LOW,0.0
TA0454,TREATMENT,91-STC,MANGROVE_EDGE_PROXY,4,0.0,0.0,-0.0,0.0,WITHIN_20M,1231.11,1231.11,1231.11,1231.11,LOW,0.0
TA0455,CONTROL_CANDIDATE_POOL,,WATERLINE,4,0.0,0.0,0.0,0.0,WITHIN_20M,-0.0,-0.0,-0.0,-0.0,LOW,0.0
TA0455,CONTROL_CANDIDATE_POOL,,MANGROVE_EDGE_PROXY,4,-1297.48,-432.49,-389.24,1297.48,APPARENT_LANDWARD,1470.78,173.3,173.3,173.3,LOW,-1297.48
TA0456,TREATMENT,91-STC,WATERLINE,4,0.0,0.0,2.2,21.99,WITHIN_20M,-0.0,-21.99,-0.0,-0.0,LOW,0.0
TA0456,TREATMENT,91-STC,MANGROVE_EDGE_PROXY,4,0.0,0.0,-0.0,0.0,WITHIN_20M,175.9,175.9,175.9,175.9,LOW,0.0
TA0457,CONTROL_CANDIDATE_POOL,,WATERLINE,4,0.0,0.0,2.47,24.69,WITHIN_20M,-0.0,-24.69,-0.0,-0.0,LOW,0.0
TA0457,CONTROL_CANDIDATE_POOL,,MANGROVE_EDGE_PROXY,4,-1297.48,-432.49,-389.24,1297.48,APPARENT_LANDWARD,1442.5,145.02,145.02,145.02,LOW,-1297.48
TA0458,CONTROL_CANDIDATE_POOL,,WATERLINE,4,0.0,0.0,0.0,0.0,WITHIN_20M,-0.0,-0.0,-0.0,-0.0,LOW,0.0
TA0458,CONTROL_CANDIDATE_POOL,,MANGROVE_EDGE_PROXY,4,-1339.91,-446.64,-401.97,1339.91,APPARENT_LANDWARD,1499.07,159.16,159.16,159.16,LOW,-1339.91
TA0459,CONTROL_CANDIDATE_POOL,,WATERLINE,4,-20.05,-6.68,-4.01,20.05,APPARENT_LANDWARD,20.05,0.0,20.05,0.0,LOW,0.0
TA0459,CONTROL_CANDIDATE_POOL,,MANGROVE_EDGE_PROXY,4,20.04,6.68,6.01,20.04,APPARENT_SEAWARD,461.06,481.1,481.1,481.1,LOW,20.04
TA0460,TREATMENT,91-STC,WATERLINE,4,0.0,0.0,0.0,0.0,WITHIN_20M,-0.0,-0.0,-0.0,-0.0,LOW,0.0
TA0460,TREATMENT,91-STC,MANGROVE_EDGE_PROXY,4,0.0,0.0,-0.0,0.0,WITHIN_20M,162.35,162.35,162.35,162.35,LOW,0.0
TA0461,CONTROL_CANDIDATE_POOL,,WATERLINE,4,0.0,0.0,0.0,0.0,WITHIN_20M,-0.0,-0.0,-0.0,-0.0,LOW,0.0
TA0461,CONTROL_CANDIDATE_POOL,,MANGROVE_EDGE_PROXY,4,-820.24,-273.41,-246.07,820.24,APPARENT_LANDWARD,965.26,145.02,145.02,145.02,LOW,-820.24
TA0462,CONTROL_CANDIDATE_POOL,,WATERLINE,4,0.0,0.0,0.0,0.0,WITHIN_20M,-0.0,-0.0,-0.0,-0.0,LOW,0.0
TA0462,CONTROL_CANDIDATE_POOL,,MANGROVE_EDGE_PROXY,4,-837.98,-279.33,-249.62,837.98,APPARENT_LANDWARD,1007.69,169.71,187.44,169.71,LOW,-820.25
TA0463,CONTROL_CANDIDATE_POOL,,WATERLINE,4,0.0,0.0,0.0,0.0,WITHIN_20M,0.0,0.0,0.0,0.0,LOW,0.0
TA0463,CONTROL_CANDIDATE_POOL,,MANGROVE_EDGE_PROXY,4,0.0,0.0,-0.0,0.0,WITHIN_20M,340.78,340.78,340.78,340.78,LOW,0.0
TA0464,TREATMENT,91-STC,WATERLINE,4,0.0,0.0,0.0,0.0,WITHIN_20M,0.0,0.0,0.0,0.0,LOW,0.0
TA0464,TREATMENT,91-STC,MANGROVE_EDGE_PROXY,4,0.0,0.0,-0.0,0.0,WITHIN_20M,1420.0,1420.0,1420.0,1420.0,LOW,0.0
TA0465,CONTROL_CANDIDATE_POOL,,WATERLINE,4,0.0,0.0,0.0,0.0,WITHIN_20M,0.0,0.0,0.0,0.0,LOW,0.0
TA0465,CONTROL_CANDIDATE_POOL,,MANGROVE_EDGE_PROXY,4,0.0,0.0,-52.26,522.63,WITHIN_20M,102.15,624.78,102.15,102.15,LOW,0.0
TA0466,CONTROL_CANDIDATE_POOL,,WATERLINE,4,0.0,0.0,1.06,10.55,WITHIN_20M,-0.0,-10.55,-0.0,-0.0,LOW,0.0
TA0466,CONTROL_CANDIDATE_POOL,,MANGROVE_EDGE_PROXY,4,0.0,0.0,-0.0,0.0,WITHIN_20M,989.95,989.95,989.95,989.95,LOW,0.0
TA0467,CONTROL_CANDIDATE_POOL,,WATERLINE,4,0.0,0.0,0.0,0.0,WITHIN_20M,0.0,0.0,0.0,0.0,LOW,0.0
TA0467,CONTROL_CANDIDATE_POOL,,MANGROVE_EDGE_PROXY,4,-163.32,-54.44,-49.0,166.3,APPARENT_LANDWARD,975.78,809.48,809.48,812.46,LOW,-166.3
TA0468,CONTROL_CANDIDATE_POOL,,WATERLINE,4,0.0,0.0,0.0,0.0,WITHIN_20M,-0.0,-0.0,-0.0,-0.0,LOW,0.0
TA0468,CONTROL_CANDIDATE_POOL,,MANGROVE_EDGE_PROXY,4,28.29,9.43,8.49,28.29,APPARENT_SEAWARD,282.84,311.13,311.13,311.13,LOW,28.29
TA0469,CONTROL_CANDIDATE_POOL,,WATERLINE,4,0.0,0.0,0.0,0.0,WITHIN_20M,-0.0,-0.0,-0.0,-0.0,LOW,0.0
TA0469,CONTROL_CANDIDATE_POOL,,MANGROVE_EDGE_PROXY,4,28.29,9.43,8.49,28.29,APPARENT_SEAWARD,226.27,254.56,254.56,254.56,LOW,28.29
TA0470,CONTROL_CANDIDATE_POOL,,WATERLINE,4,0.0,0.0,0.0,0.0,WITHIN_20M,-0.0,-0.0,-0.0,-0.0,LOW,0.0
TA0470,CONTROL_CANDIDATE_POOL,,MANGROVE_EDGE_PROXY,4,21.98,7.33,6.59,21.98,APPARENT_SEAWARD,241.87,263.85,263.85,263.85,LOW,21.98
TA0471,TREATMENT,91-STC,WATERLINE,4,20.05,6.68,7.76,37.54,APPARENT_SEAWARD,-20.05,-37.54,-20.05,-0.0,LOW,0.0
TA0471,TREATMENT,91-STC,MANGROVE_EDGE_PROXY,4,-621.43,-207.14,-186.43,621.43,APPARENT_LANDWARD,721.66,100.23,100.23,100.23,LOW,-621.43
TA0472,CONTROL_CANDIDATE_POOL,,WATERLINE,4,0.0,0.0,2.0,20.0,WITHIN_20M,0.0,-20.0,0.0,0.0,LOW,0.0
TA0472,CONTROL_CANDIDATE_POOL,,MANGROVE_EDGE_PROXY,4,20.0,6.67,8.0,20.0,WITHIN_20M,-20.0,-20.0,0.0,0.0,LOW,20.0
TA0473,TREATMENT,91-STC,WATERLINE,4,0.0,0.0,0.0,0.0,WITHIN_20M,0.0,0.0,0.0,0.0,LOW,0.0
TA0473,TREATMENT,91-STC,MANGROVE_EDGE_PROXY,4,-620.0,-206.67,-186.0,620.0,APPARENT_LANDWARD,780.0,160.0,160.0,160.0,LOW,-620.0
TA0474,CONTROL_CANDIDATE_POOL,,WATERLINE,4,0.0,0.0,0.0,0.0,WITHIN_20M,0.0,0.0,0.0,0.0,LOW,0.0
TA0474,CONTROL_CANDIDATE_POOL,,MANGROVE_EDGE_PROXY,4,20.51,6.84,8.2,20.51,APPARENT_SEAWARD,-82.07,-82.07,-61.56,-61.56,LOW,20.51
TA0475,CONTROL_CANDIDATE_POOL,,WATERLINE,4,0.0,0.0,0.0,0.0,WITHIN_20M,-0.0,-0.0,-0.0,-0.0,LOW,0.0
TA0475,CONTROL_CANDIDATE_POOL,,MANGROVE_EDGE_PROXY,4,28.29,9.43,8.49,28.29,APPARENT_SEAWARD,282.84,311.13,311.13,311.13,LOW,28.29
TA0476,CONTROL_CANDIDATE_POOL,,WATERLINE,4,0.0,0.0,2.0,20.0,WITHIN_20M,0.0,-20.0,0.0,0.0,LOW,0.0
TA0476,CONTROL_CANDIDATE_POOL,,MANGROVE_EDGE_PROXY,4,0.0,0.0,0.0,0.0,WITHIN_20M,-120.0,-120.0,-120.0,-120.0,LOW,0.0
TA0477,CONTROL_CANDIDATE_POOL,,WATERLINE,4,20.05,6.68,6.02,37.54,APPARENT_SEAWARD,-20.05,-37.54,-37.54,0.0,LOW,-17.49
TA0477,CONTROL_CANDIDATE_POOL,,MANGROVE_EDGE_PROXY,4,20.05,6.68,8.02,20.05,APPARENT_SEAWARD,-220.51,-220.51,-200.46,-200.46,LOW,20.05
TA0478,TREATMENT,91-STC,WATERLINE,4,0.0,0.0,-0.0,20.0,WITHIN_20M,0.0,20.0,20.0,0.0,LOW,20.0
TA0478,TREATMENT,91-STC,MANGROVE_EDGE_PROXY,4,260.0,86.67,78.0,260.0,APPARENT_SEAWARD,0.0,260.0,260.0,260.0,LOW,260.0
TA0479,CONTROL_CANDIDATE_POOL,,WATERLINE,4,0.0,0.0,-2.47,24.69,WITHIN_20M,-0.0,24.69,-0.0,-0.0,LOW,0.0
TA0479,CONTROL_CANDIDATE_POOL,,MANGROVE_EDGE_PROXY,4,0.0,0.0,-45.26,452.55,WITHIN_20M,282.84,735.39,282.84,282.84,LOW,0.0
TA0480,TREATMENT,91-STC,WATERLINE,4,0.0,0.0,-2.05,20.52,WITHIN_20M,-0.0,20.52,-0.0,-0.0,LOW,0.0
TA0480,TREATMENT,91-STC,MANGROVE_EDGE_PROXY,4,0.0,0.0,-0.0,0.0,WITHIN_20M,369.33,369.33,369.33,369.33,LOW,0.0
TA0481,CONTROL_CANDIDATE_POOL,,WATERLINE,4,3.6,1.2,0.72,3.6,WITHIN_20M,-3.6,-0.0,-3.6,-0.0,LOW,0.0
TA0481,CONTROL_CANDIDATE_POOL,,MANGROVE_EDGE_PROXY,4,427.86,142.62,123.06,480.84,APPARENT_SEAWARD,250.96,731.8,678.82,678.82,LOW,427.86
TA0482,CONTROL_CANDIDATE_POOL,,WATERLINE,4,0.0,0.0,-2.2,21.99,WITHIN_20M,-0.0,21.99,-0.0,-0.0,LOW,0.0
TA0482,CONTROL_CANDIDATE_POOL,,MANGROVE_EDGE_PROXY,4,7.86,2.62,2.36,7.86,WITHIN_20M,607.8,615.66,615.66,615.66,LOW,7.86
TA0483,CONTROL_CANDIDATE_POOL,,WATERLINE,4,24.69,8.23,4.94,24.69,APPARENT_SEAWARD,-24.69,-0.0,-24.69,-0.0,LOW,0.0
TA0483,CONTROL_CANDIDATE_POOL,,MANGROVE_EDGE_PROXY,4,0.0,0.0,-0.0,0.0,WITHIN_20M,678.82,678.82,678.82,678.82,LOW,0.0
TA0484,CONTROL_CANDIDATE_POOL,,WATERLINE,4,0.0,0.0,0.0,0.0,WITHIN_20M,-0.0,-0.0,-0.0,-0.0,LOW,0.0
TA0484,CONTROL_CANDIDATE_POOL,,MANGROVE_EDGE_PROXY,4,28.28,9.43,8.48,28.28,APPARENT_SEAWARD,650.54,678.82,678.82,678.82,LOW,28.28
TA0485,CONTROL_CANDIDATE_POOL,,WATERLINE,4,0.0,0.0,0.0,0.0,WITHIN_20M,0.0,0.0,0.0,0.0,LOW,0.0
TA0485,CONTROL_CANDIDATE_POOL,,MANGROVE_EDGE_PROXY,4,0.0,0.0,-0.0,0.0,WITHIN_20M,220.51,220.51,220.51,220.51,LOW,0.0
TA0486,CONTROL_CANDIDATE_POOL,,WATERLINE,4,10.55,3.52,3.17,10.55,WITHIN_20M,-10.55,-0.0,-0.0,-0.0,LOW,10.55
TA0486,CONTROL_CANDIDATE_POOL,,MANGROVE_EDGE_PROXY,4,0.0,0.0,-0.0,0.0,WITHIN_20M,622.25,622.25,622.25,622.25,LOW,0.0
TA0487,CONTROL_CANDIDATE_POOL,,WATERLINE,4,0.0,0.0,0.0,0.0,WITHIN_20M,-0.0,-0.0,-0.0,-0.0,LOW,0.0
TA0487,CONTROL_CANDIDATE_POOL,,MANGROVE_EDGE_PROXY,4,3.6,1.2,-1.75,28.29,WITHIN_20M,590.37,618.66,590.37,593.97,LOW,0.0
TA0488,CONTROL_CANDIDATE_POOL,,WATERLINE,4,0.0,0.0,0.0,0.0,WITHIN_20M,-0.0,-0.0,-0.0,-0.0,LOW,0.0
TA0488,CONTROL_CANDIDATE_POOL,,MANGROVE_EDGE_PROXY,4,10.54,3.51,3.16,10.54,WITHIN_20M,565.69,576.23,576.23,576.23,LOW,10.54
TA0489,CONTROL_CANDIDATE_POOL,,WATERLINE,4,0.0,0.0,0.0,0.0,WITHIN_20M,-0.0,-0.0,-0.0,-0.0,LOW,0.0
TA0489,CONTROL_CANDIDATE_POOL,,MANGROVE_EDGE_PROXY,4,0.0,0.0,-0.36,3.6,WITHIN_20M,537.4,541.0,537.4,537.4,LOW,0.0
TA0490,CONTROL_CANDIDATE_POOL,,WATERLINE,4,0.0,0.0,0.0,0.0,WITHIN_20M,-0.0,-0.0,-0.0,-0.0,LOW,0.0
TA0490,CONTROL_CANDIDATE_POOL,,MANGROVE_EDGE_PROXY,4,0.0,0.0,-0.0,0.0,WITHIN_20M,555.14,555.14,555.14,555.14,LOW,0.0
TA0491,CONTROL_CANDIDATE_POOL,,WATERLINE,4,0.0,0.0,0.0,0.0,WITHIN_20M,-0.0,-0.0,-0.0,-0.0,LOW,0.0
TA0491,CONTROL_CANDIDATE_POOL,,MANGROVE_EDGE_PROXY,4,0.0,0.0,-0.0,0.0,WITHIN_20M,593.97,593.97,593.97,593.97,LOW,0.0
TA0492,CONTROL_CANDIDATE_POOL,,WATERLINE,4,17.74,5.91,3.55,17.74,WITHIN_20M,-17.74,-0.0,-17.74,-0.0,LOW,0.0
TA0492,CONTROL_CANDIDATE_POOL,,MANGROVE_EDGE_PROXY,4,169.7,56.57,50.91,169.7,APPARENT_SEAWARD,650.54,820.24,820.24,820.24,LOW,169.7
TA0493,CONTROL_CANDIDATE_POOL,,WATERLINE,4,25.3,8.43,5.06,25.3,APPARENT_SEAWARD,-25.3,-0.0,-25.3,-0.0,LOW,0.0
TA0493,CONTROL_CANDIDATE_POOL,,MANGROVE_EDGE_PROXY,4,0.0,0.0,-0.0,0.0,WITHIN_20M,758.88,758.88,758.88,758.88,LOW,0.0
TA0494,CONTROL_CANDIDATE_POOL,,WATERLINE,4,0.0,0.0,-1.06,10.55,WITHIN_20M,-0.0,10.55,-0.0,-0.0,LOW,0.0
TA0494,CONTROL_CANDIDATE_POOL,,MANGROVE_EDGE_PROXY,4,0.0,0.0,-0.0,0.0,WITHIN_20M,830.79,830.79,830.79,830.79,LOW,0.0
TA0495,CONTROL_CANDIDATE_POOL,,WATERLINE,4,24.69,8.23,7.41,24.69,APPARENT_SEAWARD,-24.69,-0.0,-0.0,-0.0,LOW,24.69
TA0495,CONTROL_CANDIDATE_POOL,,MANGROVE_EDGE_PROXY,4,0.0,0.0,-0.0,0.0,WITHIN_20M,791.96,791.96,791.96,791.96,LOW,0.0
TA0496,CONTROL_CANDIDATE_POOL,,WATERLINE,4,0.0,0.0,-1.77,17.74,WITHIN_20M,-0.0,17.74,-0.0,-0.0,LOW,0.0
TA0496,CONTROL_CANDIDATE_POOL,,MANGROVE_EDGE_PROXY,4,0.0,0.0,-0.0,0.0,WITHIN_20M,763.68,763.68,763.68,763.68,LOW,0.0
TA0497,CONTROL_CANDIDATE_POOL,,WATERLINE,4,0.0,0.0,-2.47,24.69,WITHIN_20M,-0.0,24.69,-0.0,-0.0,LOW,0.0
TA0497,CONTROL_CANDIDATE_POOL,,MANGROVE_EDGE_PROXY,4,0.0,0.0,-0.0,0.0,WITHIN_20M,763.68,763.68,763.68,763.68,LOW,0.0
TA0498,TREATMENT,91-STC,WATERLINE,4,0.0,0.0,-1.06,10.55,WITHIN_20M,-0.0,10.55,-0.0,-0.0,LOW,0.0
TA0498,TREATMENT,91-STC,MANGROVE_EDGE_PROXY,4,0.0,0.0,-0.0,0.0,WITHIN_20M,791.96,791.96,791.96,791.96,LOW,0.0
TA0499,TREATMENT,91-STC,WATERLINE,4,0.0,0.0,0.0,0.0,WITHIN_20M,-0.0,-0.0,-0.0,-0.0,LOW,0.0
TA0499,TREATMENT,91-STC,MANGROVE_EDGE_PROXY,4,0.0,0.0,-0.0,0.0,WITHIN_20M,823.84,823.84,823.84,823.84,LOW,0.0
TA0500,TREATMENT,91-STC,WATERLINE,4,0.0,0.0,0.0,0.0,WITHIN_20M,-0.0,-0.0,-0.0,-0.0,LOW,0.0
TA0500,TREATMENT,91-STC,MANGROVE_EDGE_PROXY,4,0.0,0.0,-0.0,0.0,WITHIN_20M,837.98,837.98,837.98,837.98,LOW,0.0
TA0501,TREATMENT,91-STC,WATERLINE,4,0.0,0.0,0.0,0.0,WITHIN_20M,-0.0,-0.0,-0.0,-0.0,LOW,0.0
TA0501,TREATMENT,91-STC,MANGROVE_EDGE_PROXY,4,169.71,56.57,50.91,169.71,APPARENT_SEAWARD,1131.37,1301.08,1301.08,1301.08,LOW,169.71
TA0502,TREATMENT,91-STC,WATERLINE,4,17.74,5.91,5.32,17.74,WITHIN_20M,-17.74,-0.0,-0.0,-0.0,LOW,17.74
TA0502,TREATMENT,91-STC,MANGROVE_EDGE_PROXY,4,169.7,56.57,49.14,169.7,APPARENT_SEAWARD,1159.66,1329.36,1311.62,1329.36,LOW,151.96
TA0503,TREATMENT,91-STC,WATERLINE,4,31.88,10.63,9.92,31.88,APPARENT_SEAWARD,-31.88,-3.6,-0.0,-0.0,LOW,31.88
TA0503,TREATMENT,91-STC,MANGROVE_EDGE_PROXY,4,84.86,28.29,25.46,84.86,APPARENT_SEAWARD,1272.79,1357.65,1357.65,1357.65,LOW,84.86
TA0504,TREATMENT,91-STC,WATERLINE,4,40.0,13.33,14.0,40.0,APPARENT_SEAWARD,-40.0,-20.0,0.0,0.0,LOW,40.0
TA0504,TREATMENT,91-STC,MANGROVE_EDGE_PROXY,4,40.0,13.33,14.0,40.0,APPARENT_SEAWARD,-40.0,-20.0,0.0,0.0,LOW,40.0
TA0505,TREATMENT,91-STC,WATERLINE,4,75.89,25.3,25.3,75.89,APPARENT_SEAWARD,-75.89,-50.59,-25.3,-0.0,LOW,50.59
TA0505,TREATMENT,91-STC,MANGROVE_EDGE_PROXY,4,0.0,0.0,-0.0,32.66,WITHIN_20M,1212.74,1245.4,1245.4,1212.74,LOW,32.66
TA0506,TREATMENT,91-STC,WATERLINE,4,60.0,20.0,20.0,60.0,APPARENT_SEAWARD,-60.0,-40.0,-20.0,0.0,LOW,40.0
TA0506,TREATMENT,91-STC,MANGROVE_EDGE_PROXY,4,60.0,20.0,20.0,60.0,APPARENT_SEAWARD,-60.0,-40.0,-20.0,0.0,LOW,40.0
TA0507,TREATMENT,91-STC,WATERLINE,4,60.0,20.0,20.0,60.0,APPARENT_SEAWARD,-60.0,-40.0,-20.0,0.0,LOW,40.0
TA0507,TREATMENT,91-STC,MANGROVE_EDGE_PROXY,4,60.0,20.0,20.0,60.0,APPARENT_SEAWARD,-60.0,-40.0,-20.0,0.0,LOW,40.0
TA0508,TREATMENT,91-STC,WATERLINE,4,74.31,24.77,23.35,74.31,APPARENT_SEAWARD,-74.31,-28.28,-17.74,-0.0,LOW,56.57
TA0508,TREATMENT,91-STC,MANGROVE_EDGE_PROXY,4,0.0,0.0,-0.0,0.0,WITHIN_20M,1283.34,1283.34,1283.34,1283.34,LOW,0.0
TA0509,TREATMENT,91-STC,WATERLINE,4,60.14,20.05,18.04,60.14,APPARENT_SEAWARD,-60.14,-20.05,-20.05,0.0,LOW,40.09
TA0509,TREATMENT,91-STC,MANGROVE_EDGE_PROXY,4,60.14,20.05,20.05,60.14,APPARENT_SEAWARD,-60.14,-40.09,-20.05,0.0,LOW,40.09
TA0510,TREATMENT,91-STC,WATERLINE,4,41.04,13.68,12.31,41.04,APPARENT_SEAWARD,-41.04,0.0,0.0,0.0,LOW,41.04
TA0510,TREATMENT,91-STC,MANGROVE_EDGE_PROXY,4,41.04,13.68,14.36,41.04,APPARENT_SEAWARD,-41.04,-20.52,0.0,0.0,LOW,41.04
TA0511,TREATMENT,91-STC,WATERLINE,4,40.0,13.33,10.0,40.0,APPARENT_SEAWARD,-40.0,0.0,-20.0,0.0,LOW,20.0
TA0511,TREATMENT,91-STC,MANGROVE_EDGE_PROXY,4,40.0,13.33,14.0,40.0,APPARENT_SEAWARD,-40.0,-20.0,0.0,0.0,LOW,40.0
TA0512,TREATMENT,91-STC,WATERLINE,4,38.83,12.94,11.65,38.83,APPARENT_SEAWARD,-38.83,-10.55,-10.55,-0.0,LOW,28.28
TA0512,TREATMENT,91-STC,MANGROVE_EDGE_PROXY,4,38.83,12.94,11.65,38.83,APPARENT_SEAWARD,-38.83,-10.55,-10.55,-0.0,LOW,28.28
TA0513,TREATMENT,91-STC,WATERLINE,4,52.97,17.66,15.89,52.97,APPARENT_SEAWARD,-52.97,-24.69,-24.69,-0.0,LOW,28.28
TA0513,TREATMENT,91-STC,MANGROVE_EDGE_PROXY,4,52.97,17.66,15.89,52.97,APPARENT_SEAWARD,-52.97,-24.69,-24.69,-0.0,LOW,28.28
TA0514,TREATMENT,91-STC,WATERLINE,4,10.55,3.52,3.17,10.55,WITHIN_20M,-10.55,-0.0,-0.0,-0.0,LOW,10.55
TA0514,TREATMENT,91-STC,MANGROVE_EDGE_PROXY,4,28.28,9.43,8.48,28.28,APPARENT_SEAWARD,-28.28,-0.0,-0.0,-0.0,LOW,28.28
TA0515,TREATMENT,91-STC,WATERLINE,4,3.6,1.2,1.08,3.6,WITHIN_20M,-3.6,-0.0,-0.0,-0.0,LOW,3.6
TA0515,TREATMENT,91-STC,MANGROVE_EDGE_PROXY,4,28.28,9.43,8.84,28.28,APPARENT_SEAWARD,-28.28,-3.6,-0.0,-0.0,LOW,28.28
TA0516,TREATMENT,91-STC,WATERLINE,4,0.0,0.0,0.0,0.0,WITHIN_20M,0.0,0.0,0.0,0.0,LOW,0.0
TA0516,TREATMENT,91-STC,MANGROVE_EDGE_PROXY,4,20.52,6.84,6.16,20.52,APPARENT_SEAWARD,-20.52,0.0,0.0,0.0,LOW,20.52
TA0517,TREATMENT,91-STC,WATERLINE,4,24.69,8.23,4.94,24.69,APPARENT_SEAWARD,-24.69,-0.0,-24.69,-0.0,LOW,0.0
TA0517,TREATMENT,91-STC,MANGROVE_EDGE_PROXY,4,28.28,9.43,8.48,28.28,APPARENT_SEAWARD,-28.28,-24.69,-24.69,-0.0,LOW,3.59
TA0518,TREATMENT,91-STC,WATERLINE,4,20.52,6.84,6.16,20.52,APPARENT_SEAWARD,-20.52,-0.0,-0.0,-0.0,LOW,20.52
TA0518,TREATMENT,91-STC,MANGROVE_EDGE_PROXY,4,33.39,11.13,12.07,33.39,APPARENT_SEAWARD,-33.39,-20.52,-0.0,-0.0,LOW,33.39
TA0519,TREATMENT,91-STC,WATERLINE,4,20.05,6.68,4.01,20.05,APPARENT_SEAWARD,-20.05,0.0,-20.05,0.0,LOW,0.0
TA0519,TREATMENT,91-STC,MANGROVE_EDGE_PROXY,4,37.54,12.51,11.26,37.54,APPARENT_SEAWARD,-37.54,-20.05,-20.05,0.0,LOW,17.49
TA0520,TREATMENT,91-STC,WATERLINE,4,17.74,5.91,5.32,17.74,WITHIN_20M,-17.74,-0.0,-0.0,-0.0,LOW,17.74
TA0520,TREATMENT,91-STC,MANGROVE_EDGE_PROXY,4,28.28,9.43,8.48,28.28,APPARENT_SEAWARD,-28.28,-0.0,-0.0,-0.0,LOW,28.28
TA0521,TREATMENT,91-STC,WATERLINE,4,20.05,6.68,4.01,20.05,APPARENT_SEAWARD,-20.05,0.0,-20.05,0.0,LOW,0.0
TA0521,TREATMENT,91-STC,MANGROVE_EDGE_PROXY,4,37.54,12.51,11.26,37.54,APPARENT_SEAWARD,-37.54,-20.05,-20.05,0.0,LOW,17.49
TA0522,TREATMENT,91-STC,WATERLINE,4,0.0,0.0,0.0,0.0,WITHIN_20M,-0.0,-0.0,-0.0,-0.0,LOW,0.0
TA0522,TREATMENT,91-STC,MANGROVE_EDGE_PROXY,4,17.95,5.98,5.39,17.95,WITHIN_20M,-17.95,-0.0,-0.0,-0.0,LOW,17.95
TA0523,TREATMENT,91-STC,WATERLINE,4,24.69,8.23,4.94,24.69,APPARENT_SEAWARD,-24.69,-0.0,-24.69,-0.0,LOW,0.0
TA0523,TREATMENT,91-STC,MANGROVE_EDGE_PROXY,4,24.69,8.23,7.41,24.69,APPARENT_SEAWARD,-24.69,-24.69,-24.69,-0.0,LOW,0.0
TA0524,TREATMENT,91-STC,WATERLINE,4,10.55,3.52,3.17,10.55,WITHIN_20M,-10.55,-0.0,-0.0,-0.0,LOW,10.55
TA0524,TREATMENT,91-STC,MANGROVE_EDGE_PROXY,4,10.55,3.52,4.22,10.55,WITHIN_20M,-10.55,-10.55,-0.0,-0.0,LOW,10.55
TA0525,TREATMENT,91-STC,WATERLINE,4,4.15,1.38,1.25,4.15,WITHIN_20M,-4.15,-0.0,-0.0,-0.0,LOW,4.15
TA0525,TREATMENT,91-STC,MANGROVE_EDGE_PROXY,4,4.15,1.38,1.25,4.15,WITHIN_20M,-4.15,-4.15,-4.15,-0.0,LOW,0.0
TA0526,TREATMENT,91-STC,WATERLINE,4,33.39,11.13,10.02,33.39,APPARENT_SEAWARD,-33.39,-20.52,-20.52,-0.0,LOW,12.87
TA0526,TREATMENT,91-STC,MANGROVE_EDGE_PROXY,4,41.04,13.68,12.31,41.04,APPARENT_SEAWARD,-41.04,-33.39,-33.39,-0.0,LOW,7.65
TA0527,TREATMENT,91-STC,WATERLINE,4,25.3,8.43,7.59,25.3,APPARENT_SEAWARD,-25.3,0.0,0.0,0.0,LOW,25.3
TA0527,TREATMENT,91-STC,MANGROVE_EDGE_PROXY,4,28.51,9.5,8.55,28.51,APPARENT_SEAWARD,-28.51,0.0,0.0,0.0,LOW,28.51
TA0528,TREATMENT,91-STC,WATERLINE,4,0.0,0.0,-1.06,10.55,WITHIN_20M,-0.0,10.55,-0.0,-0.0,LOW,0.0
TA0528,TREATMENT,91-STC,MANGROVE_EDGE_PROXY,4,0.0,0.0,0.0,0.0,WITHIN_20M,-0.0,-0.0,-0.0,-0.0,LOW,0.0
TA0529,TREATMENT,91-STC,WATERLINE,4,3.6,1.2,-1.39,28.29,WITHIN_20M,-3.6,24.69,-0.0,-0.0,LOW,3.6
TA0529,TREATMENT,91-STC,MANGROVE_EDGE_PROXY,4,3.6,1.2,1.44,3.6,WITHIN_20M,-3.6,-3.6,-0.0,-0.0,LOW,3.6
TA0530,TREATMENT,91-STC,WATERLINE,4,17.74,5.91,5.32,17.74,WITHIN_20M,-17.74,-0.0,-0.0,-0.0,LOW,17.74
TA0530,TREATMENT,91-STC,MANGROVE_EDGE_PROXY,4,28.28,9.43,10.26,28.28,APPARENT_SEAWARD,-28.28,-17.74,-0.0,-0.0,LOW,28.28
TA0531,TREATMENT,91-STC,WATERLINE,4,24.69,8.23,4.94,24.69,APPARENT_SEAWARD,-24.69,-0.0,-24.69,-0.0,LOW,0.0
TA0531,TREATMENT,91-STC,MANGROVE_EDGE_PROXY,4,28.28,9.43,8.48,28.28,APPARENT_SEAWARD,-28.28,-24.69,-24.69,-0.0,LOW,3.59
TA0532,TREATMENT,91-STC,WATERLINE,4,20.52,6.84,6.16,20.52,APPARENT_SEAWARD,-20.52,-0.0,-0.0,-0.0,LOW,20.52
TA0532,TREATMENT,91-STC,MANGROVE_EDGE_PROXY,4,33.39,11.13,12.07,33.39,APPARENT_SEAWARD,-33.39,-20.52,-0.0,-0.0,LOW,33.39
TA0533,TREATMENT,91-STC,WATERLINE,4,3.6,1.2,-1.39,28.29,WITHIN_20M,-3.6,24.69,-0.0,-0.0,LOW,3.6
TA0533,TREATMENT,91-STC,MANGROVE_EDGE_PROXY,4,28.28,9.43,8.48,28.28,APPARENT_SEAWARD,-28.28,-0.0,-0.0,-0.0,LOW,28.28
TA0534,TREATMENT,91-STC,WATERLINE,4,17.74,5.91,5.32,17.74,WITHIN_20M,-17.74,-0.0,-0.0,-0.0,LOW,17.74
TA0534,TREATMENT,91-STC,MANGROVE_EDGE_PROXY,4,17.74,5.91,5.32,17.74,WITHIN_20M,-17.74,-0.0,-0.0,-0.0,LOW,17.74
TA0535,TREATMENT,91-STC,WATERLINE,4,0.0,0.0,-2.01,20.05,WITHIN_20M,-0.0,20.05,-0.0,-0.0,LOW,0.0
TA0535,TREATMENT,91-STC,MANGROVE_EDGE_PROXY,4,20.05,6.68,6.02,20.05,APPARENT_SEAWARD,-20.05,-0.0,-0.0,-0.0,LOW,20.05
TA0536,TREATMENT,91-STC,WATERLINE,4,20.52,6.84,6.16,20.52,APPARENT_SEAWARD,-20.52,-0.0,-0.0,-0.0,LOW,20.52
TA0536,TREATMENT,91-STC,MANGROVE_EDGE_PROXY,4,12.87,4.29,3.86,12.87,WITHIN_20M,-33.39,-20.52,-20.52,-20.52,LOW,12.87
TA0537,TREATMENT,91-STC,WATERLINE,4,0.0,0.0,-2.47,24.69,WITHIN_20M,-0.0,24.69,-0.0,-0.0,LOW,0.0
TA0537,TREATMENT,91-STC,MANGROVE_EDGE_PROXY,4,3.6,1.2,1.08,3.6,WITHIN_20M,-3.6,-0.0,-0.0,-0.0,LOW,3.6
TA0538,TREATMENT,91-STC,WATERLINE,4,17.74,5.91,5.32,17.74,WITHIN_20M,-17.74,-0.0,-0.0,-0.0,LOW,17.74
TA0538,TREATMENT,91-STC,MANGROVE_EDGE_PROXY,4,17.74,5.91,7.1,17.74,WITHIN_20M,-17.74,-17.74,-0.0,-0.0,LOW,17.74
TA0539,TREATMENT,91-STC,WATERLINE,4,0.0,0.0,0.0,0.0,WITHIN_20M,0.0,0.0,0.0,0.0,LOW,0.0
TA0539,TREATMENT,91-STC,MANGROVE_EDGE_PROXY,4,25.3,8.43,7.59,25.3,APPARENT_SEAWARD,-25.3,0.0,0.0,0.0,LOW,25.3
TA0540,TREATMENT,91-STC,WATERLINE,4,17.74,5.91,5.32,17.74,WITHIN_20M,-17.74,-0.0,-0.0,-0.0,LOW,17.74
TA0540,TREATMENT,91-STC,MANGROVE_EDGE_PROXY,4,17.74,5.91,7.1,17.74,WITHIN_20M,-17.74,-17.74,-0.0,-0.0,LOW,17.74
TA0541,TREATMENT,91-STC,WATERLINE,4,0.0,0.0,0.0,0.0,WITHIN_20M,0.0,0.0,0.0,0.0,LOW,0.0
TA0541,TREATMENT,91-STC,MANGROVE_EDGE_PROXY,4,20.0,6.67,6.0,20.0,WITHIN_20M,-20.0,0.0,0.0,0.0,LOW,20.0
TA0542,TREATMENT,91-STC,WATERLINE,4,0.0,0.0,0.0,0.0,WITHIN_20M,0.0,0.0,0.0,0.0,LOW,0.0
TA0542,TREATMENT,91-STC,MANGROVE_EDGE_PROXY,4,20.0,6.67,6.0,20.0,WITHIN_20M,-20.0,0.0,0.0,0.0,LOW,20.0
TA0543,TREATMENT,91-STC,WATERLINE,4,0.0,0.0,-2.53,25.3,WITHIN_20M,0.0,0.0,-25.3,0.0,LOW,-25.3
TA0543,TREATMENT,91-STC,MANGROVE_EDGE_PROXY,4,0.0,0.0,0.0,0.0,WITHIN_20M,-25.3,-25.3,-25.3,-25.3,LOW,0.0
TA0544,TREATMENT,91-STC,WATERLINE,4,0.0,0.0,-2.2,21.99,WITHIN_20M,-0.0,-0.0,-21.99,-0.0,LOW,-21.99
TA0544,TREATMENT,91-STC,MANGROVE_EDGE_PROXY,4,65.96,21.99,19.79,65.96,APPARENT_SEAWARD,1363.25,1385.24,1385.24,1429.21,LOW,21.99
TA0545,TREATMENT,91-STC,WATERLINE,4,0.0,0.0,2.47,24.69,WITHIN_20M,-0.0,-24.69,-0.0,-0.0,LOW,0.0
TA0545,TREATMENT,91-STC,MANGROVE_EDGE_PROXY,4,0.0,0.0,-0.0,0.0,WITHIN_20M,141.42,141.42,141.42,141.42,LOW,0.0
TA0546,TREATMENT,91-STC,WATERLINE,4,0.0,0.0,2.05,20.52,WITHIN_20M,0.0,-20.52,0.0,0.0,LOW,0.0
TA0546,TREATMENT,91-STC,MANGROVE_EDGE_PROXY,4,348.81,116.27,102.59,369.33,APPARENT_SEAWARD,533.48,902.81,882.29,882.29,LOW,348.81
TA0547,TREATMENT,91-STC,WATERLINE,4,0.0,0.0,0.36,3.6,WITHIN_20M,-0.0,-0.0,3.6,-0.0,LOW,3.6
TA0547,TREATMENT,91-STC,MANGROVE_EDGE_PROXY,4,-738.99,-246.33,-221.7,738.99,APPARENT_LANDWARD,823.84,84.85,84.85,84.85,LOW,-738.99
TA0548,TREATMENT,91-STC,WATERLINE,4,20.0,6.67,4.0,20.0,WITHIN_20M,-20.0,0.0,-20.0,0.0,LOW,0.0
TA0548,TREATMENT,91-STC,MANGROVE_EDGE_PROXY,4,20.0,6.67,6.0,20.0,WITHIN_20M,-40.0,-20.0,-20.0,-20.0,LOW,20.0
TA0549,TREATMENT,91-STC,WATERLINE,4,-20.0,-6.67,-4.0,20.0,WITHIN_20M,20.0,0.0,20.0,0.0,LOW,0.0
TA0549,TREATMENT,91-STC,MANGROVE_EDGE_PROXY,4,0.0,0.0,-0.0,0.0,WITHIN_20M,660.0,660.0,660.0,660.0,LOW,0.0
TA0550,TREATMENT,91-STC,WATERLINE,4,17.74,5.91,3.55,17.74,WITHIN_20M,-17.74,-0.0,-17.74,-0.0,LOW,0.0
TA0550,TREATMENT,91-STC,MANGROVE_EDGE_PROXY,4,28.28,9.43,8.48,28.28,APPARENT_SEAWARD,1396.48,1424.76,1424.76,1424.76,LOW,28.28
TA0551,TREATMENT,92-STC,WATERLINE,4,20.0,6.67,4.0,20.0,WITHIN_20M,-20.0,0.0,-20.0,0.0,LOW,0.0
TA0551,TREATMENT,92-STC,MANGROVE_EDGE_PROXY,4,20.0,6.67,6.0,20.0,WITHIN_20M,-40.0,-20.0,-20.0,-20.0,LOW,20.0
TA0552,TREATMENT,92-STC,WATERLINE,4,20.0,6.67,4.0,20.0,WITHIN_20M,-20.0,0.0,-20.0,0.0,LOW,0.0
TA0552,TREATMENT,92-STC,MANGROVE_EDGE_PROXY,4,0.0,0.0,0.0,0.0,WITHIN_20M,-20.0,-20.0,-20.0,-20.0,LOW,0.0
TA0553,TREATMENT,92-STC,WATERLINE,4,20.0,6.67,4.0,20.0,WITHIN_20M,-20.0,0.0,-20.0,0.0,LOW,0.0
TA0553,TREATMENT,92-STC,MANGROVE_EDGE_PROXY,4,0.0,0.0,0.0,0.0,WITHIN_20M,-20.0,-20.0,-20.0,-20.0,LOW,0.0
TA0554,TREATMENT,92-STC,WATERLINE,4,10.55,3.52,0.34,28.29,WITHIN_20M,-10.55,17.74,-10.55,-0.0,LOW,0.0
TA0554,TREATMENT,92-STC,MANGROVE_EDGE_PROXY,4,0.0,0.0,0.0,0.0,WITHIN_20M,-10.55,-10.55,-10.55,-10.55,LOW,0.0
TA0555,TREATMENT,92-STC,WATERLINE,4,0.0,0.0,0.0,0.0,WITHIN_20M,0.0,0.0,0.0,0.0,LOW,0.0
TA0555,TREATMENT,92-STC,MANGROVE_EDGE_PROXY,4,20.0,6.67,8.0,20.0,WITHIN_20M,-20.0,-20.0,0.0,0.0,LOW,20.0
TA0556,TREATMENT,92-STC,WATERLINE,4,10.55,3.52,2.11,10.55,WITHIN_20M,-10.55,-0.0,-10.55,-0.0,LOW,0.0
TA0556,TREATMENT,92-STC,MANGROVE_EDGE_PROXY,4,0.0,0.0,0.0,0.0,WITHIN_20M,-10.55,-10.55,-10.55,-10.55,LOW,0.0
TA0557,TREATMENT,92-STC,WATERLINE,4,0.0,0.0,-2.53,25.3,WITHIN_20M,-0.0,25.3,-0.0,-0.0,LOW,0.0
TA0557,TREATMENT,92-STC,MANGROVE_EDGE_PROXY,4,0.0,0.0,0.0,0.0,WITHIN_20M,-0.0,-0.0,-0.0,-0.0,LOW,0.0
TA0558,TREATMENT,92-STC,WATERLINE,4,21.99,7.33,6.6,21.99,APPARENT_SEAWARD,-21.99,-0.0,-0.0,-0.0,LOW,21.99
TA0558,TREATMENT,92-STC,MANGROVE_EDGE_PROXY,4,21.99,7.33,6.6,21.99,APPARENT_SEAWARD,-21.99,-21.99,-21.99,-0.0,LOW,0.0
TA0559,TREATMENT,92-STC,WATERLINE,4,0.0,0.0,0.0,0.0,WITHIN_20M,0.0,0.0,0.0,0.0,LOW,0.0
TA0559,TREATMENT,92-STC,MANGROVE_EDGE_PROXY,4,37.54,12.51,11.26,37.54,APPARENT_SEAWARD,-37.54,-20.05,-20.05,0.0,LOW,17.49
TA0560,TREATMENT,92-STC,WATERLINE,4,0.0,0.0,-2.05,20.52,WITHIN_20M,0.0,20.52,0.0,0.0,LOW,0.0
TA0560,TREATMENT,92-STC,MANGROVE_EDGE_PROXY,4,41.04,13.68,14.36,41.04,APPARENT_SEAWARD,-41.04,-20.52,0.0,0.0,LOW,41.04
TA0561,TREATMENT,92-STC,WATERLINE,4,0.0,0.0,-2.0,20.0,WITHIN_20M,0.0,20.0,0.0,0.0,LOW,0.0
TA0561,TREATMENT,92-STC,MANGROVE_EDGE_PROXY,4,40.0,13.33,12.0,40.0,APPARENT_SEAWARD,-40.0,-20.0,-20.0,0.0,LOW,20.0
TA0562,TREATMENT,92-STC,WATERLINE,4,0.0,0.0,-1.06,10.55,WITHIN_20M,-0.0,10.55,-0.0,-0.0,LOW,0.0
TA0562,TREATMENT,92-STC,MANGROVE_EDGE_PROXY,4,-604.51,-201.5,-246.41,650.54,APPARENT_LANDWARD,1453.04,1499.07,848.53,848.53,LOW,-604.51
TA0563,TREATMENT,92-STC,WATERLINE,4,0.0,0.0,-0.42,4.15,WITHIN_20M,-0.0,4.15,-0.0,-0.0,LOW,0.0
TA0563,TREATMENT,92-STC,MANGROVE_EDGE_PROXY,4,25.3,8.43,7.59,25.3,APPARENT_SEAWARD,-25.3,-0.0,-0.0,-0.0,LOW,25.3
TA0564,TREATMENT,92-STC,WATERLINE,4,0.0,0.0,-2.0,20.0,WITHIN_20M,0.0,20.0,0.0,0.0,LOW,0.0
TA0564,TREATMENT,92-STC,MANGROVE_EDGE_PROXY,4,0.0,0.0,0.0,0.0,WITHIN_20M,0.0,0.0,0.0,0.0,LOW,0.0
TA0565,TREATMENT,92-STC,WATERLINE,4,0.0,0.0,0.0,0.0,WITHIN_20M,0.0,0.0,0.0,0.0,LOW,0.0
TA0565,TREATMENT,92-STC,MANGROVE_EDGE_PROXY,4,20.0,6.67,6.0,20.0,WITHIN_20M,-20.0,0.0,0.0,0.0,LOW,20.0
TA0566,TREATMENT,92-STC,WATERLINE,4,10.55,3.52,1.39,28.29,WITHIN_20M,-10.55,17.74,-0.0,-0.0,LOW,10.55
TA0566,TREATMENT,92-STC,MANGROVE_EDGE_PROXY,4,10.55,3.52,3.17,10.55,WITHIN_20M,-10.55,-10.55,-10.55,-0.0,LOW,0.0
TA0567,TREATMENT,92-STC,WATERLINE,4,24.69,8.23,7.41,24.69,APPARENT_SEAWARD,-24.69,-0.0,-0.0,-0.0,LOW,24.69
TA0567,TREATMENT,92-STC,MANGROVE_EDGE_PROXY,4,0.0,0.0,0.0,0.0,WITHIN_20M,-24.69,-24.69,-24.69,-24.69,LOW,0.0
TA0568,TREATMENT,92-STC,WATERLINE,4,21.99,7.33,4.4,21.99,APPARENT_SEAWARD,-21.99,-0.0,-21.99,-0.0,LOW,0.0
TA0568,TREATMENT,92-STC,MANGROVE_EDGE_PROXY,4,8.2,2.73,2.46,8.2,WITHIN_20M,-30.19,-21.99,-21.99,-21.99,LOW,8.2
TA0569,TREATMENT,92-STC,WATERLINE,4,0.0,0.0,-0.36,3.6,WITHIN_20M,-0.0,3.6,-0.0,-0.0,LOW,0.0
TA0569,TREATMENT,92-STC,MANGROVE_EDGE_PROXY,4,24.69,8.23,7.41,24.69,APPARENT_SEAWARD,-24.69,-0.0,-0.0,-0.0,LOW,24.69
TA0570,TREATMENT,92-STC,WATERLINE,4,0.0,0.0,-1.77,17.74,WITHIN_20M,-0.0,17.74,-0.0,-0.0,LOW,0.0
TA0570,TREATMENT,92-STC,MANGROVE_EDGE_PROXY,4,28.28,9.43,9.54,28.28,APPARENT_SEAWARD,-28.28,-10.55,-0.0,-0.0,LOW,28.28
TA0571,TREATMENT,92-STC,WATERLINE,4,37.54,12.51,11.26,37.54,APPARENT_SEAWARD,-37.54,-20.05,-20.05,0.0,LOW,17.49
TA0571,TREATMENT,92-STC,MANGROVE_EDGE_PROXY,4,40.09,13.36,12.03,40.09,APPARENT_SEAWARD,-60.14,-40.09,-40.09,-20.05,LOW,20.05
TA0572,TREATMENT,92-STC,WATERLINE,4,20.0,6.67,6.0,20.0,WITHIN_20M,-20.0,0.0,0.0,0.0,LOW,20.0
TA0572,TREATMENT,92-STC,MANGROVE_EDGE_PROXY,4,60.0,20.0,18.0,60.0,APPARENT_SEAWARD,-60.0,-40.0,-40.0,0.0,LOW,20.0
TA0573,TREATMENT,92-STC,WATERLINE,4,0.0,0.0,0.0,0.0,WITHIN_20M,-0.0,-0.0,-0.0,-0.0,LOW,0.0
TA0573,TREATMENT,92-STC,MANGROVE_EDGE_PROXY,4,20.05,6.68,6.02,20.05,APPARENT_SEAWARD,-20.05,-20.05,-20.05,-0.0,LOW,0.0
TA0574,TREATMENT,93-STC,WATERLINE,4,20.0,6.67,6.0,20.0,WITHIN_20M,-20.0,0.0,0.0,0.0,LOW,20.0
TA0574,TREATMENT,93-STC,MANGROVE_EDGE_PROXY,4,20.0,6.67,6.0,20.0,WITHIN_20M,-20.0,-20.0,-20.0,0.0,LOW,0.0
TA0575,TREATMENT,93-STC,WATERLINE,4,25.3,8.43,5.06,25.3,APPARENT_SEAWARD,-25.3,-0.0,-25.3,-0.0,LOW,0.0
TA0575,TREATMENT,93-STC,MANGROVE_EDGE_PROXY,4,0.0,0.0,0.0,0.0,WITHIN_20M,-25.3,-25.3,-25.3,-25.3,LOW,0.0
TA0576,TREATMENT,93-STC,WATERLINE,4,0.0,0.0,0.0,0.0,WITHIN_20M,0.0,0.0,0.0,0.0,LOW,0.0
TA0576,TREATMENT,93-STC,MANGROVE_EDGE_PROXY,4,20.0,6.67,6.0,20.0,WITHIN_20M,-20.0,0.0,0.0,0.0,LOW,20.0
TA0577,TREATMENT,93-STC,WATERLINE,4,20.0,6.67,4.0,20.0,WITHIN_20M,-20.0,0.0,-20.0,0.0,LOW,0.0
TA0577,TREATMENT,93-STC,MANGROVE_EDGE_PROXY,4,20.0,6.67,6.0,20.0,WITHIN_20M,-20.0,-20.0,-20.0,0.0,LOW,0.0
TA0578,TREATMENT,93-STC,WATERLINE,4,21.99,7.33,4.4,21.99,APPARENT_SEAWARD,-21.99,-0.0,-21.99,-0.0,LOW,0.0
TA0578,TREATMENT,93-STC,MANGROVE_EDGE_PROXY,4,0.0,0.0,0.0,0.0,WITHIN_20M,-21.99,-21.99,-21.99,-21.99,LOW,0.0
TA0579,TREATMENT,93-STC,WATERLINE,4,20.05,6.68,4.01,20.05,APPARENT_SEAWARD,-20.05,0.0,-20.05,0.0,LOW,0.0
TA0579,TREATMENT,93-STC,MANGROVE_EDGE_PROXY,4,0.0,0.0,0.0,0.0,WITHIN_20M,-20.05,-20.05,-20.05,-20.05,LOW,0.0
TA0580,TREATMENT,93-STC,WATERLINE,4,0.0,0.0,0.0,0.0,WITHIN_20M,0.0,0.0,0.0,0.0,LOW,0.0
TA0580,TREATMENT,93-STC,MANGROVE_EDGE_PROXY,4,20.52,6.84,6.16,20.52,APPARENT_SEAWARD,-20.52,0.0,0.0,0.0,LOW,20.52
TA0581,TREATMENT,93-STC,WATERLINE,4,0.0,0.0,0.0,0.0,WITHIN_20M,-0.0,-0.0,-0.0,-0.0,LOW,0.0
TA0581,TREATMENT,93-STC,MANGROVE_EDGE_PROXY,4,4.15,1.38,1.25,4.15,WITHIN_20M,-4.15,-0.0,-0.0,-0.0,LOW,4.15
TA0582,TREATMENT,93-STC,WATERLINE,4,10.55,3.52,1.39,28.29,WITHIN_20M,-10.55,17.74,-0.0,-0.0,LOW,10.55
TA0582,TREATMENT,93-STC,MANGROVE_EDGE_PROXY,4,10.55,3.52,3.17,10.55,WITHIN_20M,-10.55,-10.55,-10.55,-0.0,LOW,0.0
TA0583,TREATMENT,93-STC,WATERLINE,4,24.69,8.23,7.41,24.69,APPARENT_SEAWARD,-24.69,-0.0,-0.0,-0.0,LOW,24.69
TA0583,TREATMENT,93-STC,MANGROVE_EDGE_PROXY,4,0.0,0.0,0.0,0.0,WITHIN_20M,-24.69,-24.69,-24.69,-24.69,LOW,0.0
TA0584,TREATMENT,93-STC,WATERLINE,4,21.99,7.33,6.6,21.99,APPARENT_SEAWARD,-21.99,-21.99,-21.99,-0.0,LOW,0.0
TA0584,TREATMENT,93-STC,MANGROVE_EDGE_PROXY,4,8.2,2.73,2.46,8.2,WITHIN_20M,-30.19,-21.99,-21.99,-21.99,LOW,8.2
TA0585,TREATMENT,93-STC,WATERLINE,4,0.0,0.0,-2.53,25.3,WITHIN_20M,-0.0,25.3,-0.0,-0.0,LOW,0.0
TA0585,TREATMENT,93-STC,MANGROVE_EDGE_PROXY,4,4.15,1.38,1.25,4.15,WITHIN_20M,-4.15,-0.0,-0.0,-0.0,LOW,4.15
TA0586,TREATMENT,93-STC,WATERLINE,4,20.52,6.84,6.16,20.52,APPARENT_SEAWARD,-20.52,-20.52,-20.52,-0.0,LOW,0.0
TA0586,TREATMENT,93-STC,MANGROVE_EDGE_PROXY,4,20.52,6.84,6.16,20.52,APPARENT_SEAWARD,-41.04,-20.52,-20.52,-20.52,LOW,20.52
TA0587,TREATMENT,93-STC,WATERLINE,4,24.69,8.23,7.41,24.69,APPARENT_SEAWARD,-24.69,-24.69,-24.69,-0.0,LOW,0.0
TA0587,TREATMENT,93-STC,MANGROVE_EDGE_PROXY,4,3.59,1.2,1.08,3.59,WITHIN_20M,-28.28,-28.28,-28.28,-24.69,LOW,0.0
TA0588,TREATMENT,93-STC,WATERLINE,4,20.52,6.84,6.16,20.52,APPARENT_SEAWARD,-20.52,-20.52,-20.52,-0.0,LOW,0.0
TA0588,TREATMENT,93-STC,MANGROVE_EDGE_PROXY,4,20.52,6.84,6.16,20.52,APPARENT_SEAWARD,-41.04,-33.39,-33.39,-20.52,LOW,7.65
TA0589,TREATMENT,93-STC,WATERLINE,4,0.0,0.0,0.0,0.0,WITHIN_20M,-0.0,-0.0,-0.0,-0.0,LOW,0.0
TA0589,TREATMENT,93-STC,MANGROVE_EDGE_PROXY,4,28.28,9.43,8.48,28.28,APPARENT_SEAWARD,-28.28,-24.69,-24.69,-0.0,LOW,3.59
TA0590,TREATMENT,93-STC,WATERLINE,4,0.0,0.0,0.0,0.0,WITHIN_20M,-0.0,-0.0,-0.0,-0.0,LOW,0.0
TA0590,TREATMENT,93-STC,MANGROVE_EDGE_PROXY,4,28.28,9.43,8.48,28.28,APPARENT_SEAWARD,-38.83,-10.55,-10.55,-10.55,LOW,28.28
TA0591,TREATMENT,93-STC,WATERLINE,4,3.6,1.2,1.08,3.6,WITHIN_20M,-3.6,-0.0,-0.0,-0.0,LOW,3.6
TA0591,TREATMENT,93-STC,MANGROVE_EDGE_PROXY,4,31.88,10.63,9.56,31.88,APPARENT_SEAWARD,-31.88,-3.6,-3.6,-0.0,LOW,28.28
TA0592,TREATMENT,93-STC,WATERLINE,4,0.0,0.0,0.0,0.0,WITHIN_20M,-0.0,-0.0,-0.0,-0.0,LOW,0.0
TA0592,TREATMENT,93-STC,MANGROVE_EDGE_PROXY,4,21.99,7.33,6.6,21.99,APPARENT_SEAWARD,-21.99,-0.0,-0.0,-0.0,LOW,21.99
TA0593,TREATMENT,93-STC,WATERLINE,4,3.6,1.2,0.72,3.6,WITHIN_20M,-3.6,-0.0,-3.6,-0.0,LOW,0.0
TA0593,TREATMENT,93-STC,MANGROVE_EDGE_PROXY,4,28.28,9.43,8.48,28.28,APPARENT_SEAWARD,-31.88,-3.6,-3.6,-3.6,LOW,28.28
TA0594,TREATMENT,93-STC,WATERLINE,4,0.0,0.0,0.0,0.0,WITHIN_20M,0.0,0.0,0.0,0.0,LOW,0.0
TA0594,TREATMENT,93-STC,MANGROVE_EDGE_PROXY,4,20.0,6.67,6.0,20.0,WITHIN_20M,-40.0,-20.0,-20.0,-20.0,LOW,20.0
TA0595,TREATMENT,93-STC,WATERLINE,4,0.0,0.0,0.0,0.0,WITHIN_20M,0.0,0.0,0.0,0.0,LOW,0.0
TA0595,TREATMENT,93-STC,MANGROVE_EDGE_PROXY,4,0.0,0.0,0.0,0.0,WITHIN_20M,-20.0,-20.0,-20.0,-20.0,LOW,0.0
TA0596,TREATMENT,93-STC,WATERLINE,4,0.0,0.0,0.0,0.0,WITHIN_20M,0.0,0.0,0.0,0.0,LOW,0.0
TA0596,TREATMENT,93-STC,MANGROVE_EDGE_PROXY,4,20.0,6.67,6.0,20.0,WITHIN_20M,-20.0,-20.0,-20.0,0.0,LOW,0.0
TA0597,TREATMENT,93-STC,WATERLINE,4,0.0,0.0,2.47,24.69,WITHIN_20M,-0.0,-24.69,-0.0,-0.0,LOW,0.0
TA0597,TREATMENT,93-STC,MANGROVE_EDGE_PROXY,4,-1099.49,-366.5,-329.85,1099.49,APPARENT_LANDWARD,1385.93,1301.08,1301.08,286.44,LOW,-84.85
TA0598,TREATMENT,93-STC,WATERLINE,4,0.0,0.0,2.05,20.52,WITHIN_20M,0.0,-20.52,0.0,0.0,LOW,0.0
TA0598,TREATMENT,93-STC,MANGROVE_EDGE_PROXY,4,41.03,13.68,10.26,41.03,APPARENT_SEAWARD,841.26,882.29,861.77,882.29,LOW,20.51
TA0599,CONTROL_CANDIDATE_POOL,,WATERLINE,4,20.05,6.68,6.02,20.05,APPARENT_SEAWARD,-20.05,-20.05,-20.05,-0.0,LOW,0.0
TA0599,CONTROL_CANDIDATE_POOL,,MANGROVE_EDGE_PROXY,4,0.0,0.0,0.0,0.0,WITHIN_20M,-20.05,-20.05,-20.05,-20.05,LOW,0.0
TA0600,TREATMENT,92-STC,WATERLINE,4,0.0,0.0,0.0,0.0,WITHIN_20M,-0.0,-0.0,-0.0,-0.0,LOW,0.0
TA0600,TREATMENT,92-STC,MANGROVE_EDGE_PROXY,4,-28.28,-9.43,-2.83,84.85,APPARENT_LANDWARD,1385.93,1301.08,1357.65,1357.65,LOW,-28.28
TA0601,CONTROL_CANDIDATE_POOL,,WATERLINE,4,0.0,0.0,0.0,0.0,WITHIN_20M,-0.0,-0.0,-0.0,-0.0,LOW,0.0
TA0601,CONTROL_CANDIDATE_POOL,,MANGROVE_EDGE_PROXY,4,60.13,20.04,19.79,60.13,APPARENT_SEAWARD,-80.18,-37.54,-20.05,-20.05,LOW,60.13
TA0602,TREATMENT,95-STC,WATERLINE,4,0.0,0.0,0.0,0.0,WITHIN_20M,-0.0,-0.0,-0.0,-0.0,LOW,0.0
TA0602,TREATMENT,95-STC,MANGROVE_EDGE_PROXY,4,20.51,6.84,8.2,20.51,APPARENT_SEAWARD,574.52,574.52,595.03,595.03,LOW,20.51
TA0603,TREATMENT,92-STC,WATERLINE,4,0.0,0.0,0.0,0.0,WITHIN_20M,-0.0,-0.0,-0.0,-0.0,LOW,0.0
TA0603,TREATMENT,92-STC,MANGROVE_EDGE_PROXY,4,28.28,9.43,8.48,28.28,APPARENT_SEAWARD,1071.21,1099.49,1099.49,1099.49,LOW,28.28
TA0604,TREATMENT,95-STC,WATERLINE,4,-20.52,-6.84,-6.16,20.52,APPARENT_LANDWARD,20.52,20.52,20.52,-0.0,LOW,0.0
TA0604,TREATMENT,95-STC,MANGROVE_EDGE_PROXY,4,82.07,27.36,24.62,82.07,APPARENT_SEAWARD,677.11,677.11,677.11,759.18,LOW,0.0
TA0605,TREATMENT,94-STC,WATERLINE,4,20.05,6.68,4.01,20.05,APPARENT_SEAWARD,-20.05,-0.0,-20.05,-0.0,LOW,0.0
TA0605,TREATMENT,94-STC,MANGROVE_EDGE_PROXY,4,561.29,187.1,188.43,561.29,APPARENT_SEAWARD,-40.09,280.64,481.1,521.2,LOW,521.19
TA0606,TREATMENT,93-STC,WATERLINE,4,20.0,6.67,4.0,20.0,WITHIN_20M,-20.0,0.0,-20.0,0.0,LOW,0.0
TA0606,TREATMENT,93-STC,MANGROVE_EDGE_PROXY,4,20.0,6.67,6.0,20.0,WITHIN_20M,560.0,560.0,560.0,580.0,LOW,0.0
TA0607,TREATMENT,92-STC,WATERLINE,4,0.0,0.0,-2.47,24.69,WITHIN_20M,-0.0,24.69,-0.0,-0.0,LOW,0.0
TA0607,TREATMENT,92-STC,MANGROVE_EDGE_PROXY,4,52.98,17.66,15.89,52.98,APPARENT_SEAWARD,1272.79,1297.48,1297.48,1325.77,LOW,24.69
TA0608,TREATMENT,93-STC,WATERLINE,4,0.0,0.0,-2.2,21.99,WITHIN_20M,-0.0,21.99,-0.0,-0.0,LOW,0.0
TA0608,TREATMENT,93-STC,MANGROVE_EDGE_PROXY,4,21.99,7.33,6.6,21.99,APPARENT_SEAWARD,813.55,813.55,813.55,835.54,LOW,0.0
TA0609,TREATMENT,93-STC,WATERLINE,4,0.0,0.0,0.0,0.0,WITHIN_20M,0.0,0.0,0.0,0.0,LOW,0.0
TA0609,TREATMENT,93-STC,MANGROVE_EDGE_PROXY,4,300.0,100.0,90.0,300.0,APPARENT_SEAWARD,-20.0,-20.0,-20.0,280.0,LOW,0.0
TA0610,TREATMENT,94-STC,WATERLINE,4,0.0,0.0,-2.0,20.0,WITHIN_20M,0.0,20.0,0.0,0.0,LOW,0.0
TA0610,TREATMENT,94-STC,MANGROVE_EDGE_PROXY,4,20.0,6.67,6.0,20.0,WITHIN_20M,-20.0,0.0,0.0,0.0,LOW,20.0
TA0611,TREATMENT,94-STC,WATERLINE,4,0.0,0.0,-2.0,20.0,WITHIN_20M,0.0,20.0,0.0,0.0,LOW,0.0
TA0611,TREATMENT,94-STC,MANGROVE_EDGE_PROXY,4,20.0,6.67,6.0,20.0,WITHIN_20M,-20.0,0.0,0.0,0.0,LOW,20.0
TA0612,TREATMENT,94-STC,WATERLINE,4,0.0,0.0,0.0,0.0,WITHIN_20M,0.0,0.0,0.0,0.0,LOW,0.0
TA0612,TREATMENT,94-STC,MANGROVE_EDGE_PROXY,4,20.0,6.67,6.0,20.0,WITHIN_20M,-40.0,-20.0,-20.0,-20.0,LOW,20.0
TA0613,TREATMENT,93-STC,WATERLINE,4,28.28,9.43,11.31,28.28,APPARENT_SEAWARD,-28.28,-28.28,-0.0,-0.0,LOW,28.28
TA0613,TREATMENT,93-STC,MANGROVE_EDGE_PROXY,4,113.14,37.71,33.94,113.14,APPARENT_SEAWARD,1042.92,1042.92,1042.92,1156.06,LOW,0.0
TA0614,TREATMENT,94-STC,WATERLINE,4,0.0,0.0,0.0,0.0,WITHIN_20M,0.0,0.0,0.0,0.0,LOW,0.0
TA0614,TREATMENT,94-STC,MANGROVE_EDGE_PROXY,4,40.0,13.33,14.0,40.0,APPARENT_SEAWARD,-40.0,-40.0,-20.0,0.0,LOW,20.0
TA0615,TREATMENT,95-STC,WATERLINE,4,0.0,0.0,0.0,0.0,WITHIN_20M,0.0,0.0,0.0,0.0,LOW,0.0
TA0615,TREATMENT,95-STC,MANGROVE_EDGE_PROXY,4,40.0,13.33,14.0,40.0,APPARENT_SEAWARD,-40.0,-20.0,0.0,0.0,LOW,40.0
TA0616,TREATMENT,95-STC,WATERLINE,4,0.0,0.0,0.0,0.0,WITHIN_20M,0.0,0.0,0.0,0.0,LOW,0.0
TA0616,TREATMENT,95-STC,MANGROVE_EDGE_PROXY,4,40.0,13.33,14.0,40.0,APPARENT_SEAWARD,-40.0,-20.0,0.0,0.0,LOW,40.0
TA0617,TREATMENT,95-STC,WATERLINE,4,24.69,8.23,4.94,24.69,APPARENT_SEAWARD,-24.69,-0.0,-24.69,-0.0,LOW,0.0
TA0617,TREATMENT,95-STC,MANGROVE_EDGE_PROXY,4,52.97,17.66,16.25,52.97,APPARENT_SEAWARD,-52.97,-28.28,-24.69,-0.0,LOW,28.28
TA0618,TREATMENT,95-STC,WATERLINE,4,0.0,0.0,0.0,0.0,WITHIN_20M,-0.0,-0.0,-0.0,-0.0,LOW,0.0
TA0618,TREATMENT,95-STC,MANGROVE_EDGE_PROXY,4,21.99,7.33,8.8,21.99,APPARENT_SEAWARD,-21.99,-21.99,-0.0,-0.0,LOW,21.99
TA0619,TREATMENT,95-STC,WATERLINE,4,20.05,6.68,4.01,20.05,APPARENT_SEAWARD,-20.05,0.0,-20.05,0.0,LOW,0.0
TA0619,TREATMENT,95-STC,MANGROVE_EDGE_PROXY,4,0.0,0.0,0.0,0.0,WITHIN_20M,-20.05,-20.05,-20.05,-20.05,LOW,0.0
TA0620,TREATMENT,95-STC,WATERLINE,4,0.0,0.0,0.0,0.0,WITHIN_20M,-0.0,-0.0,-0.0,-0.0,LOW,0.0
TA0620,TREATMENT,95-STC,MANGROVE_EDGE_PROXY,4,17.74,5.91,7.1,17.74,WITHIN_20M,-17.74,-17.74,-0.0,-0.0,LOW,17.74
TA0621,TREATMENT,95-STC,WATERLINE,4,0.0,0.0,0.0,0.0,WITHIN_20M,-0.0,-0.0,-0.0,-0.0,LOW,0.0
TA0621,TREATMENT,95-STC,MANGROVE_EDGE_PROXY,4,28.28,9.43,10.95,28.28,APPARENT_SEAWARD,-28.28,-24.69,-0.0,-0.0,LOW,28.28
TA0622,TREATMENT,95-STC,WATERLINE,4,0.0,0.0,0.0,0.0,WITHIN_20M,-0.0,-0.0,-0.0,-0.0,LOW,0.0
TA0622,TREATMENT,95-STC,MANGROVE_EDGE_PROXY,4,10.55,3.52,4.22,10.55,WITHIN_20M,-10.55,-10.55,-0.0,-0.0,LOW,10.55
TA0623,TREATMENT,95-STC,WATERLINE,4,4.15,1.38,0.83,4.15,WITHIN_20M,-4.15,-0.0,-4.15,-0.0,LOW,0.0
TA0623,TREATMENT,95-STC,MANGROVE_EDGE_PROXY,4,11.52,3.84,3.46,11.52,WITHIN_20M,-36.82,-36.82,-36.82,-25.3,LOW,0.0
TA0624,TREATMENT,96-STC,WATERLINE,4,10.55,3.52,0.34,28.29,WITHIN_20M,-10.55,17.74,-10.55,-0.0,LOW,0.0
TA0624,TREATMENT,96-STC,MANGROVE_EDGE_PROXY,4,28.28,9.43,8.48,28.28,APPARENT_SEAWARD,-38.83,-38.83,-38.83,-10.55,LOW,0.0
TA0625,TREATMENT,96-STC,WATERLINE,4,3.6,1.2,1.08,3.6,WITHIN_20M,-3.6,-0.0,-0.0,-0.0,LOW,3.6
TA0625,TREATMENT,96-STC,MANGROVE_EDGE_PROXY,4,0.0,0.0,0.0,0.0,WITHIN_20M,-3.6,-3.6,-3.6,-3.6,LOW,0.0
TA0626,TREATMENT,97-STC,WATERLINE,4,0.0,0.0,0.0,0.0,WITHIN_20M,0.0,0.0,0.0,0.0,LOW,0.0
TA0626,TREATMENT,97-STC,MANGROVE_EDGE_PROXY,4,0.0,0.0,0.0,0.0,WITHIN_20M,-20.52,-20.52,-20.52,-20.52,LOW,0.0
TA0627,TREATMENT,97-STC,WATERLINE,4,20.05,6.68,4.01,20.05,APPARENT_SEAWARD,-20.05,0.0,-20.05,0.0,LOW,0.0
TA0627,TREATMENT,97-STC,MANGROVE_EDGE_PROXY,4,0.0,0.0,0.0,0.0,WITHIN_20M,-20.05,-20.05,-20.05,-20.05,LOW,0.0
TA0628,TREATMENT,97-STC,WATERLINE,4,0.0,0.0,0.0,0.0,WITHIN_20M,0.0,0.0,0.0,0.0,LOW,0.0
TA0628,TREATMENT,97-STC,MANGROVE_EDGE_PROXY,4,20.52,6.84,6.16,20.52,APPARENT_SEAWARD,-20.52,0.0,0.0,0.0,LOW,20.52
TA0629,TREATMENT,97-STC,WATERLINE,4,3.6,1.2,0.72,3.6,WITHIN_20M,-3.6,-0.0,-3.6,-0.0,LOW,0.0
TA0629,TREATMENT,97-STC,MANGROVE_EDGE_PROXY,4,3.6,1.2,0.72,3.6,WITHIN_20M,-3.6,-0.0,-3.6,-0.0,LOW,0.0
TA0630,TREATMENT,97-STC,WATERLINE,4,0.0,0.0,0.0,0.0,WITHIN_20M,-0.0,-0.0,-0.0,-0.0,LOW,0.0
TA0630,TREATMENT,97-STC,MANGROVE_EDGE_PROXY,4,0.0,0.0,0.0,0.0,WITHIN_20M,-0.0,-0.0,-0.0,-0.0,LOW,0.0
TA0631,TREATMENT,97-STC,WATERLINE,4,0.0,0.0,0.0,0.0,WITHIN_20M,-0.0,-0.0,-0.0,-0.0,LOW,0.0
TA0631,TREATMENT,97-STC,MANGROVE_EDGE_PROXY,4,0.0,0.0,0.0,0.0,WITHIN_20M,-0.0,-0.0,-0.0,-0.0,LOW,0.0
TA0632,TREATMENT,97-STC,WATERLINE,4,20.52,6.84,4.1,20.52,APPARENT_SEAWARD,-20.52,-0.0,-20.52,-0.0,LOW,0.0
TA0632,TREATMENT,97-STC,MANGROVE_EDGE_PROXY,4,0.0,0.0,-2.05,20.52,WITHIN_20M,-20.52,-0.0,-20.52,-20.52,LOW,0.0
TA0633,TREATMENT,98-STC,WATERLINE,4,0.0,0.0,-2.53,25.3,WITHIN_20M,-0.0,25.3,-0.0,-0.0,LOW,0.0
TA0633,TREATMENT,98-STC,MANGROVE_EDGE_PROXY,4,0.0,0.0,0.0,0.0,WITHIN_20M,-0.0,-0.0,-0.0,-0.0,LOW,0.0
TA0634,TREATMENT,98-STC,WATERLINE,4,21.99,7.33,4.4,21.99,APPARENT_SEAWARD,-21.99,-0.0,-21.99,-0.0,LOW,0.0
TA0634,TREATMENT,98-STC,MANGROVE_EDGE_PROXY,4,21.99,7.33,4.4,21.99,APPARENT_SEAWARD,-21.99,-0.0,-21.99,-0.0,LOW,0.0
TA0635,TREATMENT,98-STC,WATERLINE,4,24.69,8.23,4.94,24.69,APPARENT_SEAWARD,-24.69,-0.0,-24.69,-0.0,LOW,0.0
TA0635,TREATMENT,98-STC,MANGROVE_EDGE_PROXY,4,3.59,1.2,1.08,3.59,WITHIN_20M,-28.28,-24.69,-24.69,-24.69,LOW,3.59
TA0636,TREATMENT,98-STC,WATERLINE,4,0.0,0.0,0.0,0.0,WITHIN_20M,-0.0,-0.0,-0.0,-0.0,LOW,0.0
TA0636,TREATMENT,98-STC,MANGROVE_EDGE_PROXY,4,12.87,4.29,3.86,12.87,WITHIN_20M,-33.39,-20.52,-20.52,-20.52,LOW,12.87
TA0637,TREATMENT,98-STC,WATERLINE,4,0.0,0.0,0.0,0.0,WITHIN_20M,-0.0,-0.0,-0.0,-0.0,LOW,0.0
TA0637,TREATMENT,98-STC,MANGROVE_EDGE_PROXY,4,24.69,8.23,7.41,24.69,APPARENT_SEAWARD,-24.69,-24.69,-24.69,-0.0,LOW,0.0
TA0638,TREATMENT,98-STC,WATERLINE,4,20.52,6.84,4.1,20.52,APPARENT_SEAWARD,-20.52,-0.0,-20.52,-0.0,LOW,0.0
TA0638,TREATMENT,98-STC,MANGROVE_EDGE_PROXY,4,0.0,0.0,0.0,0.0,WITHIN_20M,-20.52,-20.52,-20.52,-20.52,LOW,0.0
TA0639,CONTROL_CANDIDATE_POOL,,WATERLINE,4,0.0,0.0,0.0,0.0,WITHIN_20M,0.0,0.0,0.0,0.0,LOW,0.0
TA0639,CONTROL_CANDIDATE_POOL,,MANGROVE_EDGE_PROXY,4,20.0,6.67,6.0,20.0,WITHIN_20M,-20.0,0.0,0.0,0.0,LOW,20.0
TA0640,CONTROL_CANDIDATE_POOL,,WATERLINE,4,0.0,0.0,0.0,0.0,WITHIN_20M,0.0,0.0,0.0,0.0,LOW,0.0
TA0640,CONTROL_CANDIDATE_POOL,,MANGROVE_EDGE_PROXY,4,20.0,6.67,6.0,20.0,WITHIN_20M,-20.0,0.0,0.0,0.0,LOW,20.0
TA0641,TREATMENT,95-STC,WATERLINE,4,0.0,0.0,0.0,0.0,WITHIN_20M,0.0,0.0,0.0,0.0,LOW,0.0
TA0641,TREATMENT,95-STC,MANGROVE_EDGE_PROXY,4,0.0,0.0,-0.0,0.0,WITHIN_20M,1237.1,1237.1,1237.1,1237.1,LOW,0.0
TA0642,CONTROL_CANDIDATE_POOL,,WATERLINE,4,0.0,0.0,0.0,0.0,WITHIN_20M,0.0,0.0,0.0,0.0,LOW,0.0
TA0642,CONTROL_CANDIDATE_POOL,,MANGROVE_EDGE_PROXY,4,20.0,6.67,6.0,20.0,WITHIN_20M,-40.0,-20.0,-20.0,-20.0,LOW,20.0
TA0643,TREATMENT,98-STC,WATERLINE,4,0.0,0.0,-2.0,20.0,WITHIN_20M,0.0,20.0,0.0,0.0,LOW,0.0
TA0643,TREATMENT,98-STC,MANGROVE_EDGE_PROXY,4,80.0,26.67,24.0,80.0,APPARENT_SEAWARD,-100.0,-40.0,-40.0,-20.0,LOW,60.0
TA0644,CONTROL_CANDIDATE_POOL,,WATERLINE,4,0.0,0.0,-1.8,17.95,WITHIN_20M,-0.0,17.95,-0.0,-0.0,LOW,0.0
TA0644,CONTROL_CANDIDATE_POOL,,MANGROVE_EDGE_PROXY,4,79.75,26.58,23.93,79.75,APPARENT_SEAWARD,-109.94,-43.98,-43.98,-30.19,LOW,65.96
TA0645,CONTROL_CANDIDATE_POOL,,WATERLINE,4,0.0,0.0,0.0,0.0,WITHIN_20M,0.0,0.0,0.0,0.0,LOW,0.0
TA0645,CONTROL_CANDIDATE_POOL,,MANGROVE_EDGE_PROXY,4,40.09,13.36,12.03,40.09,APPARENT_SEAWARD,-100.23,-60.14,-60.14,-60.14,LOW,40.09
TA0646,CONTROL_CANDIDATE_POOL,,WATERLINE,4,0.0,0.0,0.0,0.0,WITHIN_20M,0.0,0.0,0.0,0.0,LOW,0.0
TA0646,CONTROL_CANDIDATE_POOL,,MANGROVE_EDGE_PROXY,4,41.03,13.68,12.31,41.03,APPARENT_SEAWARD,-82.07,-41.04,-41.04,-41.04,LOW,41.03
TA0647,TREATMENT,97-STC,WATERLINE,4,3.6,1.2,0.72,3.6,WITHIN_20M,-3.6,-0.0,-3.6,-0.0,LOW,0.0
TA0647,TREATMENT,97-STC,MANGROVE_EDGE_PROXY,4,169.71,56.57,67.88,169.71,APPARENT_SEAWARD,760.08,760.08,929.79,929.79,LOW,169.71
TA0648,CONTROL_CANDIDATE_POOL,,WATERLINE,4,0.0,0.0,0.0,0.0,WITHIN_20M,0.0,0.0,0.0,0.0,LOW,0.0
TA0648,CONTROL_CANDIDATE_POOL,,MANGROVE_EDGE_PROXY,4,60.0,20.0,18.0,60.0,APPARENT_SEAWARD,-80.0,-20.0,-20.0,-20.0,LOW,60.0
TA0649,CONTROL_CANDIDATE_POOL,,WATERLINE,4,0.0,0.0,0.0,0.0,WITHIN_20M,0.0,0.0,0.0,0.0,LOW,0.0
TA0649,CONTROL_CANDIDATE_POOL,,MANGROVE_EDGE_PROXY,4,60.0,20.0,18.0,60.0,APPARENT_SEAWARD,-80.0,-20.0,-20.0,-20.0,LOW,60.0
TA0650,CONTROL_CANDIDATE_POOL,,WATERLINE,4,0.0,0.0,-1.77,17.74,WITHIN_20M,-0.0,17.74,-0.0,-0.0,LOW,0.0
TA0650,CONTROL_CANDIDATE_POOL,,MANGROVE_EDGE_PROXY,4,84.85,28.28,25.46,84.85,APPARENT_SEAWARD,-95.4,-10.55,-10.55,-10.55,LOW,84.85
TA0651,CONTROL_CANDIDATE_POOL,,WATERLINE,4,20.05,6.68,4.01,20.05,APPARENT_SEAWARD,-20.05,0.0,-20.05,0.0,LOW,0.0
TA0651,CONTROL_CANDIDATE_POOL,,MANGROVE_EDGE_PROXY,4,20.04,6.68,6.01,20.04,APPARENT_SEAWARD,-40.09,-20.05,-20.05,-20.05,LOW,20.04
TA0652,CONTROL_CANDIDATE_POOL,,WATERLINE,4,0.0,0.0,-2.05,20.52,WITHIN_20M,0.0,20.52,0.0,0.0,LOW,0.0
TA0652,CONTROL_CANDIDATE_POOL,,MANGROVE_EDGE_PROXY,4,20.52,6.84,6.16,20.52,APPARENT_SEAWARD,-20.52,0.0,0.0,0.0,LOW,20.52
TA0653,CONTROL_CANDIDATE_POOL,,WATERLINE,4,0.0,0.0,-0.36,3.6,WITHIN_20M,-0.0,3.6,-0.0,-0.0,LOW,0.0
TA0653,CONTROL_CANDIDATE_POOL,,MANGROVE_EDGE_PROXY,4,3.59,1.2,1.08,3.59,WITHIN_20M,-28.28,-24.69,-24.69,-24.69,LOW,3.59
TA0654,CONTROL_CANDIDATE_POOL,,WATERLINE,4,0.0,0.0,-2.0,20.0,WITHIN_20M,0.0,20.0,0.0,0.0,LOW,0.0
TA0654,CONTROL_CANDIDATE_POOL,,MANGROVE_EDGE_PROXY,4,40.0,13.33,12.0,40.0,APPARENT_SEAWARD,-40.0,0.0,0.0,0.0,LOW,40.0
TA0655,CONTROL_CANDIDATE_POOL,,WATERLINE,4,0.0,0.0,0.0,0.0,WITHIN_20M,-0.0,-0.0,-0.0,-0.0,LOW,0.0
TA0655,CONTROL_CANDIDATE_POOL,,MANGROVE_EDGE_PROXY,4,36.82,12.27,11.05,36.82,APPARENT_SEAWARD,-36.82,-4.15,-4.15,-0.0,LOW,32.67
TA0656,CONTROL_CANDIDATE_POOL,,WATERLINE,4,0.0,0.0,-2.2,21.99,WITHIN_20M,-0.0,-0.0,-21.99,-0.0,LOW,-21.99
TA0656,CONTROL_CANDIDATE_POOL,,MANGROVE_EDGE_PROXY,4,21.99,7.33,6.6,21.99,APPARENT_SEAWARD,-43.98,-21.99,-21.99,-21.99,LOW,21.99
TA0657,CONTROL_CANDIDATE_POOL,,WATERLINE,4,0.0,0.0,0.0,0.0,WITHIN_20M,0.0,0.0,0.0,0.0,LOW,0.0
TA0657,CONTROL_CANDIDATE_POOL,,MANGROVE_EDGE_PROXY,4,17.49,5.83,5.25,17.49,WITHIN_20M,-37.54,-20.05,-20.05,-20.05,LOW,17.49
TA0658,CONTROL_CANDIDATE_POOL,,WATERLINE,4,0.0,0.0,-2.05,20.52,WITHIN_20M,0.0,20.52,0.0,0.0,LOW,0.0
TA0658,CONTROL_CANDIDATE_POOL,,MANGROVE_EDGE_PROXY,4,41.04,13.68,12.31,41.04,APPARENT_SEAWARD,-41.04,0.0,0.0,0.0,LOW,41.04
TA0659,CONTROL_CANDIDATE_POOL,,WATERLINE,4,0.0,0.0,-2.53,25.3,WITHIN_20M,-0.0,25.3,-0.0,-0.0,LOW,0.0
TA0659,CONTROL_CANDIDATE_POOL,,MANGROVE_EDGE_PROXY,4,25.3,8.43,7.59,25.3,APPARENT_SEAWARD,-25.3,-0.0,-0.0,-0.0,LOW,25.3
TA0660,CONTROL_CANDIDATE_POOL,,WATERLINE,4,0.0,0.0,2.2,21.99,WITHIN_20M,-0.0,-0.0,21.99,-0.0,LOW,21.99
TA0660,CONTROL_CANDIDATE_POOL,,MANGROVE_EDGE_PROXY,4,0.0,0.0,-0.0,0.0,WITHIN_20M,1407.22,1407.22,1407.22,1407.22,LOW,0.0
TA0661,CONTROL_CANDIDATE_POOL,,WATERLINE,4,20.05,6.68,4.01,20.05,APPARENT_SEAWARD,-20.05,0.0,-20.05,0.0,LOW,0.0
TA0661,CONTROL_CANDIDATE_POOL,,MANGROVE_EDGE_PROXY,4,100.23,33.41,30.07,100.23,APPARENT_SEAWARD,-120.28,-20.05,-20.05,-20.05,LOW,100.23
TA0662,CONTROL_CANDIDATE_POOL,,WATERLINE,4,0.0,0.0,-2.05,20.52,WITHIN_20M,0.0,20.52,0.0,0.0,LOW,0.0
TA0662,CONTROL_CANDIDATE_POOL,,MANGROVE_EDGE_PROXY,4,61.56,20.52,16.42,61.56,APPARENT_SEAWARD,-61.56,0.0,-20.52,0.0,LOW,41.04
TA0663,CONTROL_CANDIDATE_POOL,,WATERLINE,4,0.0,0.0,0.0,0.0,WITHIN_20M,-0.0,-0.0,-0.0,-0.0,LOW,0.0
TA0663,CONTROL_CANDIDATE_POOL,,MANGROVE_EDGE_PROXY,4,52.97,17.66,13.42,52.97,APPARENT_SEAWARD,-56.57,-3.6,-28.28,-3.6,LOW,28.29
TA0664,CONTROL_CANDIDATE_POOL,,WATERLINE,4,0.0,0.0,-2.05,20.52,WITHIN_20M,0.0,20.52,0.0,0.0,LOW,0.0
TA0664,CONTROL_CANDIDATE_POOL,,MANGROVE_EDGE_PROXY,4,56.15,18.72,16.85,56.15,APPARENT_SEAWARD,-56.15,-20.52,-20.52,0.0,LOW,35.63
TA0665,CONTROL_CANDIDATE_POOL,,WATERLINE,4,0.0,0.0,-0.36,3.6,WITHIN_20M,-0.0,-0.0,-3.6,-0.0,LOW,-3.6
TA0665,CONTROL_CANDIDATE_POOL,,MANGROVE_EDGE_PROXY,4,52.97,17.66,15.89,52.97,APPARENT_SEAWARD,-56.57,-3.6,-3.6,-3.6,LOW,52.97
TA0666,CONTROL_CANDIDATE_POOL,,WATERLINE,4,0.0,0.0,-1.77,17.74,WITHIN_20M,-0.0,-0.0,-17.74,-0.0,LOW,-17.74
TA0666,CONTROL_CANDIDATE_POOL,,MANGROVE_EDGE_PROXY,4,10.54,3.51,3.16,10.54,WITHIN_20M,-28.28,-17.74,-17.74,-17.74,LOW,10.54
TA0667,CONTROL_CANDIDATE_POOL,,WATERLINE,4,0.0,0.0,-0.36,3.6,WITHIN_20M,-0.0,3.6,-0.0,-0.0,LOW,0.0
TA0667,CONTROL_CANDIDATE_POOL,,MANGROVE_EDGE_PROXY,4,3.59,1.2,1.08,3.59,WITHIN_20M,-28.28,-24.69,-24.69,-24.69,LOW,3.59
TA0668,CONTROL_CANDIDATE_POOL,,WATERLINE,4,0.0,0.0,-1.77,17.74,WITHIN_20M,-0.0,17.74,-0.0,-0.0,LOW,0.0
TA0668,CONTROL_CANDIDATE_POOL,,MANGROVE_EDGE_PROXY,4,17.73,5.91,5.32,17.73,WITHIN_20M,-28.28,-10.55,-10.55,-10.55,LOW,17.73
TA0669,CONTROL_CANDIDATE_POOL,,WATERLINE,4,0.0,0.0,-2.47,24.69,WITHIN_20M,-0.0,24.69,-0.0,-0.0,LOW,0.0
TA0669,CONTROL_CANDIDATE_POOL,,MANGROVE_EDGE_PROXY,4,28.28,9.43,8.48,28.28,APPARENT_SEAWARD,-31.88,-3.6,-3.6,-3.6,LOW,28.28
TA0670,CONTROL_CANDIDATE_POOL,,WATERLINE,4,0.0,0.0,-1.77,17.74,WITHIN_20M,-0.0,-0.0,-17.74,-0.0,LOW,-17.74
TA0670,CONTROL_CANDIDATE_POOL,,MANGROVE_EDGE_PROXY,4,28.28,9.43,8.48,28.28,APPARENT_SEAWARD,-46.02,-17.74,-17.74,-17.74,LOW,28.28
TA0671,CONTROL_CANDIDATE_POOL,,WATERLINE,4,0.0,0.0,0.0,0.0,WITHIN_20M,-0.0,-0.0,-0.0,-0.0,LOW,0.0
TA0671,CONTROL_CANDIDATE_POOL,,MANGROVE_EDGE_PROXY,4,28.28,9.43,8.48,28.28,APPARENT_SEAWARD,-31.88,-3.6,-3.6,-3.6,LOW,28.28
TA0672,CONTROL_CANDIDATE_POOL,,WATERLINE,4,0.0,0.0,-2.2,21.99,WITHIN_20M,-0.0,21.99,-0.0,-0.0,LOW,0.0
TA0672,CONTROL_CANDIDATE_POOL,,MANGROVE_EDGE_PROXY,4,21.99,7.33,6.6,21.99,APPARENT_SEAWARD,-21.99,-0.0,-0.0,-0.0,LOW,21.99
TA0673,CONTROL_CANDIDATE_POOL,,WATERLINE,4,0.0,0.0,-2.01,20.05,WITHIN_20M,-0.0,20.05,-0.0,-0.0,LOW,0.0
TA0673,CONTROL_CANDIDATE_POOL,,MANGROVE_EDGE_PROXY,4,20.05,6.68,6.02,20.05,APPARENT_SEAWARD,-20.05,-0.0,-0.0,-0.0,LOW,20.05
TA0674,CONTROL_CANDIDATE_POOL,,WATERLINE,4,0.0,0.0,-1.77,17.74,WITHIN_20M,-0.0,17.74,-0.0,-0.0,LOW,0.0
TA0674,CONTROL_CANDIDATE_POOL,,MANGROVE_EDGE_PROXY,4,28.28,9.43,8.48,28.28,APPARENT_SEAWARD,-28.28,-10.55,-10.55,-0.0,LOW,17.73
TA0675,CONTROL_CANDIDATE_POOL,,WATERLINE,4,0.0,0.0,-2.01,20.05,WITHIN_20M,-0.0,20.05,-0.0,-0.0,LOW,0.0
TA0675,CONTROL_CANDIDATE_POOL,,MANGROVE_EDGE_PROXY,4,20.05,6.68,6.02,20.05,APPARENT_SEAWARD,-20.05,-0.0,-0.0,-0.0,LOW,20.05
TA0676,CONTROL_CANDIDATE_POOL,,WATERLINE,4,0.0,0.0,0.0,0.0,WITHIN_20M,-0.0,-0.0,-0.0,-0.0,LOW,0.0
TA0676,CONTROL_CANDIDATE_POOL,,MANGROVE_EDGE_PROXY,4,0.0,0.0,0.0,0.0,WITHIN_20M,-20.52,-20.52,-20.52,-20.52,LOW,0.0
TA0677,CONTROL_CANDIDATE_POOL,,WATERLINE,4,0.0,0.0,0.0,0.0,WITHIN_20M,-0.0,-0.0,-0.0,-0.0,LOW,0.0
TA0677,CONTROL_CANDIDATE_POOL,,MANGROVE_EDGE_PROXY,4,0.0,0.0,0.0,0.0,WITHIN_20M,-20.05,-20.05,-20.05,-20.05,LOW,0.0
TA0678,CONTROL_CANDIDATE_POOL,,WATERLINE,4,0.0,0.0,1.77,17.74,WITHIN_20M,-0.0,-17.74,-0.0,-0.0,LOW,0.0
TA0678,CONTROL_CANDIDATE_POOL,,MANGROVE_EDGE_PROXY,4,0.0,0.0,-0.0,17.74,WITHIN_20M,-17.74,-0.0,-0.0,-17.74,LOW,17.74
TA0679,CONTROL_CANDIDATE_POOL,,WATERLINE,4,-25.3,-8.43,-7.59,25.3,APPARENT_LANDWARD,25.3,25.3,25.3,0.0,LOW,0.0
TA0679,CONTROL_CANDIDATE_POOL,,MANGROVE_EDGE_PROXY,4,0.0,0.0,0.0,0.0,WITHIN_20M,0.0,0.0,0.0,0.0,LOW,0.0
TA0680,CONTROL_CANDIDATE_POOL,,WATERLINE,4,0.0,0.0,0.0,0.0,WITHIN_20M,0.0,0.0,0.0,0.0,LOW,0.0
TA0680,CONTROL_CANDIDATE_POOL,,MANGROVE_EDGE_PROXY,4,0.0,0.0,0.0,0.0,WITHIN_20M,-20.52,-20.52,-20.52,-20.52,LOW,0.0
TA0681,CONTROL_CANDIDATE_POOL,,WATERLINE,4,20.05,6.68,6.02,20.05,APPARENT_SEAWARD,-20.05,0.0,0.0,0.0,LOW,20.05
TA0681,CONTROL_CANDIDATE_POOL,,MANGROVE_EDGE_PROXY,4,0.0,0.0,-68.16,681.56,WITHIN_20M,721.66,1403.22,721.66,721.66,LOW,0.0
TA0682,CONTROL_CANDIDATE_POOL,,WATERLINE,4,0.0,0.0,-2.0,20.0,WITHIN_20M,0.0,0.0,-20.0,0.0,LOW,-20.0
TA0682,CONTROL_CANDIDATE_POOL,,MANGROVE_EDGE_PROXY,4,0.0,0.0,-0.0,0.0,WITHIN_20M,80.0,80.0,80.0,80.0,LOW,0.0
TA0683,CONTROL_CANDIDATE_POOL,,WATERLINE,4,0.0,0.0,2.0,20.0,WITHIN_20M,0.0,-20.0,0.0,0.0,LOW,0.0
TA0683,CONTROL_CANDIDATE_POOL,,MANGROVE_EDGE_PROXY,4,0.0,0.0,-0.0,0.0,WITHIN_20M,780.0,780.0,780.0,780.0,LOW,0.0
TA0684,CONTROL_CANDIDATE_POOL,,WATERLINE,4,20.0,6.67,8.0,20.0,WITHIN_20M,-20.0,-20.0,0.0,0.0,LOW,20.0
TA0684,CONTROL_CANDIDATE_POOL,,MANGROVE_EDGE_PROXY,4,0.0,0.0,-68.0,680.0,WITHIN_20M,780.0,1460.0,780.0,780.0,LOW,0.0
TA0685,TREATMENT,97-STC,WATERLINE,4,590.37,196.79,179.58,590.37,APPARENT_SEAWARD,-590.37,-24.69,-0.0,-0.0,LOW,590.37
TA0685,TREATMENT,97-STC,MANGROVE_EDGE_PROXY,4,28.29,9.43,11.32,28.29,APPARENT_SEAWARD,-650.54,-650.54,-622.25,-622.25,LOW,28.29
TA0686,TREATMENT,97-STC,WATERLINE,4,547.95,182.65,166.16,565.69,APPARENT_SEAWARD,-547.95,-0.0,17.74,-0.0,LOW,565.69
TA0686,TREATMENT,97-STC,MANGROVE_EDGE_PROXY,4,28.29,9.43,8.49,28.29,APPARENT_SEAWARD,-707.11,-678.82,-678.82,-678.82,LOW,28.29
TA0687,CONTROL_CANDIDATE_POOL,,WATERLINE,4,624.78,208.26,180.26,624.78,APPARENT_SEAWARD,-624.78,-4.15,-75.89,0.0,LOW,548.89
TA0687,CONTROL_CANDIDATE_POOL,,MANGROVE_EDGE_PROXY,4,3.92,1.31,1.18,3.92,WITHIN_20M,-788.1,-784.18,-784.18,-784.18,LOW,3.92
TA0688,CONTROL_CANDIDATE_POOL,,WATERLINE,4,369.33,123.11,123.11,451.4,APPARENT_SEAWARD,-369.33,-41.04,82.07,0.0,LOW,451.4
TA0688,CONTROL_CANDIDATE_POOL,,MANGROVE_EDGE_PROXY,4,14.72,4.91,4.42,14.72,WITHIN_20M,682.91,697.63,697.63,697.63,LOW,14.72
TA0689,CONTROL_CANDIDATE_POOL,,WATERLINE,4,340.78,113.59,96.22,340.78,APPARENT_SEAWARD,-340.78,-40.09,-100.23,0.0,LOW,240.55
TA0689,CONTROL_CANDIDATE_POOL,,MANGROVE_EDGE_PROXY,4,-20.05,-6.68,-6.02,20.05,APPARENT_LANDWARD,1282.95,1262.9,1262.9,1262.9,LOW,-20.05
TA0690,CONTROL_CANDIDATE_POOL,,WATERLINE,2,,,20.0,20.0,INSUFFICIENT_DATA,,,-20.0,0.0,LOW,
TA0690,CONTROL_CANDIDATE_POOL,,MANGROVE_EDGE_PROXY,0,,,,,INSUFFICIENT_DATA,,,,,LOW,
TA0691,CONTROL_CANDIDATE_POOL,,WATERLINE,4,480.83,160.28,141.78,505.52,APPARENT_SEAWARD,-480.83,24.69,-0.0,-0.0,LOW,480.83
TA0691,CONTROL_CANDIDATE_POOL,,MANGROVE_EDGE_PROXY,4,0.0,0.0,-0.0,0.0,WITHIN_20M,448.95,448.95,448.95,448.95,LOW,0.0
TA0692,TREATMENT,97-STC,WATERLINE,4,452.55,150.85,135.77,452.55,APPARENT_SEAWARD,-452.55,-0.0,-0.0,-0.0,LOW,452.55
TA0692,TREATMENT,97-STC,MANGROVE_EDGE_PROXY,4,-56.57,-18.86,-19.8,84.86,APPARENT_LANDWARD,378.24,406.53,378.24,321.67,LOW,0.0
TA0693,TREATMENT,97-STC,WATERLINE,4,456.14,152.05,136.48,456.14,APPARENT_SEAWARD,-456.14,-0.0,-3.6,-0.0,LOW,452.54
TA0693,TREATMENT,97-STC,MANGROVE_EDGE_PROXY,4,28.28,9.43,8.48,28.28,APPARENT_SEAWARD,-593.97,-565.69,-565.69,-565.69,LOW,28.28
TA0694,TREATMENT,97-STC,WATERLINE,4,480.83,160.28,139.65,480.83,APPARENT_SEAWARD,-480.83,-0.0,-46.02,-0.0,LOW,434.81
TA0694,TREATMENT,97-STC,MANGROVE_EDGE_PROXY,4,28.28,9.43,8.48,28.28,APPARENT_SEAWARD,-537.4,-509.12,-509.12,-509.12,LOW,28.28
TA0695,TREATMENT,98-STC,WATERLINE,4,0.0,0.0,5.3,52.97,WITHIN_20M,-0.0,-0.0,52.97,-0.0,LOW,52.97
TA0695,TREATMENT,98-STC,MANGROVE_EDGE_PROXY,4,28.28,9.43,8.48,28.28,APPARENT_SEAWARD,1410.62,1438.9,1438.9,1438.9,LOW,28.28
TA0696,CONTROL_CANDIDATE_POOL,,WATERLINE,4,0.0,0.0,2.83,28.28,WITHIN_20M,-0.0,-0.0,28.28,-0.0,LOW,28.28
TA0696,CONTROL_CANDIDATE_POOL,,MANGROVE_EDGE_PROXY,4,56.57,18.86,-48.08,707.11,APPARENT_SEAWARD,632.8,1339.91,689.37,689.37,LOW,56.57
TA0697,CONTROL_CANDIDATE_POOL,,WATERLINE,4,0.0,0.0,6.0,60.0,WITHIN_20M,0.0,-20.0,40.0,0.0,LOW,40.0
TA0697,CONTROL_CANDIDATE_POOL,,MANGROVE_EDGE_PROXY,4,0.0,0.0,0.0,0.0,WITHIN_20M,-20.0,-20.0,-20.0,-20.0,LOW,0.0
TA0698,CONTROL_CANDIDATE_POOL,,WATERLINE,4,0.0,0.0,3.88,38.83,WITHIN_20M,-0.0,-0.0,38.83,-0.0,LOW,38.83
TA0698,CONTROL_CANDIDATE_POOL,,MANGROVE_EDGE_PROXY,4,28.28,9.43,8.48,28.28,APPARENT_SEAWARD,-28.28,-0.0,-0.0,-0.0,LOW,28.28
TA0699,CONTROL_CANDIDATE_POOL,,WATERLINE,4,0.0,0.0,2.47,24.69,WITHIN_20M,-0.0,-24.69,-0.0,-0.0,LOW,0.0
TA0699,CONTROL_CANDIDATE_POOL,,MANGROVE_EDGE_PROXY,4,24.69,8.23,7.41,24.69,APPARENT_SEAWARD,-24.69,-24.69,-24.69,-0.0,LOW,0.0
TA0700,CONTROL_CANDIDATE_POOL,,WATERLINE,4,0.0,0.0,0.0,0.0,WITHIN_20M,0.0,0.0,0.0,0.0,LOW,0.0
TA0700,CONTROL_CANDIDATE_POOL,,MANGROVE_EDGE_PROXY,4,0.0,0.0,-0.0,0.0,WITHIN_20M,1500.0,1500.0,1500.0,1500.0,LOW,0.0
TA0701,CONTROL_CANDIDATE_POOL,,WATERLINE,4,0.0,0.0,-0.0,20.05,WITHIN_20M,-0.0,20.05,20.05,-0.0,LOW,20.05
TA0701,CONTROL_CANDIDATE_POOL,,MANGROVE_EDGE_PROXY,4,20.05,6.68,6.02,20.05,APPARENT_SEAWARD,-20.05,-0.0,-0.0,-0.0,LOW,20.05
TA0702,CONTROL_CANDIDATE_POOL,,WATERLINE,4,0.0,0.0,2.0,20.0,WITHIN_20M,0.0,-20.0,0.0,0.0,LOW,0.0
TA0702,CONTROL_CANDIDATE_POOL,,MANGROVE_EDGE_PROXY,4,20.0,6.67,6.0,20.0,WITHIN_20M,1340.0,1360.0,1360.0,1360.0,LOW,20.0
TA0703,CONTROL_CANDIDATE_POOL,,WATERLINE,4,0.0,0.0,0.0,0.0,WITHIN_20M,0.0,0.0,0.0,0.0,LOW,0.0
TA0703,CONTROL_CANDIDATE_POOL,,MANGROVE_EDGE_PROXY,4,40.0,13.33,12.0,40.0,APPARENT_SEAWARD,220.0,240.0,240.0,260.0,LOW,20.0
TA0704,CONTROL_CANDIDATE_POOL,,WATERLINE,4,0.0,0.0,0.0,0.0,WITHIN_20M,0.0,0.0,0.0,0.0,LOW,0.0
TA0704,CONTROL_CANDIDATE_POOL,,MANGROVE_EDGE_PROXY,4,0.0,0.0,0.0,0.0,WITHIN_20M,-20.0,-20.0,-20.0,-20.0,LOW,0.0
TA0705,CONTROL_CANDIDATE_POOL,,WATERLINE,4,25.3,8.43,7.59,50.59,APPARENT_SEAWARD,-25.3,-50.59,-50.59,-0.0,LOW,-25.29
TA0705,CONTROL_CANDIDATE_POOL,,MANGROVE_EDGE_PROXY,3,,,0.0,0.0,INSUFFICIENT_DATA,,75.89,75.89,75.89,LOW,
TA0706,CONTROL_CANDIDATE_POOL,,WATERLINE,4,-20.0,-6.67,-6.0,40.0,WITHIN_20M,20.0,40.0,40.0,0.0,LOW,20.0
TA0706,CONTROL_CANDIDATE_POOL,,MANGROVE_EDGE_PROXY,4,0.0,0.0,-0.0,0.0,WITHIN_20M,1500.0,1500.0,1500.0,1500.0,LOW,0.0
TA0707,TREATMENT,95-STC,WATERLINE,4,-50.59,-16.86,-15.18,61.18,APPARENT_LANDWARD,50.59,61.18,61.18,0.0,LOW,10.59
TA0707,TREATMENT,95-STC,MANGROVE_EDGE_PROXY,4,0.0,0.0,0.0,0.0,WITHIN_20M,607.11,607.11,607.11,607.11,LOW,0.0
TA0708,CONTROL_CANDIDATE_POOL,,WATERLINE,4,-100.0,-33.33,-28.0,100.0,APPARENT_LANDWARD,100.0,20.0,40.0,0.0,LOW,-60.0
TA0708,CONTROL_CANDIDATE_POOL,,MANGROVE_EDGE_PROXY,4,20.0,6.67,6.0,20.0,WITHIN_20M,280.0,300.0,300.0,300.0,LOW,20.0
TA0709,CONTROL_CANDIDATE_POOL,,WATERLINE,4,40.09,13.36,18.04,60.14,APPARENT_SEAWARD,-40.09,-40.09,20.05,0.0,LOW,60.14
TA0709,CONTROL_CANDIDATE_POOL,,MANGROVE_EDGE_PROXY,4,-20.04,-6.68,-6.01,20.04,APPARENT_LANDWARD,1443.31,1423.27,1423.27,1423.27,LOW,-20.04
TA0710,CONTROL_CANDIDATE_POOL,,WATERLINE,4,-65.96,-21.99,-19.79,65.96,APPARENT_LANDWARD,65.96,65.96,65.96,-0.0,LOW,0.0
TA0710,CONTROL_CANDIDATE_POOL,,MANGROVE_EDGE_PROXY,4,43.98,14.66,13.19,43.98,APPARENT_SEAWARD,197.89,241.87,241.87,241.87,LOW,43.98
TA0711,CONTROL_CANDIDATE_POOL,,WATERLINE,4,-120.0,-40.0,-36.0,120.0,APPARENT_LANDWARD,120.0,80.0,80.0,0.0,LOW,-40.0
TA0711,CONTROL_CANDIDATE_POOL,,MANGROVE_EDGE_PROXY,4,20.0,6.67,6.0,20.0,WITHIN_20M,300.0,320.0,320.0,320.0,LOW,20.0
TA0712,TREATMENT,97-STC,WATERLINE,4,282.84,94.28,87.68,282.84,APPARENT_SEAWARD,-282.84,-141.42,-113.14,-0.0,LOW,169.7
TA0712,TREATMENT,97-STC,MANGROVE_EDGE_PROXY,4,28.28,9.43,8.48,28.28,APPARENT_SEAWARD,-339.41,-311.13,-311.13,-311.13,LOW,28.28
TA0713,CONTROL_CANDIDATE_POOL,,WATERLINE,4,232.8,77.6,67.31,435.17,APPARENT_SEAWARD,-232.8,202.37,177.07,0.0,LOW,409.87
TA0713,CONTROL_CANDIDATE_POOL,,MANGROVE_EDGE_PROXY,4,0.0,0.0,0.0,0.0,WITHIN_20M,-461.45,-461.45,-461.45,-461.45,LOW,0.0
TA0714,TREATMENT,97-STC,WATERLINE,4,254.56,84.85,76.37,452.55,APPARENT_SEAWARD,-254.56,197.99,197.99,-0.0,LOW,452.55
TA0714,TREATMENT,97-STC,MANGROVE_EDGE_PROXY,4,-56.57,-18.86,-19.8,84.86,APPARENT_LANDWARD,583.42,611.71,583.42,526.85,LOW,0.0
TA0715,CONTROL_CANDIDATE_POOL,,WATERLINE,4,220.0,73.33,68.0,220.0,APPARENT_SEAWARD,-220.0,-180.0,-160.0,0.0,LOW,60.0
TA0715,CONTROL_CANDIDATE_POOL,,MANGROVE_EDGE_PROXY,4,-20.0,-6.67,-8.0,20.0,WITHIN_20M,1340.0,1340.0,1320.0,1320.0,LOW,-20.0
TA0716,CONTROL_CANDIDATE_POOL,,WATERLINE,4,220.0,73.33,66.0,220.0,APPARENT_SEAWARD,-220.0,-180.0,-180.0,0.0,LOW,40.0
TA0716,CONTROL_CANDIDATE_POOL,,MANGROVE_EDGE_PROXY,4,0.0,0.0,0.0,0.0,WITHIN_20M,1380.0,1380.0,1380.0,1380.0,LOW,0.0
TA0717,TREATMENT,97-STC,WATERLINE,4,278.26,92.75,141.66,581.81,APPARENT_SEAWARD,-278.26,-303.55,278.26,-0.0,LOW,556.52
TA0717,TREATMENT,97-STC,MANGROVE_EDGE_PROXY,4,31.93,10.64,9.58,31.93,APPARENT_SEAWARD,853.43,885.36,885.36,885.36,LOW,31.93
TA0718,CONTROL_CANDIDATE_POOL,,WATERLINE,4,300.0,100.0,92.0,300.0,APPARENT_SEAWARD,-300.0,-220.0,-200.0,0.0,LOW,100.0
TA0718,CONTROL_CANDIDATE_POOL,,MANGROVE_EDGE_PROXY,4,0.0,0.0,-0.0,0.0,WITHIN_20M,1420.0,1420.0,1420.0,1420.0,LOW,0.0
TA0719,CONTROL_CANDIDATE_POOL,,WATERLINE,4,-441.01,-147.0,-138.32,461.06,APPARENT_LANDWARD,441.01,461.06,400.92,-0.0,LOW,-40.09
TA0719,CONTROL_CANDIDATE_POOL,,MANGROVE_EDGE_PROXY,4,20.05,6.68,6.02,20.05,APPARENT_SEAWARD,581.33,601.38,601.38,601.38,LOW,20.05
TA0720,CONTROL_CANDIDATE_POOL,,WATERLINE,4,180.0,60.0,54.0,180.0,APPARENT_SEAWARD,-180.0,-180.0,-180.0,0.0,LOW,0.0
TA0720,CONTROL_CANDIDATE_POOL,,MANGROVE_EDGE_PROXY,4,0.0,0.0,0.0,0.0,WITHIN_20M,-300.0,-300.0,-300.0,-300.0,LOW,0.0
TA0721,CONTROL_CANDIDATE_POOL,,WATERLINE,4,500.0,166.67,156.0,520.0,APPARENT_SEAWARD,-500.0,-520.0,-460.0,0.0,LOW,40.0
TA0721,CONTROL_CANDIDATE_POOL,,MANGROVE_EDGE_PROXY,4,20.0,6.67,8.0,20.0,WITHIN_20M,-520.0,-520.0,-500.0,-500.0,LOW,20.0
TA0722,CONTROL_CANDIDATE_POOL,,WATERLINE,4,460.0,153.33,140.0,480.0,APPARENT_SEAWARD,-460.0,-480.0,-460.0,0.0,LOW,0.0
TA0722,CONTROL_CANDIDATE_POOL,,MANGROVE_EDGE_PROXY,4,20.0,6.67,6.0,20.0,WITHIN_20M,-480.0,-480.0,-480.0,-460.0,LOW,0.0
TA0723,CONTROL_CANDIDATE_POOL,,WATERLINE,4,80.0,26.67,26.0,100.0,APPARENT_SEAWARD,-80.0,-100.0,-80.0,0.0,LOW,0.0
TA0723,CONTROL_CANDIDATE_POOL,,MANGROVE_EDGE_PROXY,4,20.0,6.67,6.0,20.0,WITHIN_20M,-220.0,-200.0,-200.0,-200.0,LOW,20.0
TA0724,CONTROL_CANDIDATE_POOL,,WATERLINE,4,95.4,31.8,28.62,95.4,APPARENT_SEAWARD,-95.4,-95.4,-95.4,-0.0,LOW,0.0
TA0724,CONTROL_CANDIDATE_POOL,,MANGROVE_EDGE_PROXY,4,0.0,0.0,0.0,0.0,WITHIN_20M,-236.82,-236.82,-236.82,-236.82,LOW,0.0
TA0725,CONTROL_CANDIDATE_POOL,,WATERLINE,4,93.84,31.28,28.89,101.18,APPARENT_SEAWARD,-93.84,-101.18,-93.84,0.0,LOW,0.0
TA0725,CONTROL_CANDIDATE_POOL,,MANGROVE_EDGE_PROXY,4,0.0,0.0,0.0,0.0,WITHIN_20M,-257.16,-257.16,-257.16,-257.16,LOW,0.0
TA0726,CONTROL_CANDIDATE_POOL,,WATERLINE,4,440.0,146.67,134.0,540.0,APPARENT_SEAWARD,-440.0,80.0,100.0,0.0,LOW,540.0
TA0726,CONTROL_CANDIDATE_POOL,,MANGROVE_EDGE_PROXY,4,0.0,0.0,0.0,0.0,WITHIN_20M,-460.0,-460.0,-460.0,-460.0,LOW,0.0
TA0727,CONTROL_CANDIDATE_POOL,,WATERLINE,4,40.0,13.33,14.0,60.0,APPARENT_SEAWARD,-40.0,0.0,20.0,0.0,LOW,60.0
TA0727,CONTROL_CANDIDATE_POOL,,MANGROVE_EDGE_PROXY,4,0.0,0.0,0.0,0.0,WITHIN_20M,-120.0,-120.0,-120.0,-120.0,LOW,0.0
TA0728,CONTROL_CANDIDATE_POOL,,WATERLINE,4,-20.0,-6.67,-4.0,20.0,WITHIN_20M,20.0,0.0,20.0,0.0,LOW,0.0
TA0728,CONTROL_CANDIDATE_POOL,,MANGROVE_EDGE_PROXY,4,20.0,6.67,6.0,20.0,WITHIN_20M,-120.0,-100.0,-100.0,-100.0,LOW,20.0
TA0729,CONTROL_CANDIDATE_POOL,,WATERLINE,4,20.0,6.67,6.0,20.0,WITHIN_20M,-20.0,-20.0,-20.0,0.0,LOW,0.0
TA0729,CONTROL_CANDIDATE_POOL,,MANGROVE_EDGE_PROXY,4,20.0,6.67,6.0,20.0,WITHIN_20M,220.0,240.0,240.0,240.0,LOW,20.0
TA0730,CONTROL_CANDIDATE_POOL,,WATERLINE,4,17.95,5.98,7.58,61.93,WITHIN_20M,-17.95,21.99,43.98,-0.0,LOW,61.93
TA0730,CONTROL_CANDIDATE_POOL,,MANGROVE_EDGE_PROXY,4,0.0,0.0,0.0,0.0,WITHIN_20M,-87.95,-87.95,-87.95,-87.95,LOW,0.0
TA0731,CONTROL_CANDIDATE_POOL,,WATERLINE,4,80.0,26.67,26.0,100.0,APPARENT_SEAWARD,-80.0,0.0,20.0,0.0,LOW,100.0
TA0731,CONTROL_CANDIDATE_POOL,,MANGROVE_EDGE_PROXY,4,0.0,0.0,-0.0,0.0,WITHIN_20M,1500.0,1500.0,1500.0,1500.0,LOW,0.0
TA0732,CONTROL_CANDIDATE_POOL,,WATERLINE,4,80.0,26.67,24.0,100.0,APPARENT_SEAWARD,-80.0,20.0,20.0,0.0,LOW,100.0
TA0732,CONTROL_CANDIDATE_POOL,,MANGROVE_EDGE_PROXY,4,0.0,0.0,-2.0,20.0,WITHIN_20M,1480.0,1480.0,1460.0,1480.0,LOW,-20.0
TA0733,CONTROL_CANDIDATE_POOL,,WATERLINE,4,20.0,6.67,6.0,300.0,WITHIN_20M,-20.0,-300.0,-300.0,0.0,LOW,-280.0
TA0733,CONTROL_CANDIDATE_POOL,,MANGROVE_EDGE_PROXY,4,60.0,20.0,18.0,60.0,APPARENT_SEAWARD,280.0,340.0,340.0,340.0,LOW,60.0
TA0734,CONTROL_CANDIDATE_POOL,,WATERLINE,4,-21.99,-7.33,-6.6,174.59,APPARENT_LANDWARD,21.99,174.59,174.59,-0.0,LOW,152.6
TA0734,CONTROL_CANDIDATE_POOL,,MANGROVE_EDGE_PROXY,4,26.03,8.68,7.81,26.03,APPARENT_SEAWARD,-43.98,-17.95,-17.95,-17.95,LOW,26.03
TA0735,CONTROL_CANDIDATE_POOL,,WATERLINE,4,0.0,0.0,2.0,100.0,WITHIN_20M,0.0,80.0,100.0,0.0,LOW,100.0
TA0735,CONTROL_CANDIDATE_POOL,,MANGROVE_EDGE_PROXY,4,0.0,0.0,0.0,0.0,WITHIN_20M,-20.0,-20.0,-20.0,-20.0,LOW,0.0
TA0736,CONTROL_CANDIDATE_POOL,,WATERLINE,4,0.0,0.0,2.0,100.0,WITHIN_20M,0.0,80.0,100.0,0.0,LOW,100.0
TA0736,CONTROL_CANDIDATE_POOL,,MANGROVE_EDGE_PROXY,4,0.0,0.0,0.0,0.0,WITHIN_20M,-20.0,-20.0,-20.0,-20.0,LOW,0.0
TA0737,CONTROL_CANDIDATE_POOL,,WATERLINE,4,-25.3,-8.43,-4.32,134.81,APPARENT_LANDWARD,25.3,102.15,134.81,0.0,LOW,109.51
TA0737,CONTROL_CANDIDATE_POOL,,MANGROVE_EDGE_PROXY,4,22.08,7.36,6.62,22.08,APPARENT_SEAWARD,-50.59,-28.51,-28.51,-28.51,LOW,22.08
TA0738,CONTROL_CANDIDATE_POOL,,WATERLINE,4,-33.39,-11.13,-10.02,123.11,APPARENT_LANDWARD,33.39,123.11,123.11,0.0,LOW,89.72
TA0738,CONTROL_CANDIDATE_POOL,,MANGROVE_EDGE_PROXY,4,0.0,0.0,-0.0,0.0,WITHIN_20M,1272.14,1272.14,1272.14,1272.14,LOW,0.0
TA0739,CONTROL_CANDIDATE_POOL,,WATERLINE,4,0.0,0.0,2.0,120.0,WITHIN_20M,0.0,100.0,120.0,0.0,LOW,120.0
TA0739,CONTROL_CANDIDATE_POOL,,MANGROVE_EDGE_PROXY,4,20.0,6.67,6.0,20.0,WITHIN_20M,-20.0,0.0,0.0,0.0,LOW,20.0
TA0740,CONTROL_CANDIDATE_POOL,,WATERLINE,4,-65.96,-21.99,-19.79,109.94,APPARENT_LANDWARD,65.96,109.94,109.94,-0.0,LOW,43.98
TA0740,CONTROL_CANDIDATE_POOL,,MANGROVE_EDGE_PROXY,4,0.0,0.0,0.0,0.0,WITHIN_20M,-21.99,-21.99,-21.99,-21.99,LOW,0.0
TA0741,CONTROL_CANDIDATE_POOL,,WATERLINE,4,-80.0,-26.67,-24.0,120.0,APPARENT_LANDWARD,80.0,120.0,120.0,0.0,LOW,40.0
TA0741,CONTROL_CANDIDATE_POOL,,MANGROVE_EDGE_PROXY,4,1400.0,466.67,420.0,1400.0,APPARENT_SEAWARD,0.0,1400.0,1400.0,1400.0,LOW,1400.0
TA0742,TREATMENT,98-STC,WATERLINE,4,-43.98,-14.66,-15.39,65.96,APPARENT_LANDWARD,43.98,65.96,43.98,-0.0,LOW,0.0
TA0742,TREATMENT,98-STC,MANGROVE_EDGE_PROXY,4,0.0,0.0,-1.89,18.87,WITHIN_20M,1407.22,1426.09,1407.22,1407.22,LOW,0.0
TA0743,TREATMENT,94-STC,WATERLINE,4,-28.51,-9.5,-11.82,61.18,APPARENT_LANDWARD,28.51,61.18,28.51,0.0,LOW,0.0
TA0743,TREATMENT,94-STC,MANGROVE_EDGE_PROXY,4,0.0,0.0,0.0,0.0,WITHIN_20M,0.0,0.0,0.0,0.0,LOW,0.0
TA0744,CONTROL_CANDIDATE_POOL,,WATERLINE,4,0.0,0.0,0.0,0.0,WITHIN_20M,0.0,0.0,0.0,0.0,LOW,0.0
TA0744,CONTROL_CANDIDATE_POOL,,MANGROVE_EDGE_PROXY,4,700.0,233.33,210.0,700.0,APPARENT_SEAWARD,-40.0,640.0,640.0,660.0,LOW,680.0
TA0745,CONTROL_CANDIDATE_POOL,,WATERLINE,4,0.0,0.0,0.0,0.0,WITHIN_20M,-0.0,-0.0,-0.0,-0.0,LOW,0.0
TA0745,CONTROL_CANDIDATE_POOL,,MANGROVE_EDGE_PROXY,4,40.09,13.36,12.03,40.09,APPARENT_SEAWARD,741.7,761.75,761.75,781.79,LOW,20.05
TA0746,CONTROL_CANDIDATE_POOL,,WATERLINE,4,348.81,116.27,102.59,369.33,APPARENT_SEAWARD,-348.81,20.52,-0.0,-0.0,LOW,348.81
TA0746,CONTROL_CANDIDATE_POOL,,MANGROVE_EDGE_PROXY,4,41.04,13.68,12.31,41.04,APPARENT_SEAWARD,902.81,943.85,943.85,943.85,LOW,41.04
TA0747,CONTROL_CANDIDATE_POOL,,WATERLINE,4,40.0,13.33,16.0,60.0,APPARENT_SEAWARD,-40.0,-20.0,20.0,0.0,LOW,60.0
TA0747,CONTROL_CANDIDATE_POOL,,MANGROVE_EDGE_PROXY,4,0.0,0.0,-0.0,0.0,WITHIN_20M,1360.0,1360.0,1360.0,1360.0,LOW,0.0
TA0748,CONTROL_CANDIDATE_POOL,,WATERLINE,4,205.18,68.39,64.89,205.18,APPARENT_SEAWARD,-205.18,-33.39,-0.0,-0.0,LOW,205.18
TA0748,CONTROL_CANDIDATE_POOL,,MANGROVE_EDGE_PROXY,4,817.2,272.4,245.16,817.2,APPARENT_SEAWARD,-492.44,-481.07,-481.07,324.76,LOW,11.37
TA0749,CONTROL_CANDIDATE_POOL,,WATERLINE,4,-20.0,-6.67,-8.0,20.0,WITHIN_20M,20.0,20.0,0.0,0.0,LOW,-20.0
TA0749,CONTROL_CANDIDATE_POOL,,MANGROVE_EDGE_PROXY,4,60.0,20.0,18.0,60.0,APPARENT_SEAWARD,720.0,780.0,780.0,780.0,LOW,60.0
TA0750,CONTROL_CANDIDATE_POOL,,WATERLINE,4,0.0,0.0,0.0,0.0,WITHIN_20M,0.0,0.0,0.0,0.0,LOW,0.0
TA0750,CONTROL_CANDIDATE_POOL,,MANGROVE_EDGE_PROXY,4,0.0,0.0,0.0,0.0,WITHIN_20M,0.0,0.0,0.0,0.0,LOW,0.0
TA0751,CONTROL_CANDIDATE_POOL,,WATERLINE,4,0.0,0.0,2.47,24.69,WITHIN_20M,-0.0,-24.69,-0.0,-0.0,LOW,0.0
TA0751,CONTROL_CANDIDATE_POOL,,MANGROVE_EDGE_PROXY,4,0.0,0.0,0.0,0.0,WITHIN_20M,-24.69,-24.69,-24.69,-24.69,LOW,0.0
TA0752,TREATMENT,98-STC,WATERLINE,4,0.0,0.0,2.0,20.0,WITHIN_20M,0.0,-20.0,0.0,0.0,LOW,0.0
TA0752,TREATMENT,98-STC,MANGROVE_EDGE_PROXY,4,0.0,0.0,-0.0,0.0,WITHIN_20M,1320.0,1320.0,1320.0,1320.0,LOW,0.0
TA0753,CONTROL_CANDIDATE_POOL,,WATERLINE,4,0.0,0.0,0.0,0.0,WITHIN_20M,0.0,0.0,0.0,0.0,LOW,0.0
TA0753,CONTROL_CANDIDATE_POOL,,MANGROVE_EDGE_PROXY,4,20.0,6.67,6.0,20.0,WITHIN_20M,-40.0,-20.0,-20.0,-20.0,LOW,20.0
TA0754,CONTROL_CANDIDATE_POOL,,WATERLINE,4,0.0,0.0,0.0,0.0,WITHIN_20M,-0.0,-0.0,-0.0,-0.0,LOW,0.0
TA0754,CONTROL_CANDIDATE_POOL,,MANGROVE_EDGE_PROXY,4,21.99,7.33,6.19,26.03,APPARENT_SEAWARD,-43.98,-17.95,-21.99,-21.99,LOW,21.99
TA0755,CONTROL_CANDIDATE_POOL,,WATERLINE,4,0.0,0.0,0.0,0.0,WITHIN_20M,-0.0,-0.0,-0.0,-0.0,LOW,0.0
TA0755,CONTROL_CANDIDATE_POOL,,MANGROVE_EDGE_PROXY,4,326.65,108.88,98.0,326.65,APPARENT_SEAWARD,-36.82,-4.15,-4.15,289.83,LOW,32.67
TA0756,TREATMENT,95-STC,WATERLINE,4,0.0,0.0,0.0,0.0,WITHIN_20M,-0.0,-0.0,-0.0,-0.0,LOW,0.0
TA0756,TREATMENT,95-STC,MANGROVE_EDGE_PROXY,4,131.93,43.98,39.58,131.93,APPARENT_SEAWARD,-197.89,-65.96,-65.96,-65.96,LOW,131.93
TA0757,CONTROL_CANDIDATE_POOL,,WATERLINE,4,-60.14,-20.05,-20.05,60.14,APPARENT_LANDWARD,60.14,20.05,-0.0,-0.0,LOW,-60.14
TA0757,CONTROL_CANDIDATE_POOL,,MANGROVE_EDGE_PROXY,4,20.05,6.68,6.02,20.05,APPARENT_SEAWARD,-120.28,-100.23,-100.23,-100.23,LOW,20.05
TA0758,CONTROL_CANDIDATE_POOL,,WATERLINE,4,74.31,24.77,24.07,102.59,APPARENT_SEAWARD,-74.31,10.55,28.28,-0.0,LOW,102.59
TA0758,CONTROL_CANDIDATE_POOL,,MANGROVE_EDGE_PROXY,4,0.0,0.0,-1.77,17.74,WITHIN_20M,-102.59,-84.85,-102.59,-102.59,LOW,0.0
TA0759,CONTROL_CANDIDATE_POOL,,WATERLINE,4,-100.0,-33.33,-30.0,100.0,APPARENT_LANDWARD,100.0,0.0,0.0,0.0,LOW,-100.0
TA0759,CONTROL_CANDIDATE_POOL,,MANGROVE_EDGE_PROXY,4,700.0,233.33,210.0,700.0,APPARENT_SEAWARD,200.0,880.0,880.0,900.0,LOW,680.0
TA0760,CONTROL_CANDIDATE_POOL,,WATERLINE,4,126.46,42.15,37.94,126.46,APPARENT_SEAWARD,-126.46,-0.0,-0.0,-0.0,LOW,126.46
TA0760,CONTROL_CANDIDATE_POOL,,MANGROVE_EDGE_PROXY,4,192.54,64.18,52.95,192.54,APPARENT_SEAWARD,-800.34,-704.07,-752.21,-607.8,LOW,48.13
TA0761,TREATMENT,94-STC,WATERLINE,4,113.14,37.71,36.41,113.14,APPARENT_SEAWARD,-113.14,-24.69,-0.0,-0.0,LOW,113.14
TA0761,TREATMENT,94-STC,MANGROVE_EDGE_PROXY,4,-339.41,-113.14,-67.88,339.41,APPARENT_LANDWARD,1499.07,1159.66,1499.07,1159.66,LOW,0.0
TA0762,CONTROL_CANDIDATE_POOL,,WATERLINE,4,126.46,42.15,37.94,126.46,APPARENT_SEAWARD,-126.46,-0.0,-0.0,-0.0,LOW,126.46
TA0762,CONTROL_CANDIDATE_POOL,,MANGROVE_EDGE_PROXY,4,0.0,0.0,-4.81,48.14,WITHIN_20M,-944.75,-896.61,-944.75,-944.75,LOW,0.0
TA0763,CONTROL_CANDIDATE_POOL,,WATERLINE,4,113.14,37.71,33.94,113.14,APPARENT_SEAWARD,-113.14,-0.0,-0.0,-0.0,LOW,113.14
TA0763,CONTROL_CANDIDATE_POOL,,MANGROVE_EDGE_PROXY,4,0.0,0.0,-0.0,0.0,WITHIN_20M,1470.78,1470.78,1470.78,1470.78,LOW,0.0
TA0764,CONTROL_CANDIDATE_POOL,,WATERLINE,4,141.42,47.14,44.2,159.16,APPARENT_SEAWARD,-141.42,-0.0,17.74,-0.0,LOW,159.16
TA0764,CONTROL_CANDIDATE_POOL,,MANGROVE_EDGE_PROXY,4,0.0,0.0,-1.77,17.74,WITHIN_20M,1442.5,1460.24,1442.5,1442.5,LOW,0.0
TA0765,CONTROL_CANDIDATE_POOL,,WATERLINE,4,424.26,141.42,129.75,424.26,APPARENT_SEAWARD,-424.26,-24.69,-0.0,-0.0,LOW,424.26
TA0765,CONTROL_CANDIDATE_POOL,,MANGROVE_EDGE_PROXY,4,0.0,0.0,-0.0,0.0,WITHIN_20M,1414.21,1414.21,1414.21,1414.21,LOW,0.0
TA0766,CONTROL_CANDIDATE_POOL,,WATERLINE,4,565.69,188.56,172.54,565.69,APPARENT_SEAWARD,-565.69,-28.28,-0.0,-0.0,LOW,565.69
TA0766,CONTROL_CANDIDATE_POOL,,MANGROVE_EDGE_PROXY,4,0.0,0.0,-0.0,0.0,WITHIN_20M,1414.21,1414.21,1414.21,1414.21,LOW,0.0
TA0767,CONTROL_CANDIDATE_POOL,,WATERLINE,4,690.11,230.04,208.41,690.11,APPARENT_SEAWARD,-690.11,-50.59,-36.82,0.0,LOW,653.29
TA0767,CONTROL_CANDIDATE_POOL,,MANGROVE_EDGE_PROXY,4,5.94,1.98,1.19,5.94,WITHIN_20M,1492.47,1498.41,1492.47,1498.41,LOW,0.0
TA0768,CONTROL_CANDIDATE_POOL,,WATERLINE,4,593.97,197.99,175.36,593.97,APPARENT_SEAWARD,-593.97,-56.57,-84.85,-0.0,LOW,509.12
TA0768,CONTROL_CANDIDATE_POOL,,MANGROVE_EDGE_PROXY,4,0.0,0.0,-0.0,0.0,WITHIN_20M,1403.67,1403.67,1403.67,1403.67,LOW,0.0
TA0769,CONTROL_CANDIDATE_POOL,,WATERLINE,4,820.76,273.59,249.5,820.76,APPARENT_SEAWARD,-820.76,-102.15,-69.48,0.0,LOW,751.28
TA0769,CONTROL_CANDIDATE_POOL,,MANGROVE_EDGE_PROXY,4,0.0,0.0,-0.88,8.8,WITHIN_20M,1433.08,1441.88,1433.08,1433.08,LOW,0.0
TA0770,CONTROL_CANDIDATE_POOL,,WATERLINE,4,1080.0,360.0,326.0,1080.0,APPARENT_SEAWARD,-1080.0,-1040.0,-1020.0,0.0,LOW,60.0
TA0770,CONTROL_CANDIDATE_POOL,,MANGROVE_EDGE_PROXY,4,20.0,6.67,6.0,20.0,WITHIN_20M,-1180.0,-1160.0,-1160.0,-1160.0,LOW,20.0
TA0771,CONTROL_CANDIDATE_POOL,,WATERLINE,4,1147.41,382.47,344.22,1147.41,APPARENT_SEAWARD,-1147.41,-1147.41,-1147.41,0.0,LOW,0.0
TA0771,CONTROL_CANDIDATE_POOL,,MANGROVE_EDGE_PROXY,4,0.0,0.0,-0.0,0.0,WITHIN_20M,1367.75,1367.75,1367.75,1367.75,LOW,0.0
TA0772,CONTROL_CANDIDATE_POOL,,WATERLINE,4,876.81,292.27,263.04,876.81,APPARENT_SEAWARD,-876.81,-876.81,-876.81,-0.0,LOW,0.0
TA0772,CONTROL_CANDIDATE_POOL,,MANGROVE_EDGE_PROXY,4,-84.86,-28.29,-25.46,84.86,APPARENT_LANDWARD,1499.07,1414.21,1414.21,1414.21,LOW,-84.86
TA0773,CONTROL_CANDIDATE_POOL,,WATERLINE,4,1278.07,426.02,383.42,2449.84,APPARENT_SEAWARD,-1278.07,1171.77,1171.77,0.0,LOW,2449.84
TA0773,CONTROL_CANDIDATE_POOL,,MANGROVE_EDGE_PROXY,4,0.0,0.0,0.0,0.0,WITHIN_20M,1365.99,1365.99,1365.99,1365.99,LOW,0.0
TA0774,CONTROL_CANDIDATE_POOL,,WATERLINE,4,1041.01,347.0,301.31,1590.71,APPARENT_SEAWARD,-1041.01,549.7,439.76,-0.0,LOW,1480.77
TA0774,CONTROL_CANDIDATE_POOL,,MANGROVE_EDGE_PROXY,3,,,-0.0,0.0,INSUFFICIENT_DATA,,-1137.28,-1137.28,-1137.28,LOW,
TA0775,CONTROL_CANDIDATE_POOL,,WATERLINE,4,-733.59,-244.53,-223.34,733.59,APPARENT_LANDWARD,733.59,722.77,690.11,0.0,LOW,-43.48
TA0775,CONTROL_CANDIDATE_POOL,,MANGROVE_EDGE_PROXY,4,50.59,16.86,15.18,50.59,APPARENT_SEAWARD,986.55,1016.75,1016.75,1037.14,LOW,30.2
TA0776,CONTROL_CANDIDATE_POOL,,WATERLINE,2,,,900.0,900.0,INSUFFICIENT_DATA,,,-900.0,0.0,LOW,
TA0776,CONTROL_CANDIDATE_POOL,,MANGROVE_EDGE_PROXY,0,,,,,INSUFFICIENT_DATA,,,,,LOW,
TA0777,TREATMENT,96-STC,WATERLINE,4,680.0,226.67,206.0,680.0,APPARENT_SEAWARD,-680.0,-340.0,-320.0,0.0,LOW,360.0
TA0777,TREATMENT,96-STC,MANGROVE_EDGE_PROXY,4,0.0,0.0,-0.0,0.0,WITHIN_20M,1340.0,1340.0,1340.0,1340.0,LOW,0.0
TA0778,TREATMENT,96-STC,WATERLINE,4,680.0,226.67,206.0,680.0,APPARENT_SEAWARD,-680.0,-340.0,-320.0,0.0,LOW,360.0
TA0778,TREATMENT,96-STC,MANGROVE_EDGE_PROXY,4,0.0,0.0,-2.0,20.0,WITHIN_20M,1380.0,1400.0,1380.0,1380.0,LOW,0.0
TA0779,CONTROL_CANDIDATE_POOL,,WATERLINE,4,1439.08,479.69,467.38,1439.08,APPARENT_SEAWARD,-1439.08,-1439.08,-1082.49,-0.0,LOW,356.59
TA0779,CONTROL_CANDIDATE_POOL,,MANGROVE_EDGE_PROXY,0,,,,,INSUFFICIENT_DATA,,,,,LOW,
TA0780,TREATMENT,95-STC,WATERLINE,4,640.0,213.33,194.0,660.0,APPARENT_SEAWARD,-640.0,-660.0,-640.0,0.0,LOW,0.0
TA0780,TREATMENT,95-STC,MANGROVE_EDGE_PROXY,4,0.0,0.0,0.34,3.37,WITHIN_20M,1496.86,1493.49,1496.86,1496.86,LOW,0.0
TA0781,CONTROL_CANDIDATE_POOL,,WATERLINE,4,-820.76,-273.59,-256.35,820.76,APPARENT_LANDWARD,820.76,682.99,581.81,-0.0,LOW,-238.95
TA0781,CONTROL_CANDIDATE_POOL,,MANGROVE_EDGE_PROXY,4,0.0,0.0,-0.0,0.0,WITHIN_20M,1467.17,1467.17,1467.17,1467.17,LOW,0.0
TA0782,TREATMENT,95-STC,WATERLINE,4,720.0,240.0,210.0,720.0,APPARENT_SEAWARD,-720.0,-660.0,-720.0,0.0,LOW,0.0
TA0782,TREATMENT,95-STC,MANGROVE_EDGE_PROXY,4,20.0,6.67,6.0,20.0,WITHIN_20M,-760.0,-760.0,-760.0,-740.0,LOW,0.0
TA0783,CONTROL_CANDIDATE_POOL,,WATERLINE,4,834.77,278.26,237.78,1188.92,APPARENT_SEAWARD,-834.77,354.15,227.66,0.0,LOW,1062.43
TA0783,CONTROL_CANDIDATE_POOL,,MANGROVE_EDGE_PROXY,4,130.65,43.55,39.2,130.65,APPARENT_SEAWARD,-1008.44,-877.79,-877.79,-877.79,LOW,130.65
TA0784,CONTROL_CANDIDATE_POOL,,WATERLINE,3,,,582.68,1221.32,INSUFFICIENT_DATA,,-1165.36,-1221.32,-0.0,LOW,
TA0784,CONTROL_CANDIDATE_POOL,,MANGROVE_EDGE_PROXY,4,0.0,0.0,0.0,0.0,WITHIN_20M,1319.27,1319.27,1319.27,1319.27,LOW,0.0
TA0785,CONTROL_CANDIDATE_POOL,,WATERLINE,4,-943.12,-314.37,-293.06,943.12,APPARENT_LANDWARD,943.12,784.18,682.99,-0.0,LOW,-260.13
TA0785,CONTROL_CANDIDATE_POOL,,MANGROVE_EDGE_PROXY,4,24.52,8.17,7.36,24.52,APPARENT_SEAWARD,1139.1,1163.62,1163.62,1163.62,LOW,24.52
TA0786,CONTROL_CANDIDATE_POOL,,WATERLINE,4,-1007.69,-335.9,-302.31,1007.69,APPARENT_LANDWARD,1007.69,1007.69,1007.69,-0.0,LOW,0.0
TA0786,CONTROL_CANDIDATE_POOL,,MANGROVE_EDGE_PROXY,4,0.0,0.0,-0.0,0.0,WITHIN_20M,1442.5,1442.5,1442.5,1442.5,LOW,0.0
TA0787,CONTROL_CANDIDATE_POOL,,WATERLINE,4,-1099.49,-366.5,-329.85,1099.49,APPARENT_LANDWARD,1099.49,1099.49,1099.49,-0.0,LOW,0.0
TA0787,CONTROL_CANDIDATE_POOL,,MANGROVE_EDGE_PROXY,4,-197.99,-66.0,-44.9,339.41,APPARENT_LANDWARD,1467.19,1127.78,1272.79,1269.2,LOW,-194.4
TA0788,CONTROL_CANDIDATE_POOL,,WATERLINE,4,-1057.06,-352.35,-317.12,1057.06,APPARENT_LANDWARD,1057.06,1057.06,1057.06,-0.0,LOW,0.0
TA0788,CONTROL_CANDIDATE_POOL,,MANGROVE_EDGE_PROXY,4,-339.41,-113.14,-80.25,339.41,APPARENT_LANDWARD,1424.76,1085.35,1301.08,1085.35,LOW,-123.68
TA0789,CONTROL_CANDIDATE_POOL,,WATERLINE,4,791.96,263.99,237.59,791.96,APPARENT_SEAWARD,-791.96,-791.96,-791.96,-0.0,LOW,0.0
TA0789,CONTROL_CANDIDATE_POOL,,MANGROVE_EDGE_PROXY,4,-60.17,-20.06,-18.05,60.17,APPARENT_LANDWARD,1442.5,1442.5,1442.5,1382.33,LOW,0.0
TA0790,CONTROL_CANDIDATE_POOL,,WATERLINE,4,781.41,260.47,234.42,781.41,APPARENT_SEAWARD,-781.41,-781.41,-781.41,-0.0,LOW,0.0
TA0790,CONTROL_CANDIDATE_POOL,,MANGROVE_EDGE_PROXY,4,0.0,0.0,-0.0,0.0,WITHIN_20M,1470.78,1470.78,1470.78,1470.78,LOW,0.0
TA0791,CONTROL_CANDIDATE_POOL,,WATERLINE,4,1323.04,441.01,396.91,1323.04,APPARENT_SEAWARD,-1323.04,-1102.53,-1102.53,-0.0,LOW,220.51
TA0791,CONTROL_CANDIDATE_POOL,,MANGROVE_EDGE_PROXY,4,20.04,6.68,6.01,20.04,APPARENT_SEAWARD,-1343.08,-1323.04,-1323.04,-1323.04,LOW,20.04
TA0792,CONTROL_CANDIDATE_POOL,,WATERLINE,3,,,-646.33,2277.54,INSUFFICIENT_DATA,,1292.66,-984.88,-0.0,LOW,
TA0792,CONTROL_CANDIDATE_POOL,,MANGROVE_EDGE_PROXY,0,,,,,INSUFFICIENT_DATA,,,,,LOW,
TA0793,CONTROL_CANDIDATE_POOL,,WATERLINE,4,1200.0,400.0,484.0,1240.0,APPARENT_SEAWARD,-1200.0,-1220.0,20.0,0.0,LOW,1220.0
TA0793,CONTROL_CANDIDATE_POOL,,MANGROVE_EDGE_PROXY,4,0.0,0.0,0.0,0.0,WITHIN_20M,-1220.0,-1220.0,-1220.0,-1220.0,LOW,0.0
TA0794,CONTROL_CANDIDATE_POOL,,WATERLINE,4,1180.0,393.33,354.0,1200.0,APPARENT_SEAWARD,-1180.0,20.0,20.0,0.0,LOW,1200.0
TA0794,CONTROL_CANDIDATE_POOL,,MANGROVE_EDGE_PROXY,4,40.0,13.33,12.0,40.0,APPARENT_SEAWARD,-1220.0,-1180.0,-1180.0,-1180.0,LOW,40.0
TA0795,CONTROL_CANDIDATE_POOL,,WATERLINE,4,-708.29,-236.1,-215.02,708.29,APPARENT_LANDWARD,708.29,25.3,0.0,0.0,LOW,-708.29
TA0795,CONTROL_CANDIDATE_POOL,,MANGROVE_EDGE_PROXY,4,-694.75,-231.58,-159.43,727.41,APPARENT_LANDWARD,1441.88,714.47,1204.43,747.13,LOW,-237.45
TA0796,CONTROL_CANDIDATE_POOL,,WATERLINE,4,-691.83,-230.61,-207.55,691.83,APPARENT_LANDWARD,691.83,-0.0,-0.0,-0.0,LOW,-691.83
TA0796,CONTROL_CANDIDATE_POOL,,MANGROVE_EDGE_PROXY,4,1209.33,403.11,362.8,1209.33,APPARENT_SEAWARD,-1319.27,-1297.28,-1297.28,-109.94,LOW,21.99
TA0797,CONTROL_CANDIDATE_POOL,,WATERLINE,4,1082.49,360.83,324.75,1082.49,APPARENT_SEAWARD,-1082.49,-0.0,-0.0,-0.0,LOW,1082.49
TA0797,CONTROL_CANDIDATE_POOL,,MANGROVE_EDGE_PROXY,4,20.05,6.68,6.02,20.05,APPARENT_SEAWARD,-1122.58,-1102.53,-1102.53,-1102.53,LOW,20.05
TA0798,CONTROL_CANDIDATE_POOL,,WATERLINE,4,1128.51,376.17,336.5,1149.03,APPARENT_SEAWARD,-1128.51,20.52,-0.0,-0.0,LOW,1128.51
TA0798,CONTROL_CANDIDATE_POOL,,MANGROVE_EDGE_PROXY,4,20.52,6.84,6.16,20.52,APPARENT_SEAWARD,-1231.11,-1210.59,-1210.59,-1210.59,LOW,20.52
TA0799,CONTROL_CANDIDATE_POOL,,WATERLINE,4,0.0,0.0,-2.53,25.3,WITHIN_20M,0.0,25.3,0.0,0.0,LOW,0.0
TA0799,CONTROL_CANDIDATE_POOL,,MANGROVE_EDGE_PROXY,4,-801.1,-267.03,-237.06,801.1,APPARENT_LANDWARD,1188.92,387.82,420.49,387.82,LOW,-768.43
TA0800,TREATMENT,94-STC,WATERLINE,4,0.0,0.0,-1.77,17.74,WITHIN_20M,-0.0,17.74,-0.0,-0.0,LOW,0.0
TA0800,TREATMENT,94-STC,MANGROVE_EDGE_PROXY,4,-1007.69,-335.9,-201.54,1007.69,APPARENT_LANDWARD,1205.68,197.99,1205.68,197.99,LOW,0.0
TA0801,CONTROL_CANDIDATE_POOL,,WATERLINE,4,0.0,0.0,0.0,0.0,WITHIN_20M,0.0,0.0,0.0,0.0,LOW,0.0
TA0801,CONTROL_CANDIDATE_POOL,,MANGROVE_EDGE_PROXY,4,20.0,6.67,6.0,20.0,WITHIN_20M,-260.0,-240.0,-240.0,-240.0,LOW,20.0
TA0802,CONTROL_CANDIDATE_POOL,,WATERLINE,4,0.0,0.0,0.0,0.0,WITHIN_20M,-0.0,-0.0,-0.0,-0.0,LOW,0.0
TA0802,CONTROL_CANDIDATE_POOL,,MANGROVE_EDGE_PROXY,4,0.0,0.0,0.0,0.0,WITHIN_20M,-114.22,-114.22,-114.22,-114.22,LOW,0.0
TA0803,CONTROL_CANDIDATE_POOL,,WATERLINE,4,50.59,16.86,15.59,50.59,APPARENT_SEAWARD,-50.59,-4.15,0.0,0.0,LOW,50.59
TA0803,CONTROL_CANDIDATE_POOL,,MANGROVE_EDGE_PROXY,4,-1037.11,-345.7,-207.42,1037.11,APPARENT_LANDWARD,1163.62,126.51,1163.62,126.51,LOW,0.0
TA0804,CONTROL_CANDIDATE_POOL,,WATERLINE,4,-43.98,-14.66,-11.4,61.93,APPARENT_LANDWARD,43.98,-17.95,-0.0,-0.0,LOW,-43.98
TA0804,CONTROL_CANDIDATE_POOL,,MANGROVE_EDGE_PROXY,4,144.4,48.13,43.32,144.4,APPARENT_SEAWARD,-162.35,-17.95,-17.95,-17.95,LOW,144.4
TA0805,TREATMENT,98-STC,WATERLINE,4,0.0,0.0,2.47,24.69,WITHIN_20M,-0.0,-24.69,-0.0,-0.0,LOW,0.0
TA0805,TREATMENT,98-STC,MANGROVE_EDGE_PROXY,4,141.42,47.14,42.43,141.42,APPARENT_SEAWARD,-166.11,-24.69,-24.69,-24.69,LOW,141.42
TA0806,TREATMENT,97-STC,WATERLINE,4,0.0,0.0,0.0,0.0,WITHIN_20M,0.0,0.0,0.0,0.0,LOW,0.0
TA0806,TREATMENT,97-STC,MANGROVE_EDGE_PROXY,4,20.0,6.67,6.0,20.0,WITHIN_20M,-20.0,0.0,0.0,0.0,LOW,20.0
TA0807,CONTROL_CANDIDATE_POOL,,WATERLINE,4,-25.3,-8.43,-7.59,25.3,APPARENT_LANDWARD,25.3,25.3,25.3,0.0,LOW,0.0
TA0807,CONTROL_CANDIDATE_POOL,,MANGROVE_EDGE_PROXY,4,0.0,0.0,-0.0,0.0,WITHIN_20M,1465.75,1465.75,1465.75,1465.75,LOW,0.0
TA0808,CONTROL_CANDIDATE_POOL,,WATERLINE,4,-20.0,-6.67,-6.0,20.0,WITHIN_20M,20.0,20.0,20.0,0.0,LOW,0.0
TA0808,CONTROL_CANDIDATE_POOL,,MANGROVE_EDGE_PROXY,4,60.0,20.0,18.0,60.0,APPARENT_SEAWARD,800.0,840.0,840.0,860.0,LOW,40.0
TA0809,TREATMENT,96-STC,WATERLINE,4,0.0,0.0,0.0,0.0,WITHIN_20M,0.0,0.0,0.0,0.0,LOW,0.0
TA0809,TREATMENT,96-STC,MANGROVE_EDGE_PROXY,4,0.0,0.0,0.0,0.0,WITHIN_20M,-40.0,-40.0,-40.0,-40.0,LOW,0.0
TA0810,TREATMENT,95-STC,WATERLINE,4,0.0,0.0,2.0,20.0,WITHIN_20M,0.0,-20.0,0.0,0.0,LOW,0.0
TA0810,TREATMENT,95-STC,MANGROVE_EDGE_PROXY,4,0.0,0.0,0.0,0.0,WITHIN_20M,-40.0,-40.0,-40.0,-40.0,LOW,0.0
TA0811,TREATMENT,95-STC,WATERLINE,4,0.0,0.0,0.0,0.0,WITHIN_20M,0.0,0.0,0.0,0.0,LOW,0.0
TA0811,TREATMENT,95-STC,MANGROVE_EDGE_PROXY,4,20.0,6.67,4.0,20.0,WITHIN_20M,-80.0,-60.0,-80.0,-60.0,LOW,0.0
TA0812,CONTROL_CANDIDATE_POOL,,WATERLINE,4,0.0,0.0,-2.05,20.52,WITHIN_20M,-0.0,20.52,-0.0,-0.0,LOW,0.0
TA0812,CONTROL_CANDIDATE_POOL,,MANGROVE_EDGE_PROXY,4,0.0,0.0,0.0,0.0,WITHIN_20M,-122.92,-122.92,-122.92,-122.92,LOW,0.0
TA0813,TREATMENT,97-STC,WATERLINE,4,0.0,0.0,-2.47,24.69,WITHIN_20M,-0.0,24.69,-0.0,-0.0,LOW,0.0
TA0813,TREATMENT,97-STC,MANGROVE_EDGE_PROXY,4,0.0,0.0,0.0,0.0,WITHIN_20M,-28.28,-28.28,-28.28,-28.28,LOW,0.0
TA0814,TREATMENT,95-STC,WATERLINE,4,-20.52,-6.84,-4.1,20.52,APPARENT_LANDWARD,20.52,0.0,20.52,0.0,LOW,0.0
TA0814,TREATMENT,95-STC,MANGROVE_EDGE_PROXY,4,0.0,0.0,0.0,0.0,WITHIN_20M,-20.52,-20.52,-20.52,-20.52,LOW,0.0
TA0815,TREATMENT,95-STC,WATERLINE,4,0.0,0.0,0.0,0.0,WITHIN_20M,0.0,0.0,0.0,0.0,LOW,0.0
TA0815,TREATMENT,95-STC,MANGROVE_EDGE_PROXY,4,0.0,0.0,0.0,0.0,WITHIN_20M,-20.0,-20.0,-20.0,-20.0,LOW,0.0
TA0816,CONTROL_CANDIDATE_POOL,,WATERLINE,4,0.0,0.0,0.0,0.0,WITHIN_20M,-0.0,-0.0,-0.0,-0.0,LOW,0.0
TA0816,CONTROL_CANDIDATE_POOL,,MANGROVE_EDGE_PROXY,4,84.85,28.28,25.46,84.85,APPARENT_SEAWARD,-159.16,-102.59,-102.59,-74.31,LOW,56.57
TA0817,TREATMENT,95-STC,WATERLINE,4,-20.0,-6.67,-4.0,20.0,WITHIN_20M,20.0,0.0,20.0,0.0,LOW,0.0
TA0817,TREATMENT,95-STC,MANGROVE_EDGE_PROXY,4,80.0,26.67,24.0,80.0,APPARENT_SEAWARD,-140.0,-80.0,-80.0,-60.0,LOW,60.0
TA0818,TREATMENT,95-STC,WATERLINE,4,0.0,0.0,2.2,21.99,WITHIN_20M,-0.0,-21.99,-0.0,-0.0,LOW,0.0
TA0818,TREATMENT,95-STC,MANGROVE_EDGE_PROXY,4,87.96,29.32,26.39,87.96,APPARENT_SEAWARD,-153.92,-87.95,-87.95,-65.96,LOW,65.97
TA0819,TREATMENT,94-STC,WATERLINE,4,0.0,0.0,2.0,20.0,WITHIN_20M,0.0,-20.0,0.0,0.0,LOW,0.0
TA0819,TREATMENT,94-STC,MANGROVE_EDGE_PROXY,4,40.0,13.33,12.0,40.0,APPARENT_SEAWARD,-100.0,-80.0,-80.0,-60.0,LOW,20.0
TA0820,TREATMENT,94-STC,WATERLINE,4,0.0,0.0,2.0,20.0,WITHIN_20M,0.0,-20.0,0.0,0.0,LOW,0.0
TA0820,TREATMENT,94-STC,MANGROVE_EDGE_PROXY,4,20.0,6.67,6.0,20.0,WITHIN_20M,-100.0,-80.0,-80.0,-80.0,LOW,20.0
TA0821,CONTROL_CANDIDATE_POOL,,WATERLINE,4,20.0,6.67,6.0,20.0,WITHIN_20M,-20.0,-20.0,-20.0,0.0,LOW,0.0
TA0821,CONTROL_CANDIDATE_POOL,,MANGROVE_EDGE_PROXY,4,20.0,6.67,4.0,40.0,WITHIN_20M,-200.0,-200.0,-220.0,-180.0,LOW,-20.0
TA0822,TREATMENT,97-STC,WATERLINE,4,17.95,5.98,5.39,17.95,WITHIN_20M,-17.95,-17.95,-17.95,-0.0,LOW,0.0
TA0822,TREATMENT,97-STC,MANGROVE_EDGE_PROXY,4,48.13,16.04,14.44,48.13,APPARENT_SEAWARD,-66.08,-17.95,-17.95,-17.95,LOW,48.13
TA0823,TREATMENT,94-STC,WATERLINE,4,0.0,0.0,0.0,0.0,WITHIN_20M,0.0,0.0,0.0,0.0,LOW,0.0
TA0823,TREATMENT,94-STC,MANGROVE_EDGE_PROXY,4,20.0,6.67,4.0,20.0,WITHIN_20M,-20.0,0.0,-20.0,0.0,LOW,0.0
TA0824,CONTROL_CANDIDATE_POOL,,WATERLINE,4,0.0,0.0,0.0,0.0,WITHIN_20M,-0.0,-0.0,-0.0,-0.0,LOW,0.0
TA0824,CONTROL_CANDIDATE_POOL,,MANGROVE_EDGE_PROXY,4,0.0,0.0,-2.83,28.28,WITHIN_20M,-46.02,-17.74,-46.02,-46.02,LOW,0.0
TA0825,CONTROL_CANDIDATE_POOL,,WATERLINE,4,0.0,0.0,0.0,0.0,WITHIN_20M,-0.0,-0.0,-0.0,-0.0,LOW,0.0
TA0825,CONTROL_CANDIDATE_POOL,,MANGROVE_EDGE_PROXY,4,20.05,6.68,6.02,20.05,APPARENT_SEAWARD,-420.97,-420.97,-420.97,-400.92,LOW,0.0
TA0826,CONTROL_CANDIDATE_POOL,,WATERLINE,4,0.0,0.0,0.0,0.0,WITHIN_20M,-0.0,-0.0,-0.0,-0.0,LOW,0.0
TA0826,CONTROL_CANDIDATE_POOL,,MANGROVE_EDGE_PROXY,4,0.0,0.0,-2.83,28.29,WITHIN_20M,-159.16,-130.87,-159.16,-159.16,LOW,0.0
TA0827,TREATMENT,93-STC,WATERLINE,4,-20.05,-6.68,-6.02,20.05,APPARENT_LANDWARD,20.05,20.05,20.05,0.0,LOW,0.0
TA0827,TREATMENT,93-STC,MANGROVE_EDGE_PROXY,4,0.0,0.0,-2.01,20.05,WITHIN_20M,-100.23,-80.18,-100.23,-100.23,LOW,0.0
TA0828,CONTROL_CANDIDATE_POOL,,WATERLINE,4,0.0,0.0,0.0,0.0,WITHIN_20M,0.0,0.0,0.0,0.0,LOW,0.0
TA0828,CONTROL_CANDIDATE_POOL,,MANGROVE_EDGE_PROXY,4,20.0,6.67,4.0,40.0,WITHIN_20M,-380.0,-380.0,-400.0,-360.0,LOW,-20.0
TA0829,CONTROL_CANDIDATE_POOL,,WATERLINE,4,20.05,6.68,4.01,20.05,APPARENT_SEAWARD,-20.05,-0.0,-20.05,-0.0,LOW,0.0
TA0829,CONTROL_CANDIDATE_POOL,,MANGROVE_EDGE_PROXY,4,137.5,45.83,29.22,237.73,APPARENT_SEAWARD,-257.78,-20.05,-140.32,-120.28,LOW,117.46
TA0830,TREATMENT,94-STC,WATERLINE,4,0.0,0.0,0.0,0.0,WITHIN_20M,-0.0,-0.0,-0.0,-0.0,LOW,0.0
TA0830,TREATMENT,94-STC,MANGROVE_EDGE_PROXY,4,0.0,0.0,-2.2,21.99,WITHIN_20M,-21.99,-0.0,-21.99,-21.99,LOW,0.0
TA0831,TREATMENT,93-STC,WATERLINE,4,0.0,0.0,0.0,0.0,WITHIN_20M,0.0,0.0,0.0,0.0,LOW,0.0
TA0831,TREATMENT,93-STC,MANGROVE_EDGE_PROXY,4,0.0,0.0,0.0,0.0,WITHIN_20M,0.0,0.0,0.0,0.0,LOW,0.0
TA0832,TREATMENT,93-STC,WATERLINE,4,0.0,0.0,0.0,0.0,WITHIN_20M,0.0,0.0,0.0,0.0,LOW,0.0
TA0832,TREATMENT,93-STC,MANGROVE_EDGE_PROXY,4,20.0,6.67,6.0,20.0,WITHIN_20M,-20.0,0.0,0.0,0.0,LOW,20.0
TA0833,TREATMENT,94-STC,WATERLINE,4,0.0,0.0,-2.53,25.3,WITHIN_20M,-0.0,25.3,-0.0,-0.0,LOW,0.0
TA0833,TREATMENT,94-STC,MANGROVE_EDGE_PROXY,4,4.15,1.38,1.25,4.15,WITHIN_20M,-4.15,-0.0,-0.0,-0.0,LOW,4.15
TA0834,TREATMENT,93-STC,WATERLINE,4,0.0,0.0,0.0,0.0,WITHIN_20M,0.0,0.0,0.0,0.0,LOW,0.0
TA0834,TREATMENT,93-STC,MANGROVE_EDGE_PROXY,4,0.0,0.0,2.0,20.0,WITHIN_20M,-20.0,-20.0,0.0,-20.0,LOW,20.0
TA0835,TREATMENT,93-STC,WATERLINE,4,0.0,0.0,0.0,0.0,WITHIN_20M,0.0,0.0,0.0,0.0,LOW,0.0
TA0835,TREATMENT,93-STC,MANGROVE_EDGE_PROXY,4,0.0,0.0,2.0,20.0,WITHIN_20M,-20.0,-20.0,0.0,-20.0,LOW,20.0
TA0836,TREATMENT,94-STC,WATERLINE,4,0.0,0.0,1.06,10.55,WITHIN_20M,-0.0,-10.55,-0.0,-0.0,LOW,0.0
TA0836,TREATMENT,94-STC,MANGROVE_EDGE_PROXY,4,0.0,0.0,0.0,0.0,WITHIN_20M,-10.55,-10.55,-10.55,-10.55,LOW,0.0
TA0837,TREATMENT,94-STC,WATERLINE,4,-25.3,-8.43,-5.06,25.3,APPARENT_LANDWARD,25.3,-0.0,25.3,-0.0,LOW,0.0
TA0837,TREATMENT,94-STC,MANGROVE_EDGE_PROXY,4,0.0,0.0,-2.53,25.3,WITHIN_20M,-0.0,25.3,-0.0,-0.0,LOW,0.0
TA0838,TREATMENT,93-STC,WATERLINE,4,-20.0,-6.67,-6.0,20.0,WITHIN_20M,20.0,0.0,0.0,0.0,LOW,-20.0
TA0838,TREATMENT,93-STC,MANGROVE_EDGE_PROXY,4,60.0,20.0,10.0,80.0,APPARENT_SEAWARD,-140.0,-60.0,-140.0,-80.0,LOW,0.0
TA0839,CONTROL_CANDIDATE_POOL,,WATERLINE,4,0.0,0.0,0.36,3.6,WITHIN_20M,-0.0,-0.0,3.6,-0.0,LOW,3.6
TA0839,CONTROL_CANDIDATE_POOL,,MANGROVE_EDGE_PROXY,4,1184.35,394.78,386.42,1184.35,APPARENT_SEAWARD,-1269.2,-395.98,-84.85,-84.85,LOW,1184.35
TA0840,CONTROL_CANDIDATE_POOL,,WATERLINE,4,-17.74,-5.91,-3.55,17.74,WITHIN_20M,17.74,-0.0,17.74,-0.0,LOW,0.0
TA0840,CONTROL_CANDIDATE_POOL,,MANGROVE_EDGE_PROXY,4,848.53,282.84,254.56,848.53,APPARENT_SEAWARD,-1244.51,-395.98,-395.98,-395.98,LOW,848.53
TA0841,CONTROL_CANDIDATE_POOL,,WATERLINE,4,0.0,0.0,0.0,0.0,WITHIN_20M,-0.0,-0.0,-0.0,-0.0,LOW,0.0
TA0841,CONTROL_CANDIDATE_POOL,,MANGROVE_EDGE_PROXY,4,876.81,292.27,263.04,876.81,APPARENT_SEAWARD,-1329.36,-452.55,-452.55,-452.55,LOW,876.81
TA0842,CONTROL_CANDIDATE_POOL,,WATERLINE,4,0.0,0.0,0.0,0.0,WITHIN_20M,-0.0,-0.0,-0.0,-0.0,LOW,0.0
TA0842,CONTROL_CANDIDATE_POOL,,MANGROVE_EDGE_PROXY,3,,,-0.0,28.28,INSUFFICIENT_DATA,,-1414.21,-1385.93,-1414.21,LOW,
TA0843,CONTROL_CANDIDATE_POOL,,WATERLINE,4,0.0,0.0,0.0,0.0,WITHIN_20M,0.0,0.0,0.0,0.0,LOW,0.0
TA0843,CONTROL_CANDIDATE_POOL,,MANGROVE_EDGE_PROXY,0,,,,,INSUFFICIENT_DATA,,,,,LOW,
TA0844,CONTROL_CANDIDATE_POOL,,WATERLINE,4,0.0,0.0,0.0,0.0,WITHIN_20M,-0.0,-0.0,-0.0,-0.0,LOW,0.0
TA0844,CONTROL_CANDIDATE_POOL,,MANGROVE_EDGE_PROXY,0,,,,,INSUFFICIENT_DATA,,,,,LOW,
TA0845,CONTROL_CANDIDATE_POOL,,WATERLINE,4,0.0,0.0,0.0,0.0,WITHIN_20M,0.0,0.0,0.0,0.0,LOW,0.0
TA0845,CONTROL_CANDIDATE_POOL,,MANGROVE_EDGE_PROXY,4,-40.0,-13.33,-12.0,40.0,APPARENT_LANDWARD,1460.0,1440.0,1440.0,1420.0,LOW,-20.0
TA0846,CONTROL_CANDIDATE_POOL,,WATERLINE,4,0.0,0.0,0.0,0.0,WITHIN_20M,0.0,0.0,0.0,0.0,LOW,0.0
TA0846,CONTROL_CANDIDATE_POOL,,MANGROVE_EDGE_PROXY,4,-40.0,-13.33,-12.0,40.0,APPARENT_LANDWARD,1460.0,1440.0,1440.0,1420.0,LOW,-20.0
TA0847,CONTROL_CANDIDATE_POOL,,WATERLINE,4,0.0,0.0,0.0,37.54,WITHIN_20M,-0.0,-37.54,-37.54,-0.0,LOW,-37.54
TA0847,CONTROL_CANDIDATE_POOL,,MANGROVE_EDGE_PROXY,4,160.37,53.46,48.11,160.37,APPARENT_SEAWARD,-1463.36,-1302.99,-1302.99,-1302.99,LOW,160.37
TA0848,TREATMENT,93-STC,WATERLINE,4,329.82,109.94,98.95,329.82,APPARENT_SEAWARD,-329.82,-17.95,-17.95,-0.0,LOW,311.87
TA0848,TREATMENT,93-STC,MANGROVE_EDGE_PROXY,4,3.08,1.03,0.92,3.08,WITHIN_20M,-354.89,-351.81,-351.81,-351.81,LOW,3.08
TA0849,CONTROL_CANDIDATE_POOL,,WATERLINE,3,,,0.0,0.0,INSUFFICIENT_DATA,,-0.0,-0.0,-0.0,LOW,
TA0849,CONTROL_CANDIDATE_POOL,,MANGROVE_EDGE_PROXY,0,,,,,INSUFFICIENT_DATA,,,,,LOW,
TA0850,CONTROL_CANDIDATE_POOL,,WATERLINE,4,220.0,73.33,68.0,240.0,APPARENT_SEAWARD,-220.0,0.0,20.0,0.0,LOW,240.0
TA0850,CONTROL_CANDIDATE_POOL,,MANGROVE_EDGE_PROXY,4,20.0,6.67,6.0,20.0,WITHIN_20M,-500.0,-480.0,-480.0,-480.0,LOW,20.0
TA0851,CONTROL_CANDIDATE_POOL,,WATERLINE,4,1260.0,420.0,380.0,1280.0,APPARENT_SEAWARD,-1260.0,0.0,20.0,0.0,LOW,1280.0
TA0851,CONTROL_CANDIDATE_POOL,,MANGROVE_EDGE_PROXY,0,,,,,INSUFFICIENT_DATA,,,,,LOW,
TA0852,TREATMENT,93-STC,WATERLINE,4,0.0,0.0,1.29,33.39,WITHIN_20M,0.0,20.52,33.39,0.0,LOW,33.39
TA0852,TREATMENT,93-STC,MANGROVE_EDGE_PROXY,4,41.04,13.68,16.42,41.04,APPARENT_SEAWARD,-410.37,-410.37,-369.33,-369.33,LOW,41.04
TA0853,TREATMENT,94-STC,WATERLINE,4,0.0,0.0,0.0,0.0,WITHIN_20M,-0.0,-0.0,-0.0,-0.0,LOW,0.0
TA0853,TREATMENT,94-STC,MANGROVE_EDGE_PROXY,4,16.69,5.56,5.01,16.69,WITHIN_20M,-396.13,-379.44,-379.44,-379.44,LOW,16.69
TA0854,CONTROL_CANDIDATE_POOL,,WATERLINE,4,0.0,0.0,0.0,0.0,WITHIN_20M,-0.0,-0.0,-0.0,-0.0,LOW,0.0
TA0854,CONTROL_CANDIDATE_POOL,,MANGROVE_EDGE_PROXY,4,329.82,109.94,98.95,329.82,APPARENT_SEAWARD,-1341.26,-1011.44,-1011.44,-1011.44,LOW,329.82
TA0855,CONTROL_CANDIDATE_POOL,,WATERLINE,4,0.0,0.0,-2.83,28.28,WITHIN_20M,-0.0,28.28,-0.0,-0.0,LOW,0.0
TA0855,CONTROL_CANDIDATE_POOL,,MANGROVE_EDGE_PROXY,0,,,,,INSUFFICIENT_DATA,,,,,LOW,
TA0856,TREATMENT,92-STC,WATERLINE,4,0.0,0.0,-10.0,120.0,WITHIN_20M,0.0,120.0,20.0,0.0,LOW,20.0
TA0856,TREATMENT,92-STC,MANGROVE_EDGE_PROXY,4,200.0,66.67,60.0,200.0,APPARENT_SEAWARD,-780.0,-600.0,-600.0,-580.0,LOW,180.0
TA0857,CONTROL_CANDIDATE_POOL,,WATERLINE,4,0.0,0.0,3.75,37.54,WITHIN_20M,-0.0,-0.0,37.54,-0.0,LOW,37.54
TA0857,CONTROL_CANDIDATE_POOL,,MANGROVE_EDGE_PROXY,0,,,,,INSUFFICIENT_DATA,,,,,LOW,
TA0858,TREATMENT,92-STC,WATERLINE,4,0.0,0.0,2.0,20.0,WITHIN_20M,0.0,0.0,20.0,0.0,LOW,20.0
TA0858,TREATMENT,92-STC,MANGROVE_EDGE_PROXY,4,220.0,73.33,66.0,220.0,APPARENT_SEAWARD,-760.0,-540.0,-540.0,-540.0,LOW,220.0
TA0859,CONTROL_CANDIDATE_POOL,,WATERLINE,4,20.05,6.68,8.02,40.1,APPARENT_SEAWARD,-20.05,0.0,20.05,0.0,LOW,40.1
TA0859,CONTROL_CANDIDATE_POOL,,MANGROVE_EDGE_PROXY,4,140.33,46.78,42.1,140.33,APPARENT_SEAWARD,-982.26,-841.93,-841.93,-841.93,LOW,140.33
TA0860,CONTROL_CANDIDATE_POOL,,WATERLINE,3,,,0.0,0.0,INSUFFICIENT_DATA,,-0.0,-0.0,-0.0,LOW,
TA0860,CONTROL_CANDIDATE_POOL,,MANGROVE_EDGE_PROXY,0,,,,,INSUFFICIENT_DATA,,,,,LOW,
TA0861,CONTROL_CANDIDATE_POOL,,WATERLINE,3,,,-0.0,3.6,INSUFFICIENT_DATA,,-0.0,3.6,-0.0,LOW,
TA0861,CONTROL_CANDIDATE_POOL,,MANGROVE_EDGE_PROXY,0,,,,,INSUFFICIENT_DATA,,,,,LOW,
TA0862,CONTROL_CANDIDATE_POOL,,WATERLINE,3,,,-0.0,17.74,INSUFFICIENT_DATA,,-0.0,17.74,-0.0,LOW,
TA0862,CONTROL_CANDIDATE_POOL,,MANGROVE_EDGE_PROXY,0,,,,,INSUFFICIENT_DATA,,,,,LOW,
TA0863,CONTROL_CANDIDATE_POOL,,WATERLINE,3,,,-0.0,24.69,INSUFFICIENT_DATA,,-0.0,24.69,-0.0,LOW,
TA0863,CONTROL_CANDIDATE_POOL,,MANGROVE_EDGE_PROXY,0,,,,,INSUFFICIENT_DATA,,,,,LOW,
TA0864,CONTROL_CANDIDATE_POOL,,WATERLINE,4,1000.0,333.33,294.0,1080.0,APPARENT_SEAWARD,-1000.0,80.0,20.0,0.0,LOW,1020.0
TA0864,CONTROL_CANDIDATE_POOL,,MANGROVE_EDGE_PROXY,4,40.0,13.33,12.0,40.0,APPARENT_SEAWARD,-1080.0,-1040.0,-1040.0,-1040.0,LOW,40.0
TA0865,TREATMENT,94-STC,WATERLINE,4,-36.82,-12.27,-11.05,951.42,APPARENT_LANDWARD,36.82,951.42,951.42,0.0,LOW,914.6
TA0865,TREATMENT,94-STC,MANGROVE_EDGE_PROXY,4,50.59,16.86,14.74,54.98,APPARENT_SEAWARD,-834.77,-779.79,-784.18,-784.18,LOW,50.59
TA0866,CONTROL_CANDIDATE_POOL,,WATERLINE,3,,,43.98,109.94,INSUFFICIENT_DATA,,-87.95,-109.94,-0.0,LOW,
TA0866,CONTROL_CANDIDATE_POOL,,MANGROVE_EDGE_PROXY,0,,,,,INSUFFICIENT_DATA,,,,,LOW,
TA0867,CONTROL_CANDIDATE_POOL,,WATERLINE,3,,,42.43,109.54,INSUFFICIENT_DATA,,-84.85,-109.54,-0.0,LOW,
TA0867,CONTROL_CANDIDATE_POOL,,MANGROVE_EDGE_PROXY,0,,,,,INSUFFICIENT_DATA,,,,,LOW,
TA0868,CONTROL_CANDIDATE_POOL,,WATERLINE,3,,,42.43,95.4,INSUFFICIENT_DATA,,-84.85,-95.4,-0.0,LOW,
TA0868,CONTROL_CANDIDATE_POOL,,MANGROVE_EDGE_PROXY,0,,,,,INSUFFICIENT_DATA,,,,,LOW,
TA0869,CONTROL_CANDIDATE_POOL,,WATERLINE,3,,,44.22,88.45,INSUFFICIENT_DATA,,-88.45,-88.45,-0.0,LOW,
TA0869,CONTROL_CANDIDATE_POOL,,MANGROVE_EDGE_PROXY,0,,,,,INSUFFICIENT_DATA,,,,,LOW,
TA0870,CONTROL_CANDIDATE_POOL,,WATERLINE,3,,,42.42,84.85,INSUFFICIENT_DATA,,-84.85,-84.85,-0.0,LOW,
TA0870,CONTROL_CANDIDATE_POOL,,MANGROVE_EDGE_PROXY,0,,,,,INSUFFICIENT_DATA,,,,,LOW,
TA0871,CONTROL_CANDIDATE_POOL,,WATERLINE,4,28.28,9.43,5.66,88.45,APPARENT_SEAWARD,-28.28,-60.16,-88.45,-0.0,LOW,-60.17
TA0871,CONTROL_CANDIDATE_POOL,,MANGROVE_EDGE_PROXY,0,,,,,INSUFFICIENT_DATA,,,,,LOW,
TA0872,CONTROL_CANDIDATE_POOL,,WATERLINE,4,0.0,0.0,-8.48,187.44,WITHIN_20M,-0.0,-102.59,-187.44,-0.0,LOW,-187.44
TA0872,CONTROL_CANDIDATE_POOL,,MANGROVE_EDGE_PROXY,0,,,,,INSUFFICIENT_DATA,,,,,LOW,
TA0873,TREATMENT,92-STC,WATERLINE,4,20.0,6.67,8.0,120.0,WITHIN_20M,-20.0,80.0,100.0,0.0,LOW,120.0
TA0873,TREATMENT,92-STC,MANGROVE_EDGE_PROXY,4,240.0,80.0,72.0,240.0,APPARENT_SEAWARD,-700.0,-460.0,-460.0,-460.0,LOW,240.0
TA0874,TREATMENT,94-STC,WATERLINE,4,-67.11,-22.37,36.44,661.08,APPARENT_LANDWARD,67.11,95.4,661.08,-0.0,LOW,593.97
TA0874,TREATMENT,94-STC,MANGROVE_EDGE_PROXY,4,56.57,18.86,19.8,56.57,APPARENT_SEAWARD,-442.0,-413.72,-385.43,-385.43,LOW,56.57
TA0875,TREATMENT,92-STC,WATERLINE,4,80.18,26.73,14.03,300.69,APPARENT_SEAWARD,-80.18,220.51,120.28,0.0,LOW,200.46
TA0875,TREATMENT,92-STC,MANGROVE_EDGE_PROXY,4,220.51,73.5,66.15,220.51,APPARENT_SEAWARD,-701.61,-481.1,-481.1,-481.1,LOW,220.51
TA0876,CONTROL_CANDIDATE_POOL,,WATERLINE,4,-100.0,-33.33,-30.0,260.0,APPARENT_LANDWARD,100.0,-160.0,-160.0,0.0,LOW,-260.0
TA0876,CONTROL_CANDIDATE_POOL,,MANGROVE_EDGE_PROXY,4,20.0,6.67,6.0,20.0,WITHIN_20M,-1220.0,-1200.0,-1200.0,-1200.0,LOW,20.0
TA0877,CONTROL_CANDIDATE_POOL,,WATERLINE,4,-20.0,-6.67,-6.0,200.0,WITHIN_20M,20.0,-180.0,-180.0,0.0,LOW,-200.0
TA0877,CONTROL_CANDIDATE_POOL,,MANGROVE_EDGE_PROXY,4,20.0,6.67,4.0,40.0,WITHIN_20M,-1040.0,-1040.0,-1060.0,-1020.0,LOW,-20.0
TA0878,TREATMENT,92-STC,WATERLINE,4,0.0,0.0,0.0,184.67,WITHIN_20M,0.0,-184.67,-184.67,0.0,LOW,-184.67
TA0878,TREATMENT,92-STC,MANGROVE_EDGE_PROXY,4,-677.11,-225.7,-203.13,677.11,APPARENT_LANDWARD,1313.18,636.07,636.07,636.07,LOW,-677.11
TA0879,TREATMENT,92-STC,WATERLINE,4,0.0,0.0,0.0,180.0,WITHIN_20M,0.0,-180.0,-180.0,0.0,LOW,-180.0
TA0879,TREATMENT,92-STC,MANGROVE_EDGE_PROXY,4,-1080.0,-360.0,-434.0,1100.0,APPARENT_LANDWARD,1480.0,1500.0,400.0,400.0,LOW,-1080.0
TA0880,CONTROL_CANDIDATE_POOL,,WATERLINE,4,0.0,0.0,0.0,82.07,WITHIN_20M,-0.0,-82.07,-82.07,-0.0,LOW,-82.07
TA0880,CONTROL_CANDIDATE_POOL,,MANGROVE_EDGE_PROXY,0,,,,,INSUFFICIENT_DATA,,,,,LOW,
TA0881,CONTROL_CANDIDATE_POOL,,WATERLINE,4,0.0,0.0,-2.0,160.0,WITHIN_20M,0.0,-140.0,-160.0,0.0,LOW,-160.0
TA0881,CONTROL_CANDIDATE_POOL,,MANGROVE_EDGE_PROXY,4,20.0,6.67,4.0,40.0,WITHIN_20M,-460.0,-420.0,-440.0,-440.0,LOW,20.0
TA0882,TREATMENT,92-STC,WATERLINE,4,20.52,6.84,6.16,212.46,APPARENT_SEAWARD,-20.52,-212.46,-212.46,0.0,LOW,-191.94
TA0882,TREATMENT,92-STC,MANGROVE_EDGE_PROXY,4,20.52,6.84,6.16,20.52,APPARENT_SEAWARD,1477.33,1488.75,1488.75,1497.85,LOW,11.42
TA0883,CONTROL_CANDIDATE_POOL,,WATERLINE,4,0.0,0.0,0.0,113.14,WITHIN_20M,-0.0,-113.14,-113.14,-0.0,LOW,-113.14
TA0883,CONTROL_CANDIDATE_POOL,,MANGROVE_EDGE_PROXY,4,-226.28,-75.43,-67.88,226.28,APPARENT_LANDWARD,1442.5,1216.22,1216.22,1216.22,LOW,-226.28
TA0884,CONTROL_CANDIDATE_POOL,,WATERLINE,4,0.0,0.0,1.77,113.14,WITHIN_20M,-0.0,95.4,113.14,-0.0,LOW,113.14
TA0884,CONTROL_CANDIDATE_POOL,,MANGROVE_EDGE_PROXY,4,848.53,282.84,254.56,848.53,APPARENT_SEAWARD,-1159.66,-311.13,-311.13,-311.13,LOW,848.53
TA0885,CONTROL_CANDIDATE_POOL,,WATERLINE,2,0.0,0.0,0.0,0.0,WITHIN_20M,0.0,,,0.0,LOW,
TA0885,CONTROL_CANDIDATE_POOL,,MANGROVE_EDGE_PROXY,4,160.0,53.33,50.0,160.0,APPARENT_SEAWARD,-180.0,-40.0,-20.0,-20.0,LOW,160.0
TA0886,CONTROL_CANDIDATE_POOL,,WATERLINE,4,0.0,0.0,2.83,611.71,WITHIN_20M,-0.0,-611.71,-583.42,-0.0,LOW,-583.42
TA0886,CONTROL_CANDIDATE_POOL,,MANGROVE_EDGE_PROXY,4,17.74,5.91,5.32,17.74,WITHIN_20M,-17.74,-0.0,-0.0,-0.0,LOW,17.74
TA0887,CONTROL_CANDIDATE_POOL,,WATERLINE,4,0.0,0.0,3.27,616.47,WITHIN_20M,0.0,-616.47,-583.81,0.0,LOW,-583.81
TA0887,CONTROL_CANDIDATE_POOL,,MANGROVE_EDGE_PROXY,4,0.0,0.0,0.0,0.0,WITHIN_20M,-25.3,-25.3,-25.3,-25.3,LOW,0.0
TA0888,TREATMENT,93-STC,WATERLINE,4,0.0,0.0,0.0,781.41,WITHIN_20M,-0.0,-781.41,-781.41,-0.0,LOW,-781.41
TA0888,TREATMENT,93-STC,MANGROVE_EDGE_PROXY,4,0.0,0.0,0.0,0.0,WITHIN_20M,-0.0,-0.0,-0.0,-0.0,LOW,0.0
TA0889,CONTROL_CANDIDATE_POOL,,WATERLINE,4,0.0,0.0,0.0,657.7,WITHIN_20M,0.0,-657.7,-657.7,0.0,LOW,-657.7
TA0889,CONTROL_CANDIDATE_POOL,,MANGROVE_EDGE_PROXY,4,0.0,0.0,0.0,0.0,WITHIN_20M,-25.3,-25.3,-25.3,-25.3,LOW,0.0
TA0890,TREATMENT,93-STC,WATERLINE,4,0.0,0.0,0.0,951.12,WITHIN_20M,-0.0,-951.12,-951.12,-0.0,LOW,-951.12
TA0890,TREATMENT,93-STC,MANGROVE_EDGE_PROXY,4,244.01,81.34,74.98,244.01,APPARENT_SEAWARD,-244.01,-17.74,-0.0,-0.0,LOW,244.01
TA0891,TREATMENT,92-STC,WATERLINE,4,0.0,0.0,-0.0,540.0,WITHIN_20M,0.0,540.0,540.0,0.0,LOW,540.0
TA0891,TREATMENT,92-STC,MANGROVE_EDGE_PROXY,4,40.0,13.33,12.0,40.0,APPARENT_SEAWARD,-80.0,-40.0,-40.0,-40.0,LOW,40.0
TA0892,TREATMENT,92-STC,WATERLINE,4,0.0,0.0,-10.0,680.0,WITHIN_20M,0.0,680.0,580.0,0.0,LOW,580.0
TA0892,TREATMENT,92-STC,MANGROVE_EDGE_PROXY,4,180.0,60.0,54.0,180.0,APPARENT_SEAWARD,-200.0,-20.0,-20.0,-20.0,LOW,180.0
TA0893,CONTROL_CANDIDATE_POOL,,WATERLINE,4,-4.15,-1.38,-1.25,396.13,WITHIN_20M,4.15,396.13,396.13,-0.0,LOW,391.98
TA0893,CONTROL_CANDIDATE_POOL,,MANGROVE_EDGE_PROXY,4,505.92,168.64,151.78,505.92,APPARENT_SEAWARD,-531.22,-25.3,-25.3,-25.3,LOW,505.92
TA0894,TREATMENT,92-STC,WATERLINE,4,-20.0,-6.67,-4.0,540.0,WITHIN_20M,20.0,520.0,540.0,0.0,LOW,520.0
TA0894,TREATMENT,92-STC,MANGROVE_EDGE_PROXY,4,220.0,73.33,66.0,220.0,APPARENT_SEAWARD,-240.0,-20.0,-20.0,-20.0,LOW,220.0
TA0895,TREATMENT,93-STC,WATERLINE,4,0.0,0.0,0.0,1131.37,WITHIN_20M,-0.0,-1131.37,-1131.37,-0.0,LOW,-1131.37
TA0895,TREATMENT,93-STC,MANGROVE_EDGE_PROXY,4,169.71,56.57,50.91,169.71,APPARENT_SEAWARD,-197.99,-28.28,-28.28,-28.28,LOW,169.71
TA0896,TREATMENT,94-STC,WATERLINE,4,0.0,0.0,0.58,1292.66,WITHIN_20M,-0.0,-1292.66,-1286.91,-0.0,LOW,-1286.91
TA0896,TREATMENT,94-STC,MANGROVE_EDGE_PROXY,4,171.42,57.14,51.43,171.42,APPARENT_SEAWARD,-212.46,-41.04,-41.04,-41.04,LOW,171.42
TA0897,TREATMENT,92-STC,WATERLINE,4,-20.05,-6.68,-4.01,701.61,APPARENT_LANDWARD,20.05,681.56,701.61,0.0,LOW,681.56
TA0897,TREATMENT,92-STC,MANGROVE_EDGE_PROXY,4,180.42,60.14,54.13,180.42,APPARENT_SEAWARD,-420.97,-240.55,-240.55,-240.55,LOW,180.42
TA0898,TREATMENT,96-STC,WATERLINE,2,0.0,0.0,0.0,0.0,WITHIN_20M,0.0,,,0.0,LOW,
TA0898,TREATMENT,96-STC,MANGROVE_EDGE_PROXY,4,140.0,46.67,42.0,140.0,APPARENT_SEAWARD,-240.0,-100.0,-100.0,-100.0,LOW,140.0
TA0899,CONTROL_CANDIDATE_POOL,,WATERLINE,4,36.82,12.27,11.05,559.45,APPARENT_SEAWARD,-36.82,-559.45,-559.45,0.0,LOW,-522.63
TA0899,CONTROL_CANDIDATE_POOL,,MANGROVE_EDGE_PROXY,4,-457.3,-152.43,-137.19,457.3,APPARENT_LANDWARD,1433.08,1269.76,1269.76,975.78,LOW,-163.32
TA0900,TREATMENT,92-STC,WATERLINE,4,61.56,20.52,26.68,820.74,APPARENT_SEAWARD,-61.56,-820.74,-738.66,0.0,LOW,-677.1
TA0900,TREATMENT,92-STC,MANGROVE_EDGE_PROXY,4,20.52,6.84,8.21,20.52,APPARENT_SEAWARD,1128.51,1128.51,1149.03,1149.03,LOW,20.52
TA0901,CONTROL_CANDIDATE_POOL,,WATERLINE,4,75.89,25.3,22.77,583.81,APPARENT_SEAWARD,-75.89,-583.81,-583.81,-0.0,LOW,-507.92
TA0901,CONTROL_CANDIDATE_POOL,,MANGROVE_EDGE_PROXY,4,-1037.14,-345.71,-311.14,1037.14,APPARENT_LANDWARD,1315.4,1315.4,1315.4,278.26,LOW,0.0
TA0902,CONTROL_CANDIDATE_POOL,,WATERLINE,2,41.04,13.68,13.68,41.04,APPARENT_SEAWARD,-41.04,,,-0.0,LOW,
TA0902,CONTROL_CANDIDATE_POOL,,MANGROVE_EDGE_PROXY,4,61.55,20.52,20.52,61.55,APPARENT_SEAWARD,-123.11,-82.07,-61.56,-61.56,LOW,61.55
TA0903,TREATMENT,93-STC,WATERLINE,4,0.0,0.0,0.0,961.67,WITHIN_20M,-0.0,-961.67,-961.67,-0.0,LOW,-961.67
TA0903,TREATMENT,93-STC,MANGROVE_EDGE_PROXY,4,0.0,0.0,0.0,0.0,WITHIN_20M,-3.6,-3.6,-3.6,-3.6,LOW,0.0
TA0904,TREATMENT,93-STC,WATERLINE,4,0.0,0.0,1.77,979.4,WITHIN_20M,-0.0,-979.4,-961.67,-0.0,LOW,-961.67
TA0904,TREATMENT,93-STC,MANGROVE_EDGE_PROXY,4,17.74,5.91,5.32,17.74,WITHIN_20M,-17.74,-0.0,-0.0,-0.0,LOW,17.74
TA0905,TREATMENT,93-STC,WATERLINE,4,-3.6,-1.2,-1.08,965.27,WITHIN_20M,3.6,-961.67,-961.67,-0.0,LOW,-965.27
TA0905,TREATMENT,93-STC,MANGROVE_EDGE_PROXY,4,28.28,9.43,8.48,28.28,APPARENT_SEAWARD,-28.28,-0.0,-0.0,-0.0,LOW,28.28
TA0906,TREATMENT,93-STC,WATERLINE,4,-17.95,-5.98,-5.38,853.49,WITHIN_20M,17.95,-835.54,-835.54,-0.0,LOW,-853.49
TA0906,TREATMENT,93-STC,MANGROVE_EDGE_PROXY,4,153.91,51.3,46.17,153.91,APPARENT_SEAWARD,-175.9,-21.99,-21.99,-21.99,LOW,153.91
TA0907,TREATMENT,93-STC,WATERLINE,4,0.0,0.0,2.47,986.35,WITHIN_20M,-0.0,-986.35,-961.67,-0.0,LOW,-961.67
TA0907,TREATMENT,93-STC,MANGROVE_EDGE_PROXY,4,145.02,48.34,43.51,145.02,APPARENT_SEAWARD,-169.71,-24.69,-24.69,-24.69,LOW,145.02
TA0908,TREATMENT,92-STC,WATERLINE,4,0.0,0.0,2.0,900.0,WITHIN_20M,0.0,-900.0,-880.0,0.0,LOW,-880.0
TA0908,TREATMENT,92-STC,MANGROVE_EDGE_PROXY,4,40.0,13.33,12.0,40.0,APPARENT_SEAWARD,-100.0,-60.0,-60.0,-60.0,LOW,40.0
TA0909,TREATMENT,93-STC,WATERLINE,4,28.51,9.5,8.55,1037.14,APPARENT_SEAWARD,-28.51,-1037.14,-1037.14,0.0,LOW,-1008.63
TA0909,TREATMENT,93-STC,MANGROVE_EDGE_PROXY,4,126.48,42.16,37.94,126.48,APPARENT_SEAWARD,-202.37,-75.89,-75.89,-75.89,LOW,126.48
TA0910,TREATMENT,92-STC,WATERLINE,4,0.0,0.0,2.05,923.33,WITHIN_20M,0.0,-923.33,-902.81,0.0,LOW,-902.81
TA0910,TREATMENT,92-STC,MANGROVE_EDGE_PROXY,4,0.0,0.0,0.0,0.0,WITHIN_20M,-20.52,-20.52,-20.52,-20.52,LOW,0.0
TA0911,TREATMENT,92-STC,WATERLINE,4,0.0,0.0,0.0,880.0,WITHIN_20M,0.0,-880.0,-880.0,0.0,LOW,-880.0
TA0911,TREATMENT,92-STC,MANGROVE_EDGE_PROXY,4,20.0,6.67,6.0,20.0,WITHIN_20M,-40.0,-20.0,-20.0,-20.0,LOW,20.0
TA0912,TREATMENT,92-STC,WATERLINE,4,0.0,0.0,2.0,900.0,WITHIN_20M,0.0,-900.0,-880.0,0.0,LOW,-880.0
TA0912,TREATMENT,92-STC,MANGROVE_EDGE_PROXY,4,140.0,46.67,42.0,140.0,APPARENT_SEAWARD,-160.0,-20.0,-20.0,-20.0,LOW,140.0
TA0913,CONTROL_CANDIDATE_POOL,,WATERLINE,4,0.0,0.0,0.0,1060.0,WITHIN_20M,0.0,-1060.0,-1060.0,0.0,LOW,-1060.0
TA0913,CONTROL_CANDIDATE_POOL,,MANGROVE_EDGE_PROXY,4,80.0,26.67,24.0,80.0,APPARENT_SEAWARD,-100.0,-20.0,-20.0,-20.0,LOW,80.0
TA0914,TREATMENT,93-STC,WATERLINE,4,0.0,0.0,0.0,876.81,WITHIN_20M,-0.0,-876.81,-876.81,-0.0,LOW,-876.81
TA0914,TREATMENT,93-STC,MANGROVE_EDGE_PROXY,4,102.59,34.2,30.78,102.59,APPARENT_SEAWARD,-102.59,-17.74,-17.74,-0.0,LOW,84.85
TA0915,TREATMENT,92-STC,WATERLINE,4,0.0,0.0,2.0,860.0,WITHIN_20M,0.0,-860.0,-840.0,0.0,LOW,-840.0
TA0915,TREATMENT,92-STC,MANGROVE_EDGE_PROXY,4,220.0,73.33,66.0,220.0,APPARENT_SEAWARD,-240.0,-20.0,-20.0,-20.0,LOW,220.0
TA0916,TREATMENT,92-STC,WATERLINE,4,0.0,0.0,2.2,901.5,WITHIN_20M,-0.0,-901.5,-879.51,-0.0,LOW,-879.51
TA0916,TREATMENT,92-STC,MANGROVE_EDGE_PROXY,4,461.75,153.92,136.33,483.73,APPARENT_SEAWARD,-527.71,-43.98,-65.96,-65.96,LOW,461.75
TA0917,TREATMENT,93-STC,WATERLINE,4,0.0,0.0,3.27,975.78,WITHIN_20M,0.0,-975.78,-943.12,0.0,LOW,-943.12
TA0917,TREATMENT,93-STC,MANGROVE_EDGE_PROXY,4,115.89,38.63,33.71,126.48,APPARENT_SEAWARD,-177.07,-50.59,-61.18,-61.18,LOW,115.89
TA0918,TREATMENT,92-STC,WATERLINE,4,0.0,0.0,2.05,779.7,WITHIN_20M,0.0,-779.7,-759.18,0.0,LOW,-759.18
TA0918,TREATMENT,92-STC,MANGROVE_EDGE_PROXY,4,128.52,42.84,41.15,128.52,APPARENT_SEAWARD,-184.67,-82.07,-56.15,-56.15,LOW,128.52
TA0919,TREATMENT,92-STC,WATERLINE,4,0.0,0.0,2.01,801.84,WITHIN_20M,0.0,-801.84,-781.79,0.0,LOW,-781.79
TA0919,TREATMENT,92-STC,MANGROVE_EDGE_PROXY,4,80.19,26.73,24.06,80.19,APPARENT_SEAWARD,-160.37,-80.18,-80.18,-80.18,LOW,80.19
TA0920,TREATMENT,91-STC,WATERLINE,4,0.0,0.0,-0.0,1309.67,WITHIN_20M,0.0,1309.67,1309.67,0.0,LOW,1309.67
TA0920,TREATMENT,91-STC,MANGROVE_EDGE_PROXY,4,0.0,0.0,0.0,0.0,WITHIN_20M,-123.11,-123.11,-123.11,-123.11,LOW,0.0
TA0921,TREATMENT,92-STC,WATERLINE,4,-4.15,-1.38,-1.24,1041.29,WITHIN_20M,4.15,-1037.14,-1037.14,0.0,LOW,-1041.29
TA0921,TREATMENT,92-STC,MANGROVE_EDGE_PROXY,4,447.94,149.31,134.38,447.94,APPARENT_SEAWARD,-607.11,-159.17,-159.17,-159.17,LOW,447.94
TA0922,CONTROL_CANDIDATE_POOL,,WATERLINE,4,-20.0,-6.67,-8.0,1460.0,WITHIN_20M,20.0,-1420.0,-1440.0,0.0,LOW,-1460.0
TA0922,CONTROL_CANDIDATE_POOL,,MANGROVE_EDGE_PROXY,4,140.0,46.67,44.0,140.0,APPARENT_SEAWARD,-280.0,-160.0,-140.0,-140.0,LOW,140.0
TA0923,TREATMENT,92-STC,WATERLINE,4,-28.51,-9.5,-0.96,888.58,APPARENT_LANDWARD,28.51,-860.07,-784.18,-0.0,LOW,-812.69
TA0923,TREATMENT,92-STC,MANGROVE_EDGE_PROXY,4,0.0,0.0,0.0,0.0,WITHIN_20M,-25.3,-25.3,-25.3,-25.3,LOW,0.0
TA0924,TREATMENT,92-STC,WATERLINE,4,0.0,0.0,0.0,915.64,WITHIN_20M,-0.0,-915.64,-915.64,-0.0,LOW,-915.64
TA0924,TREATMENT,92-STC,MANGROVE_EDGE_PROXY,4,10.55,3.52,3.17,10.55,WITHIN_20M,-38.83,-28.28,-28.28,-28.28,LOW,10.55
TA0925,TREATMENT,91-STC,WATERLINE,4,0.0,0.0,2.0,681.56,WITHIN_20M,0.0,-681.56,-661.52,0.0,LOW,-661.52
TA0925,TREATMENT,91-STC,MANGROVE_EDGE_PROXY,4,0.0,0.0,0.0,0.0,WITHIN_20M,-40.09,-40.09,-40.09,-40.09,LOW,0.0
TA0926,TREATMENT,92-STC,WATERLINE,4,0.0,0.0,2.05,697.63,WITHIN_20M,0.0,-697.63,-677.11,0.0,LOW,-677.11
TA0926,TREATMENT,92-STC,MANGROVE_EDGE_PROXY,4,82.07,27.36,24.62,82.07,APPARENT_SEAWARD,-123.11,-41.04,-41.04,-41.04,LOW,82.07
TA0927,TREATMENT,92-STC,WATERLINE,4,0.0,0.0,0.0,758.88,WITHIN_20M,-0.0,-758.88,-758.88,-0.0,LOW,-758.88
TA0927,TREATMENT,92-STC,MANGROVE_EDGE_PROXY,4,65.33,21.78,19.6,76.85,APPARENT_SEAWARD,-102.15,-25.3,-25.3,-36.82,LOW,76.85
TA0928,TREATMENT,91-STC,WATERLINE,4,20.0,6.67,8.0,1300.0,WITHIN_20M,-20.0,-1300.0,-1280.0,0.0,LOW,-1260.0
TA0928,TREATMENT,91-STC,MANGROVE_EDGE_PROXY,4,80.0,26.67,24.0,80.0,APPARENT_SEAWARD,-140.0,-60.0,-60.0,-60.0,LOW,80.0
TA0929,TREATMENT,92-STC,WATERLINE,4,28.51,9.5,18.35,1008.44,APPARENT_SEAWARD,-28.51,-1008.44,-910.45,0.0,LOW,-881.94
TA0929,TREATMENT,92-STC,MANGROVE_EDGE_PROXY,4,65.33,21.78,19.6,83.28,APPARENT_SEAWARD,-159.17,-75.89,-75.89,-93.84,LOW,83.28
TA0930,TREATMENT,92-STC,WATERLINE,4,-21.99,-7.33,-4.4,1143.37,APPARENT_LANDWARD,21.99,-1121.38,-1099.39,-0.0,LOW,-1121.38
TA0930,TREATMENT,92-STC,MANGROVE_EDGE_PROXY,4,113.98,37.99,34.19,113.98,APPARENT_SEAWARD,-131.93,-17.95,-17.95,-17.95,LOW,113.98
TA0931,TREATMENT,91-STC,WATERLINE,4,0.0,0.0,2.0,1242.85,WITHIN_20M,0.0,-1242.85,-1222.81,0.0,LOW,-1222.81
TA0931,TREATMENT,91-STC,MANGROVE_EDGE_PROXY,4,0.0,0.0,-2.01,20.05,WITHIN_20M,-20.05,0.0,-20.05,-20.05,LOW,0.0
TA0932,TREATMENT,91-STC,WATERLINE,4,0.0,0.0,0.54,1046.44,WITHIN_20M,0.0,-1046.44,-1041.06,0.0,LOW,-1041.06
TA0932,TREATMENT,91-STC,MANGROVE_EDGE_PROXY,4,0.0,0.0,0.0,0.0,WITHIN_20M,0.0,0.0,0.0,0.0,LOW,0.0
TA0933,TREATMENT,92-STC,WATERLINE,4,-25.3,-8.43,-5.06,733.59,APPARENT_LANDWARD,25.3,-708.29,-682.99,-0.0,LOW,-708.29
TA0933,TREATMENT,92-STC,MANGROVE_EDGE_PROXY,4,0.0,0.0,0.0,0.0,WITHIN_20M,-0.0,-0.0,-0.0,-0.0,LOW,0.0
TA0934,TREATMENT,91-STC,WATERLINE,4,0.0,0.0,0.0,944.75,WITHIN_20M,-0.0,-944.75,-944.75,-0.0,LOW,-944.75
TA0934,TREATMENT,91-STC,MANGROVE_EDGE_PROXY,4,0.0,0.0,0.0,0.0,WITHIN_20M,-21.99,-21.99,-21.99,-21.99,LOW,0.0
TA0935,TREATMENT,92-STC,WATERLINE,4,0.0,0.0,2.83,760.08,WITHIN_20M,-0.0,-760.08,-731.8,-0.0,LOW,-731.8
TA0935,TREATMENT,92-STC,MANGROVE_EDGE_PROXY,4,0.0,0.0,0.0,0.0,WITHIN_20M,-0.0,-0.0,-0.0,-0.0,LOW,0.0
TA0936,TREATMENT,91-STC,WATERLINE,4,0.0,0.0,0.0,1400.0,WITHIN_20M,0.0,-1400.0,-1400.0,0.0,LOW,-1400.0
TA0936,TREATMENT,91-STC,MANGROVE_EDGE_PROXY,4,0.0,0.0,-0.0,20.0,WITHIN_20M,-20.0,0.0,0.0,-20.0,LOW,20.0
TA0937,TREATMENT,91-STC,WATERLINE,4,0.0,0.0,0.0,1383.18,WITHIN_20M,0.0,-1383.18,-1383.18,0.0,LOW,-1383.18
TA0937,TREATMENT,91-STC,MANGROVE_EDGE_PROXY,4,20.05,6.68,6.02,20.05,APPARENT_SEAWARD,-100.23,-100.23,-100.23,-80.18,LOW,0.0
TA0938,CONTROL_CANDIDATE_POOL,,WATERLINE,2,0.0,0.0,0.0,0.0,WITHIN_20M,0.0,,,0.0,LOW,
TA0938,CONTROL_CANDIDATE_POOL,,MANGROVE_EDGE_PROXY,4,0.0,0.0,0.0,0.0,WITHIN_20M,-60.0,-60.0,-60.0,-60.0,LOW,0.0
TA0939,TREATMENT,91-STC,WATERLINE,4,-25.3,-8.43,-7.59,911.39,APPARENT_LANDWARD,25.3,-886.09,-886.09,-0.0,LOW,-911.39
TA0939,TREATMENT,91-STC,MANGROVE_EDGE_PROXY,4,25.3,8.43,154.31,1467.18,APPARENT_SEAWARD,-25.3,-25.3,1441.88,-0.0,LOW,1467.18
TA0940,TREATMENT,91-STC,WATERLINE,4,-17.74,-5.91,-4.27,848.53,WITHIN_20M,17.74,-830.79,-820.24,-0.0,LOW,-837.98
TA0940,TREATMENT,91-STC,MANGROVE_EDGE_PROXY,4,10.55,3.52,3.17,10.55,WITHIN_20M,-10.55,-10.55,-10.55,-0.0,LOW,0.0
TA0941,TREATMENT,91-STC,WATERLINE,4,0.0,0.0,0.0,1420.0,WITHIN_20M,0.0,-1420.0,-1420.0,0.0,LOW,-1420.0
TA0941,TREATMENT,91-STC,MANGROVE_EDGE_PROXY,4,20.0,6.67,6.0,20.0,WITHIN_20M,-100.0,-80.0,-80.0,-80.0,LOW,20.0
TA0942,CONTROL_CANDIDATE_POOL,,WATERLINE,4,0.0,0.0,-1.77,1318.81,WITHIN_20M,-0.0,1318.81,1301.08,-0.0,LOW,1301.08
TA0942,CONTROL_CANDIDATE_POOL,,MANGROVE_EDGE_PROXY,4,-10.55,-3.52,-3.17,10.55,WITHIN_20M,1442.5,1442.5,1442.5,1431.95,LOW,0.0
TA0943,TREATMENT,91-STC,WATERLINE,4,-20.0,-6.67,-6.0,1500.0,WITHIN_20M,20.0,-1480.0,-1480.0,0.0,LOW,-1500.0
TA0943,TREATMENT,91-STC,MANGROVE_EDGE_PROXY,4,0.0,0.0,0.0,0.0,WITHIN_20M,-100.0,-100.0,-100.0,-100.0,LOW,0.0
TA0944,TREATMENT,92-STC,WATERLINE,4,0.0,0.0,0.92,1465.98,WITHIN_20M,-0.0,-1465.98,-1456.81,-0.0,LOW,-1456.81
TA0944,TREATMENT,92-STC,MANGROVE_EDGE_PROXY,4,20.52,6.84,6.16,20.52,APPARENT_SEAWARD,-143.63,-123.11,-123.11,-123.11,LOW,20.52
TA0945,TREATMENT,92-STC,WATERLINE,2,0.0,0.0,0.0,0.0,WITHIN_20M,0.0,,,0.0,LOW,
TA0945,TREATMENT,92-STC,MANGROVE_EDGE_PROXY,4,20.0,6.67,6.0,20.0,WITHIN_20M,-140.0,-120.0,-120.0,-120.0,LOW,20.0
TA0946,TREATMENT,91-STC,WATERLINE,4,0.0,0.0,0.0,1251.62,WITHIN_20M,0.0,-1251.62,-1251.62,0.0,LOW,-1251.62
TA0946,TREATMENT,91-STC,MANGROVE_EDGE_PROXY,4,20.52,6.84,4.1,20.52,APPARENT_SEAWARD,-41.04,-20.52,-41.04,-20.52,LOW,0.0
TA0947,TREATMENT,91-STC,WATERLINE,4,37.54,12.51,11.26,1383.18,APPARENT_SEAWARD,-37.54,-1383.18,-1383.18,0.0,LOW,-1345.64
TA0947,TREATMENT,91-STC,MANGROVE_EDGE_PROXY,4,0.0,0.0,0.0,0.0,WITHIN_20M,-80.18,-80.18,-80.18,-80.18,LOW,0.0
TA0948,TREATMENT,92-STC,WATERLINE,2,20.0,6.67,6.67,20.0,WITHIN_20M,-20.0,,,0.0,LOW,
TA0948,TREATMENT,92-STC,MANGROVE_EDGE_PROXY,4,20.0,6.67,4.0,20.0,WITHIN_20M,-80.0,-60.0,-80.0,-60.0,LOW,0.0
TA0949,TREATMENT,91-STC,WATERLINE,4,0.0,0.0,0.0,1021.83,WITHIN_20M,-0.0,-1021.83,-1021.83,-0.0,LOW,-1021.83
TA0949,TREATMENT,91-STC,MANGROVE_EDGE_PROXY,4,24.68,8.23,9.87,24.68,APPARENT_SEAWARD,-28.28,-28.28,-3.6,-3.6,LOW,24.68
TA0950,TREATMENT,91-STC,WATERLINE,4,17.74,5.91,5.32,1035.97,WITHIN_20M,-17.74,-1035.97,-1035.97,-0.0,LOW,-1018.23
TA0950,TREATMENT,91-STC,MANGROVE_EDGE_PROXY,4,17.74,5.91,5.32,17.74,WITHIN_20M,-46.02,-28.28,-28.28,-28.28,LOW,17.74
TA0951,TREATMENT,91-STC,WATERLINE,4,0.0,0.0,1.3,1062.44,WITHIN_20M,-0.0,-1062.44,-1049.41,-0.0,LOW,-1049.41
TA0951,TREATMENT,91-STC,MANGROVE_EDGE_PROXY,4,21.15,7.05,6.35,21.15,APPARENT_SEAWARD,-25.3,-4.15,-4.15,-4.15,LOW,21.15
TA0952,TREATMENT,91-STC,WATERLINE,4,0.0,0.0,0.0,1165.36,WITHIN_20M,-0.0,-1165.36,-1165.36,-0.0,LOW,-1165.36
TA0952,TREATMENT,91-STC,MANGROVE_EDGE_PROXY,4,9.63,3.21,1.65,21.99,WITHIN_20M,-87.95,-65.96,-78.32,-78.32,LOW,9.63
TA0953,TREATMENT,91-STC,WATERLINE,4,0.0,0.0,0.0,1050.11,WITHIN_20M,-0.0,-1050.11,-1050.11,-0.0,LOW,-1050.11
TA0953,TREATMENT,91-STC,MANGROVE_EDGE_PROXY,4,0.0,0.0,-2.83,28.29,WITHIN_20M,-56.57,-28.28,-56.57,-56.57,LOW,0.0
TA0954,TREATMENT,91-STC,WATERLINE,4,0.0,0.0,2.05,1210.59,WITHIN_20M,0.0,-1210.59,-1190.07,0.0,LOW,-1190.07
TA0954,TREATMENT,91-STC,MANGROVE_EDGE_PROXY,4,0.0,0.0,0.0,0.0,WITHIN_20M,-20.52,-20.52,-20.52,-20.52,LOW,0.0
TA0955,TREATMENT,91-STC,WATERLINE,4,0.0,0.0,0.0,1078.4,WITHIN_20M,-0.0,-1078.4,-1078.4,-0.0,LOW,-1078.4
TA0955,TREATMENT,91-STC,MANGROVE_EDGE_PROXY,4,3.6,1.2,1.08,3.6,WITHIN_20M,-3.6,-0.0,-0.0,-0.0,LOW,3.6
TA0956,TREATMENT,91-STC,WATERLINE,4,0.0,0.0,1.06,1103.09,WITHIN_20M,-0.0,-1103.09,-1092.54,-0.0,LOW,-1092.54
TA0956,TREATMENT,91-STC,MANGROVE_EDGE_PROXY,4,17.74,5.91,5.32,17.74,WITHIN_20M,-17.74,-0.0,-0.0,-0.0,LOW,17.74
TA0957,TREATMENT,91-STC,WATERLINE,4,0.0,0.0,0.0,1103.09,WITHIN_20M,-0.0,-1103.09,-1103.09,-0.0,LOW,-1103.09
TA0957,TREATMENT,91-STC,MANGROVE_EDGE_PROXY,4,113.14,37.71,33.94,113.14,APPARENT_SEAWARD,-137.83,-24.69,-24.69,-24.69,LOW,113.14
TA0958,TREATMENT,91-STC,WATERLINE,4,0.0,0.0,0.0,1143.37,WITHIN_20M,-0.0,-1143.37,-1143.37,-0.0,LOW,-1143.37
TA0958,TREATMENT,91-STC,MANGROVE_EDGE_PROXY,4,65.96,21.99,18.97,65.96,APPARENT_SEAWARD,-87.95,-21.99,-30.19,-21.99,LOW,57.76
TA0959,TREATMENT,92-STC,WATERLINE,4,0.0,0.0,2.0,1000.0,WITHIN_20M,0.0,-1000.0,-980.0,0.0,LOW,-980.0
TA0959,TREATMENT,92-STC,MANGROVE_EDGE_PROXY,4,1180.0,393.33,354.0,1180.0,APPARENT_SEAWARD,-200.0,980.0,980.0,980.0,LOW,1180.0
TA0960,TREATMENT,91-STC,WATERLINE,4,0.0,0.0,-2.0,1020.0,WITHIN_20M,0.0,-1000.0,-1020.0,0.0,LOW,-1020.0
TA0960,TREATMENT,91-STC,MANGROVE_EDGE_PROXY,4,40.0,13.33,10.0,40.0,APPARENT_SEAWARD,-40.0,0.0,-20.0,0.0,LOW,20.0
TA0961,TREATMENT,91-STC,WATERLINE,4,0.0,0.0,0.0,1018.23,WITHIN_20M,-0.0,-1018.23,-1018.23,-0.0,LOW,-1018.23
TA0961,TREATMENT,91-STC,MANGROVE_EDGE_PROXY,4,0.0,0.0,0.36,28.29,WITHIN_20M,-56.57,-31.88,-28.28,-56.57,LOW,28.29
TA0962,TREATMENT,91-STC,WATERLINE,4,0.0,0.0,-2.05,943.85,WITHIN_20M,0.0,-923.33,-943.85,0.0,LOW,-943.85
TA0962,TREATMENT,91-STC,MANGROVE_EDGE_PROXY,4,123.11,41.04,36.93,123.11,APPARENT_SEAWARD,-143.63,-20.52,-20.52,-20.52,LOW,123.11
TA0963,TREATMENT,91-STC,WATERLINE,4,0.0,0.0,0.0,1046.52,WITHIN_20M,-0.0,-1046.52,-1046.52,-0.0,LOW,-1046.52
TA0963,TREATMENT,91-STC,MANGROVE_EDGE_PROXY,4,113.14,37.71,33.94,113.14,APPARENT_SEAWARD,-141.42,-28.28,-28.28,-28.28,LOW,113.14
TA0964,TREATMENT,91-STC,WATERLINE,4,0.0,0.0,0.0,1011.44,WITHIN_20M,-0.0,-1011.44,-1011.44,-0.0,LOW,-1011.44
TA0964,TREATMENT,91-STC,MANGROVE_EDGE_PROXY,4,285.84,95.28,85.75,285.84,APPARENT_SEAWARD,-307.83,-21.99,-21.99,-21.99,LOW,285.84
TA0965,CONTROL_CANDIDATE_POOL,,WATERLINE,4,20.05,6.68,8.02,761.75,APPARENT_SEAWARD,-20.05,-761.75,-741.7,0.0,LOW,-721.65
TA0965,CONTROL_CANDIDATE_POOL,,MANGROVE_EDGE_PROXY,4,220.5,73.5,66.15,220.5,APPARENT_SEAWARD,-240.55,-20.05,-20.05,-20.05,LOW,220.5
TA0966,TREATMENT,91-STC,WATERLINE,4,0.0,0.0,0.0,841.26,WITHIN_20M,0.0,-841.26,-841.26,0.0,LOW,-841.26
TA0966,TREATMENT,91-STC,MANGROVE_EDGE_PROXY,4,225.7,75.23,67.71,225.7,APPARENT_SEAWARD,-225.7,0.0,0.0,0.0,LOW,225.7
TA0967,TREATMENT,91-STC,WATERLINE,4,0.0,0.0,0.0,1074.8,WITHIN_20M,-0.0,-1074.8,-1074.8,-0.0,LOW,-1074.8
TA0967,TREATMENT,91-STC,MANGROVE_EDGE_PROXY,4,307.53,102.51,92.26,307.53,APPARENT_SEAWARD,-311.13,-3.6,-3.6,-3.6,LOW,307.53
TA0968,TREATMENT,91-STC,WATERLINE,4,0.0,0.0,0.0,1064.26,WITHIN_20M,-0.0,-1064.26,-1064.26,-0.0,LOW,-1064.26
TA0968,TREATMENT,91-STC,MANGROVE_EDGE_PROXY,4,10.54,3.51,3.16,10.54,WITHIN_20M,-28.28,-17.74,-17.74,-17.74,LOW,10.54
TA0969,CONTROL_CANDIDATE_POOL,,WATERLINE,4,-20.0,-6.67,-6.0,520.0,WITHIN_20M,20.0,-500.0,-500.0,0.0,LOW,-520.0
TA0969,CONTROL_CANDIDATE_POOL,,MANGROVE_EDGE_PROXY,4,20.0,6.67,8.0,20.0,WITHIN_20M,-20.0,-20.0,0.0,0.0,LOW,20.0
TA0970,TREATMENT,91-STC,WATERLINE,4,0.0,0.0,1.48,1286.91,WITHIN_20M,-0.0,-1286.91,-1272.14,-0.0,LOW,-1272.14
TA0970,TREATMENT,91-STC,MANGROVE_EDGE_PROXY,4,12.87,4.29,5.15,12.87,WITHIN_20M,-33.39,-33.39,-20.52,-20.52,LOW,12.87
TA0971,TREATMENT,91-STC,WATERLINE,4,0.0,0.0,0.0,1071.21,WITHIN_20M,-0.0,-1071.21,-1071.21,-0.0,LOW,-1071.21
TA0971,TREATMENT,91-STC,MANGROVE_EDGE_PROXY,4,-1414.21,-471.4,-424.26,1414.21,APPARENT_LANDWARD,1389.52,-24.69,-24.69,-24.69,LOW,-1414.21
TA0972,TREATMENT,91-STC,WATERLINE,4,0.0,0.0,1.77,1046.52,WITHIN_20M,-0.0,-1046.52,-1028.78,-0.0,LOW,-1028.78
TA0972,TREATMENT,91-STC,MANGROVE_EDGE_PROXY,4,-1385.93,-461.98,-414.72,1396.48,APPARENT_LANDWARD,1385.93,-10.55,-0.0,-0.0,LOW,-1385.93
TA0973,CONTROL_CANDIDATE_POOL,,WATERLINE,4,0.0,0.0,0.0,280.64,WITHIN_20M,0.0,-280.64,-280.64,0.0,LOW,-280.64
TA0973,CONTROL_CANDIDATE_POOL,,MANGROVE_EDGE_PROXY,4,20.05,6.68,6.02,20.05,APPARENT_SEAWARD,-20.05,0.0,0.0,0.0,LOW,20.05
TA0974,CONTROL_CANDIDATE_POOL,,WATERLINE,4,0.0,0.0,2.05,266.74,WITHIN_20M,0.0,-266.74,-246.22,0.0,LOW,-246.22
TA0974,CONTROL_CANDIDATE_POOL,,MANGROVE_EDGE_PROXY,4,20.52,6.84,6.16,20.52,APPARENT_SEAWARD,-41.04,-20.52,-20.52,-20.52,LOW,20.52
TA0975,CONTROL_CANDIDATE_POOL,,WATERLINE,4,0.0,0.0,0.0,280.64,WITHIN_20M,0.0,-280.64,-280.64,0.0,LOW,-280.64
TA0975,CONTROL_CANDIDATE_POOL,,MANGROVE_EDGE_PROXY,4,20.04,6.68,6.01,20.04,APPARENT_SEAWARD,-40.09,-20.05,-20.05,-20.05,LOW,20.04
TA0976,TREATMENT,91-STC,WATERLINE,4,-28.28,-9.43,-11.31,1046.51,APPARENT_LANDWARD,28.28,-989.95,-1018.23,-0.0,LOW,-1046.51
TA0976,TREATMENT,91-STC,MANGROVE_EDGE_PROXY,4,10.54,3.51,3.16,10.54,WITHIN_20M,-28.28,-17.74,-17.74,-17.74,LOW,10.54
TA0977,CONTROL_CANDIDATE_POOL,,WATERLINE,4,-40.0,-13.33,-12.0,200.0,APPARENT_LANDWARD,40.0,-160.0,-160.0,0.0,LOW,-200.0
TA0977,CONTROL_CANDIDATE_POOL,,MANGROVE_EDGE_PROXY,4,20.0,6.67,6.0,20.0,WITHIN_20M,-40.0,-20.0,-20.0,-20.0,LOW,20.0
TA0978,CONTROL_CANDIDATE_POOL,,WATERLINE,4,-43.98,-14.66,-13.19,110.06,APPARENT_LANDWARD,43.98,-66.08,-66.08,-0.0,LOW,-110.06
TA0978,CONTROL_CANDIDATE_POOL,,MANGROVE_EDGE_PROXY,4,0.0,0.0,0.0,0.0,WITHIN_20M,-175.9,-175.9,-175.9,-175.9,LOW,0.0
TA0979,TREATMENT,91-STC,WATERLINE,2,-37.54,-12.51,-12.51,37.54,APPARENT_LANDWARD,37.54,,,-0.0,LOW,
TA0979,TREATMENT,91-STC,MANGROVE_EDGE_PROXY,4,0.0,0.0,0.0,0.0,WITHIN_20M,-300.69,-300.69,-300.69,-300.69,LOW,0.0
TA0980,CONTROL_CANDIDATE_POOL,,WATERLINE,4,20.0,6.67,8.0,120.0,WITHIN_20M,-20.0,-120.0,-100.0,0.0,LOW,-80.0
TA0980,CONTROL_CANDIDATE_POOL,,MANGROVE_EDGE_PROXY,4,20.0,6.67,8.0,20.0,WITHIN_20M,-320.0,-320.0,-300.0,-300.0,LOW,20.0
TA0981,CONTROL_CANDIDATE_POOL,,WATERLINE,4,0.0,0.0,0.0,379.44,WITHIN_20M,-0.0,-379.44,-379.44,-0.0,LOW,-379.44
TA0981,CONTROL_CANDIDATE_POOL,,MANGROVE_EDGE_PROXY,4,0.0,0.0,0.0,0.0,WITHIN_20M,-102.15,-102.15,-102.15,-102.15,LOW,0.0
TA0982,CONTROL_CANDIDATE_POOL,,WATERLINE,4,0.0,0.0,0.0,60.0,WITHIN_20M,0.0,-60.0,-60.0,0.0,LOW,-60.0
TA0982,CONTROL_CANDIDATE_POOL,,MANGROVE_EDGE_PROXY,4,60.0,20.0,18.0,60.0,APPARENT_SEAWARD,-200.0,-140.0,-140.0,-140.0,LOW,60.0
TA0983,CONTROL_CANDIDATE_POOL,,WATERLINE,2,0.0,0.0,0.0,0.0,WITHIN_20M,-0.0,,,-0.0,LOW,
TA0983,CONTROL_CANDIDATE_POOL,,MANGROVE_EDGE_PROXY,0,,,,,INSUFFICIENT_DATA,,,,,LOW,
TA0984,CONTROL_CANDIDATE_POOL,,WATERLINE,2,0.0,0.0,0.0,0.0,WITHIN_20M,-0.0,,,-0.0,LOW,
TA0984,CONTROL_CANDIDATE_POOL,,MANGROVE_EDGE_PROXY,4,87.95,29.32,26.39,87.95,APPARENT_SEAWARD,-219.88,-131.93,-131.93,-131.93,LOW,87.95
TA0985,CONTROL_CANDIDATE_POOL,,WATERLINE,2,0.0,0.0,0.0,0.0,WITHIN_20M,0.0,,,0.0,LOW,
TA0985,CONTROL_CANDIDATE_POOL,,MANGROVE_EDGE_PROXY,0,,,,,INSUFFICIENT_DATA,,,,,LOW,
TA0986,CONTROL_CANDIDATE_POOL,,WATERLINE,2,17.74,5.91,5.91,17.74,WITHIN_20M,-17.74,,,-0.0,LOW,
TA0986,CONTROL_CANDIDATE_POOL,,MANGROVE_EDGE_PROXY,0,,,,,INSUFFICIENT_DATA,,,,,LOW,
TA0987,CONTROL_CANDIDATE_POOL,,WATERLINE,2,0.0,0.0,0.0,0.0,WITHIN_20M,0.0,,,0.0,LOW,
TA0987,CONTROL_CANDIDATE_POOL,,MANGROVE_EDGE_PROXY,4,160.0,53.33,48.0,160.0,APPARENT_SEAWARD,-840.0,-680.0,-680.0,-680.0,LOW,160.0
TA0988,CONTROL_CANDIDATE_POOL,,WATERLINE,2,0.0,0.0,0.0,0.0,WITHIN_20M,-0.0,,,-0.0,LOW,
TA0988,CONTROL_CANDIDATE_POOL,,MANGROVE_EDGE_PROXY,0,,,,,INSUFFICIENT_DATA,,,,,LOW,
TA0989,CONTROL_CANDIDATE_POOL,,WATERLINE,2,0.0,0.0,0.0,0.0,WITHIN_20M,0.0,,,0.0,LOW,
TA0989,CONTROL_CANDIDATE_POOL,,MANGROVE_EDGE_PROXY,4,27.96,9.32,8.39,27.96,APPARENT_SEAWARD,-360.83,-332.87,-332.87,-332.87,LOW,27.96
TA0990,CONTROL_CANDIDATE_POOL,,WATERLINE,2,0.0,0.0,0.0,0.0,WITHIN_20M,0.0,,,0.0,LOW,
TA0990,CONTROL_CANDIDATE_POOL,,MANGROVE_EDGE_PROXY,4,80.0,26.67,24.0,80.0,APPARENT_SEAWARD,-900.0,-820.0,-820.0,-820.0,LOW,80.0
TA0991,CONTROL_CANDIDATE_POOL,,WATERLINE,2,0.0,0.0,0.0,0.0,WITHIN_20M,0.0,,,0.0,LOW,
TA0991,CONTROL_CANDIDATE_POOL,,MANGROVE_EDGE_PROXY,4,220.0,73.33,66.0,220.0,APPARENT_SEAWARD,-900.0,-680.0,-680.0,-680.0,LOW,220.0
TA0992,CONTROL_CANDIDATE_POOL,,WATERLINE,2,10.55,3.52,3.52,10.55,WITHIN_20M,-10.55,,,-0.0,LOW,
TA0992,CONTROL_CANDIDATE_POOL,,MANGROVE_EDGE_PROXY,0,,,,,INSUFFICIENT_DATA,,,,,LOW,
TA0993,CONTROL_CANDIDATE_POOL,,WATERLINE,2,24.69,8.23,8.23,24.69,APPARENT_SEAWARD,-24.69,,,-0.0,LOW,
TA0993,CONTROL_CANDIDATE_POOL,,MANGROVE_EDGE_PROXY,0,,,,,INSUFFICIENT_DATA,,,,,LOW,
TA0994,TREATMENT,91-STC,WATERLINE,2,0.0,0.0,0.0,0.0,WITHIN_20M,0.0,,,0.0,LOW,
TA0994,TREATMENT,91-STC,MANGROVE_EDGE_PROXY,4,20.0,6.67,8.0,20.0,WITHIN_20M,-520.0,-520.0,-500.0,-500.0,LOW,20.0
TA0995,CONTROL_CANDIDATE_POOL,,WATERLINE,2,0.0,0.0,0.0,0.0,WITHIN_20M,0.0,,,0.0,LOW,
TA0995,CONTROL_CANDIDATE_POOL,,MANGROVE_EDGE_PROXY,4,0.0,0.0,-0.0,20.04,WITHIN_20M,-140.32,-120.28,-120.28,-140.32,LOW,20.04
TA0996,CONTROL_CANDIDATE_POOL,,WATERLINE,2,0.0,0.0,0.0,0.0,WITHIN_20M,0.0,,,0.0,LOW,
TA0996,CONTROL_CANDIDATE_POOL,,MANGROVE_EDGE_PROXY,4,514.65,171.55,154.4,514.65,APPARENT_SEAWARD,-123.11,391.54,391.54,391.54,LOW,514.65
TA0997,CONTROL_CANDIDATE_POOL,,WATERLINE,4,25.3,8.43,7.59,480.63,APPARENT_SEAWARD,-25.3,-480.63,-480.63,0.0,LOW,-455.33
TA0997,CONTROL_CANDIDATE_POOL,,MANGROVE_EDGE_PROXY,4,50.59,16.86,15.18,50.59,APPARENT_SEAWARD,-177.07,-126.48,-126.48,-126.48,LOW,50.59
TA0998,TREATMENT,91-STC,WATERLINE,4,20.0,6.67,6.0,200.0,WITHIN_20M,-20.0,-200.0,-200.0,0.0,LOW,-180.0
TA0998,TREATMENT,91-STC,MANGROVE_EDGE_PROXY,4,260.0,86.67,78.0,260.0,APPARENT_SEAWARD,-360.0,-100.0,-100.0,-100.0,LOW,260.0
TA0999,TREATMENT,91-STC,WATERLINE,4,20.0,6.67,6.0,280.0,WITHIN_20M,-20.0,-280.0,-280.0,0.0,LOW,-260.0
TA0999,TREATMENT,91-STC,MANGROVE_EDGE_PROXY,4,40.0,13.33,10.0,80.0,APPARENT_SEAWARD,-140.0,-60.0,-80.0,-100.0,LOW,60.0
TA1000,TREATMENT,91-STC,WATERLINE,4,40.0,13.33,12.0,300.0,APPARENT_SEAWARD,-40.0,-300.0,-300.0,0.0,LOW,-260.0
TA1000,TREATMENT,91-STC,MANGROVE_EDGE_PROXY,4,-20.0,-6.67,-8.0,20.0,WITHIN_20M,-40.0,-40.0,-60.0,-60.0,LOW,-20.0
TA1001,CONTROL_CANDIDATE_POOL,,WATERLINE,4,52.97,17.66,15.89,279.25,APPARENT_SEAWARD,-52.97,-279.25,-279.25,-0.0,LOW,-226.28
TA1001,CONTROL_CANDIDATE_POOL,,MANGROVE_EDGE_PROXY,4,0.0,0.0,-0.0,0.0,WITHIN_20M,-52.97,-52.97,-52.97,-52.97,LOW,0.0
TA1002,CONTROL_CANDIDATE_POOL,,WATERLINE,4,21.99,7.33,6.6,285.84,APPARENT_SEAWARD,-21.99,-285.84,-285.84,-0.0,LOW,-263.85
TA1002,CONTROL_CANDIDATE_POOL,,MANGROVE_EDGE_PROXY,4,21.99,7.33,6.6,21.99,APPARENT_SEAWARD,-43.98,-21.99,-21.99,-21.99,LOW,21.99
TA1003,CONTROL_CANDIDATE_POOL,,WATERLINE,2,-20.05,-6.68,-6.68,20.05,APPARENT_LANDWARD,20.05,,,0.0,LOW,
TA1003,CONTROL_CANDIDATE_POOL,,MANGROVE_EDGE_PROXY,4,20.05,6.68,6.02,20.05,APPARENT_SEAWARD,441.01,461.06,461.06,461.06,LOW,20.05
TA1004,CONTROL_CANDIDATE_POOL,,WATERLINE,2,0.0,0.0,0.0,0.0,WITHIN_20M,0.0,,,0.0,LOW,
TA1004,CONTROL_CANDIDATE_POOL,,MANGROVE_EDGE_PROXY,4,0.0,0.0,-0.0,0.0,WITHIN_20M,430.89,430.89,430.89,430.89,LOW,0.0
TA1005,CONTROL_CANDIDATE_POOL,,WATERLINE,4,-24.69,-8.23,-7.41,222.68,APPARENT_LANDWARD,24.69,-197.99,-197.99,-0.0,LOW,-222.68
TA1005,CONTROL_CANDIDATE_POOL,,MANGROVE_EDGE_PROXY,4,3.6,1.2,1.08,3.6,WITHIN_20M,-3.6,-3.6,-3.6,-0.0,LOW,0.0
TA1006,CONTROL_CANDIDATE_POOL,,WATERLINE,4,0.0,0.0,0.0,210.49,WITHIN_20M,-0.0,-210.49,-210.49,-0.0,LOW,-210.49
TA1006,CONTROL_CANDIDATE_POOL,,MANGROVE_EDGE_PROXY,4,0.0,0.0,-0.0,0.0,WITHIN_20M,439.76,439.76,439.76,439.76,LOW,0.0
TA1007,CONTROL_CANDIDATE_POOL,,WATERLINE,4,0.0,0.0,0.0,169.71,WITHIN_20M,-0.0,-169.71,-169.71,-0.0,LOW,-169.71
TA1007,CONTROL_CANDIDATE_POOL,,MANGROVE_EDGE_PROXY,4,0.0,0.0,-48.44,484.43,WITHIN_20M,-3.6,480.83,-3.6,-3.6,LOW,0.0
TA1008,CONTROL_CANDIDATE_POOL,,WATERLINE,4,0.0,0.0,0.0,162.35,WITHIN_20M,-0.0,-162.35,-162.35,-0.0,LOW,-162.35
TA1008,CONTROL_CANDIDATE_POOL,,MANGROVE_EDGE_PROXY,4,0.0,0.0,-0.0,0.0,WITHIN_20M,417.77,417.77,417.77,417.77,LOW,0.0
TA1009,CONTROL_CANDIDATE_POOL,,WATERLINE,4,-20.05,-6.68,-6.01,260.6,APPARENT_LANDWARD,20.05,-240.55,-240.55,0.0,LOW,-260.6
TA1009,CONTROL_CANDIDATE_POOL,,MANGROVE_EDGE_PROXY,4,0.0,0.0,-0.0,0.0,WITHIN_20M,1282.95,1282.95,1282.95,1282.95,LOW,0.0
TA1010,CONTROL_CANDIDATE_POOL,,WATERLINE,4,0.0,0.0,0.0,113.14,WITHIN_20M,-0.0,-113.14,-113.14,-0.0,LOW,-113.14
TA1010,CONTROL_CANDIDATE_POOL,,MANGROVE_EDGE_PROXY,4,10.55,3.52,3.17,10.55,WITHIN_20M,442.0,452.55,452.55,452.55,LOW,10.55
TA1011,TREATMENT,91-STC,WATERLINE,4,0.0,0.0,0.0,180.0,WITHIN_20M,0.0,-180.0,-180.0,0.0,LOW,-180.0
TA1011,TREATMENT,91-STC,MANGROVE_EDGE_PROXY,4,20.0,6.67,8.0,20.0,WITHIN_20M,-20.0,-20.0,0.0,0.0,LOW,20.0
TA1012,CONTROL_CANDIDATE_POOL,,WATERLINE,4,0.0,0.0,0.0,329.82,WITHIN_20M,-0.0,-329.82,-329.82,-0.0,LOW,-329.82
TA1012,CONTROL_CANDIDATE_POOL,,MANGROVE_EDGE_PROXY,4,0.0,0.0,1.8,17.95,WITHIN_20M,-0.0,-17.95,-0.0,-0.0,LOW,0.0
TA1013,CONTROL_CANDIDATE_POOL,,WATERLINE,4,-25.3,-8.43,-6.14,748.07,APPARENT_LANDWARD,25.3,-722.77,-708.29,-0.0,LOW,-733.59
TA1013,CONTROL_CANDIDATE_POOL,,MANGROVE_EDGE_PROXY,4,0.0,0.0,-0.0,0.0,WITHIN_20M,387.82,387.82,387.82,387.82,LOW,0.0
TA1014,CONTROL_CANDIDATE_POOL,,WATERLINE,4,21.99,7.33,6.6,270.86,APPARENT_SEAWARD,-21.99,-270.86,-270.86,-0.0,LOW,-248.87
TA1014,CONTROL_CANDIDATE_POOL,,MANGROVE_EDGE_PROXY,4,0.0,0.0,-0.0,0.0,WITHIN_20M,241.87,241.87,241.87,241.87,LOW,0.0
TA1015,CONTROL_CANDIDATE_POOL,,WATERLINE,2,-20.0,-6.67,-6.67,20.0,WITHIN_20M,20.0,,,0.0,LOW,
TA1015,CONTROL_CANDIDATE_POOL,,MANGROVE_EDGE_PROXY,4,0.0,0.0,-0.0,0.0,WITHIN_20M,400.0,400.0,400.0,400.0,LOW,0.0
TA1016,CONTROL_CANDIDATE_POOL,,WATERLINE,4,0.0,0.0,0.0,451.41,WITHIN_20M,-0.0,-451.41,-451.41,-0.0,LOW,-451.41
TA1016,CONTROL_CANDIDATE_POOL,,MANGROVE_EDGE_PROXY,4,0.0,0.0,0.0,0.0,WITHIN_20M,-122.92,-122.92,-122.92,-122.92,LOW,0.0
TA1017,TREATMENT,91-STC,WATERLINE,4,0.0,0.0,0.0,420.0,WITHIN_20M,0.0,-420.0,-420.0,0.0,LOW,-420.0
TA1017,TREATMENT,91-STC,MANGROVE_EDGE_PROXY,4,0.0,0.0,0.0,0.0,WITHIN_20M,-100.0,-100.0,-100.0,-100.0,LOW,0.0
TA1018,CONTROL_CANDIDATE_POOL,,WATERLINE,4,-17.74,-5.91,-5.32,328.87,WITHIN_20M,17.74,-311.13,-311.13,-0.0,LOW,-328.87
TA1018,CONTROL_CANDIDATE_POOL,,MANGROVE_EDGE_PROXY,4,10.55,3.52,3.17,10.55,WITHIN_20M,187.44,197.99,197.99,197.99,LOW,10.55
TA1019,CONTROL_CANDIDATE_POOL,,WATERLINE,4,-191.83,-63.94,-57.55,520.68,APPARENT_LANDWARD,191.83,-328.85,-328.85,0.0,LOW,-520.68
TA1019,CONTROL_CANDIDATE_POOL,,MANGROVE_EDGE_PROXY,4,0.0,0.0,-0.0,0.0,WITHIN_20M,191.83,191.83,191.83,191.83,LOW,0.0
TA1020,CONTROL_CANDIDATE_POOL,,WATERLINE,4,-78.32,-26.11,-23.5,628.02,APPARENT_LANDWARD,78.32,-549.7,-549.7,-0.0,LOW,-628.02
TA1020,CONTROL_CANDIDATE_POOL,,MANGROVE_EDGE_PROXY,4,0.0,0.0,-4.81,48.14,WITHIN_20M,-17.95,30.19,-17.95,-17.95,LOW,0.0
TA1021,CONTROL_CANDIDATE_POOL,,WATERLINE,2,40.0,13.33,13.33,40.0,APPARENT_SEAWARD,-40.0,,,0.0,LOW,
TA1021,CONTROL_CANDIDATE_POOL,,MANGROVE_EDGE_PROXY,4,20.0,6.67,8.0,20.0,WITHIN_20M,1440.0,1440.0,1460.0,1460.0,LOW,20.0
TA1022,CONTROL_CANDIDATE_POOL,,WATERLINE,4,43.98,14.66,13.19,505.72,APPARENT_SEAWARD,-43.98,-505.72,-505.72,-0.0,LOW,-461.74
TA1022,CONTROL_CANDIDATE_POOL,,MANGROVE_EDGE_PROXY,4,0.0,0.0,-0.0,0.0,WITHIN_20M,65.96,65.96,65.96,65.96,LOW,0.0
TA1023,CONTROL_CANDIDATE_POOL,,WATERLINE,2,20.0,6.67,6.67,20.0,WITHIN_20M,-20.0,,,0.0,LOW,
TA1023,CONTROL_CANDIDATE_POOL,,MANGROVE_EDGE_PROXY,4,940.0,313.33,282.0,940.0,APPARENT_SEAWARD,80.0,1020.0,1020.0,1020.0,LOW,940.0
TA1024,CONTROL_CANDIDATE_POOL,,WATERLINE,4,10.55,3.52,3.17,463.09,WITHIN_20M,-10.55,-463.09,-463.09,-0.0,LOW,-452.54
TA1024,CONTROL_CANDIDATE_POOL,,MANGROVE_EDGE_PROXY,4,17.74,5.91,5.32,17.74,WITHIN_20M,84.85,102.59,102.59,102.59,LOW,17.74
TA1025,CONTROL_CANDIDATE_POOL,,WATERLINE,2,0.0,0.0,0.0,0.0,WITHIN_20M,0.0,,,0.0,LOW,
TA1025,CONTROL_CANDIDATE_POOL,,MANGROVE_EDGE_PROXY,4,0.0,0.0,-0.0,0.0,WITHIN_20M,80.0,80.0,80.0,80.0,LOW,0.0
TA1026,CONTROL_CANDIDATE_POOL,,WATERLINE,2,20.0,6.67,6.67,20.0,WITHIN_20M,-20.0,,,0.0,LOW,
TA1026,CONTROL_CANDIDATE_POOL,,MANGROVE_EDGE_PROXY,3,,,0.0,0.0,INSUFFICIENT_DATA,,80.0,80.0,80.0,LOW,
TA1027,CONTROL_CANDIDATE_POOL,,WATERLINE,2,20.05,6.68,6.68,20.05,APPARENT_SEAWARD,-20.05,,,0.0,LOW,
TA1027,CONTROL_CANDIDATE_POOL,,MANGROVE_EDGE_PROXY,3,,,-501.15,1002.3,INSUFFICIENT_DATA,,60.14,-942.16,-942.16,LOW,
TA1028,CONTROL_CANDIDATE_POOL,,WATERLINE,2,0.0,0.0,0.0,0.0,WITHIN_20M,0.0,,,0.0,LOW,
TA1028,CONTROL_CANDIDATE_POOL,,MANGROVE_EDGE_PROXY,1,,,,,INSUFFICIENT_DATA,,33.39,,,LOW,
TA1029,CONTROL_CANDIDATE_POOL,,WATERLINE,2,0.0,0.0,0.0,0.0,WITHIN_20M,0.0,,,0.0,LOW,
TA1029,CONTROL_CANDIDATE_POOL,,MANGROVE_EDGE_PROXY,0,,,,,INSUFFICIENT_DATA,,,,,LOW,
TA1030,TREATMENT,91-STC,WATERLINE,4,-20.0,-6.67,-14.0,900.0,WITHIN_20M,20.0,-800.0,-880.0,0.0,LOW,-900.0
TA1030,TREATMENT,91-STC,MANGROVE_EDGE_PROXY,4,-240.0,-80.0,-108.0,360.0,APPARENT_LANDWARD,-180.0,-60.0,-420.0,-420.0,LOW,-240.0
TA1031,CONTROL_CANDIDATE_POOL,,WATERLINE,2,0.0,0.0,0.0,0.0,WITHIN_20M,0.0,,,0.0,LOW,
TA1031,CONTROL_CANDIDATE_POOL,,MANGROVE_EDGE_PROXY,0,,,,,INSUFFICIENT_DATA,,,,,LOW,
TA1032,CONTROL_CANDIDATE_POOL,,WATERLINE,2,20.52,6.84,6.84,20.52,APPARENT_SEAWARD,-20.52,,,0.0,LOW,
TA1032,CONTROL_CANDIDATE_POOL,,MANGROVE_EDGE_PROXY,1,,,,,INSUFFICIENT_DATA,,-33.39,,,LOW,
TA1033,CONTROL_CANDIDATE_POOL,,WATERLINE,2,0.0,0.0,0.0,0.0,WITHIN_20M,0.0,,,0.0,LOW,
TA1033,CONTROL_CANDIDATE_POOL,,MANGROVE_EDGE_PROXY,3,,,-501.15,1002.3,INSUFFICIENT_DATA,,0.0,-1002.3,-1002.3,LOW,
TA1034,CONTROL_CANDIDATE_POOL,,WATERLINE,2,20.52,6.84,6.84,20.52,APPARENT_SEAWARD,-20.52,,,0.0,LOW,
TA1034,CONTROL_CANDIDATE_POOL,,MANGROVE_EDGE_PROXY,4,459.05,153.02,134.38,492.44,APPARENT_SEAWARD,-492.44,0.0,-33.39,-33.39,LOW,459.05
TA1035,CONTROL_CANDIDATE_POOL,,WATERLINE,4,25.3,8.43,7.59,607.11,APPARENT_SEAWARD,-25.3,-607.11,-607.11,-0.0,LOW,-581.81
TA1035,CONTROL_CANDIDATE_POOL,,MANGROVE_EDGE_PROXY,4,3.21,1.07,0.96,3.21,WITHIN_20M,-28.51,-25.3,-25.3,-25.3,LOW,3.21
TA1036,CONTROL_CANDIDATE_POOL,,WATERLINE,2,0.0,0.0,0.0,0.0,WITHIN_20M,0.0,,,0.0,LOW,
TA1036,CONTROL_CANDIDATE_POOL,,MANGROVE_EDGE_PROXY,4,20.0,6.67,6.0,20.0,WITHIN_20M,-20.0,0.0,0.0,0.0,LOW,20.0
TA1037,CONTROL_CANDIDATE_POOL,,WATERLINE,2,0.0,0.0,0.0,0.0,WITHIN_20M,0.0,,,0.0,LOW,
TA1037,CONTROL_CANDIDATE_POOL,,MANGROVE_EDGE_PROXY,4,940.0,313.33,282.0,940.0,APPARENT_SEAWARD,0.0,940.0,940.0,940.0,LOW,940.0
TA1038,CONTROL_CANDIDATE_POOL,,WATERLINE,4,0.0,0.0,0.0,527.71,WITHIN_20M,-0.0,-527.71,-527.71,-0.0,LOW,-527.71
TA1038,CONTROL_CANDIDATE_POOL,,MANGROVE_EDGE_PROXY,4,0.0,0.0,0.0,0.0,WITHIN_20M,-0.0,-0.0,-0.0,-0.0,LOW,0.0
TA1039,CONTROL_CANDIDATE_POOL,,WATERLINE,2,0.0,0.0,0.0,0.0,WITHIN_20M,0.0,,,0.0,LOW,
TA1039,CONTROL_CANDIDATE_POOL,,MANGROVE_EDGE_PROXY,4,20.0,6.67,8.0,20.0,WITHIN_20M,1360.0,1360.0,1380.0,1380.0,LOW,20.0
TA1040,CONTROL_CANDIDATE_POOL,,WATERLINE,2,0.0,0.0,0.0,0.0,WITHIN_20M,0.0,,,0.0,LOW,
TA1040,CONTROL_CANDIDATE_POOL,,MANGROVE_EDGE_PROXY,4,20.0,6.67,6.0,20.0,WITHIN_20M,1360.0,1380.0,1380.0,1380.0,LOW,20.0
TA1041,CONTROL_CANDIDATE_POOL,,WATERLINE,4,0.0,0.0,-2.47,420.67,WITHIN_20M,-0.0,-395.98,-420.67,-0.0,LOW,-420.67
TA1041,CONTROL_CANDIDATE_POOL,,MANGROVE_EDGE_PROXY,4,0.0,0.0,-0.36,3.59,WITHIN_20M,-28.28,-24.69,-28.28,-28.28,LOW,0.0
TA1042,CONTROL_CANDIDATE_POOL,,WATERLINE,4,0.0,0.0,2.0,480.0,WITHIN_20M,0.0,-480.0,-460.0,0.0,LOW,-460.0
TA1042,CONTROL_CANDIDATE_POOL,,MANGROVE_EDGE_PROXY,4,0.0,0.0,0.0,0.0,WITHIN_20M,-20.0,-20.0,-20.0,-20.0,LOW,0.0
TA1043,CONTROL_CANDIDATE_POOL,,WATERLINE,4,25.3,8.43,8.13,556.51,APPARENT_SEAWARD,-25.3,-556.51,-551.14,0.0,LOW,-525.84
TA1043,CONTROL_CANDIDATE_POOL,,MANGROVE_EDGE_PROXY,4,-5.42,-1.81,-4.89,32.67,WITHIN_20M,303.55,330.8,298.13,298.13,LOW,-5.42
TA1044,CONTROL_CANDIDATE_POOL,,WATERLINE,4,0.0,0.0,0.0,480.0,WITHIN_20M,0.0,-480.0,-480.0,0.0,LOW,-480.0
TA1044,CONTROL_CANDIDATE_POOL,,MANGROVE_EDGE_PROXY,4,0.0,0.0,0.0,0.0,WITHIN_20M,-20.0,-20.0,-20.0,-20.0,LOW,0.0
TA1045,CONTROL_CANDIDATE_POOL,,WATERLINE,4,0.0,0.0,0.0,624.78,WITHIN_20M,-0.0,-624.78,-624.78,-0.0,LOW,-624.78
TA1045,CONTROL_CANDIDATE_POOL,,MANGROVE_EDGE_PROXY,4,-25.29,-8.43,-10.12,25.29,APPARENT_LANDWARD,379.44,379.44,354.15,354.15,LOW,-25.29
TA1046,CONTROL_CANDIDATE_POOL,,WATERLINE,4,0.0,0.0,1.77,622.25,WITHIN_20M,-0.0,-622.25,-604.52,-0.0,LOW,-604.52
TA1046,CONTROL_CANDIDATE_POOL,,MANGROVE_EDGE_PROXY,4,367.69,122.56,100.05,470.28,APPARENT_SEAWARD,-28.28,442.0,339.41,339.41,LOW,367.69
TA1047,CONTROL_CANDIDATE_POOL,,WATERLINE,4,0.0,0.0,0.0,650.54,WITHIN_20M,-0.0,-650.54,-650.54,-0.0,LOW,-650.54
TA1047,CONTROL_CANDIDATE_POOL,,MANGROVE_EDGE_PROXY,4,28.28,9.43,-33.94,448.95,APPARENT_SEAWARD,-52.97,395.98,-28.28,-24.69,LOW,24.69
TA1048,CONTROL_CANDIDATE_POOL,,WATERLINE,2,0.0,0.0,0.0,0.0,WITHIN_20M,0.0,,,0.0,LOW,
TA1048,CONTROL_CANDIDATE_POOL,,MANGROVE_EDGE_PROXY,4,80.0,26.67,24.0,80.0,APPARENT_SEAWARD,820.0,900.0,900.0,900.0,LOW,80.0
TA1049,CONTROL_CANDIDATE_POOL,,WATERLINE,4,0.0,0.0,0.0,961.67,WITHIN_20M,-0.0,-961.67,-961.67,-0.0,LOW,-961.67
TA1049,CONTROL_CANDIDATE_POOL,,MANGROVE_EDGE_PROXY,4,28.29,9.43,8.49,28.29,APPARENT_SEAWARD,-113.14,-84.85,-84.85,-84.85,LOW,28.29
TA1050,CONTROL_CANDIDATE_POOL,,WATERLINE,2,20.0,6.67,6.67,20.0,WITHIN_20M,-20.0,,,0.0,LOW,
TA1050,CONTROL_CANDIDATE_POOL,,MANGROVE_EDGE_PROXY,4,-20.0,-6.67,-8.0,20.0,WITHIN_20M,360.0,360.0,340.0,340.0,LOW,-20.0
TA1051,CONTROL_CANDIDATE_POOL,,WATERLINE,2,20.0,6.67,6.67,20.0,WITHIN_20M,-20.0,,,0.0,LOW,
TA1051,CONTROL_CANDIDATE_POOL,,MANGROVE_EDGE_PROXY,3,,,-0.0,0.0,INSUFFICIENT_DATA,,1360.0,1360.0,1360.0,LOW,
TA1052,CONTROL_CANDIDATE_POOL,,WATERLINE,4,30.19,10.06,9.06,1474.23,APPARENT_SEAWARD,-30.19,-1474.23,-1474.23,-0.0,LOW,-1444.04
TA1052,CONTROL_CANDIDATE_POOL,,MANGROVE_EDGE_PROXY,4,-104.13,-34.71,-41.65,104.13,APPARENT_LANDWARD,-511.53,-511.53,-615.66,-615.66,LOW,-104.13
TA1053,CONTROL_CANDIDATE_POOL,,WATERLINE,4,20.0,6.67,6.0,800.0,WITHIN_20M,-20.0,-800.0,-800.0,0.0,LOW,-780.0
TA1053,CONTROL_CANDIDATE_POOL,,MANGROVE_EDGE_PROXY,4,20.0,6.67,6.0,20.0,WITHIN_20M,-220.0,-200.0,-200.0,-200.0,LOW,20.0
TA1054,CONTROL_CANDIDATE_POOL,,WATERLINE,4,20.0,6.67,8.0,800.0,WITHIN_20M,-20.0,-800.0,-780.0,0.0,LOW,-760.0
TA1054,CONTROL_CANDIDATE_POOL,,MANGROVE_EDGE_PROXY,4,0.0,0.0,0.0,0.0,WITHIN_20M,-360.0,-360.0,-360.0,-360.0,LOW,0.0
TA1055,CONTROL_CANDIDATE_POOL,,WATERLINE,2,0.0,0.0,0.0,0.0,WITHIN_20M,0.0,,,0.0,LOW,
TA1055,CONTROL_CANDIDATE_POOL,,MANGROVE_EDGE_PROXY,3,,,-0.0,0.0,INSUFFICIENT_DATA,,-400.0,-400.0,-400.0,LOW,
TA1056,CONTROL_CANDIDATE_POOL,,WATERLINE,2,0.0,0.0,0.0,0.0,WITHIN_20M,0.0,,,0.0,LOW,
TA1056,CONTROL_CANDIDATE_POOL,,MANGROVE_EDGE_PROXY,4,-80.0,-26.67,-24.0,80.0,APPARENT_LANDWARD,1440.0,1360.0,1360.0,1360.0,LOW,-80.0
TA1057,CONTROL_CANDIDATE_POOL,,WATERLINE,2,0.0,0.0,0.0,0.0,WITHIN_20M,0.0,,,0.0,LOW,
TA1057,CONTROL_CANDIDATE_POOL,,MANGROVE_EDGE_PROXY,4,-200.0,-66.67,-60.0,200.0,APPARENT_LANDWARD,1360.0,1160.0,1160.0,1160.0,LOW,-200.0
TA1058,CONTROL_CANDIDATE_POOL,,WATERLINE,4,0.0,0.0,-0.0,1046.52,WITHIN_20M,-0.0,1046.52,1046.52,-0.0,LOW,1046.52
TA1058,CONTROL_CANDIDATE_POOL,,MANGROVE_EDGE_PROXY,4,0.0,0.0,-0.0,0.0,WITHIN_20M,1018.23,1018.23,1018.23,1018.23,LOW,0.0
TA1059,CONTROL_CANDIDATE_POOL,,WATERLINE,2,20.0,6.67,6.67,20.0,WITHIN_20M,-20.0,,,0.0,LOW,
TA1059,CONTROL_CANDIDATE_POOL,,MANGROVE_EDGE_PROXY,4,-20.0,-6.67,-6.0,20.0,WITHIN_20M,1200.0,1180.0,1180.0,1180.0,LOW,-20.0
TA1060,CONTROL_CANDIDATE_POOL,,WATERLINE,2,0.0,0.0,0.0,0.0,WITHIN_20M,0.0,,,0.0,LOW,
TA1060,CONTROL_CANDIDATE_POOL,,MANGROVE_EDGE_PROXY,4,-20.0,-6.67,-6.0,20.0,WITHIN_20M,1200.0,1180.0,1180.0,1180.0,LOW,-20.0
TA1061,CONTROL_CANDIDATE_POOL,,WATERLINE,4,0.0,0.0,-2.0,1000.0,WITHIN_20M,0.0,-980.0,-1000.0,0.0,LOW,-1000.0
TA1061,CONTROL_CANDIDATE_POOL,,MANGROVE_EDGE_PROXY,4,0.0,0.0,-0.0,0.0,WITHIN_20M,1180.0,1180.0,1180.0,1180.0,LOW,0.0
TA1062,CONTROL_CANDIDATE_POOL,,WATERLINE,4,0.0,0.0,0.0,643.7,WITHIN_20M,-0.0,-643.7,-643.7,-0.0,LOW,-643.7
TA1062,CONTROL_CANDIDATE_POOL,,MANGROVE_EDGE_PROXY,4,611.62,203.87,181.29,611.62,APPARENT_SEAWARD,-17.95,593.67,571.68,593.67,LOW,589.63
TA1063,CONTROL_CANDIDATE_POOL,,WATERLINE,4,-3.6,-1.2,-1.08,593.97,WITHIN_20M,3.6,-590.37,-590.37,-0.0,LOW,-593.97
TA1063,CONTROL_CANDIDATE_POOL,,MANGROVE_EDGE_PROXY,4,0.0,0.0,0.0,0.0,WITHIN_20M,-24.69,-24.69,-24.69,-24.69,LOW,0.0
TA1064,CONTROL_CANDIDATE_POOL,,WATERLINE,4,-20.0,-6.67,-4.0,400.0,WITHIN_20M,20.0,-380.0,-360.0,0.0,LOW,-380.0
TA1064,CONTROL_CANDIDATE_POOL,,MANGROVE_EDGE_PROXY,4,0.0,0.0,0.0,0.0,WITHIN_20M,0.0,0.0,0.0,0.0,LOW,0.0
TA1065,CONTROL_CANDIDATE_POOL,,WATERLINE,4,0.0,0.0,0.0,1060.0,WITHIN_20M,0.0,-1060.0,-1060.0,0.0,LOW,-1060.0
TA1065,CONTROL_CANDIDATE_POOL,,MANGROVE_EDGE_PROXY,4,-100.0,-33.33,-30.0,100.0,APPARENT_LANDWARD,960.0,880.0,880.0,860.0,LOW,-80.0
TA1066,CONTROL_CANDIDATE_POOL,,WATERLINE,4,-78.32,-26.11,-23.5,1041.01,APPARENT_LANDWARD,78.32,1041.01,1041.01,-0.0,LOW,962.69
TA1066,CONTROL_CANDIDATE_POOL,,MANGROVE_EDGE_PROXY,4,7.58,2.53,2.27,7.58,WITHIN_20M,1033.43,1041.01,1041.01,1041.01,LOW,7.58
TA1067,CONTROL_CANDIDATE_POOL,,WATERLINE,4,40.0,13.33,12.0,400.0,APPARENT_SEAWARD,-40.0,-400.0,-400.0,0.0,LOW,-360.0
TA1067,CONTROL_CANDIDATE_POOL,,MANGROVE_EDGE_PROXY,4,20.0,6.67,6.0,20.0,WITHIN_20M,-120.0,-100.0,-100.0,-100.0,LOW,20.0
TA1068,CONTROL_CANDIDATE_POOL,,WATERLINE,4,184.67,61.56,55.4,902.81,APPARENT_SEAWARD,-184.67,-902.81,-902.81,0.0,LOW,-718.14
TA1068,CONTROL_CANDIDATE_POOL,,MANGROVE_EDGE_PROXY,4,20.52,6.84,6.16,20.52,APPARENT_SEAWARD,389.85,410.37,410.37,410.37,LOW,20.52
TA1069,CONTROL_CANDIDATE_POOL,,WATERLINE,4,-780.0,-260.0,-234.0,1100.0,APPARENT_LANDWARD,780.0,1100.0,1100.0,0.0,LOW,320.0
TA1069,CONTROL_CANDIDATE_POOL,,MANGROVE_EDGE_PROXY,4,0.0,0.0,-0.0,0.0,WITHIN_20M,1100.0,1100.0,1100.0,1100.0,LOW,0.0
TA1070,CONTROL_CANDIDATE_POOL,,WATERLINE,4,-41.04,-13.68,-12.31,348.82,APPARENT_LANDWARD,41.04,-307.78,-307.78,-0.0,LOW,-348.82
TA1070,CONTROL_CANDIDATE_POOL,,MANGROVE_EDGE_PROXY,4,0.0,0.0,0.0,0.0,WITHIN_20M,-20.52,-20.52,-20.52,-20.52,LOW,0.0
TA1071,CONTROL_CANDIDATE_POOL,,WATERLINE,4,61.18,20.39,15.82,845.36,APPARENT_SEAWARD,-61.18,784.18,758.88,-0.0,LOW,820.06
TA1071,CONTROL_CANDIDATE_POOL,,MANGROVE_EDGE_PROXY,4,0.0,0.0,-0.0,0.0,WITHIN_20M,758.88,758.88,758.88,758.88,LOW,0.0
TA1072,CONTROL_CANDIDATE_POOL,,WATERLINE,4,0.0,0.0,0.0,1200.0,WITHIN_20M,0.0,-1200.0,-1200.0,0.0,LOW,-1200.0
TA1072,CONTROL_CANDIDATE_POOL,,MANGROVE_EDGE_PROXY,4,-740.0,-246.67,-298.0,780.0,APPARENT_LANDWARD,1460.0,1500.0,740.0,720.0,LOW,-720.0
TA1073,CONTROL_CANDIDATE_POOL,,WATERLINE,4,0.0,0.0,0.0,758.88,WITHIN_20M,0.0,-758.88,-758.88,0.0,LOW,-758.88
TA1073,CONTROL_CANDIDATE_POOL,,MANGROVE_EDGE_PROXY,4,22.08,7.36,6.62,22.08,APPARENT_SEAWARD,-50.59,-28.51,-28.51,-28.51,LOW,22.08
TA1074,CONTROL_CANDIDATE_POOL,,WATERLINE,4,0.0,0.0,2.0,400.0,WITHIN_20M,0.0,-400.0,-380.0,0.0,LOW,-380.0
TA1074,CONTROL_CANDIDATE_POOL,,MANGROVE_EDGE_PROXY,4,0.0,0.0,0.0,0.0,WITHIN_20M,-20.0,-20.0,-20.0,-20.0,LOW,0.0
TA1075,CONTROL_CANDIDATE_POOL,,WATERLINE,4,-20.0,-6.67,-6.0,400.0,WITHIN_20M,20.0,-380.0,-380.0,0.0,LOW,-400.0
TA1075,CONTROL_CANDIDATE_POOL,,MANGROVE_EDGE_PROXY,4,-60.0,-20.0,-24.0,60.0,APPARENT_LANDWARD,0.0,0.0,-60.0,-60.0,LOW,-60.0
TA1076,CONTROL_CANDIDATE_POOL,,WATERLINE,4,-80.0,-26.67,-24.0,540.0,APPARENT_LANDWARD,80.0,-460.0,-460.0,0.0,LOW,-540.0
TA1076,CONTROL_CANDIDATE_POOL,,MANGROVE_EDGE_PROXY,4,-140.0,-46.67,-56.0,140.0,APPARENT_LANDWARD,80.0,80.0,-60.0,-60.0,LOW,-140.0
TA1077,CONTROL_CANDIDATE_POOL,,WATERLINE,4,-80.18,-26.73,-24.05,581.33,APPARENT_LANDWARD,80.18,-501.15,-501.15,-0.0,LOW,-581.33
TA1077,CONTROL_CANDIDATE_POOL,,MANGROVE_EDGE_PROXY,4,-80.18,-26.73,-32.07,80.18,APPARENT_LANDWARD,80.18,80.18,-0.0,-0.0,LOW,-80.18
TA1078,CONTROL_CANDIDATE_POOL,,WATERLINE,2,-100.0,-33.33,-33.33,100.0,APPARENT_LANDWARD,100.0,,,0.0,LOW,
TA1078,CONTROL_CANDIDATE_POOL,,MANGROVE_EDGE_PROXY,4,0.0,0.0,-0.0,0.0,WITHIN_20M,1460.0,1460.0,1460.0,1460.0,LOW,0.0
TA1079,CONTROL_CANDIDATE_POOL,,WATERLINE,2,-20.0,-6.67,-6.67,20.0,WITHIN_20M,20.0,,,0.0,LOW,
TA1079,CONTROL_CANDIDATE_POOL,,MANGROVE_EDGE_PROXY,4,80.0,26.67,24.0,80.0,APPARENT_SEAWARD,1400.0,1480.0,1480.0,1480.0,LOW,80.0
TA1080,CONTROL_CANDIDATE_POOL,,WATERLINE,2,-20.0,-6.67,-6.67,20.0,WITHIN_20M,20.0,,,0.0,LOW,
TA1080,CONTROL_CANDIDATE_POOL,,MANGROVE_EDGE_PROXY,4,0.0,0.0,-0.0,20.0,WITHIN_20M,1400.0,1420.0,1420.0,1400.0,LOW,20.0
TA1081,CONTROL_CANDIDATE_POOL,,WATERLINE,2,-40.09,-13.36,-13.36,40.09,APPARENT_LANDWARD,40.09,,,0.0,LOW,
TA1081,CONTROL_CANDIDATE_POOL,,MANGROVE_EDGE_PROXY,4,53.64,17.88,14.09,73.69,APPARENT_SEAWARD,848.43,922.12,902.07,902.07,LOW,53.64
TA1082,CONTROL_CANDIDATE_POOL,,WATERLINE,4,0.0,0.0,-2.0,720.0,WITHIN_20M,0.0,-700.0,-720.0,0.0,LOW,-720.0
TA1082,CONTROL_CANDIDATE_POOL,,MANGROVE_EDGE_PROXY,4,80.0,26.67,24.0,80.0,APPARENT_SEAWARD,-80.0,0.0,0.0,0.0,LOW,80.0
TA1083,CONTROL_CANDIDATE_POOL,,WATERLINE,4,-220.0,-73.33,-66.0,940.0,APPARENT_LANDWARD,220.0,-720.0,-720.0,0.0,LOW,-940.0
TA1083,CONTROL_CANDIDATE_POOL,,MANGROVE_EDGE_PROXY,4,80.0,26.67,24.0,80.0,APPARENT_SEAWARD,-100.0,-20.0,-20.0,-20.0,LOW,80.0
TA1084,CONTROL_CANDIDATE_POOL,,WATERLINE,4,-340.0,-113.33,-102.0,1060.0,APPARENT_LANDWARD,340.0,-720.0,-720.0,0.0,LOW,-1060.0
TA1084,CONTROL_CANDIDATE_POOL,,MANGROVE_EDGE_PROXY,4,0.0,0.0,0.0,0.0,WITHIN_20M,-300.0,-300.0,-300.0,-300.0,LOW,0.0
TA1085,TREATMENT,91-STC,WATERLINE,4,0.0,0.0,0.0,986.35,WITHIN_20M,-0.0,-986.35,-986.35,-0.0,LOW,-986.35
TA1085,TREATMENT,91-STC,MANGROVE_EDGE_PROXY,4,52.98,17.66,15.89,52.98,APPARENT_SEAWARD,-137.83,-84.85,-84.85,-84.85,LOW,52.98
TA1086,TREATMENT,91-STC,WATERLINE,4,0.0,0.0,0.0,915.64,WITHIN_20M,-0.0,-915.64,-915.64,-0.0,LOW,-915.64
TA1086,TREATMENT,91-STC,MANGROVE_EDGE_PROXY,4,28.28,9.43,8.48,28.28,APPARENT_SEAWARD,-141.42,-113.14,-113.14,-113.14,LOW,28.28
TA1087,CONTROL_CANDIDATE_POOL,,WATERLINE,4,0.0,0.0,0.0,760.0,WITHIN_20M,0.0,-760.0,-760.0,0.0,LOW,-760.0
TA1087,CONTROL_CANDIDATE_POOL,,MANGROVE_EDGE_PROXY,4,0.0,0.0,0.0,0.0,WITHIN_20M,-240.0,-240.0,-240.0,-240.0,LOW,0.0
TA1088,CONTROL_CANDIDATE_POOL,,WATERLINE,4,20.0,6.67,6.0,760.0,WITHIN_20M,-20.0,-760.0,-760.0,0.0,LOW,-740.0
TA1088,CONTROL_CANDIDATE_POOL,,MANGROVE_EDGE_PROXY,4,-20.0,-6.67,-6.0,20.0,WITHIN_20M,-240.0,-240.0,-240.0,-260.0,LOW,0.0
TA1089,CONTROL_CANDIDATE_POOL,,WATERLINE,2,-160.0,-53.33,-53.33,160.0,APPARENT_LANDWARD,160.0,,,0.0,LOW,
TA1089,CONTROL_CANDIDATE_POOL,,MANGROVE_EDGE_PROXY,4,-0.76,-0.25,-0.23,0.76,WITHIN_20M,1095.5,1094.74,1094.74,1094.74,LOW,-0.76
TA1090,CONTROL_CANDIDATE_POOL,,WATERLINE,4,-41.04,-13.68,-12.15,636.07,APPARENT_LANDWARD,41.04,-595.03,-593.38,-0.0,LOW,-634.42
TA1090,CONTROL_CANDIDATE_POOL,,MANGROVE_EDGE_PROXY,4,-20.51,-6.84,-6.15,20.51,APPARENT_LANDWARD,-184.67,-184.67,-184.67,-205.18,LOW,0.0
TA1091,CONTROL_CANDIDATE_POOL,,WATERLINE,4,-60.14,-20.05,-18.04,761.75,APPARENT_LANDWARD,60.14,-701.61,-701.61,-0.0,LOW,-761.75
TA1091,CONTROL_CANDIDATE_POOL,,MANGROVE_EDGE_PROXY,4,-20.05,-6.68,-6.02,20.05,APPARENT_LANDWARD,-180.41,-180.41,-180.41,-200.46,LOW,0.0
TA1092,CONTROL_CANDIDATE_POOL,,WATERLINE,2,340.0,113.33,113.33,340.0,APPARENT_SEAWARD,-340.0,,,0.0,LOW,
TA1092,CONTROL_CANDIDATE_POOL,,MANGROVE_EDGE_PROXY,4,0.0,0.0,-0.0,0.0,WITHIN_20M,1200.0,1200.0,1200.0,1200.0,LOW,0.0
TA1093,CONTROL_CANDIDATE_POOL,,WATERLINE,4,257.16,85.72,77.15,838.97,APPARENT_SEAWARD,-257.16,581.81,581.81,0.0,LOW,838.97
TA1093,CONTROL_CANDIDATE_POOL,,MANGROVE_EDGE_PROXY,4,22.36,7.45,6.71,22.36,APPARENT_SEAWARD,559.45,581.81,581.81,581.81,LOW,22.36
TA1094,CONTROL_CANDIDATE_POOL,,WATERLINE,4,258.62,86.21,76.38,830.3,APPARENT_SEAWARD,-258.62,571.68,559.67,-0.0,LOW,818.29
TA1094,CONTROL_CANDIDATE_POOL,,MANGROVE_EDGE_PROXY,4,0.0,0.0,0.0,0.0,WITHIN_20M,559.67,559.67,559.67,559.67,LOW,0.0
TA1095,CONTROL_CANDIDATE_POOL,,WATERLINE,4,-520.0,-173.33,-154.0,540.0,APPARENT_LANDWARD,520.0,520.0,540.0,0.0,LOW,20.0
TA1095,CONTROL_CANDIDATE_POOL,,MANGROVE_EDGE_PROXY,4,20.0,6.67,6.0,20.0,WITHIN_20M,500.0,520.0,520.0,520.0,LOW,20.0
TA1096,CONTROL_CANDIDATE_POOL,,WATERLINE,4,527.71,175.9,158.31,1183.65,APPARENT_SEAWARD,-527.71,655.94,655.94,-0.0,LOW,1183.65
TA1096,CONTROL_CANDIDATE_POOL,,MANGROVE_EDGE_PROXY,4,0.0,0.0,-0.0,0.0,WITHIN_20M,637.65,637.65,637.65,637.65,LOW,0.0
TA1097,CONTROL_CANDIDATE_POOL,,WATERLINE,4,320.0,106.67,96.0,1520.0,APPARENT_SEAWARD,-320.0,1200.0,1200.0,0.0,LOW,1520.0
TA1097,CONTROL_CANDIDATE_POOL,,MANGROVE_EDGE_PROXY,4,80.0,26.67,26.0,80.0,APPARENT_SEAWARD,1140.0,1180.0,1200.0,1220.0,LOW,60.0
TA1098,CONTROL_CANDIDATE_POOL,,WATERLINE,4,-747.59,-249.2,-219.46,1728.23,APPARENT_LANDWARD,747.59,-980.64,-932.51,-0.0,LOW,-1680.1
TA1098,CONTROL_CANDIDATE_POOL,,MANGROVE_EDGE_PROXY,4,240.67,80.22,72.2,240.67,APPARENT_SEAWARD,463.4,704.07,704.07,704.07,LOW,240.67
TA1099,CONTROL_CANDIDATE_POOL,,WATERLINE,4,441.01,147.0,132.3,441.01,APPARENT_SEAWARD,-441.01,-441.01,-441.01,-0.0,LOW,0.0
TA1099,CONTROL_CANDIDATE_POOL,,MANGROVE_EDGE_PROXY,4,0.0,0.0,0.0,0.0,WITHIN_20M,-0.0,-0.0,-0.0,-0.0,LOW,0.0
TA1100,CONTROL_CANDIDATE_POOL,,WATERLINE,4,-414.3,-138.1,-124.29,947.78,APPARENT_LANDWARD,414.3,-533.48,-533.48,-0.0,LOW,-947.78
TA1100,CONTROL_CANDIDATE_POOL,,MANGROVE_EDGE_PROXY,4,287.26,95.75,86.18,287.26,APPARENT_SEAWARD,-20.52,266.74,266.74,266.74,LOW,287.26
TA1101,CONTROL_CANDIDATE_POOL,,WATERLINE,4,-240.0,-80.0,-72.0,760.0,APPARENT_LANDWARD,240.0,-520.0,-520.0,0.0,LOW,-760.0
TA1101,CONTROL_CANDIDATE_POOL,,MANGROVE_EDGE_PROXY,4,0.0,0.0,0.0,0.0,WITHIN_20M,0.0,0.0,0.0,0.0,LOW,0.0
TA1102,CONTROL_CANDIDATE_POOL,,WATERLINE,4,498.57,166.19,150.63,509.12,APPARENT_SEAWARD,-498.57,-509.12,-498.57,-0.0,LOW,0.0
TA1102,CONTROL_CANDIDATE_POOL,,MANGROVE_EDGE_PROXY,4,130.88,43.63,39.26,130.88,APPARENT_SEAWARD,236.82,367.7,367.7,367.7,LOW,130.88
TA1103,CONTROL_CANDIDATE_POOL,,WATERLINE,4,-200.0,-66.67,-60.0,740.0,APPARENT_LANDWARD,200.0,-540.0,-540.0,0.0,LOW,-740.0
TA1103,CONTROL_CANDIDATE_POOL,,MANGROVE_EDGE_PROXY,4,-20.0,-6.67,-6.0,20.0,WITHIN_20M,-20.0,-20.0,-20.0,-40.0,LOW,0.0
TA1104,CONTROL_CANDIDATE_POOL,,WATERLINE,4,-220.0,-73.33,-66.0,760.0,APPARENT_LANDWARD,220.0,-540.0,-540.0,0.0,LOW,-760.0
TA1104,CONTROL_CANDIDATE_POOL,,MANGROVE_EDGE_PROXY,4,-20.0,-6.67,-6.0,20.0,WITHIN_20M,-20.0,-20.0,-20.0,-40.0,LOW,0.0
TA1105,CONTROL_CANDIDATE_POOL,,WATERLINE,4,-240.55,-80.18,-70.16,681.56,APPARENT_LANDWARD,240.55,-441.01,-420.97,-0.0,LOW,-661.52
TA1105,CONTROL_CANDIDATE_POOL,,MANGROVE_EDGE_PROXY,4,0.0,0.0,0.0,0.0,WITHIN_20M,-20.05,-20.05,-20.05,-20.05,LOW,0.0
TA1106,CONTROL_CANDIDATE_POOL,,WATERLINE,4,-225.7,-75.23,-67.71,656.59,APPARENT_LANDWARD,225.7,-430.89,-430.89,-0.0,LOW,-656.59
TA1106,CONTROL_CANDIDATE_POOL,,MANGROVE_EDGE_PROXY,4,0.0,0.0,0.0,0.0,WITHIN_20M,-41.04,-41.04,-41.04,-41.04,LOW,0.0
TA1107,CONTROL_CANDIDATE_POOL,,WATERLINE,4,-322.49,-107.5,-96.62,752.52,APPARENT_LANDWARD,322.49,-430.03,-428.79,-0.0,LOW,-751.28
TA1107,CONTROL_CANDIDATE_POOL,,MANGROVE_EDGE_PROXY,4,11.52,3.84,3.46,11.52,WITHIN_20M,-36.82,-36.82,-36.82,-25.3,LOW,0.0
TA1108,CONTROL_CANDIDATE_POOL,,WATERLINE,4,-1185.42,-395.14,-355.63,1185.42,APPARENT_LANDWARD,1185.42,1185.42,1185.42,-0.0,LOW,0.0
TA1108,CONTROL_CANDIDATE_POOL,,MANGROVE_EDGE_PROXY,4,0.0,0.0,-0.0,0.0,WITHIN_20M,1185.42,1185.42,1185.42,1185.42,LOW,0.0
TA1109,CONTROL_CANDIDATE_POOL,,WATERLINE,2,-581.33,-193.78,-193.78,581.33,APPARENT_LANDWARD,581.33,,,0.0,LOW,
TA1109,CONTROL_CANDIDATE_POOL,,MANGROVE_EDGE_PROXY,4,0.0,0.0,-0.0,0.0,WITHIN_20M,1483.41,1483.41,1483.41,1483.41,LOW,0.0
TA1110,CONTROL_CANDIDATE_POOL,,WATERLINE,4,-67.11,-22.37,-20.13,802.5,APPARENT_LANDWARD,67.11,-735.39,-735.39,-0.0,LOW,-802.5
TA1110,CONTROL_CANDIDATE_POOL,,MANGROVE_EDGE_PROXY,4,254.56,84.85,79.2,282.84,APPARENT_SEAWARD,-215.73,38.83,67.11,38.83,LOW,282.84
TA1111,CONTROL_CANDIDATE_POOL,,WATERLINE,4,-102.15,-34.05,-30.64,816.62,APPARENT_LANDWARD,102.15,-714.47,-714.47,0.0,LOW,-816.62
TA1111,CONTROL_CANDIDATE_POOL,,MANGROVE_EDGE_PROXY,4,-25.3,-8.43,-7.59,25.3,APPARENT_LANDWARD,-227.66,-227.66,-227.66,-252.96,LOW,0.0
TA1112,CONTROL_CANDIDATE_POOL,,WATERLINE,4,123.68,41.23,37.1,820.24,APPARENT_SEAWARD,-123.68,696.56,696.56,-0.0,LOW,820.24
TA1112,CONTROL_CANDIDATE_POOL,,MANGROVE_EDGE_PROXY,4,17.74,5.91,5.32,17.74,WITHIN_20M,678.82,696.56,696.56,696.56,LOW,17.74
TA1113,CONTROL_CANDIDATE_POOL,,WATERLINE,2,40.0,13.33,13.33,40.0,APPARENT_SEAWARD,-40.0,,,0.0,LOW,
TA1113,CONTROL_CANDIDATE_POOL,,MANGROVE_EDGE_PROXY,4,-0.2,-0.07,-0.06,0.2,WITHIN_20M,1040.0,1039.8,1039.8,1039.8,LOW,-0.2
TA1114,CONTROL_CANDIDATE_POOL,,WATERLINE,4,0.0,0.0,0.36,660.15,WITHIN_20M,-0.0,-660.15,-656.59,-0.0,LOW,-656.59
TA1114,CONTROL_CANDIDATE_POOL,,MANGROVE_EDGE_PROXY,4,0.0,0.0,0.0,0.0,WITHIN_20M,-266.74,-266.74,-266.74,-266.74,LOW,0.0
TA1115,CONTROL_CANDIDATE_POOL,,WATERLINE,4,0.0,0.0,-0.0,654.13,WITHIN_20M,-0.0,654.13,654.13,-0.0,LOW,654.13
TA1115,CONTROL_CANDIDATE_POOL,,MANGROVE_EDGE_PROXY,4,0.0,0.0,-0.0,0.0,WITHIN_20M,654.13,654.13,654.13,654.13,LOW,0.0
TA1116,CONTROL_CANDIDATE_POOL,,WATERLINE,4,0.0,0.0,2.0,680.0,WITHIN_20M,0.0,-680.0,-660.0,0.0,LOW,-660.0
TA1116,CONTROL_CANDIDATE_POOL,,MANGROVE_EDGE_PROXY,4,0.0,0.0,0.0,0.0,WITHIN_20M,-280.0,-280.0,-280.0,-280.0,LOW,0.0
TA1117,CONTROL_CANDIDATE_POOL,,WATERLINE,2,0.0,0.0,0.0,0.0,WITHIN_20M,0.0,,,0.0,LOW,
TA1117,CONTROL_CANDIDATE_POOL,,MANGROVE_EDGE_PROXY,4,57.03,19.01,17.11,57.03,APPARENT_SEAWARD,860.0,917.03,917.03,917.03,LOW,57.03
TA1118,CONTROL_CANDIDATE_POOL,,WATERLINE,4,0.0,0.0,0.0,1461.99,WITHIN_20M,-0.0,-1461.99,-1461.99,-0.0,LOW,-1461.99
TA1118,CONTROL_CANDIDATE_POOL,,MANGROVE_EDGE_PROXY,4,0.0,0.0,39.98,399.82,WITHIN_20M,-417.77,-417.77,-17.95,-417.77,LOW,399.82
TA1119,CONTROL_CANDIDATE_POOL,,WATERLINE,4,0.0,0.0,0.0,580.0,WITHIN_20M,0.0,-580.0,-580.0,0.0,LOW,-580.0
TA1119,CONTROL_CANDIDATE_POOL,,MANGROVE_EDGE_PROXY,4,0.0,0.0,0.0,0.0,WITHIN_20M,-20.0,-20.0,-20.0,-20.0,LOW,0.0
TA1120,CONTROL_CANDIDATE_POOL,,WATERLINE,4,-60.0,-20.0,-18.0,620.0,APPARENT_LANDWARD,60.0,-560.0,-560.0,0.0,LOW,-620.0
TA1120,CONTROL_CANDIDATE_POOL,,MANGROVE_EDGE_PROXY,4,160.0,53.33,52.0,160.0,APPARENT_SEAWARD,-180.0,-60.0,-20.0,-20.0,LOW,160.0
TA1121,CONTROL_CANDIDATE_POOL,,WATERLINE,2,620.0,206.67,206.67,620.0,APPARENT_SEAWARD,-620.0,,,0.0,LOW,
TA1121,CONTROL_CANDIDATE_POOL,,MANGROVE_EDGE_PROXY,4,0.0,0.0,-0.0,0.0,WITHIN_20M,833.06,833.06,833.06,833.06,LOW,0.0
TA1122,CONTROL_CANDIDATE_POOL,,WATERLINE,2,700.0,233.33,233.33,700.0,APPARENT_SEAWARD,-700.0,,,0.0,LOW,
TA1122,CONTROL_CANDIDATE_POOL,,MANGROVE_EDGE_PROXY,4,0.0,0.0,-0.0,0.0,WITHIN_20M,840.0,840.0,840.0,840.0,LOW,0.0
TA1123,CONTROL_CANDIDATE_POOL,,WATERLINE,4,-282.84,-94.28,-84.85,1018.23,APPARENT_LANDWARD,282.84,-735.39,-735.39,-0.0,LOW,-1018.23
TA1123,CONTROL_CANDIDATE_POOL,,MANGROVE_EDGE_PROXY,4,3.6,1.2,1.08,3.6,WITHIN_20M,250.96,254.56,254.56,254.56,LOW,3.6
TA1124,CONTROL_CANDIDATE_POOL,,WATERLINE,4,-225.7,-75.23,-67.71,677.11,APPARENT_LANDWARD,225.7,-451.41,-451.41,-0.0,LOW,-677.11
TA1124,CONTROL_CANDIDATE_POOL,,MANGROVE_EDGE_PROXY,4,20.52,6.84,6.16,20.52,APPARENT_SEAWARD,-20.52,-0.0,-0.0,-0.0,LOW,20.52
TA1125,CONTROL_CANDIDATE_POOL,,WATERLINE,4,-220.0,-73.33,-62.0,620.0,APPARENT_LANDWARD,220.0,-400.0,-360.0,0.0,LOW,-580.0
TA1125,CONTROL_CANDIDATE_POOL,,MANGROVE_EDGE_PROXY,4,20.0,6.67,8.0,20.0,WITHIN_20M,-20.0,-20.0,0.0,0.0,LOW,20.0
TA1126,CONTROL_CANDIDATE_POOL,,WATERLINE,4,503.84,167.95,151.15,554.0,APPARENT_SEAWARD,-503.84,-554.0,-554.0,0.0,LOW,-50.16
TA1126,CONTROL_CANDIDATE_POOL,,MANGROVE_EDGE_PROXY,4,492.44,164.15,147.73,492.44,APPARENT_SEAWARD,246.22,738.66,738.66,738.66,LOW,492.44
TA1127,CONTROL_CANDIDATE_POOL,,WATERLINE,2,-820.0,-273.33,-273.33,820.0,APPARENT_LANDWARD,820.0,,,0.0,LOW,
TA1127,CONTROL_CANDIDATE_POOL,,MANGROVE_EDGE_PROXY,4,20.0,6.67,6.0,20.0,WITHIN_20M,1280.0,1300.0,1300.0,1300.0,LOW,20.0
TA1128,CONTROL_CANDIDATE_POOL,,WATERLINE,2,-740.0,-246.67,-246.67,740.0,APPARENT_LANDWARD,740.0,,,0.0,LOW,
TA1128,CONTROL_CANDIDATE_POOL,,MANGROVE_EDGE_PROXY,4,560.0,186.67,168.0,560.0,APPARENT_SEAWARD,720.0,1260.0,1260.0,1280.0,LOW,540.0
TA1129,CONTROL_CANDIDATE_POOL,,WATERLINE,4,-88.45,-29.48,-26.53,1021.83,APPARENT_LANDWARD,88.45,-933.38,-933.38,-0.0,LOW,-1021.83
TA1129,CONTROL_CANDIDATE_POOL,,MANGROVE_EDGE_PROXY,4,28.28,9.43,8.48,28.28,APPARENT_SEAWARD,56.57,84.85,84.85,84.85,LOW,28.28
TA1130,CONTROL_CANDIDATE_POOL,,WATERLINE,2,-140.0,-46.67,-46.67,140.0,APPARENT_LANDWARD,140.0,,,0.0,LOW,
TA1130,CONTROL_CANDIDATE_POOL,,MANGROVE_EDGE_PROXY,4,720.0,240.0,216.0,720.0,APPARENT_SEAWARD,-20.0,700.0,700.0,700.0,LOW,720.0
TA1131,CONTROL_CANDIDATE_POOL,,WATERLINE,2,0.0,0.0,0.0,0.0,WITHIN_20M,0.0,,,0.0,LOW,
TA1131,CONTROL_CANDIDATE_POOL,,MANGROVE_EDGE_PROXY,4,57.82,19.27,19.13,57.82,APPARENT_SEAWARD,620.0,660.0,677.82,677.82,LOW,57.82
TA1132,CONTROL_CANDIDATE_POOL,,WATERLINE,4,0.0,0.0,0.0,574.52,WITHIN_20M,-0.0,-574.52,-574.52,-0.0,LOW,-574.52
TA1132,CONTROL_CANDIDATE_POOL,,MANGROVE_EDGE_PROXY,4,20.51,6.84,6.15,20.51,APPARENT_SEAWARD,-82.07,-61.56,-61.56,-61.56,LOW,20.51
TA1133,CONTROL_CANDIDATE_POOL,,WATERLINE,4,0.0,0.0,0.0,1087.73,WITHIN_20M,-0.0,-1087.73,-1087.73,-0.0,LOW,-1087.73
TA1133,CONTROL_CANDIDATE_POOL,,MANGROVE_EDGE_PROXY,4,0.0,0.0,0.0,0.0,WITHIN_20M,-257.16,-257.16,-257.16,-257.16,LOW,0.0
TA1134,CONTROL_CANDIDATE_POOL,,WATERLINE,4,0.0,0.0,-1.05,1046.52,WITHIN_20M,-0.0,-1035.97,-1046.52,-0.0,LOW,-1046.52
TA1134,CONTROL_CANDIDATE_POOL,,MANGROVE_EDGE_PROXY,4,28.29,9.43,8.49,28.29,APPARENT_SEAWARD,-56.57,-28.28,-28.28,-28.28,LOW,28.29
TA1135,CONTROL_CANDIDATE_POOL,,WATERLINE,4,0.0,0.0,2.0,520.0,WITHIN_20M,0.0,-520.0,-500.0,0.0,LOW,-500.0
TA1135,CONTROL_CANDIDATE_POOL,,MANGROVE_EDGE_PROXY,4,20.0,6.67,6.0,20.0,WITHIN_20M,-40.0,-20.0,-20.0,-20.0,LOW,20.0
TA1136,CONTROL_CANDIDATE_POOL,,WATERLINE,4,-21.99,-7.33,-6.6,395.78,APPARENT_LANDWARD,21.99,-373.79,-373.79,-0.0,LOW,-395.78
TA1136,CONTROL_CANDIDATE_POOL,,MANGROVE_EDGE_PROXY,4,43.98,14.66,14.99,43.98,APPARENT_SEAWARD,-43.98,-17.95,-0.0,-0.0,LOW,43.98
TA1137,CONTROL_CANDIDATE_POOL,,WATERLINE,4,-20.05,-6.68,-4.01,521.2,APPARENT_LANDWARD,20.05,-501.15,-481.1,-0.0,LOW,-501.15
TA1137,CONTROL_CANDIDATE_POOL,,MANGROVE_EDGE_PROXY,4,60.14,20.05,18.04,60.14,APPARENT_SEAWARD,-60.14,-20.05,-20.05,-0.0,LOW,40.09
TA1138,CONTROL_CANDIDATE_POOL,,WATERLINE,4,0.0,0.0,0.0,509.12,WITHIN_20M,-0.0,-509.12,-509.12,-0.0,LOW,-509.12
TA1138,CONTROL_CANDIDATE_POOL,,MANGROVE_EDGE_PROXY,4,17.73,5.91,5.32,17.73,WITHIN_20M,-28.28,-10.55,-10.55,-10.55,LOW,17.73
TA1139,CONTROL_CANDIDATE_POOL,,WATERLINE,4,0.0,0.0,0.0,480.83,WITHIN_20M,-0.0,-480.83,-480.83,-0.0,LOW,-480.83
TA1139,CONTROL_CANDIDATE_POOL,,MANGROVE_EDGE_PROXY,4,56.56,18.85,16.97,56.56,APPARENT_SEAWARD,-60.16,-3.6,-3.6,-3.6,LOW,56.56
TA1140,CONTROL_CANDIDATE_POOL,,WATERLINE,2,20.52,6.84,6.84,20.52,APPARENT_SEAWARD,-20.52,,,0.0,LOW,
TA1140,CONTROL_CANDIDATE_POOL,,MANGROVE_EDGE_PROXY,4,41.04,13.68,14.36,41.04,APPARENT_SEAWARD,389.85,410.37,430.89,430.89,LOW,41.04
TA1141,CONTROL_CANDIDATE_POOL,,WATERLINE,2,20.0,6.67,6.67,20.0,WITHIN_20M,-20.0,,,0.0,LOW,
TA1141,CONTROL_CANDIDATE_POOL,,MANGROVE_EDGE_PROXY,0,,,,,INSUFFICIENT_DATA,,,,,LOW,
TA1142,CONTROL_CANDIDATE_POOL,,WATERLINE,2,0.0,0.0,0.0,0.0,WITHIN_20M,0.0,,,0.0,LOW,
TA1142,CONTROL_CANDIDATE_POOL,,MANGROVE_EDGE_PROXY,0,,,,,INSUFFICIENT_DATA,,,,,LOW,
TA1143,CONTROL_CANDIDATE_POOL,,WATERLINE,2,0.0,0.0,0.0,0.0,WITHIN_20M,0.0,,,0.0,LOW,
TA1143,CONTROL_CANDIDATE_POOL,,MANGROVE_EDGE_PROXY,0,,,,,INSUFFICIENT_DATA,,,,,LOW,
TA1144,CONTROL_CANDIDATE_POOL,,WATERLINE,2,40.0,13.33,13.33,40.0,APPARENT_SEAWARD,-40.0,,,0.0,LOW,
TA1144,CONTROL_CANDIDATE_POOL,,MANGROVE_EDGE_PROXY,0,,,,,INSUFFICIENT_DATA,,,,,LOW,
TA1145,CONTROL_CANDIDATE_POOL,,WATERLINE,4,660.0,220.0,198.0,660.0,APPARENT_SEAWARD,-660.0,-660.0,-660.0,0.0,LOW,0.0
TA1145,CONTROL_CANDIDATE_POOL,,MANGROVE_EDGE_PROXY,4,40.0,13.33,12.0,40.0,APPARENT_SEAWARD,-300.0,-260.0,-260.0,-260.0,LOW,40.0
TA1146,CONTROL_CANDIDATE_POOL,,WATERLINE,4,222.73,74.24,69.02,1055.42,APPARENT_SEAWARD,-222.73,-1055.42,-1033.43,-0.0,LOW,-810.7
TA1146,CONTROL_CANDIDATE_POOL,,MANGROVE_EDGE_PROXY,4,65.96,21.99,19.79,65.96,APPARENT_SEAWARD,-395.78,-351.81,-351.81,-329.82,LOW,43.97
TA1147,CONTROL_CANDIDATE_POOL,,WATERLINE,2,120.28,40.09,40.09,120.28,APPARENT_SEAWARD,-120.28,,,0.0,LOW,
TA1147,CONTROL_CANDIDATE_POOL,,MANGROVE_EDGE_PROXY,0,,,,,INSUFFICIENT_DATA,,,,,LOW,
TA1148,CONTROL_CANDIDATE_POOL,,WATERLINE,2,61.56,20.52,20.52,61.56,APPARENT_SEAWARD,-61.56,,,0.0,LOW,
TA1148,CONTROL_CANDIDATE_POOL,,MANGROVE_EDGE_PROXY,0,,,,,INSUFFICIENT_DATA,,,,,LOW,
TA1149,CONTROL_CANDIDATE_POOL,,WATERLINE,2,60.0,20.0,20.0,60.0,APPARENT_SEAWARD,-60.0,,,0.0,LOW,
TA1149,CONTROL_CANDIDATE_POOL,,MANGROVE_EDGE_PROXY,0,,,,,INSUFFICIENT_DATA,,,,,LOW,
TA1150,CONTROL_CANDIDATE_POOL,,WATERLINE,2,80.0,26.67,26.67,80.0,APPARENT_SEAWARD,-80.0,,,0.0,LOW,
TA1150,CONTROL_CANDIDATE_POOL,,MANGROVE_EDGE_PROXY,0,,,,,INSUFFICIENT_DATA,,,,,LOW,
TA1151,CONTROL_CANDIDATE_POOL,,WATERLINE,2,80.18,26.73,26.73,80.18,APPARENT_SEAWARD,-80.18,,,0.0,LOW,
TA1151,CONTROL_CANDIDATE_POOL,,MANGROVE_EDGE_PROXY,0,,,,,INSUFFICIENT_DATA,,,,,LOW,
TA1152,CONTROL_CANDIDATE_POOL,,WATERLINE,4,420.0,140.0,126.0,420.0,APPARENT_SEAWARD,-420.0,-420.0,-420.0,0.0,LOW,0.0
TA1152,CONTROL_CANDIDATE_POOL,,MANGROVE_EDGE_PROXY,4,20.0,6.67,6.0,20.0,WITHIN_20M,-40.0,-20.0,-20.0,-20.0,LOW,20.0
TA1153,CONTROL_CANDIDATE_POOL,,WATERLINE,4,420.0,140.0,126.0,420.0,APPARENT_SEAWARD,-420.0,-420.0,-420.0,0.0,LOW,0.0
TA1153,CONTROL_CANDIDATE_POOL,,MANGROVE_EDGE_PROXY,4,20.0,6.67,6.0,20.0,WITHIN_20M,-40.0,-20.0,-20.0,-20.0,LOW,20.0
TA1154,CONTROL_CANDIDATE_POOL,,WATERLINE,4,400.0,133.33,120.0,420.0,APPARENT_SEAWARD,-400.0,-420.0,-420.0,0.0,LOW,-20.0
TA1154,CONTROL_CANDIDATE_POOL,,MANGROVE_EDGE_PROXY,4,20.0,6.67,8.0,20.0,WITHIN_20M,-20.0,-20.0,0.0,0.0,LOW,20.0
TA1155,CONTROL_CANDIDATE_POOL,,WATERLINE,4,400.92,133.64,120.28,420.97,APPARENT_SEAWARD,-400.92,-420.97,-420.97,-0.0,LOW,-20.05
TA1155,CONTROL_CANDIDATE_POOL,,MANGROVE_EDGE_PROXY,4,0.0,0.0,0.0,0.0,WITHIN_20M,-20.05,-20.05,-20.05,-20.05,LOW,0.0
TA1156,CONTROL_CANDIDATE_POOL,,WATERLINE,4,389.85,129.95,116.96,410.37,APPARENT_SEAWARD,-389.85,-410.37,-410.37,-0.0,LOW,-20.52
TA1156,CONTROL_CANDIDATE_POOL,,MANGROVE_EDGE_PROXY,4,0.0,0.0,0.0,0.0,WITHIN_20M,-0.0,-0.0,-0.0,-0.0,LOW,0.0
TA1157,CONTROL_CANDIDATE_POOL,,WATERLINE,4,958.07,319.36,290.25,986.35,APPARENT_SEAWARD,-958.07,-986.35,-958.07,-0.0,LOW,0.0
TA1157,CONTROL_CANDIDATE_POOL,,MANGROVE_EDGE_PROXY,4,24.69,8.23,7.41,24.69,APPARENT_SEAWARD,-24.69,-24.69,-24.69,-0.0,LOW,0.0
TA1158,CONTROL_CANDIDATE_POOL,,WATERLINE,4,260.0,86.67,78.0,280.0,APPARENT_SEAWARD,-260.0,-280.0,-280.0,0.0,LOW,-20.0
TA1158,CONTROL_CANDIDATE_POOL,,MANGROVE_EDGE_PROXY,4,0.0,0.0,0.0,0.0,WITHIN_20M,0.0,0.0,0.0,0.0,LOW,0.0
TA1159,CONTROL_CANDIDATE_POOL,,WATERLINE,4,-1180.0,-393.33,-424.0,1180.0,APPARENT_LANDWARD,1180.0,980.0,280.0,0.0,LOW,-900.0
TA1159,CONTROL_CANDIDATE_POOL,,MANGROVE_EDGE_PROXY,0,,,,,INSUFFICIENT_DATA,,,,,LOW,
TA1160,CONTROL_CANDIDATE_POOL,,WATERLINE,2,,,-282.84,282.84,INSUFFICIENT_DATA,,,282.84,-0.0,LOW,
TA1160,CONTROL_CANDIDATE_POOL,,MANGROVE_EDGE_PROXY,0,,,,,INSUFFICIENT_DATA,,,,,LOW,
TA1161,CONTROL_CANDIDATE_POOL,,WATERLINE,4,-313.94,-104.65,-104.65,313.94,APPARENT_LANDWARD,313.94,293.01,188.36,-0.0,LOW,-125.58
TA1161,CONTROL_CANDIDATE_POOL,,MANGROVE_EDGE_PROXY,0,,,,,INSUFFICIENT_DATA,,,,,LOW,
TA1162,CONTROL_CANDIDATE_POOL,,WATERLINE,4,0.0,0.0,-73.74,737.36,WITHIN_20M,-0.0,-0.0,-737.36,-0.0,LOW,-737.36
TA1162,CONTROL_CANDIDATE_POOL,,MANGROVE_EDGE_PROXY,0,,,,,INSUFFICIENT_DATA,,,,,LOW,
TA1163,CONTROL_CANDIDATE_POOL,,WATERLINE,4,60.0,20.0,-40.0,600.0,APPARENT_SEAWARD,-60.0,-20.0,-600.0,0.0,LOW,-540.0
TA1163,CONTROL_CANDIDATE_POOL,,MANGROVE_EDGE_PROXY,0,,,,,INSUFFICIENT_DATA,,,,,LOW,
TA1164,CONTROL_CANDIDATE_POOL,,WATERLINE,4,40.0,13.33,14.0,40.0,APPARENT_SEAWARD,-40.0,-20.0,0.0,0.0,LOW,40.0
TA1164,CONTROL_CANDIDATE_POOL,,MANGROVE_EDGE_PROXY,0,,,,,INSUFFICIENT_DATA,,,,,LOW,
TA1165,CONTROL_CANDIDATE_POOL,,WATERLINE,4,-9.74,-3.25,-2.92,9.74,WITHIN_20M,9.74,0.0,0.0,0.0,LOW,-9.74
TA1165,CONTROL_CANDIDATE_POOL,,MANGROVE_EDGE_PROXY,0,,,,,INSUFFICIENT_DATA,,,,,LOW,
TA1166,CONTROL_CANDIDATE_POOL,,WATERLINE,4,20.0,6.67,6.0,20.0,WITHIN_20M,-20.0,0.0,0.0,0.0,LOW,20.0
TA1166,CONTROL_CANDIDATE_POOL,,MANGROVE_EDGE_PROXY,0,,,,,INSUFFICIENT_DATA,,,,,LOW,
TA1167,CONTROL_CANDIDATE_POOL,,WATERLINE,4,23.32,7.77,7.0,23.32,APPARENT_SEAWARD,-23.32,0.0,0.0,0.0,LOW,23.32
TA1167,CONTROL_CANDIDATE_POOL,,MANGROVE_EDGE_PROXY,0,,,,,INSUFFICIENT_DATA,,,,,LOW,
TA1168,CONTROL_CANDIDATE_POOL,,WATERLINE,4,0.0,0.0,0.0,0.0,WITHIN_20M,0.0,0.0,0.0,0.0,LOW,0.0
TA1168,CONTROL_CANDIDATE_POOL,,MANGROVE_EDGE_PROXY,0,,,,,INSUFFICIENT_DATA,,,,,LOW,
TA1169,CONTROL_CANDIDATE_POOL,,WATERLINE,4,0.0,0.0,0.0,0.0,WITHIN_20M,-0.0,-0.0,-0.0,-0.0,LOW,0.0
TA1169,CONTROL_CANDIDATE_POOL,,MANGROVE_EDGE_PROXY,0,,,,,INSUFFICIENT_DATA,,,,,LOW,
TA1170,CONTROL_CANDIDATE_POOL,,WATERLINE,4,0.0,0.0,0.0,0.0,WITHIN_20M,0.0,0.0,0.0,0.0,LOW,0.0
TA1170,CONTROL_CANDIDATE_POOL,,MANGROVE_EDGE_PROXY,0,,,,,INSUFFICIENT_DATA,,,,,LOW,
TA1171,CONTROL_CANDIDATE_POOL,,WATERLINE,4,0.0,0.0,0.0,0.0,WITHIN_20M,0.0,0.0,0.0,0.0,LOW,0.0
TA1171,CONTROL_CANDIDATE_POOL,,MANGROVE_EDGE_PROXY,0,,,,,INSUFFICIENT_DATA,,,,,LOW,
TA1172,CONTROL_CANDIDATE_POOL,,WATERLINE,4,0.0,0.0,-2.0,20.0,WITHIN_20M,0.0,0.0,-20.0,0.0,LOW,-20.0
TA1172,CONTROL_CANDIDATE_POOL,,MANGROVE_EDGE_PROXY,0,,,,,INSUFFICIENT_DATA,,,,,LOW,
TA1173,CONTROL_CANDIDATE_POOL,,WATERLINE,4,0.0,0.0,0.71,7.08,WITHIN_20M,-0.0,-0.0,7.08,-0.0,LOW,7.08
TA1173,CONTROL_CANDIDATE_POOL,,MANGROVE_EDGE_PROXY,0,,,,,INSUFFICIENT_DATA,,,,,LOW,
TA1174,CONTROL_CANDIDATE_POOL,,WATERLINE,4,21.22,7.07,4.24,21.22,APPARENT_SEAWARD,-21.22,-0.0,-21.22,-0.0,LOW,0.0
TA1174,CONTROL_CANDIDATE_POOL,,MANGROVE_EDGE_PROXY,0,,,,,INSUFFICIENT_DATA,,,,,LOW,
TA1175,CONTROL_CANDIDATE_POOL,,WATERLINE,4,0.0,0.0,0.0,0.0,WITHIN_20M,0.0,0.0,0.0,0.0,LOW,0.0
TA1175,CONTROL_CANDIDATE_POOL,,MANGROVE_EDGE_PROXY,0,,,,,INSUFFICIENT_DATA,,,,,LOW,
TA1176,CONTROL_CANDIDATE_POOL,,WATERLINE,4,0.0,0.0,0.0,23.33,WITHIN_20M,-0.0,-23.33,-23.33,-0.0,LOW,-23.33
TA1176,CONTROL_CANDIDATE_POOL,,MANGROVE_EDGE_PROXY,4,0.0,0.0,-0.0,0.0,WITHIN_20M,1259.74,1259.74,1259.74,1259.74,LOW,0.0
TA1177,CONTROL_CANDIDATE_POOL,,WATERLINE,4,0.0,0.0,0.0,0.0,WITHIN_20M,0.0,0.0,0.0,0.0,LOW,0.0
TA1177,CONTROL_CANDIDATE_POOL,,MANGROVE_EDGE_PROXY,4,0.0,0.0,0.0,0.0,WITHIN_20M,-1189.27,-1189.27,-1189.27,-1189.27,LOW,0.0
TA1178,CONTROL_CANDIDATE_POOL,,WATERLINE,4,-21.22,-7.07,-6.37,21.22,APPARENT_LANDWARD,21.22,-0.0,-0.0,-0.0,LOW,-21.22
TA1178,CONTROL_CANDIDATE_POOL,,MANGROVE_EDGE_PROXY,0,,,,,INSUFFICIENT_DATA,,,,,LOW,
TA1179,CONTROL_CANDIDATE_POOL,,WATERLINE,4,20.2,6.73,6.06,20.2,APPARENT_SEAWARD,-20.2,0.0,0.0,0.0,LOW,20.2
TA1179,CONTROL_CANDIDATE_POOL,,MANGROVE_EDGE_PROXY,0,,,,,INSUFFICIENT_DATA,,,,,LOW,
TA1180,CONTROL_CANDIDATE_POOL,,WATERLINE,4,-1136.37,-378.79,-338.0,1165.52,APPARENT_LANDWARD,1136.37,-29.15,-0.0,-0.0,LOW,-1136.37
TA1180,CONTROL_CANDIDATE_POOL,,MANGROVE_EDGE_PROXY,4,249.61,83.2,74.88,249.61,APPARENT_SEAWARD,1236.42,1252.93,1252.93,1486.03,LOW,16.51
TA1181,CONTROL_CANDIDATE_POOL,,WATERLINE,4,-1240.0,-413.33,-372.0,1240.0,APPARENT_LANDWARD,1240.0,0.0,0.0,0.0,LOW,-1240.0
TA1181,CONTROL_CANDIDATE_POOL,,MANGROVE_EDGE_PROXY,0,,,,,INSUFFICIENT_DATA,,,,,LOW,
TA1182,CONTROL_CANDIDATE_POOL,,WATERLINE,4,-275.78,-91.93,-82.03,282.84,APPARENT_LANDWARD,275.78,-7.06,-0.0,-0.0,LOW,-275.78
TA1182,CONTROL_CANDIDATE_POOL,,MANGROVE_EDGE_PROXY,0,,,,,INSUFFICIENT_DATA,,,,,LOW,
TA1183,CONTROL_CANDIDATE_POOL,,WATERLINE,3,,,-0.0,23.32,INSUFFICIENT_DATA,,0.0,23.32,0.0,LOW,
TA1183,CONTROL_CANDIDATE_POOL,,MANGROVE_EDGE_PROXY,0,,,,,INSUFFICIENT_DATA,,,,,LOW,
TA1184,CONTROL_CANDIDATE_POOL,,WATERLINE,4,-311.13,-103.71,-92.63,318.19,APPARENT_LANDWARD,311.13,-7.06,-0.0,-0.0,LOW,-311.13
TA1184,CONTROL_CANDIDATE_POOL,,MANGROVE_EDGE_PROXY,0,,,,,INSUFFICIENT_DATA,,,,,LOW,
TA1185,CONTROL_CANDIDATE_POOL,,WATERLINE,4,-1140.0,-380.0,-340.0,1160.0,APPARENT_LANDWARD,1140.0,-20.0,0.0,0.0,LOW,-1140.0
TA1185,CONTROL_CANDIDATE_POOL,,MANGROVE_EDGE_PROXY,0,,,,,INSUFFICIENT_DATA,,,,,LOW,
TA1186,CONTROL_CANDIDATE_POOL,,WATERLINE,4,-961.67,-320.56,-287.8,989.95,APPARENT_LANDWARD,961.67,-28.28,-21.22,-0.0,LOW,-982.89
TA1186,CONTROL_CANDIDATE_POOL,,MANGROVE_EDGE_PROXY,4,0.0,0.0,0.0,0.0,WITHIN_20M,-1329.36,-1329.36,-1329.36,-1329.36,LOW,0.0
TA1187,CONTROL_CANDIDATE_POOL,,WATERLINE,4,-1040.0,-346.67,-284.0,1320.0,APPARENT_LANDWARD,1040.0,-280.0,0.0,0.0,LOW,-1040.0
TA1187,CONTROL_CANDIDATE_POOL,,MANGROVE_EDGE_PROXY,0,,,,,INSUFFICIENT_DATA,,,,,LOW,
TA1188,CONTROL_CANDIDATE_POOL,,WATERLINE,3,,,34.99,69.99,INSUFFICIENT_DATA,,-69.99,-23.33,0.0,LOW,
TA1188,CONTROL_CANDIDATE_POOL,,MANGROVE_EDGE_PROXY,0,,,,,INSUFFICIENT_DATA,,,,,LOW,
TA1189,CONTROL_CANDIDATE_POOL,,WATERLINE,4,-457.0,-152.33,-180.47,457.0,APPARENT_LANDWARD,457.0,457.0,23.32,0.0,LOW,-433.68
TA1189,CONTROL_CANDIDATE_POOL,,MANGROVE_EDGE_PROXY,4,34.05,11.35,10.22,34.05,APPARENT_SEAWARD,-1293.28,-1259.23,-1259.23,-1259.23,LOW,34.05
TA1190,CONTROL_CANDIDATE_POOL,,WATERLINE,4,-1191.94,-397.31,-331.32,1454.57,APPARENT_LANDWARD,1191.94,-262.63,-0.0,-0.0,LOW,-1191.94
TA1190,CONTROL_CANDIDATE_POOL,,MANGROVE_EDGE_PROXY,0,,,,,INSUFFICIENT_DATA,,,,,LOW,
TA1191,CONTROL_CANDIDATE_POOL,,WATERLINE,4,431.35,143.78,129.41,431.35,APPARENT_SEAWARD,-431.35,-0.0,-0.0,-0.0,LOW,431.35
TA1191,CONTROL_CANDIDATE_POOL,,MANGROVE_EDGE_PROXY,0,,,,,INSUFFICIENT_DATA,,,,,LOW,
TA1192,CONTROL_CANDIDATE_POOL,,WATERLINE,4,403.04,134.35,118.79,424.26,APPARENT_SEAWARD,-403.04,21.22,-0.0,-0.0,LOW,403.04
TA1192,CONTROL_CANDIDATE_POOL,,MANGROVE_EDGE_PROXY,0,,,,,INSUFFICIENT_DATA,,,,,LOW,
TA1193,CONTROL_CANDIDATE_POOL,,WATERLINE,4,1280.0,426.67,384.0,1280.0,APPARENT_SEAWARD,-1280.0,0.0,0.0,0.0,LOW,1280.0
TA1193,CONTROL_CANDIDATE_POOL,,MANGROVE_EDGE_PROXY,0,,,,,INSUFFICIENT_DATA,,,,,LOW,
TA1194,CONTROL_CANDIDATE_POOL,,WATERLINE,4,-1340.0,-446.67,-402.0,1340.0,APPARENT_LANDWARD,1340.0,0.0,0.0,0.0,LOW,-1340.0
TA1194,CONTROL_CANDIDATE_POOL,,MANGROVE_EDGE_PROXY,4,0.0,0.0,-2.0,20.0,WITHIN_20M,1360.0,1360.0,1340.0,1360.0,LOW,-20.0
TA1195,CONTROL_CANDIDATE_POOL,,WATERLINE,3,,,0.0,0.0,INSUFFICIENT_DATA,,0.0,0.0,0.0,LOW,
TA1195,CONTROL_CANDIDATE_POOL,,MANGROVE_EDGE_PROXY,0,,,,,INSUFFICIENT_DATA,,,,,LOW,
TA1196,CONTROL_CANDIDATE_POOL,,WATERLINE,4,-1096.44,-365.48,-328.93,1096.44,APPARENT_LANDWARD,1096.44,-0.0,-0.0,-0.0,LOW,-1096.44
TA1196,CONTROL_CANDIDATE_POOL,,MANGROVE_EDGE_PROXY,4,0.0,0.0,-0.0,0.0,WITHIN_20M,1214.07,1214.07,1214.07,1214.07,LOW,0.0
TA1197,CONTROL_CANDIDATE_POOL,,WATERLINE,4,-1119.31,-373.1,-335.79,1119.31,APPARENT_LANDWARD,1119.31,0.0,0.0,0.0,LOW,-1119.31
TA1197,CONTROL_CANDIDATE_POOL,,MANGROVE_EDGE_PROXY,4,0.0,0.0,-0.0,0.0,WITHIN_20M,1312.7,1312.7,1312.7,1312.7,LOW,0.0
TA1198,CONTROL_CANDIDATE_POOL,,WATERLINE,4,1096.44,365.48,331.27,1119.77,APPARENT_SEAWARD,-1096.44,0.0,23.33,0.0,LOW,1119.77
TA1198,CONTROL_CANDIDATE_POOL,,MANGROVE_EDGE_PROXY,4,0.0,0.0,0.36,3.55,WITHIN_20M,1298.69,1295.14,1298.69,1298.69,LOW,0.0
TA1199,CONTROL_CANDIDATE_POOL,,WATERLINE,4,-1103.09,-367.7,-330.93,1103.09,APPARENT_LANDWARD,1103.09,-0.0,-0.0,-0.0,LOW,-1103.09
TA1199,CONTROL_CANDIDATE_POOL,,MANGROVE_EDGE_PROXY,4,247.48,82.49,74.24,247.48,APPARENT_SEAWARD,1216.22,1216.22,1216.22,1463.7,LOW,0.0
TA1200,CONTROL_CANDIDATE_POOL,,WATERLINE,4,1096.44,365.48,328.93,1096.44,APPARENT_SEAWARD,-1096.44,0.0,0.0,0.0,LOW,1096.44
TA1200,CONTROL_CANDIDATE_POOL,,MANGROVE_EDGE_PROXY,4,23.33,7.78,7.0,23.33,APPARENT_SEAWARD,1283.07,1306.4,1306.4,1306.4,LOW,23.33
TA1201,CONTROL_CANDIDATE_POOL,,WATERLINE,4,-1096.01,-365.34,-328.1,1103.09,APPARENT_LANDWARD,1096.01,-7.08,-0.0,-0.0,LOW,-1096.01
TA1201,CONTROL_CANDIDATE_POOL,,MANGROVE_EDGE_PROXY,4,0.0,0.0,-0.0,21.2,WITHIN_20M,1187.94,1209.14,1209.14,1187.94,LOW,21.2
TA1202,CONTROL_CANDIDATE_POOL,,WATERLINE,4,-1074.8,-358.27,-322.44,1074.8,APPARENT_LANDWARD,1074.8,-0.0,-0.0,-0.0,LOW,-1074.8
TA1202,CONTROL_CANDIDATE_POOL,,MANGROVE_EDGE_PROXY,4,0.0,0.0,-2.12,21.22,WITHIN_20M,1187.94,1209.16,1187.94,1187.94,LOW,0.0
TA1203,CONTROL_CANDIDATE_POOL,,WATERLINE,4,-1074.8,-358.27,-320.32,1096.0,APPARENT_LANDWARD,1074.8,-21.2,-0.0,-0.0,LOW,-1074.8
TA1203,CONTROL_CANDIDATE_POOL,,MANGROVE_EDGE_PROXY,4,0.0,0.0,-0.0,0.0,WITHIN_20M,1187.94,1187.94,1187.94,1187.94,LOW,0.0
TA1204,CONTROL_CANDIDATE_POOL,,WATERLINE,4,-1074.8,-358.27,-321.73,1081.86,APPARENT_LANDWARD,1074.8,-7.06,-0.0,-0.0,LOW,-1074.8
TA1204,CONTROL_CANDIDATE_POOL,,MANGROVE_EDGE_PROXY,4,21.22,7.07,6.37,21.22,APPARENT_SEAWARD,1187.94,1209.16,1209.16,1209.16,LOW,21.22
TA1205,CONTROL_CANDIDATE_POOL,,WATERLINE,4,-1074.8,-358.27,-322.44,1074.8,APPARENT_LANDWARD,1074.8,-0.0,-0.0,-0.0,LOW,-1074.8
TA1205,CONTROL_CANDIDATE_POOL,,MANGROVE_EDGE_PROXY,4,0.0,0.0,-0.0,0.0,WITHIN_20M,1216.22,1216.22,1216.22,1216.22,LOW,0.0
TA1206,CONTROL_CANDIDATE_POOL,,WATERLINE,4,1067.74,355.91,320.32,1067.74,APPARENT_SEAWARD,-1067.74,-0.0,-0.0,-0.0,LOW,1067.74
TA1206,CONTROL_CANDIDATE_POOL,,MANGROVE_EDGE_PROXY,4,0.0,0.0,-0.0,0.0,WITHIN_20M,1251.57,1251.57,1251.57,1251.57,LOW,0.0
TA1207,CONTROL_CANDIDATE_POOL,,WATERLINE,4,1053.6,351.2,313.96,1074.8,APPARENT_SEAWARD,-1053.6,21.2,-0.0,-0.0,LOW,1053.6
TA1207,CONTROL_CANDIDATE_POOL,,MANGROVE_EDGE_PROXY,4,0.0,0.0,-0.0,0.0,WITHIN_20M,1272.79,1272.79,1272.79,1272.79,LOW,0.0
TA1208,CONTROL_CANDIDATE_POOL,,WATERLINE,4,-1046.52,-348.84,-218.5,2001.12,APPARENT_LANDWARD,1046.52,-954.6,-0.0,-0.0,LOW,-1046.52
TA1208,CONTROL_CANDIDATE_POOL,,MANGROVE_EDGE_PROXY,4,0.0,0.0,0.0,0.0,WITHIN_20M,1244.51,1244.51,1244.51,1244.51,LOW,0.0
TA1209,TREATMENT,94-STC,WATERLINE,4,940.0,313.33,374.0,940.0,APPARENT_SEAWARD,-940.0,-940.0,-20.0,0.0,LOW,920.0
TA1209,TREATMENT,94-STC,MANGROVE_EDGE_PROXY,4,20.0,6.67,6.0,20.0,WITHIN_20M,-960.0,-940.0,-940.0,-940.0,LOW,20.0
TA1210,CONTROL_CANDIDATE_POOL,,WATERLINE,2,,,40.0,40.0,INSUFFICIENT_DATA,,,-40.0,0.0,LOW,
TA1210,CONTROL_CANDIDATE_POOL,,MANGROVE_EDGE_PROXY,0,,,,,INSUFFICIENT_DATA,,,,,LOW,
TA1211,CONTROL_CANDIDATE_POOL,,WATERLINE,4,949.58,316.53,379.83,949.58,APPARENT_SEAWARD,-949.58,-949.58,0.0,0.0,LOW,949.58
TA1211,CONTROL_CANDIDATE_POOL,,MANGROVE_EDGE_PROXY,4,0.0,0.0,-2.02,20.2,WITHIN_20M,-1030.39,-1010.19,-1030.39,-1030.39,LOW,0.0
TA1212,CONTROL_CANDIDATE_POOL,,WATERLINE,4,-997.01,-332.34,-296.28,1018.23,APPARENT_LANDWARD,997.01,-21.22,7.06,-0.0,LOW,-989.95
TA1212,CONTROL_CANDIDATE_POOL,,MANGROVE_EDGE_PROXY,4,0.0,0.0,-0.0,0.0,WITHIN_20M,1195.0,1195.0,1195.0,1195.0,LOW,0.0
TA1213,CONTROL_CANDIDATE_POOL,,WATERLINE,4,-1011.15,-337.05,-301.23,1011.15,APPARENT_LANDWARD,1011.15,-0.0,21.2,-0.0,LOW,-989.95
TA1213,CONTROL_CANDIDATE_POOL,,MANGROVE_EDGE_PROXY,4,0.0,0.0,-0.0,0.0,WITHIN_20M,1187.94,1187.94,1187.94,1187.94,LOW,0.0
TA1214,CONTROL_CANDIDATE_POOL,,WATERLINE,4,-1011.17,-337.06,-303.35,1011.17,APPARENT_LANDWARD,1011.17,-0.0,-0.0,-0.0,LOW,-1011.17
TA1214,CONTROL_CANDIDATE_POOL,,MANGROVE_EDGE_PROXY,4,0.0,0.0,-0.0,0.0,WITHIN_20M,1152.59,1152.59,1152.59,1152.59,LOW,0.0
TA1215,CONTROL_CANDIDATE_POOL,,WATERLINE,4,-997.03,-332.34,-298.4,997.03,APPARENT_LANDWARD,997.03,-0.0,7.08,-0.0,LOW,-989.95
TA1215,CONTROL_CANDIDATE_POOL,,MANGROVE_EDGE_PROXY,4,21.2,7.07,6.36,21.2,APPARENT_SEAWARD,1110.17,1131.37,1131.37,1131.37,LOW,21.2
TA1216,CONTROL_CANDIDATE_POOL,,WATERLINE,4,-1454.57,-484.86,-436.37,1454.57,APPARENT_LANDWARD,1454.57,-0.0,-0.0,-0.0,LOW,-1454.57
TA1216,CONTROL_CANDIDATE_POOL,,MANGROVE_EDGE_PROXY,0,,,,,INSUFFICIENT_DATA,,,,,LOW,
TA1217,CONTROL_CANDIDATE_POOL,,WATERLINE,4,-1474.87,-491.62,-444.48,1495.07,APPARENT_LANDWARD,1474.87,-0.0,-20.2,-0.0,LOW,-1495.07
TA1217,CONTROL_CANDIDATE_POOL,,MANGROVE_EDGE_PROXY,0,,,,,INSUFFICIENT_DATA,,,,,LOW,
TA1218,CONTROL_CANDIDATE_POOL,,WATERLINE,4,1080.0,360.0,330.0,1140.0,APPARENT_SEAWARD,-1080.0,0.0,60.0,0.0,LOW,1140.0
TA1218,CONTROL_CANDIDATE_POOL,,MANGROVE_EDGE_PROXY,4,0.0,0.0,-2.0,20.0,WITHIN_20M,-1200.0,-1180.0,-1200.0,-1200.0,LOW,0.0
TA1219,CONTROL_CANDIDATE_POOL,,WATERLINE,4,-1394.06,-464.69,-424.28,1454.67,APPARENT_LANDWARD,1394.06,-0.0,-60.61,-0.0,LOW,-1454.67
TA1219,CONTROL_CANDIDATE_POOL,,MANGROVE_EDGE_PROXY,0,,,,,INSUFFICIENT_DATA,,,,,LOW,
TA1220,CONTROL_CANDIDATE_POOL,,WATERLINE,4,-1073.12,-357.71,-319.6,1096.45,APPARENT_LANDWARD,1073.12,-23.33,0.0,0.0,LOW,-1073.12
TA1220,CONTROL_CANDIDATE_POOL,,MANGROVE_EDGE_PROXY,4,14.54,4.85,4.36,14.54,WITHIN_20M,1175.22,1189.76,1189.76,1189.76,LOW,14.54
TA1221,CONTROL_CANDIDATE_POOL,,WATERLINE,4,-1018.23,-339.41,-305.47,1018.23,APPARENT_LANDWARD,1018.23,-0.0,-0.0,-0.0,LOW,-1018.23
TA1221,CONTROL_CANDIDATE_POOL,,MANGROVE_EDGE_PROXY,4,311.13,103.71,93.34,311.13,APPARENT_SEAWARD,1131.37,1138.45,1138.45,1442.5,LOW,7.08
TA1222,CONTROL_CANDIDATE_POOL,,WATERLINE,4,-1039.27,-346.42,-311.78,1039.27,APPARENT_LANDWARD,1039.27,-0.0,-0.0,-0.0,LOW,-1039.27
TA1222,CONTROL_CANDIDATE_POOL,,MANGROVE_EDGE_PROXY,4,0.0,0.0,-0.0,0.0,WITHIN_20M,1194.68,1194.68,1194.68,1194.68,LOW,0.0
TA1223,CONTROL_CANDIDATE_POOL,,WATERLINE,4,-1021.01,-340.34,-306.3,1021.01,APPARENT_LANDWARD,1021.01,0.0,0.0,0.0,LOW,-1021.01
TA1223,CONTROL_CANDIDATE_POOL,,MANGROVE_EDGE_PROXY,4,18.39,6.13,5.52,18.39,WITHIN_20M,1119.31,1137.7,1137.7,1137.7,LOW,18.39
TA1224,CONTROL_CANDIDATE_POOL,,WATERLINE,4,1414.17,471.39,424.25,1449.53,APPARENT_SEAWARD,-1414.17,35.36,35.36,-0.0,LOW,1449.53
TA1224,CONTROL_CANDIDATE_POOL,,MANGROVE_EDGE_PROXY,3,,,-0.0,0.0,INSUFFICIENT_DATA,,-1434.37,-1434.37,-1434.37,LOW,
TA1225,CONTROL_CANDIDATE_POOL,,WATERLINE,4,-1067.72,-355.91,-320.32,1067.72,APPARENT_LANDWARD,1067.72,28.28,28.28,-0.0,LOW,-1039.44
TA1225,CONTROL_CANDIDATE_POOL,,MANGROVE_EDGE_PROXY,4,0.0,0.0,-0.0,0.0,WITHIN_20M,1180.86,1180.86,1180.86,1180.86,LOW,0.0
TA1226,CONTROL_CANDIDATE_POOL,,WATERLINE,4,-1073.12,-357.71,-324.27,1073.12,APPARENT_LANDWARD,1073.12,23.33,-0.0,-0.0,LOW,-1073.12
TA1226,CONTROL_CANDIDATE_POOL,,MANGROVE_EDGE_PROXY,4,0.0,0.0,-0.0,23.33,WITHIN_20M,1166.43,1189.76,1189.76,1166.43,LOW,23.33
TA1227,CONTROL_CANDIDATE_POOL,,WATERLINE,4,-1067.72,-355.91,-319.61,1074.8,APPARENT_LANDWARD,1067.72,-7.08,-0.0,-0.0,LOW,-1067.72
TA1227,CONTROL_CANDIDATE_POOL,,MANGROVE_EDGE_PROXY,4,0.0,0.0,-2.12,21.2,WITHIN_20M,1159.66,1180.86,1159.66,1159.66,LOW,0.0
TA1228,CONTROL_CANDIDATE_POOL,,WATERLINE,4,-1171.74,-390.58,-351.52,1171.74,APPARENT_LANDWARD,1171.74,-0.0,-0.0,-0.0,LOW,-1171.74
TA1228,CONTROL_CANDIDATE_POOL,,MANGROVE_EDGE_PROXY,4,12.8,4.27,3.84,12.8,WITHIN_20M,1381.16,1393.96,1393.96,1393.96,LOW,12.8
TA1229,CONTROL_CANDIDATE_POOL,,WATERLINE,3,,,0.0,0.0,INSUFFICIENT_DATA,,0.0,0.0,0.0,LOW,
TA1229,CONTROL_CANDIDATE_POOL,,MANGROVE_EDGE_PROXY,0,,,,,INSUFFICIENT_DATA,,,,,LOW,
TA1230,CONTROL_CANDIDATE_POOL,,WATERLINE,3,,,0.0,0.0,INSUFFICIENT_DATA,,0.0,0.0,0.0,LOW,
TA1230,CONTROL_CANDIDATE_POOL,,MANGROVE_EDGE_PROXY,0,,,,,INSUFFICIENT_DATA,,,,,LOW,
TA1231,CONTROL_CANDIDATE_POOL,,WATERLINE,4,0.0,0.0,2.02,20.2,WITHIN_20M,-0.0,-20.2,-0.0,-0.0,LOW,0.0
TA1231,CONTROL_CANDIDATE_POOL,,MANGROVE_EDGE_PROXY,4,0.0,0.0,0.0,0.0,WITHIN_20M,-1272.83,-1272.83,-1272.83,-1272.83,LOW,0.0
TA1232,CONTROL_CANDIDATE_POOL,,WATERLINE,4,0.0,0.0,0.0,0.0,WITHIN_20M,0.0,0.0,0.0,0.0,LOW,0.0
TA1232,CONTROL_CANDIDATE_POOL,,MANGROVE_EDGE_PROXY,4,0.0,0.0,-2.0,20.0,WITHIN_20M,-1360.0,-1340.0,-1360.0,-1360.0,LOW,0.0
TA1233,CONTROL_CANDIDATE_POOL,,WATERLINE,4,-80.81,-26.94,-44.45,202.03,APPARENT_LANDWARD,80.81,80.81,-121.22,0.0,LOW,-202.03
TA1233,CONTROL_CANDIDATE_POOL,,MANGROVE_EDGE_PROXY,0,,,,,INSUFFICIENT_DATA,,,,,LOW,
TA1234,CONTROL_CANDIDATE_POOL,,WATERLINE,4,-80.81,-26.94,-24.24,101.01,APPARENT_LANDWARD,80.81,101.01,101.01,-0.0,LOW,20.2
TA1234,CONTROL_CANDIDATE_POOL,,MANGROVE_EDGE_PROXY,0,,,,,INSUFFICIENT_DATA,,,,,LOW,
TA1235,CONTROL_CANDIDATE_POOL,,WATERLINE,4,-100.0,-33.33,-26.0,160.0,APPARENT_LANDWARD,100.0,120.0,160.0,0.0,LOW,60.0
TA1235,CONTROL_CANDIDATE_POOL,,MANGROVE_EDGE_PROXY,4,0.0,0.0,0.0,0.0,WITHIN_20M,1380.0,1380.0,1380.0,1380.0,LOW,0.0
TA1236,CONTROL_CANDIDATE_POOL,,WATERLINE,4,-101.01,-33.67,-56.57,282.83,APPARENT_LANDWARD,101.01,80.81,-181.82,-0.0,LOW,-282.83
TA1236,CONTROL_CANDIDATE_POOL,,MANGROVE_EDGE_PROXY,0,,,,,INSUFFICIENT_DATA,,,,,LOW,
TA1237,CONTROL_CANDIDATE_POOL,,WATERLINE,4,20.0,6.67,-20.0,280.0,WITHIN_20M,-20.0,-20.0,-280.0,0.0,LOW,-260.0
TA1237,CONTROL_CANDIDATE_POOL,,MANGROVE_EDGE_PROXY,4,0.0,0.0,0.0,0.0,WITHIN_20M,-1300.0,-1300.0,-1300.0,-1300.0,LOW,0.0
TA1238,CONTROL_CANDIDATE_POOL,,WATERLINE,4,-40.0,-13.33,-36.0,260.0,APPARENT_LANDWARD,40.0,20.0,-220.0,0.0,LOW,-260.0
TA1238,CONTROL_CANDIDATE_POOL,,MANGROVE_EDGE_PROXY,0,,,,,INSUFFICIENT_DATA,,,,,LOW,
TA1239,CONTROL_CANDIDATE_POOL,,WATERLINE,4,-20.2,-6.73,-30.3,242.44,APPARENT_LANDWARD,20.2,20.2,-222.24,-0.0,LOW,-242.44
TA1239,CONTROL_CANDIDATE_POOL,,MANGROVE_EDGE_PROXY,0,,,,,INSUFFICIENT_DATA,,,,,LOW,
TA1240,CONTROL_CANDIDATE_POOL,,WATERLINE,4,-20.2,-6.73,-18.18,141.41,APPARENT_LANDWARD,20.2,-0.0,-121.21,-0.0,LOW,-141.41
TA1240,CONTROL_CANDIDATE_POOL,,MANGROVE_EDGE_PROXY,0,,,,,INSUFFICIENT_DATA,,,,,LOW,
TA1241,CONTROL_CANDIDATE_POOL,,WATERLINE,4,-20.2,-6.73,-14.14,101.01,APPARENT_LANDWARD,20.2,0.0,-80.81,0.0,LOW,-101.01
TA1241,CONTROL_CANDIDATE_POOL,,MANGROVE_EDGE_PROXY,0,,,,,INSUFFICIENT_DATA,,,,,LOW,
TA1242,CONTROL_CANDIDATE_POOL,,WATERLINE,4,0.0,0.0,-10.1,101.01,WITHIN_20M,-0.0,-0.0,-101.01,-0.0,LOW,-101.01
TA1242,CONTROL_CANDIDATE_POOL,,MANGROVE_EDGE_PROXY,0,,,,,INSUFFICIENT_DATA,,,,,LOW,
TA1243,CONTROL_CANDIDATE_POOL,,WATERLINE,4,-21.2,-7.07,-16.97,106.05,APPARENT_LANDWARD,21.2,21.2,-84.85,-0.0,LOW,-106.05
TA1243,CONTROL_CANDIDATE_POOL,,MANGROVE_EDGE_PROXY,0,,,,,INSUFFICIENT_DATA,,,,,LOW,
TA1244,CONTROL_CANDIDATE_POOL,,WATERLINE,4,-7.06,-2.35,-11.31,91.91,WITHIN_20M,7.06,7.06,-84.85,-0.0,LOW,-91.91
TA1244,CONTROL_CANDIDATE_POOL,,MANGROVE_EDGE_PROXY,0,,,,,INSUFFICIENT_DATA,,,,,LOW,
TA1245,CONTROL_CANDIDATE_POOL,,WATERLINE,4,-20.0,-6.67,-18.0,140.0,WITHIN_20M,20.0,0.0,-120.0,0.0,LOW,-140.0
TA1245,CONTROL_CANDIDATE_POOL,,MANGROVE_EDGE_PROXY,4,0.0,0.0,-0.0,0.0,WITHIN_20M,1460.0,1460.0,1460.0,1460.0,LOW,0.0
TA1246,CONTROL_CANDIDATE_POOL,,WATERLINE,4,0.0,0.0,34.34,343.44,WITHIN_20M,-0.0,-0.0,343.44,-0.0,LOW,343.44
TA1246,CONTROL_CANDIDATE_POOL,,MANGROVE_EDGE_PROXY,4,0.0,0.0,-0.0,20.2,WITHIN_20M,1414.17,1434.37,1434.37,1414.17,LOW,20.2
TA1247,CONTROL_CANDIDATE_POOL,,WATERLINE,4,-20.0,-6.67,-26.0,220.0,WITHIN_20M,20.0,0.0,-200.0,0.0,LOW,-220.0
TA1247,CONTROL_CANDIDATE_POOL,,MANGROVE_EDGE_PROXY,0,,,,,INSUFFICIENT_DATA,,,,,LOW,
TA1248,CONTROL_CANDIDATE_POOL,,WATERLINE,4,-21.22,-7.07,-15.56,113.13,APPARENT_LANDWARD,21.22,-0.0,-91.91,-0.0,LOW,-113.13
TA1248,CONTROL_CANDIDATE_POOL,,MANGROVE_EDGE_PROXY,0,,,,,INSUFFICIENT_DATA,,,,,LOW,
TA1249,CONTROL_CANDIDATE_POOL,,WATERLINE,4,-24.52,-8.17,-16.68,117.8,APPARENT_LANDWARD,24.52,0.0,-93.28,0.0,LOW,-117.8
TA1249,CONTROL_CANDIDATE_POOL,,MANGROVE_EDGE_PROXY,0,,,,,INSUFFICIENT_DATA,,,,,LOW,
TA1250,CONTROL_CANDIDATE_POOL,,WATERLINE,4,21.43,7.14,6.43,21.43,APPARENT_SEAWARD,-21.43,0.0,0.0,0.0,LOW,21.43
TA1250,CONTROL_CANDIDATE_POOL,,MANGROVE_EDGE_PROXY,4,21.43,7.14,6.43,21.43,APPARENT_SEAWARD,-21.43,-21.43,-21.43,0.0,LOW,0.0
TA1251,CONTROL_CANDIDATE_POOL,,WATERLINE,4,0.0,0.0,0.0,0.0,WITHIN_20M,-0.0,-0.0,-0.0,-0.0,LOW,0.0
TA1251,CONTROL_CANDIDATE_POOL,,MANGROVE_EDGE_PROXY,4,0.0,0.0,0.0,0.0,WITHIN_20M,-0.0,-0.0,-0.0,-0.0,LOW,0.0
TA1252,CONTROL_CANDIDATE_POOL,,WATERLINE,4,0.0,0.0,0.0,15.72,WITHIN_20M,-0.0,-15.72,-15.72,-0.0,LOW,-15.72
TA1252,CONTROL_CANDIDATE_POOL,,MANGROVE_EDGE_PROXY,4,0.0,0.0,-1.57,15.72,WITHIN_20M,97.42,113.14,97.42,97.42,LOW,0.0
TA1253,CONTROL_CANDIDATE_POOL,,WATERLINE,4,26.71,8.9,8.01,26.71,APPARENT_SEAWARD,-26.71,-0.0,-0.0,-0.0,LOW,26.71
TA1253,CONTROL_CANDIDATE_POOL,,MANGROVE_EDGE_PROXY,4,0.0,0.0,0.0,0.0,WITHIN_20M,-26.71,-26.71,-26.71,-26.71,LOW,0.0
TA1254,CONTROL_CANDIDATE_POOL,,WATERLINE,4,0.0,0.0,0.0,0.0,WITHIN_20M,-0.0,-0.0,-0.0,-0.0,LOW,0.0
TA1254,CONTROL_CANDIDATE_POOL,,MANGROVE_EDGE_PROXY,4,0.0,0.0,-0.0,0.0,WITHIN_20M,113.14,113.14,113.14,113.14,LOW,0.0
TA1255,CONTROL_CANDIDATE_POOL,,WATERLINE,4,0.0,0.0,0.0,26.83,WITHIN_20M,-0.0,-26.83,-26.83,-0.0,LOW,-26.83
TA1255,CONTROL_CANDIDATE_POOL,,MANGROVE_EDGE_PROXY,4,26.83,8.94,8.05,26.83,APPARENT_SEAWARD,80.5,107.33,107.33,107.33,LOW,26.83
TA1256,CONTROL_CANDIDATE_POOL,,WATERLINE,4,12.57,4.19,3.77,12.57,WITHIN_20M,-12.57,-0.0,-0.0,-0.0,LOW,12.57
TA1256,CONTROL_CANDIDATE_POOL,,MANGROVE_EDGE_PROXY,4,12.57,4.19,3.77,12.57,WITHIN_20M,-12.57,-12.57,-12.57,-0.0,LOW,0.0
TA1257,CONTROL_CANDIDATE_POOL,,WATERLINE,4,0.0,0.0,0.0,0.0,WITHIN_20M,-0.0,-0.0,-0.0,-0.0,LOW,0.0
TA1257,CONTROL_CANDIDATE_POOL,,MANGROVE_EDGE_PROXY,4,282.84,94.28,84.85,282.84,APPARENT_SEAWARD,86.43,113.14,113.14,369.27,LOW,26.71
TA1258,CONTROL_CANDIDATE_POOL,,WATERLINE,4,0.0,0.0,0.0,20.8,WITHIN_20M,0.0,-20.8,-20.8,0.0,LOW,-20.8
TA1258,CONTROL_CANDIDATE_POOL,,MANGROVE_EDGE_PROXY,4,0.0,0.0,-0.0,0.0,WITHIN_20M,987.23,987.23,987.23,987.23,LOW,0.0
TA1259,CONTROL_CANDIDATE_POOL,,WATERLINE,4,0.0,0.0,0.0,0.0,WITHIN_20M,-0.0,-0.0,-0.0,-0.0,LOW,0.0
TA1259,CONTROL_CANDIDATE_POOL,,MANGROVE_EDGE_PROXY,4,311.12,103.71,93.34,311.12,APPARENT_SEAWARD,113.14,113.14,113.14,424.26,LOW,0.0
TA1260,CONTROL_CANDIDATE_POOL,,WATERLINE,4,0.0,0.0,0.0,0.0,WITHIN_20M,-0.0,-0.0,-0.0,-0.0,LOW,0.0
TA1260,CONTROL_CANDIDATE_POOL,,MANGROVE_EDGE_PROXY,4,282.84,94.28,84.85,282.84,APPARENT_SEAWARD,113.14,113.14,113.14,395.98,LOW,0.0
TA1261,CONTROL_CANDIDATE_POOL,,WATERLINE,4,20.01,6.67,6.0,20.01,APPARENT_SEAWARD,-20.01,0.0,0.0,0.0,LOW,20.01
TA1261,CONTROL_CANDIDATE_POOL,,MANGROVE_EDGE_PROXY,4,20.01,6.67,6.0,20.01,APPARENT_SEAWARD,-20.01,-20.01,-20.01,0.0,LOW,0.0
TA1262,CONTROL_CANDIDATE_POOL,,WATERLINE,4,0.0,0.0,0.0,0.0,WITHIN_20M,-0.0,-0.0,-0.0,-0.0,LOW,0.0
TA1262,CONTROL_CANDIDATE_POOL,,MANGROVE_EDGE_PROXY,4,15.72,5.24,4.72,15.72,WITHIN_20M,-15.72,-0.0,-0.0,-0.0,LOW,15.72
TA1263,CONTROL_CANDIDATE_POOL,,WATERLINE,4,0.0,0.0,-0.16,1.58,WITHIN_20M,-0.0,1.58,-0.0,-0.0,LOW,0.0
TA1263,CONTROL_CANDIDATE_POOL,,MANGROVE_EDGE_PROXY,4,0.0,0.0,0.0,0.0,WITHIN_20M,-0.0,-0.0,-0.0,-0.0,LOW,0.0
TA1264,CONTROL_CANDIDATE_POOL,,WATERLINE,4,0.0,0.0,0.0,0.0,WITHIN_20M,0.0,0.0,0.0,0.0,LOW,0.0
TA1264,CONTROL_CANDIDATE_POOL,,MANGROVE_EDGE_PROXY,4,21.43,7.14,6.43,21.43,APPARENT_SEAWARD,-21.43,-21.43,-21.43,0.0,LOW,0.0
TA1265,CONTROL_CANDIDATE_POOL,,WATERLINE,4,0.0,0.0,0.0,0.0,WITHIN_20M,-0.0,-0.0,-0.0,-0.0,LOW,0.0
TA1265,CONTROL_CANDIDATE_POOL,,MANGROVE_EDGE_PROXY,4,26.71,8.9,8.01,26.71,APPARENT_SEAWARD,-26.71,-0.0,-0.0,-0.0,LOW,26.71
TA1266,CONTROL_CANDIDATE_POOL,,WATERLINE,4,0.0,0.0,-0.0,15.72,WITHIN_20M,-0.0,15.72,15.72,-0.0,LOW,15.72
TA1266,CONTROL_CANDIDATE_POOL,,MANGROVE_EDGE_PROXY,4,0.0,0.0,0.0,0.0,WITHIN_20M,-0.0,-0.0,-0.0,-0.0,LOW,0.0
TA1267,CONTROL_CANDIDATE_POOL,,WATERLINE,4,26.71,8.9,8.01,26.71,APPARENT_SEAWARD,-26.71,-0.0,-0.0,-0.0,LOW,26.71
TA1267,CONTROL_CANDIDATE_POOL,,MANGROVE_EDGE_PROXY,4,26.71,8.9,5.34,26.71,APPARENT_SEAWARD,-26.71,-0.0,-26.71,-0.0,LOW,0.0
TA1268,CONTROL_CANDIDATE_POOL,,WATERLINE,4,0.0,0.0,0.0,0.0,WITHIN_20M,-0.0,-0.0,-0.0,-0.0,LOW,0.0
TA1268,CONTROL_CANDIDATE_POOL,,MANGROVE_EDGE_PROXY,4,0.0,0.0,0.0,0.0,WITHIN_20M,-0.0,-0.0,-0.0,-0.0,LOW,0.0
TA1269,CONTROL_CANDIDATE_POOL,,WATERLINE,4,26.71,8.9,5.34,26.71,APPARENT_SEAWARD,-26.71,-0.0,-26.71,-0.0,LOW,0.0
TA1269,CONTROL_CANDIDATE_POOL,,MANGROVE_EDGE_PROXY,4,0.0,0.0,0.0,0.0,WITHIN_20M,-26.71,-26.71,-26.71,-26.71,LOW,0.0
TA1270,CONTROL_CANDIDATE_POOL,,WATERLINE,4,12.57,4.19,3.77,12.57,WITHIN_20M,-12.57,-0.0,-0.0,-0.0,LOW,12.57
TA1270,CONTROL_CANDIDATE_POOL,,MANGROVE_EDGE_PROXY,4,0.0,0.0,0.0,0.0,WITHIN_20M,-12.57,-12.57,-12.57,-12.57,LOW,0.0
TA1271,CONTROL_CANDIDATE_POOL,,WATERLINE,4,0.0,0.0,0.0,0.0,WITHIN_20M,-0.0,-0.0,-0.0,-0.0,LOW,0.0
TA1271,CONTROL_CANDIDATE_POOL,,MANGROVE_EDGE_PROXY,4,0.0,0.0,0.0,0.0,WITHIN_20M,-0.0,-0.0,-0.0,-0.0,LOW,0.0
TA1272,CONTROL_CANDIDATE_POOL,,WATERLINE,4,0.0,0.0,-2.08,20.8,WITHIN_20M,0.0,20.8,0.0,0.0,LOW,0.0
TA1272,CONTROL_CANDIDATE_POOL,,MANGROVE_EDGE_PROXY,4,0.0,0.0,0.0,0.0,WITHIN_20M,0.0,0.0,0.0,0.0,LOW,0.0
TA1273,CONTROL_CANDIDATE_POOL,,WATERLINE,4,0.0,0.0,0.0,0.0,WITHIN_20M,-0.0,-0.0,-0.0,-0.0,LOW,0.0
TA1273,CONTROL_CANDIDATE_POOL,,MANGROVE_EDGE_PROXY,4,1.58,0.53,0.47,1.58,WITHIN_20M,-1.58,-0.0,-0.0,-0.0,LOW,1.58
TA1274,CONTROL_CANDIDATE_POOL,,WATERLINE,4,0.0,0.0,0.0,0.0,WITHIN_20M,-0.0,-0.0,-0.0,-0.0,LOW,0.0
TA1274,CONTROL_CANDIDATE_POOL,,MANGROVE_EDGE_PROXY,4,0.0,0.0,-1.57,15.72,WITHIN_20M,-15.72,-0.0,-15.72,-15.72,LOW,0.0
TA1275,CONTROL_CANDIDATE_POOL,,WATERLINE,4,0.0,0.0,0.0,0.0,WITHIN_20M,0.0,0.0,0.0,0.0,LOW,0.0
TA1275,CONTROL_CANDIDATE_POOL,,MANGROVE_EDGE_PROXY,4,0.0,0.0,0.0,0.0,WITHIN_20M,-20.0,-20.0,-20.0,-20.0,LOW,0.0
TA1276,CONTROL_CANDIDATE_POOL,,WATERLINE,4,40.47,13.49,12.14,40.47,APPARENT_SEAWARD,-40.47,-0.0,-0.0,-0.0,LOW,40.47
TA1276,CONTROL_CANDIDATE_POOL,,MANGROVE_EDGE_PROXY,4,0.0,0.0,-0.0,0.0,WITHIN_20M,436.79,436.79,436.79,436.79,LOW,0.0
TA1277,CONTROL_CANDIDATE_POOL,,WATERLINE,4,40.02,13.34,12.01,40.02,APPARENT_SEAWARD,-40.02,0.0,0.0,0.0,LOW,40.02
TA1277,CONTROL_CANDIDATE_POOL,,MANGROVE_EDGE_PROXY,4,20.01,6.67,6.0,20.01,APPARENT_SEAWARD,-600.25,-580.24,-580.24,-580.24,LOW,20.01
TA1278,CONTROL_CANDIDATE_POOL,,WATERLINE,4,-180.0,-60.0,-54.0,180.0,APPARENT_LANDWARD,180.0,0.0,0.0,0.0,LOW,-180.0
TA1278,CONTROL_CANDIDATE_POOL,,MANGROVE_EDGE_PROXY,4,400.0,133.33,120.0,400.0,APPARENT_SEAWARD,460.0,460.0,460.0,860.0,LOW,0.0
TA1279,CONTROL_CANDIDATE_POOL,,WATERLINE,4,1198.28,399.43,359.65,1199.95,APPARENT_SEAWARD,-1198.28,-0.0,1.67,-0.0,LOW,1199.95
TA1279,CONTROL_CANDIDATE_POOL,,MANGROVE_EDGE_PROXY,4,0.0,0.0,0.0,0.0,WITHIN_20M,-1288.02,-1288.02,-1288.02,-1288.02,LOW,0.0
TA1280,CONTROL_CANDIDATE_POOL,,WATERLINE,4,-128.58,-42.86,-47.15,214.3,APPARENT_LANDWARD,128.58,0.0,-85.72,0.0,LOW,-214.3
TA1280,CONTROL_CANDIDATE_POOL,,MANGROVE_EDGE_PROXY,4,21.43,7.14,4.29,21.43,APPARENT_SEAWARD,985.74,1007.17,985.74,1007.17,LOW,0.0
TA1281,CONTROL_CANDIDATE_POOL,,WATERLINE,4,-240.0,-80.0,-72.0,240.0,APPARENT_LANDWARD,240.0,0.0,0.0,0.0,LOW,-240.0
TA1281,CONTROL_CANDIDATE_POOL,,MANGROVE_EDGE_PROXY,4,400.0,133.33,120.0,400.0,APPARENT_SEAWARD,520.0,520.0,520.0,920.0,LOW,0.0
TA1282,CONTROL_CANDIDATE_POOL,,WATERLINE,3,,,0.0,0.0,INSUFFICIENT_DATA,,0.0,0.0,0.0,LOW,
TA1282,CONTROL_CANDIDATE_POOL,,MANGROVE_EDGE_PROXY,4,20.8,6.93,6.24,20.8,APPARENT_SEAWARD,-748.79,-727.99,-727.99,-727.99,LOW,20.8
TA1283,CONTROL_CANDIDATE_POOL,,WATERLINE,4,-120.0,-40.0,-36.0,140.0,APPARENT_LANDWARD,120.0,-20.0,-20.0,0.0,LOW,-140.0
TA1283,CONTROL_CANDIDATE_POOL,,MANGROVE_EDGE_PROXY,4,0.0,0.0,-0.0,0.0,WITHIN_20M,460.0,460.0,460.0,460.0,LOW,0.0
TA1284,CONTROL_CANDIDATE_POOL,,WATERLINE,4,0.0,0.0,-0.0,20.0,WITHIN_20M,0.0,20.0,20.0,0.0,LOW,20.0
TA1284,CONTROL_CANDIDATE_POOL,,MANGROVE_EDGE_PROXY,4,80.0,26.67,24.0,80.0,APPARENT_SEAWARD,1280.0,1340.0,1340.0,1360.0,LOW,60.0
TA1285,CONTROL_CANDIDATE_POOL,,WATERLINE,4,0.0,0.0,-0.0,20.01,WITHIN_20M,-0.0,20.01,20.01,-0.0,LOW,20.01
TA1285,CONTROL_CANDIDATE_POOL,,MANGROVE_EDGE_PROXY,4,40.01,13.34,12.0,40.01,APPARENT_SEAWARD,1260.52,1300.53,1300.53,1300.53,LOW,40.01
TA1286,CONTROL_CANDIDATE_POOL,,WATERLINE,4,15.72,5.24,3.46,28.29,WITHIN_20M,-15.72,12.57,-0.0,-0.0,LOW,15.72
TA1286,CONTROL_CANDIDATE_POOL,,MANGROVE_EDGE_PROXY,4,28.28,9.43,8.48,28.28,APPARENT_SEAWARD,1228.79,1244.51,1244.51,1257.07,LOW,15.72
TA1287,CONTROL_CANDIDATE_POOL,,WATERLINE,4,0.0,0.0,0.0,0.0,WITHIN_20M,0.0,0.0,0.0,0.0,LOW,0.0
TA1287,CONTROL_CANDIDATE_POOL,,MANGROVE_EDGE_PROXY,4,60.0,20.0,18.0,60.0,APPARENT_SEAWARD,1320.0,1360.0,1360.0,1380.0,LOW,40.0
TA1288,CONTROL_CANDIDATE_POOL,,WATERLINE,4,0.0,0.0,-1.57,15.72,WITHIN_20M,-0.0,15.72,-0.0,-0.0,LOW,0.0
TA1288,CONTROL_CANDIDATE_POOL,,MANGROVE_EDGE_PROXY,4,0.0,0.0,-0.0,0.0,WITHIN_20M,1187.94,1187.94,1187.94,1187.94,LOW,0.0
TA1289,CONTROL_CANDIDATE_POOL,,WATERLINE,4,0.0,0.0,-0.0,26.83,WITHIN_20M,0.0,26.83,26.83,0.0,LOW,26.83
TA1289,CONTROL_CANDIDATE_POOL,,MANGROVE_EDGE_PROXY,4,20.77,6.92,6.23,20.77,APPARENT_SEAWARD,1207.51,1228.28,1228.28,1228.28,LOW,20.77
TA1290,CONTROL_CANDIDATE_POOL,,WATERLINE,4,0.0,0.0,0.0,0.0,WITHIN_20M,-0.0,-0.0,-0.0,-0.0,LOW,0.0
TA1290,CONTROL_CANDIDATE_POOL,,MANGROVE_EDGE_PROXY,4,2014.35,671.45,604.31,2014.35,APPARENT_SEAWARD,-1178.61,-1178.61,-1178.61,835.74,LOW,0.0
TA1291,CONTROL_CANDIDATE_POOL,,WATERLINE,4,0.0,0.0,0.0,0.0,WITHIN_20M,-0.0,-0.0,-0.0,-0.0,LOW,0.0
TA1291,CONTROL_CANDIDATE_POOL,,MANGROVE_EDGE_PROXY,4,0.0,0.0,0.19,1.94,WITHIN_20M,1086.43,1084.49,1086.43,1086.43,LOW,0.0
TA1292,CONTROL_CANDIDATE_POOL,,WATERLINE,4,-30.95,-10.32,-12.38,30.95,APPARENT_LANDWARD,30.95,30.95,0.0,0.0,LOW,-30.95
TA1292,CONTROL_CANDIDATE_POOL,,MANGROVE_EDGE_PROXY,4,0.0,0.0,-0.0,0.0,WITHIN_20M,728.59,728.59,728.59,728.59,LOW,0.0
TA1293,CONTROL_CANDIDATE_POOL,,WATERLINE,4,0.0,0.0,-2.0,20.01,WITHIN_20M,-0.0,20.01,-0.0,-0.0,LOW,0.0
TA1293,CONTROL_CANDIDATE_POOL,,MANGROVE_EDGE_PROXY,4,20.01,6.67,8.0,20.01,APPARENT_SEAWARD,-1340.55,-1340.55,-1320.54,-1320.54,LOW,20.01
TA1294,CONTROL_CANDIDATE_POOL,,WATERLINE,4,0.0,0.0,-4.0,40.0,WITHIN_20M,0.0,40.0,0.0,0.0,LOW,0.0
TA1294,CONTROL_CANDIDATE_POOL,,MANGROVE_EDGE_PROXY,4,0.0,0.0,-0.0,0.0,WITHIN_20M,260.0,260.0,260.0,260.0,LOW,0.0
TA1295,CONTROL_CANDIDATE_POOL,,WATERLINE,4,0.0,0.0,8.0,80.0,WITHIN_20M,0.0,-80.0,0.0,0.0,LOW,0.0
TA1295,CONTROL_CANDIDATE_POOL,,MANGROVE_EDGE_PROXY,4,20.0,6.67,6.0,20.0,WITHIN_20M,-1420.0,-1400.0,-1400.0,-1400.0,LOW,20.0
TA1296,CONTROL_CANDIDATE_POOL,,WATERLINE,4,0.0,0.0,10.4,104.0,WITHIN_20M,0.0,-104.0,0.0,0.0,LOW,0.0
TA1296,CONTROL_CANDIDATE_POOL,,MANGROVE_EDGE_PROXY,4,0.0,0.0,-0.0,0.0,WITHIN_20M,478.39,478.39,478.39,478.39,LOW,0.0
TA1297,CONTROL_CANDIDATE_POOL,,WATERLINE,4,0.0,0.0,10.0,100.0,WITHIN_20M,0.0,-100.0,0.0,0.0,LOW,0.0
TA1297,CONTROL_CANDIDATE_POOL,,MANGROVE_EDGE_PROXY,4,20.0,6.67,6.0,20.0,WITHIN_20M,-1380.0,-1360.0,-1360.0,-1360.0,LOW,20.0
TA1298,CONTROL_CANDIDATE_POOL,,WATERLINE,4,0.0,0.0,15.0,150.0,WITHIN_20M,-0.0,-150.0,-0.0,-0.0,LOW,0.0
TA1298,CONTROL_CANDIDATE_POOL,,MANGROVE_EDGE_PROXY,4,0.0,0.0,-0.0,0.0,WITHIN_20M,768.3,768.3,768.3,768.3,LOW,0.0
TA1299,CONTROL_CANDIDATE_POOL,,WATERLINE,4,0.0,0.0,34.1,340.99,WITHIN_20M,-0.0,-340.99,-0.0,-0.0,LOW,0.0
TA1299,CONTROL_CANDIDATE_POOL,,MANGROVE_EDGE_PROXY,4,-84.85,-28.28,-25.46,86.42,APPARENT_LANDWARD,818.67,820.24,820.24,733.82,LOW,1.57
TA1300,CONTROL_CANDIDATE_POOL,,WATERLINE,4,0.0,0.0,22.63,226.27,WITHIN_20M,-0.0,-226.27,-0.0,-0.0,LOW,0.0
TA1300,CONTROL_CANDIDATE_POOL,,MANGROVE_EDGE_PROXY,4,-100.57,-33.52,-30.17,113.14,APPARENT_LANDWARD,820.24,832.81,832.81,719.67,LOW,12.57
TA1301,CONTROL_CANDIDATE_POOL,,WATERLINE,4,-29.86,-9.95,10.84,227.85,APPARENT_LANDWARD,29.86,-197.99,-0.0,-0.0,LOW,-29.86
TA1301,CONTROL_CANDIDATE_POOL,,MANGROVE_EDGE_PROXY,4,-77.29,-25.76,-23.19,77.29,APPARENT_LANDWARD,814.26,814.26,814.26,736.97,LOW,0.0
TA1302,CONTROL_CANDIDATE_POOL,,WATERLINE,4,-107.15,-35.72,-10.72,321.44,APPARENT_LANDWARD,107.15,-214.29,0.0,0.0,LOW,-107.15
TA1302,CONTROL_CANDIDATE_POOL,,MANGROVE_EDGE_PROXY,4,278.58,92.86,83.57,278.58,APPARENT_SEAWARD,428.58,707.16,707.16,707.16,LOW,278.58
TA1303,CONTROL_CANDIDATE_POOL,,WATERLINE,4,-120.05,-40.02,-10.0,380.16,APPARENT_LANDWARD,120.05,-260.11,0.0,0.0,LOW,-120.05
TA1303,CONTROL_CANDIDATE_POOL,,MANGROVE_EDGE_PROXY,4,20.01,6.67,4.0,20.01,APPARENT_SEAWARD,700.29,720.3,700.29,720.3,LOW,0.0
TA1304,CONTROL_CANDIDATE_POOL,,WATERLINE,4,235.72,78.57,94.29,235.72,APPARENT_SEAWARD,-235.72,-235.72,-0.0,-0.0,LOW,235.72
TA1304,CONTROL_CANDIDATE_POOL,,MANGROVE_EDGE_PROXY,4,0.0,0.0,0.0,0.0,WITHIN_20M,-0.0,-0.0,-0.0,-0.0,LOW,0.0
TA1305,CONTROL_CANDIDATE_POOL,,WATERLINE,4,187.84,62.61,77.82,214.67,APPARENT_SEAWARD,-187.84,-187.84,26.83,-0.0,LOW,214.67
TA1305,CONTROL_CANDIDATE_POOL,,MANGROVE_EDGE_PROXY,4,0.0,0.0,-0.0,0.0,WITHIN_20M,748.3,748.3,748.3,748.3,LOW,0.0
TA1306,CONTROL_CANDIDATE_POOL,,WATERLINE,4,197.99,66.0,82.03,226.28,APPARENT_SEAWARD,-197.99,-210.56,15.72,-0.0,LOW,213.71
TA1306,CONTROL_CANDIDATE_POOL,,MANGROVE_EDGE_PROXY,4,0.0,0.0,-0.0,0.0,WITHIN_20M,692.88,692.88,692.88,692.88,LOW,0.0
TA1307,CONTROL_CANDIDATE_POOL,,WATERLINE,4,187.84,62.61,77.82,214.67,APPARENT_SEAWARD,-187.84,-187.84,26.83,-0.0,LOW,214.67
TA1307,CONTROL_CANDIDATE_POOL,,MANGROVE_EDGE_PROXY,4,0.0,0.0,-0.0,0.0,WITHIN_20M,697.68,697.68,697.68,697.68,LOW,0.0
TA1308,CONTROL_CANDIDATE_POOL,,WATERLINE,4,280.0,93.33,112.0,280.0,APPARENT_SEAWARD,-280.0,-280.0,0.0,0.0,LOW,280.0
TA1308,CONTROL_CANDIDATE_POOL,,MANGROVE_EDGE_PROXY,4,-20.0,-6.67,-8.0,20.0,WITHIN_20M,520.0,520.0,500.0,500.0,LOW,-20.0
TA1309,CONTROL_CANDIDATE_POOL,,WATERLINE,4,360.0,120.0,146.0,380.0,APPARENT_SEAWARD,-360.0,-360.0,20.0,0.0,LOW,380.0
TA1309,CONTROL_CANDIDATE_POOL,,MANGROVE_EDGE_PROXY,4,0.0,0.0,0.0,0.0,WITHIN_20M,-20.0,-20.0,-20.0,-20.0,LOW,0.0
TA1310,CONTROL_CANDIDATE_POOL,,WATERLINE,4,300.0,100.0,122.0,320.0,APPARENT_SEAWARD,-300.0,-320.0,0.0,0.0,LOW,300.0
TA1310,CONTROL_CANDIDATE_POOL,,MANGROVE_EDGE_PROXY,4,400.0,133.33,120.0,400.0,APPARENT_SEAWARD,-20.0,-20.0,-20.0,380.0,LOW,0.0
TA1311,CONTROL_CANDIDATE_POOL,,WATERLINE,4,220.0,73.33,90.0,240.0,APPARENT_SEAWARD,-220.0,-240.0,0.0,0.0,LOW,220.0
TA1311,CONTROL_CANDIDATE_POOL,,MANGROVE_EDGE_PROXY,4,0.0,0.0,0.0,0.0,WITHIN_20M,-20.0,-20.0,-20.0,-20.0,LOW,0.0
TA1312,CONTROL_CANDIDATE_POOL,,WATERLINE,4,113.14,37.71,46.83,128.85,APPARENT_SEAWARD,-113.14,-128.85,-0.0,-0.0,LOW,113.14
TA1312,CONTROL_CANDIDATE_POOL,,MANGROVE_EDGE_PROXY,4,0.0,0.0,0.0,0.0,WITHIN_20M,-0.0,-0.0,-0.0,-0.0,LOW,0.0
TA1313,CONTROL_CANDIDATE_POOL,,WATERLINE,4,140.06,46.69,54.02,140.06,APPARENT_SEAWARD,-140.06,-140.06,-20.01,0.0,LOW,120.05
TA1313,CONTROL_CANDIDATE_POOL,,MANGROVE_EDGE_PROXY,4,20.0,6.67,6.0,20.0,WITHIN_20M,940.39,960.39,960.39,960.39,LOW,20.0
TA1314,CONTROL_CANDIDATE_POOL,,WATERLINE,4,113.14,37.71,46.83,128.85,APPARENT_SEAWARD,-113.14,-128.85,-0.0,-0.0,LOW,113.14
TA1314,CONTROL_CANDIDATE_POOL,,MANGROVE_EDGE_PROXY,4,0.0,0.0,-0.0,15.72,WITHIN_20M,-15.72,-0.0,-0.0,-15.72,LOW,15.72
TA1315,CONTROL_CANDIDATE_POOL,,WATERLINE,4,113.14,37.71,47.93,139.85,APPARENT_SEAWARD,-113.14,-139.85,-0.0,-0.0,LOW,113.14
TA1315,CONTROL_CANDIDATE_POOL,,MANGROVE_EDGE_PROXY,4,26.71,8.9,8.01,26.71,APPARENT_SEAWARD,-26.71,-0.0,-0.0,-0.0,LOW,26.71
TA1316,CONTROL_CANDIDATE_POOL,,WATERLINE,4,113.14,37.71,45.26,113.14,APPARENT_SEAWARD,-113.14,-113.14,-0.0,-0.0,LOW,113.14
TA1316,CONTROL_CANDIDATE_POOL,,MANGROVE_EDGE_PROXY,4,298.56,99.52,89.57,298.56,APPARENT_SEAWARD,-0.0,-0.0,-0.0,298.56,LOW,0.0
TA1317,CONTROL_CANDIDATE_POOL,,WATERLINE,4,139.85,46.62,55.94,139.85,APPARENT_SEAWARD,-139.85,-139.85,-0.0,-0.0,LOW,139.85
TA1317,CONTROL_CANDIDATE_POOL,,MANGROVE_EDGE_PROXY,4,311.13,103.71,93.34,311.13,APPARENT_SEAWARD,-26.71,-0.0,-0.0,284.42,LOW,26.71
TA1318,CONTROL_CANDIDATE_POOL,,WATERLINE,4,113.14,37.71,46.51,125.7,APPARENT_SEAWARD,-113.14,-125.7,-0.0,-0.0,LOW,113.14
TA1318,CONTROL_CANDIDATE_POOL,,MANGROVE_EDGE_PROXY,4,295.41,98.47,88.62,295.41,APPARENT_SEAWARD,-12.57,-0.0,-0.0,282.84,LOW,12.57
TA1319,CONTROL_CANDIDATE_POOL,,WATERLINE,4,107.33,35.78,42.93,107.33,APPARENT_SEAWARD,-107.33,-107.33,-0.0,-0.0,LOW,107.33
TA1319,CONTROL_CANDIDATE_POOL,,MANGROVE_EDGE_PROXY,4,1.67,0.56,0.5,1.67,WITHIN_20M,-1.67,-0.0,-0.0,-0.0,LOW,1.67
TA1320,CONTROL_CANDIDATE_POOL,,WATERLINE,4,113.14,37.71,45.26,125.7,APPARENT_SEAWARD,-113.14,-125.7,-12.57,-0.0,LOW,100.57
TA1320,CONTROL_CANDIDATE_POOL,,MANGROVE_EDGE_PROXY,4,15.71,5.24,4.71,28.28,WITHIN_20M,-28.28,-0.0,-0.0,-12.57,LOW,28.28
TA1321,CONTROL_CANDIDATE_POOL,,WATERLINE,4,113.14,37.71,45.26,113.14,APPARENT_SEAWARD,-113.14,-113.14,-0.0,-0.0,LOW,113.14
TA1321,CONTROL_CANDIDATE_POOL,,MANGROVE_EDGE_PROXY,4,0.0,0.0,0.0,0.0,WITHIN_20M,-0.0,-0.0,-0.0,-0.0,LOW,0.0
TA1322,CONTROL_CANDIDATE_POOL,,WATERLINE,4,113.14,37.71,45.26,113.14,APPARENT_SEAWARD,-113.14,-113.14,-0.0,-0.0,LOW,113.14
TA1322,CONTROL_CANDIDATE_POOL,,MANGROVE_EDGE_PROXY,4,0.0,0.0,0.0,0.0,WITHIN_20M,-0.0,-0.0,-0.0,-0.0,LOW,0.0
TA1323,CONTROL_CANDIDATE_POOL,,WATERLINE,4,120.05,40.02,50.02,140.06,APPARENT_SEAWARD,-120.05,-140.06,0.0,0.0,LOW,120.05
TA1323,CONTROL_CANDIDATE_POOL,,MANGROVE_EDGE_PROXY,4,0.0,0.0,-0.0,0.0,WITHIN_20M,1000.41,1000.41,1000.41,1000.41,LOW,0.0
TA1324,CONTROL_CANDIDATE_POOL,,WATERLINE,4,112.89,37.63,45.16,112.89,APPARENT_SEAWARD,-112.89,-112.89,-0.0,-0.0,LOW,112.89
TA1324,CONTROL_CANDIDATE_POOL,,MANGROVE_EDGE_PROXY,4,22.58,7.53,6.77,22.58,APPARENT_SEAWARD,-22.58,-0.0,-0.0,-0.0,LOW,22.58
TA1325,CONTROL_CANDIDATE_POOL,,WATERLINE,4,327.64,109.21,132.12,338.27,APPARENT_SEAWARD,-327.64,-338.27,-0.0,-0.0,LOW,327.64
TA1325,CONTROL_CANDIDATE_POOL,,MANGROVE_EDGE_PROXY,4,24.16,8.05,7.25,24.16,APPARENT_SEAWARD,-241.62,-217.46,-217.46,-217.46,LOW,24.16
TA1326,CONTROL_CANDIDATE_POOL,,WATERLINE,4,339.41,113.14,136.64,348.12,APPARENT_SEAWARD,-339.41,-348.12,-0.0,-0.0,LOW,339.41
TA1326,CONTROL_CANDIDATE_POOL,,MANGROVE_EDGE_PROXY,4,291.56,97.19,87.47,291.56,APPARENT_SEAWARD,-234.99,-226.27,-226.27,56.57,LOW,8.72
TA1327,CONTROL_CANDIDATE_POOL,,WATERLINE,4,327.64,109.21,131.06,327.64,APPARENT_SEAWARD,-327.64,-327.64,-0.0,-0.0,LOW,327.64
TA1327,CONTROL_CANDIDATE_POOL,,MANGROVE_EDGE_PROXY,4,317.36,105.79,95.21,317.36,APPARENT_SEAWARD,-220.71,-217.46,-217.46,96.65,LOW,3.25
TA1328,CONTROL_CANDIDATE_POOL,,WATERLINE,4,362.02,120.67,144.81,362.02,APPARENT_SEAWARD,-362.02,-362.02,0.0,0.0,LOW,362.02
TA1328,CONTROL_CANDIDATE_POOL,,MANGROVE_EDGE_PROXY,4,339.4,113.13,101.82,339.4,APPARENT_SEAWARD,-248.89,-227.02,-227.02,90.51,LOW,21.87
TA1329,CONTROL_CANDIDATE_POOL,,WATERLINE,4,505.86,168.62,209.75,724.86,APPARENT_SEAWARD,-505.86,-724.86,-144.97,0.0,LOW,360.89
TA1329,CONTROL_CANDIDATE_POOL,,MANGROVE_EDGE_PROXY,4,1517.78,505.93,455.33,1517.78,APPARENT_SEAWARD,-1396.97,-1325.68,-1325.68,120.81,LOW,71.29
TA1330,CONTROL_CANDIDATE_POOL,,WATERLINE,4,447.23,149.08,172.79,467.56,APPARENT_SEAWARD,-447.23,-467.56,-81.31,-0.0,LOW,365.92
TA1330,CONTROL_CANDIDATE_POOL,,MANGROVE_EDGE_PROXY,4,325.26,108.42,97.58,325.26,APPARENT_SEAWARD,-325.26,-325.26,-325.26,-0.0,LOW,0.0
TA1331,CONTROL_CANDIDATE_POOL,,WATERLINE,4,462.59,154.2,179.0,482.7,APPARENT_SEAWARD,-462.59,-482.7,-80.45,0.0,LOW,382.14
TA1331,CONTROL_CANDIDATE_POOL,,MANGROVE_EDGE_PROXY,4,362.55,120.85,108.71,362.55,APPARENT_SEAWARD,-342.44,-341.91,-342.44,20.11,LOW,0.0
TA1332,CONTROL_CANDIDATE_POOL,,WATERLINE,4,-412.83,-137.61,-158.81,416.21,APPARENT_LANDWARD,412.83,416.21,66.59,0.0,LOW,-346.24
TA1332,CONTROL_CANDIDATE_POOL,,MANGROVE_EDGE_PROXY,4,0.0,0.0,-0.0,0.0,WITHIN_20M,412.83,412.83,412.83,412.83,LOW,0.0
TA1333,CONTROL_CANDIDATE_POOL,,WATERLINE,2,,,-520.0,520.0,INSUFFICIENT_DATA,,,520.0,0.0,LOW,
TA1333,CONTROL_CANDIDATE_POOL,,MANGROVE_EDGE_PROXY,4,0.0,0.0,-0.0,0.0,WITHIN_20M,920.0,920.0,920.0,920.0,LOW,0.0
TA1334,CONTROL_CANDIDATE_POOL,,WATERLINE,4,473.02,157.67,141.91,473.02,APPARENT_SEAWARD,-473.02,-473.02,-473.02,-0.0,LOW,0.0
TA1334,CONTROL_CANDIDATE_POOL,,MANGROVE_EDGE_PROXY,4,0.0,0.0,0.0,0.0,WITHIN_20M,-82.26,-82.26,-82.26,-82.26,LOW,0.0
TA1335,CONTROL_CANDIDATE_POOL,,WATERLINE,4,460.83,153.61,136.25,460.83,APPARENT_SEAWARD,-460.83,-440.79,-460.83,0.0,LOW,0.0
TA1335,CONTROL_CANDIDATE_POOL,,MANGROVE_EDGE_PROXY,4,20.03,6.68,6.01,20.03,APPARENT_SEAWARD,881.59,881.59,881.59,901.62,LOW,0.0
TA1336,CONTROL_CANDIDATE_POOL,,WATERLINE,4,481.13,160.38,146.53,503.0,APPARENT_SEAWARD,-481.13,-503.0,-481.13,0.0,LOW,0.0
TA1336,CONTROL_CANDIDATE_POOL,,MANGROVE_EDGE_PROXY,4,43.74,14.58,13.12,43.74,APPARENT_SEAWARD,-306.17,-262.43,-262.43,-262.43,LOW,43.74
TA1337,CONTROL_CANDIDATE_POOL,,WATERLINE,4,500.0,166.67,234.0,840.0,APPARENT_SEAWARD,-500.0,-500.0,340.0,0.0,LOW,840.0
TA1337,CONTROL_CANDIDATE_POOL,,MANGROVE_EDGE_PROXY,4,0.0,0.0,-0.0,0.0,WITHIN_20M,780.0,780.0,780.0,780.0,LOW,0.0
TA1338,CONTROL_CANDIDATE_POOL,,WATERLINE,4,452.46,150.82,220.06,843.21,APPARENT_SEAWARD,-452.46,-473.02,370.19,-0.0,LOW,822.65
TA1338,CONTROL_CANDIDATE_POOL,,MANGROVE_EDGE_PROXY,4,0.0,0.0,-0.0,0.0,WITHIN_20M,904.91,904.91,904.91,904.91,LOW,0.0
TA1339,CONTROL_CANDIDATE_POOL,,WATERLINE,4,460.83,153.61,210.38,721.3,APPARENT_SEAWARD,-460.83,-480.87,240.43,0.0,LOW,701.26
TA1339,CONTROL_CANDIDATE_POOL,,MANGROVE_EDGE_PROXY,4,20.03,6.68,6.01,20.03,APPARENT_SEAWARD,721.3,721.3,721.3,741.33,LOW,0.0
TA1340,CONTROL_CANDIDATE_POOL,,WATERLINE,4,200.0,66.67,86.0,460.0,APPARENT_SEAWARD,-200.0,-460.0,-200.0,0.0,LOW,0.0
TA1340,CONTROL_CANDIDATE_POOL,,MANGROVE_EDGE_PROXY,0,,,,,INSUFFICIENT_DATA,,,,,LOW,
TA1341,CONTROL_CANDIDATE_POOL,,WATERLINE,4,509.12,169.71,192.66,509.12,APPARENT_SEAWARD,-509.12,-509.12,-109.93,-0.0,LOW,399.19
TA1341,CONTROL_CANDIDATE_POOL,,MANGROVE_EDGE_PROXY,4,0.0,0.0,-0.0,0.0,WITHIN_20M,397.75,397.75,397.75,397.75,LOW,0.0
TA1342,CONTROL_CANDIDATE_POOL,,WATERLINE,4,480.83,160.28,183.85,491.77,APPARENT_SEAWARD,-480.83,-491.77,-95.79,-0.0,LOW,385.04
TA1342,CONTROL_CANDIDATE_POOL,,MANGROVE_EDGE_PROXY,4,0.0,0.0,-0.0,0.0,WITHIN_20M,403.16,403.16,403.16,403.16,LOW,0.0
TA1343,CONTROL_CANDIDATE_POOL,,WATERLINE,4,480.83,160.28,183.85,480.83,APPARENT_SEAWARD,-480.83,-480.83,-84.85,-0.0,LOW,395.98
TA1343,CONTROL_CANDIDATE_POOL,,MANGROVE_EDGE_PROXY,4,0.0,0.0,-0.0,0.0,WITHIN_20M,370.9,370.9,370.9,370.9,LOW,0.0
TA1344,CONTROL_CANDIDATE_POOL,,WATERLINE,4,452.55,150.85,172.53,463.48,APPARENT_SEAWARD,-452.55,-463.48,-95.79,-0.0,LOW,356.76
TA1344,CONTROL_CANDIDATE_POOL,,MANGROVE_EDGE_PROXY,4,611.32,203.77,183.4,611.32,APPARENT_SEAWARD,-254.56,356.76,356.76,356.76,LOW,611.32
TA1345,CONTROL_CANDIDATE_POOL,,WATERLINE,4,452.55,150.85,175.04,477.63,APPARENT_SEAWARD,-452.55,-477.63,-84.85,-0.0,LOW,367.7
TA1345,CONTROL_CANDIDATE_POOL,,MANGROVE_EDGE_PROXY,4,0.0,0.0,0.0,0.0,WITHIN_20M,-279.64,-279.64,-279.64,-279.64,LOW,0.0
TA1346,CONTROL_CANDIDATE_POOL,,WATERLINE,4,452.55,150.85,172.54,452.55,APPARENT_SEAWARD,-452.55,-452.55,-84.85,-0.0,LOW,367.7
TA1346,CONTROL_CANDIDATE_POOL,,MANGROVE_EDGE_PROXY,4,0.0,0.0,0.0,0.0,WITHIN_20M,-311.13,-311.13,-311.13,-311.13,LOW,0.0
TA1347,CONTROL_CANDIDATE_POOL,,WATERLINE,4,452.55,150.85,172.54,452.55,APPARENT_SEAWARD,-452.55,-452.55,-84.85,-0.0,LOW,367.7
TA1347,CONTROL_CANDIDATE_POOL,,MANGROVE_EDGE_PROXY,4,25.08,8.36,7.52,25.08,APPARENT_SEAWARD,-339.41,-314.33,-314.33,-314.33,LOW,25.08
TA1348,CONTROL_CANDIDATE_POOL,,WATERLINE,4,740.0,246.67,288.0,760.0,APPARENT_SEAWARD,-740.0,-760.0,-100.0,0.0,LOW,640.0
TA1348,CONTROL_CANDIDATE_POOL,,MANGROVE_EDGE_PROXY,4,0.0,0.0,0.0,0.0,WITHIN_20M,-380.0,-380.0,-380.0,-380.0,LOW,0.0
TA1349,CONTROL_CANDIDATE_POOL,,WATERLINE,4,460.2,153.4,186.64,690.3,APPARENT_SEAWARD,-460.2,-690.3,-204.53,-0.0,LOW,255.67
TA1349,CONTROL_CANDIDATE_POOL,,MANGROVE_EDGE_PROXY,4,1010.07,336.69,303.02,1010.07,APPARENT_SEAWARD,-831.1,-831.1,-831.1,178.97,LOW,0.0
TA1350,CONTROL_CANDIDATE_POOL,,WATERLINE,4,-440.0,-146.67,-176.0,440.0,APPARENT_LANDWARD,440.0,440.0,0.0,0.0,LOW,-440.0
TA1350,CONTROL_CANDIDATE_POOL,,MANGROVE_EDGE_PROXY,4,0.0,0.0,-0.0,0.0,WITHIN_20M,440.0,440.0,440.0,440.0,LOW,0.0
TA1351,CONTROL_CANDIDATE_POOL,,WATERLINE,4,364.49,121.5,146.12,367.7,APPARENT_SEAWARD,-364.49,-364.49,3.21,-0.0,LOW,367.7
TA1351,CONTROL_CANDIDATE_POOL,,MANGROVE_EDGE_PROXY,4,25.08,8.36,7.52,25.08,APPARENT_SEAWARD,-251.35,-226.27,-226.27,-226.27,LOW,25.08
TA1352,CONTROL_CANDIDATE_POOL,,WATERLINE,4,356.76,118.92,143.8,367.7,APPARENT_SEAWARD,-356.76,-356.76,10.94,-0.0,LOW,367.7
TA1352,CONTROL_CANDIDATE_POOL,,MANGROVE_EDGE_PROXY,4,0.0,0.0,0.0,0.0,WITHIN_20M,-215.34,-215.34,-215.34,-215.34,LOW,0.0
TA1353,CONTROL_CANDIDATE_POOL,,WATERLINE,4,-420.76,-140.25,-170.31,440.8,APPARENT_LANDWARD,420.76,420.76,-20.04,0.0,LOW,-440.8
TA1353,CONTROL_CANDIDATE_POOL,,MANGROVE_EDGE_PROXY,4,0.0,0.0,-0.0,0.0,WITHIN_20M,400.72,400.72,400.72,400.72,LOW,0.0
TA1354,CONTROL_CANDIDATE_POOL,,WATERLINE,4,-371.78,-123.93,-151.74,402.1,APPARENT_LANDWARD,371.78,371.78,-30.32,-0.0,LOW,-402.1
TA1354,CONTROL_CANDIDATE_POOL,,MANGROVE_EDGE_PROXY,4,6.59,2.2,1.98,6.59,WITHIN_20M,365.19,371.78,371.78,371.78,LOW,6.59
TA1355,CONTROL_CANDIDATE_POOL,,WATERLINE,4,-520.0,-173.33,-214.0,580.0,APPARENT_LANDWARD,520.0,560.0,-20.0,0.0,LOW,-540.0
TA1355,CONTROL_CANDIDATE_POOL,,MANGROVE_EDGE_PROXY,4,0.0,0.0,-0.0,0.0,WITHIN_20M,480.0,480.0,480.0,480.0,LOW,0.0
TA1356,CONTROL_CANDIDATE_POOL,,WATERLINE,4,378.63,126.21,153.19,395.98,APPARENT_SEAWARD,-378.63,-395.98,-0.0,-0.0,LOW,378.63
TA1356,CONTROL_CANDIDATE_POOL,,MANGROVE_EDGE_PROXY,4,0.0,0.0,-0.0,0.0,WITHIN_20M,500.06,500.06,500.06,500.06,LOW,0.0
TA1357,CONTROL_CANDIDATE_POOL,,WATERLINE,4,-220.4,-73.47,-114.21,480.87,APPARENT_LANDWARD,220.4,480.87,0.0,0.0,LOW,-220.4
TA1357,CONTROL_CANDIDATE_POOL,,MANGROVE_EDGE_PROXY,4,0.0,0.0,-0.0,0.0,WITHIN_20M,420.76,420.76,420.76,420.76,LOW,0.0
TA1358,CONTROL_CANDIDATE_POOL,,WATERLINE,4,424.26,141.42,169.7,424.26,APPARENT_SEAWARD,-424.26,-424.26,-0.0,-0.0,LOW,424.26
TA1358,CONTROL_CANDIDATE_POOL,,MANGROVE_EDGE_PROXY,4,0.0,0.0,-0.0,0.0,WITHIN_20M,509.12,509.12,509.12,509.12,LOW,0.0
TA1359,CONTROL_CANDIDATE_POOL,,WATERLINE,4,-500.9,-166.97,-200.36,500.9,APPARENT_LANDWARD,500.9,500.9,0.0,0.0,LOW,-500.9
TA1359,CONTROL_CANDIDATE_POOL,,MANGROVE_EDGE_PROXY,4,0.0,0.0,-0.0,0.0,WITHIN_20M,500.9,500.9,500.9,500.9,LOW,0.0
TA1360,CONTROL_CANDIDATE_POOL,,WATERLINE,4,-411.32,-137.11,-166.59,431.89,APPARENT_LANDWARD,411.32,431.89,-0.0,-0.0,LOW,-411.32
TA1360,CONTROL_CANDIDATE_POOL,,MANGROVE_EDGE_PROXY,4,20.57,6.86,4.11,20.57,APPARENT_SEAWARD,411.32,431.89,411.32,431.89,LOW,0.0
TA1361,CONTROL_CANDIDATE_POOL,,WATERLINE,4,-51.13,-17.04,-59.92,445.84,APPARENT_LANDWARD,51.13,445.84,-0.0,-0.0,LOW,-51.13
TA1361,CONTROL_CANDIDATE_POOL,,MANGROVE_EDGE_PROXY,4,0.0,0.0,-0.0,0.0,WITHIN_20M,413.73,413.73,413.73,413.73,LOW,0.0
TA1362,CONTROL_CANDIDATE_POOL,,WATERLINE,4,0.0,0.0,-37.18,371.78,WITHIN_20M,-0.0,371.78,-0.0,-0.0,LOW,0.0
TA1362,CONTROL_CANDIDATE_POOL,,MANGROVE_EDGE_PROXY,4,0.0,0.0,-0.0,0.0,WITHIN_20M,284.3,284.3,284.3,284.3,LOW,0.0
TA1363,CONTROL_CANDIDATE_POOL,,WATERLINE,4,-3.21,-1.07,-57.85,568.89,WITHIN_20M,3.21,568.89,-0.0,-0.0,LOW,-3.21
TA1363,CONTROL_CANDIDATE_POOL,,MANGROVE_EDGE_PROXY,4,0.0,0.0,-0.0,0.0,WITHIN_20M,424.26,424.26,424.26,424.26,LOW,0.0
TA1364,CONTROL_CANDIDATE_POOL,,WATERLINE,4,0.0,0.0,-52.65,526.47,WITHIN_20M,-0.0,526.47,-0.0,-0.0,LOW,0.0
TA1364,CONTROL_CANDIDATE_POOL,,MANGROVE_EDGE_PROXY,4,0.0,0.0,-0.0,0.0,WITHIN_20M,413.33,413.33,413.33,413.33,LOW,0.0
TA1365,CONTROL_CANDIDATE_POOL,,WATERLINE,4,0.0,0.0,-12.0,140.0,WITHIN_20M,0.0,140.0,20.0,0.0,LOW,20.0
TA1365,CONTROL_CANDIDATE_POOL,,MANGROVE_EDGE_PROXY,4,0.0,0.0,-0.0,0.0,WITHIN_20M,1500.0,1500.0,1500.0,1500.0,LOW,0.0
TA1366,CONTROL_CANDIDATE_POOL,,WATERLINE,4,0.0,0.0,-39.6,413.33,WITHIN_20M,-0.0,413.33,17.35,-0.0,LOW,17.35
TA1366,CONTROL_CANDIDATE_POOL,,MANGROVE_EDGE_PROXY,4,0.0,0.0,0.0,0.0,WITHIN_20M,-56.57,-56.57,-56.57,-56.57,LOW,0.0
TA1367,CONTROL_CANDIDATE_POOL,,WATERLINE,4,0.0,0.0,36.07,360.65,WITHIN_20M,0.0,-360.65,0.0,0.0,LOW,0.0
TA1367,CONTROL_CANDIDATE_POOL,,MANGROVE_EDGE_PROXY,4,0.0,0.0,-0.0,0.0,WITHIN_20M,581.05,581.05,581.05,581.05,LOW,0.0
TA1368,CONTROL_CANDIDATE_POOL,,WATERLINE,4,0.0,0.0,-14.0,140.0,WITHIN_20M,0.0,140.0,0.0,0.0,LOW,0.0
TA1368,CONTROL_CANDIDATE_POOL,,MANGROVE_EDGE_PROXY,4,-20.0,-6.67,-6.0,20.0,WITHIN_20M,1440.0,1420.0,1420.0,1420.0,LOW,-20.0
TA1369,CONTROL_CANDIDATE_POOL,,WATERLINE,4,0.0,0.0,22.0,220.0,WITHIN_20M,0.0,-220.0,0.0,0.0,LOW,0.0
TA1369,CONTROL_CANDIDATE_POOL,,MANGROVE_EDGE_PROXY,4,0.0,0.0,-0.0,0.0,WITHIN_20M,599.15,599.15,599.15,599.15,LOW,0.0
TA1370,CONTROL_CANDIDATE_POOL,,WATERLINE,4,0.0,0.0,2.0,20.0,WITHIN_20M,0.0,-20.0,0.0,0.0,LOW,0.0
TA1370,CONTROL_CANDIDATE_POOL,,MANGROVE_EDGE_PROXY,4,0.0,0.0,0.0,0.0,WITHIN_20M,580.0,580.0,580.0,580.0,LOW,0.0
TA1371,CONTROL_CANDIDATE_POOL,,WATERLINE,4,0.0,0.0,-2.0,20.0,WITHIN_20M,0.0,20.0,0.0,0.0,LOW,0.0
TA1371,CONTROL_CANDIDATE_POOL,,MANGROVE_EDGE_PROXY,4,1080.0,360.0,326.0,1080.0,APPARENT_SEAWARD,420.0,1480.0,1500.0,1500.0,LOW,1080.0
TA1372,CONTROL_CANDIDATE_POOL,,WATERLINE,4,0.0,0.0,0.0,0.0,WITHIN_20M,0.0,0.0,0.0,0.0,LOW,0.0
TA1372,CONTROL_CANDIDATE_POOL,,MANGROVE_EDGE_PROXY,4,60.0,20.0,18.0,60.0,APPARENT_SEAWARD,1400.0,1460.0,1460.0,1460.0,LOW,60.0
TA1373,CONTROL_CANDIDATE_POOL,,WATERLINE,4,0.0,0.0,0.0,0.0,WITHIN_20M,-0.0,-0.0,-0.0,-0.0,LOW,0.0
TA1373,CONTROL_CANDIDATE_POOL,,MANGROVE_EDGE_PROXY,4,28.47,9.49,8.54,28.47,APPARENT_SEAWARD,-28.47,-0.0,-0.0,-0.0,LOW,28.47
TA1374,CONTROL_CANDIDATE_POOL,,WATERLINE,4,0.0,0.0,-0.0,20.57,WITHIN_20M,-0.0,20.57,20.57,-0.0,LOW,20.57
TA1374,CONTROL_CANDIDATE_POOL,,MANGROVE_EDGE_PROXY,4,0.0,0.0,-0.0,0.0,WITHIN_20M,1082.51,1082.51,1082.51,1082.51,LOW,0.0
TA1375,CONTROL_CANDIDATE_POOL,,WATERLINE,4,-3.21,-1.07,-0.96,3.21,WITHIN_20M,3.21,3.21,3.21,-0.0,LOW,0.0
TA1375,CONTROL_CANDIDATE_POOL,,MANGROVE_EDGE_PROXY,4,0.0,0.0,0.0,0.0,WITHIN_20M,-0.0,-0.0,-0.0,-0.0,LOW,0.0
TA1376,CONTROL_CANDIDATE_POOL,,WATERLINE,4,-20.0,-6.67,-6.0,20.0,WITHIN_20M,20.0,20.0,20.0,0.0,LOW,0.0
TA1376,CONTROL_CANDIDATE_POOL,,MANGROVE_EDGE_PROXY,4,20.0,6.67,4.0,20.0,WITHIN_20M,0.0,20.0,0.0,20.0,LOW,0.0
TA1377,CONTROL_CANDIDATE_POOL,,WATERLINE,4,-25.08,-8.36,-5.02,25.08,APPARENT_LANDWARD,25.08,-0.0,25.08,-0.0,LOW,0.0
TA1377,CONTROL_CANDIDATE_POOL,,MANGROVE_EDGE_PROXY,4,28.28,9.43,8.48,28.28,APPARENT_SEAWARD,-28.28,-0.0,-0.0,-0.0,LOW,28.28
TA1378,CONTROL_CANDIDATE_POOL,,WATERLINE,4,0.0,0.0,0.0,0.0,WITHIN_20M,0.0,0.0,0.0,0.0,LOW,0.0
TA1378,CONTROL_CANDIDATE_POOL,,MANGROVE_EDGE_PROXY,4,0.0,0.0,0.0,0.0,WITHIN_20M,-260.0,-260.0,-260.0,-260.0,LOW,0.0
TA1379,CONTROL_CANDIDATE_POOL,,WATERLINE,4,0.0,0.0,0.0,0.0,WITHIN_20M,0.0,0.0,0.0,0.0,LOW,0.0
TA1379,CONTROL_CANDIDATE_POOL,,MANGROVE_EDGE_PROXY,4,0.0,0.0,-2.0,20.0,WITHIN_20M,-280.0,-280.0,-300.0,-280.0,LOW,-20.0
TA1380,CONTROL_CANDIDATE_POOL,,WATERLINE,4,0.0,0.0,-2.0,20.0,WITHIN_20M,0.0,20.0,0.0,0.0,LOW,0.0
TA1380,CONTROL_CANDIDATE_POOL,,MANGROVE_EDGE_PROXY,4,20.0,6.67,6.0,20.0,WITHIN_20M,-20.0,0.0,0.0,0.0,LOW,20.0
TA1381,CONTROL_CANDIDATE_POOL,,WATERLINE,4,0.0,0.0,-2.85,28.47,WITHIN_20M,0.0,28.47,0.0,0.0,LOW,0.0
TA1381,CONTROL_CANDIDATE_POOL,,MANGROVE_EDGE_PROXY,4,3.64,1.21,1.09,3.64,WITHIN_20M,-3.64,0.0,0.0,0.0,LOW,3.64
TA1382,CONTROL_CANDIDATE_POOL,,WATERLINE,4,0.0,0.0,0.0,0.0,WITHIN_20M,-0.0,-0.0,-0.0,-0.0,LOW,0.0
TA1382,CONTROL_CANDIDATE_POOL,,MANGROVE_EDGE_PROXY,4,28.52,9.51,5.7,28.52,APPARENT_SEAWARD,-61.7,-33.18,-61.7,-33.18,LOW,0.0
TA1383,CONTROL_CANDIDATE_POOL,,WATERLINE,4,0.0,0.0,0.0,0.0,WITHIN_20M,0.0,0.0,0.0,0.0,LOW,0.0
TA1383,CONTROL_CANDIDATE_POOL,,MANGROVE_EDGE_PROXY,4,20.0,6.67,4.0,20.0,WITHIN_20M,-40.0,-20.0,-40.0,-20.0,LOW,0.0
TA1384,CONTROL_CANDIDATE_POOL,,WATERLINE,4,0.0,0.0,0.0,0.0,WITHIN_20M,0.0,0.0,0.0,0.0,LOW,0.0
TA1384,CONTROL_CANDIDATE_POOL,,MANGROVE_EDGE_PROXY,4,0.0,0.0,-2.0,20.0,WITHIN_20M,-20.0,0.0,-20.0,-20.0,LOW,0.0
TA1385,CONTROL_CANDIDATE_POOL,,WATERLINE,4,0.0,0.0,2.0,20.04,WITHIN_20M,0.0,-20.04,0.0,0.0,LOW,0.0
TA1385,CONTROL_CANDIDATE_POOL,,MANGROVE_EDGE_PROXY,4,0.0,0.0,-3.78,37.8,WITHIN_20M,-37.8,0.0,-37.8,-37.8,LOW,0.0
TA1386,CONTROL_CANDIDATE_POOL,,WATERLINE,4,0.0,0.0,0.0,0.0,WITHIN_20M,-0.0,-0.0,-0.0,-0.0,LOW,0.0
TA1386,CONTROL_CANDIDATE_POOL,,MANGROVE_EDGE_PROXY,4,-28.28,-9.43,-8.48,28.28,APPARENT_LANDWARD,-0.0,-0.0,-0.0,-28.28,LOW,0.0
