transect_id,role,plot_id,indicator,historical_available_years,historical_n_observations,historical_start_year,historical_end_year,historical_nsm_m,historical_epr_m_per_year,historical_lrr_m_per_year,historical_classification,recent_available_years,recent_n_observations,recent_start_year,recent_end_year,recent_nsm_m,recent_epr_m_per_year,recent_lrr_m_per_year,recent_classification,lrr_change_recent_minus_historical_m_per_year,confidence
TA0186,TREATMENT,91-STC,WATERLINE,[2023],1,,,,,,INSUFFICIENT_DATA,"[2023, 2026]",2,2023,2026,0.0,0.0,0.0,WITHIN_20M,,LOW
TA0186,TREATMENT,91-STC,MANGROVE_EDGE_PROXY,"[2017, 2018, 2019, 2020, 2021, 2022, 2023]",7,2017,2023,-1662.89,-277.15,-299.15,APPARENT_LANDWARD,"[2023, 2024, 2025, 2026]",4,2023,2026,1684.2,561.4,673.57,APPARENT_SEAWARD,972.72,LOW
TA0445,TREATMENT,91-STC,WATERLINE,"[2020, 2021, 2023]",3,2020,2023,0.0,0.0,0.0,WITHIN_20M,"[2023, 2024, 2025, 2026]",4,2023,2026,0.0,0.0,0.0,WITHIN_20M,0.0,LOW
TA0445,TREATMENT,91-STC,MANGROVE_EDGE_PROXY,"[2017, 2018, 2019, 2020, 2021, 2022, 2023]",7,2017,2023,-98.0,-16.33,-15.63,APPARENT_LANDWARD,"[2023, 2024, 2025, 2026]",4,2023,2026,-65.32,-21.77,-22.86,APPARENT_LANDWARD,-7.23,LOW
TA0454,TREATMENT,91-STC,WATERLINE,"[2020, 2021, 2023]",3,2020,2023,0.0,0.0,0.0,WITHIN_20M,"[2023, 2024, 2025, 2026]",4,2023,2026,0.0,0.0,0.0,WITHIN_20M,0.0,LOW
TA0454,TREATMENT,91-STC,MANGROVE_EDGE_PROXY,"[2017, 2018, 2019, 2020, 2021, 2022, 2023]",7,2017,2023,41.04,6.84,4.4,APPARENT_SEAWARD,"[2023, 2024, 2025, 2026]",4,2023,2026,0.0,0.0,-0.0,WITHIN_20M,-4.4,LOW
TA0456,TREATMENT,91-STC,WATERLINE,"[2020, 2021, 2023]",3,2020,2023,0.0,0.0,1.57,WITHIN_20M,"[2023, 2024, 2025, 2026]",4,2023,2026,0.0,0.0,2.2,WITHIN_20M,0.63,LOW
TA0456,TREATMENT,91-STC,MANGROVE_EDGE_PROXY,"[2017, 2018, 2019, 2020, 2021, 2022, 2023]",7,2017,2023,-21.99,-3.66,-3.93,APPARENT_LANDWARD,"[2023, 2024, 2025, 2026]",4,2023,2026,0.0,0.0,-0.0,WITHIN_20M,3.93,LOW
TA0460,TREATMENT,91-STC,WATERLINE,"[2020, 2021, 2023]",3,2020,2023,0.0,0.0,0.0,WITHIN_20M,"[2023, 2024, 2025, 2026]",4,2023,2026,0.0,0.0,0.0,WITHIN_20M,0.0,LOW
TA0460,TREATMENT,91-STC,MANGROVE_EDGE_PROXY,"[2017, 2018, 2019, 2020, 2021, 2022, 2023]",7,2017,2023,-13.55,-2.26,-1.45,WITHIN_20M,"[2023, 2024, 2025, 2026]",4,2023,2026,0.0,0.0,-0.0,WITHIN_20M,1.45,LOW
TA0464,TREATMENT,91-STC,WATERLINE,"[2020, 2021, 2023]",3,2020,2023,0.0,0.0,0.0,WITHIN_20M,"[2023, 2024, 2025, 2026]",4,2023,2026,0.0,0.0,0.0,WITHIN_20M,0.0,LOW
TA0464,TREATMENT,91-STC,MANGROVE_EDGE_PROXY,"[2017, 2018, 2019, 2020, 2021, 2022, 2023]",7,2017,2023,40.0,6.67,4.29,APPARENT_SEAWARD,"[2023, 2024, 2025, 2026]",4,2023,2026,0.0,0.0,-0.0,WITHIN_20M,-4.29,LOW
TA0471,TREATMENT,91-STC,WATERLINE,"[2020, 2021, 2023]",3,2020,2023,-20.05,-6.68,-4.48,APPARENT_LANDWARD,"[2023, 2024, 2025, 2026]",4,2023,2026,20.05,6.68,7.76,APPARENT_SEAWARD,12.24,LOW
TA0471,TREATMENT,91-STC,MANGROVE_EDGE_PROXY,"[2017, 2018, 2019, 2020, 2021, 2022, 2023]",7,2017,2023,621.43,103.57,66.58,APPARENT_SEAWARD,"[2023, 2024, 2025, 2026]",4,2023,2026,-621.43,-207.14,-186.43,APPARENT_LANDWARD,-253.01,LOW
TA0473,TREATMENT,91-STC,WATERLINE,"[2021, 2023]",2,2021,2023,-20.0,-10.0,-10.0,WITHIN_20M,"[2023, 2024, 2025, 2026]",4,2023,2026,0.0,0.0,0.0,WITHIN_20M,10.0,LOW
TA0473,TREATMENT,91-STC,MANGROVE_EDGE_PROXY,"[2017, 2018, 2019, 2020, 2021, 2022, 2023]",7,2017,2023,620.0,103.33,67.14,APPARENT_SEAWARD,"[2023, 2024, 2025, 2026]",4,2023,2026,-620.0,-206.67,-186.0,APPARENT_LANDWARD,-253.14,LOW
TA0478,TREATMENT,91-STC,WATERLINE,"[2020, 2021, 2023]",3,2020,2023,-20.0,-6.67,-7.14,WITHIN_20M,"[2023, 2024, 2025, 2026]",4,2023,2026,0.0,0.0,-0.0,WITHIN_20M,7.14,LOW
TA0478,TREATMENT,91-STC,MANGROVE_EDGE_PROXY,"[2017, 2018, 2019, 2020, 2021, 2022, 2023]",7,2017,2023,-220.0,-36.67,-22.14,APPARENT_LANDWARD,"[2023, 2024, 2025, 2026]",4,2023,2026,260.0,86.67,78.0,APPARENT_SEAWARD,100.14,LOW
TA0480,TREATMENT,91-STC,WATERLINE,"[2020, 2021, 2023]",3,2020,2023,0.0,0.0,-1.47,WITHIN_20M,"[2023, 2024, 2025, 2026]",4,2023,2026,0.0,0.0,-2.05,WITHIN_20M,-0.58,LOW
TA0480,TREATMENT,91-STC,MANGROVE_EDGE_PROXY,"[2017, 2018, 2019, 2020, 2021, 2022, 2023]",7,2017,2023,-20.52,-3.42,-2.2,APPARENT_LANDWARD,"[2023, 2024, 2025, 2026]",4,2023,2026,0.0,0.0,-0.0,WITHIN_20M,2.2,LOW
TA0498,TREATMENT,91-STC,WATERLINE,"[2020, 2021, 2023]",3,2020,2023,0.0,0.0,0.0,WITHIN_20M,"[2023, 2024, 2025, 2026]",4,2023,2026,0.0,0.0,-1.06,WITHIN_20M,-1.06,LOW
TA0498,TREATMENT,91-STC,MANGROVE_EDGE_PROXY,"[2017, 2018, 2019, 2020, 2021, 2022, 2023]",7,2017,2023,-547.95,-91.33,-101.89,APPARENT_LANDWARD,"[2023, 2024, 2025, 2026]",4,2023,2026,0.0,0.0,-0.0,WITHIN_20M,101.89,LOW
TA0499,TREATMENT,91-STC,WATERLINE,"[2020, 2021, 2023]",3,2020,2023,0.0,0.0,0.0,WITHIN_20M,"[2023, 2024, 2025, 2026]",4,2023,2026,0.0,0.0,0.0,WITHIN_20M,0.0,LOW
TA0499,TREATMENT,91-STC,MANGROVE_EDGE_PROXY,"[2017, 2018, 2019, 2020, 2021, 2022, 2023]",7,2017,2023,-477.24,-79.54,-89.26,APPARENT_LANDWARD,"[2023, 2024, 2025, 2026]",4,2023,2026,0.0,0.0,-0.0,WITHIN_20M,89.26,LOW
TA0500,TREATMENT,91-STC,WATERLINE,"[2020, 2021, 2023]",3,2020,2023,0.0,0.0,0.0,WITHIN_20M,"[2023, 2024, 2025, 2026]",4,2023,2026,0.0,0.0,0.0,WITHIN_20M,0.0,LOW
TA0500,TREATMENT,91-STC,MANGROVE_EDGE_PROXY,"[2017, 2018, 2019, 2020, 2021, 2022, 2023]",7,2017,2023,-452.55,-75.42,-83.59,APPARENT_LANDWARD,"[2023, 2024, 2025, 2026]",4,2023,2026,0.0,0.0,-0.0,WITHIN_20M,83.59,LOW
TA0501,TREATMENT,91-STC,WATERLINE,"[2020, 2021, 2023]",3,2020,2023,3.6,1.2,1.03,WITHIN_20M,"[2023, 2024, 2025, 2026]",4,2023,2026,0.0,0.0,0.0,WITHIN_20M,-1.03,LOW
TA0501,TREATMENT,91-STC,MANGROVE_EDGE_PROXY,"[2017, 2018, 2019, 2020, 2021, 2022, 2023]",7,2017,2023,-169.71,-28.29,-30.31,APPARENT_LANDWARD,"[2023, 2024, 2025, 2026]",4,2023,2026,169.71,56.57,50.91,APPARENT_SEAWARD,81.22,LOW
TA0502,TREATMENT,91-STC,WATERLINE,"[2020, 2021, 2023]",3,2020,2023,10.54,3.51,3.01,WITHIN_20M,"[2023, 2024, 2025, 2026]",4,2023,2026,17.74,5.91,5.32,WITHIN_20M,2.31,LOW
TA0502,TREATMENT,91-STC,MANGROVE_EDGE_PROXY,"[2017, 2018, 2019, 2020, 2021, 2022, 2023]",7,2017,2023,-169.7,-28.28,-30.3,APPARENT_LANDWARD,"[2023, 2024, 2025, 2026]",4,2023,2026,169.7,56.57,49.14,APPARENT_SEAWARD,79.44,LOW
TA0503,TREATMENT,91-STC,WATERLINE,"[2020, 2021, 2023]",3,2020,2023,0.0,0.0,-2.02,WITHIN_20M,"[2023, 2024, 2025, 2026]",4,2023,2026,31.88,10.63,9.92,APPARENT_SEAWARD,11.94,LOW
TA0503,TREATMENT,91-STC,MANGROVE_EDGE_PROXY,"[2017, 2018, 2019, 2020, 2021, 2022, 2023]",7,2017,2023,-84.86,-14.14,-16.29,APPARENT_LANDWARD,"[2023, 2024, 2025, 2026]",4,2023,2026,84.86,28.29,25.46,APPARENT_SEAWARD,41.75,LOW
TA0504,TREATMENT,91-STC,WATERLINE,"[2020, 2021, 2023]",3,2020,2023,0.0,0.0,-1.43,WITHIN_20M,"[2023, 2024, 2025, 2026]",4,2023,2026,40.0,13.33,14.0,APPARENT_SEAWARD,15.43,LOW
TA0504,TREATMENT,91-STC,MANGROVE_EDGE_PROXY,"[2017, 2018, 2019, 2020, 2021, 2022, 2023]",7,2017,2023,120.0,20.0,17.86,APPARENT_SEAWARD,"[2023, 2024, 2025, 2026]",4,2023,2026,40.0,13.33,14.0,APPARENT_SEAWARD,-3.86,LOW
TA0505,TREATMENT,91-STC,WATERLINE,"[2020, 2021, 2023]",3,2020,2023,0.0,0.0,-1.81,WITHIN_20M,"[2023, 2024, 2025, 2026]",4,2023,2026,75.89,25.3,25.3,APPARENT_SEAWARD,27.11,LOW
TA0505,TREATMENT,91-STC,MANGROVE_EDGE_PROXY,"[2017, 2018, 2019, 2020, 2021, 2022, 2023]",7,2017,2023,489.97,81.66,59.5,APPARENT_SEAWARD,"[2023, 2024, 2025, 2026]",4,2023,2026,0.0,0.0,-0.0,WITHIN_20M,-59.5,LOW
TA0506,TREATMENT,91-STC,WATERLINE,"[2020, 2021, 2023]",3,2020,2023,0.0,0.0,-1.43,WITHIN_20M,"[2023, 2024, 2025, 2026]",4,2023,2026,60.0,20.0,20.0,APPARENT_SEAWARD,21.43,LOW
TA0506,TREATMENT,91-STC,MANGROVE_EDGE_PROXY,"[2017, 2018, 2019, 2020, 2021, 2022, 2023]",7,2017,2023,80.0,13.33,15.71,APPARENT_SEAWARD,"[2023, 2024, 2025, 2026]",4,2023,2026,60.0,20.0,20.0,APPARENT_SEAWARD,4.29,LOW
TA0507,TREATMENT,91-STC,WATERLINE,"[2020, 2021, 2023]",3,2020,2023,0.0,0.0,0.0,WITHIN_20M,"[2023, 2024, 2025, 2026]",4,2023,2026,60.0,20.0,20.0,APPARENT_SEAWARD,20.0,LOW
TA0507,TREATMENT,91-STC,MANGROVE_EDGE_PROXY,"[2017, 2018, 2019, 2020, 2021, 2022, 2023]",7,2017,2023,60.0,10.0,7.86,APPARENT_SEAWARD,"[2023, 2024, 2025, 2026]",4,2023,2026,60.0,20.0,20.0,APPARENT_SEAWARD,12.14,LOW
TA0508,TREATMENT,91-STC,WATERLINE,"[2020, 2021, 2023]",3,2020,2023,28.28,9.43,8.08,APPARENT_SEAWARD,"[2023, 2024, 2025, 2026]",4,2023,2026,74.31,24.77,23.35,APPARENT_SEAWARD,15.27,LOW
TA0508,TREATMENT,91-STC,MANGROVE_EDGE_PROXY,"[2017, 2018, 2019, 2020, 2021, 2022, 2023]",7,2017,2023,463.1,77.18,47.6,APPARENT_SEAWARD,"[2023, 2024, 2025, 2026]",4,2023,2026,0.0,0.0,-0.0,WITHIN_20M,-47.6,LOW
TA0509,TREATMENT,91-STC,WATERLINE,"[2020, 2021, 2023]",3,2020,2023,20.04,6.68,5.73,APPARENT_SEAWARD,"[2023, 2024, 2025, 2026]",4,2023,2026,60.14,20.05,18.04,APPARENT_SEAWARD,12.31,LOW
TA0509,TREATMENT,91-STC,MANGROVE_EDGE_PROXY,"[2017, 2018, 2019, 2020, 2021, 2022, 2023]",7,2017,2023,100.23,16.71,15.75,APPARENT_SEAWARD,"[2023, 2024, 2025, 2026]",4,2023,2026,60.14,20.05,20.05,APPARENT_SEAWARD,4.3,LOW
TA0510,TREATMENT,91-STC,WATERLINE,"[2020, 2021, 2023]",3,2020,2023,20.52,6.84,5.86,APPARENT_SEAWARD,"[2023, 2024, 2025, 2026]",4,2023,2026,41.04,13.68,12.31,APPARENT_SEAWARD,6.45,LOW
TA0510,TREATMENT,91-STC,MANGROVE_EDGE_PROXY,"[2017, 2018, 2019, 2020, 2021, 2022, 2023]",7,2017,2023,104.65,17.44,16.34,APPARENT_SEAWARD,"[2023, 2024, 2025, 2026]",4,2023,2026,41.04,13.68,14.36,APPARENT_SEAWARD,-1.98,LOW
TA0511,TREATMENT,91-STC,WATERLINE,"[2020, 2021, 2023]",3,2020,2023,40.0,13.33,11.43,APPARENT_SEAWARD,"[2023, 2024, 2025, 2026]",4,2023,2026,40.0,13.33,10.0,APPARENT_SEAWARD,-1.43,LOW
TA0511,TREATMENT,91-STC,MANGROVE_EDGE_PROXY,"[2017, 2018, 2019, 2020, 2021, 2022, 2023]",7,2017,2023,120.0,20.0,20.0,APPARENT_SEAWARD,"[2023, 2024, 2025, 2026]",4,2023,2026,40.0,13.33,14.0,APPARENT_SEAWARD,-6.0,LOW
TA0512,TREATMENT,91-STC,WATERLINE,"[2020, 2021, 2023]",3,2020,2023,46.02,15.34,13.15,APPARENT_SEAWARD,"[2023, 2024, 2025, 2026]",4,2023,2026,38.83,12.94,11.65,APPARENT_SEAWARD,-1.5,LOW
TA0512,TREATMENT,91-STC,MANGROVE_EDGE_PROXY,"[2017, 2018, 2019, 2020, 2021, 2022, 2023]",7,2017,2023,141.42,23.57,22.22,APPARENT_SEAWARD,"[2023, 2024, 2025, 2026]",4,2023,2026,38.83,12.94,11.65,APPARENT_SEAWARD,-10.57,LOW
TA0513,TREATMENT,91-STC,WATERLINE,"[2020, 2021, 2023]",3,2020,2023,31.88,10.63,9.11,APPARENT_SEAWARD,"[2023, 2024, 2025, 2026]",4,2023,2026,52.97,17.66,15.89,APPARENT_SEAWARD,6.78,LOW
TA0513,TREATMENT,91-STC,MANGROVE_EDGE_PROXY,"[2017, 2018, 2019, 2020, 2021, 2022, 2023]",7,2017,2023,145.02,24.17,22.61,APPARENT_SEAWARD,"[2023, 2024, 2025, 2026]",4,2023,2026,52.97,17.66,15.89,APPARENT_SEAWARD,-6.72,LOW
TA0514,TREATMENT,91-STC,WATERLINE,"[2020, 2021, 2023]",3,2020,2023,56.56,18.85,17.43,APPARENT_SEAWARD,"[2023, 2024, 2025, 2026]",4,2023,2026,10.55,3.52,3.17,WITHIN_20M,-14.26,LOW
TA0514,TREATMENT,91-STC,MANGROVE_EDGE_PROXY,"[2017, 2018, 2019, 2020, 2021, 2022, 2023]",7,2017,2023,151.97,25.33,21.45,APPARENT_SEAWARD,"[2023, 2024, 2025, 2026]",4,2023,2026,28.28,9.43,8.48,APPARENT_SEAWARD,-12.97,LOW
TA0515,TREATMENT,91-STC,WATERLINE,"[2020, 2021, 2023]",3,2020,2023,24.68,8.23,7.05,APPARENT_SEAWARD,"[2023, 2024, 2025, 2026]",4,2023,2026,3.6,1.2,1.08,WITHIN_20M,-5.97,LOW
TA0515,TREATMENT,91-STC,MANGROVE_EDGE_PROXY,"[2017, 2018, 2019, 2020, 2021, 2022, 2023]",7,2017,2023,56.57,9.43,10.73,APPARENT_SEAWARD,"[2023, 2024, 2025, 2026]",4,2023,2026,28.28,9.43,8.84,APPARENT_SEAWARD,-1.89,LOW
TA0516,TREATMENT,91-STC,WATERLINE,"[2020, 2021, 2023]",3,2020,2023,20.52,6.84,5.86,APPARENT_SEAWARD,"[2023, 2024, 2025, 2026]",4,2023,2026,0.0,0.0,0.0,WITHIN_20M,-5.86,LOW
TA0516,TREATMENT,91-STC,MANGROVE_EDGE_PROXY,"[2017, 2018, 2019, 2020, 2021, 2022, 2023]",7,2017,2023,41.04,6.84,5.86,APPARENT_SEAWARD,"[2023, 2024, 2025, 2026]",4,2023,2026,20.52,6.84,6.16,APPARENT_SEAWARD,0.3,LOW
TA0517,TREATMENT,91-STC,WATERLINE,"[2020, 2021, 2023]",3,2020,2023,28.28,9.43,8.34,APPARENT_SEAWARD,"[2023, 2024, 2025, 2026]",4,2023,2026,24.69,8.23,4.94,APPARENT_SEAWARD,-3.4,LOW
TA0517,TREATMENT,91-STC,MANGROVE_EDGE_PROXY,"[2017, 2018, 2019, 2020, 2021, 2022, 2023]",7,2017,2023,56.57,9.43,8.21,APPARENT_SEAWARD,"[2023, 2024, 2025, 2026]",4,2023,2026,28.28,9.43,8.48,APPARENT_SEAWARD,0.27,LOW
TA0518,TREATMENT,91-STC,WATERLINE,"[2020, 2021, 2023]",3,2020,2023,20.52,6.84,6.78,APPARENT_SEAWARD,"[2023, 2024, 2025, 2026]",4,2023,2026,20.52,6.84,6.16,APPARENT_SEAWARD,-0.62,LOW
TA0518,TREATMENT,91-STC,MANGROVE_EDGE_PROXY,"[2017, 2018, 2019, 2020, 2021, 2022, 2023]",7,2017,2023,69.2,11.53,10.16,APPARENT_SEAWARD,"[2023, 2024, 2025, 2026]",4,2023,2026,33.39,11.13,12.07,APPARENT_SEAWARD,1.91,LOW
TA0519,TREATMENT,91-STC,WATERLINE,"[2020, 2021, 2023]",3,2020,2023,17.49,5.83,5.0,WITHIN_20M,"[2023, 2024, 2025, 2026]",4,2023,2026,20.05,6.68,4.01,APPARENT_SEAWARD,-0.99,LOW
TA0519,TREATMENT,91-STC,MANGROVE_EDGE_PROXY,"[2017, 2018, 2019, 2020, 2021, 2022, 2023]",7,2017,2023,22.6,3.77,3.67,APPARENT_SEAWARD,"[2023, 2024, 2025, 2026]",4,2023,2026,37.54,12.51,11.26,APPARENT_SEAWARD,7.59,LOW
TA0520,TREATMENT,91-STC,WATERLINE,"[2020, 2021, 2023]",3,2020,2023,10.54,3.51,3.01,WITHIN_20M,"[2023, 2024, 2025, 2026]",4,2023,2026,17.74,5.91,5.32,WITHIN_20M,2.31,LOW
TA0520,TREATMENT,91-STC,MANGROVE_EDGE_PROXY,"[2017, 2018, 2019, 2020, 2021, 2022, 2023]",7,2017,2023,28.29,4.71,3.78,APPARENT_SEAWARD,"[2023, 2024, 2025, 2026]",4,2023,2026,28.28,9.43,8.48,APPARENT_SEAWARD,4.7,LOW
TA0521,TREATMENT,91-STC,WATERLINE,"[2020, 2021, 2023]",3,2020,2023,17.49,5.83,5.0,WITHIN_20M,"[2023, 2024, 2025, 2026]",4,2023,2026,20.05,6.68,4.01,APPARENT_SEAWARD,-0.99,LOW
TA0521,TREATMENT,91-STC,MANGROVE_EDGE_PROXY,"[2017, 2018, 2019, 2020, 2021, 2022, 2023]",7,2017,2023,22.6,3.77,4.48,APPARENT_SEAWARD,"[2023, 2024, 2025, 2026]",4,2023,2026,37.54,12.51,11.26,APPARENT_SEAWARD,6.78,LOW
TA0522,TREATMENT,91-STC,WATERLINE,"[2020, 2021, 2023]",3,2020,2023,17.95,5.98,5.13,WITHIN_20M,"[2023, 2024, 2025, 2026]",4,2023,2026,0.0,0.0,0.0,WITHIN_20M,-5.13,LOW
TA0522,TREATMENT,91-STC,MANGROVE_EDGE_PROXY,"[2017, 2018, 2019, 2020, 2021, 2022, 2023]",7,2017,2023,26.03,4.34,4.71,APPARENT_SEAWARD,"[2023, 2024, 2025, 2026]",4,2023,2026,17.95,5.98,5.39,WITHIN_20M,0.68,LOW
TA0523,TREATMENT,91-STC,WATERLINE,"[2020, 2021, 2023]",3,2020,2023,0.0,0.0,-1.76,WITHIN_20M,"[2023, 2024, 2025, 2026]",4,2023,2026,24.69,8.23,4.94,APPARENT_SEAWARD,6.7,LOW
TA0523,TREATMENT,91-STC,MANGROVE_EDGE_PROXY,"[2017, 2018, 2019, 2020, 2021, 2022, 2023]",7,2017,2023,28.28,4.71,3.29,APPARENT_SEAWARD,"[2023, 2024, 2025, 2026]",4,2023,2026,24.69,8.23,7.41,APPARENT_SEAWARD,4.12,LOW
TA0524,TREATMENT,91-STC,WATERLINE,"[2020, 2021, 2023]",3,2020,2023,0.0,0.0,-0.75,WITHIN_20M,"[2023, 2024, 2025, 2026]",4,2023,2026,10.55,3.52,3.17,WITHIN_20M,3.92,LOW
TA0524,TREATMENT,91-STC,MANGROVE_EDGE_PROXY,"[2017, 2018, 2019, 2020, 2021, 2022, 2023]",7,2017,2023,28.28,4.71,3.03,APPARENT_SEAWARD,"[2023, 2024, 2025, 2026]",4,2023,2026,10.55,3.52,4.22,WITHIN_20M,1.19,LOW
TA0525,TREATMENT,91-STC,WATERLINE,"[2020, 2021, 2023]",3,2020,2023,0.0,0.0,0.0,WITHIN_20M,"[2023, 2024, 2025, 2026]",4,2023,2026,4.15,1.38,1.25,WITHIN_20M,1.25,LOW
TA0525,TREATMENT,91-STC,MANGROVE_EDGE_PROXY,"[2017, 2018, 2019, 2020, 2021, 2022, 2023]",7,2017,2023,21.15,3.52,2.27,APPARENT_SEAWARD,"[2023, 2024, 2025, 2026]",4,2023,2026,4.15,1.38,1.25,WITHIN_20M,-1.02,LOW
TA0526,TREATMENT,91-STC,WATERLINE,"[2020, 2021, 2023]",3,2020,2023,7.65,2.55,2.19,WITHIN_20M,"[2023, 2024, 2025, 2026]",4,2023,2026,33.39,11.13,10.02,APPARENT_SEAWARD,7.83,LOW
TA0526,TREATMENT,91-STC,MANGROVE_EDGE_PROXY,"[2017, 2018, 2019, 2020, 2021, 2022, 2023]",7,2017,2023,0.0,0.0,-0.0,WITHIN_20M,"[2023, 2024, 2025, 2026]",4,2023,2026,41.04,13.68,12.31,APPARENT_SEAWARD,12.31,LOW
TA0527,TREATMENT,91-STC,WATERLINE,"[2020, 2021, 2023]",3,2020,2023,3.21,1.07,-0.89,WITHIN_20M,"[2023, 2024, 2025, 2026]",4,2023,2026,25.3,8.43,7.59,APPARENT_SEAWARD,8.48,LOW
TA0527,TREATMENT,91-STC,MANGROVE_EDGE_PROXY,"[2017, 2018, 2019, 2020, 2021, 2022, 2023]",7,2017,2023,0.0,0.0,0.23,WITHIN_20M,"[2023, 2024, 2025, 2026]",4,2023,2026,28.51,9.5,8.55,APPARENT_SEAWARD,8.32,LOW
TA0528,TREATMENT,91-STC,WATERLINE,"[2020, 2021, 2023]",3,2020,2023,0.0,0.0,-0.75,WITHIN_20M,"[2023, 2024, 2025, 2026]",4,2023,2026,0.0,0.0,-1.06,WITHIN_20M,-0.31,LOW
TA0528,TREATMENT,91-STC,MANGROVE_EDGE_PROXY,"[2017, 2018, 2019, 2020, 2021, 2022, 2023]",7,2017,2023,28.28,4.71,2.65,APPARENT_SEAWARD,"[2023, 2024, 2025, 2026]",4,2023,2026,0.0,0.0,0.0,WITHIN_20M,-2.65,LOW
TA0529,TREATMENT,91-STC,WATERLINE,"[2020, 2021, 2023]",3,2020,2023,0.0,0.0,-0.0,WITHIN_20M,"[2023, 2024, 2025, 2026]",4,2023,2026,3.6,1.2,-1.39,WITHIN_20M,-1.39,LOW
TA0529,TREATMENT,91-STC,MANGROVE_EDGE_PROXY,"[2017, 2018, 2019, 2020, 2021, 2022, 2023]",7,2017,2023,24.68,4.11,2.64,APPARENT_SEAWARD,"[2023, 2024, 2025, 2026]",4,2023,2026,3.6,1.2,1.44,WITHIN_20M,-1.2,LOW
TA0530,TREATMENT,91-STC,WATERLINE,"[2020, 2021, 2023]",3,2020,2023,10.54,3.51,3.01,WITHIN_20M,"[2023, 2024, 2025, 2026]",4,2023,2026,17.74,5.91,5.32,WITHIN_20M,2.31,LOW
TA0530,TREATMENT,91-STC,MANGROVE_EDGE_PROXY,"[2017, 2018, 2019, 2020, 2021, 2022, 2023]",7,2017,2023,17.74,2.96,2.65,WITHIN_20M,"[2023, 2024, 2025, 2026]",4,2023,2026,28.28,9.43,10.26,APPARENT_SEAWARD,7.61,LOW
TA0531,TREATMENT,91-STC,WATERLINE,"[2020, 2021, 2023]",3,2020,2023,3.59,1.2,1.03,WITHIN_20M,"[2023, 2024, 2025, 2026]",4,2023,2026,24.69,8.23,4.94,APPARENT_SEAWARD,3.91,LOW
TA0531,TREATMENT,91-STC,MANGROVE_EDGE_PROXY,"[2017, 2018, 2019, 2020, 2021, 2022, 2023]",7,2017,2023,24.69,4.11,2.9,APPARENT_SEAWARD,"[2023, 2024, 2025, 2026]",4,2023,2026,28.28,9.43,8.48,APPARENT_SEAWARD,5.58,LOW
TA0532,TREATMENT,91-STC,WATERLINE,"[2020, 2021, 2023]",3,2020,2023,12.87,4.29,3.68,WITHIN_20M,"[2023, 2024, 2025, 2026]",4,2023,2026,20.52,6.84,6.16,APPARENT_SEAWARD,2.48,LOW
TA0532,TREATMENT,91-STC,MANGROVE_EDGE_PROXY,"[2017, 2018, 2019, 2020, 2021, 2022, 2023]",7,2017,2023,7.65,1.27,1.74,WITHIN_20M,"[2023, 2024, 2025, 2026]",4,2023,2026,33.39,11.13,12.07,APPARENT_SEAWARD,10.33,LOW
TA0533,TREATMENT,91-STC,WATERLINE,"[2020, 2021, 2023]",3,2020,2023,0.0,0.0,-0.26,WITHIN_20M,"[2023, 2024, 2025, 2026]",4,2023,2026,3.6,1.2,-1.39,WITHIN_20M,-1.13,LOW
TA0533,TREATMENT,91-STC,MANGROVE_EDGE_PROXY,"[2017, 2018, 2019, 2020, 2021, 2022, 2023]",7,2017,2023,3.6,0.6,0.39,WITHIN_20M,"[2023, 2024, 2025, 2026]",4,2023,2026,28.28,9.43,8.48,APPARENT_SEAWARD,8.09,LOW
TA0534,TREATMENT,91-STC,WATERLINE,"[2020, 2021, 2023]",3,2020,2023,0.0,0.0,-1.27,WITHIN_20M,"[2023, 2024, 2025, 2026]",4,2023,2026,17.74,5.91,5.32,WITHIN_20M,6.59,LOW
TA0534,TREATMENT,91-STC,MANGROVE_EDGE_PROXY,"[2017, 2018, 2019, 2020, 2021, 2022, 2023]",7,2017,2023,28.28,4.71,3.03,APPARENT_SEAWARD,"[2023, 2024, 2025, 2026]",4,2023,2026,17.74,5.91,5.32,WITHIN_20M,2.29,LOW
TA0535,TREATMENT,91-STC,WATERLINE,"[2020, 2021, 2023]",3,2020,2023,0.0,0.0,0.0,WITHIN_20M,"[2023, 2024, 2025, 2026]",4,2023,2026,0.0,0.0,-2.01,WITHIN_20M,-2.01,LOW
TA0535,TREATMENT,91-STC,MANGROVE_EDGE_PROXY,"[2017, 2018, 2019, 2020, 2021, 2022, 2023]",7,2017,2023,0.0,0.0,1.43,WITHIN_20M,"[2023, 2024, 2025, 2026]",4,2023,2026,20.05,6.68,6.02,APPARENT_SEAWARD,4.59,LOW
TA0536,TREATMENT,91-STC,WATERLINE,"[2020, 2021, 2023]",3,2020,2023,0.0,0.0,-0.0,WITHIN_20M,"[2023, 2024, 2025, 2026]",4,2023,2026,20.52,6.84,6.16,APPARENT_SEAWARD,6.16,LOW
TA0536,TREATMENT,91-STC,MANGROVE_EDGE_PROXY,"[2017, 2018, 2019, 2020, 2021, 2022, 2023]",7,2017,2023,0.0,0.0,-0.0,WITHIN_20M,"[2023, 2024, 2025, 2026]",4,2023,2026,12.87,4.29,3.86,WITHIN_20M,3.86,LOW
TA0537,TREATMENT,91-STC,WATERLINE,"[2020, 2021, 2023]",3,2020,2023,0.0,0.0,0.0,WITHIN_20M,"[2023, 2024, 2025, 2026]",4,2023,2026,0.0,0.0,-2.47,WITHIN_20M,-2.47,LOW
TA0537,TREATMENT,91-STC,MANGROVE_EDGE_PROXY,"[2017, 2018, 2019, 2020, 2021, 2022, 2023]",7,2017,2023,0.0,0.0,-0.0,WITHIN_20M,"[2023, 2024, 2025, 2026]",4,2023,2026,3.6,1.2,1.08,WITHIN_20M,1.08,LOW
TA0538,TREATMENT,91-STC,WATERLINE,"[2020, 2021, 2023]",3,2020,2023,0.0,0.0,-1.27,WITHIN_20M,"[2023, 2024, 2025, 2026]",4,2023,2026,17.74,5.91,5.32,WITHIN_20M,6.59,LOW
TA0538,TREATMENT,91-STC,MANGROVE_EDGE_PROXY,"[2017, 2018, 2019, 2020, 2021, 2022, 2023]",7,2017,2023,28.28,4.71,3.03,APPARENT_SEAWARD,"[2023, 2024, 2025, 2026]",4,2023,2026,17.74,5.91,7.1,WITHIN_20M,4.07,LOW
TA0539,TREATMENT,91-STC,WATERLINE,"[2020, 2021, 2023]",3,2020,2023,0.0,0.0,0.0,WITHIN_20M,"[2023, 2024, 2025, 2026]",4,2023,2026,0.0,0.0,0.0,WITHIN_20M,0.0,LOW
TA0539,TREATMENT,91-STC,MANGROVE_EDGE_PROXY,"[2017, 2018, 2019, 2020, 2021, 2022, 2023]",7,2017,2023,3.21,0.54,-1.46,WITHIN_20M,"[2023, 2024, 2025, 2026]",4,2023,2026,25.3,8.43,7.59,APPARENT_SEAWARD,9.05,LOW
TA0540,TREATMENT,91-STC,WATERLINE,"[2020, 2021, 2023]",3,2020,2023,0.0,0.0,-2.02,WITHIN_20M,"[2023, 2024, 2025, 2026]",4,2023,2026,17.74,5.91,5.32,WITHIN_20M,7.34,LOW
TA0540,TREATMENT,91-STC,MANGROVE_EDGE_PROXY,"[2017, 2018, 2019, 2020, 2021, 2022, 2023]",7,2017,2023,0.0,0.0,-2.02,WITHIN_20M,"[2023, 2024, 2025, 2026]",4,2023,2026,17.74,5.91,7.1,WITHIN_20M,9.12,LOW
TA0541,TREATMENT,91-STC,WATERLINE,"[2020, 2021, 2023]",3,2020,2023,0.0,0.0,0.0,WITHIN_20M,"[2023, 2024, 2025, 2026]",4,2023,2026,0.0,0.0,0.0,WITHIN_20M,0.0,LOW
TA0541,TREATMENT,91-STC,MANGROVE_EDGE_PROXY,"[2017, 2018, 2019, 2020, 2021, 2022, 2023]",7,2017,2023,0.0,0.0,-0.0,WITHIN_20M,"[2023, 2024, 2025, 2026]",4,2023,2026,20.0,6.67,6.0,WITHIN_20M,6.0,LOW
TA0542,TREATMENT,91-STC,WATERLINE,"[2020, 2021, 2023]",3,2020,2023,0.0,0.0,0.0,WITHIN_20M,"[2023, 2024, 2025, 2026]",4,2023,2026,0.0,0.0,0.0,WITHIN_20M,0.0,LOW
TA0542,TREATMENT,91-STC,MANGROVE_EDGE_PROXY,"[2017, 2018, 2019, 2020, 2021, 2022, 2023]",7,2017,2023,-20.0,-3.33,-2.14,WITHIN_20M,"[2023, 2024, 2025, 2026]",4,2023,2026,20.0,6.67,6.0,WITHIN_20M,8.14,LOW
TA0543,TREATMENT,91-STC,WATERLINE,"[2020, 2021, 2023]",3,2020,2023,0.0,0.0,0.0,WITHIN_20M,"[2023, 2024, 2025, 2026]",4,2023,2026,0.0,0.0,-2.53,WITHIN_20M,-2.53,LOW
TA0543,TREATMENT,91-STC,MANGROVE_EDGE_PROXY,"[2017, 2018, 2019, 2020, 2021, 2022, 2023]",7,2017,2023,-25.3,-4.22,-2.71,APPARENT_LANDWARD,"[2023, 2024, 2025, 2026]",4,2023,2026,0.0,0.0,0.0,WITHIN_20M,2.71,LOW
TA0544,TREATMENT,91-STC,WATERLINE,"[2020, 2021, 2023]",3,2020,2023,0.0,0.0,0.0,WITHIN_20M,"[2023, 2024, 2025, 2026]",4,2023,2026,0.0,0.0,-2.2,WITHIN_20M,-2.2,LOW
TA0544,TREATMENT,91-STC,MANGROVE_EDGE_PROXY,"[2017, 2018, 2019, 2020, 2021, 2022, 2023]",7,2017,2023,-21.99,-3.67,-7.07,APPARENT_LANDWARD,"[2023, 2024, 2025, 2026]",4,2023,2026,65.96,21.99,19.79,APPARENT_SEAWARD,26.86,LOW
TA0545,TREATMENT,91-STC,WATERLINE,"[2020, 2021, 2023]",3,2020,2023,24.69,8.23,8.82,APPARENT_SEAWARD,"[2023, 2024, 2025, 2026]",4,2023,2026,0.0,0.0,2.47,WITHIN_20M,-6.35,LOW
TA0545,TREATMENT,91-STC,MANGROVE_EDGE_PROXY,"[2017, 2018, 2019, 2020, 2021, 2022, 2023]",7,2017,2023,0.0,0.0,1.76,WITHIN_20M,"[2023, 2024, 2025, 2026]",4,2023,2026,0.0,0.0,-0.0,WITHIN_20M,-1.76,LOW
TA0546,TREATMENT,91-STC,WATERLINE,"[2020, 2021, 2023]",3,2020,2023,20.52,6.84,7.33,APPARENT_SEAWARD,"[2023, 2024, 2025, 2026]",4,2023,2026,0.0,0.0,2.05,WITHIN_20M,-5.28,LOW
TA0546,TREATMENT,91-STC,MANGROVE_EDGE_PROXY,"[2017, 2018, 2019, 2020, 2021, 2022, 2023]",7,2017,2023,-574.52,-95.75,-63.02,APPARENT_LANDWARD,"[2023, 2024, 2025, 2026]",4,2023,2026,348.81,116.27,102.59,APPARENT_SEAWARD,165.61,LOW
TA0547,TREATMENT,91-STC,WATERLINE,"[2020, 2021, 2023]",3,2020,2023,0.0,0.0,-0.26,WITHIN_20M,"[2023, 2024, 2025, 2026]",4,2023,2026,0.0,0.0,0.36,WITHIN_20M,0.62,LOW
TA0547,TREATMENT,91-STC,MANGROVE_EDGE_PROXY,"[2017, 2018, 2019, 2020, 2021, 2022, 2023]",7,2017,2023,710.7,118.45,76.15,APPARENT_SEAWARD,"[2023, 2024, 2025, 2026]",4,2023,2026,-738.99,-246.33,-221.7,APPARENT_LANDWARD,-297.85,LOW
TA0548,TREATMENT,91-STC,WATERLINE,"[2020, 2021, 2023]",3,2020,2023,0.0,0.0,-2.86,WITHIN_20M,"[2023, 2024, 2025, 2026]",4,2023,2026,20.0,6.67,4.0,WITHIN_20M,6.86,LOW
TA0548,TREATMENT,91-STC,MANGROVE_EDGE_PROXY,"[2017, 2018, 2019, 2020, 2021, 2022, 2023]",7,2017,2023,-20.0,-3.33,-1.43,WITHIN_20M,"[2023, 2024, 2025, 2026]",4,2023,2026,20.0,6.67,6.0,WITHIN_20M,7.43,LOW
TA0549,TREATMENT,91-STC,WATERLINE,"[2020, 2021, 2023]",3,2020,2023,0.0,0.0,2.86,WITHIN_20M,"[2023, 2024, 2025, 2026]",4,2023,2026,-20.0,-6.67,-4.0,WITHIN_20M,-6.86,LOW
TA0549,TREATMENT,91-STC,MANGROVE_EDGE_PROXY,"[2017, 2018, 2019, 2020, 2021, 2022, 2023]",7,2017,2023,-600.0,-100.0,-130.0,APPARENT_LANDWARD,"[2023, 2024, 2025, 2026]",4,2023,2026,0.0,0.0,-0.0,WITHIN_20M,130.0,LOW
TA0550,TREATMENT,91-STC,WATERLINE,"[2020, 2021, 2023]",3,2020,2023,0.0,0.0,-2.02,WITHIN_20M,"[2023, 2024, 2025, 2026]",4,2023,2026,17.74,5.91,3.55,WITHIN_20M,5.57,LOW
TA0550,TREATMENT,91-STC,MANGROVE_EDGE_PROXY,"[2017, 2018, 2019, 2020, 2021, 2022, 2023]",7,2017,2023,123.69,20.62,24.36,APPARENT_SEAWARD,"[2023, 2024, 2025, 2026]",4,2023,2026,28.28,9.43,8.48,APPARENT_SEAWARD,-15.88,LOW
TA0551,TREATMENT,92-STC,WATERLINE,"[2020, 2021, 2023]",3,2020,2023,0.0,0.0,-1.43,WITHIN_20M,"[2023, 2024, 2025, 2026]",4,2023,2026,20.0,6.67,4.0,WITHIN_20M,5.43,LOW
TA0551,TREATMENT,92-STC,MANGROVE_EDGE_PROXY,"[2017, 2018, 2019, 2020, 2021, 2022, 2023]",7,2017,2023,0.0,0.0,-0.0,WITHIN_20M,"[2023, 2024, 2025, 2026]",4,2023,2026,20.0,6.67,6.0,WITHIN_20M,6.0,LOW
TA0552,TREATMENT,92-STC,WATERLINE,"[2020, 2021, 2023]",3,2020,2023,0.0,0.0,-1.43,WITHIN_20M,"[2023, 2024, 2025, 2026]",4,2023,2026,20.0,6.67,4.0,WITHIN_20M,5.43,LOW
TA0552,TREATMENT,92-STC,MANGROVE_EDGE_PROXY,"[2017, 2018, 2019, 2020, 2021, 2022, 2023]",7,2017,2023,0.0,0.0,-0.0,WITHIN_20M,"[2023, 2024, 2025, 2026]",4,2023,2026,0.0,0.0,0.0,WITHIN_20M,0.0,LOW
TA0553,TREATMENT,92-STC,WATERLINE,"[2020, 2021, 2023]",3,2020,2023,-20.0,-6.67,-7.14,WITHIN_20M,"[2023, 2024, 2025, 2026]",4,2023,2026,20.0,6.67,4.0,WITHIN_20M,11.14,LOW
TA0553,TREATMENT,92-STC,MANGROVE_EDGE_PROXY,"[2017, 2018, 2019, 2020, 2021, 2022, 2023]",7,2017,2023,0.0,0.0,-1.43,WITHIN_20M,"[2023, 2024, 2025, 2026]",4,2023,2026,0.0,0.0,0.0,WITHIN_20M,1.43,LOW
TA0554,TREATMENT,92-STC,WATERLINE,"[2020, 2021, 2023]",3,2020,2023,0.0,0.0,-2.02,WITHIN_20M,"[2023, 2024, 2025, 2026]",4,2023,2026,10.55,3.52,0.34,WITHIN_20M,2.36,LOW
TA0554,TREATMENT,92-STC,MANGROVE_EDGE_PROXY,"[2017, 2018, 2019, 2020, 2021, 2022, 2023]",7,2017,2023,0.0,0.0,-0.75,WITHIN_20M,"[2023, 2024, 2025, 2026]",4,2023,2026,0.0,0.0,0.0,WITHIN_20M,0.75,LOW
TA0555,TREATMENT,92-STC,WATERLINE,"[2020, 2021, 2023]",3,2020,2023,0.0,0.0,0.0,WITHIN_20M,"[2023, 2024, 2025, 2026]",4,2023,2026,0.0,0.0,0.0,WITHIN_20M,0.0,LOW
TA0555,TREATMENT,92-STC,MANGROVE_EDGE_PROXY,"[2017, 2018, 2019, 2020, 2021, 2022, 2023]",7,2017,2023,-20.0,-3.33,-2.14,WITHIN_20M,"[2023, 2024, 2025, 2026]",4,2023,2026,20.0,6.67,8.0,WITHIN_20M,10.14,LOW
TA0556,TREATMENT,92-STC,WATERLINE,"[2020, 2021, 2023]",3,2020,2023,-10.55,-3.52,-3.77,WITHIN_20M,"[2023, 2024, 2025, 2026]",4,2023,2026,10.55,3.52,2.11,WITHIN_20M,5.88,LOW
TA0556,TREATMENT,92-STC,MANGROVE_EDGE_PROXY,"[2017, 2018, 2019, 2020, 2021, 2022, 2023]",7,2017,2023,0.0,0.0,-0.75,WITHIN_20M,"[2023, 2024, 2025, 2026]",4,2023,2026,0.0,0.0,0.0,WITHIN_20M,0.75,LOW
TA0557,TREATMENT,92-STC,WATERLINE,"[2020, 2021, 2023]",3,2020,2023,-25.3,-8.43,-9.04,APPARENT_LANDWARD,"[2023, 2024, 2025, 2026]",4,2023,2026,0.0,0.0,-2.53,WITHIN_20M,6.51,LOW
TA0557,TREATMENT,92-STC,MANGROVE_EDGE_PROXY,"[2017, 2018, 2019, 2020, 2021, 2022, 2023]",7,2017,2023,0.0,0.0,-1.81,WITHIN_20M,"[2023, 2024, 2025, 2026]",4,2023,2026,0.0,0.0,0.0,WITHIN_20M,1.81,LOW
TA0558,TREATMENT,92-STC,WATERLINE,"[2020, 2021, 2023]",3,2020,2023,-21.99,-7.33,-7.85,APPARENT_LANDWARD,"[2023, 2024, 2025, 2026]",4,2023,2026,21.99,7.33,6.6,APPARENT_SEAWARD,14.45,LOW
TA0558,TREATMENT,92-STC,MANGROVE_EDGE_PROXY,"[2017, 2018, 2019, 2020, 2021, 2022, 2023]",7,2017,2023,0.0,0.0,-0.0,WITHIN_20M,"[2023, 2024, 2025, 2026]",4,2023,2026,21.99,7.33,6.6,APPARENT_SEAWARD,6.6,LOW
TA0559,TREATMENT,92-STC,WATERLINE,"[2020, 2021, 2023]",3,2020,2023,0.0,0.0,0.0,WITHIN_20M,"[2023, 2024, 2025, 2026]",4,2023,2026,0.0,0.0,0.0,WITHIN_20M,0.0,LOW
TA0559,TREATMENT,92-STC,MANGROVE_EDGE_PROXY,"[2017, 2018, 2019, 2020, 2021, 2022, 2023]",7,2017,2023,-37.54,-6.26,-4.02,APPARENT_LANDWARD,"[2023, 2024, 2025, 2026]",4,2023,2026,37.54,12.51,11.26,APPARENT_SEAWARD,15.28,LOW
TA0560,TREATMENT,92-STC,WATERLINE,"[2020, 2021, 2023]",3,2020,2023,0.0,0.0,-1.47,WITHIN_20M,"[2023, 2024, 2025, 2026]",4,2023,2026,0.0,0.0,-2.05,WITHIN_20M,-0.58,LOW
TA0560,TREATMENT,92-STC,MANGROVE_EDGE_PROXY,"[2017, 2018, 2019, 2020, 2021, 2022, 2023]",7,2017,2023,-41.04,-6.84,-4.4,APPARENT_LANDWARD,"[2023, 2024, 2025, 2026]",4,2023,2026,41.04,13.68,14.36,APPARENT_SEAWARD,18.76,LOW
TA0561,TREATMENT,92-STC,WATERLINE,"[2020, 2021, 2023]",3,2020,2023,0.0,0.0,0.0,WITHIN_20M,"[2023, 2024, 2025, 2026]",4,2023,2026,0.0,0.0,-2.0,WITHIN_20M,-2.0,LOW
TA0561,TREATMENT,92-STC,MANGROVE_EDGE_PROXY,"[2017, 2018, 2019, 2020, 2021, 2022, 2023]",7,2017,2023,-20.0,-3.33,-3.57,WITHIN_20M,"[2023, 2024, 2025, 2026]",4,2023,2026,40.0,13.33,12.0,APPARENT_SEAWARD,15.57,LOW
TA0562,TREATMENT,92-STC,WATERLINE,"[2020, 2021, 2023]",3,2020,2023,0.0,0.0,0.0,WITHIN_20M,"[2023, 2024, 2025, 2026]",4,2023,2026,0.0,0.0,-1.06,WITHIN_20M,-1.06,LOW
TA0562,TREATMENT,92-STC,MANGROVE_EDGE_PROXY,"[2017, 2018, 2019, 2020, 2021, 2022, 2023]",7,2017,2023,197.99,33.0,32.32,APPARENT_SEAWARD,"[2023, 2024, 2025, 2026]",4,2023,2026,-604.51,-201.5,-246.41,APPARENT_LANDWARD,-278.73,LOW
TA0563,TREATMENT,92-STC,WATERLINE,"[2020, 2021, 2023]",3,2020,2023,0.0,0.0,0.0,WITHIN_20M,"[2023, 2024, 2025, 2026]",4,2023,2026,0.0,0.0,-0.42,WITHIN_20M,-0.42,LOW
TA0563,TREATMENT,92-STC,MANGROVE_EDGE_PROXY,"[2017, 2018, 2019, 2020, 2021, 2022, 2023]",7,2017,2023,0.0,0.0,-0.0,WITHIN_20M,"[2023, 2024, 2025, 2026]",4,2023,2026,25.3,8.43,7.59,APPARENT_SEAWARD,7.59,LOW
TA0564,TREATMENT,92-STC,WATERLINE,"[2020, 2021, 2023]",3,2020,2023,0.0,0.0,0.0,WITHIN_20M,"[2023, 2024, 2025, 2026]",4,2023,2026,0.0,0.0,-2.0,WITHIN_20M,-2.0,LOW
TA0564,TREATMENT,92-STC,MANGROVE_EDGE_PROXY,"[2017, 2018, 2019, 2020, 2021, 2022, 2023]",7,2017,2023,20.0,3.33,2.14,WITHIN_20M,"[2023, 2024, 2025, 2026]",4,2023,2026,0.0,0.0,0.0,WITHIN_20M,-2.14,LOW
TA0565,TREATMENT,92-STC,WATERLINE,"[2020, 2021, 2023]",3,2020,2023,0.0,0.0,0.0,WITHIN_20M,"[2023, 2024, 2025, 2026]",4,2023,2026,0.0,0.0,0.0,WITHIN_20M,0.0,LOW
TA0565,TREATMENT,92-STC,MANGROVE_EDGE_PROXY,"[2017, 2018, 2019, 2020, 2021, 2022, 2023]",7,2017,2023,0.0,0.0,-0.0,WITHIN_20M,"[2023, 2024, 2025, 2026]",4,2023,2026,20.0,6.67,6.0,WITHIN_20M,6.0,LOW
TA0566,TREATMENT,92-STC,WATERLINE,"[2020, 2021, 2023]",3,2020,2023,0.0,0.0,-0.75,WITHIN_20M,"[2023, 2024, 2025, 2026]",4,2023,2026,10.55,3.52,1.39,WITHIN_20M,2.14,LOW
TA0566,TREATMENT,92-STC,MANGROVE_EDGE_PROXY,"[2017, 2018, 2019, 2020, 2021, 2022, 2023]",7,2017,2023,17.73,2.96,1.15,WITHIN_20M,"[2023, 2024, 2025, 2026]",4,2023,2026,10.55,3.52,3.17,WITHIN_20M,2.02,LOW
TA0567,TREATMENT,92-STC,WATERLINE,"[2020, 2021, 2023]",3,2020,2023,0.0,0.0,-1.76,WITHIN_20M,"[2023, 2024, 2025, 2026]",4,2023,2026,24.69,8.23,7.41,APPARENT_SEAWARD,9.17,LOW
TA0567,TREATMENT,92-STC,MANGROVE_EDGE_PROXY,"[2017, 2018, 2019, 2020, 2021, 2022, 2023]",7,2017,2023,3.59,0.6,0.38,WITHIN_20M,"[2023, 2024, 2025, 2026]",4,2023,2026,0.0,0.0,0.0,WITHIN_20M,-0.38,LOW
TA0568,TREATMENT,92-STC,WATERLINE,"[2020, 2021, 2023]",3,2020,2023,0.0,0.0,-0.0,WITHIN_20M,"[2023, 2024, 2025, 2026]",4,2023,2026,21.99,7.33,4.4,APPARENT_SEAWARD,4.4,LOW
TA0568,TREATMENT,92-STC,MANGROVE_EDGE_PROXY,"[2017, 2018, 2019, 2020, 2021, 2022, 2023]",7,2017,2023,0.0,0.0,-2.36,WITHIN_20M,"[2023, 2024, 2025, 2026]",4,2023,2026,8.2,2.73,2.46,WITHIN_20M,4.82,LOW
TA0569,TREATMENT,92-STC,WATERLINE,"[2020, 2021, 2023]",3,2020,2023,0.0,0.0,0.0,WITHIN_20M,"[2023, 2024, 2025, 2026]",4,2023,2026,0.0,0.0,-0.36,WITHIN_20M,-0.36,LOW
TA0569,TREATMENT,92-STC,MANGROVE_EDGE_PROXY,"[2017, 2018, 2019, 2020, 2021, 2022, 2023]",7,2017,2023,28.28,4.71,1.14,APPARENT_SEAWARD,"[2023, 2024, 2025, 2026]",4,2023,2026,24.69,8.23,7.41,APPARENT_SEAWARD,6.27,LOW
TA0570,TREATMENT,92-STC,WATERLINE,"[2020, 2021, 2023]",3,2020,2023,0.0,0.0,0.0,WITHIN_20M,"[2023, 2024, 2025, 2026]",4,2023,2026,0.0,0.0,-1.77,WITHIN_20M,-1.77,LOW
TA0570,TREATMENT,92-STC,MANGROVE_EDGE_PROXY,"[2017, 2018, 2019, 2020, 2021, 2022, 2023]",7,2017,2023,10.55,1.76,-0.51,WITHIN_20M,"[2023, 2024, 2025, 2026]",4,2023,2026,28.28,9.43,9.54,APPARENT_SEAWARD,10.05,LOW
TA0571,TREATMENT,92-STC,WATERLINE,"[2020, 2021, 2023]",3,2020,2023,2.55,0.85,0.91,WITHIN_20M,"[2023, 2024, 2025, 2026]",4,2023,2026,37.54,12.51,11.26,APPARENT_SEAWARD,10.35,LOW
TA0571,TREATMENT,92-STC,MANGROVE_EDGE_PROXY,"[2017, 2018, 2019, 2020, 2021, 2022, 2023]",7,2017,2023,0.0,0.0,-1.43,WITHIN_20M,"[2023, 2024, 2025, 2026]",4,2023,2026,40.09,13.36,12.03,APPARENT_SEAWARD,13.46,LOW
TA0572,TREATMENT,92-STC,WATERLINE,"[2020, 2021, 2023]",3,2020,2023,20.0,6.67,7.14,WITHIN_20M,"[2023, 2024, 2025, 2026]",4,2023,2026,20.0,6.67,6.0,WITHIN_20M,-1.14,LOW
TA0572,TREATMENT,92-STC,MANGROVE_EDGE_PROXY,"[2017, 2018, 2019, 2020, 2021, 2022, 2023]",7,2017,2023,0.0,0.0,-1.43,WITHIN_20M,"[2023, 2024, 2025, 2026]",4,2023,2026,60.0,20.0,18.0,APPARENT_SEAWARD,19.43,LOW
TA0573,TREATMENT,92-STC,WATERLINE,"[2020, 2021, 2023]",3,2020,2023,0.0,0.0,0.0,WITHIN_20M,"[2023, 2024, 2025, 2026]",4,2023,2026,0.0,0.0,0.0,WITHIN_20M,0.0,LOW
TA0573,TREATMENT,92-STC,MANGROVE_EDGE_PROXY,"[2017, 2018, 2019, 2020, 2021, 2022, 2023]",7,2017,2023,0.0,0.0,-2.15,WITHIN_20M,"[2023, 2024, 2025, 2026]",4,2023,2026,20.05,6.68,6.02,APPARENT_SEAWARD,8.17,LOW
TA0574,TREATMENT,93-STC,WATERLINE,"[2020, 2021, 2023]",3,2020,2023,0.0,0.0,-1.43,WITHIN_20M,"[2023, 2024, 2025, 2026]",4,2023,2026,20.0,6.67,6.0,WITHIN_20M,7.43,LOW
TA0574,TREATMENT,93-STC,MANGROVE_EDGE_PROXY,"[2017, 2018, 2019, 2020, 2021, 2022, 2023]",7,2017,2023,0.0,0.0,-0.71,WITHIN_20M,"[2023, 2024, 2025, 2026]",4,2023,2026,20.0,6.67,6.0,WITHIN_20M,6.71,LOW
TA0575,TREATMENT,93-STC,WATERLINE,"[2020, 2021, 2023]",3,2020,2023,0.0,0.0,-0.0,WITHIN_20M,"[2023, 2024, 2025, 2026]",4,2023,2026,25.3,8.43,5.06,APPARENT_SEAWARD,5.06,LOW
TA0575,TREATMENT,93-STC,MANGROVE_EDGE_PROXY,"[2017, 2018, 2019, 2020, 2021, 2022, 2023]",7,2017,2023,3.21,0.54,0.34,WITHIN_20M,"[2023, 2024, 2025, 2026]",4,2023,2026,0.0,0.0,0.0,WITHIN_20M,-0.34,LOW
TA0576,TREATMENT,93-STC,WATERLINE,"[2020, 2021, 2023]",3,2020,2023,0.0,0.0,0.0,WITHIN_20M,"[2023, 2024, 2025, 2026]",4,2023,2026,0.0,0.0,0.0,WITHIN_20M,0.0,LOW
TA0576,TREATMENT,93-STC,MANGROVE_EDGE_PROXY,"[2017, 2018, 2019, 2020, 2021, 2022, 2023]",7,2017,2023,0.0,0.0,1.43,WITHIN_20M,"[2023, 2024, 2025, 2026]",4,2023,2026,20.0,6.67,6.0,WITHIN_20M,4.57,LOW
TA0577,TREATMENT,93-STC,WATERLINE,"[2020, 2021, 2023]",3,2020,2023,-20.0,-6.67,-7.14,WITHIN_20M,"[2023, 2024, 2025, 2026]",4,2023,2026,20.0,6.67,4.0,WITHIN_20M,11.14,LOW
TA0577,TREATMENT,93-STC,MANGROVE_EDGE_PROXY,"[2017, 2018, 2019, 2020, 2021, 2022, 2023]",7,2017,2023,20.0,3.33,2.14,WITHIN_20M,"[2023, 2024, 2025, 2026]",4,2023,2026,20.0,6.67,6.0,WITHIN_20M,3.86,LOW
TA0578,TREATMENT,93-STC,WATERLINE,"[2020, 2021, 2023]",3,2020,2023,0.0,0.0,-1.57,WITHIN_20M,"[2023, 2024, 2025, 2026]",4,2023,2026,21.99,7.33,4.4,APPARENT_SEAWARD,5.97,LOW
TA0578,TREATMENT,93-STC,MANGROVE_EDGE_PROXY,"[2017, 2018, 2019, 2020, 2021, 2022, 2023]",7,2017,2023,21.99,3.66,2.36,APPARENT_SEAWARD,"[2023, 2024, 2025, 2026]",4,2023,2026,0.0,0.0,0.0,WITHIN_20M,-2.36,LOW
TA0579,TREATMENT,93-STC,WATERLINE,"[2020, 2021, 2023]",3,2020,2023,0.0,0.0,-1.43,WITHIN_20M,"[2023, 2024, 2025, 2026]",4,2023,2026,20.05,6.68,4.01,APPARENT_SEAWARD,5.44,LOW
TA0579,TREATMENT,93-STC,MANGROVE_EDGE_PROXY,"[2017, 2018, 2019, 2020, 2021, 2022, 2023]",7,2017,2023,20.04,3.34,2.15,APPARENT_SEAWARD,"[2023, 2024, 2025, 2026]",4,2023,2026,0.0,0.0,0.0,WITHIN_20M,-2.15,LOW
TA0580,TREATMENT,93-STC,WATERLINE,"[2020, 2021, 2023]",3,2020,2023,0.0,0.0,0.0,WITHIN_20M,"[2023, 2024, 2025, 2026]",4,2023,2026,0.0,0.0,0.0,WITHIN_20M,0.0,LOW
TA0580,TREATMENT,93-STC,MANGROVE_EDGE_PROXY,"[2017, 2018, 2019, 2020, 2021, 2022, 2023]",7,2017,2023,0.0,0.0,-0.0,WITHIN_20M,"[2023, 2024, 2025, 2026]",4,2023,2026,20.52,6.84,6.16,APPARENT_SEAWARD,6.16,LOW
TA0581,TREATMENT,93-STC,WATERLINE,"[2020, 2021, 2023]",3,2020,2023,0.0,0.0,0.0,WITHIN_20M,"[2023, 2024, 2025, 2026]",4,2023,2026,0.0,0.0,0.0,WITHIN_20M,0.0,LOW
TA0581,TREATMENT,93-STC,MANGROVE_EDGE_PROXY,"[2017, 2018, 2019, 2020, 2021, 2022, 2023]",7,2017,2023,0.0,0.0,-0.0,WITHIN_20M,"[2023, 2024, 2025, 2026]",4,2023,2026,4.15,1.38,1.25,WITHIN_20M,1.25,LOW
TA0582,TREATMENT,93-STC,WATERLINE,"[2020, 2021, 2023]",3,2020,2023,-10.55,-3.52,-3.77,WITHIN_20M,"[2023, 2024, 2025, 2026]",4,2023,2026,10.55,3.52,1.39,WITHIN_20M,5.16,LOW
TA0582,TREATMENT,93-STC,MANGROVE_EDGE_PROXY,"[2017, 2018, 2019, 2020, 2021, 2022, 2023]",7,2017,2023,0.0,0.0,-1.39,WITHIN_20M,"[2023, 2024, 2025, 2026]",4,2023,2026,10.55,3.52,3.17,WITHIN_20M,4.56,LOW
TA0583,TREATMENT,93-STC,WATERLINE,"[2020, 2021, 2023]",3,2020,2023,0.0,0.0,-1.76,WITHIN_20M,"[2023, 2024, 2025, 2026]",4,2023,2026,24.69,8.23,7.41,APPARENT_SEAWARD,9.17,LOW
TA0583,TREATMENT,93-STC,MANGROVE_EDGE_PROXY,"[2017, 2018, 2019, 2020, 2021, 2022, 2023]",7,2017,2023,3.59,0.6,-0.63,WITHIN_20M,"[2023, 2024, 2025, 2026]",4,2023,2026,0.0,0.0,0.0,WITHIN_20M,0.63,LOW
TA0584,TREATMENT,93-STC,WATERLINE,"[2020, 2021, 2023]",3,2020,2023,0.0,0.0,-0.0,WITHIN_20M,"[2023, 2024, 2025, 2026]",4,2023,2026,21.99,7.33,6.6,APPARENT_SEAWARD,6.6,LOW
TA0584,TREATMENT,93-STC,MANGROVE_EDGE_PROXY,"[2017, 2018, 2019, 2020, 2021, 2022, 2023]",7,2017,2023,0.0,0.0,-1.37,WITHIN_20M,"[2023, 2024, 2025, 2026]",4,2023,2026,8.2,2.73,2.46,WITHIN_20M,3.83,LOW
TA0585,TREATMENT,93-STC,WATERLINE,"[2020, 2021, 2023]",3,2020,2023,0.0,0.0,0.0,WITHIN_20M,"[2023, 2024, 2025, 2026]",4,2023,2026,0.0,0.0,-2.53,WITHIN_20M,-2.53,LOW
TA0585,TREATMENT,93-STC,MANGROVE_EDGE_PROXY,"[2017, 2018, 2019, 2020, 2021, 2022, 2023]",7,2017,2023,0.0,0.0,-1.2,WITHIN_20M,"[2023, 2024, 2025, 2026]",4,2023,2026,4.15,1.38,1.25,WITHIN_20M,2.45,LOW
TA0586,TREATMENT,93-STC,WATERLINE,"[2020, 2021, 2023]",3,2020,2023,0.0,0.0,-0.0,WITHIN_20M,"[2023, 2024, 2025, 2026]",4,2023,2026,20.52,6.84,6.16,APPARENT_SEAWARD,6.16,LOW
TA0586,TREATMENT,93-STC,MANGROVE_EDGE_PROXY,"[2017, 2018, 2019, 2020, 2021, 2022, 2023]",7,2017,2023,0.0,0.0,-2.2,WITHIN_20M,"[2023, 2024, 2025, 2026]",4,2023,2026,20.52,6.84,6.16,APPARENT_SEAWARD,8.36,LOW
TA0587,TREATMENT,93-STC,WATERLINE,"[2020, 2021, 2023]",3,2020,2023,0.0,0.0,0.0,WITHIN_20M,"[2023, 2024, 2025, 2026]",4,2023,2026,24.69,8.23,7.41,APPARENT_SEAWARD,7.41,LOW
TA0587,TREATMENT,93-STC,MANGROVE_EDGE_PROXY,"[2017, 2018, 2019, 2020, 2021, 2022, 2023]",7,2017,2023,0.0,0.0,-1.27,WITHIN_20M,"[2023, 2024, 2025, 2026]",4,2023,2026,3.59,1.2,1.08,WITHIN_20M,2.35,LOW
TA0588,TREATMENT,93-STC,WATERLINE,"[2020, 2021, 2023]",3,2020,2023,0.0,0.0,-0.0,WITHIN_20M,"[2023, 2024, 2025, 2026]",4,2023,2026,20.52,6.84,6.16,APPARENT_SEAWARD,6.16,LOW
TA0588,TREATMENT,93-STC,MANGROVE_EDGE_PROXY,"[2017, 2018, 2019, 2020, 2021, 2022, 2023]",7,2017,2023,-7.65,-1.27,-4.94,WITHIN_20M,"[2023, 2024, 2025, 2026]",4,2023,2026,20.52,6.84,6.16,APPARENT_SEAWARD,11.1,LOW
TA0589,TREATMENT,93-STC,WATERLINE,"[2020, 2021, 2023]",3,2020,2023,0.0,0.0,0.0,WITHIN_20M,"[2023, 2024, 2025, 2026]",4,2023,2026,0.0,0.0,0.0,WITHIN_20M,0.0,LOW
TA0589,TREATMENT,93-STC,MANGROVE_EDGE_PROXY,"[2017, 2018, 2019, 2020, 2021, 2022, 2023]",7,2017,2023,24.69,4.11,2.77,APPARENT_SEAWARD,"[2023, 2024, 2025, 2026]",4,2023,2026,28.28,9.43,8.48,APPARENT_SEAWARD,5.71,LOW
TA0590,TREATMENT,93-STC,WATERLINE,"[2020, 2021, 2023]",3,2020,2023,0.0,0.0,0.0,WITHIN_20M,"[2023, 2024, 2025, 2026]",4,2023,2026,0.0,0.0,0.0,WITHIN_20M,0.0,LOW
TA0590,TREATMENT,93-STC,MANGROVE_EDGE_PROXY,"[2017, 2018, 2019, 2020, 2021, 2022, 2023]",7,2017,2023,0.0,0.0,-1.01,WITHIN_20M,"[2023, 2024, 2025, 2026]",4,2023,2026,28.28,9.43,8.48,APPARENT_SEAWARD,9.49,LOW
TA0591,TREATMENT,93-STC,WATERLINE,"[2020, 2021, 2023]",3,2020,2023,-3.6,-1.2,-1.29,WITHIN_20M,"[2023, 2024, 2025, 2026]",4,2023,2026,3.6,1.2,1.08,WITHIN_20M,2.37,LOW
TA0591,TREATMENT,93-STC,MANGROVE_EDGE_PROXY,"[2017, 2018, 2019, 2020, 2021, 2022, 2023]",7,2017,2023,-28.28,-4.71,-4.17,APPARENT_LANDWARD,"[2023, 2024, 2025, 2026]",4,2023,2026,31.88,10.63,9.56,APPARENT_SEAWARD,13.73,LOW
TA0592,TREATMENT,93-STC,WATERLINE,"[2020, 2021, 2023]",3,2020,2023,0.0,0.0,0.0,WITHIN_20M,"[2023, 2024, 2025, 2026]",4,2023,2026,0.0,0.0,0.0,WITHIN_20M,0.0,LOW
TA0592,TREATMENT,93-STC,MANGROVE_EDGE_PROXY,"[2017, 2018, 2019, 2020, 2021, 2022, 2023]",7,2017,2023,-21.99,-3.66,-4.71,APPARENT_LANDWARD,"[2023, 2024, 2025, 2026]",4,2023,2026,21.99,7.33,6.6,APPARENT_SEAWARD,11.31,LOW
TA0593,TREATMENT,93-STC,WATERLINE,"[2020, 2021, 2023]",3,2020,2023,-3.6,-1.2,-1.29,WITHIN_20M,"[2023, 2024, 2025, 2026]",4,2023,2026,3.6,1.2,0.72,WITHIN_20M,2.01,LOW
TA0593,TREATMENT,93-STC,MANGROVE_EDGE_PROXY,"[2017, 2018, 2019, 2020, 2021, 2022, 2023]",7,2017,2023,-28.28,-4.71,-3.29,APPARENT_LANDWARD,"[2023, 2024, 2025, 2026]",4,2023,2026,28.28,9.43,8.48,APPARENT_SEAWARD,11.77,LOW
TA0594,TREATMENT,93-STC,WATERLINE,"[2020, 2021, 2023]",3,2020,2023,0.0,0.0,0.0,WITHIN_20M,"[2023, 2024, 2025, 2026]",4,2023,2026,0.0,0.0,0.0,WITHIN_20M,0.0,LOW
TA0594,TREATMENT,93-STC,MANGROVE_EDGE_PROXY,"[2017, 2018, 2019, 2020, 2021, 2022, 2023]",7,2017,2023,-20.0,-3.33,-4.29,WITHIN_20M,"[2023, 2024, 2025, 2026]",4,2023,2026,20.0,6.67,6.0,WITHIN_20M,10.29,LOW
TA0595,TREATMENT,93-STC,WATERLINE,"[2020, 2021, 2023]",3,2020,2023,0.0,0.0,0.0,WITHIN_20M,"[2023, 2024, 2025, 2026]",4,2023,2026,0.0,0.0,0.0,WITHIN_20M,0.0,LOW
TA0595,TREATMENT,93-STC,MANGROVE_EDGE_PROXY,"[2017, 2018, 2019, 2020, 2021, 2022, 2023]",7,2017,2023,0.0,0.0,-1.43,WITHIN_20M,"[2023, 2024, 2025, 2026]",4,2023,2026,0.0,0.0,0.0,WITHIN_20M,1.43,LOW
TA0596,TREATMENT,93-STC,WATERLINE,"[2020, 2021, 2023]",3,2020,2023,0.0,0.0,0.0,WITHIN_20M,"[2023, 2024, 2025, 2026]",4,2023,2026,0.0,0.0,0.0,WITHIN_20M,0.0,LOW
TA0596,TREATMENT,93-STC,MANGROVE_EDGE_PROXY,"[2017, 2018, 2019, 2020, 2021, 2022, 2023]",7,2017,2023,-20.0,-3.33,-2.14,WITHIN_20M,"[2023, 2024, 2025, 2026]",4,2023,2026,20.0,6.67,6.0,WITHIN_20M,8.14,LOW
TA0597,TREATMENT,93-STC,WATERLINE,"[2020, 2021, 2023]",3,2020,2023,0.0,0.0,1.76,WITHIN_20M,"[2023, 2024, 2025, 2026]",4,2023,2026,0.0,0.0,2.47,WITHIN_20M,0.71,LOW
TA0597,TREATMENT,93-STC,MANGROVE_EDGE_PROXY,"[2017, 2018, 2019, 2020, 2021, 2022, 2023]",7,2017,2023,1071.21,178.53,117.55,APPARENT_SEAWARD,"[2023, 2024, 2025, 2026]",4,2023,2026,-1099.49,-366.5,-329.85,APPARENT_LANDWARD,-447.4,LOW
TA0598,TREATMENT,93-STC,WATERLINE,"[2020, 2021, 2023]",3,2020,2023,0.0,0.0,1.47,WITHIN_20M,"[2023, 2024, 2025, 2026]",4,2023,2026,0.0,0.0,2.05,WITHIN_20M,0.58,LOW
TA0598,TREATMENT,93-STC,MANGROVE_EDGE_PROXY,"[2017, 2018, 2019, 2020, 2021, 2022, 2023]",7,2017,2023,-61.55,-10.26,-9.53,APPARENT_LANDWARD,"[2023, 2024, 2025, 2026]",4,2023,2026,41.03,13.68,10.26,APPARENT_SEAWARD,19.79,LOW
TA0600,TREATMENT,92-STC,WATERLINE,"[2020, 2021, 2023]",3,2020,2023,0.0,0.0,0.0,WITHIN_20M,"[2023, 2024, 2025, 2026]",4,2023,2026,0.0,0.0,0.0,WITHIN_20M,0.0,LOW
TA0600,TREATMENT,92-STC,MANGROVE_EDGE_PROXY,"[2017, 2018, 2019, 2020, 2021, 2022, 2023]",7,2017,2023,1177.39,196.23,250.28,APPARENT_SEAWARD,"[2023, 2024, 2025, 2026]",4,2023,2026,-28.28,-9.43,-2.83,APPARENT_LANDWARD,-253.11,LOW
TA0602,TREATMENT,95-STC,WATERLINE,"[2020, 2021, 2023]",3,2020,2023,-20.52,-6.84,-7.33,APPARENT_LANDWARD,"[2023, 2024, 2025, 2026]",4,2023,2026,0.0,0.0,0.0,WITHIN_20M,7.33,LOW
TA0602,TREATMENT,95-STC,MANGROVE_EDGE_PROXY,"[2017, 2018, 2019, 2020, 2021, 2022, 2023]",7,2017,2023,0.0,0.0,-2.2,WITHIN_20M,"[2023, 2024, 2025, 2026]",4,2023,2026,20.51,6.84,8.2,APPARENT_SEAWARD,10.4,LOW
TA0603,TREATMENT,92-STC,WATERLINE,"[2020, 2021, 2023]",3,2020,2023,0.0,0.0,0.0,WITHIN_20M,"[2023, 2024, 2025, 2026]",4,2023,2026,0.0,0.0,0.0,WITHIN_20M,0.0,LOW
TA0603,TREATMENT,92-STC,MANGROVE_EDGE_PROXY,"[2017, 2018, 2019, 2020, 2021, 2022, 2023]",7,2017,2023,-28.28,-4.71,-2.02,APPARENT_LANDWARD,"[2023, 2024, 2025, 2026]",4,2023,2026,28.28,9.43,8.48,APPARENT_SEAWARD,10.5,LOW
TA0604,TREATMENT,95-STC,WATERLINE,"[2020, 2021, 2023]",3,2020,2023,0.0,0.0,0.0,WITHIN_20M,"[2023, 2024, 2025, 2026]",4,2023,2026,-20.52,-6.84,-6.16,APPARENT_LANDWARD,-6.16,LOW
TA0604,TREATMENT,95-STC,MANGROVE_EDGE_PROXY,"[2017, 2018, 2019, 2020, 2021, 2022, 2023]",7,2017,2023,-82.07,-13.68,-14.66,APPARENT_LANDWARD,"[2023, 2024, 2025, 2026]",4,2023,2026,82.07,27.36,24.62,APPARENT_SEAWARD,39.28,LOW
TA0605,TREATMENT,94-STC,WATERLINE,"[2020, 2021, 2023]",3,2020,2023,-20.05,-6.68,-7.16,APPARENT_LANDWARD,"[2023, 2024, 2025, 2026]",4,2023,2026,20.05,6.68,4.01,APPARENT_SEAWARD,11.17,LOW
TA0605,TREATMENT,94-STC,MANGROVE_EDGE_PROXY,"[2017, 2018, 2019, 2020, 2021, 2022, 2023]",7,2017,2023,-320.73,-53.46,-61.57,APPARENT_LANDWARD,"[2023, 2024, 2025, 2026]",4,2023,2026,561.29,187.1,188.43,APPARENT_SEAWARD,250.0,LOW
TA0606,TREATMENT,93-STC,WATERLINE,"[2020, 2021, 2023]",3,2020,2023,-20.0,-6.67,-7.14,WITHIN_20M,"[2023, 2024, 2025, 2026]",4,2023,2026,20.0,6.67,4.0,WITHIN_20M,11.14,LOW
TA0606,TREATMENT,93-STC,MANGROVE_EDGE_PROXY,"[2017, 2018, 2019, 2020, 2021, 2022, 2023]",7,2017,2023,40.0,6.67,0.71,APPARENT_SEAWARD,"[2023, 2024, 2025, 2026]",4,2023,2026,20.0,6.67,6.0,WITHIN_20M,5.29,LOW
TA0607,TREATMENT,92-STC,WATERLINE,"[2020, 2021, 2023]",3,2020,2023,0.0,0.0,-1.76,WITHIN_20M,"[2023, 2024, 2025, 2026]",4,2023,2026,0.0,0.0,-2.47,WITHIN_20M,-0.71,LOW
TA0607,TREATMENT,92-STC,MANGROVE_EDGE_PROXY,"[2017, 2018, 2019, 2020, 2021, 2022, 2023]",7,2017,2023,-24.69,-4.12,-4.67,APPARENT_LANDWARD,"[2023, 2024, 2025, 2026]",4,2023,2026,52.98,17.66,15.89,APPARENT_SEAWARD,20.56,LOW
TA0608,TREATMENT,93-STC,WATERLINE,"[2020, 2021, 2023]",3,2020,2023,0.0,0.0,-1.57,WITHIN_20M,"[2023, 2024, 2025, 2026]",4,2023,2026,0.0,0.0,-2.2,WITHIN_20M,-0.63,LOW
TA0608,TREATMENT,93-STC,MANGROVE_EDGE_PROXY,"[2017, 2018, 2019, 2020, 2021, 2022, 2023]",7,2017,2023,21.99,3.67,3.93,APPARENT_SEAWARD,"[2023, 2024, 2025, 2026]",4,2023,2026,21.99,7.33,6.6,APPARENT_SEAWARD,2.67,LOW
TA0609,TREATMENT,93-STC,WATERLINE,"[2020, 2021, 2023]",3,2020,2023,0.0,0.0,0.0,WITHIN_20M,"[2023, 2024, 2025, 2026]",4,2023,2026,0.0,0.0,0.0,WITHIN_20M,0.0,LOW
TA0609,TREATMENT,93-STC,MANGROVE_EDGE_PROXY,"[2017, 2018, 2019, 2020, 2021, 2022, 2023]",7,2017,2023,-320.0,-53.33,-42.86,APPARENT_LANDWARD,"[2023, 2024, 2025, 2026]",4,2023,2026,300.0,100.0,90.0,APPARENT_SEAWARD,132.86,LOW
TA0610,TREATMENT,94-STC,WATERLINE,"[2020, 2021, 2023]",3,2020,2023,0.0,0.0,-1.43,WITHIN_20M,"[2023, 2024, 2025, 2026]",4,2023,2026,0.0,0.0,-2.0,WITHIN_20M,-0.57,LOW
TA0610,TREATMENT,94-STC,MANGROVE_EDGE_PROXY,"[2017, 2018, 2019, 2020, 2021, 2022, 2023]",7,2017,2023,-20.0,-3.33,-2.86,WITHIN_20M,"[2023, 2024, 2025, 2026]",4,2023,2026,20.0,6.67,6.0,WITHIN_20M,8.86,LOW
TA0611,TREATMENT,94-STC,WATERLINE,"[2020, 2021, 2023]",3,2020,2023,0.0,0.0,-1.43,WITHIN_20M,"[2023, 2024, 2025, 2026]",4,2023,2026,0.0,0.0,-2.0,WITHIN_20M,-0.57,LOW
TA0611,TREATMENT,94-STC,MANGROVE_EDGE_PROXY,"[2017, 2018, 2019, 2020, 2021, 2022, 2023]",7,2017,2023,-20.0,-3.33,-2.86,WITHIN_20M,"[2023, 2024, 2025, 2026]",4,2023,2026,20.0,6.67,6.0,WITHIN_20M,8.86,LOW
TA0612,TREATMENT,94-STC,WATERLINE,"[2020, 2021, 2023]",3,2020,2023,0.0,0.0,0.0,WITHIN_20M,"[2023, 2024, 2025, 2026]",4,2023,2026,0.0,0.0,0.0,WITHIN_20M,0.0,LOW
TA0612,TREATMENT,94-STC,MANGROVE_EDGE_PROXY,"[2017, 2018, 2019, 2020, 2021, 2022, 2023]",7,2017,2023,0.0,0.0,-2.14,WITHIN_20M,"[2023, 2024, 2025, 2026]",4,2023,2026,20.0,6.67,6.0,WITHIN_20M,8.14,LOW
TA0613,TREATMENT,93-STC,WATERLINE,"[2020, 2021, 2023]",3,2020,2023,3.6,1.2,1.29,WITHIN_20M,"[2023, 2024, 2025, 2026]",4,2023,2026,28.28,9.43,11.31,APPARENT_SEAWARD,10.02,LOW
TA0613,TREATMENT,93-STC,MANGROVE_EDGE_PROXY,"[2017, 2018, 2019, 2020, 2021, 2022, 2023]",7,2017,2023,24.69,4.12,-4.43,APPARENT_SEAWARD,"[2023, 2024, 2025, 2026]",4,2023,2026,113.14,37.71,33.94,APPARENT_SEAWARD,38.37,LOW
TA0614,TREATMENT,94-STC,WATERLINE,"[2020, 2021, 2023]",3,2020,2023,40.0,13.33,14.29,APPARENT_SEAWARD,"[2023, 2024, 2025, 2026]",4,2023,2026,0.0,0.0,0.0,WITHIN_20M,-14.29,LOW
TA0614,TREATMENT,94-STC,MANGROVE_EDGE_PROXY,"[2017, 2018, 2019, 2020, 2021, 2022, 2023]",7,2017,2023,0.0,0.0,-1.43,WITHIN_20M,"[2023, 2024, 2025, 2026]",4,2023,2026,40.0,13.33,14.0,APPARENT_SEAWARD,15.43,LOW
TA0615,TREATMENT,95-STC,WATERLINE,"[2020, 2021, 2023]",3,2020,2023,0.0,0.0,0.0,WITHIN_20M,"[2023, 2024, 2025, 2026]",4,2023,2026,0.0,0.0,0.0,WITHIN_20M,0.0,LOW
TA0615,TREATMENT,95-STC,MANGROVE_EDGE_PROXY,"[2017, 2018, 2019, 2020, 2021, 2022, 2023]",7,2017,2023,-20.0,-3.33,-5.71,WITHIN_20M,"[2023, 2024, 2025, 2026]",4,2023,2026,40.0,13.33,14.0,APPARENT_SEAWARD,19.71,LOW
TA0616,TREATMENT,95-STC,WATERLINE,"[2020, 2021, 2023]",3,2020,2023,0.0,0.0,0.0,WITHIN_20M,"[2023, 2024, 2025, 2026]",4,2023,2026,0.0,0.0,0.0,WITHIN_20M,0.0,LOW
TA0616,TREATMENT,95-STC,MANGROVE_EDGE_PROXY,"[2017, 2018, 2019, 2020, 2021, 2022, 2023]",7,2017,2023,-20.0,-3.33,-5.71,WITHIN_20M,"[2023, 2024, 2025, 2026]",4,2023,2026,40.0,13.33,14.0,APPARENT_SEAWARD,19.71,LOW
TA0617,TREATMENT,95-STC,WATERLINE,"[2020, 2021, 2023]",3,2020,2023,0.0,0.0,0.0,WITHIN_20M,"[2023, 2024, 2025, 2026]",4,2023,2026,24.69,8.23,4.94,APPARENT_SEAWARD,4.94,LOW
TA0617,TREATMENT,95-STC,MANGROVE_EDGE_PROXY,"[2017, 2018, 2019, 2020, 2021, 2022, 2023]",7,2017,2023,-28.28,-4.71,-7.82,APPARENT_LANDWARD,"[2023, 2024, 2025, 2026]",4,2023,2026,52.97,17.66,16.25,APPARENT_SEAWARD,24.07,LOW
TA0618,TREATMENT,95-STC,WATERLINE,"[2020, 2021, 2023]",3,2020,2023,0.0,0.0,0.0,WITHIN_20M,"[2023, 2024, 2025, 2026]",4,2023,2026,0.0,0.0,0.0,WITHIN_20M,0.0,LOW
TA0618,TREATMENT,95-STC,MANGROVE_EDGE_PROXY,"[2017, 2018, 2019, 2020, 2021, 2022, 2023]",7,2017,2023,0.0,0.0,-1.57,WITHIN_20M,"[2023, 2024, 2025, 2026]",4,2023,2026,21.99,7.33,8.8,APPARENT_SEAWARD,10.37,LOW
TA0619,TREATMENT,95-STC,WATERLINE,"[2020, 2021, 2023]",3,2020,2023,0.0,0.0,-1.43,WITHIN_20M,"[2023, 2024, 2025, 2026]",4,2023,2026,20.05,6.68,4.01,APPARENT_SEAWARD,5.44,LOW
TA0619,TREATMENT,95-STC,MANGROVE_EDGE_PROXY,"[2017, 2018, 2019, 2020, 2021, 2022, 2023]",7,2017,2023,0.0,0.0,-1.43,WITHIN_20M,"[2023, 2024, 2025, 2026]",4,2023,2026,0.0,0.0,0.0,WITHIN_20M,1.43,LOW
TA0620,TREATMENT,95-STC,WATERLINE,"[2020, 2021, 2023]",3,2020,2023,0.0,0.0,0.0,WITHIN_20M,"[2023, 2024, 2025, 2026]",4,2023,2026,0.0,0.0,0.0,WITHIN_20M,0.0,LOW
TA0620,TREATMENT,95-STC,MANGROVE_EDGE_PROXY,"[2017, 2018, 2019, 2020, 2021, 2022, 2023]",7,2017,2023,0.0,0.0,-1.27,WITHIN_20M,"[2023, 2024, 2025, 2026]",4,2023,2026,17.74,5.91,7.1,WITHIN_20M,8.37,LOW
TA0621,TREATMENT,95-STC,WATERLINE,"[2020, 2021, 2023]",3,2020,2023,0.0,0.0,-0.26,WITHIN_20M,"[2023, 2024, 2025, 2026]",4,2023,2026,0.0,0.0,0.0,WITHIN_20M,0.26,LOW
TA0621,TREATMENT,95-STC,MANGROVE_EDGE_PROXY,"[2017, 2018, 2019, 2020, 2021, 2022, 2023]",7,2017,2023,-28.28,-4.71,-5.18,APPARENT_LANDWARD,"[2023, 2024, 2025, 2026]",4,2023,2026,28.28,9.43,10.95,APPARENT_SEAWARD,16.13,LOW
TA0622,TREATMENT,95-STC,WATERLINE,"[2020, 2021, 2023]",3,2020,2023,0.0,0.0,0.0,WITHIN_20M,"[2023, 2024, 2025, 2026]",4,2023,2026,0.0,0.0,0.0,WITHIN_20M,0.0,LOW
TA0622,TREATMENT,95-STC,MANGROVE_EDGE_PROXY,"[2017, 2018, 2019, 2020, 2021, 2022, 2023]",7,2017,2023,-10.55,-1.76,-3.78,WITHIN_20M,"[2023, 2024, 2025, 2026]",4,2023,2026,10.55,3.52,4.22,WITHIN_20M,8.0,LOW
TA0623,TREATMENT,95-STC,WATERLINE,"[2020, 2021, 2023]",3,2020,2023,-4.15,-1.38,-1.48,WITHIN_20M,"[2023, 2024, 2025, 2026]",4,2023,2026,4.15,1.38,0.83,WITHIN_20M,2.31,LOW
TA0623,TREATMENT,95-STC,MANGROVE_EDGE_PROXY,"[2017, 2018, 2019, 2020, 2021, 2022, 2023]",7,2017,2023,-11.52,-1.92,-3.57,WITHIN_20M,"[2023, 2024, 2025, 2026]",4,2023,2026,11.52,3.84,3.46,WITHIN_20M,7.03,LOW
TA0624,TREATMENT,96-STC,WATERLINE,"[2020, 2021, 2023]",3,2020,2023,-10.55,-3.52,-5.03,WITHIN_20M,"[2023, 2024, 2025, 2026]",4,2023,2026,10.55,3.52,0.34,WITHIN_20M,5.37,LOW
TA0624,TREATMENT,96-STC,MANGROVE_EDGE_PROXY,"[2017, 2018, 2019, 2020, 2021, 2022, 2023]",7,2017,2023,-28.28,-4.71,-5.05,APPARENT_LANDWARD,"[2023, 2024, 2025, 2026]",4,2023,2026,28.28,9.43,8.48,APPARENT_SEAWARD,13.53,LOW
TA0625,TREATMENT,96-STC,WATERLINE,"[2020, 2021, 2023]",3,2020,2023,-3.6,-1.2,-1.29,WITHIN_20M,"[2023, 2024, 2025, 2026]",4,2023,2026,3.6,1.2,1.08,WITHIN_20M,2.37,LOW
TA0625,TREATMENT,96-STC,MANGROVE_EDGE_PROXY,"[2017, 2018, 2019, 2020, 2021, 2022, 2023]",7,2017,2023,0.0,0.0,-0.26,WITHIN_20M,"[2023, 2024, 2025, 2026]",4,2023,2026,0.0,0.0,0.0,WITHIN_20M,0.26,LOW
TA0626,TREATMENT,97-STC,WATERLINE,"[2020, 2021, 2023]",3,2020,2023,0.0,0.0,0.0,WITHIN_20M,"[2023, 2024, 2025, 2026]",4,2023,2026,0.0,0.0,0.0,WITHIN_20M,0.0,LOW
TA0626,TREATMENT,97-STC,MANGROVE_EDGE_PROXY,"[2017, 2018, 2019, 2020, 2021, 2022, 2023]",7,2017,2023,0.0,0.0,-1.47,WITHIN_20M,"[2023, 2024, 2025, 2026]",4,2023,2026,0.0,0.0,0.0,WITHIN_20M,1.47,LOW
TA0627,TREATMENT,97-STC,WATERLINE,"[2020, 2021, 2023]",3,2020,2023,-20.05,-6.68,-7.16,APPARENT_LANDWARD,"[2023, 2024, 2025, 2026]",4,2023,2026,20.05,6.68,4.01,APPARENT_SEAWARD,11.17,LOW
TA0627,TREATMENT,97-STC,MANGROVE_EDGE_PROXY,"[2017, 2018, 2019, 2020, 2021, 2022, 2023]",7,2017,2023,0.0,0.0,-1.43,WITHIN_20M,"[2023, 2024, 2025, 2026]",4,2023,2026,0.0,0.0,0.0,WITHIN_20M,1.43,LOW
TA0628,TREATMENT,97-STC,WATERLINE,"[2020, 2021, 2023]",3,2020,2023,0.0,0.0,0.0,WITHIN_20M,"[2023, 2024, 2025, 2026]",4,2023,2026,0.0,0.0,0.0,WITHIN_20M,0.0,LOW
TA0628,TREATMENT,97-STC,MANGROVE_EDGE_PROXY,"[2017, 2018, 2019, 2020, 2021, 2022, 2023]",7,2017,2023,0.0,0.0,-2.2,WITHIN_20M,"[2023, 2024, 2025, 2026]",4,2023,2026,20.52,6.84,6.16,APPARENT_SEAWARD,8.36,LOW
TA0629,TREATMENT,97-STC,WATERLINE,"[2020, 2021, 2023]",3,2020,2023,-3.6,-1.2,-1.29,WITHIN_20M,"[2023, 2024, 2025, 2026]",4,2023,2026,3.6,1.2,0.72,WITHIN_20M,2.01,LOW
TA0629,TREATMENT,97-STC,MANGROVE_EDGE_PROXY,"[2017, 2018, 2019, 2020, 2021, 2022, 2023]",7,2017,2023,0.0,0.0,-0.26,WITHIN_20M,"[2023, 2024, 2025, 2026]",4,2023,2026,3.6,1.2,0.72,WITHIN_20M,0.98,LOW
TA0630,TREATMENT,97-STC,WATERLINE,"[2020, 2021, 2023]",3,2020,2023,0.0,0.0,0.0,WITHIN_20M,"[2023, 2024, 2025, 2026]",4,2023,2026,0.0,0.0,0.0,WITHIN_20M,0.0,LOW
TA0630,TREATMENT,97-STC,MANGROVE_EDGE_PROXY,"[2017, 2018, 2019, 2020, 2021, 2022, 2023]",7,2017,2023,0.0,0.0,-0.0,WITHIN_20M,"[2023, 2024, 2025, 2026]",4,2023,2026,0.0,0.0,0.0,WITHIN_20M,0.0,LOW
TA0631,TREATMENT,97-STC,WATERLINE,"[2020, 2021, 2023]",3,2020,2023,-3.6,-1.2,-1.03,WITHIN_20M,"[2023, 2024, 2025, 2026]",4,2023,2026,0.0,0.0,0.0,WITHIN_20M,1.03,LOW
TA0631,TREATMENT,97-STC,MANGROVE_EDGE_PROXY,"[2017, 2018, 2019, 2020, 2021, 2022, 2023]",7,2017,2023,-3.6,-0.6,-0.64,WITHIN_20M,"[2023, 2024, 2025, 2026]",4,2023,2026,0.0,0.0,0.0,WITHIN_20M,0.64,LOW
TA0632,TREATMENT,97-STC,WATERLINE,"[2020, 2021, 2023]",3,2020,2023,-20.52,-6.84,-7.33,APPARENT_LANDWARD,"[2023, 2024, 2025, 2026]",4,2023,2026,20.52,6.84,4.1,APPARENT_SEAWARD,11.43,LOW
TA0632,TREATMENT,97-STC,MANGROVE_EDGE_PROXY,"[2017, 2018, 2019, 2020, 2021, 2022, 2023]",7,2017,2023,-20.52,-3.42,-2.2,APPARENT_LANDWARD,"[2023, 2024, 2025, 2026]",4,2023,2026,0.0,0.0,-2.05,WITHIN_20M,0.15,LOW
TA0633,TREATMENT,98-STC,WATERLINE,"[2020, 2021, 2023]",3,2020,2023,-25.3,-8.43,-9.04,APPARENT_LANDWARD,"[2023, 2024, 2025, 2026]",4,2023,2026,0.0,0.0,-2.53,WITHIN_20M,6.51,LOW
TA0633,TREATMENT,98-STC,MANGROVE_EDGE_PROXY,"[2017, 2018, 2019, 2020, 2021, 2022, 2023]",7,2017,2023,0.0,0.0,-2.15,WITHIN_20M,"[2023, 2024, 2025, 2026]",4,2023,2026,0.0,0.0,0.0,WITHIN_20M,2.15,LOW
TA0634,TREATMENT,98-STC,WATERLINE,"[2020, 2021, 2023]",3,2020,2023,-21.99,-7.33,-7.85,APPARENT_LANDWARD,"[2023, 2024, 2025, 2026]",4,2023,2026,21.99,7.33,4.4,APPARENT_SEAWARD,12.25,LOW
TA0634,TREATMENT,98-STC,MANGROVE_EDGE_PROXY,"[2017, 2018, 2019, 2020, 2021, 2022, 2023]",7,2017,2023,-21.99,-3.66,-3.0,APPARENT_LANDWARD,"[2023, 2024, 2025, 2026]",4,2023,2026,21.99,7.33,4.4,APPARENT_SEAWARD,7.4,LOW
TA0635,TREATMENT,98-STC,WATERLINE,"[2020, 2021, 2023]",3,2020,2023,-24.69,-8.23,-8.82,APPARENT_LANDWARD,"[2023, 2024, 2025, 2026]",4,2023,2026,24.69,8.23,4.94,APPARENT_SEAWARD,13.76,LOW
TA0635,TREATMENT,98-STC,MANGROVE_EDGE_PROXY,"[2017, 2018, 2019, 2020, 2021, 2022, 2023]",7,2017,2023,-3.59,-0.6,-2.15,WITHIN_20M,"[2023, 2024, 2025, 2026]",4,2023,2026,3.59,1.2,1.08,WITHIN_20M,3.23,LOW
TA0636,TREATMENT,98-STC,WATERLINE,"[2020, 2021, 2023]",3,2020,2023,0.0,0.0,0.0,WITHIN_20M,"[2023, 2024, 2025, 2026]",4,2023,2026,0.0,0.0,0.0,WITHIN_20M,0.0,LOW
TA0636,TREATMENT,98-STC,MANGROVE_EDGE_PROXY,"[2017, 2018, 2019, 2020, 2021, 2022, 2023]",7,2017,2023,-33.39,-5.57,-5.78,APPARENT_LANDWARD,"[2023, 2024, 2025, 2026]",4,2023,2026,12.87,4.29,3.86,WITHIN_20M,9.64,LOW
TA0637,TREATMENT,98-STC,WATERLINE,"[2020, 2021, 2023]",3,2020,2023,-3.6,-1.2,-1.03,WITHIN_20M,"[2023, 2024, 2025, 2026]",4,2023,2026,0.0,0.0,0.0,WITHIN_20M,1.03,LOW
TA0637,TREATMENT,98-STC,MANGROVE_EDGE_PROXY,"[2017, 2018, 2019, 2020, 2021, 2022, 2023]",7,2017,2023,-24.69,-4.12,-2.9,APPARENT_LANDWARD,"[2023, 2024, 2025, 2026]",4,2023,2026,24.69,8.23,7.41,APPARENT_SEAWARD,10.31,LOW
TA0638,TREATMENT,98-STC,WATERLINE,"[2020, 2021, 2023]",3,2020,2023,-20.52,-6.84,-7.33,APPARENT_LANDWARD,"[2023, 2024, 2025, 2026]",4,2023,2026,20.52,6.84,4.1,APPARENT_SEAWARD,11.43,LOW
TA0638,TREATMENT,98-STC,MANGROVE_EDGE_PROXY,"[2017, 2018, 2019, 2020, 2021, 2022, 2023]",7,2017,2023,-20.52,-3.42,-3.66,APPARENT_LANDWARD,"[2023, 2024, 2025, 2026]",4,2023,2026,0.0,0.0,0.0,WITHIN_20M,3.66,LOW
TA0641,TREATMENT,95-STC,WATERLINE,"[2020, 2021, 2023]",3,2020,2023,0.0,0.0,0.0,WITHIN_20M,"[2023, 2024, 2025, 2026]",4,2023,2026,0.0,0.0,0.0,WITHIN_20M,0.0,LOW
TA0641,TREATMENT,95-STC,MANGROVE_EDGE_PROXY,"[2017, 2018, 2019, 2020, 2021, 2022, 2023]",7,2017,2023,-65.32,-10.89,-14.46,APPARENT_LANDWARD,"[2023, 2024, 2025, 2026]",4,2023,2026,0.0,0.0,-0.0,WITHIN_20M,14.46,LOW
TA0643,TREATMENT,98-STC,WATERLINE,"[2020, 2021, 2023]",3,2020,2023,-20.0,-6.67,-7.14,WITHIN_20M,"[2023, 2024, 2025, 2026]",4,2023,2026,0.0,0.0,-2.0,WITHIN_20M,5.14,LOW
TA0643,TREATMENT,98-STC,MANGROVE_EDGE_PROXY,"[2017, 2018, 2019, 2020, 2021, 2022, 2023]",7,2017,2023,-120.0,-20.0,-31.43,APPARENT_LANDWARD,"[2023, 2024, 2025, 2026]",4,2023,2026,80.0,26.67,24.0,APPARENT_SEAWARD,55.43,LOW
TA0647,TREATMENT,97-STC,WATERLINE,"[2020, 2021, 2023]",3,2020,2023,-3.6,-1.2,-3.05,WITHIN_20M,"[2023, 2024, 2025, 2026]",4,2023,2026,3.6,1.2,0.72,WITHIN_20M,3.77,LOW
TA0647,TREATMENT,97-STC,MANGROVE_EDGE_PROXY,"[2017, 2018, 2019, 2020, 2021, 2022, 2023]",7,2017,2023,-141.42,-23.57,-30.3,APPARENT_LANDWARD,"[2023, 2024, 2025, 2026]",4,2023,2026,169.71,56.57,67.88,APPARENT_SEAWARD,98.18,LOW
TA0685,TREATMENT,97-STC,WATERLINE,"[2020, 2021, 2023]",3,2020,2023,-590.37,-196.79,-211.1,APPARENT_LANDWARD,"[2023, 2024, 2025, 2026]",4,2023,2026,590.37,196.79,179.58,APPARENT_SEAWARD,390.68,LOW
TA0685,TREATMENT,97-STC,MANGROVE_EDGE_PROXY,"[2017, 2018, 2019, 2020, 2021, 2022, 2023]",7,2017,2023,-28.29,-4.71,-64.91,APPARENT_LANDWARD,"[2023, 2024, 2025, 2026]",4,2023,2026,28.29,9.43,11.32,APPARENT_SEAWARD,76.23,LOW
TA0686,TREATMENT,97-STC,WATERLINE,"[2020, 2021, 2023]",3,2020,2023,-547.95,-182.65,-205.04,APPARENT_LANDWARD,"[2023, 2024, 2025, 2026]",4,2023,2026,547.95,182.65,166.16,APPARENT_SEAWARD,371.2,LOW
TA0686,TREATMENT,97-STC,MANGROVE_EDGE_PROXY,"[2017, 2018, 2019, 2020, 2021, 2022, 2023]",7,2017,2023,-1035.97,-172.66,-186.0,APPARENT_LANDWARD,"[2023, 2024, 2025, 2026]",4,2023,2026,28.29,9.43,8.49,APPARENT_SEAWARD,194.49,LOW
TA0692,TREATMENT,97-STC,WATERLINE,"[2020, 2021, 2023]",3,2020,2023,-406.53,-135.51,-177.51,APPARENT_LANDWARD,"[2023, 2024, 2025, 2026]",4,2023,2026,452.55,150.85,135.77,APPARENT_SEAWARD,313.28,LOW
TA0692,TREATMENT,97-STC,MANGROVE_EDGE_PROXY,"[2017, 2018, 2019, 2020, 2021, 2022, 2023]",7,2017,2023,-56.57,-9.43,-8.08,APPARENT_LANDWARD,"[2023, 2024, 2025, 2026]",4,2023,2026,-56.57,-18.86,-19.8,APPARENT_LANDWARD,-11.72,LOW
TA0693,TREATMENT,97-STC,WATERLINE,"[2020, 2021, 2023]",3,2020,2023,-427.86,-142.62,-164.67,APPARENT_LANDWARD,"[2023, 2024, 2025, 2026]",4,2023,2026,456.14,152.05,136.48,APPARENT_SEAWARD,301.15,LOW
TA0693,TREATMENT,97-STC,MANGROVE_EDGE_PROXY,"[2017, 2018, 2019, 2020, 2021, 2022, 2023]",7,2017,2023,-958.07,-159.68,-169.06,APPARENT_LANDWARD,"[2023, 2024, 2025, 2026]",4,2023,2026,28.28,9.43,8.48,APPARENT_SEAWARD,177.54,LOW
TA0694,TREATMENT,97-STC,WATERLINE,"[2020, 2021, 2023]",3,2020,2023,-480.83,-160.28,-178.54,APPARENT_LANDWARD,"[2023, 2024, 2025, 2026]",4,2023,2026,480.83,160.28,139.65,APPARENT_SEAWARD,318.19,LOW
TA0694,TREATMENT,97-STC,MANGROVE_EDGE_PROXY,"[2017, 2018, 2019, 2020, 2021, 2022, 2023]",7,2017,2023,-28.28,-4.71,-63.38,APPARENT_LANDWARD,"[2023, 2024, 2025, 2026]",4,2023,2026,28.28,9.43,8.48,APPARENT_SEAWARD,71.86,LOW
TA0695,TREATMENT,98-STC,WATERLINE,"[2020, 2021, 2023]",3,2020,2023,-28.28,-9.43,-1.76,APPARENT_LANDWARD,"[2023, 2024, 2025, 2026]",4,2023,2026,0.0,0.0,5.3,WITHIN_20M,7.06,LOW
TA0695,TREATMENT,98-STC,MANGROVE_EDGE_PROXY,"[2017, 2018, 2019, 2020, 2021, 2022, 2023]",7,2017,2023,0.0,0.0,-4.04,WITHIN_20M,"[2023, 2024, 2025, 2026]",4,2023,2026,28.28,9.43,8.48,APPARENT_SEAWARD,12.52,LOW
TA0707,TREATMENT,95-STC,WATERLINE,"[2020, 2021, 2023]",3,2020,2023,-10.59,-3.53,28.88,WITHIN_20M,"[2023, 2024, 2025, 2026]",4,2023,2026,-50.59,-16.86,-15.18,APPARENT_LANDWARD,-44.06,LOW
TA0707,TREATMENT,95-STC,MANGROVE_EDGE_PROXY,"[2017, 2018, 2019, 2020, 2021, 2022, 2023]",7,2017,2023,-25.29,-4.21,-4.42,APPARENT_LANDWARD,"[2023, 2024, 2025, 2026]",4,2023,2026,0.0,0.0,0.0,WITHIN_20M,4.42,LOW
TA0712,TREATMENT,97-STC,WATERLINE,"[2020, 2021, 2023]",3,2020,2023,-113.13,-37.71,-74.0,APPARENT_LANDWARD,"[2023, 2024, 2025, 2026]",4,2023,2026,282.84,94.28,87.68,APPARENT_SEAWARD,161.68,LOW
TA0712,TREATMENT,97-STC,MANGROVE_EDGE_PROXY,"[2017, 2018, 2019, 2020, 2021, 2022, 2023]",7,2017,2023,-28.28,-4.71,-63.9,APPARENT_LANDWARD,"[2023, 2024, 2025, 2026]",4,2023,2026,28.28,9.43,8.48,APPARENT_SEAWARD,72.38,LOW
TA0714,TREATMENT,97-STC,WATERLINE,"[2020, 2021, 2023]",3,2020,2023,-413.72,-137.91,-180.08,APPARENT_LANDWARD,"[2023, 2024, 2025, 2026]",4,2023,2026,254.56,84.85,76.37,APPARENT_SEAWARD,256.45,LOW
TA0714,TREATMENT,97-STC,MANGROVE_EDGE_PROXY,"[2017, 2018, 2019, 2020, 2021, 2022, 2023]",7,2017,2023,-56.57,-9.43,-8.08,APPARENT_LANDWARD,"[2023, 2024, 2025, 2026]",4,2023,2026,-56.57,-18.86,-19.8,APPARENT_LANDWARD,-11.72,LOW
TA0717,TREATMENT,97-STC,WATERLINE,"[2020, 2021, 2023]",3,2020,2023,-543.73,-181.24,-124.64,APPARENT_LANDWARD,"[2023, 2024, 2025, 2026]",4,2023,2026,278.26,92.75,141.66,APPARENT_SEAWARD,266.3,LOW
TA0717,TREATMENT,97-STC,MANGROVE_EDGE_PROXY,"[2017, 2018, 2019, 2020, 2021, 2022, 2023]",7,2017,2023,-32.66,-5.44,-3.5,APPARENT_LANDWARD,"[2023, 2024, 2025, 2026]",4,2023,2026,31.93,10.64,9.58,APPARENT_SEAWARD,13.08,LOW
TA0742,TREATMENT,98-STC,WATERLINE,"[2020, 2021, 2023]",3,2020,2023,-87.95,-29.32,-7.85,APPARENT_LANDWARD,"[2023, 2024, 2025, 2026]",4,2023,2026,-43.98,-14.66,-15.39,APPARENT_LANDWARD,-7.54,LOW
TA0742,TREATMENT,98-STC,MANGROVE_EDGE_PROXY,"[2017, 2018, 2019, 2020, 2021, 2022, 2023]",7,2017,2023,-21.99,-3.67,-2.69,APPARENT_LANDWARD,"[2023, 2024, 2025, 2026]",4,2023,2026,0.0,0.0,-1.89,WITHIN_20M,0.8,LOW
TA0743,TREATMENT,94-STC,WATERLINE,"[2020, 2021, 2023]",3,2020,2023,-130.66,-43.55,-102.15,APPARENT_LANDWARD,"[2023, 2024, 2025, 2026]",4,2023,2026,-28.51,-9.5,-11.82,APPARENT_LANDWARD,90.33,LOW
TA0743,TREATMENT,94-STC,MANGROVE_EDGE_PROXY,"[2017, 2018, 2019, 2020, 2021, 2022, 2023]",7,2017,2023,-1062.44,-177.07,-189.72,APPARENT_LANDWARD,"[2023, 2024, 2025, 2026]",4,2023,2026,0.0,0.0,0.0,WITHIN_20M,189.72,LOW
TA0752,TREATMENT,98-STC,WATERLINE,"[2020, 2021, 2023]",3,2020,2023,20.0,6.67,42.86,WITHIN_20M,"[2023, 2024, 2025, 2026]",4,2023,2026,0.0,0.0,2.0,WITHIN_20M,-40.86,LOW
TA0752,TREATMENT,98-STC,MANGROVE_EDGE_PROXY,"[2017, 2018, 2019, 2020, 2021, 2022, 2023]",7,2017,2023,20.0,3.33,2.14,WITHIN_20M,"[2023, 2024, 2025, 2026]",4,2023,2026,0.0,0.0,-0.0,WITHIN_20M,-2.14,LOW
TA0756,TREATMENT,95-STC,WATERLINE,"[2020, 2021, 2023]",3,2020,2023,0.0,0.0,59.68,WITHIN_20M,"[2023, 2024, 2025, 2026]",4,2023,2026,0.0,0.0,0.0,WITHIN_20M,-59.68,LOW
TA0756,TREATMENT,95-STC,MANGROVE_EDGE_PROXY,"[2017, 2018, 2019, 2020, 2021, 2022, 2023]",7,2017,2023,-153.91,-25.65,-19.63,APPARENT_LANDWARD,"[2023, 2024, 2025, 2026]",4,2023,2026,131.93,43.98,39.58,APPARENT_SEAWARD,59.21,LOW
TA0761,TREATMENT,94-STC,WATERLINE,"[2020, 2021, 2023]",3,2020,2023,-3.6,-1.2,85.84,WITHIN_20M,"[2023, 2024, 2025, 2026]",4,2023,2026,113.14,37.71,36.41,APPARENT_SEAWARD,-49.43,LOW
TA0761,TREATMENT,94-STC,MANGROVE_EDGE_PROXY,"[2017, 2018, 2019, 2020, 2021, 2022, 2023]",7,2017,2023,339.41,56.57,36.37,APPARENT_SEAWARD,"[2023, 2024, 2025, 2026]",4,2023,2026,-339.41,-113.14,-67.88,APPARENT_LANDWARD,-104.25,LOW
TA0777,TREATMENT,96-STC,WATERLINE,"[2020, 2021, 2023]",3,2020,2023,0.0,0.0,48.57,WITHIN_20M,"[2023, 2024, 2025, 2026]",4,2023,2026,680.0,226.67,206.0,APPARENT_SEAWARD,157.43,LOW
TA0777,TREATMENT,96-STC,MANGROVE_EDGE_PROXY,"[2017, 2018, 2019, 2020, 2021, 2022, 2023]",7,2017,2023,-20.0,-3.33,-4.29,WITHIN_20M,"[2023, 2024, 2025, 2026]",4,2023,2026,0.0,0.0,-0.0,WITHIN_20M,4.29,LOW
TA0778,TREATMENT,96-STC,WATERLINE,"[2020, 2021, 2023]",3,2020,2023,0.0,0.0,48.57,WITHIN_20M,"[2023, 2024, 2025, 2026]",4,2023,2026,680.0,226.67,206.0,APPARENT_SEAWARD,157.43,LOW
TA0778,TREATMENT,96-STC,MANGROVE_EDGE_PROXY,"[2017, 2018, 2019, 2020, 2021, 2022, 2023]",7,2017,2023,-20.0,-3.33,-3.57,WITHIN_20M,"[2023, 2024, 2025, 2026]",4,2023,2026,0.0,0.0,-2.0,WITHIN_20M,1.57,LOW
TA0780,TREATMENT,95-STC,WATERLINE,"[2020, 2021, 2023]",3,2020,2023,0.0,0.0,52.86,WITHIN_20M,"[2023, 2024, 2025, 2026]",4,2023,2026,640.0,213.33,194.0,APPARENT_SEAWARD,141.14,LOW
TA0780,TREATMENT,95-STC,MANGROVE_EDGE_PROXY,"[2017, 2018, 2019, 2020, 2021, 2022, 2023]",7,2017,2023,1.48,0.25,0.16,WITHIN_20M,"[2023, 2024, 2025, 2026]",4,2023,2026,0.0,0.0,0.34,WITHIN_20M,0.18,LOW
TA0782,TREATMENT,95-STC,WATERLINE,"[2020, 2021, 2023]",3,2020,2023,-140.0,-46.67,12.86,APPARENT_LANDWARD,"[2023, 2024, 2025, 2026]",4,2023,2026,720.0,240.0,210.0,APPARENT_SEAWARD,197.14,LOW
TA0782,TREATMENT,95-STC,MANGROVE_EDGE_PROXY,"[2017, 2018, 2019, 2020, 2021, 2022, 2023]",7,2017,2023,-2220.0,-370.0,-237.86,APPARENT_LANDWARD,"[2023, 2024, 2025, 2026]",4,2023,2026,20.0,6.67,6.0,WITHIN_20M,243.86,LOW
TA0800,TREATMENT,94-STC,WATERLINE,"[2020, 2023]",2,2020,2023,0.0,0.0,0.0,WITHIN_20M,"[2023, 2024, 2025, 2026]",4,2023,2026,0.0,0.0,-1.77,WITHIN_20M,-1.77,LOW
TA0800,TREATMENT,94-STC,MANGROVE_EDGE_PROXY,"[2017, 2018, 2019, 2020, 2021, 2022, 2023]",7,2017,2023,1007.69,167.95,111.0,APPARENT_SEAWARD,"[2023, 2024, 2025, 2026]",4,2023,2026,-1007.69,-335.9,-201.54,APPARENT_LANDWARD,-312.54,LOW
TA0805,TREATMENT,98-STC,WATERLINE,"[2020, 2021, 2023]",3,2020,2023,0.0,0.0,30.05,WITHIN_20M,"[2023, 2024, 2025, 2026]",4,2023,2026,0.0,0.0,2.47,WITHIN_20M,-27.58,LOW
TA0805,TREATMENT,98-STC,MANGROVE_EDGE_PROXY,"[2017, 2018, 2019, 2020, 2021, 2022, 2023]",7,2017,2023,-141.42,-23.57,-14.27,APPARENT_LANDWARD,"[2023, 2024, 2025, 2026]",4,2023,2026,141.42,47.14,42.43,APPARENT_SEAWARD,56.7,LOW
TA0806,TREATMENT,97-STC,WATERLINE,"[2020, 2021, 2023]",3,2020,2023,0.0,0.0,38.57,WITHIN_20M,"[2023, 2024, 2025, 2026]",4,2023,2026,0.0,0.0,0.0,WITHIN_20M,-38.57,LOW
TA0806,TREATMENT,97-STC,MANGROVE_EDGE_PROXY,"[2017, 2018, 2019, 2020, 2021, 2022, 2023]",7,2017,2023,-20.0,-3.33,-2.14,WITHIN_20M,"[2023, 2024, 2025, 2026]",4,2023,2026,20.0,6.67,6.0,WITHIN_20M,8.14,LOW
TA0809,TREATMENT,96-STC,WATERLINE,"[2020, 2021, 2023]",3,2020,2023,0.0,0.0,48.57,WITHIN_20M,"[2023, 2024, 2025, 2026]",4,2023,2026,0.0,0.0,0.0,WITHIN_20M,-48.57,LOW
TA0809,TREATMENT,96-STC,MANGROVE_EDGE_PROXY,"[2017, 2018, 2019, 2020, 2021, 2022, 2023]",7,2017,2023,0.0,0.0,-2.14,WITHIN_20M,"[2023, 2024, 2025, 2026]",4,2023,2026,0.0,0.0,0.0,WITHIN_20M,2.14,LOW
TA0810,TREATMENT,95-STC,WATERLINE,"[2020, 2021, 2023]",3,2020,2023,0.0,0.0,52.86,WITHIN_20M,"[2023, 2024, 2025, 2026]",4,2023,2026,0.0,0.0,2.0,WITHIN_20M,-50.86,LOW
TA0810,TREATMENT,95-STC,MANGROVE_EDGE_PROXY,"[2017, 2018, 2019, 2020, 2021, 2022, 2023]",7,2017,2023,0.0,0.0,-2.14,WITHIN_20M,"[2023, 2024, 2025, 2026]",4,2023,2026,0.0,0.0,0.0,WITHIN_20M,2.14,LOW
TA0811,TREATMENT,95-STC,WATERLINE,"[2020, 2021, 2023]",3,2020,2023,-80.0,-26.67,32.86,APPARENT_LANDWARD,"[2023, 2024, 2025, 2026]",4,2023,2026,0.0,0.0,0.0,WITHIN_20M,-32.86,LOW
TA0811,TREATMENT,95-STC,MANGROVE_EDGE_PROXY,"[2017, 2018, 2019, 2020, 2021, 2022, 2023]",7,2017,2023,-20.0,-3.33,-3.57,WITHIN_20M,"[2023, 2024, 2025, 2026]",4,2023,2026,20.0,6.67,4.0,WITHIN_20M,7.57,LOW
TA0813,TREATMENT,97-STC,WATERLINE,"[2020, 2021, 2023]",3,2020,2023,0.0,0.0,42.43,WITHIN_20M,"[2023, 2024, 2025, 2026]",4,2023,2026,0.0,0.0,-2.47,WITHIN_20M,-44.9,LOW
TA0813,TREATMENT,97-STC,MANGROVE_EDGE_PROXY,"[2017, 2018, 2019, 2020, 2021, 2022, 2023]",7,2017,2023,-28.28,-4.71,-5.67,APPARENT_LANDWARD,"[2023, 2024, 2025, 2026]",4,2023,2026,0.0,0.0,0.0,WITHIN_20M,5.67,LOW
TA0814,TREATMENT,95-STC,WATERLINE,"[2020, 2021, 2023]",3,2020,2023,20.52,6.84,52.76,APPARENT_SEAWARD,"[2023, 2024, 2025, 2026]",4,2023,2026,-20.52,-6.84,-4.1,APPARENT_LANDWARD,-56.86,LOW
TA0814,TREATMENT,95-STC,MANGROVE_EDGE_PROXY,"[2017, 2018, 2019, 2020, 2021, 2022, 2023]",7,2017,2023,-20.52,-3.42,-2.93,APPARENT_LANDWARD,"[2023, 2024, 2025, 2026]",4,2023,2026,0.0,0.0,0.0,WITHIN_20M,2.93,LOW
TA0815,TREATMENT,95-STC,WATERLINE,"[2020, 2021, 2023]",3,2020,2023,0.0,0.0,52.86,WITHIN_20M,"[2023, 2024, 2025, 2026]",4,2023,2026,0.0,0.0,0.0,WITHIN_20M,-52.86,LOW
TA0815,TREATMENT,95-STC,MANGROVE_EDGE_PROXY,"[2017, 2018, 2019, 2020, 2021, 2022, 2023]",7,2017,2023,0.0,0.0,-0.71,WITHIN_20M,"[2023, 2024, 2025, 2026]",4,2023,2026,0.0,0.0,0.0,WITHIN_20M,0.71,LOW
TA0817,TREATMENT,95-STC,WATERLINE,"[2020, 2021, 2023]",3,2020,2023,20.0,6.67,60.0,WITHIN_20M,"[2023, 2024, 2025, 2026]",4,2023,2026,-20.0,-6.67,-4.0,WITHIN_20M,-64.0,LOW
TA0817,TREATMENT,95-STC,MANGROVE_EDGE_PROXY,"[2017, 2018, 2019, 2020, 2021, 2022, 2023]",7,2017,2023,-120.0,-20.0,-18.57,APPARENT_LANDWARD,"[2023, 2024, 2025, 2026]",4,2023,2026,80.0,26.67,24.0,APPARENT_SEAWARD,42.57,LOW
TA0818,TREATMENT,95-STC,WATERLINE,"[2020, 2021, 2023]",3,2020,2023,21.99,7.33,59.68,APPARENT_SEAWARD,"[2023, 2024, 2025, 2026]",4,2023,2026,0.0,0.0,2.2,WITHIN_20M,-57.48,LOW
TA0818,TREATMENT,95-STC,MANGROVE_EDGE_PROXY,"[2017, 2018, 2019, 2020, 2021, 2022, 2023]",7,2017,2023,-131.93,-21.99,-20.12,APPARENT_LANDWARD,"[2023, 2024, 2025, 2026]",4,2023,2026,87.96,29.32,26.39,APPARENT_SEAWARD,46.51,LOW
TA0819,TREATMENT,94-STC,WATERLINE,"[2020, 2021, 2023]",3,2020,2023,0.0,0.0,50.0,WITHIN_20M,"[2023, 2024, 2025, 2026]",4,2023,2026,0.0,0.0,2.0,WITHIN_20M,-48.0,LOW
TA0819,TREATMENT,94-STC,MANGROVE_EDGE_PROXY,"[2017, 2018, 2019, 2020, 2021, 2022, 2023]",7,2017,2023,-40.0,-6.67,-7.14,APPARENT_LANDWARD,"[2023, 2024, 2025, 2026]",4,2023,2026,40.0,13.33,12.0,APPARENT_SEAWARD,19.14,LOW
TA0820,TREATMENT,94-STC,WATERLINE,"[2020, 2021, 2023]",3,2020,2023,80.0,26.67,75.71,APPARENT_SEAWARD,"[2023, 2024, 2025, 2026]",4,2023,2026,0.0,0.0,2.0,WITHIN_20M,-73.71,LOW
TA0820,TREATMENT,94-STC,MANGROVE_EDGE_PROXY,"[2017, 2018, 2019, 2020, 2021, 2022, 2023]",7,2017,2023,-40.0,-6.67,-6.43,APPARENT_LANDWARD,"[2023, 2024, 2025, 2026]",4,2023,2026,20.0,6.67,6.0,WITHIN_20M,12.43,LOW
TA0822,TREATMENT,97-STC,WATERLINE,"[2020, 2021, 2023]",3,2020,2023,0.0,0.0,55.26,WITHIN_20M,"[2023, 2024, 2025, 2026]",4,2023,2026,17.95,5.98,5.39,WITHIN_20M,-49.87,LOW
TA0822,TREATMENT,97-STC,MANGROVE_EDGE_PROXY,"[2017, 2018, 2019, 2020, 2021, 2022, 2023]",7,2017,2023,-48.13,-8.02,-5.16,APPARENT_LANDWARD,"[2023, 2024, 2025, 2026]",4,2023,2026,48.13,16.04,14.44,APPARENT_SEAWARD,19.6,LOW
TA0823,TREATMENT,94-STC,WATERLINE,"[2020, 2021, 2023]",3,2020,2023,0.0,0.0,47.14,WITHIN_20M,"[2023, 2024, 2025, 2026]",4,2023,2026,0.0,0.0,0.0,WITHIN_20M,-47.14,LOW
TA0823,TREATMENT,94-STC,MANGROVE_EDGE_PROXY,"[2017, 2018, 2019, 2020, 2021, 2022, 2023]",7,2017,2023,-20.0,-3.33,-2.14,WITHIN_20M,"[2023, 2024, 2025, 2026]",4,2023,2026,20.0,6.67,4.0,WITHIN_20M,6.14,LOW
TA0827,TREATMENT,93-STC,WATERLINE,"[2020, 2021, 2023]",3,2020,2023,0.0,0.0,52.98,WITHIN_20M,"[2023, 2024, 2025, 2026]",4,2023,2026,-20.05,-6.68,-6.02,APPARENT_LANDWARD,-59.0,LOW
TA0827,TREATMENT,93-STC,MANGROVE_EDGE_PROXY,"[2017, 2018, 2019, 2020, 2021, 2022, 2023]",7,2017,2023,0.0,0.0,-113.12,WITHIN_20M,"[2023, 2024, 2025, 2026]",4,2023,2026,0.0,0.0,-2.01,WITHIN_20M,111.11,LOW
TA0830,TREATMENT,94-STC,WATERLINE,"[2020, 2021, 2023]",3,2020,2023,0.0,0.0,47.12,WITHIN_20M,"[2023, 2024, 2025, 2026]",4,2023,2026,0.0,0.0,0.0,WITHIN_20M,-47.12,LOW
TA0830,TREATMENT,94-STC,MANGROVE_EDGE_PROXY,"[2017, 2018, 2019, 2020, 2021, 2022, 2023]",7,2017,2023,-21.99,-3.66,-3.14,APPARENT_LANDWARD,"[2023, 2024, 2025, 2026]",4,2023,2026,0.0,0.0,-2.2,WITHIN_20M,0.94,LOW
TA0831,TREATMENT,93-STC,WATERLINE,"[2020, 2021, 2023]",3,2020,2023,0.0,0.0,84.29,WITHIN_20M,"[2023, 2024, 2025, 2026]",4,2023,2026,0.0,0.0,0.0,WITHIN_20M,-84.29,LOW
TA0831,TREATMENT,93-STC,MANGROVE_EDGE_PROXY,"[2017, 2018, 2019, 2020, 2021, 2022, 2023]",7,2017,2023,0.0,0.0,0.0,WITHIN_20M,"[2023, 2024, 2025, 2026]",4,2023,2026,0.0,0.0,0.0,WITHIN_20M,0.0,LOW
TA0832,TREATMENT,93-STC,WATERLINE,"[2020, 2021, 2023]",3,2020,2023,0.0,0.0,88.57,WITHIN_20M,"[2023, 2024, 2025, 2026]",4,2023,2026,0.0,0.0,0.0,WITHIN_20M,-88.57,LOW
TA0832,TREATMENT,93-STC,MANGROVE_EDGE_PROXY,"[2017, 2018, 2019, 2020, 2021, 2022, 2023]",7,2017,2023,-20.0,-3.33,-2.86,WITHIN_20M,"[2023, 2024, 2025, 2026]",4,2023,2026,20.0,6.67,6.0,WITHIN_20M,8.86,LOW
TA0833,TREATMENT,94-STC,WATERLINE,"[2020, 2021, 2023]",3,2020,2023,0.0,0.0,50.59,WITHIN_20M,"[2023, 2024, 2025, 2026]",4,2023,2026,0.0,0.0,-2.53,WITHIN_20M,-53.12,LOW
TA0833,TREATMENT,94-STC,MANGROVE_EDGE_PROXY,"[2017, 2018, 2019, 2020, 2021, 2022, 2023]",7,2017,2023,-4.15,-0.69,-0.44,WITHIN_20M,"[2023, 2024, 2025, 2026]",4,2023,2026,4.15,1.38,1.25,WITHIN_20M,1.69,LOW
TA0834,TREATMENT,93-STC,WATERLINE,"[2020, 2021, 2023]",3,2020,2023,0.0,0.0,91.43,WITHIN_20M,"[2023, 2024, 2025, 2026]",4,2023,2026,0.0,0.0,0.0,WITHIN_20M,-91.43,LOW
TA0834,TREATMENT,93-STC,MANGROVE_EDGE_PROXY,"[2017, 2018, 2019, 2020, 2021, 2022, 2023]",7,2017,2023,-20.0,-3.33,-2.86,WITHIN_20M,"[2023, 2024, 2025, 2026]",4,2023,2026,0.0,0.0,2.0,WITHIN_20M,4.86,LOW
TA0835,TREATMENT,93-STC,WATERLINE,"[2020, 2021, 2023]",3,2020,2023,0.0,0.0,92.86,WITHIN_20M,"[2023, 2024, 2025, 2026]",4,2023,2026,0.0,0.0,0.0,WITHIN_20M,-92.86,LOW
TA0835,TREATMENT,93-STC,MANGROVE_EDGE_PROXY,"[2017, 2018, 2019, 2020, 2021, 2022, 2023]",7,2017,2023,-20.0,-3.33,-2.86,WITHIN_20M,"[2023, 2024, 2025, 2026]",4,2023,2026,0.0,0.0,2.0,WITHIN_20M,4.86,LOW
TA0836,TREATMENT,94-STC,WATERLINE,"[2020, 2021, 2023]",3,2020,2023,10.55,3.52,58.32,WITHIN_20M,"[2023, 2024, 2025, 2026]",4,2023,2026,0.0,0.0,1.06,WITHIN_20M,-57.26,LOW
TA0836,TREATMENT,94-STC,MANGROVE_EDGE_PROXY,"[2017, 2018, 2019, 2020, 2021, 2022, 2023]",7,2017,2023,0.0,0.0,-0.38,WITHIN_20M,"[2023, 2024, 2025, 2026]",4,2023,2026,0.0,0.0,0.0,WITHIN_20M,0.38,LOW
TA0837,TREATMENT,94-STC,WATERLINE,"[2020, 2021, 2023]",3,2020,2023,0.0,0.0,52.4,WITHIN_20M,"[2023, 2024, 2025, 2026]",4,2023,2026,-25.3,-8.43,-5.06,APPARENT_LANDWARD,-57.46,LOW
TA0837,TREATMENT,94-STC,MANGROVE_EDGE_PROXY,"[2017, 2018, 2019, 2020, 2021, 2022, 2023]",7,2017,2023,-25.3,-4.22,-3.61,APPARENT_LANDWARD,"[2023, 2024, 2025, 2026]",4,2023,2026,0.0,0.0,-2.53,WITHIN_20M,1.08,LOW
TA0838,TREATMENT,93-STC,WATERLINE,"[2020, 2021, 2023]",3,2020,2023,20.0,6.67,100.0,WITHIN_20M,"[2023, 2024, 2025, 2026]",4,2023,2026,-20.0,-6.67,-6.0,WITHIN_20M,-106.0,LOW
TA0838,TREATMENT,93-STC,MANGROVE_EDGE_PROXY,"[2017, 2018, 2019, 2020, 2021, 2022, 2023]",7,2017,2023,-80.0,-13.33,-8.57,APPARENT_LANDWARD,"[2023, 2024, 2025, 2026]",4,2023,2026,60.0,20.0,10.0,APPARENT_SEAWARD,18.57,LOW
TA0848,TREATMENT,93-STC,WATERLINE,"[2020, 2021, 2023]",3,2020,2023,21.99,7.33,80.28,APPARENT_SEAWARD,"[2023, 2024, 2025, 2026]",4,2023,2026,329.82,109.94,98.95,APPARENT_SEAWARD,18.67,LOW
TA0848,TREATMENT,93-STC,MANGROVE_EDGE_PROXY,"[2017, 2018, 2019, 2020, 2021, 2022, 2023]",7,2017,2023,-3.08,-0.51,-1.12,WITHIN_20M,"[2023, 2024, 2025, 2026]",4,2023,2026,3.08,1.03,0.92,WITHIN_20M,2.04,LOW
TA0852,TREATMENT,93-STC,WATERLINE,"[2020, 2023]",2,2020,2023,20.52,6.84,6.84,APPARENT_SEAWARD,"[2023, 2024, 2025, 2026]",4,2023,2026,0.0,0.0,1.29,WITHIN_20M,-5.55,LOW
TA0852,TREATMENT,93-STC,MANGROVE_EDGE_PROXY,"[2017, 2018, 2019, 2020, 2021, 2022, 2023]",7,2017,2023,-41.04,-6.84,-7.33,APPARENT_LANDWARD,"[2023, 2024, 2025, 2026]",4,2023,2026,41.04,13.68,16.42,APPARENT_SEAWARD,23.75,LOW
TA0853,TREATMENT,94-STC,WATERLINE,"[2020, 2021, 2023]",3,2020,2023,0.0,0.0,75.89,WITHIN_20M,"[2023, 2024, 2025, 2026]",4,2023,2026,0.0,0.0,0.0,WITHIN_20M,-75.89,LOW
TA0853,TREATMENT,94-STC,MANGROVE_EDGE_PROXY,"[2017, 2018, 2019, 2020, 2021, 2022, 2023]",7,2017,2023,-16.69,-2.78,-2.36,WITHIN_20M,"[2023, 2024, 2025, 2026]",4,2023,2026,16.69,5.56,5.01,WITHIN_20M,7.37,LOW
TA0856,TREATMENT,92-STC,WATERLINE,"[2020, 2023]",2,2020,2023,0.0,0.0,0.0,WITHIN_20M,"[2023, 2024, 2025, 2026]",4,2023,2026,0.0,0.0,-10.0,WITHIN_20M,-10.0,LOW
TA0856,TREATMENT,92-STC,MANGROVE_EDGE_PROXY,"[2017, 2018, 2019, 2020, 2021, 2022, 2023]",7,2017,2023,-740.0,-123.33,-79.29,APPARENT_LANDWARD,"[2023, 2024, 2025, 2026]",4,2023,2026,200.0,66.67,60.0,APPARENT_SEAWARD,139.29,LOW
TA0858,TREATMENT,92-STC,WATERLINE,"[2020, 2023]",2,2020,2023,0.0,0.0,0.0,WITHIN_20M,"[2023, 2024, 2025, 2026]",4,2023,2026,0.0,0.0,2.0,WITHIN_20M,2.0,LOW
TA0858,TREATMENT,92-STC,MANGROVE_EDGE_PROXY,"[2017, 2018, 2019, 2020, 2021, 2022, 2023]",7,2017,2023,-240.0,-40.0,-26.43,APPARENT_LANDWARD,"[2023, 2024, 2025, 2026]",4,2023,2026,220.0,73.33,66.0,APPARENT_SEAWARD,92.43,LOW
TA0865,TREATMENT,94-STC,WATERLINE,[2023],1,,,,,,INSUFFICIENT_DATA,"[2023, 2024, 2025, 2026]",4,2023,2026,-36.82,-12.27,-11.05,APPARENT_LANDWARD,,LOW
TA0865,TREATMENT,94-STC,MANGROVE_EDGE_PROXY,"[2017, 2018, 2019, 2020, 2021, 2022, 2023]",7,2017,2023,-54.98,-9.16,-139.28,APPARENT_LANDWARD,"[2023, 2024, 2025, 2026]",4,2023,2026,50.59,16.86,14.74,APPARENT_SEAWARD,154.02,LOW
TA0873,TREATMENT,92-STC,WATERLINE,"[2020, 2023]",2,2020,2023,-100.0,-33.33,-33.33,APPARENT_LANDWARD,"[2023, 2024, 2025, 2026]",4,2023,2026,20.0,6.67,8.0,WITHIN_20M,41.33,LOW
TA0873,TREATMENT,92-STC,MANGROVE_EDGE_PROXY,"[2017, 2018, 2019, 2020, 2021, 2022, 2023]",7,2017,2023,-260.0,-43.33,-28.57,APPARENT_LANDWARD,"[2023, 2024, 2025, 2026]",4,2023,2026,240.0,80.0,72.0,APPARENT_SEAWARD,100.57,LOW
TA0874,TREATMENT,94-STC,WATERLINE,"[2020, 2021, 2023]",3,2020,2023,-593.97,-197.99,-88.89,APPARENT_LANDWARD,"[2023, 2024, 2025, 2026]",4,2023,2026,-67.11,-22.37,36.43,APPARENT_LANDWARD,125.32,LOW
TA0874,TREATMENT,94-STC,MANGROVE_EDGE_PROXY,"[2017, 2018, 2019, 2020, 2021, 2022, 2023]",7,2017,2023,-56.57,-9.43,-8.08,APPARENT_LANDWARD,"[2023, 2024, 2025, 2026]",4,2023,2026,56.57,18.86,19.8,APPARENT_SEAWARD,27.88,LOW
TA0875,TREATMENT,92-STC,WATERLINE,"[2020, 2023]",2,2020,2023,-180.41,-60.14,-60.14,APPARENT_LANDWARD,"[2023, 2024, 2025, 2026]",4,2023,2026,80.18,26.73,14.03,APPARENT_SEAWARD,74.17,LOW
TA0875,TREATMENT,92-STC,MANGROVE_EDGE_PROXY,"[2017, 2018, 2019, 2020, 2021, 2022, 2023]",7,2017,2023,-761.75,-126.96,-82.33,APPARENT_LANDWARD,"[2023, 2024, 2025, 2026]",4,2023,2026,220.51,73.5,66.15,APPARENT_SEAWARD,148.48,LOW
TA0878,TREATMENT,92-STC,WATERLINE,"[2020, 2023]",2,2020,2023,184.67,61.56,61.56,APPARENT_SEAWARD,"[2023, 2024, 2025, 2026]",4,2023,2026,0.0,0.0,0.0,WITHIN_20M,-61.56,LOW
TA0878,TREATMENT,92-STC,MANGROVE_EDGE_PROXY,"[2017, 2018, 2019, 2020, 2021, 2022, 2023]",7,2017,2023,677.11,112.85,72.55,APPARENT_SEAWARD,"[2023, 2024, 2025, 2026]",4,2023,2026,-677.11,-225.7,-203.13,APPARENT_LANDWARD,-275.68,LOW
TA0879,TREATMENT,92-STC,WATERLINE,"[2020, 2023]",2,2020,2023,180.0,60.0,60.0,APPARENT_SEAWARD,"[2023, 2024, 2025, 2026]",4,2023,2026,0.0,0.0,0.0,WITHIN_20M,-60.0,LOW
TA0879,TREATMENT,92-STC,MANGROVE_EDGE_PROXY,"[2017, 2018, 2019, 2020, 2021, 2022, 2023]",7,2017,2023,0.0,0.0,40.0,WITHIN_20M,"[2023, 2024, 2025, 2026]",4,2023,2026,-1080.0,-360.0,-324.0,APPARENT_LANDWARD,-364.0,LOW
TA0882,TREATMENT,92-STC,WATERLINE,"[2020, 2021, 2023]",3,2020,2023,191.94,63.98,-53.61,APPARENT_SEAWARD,"[2023, 2024, 2025, 2026]",4,2023,2026,20.52,6.84,6.16,APPARENT_SEAWARD,59.77,LOW
TA0882,TREATMENT,92-STC,MANGROVE_EDGE_PROXY,"[2017, 2018, 2019, 2020, 2021, 2022, 2023]",7,2017,2023,0.0,0.0,-0.65,WITHIN_20M,"[2023, 2024, 2025, 2026]",4,2023,2026,20.52,6.84,6.16,APPARENT_SEAWARD,6.81,LOW
TA0888,TREATMENT,93-STC,WATERLINE,"[2020, 2021, 2023]",3,2020,2023,809.7,269.9,289.18,APPARENT_SEAWARD,"[2023, 2024, 2025, 2026]",4,2023,2026,0.0,0.0,0.0,WITHIN_20M,-289.18,LOW
TA0888,TREATMENT,93-STC,MANGROVE_EDGE_PROXY,"[2017, 2018, 2019, 2020, 2021, 2022, 2023]",7,2017,2023,0.0,0.0,80.18,WITHIN_20M,"[2023, 2024, 2025, 2026]",4,2023,2026,0.0,0.0,0.0,WITHIN_20M,-80.18,LOW
TA0890,TREATMENT,93-STC,WATERLINE,"[2020, 2021, 2023]",3,2020,2023,951.12,317.04,339.69,APPARENT_SEAWARD,"[2023, 2024, 2025, 2026]",4,2023,2026,0.0,0.0,0.0,WITHIN_20M,-339.69,LOW
TA0890,TREATMENT,93-STC,MANGROVE_EDGE_PROXY,"[2017, 2018, 2019, 2020, 2021, 2022, 2023]",7,2017,2023,-244.01,-40.67,51.38,APPARENT_LANDWARD,"[2023, 2024, 2025, 2026]",4,2023,2026,244.01,81.34,74.98,APPARENT_SEAWARD,23.6,LOW
TA0891,TREATMENT,92-STC,WATERLINE,"[2020, 2021, 2023]",3,2020,2023,-540.0,-180.0,-70.0,APPARENT_LANDWARD,"[2023, 2024, 2025, 2026]",4,2023,2026,0.0,0.0,-0.0,WITHIN_20M,70.0,LOW
TA0891,TREATMENT,92-STC,MANGROVE_EDGE_PROXY,"[2017, 2018, 2019, 2020, 2021, 2022, 2023]",7,2017,2023,-600.0,-100.0,-65.0,APPARENT_LANDWARD,"[2023, 2024, 2025, 2026]",4,2023,2026,40.0,13.33,12.0,APPARENT_SEAWARD,77.0,LOW
TA0892,TREATMENT,92-STC,WATERLINE,"[2020, 2021, 2023]",3,2020,2023,-580.0,-193.33,-80.0,APPARENT_LANDWARD,"[2023, 2024, 2025, 2026]",4,2023,2026,0.0,0.0,-10.0,WITHIN_20M,70.0,LOW
TA0892,TREATMENT,92-STC,MANGROVE_EDGE_PROXY,"[2017, 2018, 2019, 2020, 2021, 2022, 2023]",7,2017,2023,-740.0,-123.33,-79.29,APPARENT_LANDWARD,"[2023, 2024, 2025, 2026]",4,2023,2026,180.0,60.0,54.0,APPARENT_SEAWARD,133.29,LOW
TA0894,TREATMENT,92-STC,WATERLINE,"[2020, 2021, 2023]",3,2020,2023,-500.0,-166.67,-51.43,APPARENT_LANDWARD,"[2023, 2024, 2025, 2026]",4,2023,2026,-20.0,-6.67,-4.0,WITHIN_20M,47.43,LOW
TA0894,TREATMENT,92-STC,MANGROVE_EDGE_PROXY,"[2017, 2018, 2019, 2020, 2021, 2022, 2023]",7,2017,2023,-240.0,-40.0,-26.43,APPARENT_LANDWARD,"[2023, 2024, 2025, 2026]",4,2023,2026,220.0,73.33,66.0,APPARENT_SEAWARD,92.43,LOW
TA0895,TREATMENT,93-STC,WATERLINE,"[2020, 2021, 2023]",3,2020,2023,1131.37,377.12,404.06,APPARENT_SEAWARD,"[2023, 2024, 2025, 2026]",4,2023,2026,0.0,0.0,0.0,WITHIN_20M,-404.06,LOW
TA0895,TREATMENT,93-STC,MANGROVE_EDGE_PROXY,"[2017, 2018, 2019, 2020, 2021, 2022, 2023]",7,2017,2023,-197.99,-33.0,-21.21,APPARENT_LANDWARD,"[2023, 2024, 2025, 2026]",4,2023,2026,169.71,56.57,50.91,APPARENT_SEAWARD,72.12,LOW
TA0896,TREATMENT,94-STC,WATERLINE,"[2020, 2021, 2023]",3,2020,2023,1286.91,428.97,459.61,APPARENT_SEAWARD,"[2023, 2024, 2025, 2026]",4,2023,2026,0.0,0.0,0.58,WITHIN_20M,-459.03,LOW
TA0896,TREATMENT,94-STC,MANGROVE_EDGE_PROXY,"[2017, 2018, 2019, 2020, 2021, 2022, 2023]",7,2017,2023,-191.94,-31.99,-49.88,APPARENT_LANDWARD,"[2023, 2024, 2025, 2026]",4,2023,2026,171.42,57.14,51.43,APPARENT_SEAWARD,101.31,LOW
TA0897,TREATMENT,92-STC,WATERLINE,"[2020, 2021, 2023]",3,2020,2023,-661.51,-220.5,-101.66,APPARENT_LANDWARD,"[2023, 2024, 2025, 2026]",4,2023,2026,-20.05,-6.68,-4.01,APPARENT_LANDWARD,97.65,LOW
TA0897,TREATMENT,92-STC,MANGROVE_EDGE_PROXY,"[2017, 2018, 2019, 2020, 2021, 2022, 2023]",7,2017,2023,-180.42,-30.07,-30.07,APPARENT_LANDWARD,"[2023, 2024, 2025, 2026]",4,2023,2026,180.42,60.14,54.13,APPARENT_SEAWARD,84.2,LOW
TA0898,TREATMENT,96-STC,WATERLINE,[2023],1,,,,,,INSUFFICIENT_DATA,"[2023, 2026]",2,2023,2026,0.0,0.0,0.0,WITHIN_20M,,LOW
TA0898,TREATMENT,96-STC,MANGROVE_EDGE_PROXY,"[2017, 2018, 2019, 2020, 2021, 2022, 2023]",7,2017,2023,-820.0,-136.67,-158.57,APPARENT_LANDWARD,"[2023, 2024, 2025, 2026]",4,2023,2026,140.0,46.67,42.0,APPARENT_SEAWARD,200.57,LOW
TA0900,TREATMENT,92-STC,WATERLINE,"[2020, 2021, 2023]",3,2020,2023,677.1,225.7,106.99,APPARENT_SEAWARD,"[2023, 2024, 2025, 2026]",4,2023,2026,61.56,20.52,26.68,APPARENT_SEAWARD,-80.31,LOW
TA0900,TREATMENT,92-STC,MANGROVE_EDGE_PROXY,"[2017, 2018, 2019, 2020, 2021, 2022, 2023]",7,2017,2023,-20.52,-3.42,-2.2,APPARENT_LANDWARD,"[2023, 2024, 2025, 2026]",4,2023,2026,20.52,6.84,8.21,APPARENT_SEAWARD,10.41,LOW
TA0903,TREATMENT,93-STC,WATERLINE,"[2020, 2021, 2023]",3,2020,2023,936.98,312.33,334.64,APPARENT_SEAWARD,"[2023, 2024, 2025, 2026]",4,2023,2026,0.0,0.0,0.0,WITHIN_20M,-334.64,LOW
TA0903,TREATMENT,93-STC,MANGROVE_EDGE_PROXY,"[2017, 2018, 2019, 2020, 2021, 2022, 2023]",7,2017,2023,-3.6,-0.6,-0.51,WITHIN_20M,"[2023, 2024, 2025, 2026]",4,2023,2026,0.0,0.0,0.0,WITHIN_20M,0.51,LOW
TA0904,TREATMENT,93-STC,WATERLINE,"[2020, 2021, 2023]",3,2020,2023,961.67,320.56,343.45,APPARENT_SEAWARD,"[2023, 2024, 2025, 2026]",4,2023,2026,0.0,0.0,1.77,WITHIN_20M,-341.68,LOW
TA0904,TREATMENT,93-STC,MANGROVE_EDGE_PROXY,"[2017, 2018, 2019, 2020, 2021, 2022, 2023]",7,2017,2023,-17.74,-2.96,-1.9,WITHIN_20M,"[2023, 2024, 2025, 2026]",4,2023,2026,17.74,5.91,5.32,WITHIN_20M,7.22,LOW
TA0905,TREATMENT,93-STC,WATERLINE,"[2020, 2021, 2023]",3,2020,2023,965.27,321.76,344.74,APPARENT_SEAWARD,"[2023, 2024, 2025, 2026]",4,2023,2026,-3.6,-1.2,-1.08,WITHIN_20M,-345.82,LOW
TA0905,TREATMENT,93-STC,MANGROVE_EDGE_PROXY,"[2017, 2018, 2019, 2020, 2021, 2022, 2023]",7,2017,2023,-28.28,-4.71,-3.03,APPARENT_LANDWARD,"[2023, 2024, 2025, 2026]",4,2023,2026,28.28,9.43,8.48,APPARENT_SEAWARD,11.51,LOW
TA0906,TREATMENT,93-STC,WATERLINE,"[2020, 2021, 2023]",3,2020,2023,831.5,277.17,298.54,APPARENT_SEAWARD,"[2023, 2024, 2025, 2026]",4,2023,2026,-17.95,-5.98,-5.38,WITHIN_20M,-303.92,LOW
TA0906,TREATMENT,93-STC,MANGROVE_EDGE_PROXY,"[2017, 2018, 2019, 2020, 2021, 2022, 2023]",7,2017,2023,-175.9,-29.32,69.1,APPARENT_LANDWARD,"[2023, 2024, 2025, 2026]",4,2023,2026,153.91,51.3,46.17,APPARENT_SEAWARD,-22.93,LOW
TA0907,TREATMENT,93-STC,WATERLINE,"[2020, 2021, 2023]",3,2020,2023,961.67,320.56,343.45,APPARENT_SEAWARD,"[2023, 2024, 2025, 2026]",4,2023,2026,0.0,0.0,2.47,WITHIN_20M,-340.98,LOW
TA0907,TREATMENT,93-STC,MANGROVE_EDGE_PROXY,"[2017, 2018, 2019, 2020, 2021, 2022, 2023]",7,2017,2023,-169.71,-28.29,-19.07,APPARENT_LANDWARD,"[2023, 2024, 2025, 2026]",4,2023,2026,145.02,48.34,43.51,APPARENT_SEAWARD,62.58,LOW
TA0908,TREATMENT,92-STC,WATERLINE,"[2020, 2021, 2023]",3,2020,2023,880.0,293.33,314.29,APPARENT_SEAWARD,"[2023, 2024, 2025, 2026]",4,2023,2026,0.0,0.0,2.0,WITHIN_20M,-312.29,LOW
TA0908,TREATMENT,92-STC,MANGROVE_EDGE_PROXY,"[2017, 2018, 2019, 2020, 2021, 2022, 2023]",7,2017,2023,-60.0,-10.0,-22.14,APPARENT_LANDWARD,"[2023, 2024, 2025, 2026]",4,2023,2026,40.0,13.33,12.0,APPARENT_SEAWARD,34.14,LOW
TA0909,TREATMENT,93-STC,WATERLINE,"[2020, 2021, 2023]",3,2020,2023,1008.63,336.21,360.23,APPARENT_SEAWARD,"[2023, 2024, 2025, 2026]",4,2023,2026,28.51,9.5,8.55,APPARENT_SEAWARD,-351.68,LOW
TA0909,TREATMENT,93-STC,MANGROVE_EDGE_PROXY,"[2017, 2018, 2019, 2020, 2021, 2022, 2023]",7,2017,2023,-761.82,-126.97,-113.24,APPARENT_LANDWARD,"[2023, 2024, 2025, 2026]",4,2023,2026,126.48,42.16,37.94,APPARENT_SEAWARD,151.18,LOW
TA0910,TREATMENT,92-STC,WATERLINE,"[2020, 2021, 2023]",3,2020,2023,902.81,300.94,322.43,APPARENT_SEAWARD,"[2023, 2024, 2025, 2026]",4,2023,2026,0.0,0.0,2.05,WITHIN_20M,-320.38,LOW
TA0910,TREATMENT,92-STC,MANGROVE_EDGE_PROXY,"[2017, 2018, 2019, 2020, 2021, 2022, 2023]",7,2017,2023,-20.52,-3.42,-2.93,APPARENT_LANDWARD,"[2023, 2024, 2025, 2026]",4,2023,2026,0.0,0.0,0.0,WITHIN_20M,2.93,LOW
TA0911,TREATMENT,92-STC,WATERLINE,"[2020, 2021, 2023]",3,2020,2023,880.0,293.33,314.29,APPARENT_SEAWARD,"[2023, 2024, 2025, 2026]",4,2023,2026,0.0,0.0,0.0,WITHIN_20M,-314.29,LOW
TA0911,TREATMENT,92-STC,MANGROVE_EDGE_PROXY,"[2017, 2018, 2019, 2020, 2021, 2022, 2023]",7,2017,2023,-40.0,-6.67,-5.0,APPARENT_LANDWARD,"[2023, 2024, 2025, 2026]",4,2023,2026,20.0,6.67,6.0,WITHIN_20M,11.0,LOW
TA0912,TREATMENT,92-STC,WATERLINE,"[2020, 2021, 2023]",3,2020,2023,900.0,300.0,321.43,APPARENT_SEAWARD,"[2023, 2024, 2025, 2026]",4,2023,2026,0.0,0.0,2.0,WITHIN_20M,-319.43,LOW
TA0912,TREATMENT,92-STC,MANGROVE_EDGE_PROXY,"[2017, 2018, 2019, 2020, 2021, 2022, 2023]",7,2017,2023,-180.0,-30.0,-18.57,APPARENT_LANDWARD,"[2023, 2024, 2025, 2026]",4,2023,2026,140.0,46.67,42.0,APPARENT_SEAWARD,60.57,LOW
TA0914,TREATMENT,93-STC,WATERLINE,"[2020, 2021, 2023]",3,2020,2023,848.53,282.84,305.07,APPARENT_SEAWARD,"[2023, 2024, 2025, 2026]",4,2023,2026,0.0,0.0,0.0,WITHIN_20M,-305.07,LOW
TA0914,TREATMENT,93-STC,MANGROVE_EDGE_PROXY,"[2017, 2018, 2019, 2020, 2021, 2022, 2023]",7,2017,2023,-395.98,-66.0,-80.81,APPARENT_LANDWARD,"[2023, 2024, 2025, 2026]",4,2023,2026,102.59,34.2,30.78,APPARENT_SEAWARD,111.59,LOW
TA0915,TREATMENT,92-STC,WATERLINE,"[2020, 2021, 2023]",3,2020,2023,840.0,280.0,301.43,APPARENT_SEAWARD,"[2023, 2024, 2025, 2026]",4,2023,2026,0.0,0.0,2.0,WITHIN_20M,-299.43,LOW
TA0915,TREATMENT,92-STC,MANGROVE_EDGE_PROXY,"[2017, 2018, 2019, 2020, 2021, 2022, 2023]",7,2017,2023,-420.0,-70.0,-42.86,APPARENT_LANDWARD,"[2023, 2024, 2025, 2026]",4,2023,2026,220.0,73.33,66.0,APPARENT_SEAWARD,108.86,LOW
TA0916,TREATMENT,92-STC,WATERLINE,"[2020, 2021, 2023]",3,2020,2023,879.51,293.17,314.11,APPARENT_SEAWARD,"[2023, 2024, 2025, 2026]",4,2023,2026,0.0,0.0,2.2,WITHIN_20M,-311.91,LOW
TA0916,TREATMENT,92-STC,MANGROVE_EDGE_PROXY,"[2017, 2018, 2019, 2020, 2021, 2022, 2023]",7,2017,2023,-1033.43,-172.24,-173.3,APPARENT_LANDWARD,"[2023, 2024, 2025, 2026]",4,2023,2026,461.75,153.92,136.33,APPARENT_SEAWARD,309.63,LOW
TA0917,TREATMENT,93-STC,WATERLINE,"[2020, 2021, 2023]",3,2020,2023,910.45,303.48,327.49,APPARENT_SEAWARD,"[2023, 2024, 2025, 2026]",4,2023,2026,0.0,0.0,3.27,WITHIN_20M,-324.22,LOW
TA0917,TREATMENT,93-STC,MANGROVE_EDGE_PROXY,"[2017, 2018, 2019, 2020, 2021, 2022, 2023]",7,2017,2023,-126.48,-21.08,-14.08,APPARENT_LANDWARD,"[2023, 2024, 2025, 2026]",4,2023,2026,115.89,38.63,33.71,APPARENT_SEAWARD,47.79,LOW
TA0918,TREATMENT,92-STC,WATERLINE,"[2020, 2021, 2023]",3,2020,2023,772.45,257.48,276.39,APPARENT_SEAWARD,"[2023, 2024, 2025, 2026]",4,2023,2026,0.0,0.0,2.05,WITHIN_20M,-274.34,LOW
TA0918,TREATMENT,92-STC,MANGROVE_EDGE_PROXY,"[2017, 2018, 2019, 2020, 2021, 2022, 2023]",7,2017,2023,-636.08,-106.01,-104.79,APPARENT_LANDWARD,"[2023, 2024, 2025, 2026]",4,2023,2026,128.52,42.84,41.15,APPARENT_SEAWARD,145.94,LOW
TA0919,TREATMENT,92-STC,WATERLINE,"[2020, 2021, 2023]",3,2020,2023,781.79,260.6,280.64,APPARENT_SEAWARD,"[2023, 2024, 2025, 2026]",4,2023,2026,0.0,0.0,2.01,WITHIN_20M,-278.63,LOW
TA0919,TREATMENT,92-STC,MANGROVE_EDGE_PROXY,"[2017, 2018, 2019, 2020, 2021, 2022, 2023]",7,2017,2023,-481.11,-80.19,-81.77,APPARENT_LANDWARD,"[2023, 2024, 2025, 2026]",4,2023,2026,80.19,26.73,24.06,APPARENT_SEAWARD,105.83,LOW
TA0920,TREATMENT,91-STC,WATERLINE,"[2020, 2023]",2,2020,2023,-1309.67,-436.56,-436.56,APPARENT_LANDWARD,"[2023, 2024, 2025, 2026]",4,2023,2026,0.0,0.0,-0.0,WITHIN_20M,436.56,LOW
TA0920,TREATMENT,91-STC,MANGROVE_EDGE_PROXY,"[2017, 2018, 2019, 2020, 2021, 2022, 2023]",7,2017,2023,-430.89,-71.81,-47.63,APPARENT_LANDWARD,"[2023, 2024, 2025, 2026]",4,2023,2026,0.0,0.0,0.0,WITHIN_20M,47.63,LOW
TA0921,TREATMENT,92-STC,WATERLINE,"[2020, 2021, 2023]",3,2020,2023,1012.59,337.53,361.64,APPARENT_SEAWARD,"[2023, 2024, 2025, 2026]",4,2023,2026,-4.15,-1.38,-1.24,WITHIN_20M,-362.88,LOW
TA0921,TREATMENT,92-STC,MANGROVE_EDGE_PROXY,"[2017, 2018, 2019, 2020, 2021, 2022, 2023]",7,2017,2023,-513.27,-85.55,-60.83,APPARENT_LANDWARD,"[2023, 2024, 2025, 2026]",4,2023,2026,447.94,149.31,134.38,APPARENT_SEAWARD,195.21,LOW
TA0923,TREATMENT,92-STC,WATERLINE,"[2020, 2021, 2023]",3,2020,2023,812.69,270.9,290.25,APPARENT_SEAWARD,"[2023, 2024, 2025, 2026]",4,2023,2026,-28.51,-9.5,-0.96,APPARENT_LANDWARD,-291.21,LOW
TA0923,TREATMENT,92-STC,MANGROVE_EDGE_PROXY,"[2017, 2018, 2019, 2020, 2021, 2022, 2023]",7,2017,2023,-25.3,-4.22,-5.42,APPARENT_LANDWARD,"[2023, 2024, 2025, 2026]",4,2023,2026,0.0,0.0,0.0,WITHIN_20M,5.42,LOW
TA0924,TREATMENT,92-STC,WATERLINE,"[2020, 2021, 2023]",3,2020,2023,915.64,305.21,327.01,APPARENT_SEAWARD,"[2023, 2024, 2025, 2026]",4,2023,2026,0.0,0.0,0.0,WITHIN_20M,-327.01,LOW
TA0924,TREATMENT,92-STC,MANGROVE_EDGE_PROXY,"[2017, 2018, 2019, 2020, 2021, 2022, 2023]",7,2017,2023,-38.83,-6.47,-6.81,APPARENT_LANDWARD,"[2023, 2024, 2025, 2026]",4,2023,2026,10.55,3.52,3.17,WITHIN_20M,9.98,LOW
TA0925,TREATMENT,91-STC,WATERLINE,"[2020, 2021, 2023]",3,2020,2023,661.52,220.51,239.12,APPARENT_SEAWARD,"[2023, 2024, 2025, 2026]",4,2023,2026,0.0,0.0,2.0,WITHIN_20M,-237.12,LOW
TA0925,TREATMENT,91-STC,MANGROVE_EDGE_PROXY,"[2017, 2018, 2019, 2020, 2021, 2022, 2023]",7,2017,2023,-20.04,-3.34,-55.84,APPARENT_LANDWARD,"[2023, 2024, 2025, 2026]",4,2023,2026,0.0,0.0,0.0,WITHIN_20M,55.84,LOW
TA0926,TREATMENT,92-STC,WATERLINE,"[2020, 2021, 2023]",3,2020,2023,677.11,225.7,243.29,APPARENT_SEAWARD,"[2023, 2024, 2025, 2026]",4,2023,2026,0.0,0.0,2.05,WITHIN_20M,-241.24,LOW
TA0926,TREATMENT,92-STC,MANGROVE_EDGE_PROXY,"[2017, 2018, 2019, 2020, 2021, 2022, 2023]",7,2017,2023,-123.11,-20.52,-17.59,APPARENT_LANDWARD,"[2023, 2024, 2025, 2026]",4,2023,2026,82.07,27.36,24.62,APPARENT_SEAWARD,42.21,LOW
TA0927,TREATMENT,92-STC,WATERLINE,"[2020, 2021, 2023]",3,2020,2023,758.88,252.96,271.03,APPARENT_SEAWARD,"[2023, 2024, 2025, 2026]",4,2023,2026,0.0,0.0,0.0,WITHIN_20M,-271.03,LOW
TA0927,TREATMENT,92-STC,MANGROVE_EDGE_PROXY,"[2017, 2018, 2019, 2020, 2021, 2022, 2023]",7,2017,2023,-102.15,-17.03,-13.66,APPARENT_LANDWARD,"[2023, 2024, 2025, 2026]",4,2023,2026,65.33,21.78,19.6,APPARENT_SEAWARD,33.26,LOW
TA0928,TREATMENT,91-STC,WATERLINE,"[2020, 2021, 2023]",3,2020,2023,1220.0,406.67,437.14,APPARENT_SEAWARD,"[2023, 2024, 2025, 2026]",4,2023,2026,20.0,6.67,8.0,WITHIN_20M,-429.14,LOW
TA0928,TREATMENT,91-STC,MANGROVE_EDGE_PROXY,"[2017, 2018, 2019, 2020, 2021, 2022, 2023]",7,2017,2023,-120.0,-20.0,-44.29,APPARENT_LANDWARD,"[2023, 2024, 2025, 2026]",4,2023,2026,80.0,26.67,24.0,APPARENT_SEAWARD,68.29,LOW
TA0929,TREATMENT,92-STC,WATERLINE,"[2020, 2021, 2023]",3,2020,2023,881.94,293.98,314.98,APPARENT_SEAWARD,"[2023, 2024, 2025, 2026]",4,2023,2026,28.51,9.5,18.35,APPARENT_SEAWARD,-296.63,LOW
TA0929,TREATMENT,92-STC,MANGROVE_EDGE_PROXY,"[2017, 2018, 2019, 2020, 2021, 2022, 2023]",7,2017,2023,-130.66,-21.78,-124.83,APPARENT_LANDWARD,"[2023, 2024, 2025, 2026]",4,2023,2026,65.33,21.78,19.6,APPARENT_SEAWARD,144.43,LOW
TA0930,TREATMENT,92-STC,WATERLINE,"[2020, 2021, 2023]",3,2020,2023,1121.38,373.79,400.49,APPARENT_SEAWARD,"[2023, 2024, 2025, 2026]",4,2023,2026,-21.99,-7.33,-4.4,APPARENT_LANDWARD,-404.89,LOW
TA0930,TREATMENT,92-STC,MANGROVE_EDGE_PROXY,"[2017, 2018, 2019, 2020, 2021, 2022, 2023]",7,2017,2023,-153.92,-25.65,-16.49,APPARENT_LANDWARD,"[2023, 2024, 2025, 2026]",4,2023,2026,113.98,37.99,34.19,APPARENT_SEAWARD,50.68,LOW
TA0931,TREATMENT,91-STC,WATERLINE,"[2020, 2021, 2023]",3,2020,2023,1218.84,406.28,435.3,APPARENT_SEAWARD,"[2023, 2024, 2025, 2026]",4,2023,2026,0.0,0.0,2.0,WITHIN_20M,-433.3,LOW
TA0931,TREATMENT,91-STC,MANGROVE_EDGE_PROXY,"[2017, 2018, 2019, 2020, 2021, 2022, 2023]",7,2017,2023,-20.05,-3.34,-0.72,APPARENT_LANDWARD,"[2023, 2024, 2025, 2026]",4,2023,2026,0.0,0.0,-2.01,WITHIN_20M,-1.29,LOW
TA0932,TREATMENT,91-STC,WATERLINE,"[2020, 2021, 2023]",3,2020,2023,1041.06,347.02,371.81,APPARENT_SEAWARD,"[2023, 2024, 2025, 2026]",4,2023,2026,0.0,0.0,0.54,WITHIN_20M,-371.27,LOW
TA0932,TREATMENT,91-STC,MANGROVE_EDGE_PROXY,"[2017, 2018, 2019, 2020, 2021, 2022, 2023]",7,2017,2023,0.0,0.0,0.0,WITHIN_20M,"[2023, 2024, 2025, 2026]",4,2023,2026,0.0,0.0,0.0,WITHIN_20M,0.0,LOW
TA0933,TREATMENT,92-STC,WATERLINE,"[2020, 2021, 2023]",3,2020,2023,708.29,236.1,254.77,APPARENT_SEAWARD,"[2023, 2024, 2025, 2026]",4,2023,2026,-25.3,-8.43,-5.06,APPARENT_LANDWARD,-259.83,LOW
TA0933,TREATMENT,92-STC,MANGROVE_EDGE_PROXY,"[2017, 2018, 2019, 2020, 2021, 2022, 2023]",7,2017,2023,-25.3,-4.22,-70.08,APPARENT_LANDWARD,"[2023, 2024, 2025, 2026]",4,2023,2026,0.0,0.0,0.0,WITHIN_20M,70.08,LOW
TA0934,TREATMENT,91-STC,WATERLINE,"[2020, 2021, 2023]",3,2020,2023,944.75,314.92,337.46,APPARENT_SEAWARD,"[2023, 2024, 2025, 2026]",4,2023,2026,0.0,0.0,0.0,WITHIN_20M,-337.46,LOW
TA0934,TREATMENT,91-STC,MANGROVE_EDGE_PROXY,"[2017, 2018, 2019, 2020, 2021, 2022, 2023]",7,2017,2023,-21.99,-3.66,-2.36,APPARENT_LANDWARD,"[2023, 2024, 2025, 2026]",4,2023,2026,0.0,0.0,0.0,WITHIN_20M,2.36,LOW
TA0935,TREATMENT,92-STC,WATERLINE,"[2020, 2021, 2023]",3,2020,2023,731.8,243.93,263.38,APPARENT_SEAWARD,"[2023, 2024, 2025, 2026]",4,2023,2026,0.0,0.0,2.83,WITHIN_20M,-260.55,LOW
TA0935,TREATMENT,92-STC,MANGROVE_EDGE_PROXY,"[2017, 2018, 2019, 2020, 2021, 2022, 2023]",7,2017,2023,0.0,0.0,-0.0,WITHIN_20M,"[2023, 2024, 2025, 2026]",4,2023,2026,0.0,0.0,0.0,WITHIN_20M,0.0,LOW
TA0936,TREATMENT,91-STC,WATERLINE,"[2020, 2021, 2023]",3,2020,2023,1380.0,460.0,494.29,APPARENT_SEAWARD,"[2023, 2024, 2025, 2026]",4,2023,2026,0.0,0.0,0.0,WITHIN_20M,-494.29,LOW
TA0936,TREATMENT,91-STC,MANGROVE_EDGE_PROXY,"[2017, 2018, 2019, 2020, 2021, 2022, 2023]",7,2017,2023,-20.0,-3.33,-45.0,WITHIN_20M,"[2023, 2024, 2025, 2026]",4,2023,2026,0.0,0.0,-0.0,WITHIN_20M,45.0,LOW
TA0937,TREATMENT,91-STC,WATERLINE,"[2020, 2021, 2023]",3,2020,2023,1363.13,454.38,486.83,APPARENT_SEAWARD,"[2023, 2024, 2025, 2026]",4,2023,2026,0.0,0.0,0.0,WITHIN_20M,-486.83,LOW
TA0937,TREATMENT,91-STC,MANGROVE_EDGE_PROXY,"[2017, 2018, 2019, 2020, 2021, 2022, 2023]",7,2017,2023,-40.09,-6.68,-14.32,APPARENT_LANDWARD,"[2023, 2024, 2025, 2026]",4,2023,2026,20.05,6.68,6.02,APPARENT_SEAWARD,20.34,LOW
TA0939,TREATMENT,91-STC,WATERLINE,"[2020, 2021, 2023]",3,2020,2023,910.66,303.55,325.29,APPARENT_SEAWARD,"[2023, 2024, 2025, 2026]",4,2023,2026,-25.3,-8.43,-7.59,APPARENT_LANDWARD,-332.88,LOW
TA0939,TREATMENT,91-STC,MANGROVE_EDGE_PROXY,"[2017, 2018, 2019, 2020, 2021, 2022, 2023]",7,2017,2023,-1492.47,-248.75,-312.59,APPARENT_LANDWARD,"[2023, 2024, 2025, 2026]",4,2023,2026,25.3,8.43,154.31,APPARENT_SEAWARD,466.9,LOW
TA0940,TREATMENT,91-STC,WATERLINE,"[2020, 2021, 2023]",3,2020,2023,848.53,282.84,303.05,APPARENT_SEAWARD,"[2023, 2024, 2025, 2026]",4,2023,2026,-17.74,-5.91,-4.27,WITHIN_20M,-307.32,LOW
TA0940,TREATMENT,91-STC,MANGROVE_EDGE_PROXY,"[2017, 2018, 2019, 2020, 2021, 2022, 2023]",7,2017,2023,-1470.79,-245.13,-154.43,APPARENT_LANDWARD,"[2023, 2024, 2025, 2026]",4,2023,2026,10.55,3.52,3.17,WITHIN_20M,157.6,LOW
TA0941,TREATMENT,91-STC,WATERLINE,"[2020, 2021, 2023]",3,2020,2023,1360.0,453.33,488.57,APPARENT_SEAWARD,"[2023, 2024, 2025, 2026]",4,2023,2026,0.0,0.0,0.0,WITHIN_20M,-488.57,LOW
TA0941,TREATMENT,91-STC,MANGROVE_EDGE_PROXY,"[2017, 2018, 2019, 2020, 2021, 2022, 2023]",7,2017,2023,-100.0,-16.67,-17.14,APPARENT_LANDWARD,"[2023, 2024, 2025, 2026]",4,2023,2026,20.0,6.67,6.0,WITHIN_20M,23.14,LOW
TA0943,TREATMENT,91-STC,WATERLINE,"[2020, 2021, 2023]",3,2020,2023,1420.0,473.33,510.0,APPARENT_SEAWARD,"[2023, 2024, 2025, 2026]",4,2023,2026,-20.0,-6.67,-6.0,WITHIN_20M,-516.0,LOW
TA0943,TREATMENT,91-STC,MANGROVE_EDGE_PROXY,"[2017, 2018, 2019, 2020, 2021, 2022, 2023]",7,2017,2023,-60.0,-10.0,-11.43,APPARENT_LANDWARD,"[2023, 2024, 2025, 2026]",4,2023,2026,0.0,0.0,0.0,WITHIN_20M,11.43,LOW
TA0944,TREATMENT,92-STC,WATERLINE,"[2020, 2021, 2023]",3,2020,2023,1456.81,485.6,520.29,APPARENT_SEAWARD,"[2023, 2024, 2025, 2026]",4,2023,2026,0.0,0.0,0.92,WITHIN_20M,-519.37,LOW
TA0944,TREATMENT,92-STC,MANGROVE_EDGE_PROXY,"[2017, 2018, 2019, 2020, 2021, 2022, 2023]",7,2017,2023,-266.74,-44.46,-43.23,APPARENT_LANDWARD,"[2023, 2024, 2025, 2026]",4,2023,2026,20.52,6.84,6.16,APPARENT_SEAWARD,49.39,LOW
TA0945,TREATMENT,92-STC,WATERLINE,[2023],1,,,,,,INSUFFICIENT_DATA,"[2023, 2026]",2,2023,2026,0.0,0.0,0.0,WITHIN_20M,,LOW
TA0945,TREATMENT,92-STC,MANGROVE_EDGE_PROXY,"[2017, 2018, 2019, 2020, 2021, 2022, 2023]",7,2017,2023,-1460.0,-243.33,-310.71,APPARENT_LANDWARD,"[2023, 2024, 2025, 2026]",4,2023,2026,20.0,6.67,6.0,WITHIN_20M,316.71,LOW
TA0946,TREATMENT,91-STC,WATERLINE,"[2020, 2021, 2023]",3,2020,2023,1231.11,410.37,441.15,APPARENT_SEAWARD,"[2023, 2024, 2025, 2026]",4,2023,2026,0.0,0.0,0.0,WITHIN_20M,-441.15,LOW
TA0946,TREATMENT,91-STC,MANGROVE_EDGE_PROXY,"[2017, 2018, 2019, 2020, 2021, 2022, 2023]",7,2017,2023,-184.67,-30.78,-31.51,APPARENT_LANDWARD,"[2023, 2024, 2025, 2026]",4,2023,2026,20.52,6.84,4.1,APPARENT_SEAWARD,35.61,LOW
TA0947,TREATMENT,91-STC,WATERLINE,"[2020, 2021, 2023]",3,2020,2023,1265.45,421.82,454.81,APPARENT_SEAWARD,"[2023, 2024, 2025, 2026]",4,2023,2026,37.54,12.51,11.26,APPARENT_SEAWARD,-443.55,LOW
TA0947,TREATMENT,91-STC,MANGROVE_EDGE_PROXY,"[2017, 2018, 2019, 2020, 2021, 2022, 2023]",7,2017,2023,-220.5,-36.75,-100.23,APPARENT_LANDWARD,"[2023, 2024, 2025, 2026]",4,2023,2026,0.0,0.0,0.0,WITHIN_20M,100.23,LOW
TA0948,TREATMENT,92-STC,WATERLINE,[2023],1,,,,,,INSUFFICIENT_DATA,"[2023, 2026]",2,2023,2026,20.0,6.67,6.67,WITHIN_20M,,LOW
TA0948,TREATMENT,92-STC,MANGROVE_EDGE_PROXY,"[2017, 2018, 2019, 2020, 2021, 2022, 2023]",7,2017,2023,-1420.0,-236.67,-306.43,APPARENT_LANDWARD,"[2023, 2024, 2025, 2026]",4,2023,2026,20.0,6.67,4.0,WITHIN_20M,310.43,LOW
TA0949,TREATMENT,91-STC,WATERLINE,"[2020, 2021, 2023]",3,2020,2023,993.55,331.18,356.86,APPARENT_SEAWARD,"[2023, 2024, 2025, 2026]",4,2023,2026,0.0,0.0,0.0,WITHIN_20M,-356.86,LOW
TA0949,TREATMENT,91-STC,MANGROVE_EDGE_PROXY,"[2017, 2018, 2019, 2020, 2021, 2022, 2023]",7,2017,2023,-24.68,-4.11,-58.07,APPARENT_LANDWARD,"[2023, 2024, 2025, 2026]",4,2023,2026,24.68,8.23,9.87,APPARENT_SEAWARD,67.94,LOW
TA0950,TREATMENT,91-STC,WATERLINE,"[2020, 2021, 2023]",3,2020,2023,1000.49,333.5,358.59,APPARENT_SEAWARD,"[2023, 2024, 2025, 2026]",4,2023,2026,17.74,5.91,5.32,WITHIN_20M,-353.27,LOW
TA0950,TREATMENT,91-STC,MANGROVE_EDGE_PROXY,"[2017, 2018, 2019, 2020, 2021, 2022, 2023]",7,2017,2023,-28.28,-4.71,-4.16,APPARENT_LANDWARD,"[2023, 2024, 2025, 2026]",4,2023,2026,17.74,5.91,5.32,WITHIN_20M,9.48,LOW
TA0951,TREATMENT,91-STC,WATERLINE,"[2020, 2021, 2023]",3,2020,2023,1049.41,349.8,374.79,APPARENT_SEAWARD,"[2023, 2024, 2025, 2026]",4,2023,2026,0.0,0.0,1.3,WITHIN_20M,-373.49,LOW
TA0951,TREATMENT,91-STC,MANGROVE_EDGE_PROXY,"[2017, 2018, 2019, 2020, 2021, 2022, 2023]",7,2017,2023,-1467.18,-244.53,-155.39,APPARENT_LANDWARD,"[2023, 2024, 2025, 2026]",4,2023,2026,21.15,7.05,6.35,APPARENT_SEAWARD,161.74,LOW
TA0952,TREATMENT,91-STC,WATERLINE,"[2020, 2021, 2023]",3,2020,2023,1143.37,381.12,408.35,APPARENT_SEAWARD,"[2023, 2024, 2025, 2026]",4,2023,2026,0.0,0.0,0.0,WITHIN_20M,-408.35,LOW
TA0952,TREATMENT,91-STC,MANGROVE_EDGE_PROXY,"[2017, 2018, 2019, 2020, 2021, 2022, 2023]",7,2017,2023,-21.99,-3.67,-2.89,APPARENT_LANDWARD,"[2023, 2024, 2025, 2026]",4,2023,2026,9.63,3.21,1.65,WITHIN_20M,4.54,LOW
TA0953,TREATMENT,91-STC,WATERLINE,"[2020, 2021, 2023]",3,2020,2023,1021.83,340.61,366.7,APPARENT_SEAWARD,"[2023, 2024, 2025, 2026]",4,2023,2026,0.0,0.0,0.0,WITHIN_20M,-366.7,LOW
TA0953,TREATMENT,91-STC,MANGROVE_EDGE_PROXY,"[2017, 2018, 2019, 2020, 2021, 2022, 2023]",7,2017,2023,-28.29,-4.71,-4.04,APPARENT_LANDWARD,"[2023, 2024, 2025, 2026]",4,2023,2026,0.0,0.0,-2.83,WITHIN_20M,1.21,LOW
TA0954,TREATMENT,91-STC,WATERLINE,"[2020, 2021, 2023]",3,2020,2023,1128.51,376.17,405.97,APPARENT_SEAWARD,"[2023, 2024, 2025, 2026]",4,2023,2026,0.0,0.0,2.05,WITHIN_20M,-403.92,LOW
TA0954,TREATMENT,91-STC,MANGROVE_EDGE_PROXY,"[2017, 2018, 2019, 2020, 2021, 2022, 2023]",7,2017,2023,0.0,0.0,0.0,WITHIN_20M,"[2023, 2024, 2025, 2026]",4,2023,2026,0.0,0.0,0.0,WITHIN_20M,0.0,LOW
TA0955,TREATMENT,91-STC,WATERLINE,"[2020, 2021, 2023]",3,2020,2023,1078.4,359.47,385.14,APPARENT_SEAWARD,"[2023, 2024, 2025, 2026]",4,2023,2026,0.0,0.0,0.0,WITHIN_20M,-385.14,LOW
TA0955,TREATMENT,91-STC,MANGROVE_EDGE_PROXY,"[2017, 2018, 2019, 2020, 2021, 2022, 2023]",7,2017,2023,-3.6,-0.6,-0.51,WITHIN_20M,"[2023, 2024, 2025, 2026]",4,2023,2026,3.6,1.2,1.08,WITHIN_20M,1.59,LOW
TA0956,TREATMENT,91-STC,WATERLINE,"[2020, 2021, 2023]",3,2020,2023,1092.54,364.18,390.95,APPARENT_SEAWARD,"[2023, 2024, 2025, 2026]",4,2023,2026,0.0,0.0,1.06,WITHIN_20M,-389.89,LOW
TA0956,TREATMENT,91-STC,MANGROVE_EDGE_PROXY,"[2017, 2018, 2019, 2020, 2021, 2022, 2023]",7,2017,2023,-17.74,-2.96,-103.55,WITHIN_20M,"[2023, 2024, 2025, 2026]",4,2023,2026,17.74,5.91,5.32,WITHIN_20M,108.87,LOW
TA0957,TREATMENT,91-STC,WATERLINE,"[2020, 2021, 2023]",3,2020,2023,1074.8,358.27,385.62,APPARENT_SEAWARD,"[2023, 2024, 2025, 2026]",4,2023,2026,0.0,0.0,0.0,WITHIN_20M,-385.62,LOW
TA0957,TREATMENT,91-STC,MANGROVE_EDGE_PROXY,"[2017, 2018, 2019, 2020, 2021, 2022, 2023]",7,2017,2023,-137.83,-22.97,-170.59,APPARENT_LANDWARD,"[2023, 2024, 2025, 2026]",4,2023,2026,113.14,37.71,33.94,APPARENT_SEAWARD,204.53,LOW
TA0958,TREATMENT,91-STC,WATERLINE,"[2020, 2021, 2023]",3,2020,2023,1099.39,366.46,394.21,APPARENT_SEAWARD,"[2023, 2024, 2025, 2026]",4,2023,2026,0.0,0.0,0.0,WITHIN_20M,-394.21,LOW
TA0958,TREATMENT,91-STC,MANGROVE_EDGE_PROXY,"[2017, 2018, 2019, 2020, 2021, 2022, 2023]",7,2017,2023,-1549.94,-258.32,-165.27,APPARENT_LANDWARD,"[2023, 2024, 2025, 2026]",4,2023,2026,65.96,21.99,18.97,APPARENT_SEAWARD,184.24,LOW
TA0959,TREATMENT,92-STC,WATERLINE,"[2020, 2021, 2023]",3,2020,2023,980.0,326.67,371.43,APPARENT_SEAWARD,"[2023, 2024, 2025, 2026]",4,2023,2026,0.0,0.0,2.0,WITHIN_20M,-369.43,LOW
TA0959,TREATMENT,92-STC,MANGROVE_EDGE_PROXY,"[2017, 2018, 2019, 2020, 2021, 2022, 2023]",7,2017,2023,-1180.0,-196.67,-127.14,APPARENT_LANDWARD,"[2023, 2024, 2025, 2026]",4,2023,2026,1180.0,393.33,354.0,APPARENT_SEAWARD,481.14,LOW
TA0960,TREATMENT,91-STC,WATERLINE,"[2020, 2021, 2023]",3,2020,2023,1000.0,333.33,358.57,APPARENT_SEAWARD,"[2023, 2024, 2025, 2026]",4,2023,2026,0.0,0.0,-2.0,WITHIN_20M,-360.57,LOW
TA0960,TREATMENT,91-STC,MANGROVE_EDGE_PROXY,"[2017, 2018, 2019, 2020, 2021, 2022, 2023]",7,2017,2023,-20.0,-3.33,-1.43,WITHIN_20M,"[2023, 2024, 2025, 2026]",4,2023,2026,40.0,13.33,10.0,APPARENT_SEAWARD,11.43,LOW
TA0961,TREATMENT,91-STC,WATERLINE,"[2020, 2021, 2023]",3,2020,2023,993.55,331.18,356.6,APPARENT_SEAWARD,"[2023, 2024, 2025, 2026]",4,2023,2026,0.0,0.0,0.0,WITHIN_20M,-356.6,LOW
TA0961,TREATMENT,91-STC,MANGROVE_EDGE_PROXY,"[2017, 2018, 2019, 2020, 2021, 2022, 2023]",7,2017,2023,-28.29,-4.71,-161.5,APPARENT_LANDWARD,"[2023, 2024, 2025, 2026]",4,2023,2026,0.0,0.0,0.36,WITHIN_20M,161.86,LOW
TA0962,TREATMENT,91-STC,WATERLINE,"[2020, 2021, 2023]",3,2020,2023,902.81,300.94,323.9,APPARENT_SEAWARD,"[2023, 2024, 2025, 2026]",4,2023,2026,0.0,0.0,-2.05,WITHIN_20M,-325.95,LOW
TA0962,TREATMENT,91-STC,MANGROVE_EDGE_PROXY,"[2017, 2018, 2019, 2020, 2021, 2022, 2023]",7,2017,2023,-123.11,-20.52,-13.92,APPARENT_LANDWARD,"[2023, 2024, 2025, 2026]",4,2023,2026,123.11,41.04,36.93,APPARENT_SEAWARD,50.85,LOW
TA0963,TREATMENT,91-STC,WATERLINE,"[2020, 2021, 2023]",3,2020,2023,1042.92,347.64,372.47,APPARENT_SEAWARD,"[2023, 2024, 2025, 2026]",4,2023,2026,0.0,0.0,0.0,WITHIN_20M,-372.47,LOW
TA0963,TREATMENT,91-STC,MANGROVE_EDGE_PROXY,"[2017, 2018, 2019, 2020, 2021, 2022, 2023]",7,2017,2023,-116.73,-19.45,-120.72,APPARENT_LANDWARD,"[2023, 2024, 2025, 2026]",4,2023,2026,113.14,37.71,33.94,APPARENT_SEAWARD,154.66,LOW
TA0964,TREATMENT,91-STC,WATERLINE,"[2020, 2021, 2023]",3,2020,2023,945.48,315.16,339.24,APPARENT_SEAWARD,"[2023, 2024, 2025, 2026]",4,2023,2026,0.0,0.0,0.0,WITHIN_20M,-339.24,LOW
TA0964,TREATMENT,91-STC,MANGROVE_EDGE_PROXY,"[2017, 2018, 2019, 2020, 2021, 2022, 2023]",7,2017,2023,-307.83,-51.3,-34.55,APPARENT_LANDWARD,"[2023, 2024, 2025, 2026]",4,2023,2026,285.84,95.28,85.75,APPARENT_SEAWARD,120.3,LOW
TA0966,TREATMENT,91-STC,WATERLINE,"[2020, 2021, 2023]",3,2020,2023,820.74,273.58,294.59,APPARENT_SEAWARD,"[2023, 2024, 2025, 2026]",4,2023,2026,0.0,0.0,0.0,WITHIN_20M,-294.59,LOW
TA0966,TREATMENT,91-STC,MANGROVE_EDGE_PROXY,"[2017, 2018, 2019, 2020, 2021, 2022, 2023]",7,2017,2023,-225.7,-37.62,-24.18,APPARENT_LANDWARD,"[2023, 2024, 2025, 2026]",4,2023,2026,225.7,75.23,67.71,APPARENT_SEAWARD,91.89,LOW
TA0967,TREATMENT,91-STC,WATERLINE,"[2020, 2021, 2023]",3,2020,2023,1046.52,348.84,374.01,APPARENT_SEAWARD,"[2023, 2024, 2025, 2026]",4,2023,2026,0.0,0.0,0.0,WITHIN_20M,-374.01,LOW
TA0967,TREATMENT,91-STC,MANGROVE_EDGE_PROXY,"[2017, 2018, 2019, 2020, 2021, 2022, 2023]",7,2017,2023,-307.53,-51.25,-33.08,APPARENT_LANDWARD,"[2023, 2024, 2025, 2026]",4,2023,2026,307.53,102.51,92.26,APPARENT_SEAWARD,125.34,LOW
TA0968,TREATMENT,91-STC,WATERLINE,"[2020, 2021, 2023]",3,2020,2023,1046.52,348.84,373.76,APPARENT_SEAWARD,"[2023, 2024, 2025, 2026]",4,2023,2026,0.0,0.0,0.0,WITHIN_20M,-373.76,LOW
TA0968,TREATMENT,91-STC,MANGROVE_EDGE_PROXY,"[2017, 2018, 2019, 2020, 2021, 2022, 2023]",7,2017,2023,-28.28,-4.71,-3.66,APPARENT_LANDWARD,"[2023, 2024, 2025, 2026]",4,2023,2026,10.54,3.51,3.16,WITHIN_20M,6.82,LOW
TA0970,TREATMENT,91-STC,WATERLINE,"[2020, 2021, 2023]",3,2020,2023,1272.14,424.05,454.34,APPARENT_SEAWARD,"[2023, 2024, 2025, 2026]",4,2023,2026,0.0,0.0,1.48,WITHIN_20M,-452.86,LOW
TA0970,TREATMENT,91-STC,MANGROVE_EDGE_PROXY,"[2017, 2018, 2019, 2020, 2021, 2022, 2023]",7,2017,2023,-33.39,-5.57,-4.31,APPARENT_LANDWARD,"[2023, 2024, 2025, 2026]",4,2023,2026,12.87,4.29,5.15,WITHIN_20M,9.46,LOW
TA0971,TREATMENT,91-STC,WATERLINE,"[2020, 2021, 2023]",3,2020,2023,986.35,328.78,354.55,APPARENT_SEAWARD,"[2023, 2024, 2025, 2026]",4,2023,2026,0.0,0.0,0.0,WITHIN_20M,-354.55,LOW
TA0971,TREATMENT,91-STC,MANGROVE_EDGE_PROXY,"[2017, 2018, 2019, 2020, 2021, 2022, 2023]",7,2017,2023,0.0,0.0,-0.0,WITHIN_20M,"[2023, 2024, 2025, 2026]",4,2023,2026,-1414.21,-471.4,-424.26,APPARENT_LANDWARD,-424.26,LOW
TA0972,TREATMENT,91-STC,WATERLINE,"[2020, 2021, 2023]",3,2020,2023,972.21,324.07,349.24,APPARENT_SEAWARD,"[2023, 2024, 2025, 2026]",4,2023,2026,0.0,0.0,1.77,WITHIN_20M,-347.47,LOW
TA0972,TREATMENT,91-STC,MANGROVE_EDGE_PROXY,"[2017, 2018, 2019, 2020, 2021, 2022, 2023]",7,2017,2023,-28.28,-4.71,-2.02,APPARENT_LANDWARD,"[2023, 2024, 2025, 2026]",4,2023,2026,-1385.93,-461.98,-414.72,APPARENT_LANDWARD,-412.7,LOW
TA0976,TREATMENT,91-STC,WATERLINE,"[2020, 2021, 2023]",3,2020,2023,989.95,329.98,355.57,APPARENT_SEAWARD,"[2023, 2024, 2025, 2026]",4,2023,2026,-28.28,-9.43,-11.31,APPARENT_LANDWARD,-366.88,LOW
TA0976,TREATMENT,91-STC,MANGROVE_EDGE_PROXY,"[2017, 2018, 2019, 2020, 2021, 2022, 2023]",7,2017,2023,-1057.06,-176.18,-229.8,APPARENT_LANDWARD,"[2023, 2024, 2025, 2026]",4,2023,2026,10.54,3.51,3.16,WITHIN_20M,232.96,LOW
TA0979,TREATMENT,91-STC,WATERLINE,[2023],1,,,,,,INSUFFICIENT_DATA,"[2023, 2026]",2,2023,2026,-37.54,-12.51,-12.51,APPARENT_LANDWARD,,LOW
TA0979,TREATMENT,91-STC,MANGROVE_EDGE_PROXY,"[2017, 2018, 2019, 2020, 2021, 2022, 2023]",7,2017,2023,-20.05,-3.34,-2.86,APPARENT_LANDWARD,"[2023, 2024, 2025, 2026]",4,2023,2026,0.0,0.0,0.0,WITHIN_20M,2.86,LOW
TA0994,TREATMENT,91-STC,WATERLINE,[2023],1,,,,,,INSUFFICIENT_DATA,"[2023, 2026]",2,2023,2026,0.0,0.0,0.0,WITHIN_20M,,LOW
TA0994,TREATMENT,91-STC,MANGROVE_EDGE_PROXY,"[2017, 2018, 2019, 2020, 2021, 2022, 2023]",7,2017,2023,-160.0,-26.67,-31.43,APPARENT_LANDWARD,"[2023, 2024, 2025, 2026]",4,2023,2026,20.0,6.67,8.0,WITHIN_20M,39.43,LOW
TA0998,TREATMENT,91-STC,WATERLINE,"[2020, 2021, 2023]",3,2020,2023,240.0,80.0,82.86,APPARENT_SEAWARD,"[2023, 2024, 2025, 2026]",4,2023,2026,20.0,6.67,6.0,WITHIN_20M,-76.86,LOW
TA0998,TREATMENT,91-STC,MANGROVE_EDGE_PROXY,"[2017, 2018, 2019, 2020, 2021, 2022, 2023]",7,2017,2023,-220.0,-36.67,-22.14,APPARENT_LANDWARD,"[2023, 2024, 2025, 2026]",4,2023,2026,260.0,86.67,78.0,APPARENT_SEAWARD,100.14,LOW
TA0999,TREATMENT,91-STC,WATERLINE,"[2020, 2021, 2023]",3,2020,2023,260.0,86.67,92.86,APPARENT_SEAWARD,"[2023, 2024, 2025, 2026]",4,2023,2026,20.0,6.67,6.0,WITHIN_20M,-86.86,LOW
TA0999,TREATMENT,91-STC,MANGROVE_EDGE_PROXY,"[2017, 2018, 2019, 2020, 2021, 2022, 2023]",7,2017,2023,-80.0,-13.33,-7.14,APPARENT_LANDWARD,"[2023, 2024, 2025, 2026]",4,2023,2026,40.0,13.33,10.0,APPARENT_SEAWARD,17.14,LOW
TA1000,TREATMENT,91-STC,WATERLINE,"[2020, 2021, 2023]",3,2020,2023,260.0,86.67,92.86,APPARENT_SEAWARD,"[2023, 2024, 2025, 2026]",4,2023,2026,40.0,13.33,12.0,APPARENT_SEAWARD,-80.86,LOW
TA1000,TREATMENT,91-STC,MANGROVE_EDGE_PROXY,"[2017, 2018, 2019, 2020, 2021, 2022, 2023]",7,2017,2023,-20.0,-3.33,-2.14,WITHIN_20M,"[2023, 2024, 2025, 2026]",4,2023,2026,-20.0,-6.67,-8.0,WITHIN_20M,-5.86,LOW
TA1011,TREATMENT,91-STC,WATERLINE,"[2020, 2021, 2023]",3,2020,2023,180.0,60.0,64.29,APPARENT_SEAWARD,"[2023, 2024, 2025, 2026]",4,2023,2026,0.0,0.0,0.0,WITHIN_20M,-64.29,LOW
TA1011,TREATMENT,91-STC,MANGROVE_EDGE_PROXY,"[2017, 2018, 2019, 2020, 2021, 2022, 2023]",7,2017,2023,-20.0,-3.33,-2.14,WITHIN_20M,"[2023, 2024, 2025, 2026]",4,2023,2026,20.0,6.67,8.0,WITHIN_20M,10.14,LOW
TA1017,TREATMENT,91-STC,WATERLINE,"[2020, 2021, 2023]",3,2020,2023,420.0,140.0,150.0,APPARENT_SEAWARD,"[2023, 2024, 2025, 2026]",4,2023,2026,0.0,0.0,0.0,WITHIN_20M,-150.0,LOW
TA1017,TREATMENT,91-STC,MANGROVE_EDGE_PROXY,"[2017, 2018, 2019, 2020, 2021, 2022, 2023]",7,2017,2023,-60.0,-10.0,-7.86,APPARENT_LANDWARD,"[2023, 2024, 2025, 2026]",4,2023,2026,0.0,0.0,0.0,WITHIN_20M,7.86,LOW
TA1030,TREATMENT,91-STC,WATERLINE,"[2020, 2021, 2023]",3,2020,2023,900.0,300.0,315.71,APPARENT_SEAWARD,"[2023, 2024, 2025, 2026]",4,2023,2026,-20.0,-6.67,-14.0,WITHIN_20M,-329.71,LOW
TA1030,TREATMENT,91-STC,MANGROVE_EDGE_PROXY,"[2017, 2018, 2019, 2020, 2021, 2022, 2023]",7,2017,2023,-160.0,-26.67,-22.86,APPARENT_LANDWARD,"[2023, 2024, 2025, 2026]",4,2023,2026,-240.0,-80.0,-108.0,APPARENT_LANDWARD,-85.14,LOW
TA1085,TREATMENT,91-STC,WATERLINE,"[2020, 2021, 2023]",3,2020,2023,986.35,328.78,352.27,APPARENT_SEAWARD,"[2023, 2024, 2025, 2026]",4,2023,2026,0.0,0.0,0.0,WITHIN_20M,-352.27,LOW
TA1085,TREATMENT,91-STC,MANGROVE_EDGE_PROXY,"[2017, 2018, 2019, 2020, 2021, 2022, 2023]",7,2017,2023,-109.55,-18.26,-15.52,APPARENT_LANDWARD,"[2023, 2024, 2025, 2026]",4,2023,2026,52.98,17.66,15.89,APPARENT_SEAWARD,31.41,LOW
TA1086,TREATMENT,91-STC,WATERLINE,"[2020, 2021, 2023]",3,2020,2023,887.36,295.79,318.93,APPARENT_SEAWARD,"[2023, 2024, 2025, 2026]",4,2023,2026,0.0,0.0,0.0,WITHIN_20M,-318.93,LOW
TA1086,TREATMENT,91-STC,MANGROVE_EDGE_PROXY,"[2017, 2018, 2019, 2020, 2021, 2022, 2023]",7,2017,2023,-102.59,-17.1,-13.01,APPARENT_LANDWARD,"[2023, 2024, 2025, 2026]",4,2023,2026,28.28,9.43,8.48,APPARENT_SEAWARD,21.49,LOW
TA1209,TREATMENT,94-STC,WATERLINE,"[2020, 2023]",2,2020,2023,-920.0,-306.67,-306.67,APPARENT_LANDWARD,"[2023, 2024, 2025, 2026]",4,2023,2026,940.0,313.33,374.0,APPARENT_SEAWARD,680.67,LOW
TA1209,TREATMENT,94-STC,MANGROVE_EDGE_PROXY,"[2017, 2018, 2019, 2020, 2021, 2022, 2023]",7,2017,2023,-20.0,-3.33,-2.14,WITHIN_20M,"[2023, 2024, 2025, 2026]",4,2023,2026,20.0,6.67,6.0,WITHIN_20M,8.14,LOW
