{
"type": "FeatureCollection",
"name": "2021-12-27_mndwi_fixed",
"crs": { "type": "name", "properties": { "name": "urn:ogc:def:crs:OGC:1.3:CRS84" } },
"features": [
{ "type": "Feature", "properties": { "scene_id": "S2B_47PQQ_20211227_0_L2A", "date": "2021-12-27", "tide_level": "unverified", "tide_station": "unverified", "index_used": "MNDWI", "threshold_method": "fixed", "threshold_value": 0.0, "source_sensor": "Sentinel-2", "tide_source_type": "unverified", "QA_flags": "prototype" }, "geometry": { "type": "MultiLineString", "coordinates": [ [ [ 101.647240367043196, 12.73043448196097 ], [ 101.647245054962397, 12.73088614160973 ], [ 101.647153036371776, 12.730887062009819 ], [ 101.647155849112281, 12.731158057811104 ], [ 101.647063830416968, 12.731158978199513 ], [ 101.647064767979046, 12.731249310138653 ], [ 101.646972749244014, 12.731250230501896 ], [ 101.646973686780811, 12.731340562447091 ], [ 101.646881668006074, 12.731341482785167 ], [ 101.646882605517575, 12.731431814736423 ], [ 101.646974624324798, 12.731430894391607 ], [ 101.646976499434402, 12.731611558278589 ], [ 101.646884480562179, 12.73161247863689 ], [ 101.646886355635601, 12.731793142534622 ], [ 101.646702317739525, 12.731794983182466 ], [ 101.646701380264204, 12.731704651220458 ], [ 101.646609361337852, 12.731705571489774 ], [ 101.646610298780672, 12.731795903458524 ], [ 101.646518279814615, 12.731796823702677 ], [ 101.646519217232139, 12.731887155677486 ], [ 101.646243160193251, 12.731889916238709 ], [ 101.646245034854886, 12.732070580226713 ], [ 101.646153015762522, 12.732071500363451 ], [ 101.646155827711496, 12.732342496360555 ], [ 101.646247846901375, 12.732341576203599 ], [ 101.646248784264614, 12.732431908194529 ], [ 101.646340803479802, 12.732430987998923 ], [ 101.646341740882747, 12.73252131998243 ], [ 101.64643376012323, 12.73252039974817 ], [ 101.646432822687771, 12.732430067771407 ], [ 101.646524841888549, 12.732429147511979 ], [ 101.646523904427795, 12.732338815541272 ], [ 101.646707942742722, 12.73233697494017 ], [ 101.646707005224172, 12.732246642982261 ], [ 101.646891043445265, 12.732244802267001 ], [ 101.646890105868934, 12.732154470321893 ], [ 101.647074143996193, 12.732152629492479 ], [ 101.647073206362052, 12.732062297560168 ], [ 101.64725724439549, 12.732060456616605 ], [ 101.647248805427481, 12.731247469316447 ], [ 101.647616880237862, 12.731243787289152 ], [ 101.647620631338242, 12.731605114877054 ], [ 101.647436593687459, 12.731606956008461 ], [ 101.647439406893426, 12.731877951732676 ], [ 101.64762344473921, 12.731876110560812 ], [ 101.647622506931683, 12.731785778666907 ], [ 101.647714525811253, 12.731784858039852 ], [ 101.64771358797843, 12.731694526152015 ], [ 101.647989644476425, 12.73169176409964 ], [ 101.647987768637392, 12.731511100362374 ], [ 101.648263824875499, 12.731508338063295 ], [ 101.648262886869304, 12.731418006213874 ], [ 101.648446924260327, 12.731416164535107 ], [ 101.64844504813955, 12.731235500861189 ], [ 101.648261010878528, 12.731237342512975 ], [ 101.6482591349166, 12.731056678809344 ], [ 101.648167116340261, 12.731057599573889 ], [ 101.648166178402619, 12.730967267714302 ], [ 101.648258196946443, 12.730966346956507 ], [ 101.648257258983506, 12.730876015102984 ], [ 101.648073221953638, 12.730877856573182 ], [ 101.648071346179364, 12.730697192837109 ], [ 101.647887309250649, 12.730699034152707 ], [ 101.647883558048605, 12.73033770661841 ], [ 101.647791539703434, 12.730338627201379 ], [ 101.647789664210649, 12.730157963416644 ], [ 101.647697645923259, 12.730158883954219 ], [ 101.647695770524294, 12.729978220153265 ], [ 101.647511734057872, 12.729980061105724 ], [ 101.647513609326836, 12.730160724933651 ], [ 101.647421591017817, 12.730161645375512 ], [ 101.647422528630614, 12.730251977295193 ], [ 101.647330510281904, 12.730252897711893 ], [ 101.647332385464111, 12.730433561562691 ], [ 101.647240367043196, 12.73043448196097 ] ], [ [ 101.64788824706919, 12.730789366034573 ], [ 101.647796228561518, 12.730790286651258 ], [ 101.647795290775477, 12.730699954762647 ], [ 101.647887309250649, 12.730699034152707 ], [ 101.64788824706919, 12.730789366034573 ] ], [ [ 101.647801855429094, 12.73133227796858 ], [ 101.64780091759981, 12.731241946084067 ], [ 101.647892936269969, 12.731241025433661 ], [ 101.647893874131753, 12.731331357311431 ], [ 101.647801855429094, 12.73133227796858 ] ], [ [ 101.647521110691002, 12.730883380218035 ], [ 101.647522048393967, 12.730973712125509 ], [ 101.647430029792474, 12.730974632628058 ], [ 101.647429092122024, 12.730884300713843 ], [ 101.647521110691002, 12.730883380218035 ] ], [ [ 101.647520172995272, 12.730793048309875 ], [ 101.647612191524559, 12.730792127788909 ], [ 101.64761312925279, 12.730882459690323 ], [ 101.647521110691002, 12.730883380218035 ], [ 101.647520172995272, 12.730793048309875 ] ], [ [ 101.653621443191057, 12.671377879116235 ], [ 101.653529446478117, 12.671378797493992 ], [ 101.653528511194139, 12.671288465623352 ], [ 101.653436514506325, 12.6712893839626 ], [ 101.653435579261881, 12.671199052084525 ], [ 101.653343582599192, 12.671199970385262 ], [ 101.653341712196635, 12.671019306613559 ], [ 101.653249715591386, 12.671020224869036 ], [ 101.653248780433273, 12.67092989297541 ], [ 101.653156783853134, 12.670930811192376 ], [ 101.653154913623197, 12.670750147389565 ], [ 101.653062917100527, 12.670751065561271 ], [ 101.653061982028703, 12.670660733652094 ], [ 101.652969985531129, 12.670661651785295 ], [ 101.652969050498868, 12.670571319868678 ], [ 101.652877054026419, 12.670572237963372 ], [ 101.652877989026337, 12.670662569886744 ], [ 101.652785992514353, 12.670663487956446 ], [ 101.65278692748916, 12.670753819885894 ], [ 101.652694930937614, 12.670754737930601 ], [ 101.65269586588731, 12.670845069866122 ], [ 101.6526038692962, 12.670845987885835 ], [ 101.652604804220786, 12.670936319827433 ], [ 101.652420810952293, 12.670938155785116 ], [ 101.652421745819424, 12.671028487739539 ], [ 101.652329749142012, 12.67102940567751 ], [ 101.652335358302295, 12.671571397430302 ], [ 101.652427355173685, 12.671570479451809 ], [ 101.652429225016164, 12.671751143350459 ], [ 101.652521221945022, 12.671750225326706 ], [ 101.652522156909413, 12.671840557268256 ], [ 101.652614153863382, 12.671839639205993 ], [ 101.65261602387848, 12.672020303073541 ], [ 101.652708020889918, 12.672019384966017 ], [ 101.65270708584643, 12.671929053039337 ], [ 101.652891079782975, 12.671927216742539 ], [ 101.652892014891137, 12.67201754865571 ], [ 101.652984011880918, 12.672016630452925 ], [ 101.652984947028628, 12.672106962358658 ], [ 101.653076944043534, 12.672106044117365 ], [ 101.653077879230793, 12.672196376015666 ], [ 101.653169876270823, 12.672195457735864 ], [ 101.653170811497645, 12.672285789626725 ], [ 101.653354805620708, 12.672283952958351 ], [ 101.653355740919409, 12.672374284835016 ], [ 101.653631732146906, 12.672371529574027 ], [ 101.653630796751187, 12.672281197717629 ], [ 101.653814790802087, 12.672279360731718 ], [ 101.653811984464241, 12.672008365198984 ], [ 101.653995978292258, 12.672006528126603 ], [ 101.653994107307128, 12.671825864461747 ], [ 101.653810113608444, 12.671827701507096 ], [ 101.653809178191381, 12.67173736966013 ], [ 101.653717181363533, 12.67173828812842 ], [ 101.653715310615709, 12.671557624418934 ], [ 101.65362331384533, 12.671558542841955 ], [ 101.653621443191057, 12.671377879116235 ] ], [ [ 101.652517482159595, 12.671388897553705 ], [ 101.652516547231272, 12.671298565608753 ], [ 101.652700540744007, 12.671296729533534 ], [ 101.65270147573699, 12.671387061464975 ], [ 101.652517482159595, 12.671388897553705 ] ], [ [ 101.654527663904688, 12.73207796863902 ], [ 101.654619682372982, 12.732077045591831 ], [ 101.654617801781711, 12.731896382833796 ], [ 101.654709820177771, 12.731895459768223 ], [ 101.65470793955042, 12.731714797020977 ], [ 101.65461592121936, 12.73171572007303 ], [ 101.654614040685914, 12.731535057309531 ], [ 101.654522022412621, 12.731535980316153 ], [ 101.654521082189234, 12.731445648926615 ], [ 101.654429063941222, 12.731446571894571 ], [ 101.65442718358112, 12.731265909099927 ], [ 101.65433516539089, 12.731266832022454 ], [ 101.654334225254175, 12.731176500617345 ], [ 101.654242207089197, 12.731177423501206 ], [ 101.654243147193412, 12.731267754913073 ], [ 101.654059110776799, 12.731269600598596 ], [ 101.654060050823233, 12.731359932023301 ], [ 101.653968032571584, 12.73136085482496 ], [ 101.65396897259275, 12.731451186255741 ], [ 101.653784936002793, 12.731453031776862 ], [ 101.653786815936797, 12.73163369466341 ], [ 101.653694797565976, 12.731634617389629 ], [ 101.653695737511313, 12.731724948838638 ], [ 101.653603719100772, 12.731725871539709 ], [ 101.653604659020843, 12.731816202994795 ], [ 101.653512640570582, 12.731817125670714 ], [ 101.653513580465358, 12.731907457131872 ], [ 101.653053487943183, 12.731912070066643 ], [ 101.65305442768269, 12.73200240156091 ], [ 101.652778371985207, 12.732005168959144 ], [ 101.652779311634433, 12.732095500472997 ], [ 101.652595274401676, 12.732097345259126 ], [ 101.652599032810784, 12.732458671361755 ], [ 101.65278307030357, 12.732456826521576 ], [ 101.652784009988906, 12.732547158032013 ], [ 101.652968047517803, 12.732545313050686 ], [ 101.652968987275358, 12.732635644546923 ], [ 101.653245043612046, 12.73263287681533 ], [ 101.653245983474335, 12.73272320829061 ], [ 101.653982133647673, 12.732715826214926 ], [ 101.653981193525354, 12.732625494793716 ], [ 101.654073212232007, 12.73262457189742 ], [ 101.654071331944067, 12.732443909066458 ], [ 101.653979313302401, 12.732444831949232 ], [ 101.653978373201781, 12.73235450052597 ], [ 101.654162410412837, 12.732352654742023 ], [ 101.654161470254422, 12.732262323331597 ], [ 101.654345507371588, 12.732260477433536 ], [ 101.654344567155391, 12.732170146035946 ], [ 101.654528604178651, 12.732168300023774 ], [ 101.654527663904688, 12.73207796863902 ] ], [ [ 101.656399132034267, 12.673066614450052 ], [ 101.65630713492358, 12.673067533908865 ], [ 101.656306198532349, 12.672977202253968 ], [ 101.656214201446801, 12.672978121674264 ], [ 101.656213265095104, 12.672887790011922 ], [ 101.656121268034667, 12.6728887093937 ], [ 101.656119395417647, 12.672708046053447 ], [ 101.655935401404449, 12.672709884694674 ], [ 101.655934465171441, 12.672619553010005 ], [ 101.65584246818635, 12.672620472276225 ], [ 101.655843404387014, 12.672710803967659 ], [ 101.655751407362345, 12.672711723208886 ], [ 101.655752343537884, 12.672802054906404 ], [ 101.655660346473667, 12.672802974122639 ], [ 101.655661282624109, 12.672893305826237 ], [ 101.655477288409315, 12.672895144176969 ], [ 101.655478224502289, 12.672985475893414 ], [ 101.655386227351741, 12.672986395027909 ], [ 101.655387163419604, 12.673076726750432 ], [ 101.655295166229479, 12.673077645859934 ], [ 101.655298910443818, 12.673438972770276 ], [ 101.655390907763291, 12.673438053633729 ], [ 101.655392779978484, 12.673618717071294 ], [ 101.655484777355412, 12.673617797889465 ], [ 101.655486649664169, 12.673798461310788 ], [ 101.655578647098565, 12.673797542083676 ], [ 101.655579583296117, 12.673887873786553 ], [ 101.655855575652978, 12.673885115894391 ], [ 101.655854639358395, 12.673794784211804 ], [ 101.656222628937059, 12.673791106604703 ], [ 101.656221692520347, 12.673700774948486 ], [ 101.656129695168858, 12.673701694391134 ], [ 101.656128758791723, 12.67361136272747 ], [ 101.656312753422782, 12.67360952382395 ], [ 101.656311816988179, 12.673519192173133 ], [ 101.656495811525673, 12.673517353156111 ], [ 101.656492065600844, 12.67315602660017 ], [ 101.656400068465061, 12.673156946097505 ], [ 101.656399132034267, 12.673066614450052 ] ], [ [ 101.6580258685036, 12.714516772798991 ], [ 101.65811788038225, 12.714515849788855 ], [ 101.658119760795103, 12.714696512267929 ], [ 101.65821177273142, 12.714695589212393 ], [ 101.658213653238121, 12.714876251675191 ], [ 101.658673713135727, 12.714871635851859 ], [ 101.658674653562173, 12.714961967048383 ], [ 101.658766665552449, 12.714961043781358 ], [ 101.658761022907484, 12.714419056632595 ], [ 101.65866901111194, 12.714419979858997 ], [ 101.658667130353066, 12.714239317457077 ], [ 101.65857511861519, 12.714240240638073 ], [ 101.658567596128762, 12.713517590948909 ], [ 101.658475584643256, 12.71351851404388 ], [ 101.658473704158894, 12.713337851601215 ], [ 101.657921635483234, 12.713343389420736 ], [ 101.657932916487056, 12.714427364523162 ], [ 101.658024928340481, 12.714426441551661 ], [ 101.6580258685036, 12.714516772798991 ] ], [ [ 101.657285073768776, 12.714072499218794 ], [ 101.656825014789007, 12.714077112347843 ], [ 101.656827833947688, 12.714348106359928 ], [ 101.656735822032687, 12.714349028910449 ], [ 101.656734882338341, 12.714258697567008 ], [ 101.656366834735849, 12.714262387423419 ], [ 101.656365895178538, 12.714172056052229 ], [ 101.656273883292286, 12.714172978429913 ], [ 101.656272943774681, 12.714082647051272 ], [ 101.656088920045406, 12.71408449169752 ], [ 101.656087980599921, 12.713994160304676 ], [ 101.655811945049123, 12.713996927014794 ], [ 101.655812884397264, 12.714087258427936 ], [ 101.655720872500083, 12.714088180607682 ], [ 101.655721811823014, 12.714178512026903 ], [ 101.655629799886157, 12.714179434181554 ], [ 101.655634496446865, 12.714631091301246 ], [ 101.655818520637865, 12.714629246892452 ], [ 101.655819460036597, 12.714719578300814 ], [ 101.656095496366206, 12.714716811428355 ], [ 101.656096435869529, 12.71480714281574 ], [ 101.656372472231467, 12.71480437563622 ], [ 101.656374351454502, 12.714985038368358 ], [ 101.656282339276174, 12.714985960806926 ], [ 101.656284218463227, 12.715166623549868 ], [ 101.656192206212765, 12.715167545970102 ], [ 101.656194085363836, 12.715348208723837 ], [ 101.656102073041239, 12.715349131125738 ], [ 101.656105831300295, 12.715710456652085 ], [ 101.656289856197901, 12.715708611762302 ], [ 101.656290795845649, 12.715798943128656 ], [ 101.65711890781904, 12.71579063948638 ], [ 101.657113268288441, 12.71524865164341 ], [ 101.657021256070593, 12.715249574357193 ], [ 101.657019376349822, 12.715068911723876 ], [ 101.657111388502756, 12.715067989023623 ], [ 101.657110448620756, 12.714977657712708 ], [ 101.657294472840007, 12.714975812230158 ], [ 101.657292592967906, 12.714795149633346 ], [ 101.657384605001781, 12.714794226857808 ], [ 101.657380845214547, 12.714432901683066 ], [ 101.657288833310488, 12.714433824431532 ], [ 101.657285073768776, 12.714072499218794 ] ], [ [ 101.659746069007809, 12.720642668669711 ], [ 101.660022110853149, 12.720639896441217 ], [ 101.660020228186568, 12.720459234323167 ], [ 101.660204255917392, 12.720457386038547 ], [ 101.660201431777026, 12.720186392897002 ], [ 101.659925390462135, 12.720189165215142 ], [ 101.659924449193895, 12.720098834146272 ], [ 101.659832435440251, 12.720099758181792 ], [ 101.659833376676033, 12.720190089257438 ], [ 101.659005252275293, 12.720198404203598 ], [ 101.659006193226105, 12.720288735339521 ], [ 101.658730151531515, 12.720291506434769 ], [ 101.658731092392159, 12.720381837590324 ], [ 101.658455050535025, 12.720384608418987 ], [ 101.658455991305502, 12.720474939594167 ], [ 101.658087935264817, 12.720478633613178 ], [ 101.658088875912654, 12.72056896481476 ], [ 101.657996861851927, 12.720569888246589 ], [ 101.657999683741423, 12.720840881867545 ], [ 101.658367740330547, 12.720837187867728 ], [ 101.658366799563595, 12.720746856688503 ], [ 101.658550827749806, 12.720745009510864 ], [ 101.658551768581702, 12.720835340676546 ], [ 101.658735796803896, 12.72083349335785 ], [ 101.658734855907085, 12.720743162205709 ], [ 101.658918884035387, 12.720741314773038 ], [ 101.658917943080866, 12.72065098363376 ], [ 101.659470027097314, 12.720645440611298 ], [ 101.659469085955209, 12.720555109511974 ], [ 101.659745127768304, 12.720552337590705 ], [ 101.659746069007809, 12.720642668669711 ] ], [ [ 101.655825329418207, 12.732968355944719 ], [ 101.655917348110322, 12.732967432383173 ], [ 101.655919229785127, 12.733148094935443 ], [ 101.656195286013102, 12.733145324018741 ], [ 101.656194345074567, 12.73305499276324 ], [ 101.656286363770263, 12.733054069067283 ], [ 101.656285422806462, 12.732963737817871 ], [ 101.656377441462425, 12.732962814096769 ], [ 101.656376500473357, 12.732872482853431 ], [ 101.656468519089572, 12.732871559107187 ], [ 101.656467578075222, 12.73278122786993 ], [ 101.656559596651718, 12.73278030409854 ], [ 101.656555832536654, 12.732418979169758 ], [ 101.656647850975901, 12.732418055393522 ], [ 101.656648792026317, 12.732508386619978 ], [ 101.656924847398187, 12.732505615079518 ], [ 101.656923906250256, 12.732415283873362 ], [ 101.657107943063664, 12.732413436033706 ], [ 101.657106060659501, 12.732232773646418 ], [ 101.657198078990348, 12.732231849692266 ], [ 101.65719337294405, 12.731780193745921 ], [ 101.657009336600112, 12.731782041554643 ], [ 101.657008395477561, 12.731691710349789 ], [ 101.65682435916969, 12.731693558017351 ], [ 101.656823418119373, 12.731603226798279 ], [ 101.656547363700838, 12.731605998040019 ], [ 101.656548304653668, 12.731696329279391 ], [ 101.65645628646719, 12.731697252969589 ], [ 101.656457227394753, 12.731787584215043 ], [ 101.656365209168541, 12.731788507880102 ], [ 101.656366150070838, 12.731878839131635 ], [ 101.656274131804892, 12.731879762771552 ], [ 101.656276013566185, 12.732060425286106 ], [ 101.656091976882607, 12.732062272497274 ], [ 101.656092917709103, 12.732152603767055 ], [ 101.655816862532006, 12.732155374364792 ], [ 101.655817803268221, 12.732245705654183 ], [ 101.655725784828888, 12.732246629129708 ], [ 101.655727666258016, 12.732427291719972 ], [ 101.65563564774645, 12.732428215177116 ], [ 101.655637529139483, 12.732608877778175 ], [ 101.655729547716035, 12.732607954307504 ], [ 101.655731429203001, 12.732788616892297 ], [ 101.655823447837321, 12.732787693376185 ], [ 101.655825329418207, 12.732968355944719 ] ], [ [ 101.656463814090174, 12.732419902914085 ], [ 101.656462873111991, 12.732329571673414 ], [ 101.656554891525971, 12.732328647935855 ], [ 101.656555832536654, 12.732418979169758 ], [ 101.656463814090174, 12.732419902914085 ] ], [ [ 101.656368031897117, 12.73205950163266 ], [ 101.656368972821113, 12.732149832882147 ], [ 101.656276954457681, 12.732150756542358 ], [ 101.656276013566185, 12.732060425286106 ], [ 101.656368031897117, 12.73205950163266 ] ], [ [ 101.657497669321515, 12.734487356606147 ], [ 101.657405650199749, 12.734488280825234 ], [ 101.657404708730169, 12.734397949667958 ], [ 101.657312689633684, 12.734398873848365 ], [ 101.657311748203838, 12.734308542683635 ], [ 101.657219729132635, 12.734309466825362 ], [ 101.657218787742536, 12.734219135653182 ], [ 101.6571267686966, 12.734220059756227 ], [ 101.657125827346235, 12.734129728576596 ], [ 101.65694178929769, 12.734131576673407 ], [ 101.656939906748661, 12.733950914285023 ], [ 101.656847887778554, 12.733951838272025 ], [ 101.656846946547404, 12.73386150707004 ], [ 101.656754927602563, 12.733862431018363 ], [ 101.656753986411161, 12.733772099808929 ], [ 101.656661967491601, 12.733773023718571 ], [ 101.656660085195483, 12.733592361284115 ], [ 101.656476047464665, 12.7335942089806 ], [ 101.6564769885441, 12.733684540211701 ], [ 101.65638496963534, 12.733685464018841 ], [ 101.656385910689494, 12.733775795256022 ], [ 101.656293891741001, 12.733776719038017 ], [ 101.656294832769873, 12.73386705028128 ], [ 101.656202813781647, 12.733867974038125 ], [ 101.656204695796092, 12.734048636536137 ], [ 101.656296714849347, 12.73404771276576 ], [ 101.65629765589992, 12.734138044006976 ], [ 101.656389674978442, 12.73413712019792 ], [ 101.656391557166302, 12.734317782664769 ], [ 101.656483576302605, 12.734316858810267 ], [ 101.656484517439893, 12.734407190035901 ], [ 101.6566685557558, 12.734405342217624 ], [ 101.656669496965335, 12.734495673429043 ], [ 101.656761516144954, 12.734494749465268 ], [ 101.656764339914474, 12.734765743075114 ], [ 101.656856359184388, 12.734764819059121 ], [ 101.656858241798574, 12.73494548144874 ], [ 101.656950261126269, 12.734944557387296 ], [ 101.656951202476719, 12.735034888574313 ], [ 101.657043221829696, 12.735033964474189 ], [ 101.657045104617325, 12.735214626832631 ], [ 101.657229143431593, 12.73521277850957 ], [ 101.657230084901272, 12.735303109674229 ], [ 101.657506143165946, 12.735300336929958 ], [ 101.657505201598738, 12.735210005785602 ], [ 101.657689240340659, 12.735208157143378 ], [ 101.657687357097913, 12.73502749487969 ], [ 101.657779376393009, 12.735026570524241 ], [ 101.657777493114182, 12.734845908271355 ], [ 101.657685473884101, 12.734846832613266 ], [ 101.657683590699236, 12.734666170344109 ], [ 101.657591571526936, 12.734667094640566 ], [ 101.657590629977861, 12.734576763498197 ], [ 101.657498610830842, 12.734577687755968 ], [ 101.657497669321515, 12.734487356606147 ] ], [ [ 101.660350631175135, 12.716842295775747 ], [ 101.66016660607032, 12.716844143645858 ], [ 101.660167547175305, 12.716934474718993 ], [ 101.659983521976628, 12.716936322475178 ], [ 101.659984463023946, 12.717026653561179 ], [ 101.659800437731377, 12.717028501203439 ], [ 101.659801378721014, 12.717118832302306 ], [ 101.659709366031407, 12.717119756082408 ], [ 101.659710306995819, 12.717210087187366 ], [ 101.659618294266537, 12.717211010942369 ], [ 101.659623940010292, 12.717752997598417 ], [ 101.659531927078987, 12.717753921362194 ], [ 101.65953286802916, 12.717844252475919 ], [ 101.659624880992908, 12.717843328705371 ], [ 101.659626762979883, 12.718023990917223 ], [ 101.659810789015523, 12.718022143253412 ], [ 101.659811730084797, 12.718112474344769 ], [ 101.660455821208714, 12.718106006470064 ], [ 101.660454879912223, 12.718015675426138 ], [ 101.660546892868496, 12.718014751323322 ], [ 101.660544068925063, 12.71774375820776 ], [ 101.660452056066177, 12.717744682290247 ], [ 101.660451114798633, 12.717654351243583 ], [ 101.660543127625075, 12.717653427167877 ], [ 101.660541245046801, 12.717472765086054 ], [ 101.660449232285288, 12.717473689148211 ], [ 101.660444526128643, 12.717022033897825 ], [ 101.660352513522184, 12.717022957894233 ], [ 101.660350631175135, 12.716842295775747 ] ], [ [ 101.662861347289805, 12.719346601338398 ], [ 101.662769334027686, 12.719347526339716 ], [ 101.66277027624443, 12.719437857203932 ], [ 101.66231020966282, 12.719442481766311 ], [ 101.662311151724481, 12.719532812663752 ], [ 101.662219138353962, 12.719533737487382 ], [ 101.662221964485028, 12.719804730195946 ], [ 101.662313977952962, 12.719803805351974 ], [ 101.662314920043613, 12.719894136246683 ], [ 101.662406933536758, 12.719893211364054 ], [ 101.662407875667114, 12.719983542251301 ], [ 101.662683916200464, 12.719980767391815 ], [ 101.662682973972707, 12.719890436524913 ], [ 101.662774987436862, 12.719889511514783 ], [ 101.662773102938147, 12.71970884979249 ], [ 101.662865116330124, 12.719707924764045 ], [ 101.662867000893769, 12.719888586472772 ], [ 101.662959014343429, 12.719887661398889 ], [ 101.662959956668587, 12.719977992245447 ], [ 101.663143983611093, 12.719976141988482 ], [ 101.663144926008442, 12.720066472820792 ], [ 101.663420966465253, 12.720063697175924 ], [ 101.663420023970502, 12.71997336636397 ], [ 101.663512037409149, 12.719972441092043 ], [ 101.66350638239814, 12.71943045624664 ], [ 101.663414369154282, 12.719431381477865 ], [ 101.663411541844042, 12.719160389025591 ], [ 101.663319528690351, 12.719161314204589 ], [ 101.663318586300562, 12.719070983379014 ], [ 101.662950533743143, 12.71907468374914 ], [ 101.662951476003073, 12.719165014601847 ], [ 101.662859462813145, 12.719165939621476 ], [ 101.662861347289805, 12.719346601338398 ] ], [ [ 101.66243425825941, 12.722512806816773 ], [ 101.662710301520249, 12.722510031387673 ], [ 101.662709359089561, 12.722419700539906 ], [ 101.662801373462855, 12.722418775339888 ], [ 101.662800431006957, 12.722328444498213 ], [ 101.662892445340532, 12.722327519273097 ], [ 101.662891502859409, 12.722237188437523 ], [ 101.662983517153265, 12.722236263187304 ], [ 101.662980689655924, 12.721965270696829 ], [ 101.66288867545947, 12.721966195926701 ], [ 101.66288773300731, 12.721875865088396 ], [ 101.662795718836094, 12.721876790279602 ], [ 101.662794776423652, 12.721786459433828 ], [ 101.662426719796144, 12.721790159852725 ], [ 101.662427662078699, 12.721880490725622 ], [ 101.662243633656516, 12.721882340757347 ], [ 101.66224457588136, 12.721972671643121 ], [ 101.662152561626939, 12.721973596617941 ], [ 101.662154446033426, 12.722154258401 ], [ 101.662062431706801, 12.722155183357499 ], [ 101.662061489532405, 12.72206485245953 ], [ 101.661877460922369, 12.722066702263323 ], [ 101.661876518820165, 12.721976371351113 ], [ 101.661508461643052, 12.721980070548998 ], [ 101.661509403615369, 12.722070401488322 ], [ 101.661417389270497, 12.722071326214872 ], [ 101.661419273171916, 12.722251988105036 ], [ 101.661327258754852, 12.722252912813255 ], [ 101.661329142620303, 12.722433574714241 ], [ 101.661421157102311, 12.722432649992465 ], [ 101.661423041061681, 12.72261331187716 ], [ 101.661607070133826, 12.722611462310846 ], [ 101.661608012189333, 12.722701793238612 ], [ 101.66179204129746, 12.722699943531206 ], [ 101.661791099177023, 12.722609612616996 ], [ 101.66197512819123, 12.72260776279561 ], [ 101.661974186013069, 12.722517431894278 ], [ 101.662066200476829, 12.722516506942544 ], [ 101.662065258273458, 12.722426176047311 ], [ 101.662157272697499, 12.722425251070471 ], [ 101.662156330468889, 12.72233492018133 ], [ 101.662248344853211, 12.72233399517939 ], [ 101.662249287114278, 12.722424326061748 ], [ 101.662433315926137, 12.72242247594866 ], [ 101.66243425825941, 12.722512806816773 ] ], [ [ 101.660440074647568, 12.725423743386523 ], [ 101.660532090273747, 12.72542281875997 ], [ 101.660531148390689, 12.725332487771373 ], [ 101.660623163977149, 12.725331563119706 ], [ 101.660622222068852, 12.725241232137202 ], [ 101.660530206514863, 12.725242156782095 ], [ 101.660528322784941, 12.725061494801485 ], [ 101.660436307288677, 12.725062419400933 ], [ 101.660435365467052, 12.724972088402827 ], [ 101.660343349996026, 12.724973012963611 ], [ 101.660342408214149, 12.724882681958043 ], [ 101.660434423652688, 12.724881757404036 ], [ 101.660432540045676, 12.724701095404408 ], [ 101.66034052467208, 12.724702019944866 ], [ 101.660339582911917, 12.724611688937252 ], [ 101.660431598253027, 12.724610764403566 ], [ 101.660430656467611, 12.724520433402047 ], [ 101.660522671769002, 12.724519508843251 ], [ 101.660520788154955, 12.72433884685171 ], [ 101.660428772918522, 12.724339771396954 ], [ 101.660426889398394, 12.724159109389124 ], [ 101.66015084384054, 12.724161882792869 ], [ 101.660149902188778, 12.724071551767604 ], [ 101.660057887020827, 12.724072476164972 ], [ 101.660058828640103, 12.724162807197009 ], [ 101.659690767765952, 12.724166504494699 ], [ 101.659692650766416, 12.724347166610926 ], [ 101.659508620155989, 12.724349015095541 ], [ 101.659507678717091, 12.724258684024223 ], [ 101.659415663433492, 12.724259608211925 ], [ 101.659416604839905, 12.724349939290015 ], [ 101.659232574186049, 12.724351787583302 ], [ 101.659231632844595, 12.724261456491663 ], [ 101.659047602226735, 12.724263304643854 ], [ 101.659048543503232, 12.724353635749042 ], [ 101.658956528150966, 12.724354559784075 ], [ 101.658959351926455, 12.724625553115837 ], [ 101.659051367376151, 12.724624629060488 ], [ 101.659053249994301, 12.724805291264705 ], [ 101.659145265501735, 12.724804367163916 ], [ 101.659148089580668, 12.725075360444801 ], [ 101.659240105178299, 12.725074436291806 ], [ 101.65924198799874, 12.725255098462101 ], [ 101.659057956666317, 12.72525694676329 ], [ 101.65905983938579, 12.72543760895794 ], [ 101.658599760603252, 12.725442229220544 ], [ 101.658601643026856, 12.72562289148018 ], [ 101.658509627183676, 12.72562381545057 ], [ 101.658510568373842, 12.725714146586132 ], [ 101.658602584249508, 12.72571322260897 ], [ 101.658604466716525, 12.72589388486451 ], [ 101.659064546311129, 12.725889264432613 ], [ 101.659063604911594, 12.725798933339043 ], [ 101.659155620776318, 12.725798009163761 ], [ 101.659154679351516, 12.725707678076283 ], [ 101.659246695176535, 12.72570675387588 ], [ 101.659247636633808, 12.725797084956586 ], [ 101.65933965248405, 12.72579616071752 ], [ 101.659337769511765, 12.725615498568972 ], [ 101.659613816824191, 12.725612725701064 ], [ 101.659612875251455, 12.725522394646084 ], [ 101.659704890975291, 12.725521470299773 ], [ 101.659703949377331, 12.725431139250885 ], [ 101.659887980738333, 12.725429290476139 ], [ 101.659886097434182, 12.725248628403408 ], [ 101.65979408182227, 12.725249552793176 ], [ 101.659790315430797, 12.724888228612418 ], [ 101.660066361855044, 12.72488545542873 ], [ 101.660067303539506, 12.724975786454626 ], [ 101.66015931903226, 12.724974861989509 ], [ 101.660160260756427, 12.725065193007943 ], [ 101.660068245231201, 12.725066117479832 ], [ 101.660071070349716, 12.725337110551354 ], [ 101.660439132796981, 12.725333412391148 ], [ 101.660440074647568, 12.725423743386523 ] ], [ [ 101.65961193368598, 12.725432063590421 ], [ 101.659608167496415, 12.725070739360937 ], [ 101.659700183057851, 12.725069815048499 ], [ 101.659703949377331, 12.725431139250885 ], [ 101.65961193368598, 12.725432063590421 ] ], [ [ 101.659516151927747, 12.72507166364149 ], [ 101.659513327459038, 12.724800670441885 ], [ 101.659605342930277, 12.724799746181654 ], [ 101.659608167496415, 12.725070739360937 ], [ 101.659516151927747, 12.72507166364149 ] ], [ [ 101.659697358394268, 12.724798821889534 ], [ 101.659696416854217, 12.724708490835175 ], [ 101.659972463105319, 12.724705717787804 ], [ 101.6599734047428, 12.724796048821837 ], [ 101.659697358394268, 12.724798821889534 ] ], [ [ 101.661522932376258, 12.732188387854366 ], [ 101.661430914385662, 12.73218931330821 ], [ 101.661426200864327, 12.731737658919686 ], [ 101.661334183028998, 12.731738584307731 ], [ 101.661333240378966, 12.731648253421193 ], [ 101.661057186926982, 12.731651029373548 ], [ 101.661058129479514, 12.73174136028042 ], [ 101.660874093743644, 12.731743210769341 ], [ 101.660875036238409, 12.731833541689079 ], [ 101.660783018327109, 12.73183446689246 ], [ 101.660783960796635, 12.731924797818293 ], [ 101.660691942845588, 12.731925722996539 ], [ 101.660693827741355, 12.73210638485971 ], [ 101.660785845757417, 12.732105459667906 ], [ 101.660786788248657, 12.732195790591685 ], [ 101.660878806289972, 12.732194865361201 ], [ 101.66087974882096, 12.73228519627752 ], [ 101.660971766887528, 12.732284271008348 ], [ 101.660972709458264, 12.732374601917206 ], [ 101.661156745634656, 12.732372751269583 ], [ 101.661158630927872, 12.732553413058143 ], [ 101.661066612778299, 12.732554338411465 ], [ 101.661067555403292, 12.732644669311496 ], [ 101.661159573585351, 12.732643743951394 ], [ 101.661161458922052, 12.732824405735855 ], [ 101.661253477161878, 12.732823480330287 ], [ 101.6612544198736, 12.732913811214711 ], [ 101.661346438138708, 12.73291288577046 ], [ 101.661347380890163, 12.733003216647418 ], [ 101.661439399180509, 12.733002291164478 ], [ 101.661440341971712, 12.733092622033981 ], [ 101.661532360287339, 12.733091696512354 ], [ 101.661531417463607, 12.733001365649629 ], [ 101.661807472269459, 12.732998588913613 ], [ 101.661805586448764, 12.732817927226796 ], [ 101.661897604637872, 12.732817001597866 ], [ 101.661894775863658, 12.732546009082844 ], [ 101.661802757772051, 12.73254693469144 ], [ 101.661800872023818, 12.73236627299778 ], [ 101.661708853989964, 12.732367198560906 ], [ 101.661707911159198, 12.732276867706274 ], [ 101.661523875134762, 12.73227871872324 ], [ 101.661522932376258, 12.732188387854366 ] ], [ [ 101.664306120329954, 12.734328545182931 ], [ 101.664214101776764, 12.734329471756869 ], [ 101.664212214048348, 12.734148810443257 ], [ 101.664120195552925, 12.734149736971709 ], [ 101.664118307918542, 12.733969075641788 ], [ 101.664210326348964, 12.733968149126911 ], [ 101.664209382510151, 12.733877818467711 ], [ 101.663933327294629, 12.733880597896256 ], [ 101.663932383560578, 12.733790267216017 ], [ 101.6638403651734, 12.733791193621586 ], [ 101.663839421479111, 12.733700862933883 ], [ 101.663747403117199, 12.733701789300758 ], [ 101.663746459462658, 12.733611458605582 ], [ 101.663838477792069, 12.733610532245493 ], [ 101.66383753411229, 12.733520201556416 ], [ 101.663745515815378, 12.733521127909722 ], [ 101.663743628542562, 12.733340466515951 ], [ 101.663835646774459, 12.733339540176214 ], [ 101.663834703116407, 12.733249209485088 ], [ 101.663742684917011, 12.733250135818039 ], [ 101.663741741298736, 12.733159805119445 ], [ 101.663557704943187, 12.733161657676051 ], [ 101.663556761397174, 12.733071326963204 ], [ 101.663372725077622, 12.733073179378605 ], [ 101.66336989467807, 12.732802187195256 ], [ 101.663277876604937, 12.732803113334738 ], [ 101.663276933185415, 12.732712782598806 ], [ 101.663368951226047, 12.732711856466103 ], [ 101.663366120913523, 12.732440864274551 ], [ 101.663090067062356, 12.732443642515879 ], [ 101.663089123736853, 12.732353311763642 ], [ 101.662905087864814, 12.732355163751416 ], [ 101.662904144611559, 12.732264832984933 ], [ 101.663088180418583, 12.732262981010722 ], [ 101.663087237107575, 12.73217265025712 ], [ 101.662995219240187, 12.732173576253398 ], [ 101.662992389448149, 12.731902583968141 ], [ 101.662900371671029, 12.73190350991216 ], [ 101.662898485244241, 12.731722848371675 ], [ 101.662714449798216, 12.731724700136871 ], [ 101.662713506660708, 12.731634369352033 ], [ 101.662621488959317, 12.73163529517999 ], [ 101.662617716611734, 12.73127397200669 ], [ 101.662525699033097, 12.731274897775615 ], [ 101.662523812967777, 12.7310942361713 ], [ 101.662431795446892, 12.731095161894755 ], [ 101.662430852457618, 12.731004831084789 ], [ 101.662338834961957, 12.73100575676956 ], [ 101.662337892012431, 12.730915425952132 ], [ 101.662153857064396, 12.730917277212397 ], [ 101.662154799948937, 12.731007608043386 ], [ 101.661970764906911, 12.731009459189591 ], [ 101.661971707733713, 12.731099790033458 ], [ 101.661879690169329, 12.731100715565486 ], [ 101.661880632970878, 12.731191046415448 ], [ 101.661788615366774, 12.73119197192235 ], [ 101.661793329320702, 12.731643626195803 ], [ 101.66188534708732, 12.731642700655005 ], [ 101.66188628993234, 12.731733031500868 ], [ 101.661978307724212, 12.731732105921385 ], [ 101.661980193500995, 12.731912767597494 ], [ 101.662164229192996, 12.731910916315682 ], [ 101.662168001093519, 12.732272239605459 ], [ 101.66226001905865, 12.732271313889573 ], [ 101.662260962084403, 12.732361644703527 ], [ 101.662352980074786, 12.732360718948948 ], [ 101.662353923140273, 12.732451049755444 ], [ 101.662445941155909, 12.732450123962176 ], [ 101.662446884261158, 12.7325404547612 ], [ 101.662630920335673, 12.732538603065381 ], [ 101.66263186351317, 12.732628933850155 ], [ 101.662539845447043, 12.732629859720802 ], [ 101.662541731758793, 12.732810521301873 ], [ 101.662633749889935, 12.732809595417663 ], [ 101.662634693089188, 12.732899926200389 ], [ 101.662726711245568, 12.73289900027749 ], [ 101.66272765448457, 12.73298933105275 ], [ 101.662819672666217, 12.732988405091156 ], [ 101.662821559230963, 12.733169066626067 ], [ 101.662913577470363, 12.733168140619002 ], [ 101.662914520796122, 12.733258471378646 ], [ 101.663006539060774, 12.733257545332888 ], [ 101.6630103125663, 12.733618868337501 ], [ 101.663102330953706, 12.733617942232705 ], [ 101.663103274380717, 12.733708272975363 ], [ 101.663287311198829, 12.733706420656464 ], [ 101.663289198204609, 12.733887082112602 ], [ 101.663473235123732, 12.73388522963892 ], [ 101.663474178702501, 12.733975560352397 ], [ 101.66338216021407, 12.733976486611978 ], [ 101.663384047328364, 12.734157148050446 ], [ 101.66347606588181, 12.734156221777301 ], [ 101.663477953090123, 12.734336883199465 ], [ 101.663661990305286, 12.734335030530294 ], [ 101.663663877672633, 12.734515691922589 ], [ 101.663755896334351, 12.734514765526566 ], [ 101.663759671286087, 12.73487608827581 ], [ 101.663851690070587, 12.734875161820733 ], [ 101.663853577654976, 12.735055823177678 ], [ 101.664037615332248, 12.735053970144643 ], [ 101.664038559200335, 12.735144300808523 ], [ 101.66431461575938, 12.73514152099925 ], [ 101.664313671793764, 12.735051190355726 ], [ 101.664497709398503, 12.73504933700354 ], [ 101.664495821358997, 12.734868675741591 ], [ 101.664403802625273, 12.734869602420069 ], [ 101.6644019146798, 12.734688941141808 ], [ 101.66449393334851, 12.734688014476903 ], [ 101.66449015741459, 12.734326691939321 ], [ 101.664398138875896, 12.734327618577082 ], [ 101.664399082816004, 12.734417949219292 ], [ 101.664307064237548, 12.734418875831924 ], [ 101.664306120329954, 12.734328545182931 ] ], [ [ 101.662722938362066, 12.732537677169608 ], [ 101.662721995159316, 12.732447346390929 ], [ 101.662814013145933, 12.732446420470028 ], [ 101.662814956381197, 12.732536751241925 ], [ 101.662722938362066, 12.732537677169608 ] ], [ [ 101.663488333254293, 12.735330520972473 ], [ 101.663396314278245, 12.73533144733381 ], [ 101.663394426975429, 12.735150785913124 ], [ 101.663118370198845, 12.735153564764932 ], [ 101.66311742665583, 12.735063234033213 ], [ 101.663025407748307, 12.735064160246536 ], [ 101.663024464245055, 12.734973829507354 ], [ 101.663116483120078, 12.734972903300813 ], [ 101.663115539591573, 12.734882572567725 ], [ 101.66302352074905, 12.734883498767482 ], [ 101.66301880337781, 12.73443184505788 ], [ 101.662650728585433, 12.734435549402118 ], [ 101.662651671915171, 12.734525880172535 ], [ 101.66255965316644, 12.734526806185594 ], [ 101.662560596470897, 12.734617136962106 ], [ 101.662468577682432, 12.734618062950032 ], [ 101.662471407541787, 12.73488905529582 ], [ 101.662563426427781, 12.734888129287551 ], [ 101.662565313101965, 12.735068790834424 ], [ 101.66265733204574, 12.735067864780676 ], [ 101.662659218813914, 12.735248526311254 ], [ 101.662751237815442, 12.735247600212029 ], [ 101.662750294395224, 12.735157269453865 ], [ 101.662934332311522, 12.735155417173228 ], [ 101.662935275796769, 12.73524574791783 ], [ 101.662843256809737, 12.735246674080885 ], [ 101.662844200269717, 12.735337004831583 ], [ 101.662752181242922, 12.735337930969509 ], [ 101.662755011568834, 12.735608923237846 ], [ 101.662847030693158, 12.73560799707958 ], [ 101.662847974182142, 12.73569832782754 ], [ 101.662939993331719, 12.735697401630571 ], [ 101.662940936860451, 12.735787732371065 ], [ 101.663124975202891, 12.735785879867814 ], [ 101.66312686241217, 12.735966541319623 ], [ 101.663218881637533, 12.735965615006556 ], [ 101.66322265627312, 12.736326937874832 ], [ 101.663314675621294, 12.736326011502713 ], [ 101.663316563047601, 12.736506672919184 ], [ 101.663960698736858, 12.736500187325651 ], [ 101.663958810855377, 12.736319526004159 ], [ 101.664050830145513, 12.736318599376695 ], [ 101.664049886183136, 12.736228268721707 ], [ 101.6639578669255, 12.736229195342391 ], [ 101.663955979087532, 12.736048534016795 ], [ 101.663863959887664, 12.736049460591989 ], [ 101.663862072143729, 12.73586879925009 ], [ 101.663586014695682, 12.735871578743458 ], [ 101.663585070932129, 12.735781248051129 ], [ 101.663493051800771, 12.735782174478301 ], [ 101.663488333254293, 12.735330520972473 ] ], [ [ 101.668176795960633, 12.681982660353949 ], [ 101.668084796534714, 12.681983584525028 ], [ 101.668083855310982, 12.681893253799181 ], [ 101.667991855910174, 12.68189417793169 ], [ 101.667989973549197, 12.68171351646436 ], [ 101.667897974205843, 12.681714440551506 ], [ 101.667897033068613, 12.681624109810024 ], [ 101.667805033750369, 12.681625033858596 ], [ 101.667804092652744, 12.681534703109644 ], [ 101.667712093359597, 12.681535627119645 ], [ 101.667710211250835, 12.681354965606104 ], [ 101.667618212015157, 12.681355889570744 ], [ 101.667617271004019, 12.681265558806157 ], [ 101.667341273350516, 12.681268330489047 ], [ 101.667342214264565, 12.681358661274013 ], [ 101.667250214999868, 12.681359585111549 ], [ 101.66725115588882, 12.681449915902625 ], [ 101.667159156584489, 12.681450839715179 ], [ 101.667160097448331, 12.681541170512366 ], [ 101.667068098104394, 12.681542094299935 ], [ 101.667069038943126, 12.681632425103231 ], [ 101.666977039559583, 12.681633348865814 ], [ 101.666980802857665, 12.681994672099352 ], [ 101.667072802370654, 12.681993748309601 ], [ 101.667073743245666, 12.682084079109487 ], [ 101.66716574278378, 12.68208315528117 ], [ 101.667164801876396, 12.681992824488072 ], [ 101.667348800866108, 12.681990976749683 ], [ 101.667349741838208, 12.682081307529197 ], [ 101.667441741354537, 12.682080383605543 ], [ 101.667443623385239, 12.682261045148943 ], [ 101.667535622959051, 12.682260121179926 ], [ 101.667537505083487, 12.68244078270701 ], [ 101.667629504714753, 12.68243985869263 ], [ 101.667630445820222, 12.682530189448361 ], [ 101.667722445476585, 12.682529265395406 ], [ 101.667723386621688, 12.682619596143658 ], [ 101.667815386303161, 12.682618672052133 ], [ 101.66781632748787, 12.682709002792913 ], [ 101.668092326585864, 12.68270623030728 ], [ 101.668093267874923, 12.682796561026995 ], [ 101.668001268150476, 12.682797485227445 ], [ 101.668003150685635, 12.682978146678421 ], [ 101.668095150474798, 12.68297722246438 ], [ 101.668096091785614, 12.683067553182052 ], [ 101.668280091406913, 12.683065704645045 ], [ 101.668281032789722, 12.683156035348448 ], [ 101.668557032264289, 12.6831532622842 ], [ 101.668557973751447, 12.683243592966535 ], [ 101.66874197342959, 12.683241744084548 ], [ 101.66873726574272, 12.682790090734022 ], [ 101.668645266069092, 12.68279101515693 ], [ 101.66864432458587, 12.682700684477984 ], [ 101.668276325948227, 12.682704381824632 ], [ 101.668275384601714, 12.682614051117827 ], [ 101.668367384239644, 12.682613126835628 ], [ 101.668364560146543, 12.682342134731501 ], [ 101.668272560605701, 12.682343058993316 ], [ 101.668269736675015, 12.68207206686267 ], [ 101.668177737223985, 12.682072991072323 ], [ 101.668176795960633, 12.681982660353949 ] ], [ [ 101.667378573983214, 12.702497897031988 ], [ 101.667470580834106, 12.702496971636785 ], [ 101.667469638254261, 12.702406641004609 ], [ 101.667377631435798, 12.702407566393017 ], [ 101.667376688895644, 12.702317235753364 ], [ 101.667560702460491, 12.702315384958306 ], [ 101.667559759862755, 12.702225054331556 ], [ 101.66774377333374, 12.702223203422763 ], [ 101.667744715996307, 12.702313534035921 ], [ 101.667836722753307, 12.702312608526986 ], [ 101.667839550881808, 12.702583600341992 ], [ 101.667747544027534, 12.702584525871307 ], [ 101.667749429417995, 12.702765187091485 ], [ 101.667473408617141, 12.702767963529217 ], [ 101.667474351225991, 12.702858294158663 ], [ 101.667566358199309, 12.702857368704457 ], [ 101.667568243503638, 12.703038029947711 ], [ 101.667752257558135, 12.703036178916634 ], [ 101.667753200286029, 12.703126509523651 ], [ 101.667845207334821, 12.703125583953568 ], [ 101.667844264574484, 12.703035253353345 ], [ 101.667936271583599, 12.703034327758225 ], [ 101.667937214376323, 12.703124658351657 ], [ 101.668121228437585, 12.703122807052331 ], [ 101.668122171302429, 12.703213137631488 ], [ 101.668398192437124, 12.703210360423377 ], [ 101.668400078383087, 12.703391021538872 ], [ 101.66849208547832, 12.703390095725576 ], [ 101.66849397151816, 12.703570756824753 ], [ 101.668585978670947, 12.703569830966035 ], [ 101.668586921734189, 12.703660161507802 ], [ 101.668494914548987, 12.703661087373316 ], [ 101.668495857587061, 12.703751417921197 ], [ 101.668771879218184, 12.703748640208767 ], [ 101.668770936082851, 12.703658309681277 ], [ 101.668954950402451, 12.703656457727412 ], [ 101.668954007209521, 12.703566127212833 ], [ 101.668677985816501, 12.703568905075482 ], [ 101.668677042728106, 12.703478574539831 ], [ 101.668953064023867, 12.703475796697566 ], [ 101.668950234510476, 12.70320480514768 ], [ 101.668858227516395, 12.703205731106543 ], [ 101.668856341275273, 12.703025070056276 ], [ 101.668764334338789, 12.703025995969716 ], [ 101.668762448191572, 12.702845334903127 ], [ 101.668670441312642, 12.702846260771139 ], [ 101.66866761224351, 12.702575269145745 ], [ 101.668575605454606, 12.702576194961541 ], [ 101.668574662478491, 12.702485864411583 ], [ 101.668482655714726, 12.702486790188752 ], [ 101.668481712778302, 12.702396459631313 ], [ 101.66838970603969, 12.702397385369853 ], [ 101.668388763142957, 12.70230705480494 ], [ 101.668296756429498, 12.702307980504855 ], [ 101.668295813572428, 12.702217649932464 ], [ 101.668203806884136, 12.702218575593754 ], [ 101.668200978453754, 12.701947583852094 ], [ 101.668108971855446, 12.70194850946117 ], [ 101.66810708633632, 12.70176784828306 ], [ 101.66801507979558, 12.70176877384672 ], [ 101.668014137079325, 12.701678443249845 ], [ 101.667922130563738, 12.701679368774881 ], [ 101.667919302555774, 12.701408376959785 ], [ 101.667827296130184, 12.701409302432609 ], [ 101.667826353507806, 12.701318971819418 ], [ 101.667734347107356, 12.701319897253619 ], [ 101.66773340452464, 12.701229566632955 ], [ 101.667457385377006, 12.70123234272422 ], [ 101.667458327862477, 12.701322673365265 ], [ 101.667274314996263, 12.701324523947223 ], [ 101.667275257424166, 12.701414854601174 ], [ 101.667183250947772, 12.701415779851207 ], [ 101.667184193350508, 12.70150611051127 ], [ 101.667092186834424, 12.701507035736263 ], [ 101.667093129212006, 12.701597366402433 ], [ 101.667001122656259, 12.701598291602394 ], [ 101.667000180311092, 12.701507960929431 ], [ 101.666632154145177, 12.701511661383817 ], [ 101.666633096360684, 12.701601992083948 ], [ 101.666541089768643, 12.701602917124761 ], [ 101.666542031959011, 12.701693247830999 ], [ 101.666358018688342, 12.701695097830731 ], [ 101.666362729424762, 12.702146751419587 ], [ 101.666454736225802, 12.702145826401679 ], [ 101.666456620635998, 12.702326487818866 ], [ 101.666548627494606, 12.702325562755554 ], [ 101.666550511998651, 12.702506224156426 ], [ 101.666642518914855, 12.702505299047699 ], [ 101.666643461210185, 12.702595629740319 ], [ 101.666735468151543, 12.702594704592972 ], [ 101.666736410486536, 12.702685035278121 ], [ 101.667196445246589, 12.702680409029956 ], [ 101.667195502749507, 12.702590078378769 ], [ 101.667379516537892, 12.702588227670271 ], [ 101.667378573983214, 12.702497897031988 ] ], [ [ 101.667189847919374, 12.702048094457304 ], [ 101.667188905473083, 12.701957763801337 ], [ 101.667096898794924, 12.701958689060291 ], [ 101.667095956388309, 12.701868358396851 ], [ 101.667187963034053, 12.701867433144686 ], [ 101.667187020602285, 12.701777102487355 ], [ 101.667463040398701, 12.701774326560267 ], [ 101.667463982927714, 12.701864657197223 ], [ 101.667555989544425, 12.70186373181774 ], [ 101.667556932113129, 12.70195406244722 ], [ 101.667464925464003, 12.701954987833494 ], [ 101.66746586800754, 12.702045318469082 ], [ 101.667189847919374, 12.702048094457304 ] ], [ [ 101.665544422172047, 12.711911720534582 ], [ 101.665542536937281, 12.711731059112754 ], [ 101.665450526618841, 12.711731984500068 ], [ 101.665449584044779, 12.71164165378134 ], [ 101.665541594330776, 12.711640728400814 ], [ 101.665540651731533, 12.711550397688196 ], [ 101.665632661977838, 12.711549472282604 ], [ 101.665631719353399, 12.711459141576087 ], [ 101.665539709139537, 12.71146006697489 ], [ 101.665538766554803, 12.711369736260906 ], [ 101.665446756366123, 12.711370661621066 ], [ 101.66544581382108, 12.711280330899607 ], [ 101.665261793486863, 12.711282181510791 ], [ 101.665262735967019, 12.711372512245829 ], [ 101.665354746170195, 12.711371586949374 ], [ 101.665355688690056, 12.711461917676935 ], [ 101.665171668211556, 12.71146376825156 ], [ 101.665168840868418, 12.711192776026101 ], [ 101.664708790031881, 12.711197401803419 ], [ 101.664709732310143, 12.71128773257986 ], [ 101.664617722088636, 12.71128865764655 ], [ 101.664615837604273, 12.711107996079416 ], [ 101.66470784776088, 12.711107071026298 ], [ 101.664706905497141, 12.711016740248498 ], [ 101.66498293582616, 12.711013964918383 ], [ 101.664981993472352, 12.710923634160253 ], [ 101.665074003535068, 12.710922708993298 ], [ 101.665072118784309, 12.710742047488569 ], [ 101.664796088769023, 12.710744822853158 ], [ 101.664797031043449, 12.710835153626224 ], [ 101.664705020991391, 12.710836078690837 ], [ 101.66470596324065, 12.710926409470009 ], [ 101.664245912709447, 12.710931034349208 ], [ 101.664248739014056, 12.711202026784409 ], [ 101.664524769646505, 12.711199251891378 ], [ 101.66452665408049, 12.711379913470717 ], [ 101.664342633536336, 12.711381763458403 ], [ 101.664344517869552, 12.711562425062153 ], [ 101.664436528210146, 12.711561500070665 ], [ 101.664435586007471, 12.711471169275915 ], [ 101.664619606602002, 12.711469319210954 ], [ 101.664620548869564, 12.711559649992129 ], [ 101.664712559188402, 12.71155872490508 ], [ 101.664711616888397, 12.711468394130689 ], [ 101.664803627167529, 12.711467469018572 ], [ 101.664804569499978, 12.711557799786176 ], [ 101.664988590101387, 12.711555949452805 ], [ 101.66498953250597, 12.711646280206152 ], [ 101.664529480785859, 12.711650905834603 ], [ 101.664534192106487, 12.712102559760762 ], [ 101.664626202627232, 12.712101634664851 ], [ 101.664627144945555, 12.712191965441249 ], [ 101.664995187085808, 12.712188264711902 ], [ 101.664994244637697, 12.712097933962649 ], [ 101.665086255122191, 12.71209700870746 ], [ 101.665085312648884, 12.712006677964311 ], [ 101.665453354384525, 12.712002976652148 ], [ 101.665452411788706, 12.711912645935474 ], [ 101.665544422172047, 12.711911720534582 ] ], [ [ 101.664985762931138, 12.711284957188667 ], [ 101.665077773123627, 12.711284031994561 ], [ 101.665080600391207, 12.71155502423834 ], [ 101.664988590101387, 12.711555949452805 ], [ 101.664985762931138, 12.711284957188667 ] ], [ [ 101.666286162413257, 12.712446300103872 ], [ 101.666378172925945, 12.712445374375545 ], [ 101.666376287020114, 12.712264713084121 ], [ 101.666560307893974, 12.71226286155906 ], [ 101.666558421887402, 12.712082200292066 ], [ 101.666650432248545, 12.712081274495338 ], [ 101.666649489223701, 12.711990943867606 ], [ 101.666557478895001, 12.711991869657549 ], [ 101.666556535909848, 12.711901539022346 ], [ 101.66646452560633, 12.711902464773642 ], [ 101.666463582660882, 12.711812134130968 ], [ 101.666371572382545, 12.711813059843621 ], [ 101.666370629476802, 12.711722729193472 ], [ 101.666186608963258, 12.711724580509626 ], [ 101.666184723303303, 12.711543919180116 ], [ 101.666276733498819, 12.711542993551545 ], [ 101.66627484780301, 12.711362332232886 ], [ 101.666366857926377, 12.711361406586041 ], [ 101.666365915056915, 12.711271075932476 ], [ 101.666273904965976, 12.71127200157253 ], [ 101.666272962136219, 12.711181670911493 ], [ 101.666180952070462, 12.711182596512904 ], [ 101.666180009280396, 12.711092265844391 ], [ 101.665719959005045, 12.711096893339695 ], [ 101.66572372956, 12.711458216145431 ], [ 101.665815739759353, 12.711457290682917 ], [ 101.665817625145252, 12.711637952068111 ], [ 101.665909635402244, 12.711637026560169 ], [ 101.665911520882034, 12.711817687929051 ], [ 101.665819510560155, 12.711818613450573 ], [ 101.665821396004091, 12.711999274830301 ], [ 101.665729385610092, 12.712000200333547 ], [ 101.66573127101816, 12.712180861724121 ], [ 101.66517920811242, 12.71218641415609 ], [ 101.665180150632665, 12.712276744891081 ], [ 101.664904118984524, 12.712279520697374 ], [ 101.6649050614147, 12.712369851452047 ], [ 101.6647210402148, 12.712371701843869 ], [ 101.664725752149948, 12.712823355674848 ], [ 101.665185805906461, 12.712818729286701 ], [ 101.665184863342688, 12.712728398555804 ], [ 101.66527687403979, 12.712727473189389 ], [ 101.665275931450822, 12.712637142464599 ], [ 101.665551963401256, 12.712634366194576 ], [ 101.665551020722219, 12.712544035489469 ], [ 101.665643031325402, 12.712543110009202 ], [ 101.665642088621169, 12.712452779310198 ], [ 101.666194151893293, 12.712447225800345 ], [ 101.666195094792201, 12.712537556458614 ], [ 101.666287105344594, 12.71253663075535 ], [ 101.666286162413257, 12.712446300103872 ] ], [ [ 101.666539984754834, 12.719128913974609 ], [ 101.666538097710045, 12.718948252797873 ], [ 101.666630110544943, 12.718947326516869 ], [ 101.666628223464258, 12.718766665350984 ], [ 101.666812248982438, 12.718764812720522 ], [ 101.666810361800941, 12.718584151579073 ], [ 101.666442310995265, 12.718587856658166 ], [ 101.666446084867886, 12.718949179047002 ], [ 101.666354072018464, 12.718950105264257 ], [ 101.666355015472305, 12.71904043586655 ], [ 101.666263002583179, 12.71904136205872 ], [ 101.666263946011796, 12.719131692667123 ], [ 101.666079920146842, 12.719133544969432 ], [ 101.66607897678314, 12.719043214347451 ], [ 101.665986963872228, 12.719044140444002 ], [ 101.665986020548246, 12.71895380981455 ], [ 101.665894007662558, 12.718954735872439 ], [ 101.665893064378281, 12.718864405235514 ], [ 101.665985077231511, 12.718863479184414 ], [ 101.665984133922052, 12.718773148553595 ], [ 101.665708095437964, 12.71877592659091 ], [ 101.665709981869384, 12.718956587892599 ], [ 101.665525956047205, 12.718958439785267 ], [ 101.665526899208871, 12.719048770448666 ], [ 101.665434886254431, 12.719049696353979 ], [ 101.665433943125237, 12.718959365683789 ], [ 101.665341930196007, 12.718960291550442 ], [ 101.665340044024276, 12.718779630194438 ], [ 101.665248031152728, 12.718780556015638 ], [ 101.66524708811022, 12.718690225329828 ], [ 101.664787023805943, 12.7186948539238 ], [ 101.664793624119625, 12.719327168947697 ], [ 101.664885637222241, 12.719326243245138 ], [ 101.664887523156352, 12.719506904660818 ], [ 101.665531615126014, 12.719500423755408 ], [ 101.665530671928067, 12.719410093095425 ], [ 101.665622685005118, 12.719409167131085 ], [ 101.665623628235522, 12.719499497784279 ], [ 101.665715641337769, 12.719498571781276 ], [ 101.665716584607907, 12.719588902426995 ], [ 101.665992623968506, 12.719586124206366 ], [ 101.665991680600996, 12.719495793581016 ], [ 101.666451745894548, 12.719491162609756 ], [ 101.666452689424403, 12.719581493201156 ], [ 101.666544702493809, 12.719580566904488 ], [ 101.666543758931496, 12.719490236319881 ], [ 101.666727784983607, 12.719488383644505 ], [ 101.666724954145437, 12.719217391927323 ], [ 101.666632941220399, 12.719218318260573 ], [ 101.666631997654662, 12.719127987680025 ], [ 101.666539984754834, 12.719128913974609 ] ], [ [ 101.664991796017688, 12.720680277959858 ], [ 101.665175823160624, 12.720678426191748 ], [ 101.665174879998233, 12.720588095513495 ], [ 101.665266893526365, 12.720587169588413 ], [ 101.665267836721213, 12.720677500259876 ], [ 101.665635890891025, 12.720673796213612 ], [ 101.665634947566289, 12.720583465569302 ], [ 101.665818974542731, 12.720581613368481 ], [ 101.665820861329323, 12.720762274629259 ], [ 101.66591287487158, 12.720761348467454 ], [ 101.665910988020073, 12.720580687220254 ], [ 101.666003001490154, 12.720579761040147 ], [ 101.666003944944748, 12.720670091657302 ], [ 101.666095958440039, 12.72066916543853 ], [ 101.666096901934367, 12.72075949604821 ], [ 101.666372942474098, 12.720756717180256 ], [ 101.666371998882369, 12.720666386590947 ], [ 101.666464012348627, 12.720665460244666 ], [ 101.666463068731687, 12.720575129661466 ], [ 101.666647095577517, 12.720573276886851 ], [ 101.666644264575439, 12.720302285173895 ], [ 101.666552251253563, 12.720303211556766 ], [ 101.666550364020082, 12.720122550397797 ], [ 101.666366337484433, 12.720124403040748 ], [ 101.666365393943494, 12.720034072446657 ], [ 101.665997340914956, 12.720037777322879 ], [ 101.665998284326022, 12.720128107944134 ], [ 101.665170164295134, 12.720136442111984 ], [ 101.665171107421244, 12.720226772793657 ], [ 101.66498708060297, 12.720228624493892 ], [ 101.664986137541803, 12.720138293798648 ], [ 101.664618083948099, 12.720141996789451 ], [ 101.664619026879407, 12.720232327511841 ], [ 101.664434999974119, 12.720234178829557 ], [ 101.664435942847746, 12.720324509564836 ], [ 101.663699834676734, 12.720331913614903 ], [ 101.663704547854948, 12.720783567552447 ], [ 101.663796561564041, 12.72078264212384 ], [ 101.663797504253907, 12.720872972902514 ], [ 101.664073545435087, 12.720870196405063 ], [ 101.664072602647821, 12.720779865646742 ], [ 101.664164616327909, 12.72077894009062 ], [ 101.664163673515432, 12.720688609338398 ], [ 101.664347700788909, 12.72068675814409 ], [ 101.66434864366633, 12.720777088882741 ], [ 101.664808711885499, 12.720772460305174 ], [ 101.664807768845719, 12.720682129600458 ], [ 101.664899782435342, 12.720681203796101 ], [ 101.664898839370352, 12.720590873097482 ], [ 101.664990852920241, 12.720589947268033 ], [ 101.664991796017688, 12.720680277959858 ] ], [ [ 101.666830683077436, 12.729334411863315 ], [ 101.666828794262287, 12.729153750868232 ], [ 101.666736777764697, 12.729154677948575 ], [ 101.666734889043582, 12.728974016937178 ], [ 101.666642872603717, 12.728974943972041 ], [ 101.666640983976606, 12.728794282944321 ], [ 101.666548967594466, 12.728795209933701 ], [ 101.666548023324296, 12.728704879412025 ], [ 101.666363990603216, 12.728706733281507 ], [ 101.666364934808399, 12.728797063816771 ], [ 101.665996869149197, 12.728800771200119 ], [ 101.665997813231684, 12.728891101761851 ], [ 101.665813780293547, 12.728892955275715 ], [ 101.665814724318309, 12.728983285850353 ], [ 101.66572270780587, 12.728984212566225 ], [ 101.665725539826227, 12.729255204306392 ], [ 101.665817556436139, 12.729254277570149 ], [ 101.665819444550976, 12.729434938713265 ], [ 101.665911461218627, 12.729434011931545 ], [ 101.66591334942747, 12.729614673058343 ], [ 101.666005366152845, 12.729613746231143 ], [ 101.666006310300659, 12.729704076786728 ], [ 101.666098327051259, 12.729703149920839 ], [ 101.666099271238821, 12.729793480468945 ], [ 101.666375321544578, 12.729790699659496 ], [ 101.666380987407209, 12.730332682811566 ], [ 101.666473004356249, 12.730331755770532 ], [ 101.666473948724587, 12.730422086286692 ], [ 101.666565965698865, 12.730421159206964 ], [ 101.666567854522299, 12.730601820223649 ], [ 101.666751888579043, 12.73059996594132 ], [ 101.666753777561496, 12.730780626928102 ], [ 101.666661760471769, 12.730781554098805 ], [ 101.666664593902425, 12.731052545594224 ], [ 101.666848628269605, 12.731050691180167 ], [ 101.666850517389662, 12.731231352146525 ], [ 101.666942534627353, 12.731230424878053 ], [ 101.666944423841443, 12.731411085828093 ], [ 101.667036441136872, 12.731410158514134 ], [ 101.667037385787296, 12.731500488981334 ], [ 101.667129403107978, 12.731499561628677 ], [ 101.667131292495611, 12.731680222547439 ], [ 101.667223309874018, 12.73167929514929 ], [ 101.667225199355698, 12.73185995605173 ], [ 101.667317216791844, 12.73185902860809 ], [ 101.667319106367572, 12.73203968949421 ], [ 101.667411123861456, 12.732038762005072 ], [ 101.667412068692698, 12.73212909244031 ], [ 101.667504086211807, 12.732128164912472 ], [ 101.667505031082825, 12.732218495340234 ], [ 101.667781083694109, 12.732215712544896 ], [ 101.66778013872559, 12.732125382137518 ], [ 101.667872156215665, 12.732124454482051 ], [ 101.667870266235425, 12.731943793678829 ], [ 101.667962283653239, 12.731942866005046 ], [ 101.667961338641504, 12.731852535609203 ], [ 101.668053356019556, 12.731851607910309 ], [ 101.668052410982597, 12.731761277520578 ], [ 101.667960393637046, 12.731762205212675 ], [ 101.667958503649928, 12.731581544417574 ], [ 101.668050520930464, 12.731580616739064 ], [ 101.668045795927242, 12.731128964773312 ], [ 101.667861761683866, 12.731130820030474 ], [ 101.667859871863399, 12.730950159212204 ], [ 101.667767854795812, 12.730951086779339 ], [ 101.667765965069393, 12.730770425944744 ], [ 101.66767394805953, 12.730771353466389 ], [ 101.667672058427144, 12.730590692615465 ], [ 101.66758004147502, 12.730591620091619 ], [ 101.667578151936681, 12.730410959224375 ], [ 101.667486135042267, 12.730411886655034 ], [ 101.667485190316484, 12.730321556213593 ], [ 101.667393173447309, 12.730322483605555 ], [ 101.667392228761287, 12.730232153156631 ], [ 101.667300211917336, 12.730233080509901 ], [ 101.667297378000328, 12.72996208913866 ], [ 101.667205361246602, 12.729963016439644 ], [ 101.667203472069872, 12.729782355508473 ], [ 101.667111455373885, 12.72978328276397 ], [ 101.667109566291174, 12.729602621816483 ], [ 101.666925533007387, 12.729604476204601 ], [ 101.666926477480118, 12.729694806692271 ], [ 101.666650427402487, 12.72969758805557 ], [ 101.666648538659246, 12.729516927038789 ], [ 101.666924588541917, 12.729514145716246 ], [ 101.666922699632735, 12.729333484737481 ], [ 101.666830683077436, 12.729334411863315 ] ], [ [ 101.667303990575036, 12.730594402328649 ], [ 101.66693592260674, 12.730598111531373 ], [ 101.66693497806142, 12.730507781050541 ], [ 101.66702699503189, 12.730506853804508 ], [ 101.667026050461317, 12.730416523329785 ], [ 101.667118067392025, 12.73041559605864 ], [ 101.667116178207678, 12.730234935120725 ], [ 101.667024161341956, 12.730235862378283 ], [ 101.667023216793169, 12.73014553190151 ], [ 101.667207250452364, 12.730143677368073 ], [ 101.667208195066138, 12.730234007831264 ], [ 101.667300211917336, 12.730233080509901 ], [ 101.667303990575036, 12.730594402328649 ] ], [ [ 101.666467338298645, 12.72978977265921 ], [ 101.666466393981111, 12.729699442138262 ], [ 101.66655841069543, 12.729698515112865 ], [ 101.66655935504545, 12.729788845627022 ], [ 101.666467338298645, 12.72978977265921 ] ], [ [ 101.665758584889431, 12.732416774153604 ], [ 101.665666567134892, 12.732417701095571 ], [ 101.665665622899368, 12.732327370533342 ], [ 101.665573605170067, 12.732328297436613 ], [ 101.665570772604525, 12.732057305725462 ], [ 101.665478754965463, 12.732058232576456 ], [ 101.665476866689716, 12.731877571418693 ], [ 101.665384849108406, 12.731878498224203 ], [ 101.665382960926664, 12.731697837050126 ], [ 101.665198925872275, 12.731699690538271 ], [ 101.66519609384909, 12.731428698731294 ], [ 101.665104076408511, 12.731429625407147 ], [ 101.665102188494316, 12.731248964185502 ], [ 101.665010171111476, 12.731249890815866 ], [ 101.6650082832913, 12.731069229577912 ], [ 101.664916265966198, 12.731070156162801 ], [ 101.664915322099489, 12.730979825536005 ], [ 101.664823304799626, 12.730980752082205 ], [ 101.664822360972678, 12.730890421447942 ], [ 101.664730343698054, 12.730891347955449 ], [ 101.664728456130902, 12.730710686671298 ], [ 101.664636438914016, 12.730711613133325 ], [ 101.664633607715189, 12.730440621181611 ], [ 101.664541590588527, 12.730441547591376 ], [ 101.664539703223895, 12.730260886273241 ], [ 101.664447686154986, 12.730261812637528 ], [ 101.664445798884358, 12.730081151303086 ], [ 101.664353781873174, 12.730082077621901 ], [ 101.664352838281232, 12.729991746946869 ], [ 101.664260821295301, 12.729992673226993 ], [ 101.664259877743106, 12.729902342544488 ], [ 101.664075843814459, 12.729904194995463 ], [ 101.664076787301667, 12.729994525691536 ], [ 101.663984770293979, 12.729995451875958 ], [ 101.663985713755935, 12.730085782578129 ], [ 101.663801679653801, 12.730087634864832 ], [ 101.663804509888237, 12.730358627007961 ], [ 101.663896527040407, 12.730357700860209 ], [ 101.663898413964617, 12.730538362271972 ], [ 101.663990431174525, 12.730537436078743 ], [ 101.66399231819274, 12.730718097474208 ], [ 101.664084335460402, 12.730717171235504 ], [ 101.664085279012866, 12.730807501925424 ], [ 101.664177296305766, 12.730806575648037 ], [ 101.664178239897993, 12.730896906330486 ], [ 101.664270257216131, 12.730895980014409 ], [ 101.664271200848106, 12.730986310689385 ], [ 101.664363218191497, 12.730985384334618 ], [ 101.664366992921913, 12.731346707000561 ], [ 101.664459010388029, 12.731345780586743 ], [ 101.66445995412127, 12.731436111244733 ], [ 101.664551971612624, 12.731435184792224 ], [ 101.664553859165864, 12.731615846092581 ], [ 101.664737894256817, 12.731613993064697 ], [ 101.664739781969061, 12.731794654335168 ], [ 101.66483179956866, 12.731793727759795 ], [ 101.664835575210162, 12.732155050265387 ], [ 101.664927592932514, 12.732154123630954 ], [ 101.664928536893527, 12.732244454248857 ], [ 101.665020554641117, 12.732243527575731 ], [ 101.665021498641892, 12.732333858186161 ], [ 101.665113516414721, 12.732332931474339 ], [ 101.665117292620366, 12.73269425388207 ], [ 101.665209310515934, 12.732693327111186 ], [ 101.665211198727292, 12.732873988297372 ], [ 101.665303216680613, 12.732873061481007 ], [ 101.665305104986004, 12.73305372265088 ], [ 101.665397122997078, 12.733052795789025 ], [ 101.665399011396488, 12.733233456942584 ], [ 101.665583047526894, 12.733231603095994 ], [ 101.665583991802478, 12.73332193365817 ], [ 101.665860046041175, 12.733319152628587 ], [ 101.665859101668076, 12.73322882208678 ], [ 101.665951119700608, 12.73322789501989 ], [ 101.665950175302271, 12.733137564484187 ], [ 101.666042193295056, 12.733136637392175 ], [ 101.666038415644223, 12.732775315269688 ], [ 101.665946397781454, 12.732776242334539 ], [ 101.665944509064587, 12.732595581255611 ], [ 101.665852491259557, 12.732596508274973 ], [ 101.665851546944509, 12.732506177727695 ], [ 101.665759529164717, 12.732507104708358 ], [ 101.665758584889431, 12.732416774153604 ] ], [ [ 101.667046832690943, 12.732403793615726 ], [ 101.666954815038011, 12.732404721004405 ], [ 101.666953870347484, 12.732314390537249 ], [ 101.666861852719805, 12.732315317887227 ], [ 101.666857129538528, 12.731863665507237 ], [ 101.666673094586372, 12.73186552004355 ], [ 101.666671205494694, 12.7316848590596 ], [ 101.666303135763258, 12.73168856769502 ], [ 101.666304080175493, 12.7317788982145 ], [ 101.666212062691983, 12.731779825300379 ], [ 101.666213007078966, 12.731870155825973 ], [ 101.666120989555708, 12.731871082886734 ], [ 101.666121933917452, 12.731961413418432 ], [ 101.66621395147321, 12.731960486350877 ], [ 101.666215840283471, 12.732141147398636 ], [ 101.666307857896967, 12.732140220285597 ], [ 101.666309746801261, 12.732320881317037 ], [ 101.66649378213647, 12.732319026968066 ], [ 101.666495671199797, 12.732499687969609 ], [ 101.666587688921524, 12.732498760733678 ], [ 101.666591467265278, 12.732860082701391 ], [ 101.666683485109758, 12.732859155406386 ], [ 101.666685374390198, 12.733039816372557 ], [ 101.666777392292403, 12.733038889032057 ], [ 101.666779281666891, 12.733219549981904 ], [ 101.667147353463164, 12.733215840246469 ], [ 101.66714546382866, 12.733035179350962 ], [ 101.667237481694571, 12.733034251850915 ], [ 101.667236536855697, 12.732943921408925 ], [ 101.667328554681845, 12.732942993883762 ], [ 101.66732666496091, 12.732762333011326 ], [ 101.667234647199749, 12.732763260522903 ], [ 101.667232757572847, 12.732582599634137 ], [ 101.667140739869453, 12.732583527100221 ], [ 101.667139795099388, 12.732493196648022 ], [ 101.667047777421246, 12.732494124075403 ], [ 101.667046832690943, 12.732403793615726 ] ], [ [ 101.664937976902692, 12.733147760390255 ], [ 101.664845958822838, 12.733148687099344 ], [ 101.664843126841419, 12.732877695243745 ], [ 101.664751108851803, 12.732878621900566 ], [ 101.664750164905016, 12.732788291273877 ], [ 101.664658146940653, 12.732789217892002 ], [ 101.664657203033613, 12.73269888725784 ], [ 101.664105095290154, 12.73270444625577 ], [ 101.664106039002178, 12.732794776930646 ], [ 101.664014020987054, 12.732795703325406 ], [ 101.664016852069139, 12.733066695366283 ], [ 101.664108870181778, 12.733065768951171 ], [ 101.664109813922821, 12.73315609962331 ], [ 101.664201832060712, 12.7331551731695 ], [ 101.664202775841503, 12.733245503834169 ], [ 101.664294794004647, 12.733244577341665 ], [ 101.664295737825185, 12.733334907998863 ], [ 101.664387756013582, 12.733333981467663 ], [ 101.664389643741444, 12.733514642766441 ], [ 101.664481661987594, 12.733513716189755 ], [ 101.664485437660375, 12.733875038751959 ], [ 101.664577456029278, 12.733874112116219 ], [ 101.664578399998135, 12.73396444274827 ], [ 101.664670418392276, 12.73396351607383 ], [ 101.664672306416733, 12.734144177322316 ], [ 101.664948361750717, 12.734141397066796 ], [ 101.664949305871318, 12.734231727669647 ], [ 101.665133342789389, 12.734229873992831 ], [ 101.665131454425378, 12.734049212813588 ], [ 101.665223472808506, 12.734048285940887 ], [ 101.665222528604886, 12.733957955357031 ], [ 101.665314546948252, 12.733957028459201 ], [ 101.665312658497754, 12.73377636730301 ], [ 101.665220640219388, 12.733777294187261 ], [ 101.665217807695583, 12.733506302427475 ], [ 101.66503377131211, 12.733508156059512 ], [ 101.665032827217019, 12.733417825457973 ], [ 101.664940809046911, 12.733418752219336 ], [ 101.664937976902692, 12.733147760390255 ] ], [ [ 101.671096636326013, 12.688457790095912 ], [ 101.671095693543563, 12.688367459636691 ], [ 101.671003692044536, 12.688368385275785 ], [ 101.671001806566181, 12.688187724341688 ], [ 101.670909805124651, 12.688188649935388 ], [ 101.670907919740131, 12.68800798898496 ], [ 101.67081591835607, 12.688008914533262 ], [ 101.670814033065369, 12.687828253566503 ], [ 101.670722031738805, 12.687829179069412 ], [ 101.670721089136734, 12.687738848578208 ], [ 101.67062908783528, 12.687739774042521 ], [ 101.670627202717682, 12.687559113044466 ], [ 101.670535201473726, 12.687560038463388 ], [ 101.670536143996515, 12.687650368969559 ], [ 101.670352141422029, 12.687652219725628 ], [ 101.670353083887335, 12.687742550244716 ], [ 101.67026108255682, 12.687743475581861 ], [ 101.670262024997015, 12.687833806107067 ], [ 101.670170023626852, 12.687834731419223 ], [ 101.670170966041937, 12.687925061950546 ], [ 101.669986963215081, 12.687926912493076 ], [ 101.669987905572668, 12.688017243037317 ], [ 101.669895904115961, 12.688018168267691 ], [ 101.669896846448424, 12.688108498818048 ], [ 101.669804844952097, 12.68810942402343 ], [ 101.669807671895953, 12.688380415690808 ], [ 101.669899673489425, 12.68837949046503 ], [ 101.669900615850963, 12.688469821012662 ], [ 101.669992617469561, 12.68846889574829 ], [ 101.669994502279152, 12.688649556827906 ], [ 101.670086503955247, 12.688648631518143 ], [ 101.670087446403315, 12.688738962050129 ], [ 101.67017944810452, 12.688738036701771 ], [ 101.670180390592236, 12.688828367226275 ], [ 101.670272392318552, 12.688827441839322 ], [ 101.670273334845916, 12.688917772356346 ], [ 101.670365336597357, 12.688916846930802 ], [ 101.67036722173863, 12.689097507949201 ], [ 101.670735228930752, 12.689093805874657 ], [ 101.67073428622696, 12.689003475393001 ], [ 101.670918289714649, 12.689001624178557 ], [ 101.670917346953374, 12.68891129370982 ], [ 101.671009348653939, 12.688910368061709 ], [ 101.671008405867539, 12.688820037599092 ], [ 101.671100407528456, 12.688819111925989 ], [ 101.67109946471696, 12.688728781469491 ], [ 101.671191466338229, 12.688727855771393 ], [ 101.67118863785015, 12.688456864418217 ], [ 101.671096636326013, 12.688457790095912 ] ], [ [ 101.671881696488981, 12.693147563893838 ], [ 101.671882639915722, 12.693237894262484 ], [ 101.672066646273265, 12.69323604164536 ], [ 101.672065702781751, 12.693145711290322 ], [ 101.672157705917215, 12.693144784940854 ], [ 101.67215676240059, 12.693054454591937 ], [ 101.672248765496406, 12.693053528217471 ], [ 101.672247821954642, 12.692963197874676 ], [ 101.672339825010795, 12.692962271475206 ], [ 101.67233888144392, 12.692871941138536 ], [ 101.672430884460397, 12.692871014714068 ], [ 101.672429940868398, 12.692780684383518 ], [ 101.67252194384524, 12.692779757934051 ], [ 101.672518169420385, 12.692418436632263 ], [ 101.672426166573118, 12.69241936305451 ], [ 101.672425223017456, 12.692329032720552 ], [ 101.672333220195313, 12.692329959104189 ], [ 101.672332276679327, 12.69223962876274 ], [ 101.672056268266402, 12.692242407702416 ], [ 101.672055324854853, 12.69215207733987 ], [ 101.671871319274672, 12.692153929793694 ], [ 101.671869432602932, 12.691973269039345 ], [ 101.671777429866708, 12.691974195204942 ], [ 101.671776486574132, 12.691883864819941 ], [ 101.671684483863032, 12.691884790946933 ], [ 101.671683540610118, 12.691794460554444 ], [ 101.671499535230879, 12.691796312699413 ], [ 101.67150047841902, 12.691886643105509 ], [ 101.671316472945946, 12.691888495136872 ], [ 101.671315529822579, 12.691798164717172 ], [ 101.671223527107529, 12.691799090678352 ], [ 101.671222584023809, 12.691708760251164 ], [ 101.671130581333884, 12.691709686173734 ], [ 101.671129638289813, 12.691619355739068 ], [ 101.671037635625012, 12.691620281623029 ], [ 101.671038578636683, 12.691710612064503 ], [ 101.670946575932206, 12.691711537923471 ], [ 101.670950347922016, 12.692072859709739 ], [ 101.671134353582787, 12.692071007905589 ], [ 101.671139069057432, 12.69252266005506 ], [ 101.671323075013021, 12.692520808055672 ], [ 101.671324018194539, 12.692611138469914 ], [ 101.671416021193821, 12.692610212415714 ], [ 101.671415077979916, 12.692519882008273 ], [ 101.671507080939548, 12.692518955929071 ], [ 101.671509910700237, 12.692789947128935 ], [ 101.671693916792009, 12.692788094834292 ], [ 101.671696746812458, 12.693059085987194 ], [ 101.671788749944611, 12.693058159771756 ], [ 101.671789693331704, 12.693148490147887 ], [ 101.671881696488981, 12.693147563893838 ] ], [ [ 101.671133410509668, 12.691980677473648 ], [ 101.671225413296753, 12.691979751530672 ], [ 101.671226356402272, 12.692070081955812 ], [ 101.671134353582787, 12.692071007905589 ], [ 101.671133410509668, 12.691980677473648 ] ], [ [ 101.672901805701358, 12.702713307669024 ], [ 101.672993812213562, 12.70271238034359 ], [ 101.672992867666878, 12.702622050121468 ], [ 101.673084874139377, 12.70262112277101 ], [ 101.673082040445706, 12.702350132120984 ], [ 101.672990034070466, 12.702351059451017 ], [ 101.672988145042567, 12.702170399000632 ], [ 101.672896138724866, 12.702171326285226 ], [ 101.672893305334796, 12.701900335584114 ], [ 101.672801299107093, 12.701901262816454 ], [ 101.672799410281584, 12.701720602332015 ], [ 101.672707404111421, 12.701721529518917 ], [ 101.672706459741988, 12.701631199268869 ], [ 101.672614453596992, 12.70163212641714 ], [ 101.672613509267237, 12.701541796159601 ], [ 101.672521503147365, 12.701542723269233 ], [ 101.6725205588573, 12.701452393004203 ], [ 101.672428552762568, 12.701453320075208 ], [ 101.672427608512209, 12.701362989802689 ], [ 101.672335602442629, 12.701363916835058 ], [ 101.672331825643496, 12.701002595710941 ], [ 101.672239819696301, 12.701003522684264 ], [ 101.672237931405206, 12.700822862104502 ], [ 101.672053919618619, 12.700824715928439 ], [ 101.672052975548809, 12.700734385623923 ], [ 101.671776957911661, 12.700737166100728 ], [ 101.671778845864097, 12.700917826749901 ], [ 101.671686839905675, 12.700918753525462 ], [ 101.671687783860392, 12.701009083855826 ], [ 101.671595777862294, 12.701010010606362 ], [ 101.671598609672799, 12.701281001613781 ], [ 101.671690615768142, 12.701280074842831 ], [ 101.671694391746897, 12.701641396149286 ], [ 101.671786397964624, 12.701640469319297 ], [ 101.671787342009907, 12.701730799637396 ], [ 101.671879348252787, 12.701729872768775 ], [ 101.671880292337747, 12.701820203079391 ], [ 101.671972298605766, 12.701819276172136 ], [ 101.671975131001531, 12.702090267079472 ], [ 101.671883124636281, 12.70209119400714 ], [ 101.67188406875033, 12.702181524315026 ], [ 101.671792062345375, 12.702182451217666 ], [ 101.671793950530443, 12.702363111844997 ], [ 101.672069969917985, 12.702360331000754 ], [ 101.672073746764397, 12.702721652165566 ], [ 101.671889733587292, 12.702723506147994 ], [ 101.671890677752245, 12.702813836451103 ], [ 101.671798671120371, 12.702814763401372 ], [ 101.671797726987847, 12.702724433091461 ], [ 101.671429700517336, 12.702728140547025 ], [ 101.671431588530311, 12.702908801220589 ], [ 101.67133958182967, 12.702909728018511 ], [ 101.671340525814642, 12.703000058361075 ], [ 101.671248519074325, 12.703000985133965 ], [ 101.67124946303413, 12.70309131548265 ], [ 101.671157456254122, 12.703092242230511 ], [ 101.671159344130743, 12.703272902939434 ], [ 101.671067337278615, 12.703273829669069 ], [ 101.671069225119453, 12.703454490388861 ], [ 101.671345245848528, 12.703451710063639 ], [ 101.671344301827219, 12.703361379724493 ], [ 101.671988349713672, 12.703354891232461 ], [ 101.671987405472706, 12.703264560940259 ], [ 101.672355432546752, 12.703260852557436 ], [ 101.672354488183373, 12.703170522291769 ], [ 101.672630508315308, 12.703167740690835 ], [ 101.672627674977008, 12.702896749950989 ], [ 101.672719681575842, 12.702895822707434 ], [ 101.672718737111879, 12.702805492466261 ], [ 101.672902750222917, 12.702803637897269 ], [ 101.672901805701358, 12.702713307669024 ] ], [ [ 101.672328952888776, 12.727110805519983 ], [ 101.672236937541953, 12.727111734364554 ], [ 101.672235045241976, 12.726931074138927 ], [ 101.672143029952835, 12.726932002937989 ], [ 101.672141137746934, 12.726751342696012 ], [ 101.672049122515489, 12.726752271449573 ], [ 101.672048176455931, 12.726661941320755 ], [ 101.671864146036185, 12.726663798718587 ], [ 101.671863200048875, 12.726573468575472 ], [ 101.671679169665012, 12.726575325832123 ], [ 101.671675386048335, 12.726214005198393 ], [ 101.671583370975426, 12.726214933751665 ], [ 101.671581479275702, 12.726034273417085 ], [ 101.671489464260489, 12.726035201924857 ], [ 101.671488518454012, 12.725944871749737 ], [ 101.671120458450375, 12.725948585434695 ], [ 101.671121404126922, 12.726038915637025 ], [ 101.670937374016503, 12.726040772301765 ], [ 101.670939265261481, 12.72622143273159 ], [ 101.670847250130393, 12.72622236102973 ], [ 101.67084819573131, 12.726312691250417 ], [ 101.670940210894869, 12.726311762945477 ], [ 101.670943047838676, 12.726582753583035 ], [ 101.671035063092418, 12.726581825225791 ], [ 101.671036008787368, 12.726672155430141 ], [ 101.671312054602424, 12.726669370146656 ], [ 101.671313000402108, 12.726759700329913 ], [ 101.671589046249167, 12.726756914738981 ], [ 101.671589992153585, 12.726847244901139 ], [ 101.671405961531178, 12.726849102007261 ], [ 101.671406907377886, 12.726939432182343 ], [ 101.67131489202329, 12.726940360694369 ], [ 101.671317729509596, 12.727211351235924 ], [ 101.67140974496165, 12.727210422703491 ], [ 101.671411636720521, 12.727391083047502 ], [ 101.671503652230271, 12.727390154469562 ], [ 101.671504598153092, 12.727480484633739 ], [ 101.671596613688067, 12.727479556017105 ], [ 101.67159755965065, 12.727569886173796 ], [ 101.67168957521082, 12.727568957518459 ], [ 101.671691467222786, 12.727749617816173 ], [ 101.671783482840667, 12.727748689115334 ], [ 101.671785374946694, 12.727929349396703 ], [ 101.671877390622285, 12.727928420650359 ], [ 101.671879282822374, 12.728109080915383 ], [ 101.671971298555661, 12.728108152123532 ], [ 101.671972244699106, 12.728198482248212 ], [ 101.672156276208824, 12.72819662455521 ], [ 101.672155330000408, 12.728106294444144 ], [ 101.672247345711867, 12.728105365556605 ], [ 101.672246399478226, 12.728015035451659 ], [ 101.672338415149937, 12.728014106539025 ], [ 101.672337468891072, 12.7279237764402 ], [ 101.672521500147681, 12.727921918532866 ], [ 101.672516768637678, 12.727470268096541 ], [ 101.672424753175449, 12.72747119703212 ], [ 101.672422860687348, 12.72729053683919 ], [ 101.672330845282815, 12.727291465729264 ], [ 101.672328952888776, 12.727110805519983 ] ], [ [ 101.670507556824873, 12.728935981042738 ], [ 101.670231508376986, 12.728938765975201 ], [ 101.670229617215625, 12.728758105477585 ], [ 101.670321633307211, 12.728757177212266 ], [ 101.670319742109925, 12.728576516725518 ], [ 101.670227726083326, 12.728577444977237 ], [ 101.670225834980116, 12.72839678447415 ], [ 101.670133819011212, 12.728397712680369 ], [ 101.670132873502993, 12.728307382420997 ], [ 101.669856825650172, 12.728310166827871 ], [ 101.669851153338286, 12.727768185134885 ], [ 101.669299058605972, 12.727773752842637 ], [ 101.669298113441016, 12.727683422517286 ], [ 101.669482144982553, 12.727681566755882 ], [ 101.669479309336367, 12.727410575816515 ], [ 101.669571324998785, 12.727409647908365 ], [ 101.669570379765418, 12.727319317600674 ], [ 101.6694783641355, 12.727320245502023 ], [ 101.66947647375558, 12.72713958487099 ], [ 101.669016395821856, 12.727144223831335 ], [ 101.669017340845755, 12.727234554181186 ], [ 101.668925325204725, 12.727235481884371 ], [ 101.6689262702034, 12.727325812240334 ], [ 101.668834254522622, 12.727326739918421 ], [ 101.668836144476799, 12.72750740064189 ], [ 101.668744128723787, 12.727508328301678 ], [ 101.66874507367929, 12.727598658669185 ], [ 101.668837089464787, 12.727597731002602 ], [ 101.668838034460038, 12.727688061362624 ], [ 101.668930050270774, 12.727687133657348 ], [ 101.668930995305772, 12.727777464009892 ], [ 101.669023011141718, 12.727776536265923 ], [ 101.669023956216478, 12.727866866610986 ], [ 101.66930000377819, 12.727864083167306 ], [ 101.669300948957684, 12.727954413491291 ], [ 101.669208933078551, 12.727955341344547 ], [ 101.669212713739199, 12.728316662660839 ], [ 101.669304729748276, 12.728315734780391 ], [ 101.669305674964093, 12.728406065100957 ], [ 101.669397690998395, 12.728405137181813 ], [ 101.669398636253973, 12.728495467494895 ], [ 101.669490652313485, 12.728494539537056 ], [ 101.669489707025434, 12.728404209230774 ], [ 101.66976575506294, 12.728401425186268 ], [ 101.669766700448477, 12.728491755472154 ], [ 101.669582668365749, 12.72849361154732 ], [ 101.669583613693575, 12.728583941846123 ], [ 101.669491597608811, 12.728584869842658 ], [ 101.669495378862806, 12.728946191058219 ], [ 101.6695873950775, 12.728945263034486 ], [ 101.669588340441663, 12.729035593329867 ], [ 101.669772372914267, 12.729033737173108 ], [ 101.66977331835065, 12.729124067454208 ], [ 101.669957350859164, 12.729122211156254 ], [ 101.669958296367824, 12.729212541423069 ], [ 101.669866280084719, 12.729213469594795 ], [ 101.669869116556796, 12.729484460411534 ], [ 101.669961132937388, 12.729483532219408 ], [ 101.669962078475109, 12.729573862483488 ], [ 101.670054094880911, 12.729572934252662 ], [ 101.670055040458394, 12.729663264509254 ], [ 101.6703310897297, 12.72966047960497 ], [ 101.670332035411946, 12.72975080984048 ], [ 101.670240018962943, 12.729751738180607 ], [ 101.670244747320666, 12.730203389381892 ], [ 101.670796846880364, 12.730197818658555 ], [ 101.670795900999323, 12.730107488460474 ], [ 101.670887917534685, 12.730106559901733 ], [ 101.670886971628406, 12.730016229709772 ], [ 101.670978988123991, 12.730015301125931 ], [ 101.670975204441646, 12.729653980378451 ], [ 101.670883188076033, 12.729654908935085 ], [ 101.670882242206119, 12.729564578739703 ], [ 101.670606193163152, 12.729567364197791 ], [ 101.670600518681184, 12.7290253828887 ], [ 101.67050850251394, 12.729026311270118 ], [ 101.670507556824873, 12.728935981042738 ] ], [ [ 101.670684969012413, 12.728301812746032 ], [ 101.670687806143675, 12.728572803399668 ], [ 101.670779822133937, 12.728571874988461 ], [ 101.670781713656098, 12.728752535407192 ], [ 101.67087372970407, 12.728751606950487 ], [ 101.670874675508557, 12.728841937152023 ], [ 101.670966691581739, 12.728841008656614 ], [ 101.670967637425974, 12.728931338850666 ], [ 101.67124368569938, 12.728928553152638 ], [ 101.671245577604623, 12.729109213497871 ], [ 101.671153561455782, 12.729110142109386 ], [ 101.671155453325113, 12.72929080246549 ], [ 101.67124746953894, 12.729289873840367 ], [ 101.671249361502362, 12.729470534180129 ], [ 101.671341377773899, 12.729469605509502 ], [ 101.67134232379901, 12.729559935671553 ], [ 101.671710388942415, 12.729556220642825 ], [ 101.671709442787346, 12.729465890507996 ], [ 101.671801459022518, 12.729464961677868 ], [ 101.671800512842239, 12.729374631549154 ], [ 101.671892529037635, 12.72937370269393 ], [ 101.671890636633904, 12.729193042448061 ], [ 101.671798620503466, 12.729193971289671 ], [ 101.671796728193797, 12.729013311027456 ], [ 101.67170471212107, 12.729014239823561 ], [ 101.671703766009642, 12.728923909684625 ], [ 101.671427717845305, 12.728926695861126 ], [ 101.671426771838611, 12.728836365701094 ], [ 101.67133475580178, 12.728837294355992 ], [ 101.671333809834849, 12.728746964188472 ], [ 101.671425825839194, 12.728746035540375 ], [ 101.671420149995384, 12.728204054561694 ], [ 101.671236118369293, 12.728205911744347 ], [ 101.671235172485751, 12.728115581565232 ], [ 101.670867109276287, 12.728119295520568 ], [ 101.670868055029871, 12.728209625726892 ], [ 101.670776039176843, 12.728210554142787 ], [ 101.670776984905203, 12.728300884355233 ], [ 101.670684969012413, 12.728301812746032 ] ], [ [ 101.67142866385926, 12.729017026020481 ], [ 101.671336647757457, 12.729017954688986 ], [ 101.671335701775973, 12.728927624522836 ], [ 101.671427717845305, 12.728926695861126 ], [ 101.67142866385926, 12.729017026020481 ] ], [ [ 101.66950105096177, 12.729488172861039 ], [ 101.669409034544827, 12.729489100893662 ], [ 101.669408089209341, 12.729398770588107 ], [ 101.669316072817637, 12.729399698582032 ], [ 101.669315127521898, 12.729309368268991 ], [ 101.669223111155418, 12.729310296224218 ], [ 101.669222165899427, 12.729219965903695 ], [ 101.669130149558185, 12.729220893820225 ], [ 101.669129204341957, 12.729130563492221 ], [ 101.669037188025925, 12.729131491370055 ], [ 101.669033407363628, 12.728770170023999 ], [ 101.668941391170307, 12.72877109784274 ], [ 101.668938555847348, 12.728500106805624 ], [ 101.668846539744223, 12.728501034572076 ], [ 101.668845594683589, 12.728410704218208 ], [ 101.668753578605688, 12.728411631945967 ], [ 101.668752633584816, 12.728321301584614 ], [ 101.668568601472202, 12.728323156930845 ], [ 101.668564821721233, 12.727961835424226 ], [ 101.668472805783978, 12.72796276302231 ], [ 101.668470916017057, 12.727782102251304 ], [ 101.668378900137512, 12.7277830298039 ], [ 101.668377955297444, 12.727692699410571 ], [ 101.668193923581555, 12.727694554406483 ], [ 101.668192978813707, 12.727604223998885 ], [ 101.668008947133757, 12.727606078853622 ], [ 101.668009891836618, 12.727696409274811 ], [ 101.66791787595325, 12.72769733666113 ], [ 101.667918820630888, 12.727787667088432 ], [ 101.667826804707786, 12.727788594449651 ], [ 101.667827749360185, 12.727878924883067 ], [ 101.667735733397336, 12.727879852219182 ], [ 101.667740456605912, 12.728331504409963 ], [ 101.667832472731206, 12.728330577039873 ], [ 101.667833417427204, 12.728420907469184 ], [ 101.668017449721006, 12.728419052619723 ], [ 101.668018394489238, 12.728509383034755 ], [ 101.668110410657732, 12.728508455555382 ], [ 101.668115134770275, 12.728960107586328 ], [ 101.668207151093966, 12.72895918004108 ], [ 101.668209040854805, 12.72913984083508 ], [ 101.668301057236206, 12.729138913244343 ], [ 101.668302002160019, 12.729229243633521 ], [ 101.668394018566644, 12.729228316004088 ], [ 101.668394963530204, 12.729318646385787 ], [ 101.668578996386671, 12.729316791017625 ], [ 101.668583721638356, 12.729768442847895 ], [ 101.668675738218155, 12.72976751508198 ], [ 101.668676683322772, 12.72985784543919 ], [ 101.668768699927796, 12.729856917634578 ], [ 101.668769645072175, 12.729947247984303 ], [ 101.668861661702422, 12.729946320140993 ], [ 101.668862606886563, 12.730036650483237 ], [ 101.668954623542049, 12.730035722601228 ], [ 101.668955568765952, 12.730126052935988 ], [ 101.669047585446663, 12.730125125015277 ], [ 101.669048530710313, 12.730215455342558 ], [ 101.669140547416248, 12.730214527383152 ], [ 101.669144328673525, 12.730575848658241 ], [ 101.669236345502171, 12.730574920639739 ], [ 101.669237290867159, 12.730665250950004 ], [ 101.669329307721043, 12.7306643228928 ], [ 101.669331198537776, 12.730844983497677 ], [ 101.669423215449385, 12.730844055394975 ], [ 101.669424160901158, 12.730934385689585 ], [ 101.669608194767548, 12.730932529374869 ], [ 101.669607249250774, 12.730842199093852 ], [ 101.669699266140583, 12.730841270895437 ], [ 101.669698320598599, 12.730750940620533 ], [ 101.669882354291403, 12.730749084141589 ], [ 101.669875735246038, 12.73011677229332 ], [ 101.669691702008151, 12.730118628677069 ], [ 101.669690756524304, 12.730028298396695 ], [ 101.669598739926954, 12.730029226533921 ], [ 101.669597794482854, 12.729938896246059 ], [ 101.669505777910743, 12.729939824344584 ], [ 101.66950105096177, 12.729488172861039 ] ], [ [ 101.67091156755437, 12.732364814478428 ], [ 101.67090872931206, 12.732093823951802 ], [ 101.670816712061793, 12.732094752660197 ], [ 101.67081576602807, 12.732004422476486 ], [ 101.670723748803042, 12.732005351146176 ], [ 101.670721856822396, 12.731824690763091 ], [ 101.670537822480497, 12.731826547979539 ], [ 101.670536876566075, 12.731736217773367 ], [ 101.670444859416719, 12.731737146326932 ], [ 101.670443913542073, 12.731646816113274 ], [ 101.670351896417955, 12.731647744628132 ], [ 101.670347167316223, 12.731196093515578 ], [ 101.670163133371133, 12.731197950381565 ], [ 101.670164079111942, 12.731288280619044 ], [ 101.669980045072791, 12.731290137371014 ], [ 101.66998288214387, 12.731561128120156 ], [ 101.670074899264577, 12.73156019973972 ], [ 101.670075845001961, 12.731650529981268 ], [ 101.670259879286547, 12.731648673111085 ], [ 101.670260825096207, 12.73173900333834 ], [ 101.670168807925052, 12.731739931796188 ], [ 101.670169753709473, 12.731830262029561 ], [ 101.670261770913143, 12.731829333564917 ], [ 101.670266500106806, 12.732280984687531 ], [ 101.670358517465672, 12.73228005615697 ], [ 101.670359463358722, 12.732370386372642 ], [ 101.670451480742841, 12.732369457803378 ], [ 101.670452426675652, 12.73245978801156 ], [ 101.670544444084996, 12.732458859403586 ], [ 101.670545390057569, 12.732549189604281 ], [ 101.670637407492151, 12.732548260957595 ], [ 101.670641191585176, 12.732909581726338 ], [ 101.670733209142483, 12.732908653020536 ], [ 101.670734155216422, 12.73299898320421 ], [ 101.670918190374238, 12.732997125683276 ], [ 101.670919136520439, 12.73308745585266 ], [ 101.671195189300136, 12.73308466931153 ], [ 101.671194243056419, 12.732994339162556 ], [ 101.671286260602614, 12.732993410258494 ], [ 101.671285314333659, 12.732903080115639 ], [ 101.671193296819979, 12.732904009012895 ], [ 101.671189511946935, 12.732542688407413 ], [ 101.67109749455598, 12.732543617245547 ], [ 101.671096548388405, 12.732453287085665 ], [ 101.671004531022689, 12.732454215885088 ], [ 101.671003584894862, 12.732363885717715 ], [ 101.67091156755437, 12.732364814478428 ] ], [ [ 101.668983928861437, 12.732835962660776 ], [ 101.669075946517069, 12.732835034536134 ], [ 101.6690750010427, 12.73274470422869 ], [ 101.668982983419582, 12.732745632346534 ], [ 101.66898014713756, 12.732474641399708 ], [ 101.668888129604653, 12.732475569465253 ], [ 101.668886238851314, 12.732294908817018 ], [ 101.668794221376146, 12.732295836837057 ], [ 101.668792330716869, 12.732115176172494 ], [ 101.668700313299425, 12.73211610414703 ], [ 101.668699368013179, 12.732025773806926 ], [ 101.668515333221535, 12.732027629646685 ], [ 101.668514388007551, 12.731937299292303 ], [ 101.668330353251847, 12.731939154990844 ], [ 101.668331298400815, 12.732029485358819 ], [ 101.668239280979563, 12.732030413167026 ], [ 101.668241171234328, 12.732211073914513 ], [ 101.668149153740814, 12.732212001704406 ], [ 101.668150098846581, 12.732302332083922 ], [ 101.668242116372596, 12.732301404287233 ], [ 101.668245896998329, 12.732662725771268 ], [ 101.668337914647083, 12.73266179791549 ], [ 101.668339805068555, 12.732842458639816 ], [ 101.668431822775034, 12.732841530738536 ], [ 101.668432768029163, 12.732931861092874 ], [ 101.668524785760894, 12.732930933152888 ], [ 101.668525731054785, 12.733021263499749 ], [ 101.668801784303895, 12.733018479467949 ], [ 101.668806511369866, 12.733470131090023 ], [ 101.668898529267551, 12.733469202981619 ], [ 101.668899474735028, 12.733559533297182 ], [ 101.668991492657966, 12.733558605150069 ], [ 101.668992438165219, 12.733648935458152 ], [ 101.669084456113382, 12.733648007272331 ], [ 101.669085401660411, 12.73373833757293 ], [ 101.669177419633812, 12.733737409348398 ], [ 101.669178365220603, 12.733827739641521 ], [ 101.66936240121062, 12.733825883083124 ], [ 101.6693614555588, 12.733735552803603 ], [ 101.669453473510401, 12.73373462448334 ], [ 101.669452527833357, 12.733644294209935 ], [ 101.669268491987893, 12.733646150804951 ], [ 101.669263764036714, 12.733194499359666 ], [ 101.669079728487219, 12.733196355759063 ], [ 101.669078782983775, 12.733106025454358 ], [ 101.668894747470233, 12.733107881712517 ], [ 101.668893802039065, 12.733017551393534 ], [ 101.668985819766974, 12.733016623287202 ], [ 101.668983928861437, 12.732835962660776 ] ], [ [ 101.673096061614061, 12.747610138787788 ], [ 101.673004038930301, 12.747611069369107 ], [ 101.67300309092991, 12.747520739452863 ], [ 101.672911068271418, 12.747521669995434 ], [ 101.672910120310846, 12.747431340071701 ], [ 101.672726075037104, 12.747433201047379 ], [ 101.672723231394315, 12.747162211231222 ], [ 101.672539186286699, 12.747164072038272 ], [ 101.672538238485416, 12.747073742084567 ], [ 101.672630261010312, 12.747072811703823 ], [ 101.672629313183762, 12.746982481756243 ], [ 101.672537290691395, 12.746983412130181 ], [ 101.672534447353001, 12.746712422262904 ], [ 101.672442424950987, 12.746713352584475 ], [ 101.672443372690637, 12.746803682547723 ], [ 101.672351350248789, 12.746804612844157 ], [ 101.672350402541696, 12.746714282874104 ], [ 101.672258380125115, 12.746715213131782 ], [ 101.672257432457826, 12.746624883154235 ], [ 101.672349454841864, 12.746623952903359 ], [ 101.672347559464029, 12.746443292959821 ], [ 101.672439581775706, 12.746442362690614 ], [ 101.672438634065159, 12.746352032724623 ], [ 101.672346611786026, 12.746352962987023 ], [ 101.672344716451846, 12.746172303039373 ], [ 101.672160672001894, 12.746174163441117 ], [ 101.672159724410804, 12.746083833452651 ], [ 101.67197567999682, 12.746085693713013 ], [ 101.671976627522838, 12.746176023715089 ], [ 101.671792583014678, 12.746177883861286 ], [ 101.6717944779584, 12.746358543890608 ], [ 101.671702455628335, 12.746359473929402 ], [ 101.671703403078567, 12.74644980394984 ], [ 101.671611380708683, 12.746450733963496 ], [ 101.671612328133648, 12.746541063990055 ], [ 101.671520305723959, 12.746541993978571 ], [ 101.671522200530646, 12.746722654043239 ], [ 101.671614223005406, 12.746721724041114 ], [ 101.671615170452199, 12.746812054065618 ], [ 101.67170719295224, 12.746811124024743 ], [ 101.671708140438838, 12.746901454041756 ], [ 101.671892185482179, 12.746899593850559 ], [ 101.671894080607373, 12.747080253855307 ], [ 101.672170148313043, 12.747077463288095 ], [ 101.672171095984169, 12.747167793269021 ], [ 101.671987050789255, 12.747169653692724 ], [ 101.671987998402585, 12.747259983686581 ], [ 101.672080021036223, 12.747259053483898 ], [ 101.67208381169246, 12.747620373425253 ], [ 101.672175834448993, 12.747619443163396 ], [ 101.672177729885831, 12.747800103116351 ], [ 101.672085707064227, 12.747801033391818 ], [ 101.67208855017644, 12.74807202333653 ], [ 101.672180573095687, 12.748071093040648 ], [ 101.672182468605314, 12.748251752986754 ], [ 101.672274491582357, 12.748250822645305 ], [ 101.672277334998995, 12.748521812538906 ], [ 101.672461381126524, 12.748519951719329 ], [ 101.672463276904168, 12.748700611617744 ], [ 101.67273934623617, 12.748697820107916 ], [ 101.672738398246082, 12.748607490179477 ], [ 101.672830421309655, 12.748606559619112 ], [ 101.672829473294286, 12.74851622969679 ], [ 101.673197565345603, 12.748512507163063 ], [ 101.673196617207338, 12.748422177267292 ], [ 101.673288640169417, 12.748421246560797 ], [ 101.673285795700679, 12.748150256889797 ], [ 101.673193772836228, 12.748151187575866 ], [ 101.673192824727096, 12.748060857677354 ], [ 101.673100801887884, 12.748061788324664 ], [ 101.673096061614061, 12.747610138787788 ] ], [ [ 101.67661199135064, 12.687950542899438 ], [ 101.676887994106181, 12.687947760150395 ], [ 101.676883270249746, 12.687496109975344 ], [ 101.676331265644407, 12.687501674982819 ], [ 101.67633221020688, 12.68759200506009 ], [ 101.676240209381461, 12.687592932456884 ], [ 101.676241153918838, 12.687683262540286 ], [ 101.675965151301781, 12.687686044560364 ], [ 101.675964206861522, 12.687595714456517 ], [ 101.675872206007, 12.687596641726143 ], [ 101.675871261606389, 12.687506311614799 ], [ 101.676055263243441, 12.687504457057379 ], [ 101.676054318785376, 12.687414126958984 ], [ 101.676146319560615, 12.687413199639401 ], [ 101.676145375077439, 12.687322869547137 ], [ 101.676421377262315, 12.687320087418094 ], [ 101.676419488123599, 12.687139427272406 ], [ 101.67623548680379, 12.687141282029632 ], [ 101.676234542310098, 12.687050951942133 ], [ 101.676142541671652, 12.687051879266246 ], [ 101.676141597217608, 12.686961549171254 ], [ 101.676049596604258, 12.686962476456765 ], [ 101.676048652189863, 12.686872146354274 ], [ 101.67586465100608, 12.686874000816291 ], [ 101.675866539712629, 12.687054661047846 ], [ 101.675774539045051, 12.6870555882448 ], [ 101.675775483376881, 12.687145918366367 ], [ 101.675683482669655, 12.687146845538347 ], [ 101.675684426976375, 12.687237175666048 ], [ 101.675408424713922, 12.687239957011681 ], [ 101.675409368930801, 12.687330287159138 ], [ 101.67522536732136, 12.687332141244235 ], [ 101.67522631148077, 12.687422471404636 ], [ 101.675042309777453, 12.687424325376192 ], [ 101.67504325387938, 12.687514655549538 ], [ 101.674859252082214, 12.687516509407555 ], [ 101.674860196126687, 12.687606839593842 ], [ 101.674768195184797, 12.687607766481976 ], [ 101.674770083230811, 12.687788426866119 ], [ 101.674862084237432, 12.687787499964365 ], [ 101.674864916458134, 12.688058490515033 ], [ 101.675048918643824, 12.688056636575276 ], [ 101.675049862796698, 12.688146966743846 ], [ 101.675233865018029, 12.688145112663287 ], [ 101.675234809242937, 12.688235442817552 ], [ 101.675326810375068, 12.688234515722774 ], [ 101.675327754639625, 12.688324845869539 ], [ 101.675511756946804, 12.688322991570978 ], [ 101.675512701283409, 12.688413321703438 ], [ 101.675972707085847, 12.688408685366586 ], [ 101.675970818096147, 12.688228025169128 ], [ 101.676154820236647, 12.688226170439091 ], [ 101.676153875687959, 12.688135840352963 ], [ 101.676061874653726, 12.688136767727062 ], [ 101.676059985642965, 12.687956107539135 ], [ 101.676243987574651, 12.687954252786403 ], [ 101.676243043015432, 12.687863922705047 ], [ 101.676335043937968, 12.687862995287812 ], [ 101.676336933128454, 12.688043655436211 ], [ 101.676612936046652, 12.68804087295285 ], [ 101.67661199135064, 12.687950542899438 ] ], [ [ 101.676986608941661, 12.6885791426725 ], [ 101.677354613391202, 12.688575431577302 ], [ 101.67735366839247, 12.688485101582517 ], [ 101.677445669454272, 12.688484173736052 ], [ 101.677444724430458, 12.688393843747404 ], [ 101.677628726467432, 12.68839198797273 ], [ 101.677627781386164, 12.688301657997037 ], [ 101.677811783329247, 12.68829980210883 ], [ 101.677808947934835, 12.688028812218567 ], [ 101.677716947064056, 12.688029740158113 ], [ 101.677715056902301, 12.687849080214221 ], [ 101.677439054440526, 12.687851863801191 ], [ 101.677437164502166, 12.687671203813663 ], [ 101.677345163731758, 12.687672131598761 ], [ 101.677346108664921, 12.687762461599686 ], [ 101.677162107037503, 12.687764317088156 ], [ 101.677163051913212, 12.687854647102034 ], [ 101.677071051056203, 12.687855574805395 ], [ 101.6770719959068, 12.687945904825408 ], [ 101.676887994106181, 12.687947760150395 ], [ 101.676888938899324, 12.68803809018336 ], [ 101.676796937955714, 12.688039017804982 ], [ 101.676797882723761, 12.688129347844082 ], [ 101.676521879752102, 12.688132130538643 ], [ 101.676522824430293, 12.688222460597508 ], [ 101.676338822348029, 12.688224315581886 ], [ 101.676339766968752, 12.688314645653698 ], [ 101.676155764792611, 12.688316500524531 ], [ 101.676157653926381, 12.688497160693371 ], [ 101.675881650413302, 12.688499942802064 ], [ 101.675882594893977, 12.688590272905905 ], [ 101.675790593676012, 12.688591200218697 ], [ 101.675792482594431, 12.688771860437958 ], [ 101.675884483877155, 12.688770933111536 ], [ 101.675886372889437, 12.688951593314444 ], [ 101.676162376888215, 12.688948811103533 ], [ 101.676161432281276, 12.688858481022864 ], [ 101.676253433567268, 12.688857553562451 ], [ 101.676252488935233, 12.688767223487915 ], [ 101.676436491420603, 12.688765368485344 ], [ 101.676435546731099, 12.688675038423757 ], [ 101.676619549122577, 12.688673183307634 ], [ 101.67662049387684, 12.688763513355589 ], [ 101.676712495094037, 12.688762585743024 ], [ 101.676713439887948, 12.68885291578348 ], [ 101.676989443592973, 12.688850132734567 ], [ 101.676986608941661, 12.6885791426725 ] ], [ [ 101.673080568437399, 12.693406510535329 ], [ 101.673081512307036, 12.693496840813458 ], [ 101.6729895091147, 12.693497767508211 ], [ 101.672991396811014, 12.693678428076034 ], [ 101.672899393546629, 12.693679354752591 ], [ 101.672900337373306, 12.693769685042286 ], [ 101.672808334069245, 12.693770611693848 ], [ 101.672813053149738, 12.694222263166113 ], [ 101.672997060074508, 12.694220409763114 ], [ 101.672998003977213, 12.694310740041908 ], [ 101.673182010937694, 12.694308886498066 ], [ 101.673182954912463, 12.694399216762559 ], [ 101.673274958414183, 12.694398289936119 ], [ 101.673277790479304, 12.694669280705089 ], [ 101.673369794070936, 12.694668353826415 ], [ 101.673370738139582, 12.694758684074568 ], [ 101.67355474536582, 12.694756830208169 ], [ 101.673553801232373, 12.694666499973634 ], [ 101.673737808364734, 12.694664645993617 ], [ 101.673735919990094, 12.694483985549732 ], [ 101.673919926963762, 12.694482131469712 ], [ 101.673918982722569, 12.694391801260368 ], [ 101.674010986166095, 12.694390874179453 ], [ 101.674009097640734, 12.694210213772333 ], [ 101.674101101012212, 12.694209286673228 ], [ 101.674100156728045, 12.694118956475455 ], [ 101.674284163384357, 12.69411710219544 ], [ 101.674281330381177, 12.693846111638882 ], [ 101.67418932715384, 12.69384703877436 ], [ 101.67418838286639, 12.693756708580667 ], [ 101.673912373237897, 12.693759489775838 ], [ 101.673913317428173, 12.693849819989959 ], [ 101.673729310908016, 12.693851673974653 ], [ 101.673725534449716, 12.693490353059593 ], [ 101.673633531308298, 12.693491279976994 ], [ 101.673632587244299, 12.693400949739713 ], [ 101.673540584128006, 12.6934018766185 ], [ 101.67353964010367, 12.693311546373732 ], [ 101.673447637012487, 12.693312473213901 ], [ 101.673446693027827, 12.693222142961638 ], [ 101.673354689961769, 12.693223069763194 ], [ 101.673355633914028, 12.693313400022264 ], [ 101.673171627695311, 12.693315253543576 ], [ 101.673172571590058, 12.693405583815576 ], [ 101.673080568437399, 12.693406510535329 ] ], [ [ 101.673730255040766, 12.693942004201711 ], [ 101.673822258336884, 12.69394107721846 ], [ 101.673823202509311, 12.694031407438025 ], [ 101.673547192501985, 12.694034188312786 ], [ 101.673545304358768, 12.693853527832115 ], [ 101.673729310908016, 12.693851673974653 ], [ 101.673730255040766, 12.693942004201711 ] ], [ [ 101.673365073836791, 12.694216702575423 ], [ 101.673364129811787, 12.694126372323179 ], [ 101.673456133201782, 12.694125445453542 ], [ 101.673457077259172, 12.694215775698977 ], [ 101.673365073836791, 12.694216702575423 ] ], [ [ 101.673295958942191, 12.714001796281579 ], [ 101.673387969486711, 12.714000868009647 ], [ 101.673387023933415, 12.713910537893337 ], [ 101.673571044935755, 12.713908681267514 ], [ 101.673573881812189, 12.714179671573536 ], [ 101.673757902980114, 12.71417781477942 ], [ 101.673756957282478, 12.714087484691714 ], [ 101.673848967823062, 12.714086556253672 ], [ 101.673847076384689, 12.71390589608983 ], [ 101.673939086853125, 12.713904967633548 ], [ 101.673938141112401, 12.713814637557412 ], [ 101.674030151541103, 12.713813709076081 ], [ 101.674029205775213, 12.713723379006074 ], [ 101.674121216164195, 12.713722450499695 ], [ 101.674120270373137, 12.713632120435813 ], [ 101.674212280722386, 12.713631191904387 ], [ 101.674210389097198, 12.713450531788187 ], [ 101.67439440964408, 12.713448674656998 ], [ 101.674393463777506, 12.7133583446115 ], [ 101.674025422784425, 12.7133620587192 ], [ 101.674023531332693, 12.71318139857166 ], [ 101.673931521131138, 12.713182327005319 ], [ 101.673932466820915, 12.71327265708624 ], [ 101.673840456579612, 12.713273585494852 ], [ 101.673839510922278, 12.71318325540712 ], [ 101.673747500706156, 12.713184183777066 ], [ 101.673748446331047, 12.713274513871607 ], [ 101.673564425812074, 12.713276370529544 ], [ 101.67356537137934, 12.713366700637017 ], [ 101.673289340448974, 12.713369485405414 ], [ 101.673291231410658, 12.713550145659164 ], [ 101.673015200220121, 12.713552930181679 ], [ 101.673013309453125, 12.713372269887083 ], [ 101.673105319792356, 12.713371341758384 ], [ 101.673103428989563, 12.713190681474668 ], [ 101.672919408433629, 12.713192537672978 ], [ 101.6729203537665, 12.713282867828791 ], [ 101.672644322780698, 12.713285651907746 ], [ 101.672648103795524, 12.713646972605853 ], [ 101.672556093322598, 12.71364790059568 ], [ 101.672557038562047, 12.713738230775308 ], [ 101.672649049067431, 12.713737302778672 ], [ 101.6726499943466, 12.713827632950807 ], [ 101.672834015400426, 12.713825776848346 ], [ 101.672833070056384, 12.713735446689826 ], [ 101.67292508053994, 12.713734518597617 ], [ 101.672924135170689, 12.713644188445217 ], [ 101.6731081560511, 12.713642332178832 ], [ 101.673111937831294, 12.714003652729861 ], [ 101.673019927264932, 12.714004580906217 ], [ 101.673020872695716, 12.714094911049072 ], [ 101.672836851476276, 12.714096767319813 ], [ 101.672837796849436, 12.7141870974756 ], [ 101.672469754193457, 12.714190809661984 ], [ 101.6724688089501, 12.714100479478972 ], [ 101.672284787643378, 12.714102335367391 ], [ 101.672287623200575, 12.71437332595522 ], [ 101.672471644702014, 12.714371470025963 ], [ 101.672472589967185, 12.714461800206928 ], [ 101.672656611504408, 12.714459944136618 ], [ 101.672657556841784, 12.714550274303285 ], [ 101.672749567631925, 12.714549346213532 ], [ 101.672748622262134, 12.714459016053672 ], [ 101.672840633012555, 12.714458087938862 ], [ 101.672839687617568, 12.714367757785128 ], [ 101.672931698328284, 12.714366829645265 ], [ 101.67293075290813, 12.714276499497647 ], [ 101.673022763579098, 12.714275571332736 ], [ 101.673021818133776, 12.714185241191245 ], [ 101.673205839389013, 12.714183384779451 ], [ 101.673204893886066, 12.714093054650892 ], [ 101.67329690447032, 12.714092126404013 ], [ 101.673295958942191, 12.714001796281579 ] ], [ [ 101.677171758717989, 12.715046739419638 ], [ 101.677355779966973, 12.715044880004081 ], [ 101.677353885902207, 12.714864220373146 ], [ 101.677813938572655, 12.714859571344858 ], [ 101.677812991388947, 12.714769241562459 ], [ 101.677905001868709, 12.714768311668038 ], [ 101.677902160263969, 12.714497322337204 ], [ 101.677810149881537, 12.714498252211165 ], [ 101.67780825557972, 12.714317592640217 ], [ 101.677716245254899, 12.714318522468684 ], [ 101.677713403954158, 12.714047533086672 ], [ 101.677621393719406, 12.714048462862818 ], [ 101.677618552581606, 12.713777473454197 ], [ 101.677526542436908, 12.713778403178024 ], [ 101.677523701462022, 12.713507413742798 ], [ 101.677431691407378, 12.713508343414311 ], [ 101.677428850595433, 12.713237353952476 ], [ 101.677336840630844, 12.713238283571675 ], [ 101.677333999981798, 12.712967294083231 ], [ 101.677241990107262, 12.712968223650117 ], [ 101.67724009644256, 12.712787563974102 ], [ 101.677148086625635, 12.712788493495493 ], [ 101.677142406001039, 12.712246514410131 ], [ 101.677050396371499, 12.712247443858761 ], [ 101.677049449658668, 12.71215711400199 ], [ 101.676957440054281, 12.712158043411947 ], [ 101.676956493381198, 12.712067713547677 ], [ 101.67668046462164, 12.712070501565977 ], [ 101.676681411197407, 12.712160831450694 ], [ 101.67649739192305, 12.712162689983922 ], [ 101.67649833844122, 12.712253019881596 ], [ 101.676314319072844, 12.712254878301037 ], [ 101.676315265533404, 12.712345208211655 ], [ 101.676131246071009, 12.712347066517307 ], [ 101.676132192473943, 12.712437396440876 ], [ 101.675856163128415, 12.712440183680885 ], [ 101.67585710944131, 12.712530513624216 ], [ 101.675765099612448, 12.712531442647322 ], [ 101.67576604590019, 12.712621772596783 ], [ 101.675582026155752, 12.712623630561058 ], [ 101.675582972385868, 12.712713960523466 ], [ 101.675490962470278, 12.712714889464632 ], [ 101.675491908675241, 12.71280521943317 ], [ 101.675399898719917, 12.712806148349294 ], [ 101.675400844899727, 12.712896478323959 ], [ 101.675308834904683, 12.712897407215042 ], [ 101.675309781059326, 12.71298773719584 ], [ 101.675217771024549, 12.712988666061879 ], [ 101.675218717154024, 12.713078996048804 ], [ 101.675126707079514, 12.713079924889799 ], [ 101.675127653183822, 12.713170254882856 ], [ 101.675035643069606, 12.713171183698806 ], [ 101.675038481328855, 12.713442173694315 ], [ 101.674946471110019, 12.713443102498845 ], [ 101.674947417178544, 12.713533432502793 ], [ 101.674855406919974, 12.713534361282274 ], [ 101.674856352963346, 12.713624691292354 ], [ 101.674764342665043, 12.713625620046791 ], [ 101.674765288683233, 12.713715950062999 ], [ 101.674673278345196, 12.71371687879239 ], [ 101.674675170338546, 12.71389753883637 ], [ 101.674491149510857, 12.713899396226822 ], [ 101.674493041403508, 12.71408005629532 ], [ 101.674401030913856, 12.714080984956379 ], [ 101.674404814656711, 12.714442305112415 ], [ 101.674496825276165, 12.71444137642411 ], [ 101.674497771262537, 12.714531706454602 ], [ 101.674589781907159, 12.714530777727626 ], [ 101.674591673966617, 12.71471143777293 ], [ 101.674683684668864, 12.714710509000472 ], [ 101.674684630741964, 12.71480083901529 ], [ 101.674868652189531, 12.714798981361163 ], [ 101.674869598334823, 12.714889311361668 ], [ 101.674961609080128, 12.714888382479998 ], [ 101.674962555265139, 12.714978712473014 ], [ 101.675054566035612, 12.714977783552673 ], [ 101.675055512260371, 12.715068113538187 ], [ 101.675147523056012, 12.715067184579171 ], [ 101.675148469320504, 12.715157514557189 ], [ 101.675240480141326, 12.715156585559493 ], [ 101.675241426445524, 12.71524691553002 ], [ 101.675333437291528, 12.715245986493649 ], [ 101.675334383635473, 12.715336316456678 ], [ 101.675426394506644, 12.715335387381634 ], [ 101.675427340890323, 12.715425717337162 ], [ 101.67561136267571, 12.715423859077855 ], [ 101.675612309131566, 12.715514189019075 ], [ 101.67570432004581, 12.715513259834811 ], [ 101.675705266541399, 12.715603589768531 ], [ 101.675797277480797, 12.71560266054559 ], [ 101.675798224016134, 12.715692990471814 ], [ 101.675890234980699, 12.715692061210195 ], [ 101.67589118155577, 12.71578239112892 ], [ 101.675983192545502, 12.715781461828621 ], [ 101.67598413916032, 12.715871791739845 ], [ 101.67607615017522, 12.715870862400868 ], [ 101.676077096829772, 12.715961192304594 ], [ 101.676261118902659, 12.715959333517416 ], [ 101.676262065629388, 12.71604966340683 ], [ 101.67635407668736, 12.71604873395863 ], [ 101.676355023453823, 12.716139063840544 ], [ 101.676539045612827, 12.716137204834912 ], [ 101.676539992451481, 12.716227534702504 ], [ 101.676632003552498, 12.716226605145078 ], [ 101.676631056681387, 12.716136275284301 ], [ 101.676815078796679, 12.716134416087481 ], [ 101.676813184946468, 12.715953756391139 ], [ 101.676905195928285, 12.715952826758565 ], [ 101.676903302042319, 12.715772167073126 ], [ 101.676995312951917, 12.715771237422322 ], [ 101.676990578202236, 12.715319588230843 ], [ 101.677082588942298, 12.715318658582264 ], [ 101.677080695028522, 12.715137998914519 ], [ 101.677172705696407, 12.715137069247715 ], [ 101.677171758717989, 12.715046739419638 ] ], [ [ 101.676880577683747, 12.713604250634525 ], [ 101.676881524448234, 12.713694580493998 ], [ 101.676697504099863, 12.713696439386418 ], [ 101.676694664022932, 12.713425449765055 ], [ 101.676786674103411, 12.713424520355225 ], [ 101.676785727393224, 12.71333419048689 ], [ 101.676601707289876, 12.713336049261059 ], [ 101.676600760651851, 12.713245719378405 ], [ 101.676508750621707, 12.713246648710887 ], [ 101.676505910848704, 12.712975659038372 ], [ 101.676689930707056, 12.712973800382448 ], [ 101.676691824011542, 12.713154460137545 ], [ 101.676967853939118, 12.713151671873829 ], [ 101.676972587814547, 12.713603321147344 ], [ 101.676880577683747, 12.713604250634525 ] ], [ [ 101.676326623628157, 12.713429167085804 ], [ 101.6763256770802, 12.713338837183386 ], [ 101.676417687157382, 12.713337907907801 ], [ 101.676418633737782, 12.713428237803402 ], [ 101.676326623628157, 12.713429167085804 ] ], [ [ 101.675067813844549, 12.716242403287694 ], [ 101.674975802619713, 12.716243332303415 ], [ 101.674974856332781, 12.716153002319974 ], [ 101.674882845133141, 12.716153931297017 ], [ 101.674881898885928, 12.716063601306077 ], [ 101.674789887711455, 12.71606453024444 ], [ 101.674788941503991, 12.715974200246006 ], [ 101.674696930354685, 12.715975129145694 ], [ 101.674695984186954, 12.715884799139763 ], [ 101.674511961931415, 12.715886656829921 ], [ 101.674511015835861, 12.715796326809686 ], [ 101.674234982495335, 12.715799113085504 ], [ 101.674235928493516, 12.715889443126173 ], [ 101.674143917332998, 12.715890371827863 ], [ 101.674145809286287, 12.716071031920777 ], [ 101.674329831729864, 12.716069174458291 ], [ 101.67433266990912, 12.716340164551664 ], [ 101.674148647270798, 12.716342022055011 ], [ 101.674149593280205, 12.716432352098392 ], [ 101.673781547786405, 12.716436066749939 ], [ 101.673780601906842, 12.716345736679321 ], [ 101.673596579181194, 12.716347593800279 ], [ 101.673599416647022, 12.716618584050941 ], [ 101.673507405175911, 12.71661951258405 ], [ 101.673508350979944, 12.716709842673046 ], [ 101.673600362483512, 12.716708914133129 ], [ 101.673601308327278, 12.716799244214632 ], [ 101.673785331377474, 12.716797387025577 ], [ 101.673786277293445, 12.71688771709278 ], [ 101.67433834646414, 12.716882144719959 ], [ 101.674337400353451, 12.716791814693616 ], [ 101.674429411823965, 12.716790885860089 ], [ 101.674428465688095, 12.716700555839875 ], [ 101.674520477118875, 12.716699626981292 ], [ 101.674519530957809, 12.716609296967208 ], [ 101.674611542348856, 12.71660836808357 ], [ 101.674610596162637, 12.716518038075611 ], [ 101.674978641524206, 12.716514322249644 ], [ 101.674977695215432, 12.716423992268254 ], [ 101.67506970650517, 12.716423063238908 ], [ 101.675067813844549, 12.716242403287694 ] ], [ [ 101.678440867466577, 12.721990038875186 ], [ 101.678348854426417, 12.721990969474604 ], [ 101.678346010682787, 12.721719980389741 ], [ 101.678253997732725, 12.721720910936822 ], [ 101.678253049865233, 12.721630581233676 ], [ 101.678161036940352, 12.721631511742054 ], [ 101.678160089112609, 12.721541182031405 ], [ 101.678068076212924, 12.721542112501085 ], [ 101.678069024008195, 12.721632442218553 ], [ 101.677977011068748, 12.721633372663174 ], [ 101.677977958838838, 12.721723702386781 ], [ 101.677885945859629, 12.721724632806341 ], [ 101.677886893604537, 12.721814962536083 ], [ 101.677794880585566, 12.721815892930588 ], [ 101.677795828305293, 12.721906222666462 ], [ 101.677703815246574, 12.721907153035904 ], [ 101.677706658352065, 12.722178142259896 ], [ 101.677798671508199, 12.722177211869996 ], [ 101.677799619257087, 12.722267541603134 ], [ 101.677891632438403, 12.722266611174533 ], [ 101.677893528022977, 12.722447270625123 ], [ 101.677985541261961, 12.722446340151 ], [ 101.677986489097648, 12.722536669868452 ], [ 101.678078502361799, 12.722535739355628 ], [ 101.678079450237249, 12.722626069065573 ], [ 101.678171463526596, 12.722625138514042 ], [ 101.678175255231181, 12.722986457319701 ], [ 101.678267268643125, 12.72298552670901 ], [ 101.678269164604103, 12.72316618609409 ], [ 101.6783611780737, 12.723165255437875 ], [ 101.67836212609761, 12.723255585122569 ], [ 101.678454139592375, 12.723254654427647 ], [ 101.678456035726995, 12.723435313781341 ], [ 101.678824089893013, 12.72343159062825 ], [ 101.67882219349859, 12.723250931329133 ], [ 101.678730180032986, 12.723251862151585 ], [ 101.678725439336915, 12.722800213857715 ], [ 101.67863342602638, 12.72280114461417 ], [ 101.678631529863935, 12.722620485278188 ], [ 101.678539516611039, 12.722621415989121 ], [ 101.678538568573231, 12.722531086313284 ], [ 101.67835454211054, 12.722532947625863 ], [ 101.678351698235673, 12.722261958553313 ], [ 101.678443711373248, 12.722261027933428 ], [ 101.678440867466577, 12.721990038875186 ] ], [ [ 101.673574575344986, 12.723032947203885 ], [ 101.673482561561585, 12.723033876188556 ], [ 101.673481615280636, 12.722943546140609 ], [ 101.67357362903158, 12.722942617162747 ], [ 101.673571736426581, 12.722761957078422 ], [ 101.673479722740595, 12.722762886042664 ], [ 101.673478776481502, 12.72267255599267 ], [ 101.673386762820712, 12.722673484918221 ], [ 101.673384870389285, 12.722492824802559 ], [ 101.673292856786162, 12.72249375368261 ], [ 101.673291910613827, 12.722403423616941 ], [ 101.673015869858261, 12.722406210045387 ], [ 101.673016815933181, 12.72249654013148 ], [ 101.672924802300955, 12.722497468884006 ], [ 101.672925748350679, 12.722587798976219 ], [ 101.672833734678704, 12.722588727703672 ], [ 101.672837518820444, 12.722950048092917 ], [ 101.672929532622305, 12.722949119338239 ], [ 101.67293142480176, 12.723129779515146 ], [ 101.673023438661289, 12.723128850714964 ], [ 101.673024384794417, 12.723219180795583 ], [ 101.673116398679142, 12.723218251956714 ], [ 101.673117344852017, 12.723308582029842 ], [ 101.673301372664582, 12.723306724242834 ], [ 101.67330610396283, 12.723758374530131 ], [ 101.673398118020572, 12.723757445554758 ], [ 101.673400010655769, 12.723938105651275 ], [ 101.673492024771193, 12.723937176630399 ], [ 101.673492971132177, 12.72402750667082 ], [ 101.673584985272797, 12.724026577611253 ], [ 101.673585931673543, 12.724116907644182 ], [ 101.673861974149176, 12.724114120253732 ], [ 101.673861027651, 12.72402379024123 ], [ 101.674045055866756, 12.72402193183512 ], [ 101.674039376640877, 12.723479951827473 ], [ 101.673947362731496, 12.72348088100561 ], [ 101.673946416251809, 12.723390550995127 ], [ 101.673854402367624, 12.72339148013457 ], [ 101.67385345592767, 12.723301150116598 ], [ 101.673761442068695, 12.723302079217346 ], [ 101.673760495668489, 12.723211749191879 ], [ 101.673576467993641, 12.723213607284107 ], [ 101.673574575344986, 12.723032947203885 ] ], [ [ 101.674079862095581, 12.744890004951049 ], [ 101.673987840468044, 12.744890935679457 ], [ 101.673986892328116, 12.74480060581757 ], [ 101.673894870725846, 12.744801536507227 ], [ 101.673893922625737, 12.744711206637845 ], [ 101.673801901048705, 12.744712137288751 ], [ 101.673800952988401, 12.744621807411875 ], [ 101.673708931436622, 12.744622738024034 ], [ 101.673707983416151, 12.74453240813966 ], [ 101.673800004935387, 12.744531477534313 ], [ 101.673799056889663, 12.744441147656065 ], [ 101.673707035402941, 12.744442078254606 ], [ 101.673704191407026, 12.744171088595328 ], [ 101.673612170010628, 12.744172019141494 ], [ 101.673611222059094, 12.744081689246887 ], [ 101.673243136530843, 12.744085411084953 ], [ 101.673244084352262, 12.744175741006798 ], [ 101.673060041479388, 12.744177601747822 ], [ 101.673060989243041, 12.744267931682597 ], [ 101.672968967763154, 12.744268862012012 ], [ 101.672969915501525, 12.744359191952908 ], [ 101.673061937013941, 12.744358261616686 ], [ 101.673064780370339, 12.744629251414851 ], [ 101.673156801973079, 12.744628321026266 ], [ 101.67315774980564, 12.74471865095081 ], [ 101.673249771433618, 12.744717720523475 ], [ 101.673250719305983, 12.744808050440525 ], [ 101.673342740959242, 12.744807119974444 ], [ 101.673344636790873, 12.74498777979287 ], [ 101.673436658501927, 12.744986849281231 ], [ 101.673442346366755, 12.745528828679213 ], [ 101.673534368265734, 12.745527898094778 ], [ 101.673535316301212, 12.745618227985238 ], [ 101.673719360142385, 12.745616366706919 ], [ 101.673720308250211, 12.745706696583072 ], [ 101.673904352127337, 12.745704835163368 ], [ 101.673905300307538, 12.745795165025218 ], [ 101.674089344220604, 12.745793303464126 ], [ 101.674088395975332, 12.745702973615902 ], [ 101.674272439794208, 12.745701111940665 ], [ 101.674271491491155, 12.745610782105377 ], [ 101.674363513357136, 12.745609851226659 ], [ 101.674360668394044, 12.745338861737121 ], [ 101.674268646625677, 12.745339792595404 ], [ 101.674266750085096, 12.745159132918667 ], [ 101.67417472837451, 12.745160063731385 ], [ 101.674172831928132, 12.744979404038281 ], [ 101.674080810275328, 12.74498033480544 ], [ 101.674079862095581, 12.744890004951049 ] ], [ [ 101.674005856509908, 12.746607202925141 ], [ 101.673913834256894, 12.746608133751012 ], [ 101.673911937772743, 12.746427474038962 ], [ 101.673819915577525, 12.74642840481927 ], [ 101.67381801918755, 12.74624774509086 ], [ 101.673725997050141, 12.746248675825601 ], [ 101.673725048898618, 12.746158345953559 ], [ 101.673633026786447, 12.746159276649546 ], [ 101.673631130570328, 12.74597861688979 ], [ 101.673539108515953, 12.745979547540214 ], [ 101.673538160451344, 12.745889217652497 ], [ 101.673446138422236, 12.745890148264172 ], [ 101.673443294369719, 12.745619158576483 ], [ 101.673351272430921, 12.745620089135782 ], [ 101.673350324460515, 12.745529759231708 ], [ 101.673258302546984, 12.745530689752265 ], [ 101.673256406693056, 12.745350029928439 ], [ 101.673072362974324, 12.745351890846488 ], [ 101.67307141512336, 12.74526156091993 ], [ 101.672979393285601, 12.745262491324235 ], [ 101.672975602084634, 12.744901171583924 ], [ 101.672883580369742, 12.744902101929057 ], [ 101.67288263262023, 12.744811771985457 ], [ 101.672790610930605, 12.74481270229184 ], [ 101.672788715518479, 12.744632042388975 ], [ 101.672512650601107, 12.744634833075647 ], [ 101.672513598205924, 12.744725163047844 ], [ 101.67242157651971, 12.744726093219661 ], [ 101.672428209729475, 12.745358403053519 ], [ 101.672520231643418, 12.74535747283405 ], [ 101.672521179306457, 12.745447802800767 ], [ 101.672613201245667, 12.745446872542551 ], [ 101.672616992100714, 12.745808192375348 ], [ 101.672709014162805, 12.745807262057964 ], [ 101.672710909699063, 12.745987921956635 ], [ 101.67280293181895, 12.745986991593691 ], [ 101.672804827449383, 12.746167651476011 ], [ 101.672988871797457, 12.746165790627064 ], [ 101.672990767587166, 12.746346450479408 ], [ 101.673082789815368, 12.746345519993405 ], [ 101.673085633652136, 12.74661650974636 ], [ 101.673177655970662, 12.746615579207987 ], [ 101.673179551963315, 12.746796239026249 ], [ 101.673271574339665, 12.746795308442312 ], [ 101.673273470426494, 12.746975968244218 ], [ 101.67336549286064, 12.746975037614719 ], [ 101.673367389041672, 12.747155697400265 ], [ 101.673459411533614, 12.747154766725203 ], [ 101.67346130780885, 12.747335426494391 ], [ 101.673553330358587, 12.747334495773762 ], [ 101.673555226728027, 12.747515155526589 ], [ 101.67383129452881, 12.747512363132174 ], [ 101.673830346242838, 12.747422033276534 ], [ 101.674014391341871, 12.747420171534145 ], [ 101.674013442998074, 12.747329841691441 ], [ 101.674105465504141, 12.747328910779139 ], [ 101.674104517135092, 12.747238580942563 ], [ 101.674196539601326, 12.747237650005124 ], [ 101.674192746067803, 12.746876330679203 ], [ 101.674100723731726, 12.746877261589393 ], [ 101.674099775399071, 12.746786931749387 ], [ 101.674007753088262, 12.746787862620824 ], [ 101.674005856509908, 12.746607202925141 ] ], [ [ 101.684753535322045, 12.692204609653036 ], [ 101.684845537160385, 12.692203678975998 ], [ 101.684844589239603, 12.692113349562224 ], [ 101.684936591038266, 12.692112418860221 ], [ 101.684934695153842, 12.6919317600443 ], [ 101.684842693419967, 12.691932690732626 ], [ 101.684841745521098, 12.691842361316802 ], [ 101.684657742096206, 12.691844222584379 ], [ 101.684656794269415, 12.691753893154202 ], [ 101.68438078917444, 12.691756684796546 ], [ 101.684381736904086, 12.691847014247234 ], [ 101.684013729879013, 12.691850736019157 ], [ 101.684012782278927, 12.691760406541128 ], [ 101.684104784013755, 12.691759476152685 ], [ 101.684102888770724, 12.691578817208249 ], [ 101.684286892088949, 12.691576956363297 ], [ 101.684285944413617, 12.691486626903727 ], [ 101.684561949239011, 12.691483835418305 ], [ 101.684562897011503, 12.691574164857371 ], [ 101.684838901868332, 12.691571373065235 ], [ 101.684837006136334, 12.691390714227445 ], [ 101.684376998328972, 12.691395366986967 ], [ 101.684376050635848, 12.691305037532866 ], [ 101.684008044388037, 12.691308759140737 ], [ 101.6840089919516, 12.691399088622184 ], [ 101.683916990339014, 12.691400018951487 ], [ 101.683924570851374, 12.692122654833131 ], [ 101.683832568972392, 12.69212358518531 ], [ 101.683833516536922, 12.69221391467428 ], [ 101.683741514618234, 12.692214845001491 ], [ 101.683742462157653, 12.692305174496608 ], [ 101.683650460199289, 12.692306104798851 ], [ 101.68365140771364, 12.692396434300122 ], [ 101.683559405715584, 12.692397364577396 ], [ 101.683560353204854, 12.692487694084818 ], [ 101.683652355235282, 12.692486763800709 ], [ 101.683654250300492, 12.692667422799836 ], [ 101.683562248205263, 12.692668353097611 ], [ 101.683566038293719, 12.693029671115006 ], [ 101.68365804051848, 12.693028740789897 ], [ 101.683659935671301, 12.693209399780827 ], [ 101.684119947009563, 12.693204747609853 ], [ 101.684118051532863, 12.693024088687269 ], [ 101.684210053713826, 12.69302315817133 ], [ 101.684206262718476, 12.692661840345302 ], [ 101.684298264762575, 12.692660909824902 ], [ 101.684299212532849, 12.692751239275598 ], [ 101.684575218718507, 12.692748447503069 ], [ 101.684574270851087, 12.692658118072881 ], [ 101.684482268828873, 12.692659048688691 ], [ 101.684481321001144, 12.692568719250987 ], [ 101.684573322990943, 12.692567788642013 ], [ 101.684571427292582, 12.692387129778222 ], [ 101.684663429210303, 12.692386199151116 ], [ 101.6846624813397, 12.692295869725035 ], [ 101.684754483217731, 12.692294939072964 ], [ 101.684753535322045, 12.692204609653036 ] ], [ [ 101.68393025654234, 12.692664631715685 ], [ 101.68392836128281, 12.692483972757563 ], [ 101.684112365277983, 12.69248211190312 ], [ 101.684113312968876, 12.692572441368851 ], [ 101.684205314987892, 12.692571510887092 ], [ 101.684206262718476, 12.692661840345302 ], [ 101.68393025654234, 12.692664631715685 ] ], [ [ 101.682014310791303, 12.694219766766732 ], [ 101.68201336371402, 12.694129437156143 ], [ 101.682289371904801, 12.694126647461538 ], [ 101.682291266261046, 12.694307306641047 ], [ 101.682659277339084, 12.694303586548287 ], [ 101.682660224657724, 12.694393916109696 ], [ 101.682752227441384, 12.694392986000157 ], [ 101.682753174799714, 12.694483315554049 ], [ 101.682845177608471, 12.694482385405868 ], [ 101.682844230217739, 12.694392055858806 ], [ 101.682936232986791, 12.694391125685648 ], [ 101.682935285570977, 12.694300796144738 ], [ 101.682843282834298, 12.694301726311062 ], [ 101.682841388089344, 12.694121067213523 ], [ 101.68265738272369, 12.694122927423424 ], [ 101.682656435426935, 12.694032597859968 ], [ 101.68256443276556, 12.694033527910374 ], [ 101.682563485508496, 12.693943198339406 ], [ 101.682747490759169, 12.693941338220448 ], [ 101.682746543444637, 12.693851008662454 ], [ 101.68283854602663, 12.693850078562097 ], [ 101.682839493373578, 12.693940408113255 ], [ 101.683023498580454, 12.693938547803455 ], [ 101.683024445999479, 12.694028877340267 ], [ 101.683208451241939, 12.694027016889573 ], [ 101.683205608812429, 12.693756028318088 ], [ 101.683113606292025, 12.693756958538842 ], [ 101.683112658862498, 12.693666629006811 ], [ 101.683020656367191, 12.693667559188926 ], [ 101.683019708977369, 12.693577229649382 ], [ 101.682927706507144, 12.693578159792857 ], [ 101.682926759157013, 12.693487830245799 ], [ 101.682834756711884, 12.693488760350634 ], [ 101.682833809401444, 12.69339843079606 ], [ 101.682741806981397, 12.69339936086226 ], [ 101.682740859710648, 12.693309031300174 ], [ 101.682648857315698, 12.693309961327735 ], [ 101.68264791008464, 12.693219631758133 ], [ 101.682923917150418, 12.693216841600526 ], [ 101.68292486447865, 12.693307171149634 ], [ 101.683016866851702, 12.693306241026658 ], [ 101.683017814219625, 12.693396570568249 ], [ 101.683293821392155, 12.693393779987987 ], [ 101.683294768864542, 12.693484109508397 ], [ 101.683662778455272, 12.693480388262101 ], [ 101.683661830853325, 12.693390058769028 ], [ 101.683569828498975, 12.693390989121475 ], [ 101.683568880936718, 12.693300659620883 ], [ 101.683476878607465, 12.693301589934691 ], [ 101.683475931084871, 12.693211260426581 ], [ 101.683383928780728, 12.693212190701754 ], [ 101.683382981297839, 12.693121861186125 ], [ 101.683290979018764, 12.693122791422656 ], [ 101.683290031575567, 12.693032461899517 ], [ 101.683106027060319, 12.693034322263502 ], [ 101.683104132325383, 12.692853663187838 ], [ 101.683012130121583, 12.692854593308459 ], [ 101.683011182797458, 12.692764263762768 ], [ 101.68291918061874, 12.692765193844753 ], [ 101.682918233334306, 12.692674864291549 ], [ 101.682550224676035, 12.69267858427412 ], [ 101.682553066162569, 12.692949573013665 ], [ 101.68246106388257, 12.692950502950291 ], [ 101.682462011026956, 12.693040832535603 ], [ 101.682370008707281, 12.693041762447256 ], [ 101.682370955826585, 12.693132092038715 ], [ 101.682278953467232, 12.693133021925394 ], [ 101.682279900561426, 12.693223351523004 ], [ 101.682187898162383, 12.693224281384708 ], [ 101.682191686482582, 12.693585599795639 ], [ 101.682007681403462, 12.693587459478275 ], [ 101.682008628436989, 12.693677789092957 ], [ 101.681916625854086, 12.693678718893397 ], [ 101.681918519878224, 12.693859378134379 ], [ 101.681826517223243, 12.693860307916669 ], [ 101.681827464213868, 12.693950637542965 ], [ 101.681919466901235, 12.693949707753845 ], [ 101.681920413931536, 12.694040037372627 ], [ 101.681644405750362, 12.694042826665056 ], [ 101.681645352690794, 12.694133156303648 ], [ 101.681553349916754, 12.694134086011003 ], [ 101.681556190684631, 12.694405074943157 ], [ 101.681648193555844, 12.694404145215312 ], [ 101.681649140525465, 12.694494474851171 ], [ 101.681741143421789, 12.694493545084688 ], [ 101.681742090431086, 12.694583874713038 ], [ 101.681926096266636, 12.69458201507099 ], [ 101.681927043348026, 12.694672344684994 ], [ 101.682203052143791, 12.694669554962871 ], [ 101.682203999329658, 12.694759884555701 ], [ 101.68238800522181, 12.694758024568246 ], [ 101.682388952479755, 12.694848354146732 ], [ 101.682480955447289, 12.694847424098461 ], [ 101.682479060873888, 12.694666764954471 ], [ 101.682387057971155, 12.694667694989075 ], [ 101.68238516349173, 12.694487035828688 ], [ 101.682293160646495, 12.69448796581783 ], [ 101.682292213450125, 12.69439763622978 ], [ 101.682200210629972, 12.694398566180281 ], [ 101.682199263473294, 12.694308236584718 ], [ 101.682107260678251, 12.694309166496581 ], [ 101.682106313561263, 12.694218836893508 ], [ 101.682014310791303, 12.694219766766732 ] ], [ [ 101.682470535654844, 12.693853798772691 ], [ 101.682378533043646, 12.693854728745823 ], [ 101.682377585865979, 12.693764399159821 ], [ 101.682469588444775, 12.693763469193522 ], [ 101.682470535654844, 12.693853798772691 ] ], [ [ 101.681296279299914, 12.695943468116885 ], [ 101.681204275848771, 12.69594439783357 ], [ 101.681203328924411, 12.695854068174496 ], [ 101.681111325498378, 12.695854997852543 ], [ 101.68111037861371, 12.695764668185955 ], [ 101.681018375212773, 12.695765597825362 ], [ 101.681017428367809, 12.695675268151268 ], [ 101.680925424991969, 12.695676197752036 ], [ 101.680924478186697, 12.695585868070431 ], [ 101.680832474835967, 12.695586797632561 ], [ 101.680831528070371, 12.695496467943446 ], [ 101.680739524744752, 12.695497397466937 ], [ 101.680738578018847, 12.695407067770313 ], [ 101.680462568095422, 12.695409856129439 ], [ 101.680463514724124, 12.695500185846539 ], [ 101.68037151136933, 12.695501115242788 ], [ 101.680374351202019, 12.695772104410477 ], [ 101.680466354654001, 12.695771174993757 ], [ 101.680468247977061, 12.695951834421813 ], [ 101.680376244460277, 12.695952763852191 ], [ 101.680375297827496, 12.695862434131675 ], [ 101.680283294335823, 12.695863363523411 ], [ 101.680282347742732, 12.69577303379539 ], [ 101.680098340802303, 12.695774892469776 ], [ 101.680099287330577, 12.695865222211451 ], [ 101.680007283817019, 12.695866151507751 ], [ 101.680011069873501, 12.696227470494918 ], [ 101.680103073516662, 12.696226541171315 ], [ 101.680104020081416, 12.696316870909577 ], [ 101.68028802741064, 12.696315012153287 ], [ 101.680289920691607, 12.696495671600454 ], [ 101.680473928121259, 12.696493812689607 ], [ 101.680474874837486, 12.696584142398514 ], [ 101.680658882302751, 12.696582283346762 ], [ 101.68065982909107, 12.696672613041338 ], [ 101.680751832845175, 12.696671683460913 ], [ 101.680752779673199, 12.696762013147975 ], [ 101.681028790988918, 12.696759224195334 ], [ 101.681027844063706, 12.696668894528754 ], [ 101.6809358403315, 12.696669824204621 ], [ 101.680933946567748, 12.696489164855748 ], [ 101.680841942893039, 12.696490094486148 ], [ 101.680840049223264, 12.696309435120895 ], [ 101.680748045606066, 12.696310364705829 ], [ 101.680747098814521, 12.696220035015346 ], [ 101.68065509522242, 12.69622096456164 ], [ 101.680653201726017, 12.696040305164981 ], [ 101.680745205253316, 12.696039375632342 ], [ 101.680744258483656, 12.695949045939814 ], [ 101.680836261971265, 12.695948116382191 ], [ 101.680837208773326, 12.696038446067892 ], [ 101.681021215791461, 12.696036586843549 ], [ 101.681022162665613, 12.696126916514912 ], [ 101.681114166196139, 12.696125986848198 ], [ 101.681115113109982, 12.696216316512052 ], [ 101.681391123754992, 12.696213527300543 ], [ 101.681390176743946, 12.696123197657172 ], [ 101.681298173235305, 12.696124127419328 ], [ 101.681296279299914, 12.695943468116885 ] ], [ [ 101.680561198191427, 12.696041234665808 ], [ 101.68056025148654, 12.695950904959625 ], [ 101.680652254988757, 12.695949975465627 ], [ 101.680653201726017, 12.696040305164981 ], [ 101.680561198191427, 12.696041234665808 ] ], [ [ 101.682782546528571, 12.697283531386006 ], [ 101.682966554147441, 12.697281670634249 ], [ 101.682965606498016, 12.697191341115188 ], [ 101.6830576102641, 12.697190410698422 ], [ 101.683056662589578, 12.697100081185514 ], [ 101.683240670035048, 12.697098220270195 ], [ 101.683239722303014, 12.697007890770269 ], [ 101.683331725982413, 12.697006960271722 ], [ 101.683329830475472, 12.696826301283485 ], [ 101.68342183408275, 12.696825370766792 ], [ 101.683420886307829, 12.696735041278483 ], [ 101.683604893435671, 12.696733180163312 ], [ 101.683603945603252, 12.696642850687992 ], [ 101.683787952637104, 12.696640989459235 ], [ 101.683786056864577, 12.696460330533876 ], [ 101.68387806030573, 12.696459399885443 ], [ 101.683877112398022, 12.696369070428572 ], [ 101.683969115799499, 12.696368139755164 ], [ 101.68396532411208, 12.696006821948197 ], [ 101.68387332084022, 12.696007752594266 ], [ 101.683872372969006, 12.695917423133977 ], [ 101.683688366468161, 12.695919284317013 ], [ 101.683687418669052, 12.695828954842378 ], [ 101.683595415440067, 12.695829885379343 ], [ 101.683594467680663, 12.695739555897188 ], [ 101.683502464476788, 12.695740486395509 ], [ 101.683501516757076, 12.695650156905836 ], [ 101.683409513578283, 12.695651087365512 ], [ 101.68340856589829, 12.695560757868325 ], [ 101.683040553239692, 12.695564479361575 ], [ 101.683041500790111, 12.695654808886097 ], [ 101.68285749435222, 12.695656669455522 ], [ 101.682858441845141, 12.695746998993021 ], [ 101.682674435313274, 12.695748859448862 ], [ 101.682675382748698, 12.695839188999347 ], [ 101.682583379439407, 12.695840119186379 ], [ 101.68258622169229, 12.696111107854223 ], [ 101.682402214857433, 12.696112968173846 ], [ 101.682403162224844, 12.696203297742088 ], [ 101.682219155296011, 12.696205157948123 ], [ 101.68222199724768, 12.696476146689738 ], [ 101.682314000812951, 12.696475216582135 ], [ 101.682315895548697, 12.696655875726137 ], [ 101.682407899171452, 12.696654945573059 ], [ 101.682408846582689, 12.696745275137204 ], [ 101.682224839265032, 12.696747135425207 ], [ 101.682223891918625, 12.6966568058474 ], [ 101.68203988463658, 12.696658665994486 ], [ 101.682040831918215, 12.696748995585949 ], [ 101.68185682454218, 12.696750855619438 ], [ 101.681858718997702, 12.696931514827645 ], [ 101.681766715233948, 12.696932444810328 ], [ 101.681768609653858, 12.697113104029459 ], [ 101.681860613482414, 12.697112174033119 ], [ 101.681861560735712, 12.697202503634831 ], [ 101.681953564589378, 12.697201573599843 ], [ 101.681954511882381, 12.697291903194044 ], [ 101.682046515761144, 12.697290973120415 ], [ 101.68204462111764, 12.697110313944991 ], [ 101.682136624924311, 12.697109383853206 ], [ 101.682137572274812, 12.697199713434426 ], [ 101.682321579931056, 12.697197853141747 ], [ 101.682322527353676, 12.697288182708629 ], [ 101.682506535045519, 12.697286322275026 ], [ 101.682507482540231, 12.697376651827557 ], [ 101.682599486407611, 12.697375721556202 ], [ 101.682600433942014, 12.697466051101221 ], [ 101.682876445597572, 12.697463260075768 ], [ 101.682875497965966, 12.697372930551243 ], [ 101.682783494120471, 12.697373860918043 ], [ 101.682782546528571, 12.697283531386006 ] ], [ [ 101.681952617303679, 12.697111244004963 ], [ 101.681951670025271, 12.697020914409398 ], [ 101.682043673806845, 12.697019984356258 ], [ 101.68204462111764, 12.697110313944991 ], [ 101.681952617303679, 12.697111244004963 ] ], [ [ 101.682688647611059, 12.697103802634372 ], [ 101.682687700073458, 12.697013473093453 ], [ 101.682871707512504, 12.697011612446317 ], [ 101.68287265511492, 12.697101941973573 ], [ 101.682688647611059, 12.697103802634372 ] ], [ [ 101.685306545747522, 12.709815105384592 ], [ 101.685214537610804, 12.709816037490453 ], [ 101.685209790632612, 12.709364391149361 ], [ 101.685117782650764, 12.70936532318918 ], [ 101.685116833309479, 12.709274993912071 ], [ 101.684748801438744, 12.709278721725541 ], [ 101.684749750650298, 12.709369051029997 ], [ 101.684473726573216, 12.709371846576222 ], [ 101.684474675694759, 12.70946217590051 ], [ 101.683922627148775, 12.709467766174114 ], [ 101.683921678221836, 12.709377436808811 ], [ 101.683829670137712, 12.709378368402781 ], [ 101.683830619032207, 12.709468697774916 ], [ 101.683646602777173, 12.709470560880982 ], [ 101.683647551614101, 12.709560890266106 ], [ 101.683463535264991, 12.709562753258449 ], [ 101.683466381624967, 12.709833741450712 ], [ 101.683558389900497, 12.709832809949962 ], [ 101.683559338734199, 12.709923139339182 ], [ 101.683651347034839, 12.709922207799746 ], [ 101.6836541936771, 12.710193195942798 ], [ 101.683746202067752, 12.710192264351013 ], [ 101.683747150995544, 12.71028259372383 ], [ 101.683839159411335, 12.710281662093362 ], [ 101.683841057353703, 12.710462320823272 ], [ 101.683933065827077, 12.710461389147286 ], [ 101.683934014841654, 12.710551718504377 ], [ 101.684026023340152, 12.710550786789707 ], [ 101.684027921456092, 12.710731445488173 ], [ 101.684303947102393, 12.710728650112042 ], [ 101.684304896268657, 12.710818979439747 ], [ 101.684396904835239, 12.710818047577165 ], [ 101.684397854041237, 12.710908376897347 ], [ 101.684581871217389, 12.710906513062961 ], [ 101.684582820495564, 12.710996842368784 ], [ 101.684766837707386, 12.710994978393325 ], [ 101.684767787057737, 12.71108530768479 ], [ 101.6849518043052, 12.711083443568251 ], [ 101.684952753727742, 12.711173772845362 ], [ 101.685228779641463, 12.711170976411156 ], [ 101.685225931103787, 12.710899988639323 ], [ 101.685133922570515, 12.710900920795392 ], [ 101.68513202364683, 12.710720262263745 ], [ 101.685040015171111, 12.710721194374287 ], [ 101.68503716693769, 12.710450206551171 ], [ 101.685129175316078, 12.710449274461141 ], [ 101.685128225887112, 12.710358945192239 ], [ 101.685220234225753, 12.710358013077192 ], [ 101.685218335324876, 12.710177354551018 ], [ 101.68531034359134, 12.710176422417804 ], [ 101.685306545747522, 12.709815105384592 ] ], [ [ 101.68158351807439, 12.714550430757818 ], [ 101.681675528190254, 12.714549499570754 ], [ 101.681674579665525, 12.714459170072939 ], [ 101.681766589741642, 12.714458238860844 ], [ 101.681765641191745, 12.714367909369175 ], [ 101.681673631148087, 12.714368840574442 ], [ 101.681672682637952, 12.714278511075257 ], [ 101.681580672619447, 12.714279442241837 ], [ 101.681577827230157, 12.714008453719694 ], [ 101.681209787472525, 12.714012177985458 ], [ 101.68121073579853, 12.714102507520838 ], [ 101.681118725808417, 12.71410343851446 ], [ 101.681119674109254, 12.714193768055981 ], [ 101.681027664079409, 12.714194699024574 ], [ 101.681028612355107, 12.714285028572242 ], [ 101.680936602285513, 12.714285959515802 ], [ 101.680940395331476, 12.714647277726945 ], [ 101.68084838512479, 12.714648208665954 ], [ 101.680849333372066, 12.714738538223857 ], [ 101.680665312871909, 12.714740400019949 ], [ 101.680664364689534, 12.714650070448393 ], [ 101.6807563749108, 12.714649139573103 ], [ 101.680755426703271, 12.714558810007684 ], [ 101.68047939611489, 12.714561602517488 ], [ 101.680478448012011, 12.714471272930911 ], [ 101.680386437833747, 12.714472203696968 ], [ 101.680387385904183, 12.714562533290367 ], [ 101.680203365460869, 12.714564394740545 ], [ 101.680205261493825, 12.714745053952614 ], [ 101.680021240891534, 12.71474691530265 ], [ 101.680022188854053, 12.714837244921307 ], [ 101.680114199191294, 12.714836314255393 ], [ 101.680116095203132, 12.715016973477008 ], [ 101.680576147104446, 12.715012319601259 ], [ 101.680578043469964, 12.715192978751872 ], [ 101.680670053893223, 12.715192047867482 ], [ 101.680668157462819, 12.715011388730522 ], [ 101.680760167813887, 12.715010457827926 ], [ 101.680758271347756, 12.714829798701881 ], [ 101.681126312419508, 12.714826074827499 ], [ 101.681127260778737, 12.714916404363557 ], [ 101.681495301863549, 12.714912679952084 ], [ 101.681494353374532, 12.714822350443345 ], [ 101.681402343146715, 12.714823281587176 ], [ 101.681401394697431, 12.714732952070925 ], [ 101.681585415080846, 12.71473108976506 ], [ 101.68158351807439, 12.714550430757818 ] ], [ [ 101.681956301713939, 12.714998353194773 ], [ 101.681864291457728, 12.71499928451157 ], [ 101.681863342831591, 12.714908955030834 ], [ 101.681679322362157, 12.714910817555181 ], [ 101.681680270923394, 12.715001147049577 ], [ 101.681312229767158, 12.715004871743254 ], [ 101.681313178205883, 12.715095201264283 ], [ 101.681221167866127, 12.715096132364879 ], [ 101.681223064700546, 12.715276791418541 ], [ 101.681131054288599, 12.715277722500932 ], [ 101.681130105900181, 12.715187392967612 ], [ 101.681038095513387, 12.71518832401131 ], [ 101.681039043869347, 12.715278653551458 ], [ 101.680947033442791, 12.715279584570121 ], [ 101.680946085119302, 12.71518925502315 ], [ 101.680854074717899, 12.715190186003122 ], [ 101.680855023008959, 12.715280515556925 ], [ 101.680578991663651, 12.715283308326159 ], [ 101.680579939864657, 12.715373637899754 ], [ 101.680395918866409, 12.715375499600251 ], [ 101.68040160783616, 12.715917477109397 ], [ 101.680585629223842, 12.715915615326987 ], [ 101.680586577475893, 12.7160059448958 ], [ 101.681138641658563, 12.716000358742853 ], [ 101.68113959011265, 12.716090688270018 ], [ 101.680771547223571, 12.716094412526747 ], [ 101.680774392240153, 12.716365401186067 ], [ 101.680682381402278, 12.71636633219107 ], [ 101.680685226387155, 12.716637320864713 ], [ 101.680777237322403, 12.716636389839231 ], [ 101.680779134080367, 12.716817048937919 ], [ 101.68096315605878, 12.716815186764041 ], [ 101.68096410451362, 12.716905516298704 ], [ 101.681056115524342, 12.716904585157142 ], [ 101.681055167037044, 12.716814255629302 ], [ 101.681239188971659, 12.716812393264231 ], [ 101.681238240426751, 12.716722063749371 ], [ 101.681330251350659, 12.71672113252586 ], [ 101.681329302780597, 12.716630803017139 ], [ 101.681421313664757, 12.716629871768596 ], [ 101.681419416481603, 12.716449212762766 ], [ 101.681327405662344, 12.716450143997653 ], [ 101.681325508573281, 12.716269484975427 ], [ 101.681233497811647, 12.716270416164793 ], [ 101.681228755378953, 12.715818768563119 ], [ 101.681136744772303, 12.715819699686476 ], [ 101.681132951087307, 12.715458381565513 ], [ 101.681224961564155, 12.71545745046947 ], [ 101.681226858456967, 12.715638109517663 ], [ 101.68131886899144, 12.715637178376097 ], [ 101.681316972033727, 12.715456519341563 ], [ 101.681408982495995, 12.71545558818179 ], [ 101.681412776570411, 12.715816906220807 ], [ 101.681688808302837, 12.715814112468371 ], [ 101.681687859675932, 12.715723782980129 ], [ 101.681779870206341, 12.715722851672421 ], [ 101.681778921554283, 12.715632522190324 ], [ 101.681962942528344, 12.715630659492971 ], [ 101.681960096421221, 12.715359671083561 ], [ 101.682052106799958, 12.715358739707581 ], [ 101.682049260661188, 12.71508775131251 ], [ 101.682141270935247, 12.71508681992516 ], [ 101.682139373480993, 12.714906161005354 ], [ 101.681955353055372, 12.71490802372087 ], [ 101.681956301713939, 12.714998353194773 ] ], [ [ 101.680040201527817, 12.716553507545878 ], [ 101.679948190566677, 12.716554438309611 ], [ 101.679946294436675, 12.716373779083948 ], [ 101.680130316221849, 12.716371917551918 ], [ 101.680129368102868, 12.716281587951713 ], [ 101.680037357246377, 12.716282518726834 ], [ 101.68003546109523, 12.716101859510715 ], [ 101.680127471886806, 12.716100928749245 ], [ 101.68012652378971, 12.716010599146985 ], [ 101.680034513030591, 12.716011529901634 ], [ 101.680032616923199, 12.715830870681408 ], [ 101.679940606221692, 12.715831801390541 ], [ 101.679938710208376, 12.715651142153938 ], [ 101.679662678254815, 12.715653934049199 ], [ 101.679663626160462, 12.715744263688316 ], [ 101.679479604756708, 12.715746124806152 ], [ 101.679480552604744, 12.715836454458236 ], [ 101.679388541859481, 12.715837384976185 ], [ 101.679389489682364, 12.715927714634407 ], [ 101.67929747889734, 12.715928645127313 ], [ 101.679298426695055, 12.716018974791679 ], [ 101.679206415870297, 12.716019905259547 ], [ 101.679207363642846, 12.716110234930049 ], [ 101.679299374500062, 12.71610930445536 ], [ 101.679301270131944, 12.716289963780667 ], [ 101.679577302854554, 12.716287172124465 ], [ 101.679578250778803, 12.716377501765624 ], [ 101.679762272622327, 12.716375640488515 ], [ 101.679763220618767, 12.716465970115339 ], [ 101.679855231562044, 12.716465039422166 ], [ 101.679857127641739, 12.716645698660111 ], [ 101.679765116633547, 12.716646629366938 ], [ 101.679766064651872, 12.716736958991708 ], [ 101.679674053603947, 12.716737889673492 ], [ 101.679677845620361, 12.717099208193043 ], [ 101.679769856798131, 12.717098277483959 ], [ 101.679770804852922, 12.717188607105314 ], [ 101.680138849620846, 12.717184883923009 ], [ 101.680137901436225, 12.717094554328957 ], [ 101.680321923711503, 12.717092692560254 ], [ 101.680320975469272, 12.717002362979171 ], [ 101.68041298656351, 12.717001432053843 ], [ 101.680412038296097, 12.7169111024789 ], [ 101.680320027234316, 12.716912033397405 ], [ 101.680316234367481, 12.716550715063489 ], [ 101.680132212481681, 12.716552576750281 ], [ 101.680131264348105, 12.716462247151442 ], [ 101.680039253426713, 12.716463177940216 ], [ 101.680040201527817, 12.716553507545878 ] ], [ [ 101.681713475164258, 12.718162678922583 ], [ 101.681897497970454, 12.71816081590649 ], [ 101.681896549088862, 12.718070486449689 ], [ 101.682080571800938, 12.718068623319777 ], [ 101.682079622861721, 12.717978293875953 ], [ 101.682263645479679, 12.717976430632225 ], [ 101.682262696482852, 12.717886101201378 ], [ 101.682446719006691, 12.717884237843837 ], [ 101.682445769952238, 12.717793908425968 ], [ 101.682537781170751, 12.717792976706225 ], [ 101.682536832091145, 12.71770264729451 ], [ 101.682720854441342, 12.717700783773083 ], [ 101.682719905304126, 12.717610454374345 ], [ 101.682811916435824, 12.717609522572658 ], [ 101.682810967273454, 12.717519193180069 ], [ 101.682902978365377, 12.717518261353348 ], [ 101.682902029177839, 12.717427931966908 ], [ 101.68281001811836, 12.717428863786793 ], [ 101.682808119830128, 12.717248204998194 ], [ 101.682716108828259, 12.71724913677255 ], [ 101.68271515972755, 12.717158807370392 ], [ 101.682623148750849, 12.717159739106046 ], [ 101.682622199689902, 12.717069409696375 ], [ 101.682530188738355, 12.717070341393329 ], [ 101.68252829070326, 12.716889682558264 ], [ 101.682436279809323, 12.716890614209692 ], [ 101.682434381868347, 12.71670995535823 ], [ 101.682342371032021, 12.716710886964128 ], [ 101.68234142210494, 12.71662055753054 ], [ 101.682249411293768, 12.716621489097738 ], [ 101.68224751352642, 12.716440830214845 ], [ 101.682155502772858, 12.716441761736521 ], [ 101.682154553932577, 12.716351432287217 ], [ 101.682062543204182, 12.716352363770193 ], [ 101.682060645610434, 12.716171704855874 ], [ 101.681968634939651, 12.716172636293324 ], [ 101.681967686186184, 12.716082306828312 ], [ 101.68178366488759, 12.716084169593962 ], [ 101.681784613576156, 12.716174499072638 ], [ 101.681692602883459, 12.716175430414497 ], [ 101.68169450021756, 12.71635608938346 ], [ 101.681786510975172, 12.716355158027939 ], [ 101.681789357128409, 12.716626146455763 ], [ 101.681881367976089, 12.716625215047888 ], [ 101.681885163079102, 12.716986532914754 ], [ 101.681793152101605, 12.716987464349947 ], [ 101.681794100863158, 12.717077793821783 ], [ 101.681702089845913, 12.717078725231939 ], [ 101.681703038582299, 12.71716905470992 ], [ 101.681519016460982, 12.717170917448293 ], [ 101.681519965139756, 12.71726124693925 ], [ 101.681151920679753, 12.717264972060899 ], [ 101.681152869236001, 12.717355301578488 ], [ 101.680968846897301, 12.717357163961765 ], [ 101.68096979539591, 12.717447493492323 ], [ 101.680785772963105, 12.717449355761788 ], [ 101.680786721404118, 12.717539685305317 ], [ 101.680602698877209, 12.717541547460963 ], [ 101.680603647260597, 12.717631877017464 ], [ 101.680235601989409, 12.717635600973642 ], [ 101.680236550250243, 12.717725930556766 ], [ 101.680052527505978, 12.717727792357293 ], [ 101.680053475709201, 12.717818121953382 ], [ 101.679777441440692, 12.717820914435634 ], [ 101.679778389553846, 12.717911244051518 ], [ 101.679686378083957, 12.717912174822022 ], [ 101.679685430003275, 12.717821845199317 ], [ 101.679593418558554, 12.717822775931129 ], [ 101.679592470517619, 12.717732446300914 ], [ 101.67950045909808, 12.717733376994032 ], [ 101.679496667137116, 12.717372058439036 ], [ 101.679404655840102, 12.71737298907299 ], [ 101.679402759968283, 12.717192329777742 ], [ 101.679310748728909, 12.717193260366177 ], [ 101.679309800836393, 12.717102930710704 ], [ 101.679217789622172, 12.717103861260451 ], [ 101.679215893923953, 12.716923201933804 ], [ 101.679123882767342, 12.71692413243804 ], [ 101.679122934961612, 12.716833802766867 ], [ 101.679030923830183, 12.716834733232412 ], [ 101.679028080554133, 12.716563744194323 ], [ 101.678936069512787, 12.716564674607532 ], [ 101.678934174096781, 12.716384015231746 ], [ 101.678842163113046, 12.716384945599444 ], [ 101.678838372498362, 12.716023626812369 ], [ 101.678746361637153, 12.716024557120912 ], [ 101.678745414034154, 12.715934227415609 ], [ 101.678653403198112, 12.715935157685468 ], [ 101.6786515080789, 12.715754498259175 ], [ 101.678559497300455, 12.715755428483526 ], [ 101.678558549784256, 12.71566509876253 ], [ 101.678466539030978, 12.715666028948196 ], [ 101.678465591554499, 12.715575699219691 ], [ 101.678281570091002, 12.715577559481789 ], [ 101.678280622686728, 12.715487229738965 ], [ 101.678188611976495, 12.715488159815397 ], [ 101.678189559348311, 12.715578489565043 ], [ 101.678005537841088, 12.715580349635962 ], [ 101.678006485155279, 12.715670679398569 ], [ 101.677914474358275, 12.715671609393052 ], [ 101.677916368943642, 12.715852268929851 ], [ 101.677824358074446, 12.71585319890611 ], [ 101.6778271999098, 12.716124188226638 ], [ 101.677735188935955, 12.716125118191496 ], [ 101.677737083464393, 12.716305777748735 ], [ 101.677645072418343, 12.716306707695361 ], [ 101.677646966911013, 12.716487367263509 ], [ 101.677554955792786, 12.71648829719191 ], [ 101.677555903017591, 12.716578626981775 ], [ 101.677463891859617, 12.716579556885129 ], [ 101.677466733480401, 12.716850546271079 ], [ 101.677374722217763, 12.716851476163027 ], [ 101.677375669406814, 12.716941805963794 ], [ 101.677283658104429, 12.716942735830692 ], [ 101.677285552439471, 12.717123395443817 ], [ 101.677193541064881, 12.717124325292483 ], [ 101.677196382524727, 12.717395314727495 ], [ 101.677380405461363, 12.717393454957383 ], [ 101.677381352694141, 12.717483784754046 ], [ 101.677749398609777, 12.717480064804127 ], [ 101.677750345979675, 12.717570394572832 ], [ 101.678026380437259, 12.717567604255317 ], [ 101.678027327911806, 12.717657934002879 ], [ 101.678119339415559, 12.717657003826483 ], [ 101.678120286929854, 12.717747333566541 ], [ 101.678396321494731, 12.717744542825679 ], [ 101.678397269113702, 12.717834872544588 ], [ 101.678581292185413, 12.717833011877692 ], [ 101.67858223987659, 12.717923341582276 ], [ 101.679410343630551, 12.71791496694232 ], [ 101.67941129162115, 12.718005296584819 ], [ 101.679503303145381, 12.718004365903099 ], [ 101.679504251175729, 12.718094695538085 ], [ 101.679688274267207, 12.718092834065386 ], [ 101.679689222369774, 12.718183163686041 ], [ 101.679781233937021, 12.71818223289506 ], [ 101.679782182079336, 12.718272562508204 ], [ 101.679874193671765, 12.718271631678531 ], [ 101.679875141853827, 12.718361961284172 ], [ 101.680059165081715, 12.718360099515564 ], [ 101.680060113336012, 12.718450429106866 ], [ 101.680152124971471, 12.718449498167931 ], [ 101.680153073265501, 12.718539827751725 ], [ 101.680245084926142, 12.718538896774092 ], [ 101.680246033259934, 12.718629226350375 ], [ 101.680338044945728, 12.718628295334049 ], [ 101.680338993319282, 12.718718624902822 ], [ 101.680707040119344, 12.718714900491493 ], [ 101.68070609161596, 12.718624570950025 ], [ 101.68098212654202, 12.718621777327366 ], [ 101.680981177948539, 12.718531447805693 ], [ 101.681073189543511, 12.718530516541231 ], [ 101.681072240924863, 12.718440187025703 ], [ 101.681256264027994, 12.718438324414818 ], [ 101.68125531535172, 12.718347994912262 ], [ 101.681531349854282, 12.718345200777387 ], [ 101.68153040108794, 12.718254871294633 ], [ 101.68171442398824, 12.718253008392358 ], [ 101.681713475164258, 12.718162678922583 ] ], [ [ 101.697655821405206, 12.729022040134746 ], [ 101.697658687335135, 12.729293024756775 ], [ 101.697750701541892, 12.729292086924474 ], [ 101.697758344604679, 12.730014712498097 ], [ 101.697666330138006, 12.730015650385363 ], [ 101.697667285521405, 12.730105978585849 ], [ 101.697575271014884, 12.730106916448088 ], [ 101.697576226373144, 12.730197244654759 ], [ 101.69748421182679, 12.730198182491966 ], [ 101.697486122500351, 12.730378838917 ], [ 101.697394107881678, 12.730379776736049 ], [ 101.697395063196979, 12.730470104954406 ], [ 101.697303048538458, 12.730471042748423 ], [ 101.69730400382862, 12.730561370972966 ], [ 101.697119974424581, 12.730563246479042 ], [ 101.697120929657103, 12.730653574716637 ], [ 101.697028914911584, 12.730654512428693 ], [ 101.697029870118925, 12.73074484067247 ], [ 101.696845840540874, 12.730746716014622 ], [ 101.69684679569059, 12.730837044271452 ], [ 101.696754780858072, 12.730837981901544 ], [ 101.696755735982634, 12.730928310164558 ], [ 101.696571706230557, 12.730930185342771 ], [ 101.696572661297481, 12.731020513618841 ], [ 101.696388631451057, 12.731022388683185 ], [ 101.696389586460327, 12.731112716972298 ], [ 101.695745481539205, 12.731119278740687 ], [ 101.695743571982902, 12.730938622065644 ], [ 101.695559542069361, 12.730940496542036 ], [ 101.695560496778853, 12.731030824893631 ], [ 101.695652511771783, 12.731029887664519 ], [ 101.695655376041771, 12.731300872694598 ], [ 101.695563360951354, 12.731301809944302 ], [ 101.695564315690191, 12.731392138293154 ], [ 101.695288270277445, 12.731394949871454 ], [ 101.695289224926142, 12.731485278240216 ], [ 101.695013179349871, 12.731488089551986 ], [ 101.695014133908415, 12.731578417940653 ], [ 101.694830103422561, 12.731580292002715 ], [ 101.694831057923466, 12.731670620404426 ], [ 101.694462996733748, 12.731674368173159 ], [ 101.694462042362844, 12.731584039743998 ], [ 101.694185996491029, 12.731586850214976 ], [ 101.694186950764461, 12.731677178664727 ], [ 101.693910904729151, 12.731679988869161 ], [ 101.693912813103026, 12.731860645807769 ], [ 101.693728782246168, 12.73186251914532 ], [ 101.693727828120558, 12.731772190662637 ], [ 101.693635812713623, 12.731773127276698 ], [ 101.693636766806748, 12.73186345576624 ], [ 101.693268704975708, 12.731867201930875 ], [ 101.693269658946178, 12.731957530447175 ], [ 101.693177643437593, 12.731958466915433 ], [ 101.693178597382897, 12.732048795437905 ], [ 101.692994566278728, 12.73205066829243 ], [ 101.692993612398425, 12.731960339756238 ], [ 101.692901596867841, 12.731961276128786 ], [ 101.692902550715658, 12.732051604671833 ], [ 101.692534488390066, 12.732055349870409 ], [ 101.692533534672236, 12.73196502129993 ], [ 101.692165472359349, 12.731968765960605 ], [ 101.692166425947192, 12.732059094558515 ], [ 101.691522316390007, 12.732065646534371 ], [ 101.69152326975771, 12.732155975179587 ], [ 101.691247222597227, 12.732158782711235 ], [ 101.691246269327024, 12.732068454045455 ], [ 101.691062237915077, 12.73207032555999 ], [ 101.691063191120278, 12.732160654239475 ], [ 101.690971175370819, 12.732161589955739 ], [ 101.690972128550854, 12.73225191864139 ], [ 101.690880112761576, 12.732252854332602 ], [ 101.690879159614042, 12.732162525640096 ], [ 101.690787143849917, 12.732163461292551 ], [ 101.690788096964951, 12.73225378999191 ], [ 101.69060406534976, 12.732255661214806 ], [ 101.690603112299726, 12.732165332501742 ], [ 101.689774969961306, 12.732173751363806 ], [ 101.689774017211064, 12.73208342258839 ], [ 101.689405953889136, 12.732087163447932 ], [ 101.689405001276199, 12.731996834644436 ], [ 101.689036937967131, 12.732000574966101 ], [ 101.689035985491515, 12.731910246134518 ], [ 101.68875993803033, 12.731913051020225 ], [ 101.688758985659518, 12.731822722167417 ], [ 101.688390922405461, 12.731826461540972 ], [ 101.688389970171968, 12.731736132660084 ], [ 101.688205938566028, 12.731738002141743 ], [ 101.688204986404827, 12.731647673246478 ], [ 101.687928939038514, 12.731650477209145 ], [ 101.687927986982132, 12.731560148292658 ], [ 101.687283876432133, 12.731566689707666 ], [ 101.687282924610514, 12.73147636074258 ], [ 101.68673082976305, 12.731481966384424 ], [ 101.686731781389682, 12.731572295390569 ], [ 101.68562759051494, 12.731583503310761 ], [ 101.685626639278269, 12.731493174222518 ], [ 101.684706479736747, 12.731502510578187 ], [ 101.684707430648444, 12.731592839734819 ], [ 101.685075494682764, 12.731589105548045 ], [ 101.685076445731767, 12.731679434676641 ], [ 101.685168461754571, 12.731678501043348 ], [ 101.685169412843379, 12.73176883016442 ], [ 101.68526142889138, 12.731767896492382 ], [ 101.685262380019992, 12.731858225605933 ], [ 101.684986331756605, 12.731861026546843 ], [ 101.684987282795049, 12.731951355680222 ], [ 101.684895266660135, 12.73195228927022 ], [ 101.684896217673383, 12.732042618409753 ], [ 101.684804201498679, 12.732043551974684 ], [ 101.684805152486732, 12.732133881120371 ], [ 101.68462112005038, 12.732135748168195 ], [ 101.684622070980751, 12.732226077326873 ], [ 101.684438038450168, 12.732227944260748 ], [ 101.68443994020285, 12.732408602603392 ], [ 101.684163891157169, 12.73241140280593 ], [ 101.684164841946981, 12.732501731996736 ], [ 101.684256858335345, 12.73250079862096 ], [ 101.684261612556469, 12.732952444530538 ], [ 101.684169596005617, 12.732953377940495 ], [ 101.684171497680211, 12.733134036313205 ], [ 101.68407948105704, 12.733134969704926 ], [ 101.684082333526234, 12.733405957279361 ], [ 101.683990316798258, 12.733406890659685 ], [ 101.683991267603446, 12.733497219856627 ], [ 101.683899250835651, 12.733498153211878 ], [ 101.683900201615643, 12.733588482414969 ], [ 101.683808184808044, 12.733589415745149 ], [ 101.68381388944637, 12.734131390990347 ], [ 101.68372187243645, 12.734132324329625 ], [ 101.683723773975998, 12.734312982752884 ], [ 101.68363175689376, 12.734313916073923 ], [ 101.683632707641991, 12.734404245291357 ], [ 101.683540690519948, 12.73440517858732 ], [ 101.683541641242982, 12.734495507810907 ], [ 101.683449624081135, 12.734496441081792 ], [ 101.683450574778959, 12.734586770311527 ], [ 101.683266540368336, 12.73458863677123 ], [ 101.683267491008465, 12.73467896601395 ], [ 101.68308345650361, 12.734680832359674 ], [ 101.683084407086028, 12.734771161615374 ], [ 101.683176424374622, 12.734770228451637 ], [ 101.683177374996859, 12.734860557699818 ], [ 101.683269392310635, 12.73485962449733 ], [ 101.683270342972676, 12.734949953737997 ], [ 101.683362360311662, 12.734949020496767 ], [ 101.683363311013522, 12.735039349729911 ], [ 101.683455328377704, 12.735038416449932 ], [ 101.683456279119369, 12.735128745675558 ], [ 101.683548296508761, 12.735127812356833 ], [ 101.683550198079004, 12.735308470792361 ], [ 101.683642215526106, 12.735307537428051 ], [ 101.683643166354699, 12.735397866637951 ], [ 101.683735183826997, 12.735396933234895 ], [ 101.683736134695394, 12.735487262437273 ], [ 101.683828152192902, 12.735486328995467 ], [ 101.683830054016653, 12.735666987384503 ], [ 101.683922071571857, 12.735666053897109 ], [ 101.68392397348984, 12.735846712269737 ], [ 101.684015991102754, 12.735845778736756 ], [ 101.684016942105217, 12.735936107915208 ], [ 101.684108959743341, 12.735935174343476 ], [ 101.684109910785608, 12.736025503514403 ], [ 101.684201928448928, 12.736024569903918 ], [ 101.684203830620419, 12.736205228230048 ], [ 101.684295848341449, 12.736204294573975 ], [ 101.6842977506072, 12.736384952883689 ], [ 101.684389768385927, 12.736384019182029 ], [ 101.684390719562273, 12.736474348329022 ], [ 101.684482737366224, 12.736473414588607 ], [ 101.684483688582375, 12.73656374372808 ], [ 101.684575706411522, 12.736562809948909 ], [ 101.684576657667506, 12.736653139080857 ], [ 101.684760693368872, 12.736651271413097 ], [ 101.684763547375724, 12.736922258763807 ], [ 101.684855565313001, 12.736921324861534 ], [ 101.684854613937546, 12.736830995752154 ], [ 101.68494663183499, 12.736830061824799 ], [ 101.684950437510636, 12.737191378230857 ], [ 101.685042455530819, 12.737190444244234 ], [ 101.685044358477526, 12.737371102429478 ], [ 101.685136376555405, 12.737370168397256 ], [ 101.685137328072244, 12.737460497482012 ], [ 101.685321364271104, 12.737458629308138 ], [ 101.68532231586029, 12.737548958378525 ], [ 101.685414333981257, 12.737548024236874 ], [ 101.685415285610262, 12.737638353299738 ], [ 101.685507303756438, 12.737637419119322 ], [ 101.685508255425248, 12.737727748174663 ], [ 101.685600273596634, 12.73772681395549 ], [ 101.685601225305277, 12.737817143003307 ], [ 101.685693243501873, 12.737816208745373 ], [ 101.685694195250321, 12.737906537785662 ], [ 101.685786213472113, 12.737905603488969 ], [ 101.685788117056006, 12.738086261553812 ], [ 101.685880135335509, 12.738085327211518 ], [ 101.685881087170927, 12.738175656236072 ], [ 101.685973105475639, 12.738174721855014 ], [ 101.685976913020539, 12.738536037919012 ], [ 101.686621041859155, 12.738529496166251 ], [ 101.686621993991253, 12.738619825132645 ], [ 101.686898049195634, 12.738617021024963 ], [ 101.686899001432607, 12.73870734997014 ], [ 101.687543130214408, 12.738700805887035 ], [ 101.687542177749819, 12.738610476989766 ], [ 101.687818232734728, 12.738607671924424 ], [ 101.68781918529686, 12.738698000801159 ], [ 101.68791120364304, 12.738697065708685 ], [ 101.687912156245005, 12.738787394577887 ], [ 101.688096192980453, 12.738785524283488 ], [ 101.688097145654751, 12.73887585313831 ], [ 101.688373200800584, 12.738873047436753 ], [ 101.688374153579772, 12.738963376270357 ], [ 101.688650208757267, 12.738960570260952 ], [ 101.688651161641303, 12.739050899073323 ], [ 101.68883519845474, 12.739049028227081 ], [ 101.688837104374869, 12.739229685822373 ], [ 101.688929122835646, 12.739228750337666 ], [ 101.688930075839195, 12.739319079127441 ], [ 101.689022094325168, 12.739318143603965 ], [ 101.689023047368565, 12.739408472386204 ], [ 101.689391121369283, 12.739404729945663 ], [ 101.689393027738177, 12.739585387453285 ], [ 101.68957706482469, 12.739583516014076 ], [ 101.689578971352944, 12.739764173491555 ], [ 101.689670989950258, 12.739763237710363 ], [ 101.689672896572844, 12.739943895171402 ], [ 101.689764915227855, 12.739942959344583 ], [ 101.689766821944772, 12.740123616789177 ], [ 101.689858840657507, 12.740122680916732 ], [ 101.689859794059473, 12.74021300963115 ], [ 101.689951812797403, 12.740212073719928 ], [ 101.689952766239202, 12.740302402426812 ], [ 101.690044785002328, 12.740301466476815 ], [ 101.690048598972865, 12.740662781270077 ], [ 101.690140617858759, 12.740661845260748 ], [ 101.690141571402222, 12.740752173950499 ], [ 101.690233590313298, 12.740751237902387 ], [ 101.690234543896594, 12.740841566584601 ], [ 101.69032656283288, 12.740840630497711 ], [ 101.690331331021909, 12.741292273864238 ], [ 101.690423350113477, 12.741291337711157 ], [ 101.69042430380577, 12.741381666375554 ], [ 101.690516322922534, 12.741380730183694 ], [ 101.690518230394161, 12.741561387496722 ], [ 101.690610249568635, 12.741560451259231 ], [ 101.690612157134623, 12.741741108555811 ], [ 101.690704176366822, 12.741740172272683 ], [ 101.690707991716764, 12.742101486830204 ], [ 101.69080001107173, 12.742100550487731 ], [ 101.690800964960061, 12.742190879118546 ], [ 101.690892984340238, 12.742189942737291 ], [ 101.690894892203914, 12.742370599983152 ], [ 101.690986911641815, 12.742369663556261 ], [ 101.690989773589848, 12.742640649399348 ], [ 101.691081793118016, 12.742639712919962 ], [ 101.691084655229574, 12.742910698736315 ], [ 101.691176674847966, 12.742909762204432 ], [ 101.691179537123062, 12.743180747994055 ], [ 101.691271556831722, 12.743179811409679 ], [ 101.691274419270329, 12.743450797172562 ], [ 101.691366439069256, 12.743449860535687 ], [ 101.691368347463353, 12.743630517693806 ], [ 101.691460367320005, 12.743629581011286 ], [ 101.691463230063704, 12.743900566722756 ], [ 101.691555250010609, 12.743899629987736 ], [ 101.69155715860812, 12.744080287111577 ], [ 101.691649178612735, 12.74407935033091 ], [ 101.691650132955019, 12.744169678884948 ], [ 101.691742152984844, 12.74416874206549 ], [ 101.691744061756452, 12.744349399157795 ], [ 101.691928101924262, 12.744347525395652 ], [ 101.691930010855287, 12.744528182457785 ], [ 101.692206071247213, 12.744525371533905 ], [ 101.692207025821318, 12.744615700043374 ], [ 101.692391066111028, 12.744613825920721 ], [ 101.692390111471852, 12.74452349742497 ], [ 101.692574151667159, 12.744521623188284 ], [ 101.692575106371393, 12.744611951670324 ], [ 101.692667126490576, 12.744611014497217 ], [ 101.6926690359861, 12.744791671445521 ], [ 101.692761056163022, 12.744790734226763 ], [ 101.692764875372163, 12.745152048087707 ], [ 101.692672855065126, 12.745152985333899 ], [ 101.692674764648615, 12.745333642273971 ], [ 101.692950825742983, 12.745330830398428 ], [ 101.692951780643313, 12.745421158846863 ], [ 101.693043801025979, 12.745420221484276 ], [ 101.693044755966199, 12.745510549925163 ], [ 101.693136776374047, 12.745509612523783 ], [ 101.693141551347779, 12.745961254683628 ], [ 101.693049530777245, 12.745962192119308 ], [ 101.693051440752981, 12.746142848992161 ], [ 101.692959420110057, 12.746143786409617 ], [ 101.692961330050068, 12.746324443293448 ], [ 101.692869309334725, 12.74632538069268 ], [ 101.692873129172582, 12.746686694479541 ], [ 101.692781108319764, 12.746687631874266 ], [ 101.692782063265028, 12.746777960326126 ], [ 101.692690042372334, 12.746778897695767 ], [ 101.692691952219761, 12.746959554611143 ], [ 101.692599931254676, 12.746960491962557 ], [ 101.692601841066363, 12.747141148888906 ], [ 101.692417798984025, 12.747143023523341 ], [ 101.692418753835781, 12.747233351999199 ], [ 101.692234711659054, 12.747235226519573 ], [ 101.692235666453072, 12.747325555008464 ], [ 101.692143645321167, 12.747326492227591 ], [ 101.692147464440367, 12.747687806203718 ], [ 101.691963421894272, 12.747689680600997 ], [ 101.691964376627325, 12.747780009107027 ], [ 101.692056397936568, 12.747779071917501 ], [ 101.692058307489731, 12.74795972891379 ], [ 101.692150328856741, 12.747958791678608 ], [ 101.692151283676864, 12.748049120168865 ], [ 101.692243305069098, 12.748048182894882 ], [ 101.692245214796401, 12.748228839859626 ], [ 101.692337236246374, 12.748227902539981 ], [ 101.692338191153567, 12.748318231014464 ], [ 101.692430212628764, 12.748317293656017 ], [ 101.692431167575819, 12.748407622122961 ], [ 101.692523189076212, 12.748406684725706 ], [ 101.692525099057434, 12.748587341643814 ], [ 101.692709142166393, 12.748585466726034 ], [ 101.692707232055014, 12.74840480983536 ], [ 101.692615210569272, 12.748405747296509 ], [ 101.692614255557146, 12.74831541884328 ], [ 101.6925222340966, 12.748316356265621 ], [ 101.692520324159389, 12.748135699343395 ], [ 101.692612345554835, 12.74813476193477 ], [ 101.69261330055231, 12.748225090389369 ], [ 101.692705321972966, 12.748224152941937 ], [ 101.69270627701033, 12.74831448138899 ], [ 101.692982341325902, 12.748311668834447 ], [ 101.692981386190922, 12.748221340407969 ], [ 101.693073407582247, 12.748220402832755 ], [ 101.693072452422058, 12.748130074412446 ], [ 101.693164473773493, 12.748129136812146 ], [ 101.693162563410027, 12.747948479983197 ], [ 101.693346605960755, 12.747946604714192 ], [ 101.693342785061503, 12.74758529110294 ], [ 101.693526827322572, 12.747583415761033 ], [ 101.693524916786785, 12.747402758978732 ], [ 101.693708958888365, 12.747400883536493 ], [ 101.693708003566385, 12.747310555158029 ], [ 101.693523961529877, 12.747312430586549 ], [ 101.69352300628033, 12.747222102193684 ], [ 101.693707048251753, 12.747220226778886 ], [ 101.693704182351851, 12.746949241637335 ], [ 101.693796203228942, 12.746948303902602 ], [ 101.693795247911112, 12.746857975527574 ], [ 101.693979289578223, 12.746856099976004 ], [ 101.693978334202654, 12.746765771614012 ], [ 101.693794292600614, 12.746767647151859 ], [ 101.693793337297436, 12.746677318775458 ], [ 101.693885358069593, 12.746676381029369 ], [ 101.693879626209409, 12.746134410797719 ], [ 101.693971646779005, 12.746133473060853 ], [ 101.693967825555433, 12.745772159586814 ], [ 101.694059845987553, 12.745771221845454 ], [ 101.694056980049282, 12.745500236753307 ], [ 101.693964959714762, 12.745501174474079 ], [ 101.693960183460362, 12.745049532605799 ], [ 101.693868163281181, 12.745050470260329 ], [ 101.69386529771414, 12.744779485110545 ], [ 101.693773277625212, 12.744780422712553 ], [ 101.69377136734893, 12.744599765928879 ], [ 101.69367934731774, 12.744600703485224 ], [ 101.69367361686011, 12.744058733076574 ], [ 101.69358159701676, 12.744059670559819 ], [ 101.693580641998693, 12.74396934214912 ], [ 101.693488622180539, 12.743970279593572 ], [ 101.693485757267908, 12.743699294336764 ], [ 101.693393737540006, 12.743700231728699 ], [ 101.693391827699983, 12.74351957487368 ], [ 101.693299808029806, 12.743520512219963 ], [ 101.693296943422354, 12.743249526911706 ], [ 101.69320492384243, 12.743250464205474 ], [ 101.693203969020459, 12.743160135761158 ], [ 101.693111949465745, 12.743161073016136 ], [ 101.693110039908873, 12.742980416111726 ], [ 101.69301802041187, 12.742981353321049 ], [ 101.693016110949387, 12.742800696400177 ], [ 101.692924091510093, 12.742801633563852 ], [ 101.692921227468943, 12.742530648156825 ], [ 101.692829208119903, 12.742531585267992 ], [ 101.692827298860834, 12.742350928312828 ], [ 101.692735279569519, 12.742351865378348 ], [ 101.692734324983505, 12.742261536892876 ], [ 101.692642305717399, 12.742262473919604 ], [ 101.692641351171247, 12.742172145426592 ], [ 101.692549331930309, 12.74217308241453 ], [ 101.692548377424018, 12.742082753913973 ], [ 101.692456358208275, 12.742083690863124 ], [ 101.692454449282735, 12.741903033846238 ], [ 101.692362430124703, 12.741903970749746 ], [ 101.692361475705439, 12.741813642233414 ], [ 101.692269456572618, 12.741814579098135 ], [ 101.692267547821146, 12.741633922049703 ], [ 101.692175528746048, 12.741634858868778 ], [ 101.69217266577138, 12.741363873270418 ], [ 101.692080646786494, 12.741364810036995 ], [ 101.692079692508798, 12.74127448149598 ], [ 101.691987673549121, 12.74127541822377 ], [ 101.691982902433125, 12.740823775474126 ], [ 101.69189088362873, 12.740824712135707 ], [ 101.691889929460046, 12.740734383576868 ], [ 101.691797910680833, 12.740735320199665 ], [ 101.691794094209442, 12.740374005930015 ], [ 101.69170207555301, 12.740374942493462 ], [ 101.691701121485991, 12.740284613917483 ], [ 101.691609102854741, 12.740285550442149 ], [ 101.691606240795238, 12.740014564689522 ], [ 101.691514222254213, 12.740015501161698 ], [ 101.691512314316228, 12.739834843976142 ], [ 101.691420295832913, 12.739835780402682 ], [ 101.691416480174937, 12.73947446599592 ], [ 101.691324461814375, 12.739475402363118 ], [ 101.691323507950713, 12.739385073752858 ], [ 101.691231489615333, 12.739386010081279 ], [ 101.691229581975037, 12.739205352844994 ], [ 101.691137563697353, 12.739206289127782 ], [ 101.691136609920704, 12.739115960501758 ], [ 101.691044591668216, 12.739116896745765 ], [ 101.691042684201946, 12.738936239477953 ], [ 101.690858647805072, 12.738938111842787 ], [ 101.690856740498162, 12.738757454544816 ], [ 101.690672704202029, 12.738759326754545 ], [ 101.690670797054494, 12.73857866942642 ], [ 101.690762815141184, 12.738577733351223 ], [ 101.690761861545894, 12.738487404692984 ], [ 101.690669843491705, 12.738488340761331 ], [ 101.690668889936248, 12.738398012095553 ], [ 101.690576871907254, 12.738398948125125 ], [ 101.690575918391644, 12.738308619451812 ], [ 101.690483900387846, 12.738309555442608 ], [ 101.690484853870956, 12.738399884122776 ], [ 101.690300817776333, 12.738401756022311 ], [ 101.690298910947519, 12.738221098633884 ], [ 101.690114874953665, 12.738222970378331 ], [ 101.690112968284197, 12.738042312959751 ], [ 101.689928932391098, 12.738044184549109 ], [ 101.689927025880976, 12.737863527100385 ], [ 101.689742990088646, 12.737865398534657 ], [ 101.689741083737871, 12.737684741055789 ], [ 101.689557048046296, 12.737686612334981 ], [ 101.689555141854868, 12.73750595482597 ], [ 101.689371106264062, 12.737507825950086 ], [ 101.689370153244354, 12.737417497180854 ], [ 101.689186117689275, 12.737419368163595 ], [ 101.689185164741914, 12.737329039379976 ], [ 101.689001129222589, 12.737330910221345 ], [ 101.689000176347562, 12.737240581423343 ], [ 101.688816140863963, 12.73724245212334 ], [ 101.688815188061298, 12.737152123310954 ], [ 101.688631152613453, 12.737153993869585 ], [ 101.688630199883107, 12.737063665042824 ], [ 101.688446164471003, 12.737065535460085 ], [ 101.688445211813018, 12.73697520661894 ], [ 101.688261176436654, 12.736977076894835 ], [ 101.688260223851003, 12.736886748039312 ], [ 101.688168206184343, 12.736887683122534 ], [ 101.688167253638525, 12.736797354259478 ], [ 101.688075235997076, 12.736798289303938 ], [ 101.688073330992395, 12.73661763156208 ], [ 101.687797278219193, 12.736620436462882 ], [ 101.68779632582536, 12.736530107570387 ], [ 101.687612290671652, 12.736531977330982 ], [ 101.687611338350166, 12.736441648424107 ], [ 101.687519320794834, 12.736442583249687 ], [ 101.687518368513167, 12.736352254335284 ], [ 101.687150298348769, 12.736355993291054 ], [ 101.68714934620445, 12.73626566434859 ], [ 101.687057328677568, 12.736266599000896 ], [ 101.687056376573082, 12.736176270050899 ], [ 101.686964359071396, 12.736177204664452 ], [ 101.686963407006729, 12.736086875706926 ], [ 101.686687354555303, 12.736089679335548 ], [ 101.68668640259547, 12.735999350356812 ], [ 101.686502367656303, 12.736001219269296 ], [ 101.686501415768802, 12.735910890276191 ], [ 101.686409398320762, 12.735911824677718 ], [ 101.686408446473095, 12.735821495677081 ], [ 101.686316429050237, 12.735822430039851 ], [ 101.686315477242374, 12.735732101031688 ], [ 101.686131442439759, 12.735733969647804 ], [ 101.686130490704215, 12.73564364062527 ], [ 101.686038473324459, 12.735644574878615 ], [ 101.686037521628748, 12.73555424584856 ], [ 101.685945504274159, 12.735555180063148 ], [ 101.685944552618281, 12.735464851025561 ], [ 101.685852535288888, 12.735465785201397 ], [ 101.685851583672815, 12.735375456156289 ], [ 101.685759566368631, 12.735376390293368 ], [ 101.685758614792377, 12.735286061240732 ], [ 101.685666597513389, 12.735286995339056 ], [ 101.685665645976954, 12.735196666278892 ], [ 101.685573628723162, 12.735197600338465 ], [ 101.685571725737248, 12.735016942202412 ], [ 101.685479708541138, 12.735017876216387 ], [ 101.685477805649469, 12.734837218063914 ], [ 101.68538578851107, 12.734838152032298 ], [ 101.685383885713676, 12.734657493863404 ], [ 101.685475902787076, 12.734656559908696 ], [ 101.685474951366828, 12.734566230830065 ], [ 101.685566968400394, 12.734565296850283 ], [ 101.68556506551684, 12.734384638704636 ], [ 101.685473048548275, 12.734385572670735 ], [ 101.685467340268076, 12.733843598176318 ], [ 101.68555935704164, 12.733842664251258 ], [ 101.685557454275056, 12.733662006094649 ], [ 101.685649470976273, 12.733661072151358 ], [ 101.685646616783728, 12.73339008493183 ], [ 101.685738633380154, 12.73338915097715 ], [ 101.685737681964753, 12.733298821909443 ], [ 101.68582969852136, 12.733297887929696 ], [ 101.685827795647512, 12.733117229805909 ], [ 101.6859198121318, 12.733116295807934 ], [ 101.685918860673326, 12.733025966751851 ], [ 101.686102893554988, 12.733024098673861 ], [ 101.686101942038832, 12.732933769630778 ], [ 101.686193958436178, 12.732932835550761 ], [ 101.686193006894854, 12.732842506513833 ], [ 101.686469055945537, 12.732839704102865 ], [ 101.686468104314017, 12.732749375085779 ], [ 101.6869281857564, 12.7327447037969 ], [ 101.686927233969698, 12.732654374813345 ], [ 101.687479331264186, 12.73264876825483 ], [ 101.687480283245876, 12.732739097197324 ], [ 101.687572299468528, 12.732738162652385 ], [ 101.687575155555024, 12.733009149455226 ], [ 101.687667171867844, 12.733008214857845 ], [ 101.687668123943808, 12.733098543783912 ], [ 101.687852156612507, 12.733096674479739 ], [ 101.687853108760805, 12.733187003391427 ], [ 101.68803714146523, 12.733185133945936 ], [ 101.688038093685833, 12.733275462843245 ], [ 101.688222126425998, 12.733273593256429 ], [ 101.68822307871892, 12.733363922139363 ], [ 101.688591144241428, 12.733360182555442 ], [ 101.68859209667167, 12.733450511410302 ], [ 101.688776129454013, 12.733448641413197 ], [ 101.688777081956587, 12.733538970253678 ], [ 101.688961114774642, 12.733537100115241 ], [ 101.688962067349536, 12.733627428941338 ], [ 101.689146100203317, 12.733625558661574 ], [ 101.689145147563423, 12.733535229849174 ], [ 101.689789262093569, 12.733528682912807 ], [ 101.689790214960979, 12.733619011677259 ], [ 101.691354492164209, 12.733603105348822 ], [ 101.691353538744295, 12.733512776700863 ], [ 101.691905635880246, 12.733507160542025 ], [ 101.691906589495161, 12.733597489148854 ], [ 101.692274654235902, 12.733593744377369 ], [ 101.692273700490986, 12.733503415797966 ], [ 101.693285877565827, 12.733493115119378 ], [ 101.693286831668274, 12.73358344362334 ], [ 101.693378847754502, 12.733582506999708 ], [ 101.693377893619569, 12.733492178502605 ], [ 101.694298053753528, 12.733482810579909 ], [ 101.694299008213477, 12.733573139008401 ], [ 101.695771263422145, 12.733558143585409 ], [ 101.695772218409431, 12.733648471903393 ], [ 101.696048266149447, 12.733645659331604 ], [ 101.696047311064646, 12.733555331034216 ], [ 101.696139326930805, 12.733554393453337 ], [ 101.696140282048106, 12.733644721743858 ], [ 101.696416329700043, 12.733641908789167 ], [ 101.696417284922163, 12.733732237058403 ], [ 101.696509300823976, 12.733731299336155 ], [ 101.696511211355272, 12.733911955858828 ], [ 101.696603227314725, 12.733911018090938 ], [ 101.696604182623886, 12.73400134634438 ], [ 101.696696198608521, 12.734000408537712 ], [ 101.696695243266845, 12.733910080291137 ], [ 101.696787259211618, 12.733909142459428 ], [ 101.696786303844803, 12.73381881421904 ], [ 101.696878319749743, 12.73381787636229 ], [ 101.696877364357761, 12.73372754812808 ], [ 101.696969380222853, 12.733726610246292 ], [ 101.696967469395901, 12.733545953789559 ], [ 101.697059485188646, 12.733545015889595 ], [ 101.697058529753704, 12.733454687667072 ], [ 101.697150545506602, 12.73345374974207 ], [ 101.697149590046493, 12.733363421525729 ], [ 101.697241605759558, 12.733362483575691 ], [ 101.697240650274281, 12.733272155365531 ], [ 101.697332665947499, 12.73327121739046 ], [ 101.697331710437069, 12.733180889186482 ], [ 101.697515741696492, 12.73317901315435 ], [ 101.697514786128409, 12.733088684963429 ], [ 101.697698817293457, 12.733086808817413 ], [ 101.697697861667706, 12.732996480639548 ], [ 101.698065923779666, 12.732992727992119 ], [ 101.698066879535403, 12.733083056142501 ], [ 101.69815889507754, 12.733082117894007 ], [ 101.698159850873125, 12.733172446036832 ], [ 101.698251866440415, 12.733171507749558 ], [ 101.698252822275833, 12.733261835884825 ], [ 101.698344837868277, 12.733260897558774 ], [ 101.698348661413419, 12.733622210065498 ], [ 101.698532692836267, 12.733620333262694 ], [ 101.69853173687396, 12.733530005150786 ], [ 101.698623752541849, 12.733529066708392 ], [ 101.698622796554389, 12.733438738602674 ], [ 101.698714812182445, 12.733437800135246 ], [ 101.698713856169832, 12.733347472035714 ], [ 101.698529824971374, 12.733349348924913 ], [ 101.698527913098189, 12.733168692696299 ], [ 101.698619928636091, 12.733167754281398 ], [ 101.698611325277867, 12.732354801280549 ], [ 101.698703340515934, 12.732353862895602 ], [ 101.698701428674354, 12.732173206679397 ], [ 101.698793443840103, 12.73217226827629 ], [ 101.69879057603535, 12.731901283967458 ], [ 101.69888259109625, 12.731900345553065 ], [ 101.698881635143536, 12.731810017455624 ], [ 101.699065665178296, 12.73180814054488 ], [ 101.699064709167928, 12.7317178124605 ], [ 101.698972694186722, 12.731718750924953 ], [ 101.698969826297201, 12.731447766647078 ], [ 101.698877811406135, 12.731448705059004 ], [ 101.698874943680224, 12.731177720754337 ], [ 101.698966958473818, 12.731176782363031 ], [ 101.698952620348706, 12.729821860850263 ], [ 101.699044634647578, 12.729820922530164 ], [ 101.699043678798859, 12.729730594430706 ], [ 101.698951664532473, 12.729731532743928 ], [ 101.698949752922047, 12.729550876529199 ], [ 101.698857738713301, 12.729551814796778 ], [ 101.698852004253283, 12.729009846094904 ], [ 101.698759990232119, 12.729010784289345 ], [ 101.698758078869176, 12.728830128036154 ], [ 101.698666064905652, 12.728831066184952 ], [ 101.698663198013818, 12.728560081779408 ], [ 101.698571184140391, 12.728561019875691 ], [ 101.698569272980876, 12.72838036358816 ], [ 101.698477259165074, 12.728381301638803 ], [ 101.698476303628823, 12.728290973487134 ], [ 101.697924220774723, 12.72829660107999 ], [ 101.69792231011408, 12.728115944692135 ], [ 101.697830296344335, 12.728116882498906 ], [ 101.697827430505896, 12.727845897891369 ], [ 101.697735416826262, 12.727846835645636 ], [ 101.697734461593939, 12.727756507434883 ], [ 101.697550434277616, 12.727758382833992 ], [ 101.697549479117612, 12.727668054608813 ], [ 101.697457465480909, 12.727668992253658 ], [ 101.697456510360738, 12.727578664020925 ], [ 101.697364496749188, 12.727579601627006 ], [ 101.697365451836873, 12.727669929866613 ], [ 101.697181424526761, 12.72767180499684 ], [ 101.697179514488667, 12.727491148489468 ], [ 101.69690347366334, 12.7274939609044 ], [ 101.696902518752751, 12.72740363262908 ], [ 101.696810505162119, 12.727404570030071 ], [ 101.696811460040223, 12.72749489831226 ], [ 101.696627432771947, 12.727496773032307 ], [ 101.696625523153031, 12.727316116439772 ], [ 101.696073441561865, 12.727321739752085 ], [ 101.696071532362097, 12.727141083074404 ], [ 101.695979518802858, 12.727142020167765 ], [ 101.69597856424646, 12.727051691821032 ], [ 101.695702523622131, 12.727054502889178 ], [ 101.695703478081086, 12.727144831256513 ], [ 101.695519450896541, 12.727146705156217 ], [ 101.695517542115923, 12.726966048393411 ], [ 101.695425528577616, 12.726966985281695 ], [ 101.695424574230785, 12.726876656892399 ], [ 101.695332560717631, 12.726877593741927 ], [ 101.695333515031962, 12.72696792213809 ], [ 101.69514948791867, 12.726969795755208 ], [ 101.695146625192535, 12.726698810523482 ], [ 101.694870584759911, 12.726701620648202 ], [ 101.694869630629995, 12.726611292215663 ], [ 101.694501576747044, 12.726615038574705 ], [ 101.694500622754376, 12.726524710114033 ], [ 101.694132568884001, 12.726528455935386 ], [ 101.694131615028596, 12.726438127446581 ], [ 101.694039601575156, 12.726439063815331 ], [ 101.694038647759569, 12.726348735318979 ], [ 101.693946634331269, 12.726349671648979 ], [ 101.693945680555501, 12.726259343145081 ], [ 101.693853667152339, 12.726260279436328 ], [ 101.693852713416376, 12.726169950924884 ], [ 101.693484659860374, 12.726173695743555 ], [ 101.693483706261674, 12.726083367203985 ], [ 101.69357571962918, 12.726082431054014 ], [ 101.693574766005327, 12.725992102520618 ], [ 101.693666779333029, 12.725991166345615 ], [ 101.693665825684036, 12.725900837818392 ], [ 101.693481799086243, 12.725902710122787 ], [ 101.693480845509541, 12.725812381581163 ], [ 101.693388832232131, 12.72581331767867 ], [ 101.693386925165655, 12.725632660579643 ], [ 101.693110885484302, 12.725635468639677 ], [ 101.693112792355919, 12.725816125779854 ], [ 101.692928765735118, 12.725817997687871 ], [ 101.692926858993417, 12.725637340520258 ], [ 101.693018872242533, 12.725636404595912 ], [ 101.693016965465219, 12.725455747439273 ], [ 101.692924952281075, 12.725456683349904 ], [ 101.692925905633587, 12.72554701193542 ], [ 101.692833892409624, 12.725547947821022 ], [ 101.692832939089584, 12.725457619228647 ], [ 101.692648912684646, 12.72545949089047 ], [ 101.692647959436897, 12.725369162283691 ], [ 101.692555946255908, 12.725370098059912 ], [ 101.692554993047949, 12.725279769445592 ], [ 101.692462979892113, 12.725280705183071 ], [ 101.692462026723987, 12.725190376561208 ], [ 101.692370013593305, 12.725191312259941 ], [ 101.692369060464969, 12.725100983630538 ], [ 101.692277047359426, 12.725101919290529 ], [ 101.692276094270909, 12.725011590653581 ], [ 101.692184081190504, 12.725012526274828 ], [ 101.692183128141792, 12.724922197630342 ], [ 101.692091115086555, 12.724923133212847 ], [ 101.692090162077633, 12.724832804560817 ], [ 101.691998149047549, 12.724833740104581 ], [ 101.691997196078432, 12.724743411445012 ], [ 101.691905183073487, 12.724744346950031 ], [ 101.691904230144175, 12.724654018282919 ], [ 101.691812217164397, 12.724654953749202 ], [ 101.691811264274875, 12.724564625074548 ], [ 101.691903277222195, 12.724563689615122 ], [ 101.691902324307549, 12.724473360946643 ], [ 101.6918103113927, 12.72447429639921 ], [ 101.691809358517858, 12.724383967723192 ], [ 101.69190137140022, 12.724383032277478 ], [ 101.691900418500225, 12.724292703607627 ], [ 101.692084444178036, 12.724290832634258 ], [ 101.692082538270114, 12.724110175319922 ], [ 101.692174551033077, 12.724109239799127 ], [ 101.692170739175268, 12.723747925189668 ], [ 101.692078726542221, 12.72374886068304 ], [ 101.692075867823235, 12.723477874698188 ], [ 101.69198385528027, 12.72347881013911 ], [ 101.691982902421074, 12.723388481469266 ], [ 101.692074914931553, 12.7233875460352 ], [ 101.692073962047203, 12.723297217371529 ], [ 101.691981949569183, 12.723298152798741 ], [ 101.691980043887426, 12.723117495455629 ], [ 101.692072056300503, 12.723116560042129 ], [ 101.692071103438138, 12.723026231376402 ], [ 101.692163115811411, 12.723025295937878 ], [ 101.692162162923907, 12.722934967278325 ], [ 101.691978138234973, 12.722936838109778 ], [ 101.691979091057533, 12.723027166783046 ], [ 101.691795066274352, 12.723029037500687 ], [ 101.691794113516721, 12.722938708813709 ], [ 101.691610088769167, 12.722940579390114 ], [ 101.69161104146184, 12.723030908090804 ], [ 101.691519029044613, 12.723031843338038 ], [ 101.691520934387, 12.723212500751073 ], [ 101.691428921897483, 12.723213435980135 ], [ 101.691429874547197, 12.723303764692485 ], [ 101.691337862017889, 12.72330469989652 ], [ 101.69133881464245, 12.723395028615034 ], [ 101.691246802073351, 12.723395963794044 ], [ 101.691249659893572, 12.723666949966036 ], [ 101.691065634538546, 12.723668820269532 ], [ 101.691064681989431, 12.723578491532509 ], [ 101.690972669333405, 12.723579426629577 ], [ 101.69097171682408, 12.723489097885022 ], [ 101.690879704193208, 12.723490032943353 ], [ 101.690878751723673, 12.723399704191255 ], [ 101.690786739117939, 12.723400639210855 ], [ 101.690785786688224, 12.72331031045122 ], [ 101.690601761519744, 12.723312180381065 ], [ 101.690600809162291, 12.723221851607036 ], [ 101.690508796599531, 12.723222786517285 ], [ 101.690507844281868, 12.723132457735723 ], [ 101.690415831744275, 12.723133392607238 ], [ 101.690416784029452, 12.723223721395652 ], [ 101.690232758867324, 12.723225591056734 ], [ 101.69023466332979, 12.723406248658915 ], [ 101.690326675979463, 12.723405313830611 ], [ 101.690328580536146, 12.72358597141635 ], [ 101.690420593243431, 12.723585036542456 ], [ 101.690421545565229, 12.72367536532745 ], [ 101.690697583740601, 12.723672560493927 ], [ 101.690699488601027, 12.723853218020736 ], [ 101.691159552404883, 12.723848542592004 ], [ 101.691158599808645, 12.723758213863208 ], [ 101.691342625213963, 12.723756343482238 ], [ 101.6913416725601, 12.723666014766467 ], [ 101.691525697871171, 12.723664144271673 ], [ 101.691527603316132, 12.723844801675121 ], [ 101.691619616025619, 12.723843866366188 ], [ 101.691620568791564, 12.72393419506003 ], [ 101.69152855604959, 12.723935130375814 ], [ 101.691530461538505, 12.724115787775153 ], [ 101.691438448724256, 12.724116723072765 ], [ 101.691439401447226, 12.724207051778258 ], [ 101.691163362863094, 12.72420985750035 ], [ 101.691162410237567, 12.72411952877429 ], [ 101.690978384543143, 12.724121399082557 ], [ 101.690976479443933, 12.723940741600966 ], [ 101.690884466650687, 12.723941676693569 ], [ 101.690885419164161, 12.724032005441561 ], [ 101.690609380643053, 12.724034810548611 ], [ 101.690608428226994, 12.723944481780066 ], [ 101.690424402574592, 12.723946351678309 ], [ 101.69042345023081, 12.723856022895374 ], [ 101.690239424614063, 12.723857892652385 ], [ 101.690238472342557, 12.723767563855059 ], [ 101.690146459555677, 12.723768498678886 ], [ 101.690145507323976, 12.723678169874026 ], [ 101.689961481793176, 12.723680039412331 ], [ 101.689960529633737, 12.723589710593082 ], [ 101.689224427477541, 12.72359718741617 ], [ 101.689223475585209, 12.723506858541439 ], [ 101.688947437253262, 12.723509661803487 ], [ 101.688948389048164, 12.723599990698759 ], [ 101.688764363391996, 12.723601859394405 ], [ 101.688763411662038, 12.723511530485432 ], [ 101.688395360391766, 12.723515267466739 ], [ 101.688393457213607, 12.723334609591966 ], [ 101.688577482733479, 12.723332741192465 ], [ 101.688576531090419, 12.723242412267743 ], [ 101.688760556516087, 12.723240543754411 ], [ 101.68876150822409, 12.723330872665437 ], [ 101.688945533685413, 12.723329004010878 ], [ 101.688946485465678, 12.723419332907522 ], [ 101.689314536430402, 12.723415595188428 ], [ 101.689313584520249, 12.723325266319176 ], [ 101.689497609893749, 12.723323397282032 ], [ 101.689498561868845, 12.723413726137585 ], [ 101.689590574577096, 12.723412791564337 ], [ 101.689591526591997, 12.723503120412355 ], [ 101.689959577481631, 12.72349938177315 ], [ 101.689957673199373, 12.723318724131232 ], [ 101.690049685838545, 12.723317789405428 ], [ 101.690046829372633, 12.723046802957967 ], [ 101.688758653122036, 12.723059885930304 ], [ 101.688759604815402, 12.7231502148427 ], [ 101.688575579454678, 12.723152083342338 ], [ 101.68857462782627, 12.723061754416246 ], [ 101.688114564458786, 12.723066425073178 ], [ 101.688115515924849, 12.7231567540335 ], [ 101.687931490461693, 12.723158622086794 ], [ 101.687930539060574, 12.723068293112778 ], [ 101.687378462690361, 12.723073896466419 ], [ 101.687379413896636, 12.723164225481502 ], [ 101.687287401110197, 12.723165159269037 ], [ 101.687292157088933, 12.72361680436841 ], [ 101.686924105220541, 12.723620539336585 ], [ 101.68692505630834, 12.723710868381779 ], [ 101.686649017232838, 12.723713669293669 ], [ 101.686649968230512, 12.723803998358703 ], [ 101.686281915897567, 12.723807732488883 ], [ 101.686282866772672, 12.723898061580606 ], [ 101.686006827348749, 12.723900861863983 ], [ 101.686007778133728, 12.723991190975545 ], [ 101.685731738546608, 12.723993990992488 ], [ 101.685732689241476, 12.724084320123884 ], [ 101.684996583094346, 12.724091785487532 ], [ 101.684997533536716, 12.724182114672962 ], [ 101.684537466794851, 12.724186779523178 ], [ 101.684538417082152, 12.724277108742104 ], [ 101.684446403679374, 12.724278041623329 ], [ 101.684445453424544, 12.724187712397567 ], [ 101.683985386463476, 12.724192376291237 ], [ 101.683984436378339, 12.724102047030605 ], [ 101.683800409607727, 12.724103912351209 ], [ 101.683799459594837, 12.72401358307622 ], [ 101.68370744623104, 12.72401451568186 ], [ 101.68370554629216, 12.723833857116166 ], [ 101.683613532986001, 12.723834789676248 ], [ 101.683614482919324, 12.723925118966275 ], [ 101.683522469573404, 12.723926051501309 ], [ 101.683521519672553, 12.72383572220445 ], [ 101.6834295063518, 12.723836654700765 ], [ 101.683428556490725, 12.723746325396391 ], [ 101.683520569779006, 12.723745392906908 ], [ 101.683519619892763, 12.723655063608678 ], [ 101.683427606636968, 12.723655996091326 ], [ 101.683426656790502, 12.72356566678558 ], [ 101.683334643559874, 12.72356659922951 ], [ 101.683332743953812, 12.723385940602297 ], [ 101.683424757119496, 12.723385008172032 ], [ 101.683423807294943, 12.723294678864233 ], [ 101.683331794161731, 12.723295611287661 ], [ 101.683328944829327, 12.723024623339652 ], [ 101.683420957865124, 12.723023690936728 ], [ 101.68341810850103, 12.722752703003062 ], [ 101.683510121432093, 12.722751770588754 ], [ 101.683508221827623, 12.722571111976562 ], [ 101.683600234686452, 12.722570179544041 ], [ 101.68359928486268, 12.722479850243751 ], [ 101.683691297681733, 12.722478917786187 ], [ 101.683690347832808, 12.722388588492047 ], [ 101.683874373384057, 12.722386723494948 ], [ 101.683873423477493, 12.722296394213791 ], [ 101.684057448934567, 12.722294529102841 ], [ 101.684056498970378, 12.722204199834676 ], [ 101.684240524333291, 12.722202334609877 ], [ 101.684238624296938, 12.722021676098834 ], [ 101.684514662091686, 12.722018878063556 ], [ 101.684513711987051, 12.721928548827517 ], [ 101.68515779969178, 12.721922019010623 ], [ 101.685156849367175, 12.721831689821766 ], [ 101.68543288674789, 12.721828890871141 ], [ 101.685431936333174, 12.721738561702118 ], [ 101.685523948746322, 12.721737628661657 ], [ 101.685522998306467, 12.721647299498786 ], [ 101.685615010679825, 12.721646366433285 ], [ 101.685614060214803, 12.721556037276567 ], [ 101.685798084874676, 12.721554171063618 ], [ 101.685797134352015, 12.721463841919894 ], [ 101.685981158917727, 12.721461975593114 ], [ 101.68598020833744, 12.721371646462391 ], [ 101.686164232808963, 12.72136978002178 ], [ 101.686163282171051, 12.721279450904049 ], [ 101.686347306548399, 12.721277584349609 ], [ 101.686346355852862, 12.72118725524488 ], [ 101.686622392266628, 12.72118445519467 ], [ 101.686621441481009, 12.721094126109779 ], [ 101.686713453571841, 12.721093192702797 ], [ 101.686712502761068, 12.721002863624067 ], [ 101.686896526855861, 12.721000996728158 ], [ 101.686895575987478, 12.720910667662427 ], [ 101.68726362395941, 12.720906933515467 ], [ 101.687261721984839, 12.7207262754367 ], [ 101.687353733894611, 12.720725341833958 ], [ 101.687352782885824, 12.720635012800392 ], [ 101.68744479475582, 12.720634079172619 ], [ 101.68744384372188, 12.720543750145213 ], [ 101.687535855552099, 12.720542816492406 ], [ 101.687534904493006, 12.720452487471157 ], [ 101.687626916283435, 12.720451553793323 ], [ 101.687625965199203, 12.720361224778236 ], [ 101.687717976949841, 12.720360291075369 ], [ 101.687717025840456, 12.720269962066443 ], [ 101.687809037551332, 12.720269028338549 ], [ 101.687808086416794, 12.720178699335781 ], [ 101.687992109751647, 12.720176831798057 ], [ 101.687991158559512, 12.7200865028083 ], [ 101.688083170183504, 12.720085568998476 ], [ 101.688082218966201, 12.719995240014876 ], [ 101.688174230550416, 12.719994306180022 ], [ 101.688173279307975, 12.719903977202586 ], [ 101.688265290852414, 12.719903043342699 ], [ 101.688264339584805, 12.719812714371427 ], [ 101.688356351089467, 12.719811780486518 ], [ 101.688355399796734, 12.719721451521405 ], [ 101.688447411261606, 12.719720517611469 ], [ 101.688446459943719, 12.719630188652518 ], [ 101.688538471368801, 12.719629254717557 ], [ 101.688537520025776, 12.71953892576477 ], [ 101.688629531411095, 12.719537991804781 ], [ 101.688628580042916, 12.719447662858157 ], [ 101.68872059138846, 12.719446728873146 ], [ 101.688719639995128, 12.719356399932682 ], [ 101.688903662599316, 12.719354531880734 ], [ 101.688902711148401, 12.719264202953287 ], [ 101.688994722407045, 12.719263268886353 ], [ 101.688993770930978, 12.719172939965063 ], [ 101.689085782149846, 12.719172005873105 ], [ 101.689084830648639, 12.719081676957982 ], [ 101.689176841827731, 12.719080742841003 ], [ 101.689175890301385, 12.718990413932048 ], [ 101.689267901440701, 12.718989479790041 ], [ 101.689266949889202, 12.718899150887252 ], [ 101.689358960988741, 12.718898216720227 ], [ 101.68935705784277, 12.718717558926279 ], [ 101.689449068870076, 12.718716624741084 ], [ 101.689448117275617, 12.718626295849932 ], [ 101.689632139243315, 12.718624427397627 ], [ 101.68963118759126, 12.718534098519491 ], [ 101.689723198531667, 12.718533164252383 ], [ 101.689721295184597, 12.71835250650776 ], [ 101.68981330605277, 12.718351572222481 ], [ 101.689812354357755, 12.718261243355999 ], [ 101.689904365186152, 12.7182603090457 ], [ 101.689903413465998, 12.718169980185376 ], [ 101.689995424254619, 12.718169045850061 ], [ 101.689994472509326, 12.718078716995906 ], [ 101.690086483258156, 12.718077782635575 ], [ 101.690085531487725, 12.717987453787583 ], [ 101.690177542196778, 12.717986519402233 ], [ 101.690176590401208, 12.71789619056041 ], [ 101.690268601070485, 12.717895256150044 ], [ 101.690267649249776, 12.717804927314383 ], [ 101.690359659879277, 12.717803992879002 ], [ 101.690358708033443, 12.71771366404951 ], [ 101.690450718623154, 12.717712729589111 ], [ 101.690449766752181, 12.717622400765789 ], [ 101.690541777302116, 12.717621466280375 ], [ 101.690542729205546, 12.717711795096845 ], [ 101.69063473978062, 12.71771086057271 ], [ 101.690633787844732, 12.717620531763094 ], [ 101.690725798380029, 12.717619597213945 ], [ 101.690723894465307, 12.717438939606359 ], [ 101.690815904928357, 12.717438005039048 ], [ 101.690814952949538, 12.717347676241081 ], [ 101.690906963372811, 12.717346741648754 ], [ 101.690905059372199, 12.717166084064473 ], [ 101.690997069723238, 12.717165149453988 ], [ 101.690996117701474, 12.717074820667674 ], [ 101.691180138316653, 12.717072951364809 ], [ 101.691179186237292, 12.716982622591518 ], [ 101.69154722724997, 12.716978883630818 ], [ 101.691546275048111, 12.716888554884259 ], [ 101.691730295445581, 12.716886685226422 ], [ 101.69172934318614, 12.716796356492891 ], [ 101.691913363489405, 12.716794486721305 ], [ 101.691912411172382, 12.716704158000796 ], [ 101.692004421280572, 12.716703223074065 ], [ 101.692002516603594, 12.716522565644707 ], [ 101.692094526639551, 12.71652163069982 ], [ 101.692093574279596, 12.716431301990969 ], [ 101.69227759426461, 12.716429432019314 ], [ 101.692276641847087, 12.716339103323492 ], [ 101.692460661737883, 12.716337233238095 ], [ 101.692459709262764, 12.716246904555302 ], [ 101.692827748826602, 12.716243164029569 ], [ 101.692826796229014, 12.716152835373521 ], [ 101.693010815902056, 12.716150964933188 ], [ 101.69301176856456, 12.71624129357552 ], [ 101.693287798116529, 12.716238487655472 ], [ 101.693286845356667, 12.716148159033718 ], [ 101.69347086495641, 12.716146288274754 ], [ 101.693469912138994, 12.716055959666029 ], [ 101.694113980280022, 12.716049411053989 ], [ 101.694114933324613, 12.716139739614684 ], [ 101.694482972230858, 12.716135996822228 ], [ 101.694483925412598, 12.716226325354796 ], [ 101.694667944886632, 12.716224453753668 ], [ 101.69466889814062, 12.716314782271827 ], [ 101.694760907899081, 12.716313846416602 ], [ 101.694761861192859, 12.716404174927215 ], [ 101.694853870976445, 12.716403239033266 ], [ 101.694856730999106, 12.716674224540403 ], [ 101.694948740872732, 12.716673288593999 ], [ 101.694950647656086, 12.716853945581608 ], [ 101.69504265758728, 12.716853009589613 ], [ 101.695044564464894, 12.717033666560759 ], [ 101.695136574453642, 12.717032730523174 ], [ 101.695138481425502, 12.717213387477853 ], [ 101.695230491471847, 12.717212451394673 ], [ 101.695236212758203, 12.717754422201091 ], [ 101.695144202517127, 12.717755358325455 ], [ 101.695145156058075, 12.717845686797661 ], [ 101.695237166331609, 12.717844750666432 ], [ 101.695238119912347, 12.717935079131088 ], [ 101.695330130210991, 12.717934142961131 ], [ 101.695331083831519, 12.718024471418236 ], [ 101.695423094155302, 12.718023535209547 ], [ 101.695424047815621, 12.718113863659104 ], [ 101.695884099486733, 12.71810918210331 ], [ 101.695885053316672, 12.718199510517859 ], [ 101.696069073998686, 12.718197637658733 ], [ 101.696070027900888, 12.718287966058865 ], [ 101.69643806930668, 12.71828421993073 ], [ 101.696439023346045, 12.718374548302707 ], [ 101.696531033711608, 12.718373611684134 ], [ 101.696531987790777, 12.718463940048562 ], [ 101.696900029309461, 12.718460193228113 ], [ 101.696900983525808, 12.718550521564385 ], [ 101.697177014685124, 12.718547711093821 ], [ 101.697177969006191, 12.718638039408804 ], [ 101.697454000196799, 12.718635228630809 ], [ 101.697454954622586, 12.718725556924499 ], [ 101.69782299623715, 12.718721808746855 ], [ 101.697823950800114, 12.718812137012382 ], [ 101.698007971628257, 12.7188102627186 ], [ 101.698008926263483, 12.718900590969694 ], [ 101.698192947127168, 12.718898716534694 ], [ 101.698194856549492, 12.719079373007347 ], [ 101.698378877513633, 12.719077498417381 ], [ 101.698377922733897, 12.718987170195136 ], [ 101.698745964444228, 12.718983420660251 ], [ 101.69874500954198, 12.718893092464816 ], [ 101.698837019918756, 12.718892155008293 ], [ 101.698836064991397, 12.718801826819046 ], [ 101.699848178293891, 12.718791512769499 ], [ 101.699847223016818, 12.718701184655185 ], [ 101.699939233240499, 12.718700246829973 ], [ 101.699937322643493, 12.718519590613047 ], [ 101.700121342938971, 12.718517714894524 ], [ 101.70012038758658, 12.718427386798785 ], [ 101.700212397690834, 12.718426448898599 ], [ 101.700211442313332, 12.718336120809052 ], [ 101.700303452377796, 12.718335182883875 ], [ 101.700304407787755, 12.718425510966542 ], [ 101.700396417877329, 12.71842457300262 ], [ 101.700395462434898, 12.718334244926828 ], [ 101.700579482527061, 12.718332368917128 ], [ 101.700580438034407, 12.718422696979168 ], [ 101.700764458162084, 12.718420820828241 ], [ 101.700763502589822, 12.718330492779961 ], [ 101.700947522623181, 12.718328616515318 ], [ 101.700946566993366, 12.718238288480105 ], [ 101.701038576966567, 12.718237350306861 ], [ 101.701037621311642, 12.718147022277842 ], [ 101.701129631245024, 12.718146084079608 ], [ 101.701130586932408, 12.718236412101747 ], [ 101.701314606842047, 12.718234535595919 ], [ 101.701312695344811, 12.718053879578472 ], [ 101.70140470522368, 12.718052941291512 ], [ 101.701403749453632, 12.717962613288641 ], [ 101.701587769124401, 12.717960736632886 ], [ 101.70158585747653, 12.717780080652608 ], [ 101.701677867235972, 12.717779142290688 ], [ 101.701678823088685, 12.717869470274289 ], [ 101.701770832873237, 12.717868531873627 ], [ 101.701768921110244, 12.717687875919498 ], [ 101.701860930822534, 12.717686937500728 ], [ 101.701859019024042, 12.717506281557624 ], [ 101.70195102866407, 12.717505343120745 ], [ 101.701950072743386, 12.717415015155046 ], [ 101.702042082343596, 12.717414076693188 ], [ 101.70204112639783, 12.717323748733682 ], [ 101.702225145511264, 12.717321871728126 ], [ 101.702224189507945, 12.717231543781704 ], [ 101.702316199021183, 12.71723060523801 ], [ 101.702315242992753, 12.717140277297782 ], [ 101.702591271390986, 12.717137461496163 ], [ 101.702589359161465, 12.71695680565494 ], [ 101.702865387298758, 12.716953989607834 ], [ 101.702864431097666, 12.716863661706844 ], [ 101.702956440429602, 12.716862722967628 ], [ 101.702955484203414, 12.716772395072841 ], [ 101.703231512057727, 12.716769578684664 ], [ 101.703230555741527, 12.716679250809841 ], [ 101.703506583432272, 12.716676434155545 ], [ 101.703505627026075, 12.716586106300689 ], [ 101.703781654553225, 12.716583289380276 ], [ 101.703780698057045, 12.716492961545397 ], [ 101.703872707185582, 12.716492022515085 ], [ 101.703871750664291, 12.7164016946864 ], [ 101.704055768834408, 12.716399816543957 ], [ 101.704052899120001, 12.716128833095118 ], [ 101.703776872145838, 12.716131650199014 ], [ 101.703775915686435, 12.716041322360706 ], [ 101.703591897731783, 12.716043200256884 ], [ 101.703590941344643, 12.715952872404118 ], [ 101.70349893238874, 12.715953811297529 ], [ 101.703497976041405, 12.715863483437198 ], [ 101.703589984964864, 12.715862544550671 ], [ 101.703589028592432, 12.715772216696537 ], [ 101.703681037476088, 12.715771277785034 ], [ 101.703680081078573, 12.715680949937097 ], [ 101.703496063368803, 12.715682827714476 ], [ 101.70349223811192, 12.715321516260808 ], [ 101.703400229375802, 12.715322455074165 ], [ 101.70339927311241, 12.715232127202151 ], [ 101.703491281816085, 12.715231188395679 ], [ 101.703490325527611, 12.715140860529864 ], [ 101.703122290798589, 12.715144615537056 ], [ 101.703121334647264, 12.715054287643021 ], [ 101.703213343308107, 12.715053348945897 ], [ 101.7032123871317, 12.714963021058056 ], [ 101.703304395752738, 12.714962082335958 ], [ 101.703302483357092, 12.714781426571996 ], [ 101.703394491905883, 12.714780487831806 ], [ 101.703388754700811, 12.714238520564788 ], [ 101.703480763047565, 12.714237581834048 ], [ 101.703471201303245, 12.713334303069738 ], [ 101.703379193280952, 12.713335241731631 ], [ 101.703378237179422, 12.713244913844548 ], [ 101.703470245169285, 12.713243975189538 ], [ 101.703466420706974, 12.712882663661899 ], [ 101.703374412846912, 12.712883602289368 ], [ 101.703373456782174, 12.712793274398859 ], [ 101.70328144894718, 12.712794212987591 ], [ 101.703280492922246, 12.712703885089514 ], [ 101.703372500724782, 12.712702946507665 ], [ 101.703371544674766, 12.712612618615793 ], [ 101.703279536904645, 12.712613557190757 ], [ 101.703277624891555, 12.712432901391175 ], [ 101.70336963259679, 12.712431962829983 ], [ 101.703365808529114, 12.71207065125015 ], [ 101.703273800953653, 12.712071589783807 ], [ 101.703268065267494, 12.711529622352201 ], [ 101.703176057879318, 12.711530560812701 ], [ 101.703171278505337, 12.711078921233113 ], [ 101.703079271272003, 12.711079859627342 ], [ 101.703069713400126, 12.710176580347971 ], [ 101.703161720309112, 12.710175642022579 ], [ 101.70315980875813, 12.709994986172259 ], [ 101.703067801914031, 12.709995924483881 ], [ 101.703041044197974, 12.707466742099042 ], [ 101.702949038254587, 12.707467680186081 ], [ 101.702946171795759, 12.707196696306651 ], [ 101.703038177641872, 12.707195758240262 ], [ 101.703027667502482, 12.706202150705357 ], [ 101.702935662013061, 12.706203088696025 ], [ 101.702934706622386, 12.706112760727317 ], [ 101.703026712079406, 12.70611182274353 ], [ 101.703025756663678, 12.706021494781019 ], [ 101.702933751239101, 12.706022432757923 ], [ 101.702929929779415, 12.705661120873499 ], [ 101.703021935074304, 12.705660182924133 ], [ 101.703018113602624, 12.705298871056293 ], [ 101.702926108437424, 12.705299808978127 ], [ 101.70291560035372, 12.704306201209388 ], [ 101.702823595537794, 12.704307139023674 ], [ 101.702816909265707, 12.703674843079542 ], [ 101.702724904669353, 12.703675780813819 ], [ 101.702722994436925, 12.703495124809855 ], [ 101.702630989898054, 12.703496062498537 ], [ 101.702629079759873, 12.703315406478071 ], [ 101.702721084233914, 12.703314468803153 ], [ 101.702720129143444, 12.703224140798776 ], [ 101.702628124701818, 12.70322507846681 ], [ 101.702623349521843, 12.702773438400248 ], [ 101.702715353801395, 12.702772500766624 ], [ 101.702712488684412, 12.702501516739126 ], [ 101.702620484502106, 12.7025024543521 ], [ 101.702616664578727, 12.70214114227832 ], [ 101.702524660518719, 12.702142079831939 ], [ 101.702522750665992, 12.701961423777178 ], [ 101.70261475466117, 12.701960486237322 ], [ 101.702612844773029, 12.701779830193589 ], [ 101.702520840842666, 12.701780767719679 ], [ 101.70251606641304, 12.701329127563961 ], [ 101.702608070181341, 12.701328190072287 ], [ 101.702606160396144, 12.701147534018974 ], [ 101.700214061716423, 12.701171898102052 ], [ 101.70021501576268, 12.701262226307911 ], [ 101.700399023594642, 12.701260352897691 ], [ 101.700399977713047, 12.701350681089114 ], [ 101.700491981650416, 12.70134974432939 ], [ 101.700494844146988, 12.70162072887892 ], [ 101.700402840112389, 12.701621665659275 ], [ 101.700404748415352, 12.701802322035959 ], [ 101.700312744308562, 12.701803258798243 ], [ 101.700315606720878, 12.702074243378775 ], [ 101.700407610924884, 12.70207330659586 ], [ 101.700409519301317, 12.70225396296571 ], [ 101.700501523562821, 12.702253026137214 ], [ 101.700505340533525, 12.70261433884119 ], [ 101.700597344917313, 12.702613401953361 ], [ 101.7006021164581, 12.70306504278355 ], [ 101.700694120996644, 12.703064105829508 ], [ 101.700695075359263, 12.703154433986615 ], [ 101.700603070788304, 12.703155370947535 ], [ 101.700608796923831, 12.703697339917076 ], [ 101.70070080168928, 12.703696402914893 ], [ 101.700701756103342, 12.703786731067208 ], [ 101.700793760893859, 12.703785794026318 ], [ 101.700795669808855, 12.703966450315145 ], [ 101.700703664953508, 12.70396738736979 ], [ 101.700707482742033, 12.704328699966746 ], [ 101.700799487727039, 12.704327762884589 ], [ 101.700803305762818, 12.704689075443079 ], [ 101.70089531087018, 12.704688138301581 ], [ 101.700902947553843, 12.705410763330697 ], [ 101.700994952913206, 12.705409826102338 ], [ 101.700996862222482, 12.705590482339016 ], [ 101.701088867639356, 12.705589545065065 ], [ 101.701093641203229, 12.706041185610395 ], [ 101.70118564677486, 12.706040248270213 ], [ 101.701187556316711, 12.7062209044698 ], [ 101.701279561945853, 12.706219967084026 ], [ 101.701284336091234, 12.706671607536611 ], [ 101.701376341875132, 12.706670670084604 ], [ 101.701377296758693, 12.706760998166189 ], [ 101.701469302567673, 12.706760060675466 ], [ 101.701475032217928, 12.707302029109323 ], [ 101.701567038214122, 12.707301091545483 ], [ 101.701568948221194, 12.707481747670869 ], [ 101.701476942160156, 12.707482685248465 ], [ 101.701478852131785, 12.707663341384873 ], [ 101.701570858257696, 12.707662403793513 ], [ 101.701571813286961, 12.707752731853811 ], [ 101.701479807128635, 12.707753669452048 ], [ 101.701481717144375, 12.707934325584347 ], [ 101.70138971091383, 12.707935263164506 ], [ 101.701390665900306, 12.708025591236506 ], [ 101.701298659629984, 12.708026528791702 ], [ 101.701299614591363, 12.708116856869898 ], [ 101.701207608281265, 12.708117794400129 ], [ 101.701213338009381, 12.708659762896213 ], [ 101.701121331497347, 12.708660700435875 ], [ 101.701127061295495, 12.709202668948583 ], [ 101.701035054581524, 12.709203606497674 ], [ 101.70103791948253, 12.709474590765424 ], [ 101.701129926293817, 12.709473653195699 ], [ 101.701138521685664, 12.710286605900068 ], [ 101.701046514582472, 12.710287543531706 ], [ 101.701049379748085, 12.710558527774809 ], [ 101.701141386948592, 12.710557590122535 ], [ 101.701145207402064, 12.710918902409572 ], [ 101.701329222040499, 12.71091702695445 ], [ 101.701328266851235, 12.710826698897478 ], [ 101.701420274126988, 12.710825761129021 ], [ 101.701425050309027, 12.71127740137265 ], [ 101.701333042871099, 12.711278339175502 ], [ 101.701333998097112, 12.711368667229054 ], [ 101.701426005567498, 12.711367729419322 ], [ 101.701427916106482, 12.711548385510611 ], [ 101.701335908571224, 12.711549323334102 ], [ 101.701336863819307, 12.711639651385596 ], [ 101.701428871387009, 12.711638713555226 ], [ 101.701434603224499, 12.712180681808555 ], [ 101.701526610979485, 12.712179743905056 ], [ 101.701530432481292, 12.712541056032723 ], [ 101.70162244035869, 12.712540118069853 ], [ 101.701625306659565, 12.712811102137779 ], [ 101.701717314626933, 12.712810164122411 ], [ 101.701722092104305, 12.713261804187519 ], [ 101.701814100226542, 12.713260866105898 ], [ 101.701820789230794, 12.713893162120124 ], [ 101.701912797572803, 12.713892223958485 ], [ 101.701915664496539, 12.714163207933668 ], [ 101.702007672928517, 12.714162269719527 ], [ 101.702009584312663, 12.714342925685793 ], [ 101.70210159280218, 12.714341987426032 ], [ 101.702103504280657, 12.714522643375801 ], [ 101.702011495726239, 12.714523581649322 ], [ 101.702016274388825, 12.714975221546162 ], [ 101.702108283105488, 12.714974283238229 ], [ 101.702112106297719, 12.715335595115848 ], [ 101.702020097451268, 12.7153365334513 ], [ 101.702026788093647, 12.715968829258928 ], [ 101.701934779012689, 12.715969767610691 ], [ 101.701935734815706, 12.71606009558735 ], [ 101.701843725694943, 12.716061033914132 ], [ 101.701844681472863, 12.716151361896983 ], [ 101.701752672312296, 12.716152300198786 ], [ 101.701753628065106, 12.716242628187837 ], [ 101.701661618864733, 12.716243566464653 ], [ 101.701662574592461, 12.7163338944599 ], [ 101.701478556104746, 12.716335770931707 ], [ 101.70147951177492, 12.71642609894003 ], [ 101.701387502487592, 12.716427037135018 ], [ 101.701388458132641, 12.716517365149533 ], [ 101.701296448805508, 12.716518303319539 ], [ 101.701297404425475, 12.71660863134025 ], [ 101.701113385684238, 12.716610507598428 ], [ 101.701114341246651, 12.716700835632215 ], [ 101.701022331832547, 12.716701773720386 ], [ 101.70102328736985, 12.716792101760364 ], [ 101.700839268454686, 12.716793977854872 ], [ 101.700840223934449, 12.716884305907923 ], [ 101.700748214433375, 12.716885243914261 ], [ 101.700749169888041, 12.716975571973505 ], [ 101.700565150798951, 12.716977447904343 ], [ 101.70056610619605, 12.717067775976654 ], [ 101.700382087012656, 12.717069651793787 ], [ 101.700383042352186, 12.717159979879172 ], [ 101.700199023074504, 12.717161855582599 ], [ 101.700199978356466, 12.717252183681047 ], [ 101.700015958984466, 12.717254059270765 ], [ 101.700016914208874, 12.717344387382287 ], [ 101.699648875246879, 12.717348138206841 ], [ 101.699649830348804, 12.717438466345181 ], [ 101.698729732104965, 12.717447841244706 ], [ 101.698728777327588, 12.717357513037626 ], [ 101.698544757655597, 12.717359387621396 ], [ 101.698543802950468, 12.717269059399886 ], [ 101.698451793135902, 12.717269996637098 ], [ 101.698450838470578, 12.717179668408034 ], [ 101.698266818884335, 12.717181542773119 ], [ 101.698265864291258, 12.717091214529624 ], [ 101.698173854519581, 12.717092151657496 ], [ 101.698172899966295, 12.717001823406449 ], [ 101.697988880465815, 12.717003697552853 ], [ 101.697987925984791, 12.716913369287376 ], [ 101.697895916255987, 12.71691430630591 ], [ 101.697894961814768, 12.716823978032878 ], [ 101.697802952111076, 12.716824915012676 ], [ 101.697801997709647, 12.716734586732089 ], [ 101.697709988031065, 12.716735523673153 ], [ 101.69770903366944, 12.716645195385011 ], [ 101.697617024015969, 12.716646132287341 ], [ 101.697616069694135, 12.716555803991639 ], [ 101.697524060065774, 12.716556740855236 ], [ 101.697523105783731, 12.716466412551982 ], [ 101.69743109618048, 12.716467349376849 ], [ 101.697430141938227, 12.716377021066041 ], [ 101.697338132360102, 12.716377957852169 ], [ 101.697337178157653, 12.716287629533808 ], [ 101.697245168604638, 12.716288566281206 ], [ 101.697243260286641, 12.716107909628686 ], [ 101.6970592412884, 12.716109783000416 ], [ 101.697058287205323, 12.716019454659394 ], [ 101.69696627772764, 12.716020391290593 ], [ 101.696965323684353, 12.715930062942018 ], [ 101.69687331423178, 12.715930999534491 ], [ 101.696872360228298, 12.715840671178363 ], [ 101.696780350800836, 12.7158416077321 ], [ 101.69677844288077, 12.715660951004052 ], [ 101.696594424133636, 12.715662823988477 ], [ 101.69659347024951, 12.715572495609694 ], [ 101.696501460897395, 12.715573432047245 ], [ 101.696500507053059, 12.715483103660906 ], [ 101.696316488391687, 12.715484976426694 ], [ 101.696315534619615, 12.715394648025933 ], [ 101.696223525310359, 12.71539558435417 ], [ 101.696222571578062, 12.715305255945863 ], [ 101.696130562293945, 12.715306192235369 ], [ 101.696129608601424, 12.715215863819509 ], [ 101.696037599342404, 12.715216800070293 ], [ 101.696036645689688, 12.715126471646883 ], [ 101.695944636455778, 12.715127407858937 ], [ 101.695943682842838, 12.715037079427976 ], [ 101.69575966441792, 12.715038951742773 ], [ 101.695758710877215, 12.714948623297396 ], [ 101.695574692487853, 12.714950495471022 ], [ 101.69557373901938, 12.714860167011233 ], [ 101.695389720665574, 12.714862039043693 ], [ 101.695388767269336, 12.714771710569488 ], [ 101.695204748951085, 12.714773582460781 ], [ 101.69520379562708, 12.714683253972161 ], [ 101.695019777344385, 12.714685125722285 ], [ 101.695018824092614, 12.714594797219256 ], [ 101.694742796710898, 12.714597604584913 ], [ 101.694741843563804, 12.714507276060608 ], [ 101.694465816213437, 12.714510083118949 ], [ 101.694464863171021, 12.714419754573372 ], [ 101.694004817602661, 12.714424432332446 ], [ 101.694003864729822, 12.714334103751883 ], [ 101.693175782536912, 12.714342521649383 ], [ 101.693176735117731, 12.714432850291685 ], [ 101.691612577693206, 12.714448743840547 ], [ 101.691613529729722, 12.714539072598731 ], [ 101.691337501631779, 12.714541876407445 ], [ 101.691338453578282, 12.714632205185502 ], [ 101.690970415882035, 12.714635943178504 ], [ 101.690969464065333, 12.714545614373028 ], [ 101.690877454655393, 12.714546548784776 ], [ 101.690876502878467, 12.71445621997176 ], [ 101.690692484101547, 12.714458088685975 ], [ 101.690694387532943, 12.714638746338728 ], [ 101.690786396989964, 12.714637811983845 ], [ 101.690787348749097, 12.714728140802345 ], [ 101.690695339259619, 12.714729075164078 ], [ 101.690696290993642, 12.714819403988747 ], [ 101.69051227192783, 12.714821272630338 ], [ 101.69051322360427, 12.714911601468023 ], [ 101.690421214027936, 12.714912535747883 ], [ 101.690422165679237, 12.715002864591735 ], [ 101.690330156063126, 12.715003798846585 ], [ 101.690331107689303, 12.715094127696604 ], [ 101.690147088370225, 12.715095996124425 ], [ 101.690148039938833, 12.715186324987465 ], [ 101.690056030235851, 12.715187259160434 ], [ 101.690056981779321, 12.71527758802964 ], [ 101.689964972036591, 12.715278522177599 ], [ 101.689965923554922, 12.715368851052968 ], [ 101.689781903982578, 12.715370719267005 ], [ 101.68978285544334, 12.715461048155394 ], [ 101.689690845613725, 12.715461982221466 ], [ 101.689691797049349, 12.715552311116024 ], [ 101.689415767419263, 12.715555113143624 ], [ 101.689416718764861, 12.715645442058046 ], [ 101.689324708841056, 12.715646376010371 ], [ 101.689325660161529, 12.715736704930954 ], [ 101.689233650197963, 12.715737638858265 ], [ 101.689234601493297, 12.715827967785014 ], [ 101.689142591489954, 12.715828901687308 ], [ 101.689143542760149, 12.715919230620225 ], [ 101.688959522666636, 12.71592109834293 ], [ 101.688960473879234, 12.716011427288853 ], [ 101.688868463789049, 12.716012361109257 ], [ 101.688869414976509, 12.716102690061344 ], [ 101.688777404846562, 12.716103623856736 ], [ 101.688778356008882, 12.716193952814988 ], [ 101.688594335662117, 12.716195820323872 ], [ 101.688595286766855, 12.716286149295131 ], [ 101.688503276550037, 12.716287083008627 ], [ 101.68850422762965, 12.716377411986052 ], [ 101.688320207109143, 12.716379279331138 ], [ 101.68832115813116, 12.716469608321571 ], [ 101.688137137516492, 12.716471475552893 ], [ 101.688138088480926, 12.716561804556333 ], [ 101.687954067772068, 12.716563671673891 ], [ 101.687955018678906, 12.716654000690339 ], [ 101.687586977043608, 12.716657734570452 ], [ 101.687587927827934, 12.716748063613597 ], [ 101.687311896427303, 12.716750863709629 ], [ 101.687312847121589, 12.71684119277262 ], [ 101.686392741652881, 12.716850524423236 ], [ 101.686391791283157, 12.716760195291817 ], [ 101.686299780728518, 12.716761128274772 ], [ 101.686298830398556, 12.716670799135832 ], [ 101.686114809332281, 12.716672664992467 ], [ 101.686116709869694, 12.716853323297038 ], [ 101.686024699260656, 12.71685425619124 ], [ 101.686026599762414, 12.717034914506756 ], [ 101.685658556993587, 12.717038645819629 ], [ 101.685659507125592, 12.717128975003723 ], [ 101.68556749638266, 12.717129907759116 ], [ 101.685568446489526, 12.717220236949363 ], [ 101.685476435706818, 12.717221169679728 ], [ 101.685478335877576, 12.717401828071848 ], [ 101.685386325022634, 12.717402760784024 ], [ 101.685387275086526, 12.717493089985895 ], [ 101.685295264191822, 12.717494022673044 ], [ 101.685297164276591, 12.71767468108842 ], [ 101.685205153309695, 12.717675613757377 ], [ 101.685206103330572, 12.717765942970873 ], [ 101.6851140923239, 12.717766875614803 ], [ 101.685115992322679, 12.717947534053424 ], [ 101.685023981243774, 12.717948466679161 ], [ 101.685025881206869, 12.718129125128723 ], [ 101.684933870055744, 12.718130057736264 ], [ 101.684934820015783, 12.718220386966856 ], [ 101.684842808824897, 12.718221319549368 ], [ 101.684844708702002, 12.718401978022175 ], [ 101.684936719957818, 12.71840104542599 ], [ 101.684937669939785, 12.718491374654528 ], [ 101.685029681220769, 12.718490442019634 ], [ 101.685030631242498, 12.718580771240648 ], [ 101.685122642548635, 12.718579838567045 ], [ 101.68512359261014, 12.718670167780543 ], [ 101.685215603941401, 12.718669235068226 ], [ 101.685216554042682, 12.718759564274199 ], [ 101.685308565399112, 12.718758631523178 ], [ 101.685314266355036, 12.719300606703612 ], [ 101.685222254803833, 12.719301539495666 ], [ 101.685223204956287, 12.719391868696848 ], [ 101.685131193365308, 12.719392801463867 ], [ 101.685132143492595, 12.719483130671202 ], [ 101.685040131861854, 12.719484063413189 ], [ 101.685041081963988, 12.719574392626681 ], [ 101.68494907029347, 12.71957532534363 ], [ 101.684950020370451, 12.719665654563279 ], [ 101.684765996942588, 12.719667519915239 ], [ 101.684766946961943, 12.719757849147872 ], [ 101.684674935204598, 12.719758781782881 ], [ 101.684675885198786, 12.719849111021668 ], [ 101.68458387340165, 12.71985004363164 ], [ 101.684584823370699, 12.719940372876581 ], [ 101.684400799689598, 12.719942238014577 ], [ 101.684401749601022, 12.72003256727251 ], [ 101.684217725825761, 12.720034432296679 ], [ 101.68421867567956, 12.720124761567599 ], [ 101.684126663748515, 12.720125694038709 ], [ 101.684127613577147, 12.720216023315777 ], [ 101.6839435896282, 12.720217888176048 ], [ 101.683944539399207, 12.720308217466107 ], [ 101.683852527381305, 12.720309149855265 ], [ 101.683853477127158, 12.720399479151471 ], [ 101.683669453004526, 12.720401343847831 ], [ 101.683670402692755, 12.720491673157026 ], [ 101.683578390588011, 12.720492605464228 ], [ 101.683579340251072, 12.720582934779575 ], [ 101.683487328106565, 12.720583867061734 ], [ 101.683488277744473, 12.72067419638323 ], [ 101.683396265560191, 12.720675128640346 ], [ 101.683397215172931, 12.720765457967993 ], [ 101.683305202948873, 12.720766390200071 ], [ 101.683306152536446, 12.720856719533863 ], [ 101.6831221280015, 12.720858583916055 ], [ 101.683123077531448, 12.720948913262832 ], [ 101.683031065220561, 12.720949845412946 ], [ 101.683032014725327, 12.721040174765877 ], [ 101.682940002374679, 12.721041106890947 ], [ 101.682940951854292, 12.721131436250021 ], [ 101.682848939463852, 12.721132368350048 ], [ 101.682849888918312, 12.721222697715271 ], [ 101.682757876488097, 12.721223629790252 ], [ 101.682759775353972, 12.721404288532314 ], [ 101.682667762851537, 12.721405220589086 ], [ 101.682668712262952, 12.721495549965919 ], [ 101.682576699720741, 12.721496481997642 ], [ 101.682577649107003, 12.721586811380625 ], [ 101.682485636525016, 12.721587743387303 ], [ 101.68248658588611, 12.721678072776436 ], [ 101.682394573264347, 12.721679004758066 ], [ 101.68239552260026, 12.721769334153343 ], [ 101.682303509938748, 12.721770266109928 ], [ 101.682304459249494, 12.721860595511352 ], [ 101.682212446548206, 12.721861527442886 ], [ 101.682213395833784, 12.721951856850458 ], [ 101.682121383092706, 12.721952788756946 ], [ 101.682122332353117, 12.722043118170665 ], [ 101.681938306784161, 12.722044981901663 ], [ 101.681940205196994, 12.722225640754372 ], [ 101.681664166593976, 12.722228436152749 ], [ 101.681665115713926, 12.722318765598567 ], [ 101.681573102799192, 12.722319697341096 ], [ 101.681574051893975, 12.722410026793058 ], [ 101.681482038939464, 12.722410958510537 ], [ 101.68148298800908, 12.722501287968644 ], [ 101.681298962013202, 12.722503151321614 ], [ 101.681299911025178, 12.722593480792698 ], [ 101.681023871879233, 12.722596275603532 ], [ 101.681024820801085, 12.722686605094411 ], [ 101.680932807705361, 12.722687536641089 ], [ 101.68093375660203, 12.722777866138118 ], [ 101.680749730323768, 12.722779729149483 ], [ 101.680750679162799, 12.722870058659481 ], [ 101.68056665279039, 12.722871921556976 ], [ 101.680565704016303, 12.722781592033321 ], [ 101.680381677679676, 12.722783454789633 ], [ 101.680380728977823, 12.722693125251643 ], [ 101.68028871583104, 12.722694056575151 ], [ 101.680283023968016, 12.722152079291888 ], [ 101.680375036919983, 12.722151148009338 ], [ 101.680371242360664, 12.721789829834117 ], [ 101.680463255175454, 12.721788898546997 ], [ 101.680460409235152, 12.721517909928874 ], [ 101.680552421945237, 12.721516978630355 ], [ 101.680549575973203, 12.721245990026558 ], [ 101.680641588578581, 12.72124505871664 ], [ 101.6806387425748, 12.720974070127165 ], [ 101.680730755075487, 12.720973138805851 ], [ 101.68072221716595, 12.720160173061934 ], [ 101.680630204957453, 12.720161104321809 ], [ 101.680628307789434, 12.719980445246424 ], [ 101.680536295638575, 12.719981376460767 ], [ 101.680533450038624, 12.719710387822085 ], [ 101.680441437977862, 12.719711318984073 ], [ 101.680439541012632, 12.71953065987454 ], [ 101.680347529009524, 12.719531590991004 ], [ 101.680345632138398, 12.719350931865085 ], [ 101.6802536201929, 12.719351862936024 ], [ 101.680252671800758, 12.719261533365211 ], [ 101.680160659880428, 12.719262464397447 ], [ 101.680158763182931, 12.719081805240124 ], [ 101.68006675132024, 12.719082736226834 ], [ 101.680065803014898, 12.718992406640323 ], [ 101.679881779332547, 12.718994268504483 ], [ 101.679880831099425, 12.718903938903633 ], [ 101.679788819279764, 12.718904869781079 ], [ 101.679787871086404, 12.718814540172723 ], [ 101.679695859291925, 12.718815471011473 ], [ 101.679694911138299, 12.718725141395606 ], [ 101.679510887592372, 12.718727002963846 ], [ 101.679509939510965, 12.718636673333643 ], [ 101.679417927759545, 12.718637604063133 ], [ 101.679416979717885, 12.718547274425426 ], [ 101.679140944517201, 12.718550066402194 ], [ 101.679139996580219, 12.718459736743334 ], [ 101.679047984864539, 12.718460667331691 ], [ 101.679047036967319, 12.718370337665322 ], [ 101.678310943239026, 12.718377781170267 ], [ 101.678309995608799, 12.718287451448633 ], [ 101.678033960437773, 12.718290242216664 ], [ 101.678033012912209, 12.718199912473889 ], [ 101.677572954310392, 12.718204563082434 ], [ 101.677573901673654, 12.718294892859305 ], [ 101.677389878116998, 12.718296752893266 ], [ 101.677390825422634, 12.718387082683096 ], [ 101.677206801771902, 12.718388942603216 ], [ 101.6772077490199, 12.718479272405995 ], [ 101.677115737151141, 12.718480202325066 ], [ 101.677116684373971, 12.718570532133981 ], [ 101.676840648626609, 12.718573321720424 ], [ 101.676839701501166, 12.718482991891056 ], [ 101.676655677698065, 12.718484851442359 ], [ 101.676654730644827, 12.718394521598674 ], [ 101.676746742517551, 12.718393591845775 ], [ 101.67674390130415, 12.718122602331063 ], [ 101.67683591307221, 12.718121672566745 ], [ 101.676833071827005, 12.717850683066331 ], [ 101.676741060156317, 12.717851612810199 ], [ 101.676739166094208, 12.717670953126204 ], [ 101.676647154481159, 12.717671882824568 ], [ 101.676643366574154, 12.717310563421105 ], [ 101.676735378057373, 12.717309633750009 ], [ 101.676733484082675, 12.717128974057808 ], [ 101.676825495493674, 12.717128044368478 ], [ 101.676822654488902, 12.716857054845503 ], [ 101.677006677094326, 12.716855195412144 ], [ 101.677003835960363, 12.716584205923919 ], [ 101.676911824758662, 12.716585135636077 ], [ 101.676912771763583, 12.716675465472987 ], [ 101.676820760522133, 12.716676395160098 ], [ 101.676821707501873, 12.71676672500314 ], [ 101.676637684932203, 12.716768584295398 ], [ 101.676638631854317, 12.716858914151393 ], [ 101.6764546091906, 12.716860773329815 ], [ 101.676455556055089, 12.716951103198758 ], [ 101.67627153329731, 12.716952962263345 ], [ 101.676269639705467, 12.716772302497514 ], [ 101.676085617048386, 12.716774161407374 ], [ 101.676084670328294, 12.716683831509798 ], [ 101.67599265902129, 12.716684760910111 ], [ 101.675990765667876, 12.716504101099282 ], [ 101.675898754418498, 12.716505030454099 ], [ 101.675896861159117, 12.716324370626905 ], [ 101.675804849967378, 12.71632529993623 ], [ 101.675803903381052, 12.71623497001479 ], [ 101.67571189221448, 12.716235899285431 ], [ 101.675709999128614, 12.716055239426879 ], [ 101.675525976903444, 12.71605709784531 ], [ 101.675525030436333, 12.71596676790138 ], [ 101.675433019345277, 12.71596769705598 ], [ 101.675432072917914, 12.715877367104556 ], [ 101.675156039698408, 12.715880154356741 ], [ 101.675155093375679, 12.71578982438419 ], [ 101.674971071257858, 12.715791682379368 ], [ 101.674972017515657, 12.715882012365544 ], [ 101.675064028610677, 12.715881083377075 ], [ 101.675064974908224, 12.715971413355756 ], [ 101.675156986028398, 12.71597048432861 ], [ 101.675157932365693, 12.716060814299796 ], [ 101.675249943511048, 12.716059885233973 ], [ 101.675250889888062, 12.71615021519766 ], [ 101.675342901058599, 12.716149286093158 ], [ 101.675343847475347, 12.716239616049346 ], [ 101.675435858671051, 12.716238686906165 ], [ 101.675436805127546, 12.716329016854861 ], [ 101.675528816348432, 12.716328087672998 ], [ 101.675529762844661, 12.716418417614195 ], [ 101.6756217740907, 12.716417488393656 ], [ 101.675622720626677, 12.716507818327354 ], [ 101.675714731897898, 12.716506889068135 ], [ 101.675715678473594, 12.716597218994336 ], [ 101.675807689769997, 12.716596289696438 ], [ 101.675808636385426, 12.716686619615139 ], [ 101.67590064770701, 12.716685690278558 ], [ 101.675904434371418, 12.717047009919273 ], [ 101.676088457252362, 12.71704515109599 ], [ 101.676089404001587, 12.71713548099083 ], [ 101.676273426918314, 12.717133622026447 ], [ 101.676274373739744, 12.71722395190697 ], [ 101.676458396692254, 12.717222092801485 ], [ 101.676461237394975, 12.717493082398059 ], [ 101.676553248957674, 12.717492152777066 ], [ 101.676558930754553, 12.718034131910853 ], [ 101.676466918997079, 12.718035061572744 ], [ 101.676467865956269, 12.7181253914328 ], [ 101.676375854159062, 12.718126321069638 ], [ 101.676374907232344, 12.718035991202768 ], [ 101.676098871894425, 12.718038779901617 ], [ 101.676096031450101, 12.717767790235559 ], [ 101.676004019753591, 12.717768719717657 ], [ 101.67600307298585, 12.71767838982079 ], [ 101.675911061314537, 12.717679319264199 ], [ 101.675909167865797, 12.717498659454781 ], [ 101.676001179472195, 12.717497730024999 ], [ 101.676000232726295, 12.71740740012608 ], [ 101.675908221152355, 12.71740832954905 ], [ 101.675906327747327, 12.717227669735527 ], [ 101.675722304707406, 12.717229528458597 ], [ 101.675723251341367, 12.717319858379328 ], [ 101.675079170245112, 12.717326362953937 ], [ 101.675078223838355, 12.717236032985513 ], [ 101.674802189070959, 12.717238820161885 ], [ 101.674803135380358, 12.717329150150746 ], [ 101.674619112100785, 12.717331008122615 ], [ 101.674618165856316, 12.717240678120126 ], [ 101.673974084375729, 12.71724717997013 ], [ 101.673973138365739, 12.717156849919284 ], [ 101.673697103433696, 12.717159635927979 ], [ 101.673696157528369, 12.71706930585602 ], [ 101.673512134268861, 12.717071163022192 ], [ 101.673511188435711, 12.716980832935933 ], [ 101.673327165212029, 12.716982689961014 ], [ 101.673326219451084, 12.716892359860454 ], [ 101.673234207860773, 12.716893288318388 ], [ 101.673233262139561, 12.716802958210335 ], [ 101.673141250574432, 12.716803886629592 ], [ 101.673140304892939, 12.716713556514046 ], [ 101.673048293353006, 12.716714484894629 ], [ 101.673047347711233, 12.716624154771591 ], [ 101.672955336196495, 12.716625083113499 ], [ 101.672954390594455, 12.716534752982971 ], [ 101.672770367608024, 12.716536609557577 ], [ 101.67276942207819, 12.71644627941275 ], [ 101.672493387641353, 12.716449064015238 ], [ 101.672492442216154, 12.716358733849312 ], [ 101.67221640781122, 12.716361518144586 ], [ 101.672215462490669, 12.716271187957556 ], [ 101.671939428117653, 12.71627397194562 ], [ 101.671938482901737, 12.716183641737494 ], [ 101.671662448560625, 12.716186425418357 ], [ 101.671661503449357, 12.71609609518913 ], [ 101.671385469140162, 12.716098878562789 ], [ 101.671384524133529, 12.716008548312466 ], [ 101.670464409621601, 12.716017824085394 ], [ 101.670465354303701, 12.71610815440374 ], [ 101.670281331249171, 12.716110009189546 ], [ 101.670282275873632, 12.716200339520805 ], [ 101.67009825272514, 12.71620219419275 ], [ 101.670099197291947, 12.716292524536929 ], [ 101.66982316241733, 12.716295306326247 ], [ 101.66982410689404, 12.716385636690145 ], [ 101.669732095222187, 12.71638656389632 ], [ 101.669733039673702, 12.71647689426633 ], [ 101.669641027962115, 12.716477821447439 ], [ 101.669641972388462, 12.716568151823564 ], [ 101.669549960637156, 12.7165690789796 ], [ 101.669551849446691, 12.716749739743401 ], [ 101.669459837623208, 12.716750666881174 ], [ 101.669460782006425, 12.716840997268848 ], [ 101.669276758272744, 12.716842851462385 ], [ 101.669277702598322, 12.71693318186297 ], [ 101.669369714501258, 12.716932254775339 ], [ 101.669372547618906, 12.717203245952607 ], [ 101.669280535618597, 12.717204173060633 ], [ 101.669286201855343, 12.717746155437506 ], [ 101.669194189653012, 12.717747082554451 ], [ 101.669195134018779, 12.717837412955005 ], [ 101.669103121776729, 12.71783834004688 ], [ 101.669104066117285, 12.717928670453544 ], [ 101.668920041546485, 12.717930524555275 ], [ 101.668921930119552, 12.718111185393749 ], [ 101.668737905389861, 12.718113039395188 ], [ 101.668738849622358, 12.718203369826995 ], [ 101.668646837214155, 12.718204296786704 ], [ 101.668645893014101, 12.718113966348101 ], [ 101.668553880631094, 12.718114893269146 ], [ 101.668552936470761, 12.718024562823063 ], [ 101.668368911747876, 12.71802641655594 ], [ 101.668367967659734, 12.717936086095586 ], [ 101.668275955319857, 12.717937012907424 ], [ 101.668274067230271, 12.717756351971072 ], [ 101.668182054948062, 12.71775727873745 ], [ 101.66818111094662, 12.717666948261449 ], [ 101.668089098689606, 12.717667874989164 ], [ 101.668088154727883, 12.717577544505687 ], [ 101.668180166952453, 12.717576617784772 ], [ 101.668179222965549, 12.717486287307407 ], [ 101.668087210773436, 12.71748721402153 ], [ 101.668083435028251, 12.717125892078057 ], [ 101.668175447090519, 12.717124965391116 ], [ 101.668172615260502, 12.716853973946726 ], [ 101.668080603295607, 12.716854900613281 ], [ 101.668081547199222, 12.716945231102223 ], [ 101.667897523182745, 12.71694708435332 ], [ 101.667894691688403, 12.716676092843676 ], [ 101.667802679766638, 12.71667701940104 ], [ 101.667801735982181, 12.716586688889663 ], [ 101.667709724085597, 12.716587615408365 ], [ 101.66770783660337, 12.716406954369974 ], [ 101.667615824764454, 12.716407880843223 ], [ 101.667614881066683, 12.716317550316207 ], [ 101.667522869252963, 12.716318476750795 ], [ 101.667520981944108, 12.71613781568113 ], [ 101.667612993692927, 12.716136889260133 ], [ 101.667613937376174, 12.716227219788513 ], [ 101.667705949150175, 12.716226293328852 ], [ 101.667704061726027, 12.716045632284995 ], [ 101.667428026576957, 12.716048411527613 ], [ 101.667427082973148, 12.715958080984278 ], [ 101.667243059569046, 12.715959933639773 ], [ 101.6672421160374, 12.715869603082174 ], [ 101.667150104356921, 12.715870529355332 ], [ 101.667149160864966, 12.715780198790254 ], [ 101.666965137547137, 12.715782051227391 ], [ 101.666964194127374, 12.71569172064804 ], [ 101.666872182490025, 12.715692646812018 ], [ 101.666870295737169, 12.715511985637692 ], [ 101.666778284157473, 12.715512911756218 ], [ 101.666777340824382, 12.715422581161242 ], [ 101.66659331770812, 12.715424433289126 ], [ 101.666589544707975, 12.715063110848041 ], [ 101.66668155613992, 12.715062184827195 ], [ 101.666679669618503, 12.714881523616135 ], [ 101.666771680978286, 12.714880597577007 ], [ 101.666761305272388, 12.71388696094205 ], [ 101.666669294269553, 12.713887886906468 ], [ 101.666666464781329, 12.713616895062215 ], [ 101.666574453868606, 12.713617820974401 ], [ 101.666572567644295, 12.713437159727901 ], [ 101.666664578492146, 12.713436233829299 ], [ 101.666663635358447, 12.713345903211815 ], [ 101.666755646166578, 12.713344977288147 ], [ 101.666750930444664, 12.71289332422444 ], [ 101.666658919798763, 12.712894250114154 ], [ 101.666657976708592, 12.712803919492572 ], [ 101.666565966087873, 12.712804845343635 ], [ 101.666565023037421, 12.71271451471458 ], [ 101.666288991229081, 12.712717292056253 ], [ 101.666290877142586, 12.712897953354428 ], [ 101.666198866460391, 12.712898879084849 ], [ 101.666199809395579, 12.712989209739703 ], [ 101.666291820110217, 12.712988284002488 ], [ 101.66629370606725, 12.713168945296564 ], [ 101.666017673706904, 12.713171722453371 ], [ 101.666018616598961, 12.713262053119754 ], [ 101.665926605765208, 12.713262978781765 ], [ 101.665925662905607, 12.713172648108594 ], [ 101.665649630458176, 12.713175424883103 ], [ 101.665650573220461, 12.713265755576643 ], [ 101.665466551487668, 12.713267606613936 ], [ 101.665467494192299, 12.713357937320367 ], [ 101.665191461441381, 12.713360713657728 ], [ 101.665192404055915, 12.713451044383849 ], [ 101.664640338163551, 12.713456596239102 ], [ 101.664641280590644, 12.713546927005256 ], [ 101.664549269550761, 12.713547852209743 ], [ 101.664550211952658, 12.713638182981997 ], [ 101.664182167590781, 12.713641883508499 ], [ 101.664183109870137, 12.713732214307216 ], [ 101.663999087580791, 12.713734064392881 ], [ 101.664000029802509, 12.713824395204481 ], [ 101.663263940095547, 12.713831794326996 ], [ 101.663264882064908, 12.713922125192182 ], [ 101.663172870786468, 12.71392304994591 ], [ 101.663173812730633, 12.7140133808172 ], [ 101.662345710606502, 12.714021702228038 ], [ 101.662346652265867, 12.71411203315968 ], [ 101.66197860655916, 12.714115730763233 ], [ 101.661979548095971, 12.714206061721308 ], [ 101.661427479123859, 12.71421160721148 ], [ 101.661426537781765, 12.714121276212728 ], [ 101.661334526293516, 12.714122200342796 ], [ 101.661332643695928, 12.713941538329696 ], [ 101.661240632265347, 12.713942462414346 ], [ 101.661237808520653, 12.713671469369242 ], [ 101.661145797180168, 12.7136723934017 ], [ 101.661144855978876, 12.713582062378519 ], [ 101.661052844663601, 12.713582986372343 ], [ 101.661051903501985, 12.713492655341707 ], [ 101.660959892211906, 12.713493579296891 ], [ 101.660958951090009, 12.713403248258793 ], [ 101.660866939825127, 12.713404172175339 ], [ 101.660865998742906, 12.71331384112978 ], [ 101.660773987503248, 12.713314765007691 ], [ 101.660772105425423, 12.713134102900977 ], [ 101.660588083054165, 12.713135950534118 ], [ 101.660587142091018, 12.713045619466186 ], [ 101.660495130926975, 12.71304654322819 ], [ 101.660497012795631, 12.71322720537693 ], [ 101.66058902402456, 12.713226281601369 ], [ 101.660589965002202, 12.713316612667942 ], [ 101.660681976256342, 12.713315688853745 ], [ 101.660683858298228, 12.713496350971287 ], [ 101.660775869610035, 12.713495427111679 ], [ 101.660781516104208, 12.714037413407247 ], [ 101.660873527603457, 12.714036489475125 ], [ 101.660876351045644, 12.714307482593364 ], [ 101.660692327845197, 12.71430933046641 ], [ 101.660693268942168, 12.714399661518007 ], [ 101.660233210652052, 12.714404280676918 ], [ 101.660232269717326, 12.714313949591443 ], [ 101.66014025807003, 12.714314873320864 ], [ 101.660139317175009, 12.71422454222793 ], [ 101.660047305552922, 12.714225465918714 ], [ 101.660046364697578, 12.714135134818321 ], [ 101.659770329885248, 12.714137905679181 ], [ 101.659769389134496, 12.71404757455778 ], [ 101.659585365954982, 12.7140494216255 ], [ 101.659587247333903, 12.71423008389471 ], [ 101.659679258992185, 12.714229160363235 ], [ 101.659682081212239, 12.714500153741607 ], [ 101.659774092960632, 12.714499230157946 ], [ 101.659781619458869, 12.71522187908271 ], [ 101.659689607450844, 12.715222802720561 ], [ 101.659694311585241, 12.715674458310218 ], [ 101.659602299407709, 12.715675381950069 ], [ 101.659604181047229, 12.715856044194704 ], [ 101.659512168797562, 12.715856967816237 ], [ 101.659516872860749, 12.716308623449731 ], [ 101.659424860441547, 12.716309547073264 ], [ 101.659425801243458, 12.716399878204687 ], [ 101.659241776318439, 12.716401725369698 ], [ 101.659242717062654, 12.716492056513985 ], [ 101.659150704556822, 12.716492980055465 ], [ 101.659151645275827, 12.716583311205838 ], [ 101.658875607617574, 12.716586081659381 ], [ 101.658877488882538, 12.716766743998718 ], [ 101.658785476250401, 12.716767667433041 ], [ 101.658786416861275, 12.716857998608456 ], [ 101.658694404189433, 12.716858922017678 ], [ 101.658696285367981, 12.717039584380004 ], [ 101.65860427262399, 12.717040507770903 ], [ 101.658605213191663, 12.717130838957809 ], [ 101.658421187617051, 12.717132685657541 ], [ 101.658422128127043, 12.717223016857307 ], [ 101.658330115296422, 12.717223940166141 ], [ 101.65833105578119, 12.717314271371997 ], [ 101.658239042910878, 12.717315194655731 ], [ 101.658239983370422, 12.717405525867672 ], [ 101.658147970460419, 12.717406449126303 ], [ 101.658148910894738, 12.717496780344334 ], [ 101.657412807094573, 12.717504165320221 ], [ 101.657413747276436, 12.717594496591722 ], [ 101.657229721189154, 12.717596342530525 ], [ 101.657230661313321, 12.717686673814876 ], [ 101.656954622030767, 12.717689442504353 ], [ 101.656953682003973, 12.717599111199702 ], [ 101.656769655844371, 12.717600956819798 ], [ 101.656770595806236, 12.717691288137985 ], [ 101.656678582683114, 12.717692210906995 ], [ 101.656677642753706, 12.717601879582043 ], [ 101.656309590318799, 12.717605570312303 ], [ 101.656308650526469, 12.717515238959605 ], [ 101.656124624330545, 12.717517084119983 ], [ 101.65612368461035, 12.717426752753074 ], [ 101.656031671534009, 12.717427675278691 ], [ 101.656030731853505, 12.717337343904333 ], [ 101.655570666525676, 12.717341956020549 ], [ 101.655568787510973, 12.71716129320215 ], [ 101.655476774488633, 12.717162215516257 ], [ 101.655473016675771, 12.71680088984421 ], [ 101.655565029568265, 12.71679996755716 ], [ 101.655563150640276, 12.716619304730568 ], [ 101.655655163460636, 12.716618382425171 ], [ 101.655652345025487, 12.716347388200452 ], [ 101.655744357741241, 12.716346465883481 ], [ 101.655743418244867, 12.71625613448064 ], [ 101.655835430920931, 12.716255212138561 ], [ 101.655834491399318, 12.7161648807418 ], [ 101.655926504035691, 12.716163958374619 ], [ 101.655925564488854, 12.716073626983944 ], [ 101.656017577085549, 12.716072704591658 ], [ 101.656015697948646, 12.715892041821785 ], [ 101.655923685416866, 12.71589296420054 ], [ 101.655922745891701, 12.715802632807812 ], [ 101.656014758391038, 12.715801710435823 ], [ 101.656011939761584, 12.715530716273843 ], [ 101.655735902534005, 12.715533483233337 ], [ 101.655734023678576, 12.715352820414687 ], [ 101.655365974200279, 12.715356509193795 ], [ 101.655367852796076, 12.715537172066549 ], [ 101.655459865241397, 12.715536249906046 ], [ 101.655460804582589, 12.715626581334636 ], [ 101.655368792104809, 12.715627503501903 ], [ 101.655371610074383, 12.71589849780387 ], [ 101.655463622649535, 12.715897575616316 ], [ 101.655464562019631, 12.715987907042177 ], [ 101.655372549412021, 12.715988829236496 ], [ 101.655375367468324, 12.716259823530274 ], [ 101.655283354756122, 12.716260745713013 ], [ 101.655284294090208, 12.716351077149669 ], [ 101.655100268579218, 12.716352921433074 ], [ 101.655101207855623, 12.716443252882568 ], [ 101.65500919505682, 12.716444174983231 ], [ 101.655010134308, 12.71653450643881 ], [ 101.654826108623823, 12.716536350558053 ], [ 101.654827047817307, 12.716626682026476 ], [ 101.654735034931917, 12.716627604045053 ], [ 101.654735974100163, 12.716717935519549 ], [ 101.654551948242798, 12.716719779474627 ], [ 101.654552887353361, 12.716810110961966 ], [ 101.654460874381371, 12.716811032898461 ], [ 101.654463691659032, 12.717082027376655 ], [ 101.654555704728381, 12.717081105419878 ], [ 101.654556643867849, 12.717171436904483 ], [ 101.654832683129968, 12.717168670822648 ], [ 101.654833622374014, 12.717259002286289 ], [ 101.654925635479401, 12.717258080188509 ], [ 101.654924696202883, 12.717167748731631 ], [ 101.655016709268565, 12.717166826608743 ], [ 101.655017648577555, 12.717257158058858 ], [ 101.65510966166849, 12.71725623589734 ], [ 101.655110601017157, 12.717346567340012 ], [ 101.655294627242242, 12.717344722907839 ], [ 101.655295566663057, 12.717435054336303 ], [ 101.655387579797235, 12.71743413206565 ], [ 101.655388519257727, 12.717524463486667 ], [ 101.65548053241713, 12.717523541177378 ], [ 101.655481471917327, 12.717613872590952 ], [ 101.655757511449551, 12.717611105451574 ], [ 101.655758451054353, 12.717701436844175 ], [ 101.655850464249752, 12.717700514393877 ], [ 101.65585140389426, 12.71779084577903 ], [ 101.656127443534487, 12.717788078216616 ], [ 101.656128383283587, 12.717878409580797 ], [ 101.65622039651501, 12.717877486989483 ], [ 101.656221336303801, 12.717967818346214 ], [ 101.656773415735245, 12.717962282088447 ], [ 101.656774355726043, 12.718052613403898 ], [ 101.656866368971762, 12.718051690575951 ], [ 101.656867309002251, 12.718142021883958 ], [ 101.657327375284737, 12.718137407232318 ], [ 101.657328315484762, 12.718227738505805 ], [ 101.657604355264837, 12.71822496931205 ], [ 101.657605295569482, 12.71831530056455 ], [ 101.657329255692034, 12.71831806977861 ], [ 101.657332076357221, 12.718589063592924 ], [ 101.65724006295288, 12.718589986620836 ], [ 101.657246644530886, 12.719222305544378 ], [ 101.657338658162473, 12.719221382469092 ], [ 101.657339598449298, 12.719311713734385 ], [ 101.657707653033199, 12.719308021087425 ], [ 101.657706712616502, 12.719217689849209 ], [ 101.65844282117736, 12.719210303079446 ], [ 101.658440939846244, 12.719029640709273 ], [ 101.658532953318868, 12.719028717233156 ], [ 101.65853201263171, 12.718938386053818 ], [ 101.658439999191557, 12.71893930952316 ], [ 101.658437177270883, 12.718668315960731 ], [ 101.65834516392087, 12.718669239377888 ], [ 101.658344223327589, 12.718578908182277 ], [ 101.658252210002814, 12.718579831560794 ], [ 101.658251269449224, 12.718489500357725 ], [ 101.65806724284289, 12.7184913470056 ], [ 101.658065361887253, 12.718310684570339 ], [ 101.65797334863818, 12.718311607832927 ], [ 101.657972408203676, 12.718221276607501 ], [ 101.658156434629689, 12.718219430063993 ], [ 101.658155494137489, 12.718129098851424 ], [ 101.658247507307195, 12.718128175538631 ], [ 101.658246566789771, 12.718037844332152 ], [ 101.658338579919757, 12.71803692099426 ], [ 101.658337639377123, 12.717946589793868 ], [ 101.658521665550481, 12.717944743036007 ], [ 101.658520724950151, 12.717854411848471 ], [ 101.658612737993508, 12.717853488428505 ], [ 101.658611797367968, 12.717763157247056 ], [ 101.658795823368052, 12.71776131032505 ], [ 101.658793942008813, 12.717580647987194 ], [ 101.659069980759938, 12.717577877405787 ], [ 101.659069039993781, 12.717487546256146 ], [ 101.65916105286388, 12.717486622672041 ], [ 101.65915917128838, 12.717305960384266 ], [ 101.659251184086315, 12.717305036781834 ], [ 101.659250243276958, 12.717214705643693 ], [ 101.659342256035202, 12.717213782016167 ], [ 101.659341315200635, 12.717123450884115 ], [ 101.659433327919174, 12.717122527231492 ], [ 101.659432387059383, 12.71703219610553 ], [ 101.659524399738245, 12.717031272427812 ], [ 101.659523458853215, 12.716940941307943 ], [ 101.659615471492373, 12.716940017605125 ], [ 101.659614530582147, 12.716849686491345 ], [ 101.659706543181599, 12.716848762763437 ], [ 101.659705602246135, 12.716758431655748 ], [ 101.659797614805896, 12.716757507902743 ], [ 101.659796673845221, 12.716667176801145 ], [ 101.659888686365292, 12.716666253023043 ], [ 101.659886804400728, 12.716485590831351 ], [ 101.65997881684865, 12.71648466703493 ], [ 101.659977875844774, 12.716394335944832 ], [ 101.660069888252991, 12.71639341212332 ], [ 101.660068947223891, 12.716303081039317 ], [ 101.660160959592417, 12.716302157192713 ], [ 101.660159077491045, 12.716121495036202 ], [ 101.660343102076524, 12.716119647274489 ], [ 101.66034027878402, 12.715848654075254 ], [ 101.660432290968544, 12.715847730166926 ], [ 101.66043134985307, 12.715757399105923 ], [ 101.660523361997889, 12.715756475172507 ], [ 101.660522420857205, 12.715666144117597 ], [ 101.660706445060214, 12.715664296168718 ], [ 101.660705503861863, 12.715573965126676 ], [ 101.660889527970994, 12.715572117063887 ], [ 101.660893293067517, 12.715933441173743 ], [ 101.660985305241041, 12.715932517067444 ], [ 101.660987187897675, 12.71611317910472 ], [ 101.661079200128867, 12.716112254953 ], [ 101.661085789882392, 12.716744572014518 ], [ 101.66117780233354, 12.716743647783488 ], [ 101.661178743788327, 12.71683397878277 ], [ 101.661270756264699, 12.716833054513097 ], [ 101.661277346878222, 12.717465371441481 ], [ 101.661185334174647, 12.717466295758598 ], [ 101.661186275687385, 12.717556626752417 ], [ 101.661278288423418, 12.71755570242852 ], [ 101.661279229975847, 12.717646033414876 ], [ 101.661463255491114, 12.717644184657921 ], [ 101.66146419711572, 12.717734515630037 ], [ 101.661372184329238, 12.717735440031227 ], [ 101.66137312592862, 12.717825771009441 ], [ 101.661557151559251, 12.717823922161632 ], [ 101.661558093230795, 12.717914253125604 ], [ 101.661466080386646, 12.71791517757222 ], [ 101.66146702203298, 12.718005508542287 ], [ 101.661375009149126, 12.718006432963811 ], [ 101.661377834034198, 12.718277425890252 ], [ 101.661929911812976, 12.718271878761017 ], [ 101.66192802815948, 12.718091216892084 ], [ 101.662020041032321, 12.718090292272553 ], [ 101.662019099183979, 12.717999961343843 ], [ 101.661927086343596, 12.718000885956593 ], [ 101.66192520273357, 12.717820224083566 ], [ 101.661741177160891, 12.717822073186341 ], [ 101.661739293709687, 12.717641411283465 ], [ 101.661831306434721, 12.717640486761569 ], [ 101.661829422947591, 12.71745982486952 ], [ 101.661921435600448, 12.717458900329312 ], [ 101.661920493835282, 12.717368569389045 ], [ 101.662012506448448, 12.717367644823748 ], [ 101.66200968109905, 12.717096652019178 ], [ 101.661917668583271, 12.717097576564132 ], [ 101.661918610326694, 12.717187907506453 ], [ 101.661826597771196, 12.717188832026322 ], [ 101.661824714356499, 12.717008170127439 ], [ 101.661732701858682, 12.717009094601881 ], [ 101.661729876888344, 12.716738101728099 ], [ 101.661821889288788, 12.716737177273997 ], [ 101.661820005946524, 12.716556515368284 ], [ 101.661727993611009, 12.716557439808833 ], [ 101.661727051983192, 12.716467108848175 ], [ 101.661635039672873, 12.716468033250072 ], [ 101.661631273363938, 12.716106709373491 ], [ 101.661723285544426, 12.716105784998708 ], [ 101.661718577658974, 12.715654130171513 ], [ 101.661626565640745, 12.715655054512405 ], [ 101.661624682602195, 12.715474392563189 ], [ 101.661532670641634, 12.71547531685866 ], [ 101.661531729165674, 12.715384985876247 ], [ 101.661439717230337, 12.715385910133071 ], [ 101.661438775794068, 12.7152955791432 ], [ 101.661898835236059, 12.715290957574323 ], [ 101.661897893644763, 12.71520062661766 ], [ 101.66198990547899, 12.715199702215076 ], [ 101.661988022253226, 12.715019040313262 ], [ 101.661896010483929, 12.715019964702293 ], [ 101.661895068914376, 12.714929633743582 ], [ 101.66198708065123, 12.714928709361335 ], [ 101.661986139056467, 12.71483837840872 ], [ 101.662262174126198, 12.71483560509113 ], [ 101.662261232441324, 12.714745274158171 ], [ 101.662537267348469, 12.714742500574156 ], [ 101.662536325573484, 12.714652169660861 ], [ 101.662720348743804, 12.714650320459098 ], [ 101.662719406911165, 12.714559989558682 ], [ 101.662995441514909, 12.714557215537413 ], [ 101.662994499592159, 12.714466884656659 ], [ 101.663362545499226, 12.714463185542693 ], [ 101.663361603453907, 12.714372854688383 ], [ 101.66391367190235, 12.714367305102284 ], [ 101.663912729669576, 12.714276974287998 ], [ 101.664188763698576, 12.714274199085169 ], [ 101.664187821375705, 12.714183868290551 ], [ 101.664647877783409, 12.714179242349209 ], [ 101.664646935305555, 12.714088911587835 ], [ 101.664830957752983, 12.714087061001841 ], [ 101.664830015217461, 12.713996730253358 ], [ 101.66501403757097, 12.713994879553493 ], [ 101.665013094977809, 12.713904548817904 ], [ 101.665289128356335, 12.713901772549521 ], [ 101.665288185673077, 12.713811441833608 ], [ 101.665748240996621, 12.713806814116374 ], [ 101.665747298158379, 12.713716483433721 ], [ 101.665839309168874, 12.713715557801482 ], [ 101.665840252039573, 12.713805888477344 ], [ 101.666116285124872, 12.713803111369105 ], [ 101.666120057069605, 12.714164433984253 ], [ 101.666028045918623, 12.714165359746021 ], [ 101.66602993186963, 12.714346021063076 ], [ 101.665937920646499, 12.714346946806561 ], [ 101.665939806561624, 12.714527608134464 ], [ 101.66584779526633, 12.714528533859665 ], [ 101.665849681145573, 12.714709195198417 ], [ 101.665941692505783, 12.714708269459633 ], [ 101.665943578478945, 12.714888930782076 ], [ 101.665851567053849, 12.714889856534436 ], [ 101.665854395970655, 12.71516084853334 ], [ 101.665946407493109, 12.715159922760613 ], [ 101.665952065717363, 12.715701906699238 ], [ 101.666044077427273, 12.715700980853908 ], [ 101.666046906734721, 12.715971972793634 ], [ 101.666138918534742, 12.715971046896067 ], [ 101.666139861684201, 12.716061377534485 ], [ 101.666323885327401, 12.716059525630179 ], [ 101.666324828549008, 12.716149856254331 ], [ 101.666416840392174, 12.71614893024759 ], [ 101.6664177836535, 12.71623926086427 ], [ 101.666509795521876, 12.716238334818872 ], [ 101.666510738822922, 12.716328665428076 ], [ 101.666694762602802, 12.716326813228095 ], [ 101.666695705975997, 12.716417143823039 ], [ 101.666787717887516, 12.716416217668456 ], [ 101.666788661300444, 12.716506548255921 ], [ 101.666880673237145, 12.716505622062682 ], [ 101.666881616689778, 12.716595952642672 ], [ 101.666973628651689, 12.716595026410774 ], [ 101.666974572144042, 12.716685356983291 ], [ 101.667158596110994, 12.716683504410302 ], [ 101.667159539675509, 12.716773834968551 ], [ 101.667251551680565, 12.716772908627467 ], [ 101.667252495284799, 12.716863239178238 ], [ 101.667344507315036, 12.716862312798492 ], [ 101.667347338268698, 12.717133304426326 ], [ 101.667255326141088, 12.717134230826453 ], [ 101.66725626977437, 12.717224561374492 ], [ 101.667164257607041, 12.717225487749541 ], [ 101.667165201215113, 12.717315818303689 ], [ 101.667073189008065, 12.717316744653662 ], [ 101.66707413259094, 12.71740707521392 ], [ 101.666982120344187, 12.71740800153882 ], [ 101.666983063901867, 12.717498332105187 ], [ 101.666891051615366, 12.717499258405004 ], [ 101.666892938687596, 12.717679919549273 ], [ 101.666800926328932, 12.717680845830808 ], [ 101.666802813365265, 12.717861506985928 ], [ 101.666710800934425, 12.717862433249177 ], [ 101.666714574964345, 12.718223755578382 ], [ 101.666806587525031, 12.718222829287967 ], [ 101.666807531083123, 12.718313159861768 ], [ 101.66671551848998, 12.718314086158975 ], [ 101.666716462022862, 12.718404416738883 ], [ 101.666808474648462, 12.718403490434882 ], [ 101.666809418221078, 12.71849382100732 ], [ 101.666901430871874, 12.718492894664658 ], [ 101.666904261730622, 12.718763886357486 ], [ 101.66708828720526, 12.718762033535789 ], [ 101.667089230904281, 12.718852364085116 ], [ 101.667273256414788, 12.718850511122348 ], [ 101.667274200186, 12.718940841657403 ], [ 101.667458225732403, 12.718938988553553 ], [ 101.667459169575793, 12.719029319074339 ], [ 101.667551182370573, 12.719028392467811 ], [ 101.667552126253696, 12.71911872298112 ], [ 101.667644139073673, 12.719117796335928 ], [ 101.667645082996515, 12.719208126841755 ], [ 101.667921121510261, 12.719205346694547 ], [ 101.667922065537766, 12.719295677179316 ], [ 101.668198104083544, 12.719292896724854 ], [ 101.668199048215712, 12.719383227188551 ], [ 101.668751125305988, 12.719377665378266 ], [ 101.668750180979046, 12.719287334955345 ], [ 101.668934206552777, 12.719285480777184 ], [ 101.668933262168181, 12.719195150367172 ], [ 101.669117287647907, 12.719193296075112 ], [ 101.669116343205644, 12.719102965678015 ], [ 101.669208355902157, 12.719102038490972 ], [ 101.669207411434684, 12.719011708099986 ], [ 101.669299424091477, 12.719010780887865 ], [ 101.669298479598808, 12.718920450502997 ], [ 101.669390492215868, 12.718919523265804 ], [ 101.669389547698003, 12.71882919288705 ], [ 101.669481560275344, 12.718828265624781 ], [ 101.669479671196484, 12.71864760487882 ], [ 101.669571683701619, 12.718646677598274 ], [ 101.669569794586906, 12.718466016863179 ], [ 101.66966180701985, 12.71846508956436 ], [ 101.669658973304905, 12.718194098476985 ], [ 101.6697509856332, 12.718193171166694 ], [ 101.669745318204704, 12.717651189014282 ], [ 101.669837330330978, 12.717650261712915 ], [ 101.669838274916685, 12.717740592066562 ], [ 101.669930287068155, 12.71773966472653 ], [ 101.669927453235445, 12.717468673683944 ], [ 101.670111477321811, 12.717466818949063 ], [ 101.670112421990368, 12.717557149283676 ], [ 101.670296446112573, 12.717555294407719 ], [ 101.670295501379115, 12.717464964086709 ], [ 101.670387513396861, 12.717464036607728 ], [ 101.670386568638207, 12.717373706292834 ], [ 101.670202544660356, 12.717375561205325 ], [ 101.670201599973879, 12.717285230876147 ], [ 101.670109588006511, 12.717286158277789 ], [ 101.670108643359754, 12.717195827941127 ], [ 101.669832607511438, 12.717198609934444 ], [ 101.669830718434483, 12.717017949218274 ], [ 101.669922730326277, 12.717017021932634 ], [ 101.669919896667977, 12.716746030873651 ], [ 101.670011908455137, 12.716745103576542 ], [ 101.670010963884437, 12.716654773228981 ], [ 101.670102975631877, 12.71665384590681 ], [ 101.670101086447374, 12.716473185223236 ], [ 101.670193098122624, 12.716472257882796 ], [ 101.670192153508822, 12.716381927546784 ], [ 101.670468188393599, 12.716379145354669 ], [ 101.6704672436897, 12.716288815038371 ], [ 101.671019313068271, 12.716283249834568 ], [ 101.671020257966916, 12.716373580110048 ], [ 101.671296292655427, 12.716370797057548 ], [ 101.671297237658706, 12.716461127311939 ], [ 101.671573272379163, 12.716458343952233 ], [ 101.671574217487063, 12.716548674185528 ], [ 101.671758240662598, 12.716546818439452 ], [ 101.671759185842689, 12.716637148658457 ], [ 101.672035220648823, 12.716634364779928 ], [ 101.672036165933548, 12.716724694977835 ], [ 101.672128177553503, 12.716723766947785 ], [ 101.672129122877962, 12.716814097138204 ], [ 101.672221134523099, 12.716813169069484 ], [ 101.672222079887305, 12.716903499252412 ], [ 101.672406103220681, 12.716901643005761 ], [ 101.67240704865705, 12.716991973174395 ], [ 101.67259107202625, 12.716990116786659 ], [ 101.672592017534811, 12.717080446940995 ], [ 101.672776040939823, 12.717078590412177 ], [ 101.672776986520574, 12.71716892055222 ], [ 101.672961009961412, 12.717167063882314 ], [ 101.672961955614355, 12.71725739400806 ], [ 101.67305396735631, 12.717256465618497 ], [ 101.673054913049, 12.717346795736749 ], [ 101.673146924816137, 12.717345867308509 ], [ 101.673147870548547, 12.717436197419271 ], [ 101.673331894125937, 12.717434340453574 ], [ 101.673332839930524, 12.717524670550036 ], [ 101.673516863543725, 12.717522813443246 ], [ 101.673517809420517, 12.717613143525407 ], [ 101.673701833069529, 12.717611286277524 ], [ 101.673702779018512, 12.717701616345385 ], [ 101.67397881453482, 12.717698830214115 ], [ 101.673979760588466, 12.717789160260857 ], [ 101.674163784294521, 12.717787302667048 ], [ 101.674164730420372, 12.717877632699485 ], [ 101.674348754162239, 12.717875774964575 ], [ 101.674349700360281, 12.717966104982709 ], [ 101.674717747886518, 12.717962389103205 ], [ 101.674718694221667, 12.718052719093414 ], [ 101.674994729887288, 12.718049931828714 ], [ 101.674995676327114, 12.718140261797801 ], [ 101.675087688233546, 12.718139332639014 ], [ 101.675086741761262, 12.718049002676739 ], [ 101.675178753627961, 12.718048073492897 ], [ 101.675179700132716, 12.718138403448359 ], [ 101.675363723909172, 12.718136544971435 ], [ 101.675365617070341, 12.718317204853051 ], [ 101.67545762901257, 12.718316275553157 ], [ 101.675462362205238, 12.718767925211166 ], [ 101.675554374302493, 12.718766995845332 ], [ 101.675555320995329, 12.718857325768067 ], [ 101.67564733311778, 12.718856396363547 ], [ 101.67564922659021, 12.719037056193342 ], [ 101.6757412387703, 12.719036126743321 ], [ 101.675743132336805, 12.71921678655675 ], [ 101.675835144574535, 12.719215857061224 ], [ 101.67583609140118, 12.719306186960099 ], [ 101.675928103664077, 12.719305257425889 ], [ 101.675929050530456, 12.719395587317267 ], [ 101.676021062818535, 12.719394657744365 ], [ 101.676022956638093, 12.719575317511433 ], [ 101.676114968983825, 12.719574387893031 ], [ 101.676119703822479, 12.720026037264661 ], [ 101.676027691314431, 12.720026966917144 ], [ 101.676028638271546, 12.720117296796232 ], [ 101.67593662572375, 12.720118226423656 ], [ 101.675938519594894, 12.720298886193412 ], [ 101.675754494347586, 12.720300745379889 ], [ 101.675755441229157, 12.720391075277373 ], [ 101.675663428562103, 12.720392004829613 ], [ 101.675662481713005, 12.720301674925313 ], [ 101.675478456421999, 12.720303533920534 ], [ 101.675477509645106, 12.720213204001924 ], [ 101.675293484389897, 12.720215062856015 ], [ 101.675292537685237, 12.720124732923093 ], [ 101.67510851246584, 12.720126591636054 ], [ 101.675107565833358, 12.720036261688819 ], [ 101.674923540649786, 12.720038120260655 ], [ 101.674922594089523, 12.719947790299113 ], [ 101.674738568941734, 12.719949648729823 ], [ 101.674737622453705, 12.719859318753976 ], [ 101.674645609901347, 12.719860247914706 ], [ 101.674644663453066, 12.719769917931361 ], [ 101.674552650925889, 12.719770847053404 ], [ 101.674551704517341, 12.719680517062562 ], [ 101.674459692015361, 12.71968144614592 ], [ 101.674458745646561, 12.719591116147585 ], [ 101.674274720685702, 12.719592974205055 ], [ 101.674273774389093, 12.719502644192415 ], [ 101.673721699526624, 12.719508217558987 ], [ 101.673720753432079, 12.719417887504804 ], [ 101.673536728484621, 12.719419745025052 ], [ 101.673535782462295, 12.719329414956563 ], [ 101.673075720128637, 12.719334058165348 ], [ 101.67307666598866, 12.71942438826788 ], [ 101.6726166033108, 12.719429030713863 ], [ 101.672617549015769, 12.719519360849743 ], [ 101.672433523828772, 12.719521217618633 ], [ 101.672434469476087, 12.719611547767443 ], [ 101.672342456839218, 12.719612476110882 ], [ 101.672343402461351, 12.719702806265818 ], [ 101.672159377100854, 12.719704662870681 ], [ 101.67216032266532, 12.719794993038544 ], [ 101.672068309941693, 12.719795921299974 ], [ 101.672069255480963, 12.719886251473957 ], [ 101.67188522994698, 12.719888107914796 ], [ 101.671886175428597, 12.719978438101704 ], [ 101.671794162618227, 12.71997936628112 ], [ 101.671795108074647, 12.720069696474148 ], [ 101.671703095224544, 12.720070624628486 ], [ 101.671704040655783, 12.720160954827641 ], [ 101.671612027765931, 12.72016188295691 ], [ 101.67161391858528, 12.720342543366769 ], [ 101.671521905623223, 12.720343471477769 ], [ 101.671522851011332, 12.720433801688481 ], [ 101.671430838009556, 12.720434729774409 ], [ 101.671432728742658, 12.72061539020738 ], [ 101.671340715668663, 12.72061631827504 ], [ 101.671343551725442, 12.720887308939785 ], [ 101.671251538546784, 12.720888236995975 ], [ 101.671253429222716, 12.721068897449326 ], [ 101.671161415971838, 12.721069825487247 ], [ 101.671165197281098, 12.721431146412959 ], [ 101.671073183893071, 12.721432074446211 ], [ 101.671075074526385, 12.721612734918569 ], [ 101.670983061066153, 12.721613662933549 ], [ 101.670984951663613, 12.721794323416781 ], [ 101.670892938131175, 12.721795251413484 ], [ 101.670893883408326, 12.721885581660878 ], [ 101.670709856256678, 12.721887437572253 ], [ 101.670710801476176, 12.721977767832563 ], [ 101.670250733307526, 12.721982407087097 ], [ 101.670248843200525, 12.721801746497778 ], [ 101.670064816012072, 12.721803601949228 ], [ 101.670065760996991, 12.72189393225783 ], [ 101.669973747359393, 12.721894859942534 ], [ 101.669972802406946, 12.72180452962713 ], [ 101.669788775174894, 12.721806384887296 ], [ 101.669787830294652, 12.721716054557609 ], [ 101.669695816700184, 12.721716982133072 ], [ 101.669694871859676, 12.721626651795905 ], [ 101.669602858290418, 12.721627579332687 ], [ 101.669601913489657, 12.721537248988037 ], [ 101.669417886394285, 12.721539103952367 ], [ 101.669416941665716, 12.721448773593433 ], [ 101.669324928139616, 12.721449701020981 ], [ 101.669323983450781, 12.721359370654568 ], [ 101.669139956441697, 12.721361225400429 ], [ 101.669139011825081, 12.721270895019732 ], [ 101.669046998342111, 12.721271822338046 ], [ 101.669046053765214, 12.721181491949871 ], [ 101.668862026842433, 12.721183346477268 ], [ 101.668861082337756, 12.721093016074816 ], [ 101.668677055450829, 12.721094870461101 ], [ 101.668676111018357, 12.721004540044369 ], [ 101.668308057287248, 12.721008248407218 ], [ 101.668307112991897, 12.720917917962622 ], [ 101.668031072714712, 12.720920698879645 ], [ 101.668030128524038, 12.720830368413976 ], [ 101.667017980639045, 12.720840562580388 ], [ 101.667018924472572, 12.720930893120791 ], [ 101.66674288389045, 12.72093367269893 ], [ 101.666743827633823, 12.721024003259023 ], [ 101.666651814059463, 12.721024929728104 ], [ 101.666652757777612, 12.721115260294305 ], [ 101.666468730542178, 12.721117113150417 ], [ 101.666469674202659, 12.721207443729517 ], [ 101.666193633197665, 12.721210222794962 ], [ 101.666194576767992, 12.721300553393753 ], [ 101.666102563052675, 12.721301479691933 ], [ 101.666103506597793, 12.721391810296828 ], [ 101.666011492842756, 12.721392736569921 ], [ 101.666012436362649, 12.721483067180925 ], [ 101.665920422567879, 12.721483993428926 ], [ 101.665922309564522, 12.721664654662462 ], [ 101.66583029569756, 12.721665580892161 ], [ 101.665832182658264, 12.721846242136543 ], [ 101.665740168719111, 12.721847168347942 ], [ 101.665742055643918, 12.722027829603164 ], [ 101.665650041632546, 12.722028755796259 ], [ 101.665651928521427, 12.722209417062331 ], [ 101.665559914437864, 12.722210343237125 ], [ 101.665560857860712, 12.722300673875923 ], [ 101.665468843737429, 12.722301600025622 ], [ 101.665470730539937, 12.722482261314745 ], [ 101.665378716344435, 12.722483187446139 ], [ 101.665380603111046, 12.722663848746109 ], [ 101.665288588843339, 12.722664774859195 ], [ 101.665290475574011, 12.722845436170005 ], [ 101.665198461234112, 12.722846362264788 ], [ 101.665201291287104, 12.723117354246241 ], [ 101.665109276842529, 12.723118280329501 ], [ 101.665110220175549, 12.723208610995407 ], [ 101.665018205691254, 12.723209537053574 ], [ 101.665021035636443, 12.723480529067551 ], [ 101.664929021047442, 12.723481455114193 ], [ 101.664930907648881, 12.723662116467001 ], [ 101.664838892987703, 12.723663042495334 ], [ 101.664839836266822, 12.723753373177496 ], [ 101.664747821565896, 12.723754299180733 ], [ 101.664750651349365, 12.724025291243491 ], [ 101.664658636543749, 12.724026217235199 ], [ 101.664659579786942, 12.724116547928206 ], [ 101.664567564941606, 12.724117473894809 ], [ 101.664568508159562, 12.72420780459392 ], [ 101.664476493274492, 12.724208730535427 ], [ 101.664478379667216, 12.724389391945168 ], [ 101.664386364709927, 12.724390317868359 ], [ 101.664387307884695, 12.724480648578989 ], [ 101.664295292887687, 12.724481574477078 ], [ 101.664296236037217, 12.724571905193812 ], [ 101.664112205956485, 12.724573756907898 ], [ 101.6641140921474, 12.724754418366455 ], [ 101.663930061907735, 12.724756269980128 ], [ 101.663931004949106, 12.724846600721952 ], [ 101.663838989785916, 12.724847526487741 ], [ 101.663839932802063, 12.724937857235664 ], [ 101.663747917599139, 12.72493878297635 ], [ 101.663748860590061, 12.725029113730375 ], [ 101.663564830097513, 12.725030965129644 ], [ 101.663565773030712, 12.725121295896553 ], [ 101.663473757741087, 12.725122221555139 ], [ 101.663474700649061, 12.72521255232815 ], [ 101.663290669983084, 12.725214403563216 ], [ 101.663291612833348, 12.725304734349109 ], [ 101.663199597457009, 12.72530565992559 ], [ 101.663200540282034, 12.725395990717585 ], [ 101.663016509442642, 12.725397841788443 ], [ 101.663018394984519, 12.725578503397509 ], [ 101.662926379488994, 12.725579428898666 ], [ 101.662927322238332, 12.725669759708955 ], [ 101.662835306703045, 12.725670685185008 ], [ 101.662836249427158, 12.725761016001394 ], [ 101.662744233852166, 12.725761941452337 ], [ 101.662745176551027, 12.725852272274821 ], [ 101.662653160936301, 12.725853197700651 ], [ 101.662654103609924, 12.725943528529241 ], [ 101.662470072293758, 12.725945379298791 ], [ 101.66247101490967, 12.726035710140254 ], [ 101.662194967783634, 12.726038486075733 ], [ 101.662195910309336, 12.726128816936857 ], [ 101.662011878790764, 12.726130667414608 ], [ 101.662012821258756, 12.726220998288607 ], [ 101.66192080545612, 12.726221923486424 ], [ 101.661921747898873, 12.726312254366523 ], [ 101.661737716206886, 12.726314104680039 ], [ 101.661738658591915, 12.726404435573013 ], [ 101.661646642702578, 12.726405360688707 ], [ 101.661647585062354, 12.726495691587774 ], [ 101.661555569133299, 12.726496616678359 ], [ 101.661556511467836, 12.72658694758352 ], [ 101.661464495499047, 12.72658787264899 ], [ 101.661467322448686, 12.726858865380711 ], [ 101.661375306375191, 12.726859790434622 ], [ 101.661376248673747, 12.726950121350608 ], [ 101.661284232560519, 12.726951046379401 ], [ 101.661285174833822, 12.727041377301482 ], [ 101.661193158680859, 12.727042302305161 ], [ 101.661194100928938, 12.727132633233337 ], [ 101.661102084736243, 12.727133558211897 ], [ 101.661103026959083, 12.727223889146167 ], [ 101.661011010726654, 12.727224814099609 ], [ 101.661011952924241, 12.727315145039974 ], [ 101.660919936652078, 12.727316069968298 ], [ 101.660920878824413, 12.727406400914758 ], [ 101.660736846193416, 12.727408250689274 ], [ 101.660737788308026, 12.727498581648602 ], [ 101.660645771949163, 12.727499506494793 ], [ 101.660646714038535, 12.727589837460213 ], [ 101.660186631973176, 12.727594461246618 ], [ 101.660185690046248, 12.72750413024732 ], [ 101.660093673643942, 12.727505054902139 ], [ 101.660092731756748, 12.727414723895382 ], [ 101.65990869899538, 12.727416573095775 ], [ 101.659906815372651, 12.727235911053112 ], [ 101.659814799046089, 12.727236835591917 ], [ 101.659813857278067, 12.727146504562786 ], [ 101.659721840976758, 12.727147429062926 ], [ 101.65972089924847, 12.727057098026334 ], [ 101.659628882972385, 12.727058022487801 ], [ 101.659627941283816, 12.726967691443754 ], [ 101.659535925032998, 12.726968615866555 ], [ 101.659534983384162, 12.726878284815053 ], [ 101.659442967158583, 12.726879209199184 ], [ 101.659442025549467, 12.726788878140225 ], [ 101.65935000934914, 12.726789802485687 ], [ 101.659349067779758, 12.726699471419272 ], [ 101.659257051604669, 12.726700395726066 ], [ 101.659256110075006, 12.726610064652192 ], [ 101.658980061603756, 12.726612837360896 ], [ 101.658979120178799, 12.726522506266024 ], [ 101.657874926032292, 12.726533594149148 ], [ 101.657873985004372, 12.726443262972346 ], [ 101.657781968810951, 12.726444186748527 ], [ 101.657781027822764, 12.726353855564268 ], [ 101.657873043983713, 12.726352931794855 ], [ 101.657872102970273, 12.72626260061668 ], [ 101.657964119091488, 12.726261676822144 ], [ 101.65796317805281, 12.726171345650057 ], [ 101.658055194134292, 12.726170421830398 ], [ 101.658051429921969, 12.725809097162299 ], [ 101.657959413970389, 12.72581002095488 ], [ 101.657958472967891, 12.725719689779378 ], [ 101.657498393263964, 12.725724308230063 ], [ 101.657504979296547, 12.726356626681149 ], [ 101.657689011654597, 12.726354779301788 ], [ 101.6576918345434, 12.726625772872822 ], [ 101.657599818270555, 12.726626696598752 ], [ 101.657598877332859, 12.726536365402323 ], [ 101.657230812299005, 12.726540059960042 ], [ 101.657229871498487, 12.726449728735858 ], [ 101.657045839003146, 12.72645157580982 ], [ 101.657046779738678, 12.726541907047539 ], [ 101.656954763447672, 12.726542830543448 ], [ 101.656955704157951, 12.726633161787252 ], [ 101.656863687827226, 12.726634085258031 ], [ 101.656864628512267, 12.726724416507921 ], [ 101.656772612141808, 12.726725339953575 ], [ 101.656773552801596, 12.726815671209545 ], [ 101.656589519974034, 12.726817518018702 ], [ 101.656590460576069, 12.726907849287524 ], [ 101.656498444118967, 12.726908772651026 ], [ 101.656499384695749, 12.726999103925928 ], [ 101.656407368198913, 12.727000027264303 ], [ 101.656408308750443, 12.72709035854529 ], [ 101.656224275670112, 12.727092205139881 ], [ 101.656225216163904, 12.727182536433718 ], [ 101.65613319958041, 12.727183459689934 ], [ 101.656134140048934, 12.727273790989852 ], [ 101.655950106795274, 12.72727563742013 ], [ 101.655951047206059, 12.727365968732892 ], [ 101.655859030535893, 12.727366891906954 ], [ 101.655859970921426, 12.727457223225796 ], [ 101.655675937494436, 12.727459069491756 ], [ 101.65567781815723, 12.727639732154447 ], [ 101.655585801367906, 12.727640655253111 ], [ 101.655591443334856, 12.728182643265381 ], [ 101.655499426343368, 12.728183566372728 ], [ 101.655500366664, 12.728273897712477 ], [ 101.655592383687988, 12.728272974598365 ], [ 101.65559332404834, 12.728363305930669 ], [ 101.655685341097566, 12.728362382777894 ], [ 101.655683460319096, 12.728181720126134 ], [ 101.655775477296132, 12.728180796954991 ], [ 101.655773596481609, 12.728000134314023 ], [ 101.655865613386425, 12.727999211124512 ], [ 101.655863732535835, 12.727818548494339 ], [ 101.655955749368431, 12.727817625286459 ], [ 101.655954808921507, 12.727727293977111 ], [ 101.656138842500056, 12.727725447479186 ], [ 101.656136961497921, 12.727544784885501 ], [ 101.656320994917579, 12.727542938287046 ], [ 101.656320054362382, 12.727452607002709 ], [ 101.656412071028882, 12.727451683662409 ], [ 101.656411130448433, 12.727361352384152 ], [ 101.656503147075213, 12.727360429018717 ], [ 101.656502206469497, 12.727270097746544 ], [ 101.6566862396364, 12.727268250933514 ], [ 101.656685298972931, 12.727177919674194 ], [ 101.656869332045929, 12.727176072747117 ], [ 101.656868391324736, 12.727085741500643 ], [ 101.656960407817905, 12.727084817996028 ], [ 101.656959467071431, 12.726994486755636 ], [ 101.657051483524882, 12.726993563225891 ], [ 101.657050542753169, 12.726903231991589 ], [ 101.657602641127013, 12.726897690183943 ], [ 101.657603582093643, 12.726988021377638 ], [ 101.657695598496446, 12.72698709762463 ], [ 101.657694657497331, 12.726896766437704 ], [ 101.657878690216279, 12.726894918849544 ], [ 101.657879631280352, 12.726985250022931 ], [ 101.658523745796117, 12.726978782412289 ], [ 101.658524687094854, 12.727069113537604 ], [ 101.658892752503164, 12.727065417031323 ], [ 101.658893693939078, 12.727155748128872 ], [ 101.658985710305544, 12.727154823915791 ], [ 101.658986651781177, 12.727245155005882 ], [ 101.659170684557381, 12.727243306470491 ], [ 101.659171626105234, 12.727333637546351 ], [ 101.659263642514972, 12.727332713224042 ], [ 101.65926458410253, 12.727423044292449 ], [ 101.659356600537521, 12.727422119931468 ], [ 101.659357542164827, 12.727512450992418 ], [ 101.659449558625056, 12.727511526592769 ], [ 101.659450500292067, 12.727601857646263 ], [ 101.659634533255797, 12.727600008737726 ], [ 101.659635474995028, 12.727690339776995 ], [ 101.659727491498515, 12.727689415268108 ], [ 101.659728433277479, 12.727779746299914 ], [ 101.659820449806219, 12.727778821752358 ], [ 101.659822333450848, 12.727959483800369 ], [ 101.659730316857136, 12.72796040836147 ], [ 101.659731258657828, 12.728050739391229 ], [ 101.659639242024383, 12.728051663927209 ], [ 101.659641125582496, 12.728232325998217 ], [ 101.659733142280913, 12.728231401448685 ], [ 101.659734084103334, 12.72832173247639 ], [ 101.659826100827004, 12.72832080788819 ], [ 101.659825158972112, 12.72823047686726 ], [ 101.660377258967131, 12.72822492870884 ], [ 101.660378201016968, 12.72831525968912 ], [ 101.660746267665445, 12.728311560251784 ], [ 101.660744383313101, 12.728130898344748 ], [ 101.660928416463918, 12.728129048461797 ], [ 101.660926532010578, 12.72794838657914 ], [ 101.661018548510143, 12.727947461603369 ], [ 101.661017606261865, 12.727857130667793 ], [ 101.661109622721696, 12.727856205666907 ], [ 101.661108680448166, 12.727765874737424 ], [ 101.661200696868264, 12.727764949711418 ], [ 101.661199754569481, 12.727674618788027 ], [ 101.661291770949859, 12.727673693736902 ], [ 101.661290828625837, 12.727583362819608 ], [ 101.661382844966468, 12.727582437743363 ], [ 101.661381902617208, 12.727492106832164 ], [ 101.661473918918105, 12.727491181730803 ], [ 101.661472976543607, 12.727400850825697 ], [ 101.66156499280477, 12.727399925699221 ], [ 101.66156310801253, 12.727219263900516 ], [ 101.661747140383198, 12.727217413578991 ], [ 101.661746197932942, 12.727127082692171 ], [ 101.661838214074933, 12.727126157490344 ], [ 101.661837271599452, 12.727035826609622 ], [ 101.66220533596497, 12.727032125510489 ], [ 101.662204393366792, 12.726941794656202 ], [ 101.662388425441094, 12.726939943928828 ], [ 101.662387482785192, 12.72684961308742 ], [ 101.662479498778993, 12.726848687682672 ], [ 101.662478556097852, 12.726758356847359 ], [ 101.662662587998724, 12.726756505955747 ], [ 101.66266164525986, 12.726666175133314 ], [ 101.662845677066784, 12.726664324127688 ], [ 101.662843791480867, 12.726483662507896 ], [ 101.662935807308486, 12.726482736970807 ], [ 101.66293486449392, 12.726392406166669 ], [ 101.663118896062429, 12.726390555010378 ], [ 101.663117953190152, 12.72630022421912 ], [ 101.663394000391094, 12.726297447265834 ], [ 101.663393057428593, 12.726207116494244 ], [ 101.663577088794682, 12.726205265046156 ], [ 101.663576145774485, 12.726114934287448 ], [ 101.663760177046584, 12.726113082725362 ], [ 101.663759233968662, 12.726022751979539 ], [ 101.664035280725003, 12.726019974417575 ], [ 101.664034337556885, 12.725929643691421 ], [ 101.664126353095341, 12.725928717780434 ], [ 101.664125409901985, 12.725838387060382 ], [ 101.664217425400707, 12.725837461124291 ], [ 101.664216482182127, 12.725747130410339 ], [ 101.664400513092858, 12.725745278456049 ], [ 101.664399569816567, 12.72565494775499 ], [ 101.664491585228575, 12.725654021736794 ], [ 101.664489698632764, 12.725473360346191 ], [ 101.664581713972552, 12.72547243430968 ], [ 101.66458077065306, 12.72538210362014 ], [ 101.664672785953115, 12.725381177558521 ], [ 101.664671842608385, 12.725290846875085 ], [ 101.664855873121766, 12.725288994669754 ], [ 101.664854929719326, 12.725198663999208 ], [ 101.664946944932652, 12.725197737855492 ], [ 101.664945058084584, 12.725017076525925 ], [ 101.665037073225704, 12.725016150363896 ], [ 101.665035186341669, 12.724835489045166 ], [ 101.66512720141057, 12.724834562864823 ], [ 101.665125314490624, 12.724653901556936 ], [ 101.665217329487305, 12.724652975358284 ], [ 101.665216386005724, 12.724562644710101 ], [ 101.665308400962672, 12.724561718486347 ], [ 101.665307457455881, 12.72447138784427 ], [ 101.665399472373096, 12.724470461595415 ], [ 101.665400415912373, 12.724560792230706 ], [ 101.665584445790017, 12.724558939623757 ], [ 101.665582558588795, 12.72437827837965 ], [ 101.665674573451767, 12.724377352041921 ], [ 101.665673629829556, 12.724287021425635 ], [ 101.665581614999056, 12.724287947756572 ], [ 101.665580671416578, 12.724197617132807 ], [ 101.665672686214606, 12.724196690808657 ], [ 101.665669855413299, 12.723925698953641 ], [ 101.665761870106621, 12.72392477261797 ], [ 101.665759039273183, 12.723653780777166 ], [ 101.665851053861815, 12.723652854429979 ], [ 101.665847279388913, 12.723291531993162 ], [ 101.665939293840395, 12.723290605641248 ], [ 101.665936462964495, 12.723019613826828 ], [ 101.666028477311286, 12.723018687463398 ], [ 101.666025646403256, 12.722747695663198 ], [ 101.666117660645384, 12.722746769288255 ], [ 101.6661157733447, 12.722566108098283 ], [ 101.666207787514608, 12.722565181705038 ], [ 101.666205900178014, 12.722384520525912 ], [ 101.666297914275731, 12.722383594114369 ], [ 101.666295083227837, 12.722112602360921 ], [ 101.666387097220877, 12.722111675937867 ], [ 101.666386153520293, 12.722021345358808 ], [ 101.666478167473599, 12.722020418910665 ], [ 101.666476280029258, 12.721839757764087 ], [ 101.666568293910373, 12.721838831297637 ], [ 101.666567350166602, 12.72174850073011 ], [ 101.666659364007984, 12.721747574238575 ], [ 101.666658420239017, 12.721657243677159 ], [ 101.666750434040665, 12.721656317160537 ], [ 101.666749490246488, 12.72156598660523 ], [ 101.666841504008403, 12.721565060063517 ], [ 101.666840560189016, 12.721474729514314 ], [ 101.667116601333817, 12.721471949718277 ], [ 101.667115657424276, 12.721381619188772 ], [ 101.667483712052501, 12.72137791237491 ], [ 101.667484656091929, 12.721468242877245 ], [ 101.667760697084262, 12.721465462411734 ], [ 101.667762585379734, 12.721646123373585 ], [ 101.667854599094269, 12.721645196474402 ], [ 101.667860264349741, 12.722187179302795 ], [ 101.667952278251832, 12.72218625233096 ], [ 101.667953222518975, 12.722276582793171 ], [ 101.668045236446275, 12.722275655782662 ], [ 101.668049013717322, 12.722636977597491 ], [ 101.66795699966012, 12.722637904635182 ], [ 101.667957943963572, 12.722728235093978 ], [ 101.668141972135643, 12.722726380973119 ], [ 101.668139139052272, 12.722455389635462 ], [ 101.668231153029993, 12.722454462547597 ], [ 101.66822926427912, 12.722273801665997 ], [ 101.668321278184635, 12.722272874559842 ], [ 101.668319389397865, 12.722092213689097 ], [ 101.668411403231175, 12.722091286564652 ], [ 101.668408570008054, 12.721820295273799 ], [ 101.668316556272146, 12.721821222377859 ], [ 101.668313723211824, 12.721550231060464 ], [ 101.668497750481549, 12.721548376861245 ], [ 101.66849680607767, 12.721458046434336 ], [ 101.668588819669168, 12.721457119293705 ], [ 101.668589764105491, 12.721547449713816 ], [ 101.668681777722199, 12.721546522534505 ], [ 101.66868272219827, 12.721636852947135 ], [ 101.668866749474816, 12.721634998479285 ], [ 101.668867694023078, 12.721725328877639 ], [ 101.668959707682944, 12.721724401589094 ], [ 101.66896065227094, 12.721814731979968 ], [ 101.669052665955988, 12.721813804652747 ], [ 101.669053610583731, 12.721904135036139 ], [ 101.669145624293989, 12.721903207670241 ], [ 101.669146568961466, 12.721993538046146 ], [ 101.669238582696948, 12.721992610641571 ], [ 101.669239527404144, 12.722082941010001 ], [ 101.669423554918239, 12.722081086091604 ], [ 101.669424499697655, 12.722171416445752 ], [ 101.669516513476268, 12.722170488931939 ], [ 101.669517458295431, 12.722260819278604 ], [ 101.6697014858958, 12.722258964141734 ], [ 101.669702430787183, 12.722349294474116 ], [ 101.669886458423434, 12.722347439196113 ], [ 101.669887403387008, 12.722437769514215 ], [ 101.670531500112276, 12.72243127498934 ], [ 101.670530554921385, 12.722340944718843 ], [ 101.670806596168617, 12.722338160893218 ], [ 101.670805650887587, 12.722247830642443 ], [ 101.670989678284457, 12.722245974612891 ], [ 101.670988732945744, 12.722155644375034 ], [ 101.671080746600808, 12.72215471631924 ], [ 101.671079801236885, 12.722064386087501 ], [ 101.671171814852201, 12.722063458006627 ], [ 101.671170869463097, 12.721973127781013 ], [ 101.671354896606971, 12.721971271537228 ], [ 101.671353005720675, 12.721790611111158 ], [ 101.671445019216762, 12.721789682955054 ], [ 101.671444073752042, 12.721699352747793 ], [ 101.671536087208395, 12.721698424566611 ], [ 101.671533250760476, 12.721427433961148 ], [ 101.671625264112137, 12.7214265057685 ], [ 101.67162337311828, 12.721245845375048 ], [ 101.671715386397736, 12.721244917164128 ], [ 101.671713495368024, 12.721064256781546 ], [ 101.671805508575275, 12.721063328552356 ], [ 101.67180361750971, 12.720882668180653 ], [ 101.671895630644741, 12.720881739933196 ], [ 101.671893739543336, 12.720701079572368 ], [ 101.671985752606162, 12.720700151306641 ], [ 101.671984807033894, 12.720609821132006 ], [ 101.672076820057001, 12.720608892841206 ], [ 101.67207492886935, 12.720428232503496 ], [ 101.672166941820237, 12.720427304194434 ], [ 101.672165996204868, 12.720336974031355 ], [ 101.672258009116007, 12.720336045697218 ], [ 101.672257063475428, 12.720245715540266 ], [ 101.672349076346819, 12.720244787181061 ], [ 101.672348130681058, 12.720154457030228 ], [ 101.672440143512731, 12.720153528645952 ], [ 101.672439197821774, 12.720063198501244 ], [ 101.672531210613698, 12.720062270091898 ], [ 101.672530264897532, 12.719971939953311 ], [ 101.672714290394637, 12.719970083052607 ], [ 101.672713344620831, 12.719879752926952 ], [ 101.673081395397858, 12.719876038770272 ], [ 101.67308044950147, 12.719785708671159 ], [ 101.6737245378539, 12.719779207717444 ], [ 101.673725483977549, 12.719869537768894 ], [ 101.674093534434405, 12.719865822209716 ], [ 101.674094480695203, 12.719956152233241 ], [ 101.674186493323688, 12.719955223256949 ], [ 101.674187439624205, 12.720045553272984 ], [ 101.674279452277872, 12.720044624258005 ], [ 101.674280398618151, 12.720134954266543 ], [ 101.674372411297014, 12.720134025212881 ], [ 101.674373357677041, 12.720224355213926 ], [ 101.674465370381085, 12.720223426121576 ], [ 101.674467263227882, 12.720404086107989 ], [ 101.674559275989594, 12.720403156970139 ], [ 101.674560222456364, 12.72049348695551 ], [ 101.674652235243258, 12.720492557778972 ], [ 101.67465318174979, 12.720582887756846 ], [ 101.674837207366664, 12.720581029294518 ], [ 101.674838153945402, 12.720671359258086 ], [ 101.675022179598102, 12.720669500654626 ], [ 101.675023126249059, 12.720759830603882 ], [ 101.675299164770877, 12.72075704243918 ], [ 101.675300111526525, 12.720847372367315 ], [ 101.675576150080204, 12.720844583895277 ], [ 101.675577096940529, 12.720934913802283 ], [ 101.676129174046082, 12.720929335956635 ], [ 101.67612822699094, 12.720839006090518 ], [ 101.676496278119103, 12.720835286916467 ], [ 101.676495330941364, 12.720744957076928 ], [ 101.676587343672722, 12.720744027210536 ], [ 101.67658639646983, 12.720653697377129 ], [ 101.676770421845745, 12.720651837562359 ], [ 101.6767694745852, 12.7205615077419 ], [ 101.676953499867054, 12.720559647813255 ], [ 101.67695255254884, 12.720469318005749 ], [ 101.677044565146375, 12.72046838800043 ], [ 101.677043617802994, 12.72037805819906 ], [ 101.67713563036078, 12.720377128168682 ], [ 101.677134682992218, 12.720286798373442 ], [ 101.677318708020977, 12.720284938230694 ], [ 101.677317760594761, 12.720194608448411 ], [ 101.677501785529458, 12.720192748191801 ], [ 101.677500838045603, 12.720102418422469 ], [ 101.677592850469551, 12.720101488253171 ], [ 101.677591902960515, 12.720011158489974 ], [ 101.677867940091232, 12.720008367811285 ], [ 101.677866992492099, 12.719918038067865 ], [ 101.678051017144526, 12.719916177469671 ], [ 101.678050069487753, 12.719825847739205 ], [ 101.678326106314344, 12.719823056623323 ], [ 101.678325158567475, 12.719732726912637 ], [ 101.678877231829034, 12.71972714386119 ], [ 101.678888607610261, 12.720811099853114 ], [ 101.678980620184589, 12.720810169151108 ], [ 101.678991049263544, 12.721803795315461 ], [ 101.679083062187729, 12.721802864506527 ], [ 101.679087803132191, 12.722254512701571 ], [ 101.679179816211445, 12.722253581826644 ], [ 101.679182660963036, 12.722524570714992 ], [ 101.679274674132415, 12.722523639787712 ], [ 101.679276570734885, 12.722704299029541 ], [ 101.679368583961903, 12.722703368056731 ], [ 101.679369532306566, 12.722793697669799 ], [ 101.679461545558766, 12.722792766658284 ], [ 101.679462493943177, 12.722883096263839 ], [ 101.679554507220558, 12.722882165213621 ], [ 101.679555455644746, 12.722972494811669 ], [ 101.679647468947309, 12.722971563722744 ], [ 101.679648417411244, 12.723061893313281 ], [ 101.679740430739002, 12.723060962185647 ], [ 101.679741379242699, 12.723151291768678 ], [ 101.67983339259564, 12.72315036060234 ], [ 101.679834341139113, 12.72324069017786 ], [ 101.680018367888024, 12.723238827735878 ], [ 101.680019316503746, 12.723329157297064 ], [ 101.680203343288426, 12.723327294713899 ], [ 101.680204291976381, 12.723417624260753 ], [ 101.680296305390272, 12.723416692914519 ], [ 101.680297254118003, 12.723507022453859 ], [ 101.680941348038147, 12.723500502089701 ], [ 101.680940399083084, 12.723410172598149 ], [ 101.681124425786791, 12.723408309363665 ], [ 101.68112347677409, 12.723317979885083 ], [ 101.68130750338365, 12.72331611653672 ], [ 101.681306554313295, 12.723225787071112 ], [ 101.681398567574675, 12.723224855355937 ], [ 101.681397618479139, 12.723134525896477 ], [ 101.681673658122008, 12.723131730580139 ], [ 101.681672708936361, 12.723041401140478 ], [ 101.681856735263509, 12.723039537450502 ], [ 101.681855786020208, 12.722949208023817 ], [ 101.682131825358752, 12.722946412270229 ], [ 101.682132774699468, 12.723036741676419 ], [ 101.682224787830194, 12.723035809687962 ], [ 101.682225737210686, 12.723126139086638 ], [ 101.682317750366579, 12.723125207059464 ], [ 101.682321548091423, 12.723486524620007 ], [ 101.682229534805643, 12.723487456674505 ], [ 101.682230484222629, 12.723577786069761 ], [ 101.682138470897073, 12.723578718099203 ], [ 101.682140369688014, 12.723759376901324 ], [ 101.682048356290196, 12.723760308912549 ], [ 101.682047406923544, 12.723669979504997 ], [ 101.681955393550908, 12.723670911477505 ], [ 101.681956342885073, 12.723761240891887 ], [ 101.681772316052943, 12.72376310475491 ], [ 101.681773265329468, 12.723853434182264 ], [ 101.681589238403191, 12.723855297931411 ], [ 101.681590187622064, 12.723945627371744 ], [ 101.681498174115504, 12.72394655920532 ], [ 101.68150007251019, 12.724127218097587 ], [ 101.681592086081693, 12.724126286250351 ], [ 101.681593984570526, 12.724306945126221 ], [ 101.68177801182155, 12.724305081308778 ], [ 101.681779910469501, 12.724485740154593 ], [ 101.681871924149007, 12.72448480818438 ], [ 101.681872873516397, 12.724575137599432 ], [ 101.681780859804405, 12.724576069576473 ], [ 101.681784657217065, 12.724937387257153 ], [ 101.68196868489359, 12.724935523216542 ], [ 101.68196963432996, 12.725025852621339 ], [ 101.682245675887415, 12.725023056300779 ], [ 101.682244726353602, 12.724932726916473 ], [ 101.682520767747931, 12.724929930329422 ], [ 101.682519818123993, 12.724839600964925 ], [ 101.682611831875022, 12.724838668712296 ], [ 101.682610882225916, 12.724748339353949 ], [ 101.682978937027073, 12.724744610051905 ], [ 101.682979886806095, 12.724834939382923 ], [ 101.683071900520616, 12.724834006970864 ], [ 101.683073800165531, 12.725014665617179 ], [ 101.683257827702548, 12.725012800670063 ], [ 101.683258777600926, 12.72510312997853 ], [ 101.683534818949113, 12.725100332298199 ], [ 101.683535768952225, 12.725190661585474 ], [ 101.683627782752836, 12.725189728954756 ], [ 101.683628732795739, 12.725280058234512 ], [ 101.683720746621503, 12.725279125565073 ], [ 101.683721696704183, 12.72536945483731 ], [ 101.683813710555143, 12.725368522129147 ], [ 101.683814660677598, 12.725458851393865 ], [ 101.683906674553725, 12.725457918646976 ], [ 101.683907624715971, 12.725548247904175 ], [ 101.68399963861728, 12.725547315118563 ], [ 101.684004389700476, 12.725998961360114 ], [ 101.684556473929263, 12.725993363771694 ], [ 101.684557424362708, 12.726083692976934 ], [ 101.684925480499004, 12.726079960586176 ], [ 101.684926431069684, 12.726170289763381 ], [ 101.685018445117976, 12.726169356579129 ], [ 101.685019395728446, 12.726259685748808 ], [ 101.685111409801891, 12.726258752525828 ], [ 101.685110459158949, 12.726168423362987 ], [ 101.685202473192618, 12.726167490114953 ], [ 101.685203423868046, 12.726257819270957 ], [ 101.685479466022642, 12.726255019315003 ], [ 101.685480416802818, 12.726345348449806 ], [ 101.686032501109523, 12.726339747635823 ], [ 101.68603345209192, 12.726430076728899 ], [ 101.686861578350772, 12.726421673293753 ], [ 101.686862529632805, 12.726512002324569 ], [ 101.687322599683057, 12.726507332599098 ], [ 101.687321648238623, 12.726417003602503 ], [ 101.68759769008355, 12.726414201405069 ], [ 101.687596738548962, 12.726323872428319 ], [ 101.68787278023062, 12.726321069964406 ], [ 101.687871828605907, 12.726230741007511 ], [ 101.687963842452675, 12.726229806795939 ], [ 101.68796479410986, 12.726320135745988 ], [ 101.688148821846411, 12.726318267213481 ], [ 101.688147870124268, 12.726227938277125 ], [ 101.68823988394908, 12.72622700396988 ], [ 101.68823893220177, 12.726136675039687 ], [ 101.688330945986792, 12.726135740707401 ], [ 101.688329042449155, 12.725955082858642 ], [ 101.688421056161886, 12.72595414850816 ], [ 101.68841915258858, 12.72577349067036 ], [ 101.688511166229034, 12.725772556301683 ], [ 101.688510214420873, 12.725682227388603 ], [ 101.688602228021537, 12.725681292994889 ], [ 101.688600324362199, 12.725500635180362 ], [ 101.689428445854205, 12.725492224325198 ], [ 101.689429397972518, 12.725582553171165 ], [ 101.689705438435539, 12.725579748958246 ], [ 101.6897063906586, 12.725670077782983 ], [ 101.689890417662312, 12.725668208134563 ], [ 101.689891369957664, 12.725758536944912 ], [ 101.689983383481007, 12.725757602066018 ], [ 101.689984335816163, 12.725847930868831 ], [ 101.690168362905851, 12.725846061001675 ], [ 101.690169315313284, 12.725936389790101 ], [ 101.690261328879615, 12.725935454801839 ], [ 101.690262281326866, 12.726025783582731 ], [ 101.690446308502544, 12.726023913496837 ], [ 101.690447261022058, 12.726114242263339 ], [ 101.690723301828072, 12.726111436874774 ], [ 101.690724254452377, 12.726201765620029 ], [ 101.690908281684713, 12.726199895187834 ], [ 101.690909234381294, 12.726290223918703 ], [ 101.691001248018964, 12.726289288647918 ], [ 101.691002200755349, 12.726379617371247 ], [ 101.691186228073676, 12.726377746720301 ], [ 101.691187180882352, 12.726468075429237 ], [ 101.691279194563009, 12.726467140049074 ], [ 101.69128014741149, 12.726557468750473 ], [ 101.691464174815792, 12.726555597880767 ], [ 101.691465127736564, 12.72664592656777 ], [ 101.691557141460208, 12.726644991078228 ], [ 101.69155809442077, 12.726735319757694 ], [ 101.69183413564518, 12.726732513077156 ], [ 101.691835088710548, 12.726822841735371 ], [ 101.691927102469833, 12.726821906104554 ], [ 101.691928055575005, 12.726912234755227 ], [ 101.692112083136578, 12.726910363384208 ], [ 101.692113036314026, 12.727000692020487 ], [ 101.692297063911269, 12.726998820508189 ], [ 101.692298017161008, 12.727089149130066 ], [ 101.692574058599348, 12.727086341601867 ], [ 101.692575011953878, 12.727176670202489 ], [ 101.692759039607751, 12.727174798343846 ], [ 101.692759993034585, 12.727265126930069 ], [ 101.692944020724099, 12.727263254930143 ], [ 101.692944974223224, 12.727353583501964 ], [ 101.693129001948392, 12.727351711360756 ], [ 101.693129955519808, 12.72744203991817 ], [ 101.69349801101211, 12.727438295225605 ], [ 101.693498964720789, 12.727528623754901 ], [ 101.693775006360497, 12.727525814880027 ], [ 101.693775960173966, 12.727616143388056 ], [ 101.694052001845137, 12.727613334205566 ], [ 101.694052955763382, 12.727703662692328 ], [ 101.694236983572452, 12.727701789730814 ], [ 101.694237937563017, 12.727792118203165 ], [ 101.694329951489038, 12.727791181667708 ], [ 101.694330905519422, 12.727881510132512 ], [ 101.694422919470583, 12.7278805735583 ], [ 101.694423873540785, 12.727970902015556 ], [ 101.694607901486094, 12.727969028757723 ], [ 101.694606947350934, 12.727878700314191 ], [ 101.69515903081593, 12.727873079816426 ], [ 101.69515712217779, 12.727692423009662 ], [ 101.69552517741451, 12.727688675428201 ], [ 101.695527086312524, 12.727869332180045 ], [ 101.695895141691736, 12.727865584033372 ], [ 101.695897050878983, 12.728046240727554 ], [ 101.69571302307412, 12.728048114892141 ], [ 101.695713977613778, 12.728138443251938 ], [ 101.695805991552362, 12.728137506178722 ], [ 101.695806946131839, 12.728227834530967 ], [ 101.695898960095576, 12.728226897418994 ], [ 101.6958999147149, 12.728317225763687 ], [ 101.696267970626394, 12.728313476969394 ], [ 101.69626701587714, 12.728223148652164 ], [ 101.696451043723883, 12.728221274077384 ], [ 101.696451998538123, 12.728311602380879 ], [ 101.696636026420464, 12.72830972766479 ], [ 101.696636981307009, 12.728400055953861 ], [ 101.696821009224962, 12.728398181096457 ], [ 101.696821964183826, 12.728488509371108 ], [ 101.697005992137392, 12.728486634372389 ], [ 101.69700694716856, 12.728576962632616 ], [ 101.69709896116683, 12.728576025078542 ], [ 101.697099916237818, 12.728666353331217 ], [ 101.697283944277288, 12.728664478113652 ], [ 101.697284899420595, 12.728754806351901 ], [ 101.697468927495663, 12.728752930993016 ], [ 101.697469882711303, 12.728843259216841 ], [ 101.69756189677031, 12.728842321482686 ], [ 101.69756380728856, 12.729022977914539 ], [ 101.697655821405206, 12.729022040134746 ] ], [ [ 101.692428302756625, 12.748136636720076 ], [ 101.69242734783154, 12.748046308251073 ], [ 101.692519369201776, 12.748045370881254 ], [ 101.692520324159389, 12.748135699343395 ], [ 101.692428302756625, 12.748136636720076 ] ], [ [ 101.692335326453986, 12.748047245588953 ], [ 101.692334371568791, 12.747956917112409 ], [ 101.692426392913802, 12.74795597978139 ], [ 101.69242734783154, 12.748046308251073 ], [ 101.692335326453986, 12.748047245588953 ] ], [ [ 101.692242350216432, 12.74795785441148 ], [ 101.692241395371099, 12.747867525927393 ], [ 101.692149374043964, 12.747868463187666 ], [ 101.692148419238507, 12.747778134696038 ], [ 101.692332461820371, 12.747776260157263 ], [ 101.692334371568791, 12.747956917112409 ], [ 101.692242350216432, 12.74795785441148 ] ], [ [ 101.692079679463191, 12.723839189343288 ], [ 101.69198766679034, 12.723840124811636 ], [ 101.691986713901841, 12.723749796144531 ], [ 101.692078726542221, 12.72374886068304 ], [ 101.692079679463191, 12.723839189343288 ] ], [ [ 101.702977706483793, 12.710177518641514 ], [ 101.702976750769494, 12.710087190702927 ], [ 101.703068757653398, 12.710086252416268 ], [ 101.703069713400126, 12.710176580347971 ], [ 101.702977706483793, 12.710177518641514 ] ], [ [ 101.669835441181363, 12.717469601003581 ], [ 101.669834496617455, 12.717379270647886 ], [ 101.66992650863908, 12.717378343335048 ], [ 101.669927453235445, 12.717468673683944 ], [ 101.669835441181363, 12.717469601003581 ] ], [ [ 101.682413561369927, 12.723485592533624 ], [ 101.682416409837643, 12.723756580676357 ], [ 101.682324396461723, 12.723757512783228 ], [ 101.682321548091423, 12.723486524620007 ], [ 101.682413561369927, 12.723485592533624 ] ], [ [ 101.696449134117458, 12.728040617468348 ], [ 101.696633161804897, 12.728038742793464 ], [ 101.696635071541266, 12.728219399375032 ], [ 101.696451043723883, 12.728221274077384 ], [ 101.696449134117458, 12.728040617468348 ] ], [ [ 101.696819099329304, 12.7282175245451 ], [ 101.697003127087953, 12.72821564958759 ], [ 101.69700503711357, 12.728396306111476 ], [ 101.696821009224962, 12.728398181096457 ], [ 101.696819099329304, 12.7282175245451 ] ], [ [ 101.697190975157739, 12.728575087492578 ], [ 101.697189064972818, 12.728394430998913 ], [ 101.697373092802692, 12.728392555758774 ], [ 101.697375003117571, 12.728573212224958 ], [ 101.697190975157739, 12.728575087492578 ] ], [ [ 101.693298725978224, 12.725994910854293 ], [ 101.693297772459132, 12.725904582299631 ], [ 101.693389785776361, 12.725903646227151 ], [ 101.693390739327924, 12.725993974774955 ], [ 101.693298725978224, 12.725994910854293 ] ], [ [ 101.682237130345996, 12.72421009181739 ], [ 101.682238079821389, 12.724300421207168 ], [ 101.682330093399472, 12.724299489091187 ], [ 101.68233104291464, 12.724389818473458 ], [ 101.682055002061105, 12.724392614746229 ], [ 101.682054052643366, 12.724302285343468 ], [ 101.682146066236029, 12.724301353291262 ], [ 101.682145116793109, 12.72421102389465 ], [ 101.682237130345996, 12.72421009181739 ] ], [ [ 101.687658306167066, 12.723432410907163 ], [ 101.68765735484142, 12.723342081914668 ], [ 101.687749367663542, 12.72334114798592 ], [ 101.68775031902166, 12.723431476971566 ], [ 101.687658306167066, 12.723432410907163 ] ], [ [ 101.679621863177786, 12.720532664519542 ], [ 101.679619018420482, 12.720261675688397 ], [ 101.679803043055585, 12.720259813824379 ], [ 101.679803991365645, 12.720350143421797 ], [ 101.679896003704712, 12.720349212435149 ], [ 101.679897900411689, 12.720529871614275 ], [ 101.679805888007678, 12.720530802614572 ], [ 101.679807784678871, 12.720711461804614 ], [ 101.679715772202641, 12.720712392786684 ], [ 101.679713875596363, 12.720531733582995 ], [ 101.679621863177786, 12.720532664519542 ] ], [ [ 101.685576047607569, 12.717942870446711 ], [ 101.6855741472842, 12.717762212076479 ], [ 101.68566615825435, 12.71776127927321 ], [ 101.685664257895297, 12.717580620913921 ], [ 101.685756268793199, 12.717579688092465 ], [ 101.685755318592186, 12.71748935891863 ], [ 101.685847329450326, 12.717488426072148 ], [ 101.685846379224174, 12.717398096904471 ], [ 101.685938390042551, 12.717397164032958 ], [ 101.685937439791232, 12.717306834871444 ], [ 101.686213472105138, 12.717304036086221 ], [ 101.686212521763764, 12.717213706944539 ], [ 101.686764585999427, 12.717208108554743 ], [ 101.686765536535532, 12.717298437655376 ], [ 101.686949557953838, 12.717296571256824 ], [ 101.686950508562163, 12.717386900343087 ], [ 101.687042519292802, 12.717385967089166 ], [ 101.687044420596337, 12.717566625245949 ], [ 101.687136431384573, 12.717565691946479 ], [ 101.687137382079769, 12.717656021017001 ], [ 101.68704537125906, 12.717656954323315 ], [ 101.687047272606463, 12.717837612475991 ], [ 101.686955261713535, 12.717838545764128 ], [ 101.686957163025284, 12.718019203927755 ], [ 101.686865152060122, 12.718020137197705 ], [ 101.686867053336201, 12.71820079537228 ], [ 101.686775042298819, 12.718201728624045 ], [ 101.686776943539215, 12.718382386809573 ], [ 101.6866849324296, 12.718383320043156 ], [ 101.686685883028304, 12.718473649141734 ], [ 101.686593871878912, 12.718474582350289 ], [ 101.686596723621548, 12.718745569662445 ], [ 101.686504712367466, 12.718746502859656 ], [ 101.6865056629305, 12.718836831969179 ], [ 101.686413651636641, 12.718837765141364 ], [ 101.686414602174537, 12.718928094257047 ], [ 101.686322590840916, 12.718929027404201 ], [ 101.686323541353644, 12.719019356526037 ], [ 101.686231529980262, 12.719020289648162 ], [ 101.686232480467837, 12.719110618776158 ], [ 101.686140469054664, 12.719111551873253 ], [ 101.686139518599546, 12.719021222738414 ], [ 101.685955495816188, 12.719023088823304 ], [ 101.68595454543329, 12.718932759674104 ], [ 101.685770522685615, 12.718934625617829 ], [ 101.685769572374966, 12.718844296454261 ], [ 101.685677561022615, 12.718845229371475 ], [ 101.685675660488144, 12.718664571028606 ], [ 101.685583649193404, 12.718665503900276 ], [ 101.685582698969597, 12.71857517472097 ], [ 101.685490687700025, 12.718576107553927 ], [ 101.685484036565214, 12.717943803231794 ], [ 101.685576047607569, 12.717942870446711 ] ], [ [ 101.668008414142776, 12.718752767514959 ], [ 101.668007470126383, 12.71866243703289 ], [ 101.667823444861881, 12.718664290478445 ], [ 101.66782250091768, 12.718573959982104 ], [ 101.667730488307001, 12.718574886650279 ], [ 101.667728600505299, 12.718394225641953 ], [ 101.667820613051049, 12.718393298987365 ], [ 101.667821556980726, 12.718483629485076 ], [ 101.668097594671806, 12.718480849309698 ], [ 101.668098538706147, 12.718571179786341 ], [ 101.668190551287779, 12.718570252990677 ], [ 101.668192439443146, 12.718750913928321 ], [ 101.668008414142776, 12.718752767514959 ] ], [ [ 101.661161798710296, 12.715208020691266 ], [ 101.661160857385866, 12.715117689679696 ], [ 101.661252869245587, 12.715116765538799 ], [ 101.661251927895947, 12.715026434533319 ], [ 101.661343939715962, 12.715025510367337 ], [ 101.661342998341127, 12.714935179367956 ], [ 101.661619033660344, 12.714932406699152 ], [ 101.661619975132552, 12.715022737678199 ], [ 101.661527963334265, 12.715023661939775 ], [ 101.66152890478125, 12.715113992924918 ], [ 101.661436892943257, 12.715114917161408 ], [ 101.661437834365046, 12.715205248152644 ], [ 101.661161798710296, 12.715208020691266 ] ], [ [ 101.661711986923578, 12.715021813384761 ], [ 101.661711045418926, 12.714931482412494 ], [ 101.661803057170275, 12.71493055809397 ], [ 101.661803998707384, 12.715020889059456 ], [ 101.661711986923578, 12.715021813384761 ] ], [ [ 101.68441997325759, 12.730511689868973 ], [ 101.684511988909122, 12.73051075654789 ], [ 101.684511038150092, 12.730420427369362 ], [ 101.684603053761819, 12.730419494023218 ], [ 101.684602102977593, 12.730329164850843 ], [ 101.68469411854953, 12.730328231479636 ], [ 101.684692216938032, 12.730147573146512 ], [ 101.684600201431095, 12.730148506504046 ], [ 101.684597349166154, 12.729877518978707 ], [ 101.684137272009224, 12.729882185185321 ], [ 101.684139173186949, 12.730062843604596 ], [ 101.683771111069959, 12.73006657605038 ], [ 101.683770160607409, 12.729976246813742 ], [ 101.683402098503493, 12.729979978721779 ], [ 101.683401148178206, 12.729889649457117 ], [ 101.683585179179786, 12.729887783580569 ], [ 101.683583278421182, 12.729707125076525 ], [ 101.683675293846022, 12.729706192104068 ], [ 101.683673393051649, 12.729525533610959 ], [ 101.683489362324607, 12.729527399496632 ], [ 101.68348746168941, 12.729346740973444 ], [ 101.683579476991611, 12.729345808060229 ], [ 101.683578526652482, 12.729255478804438 ], [ 101.683486511382782, 12.729256411710823 ], [ 101.683485561083444, 12.729166082447517 ], [ 101.683117500061542, 12.729169813726731 ], [ 101.683118450230907, 12.729260143017372 ], [ 101.683026434924685, 12.729261075764265 ], [ 101.683027385068868, 12.729351405061056 ], [ 101.682935369722856, 12.729352337782883 ], [ 101.682938220101761, 12.729623325689646 ], [ 101.68303023554526, 12.729622392947318 ], [ 101.683031185718662, 12.729712722241372 ], [ 101.683123201187342, 12.729711789460312 ], [ 101.68312700208395, 12.730073106602335 ], [ 101.683219017675285, 12.730072173762041 ], [ 101.683219967950194, 12.730162503039008 ], [ 101.683127952326359, 12.730163435886132 ], [ 101.68312985283309, 12.730344094451665 ], [ 101.683221868521912, 12.730343161590874 ], [ 101.683223769122861, 12.730523820140004 ], [ 101.683315784869365, 12.73052288723364 ], [ 101.683316735213268, 12.730613216500341 ], [ 101.683408750984981, 12.730612283555244 ], [ 101.683409701368689, 12.730702612814429 ], [ 101.683317685564504, 12.730703545766364 ], [ 101.68331863592303, 12.730793875031694 ], [ 101.683594683411158, 12.730791076059687 ], [ 101.683593732955146, 12.730700746814856 ], [ 101.683685748737417, 12.730699813767218 ], [ 101.683686699225916, 12.730790143005214 ], [ 101.683778715033384, 12.730789209918836 ], [ 101.683777764512385, 12.73069888068768 ], [ 101.684053811793447, 12.730696081257646 ], [ 101.684050009392593, 12.730334764408179 ], [ 101.684234040616829, 12.730332898016671 ], [ 101.684234991271055, 12.730423227216392 ], [ 101.68441902253106, 12.730421360683607 ], [ 101.68441997325759, 12.730511689868973 ] ], [ [ 101.67982867278927, 12.731461610480091 ], [ 101.680012705465046, 12.731459746859677 ], [ 101.680013654712141, 12.73155007636541 ], [ 101.680289703768608, 12.731547280675031 ], [ 101.680288754424026, 12.731456951189777 ], [ 101.680472787026858, 12.731455087250325 ], [ 101.680470888229593, 12.731274428305067 ], [ 101.680654920673263, 12.731272564265304 ], [ 101.680653971220593, 12.731182234805303 ], [ 101.680745987398964, 12.731181302744393 ], [ 101.680746936884148, 12.731271632197567 ], [ 101.681022985473021, 12.731268835802934 ], [ 101.681022035890365, 12.731178506370245 ], [ 101.681114052039561, 12.731177574181723 ], [ 101.681113102431695, 12.731087244755175 ], [ 101.681205118541115, 12.731086312541578 ], [ 101.681204168908053, 12.730995983121177 ], [ 101.681296184977654, 12.730995050882505 ], [ 101.681295235319411, 12.730904721468246 ], [ 101.681387251349221, 12.730903789204502 ], [ 101.681388201039979, 12.73099411861193 ], [ 101.681480217094972, 12.730993186309451 ], [ 101.681478317655802, 12.730812527507569 ], [ 101.681386301665768, 12.730813459796387 ], [ 101.681385351989618, 12.730723130387592 ], [ 101.681477367947167, 12.730722198105601 ], [ 101.681476418245808, 12.730631868702947 ], [ 101.681384402320774, 12.730632800978105 ], [ 101.681383452659233, 12.73054247156794 ], [ 101.681199420852252, 12.730544336008897 ], [ 101.681200370448821, 12.730634665432722 ], [ 101.680740290641168, 12.73063932601098 ], [ 101.680742189531259, 12.730819984924851 ], [ 101.680650173482846, 12.730820916958455 ], [ 101.680651122906326, 12.730911246421195 ], [ 101.680559106818137, 12.730912178429719 ], [ 101.680558157427129, 12.730821848960149 ], [ 101.680006060939661, 12.730827440300382 ], [ 101.680007010135697, 12.730917769810906 ], [ 101.67991499399642, 12.73091870159611 ], [ 101.679915943167231, 12.731009031112775 ], [ 101.67973191080182, 12.731010894601129 ], [ 101.679732859914949, 12.731101224130759 ], [ 101.679548827455349, 12.731103087505149 ], [ 101.679547878407206, 12.731012757961867 ], [ 101.679363845983417, 12.731014621194996 ], [ 101.679364794966574, 12.731104950751925 ], [ 101.679088746178707, 12.731107745382815 ], [ 101.679091592879459, 12.731378734110908 ], [ 101.678999576504765, 12.731379665611197 ], [ 101.67899862762971, 12.731289336029029 ], [ 101.678906611280226, 12.731290267490595 ], [ 101.678905662444976, 12.731199937900916 ], [ 101.678813646120673, 12.731200869323754 ], [ 101.678816492550837, 12.731471858111203 ], [ 101.678908508972626, 12.731470926667896 ], [ 101.678911355565887, 12.731741915428712 ], [ 101.679003372077872, 12.731740983933031 ], [ 101.679002423173657, 12.731650654353603 ], [ 101.679094439645837, 12.731649722832838 ], [ 101.679093490716426, 12.731559393259548 ], [ 101.679185507148816, 12.731558461713703 ], [ 101.679186456110742, 12.731648791280174 ], [ 101.679278472568328, 12.731647859695599 ], [ 101.679279421570044, 12.73173818925456 ], [ 101.679371438052854, 12.731737257631263 ], [ 101.679370489018638, 12.731646928079124 ], [ 101.67983057116075, 12.73164226951817 ], [ 101.67982867278927, 12.731461610480091 ] ], [ [ 101.687027620581489, 12.750901751276059 ], [ 101.687026667356875, 12.750811422423441 ], [ 101.687118690135577, 12.750810486733124 ], [ 101.687117736885725, 12.750720157886663 ], [ 101.687209759624565, 12.750719222171242 ], [ 101.687208806349474, 12.750628893330939 ], [ 101.687300829048439, 12.750627957590403 ], [ 101.687299875748124, 12.750537628756263 ], [ 101.687575943703493, 12.750534821363477 ], [ 101.687574990312839, 12.750444492549187 ], [ 101.68775903551473, 12.75044262080792 ], [ 101.687756175191424, 12.750171634401999 ], [ 101.687940220168741, 12.750169762574002 ], [ 101.687939266677191, 12.750079433784348 ], [ 101.688215333990627, 12.750076625823253 ], [ 101.688214380408752, 12.749986297053454 ], [ 101.688306402799384, 12.749985361009369 ], [ 101.688307356413802, 12.750075689772318 ], [ 101.688399378829658, 12.750074753689432 ], [ 101.688398425182697, 12.749984424933327 ], [ 101.688674492288698, 12.7499816165135 ], [ 101.688675446033315, 12.750071945249063 ], [ 101.688767468419883, 12.750071009038372 ], [ 101.688766514642722, 12.74998068030966 ], [ 101.688858536989429, 12.749979744073864 ], [ 101.68885758318703, 12.749889415351312 ], [ 101.689041627793387, 12.749887542797566 ], [ 101.689042581660871, 12.749977871506418 ], [ 101.689226626303039, 12.749975998811168 ], [ 101.689225672370455, 12.749885670116013 ], [ 101.689409716918234, 12.74988379730666 ], [ 101.689410670915905, 12.749974125988114 ], [ 101.689686737780278, 12.7499713165139 ], [ 101.689687691882909, 12.750061645174119 ], [ 101.690239825609183, 12.7500560253219 ], [ 101.690240779914433, 12.750146353940323 ], [ 101.690516846776319, 12.750143543562313 ], [ 101.69051589237344, 12.750053214964447 ], [ 101.690699936846315, 12.750051341233057 ], [ 101.690698982385669, 12.749961012648209 ], [ 101.690791004578571, 12.74996007574144 ], [ 101.690790050092701, 12.749869747162762 ], [ 101.690882072245728, 12.749868810230895 ], [ 101.690881117734634, 12.749778481658385 ], [ 101.691065161953631, 12.74977660771251 ], [ 101.691064207384784, 12.749686279153019 ], [ 101.69124825150935, 12.749684405093046 ], [ 101.691247296882736, 12.749594076546581 ], [ 101.691339318901484, 12.749593139475525 ], [ 101.69133836424966, 12.74950281093523 ], [ 101.691430386228532, 12.74950187383908 ], [ 101.691429431551484, 12.74941154530495 ], [ 101.691521453490495, 12.749410608183704 ], [ 101.691520498788236, 12.749320279655741 ], [ 101.691612520687357, 12.749319342509404 ], [ 101.691611565959889, 12.749229013987618 ], [ 101.691887631515655, 12.749226202377471 ], [ 101.691886676697877, 12.749135873875565 ], [ 101.692070720300009, 12.749133999322765 ], [ 101.692069765424463, 12.749043670833887 ], [ 101.692253808932179, 12.749041796167013 ], [ 101.69225285399888, 12.748951467691153 ], [ 101.692436897412179, 12.748949592910201 ], [ 101.692435942421113, 12.748859264447375 ], [ 101.692527964084235, 12.748858327015833 ], [ 101.692527009067973, 12.748767998559181 ], [ 101.692619030691191, 12.748767061102548 ], [ 101.692618075649733, 12.748676732652065 ], [ 101.69252605405903, 12.74867767010184 ], [ 101.692525099057434, 12.748587341643814 ], [ 101.692433077491955, 12.748588279054784 ], [ 101.692431167575819, 12.748407622122961 ], [ 101.692339146068093, 12.748408559488267 ], [ 101.692338191153567, 12.748318231014464 ], [ 101.692246169671051, 12.74831916834097 ], [ 101.692245214796401, 12.748228839859626 ], [ 101.692153193339095, 12.748229777147325 ], [ 101.69215223850432, 12.748139448658437 ], [ 101.692060217072225, 12.748140385907334 ], [ 101.692058307489731, 12.74795972891379 ], [ 101.691966286115388, 12.747960666117027 ], [ 101.691965331367683, 12.747870337612371 ], [ 101.691873310018565, 12.747871274776802 ], [ 101.691872355310721, 12.747780946264603 ], [ 101.691412248617837, 12.747785631573315 ], [ 101.691413203162966, 12.747875960119789 ], [ 101.691137138961665, 12.747878770942236 ], [ 101.691138093416512, 12.747969099508593 ], [ 101.691046071968884, 12.74797003639237 ], [ 101.691047026398508, 12.748060364964896 ], [ 101.690862983416181, 12.748062238650324 ], [ 101.690863937788052, 12.74815256723587 ], [ 101.690679894711337, 12.748154440807218 ], [ 101.690680849025455, 12.748244769405789 ], [ 101.68994467616524, 12.748252262468151 ], [ 101.689945630226347, 12.748342591120849 ], [ 101.689761586872962, 12.748344464080677 ], [ 101.68976063287694, 12.748254135414275 ], [ 101.689576589559351, 12.748256008232612 ], [ 101.689577543490273, 12.748346336912714 ], [ 101.689485521787958, 12.748347273280814 ], [ 101.689484567889565, 12.748256944593862 ], [ 101.689116481137191, 12.748260689719388 ], [ 101.689115527376273, 12.748170361004354 ], [ 101.688563397223334, 12.748175977693148 ], [ 101.688562443664992, 12.748085648936334 ], [ 101.688102335165595, 12.748090328597566 ], [ 101.688101381777273, 12.747999999805828 ], [ 101.687825316687423, 12.74800280719867 ], [ 101.687824363404062, 12.747912478385711 ], [ 101.687456276645293, 12.747916221101537 ], [ 101.687455323499421, 12.74782589226051 ], [ 101.687179258451138, 12.74782869894141 ], [ 101.687178305410185, 12.747738370079162 ], [ 101.686810218706867, 12.747742111845749 ], [ 101.686809265803404, 12.747651782955442 ], [ 101.686533200796731, 12.747654588924419 ], [ 101.686532247998201, 12.747564260012899 ], [ 101.686348204688926, 12.747566130485472 ], [ 101.686347251962786, 12.747475801559574 ], [ 101.68607118704162, 12.747478607008325 ], [ 101.686070234420441, 12.747388278061218 ], [ 101.685886191168152, 12.747390148186975 ], [ 101.685885238619363, 12.7472998192255 ], [ 101.685425130523427, 12.747304493946656 ], [ 101.685424178144629, 12.747214164950298 ], [ 101.685332156536035, 12.747215099791854 ], [ 101.685331204197098, 12.747124770787968 ], [ 101.685055139425103, 12.747127575100457 ], [ 101.685054187191085, 12.747037246075363 ], [ 101.68496216561833, 12.747038180775466 ], [ 101.684961213424174, 12.746947851742851 ], [ 101.684409084029369, 12.74695345923161 ], [ 101.68440813203776, 12.746863130157283 ], [ 101.684316110478917, 12.746864064620103 ], [ 101.684315158527141, 12.746773735538254 ], [ 101.68403909390436, 12.74677653871454 ], [ 101.684040045758522, 12.746866867816902 ], [ 101.683856002575055, 12.746868736455049 ], [ 101.683855050785979, 12.746778407339013 ], [ 101.683486964461508, 12.746782144204641 ], [ 101.683486012809894, 12.746691815060581 ], [ 101.683301969668889, 12.746693683288065 ], [ 101.683301018089665, 12.746603354129649 ], [ 101.683208996540742, 12.746604288188639 ], [ 101.683208045001351, 12.746513959022703 ], [ 101.683024001946677, 12.746515827031191 ], [ 101.683022099019965, 12.746335168669928 ], [ 101.682746034578372, 12.746337970402088 ], [ 101.682746985940469, 12.746428299603563 ], [ 101.682102835093346, 12.746434835908444 ], [ 101.682101883959021, 12.74634450665914 ], [ 101.681733797730146, 12.746348240960435 ], [ 101.681732846733254, 12.746257911683129 ], [ 101.681640825190328, 12.746258845171761 ], [ 101.681639874233298, 12.746168515886939 ], [ 101.681363809658293, 12.746171316140705 ], [ 101.681362858806168, 12.746080986834707 ], [ 101.681178815784733, 12.746082853497182 ], [ 101.681177865004983, 12.745992524176838 ], [ 101.68071775748632, 12.745997190239901 ], [ 101.680716806876546, 12.745906860884729 ], [ 101.680440742375382, 12.745909660118782 ], [ 101.680439791870526, 12.745819330742444 ], [ 101.680163727401265, 12.745822129668543 ], [ 101.680162777001314, 12.745731800271038 ], [ 101.679886712563999, 12.745734598889188 ], [ 101.679885762268952, 12.745644269470519 ], [ 101.679517676380513, 12.745648000486907 ], [ 101.6795167262229, 12.745557671040254 ], [ 101.678780554356123, 12.74556513148527 ], [ 101.678779604466101, 12.74547480198334 ], [ 101.678687582982462, 12.745475734388409 ], [ 101.678688532839956, 12.745566063897162 ], [ 101.678504489785738, 12.745567928625128 ], [ 101.678503539993315, 12.745477599102731 ], [ 101.678411518487792, 12.74547853141198 ], [ 101.678410568735188, 12.74538820188207 ], [ 101.678318547254932, 12.745389134152557 ], [ 101.678319496974979, 12.745479463689284 ], [ 101.678135453927496, 12.745481328148079 ], [ 101.678136403589775, 12.745571657697766 ], [ 101.677400230847852, 12.745579114309876 ], [ 101.677401180257135, 12.745669443913437 ], [ 101.677033093581059, 12.745673171480185 ], [ 101.67703404286749, 12.745763501110337 ], [ 101.676849999420654, 12.745765364715702 ], [ 101.676850948649303, 12.745855694358802 ], [ 101.676574883326765, 12.745858489547738 ], [ 101.676575832465076, 12.745948819210613 ], [ 101.676299766979341, 12.745951614132519 ], [ 101.676300716027342, 12.746041943815158 ], [ 101.676116672268677, 12.746043806950352 ], [ 101.676117621258896, 12.746134136645937 ], [ 101.675933577405999, 12.746135999666997 ], [ 101.675934526338438, 12.74622632937553 ], [ 101.675750482391322, 12.746228192282446 ], [ 101.675752380147884, 12.746408851724716 ], [ 101.675568336041465, 12.746410714531123 ], [ 101.675569284865603, 12.746501044264864 ], [ 101.675385240664966, 12.746502906957124 ], [ 101.675386189431322, 12.746593236703809 ], [ 101.675202145136481, 12.746595099281922 ], [ 101.675203093845028, 12.746685429041545 ], [ 101.675111071654129, 12.7466863602895 ], [ 101.675112020337423, 12.746776690055254 ], [ 101.67501999810672, 12.746777621278081 ], [ 101.675020946764761, 12.746867951049966 ], [ 101.674928924494225, 12.746868882247661 ], [ 101.674929873126999, 12.746959212025669 ], [ 101.674837850816644, 12.746960143198232 ], [ 101.674838799424165, 12.747050472982369 ], [ 101.674746777073992, 12.747051404129797 ], [ 101.67474772565626, 12.747141733920065 ], [ 101.674655703266254, 12.747142665042361 ], [ 101.674657600387562, 12.747323324634465 ], [ 101.674565577925193, 12.747324255738441 ], [ 101.674566526464233, 12.747414585540273 ], [ 101.674474503962031, 12.747415516619119 ], [ 101.674475452475804, 12.74750584642708 ], [ 101.674383429933798, 12.747506777480789 ], [ 101.674385326918113, 12.747687437108285 ], [ 101.674293304303731, 12.747688368143674 ], [ 101.674295201252093, 12.747869027782048 ], [ 101.674203178565335, 12.747869958799109 ], [ 101.674204127017902, 12.747960288624084 ], [ 101.674112104291325, 12.747961219616007 ], [ 101.6741140011532, 12.748141879277521 ], [ 101.674021978354261, 12.748142810251119 ], [ 101.674022926763584, 12.748233140087658 ], [ 101.673930903924827, 12.748234071036123 ], [ 101.673932800700214, 12.748414730720766 ], [ 101.673840777789081, 12.748415661650903 ], [ 101.673845519692236, 12.748867310884568 ], [ 101.673937542766083, 12.748866379920381 ], [ 101.673938491201113, 12.74895670975825 ], [ 101.674030514300227, 12.748955778755301 ], [ 101.674031462775076, 12.749046108585672 ], [ 101.674675624492821, 12.749039590622736 ], [ 101.67467657320276, 12.749129920404737 ], [ 101.674860619407383, 12.749128057828438 ], [ 101.674861568189698, 12.749218387596132 ], [ 101.675597752977183, 12.749210935958391 ], [ 101.675599651084411, 12.749391595382701 ], [ 101.675967743563675, 12.749387868742492 ], [ 101.675965845196075, 12.74920720937271 ], [ 101.676057868232576, 12.749206277646408 ], [ 101.676055020638188, 12.748935288607038 ], [ 101.676147043569756, 12.748934356869244 ], [ 101.676145145144844, 12.748753697519868 ], [ 101.67623716800405, 12.748752765763752 ], [ 101.676235269543184, 12.748572106425273 ], [ 101.676327292330015, 12.748571174650838 ], [ 101.67632539383321, 12.748390515323248 ], [ 101.676417416547665, 12.7483895835305 ], [ 101.676416467277647, 12.748299253872496 ], [ 101.676508489952283, 12.748298322054616 ], [ 101.676506591369034, 12.748117662750184 ], [ 101.676690636566235, 12.74811579904585 ], [ 101.67668873788196, 12.747935139765946 ], [ 101.676780760404554, 12.747934207879494 ], [ 101.676779811040802, 12.747843878245334 ], [ 101.676871833523563, 12.747842946333748 ], [ 101.676870884134573, 12.74775261670572 ], [ 101.676962906577486, 12.747751684769009 ], [ 101.676961957163243, 12.747661355147111 ], [ 101.677053979566338, 12.747660423185277 ], [ 101.677053030126842, 12.747570093569511 ], [ 101.677145052490104, 12.747569161582547 ], [ 101.677144103025341, 12.747478831972915 ], [ 101.677236125348784, 12.74747789996082 ], [ 101.677235175858783, 12.747387570357324 ], [ 101.677419220418699, 12.747385706250936 ], [ 101.677418270870888, 12.747295376660396 ], [ 101.677602315336571, 12.747293512439867 ], [ 101.677601365730979, 12.747203182862277 ], [ 101.677693387920343, 12.747202250710915 ], [ 101.677692438289498, 12.747111921139458 ], [ 101.677876482581269, 12.74711005675454 ], [ 101.677875532892642, 12.747019727196042 ], [ 101.678059577090167, 12.747017862696982 ], [ 101.678058627343759, 12.746927533151441 ], [ 101.678150649399043, 12.746926600860814 ], [ 101.678149699627369, 12.74683627132141 ], [ 101.678701831610709, 12.746830676947758 ], [ 101.678700881651096, 12.746740347448599 ], [ 101.679068969363954, 12.746736617254575 ], [ 101.679068019281473, 12.746646287782021 ], [ 101.679804194096732, 12.746638825915268 ], [ 101.679803243761242, 12.746548496496629 ], [ 101.679895265547785, 12.746547563626363 ], [ 101.679896215915804, 12.746637893038177 ], [ 101.680172281329234, 12.746635094215245 ], [ 101.680173231802172, 12.746725423605895 ], [ 101.680265253624583, 12.746724490594206 ], [ 101.680266204137354, 12.746814819977347 ], [ 101.680358225985017, 12.746813886926885 ], [ 101.680360127097515, 12.746994545677451 ], [ 101.68026810518478, 12.746995478741566 ], [ 101.68026905571945, 12.74708580812265 ], [ 101.679900967865336, 12.74708954008697 ], [ 101.679901918277125, 12.747179869494673 ], [ 101.67971787424122, 12.747181735298819 ], [ 101.679718824595241, 12.747272064719485 ], [ 101.679258714215067, 12.747276728704932 ], [ 101.679259664413678, 12.747367058159037 ], [ 101.679167642283218, 12.747367990867113 ], [ 101.67916954263724, 12.747548649786923 ], [ 101.680641896890336, 12.7475337224058 ], [ 101.680642847598961, 12.747624051755464 ], [ 101.681010936000476, 12.747620318605042 ], [ 101.681011886846548, 12.747710647926704 ], [ 101.681195931068601, 12.747708781146155 ], [ 101.681196881987049, 12.747799110453478 ], [ 101.681288904119668, 12.747798177008457 ], [ 101.681289855077964, 12.747888506308263 ], [ 101.681381877235808, 12.747887572824464 ], [ 101.681382828233964, 12.747977902116753 ], [ 101.681474850417061, 12.74797696859418 ], [ 101.681473899386376, 12.747886639308721 ], [ 101.682302098412734, 12.747878236229434 ], [ 101.682303049736305, 12.747968565453416 ], [ 101.682671138132747, 12.747964829893572 ], [ 101.68267208959378, 12.748055159089537 ], [ 101.683040178003523, 12.748051422991216 ], [ 101.683041129602032, 12.748141752159162 ], [ 101.683501240112548, 12.748137081283284 ], [ 101.683502191881075, 12.748227410416373 ], [ 101.68368623609922, 12.748225541828724 ], [ 101.683687187940137, 12.748315870947458 ], [ 101.683963254310157, 12.748313067805867 ], [ 101.683964206256022, 12.748403396903411 ], [ 101.684148250531251, 12.748401527968939 ], [ 101.684149202549506, 12.748491857052125 ], [ 101.684517291142441, 12.748488118772469 ], [ 101.684518243298172, 12.748578447827613 ], [ 101.684610265460677, 12.748577513170993 ], [ 101.684612169859136, 12.748758171265559 ], [ 101.684520147631545, 12.748759105935855 ], [ 101.684523004186445, 12.749030093093076 ], [ 101.684891093443483, 12.749026354138142 ], [ 101.684888236498054, 12.748755367062978 ], [ 101.684980258696399, 12.748754432264883 ], [ 101.684979306363346, 12.748664103245298 ], [ 101.685255372816897, 12.748661298679851 ], [ 101.685256325247593, 12.748751627678921 ], [ 101.685440369578487, 12.748749757795201 ], [ 101.685441322081587, 12.748840086779907 ], [ 101.685717388620731, 12.748837281694197 ], [ 101.685718341228764, 12.748927610657693 ], [ 101.685994407799711, 12.748924805263922 ], [ 101.685995360512692, 12.749015134206211 ], [ 101.686087382720942, 12.749014199004215 ], [ 101.686088335473769, 12.749104527938977 ], [ 101.686180357707244, 12.749103592698189 ], [ 101.686183216107295, 12.749374579477836 ], [ 101.68627523843108, 12.749373644184574 ], [ 101.686277144132774, 12.749554302020561 ], [ 101.686369166514325, 12.749553366681665 ], [ 101.686371072310379, 12.749734024501221 ], [ 101.686463094749726, 12.749733089116688 ], [ 101.686464047691274, 12.749823418018599 ], [ 101.686556070155845, 12.749822482595274 ], [ 101.68655702313724, 12.749912811489651 ], [ 101.68664904562705, 12.749911876027532 ], [ 101.686649998648306, 12.750002204914383 ], [ 101.686834043671055, 12.750000333880607 ], [ 101.68683499676473, 12.750090662753081 ], [ 101.686927019297684, 12.75008972718142 ], [ 101.686928925572076, 12.750270384910632 ], [ 101.687020948162811, 12.750269449293333 ], [ 101.687021901343527, 12.750359778150063 ], [ 101.68692987872025, 12.75036071377421 ], [ 101.686930831875742, 12.750451042637099 ], [ 101.686838809212603, 12.750451978236132 ], [ 101.686839762342856, 12.750542307105182 ], [ 101.686747739639841, 12.750543242679106 ], [ 101.686749645857219, 12.750723900428836 ], [ 101.6866576230818, 12.750724835984492 ], [ 101.686658576168909, 12.75081516486517 ], [ 101.686566553353629, 12.750816100395719 ], [ 101.686573224940361, 12.751448402589151 ], [ 101.686665247983498, 12.751447467010703 ], [ 101.686666201129128, 12.751537795885893 ], [ 101.68675822419749, 12.751536860268645 ], [ 101.68676013057582, 12.751717518003279 ], [ 101.686852153701963, 12.751716582340389 ], [ 101.686853106934663, 12.751806911199836 ], [ 101.687129176366881, 12.751804103998897 ], [ 101.687127269713514, 12.751623446320387 ], [ 101.687035246641869, 12.751624382072299 ], [ 101.687034293358707, 12.75153405322517 ], [ 101.686942270312286, 12.751534988938284 ], [ 101.686939410604367, 12.751264002372249 ], [ 101.687031433553145, 12.751263066679668 ], [ 101.687030480299256, 12.751172737829792 ], [ 101.686938457383036, 12.751173673515531 ], [ 101.686935597762925, 12.750902686941265 ], [ 101.687027620581489, 12.750901751276059 ] ], [ [ 101.681102007211294, 12.747529055922049 ], [ 101.680733918969139, 12.747532789172942 ], [ 101.680732017508731, 12.74735213048522 ], [ 101.681100105490557, 12.747348397288951 ], [ 101.681102007211294, 12.747529055922049 ] ], [ [ 101.686140200954156, 12.692822951365383 ], [ 101.685956197021298, 12.692824813673869 ], [ 101.685957145389182, 12.692915143000123 ], [ 101.685589137306209, 12.692918867262817 ], [ 101.685588189067872, 12.692828537909207 ], [ 101.685680191067192, 12.69282760689808 ], [ 101.685679242803786, 12.692737277550627 ], [ 101.685771244763401, 12.692736346514533 ], [ 101.685772193059194, 12.692826675855146 ], [ 101.685864195043891, 12.692825744780409 ], [ 101.685863246715698, 12.692735415446638 ], [ 101.685955248660704, 12.692734484346936 ], [ 101.685954300307444, 12.692644155019318 ], [ 101.685862298394824, 12.692645086112183 ], [ 101.685861350081254, 12.69255475677704 ], [ 101.685677346298874, 12.692556618853674 ], [ 101.685675449823194, 12.69237596015399 ], [ 101.685491446141157, 12.692377822076054 ], [ 101.685489549824254, 12.692197163346286 ], [ 101.685397548037059, 12.692198094245938 ], [ 101.685395651814162, 12.692017435499757 ], [ 101.685303650084407, 12.692018366353928 ], [ 101.685309338646448, 12.692560342625303 ], [ 101.685125334776401, 12.6925622043203 ], [ 101.685126282830879, 12.692652533710147 ], [ 101.685034280852506, 12.692653464516779 ], [ 101.685035228881887, 12.692743793912777 ], [ 101.684943226863808, 12.692744724694442 ], [ 101.684944174868122, 12.692835054096603 ], [ 101.684852172810366, 12.6928359848533 ], [ 101.684855964771046, 12.693197302482451 ], [ 101.684947966958362, 12.693196371698402 ], [ 101.684948914999183, 12.693286701097142 ], [ 101.68504091721158, 12.693285770274453 ], [ 101.685041865292106, 12.693376099665677 ], [ 101.685133867529601, 12.693375168804346 ], [ 101.685134815649803, 12.693465498188045 ], [ 101.68522681791238, 12.693464567288069 ], [ 101.685227766072288, 12.693554896664253 ], [ 101.685319768359946, 12.693553965725632 ], [ 101.685320716559559, 12.693644295094295 ], [ 101.6854127188723, 12.693643364117033 ], [ 101.685413667111604, 12.693733693478173 ], [ 101.685597671779959, 12.693731831414549 ], [ 101.685599568410055, 12.693912490107424 ], [ 101.68596757791822, 12.693908765543798 ], [ 101.685965681028975, 12.69372810690564 ], [ 101.686057683322971, 12.693727175698896 ], [ 101.686055786398185, 12.693546517071685 ], [ 101.686239790834662, 12.693544654590143 ], [ 101.68623884231846, 12.693454325289192 ], [ 101.686330844493355, 12.693453394007557 ], [ 101.686326101859976, 12.693001747526772 ], [ 101.686234099847027, 12.693002678774208 ], [ 101.686233151374665, 12.692912349469161 ], [ 101.686141149386799, 12.692913280677951 ], [ 101.686140200954156, 12.692822951365383 ] ], [ [ 101.689430552713347, 12.699474689931799 ], [ 101.689522556810303, 12.699473757109921 ], [ 101.689518756322855, 12.699112441040675 ], [ 101.689610760282875, 12.69911150821437 ], [ 101.689609810146905, 12.699021179202203 ], [ 101.689701814067206, 12.69902024635093 ], [ 101.689698963605977, 12.69874925933086 ], [ 101.689790967421743, 12.698748326468317 ], [ 101.689789067086025, 12.698567668465229 ], [ 101.689697063335075, 12.69856860131407 ], [ 101.689696113210616, 12.698478272304648 ], [ 101.689604109484733, 12.698479205114825 ], [ 101.689603159399994, 12.698388876097868 ], [ 101.689511155699208, 12.698389808869377 ], [ 101.689509255616471, 12.698209150819721 ], [ 101.689325248322575, 12.698211016239892 ], [ 101.689324298356979, 12.698120687200339 ], [ 101.689232294731454, 12.698121619855849 ], [ 101.689231344805592, 12.698031290808766 ], [ 101.688495315797226, 12.698038750852662 ], [ 101.68849816481908, 12.698309738156201 ], [ 101.688590168567941, 12.698308805741533 ], [ 101.688591118288926, 12.698399134834501 ], [ 101.688683122062869, 12.698398202381163 ], [ 101.688684071823573, 12.6984885314666 ], [ 101.688776075622613, 12.698487598974605 ], [ 101.688778925045838, 12.698758586206271 ], [ 101.688870928934776, 12.698757653661916 ], [ 101.688871878789556, 12.698847982730923 ], [ 101.688779874868217, 12.698848915282127 ], [ 101.688781774534903, 12.699029573431789 ], [ 101.68868977054143, 12.699030505964867 ], [ 101.68869072035335, 12.699120835045516 ], [ 101.688506712279661, 12.699122700029909 ], [ 101.68850766203407, 12.699213029123571 ], [ 101.68841565795384, 12.699213961574886 ], [ 101.68842135643952, 12.699755936163585 ], [ 101.688329352157552, 12.699756868624153 ], [ 101.688331251646474, 12.699937526828611 ], [ 101.688239247292358, 12.699938459271054 ], [ 101.688240197015389, 12.700028788379102 ], [ 101.68814819262154, 12.700029720796568 ], [ 101.688149142319475, 12.70012004991078 ], [ 101.688057137885906, 12.700120982303268 ], [ 101.688059037238915, 12.700301640543332 ], [ 101.688151041737285, 12.700300708137153 ], [ 101.688152941184356, 12.700481366360792 ], [ 101.688244945740237, 12.700480433909098 ], [ 101.688245895507166, 12.700570763013049 ], [ 101.688429904661817, 12.700568898000501 ], [ 101.688430854500865, 12.700659227090076 ], [ 101.688614863691072, 12.700657361936539 ], [ 101.688615813602269, 12.700747691011735 ], [ 101.688707818218816, 12.700746758380385 ], [ 101.688708768169718, 12.700837087448049 ], [ 101.68898478207268, 12.700834289342517 ], [ 101.68898193195021, 12.700563302199093 ], [ 101.689073936472653, 12.700562369454142 ], [ 101.689071086318791, 12.700291382325112 ], [ 101.689163090736699, 12.700290449568884 ], [ 101.689160240551459, 12.700019462454245 ], [ 101.689252244864832, 12.700018529686739 ], [ 101.689250344713088, 12.699837871620593 ], [ 101.689342348954327, 12.699836938834961 ], [ 101.689340448767069, 12.699656280779777 ], [ 101.68943245293616, 12.699655347976019 ], [ 101.689430552713347, 12.699474689931799 ] ], [ [ 101.689454307602446, 12.701732915288041 ], [ 101.689546312509677, 12.701731982294937 ], [ 101.689541561003892, 12.701280337292115 ], [ 101.68963356574173, 12.701279404301429 ], [ 101.68963166512583, 12.701098746309212 ], [ 101.689723669791533, 12.701097813300402 ], [ 101.689722719462139, 12.70100748431012 ], [ 101.689814724088109, 12.701006551276334 ], [ 101.689813773733633, 12.700916222292216 ], [ 101.689905778319869, 12.700915289233459 ], [ 101.689904827940296, 12.700824960255504 ], [ 101.689996832486813, 12.70082402717177 ], [ 101.689995882082144, 12.700733698199985 ], [ 101.690087886588927, 12.70073276509128 ], [ 101.690084084913821, 12.700371449224702 ], [ 101.690176089283653, 12.700370516111576 ], [ 101.690174188425189, 12.700189858187889 ], [ 101.690266192722873, 12.700188925056642 ], [ 101.690261440542798, 12.699737280269716 ], [ 101.690353444671118, 12.699736347140897 ], [ 101.690352494224669, 12.699646018188314 ], [ 101.690260490128736, 12.699646951310276 ], [ 101.690258589322596, 12.699466293389355 ], [ 101.690442597377469, 12.699464427141008 ], [ 101.690441646920561, 12.699374098193225 ], [ 101.690533650904612, 12.699373165028176 ], [ 101.690531749947951, 12.699192507144257 ], [ 101.690623753859853, 12.699191573961086 ], [ 101.6906228033601, 12.699101245024957 ], [ 101.690530799480598, 12.699102178201274 ], [ 101.690528898567848, 12.698921520313258 ], [ 101.690436894745829, 12.698922453444052 ], [ 101.690435944332847, 12.698832124492167 ], [ 101.690343940535897, 12.69883305758429 ], [ 101.690342990162634, 12.698742728624872 ], [ 101.69025098639078, 12.698743661678327 ], [ 101.690251936731642, 12.698833990644594 ], [ 101.690159932920068, 12.698834923673083 ], [ 101.690160883235848, 12.698925252645521 ], [ 101.69006887938454, 12.698926185649043 ], [ 101.690069829675224, 12.699016514627646 ], [ 101.689977825784197, 12.699017447606195 ], [ 101.689982577185376, 12.69946909252322 ], [ 101.689890573125012, 12.699470025504201 ], [ 101.689891523394792, 12.699560354492409 ], [ 101.689799519294695, 12.69956128744842 ], [ 101.689802370050728, 12.699832274429479 ], [ 101.689710365846096, 12.699833207374219 ], [ 101.689711316080349, 12.69992353637339 ], [ 101.689803320317395, 12.6999226034218 ], [ 101.689804270591367, 12.700012932413438 ], [ 101.689712266321905, 12.700013865371877 ], [ 101.689714166826988, 12.7001945233668 ], [ 101.689622162485392, 12.700195456307116 ], [ 101.689624062954934, 12.700376114313004 ], [ 101.689440054120155, 12.700377980125561 ], [ 101.68944385488777, 12.700739296183928 ], [ 101.689351850329757, 12.700740229069869 ], [ 101.689354700885076, 12.701011216127013 ], [ 101.689262696222528, 12.701012149001675 ], [ 101.689265546746469, 12.701283136073211 ], [ 101.689081537204913, 12.701285001768152 ], [ 101.689085337746661, 12.701646317908752 ], [ 101.688993332835253, 12.701647250735876 ], [ 101.688996183221136, 12.70191823785469 ], [ 101.689088188229789, 12.701917305007022 ], [ 101.689090088588443, 12.702097963069122 ], [ 101.688998083514988, 12.702098895930483 ], [ 101.688999033672886, 12.702189224967354 ], [ 101.688907028559697, 12.702190157803738 ], [ 101.688907978692484, 12.702280486846773 ], [ 101.688815973539548, 12.702281419658178 ], [ 101.688816923647252, 12.702371748707373 ], [ 101.688724918454596, 12.702372681493799 ], [ 101.68872586853719, 12.70246301054916 ], [ 101.688909878980041, 12.702461144930789 ], [ 101.688910829134784, 12.702551473971775 ], [ 101.689002834377646, 12.702550541108 ], [ 101.689003784572122, 12.702640870141455 ], [ 101.688911779296845, 12.702641803012076 ], [ 101.688912729466225, 12.702732132051693 ], [ 101.689188745367346, 12.702729333323797 ], [ 101.689187795100707, 12.702639004304723 ], [ 101.689371805600047, 12.702637138340679 ], [ 101.689368954649566, 12.702366151320447 ], [ 101.689276949500808, 12.702367084297839 ], [ 101.689275999231029, 12.702276755282881 ], [ 101.689183994107367, 12.702277688221596 ], [ 101.689182093654594, 12.70209703017593 ], [ 101.689366103764939, 12.702095164294064 ], [ 101.689365153484701, 12.702004835283905 ], [ 101.689457158496495, 12.702003902302081 ], [ 101.689454307602446, 12.701732915288041 ] ], [ [ 101.689283601594113, 12.702999387383413 ], [ 101.689191596211131, 12.703000320376916 ], [ 101.689190645922551, 12.702909991359892 ], [ 101.689006635199462, 12.702911857237707 ], [ 101.68900568498303, 12.702821528206309 ], [ 101.688821674295497, 12.702823393943113 ], [ 101.688820724151228, 12.702733064897332 ], [ 101.688728718828898, 12.702733997711146 ], [ 101.688729668940752, 12.702824326763775 ], [ 101.688637663578703, 12.702825259552604 ], [ 101.688638613665475, 12.702915588611393 ], [ 101.688546608263692, 12.702916521375242 ], [ 101.688550408554235, 12.703277837630958 ], [ 101.68836639746938, 12.703279703117937 ], [ 101.688373997882934, 12.7040023357061 ], [ 101.688466003688376, 12.704001402923755 ], [ 101.688465053578653, 12.703911073859475 ], [ 101.688833076597561, 12.703907342439162 ], [ 101.688834026836972, 12.703997671476055 ], [ 101.688926032605806, 12.703996738534549 ], [ 101.688926982884951, 12.704087067563909 ], [ 101.689110994465551, 12.704085201571706 ], [ 101.689111944816844, 12.704175530586692 ], [ 101.689295956433014, 12.704173664453458 ], [ 101.689296906856455, 12.704263993454063 ], [ 101.689388912685985, 12.704263060332847 ], [ 101.689383210060555, 12.703721086360073 ], [ 101.689291204425558, 12.703722019440194 ], [ 101.689290254046, 12.703631690435488 ], [ 101.689198248436099, 12.703632623476929 ], [ 101.689196347763811, 12.703451965451771 ], [ 101.689288353308882, 12.703451032424027 ], [ 101.689286452601024, 12.703270374409833 ], [ 101.689378458073946, 12.703269441363954 ], [ 101.689376557330533, 12.703088783360725 ], [ 101.689284551922441, 12.703089716392903 ], [ 101.689283601594113, 12.702999387383413 ] ], [ [ 101.688920331084674, 12.703454764344018 ], [ 101.688918430636164, 12.703274106275039 ], [ 101.689010436138361, 12.703273173356481 ], [ 101.689012336651714, 12.703453831411768 ], [ 101.688920331084674, 12.703454764344018 ] ], [ [ 101.689887923362619, 12.707961881000307 ], [ 101.689886021533795, 12.707781223136685 ], [ 101.689978028583994, 12.707780289557315 ], [ 101.689976126719586, 12.707599631704657 ], [ 101.690068133697608, 12.707598698107148 ], [ 101.69006718274396, 12.707508369186645 ], [ 101.690159189682234, 12.707507435564144 ], [ 101.690157287732035, 12.707326777734783 ], [ 101.690249294598118, 12.707325844094143 ], [ 101.690248343601567, 12.707235515185291 ], [ 101.690340350427917, 12.707234581519662 ], [ 101.690336546385225, 12.706873265904811 ], [ 101.690428553074526, 12.706872332234747 ], [ 101.690427602049738, 12.706782003336176 ], [ 101.69051960869929, 12.706781069641124 ], [ 101.690517706606798, 12.706600411855632 ], [ 101.690609713184188, 12.706599478142447 ], [ 101.69060781105614, 12.706418820367924 ], [ 101.690699817561352, 12.706417886636601 ], [ 101.69069791539772, 12.706237228873047 ], [ 101.690789921830756, 12.706236295123594 ], [ 101.69078897072751, 12.706145966247643 ], [ 101.690880977120798, 12.7061450324732 ], [ 101.690879074871418, 12.705964374732952 ], [ 101.690971081192529, 12.70596344094038 ], [ 101.690970130046395, 12.705873112076086 ], [ 101.691062136327773, 12.705872178258527 ], [ 101.691059282836022, 12.705601191682092 ], [ 101.690967276651932, 12.705602125479089 ], [ 101.690969178907594, 12.705782783211104 ], [ 101.690785166387741, 12.705784650737 ], [ 101.690786117461684, 12.705874979615688 ], [ 101.690694111158351, 12.705875913337733 ], [ 101.690695062207226, 12.705966242222587 ], [ 101.690603055864145, 12.705967175919648 ], [ 101.690604957918964, 12.706147833701008 ], [ 101.69051295150372, 12.706148767379936 ], [ 101.690513902509693, 12.706239096276446 ], [ 101.690421896054701, 12.706240029930385 ], [ 101.690423798023758, 12.706420687735053 ], [ 101.69033179149659, 12.706421621370859 ], [ 101.69033274245966, 12.706511950279015 ], [ 101.690240735892758, 12.706512883889836 ], [ 101.690242637776038, 12.706693541717806 ], [ 101.69015063113693, 12.706694475310487 ], [ 101.690152532984641, 12.706875133149421 ], [ 101.690060526273371, 12.706876066723963 ], [ 101.690062428085511, 12.707056724573865 ], [ 101.689970421302064, 12.707057658130271 ], [ 101.68997137218669, 12.707147987061045 ], [ 101.689879365363495, 12.707148920592461 ], [ 101.689880316223011, 12.707239249529398 ], [ 101.689788309360068, 12.707240183035823 ], [ 101.689789260194473, 12.707330511978933 ], [ 101.689697253291783, 12.707331445460371 ], [ 101.689698204101077, 12.707421774409644 ], [ 101.689606197158639, 12.707422707866089 ], [ 101.689607147942823, 12.707513036821526 ], [ 101.689515140960651, 12.707513970252977 ], [ 101.689516091719724, 12.707604299214582 ], [ 101.689424084697791, 12.70760523262104 ], [ 101.689425035431753, 12.70769556158881 ], [ 101.689333028370058, 12.707696494970278 ], [ 101.689333979078924, 12.707786823944213 ], [ 101.689241971977481, 12.707787757300688 ], [ 101.689242922661222, 12.707878086280788 ], [ 101.689058908371564, 12.707879952911908 ], [ 101.689059858997751, 12.707970281905018 ], [ 101.688967851809508, 12.707971215179663 ], [ 101.688968802410585, 12.708061544178936 ], [ 101.688876795182594, 12.708062477428589 ], [ 101.688877745758575, 12.708152806434029 ], [ 101.688693731215778, 12.708154672851496 ], [ 101.688694681734205, 12.708245001869944 ], [ 101.688602674419386, 12.708245935037761 ], [ 101.688603624912702, 12.708336264062373 ], [ 101.688511617558149, 12.708337197205193 ], [ 101.68851351850185, 12.708517855266063 ], [ 101.688697533333368, 12.708515988921192 ], [ 101.688698483881055, 12.708606317936908 ], [ 101.688974506170752, 12.708603518160231 ], [ 101.688975456823059, 12.70869384715472 ], [ 101.689159471711136, 12.708691980464017 ], [ 101.68916042243562, 12.708782309444128 ], [ 101.689436444810141, 12.708779509148698 ], [ 101.689434543173888, 12.708598851228889 ], [ 101.689526550552571, 12.708597917747086 ], [ 101.689525599712994, 12.708507588793006 ], [ 101.689617607051915, 12.708506655286211 ], [ 101.689615705329842, 12.708325997389695 ], [ 101.689707712596586, 12.708325063864756 ], [ 101.689706761714092, 12.708234734922323 ], [ 101.689798768941074, 12.708233801372387 ], [ 101.689795916240243, 12.707962814561531 ], [ 101.689887923362619, 12.707961881000307 ] ], [ [ 101.686779624910031, 12.709890516509441 ], [ 101.686871632954933, 12.709889583855329 ], [ 101.686867832993158, 12.709528267279074 ], [ 101.687051848801545, 12.709526401930052 ], [ 101.687050898764497, 12.709436072797965 ], [ 101.687234914478765, 12.709434207335242 ], [ 101.687233964384163, 12.709343878216153 ], [ 101.687417980004284, 12.709342012639731 ], [ 101.687416079707319, 12.709161354426886 ], [ 101.68769210288805, 12.709158555864473 ], [ 101.687690202425728, 12.708977897689953 ], [ 101.687782210073152, 12.708976964785816 ], [ 101.687784110600347, 12.709157622946643 ], [ 101.687876118305311, 12.709156689996966 ], [ 101.68787896924826, 12.709427677212545 ], [ 101.688339008149896, 12.7094230118838 ], [ 101.688339958641023, 12.709513340920061 ], [ 101.688523974215329, 12.709511474551947 ], [ 101.688527776512458, 12.709872790635385 ], [ 101.688435768599206, 12.709873723862751 ], [ 101.688436719159355, 12.709964052888749 ], [ 101.688344711206355, 12.709964986091114 ], [ 101.688347562833343, 12.710235973185542 ], [ 101.688531578926643, 12.71023410670788 ], [ 101.688532529548468, 12.710324435724296 ], [ 101.688900561777004, 12.710320702359404 ], [ 101.68889961102542, 12.710230373370379 ], [ 101.689175635022679, 12.710227573032842 ], [ 101.689174684181097, 12.710137244063677 ], [ 101.689358700077804, 12.710135377026443 ], [ 101.689357749178683, 12.71004504807029 ], [ 101.689633772871545, 12.710042247296126 ], [ 101.689630919926145, 12.709771260485212 ], [ 101.68944690433284, 12.709773127658741 ], [ 101.68944595343055, 12.709682798706698 ], [ 101.689353945655341, 12.709683732238846 ], [ 101.689352994792799, 12.709593403279277 ], [ 101.689260987042729, 12.709594336772724 ], [ 101.689260036219935, 12.709504007805618 ], [ 101.689168028494976, 12.709504941260374 ], [ 101.689166126936229, 12.709324283310412 ], [ 101.68907411926881, 12.709325216719623 ], [ 101.68907221780421, 12.709144558753238 ], [ 101.688796194952673, 12.709147358748705 ], [ 101.688795244328645, 12.70905702974394 ], [ 101.688519221508557, 12.709059829432256 ], [ 101.68851827098915, 12.708969500406267 ], [ 101.688426263400245, 12.708970433565167 ], [ 101.6884253129206, 12.708880104531648 ], [ 101.688241297785723, 12.708881970740224 ], [ 101.68824034737824, 12.708791641692327 ], [ 101.688148339832267, 12.708792574742002 ], [ 101.688147389464547, 12.708702245686576 ], [ 101.688055381943684, 12.70870317869756 ], [ 101.688056332278975, 12.708793507759832 ], [ 101.687780309575203, 12.708796306622254 ], [ 101.687781259820525, 12.708886635704372 ], [ 101.687505236953626, 12.708889434300724 ], [ 101.687506187108951, 12.708979763402697 ], [ 101.68723016407894, 12.708982561732974 ], [ 101.687231114144268, 12.709072890854793 ], [ 101.68704709868949, 12.709074756262773 ], [ 101.687048048697292, 12.709165085397597 ], [ 101.686864033148396, 12.709166950691877 ], [ 101.686864983098616, 12.709257279839703 ], [ 101.686588959623151, 12.709260077562805 ], [ 101.686589909483374, 12.709350406730469 ], [ 101.686405893731632, 12.70935227173366 ], [ 101.6864068435343, 12.709442600914331 ], [ 101.686130819754567, 12.70944539820079 ], [ 101.686131769467252, 12.709535727401295 ], [ 101.686039761493603, 12.70953665977326 ], [ 101.686040711181164, 12.709626988979924 ], [ 101.685856695147081, 12.709628853641995 ], [ 101.685860493710919, 12.709990170516535 ], [ 101.685952501861351, 12.70998923817406 ], [ 101.685953451553019, 12.710079567384144 ], [ 101.686045459728575, 12.710078635002981 ], [ 101.686047359198724, 12.710259293407422 ], [ 101.686139367431849, 12.710258360980728 ], [ 101.686140317210302, 12.710348690175081 ], [ 101.686232325468566, 12.710347757709698 ], [ 101.686234225112315, 12.710528416082671 ], [ 101.686326233428133, 12.710527483571761 ], [ 101.686327183293415, 12.710617812750378 ], [ 101.686419191634357, 12.710616880200774 ], [ 101.68642109145172, 12.710797538542279 ], [ 101.686605108241437, 12.710795673320158 ], [ 101.686606058225962, 12.710886002476197 ], [ 101.686698066642279, 12.710885069810521 ], [ 101.686697116625325, 12.710794740661324 ], [ 101.686789125001908, 12.710793807970637 ], [ 101.686788174959815, 12.710703478827593 ], [ 101.686696166615675, 12.710704411511436 ], [ 101.686693316630596, 12.710433424057682 ], [ 101.686601308376453, 12.71043435668915 ], [ 101.686598458554485, 12.710163369208713 ], [ 101.686690466711312, 12.71016243659777 ], [ 101.686689516752836, 12.710072107443098 ], [ 101.686781524869915, 12.710071174807149 ], [ 101.686779624910031, 12.709890516509441 ] ], [ [ 101.692138926023304, 12.712004259785013 ], [ 101.692322942813817, 12.712002390421553 ], [ 101.692324847017687, 12.712183047864499 ], [ 101.692416855466846, 12.712182113121274 ], [ 101.692415903328794, 12.712091784407002 ], [ 101.692507911738176, 12.712090849638786 ], [ 101.692506007419169, 12.711910192221898 ], [ 101.692690024086176, 12.71190832261733 ], [ 101.692689071872792, 12.711817993921576 ], [ 101.69278108016286, 12.711817059078371 ], [ 101.692780127924365, 12.711726730388786 ], [ 101.692872136174671, 12.711725795520586 ], [ 101.692869279405812, 12.711454809468307 ], [ 101.692961287551455, 12.711453874588832 ], [ 101.692959383010646, 12.711273217230939 ], [ 101.693051391084097, 12.711272282333329 ], [ 101.693052343383272, 12.711362611005757 ], [ 101.693236359573049, 12.711360741101263 ], [ 101.693235407208988, 12.711270412442552 ], [ 101.693327415260455, 12.71126947744939 ], [ 101.693326462871283, 12.711179148796852 ], [ 101.693234454852274, 12.711180083783157 ], [ 101.693233502502864, 12.711089755123078 ], [ 101.69314149450895, 12.711090690070673 ], [ 101.693140542199316, 12.711000361403048 ], [ 101.693048534230513, 12.711001296311935 ], [ 101.693047581960656, 12.710910967636767 ], [ 101.692955574016963, 12.710911902506949 ], [ 101.692953669564105, 12.710731245140845 ], [ 101.692861661677966, 12.71073217996546 ], [ 101.692862613868286, 12.71082250865571 ], [ 101.692770605942385, 12.710823443455332 ], [ 101.69277251028015, 12.711004100847497 ], [ 101.692864518270937, 12.711003166034159 ], [ 101.692865470483255, 12.711093494722361 ], [ 101.692773462460039, 12.711094429542554 ], [ 101.692774414647232, 12.711184758236925 ], [ 101.692866422702906, 12.711183823409872 ], [ 101.692868327164177, 12.711364480782848 ], [ 101.692684310915766, 12.711366350432534 ], [ 101.692683358746351, 12.711276021732671 ], [ 101.692591350643582, 12.711276956502878 ], [ 101.692589446391608, 12.711096299087394 ], [ 101.692497438346393, 12.711097233812039 ], [ 101.692496486263849, 12.711006905096408 ], [ 101.692404478243731, 12.711007839782347 ], [ 101.692403526200948, 12.710917511059177 ], [ 101.692311518205955, 12.710918445706408 ], [ 101.69231056620292, 12.710828116975698 ], [ 101.692126550255864, 12.710829986160899 ], [ 101.692127502194012, 12.710920314905319 ], [ 101.691943486152766, 12.710922183976832 ], [ 101.691941582413534, 12.710741526459884 ], [ 101.691849574446792, 12.710742460934153 ], [ 101.691848622620611, 12.710652132167796 ], [ 101.69194063055491, 12.710651197700383 ], [ 101.691939678703605, 12.710560868940197 ], [ 101.692215702365246, 12.710558065367421 ], [ 101.692214750423958, 12.71046773662712 ], [ 101.692122742576515, 12.71046867117637 ], [ 101.692120838780781, 12.710288013680001 ], [ 101.691844815389103, 12.710290817095526 ], [ 101.691843863599559, 12.71020048832575 ], [ 101.691659848033353, 12.710202357096481 ], [ 101.691660799758026, 12.710292685879969 ], [ 101.691568791931502, 12.710293620224418 ], [ 101.691567840239259, 12.710203291434077 ], [ 101.691475832437845, 12.710204225739824 ], [ 101.691473929140173, 12.710023568143377 ], [ 101.691381921396328, 12.710024502403567 ], [ 101.691380969790913, 12.709934173597464 ], [ 101.691288962072164, 12.709935107818954 ], [ 101.691287058948191, 12.709754450190987 ], [ 101.691195051286982, 12.70975538436692 ], [ 101.691198857434472, 12.710116699647534 ], [ 101.69092283401767, 12.710119502066492 ], [ 101.690921882567125, 12.710029173226804 ], [ 101.690829874779325, 12.710030107295909 ], [ 101.690828923368528, 12.709939778448687 ], [ 101.690736915605839, 12.70994071247909 ], [ 101.690733110165638, 12.709579397055947 ], [ 101.690641102525376, 12.709580331027095 ], [ 101.690640151216058, 12.709490002162749 ], [ 101.690548143600907, 12.709490936095197 ], [ 101.69055004616196, 12.70967159383691 ], [ 101.690458038474617, 12.709672527751218 ], [ 101.690457087222839, 12.709582198873852 ], [ 101.690365079560607, 12.709583132749461 ], [ 101.690364128348605, 12.709492803864554 ], [ 101.690180113067029, 12.70949467150653 ], [ 101.690179161927205, 12.70940434260724 ], [ 101.689903139047246, 12.709407143810802 ], [ 101.689904090089755, 12.709497472730643 ], [ 101.690088105415256, 12.709495605279749 ], [ 101.690090007651975, 12.709676263089976 ], [ 101.690274023077933, 12.70967439548429 ], [ 101.690274974272143, 12.709764724374679 ], [ 101.69036698200658, 12.709763790517213 ], [ 101.690367933240537, 12.709854119400068 ], [ 101.6904599410001, 12.709853185503903 ], [ 101.690460892273819, 12.709943514379219 ], [ 101.690552900058478, 12.709942580444357 ], [ 101.690554802692773, 12.710123238179236 ], [ 101.690646810534986, 12.710122304198821 ], [ 101.690653470212681, 12.710754606201377 ], [ 101.690745478274636, 12.710753672141147 ], [ 101.690747381170453, 12.7109343298363 ], [ 101.690839389289962, 12.710933395730518 ], [ 101.69084129227997, 12.711114053409231 ], [ 101.691025308626763, 12.711112185074706 ], [ 101.691026260197631, 12.711202513899327 ], [ 101.690934251995444, 12.711203448089368 ], [ 101.690937106654658, 12.711474434579696 ], [ 101.691029114954148, 12.711473500369095 ], [ 101.691031969776589, 12.711744486832703 ], [ 101.691123978166075, 12.711743552569692 ], [ 101.691124929820646, 12.711833881382676 ], [ 101.691216938235257, 12.711832947080957 ], [ 101.691223600249373, 12.712465248704694 ], [ 101.69131560888377, 12.712464314323151 ], [ 101.691318464239856, 12.712735300702498 ], [ 101.69141047296425, 12.712734366268535 ], [ 101.691412376636478, 12.71291502383764 ], [ 101.691596394193056, 12.712913154846733 ], [ 101.691597346105056, 12.713003483616548 ], [ 101.691873372482306, 12.713000679870712 ], [ 101.691875276522921, 12.713181337367162 ], [ 101.692059294200916, 12.713179468016573 ], [ 101.692058342112048, 12.713089139282399 ], [ 101.692242359695825, 12.713087269818102 ], [ 101.692236646927142, 12.712545297480972 ], [ 101.692420664092296, 12.712543427971529 ], [ 101.692419711924941, 12.71245309925999 ], [ 101.692143686263549, 12.712455903455808 ], [ 101.69214178214547, 12.712275245989543 ], [ 101.692233790641723, 12.712274311303171 ], [ 101.692232838561225, 12.712183982575867 ], [ 101.692140830097429, 12.712184917255387 ], [ 101.692138926023304, 12.712004259785013 ] ], [ [ 101.692136069967091, 12.711733273574328 ], [ 101.692137021978496, 12.711823602311908 ], [ 101.692045013637141, 12.711824536932149 ], [ 101.692045965623436, 12.711914865675901 ], [ 101.691953957242319, 12.711915800271145 ], [ 101.691954909203503, 12.712006129021065 ], [ 101.691770892354384, 12.712007998129705 ], [ 101.691768988569109, 12.711827340601754 ], [ 101.691676980198437, 12.711828275094586 ], [ 101.691675076507352, 12.711647617550186 ], [ 101.691767084813122, 12.711646683071065 ], [ 101.691766132946114, 12.711556354304697 ], [ 101.691858141212137, 12.711555419800579 ], [ 101.691860045018345, 12.711736077318923 ], [ 101.691952053341922, 12.711735142769241 ], [ 101.691949197546265, 12.711464156511266 ], [ 101.692041205765179, 12.7114632219503 ], [ 101.692044061658152, 12.711734208187712 ], [ 101.692136069967091, 12.711733273574328 ] ], [ [ 101.686527349899166, 12.712151543318592 ], [ 101.686435341014032, 12.71215247601635 ], [ 101.686434390992048, 12.7120621468562 ], [ 101.686250373264755, 12.712064012142475 ], [ 101.686249423314948, 12.711973682967958 ], [ 101.685973396766514, 12.711976480637952 ], [ 101.68597244692134, 12.711886151442229 ], [ 101.685880438089683, 12.711887083928348 ], [ 101.685879488284272, 12.711796754725096 ], [ 101.685787479477739, 12.71179768717252 ], [ 101.68578652971209, 12.711707357961751 ], [ 101.685602512141983, 12.711709222747359 ], [ 101.685601562448511, 12.711618893522227 ], [ 101.685509553684938, 12.711619825860414 ], [ 101.685511453014314, 12.711800484323678 ], [ 101.685419444178564, 12.711801416643691 ], [ 101.685420393821772, 12.711891745881136 ], [ 101.68532838494626, 12.711892678176133 ], [ 101.685330284189718, 12.71207333666265 ], [ 101.685238275242, 12.712074268939473 ], [ 101.685239224842249, 12.712164598188545 ], [ 101.685147215854798, 12.712165530440352 ], [ 101.685148165429922, 12.712255859695579 ], [ 101.685056156402709, 12.712256791922375 ], [ 101.685057105952694, 12.71234712118375 ], [ 101.684965096885733, 12.712348053385529 ], [ 101.684967945482171, 12.712619041186075 ], [ 101.685151963803435, 12.712617176709641 ], [ 101.685153863034046, 12.712797835212568 ], [ 101.685705918211767, 12.712792240936675 ], [ 101.685704968398142, 12.71270191172659 ], [ 101.685796977536398, 12.712700979242618 ], [ 101.685796027697634, 12.712610650038686 ], [ 101.686256073117093, 12.712605987175214 ], [ 101.686255123123416, 12.712515658004801 ], [ 101.686439141175143, 12.712513792650114 ], [ 101.686438191123898, 12.7124234634927 ], [ 101.686622209081477, 12.712421598024275 ], [ 101.686621258972664, 12.71233126887986 ], [ 101.686529250029963, 12.712332201623157 ], [ 101.686527349899166, 12.712151543318592 ] ], [ [ 101.690775928122804, 12.713644194935204 ], [ 101.69077497645155, 12.7135538661085 ], [ 101.690866985511889, 12.71355293180399 ], [ 101.69086603381551, 12.71346260298345 ], [ 101.690958042836058, 12.713461668653938 ], [ 101.690956139400384, 12.713281011024508 ], [ 101.691048148348727, 12.713280076676844 ], [ 101.691045293152783, 12.713009090248132 ], [ 101.690953284301784, 12.713010024575237 ], [ 101.690949477606168, 12.712648709299957 ], [ 101.69085746887761, 12.712649643567792 ], [ 101.690855565638628, 12.712468985912341 ], [ 101.690763556967639, 12.712469920134618 ], [ 101.690761653822832, 12.712289262462727 ], [ 101.690669645209411, 12.712290196639444 ], [ 101.690666790644443, 12.712019210105916 ], [ 101.690574782121018, 12.712020144230223 ], [ 101.690569073383443, 12.711478171103584 ], [ 101.690477065047347, 12.711479105154927 ], [ 101.690475162258281, 12.71129844742687 ], [ 101.690383153979738, 12.711299381432656 ], [ 101.690379348619217, 12.71093806594093 ], [ 101.690287340463101, 12.710938999887462 ], [ 101.69028543789166, 12.710758342123791 ], [ 101.690193429793098, 12.710759276024771 ], [ 101.690190576088142, 12.710488289353577 ], [ 101.690098568079577, 12.710489223202151 ], [ 101.690097616891677, 12.710398894303536 ], [ 101.689821592919358, 12.710401695637621 ], [ 101.689822544009957, 12.710492024556791 ], [ 101.68945451181466, 12.710495759250424 ], [ 101.689455462782817, 12.710586088196305 ], [ 101.68927144657637, 12.710587955365726 ], [ 101.689272397486974, 12.71067828432462 ], [ 101.688904364856512, 12.710682018308665 ], [ 101.688905315644689, 12.710772347294268 ], [ 101.688813307436348, 12.710773280717506 ], [ 101.688814258199386, 12.710863609709271 ], [ 101.688722249951283, 12.710864543107503 ], [ 101.688723200689225, 12.710954872105434 ], [ 101.688815208969771, 12.710953938700355 ], [ 101.688819012124412, 12.711315254657855 ], [ 101.688911020527399, 12.711314321193532 ], [ 101.68891292221349, 12.711494979154486 ], [ 101.689004930674045, 12.711494045644617 ], [ 101.689008734263822, 12.711855361530917 ], [ 101.689100742846819, 12.711854427961802 ], [ 101.689102644750491, 12.712035085887152 ], [ 101.689194653391041, 12.712034152272491 ], [ 101.689197506398784, 12.712305139134838 ], [ 101.689473532568513, 12.712302338038098 ], [ 101.689471630361396, 12.712121680171647 ], [ 101.689747656270598, 12.712118878829319 ], [ 101.68974670508068, 12.712028549915612 ], [ 101.689838713669999, 12.712027616077982 ], [ 101.689839664892361, 12.712117944984838 ], [ 101.689931673506791, 12.712117011108504 ], [ 101.689935478599182, 12.712478326701678 ], [ 101.689843469854978, 12.712479260605411 ], [ 101.689844421113932, 12.712569589508846 ], [ 101.689660403538653, 12.712571457234457 ], [ 101.689661354740039, 12.712661786150907 ], [ 101.689385328224901, 12.71266458752096 ], [ 101.689390083854988, 12.713116232195684 ], [ 101.689482092862903, 12.713115298403276 ], [ 101.689483995231058, 12.713295956254678 ], [ 101.689576004296555, 12.713295022416714 ], [ 101.689581711771339, 12.713836995913406 ], [ 101.689673721024192, 12.713836062002486 ], [ 101.689675623639246, 12.714016719815541 ], [ 101.689767632949668, 12.714015785859068 ], [ 101.689771438397386, 12.714377101449571 ], [ 101.689863447830277, 12.714376167433837 ], [ 101.689864399242964, 12.714466496322901 ], [ 101.690048418151676, 12.714464628182153 ], [ 101.690045563740895, 12.71419364155401 ], [ 101.690137573086943, 12.7141927074564 ], [ 101.690135670118124, 12.714012049714585 ], [ 101.690227679391938, 12.714011115598819 ], [ 101.690225776387535, 12.713830457867966 ], [ 101.69031778558913, 12.713829523734045 ], [ 101.690316834065456, 12.713739194874446 ], [ 101.690408843227289, 12.713738260715516 ], [ 101.69040789167849, 12.713647931862081 ], [ 101.690775928122804, 12.713644194935204 ] ], [ [ 101.685739166293288, 12.715953762858819 ], [ 101.685740116370027, 12.716044092044282 ], [ 101.686108157681616, 12.716040360904922 ], [ 101.68610910789549, 12.716130690062332 ], [ 101.686201118237562, 12.716129757190991 ], [ 101.686200167991231, 12.716039428040416 ], [ 101.686292178293542, 12.716038495144055 ], [ 101.686290277757919, 12.715857836854532 ], [ 101.68638228798801, 12.715856903939985 ], [ 101.686384188588548, 12.716037562215826 ], [ 101.686476198876221, 12.716036629255733 ], [ 101.686473347889034, 12.715765641861472 ], [ 101.686565358072059, 12.715764708890045 ], [ 101.686566308426251, 12.715855038015308 ], [ 101.687026359393926, 12.715850372646004 ], [ 101.68702540887746, 12.715760043554953 ], [ 101.687393449390143, 12.715756310713351 ], [ 101.687394400036425, 12.715846639777025 ], [ 101.687578420313798, 12.715844773151357 ], [ 101.687580321758119, 12.716025431249278 ], [ 101.687672331950736, 12.716024497874965 ], [ 101.687667578232549, 12.715572852659252 ], [ 101.687575568202192, 12.715573785999347 ], [ 101.687573666831014, 12.715393127894581 ], [ 101.687481656858253, 12.715394061189127 ], [ 101.687478804953713, 12.715123074006316 ], [ 101.687386795070978, 12.715124007248466 ], [ 101.687385844483202, 12.715033678179319 ], [ 101.687293834625621, 12.715034611382762 ], [ 101.687290983003535, 12.714763624150677 ], [ 101.687198973235979, 12.714764557301731 ], [ 101.687198022742365, 12.714674228216158 ], [ 101.686829983728813, 12.71467796047439 ], [ 101.686830934092626, 12.714768289587335 ], [ 101.686738924288505, 12.714769222579086 ], [ 101.686739874627179, 12.714859551698192 ], [ 101.686279825334651, 12.714864216213249 ], [ 101.686283626113479, 12.715225532819655 ], [ 101.686191616103244, 12.715226465654448 ], [ 101.686190665930013, 12.71513613649703 ], [ 101.686098655944932, 12.715137069293121 ], [ 101.686097705811449, 12.71504674012818 ], [ 101.685729665927767, 12.71505047096657 ], [ 101.68573156594239, 12.715231129350494 ], [ 101.685639555888287, 12.71523206199412 ], [ 101.685642405867696, 12.715503049585386 ], [ 101.685550395708944, 12.715503982217667 ], [ 101.685554195653992, 12.715865299023813 ], [ 101.685646205942561, 12.715864366364174 ], [ 101.685647155979566, 12.71595469555716 ], [ 101.685739166293288, 12.715953762858819 ] ], [ [ 101.686375636116423, 12.715224599953 ], [ 101.686380387416705, 12.715676245661411 ], [ 101.686288377251515, 12.715677178562274 ], [ 101.686283626113479, 12.715225532819655 ], [ 101.686375636116423, 12.715224599953 ] ], [ [ 101.686193516471619, 12.715407123967228 ], [ 101.686101506389178, 12.715408056783842 ], [ 101.686100556233782, 12.715317727620954 ], [ 101.686008546176467, 12.715318660398864 ], [ 101.686007596060833, 12.715228331228452 ], [ 101.686191616103244, 12.715226465654448 ], [ 101.686193516471619, 12.715407123967228 ] ], [ [ 101.692779063110265, 12.729071698510614 ], [ 101.692687048604782, 12.729072634599895 ], [ 101.692685141530248, 12.728891977440458 ], [ 101.692593127082418, 12.728892913484128 ], [ 101.692591220102187, 12.72871225630823 ], [ 101.692499205711997, 12.728713192306293 ], [ 101.692498252265366, 12.728622863710457 ], [ 101.692406237900329, 12.728623799669762 ], [ 101.692405284493518, 12.728533471066388 ], [ 101.692313270153647, 12.728534406986943 ], [ 101.692314223527987, 12.728624735597172 ], [ 101.692222209148298, 12.728625671492686 ], [ 101.692221255806459, 12.728535342875599 ], [ 101.691945212720896, 12.7285381503502 ], [ 101.691947119216991, 12.72871880762483 ], [ 101.691855104775499, 12.728719743399616 ], [ 101.69185605800206, 12.728810072042757 ], [ 101.691303971004359, 12.728815686062797 ], [ 101.691309689347946, 12.729357658154047 ], [ 101.691125659900251, 12.729359529321139 ], [ 101.691128518976001, 12.729630515398641 ], [ 101.691220533800987, 12.72962957981048 ], [ 101.691219580735918, 12.729539251125521 ], [ 101.69149562506945, 12.729536444190218 ], [ 101.691496578231991, 12.729626772854614 ], [ 101.691864637370756, 12.729623029800214 ], [ 101.691863684078257, 12.729532701163238 ], [ 101.692691816419384, 12.729524277486501 ], [ 101.69268990927155, 12.729343620333914 ], [ 101.692873938470115, 12.729341748082307 ], [ 101.69287203122164, 12.729161090954412 ], [ 101.692780016691017, 12.729162027082449 ], [ 101.692779063110265, 12.729071698510614 ] ], [ [ 101.689779216318726, 12.741297890112202 ], [ 101.689411139703466, 12.741301633638937 ], [ 101.689413046379897, 12.741482291117768 ], [ 101.689965161649127, 12.741476675553884 ], [ 101.689967068745119, 12.741657332947764 ], [ 101.689230914473868, 12.741664820220446 ], [ 101.68922805462141, 12.741393833964189 ], [ 101.688951996941597, 12.741396641102968 ], [ 101.688952950120836, 12.741486969876282 ], [ 101.688768911565973, 12.741488841156187 ], [ 101.688770817816362, 12.741669498728156 ], [ 101.688862837162503, 12.741668563090474 ], [ 101.68886664988122, 12.7420298781988 ], [ 101.689234727712957, 12.742026135219191 ], [ 101.689236634376442, 12.742206792714446 ], [ 101.689144614864446, 12.742207728520944 ], [ 101.689145568174638, 12.742298057274397 ], [ 101.689329607256369, 12.742296185615769 ], [ 101.689328653881134, 12.742205856876017 ], [ 101.689420673378478, 12.742204921005658 ], [ 101.689419719978034, 12.742114592272072 ], [ 101.689511739435545, 12.742113656376633 ], [ 101.689512692868519, 12.742203985103371 ], [ 101.689604712351226, 12.742203049169147 ], [ 101.689605665824061, 12.742293377888348 ], [ 101.689789704832577, 12.742291505910412 ], [ 101.68979065837776, 12.742381834615223 ], [ 101.690526814379069, 12.742374345371415 ], [ 101.690524906775593, 12.742193688070724 ], [ 101.690432887366114, 12.742194624324256 ], [ 101.690430026113404, 12.741923638347526 ], [ 101.690338006794178, 12.741924574548571 ], [ 101.690337053090445, 12.741834245881437 ], [ 101.690153014495081, 12.74183611817403 ], [ 101.690148246411539, 12.741384474759558 ], [ 101.690056227265487, 12.741385410823698 ], [ 101.690054320148377, 12.741204753439408 ], [ 101.68977826286141, 12.741207561399158 ], [ 101.689779216318726, 12.741297890112202 ] ], [ [ 101.692124551484383, 12.745519922182323 ], [ 101.692032530995874, 12.745520859232373 ], [ 101.692030621838526, 12.745340202199042 ], [ 101.691478499143997, 12.745345823746341 ], [ 101.69147754477153, 12.745255495187511 ], [ 101.691385524329334, 12.745256431993417 ], [ 101.691386478669259, 12.745346760559107 ], [ 101.691294458187215, 12.74534769733993 ], [ 101.69129636682402, 12.745528354482952 ], [ 101.691204346269558, 12.745529291245546 ], [ 101.691202437697811, 12.745348634088813 ], [ 101.690926376185672, 12.745351444143838 ], [ 101.690925422008391, 12.74526111554388 ], [ 101.690649360527914, 12.745263925290891 ], [ 101.690650314607595, 12.74535425391141 ], [ 101.690558294066918, 12.745355190436722 ], [ 101.690559248121389, 12.745445519063406 ], [ 101.690651268694594, 12.74544458253124 ], [ 101.690653176890578, 12.745625239768845 ], [ 101.690745197521537, 12.745624303191034 ], [ 101.690746151663049, 12.745714631801953 ], [ 101.690838172319218, 12.745713695185348 ], [ 101.690839126500592, 12.745804023788731 ], [ 101.690931147181971, 12.745803087133332 ], [ 101.690932101403206, 12.745893415729173 ], [ 101.69120816350096, 12.745890605550777 ], [ 101.691209117827142, 12.745980934125368 ], [ 101.691577200651707, 12.745977186746256 ], [ 101.691578155115351, 12.746067515292744 ], [ 101.691762196548737, 12.746065641397832 ], [ 101.691765060178852, 12.746336626992044 ], [ 101.691396976892335, 12.746340374736368 ], [ 101.691397931320211, 12.746430703293822 ], [ 101.691305910447724, 12.746431640156906 ], [ 101.69130686485039, 12.746521968720527 ], [ 101.691398885755419, 12.746521031850591 ], [ 101.691400794647819, 12.746701688962068 ], [ 101.691584836566037, 12.746699815098948 ], [ 101.691585791088301, 12.746790143639945 ], [ 101.69167781206896, 12.746789206653615 ], [ 101.691676857514153, 12.746698878119471 ], [ 101.691768878454937, 12.746697941108057 ], [ 101.691766969302222, 12.74651728405142 ], [ 101.691858990170601, 12.746516347021773 ], [ 101.691854217254431, 12.74606470440246 ], [ 101.691946237952806, 12.746063767375155 ], [ 101.691945283359019, 12.74597343885609 ], [ 101.692037304017518, 12.745972501803697 ], [ 101.69203539478687, 12.745791844777226 ], [ 101.692127415372966, 12.745790907706605 ], [ 101.692124551484383, 12.745519922182323 ] ], [ [ 101.687906852318946, 12.74700825452801 ], [ 101.687998873657634, 12.747007318805709 ], [ 101.687996967129067, 12.746826661191397 ], [ 101.688088988395364, 12.74682572545084 ], [ 101.68808803510953, 12.746735396649504 ], [ 101.688272077555055, 12.746733525086254 ], [ 101.688267310910291, 12.746281881137742 ], [ 101.688175289853874, 12.746282816901106 ], [ 101.688176243135644, 12.746373145699026 ], [ 101.688084222039379, 12.746374081437292 ], [ 101.688082315548215, 12.746193423827071 ], [ 101.687898273463844, 12.746195295180389 ], [ 101.687897320294311, 12.74610496636056 ], [ 101.687805299273691, 12.74610590198246 ], [ 101.687806252410695, 12.746196230809138 ], [ 101.687714231350199, 12.746197166405944 ], [ 101.687713278245752, 12.74610683757242 ], [ 101.68743721511801, 12.746109644150655 ], [ 101.687438168124871, 12.746199973004714 ], [ 101.687346147035115, 12.746200908473753 ], [ 101.687345194060796, 12.746110579612846 ], [ 101.687161151924428, 12.746112450441414 ], [ 101.687160199022514, 12.746022121566138 ], [ 101.686976156921943, 12.746023992253248 ], [ 101.686977109758786, 12.746114321142214 ], [ 101.686793067563883, 12.746116191715249 ], [ 101.686792114792112, 12.746025862812596 ], [ 101.686608072633007, 12.746027733244178 ], [ 101.68660902533972, 12.746118062160519 ], [ 101.686517004216654, 12.746118997335239 ], [ 101.686517956898129, 12.746209326257736 ], [ 101.686425935735244, 12.746210261407358 ], [ 101.686424983086283, 12.746119932478019 ], [ 101.686056898491643, 12.746123672729723 ], [ 101.686055945980158, 12.746033343772332 ], [ 101.685687861398662, 12.746037083485612 ], [ 101.685688813780018, 12.746127412470372 ], [ 101.685596792583809, 12.746128347325676 ], [ 101.685597744939926, 12.746218676316587 ], [ 101.685505723703898, 12.746219611146792 ], [ 101.685503819064039, 12.746038953150604 ], [ 101.685411797885749, 12.746039887935188 ], [ 101.685412750169476, 12.746130216940463 ], [ 101.685320728951353, 12.746131151699945 ], [ 101.685319776700155, 12.746040822687831 ], [ 101.685227755507242, 12.746041757408531 ], [ 101.685226803295905, 12.745951428388889 ], [ 101.68476669738439, 12.745956101479077 ], [ 101.684773361878598, 12.746588404841519 ], [ 101.685049426130703, 12.746585600939623 ], [ 101.685050378328157, 12.746675929968141 ], [ 101.685234421191424, 12.746674060526818 ], [ 101.685232516673679, 12.746493402496453 ], [ 101.685416559377543, 12.746491532954714 ], [ 101.685417511697835, 12.746581861956559 ], [ 101.685693575796421, 12.746579057383862 ], [ 101.685695480654161, 12.746759715344462 ], [ 101.685787502070809, 12.746758780409332 ], [ 101.6857884545432, 12.74684910938176 ], [ 101.686156540266779, 12.746845369294434 ], [ 101.686153682481105, 12.74657438245718 ], [ 101.686245703796118, 12.746573447376015 ], [ 101.686244751182983, 12.746483118435735 ], [ 101.686336772458134, 12.746482183329469 ], [ 101.68633867775678, 12.746662841195663 ], [ 101.686522720415283, 12.746660970859931 ], [ 101.686523673140655, 12.746751299778316 ], [ 101.686431651782527, 12.746752234968994 ], [ 101.686433557190142, 12.746932892817382 ], [ 101.686157492876632, 12.74693569823881 ], [ 101.686158445493788, 12.747026027182505 ], [ 101.686066424008786, 12.747026962265934 ], [ 101.686067376600732, 12.747117291215785 ], [ 101.686343441131427, 12.747114485849139 ], [ 101.686344393828278, 12.747204814777776 ], [ 101.686528436877254, 12.747202944359941 ], [ 101.686529389646523, 12.747293273274208 ], [ 101.686989497303614, 12.747288596636375 ], [ 101.686990450242888, 12.747378925515738 ], [ 101.687266514846968, 12.747376119129173 ], [ 101.687267467891189, 12.747466447987325 ], [ 101.687543532527044, 12.747463641292722 ], [ 101.687544485676185, 12.747553970129649 ], [ 101.687728528795247, 12.747552098826498 ], [ 101.687729482016792, 12.747642427649049 ], [ 101.6884656544606, 12.747634941103877 ], [ 101.688464700978727, 12.7475446123361 ], [ 101.688556722468718, 12.747543676381044 ], [ 101.688555768961635, 12.747453347619428 ], [ 101.688647790411778, 12.747452411639278 ], [ 101.688645883354482, 12.747271754127684 ], [ 101.68855386196941, 12.747272690094139 ], [ 101.688552908484283, 12.747182361330466 ], [ 101.688368865757297, 12.747184233153847 ], [ 101.68836791234456, 12.747093904375793 ], [ 101.687907805561665, 12.747098583340987 ], [ 101.687906852318946, 12.74700825452801 ] ], [ [ 101.687169728370989, 12.74692541028806 ], [ 101.687170681346075, 12.747015739156481 ], [ 101.687078659941534, 12.747016674591292 ], [ 101.687077706998991, 12.74692634571603 ], [ 101.687169728370989, 12.74692541028806 ] ], [ [ 101.687168775403208, 12.746835081418958 ], [ 101.687076754063753, 12.74683601684008 ], [ 101.687075801135833, 12.746745687963442 ], [ 101.687259843742368, 12.74674381710294 ], [ 101.687261749735654, 12.74692447482815 ], [ 101.687169728370989, 12.74692541028806 ], [ 101.687168775403208, 12.746835081418958 ] ], [ [ 101.687354724133201, 12.747013868191027 ], [ 101.687351865034643, 12.746742881624774 ], [ 101.687443886319627, 12.746741946114668 ], [ 101.687446745515786, 12.747012932660382 ], [ 101.687354724133201, 12.747013868191027 ] ], [ [ 101.6883168929607, 12.750978977364113 ], [ 101.687856779144198, 12.750983657641601 ], [ 101.687857732676406, 12.751073986431242 ], [ 101.687581664201034, 12.751076794234828 ], [ 101.687582617642903, 12.751167123044322 ], [ 101.687398571890952, 12.751168994767296 ], [ 101.687397618514183, 12.751078665944112 ], [ 101.687213572798072, 12.751080537525581 ], [ 101.687216432755037, 12.751351524034138 ], [ 101.687400478666447, 12.7513496524116 ], [ 101.687401432065172, 12.751439981232721 ], [ 101.687493455042457, 12.751439045366677 ], [ 101.687496315380201, 12.751710031805397 ], [ 101.68758833844781, 12.751709095886859 ], [ 101.68758929194091, 12.75179942469155 ], [ 101.688049407331974, 12.751794744585297 ], [ 101.688050360995149, 12.751885073355067 ], [ 101.688418453306468, 12.751881328667471 ], [ 101.688417499513079, 12.751790999925086 ], [ 101.688509522540059, 12.751790063680144 ], [ 101.688507614910151, 12.751609406207011 ], [ 101.688599637864698, 12.751608469943807 ], [ 101.688596776377082, 12.751337483749509 ], [ 101.688504753520178, 12.751338419992168 ], [ 101.688502845963484, 12.751157762512177 ], [ 101.688410823164361, 12.751158698709187 ], [ 101.688409869429549, 12.751068369961311 ], [ 101.68831784665565, 12.751069306119518 ], [ 101.6883168929607, 12.750978977364113 ] ], [ [ 101.694824514077595, 12.696167768294409 ], [ 101.694732511571942, 12.696168702714809 ], [ 101.694729656445745, 12.695897716762389 ], [ 101.69482165885421, 12.695896782362576 ], [ 101.694822610588005, 12.695987111007202 ], [ 101.694914613021524, 12.695986176568717 ], [ 101.694911757744947, 12.69571519065337 ], [ 101.695003760073945, 12.695714256203662 ], [ 101.695002808297346, 12.695623927570709 ], [ 101.695094810586625, 12.69562299309605 ], [ 101.695091955203651, 12.695352007213678 ], [ 101.695183957388409, 12.695351072727805 ], [ 101.695182053771617, 12.695170415483197 ], [ 101.695274055884255, 12.695169480979239 ], [ 101.695273104054465, 12.695079152362771 ], [ 101.695181101974228, 12.695080086859868 ], [ 101.695180150184171, 12.694989758235854 ], [ 101.69472013983497, 12.694994430209896 ], [ 101.694719188214208, 12.69490410155089 ], [ 101.694535184087982, 12.694905970104125 ], [ 101.694536135643958, 12.694996298776855 ], [ 101.694444133537459, 12.69499723301262 ], [ 101.694445085068352, 12.695087561691533 ], [ 101.694353082922134, 12.69508849590235 ], [ 101.694362598310406, 12.695991782722478 ], [ 101.694270595832904, 12.695992716970098 ], [ 101.694274402063868, 12.696354031706456 ], [ 101.694366404670973, 12.696353097431391 ], [ 101.694368307895246, 12.696533754781743 ], [ 101.694460310559819, 12.696532820461142 ], [ 101.694465068910773, 12.696984463790759 ], [ 101.694557071729989, 12.696983529404037 ], [ 101.694558023454576, 12.697073858061048 ], [ 101.694650026298874, 12.697072923635647 ], [ 101.6946490745419, 12.696982594985503 ], [ 101.694833080143709, 12.696980726052992 ], [ 101.694831176522143, 12.696800068778092 ], [ 101.69492317924724, 12.696799134277839 ], [ 101.694921275590204, 12.696618477013931 ], [ 101.695013278243181, 12.69661754249559 ], [ 101.695010422715413, 12.69634655661519 ], [ 101.694918420159638, 12.696347491112942 ], [ 101.69491746836411, 12.696257162477911 ], [ 101.694825465833389, 12.696258096936985 ], [ 101.694824514077595, 12.696167768294409 ] ], [ [ 101.698333946341606, 12.697396834027693 ], [ 101.69814994097338, 12.697398705446727 ], [ 101.698147081942821, 12.697127720285211 ], [ 101.698055079344897, 12.697128655926393 ], [ 101.698054126381777, 12.697038327530981 ], [ 101.697870121228704, 12.697040198704164 ], [ 101.697869168337746, 12.696949870294331 ], [ 101.697777165782597, 12.696950805826331 ], [ 101.697775260087482, 12.69677014899087 ], [ 101.69786726257783, 12.69676921347261 ], [ 101.697865356847288, 12.69658855664815 ], [ 101.698049361676354, 12.696586685543672 ], [ 101.698047455845582, 12.69640602874396 ], [ 101.698139458184315, 12.696405093157743 ], [ 101.698136599396008, 12.696134107973664 ], [ 101.697952594905587, 12.696135979073063 ], [ 101.697951642055628, 12.696045650663255 ], [ 101.697675635362103, 12.696048457053161 ], [ 101.697674682616693, 12.695958128622065 ], [ 101.697306673718842, 12.69596187000244 ], [ 101.697307626334691, 12.696052198461013 ], [ 101.697215624059481, 12.696053133733448 ], [ 101.697218481853852, 12.696324119125672 ], [ 101.697126479474122, 12.696325054386902 ], [ 101.697127432054529, 12.696415382856481 ], [ 101.69721943446666, 12.69641444758838 ], [ 101.697220387086801, 12.696504776050404 ], [ 101.697312389523987, 12.696503840743626 ], [ 101.697313342183861, 12.696594169198093 ], [ 101.697405344646114, 12.696593233852635 ], [ 101.697406297345736, 12.696683562299553 ], [ 101.697590302313017, 12.696681691499457 ], [ 101.69759125508476, 12.696772019931954 ], [ 101.697407250052692, 12.696773890745789 ], [ 101.697408202766979, 12.69686421919134 ], [ 101.697040192485161, 12.696867960464731 ], [ 101.697039239900462, 12.696777631991704 ], [ 101.696947237344077, 12.696778567223651 ], [ 101.696948189896375, 12.696868895703544 ], [ 101.696580179467801, 12.696872636340677 ], [ 101.69658113189783, 12.696962964847353 ], [ 101.696397126574723, 12.696964834988776 ], [ 101.696398078947297, 12.697055163508502 ], [ 101.696214073530044, 12.697057033536399 ], [ 101.696215025845149, 12.697147362069181 ], [ 101.696123023093122, 12.697148297042274 ], [ 101.696123975383188, 12.697238625581234 ], [ 101.696031972591413, 12.697239560529381 ], [ 101.696031020333763, 12.697149231983557 ], [ 101.695939017567071, 12.697150166893024 ], [ 101.695938065349154, 12.697059838339646 ], [ 101.695846062607515, 12.697060773210437 ], [ 101.695847014793031, 12.697151101770677 ], [ 101.695755012011659, 12.697152036616517 ], [ 101.695754059858544, 12.697061708049413 ], [ 101.695570054338603, 12.697063577631921 ], [ 101.695569102257622, 12.696973249050407 ], [ 101.695477099519053, 12.696974183787075 ], [ 101.695478051567633, 12.697064512375457 ], [ 101.695294046003681, 12.697066381767081 ], [ 101.695295949993238, 12.697247038969252 ], [ 101.695203947135468, 12.697247973631073 ], [ 101.695205851089568, 12.697428630844229 ], [ 101.695113848159664, 12.697429565487962 ], [ 101.695116704048601, 12.697700551323166 ], [ 101.695208707075707, 12.697699616658845 ], [ 101.695209659085762, 12.697789945262347 ], [ 101.695301662137922, 12.697789010559346 ], [ 101.69530261418771, 12.6978793391553 ], [ 101.695394617264967, 12.697878404413618 ], [ 101.695395569354488, 12.69796873300203 ], [ 101.69557957555179, 12.697966863409491 ], [ 101.695578623397466, 12.69787653483481 ], [ 101.69567062645271, 12.697875599997683 ], [ 101.695669674273319, 12.697785271429185 ], [ 101.695761677288829, 12.697784336567105 ], [ 101.695760725084369, 12.697694008004786 ], [ 101.695852728060146, 12.697693073117755 ], [ 101.695850823608438, 12.697512416004797 ], [ 101.696034829408376, 12.697510546162754 ], [ 101.696035781695358, 12.697600874705843 ], [ 101.696219787530765, 12.697599004722809 ], [ 101.696217882834517, 12.697418347663405 ], [ 101.696309885676413, 12.6974174126379 ], [ 101.696307980944709, 12.697236755589499 ], [ 101.696399983714471, 12.697235820545908 ], [ 101.696399031327218, 12.697145492027547 ], [ 101.696583036779913, 12.697143621858661 ], [ 101.696582084335205, 12.697053293353349 ], [ 101.69731810559334, 12.697045811460193 ], [ 101.697319058297239, 12.697136139910562 ], [ 101.697411060953883, 12.697135204523889 ], [ 101.69741201369753, 12.697225532966705 ], [ 101.697780024380322, 12.697221791074396 ], [ 101.697780977260905, 12.69731211948905 ], [ 101.697964982623063, 12.697310248338272 ], [ 101.69796593557578, 12.697400576738502 ], [ 101.698057938278254, 12.697399641108522 ], [ 101.698058891270719, 12.697489969501197 ], [ 101.698150893998246, 12.697489033832532 ], [ 101.698151847030445, 12.697579362217652 ], [ 101.69824384978304, 12.697578426510301 ], [ 101.698244802854987, 12.697668754887866 ], [ 101.698336805632636, 12.697667819141833 ], [ 101.69833775874433, 12.697758147511841 ], [ 101.698429761547033, 12.697757211727117 ], [ 101.698431667857264, 12.697937868451344 ], [ 101.698523670717435, 12.697936932621062 ], [ 101.698526530335016, 12.69820791768166 ], [ 101.698618533285057, 12.698206981798947 ], [ 101.698620439798304, 12.698387638488846 ], [ 101.698804445805948, 12.698385766600479 ], [ 101.698801585852664, 12.698114781605838 ], [ 101.698709582949732, 12.698115717545315 ], [ 101.698707676415722, 12.697935060865051 ], [ 101.698615673570245, 12.697935996758964 ], [ 101.698614720346669, 12.697845668410936 ], [ 101.698522717526245, 12.697846604266161 ], [ 101.698520811165906, 12.697665947554311 ], [ 101.698428808402937, 12.697666883363977 ], [ 101.698427855266189, 12.697576555000154 ], [ 101.698335852528288, 12.697577490771137 ], [ 101.698333946341606, 12.697396834027693 ] ], [ [ 101.698813979460851, 12.699289049871505 ], [ 101.698905982777688, 12.699288113810868 ], [ 101.698902169098005, 12.69892680053816 ], [ 101.69871816271619, 12.698928672572629 ], [ 101.698717209379438, 12.698838344238995 ], [ 101.698533203033065, 12.698840216132451 ], [ 101.698534156305016, 12.698930544479827 ], [ 101.698258146633194, 12.698933352101989 ], [ 101.69825719345846, 12.698843023733996 ], [ 101.698441199848872, 12.69884115203145 ], [ 101.698439293391814, 12.698660495320899 ], [ 101.698531296511206, 12.698659559435642 ], [ 101.69852748355558, 12.698298246033824 ], [ 101.698435480565806, 12.698299181891594 ], [ 101.698434527377657, 12.698208853532554 ], [ 101.698342524412936, 12.698209789351637 ], [ 101.698341571264535, 12.698119460985046 ], [ 101.698157565377898, 12.698121332514017 ], [ 101.698158518461483, 12.698211660894351 ], [ 101.69806651547475, 12.698212596617982 ], [ 101.698067468533281, 12.698302925004501 ], [ 101.697883462472973, 12.69830479637006 ], [ 101.697882509479243, 12.698214467969798 ], [ 101.697790506470483, 12.698215403597983 ], [ 101.6977895535165, 12.698125075190166 ], [ 101.697973559461886, 12.698123203915726 ], [ 101.697969747460107, 12.697761890332583 ], [ 101.697785741773941, 12.697763761552064 ], [ 101.697784788856652, 12.697673433140828 ], [ 101.697692786034978, 12.697674368695974 ], [ 101.697690880287212, 12.697493711857714 ], [ 101.697598877522992, 12.697494647367307 ], [ 101.697597924692516, 12.697404318940281 ], [ 101.697505921953351, 12.697405254411191 ], [ 101.697504969162637, 12.697314925976611 ], [ 101.69704495551872, 12.697319602819601 ], [ 101.697044002897329, 12.697229274349995 ], [ 101.696952000178925, 12.697230209616279 ], [ 101.696952952767916, 12.697320538092754 ], [ 101.696676944471491, 12.697323343721335 ], [ 101.696677896970613, 12.697413672217726 ], [ 101.696585894158076, 12.697414607370492 ], [ 101.696588751602263, 12.697685592876169 ], [ 101.696680754512002, 12.697684657702803 ], [ 101.696682659576283, 12.697865314689437 ], [ 101.696590656601742, 12.697866249876537 ], [ 101.696591609112488, 12.697956578375695 ], [ 101.696499606098186, 12.697957513537844 ], [ 101.696501511076889, 12.698138170547844 ], [ 101.696685517227735, 12.698136300164258 ], [ 101.696686469792894, 12.698226628654492 ], [ 101.696778472889719, 12.698225693408109 ], [ 101.696784188629167, 12.69876766429398 ], [ 101.696692185337923, 12.69876859958157 ], [ 101.696693137954441, 12.698858928067024 ], [ 101.696509131285126, 12.698860798560483 ], [ 101.696510083844174, 12.698951127058988 ], [ 101.696418080466103, 12.698952062264857 ], [ 101.696419033000083, 12.699042390769538 ], [ 101.696879049979074, 12.699037714387673 ], [ 101.696878097283076, 12.698947385917327 ], [ 101.696970100624455, 12.698946450552366 ], [ 101.696969147903388, 12.6988561220882 ], [ 101.69706115120502, 12.698855186698289 ], [ 101.697057340264521, 12.698493872862258 ], [ 101.696965337092493, 12.698494808224698 ], [ 101.696963431731078, 12.698314151288843 ], [ 101.696871428616518, 12.698315086605728 ], [ 101.69686952334925, 12.698134429653404 ], [ 101.696961526399008, 12.698133494350255 ], [ 101.696959621096283, 12.697952837408927 ], [ 101.697051624073893, 12.697951902087697 ], [ 101.697052576753975, 12.698042230551835 ], [ 101.697144579756653, 12.698041295191919 ], [ 101.697145532476483, 12.698131623648504 ], [ 101.697237535504215, 12.698130688249904 ], [ 101.697239441030703, 12.69831134514728 ], [ 101.697423447193771, 12.698309474227159 ], [ 101.697424400032816, 12.698399802661086 ], [ 101.697516403135751, 12.698398867146429 ], [ 101.697518308900698, 12.698579523998493 ], [ 101.697426305732947, 12.698580459526886 ], [ 101.697429164338203, 12.698851444820463 ], [ 101.697337161065917, 12.698852380337645 ], [ 101.697340972512691, 12.69921369408031 ], [ 101.697892992814033, 12.699208080335069 ], [ 101.697891086687108, 12.699027423547536 ], [ 101.698167096544239, 12.699024616286581 ], [ 101.698168049701252, 12.699114944660078 ], [ 101.698076046390469, 12.699115880452418 ], [ 101.698076999522428, 12.699206208832102 ], [ 101.697984996171897, 12.699207144599496 ], [ 101.697985949278774, 12.699297472985362 ], [ 101.697709939085954, 12.699300280117235 ], [ 101.697710892102961, 12.699390608523036 ], [ 101.697618888658255, 12.699391544176891 ], [ 101.697619841650194, 12.699481872588873 ], [ 101.697527838165755, 12.699482808217779 ], [ 101.697528791132626, 12.699573136635944 ], [ 101.697436787608439, 12.6995740722399 ], [ 101.697440599419721, 12.699935385933207 ], [ 101.697532603073526, 12.699934450301773 ], [ 101.697533556077104, 12.70002477871652 ], [ 101.697993574398126, 12.700020100047695 ], [ 101.697992621232515, 12.699929771667296 ], [ 101.698084624842281, 12.699928835844938 ], [ 101.698083671651617, 12.699838507470728 ], [ 101.698175675221634, 12.699837571623419 ], [ 101.698171862402717, 12.69947625814722 ], [ 101.69844787267985, 12.69947345049683 ], [ 101.6984488259708, 12.699563778846294 ], [ 101.698724836279084, 12.699560970888907 ], [ 101.698723882890931, 12.699470642560065 ], [ 101.698815886279945, 12.699469706517501 ], [ 101.698813979460851, 12.699289049871505 ] ], [ [ 101.694588482512259, 12.699964374724415 ], [ 101.694680486393494, 12.699963440079433 ], [ 101.694679534401885, 12.699873111451165 ], [ 101.694771538243373, 12.699872176781222 ], [ 101.694770586226696, 12.69978184815913 ], [ 101.694862590028436, 12.699780913464236 ], [ 101.694861637986691, 12.699690584848321 ], [ 101.694953641748697, 12.699689650128466 ], [ 101.69495268968187, 12.699599321518733 ], [ 101.695044693404128, 12.69959838677392 ], [ 101.69504564550337, 12.699688715376789 ], [ 101.695229652990719, 12.699686845777975 ], [ 101.695231557340804, 12.699867502954213 ], [ 101.695415564928439, 12.699865633200663 ], [ 101.695414612684928, 12.699775304626613 ], [ 101.696150642482834, 12.699767824394494 ], [ 101.696151594985636, 12.699858152913624 ], [ 101.696335602426572, 12.699856282523657 ], [ 101.696334649858969, 12.699765954018259 ], [ 101.696610660868132, 12.699763148215252 ], [ 101.696611613532966, 12.699853476700047 ], [ 101.696703617220408, 12.699852541361873 ], [ 101.696702664523187, 12.699762212883941 ], [ 101.696886671811257, 12.69976034212586 ], [ 101.696885719056553, 12.699670013660979 ], [ 101.697069726250476, 12.699668142789351 ], [ 101.69706782063345, 12.699487485885015 ], [ 101.697159824154582, 12.699486550415203 ], [ 101.697158871324675, 12.699396221968877 ], [ 101.696974864339879, 12.699398092862937 ], [ 101.69697581710497, 12.699488421323002 ], [ 101.696791810026014, 12.699490292103517 ], [ 101.696790857325723, 12.699399963629718 ], [ 101.696606850282222, 12.699401834269221 ], [ 101.696605897654081, 12.699311505781006 ], [ 101.69605387654191, 12.699317116894646 ], [ 101.696052924115548, 12.699226788364546 ], [ 101.695592906482375, 12.699231463383219 ], [ 101.695591954225378, 12.699141134818111 ], [ 101.695223940116449, 12.699144874232847 ], [ 101.695224892243829, 12.699235202825417 ], [ 101.695132888665839, 12.699236137606412 ], [ 101.695131936570874, 12.699145809006986 ], [ 101.694671918733036, 12.699150482400384 ], [ 101.694670966807422, 12.699060153765959 ], [ 101.694578963250265, 12.699061088342321 ], [ 101.694579915143478, 12.699151416983606 ], [ 101.694487911546588, 12.699152351535005 ], [ 101.694488863414719, 12.699242680182474 ], [ 101.694396859778081, 12.699243614708921 ], [ 101.694398763471526, 12.699424272015516 ], [ 101.694306759762753, 12.699425206523864 ], [ 101.694309615260693, 12.699696192499225 ], [ 101.694217611447371, 12.699697126996336 ], [ 101.694220466914061, 12.699968112986122 ], [ 101.694404474727818, 12.69996624391891 ], [ 101.69440542662953, 12.700056572567084 ], [ 101.694129414800656, 12.700059376140754 ], [ 101.69413036661247, 12.700149704808824 ], [ 101.694038362622436, 12.700150639276599 ], [ 101.694040266203245, 12.700331296624411 ], [ 101.693948262141078, 12.700332231074084 ], [ 101.693951117470036, 12.70060321711126 ], [ 101.694503142316478, 12.700597609812391 ], [ 101.694502190338369, 12.700507281175181 ], [ 101.694686198497052, 12.700505411834699 ], [ 101.694685246461461, 12.700415083210531 ], [ 101.694961258547266, 12.700412278981723 ], [ 101.69495935430362, 12.700231621772513 ], [ 101.694867350347181, 12.700232556533544 ], [ 101.694866398268772, 12.700142227921051 ], [ 101.694682390398683, 12.700144097333926 ], [ 101.694681438392422, 12.700053768707022 ], [ 101.694589434478786, 12.700054703358862 ], [ 101.694588482512259, 12.699964374724415 ] ], [ [ 101.699554774189068, 12.69973320183041 ], [ 101.699462770761599, 12.69973413814815 ], [ 101.699461817099504, 12.69964380987566 ], [ 101.699369813697089, 12.699644746154705 ], [ 101.699370767326783, 12.699735074434072 ], [ 101.69881874656366, 12.699740691481368 ], [ 101.698817793128399, 12.699650363160766 ], [ 101.698633786213421, 12.69965223524156 ], [ 101.698634739583866, 12.699742563575906 ], [ 101.698542736082956, 12.699743499575446 ], [ 101.69855322328587, 12.700737111283743 ], [ 101.699841276621171, 12.700724003336028 ], [ 101.699840322748642, 12.700633675098562 ], [ 101.699932326470815, 12.700632738584787 ], [ 101.699929464800093, 12.700361753888904 ], [ 101.699837461175136, 12.700362690382056 ], [ 101.6998355534962, 12.700182033900965 ], [ 101.699743549928726, 12.700182970348541 ], [ 101.699740688562642, 12.699911985601151 ], [ 101.699648685085052, 12.699912921996281 ], [ 101.699647731343447, 12.699822593738908 ], [ 101.69955572789091, 12.69982353009534 ], [ 101.699554774189068, 12.69973320183041 ] ], [ [ 101.697277557725087, 12.701924482520425 ], [ 101.697001544536491, 12.701927289486189 ], [ 101.697002497507057, 12.702017617927099 ], [ 101.696818488613147, 12.702019489092216 ], [ 101.696822300309506, 12.702380802903971 ], [ 101.696914304889788, 12.702379867309855 ], [ 101.696915257864646, 12.702470195754218 ], [ 101.697191271658696, 12.702467388760306 ], [ 101.697192224738117, 12.702557717183378 ], [ 101.697008215484601, 12.702559588558218 ], [ 101.697011074572444, 12.70283057386454 ], [ 101.696827065095064, 12.702832445153277 ], [ 101.696826112123276, 12.702742116704783 ], [ 101.696734107405987, 12.702743052294538 ], [ 101.696736013292082, 12.702923709204578 ], [ 101.696828018074186, 12.702922773601085 ], [ 101.696829924054455, 12.70310343049465 ], [ 101.696921928894056, 12.703102494845593 ], [ 101.69692288192762, 12.703192823284484 ], [ 101.697014886792289, 12.703191887596727 ], [ 101.6970158398656, 12.703282216028068 ], [ 101.697659873939799, 12.703275665274482 ], [ 101.697658920639583, 12.703185336891224 ], [ 101.697842930244164, 12.70318346497462 ], [ 101.697837210207965, 12.702641494743171 ], [ 101.697653200992363, 12.702643366577338 ], [ 101.697651294502009, 12.702462709800569 ], [ 101.697467285386693, 12.702464581479944 ], [ 101.697464425900719, 12.702193596268447 ], [ 101.697372421429293, 12.702194532039785 ], [ 101.697370515206842, 12.702013875214956 ], [ 101.697278510792898, 12.702014810940733 ], [ 101.697277557725087, 12.701924482520425 ] ], [ [ 101.700329919774347, 12.703429166189061 ], [ 101.700421924464592, 12.703428229302997 ], [ 101.700417153100986, 12.702976588417725 ], [ 101.70032514857283, 12.702977525269404 ], [ 101.700323240143661, 12.702796868896749 ], [ 101.700231235672987, 12.702797805702849 ], [ 101.700228373181588, 12.702526821118111 ], [ 101.700136368800813, 12.702527757871751 ], [ 101.700135414684112, 12.702437429668592 ], [ 101.699675392832106, 12.702442112925009 ], [ 101.699673484944896, 12.702261456447886 ], [ 101.699581480617283, 12.70226239298994 ], [ 101.699579572824291, 12.702081736496329 ], [ 101.699487568554161, 12.702082672992811 ], [ 101.699486614701101, 12.701992344738102 ], [ 101.699394610456039, 12.701993281195877 ], [ 101.699395564276699, 12.702083609457457 ], [ 101.699303559991861, 12.702084545890283 ], [ 101.699304513787453, 12.702174874158054 ], [ 101.699120505130949, 12.702176746941973 ], [ 101.699121458869058, 12.702267075222803 ], [ 101.699213463233392, 12.702266138839885 ], [ 101.699214417011262, 12.702356467113159 ], [ 101.6991224126145, 12.702357403502951 ], [ 101.699123366367289, 12.702447731782415 ], [ 101.698755348577194, 12.702451477050809 ], [ 101.698756302207684, 12.702541805357084 ], [ 101.698572293203739, 12.702543677814061 ], [ 101.698573246776732, 12.702634006133392 ], [ 101.69829723311851, 12.702636814600767 ], [ 101.698300093589808, 12.70290779961651 ], [ 101.698392098247126, 12.702906863471929 ], [ 101.698393051784663, 12.702997191802268 ], [ 101.698485056467064, 12.70299625561899 ], [ 101.698488870820285, 12.703357568906025 ], [ 101.698672880422393, 12.703355696389002 ], [ 101.698673834093896, 12.703446024695305 ], [ 101.69885784373146, 12.703444152037221 ], [ 101.698856889995128, 12.703353823744662 ], [ 101.698948894770481, 12.70335288737475 ], [ 101.698950802315323, 12.703533543945438 ], [ 101.699042807148146, 12.703532607529946 ], [ 101.699043760964003, 12.703622935807388 ], [ 101.698859751226138, 12.703624808620287 ], [ 101.698860704984511, 12.703715136910793 ], [ 101.698768700072151, 12.703716073276368 ], [ 101.698771561294038, 12.703987058164397 ], [ 101.698863566303643, 12.703986121778206 ], [ 101.698864520091391, 12.704076450065974 ], [ 101.699232540186088, 12.704072704175394 ], [ 101.699231586268695, 12.703982375915119 ], [ 101.699783615995898, 12.703976756165554 ], [ 101.699782661891319, 12.703886427945838 ], [ 101.699874666787721, 12.703885491216377 ], [ 101.699873712658075, 12.703795163002859 ], [ 101.699965717514715, 12.703794226248442 ], [ 101.699963809212633, 12.703613569833095 ], [ 101.700147818774198, 12.703611696256274 ], [ 101.700146864569348, 12.703521368061329 ], [ 101.70033087403668, 12.703519494370941 ], [ 101.700329919774347, 12.703429166189061 ] ], [ [ 101.696795110319414, 12.708524072058438 ], [ 101.696703103519695, 12.708525008055888 ], [ 101.696702150150458, 12.708434679636762 ], [ 101.69661014337585, 12.7084356155955 ], [ 101.69660919004636, 12.708345287168822 ], [ 101.696517183296834, 12.708346223088849 ], [ 101.696516230007134, 12.70825589465462 ], [ 101.696332216550928, 12.708257766385413 ], [ 101.69633126333342, 12.708167437936764 ], [ 101.69623925662674, 12.708168373747533 ], [ 101.696238303448993, 12.708078045291334 ], [ 101.696054290078493, 12.708079916803605 ], [ 101.696053336972952, 12.707989588332994 ], [ 101.695961330309117, 12.707990524034503 ], [ 101.695960377243338, 12.707900195556338 ], [ 101.695868370604614, 12.70790113121914 ], [ 101.695867417578583, 12.707810802733427 ], [ 101.695683404343981, 12.707812673949773 ], [ 101.695682451390155, 12.707722345449644 ], [ 101.695498438191052, 12.707724216524895 ], [ 101.695497485309431, 12.707633888010351 ], [ 101.695405478731317, 12.70763482349335 ], [ 101.695404525889458, 12.707544494971261 ], [ 101.695220512776061, 12.707546365828009 ], [ 101.695218607244044, 12.70736570875432 ], [ 101.695034594231032, 12.707367579456252 ], [ 101.695033641540888, 12.707277250904653 ], [ 101.694941635055812, 12.707278186200993 ], [ 101.694940682405431, 12.70718785764185 ], [ 101.694848675945451, 12.707188792899487 ], [ 101.694847723334817, 12.707098464332796 ], [ 101.69475571689992, 12.707099399551733 ], [ 101.694754764329062, 12.707009070977495 ], [ 101.694662757919275, 12.707010006157729 ], [ 101.694661805388165, 12.706919677575943 ], [ 101.69456979900346, 12.706920612717473 ], [ 101.694568846512112, 12.706830284128143 ], [ 101.694384833785563, 12.706832154301965 ], [ 101.69438388136642, 12.706741825698227 ], [ 101.694199868675398, 12.706743695730969 ], [ 101.694198916328418, 12.706653367112825 ], [ 101.694014903672922, 12.706655237004494 ], [ 101.694013951398134, 12.706564908371941 ], [ 101.69382993877818, 12.70656677812253 ], [ 101.693828986575582, 12.706476449475574 ], [ 101.693460961377383, 12.70648018856726 ], [ 101.693460009311821, 12.70638985989218 ], [ 101.69327599673359, 12.706391729233276 ], [ 101.693275044740204, 12.706301400543799 ], [ 101.692999025915199, 12.706304204296078 ], [ 101.692998074026406, 12.706213875585338 ], [ 101.692906067769172, 12.706214810098896 ], [ 101.692905115920126, 12.706124481380614 ], [ 101.69244508468617, 12.706129153436569 ], [ 101.692444133006589, 12.706038824683313 ], [ 101.692260120526569, 12.70604069326912 ], [ 101.692259168919151, 12.705950364501469 ], [ 101.692075156474687, 12.705952232946213 ], [ 101.692074204939459, 12.705861904164172 ], [ 101.691982198738643, 12.705862838331932 ], [ 101.691981247243177, 12.705772509542347 ], [ 101.691521216291406, 12.705777179869333 ], [ 101.691522167624754, 12.705867508693188 ], [ 101.691430161380012, 12.705868442669932 ], [ 101.691431112688264, 12.705958771499962 ], [ 101.69133910640376, 12.705959705451718 ], [ 101.691341960275196, 12.706230691958266 ], [ 101.691433966656973, 12.706229757985945 ], [ 101.691434917994542, 12.706320086813241 ], [ 101.691526924401415, 12.706319152802228 ], [ 101.691527875778718, 12.706409481621986 ], [ 101.691803895052686, 12.706406679377356 ], [ 101.691804846534581, 12.706497008175864 ], [ 101.69198885941212, 12.706495139839875 ], [ 101.691989810966206, 12.70658546862399 ], [ 101.692173823879287, 12.706583600146939 ], [ 101.692174775505549, 12.706673928916658 ], [ 101.692266781983534, 12.706672994623521 ], [ 101.692267733649544, 12.706763323385692 ], [ 101.692451746648388, 12.706761454690184 ], [ 101.692452698386575, 12.706851783437966 ], [ 101.69263671142096, 12.706849914601385 ], [ 101.692637663231338, 12.706940243334769 ], [ 101.69291368282525, 12.706937439820534 ], [ 101.69291463474022, 12.707027768532662 ], [ 101.693006641289301, 12.70702683395738 ], [ 101.693007593244047, 12.707117162661964 ], [ 101.693191606385057, 12.707115293402165 ], [ 101.69319255841198, 12.707205622092347 ], [ 101.693284565003935, 12.707204687407829 ], [ 101.693285517070606, 12.707295016090468 ], [ 101.69356153689975, 12.707292211825296 ], [ 101.693562489071041, 12.707382540486675 ], [ 101.693654495698539, 12.70738160566108 ], [ 101.693655447909592, 12.707471934314917 ], [ 101.693931467845346, 12.707469129626498 ], [ 101.693932420161005, 12.707559458259066 ], [ 101.694024426824029, 12.707558523292388 ], [ 101.69402537917945, 12.707648851917412 ], [ 101.694209392548359, 12.707646981874804 ], [ 101.694210344975986, 12.707737310485427 ], [ 101.694302351681856, 12.707736375409501 ], [ 101.694303304149244, 12.707826704012579 ], [ 101.694579324320188, 12.707823898573166 ], [ 101.694580276892182, 12.707914227154967 ], [ 101.694672283633608, 12.707913291937952 ], [ 101.694673236245364, 12.708003620512214 ], [ 101.694949256522904, 12.708000814649525 ], [ 101.694950209239295, 12.708091143202513 ], [ 101.695042216016219, 12.7080902078444 ], [ 101.695043168772386, 12.708180536389843 ], [ 101.695319189156493, 12.708177730103868 ], [ 101.695320142017266, 12.708268058628033 ], [ 101.695412148829732, 12.708267123128826 ], [ 101.695413101730267, 12.708357451645442 ], [ 101.695597115398058, 12.70835558053777 ], [ 101.695598068370799, 12.708445909039973 ], [ 101.695782082074103, 12.708444037791203 ], [ 101.695783035119049, 12.708534366278993 ], [ 101.695967048857881, 12.708532494889116 ], [ 101.695968001975018, 12.708622823362493 ], [ 101.696152015749348, 12.708620951831511 ], [ 101.696152968938691, 12.708711280290469 ], [ 101.69642898964247, 12.708708472734576 ], [ 101.696429942936447, 12.70879880117225 ], [ 101.696521949855466, 12.708797865249728 ], [ 101.696522903189205, 12.708888193679853 ], [ 101.696798923999523, 12.708885385700631 ], [ 101.696799877437897, 12.708975714109467 ], [ 101.696891884392429, 12.708974778045834 ], [ 101.696892837870578, 12.70906510644712 ], [ 101.696984844850192, 12.709064170344778 ], [ 101.696985798368118, 12.709154498738508 ], [ 101.697077805372828, 12.709153562597452 ], [ 101.697078758930516, 12.709243890983632 ], [ 101.697354779997937, 12.70924108234879 ], [ 101.697352872695291, 12.709060425616963 ], [ 101.697260865745037, 12.709061361846683 ], [ 101.697258958536622, 12.708880705098375 ], [ 101.697166951643879, 12.708881641282513 ], [ 101.697165998083122, 12.708791312900464 ], [ 101.697073991215461, 12.708792249045892 ], [ 101.697073037694466, 12.708701920656294 ], [ 101.696981030851916, 12.708702856763006 ], [ 101.696980077370696, 12.708612528365851 ], [ 101.696796063728428, 12.708614400470015 ], [ 101.696795110319414, 12.708524072058438 ] ], [ [ 101.693928610942308, 12.707198143724678 ], [ 101.693926706376942, 12.707017486453378 ], [ 101.694110719306508, 12.707015616570501 ], [ 101.69411167165039, 12.707105945192772 ], [ 101.694019665156844, 12.707106880156992 ], [ 101.694020617475616, 12.707197208785439 ], [ 101.693928610942308, 12.707198143724678 ] ], [ [ 101.692752516195483, 12.709107198093269 ], [ 101.692844523505116, 12.709106263423944 ], [ 101.69284357145402, 12.709015934720691 ], [ 101.692935578723876, 12.709015000026376 ], [ 101.692930818416144, 12.708563356534153 ], [ 101.692838811308448, 12.708564291194177 ], [ 101.692837859301321, 12.708473962486822 ], [ 101.692469830926939, 12.708477700781057 ], [ 101.692470782804349, 12.70856802951584 ], [ 101.692378775660003, 12.708568964016646 ], [ 101.692380679371922, 12.708749621497875 ], [ 101.692288672155385, 12.708750555980551 ], [ 101.692290575831748, 12.708931213472756 ], [ 101.692198568543034, 12.708932147937299 ], [ 101.692200472183828, 12.709112805440482 ], [ 101.692108464822908, 12.709113739886892 ], [ 101.692110368428146, 12.709294397401047 ], [ 101.69201836099505, 12.709295331829326 ], [ 101.692020264564718, 12.709475989354457 ], [ 101.691928257059416, 12.709476923764601 ], [ 101.691931112371563, 12.709747910067735 ], [ 101.691839104761627, 12.709748844466596 ], [ 101.691841008274821, 12.70992950201231 ], [ 101.69193301594963, 12.709928567599738 ], [ 101.691933967749648, 12.71001889636471 ], [ 101.692025975449567, 12.710017961913435 ], [ 101.692026927289348, 12.710108290670874 ], [ 101.692302950442453, 12.710105487105391 ], [ 101.692301998505357, 12.710015158368522 ], [ 101.692394006175974, 12.710014223789857 ], [ 101.692393054213767, 12.709923895059163 ], [ 101.692485061844621, 12.709922960455506 ], [ 101.692483157877334, 12.709742303005779 ], [ 101.692575165435997, 12.709741368383991 ], [ 101.692573261433139, 12.709560710945238 ], [ 101.692665268919583, 12.709559776305317 ], [ 101.692664316896725, 12.709469447591768 ], [ 101.692756324343421, 12.709468512926861 ], [ 101.692752516195483, 12.709107198093269 ] ], [ [ 101.693677350786913, 12.709549493164323 ], [ 101.693769358185435, 12.709548558142247 ], [ 101.693767453368594, 12.709367900879082 ], [ 101.69385946069491, 12.709366965838877 ], [ 101.693857555842541, 12.709186308586693 ], [ 101.693949563096638, 12.709185373528367 ], [ 101.693947658208728, 12.70900471628717 ], [ 101.694039665390633, 12.70900378121072 ], [ 101.694036808016435, 12.708732795364373 ], [ 101.69412881509372, 12.708731860276663 ], [ 101.69412786261789, 12.708641531666705 ], [ 101.694219869655399, 12.708640596554007 ], [ 101.69421701217459, 12.708369610740618 ], [ 101.694125005234369, 12.708370545832729 ], [ 101.69412405278787, 12.708280217220036 ], [ 101.694032045872731, 12.708281152273445 ], [ 101.694031093465995, 12.708190823653208 ], [ 101.693755072773911, 12.708193628601798 ], [ 101.693757929724271, 12.7084646145222 ], [ 101.693665922714956, 12.708465549461959 ], [ 101.693667827320311, 12.708646206752528 ], [ 101.693575820238806, 12.708647141674161 ], [ 101.69357772480862, 12.708827798975712 ], [ 101.693393710493893, 12.708829668750885 ], [ 101.693395614963308, 12.709010326077136 ], [ 101.693303607730073, 12.709011260930675 ], [ 101.693304559943343, 12.709101589599635 ], [ 101.693212552670346, 12.709102524428186 ], [ 101.693215409256823, 12.709373510451533 ], [ 101.693123401879191, 12.709374445268816 ], [ 101.693125306241953, 12.709555102628013 ], [ 101.693033298792145, 12.709556037427165 ], [ 101.693034250952067, 12.709646366112594 ], [ 101.692942243462497, 12.709647300886758 ], [ 101.692943195597323, 12.709737629578365 ], [ 101.692851188067976, 12.709738564327541 ], [ 101.692853092294754, 12.70991922172241 ], [ 101.692761084693203, 12.709920156453455 ], [ 101.69276489310495, 12.710281471262416 ], [ 101.692856900836233, 12.710280536503943 ], [ 101.692857852989917, 12.710370865197612 ], [ 101.69294986074631, 12.710369930400431 ], [ 101.69295081293977, 12.71046025908656 ], [ 101.693134828495431, 12.710458389382934 ], [ 101.693133876237113, 12.710368060710524 ], [ 101.693317891698584, 12.710366190893218 ], [ 101.693316939382726, 12.710275862233839 ], [ 101.693408947070026, 12.710274927284276 ], [ 101.693407994729057, 12.710184598631068 ], [ 101.693500002376595, 12.710183663656519 ], [ 101.693498097651755, 12.710003006361772 ], [ 101.693590105227088, 12.710002071369091 ], [ 101.693587248097501, 12.709731085442421 ], [ 101.693679255568213, 12.709730150438469 ], [ 101.693677350786913, 12.709549493164323 ] ], [ [ 101.697999782787676, 12.709324856069715 ], [ 101.697907775791506, 12.709325792542961 ], [ 101.697908729655765, 12.709416120865944 ], [ 101.698000736684378, 12.709415184385829 ], [ 101.698002644499809, 12.709595841016004 ], [ 101.698370672800309, 12.709592094722117 ], [ 101.698371626848768, 12.709682423008696 ], [ 101.698463633937976, 12.709681486348739 ], [ 101.698464588026226, 12.709771814627757 ], [ 101.698648602247459, 12.709769941198561 ], [ 101.698649556407915, 12.709860269463148 ], [ 101.698741563539954, 12.709859332693908 ], [ 101.698742517740186, 12.709949660950942 ], [ 101.699018539189538, 12.709946850431521 ], [ 101.699019493494433, 12.710037178667251 ], [ 101.699111500661957, 12.71003624175688 ], [ 101.699112455006627, 12.710126569985052 ], [ 101.699296469384535, 12.710124696055018 ], [ 101.699298378225635, 12.710305352481811 ], [ 101.699482392703885, 12.710303478396888 ], [ 101.699480483733041, 12.710122821997595 ], [ 101.699388476562447, 12.710123759042229 ], [ 101.699381795622912, 12.709491461575007 ], [ 101.699289788672033, 12.709492398539675 ], [ 101.699287879963137, 12.709311742100562 ], [ 101.699195873069769, 12.709312679019636 ], [ 101.699193964455134, 12.709132022564035 ], [ 101.698089881940263, 12.709143262944087 ], [ 101.698090835854728, 12.709233591254698 ], [ 101.697998828898321, 12.709234527752916 ], [ 101.697999782787676, 12.709324856069715 ] ], [ [ 101.697737115636826, 12.710592262045786 ], [ 101.697736161741986, 12.710501933717957 ], [ 101.697920176599681, 12.710500060688377 ], [ 101.697915406911235, 12.710048419107675 ], [ 101.697823399648243, 12.710049355604037 ], [ 101.697822445765013, 12.70995902727897 ], [ 101.697730438527103, 12.709959963736617 ], [ 101.697729484683663, 12.709869635403999 ], [ 101.697361455788396, 12.709873380888638 ], [ 101.69736050208202, 12.709783052527856 ], [ 101.697268494872276, 12.70978398881253 ], [ 101.697267541205676, 12.709693660444193 ], [ 101.697083526829061, 12.709695532904263 ], [ 101.697082573234681, 12.709605204521507 ], [ 101.696990566067797, 12.709606140696904 ], [ 101.696989612513178, 12.709515812306595 ], [ 101.696805598222255, 12.709517684548116 ], [ 101.696804644739856, 12.709427356143385 ], [ 101.696436616199691, 12.709431100216809 ], [ 101.696438522912374, 12.709611757080525 ], [ 101.696346515694103, 12.709612693033002 ], [ 101.696352235813649, 12.710154663648924 ], [ 101.696444243226509, 12.710153727655246 ], [ 101.696445196637882, 12.710244056081974 ], [ 101.696169174279973, 12.710246863988061 ], [ 101.696171080930114, 12.710427520880655 ], [ 101.696079073397925, 12.710428456799391 ], [ 101.696080026701566, 12.710518785251526 ], [ 101.695988019129615, 12.710519721145277 ], [ 101.695989925694022, 12.710700378061231 ], [ 101.696081933330859, 12.71069944215375 ], [ 101.696082886656512, 12.710789770603835 ], [ 101.696174894318432, 12.710788834657636 ], [ 101.696175847683861, 12.71087916310017 ], [ 101.696359863050603, 12.710877291098496 ], [ 101.696360816488237, 12.710967619526615 ], [ 101.696452824193045, 12.710966683471137 ], [ 101.696453777670456, 12.7110570118917 ], [ 101.696637793122903, 12.711055139671464 ], [ 101.696638746672534, 12.711145468077607 ], [ 101.696730754420201, 12.711144531912849 ], [ 101.696731708009608, 12.711234860311443 ], [ 101.696915723547789, 12.711232987872632 ], [ 101.696916677209401, 12.711323316256808 ], [ 101.69710069278311, 12.711321443676864 ], [ 101.697101646516955, 12.711411772046619 ], [ 101.697377669919774, 12.711408962917215 ], [ 101.697375762264798, 12.711228306218235 ], [ 101.697559777700221, 12.711226433333525 ], [ 101.697557869944859, 12.71104577665929 ], [ 101.69764987758667, 12.711044840182902 ], [ 101.697647969795796, 12.710864183519664 ], [ 101.697555962218857, 12.710865119982314 ], [ 101.697555008366848, 12.7107747916428 ], [ 101.697647015911372, 12.71077385518702 ], [ 101.697645108164537, 12.710593198519675 ], [ 101.697737115636826, 12.710592262045786 ] ], [ [ 101.697001055652933, 12.710599752945148 ], [ 101.696909048121924, 12.710600689164249 ], [ 101.696908094519003, 12.710510360774599 ], [ 101.696724079499845, 12.71051223310352 ], [ 101.696723125969143, 12.710421904699452 ], [ 101.697091155848383, 12.710418159941685 ], [ 101.697092109508844, 12.710508488318284 ], [ 101.697000102017597, 12.710509424562366 ], [ 101.697001055652933, 12.710599752945148 ] ], [ [ 101.696539110985483, 12.710423776887247 ], [ 101.696537204075838, 12.710243120049583 ], [ 101.696629211506476, 12.710242183985343 ], [ 101.696630164990054, 12.710332512397652 ], [ 101.696722172445789, 12.710331576294697 ], [ 101.696723125969143, 12.710421904699452 ], [ 101.696539110985483, 12.710423776887247 ] ], [ [ 101.697089248549517, 12.710237503186436 ], [ 101.697181255936115, 12.710236566931114 ], [ 101.697183163299854, 12.710417223672623 ], [ 101.697091155848383, 12.710418159941685 ], [ 101.697089248549517, 12.710237503186436 ] ], [ [ 101.696906187335202, 12.710329703993244 ], [ 101.696814179894162, 12.710330640159894 ], [ 101.696813226345711, 12.710240311761325 ], [ 101.696905233754322, 12.710239375601542 ], [ 101.696906187335202, 12.710329703993244 ] ], [ [ 101.698969481578686, 12.714012557542583 ], [ 101.699061490180952, 12.714011620361624 ], [ 101.699058626318788, 12.713740635742754 ], [ 101.699150634816363, 12.71373969855056 ], [ 101.699149680177882, 12.713649370349774 ], [ 101.699241688635681, 12.713648433132594 ], [ 101.699237870025442, 12.713287120350094 ], [ 101.699329878346106, 12.713286183128561 ], [ 101.699326059723617, 12.712924870362604 ], [ 101.699418067907175, 12.712923933136711 ], [ 101.699410430755279, 12.712201307626927 ], [ 101.699502438671942, 12.712200370424176 ], [ 101.699497665528554, 12.711748729492683 ], [ 101.699589673275668, 12.711747792292455 ], [ 101.699576308997109, 12.710483197689467 ], [ 101.699484301704132, 12.710484134793447 ], [ 101.699485256215269, 12.710574462990701 ], [ 101.699393248882501, 12.710575400069708 ], [ 101.699395157861943, 12.710756056475905 ], [ 101.699303150456956, 12.710756993536814 ], [ 101.699306013883898, 12.711027978161605 ], [ 101.699214006374262, 12.711028915211287 ], [ 101.699214960832151, 12.711119243425051 ], [ 101.699122953282725, 12.711120180449758 ], [ 101.699125816603186, 12.711391165107578 ], [ 101.699033808949096, 12.711392102121051 ], [ 101.6990347633715, 12.711482430345828 ], [ 101.698942755677635, 12.711483367334329 ], [ 101.698944664479598, 12.711664023795572 ], [ 101.698852656713498, 12.711664960765971 ], [ 101.698853611093071, 12.711755289002442 ], [ 101.698761603287181, 12.711756225947861 ], [ 101.698764466372609, 12.71202721067378 ], [ 101.698580450544171, 12.712029084510297 ], [ 101.69858426783469, 12.712390397523588 ], [ 101.698400251717359, 12.712392271287671 ], [ 101.698404068865855, 12.712753584344984 ], [ 101.69822005245959, 12.712755458036632 ], [ 101.698222915203417, 12.713026442863661 ], [ 101.698130906891947, 12.713027379682316 ], [ 101.698131861122121, 12.713117707963496 ], [ 101.698039852770876, 12.71311864475717 ], [ 101.698042715408135, 12.713389629617209 ], [ 101.697950706952199, 12.713390566399642 ], [ 101.69795166114686, 12.71348089469182 ], [ 101.697859652651147, 12.713481831449268 ], [ 101.697862515181853, 12.713752816342314 ], [ 101.697770506581463, 12.713753753088518 ], [ 101.697771460740597, 12.7138440813917 ], [ 101.697679452100402, 12.713845018112917 ], [ 101.69768136037581, 12.714025674730971 ], [ 101.697589351663396, 12.71402661143407 ], [ 101.69759030577967, 12.714116939748942 ], [ 101.697682314524542, 12.714116003038972 ], [ 101.697684222844003, 12.71429665965292 ], [ 101.697868240441494, 12.71429478610993 ], [ 101.697871103170442, 12.714565770984493 ], [ 101.697963112055518, 12.714564834144598 ], [ 101.697964066345619, 12.71465516242788 ], [ 101.698056075255806, 12.714654225549255 ], [ 101.698058938267536, 12.714925210374377 ], [ 101.698150947267735, 12.71492427344328 ], [ 101.69815190165211, 12.715014601710079 ], [ 101.698243910677405, 12.715013664740253 ], [ 101.698244865101572, 12.715103992999497 ], [ 101.698520892230718, 12.715101181878241 ], [ 101.698518028688198, 12.714830197160301 ], [ 101.698610037619218, 12.714829260076778 ], [ 101.698609083087277, 12.71473893184297 ], [ 101.698701091978506, 12.71473799473446 ], [ 101.69869822832942, 12.714467010049542 ], [ 101.698790237115944, 12.71446607292979 ], [ 101.698788327988382, 12.714285416483497 ], [ 101.698880336702672, 12.714284479345636 ], [ 101.698878427539597, 12.714103822910353 ], [ 101.698970436181654, 12.714102885754381 ], [ 101.698969481578686, 12.714012557542583 ] ], [ [ 101.696288831980297, 12.712865452526785 ], [ 101.696380840373692, 12.712864516358957 ], [ 101.696381793972762, 12.712954844772019 ], [ 101.696473802391253, 12.712953908565469 ], [ 101.696471895135559, 12.712773251752401 ], [ 101.696563903481845, 12.712772315527731 ], [ 101.696562949832554, 12.712681987127038 ], [ 101.69665495813905, 12.712681050877382 ], [ 101.696654004464662, 12.71259072248287 ], [ 101.69656199619061, 12.712591658725659 ], [ 101.696561042556013, 12.712501330323596 ], [ 101.696469034307071, 12.712502266527665 ], [ 101.696468080712236, 12.71241193811805 ], [ 101.696100047772859, 12.71241568258832 ], [ 101.696099094315144, 12.712325354150556 ], [ 101.696007086094397, 12.712326290181625 ], [ 101.696005179265853, 12.712145633290309 ], [ 101.69591317110266, 12.712146569275793 ], [ 101.695914124480808, 12.71223689772866 ], [ 101.695730108067522, 12.7122387696178 ], [ 101.69572820144829, 12.712058112683922 ], [ 101.695636193295528, 12.712059048566985 ], [ 101.695635240029361, 12.711968720092154 ], [ 101.695359215624364, 12.711971527529627 ], [ 101.695360168793201, 12.712061856025052 ], [ 101.695268160611093, 12.712062791780705 ], [ 101.695273879583524, 12.712604762780057 ], [ 101.695365887960293, 12.712603826983219 ], [ 101.695364934747431, 12.712513498491905 ], [ 101.695548951414068, 12.712511626816401 ], [ 101.695550857976883, 12.71269228377089 ], [ 101.695918891481668, 12.71268853998272 ], [ 101.695919844903841, 12.71277886843148 ], [ 101.696011853294152, 12.712777932397934 ], [ 101.696012806756102, 12.712868260839143 ], [ 101.696104815171509, 12.712867324766878 ], [ 101.696106722182321, 12.713047981633508 ], [ 101.696014713702027, 12.713048917719503 ], [ 101.696013760225398, 12.712958589279665 ], [ 101.695829743307698, 12.712960461342362 ], [ 101.69583069671944, 12.713050789795931 ], [ 101.695738688217133, 12.713051725786364 ], [ 101.69573964160378, 12.713142054246116 ], [ 101.695555624512281, 12.713143926145145 ], [ 101.695554671190536, 12.71305359767166 ], [ 101.69546266266623, 12.713054533566527 ], [ 101.695461709384247, 12.712964205085498 ], [ 101.695369700885053, 12.712965140941643 ], [ 101.69536874764286, 12.712874812453064 ], [ 101.695276739168762, 12.712875748270493 ], [ 101.695275785966345, 12.712785419774367 ], [ 101.694815743648093, 12.71279009834937 ], [ 101.694816696688278, 12.712880426879813 ], [ 101.694724688170197, 12.712881362506113 ], [ 101.694727547237463, 12.713152348113931 ], [ 101.694635538614691, 12.713153283728964 ], [ 101.694636491619335, 12.713243612270396 ], [ 101.694728500274536, 12.713242676648502 ], [ 101.694729453318971, 12.713333005182388 ], [ 101.694821461999283, 12.713332069521773 ], [ 101.694822415083479, 12.713422398048111 ], [ 101.695374467206051, 12.713416783374276 ], [ 101.695375420492255, 12.713507111858748 ], [ 101.695467429186124, 12.713506175961417 ], [ 101.695468382512104, 12.713596504438334 ], [ 101.695560391231083, 12.713595568502281 ], [ 101.69556134459684, 12.713685896971658 ], [ 101.69565335334093, 12.713684960996883 ], [ 101.695654306746491, 12.713775289458708 ], [ 101.695838324277545, 12.713773417399858 ], [ 101.695839277755312, 12.713863745847267 ], [ 101.695931286542276, 12.713862809763192 ], [ 101.695930333032067, 12.713772481322646 ], [ 101.696114350519096, 12.713770609072657 ], [ 101.696111489837776, 12.71349962378811 ], [ 101.696203498472954, 12.713498687635926 ], [ 101.69620159132387, 12.713318030789871 ], [ 101.696109582753593, 12.713318966928322 ], [ 101.696107675698741, 12.7131383100658 ], [ 101.696199684204132, 12.713137373941082 ], [ 101.696198730655283, 12.713047045515658 ], [ 101.696290739120897, 12.713046109365953 ], [ 101.696288831980297, 12.712865452526785 ] ], [ [ 101.695438353600778, 12.719468790320299 ], [ 101.695530364436578, 12.719467853969904 ], [ 101.695527503050116, 12.719196868670588 ], [ 101.695619513781182, 12.719195932308919 ], [ 101.695618559967912, 12.719105603881307 ], [ 101.695710570659188, 12.719104667494632 ], [ 101.695708662989716, 12.718924010651087 ], [ 101.695616652363356, 12.718924947024032 ], [ 101.695614744788173, 12.718744290164015 ], [ 101.695522734219395, 12.718745226491359 ], [ 101.695521780475261, 12.71865489805346 ], [ 101.695061727683651, 12.718659579177817 ], [ 101.695060774109152, 12.718569250704908 ], [ 101.695244795182887, 12.718567378364504 ], [ 101.695242887926042, 12.718386721444096 ], [ 101.695058866982151, 12.718388593757046 ], [ 101.695059820541985, 12.71847892223132 ], [ 101.694967810026583, 12.718479858346855 ], [ 101.694966856499207, 12.718389529865716 ], [ 101.694598814494071, 12.718393273981718 ], [ 101.694597861103858, 12.718302945472441 ], [ 101.694505850616707, 12.718303881414908 ], [ 101.694506803974448, 12.718394209931047 ], [ 101.694322782913204, 12.718396081734095 ], [ 101.694321829620378, 12.718305753204234 ], [ 101.693953787539741, 12.718309496400456 ], [ 101.693952834384078, 12.718219167842468 ], [ 101.69386082387804, 12.718220103554989 ], [ 101.693861777001246, 12.718310432119839 ], [ 101.693585745341778, 12.718313239086783 ], [ 101.693588604463244, 12.71858422483897 ], [ 101.69368061512111, 12.718583289194612 ], [ 101.693682521303671, 12.718763946345591 ], [ 101.69359051058089, 12.718764882003669 ], [ 101.693597182223513, 12.719397182058556 ], [ 101.693689193173526, 12.719396246352456 ], [ 101.693691099488049, 12.719576903491115 ], [ 101.694059143474448, 12.719573160293125 ], [ 101.694058190183668, 12.719482831751581 ], [ 101.694150201129489, 12.719481895879264 ], [ 101.694151154452726, 12.719572224413948 ], [ 101.694519198292468, 12.719568480578516 ], [ 101.694517291393652, 12.719387823563359 ], [ 101.694885334856366, 12.719384079272876 ], [ 101.69488628843196, 12.719474407753346 ], [ 101.695070310184235, 12.719472535403151 ], [ 101.695071263832091, 12.719562863869209 ], [ 101.695439307378479, 12.719559118758903 ], [ 101.695438353600778, 12.719468790320299 ] ], [ [ 101.694787602896923, 12.718843044454932 ], [ 101.694786649405131, 12.718752715962804 ], [ 101.694142574807586, 12.718759267577155 ], [ 101.694140668300449, 12.718578610494779 ], [ 101.694048657679247, 12.718579546298484 ], [ 101.694047704469128, 12.718489217749406 ], [ 101.694783788973766, 12.718481730482319 ], [ 101.694784742443559, 12.7185720589765 ], [ 101.694968763561292, 12.718570186827311 ], [ 101.694969717103334, 12.718660515307079 ], [ 101.694877706515669, 12.718661451404472 ], [ 101.694879613556836, 12.718842108375682 ], [ 101.694787602896923, 12.718843044454932 ] ], [ [ 101.702729986427002, 12.730235002681301 ], [ 101.702453943903208, 12.730237821476878 ], [ 101.702452986815587, 12.730147493635345 ], [ 101.702268958494571, 12.730149372659136 ], [ 101.702268001479297, 12.730059044803154 ], [ 101.702452029735326, 12.730057165793124 ], [ 101.702449158538684, 12.729786182262341 ], [ 101.702541172558171, 12.729785242730129 ], [ 101.702539258398886, 12.729604587053281 ], [ 101.701987174561381, 12.729610223685517 ], [ 101.701988131442405, 12.729700551565575 ], [ 101.70171208932689, 12.729703369471727 ], [ 101.701714002916091, 12.729884025271076 ], [ 101.701806017026939, 12.729883085987161 ], [ 101.701806973865061, 12.729973413878927 ], [ 101.70189898800102, 12.729972474556234 ], [ 101.701899944878988, 12.730062802440433 ], [ 101.702083973193865, 12.73006092368559 ], [ 101.702084930144153, 12.730151251555339 ], [ 101.701992915957916, 12.730152190955593 ], [ 101.701993872883065, 12.730242518831538 ], [ 101.702085887101816, 12.730241579424405 ], [ 101.702087801039184, 12.730422235160477 ], [ 101.701995786755461, 12.730423174581375 ], [ 101.701996743702708, 12.730513502455263 ], [ 101.702088758018903, 12.730512563027487 ], [ 101.702090672000423, 12.730693218759443 ], [ 101.701998657619228, 12.730694158200986 ], [ 101.701999614588516, 12.730784486072817 ], [ 101.701907600167488, 12.730785425489341 ], [ 101.701906643230672, 12.730695097610626 ], [ 101.701814628834782, 12.730696036988371 ], [ 101.701813671937813, 12.73060570910209 ], [ 101.701905686301231, 12.730604769731229 ], [ 101.701903772464391, 12.730424113970372 ], [ 101.701719743860195, 12.730425992652671 ], [ 101.701718787017782, 12.730335664757453 ], [ 101.701626772737129, 12.730336604043872 ], [ 101.701624859139386, 12.730155948237618 ], [ 101.701716873355053, 12.730155008964958 ], [ 101.701714959721727, 12.729974353169721 ], [ 101.701530931413004, 12.72997623165562 ], [ 101.701529974672354, 12.729885903743211 ], [ 101.701437960539451, 12.729886842931428 ], [ 101.701437003838635, 12.729796515011456 ], [ 101.701068947363467, 12.72980027141784 ], [ 101.701069903934311, 12.729890599365332 ], [ 101.700793861403255, 12.72989341635583 ], [ 101.700794817883988, 12.729983744323272 ], [ 101.700702803659766, 12.729984683263188 ], [ 101.700704716578301, 12.730165339209771 ], [ 101.700796730867495, 12.730164400256101 ], [ 101.700797687370283, 12.730254728221485 ], [ 101.70088970168463, 12.730253789229037 ], [ 101.700890658227252, 12.73034411718686 ], [ 101.700982672566724, 12.730343178155634 ], [ 101.700983629149192, 12.730433506105891 ], [ 101.701167657871068, 12.730431627933983 ], [ 101.701168614525869, 12.730521955869794 ], [ 101.701260628908258, 12.730521016729112 ], [ 101.701261585602907, 12.730611344657358 ], [ 101.701353600010449, 12.730610405477899 ], [ 101.701354556744946, 12.73070073339858 ], [ 101.701446571177627, 12.730699794180339 ], [ 101.701447527951956, 12.730790122093456 ], [ 101.701539542409776, 12.730789182836432 ], [ 101.701540499223967, 12.730879510741984 ], [ 101.701632513706912, 12.730878571446182 ], [ 101.701633470560949, 12.730968899344166 ], [ 101.701909514063161, 12.730966081244711 ], [ 101.701910471022018, 12.731056409121367 ], [ 101.702002485540532, 12.731055469684202 ], [ 101.702000571565165, 12.730874813943965 ], [ 101.702460643722503, 12.730870116348433 ], [ 101.702461600868972, 12.730960444184483 ], [ 101.702553615310862, 12.730959504562794 ], [ 101.702552658131907, 12.730869176733625 ], [ 101.702644672533935, 12.730868237086916 ], [ 101.702642758133109, 12.730687581440291 ], [ 101.702550743796053, 12.730688521073233 ], [ 101.702546915212622, 12.730327209744219 ], [ 101.702730943619443, 12.730325330501501 ], [ 101.702729986427002, 12.730235002681301 ] ], [ [ 101.692430075452776, 12.73088201453146 ], [ 101.69252209063005, 12.730881078400721 ], [ 101.692523044259929, 12.730971406979423 ], [ 101.692615059462369, 12.730970470809927 ], [ 101.692614105800004, 12.730880142238082 ], [ 101.69270612096264, 12.730879206043541 ], [ 101.692705167275108, 12.730788877477867 ], [ 101.692889197513395, 12.7307870050068 ], [ 101.692888243768209, 12.73069667645416 ], [ 101.69298025884386, 12.73069574017763 ], [ 101.692981212621532, 12.730786068723415 ], [ 101.693165242815837, 12.730784196060943 ], [ 101.693163335137839, 12.730603538996123 ], [ 101.693347365172841, 12.730601666233481 ], [ 101.693341641924903, 12.730059695104899 ], [ 101.693525671540684, 12.730057822296974 ], [ 101.693524717626701, 12.729967493786861 ], [ 101.693340688075907, 12.729969366581068 ], [ 101.693339734234243, 12.729879038056554 ], [ 101.692879660391426, 12.729883719449544 ], [ 101.692880614070646, 12.729974048008355 ], [ 101.692788599247592, 12.729974984198115 ], [ 101.692789552901644, 12.730065312763097 ], [ 101.692697538038772, 12.73006624892782 ], [ 101.69269849166767, 12.730156577498974 ], [ 101.692606476764979, 12.730157513638652 ], [ 101.692605523168581, 12.730067185060639 ], [ 101.692513508291057, 12.73006812116156 ], [ 101.692512554734478, 12.729977792576001 ], [ 101.692328525022418, 12.729979664668431 ], [ 101.692329478514011, 12.730069993267703 ], [ 101.692145448707663, 12.730071865246247 ], [ 101.692146402141603, 12.730162193858545 ], [ 101.691870357279626, 12.730165001607688 ], [ 101.691871310623412, 12.730255330239867 ], [ 101.691779295622268, 12.730256266099303 ], [ 101.691778342310982, 12.730165937460269 ], [ 101.691318267357858, 12.730170616244681 ], [ 101.691319220506685, 12.730260944917992 ], [ 101.69113519040917, 12.730262816222163 ], [ 101.691136143500358, 12.7303531449085 ], [ 101.691044128408109, 12.730354080519593 ], [ 101.691046987628127, 12.730625066595048 ], [ 101.691139002817849, 12.730624130963394 ], [ 101.691141862201277, 12.730895117012118 ], [ 101.691233877481153, 12.730894181328004 ], [ 101.691234830656114, 12.730984510002687 ], [ 101.691326845961157, 12.730983574279815 ], [ 101.691327799175937, 12.731073902946962 ], [ 101.691787875753718, 12.7310692238198 ], [ 101.691786922376465, 12.730978895186935 ], [ 101.69197095289131, 12.730977023326464 ], [ 101.69196999945639, 12.730886694706623 ], [ 101.692062014670327, 12.730885758735392 ], [ 101.692061061210254, 12.730795430121717 ], [ 101.692245091551143, 12.730793558097268 ], [ 101.692246045076203, 12.730883886697228 ], [ 101.692338060268142, 12.730882950630296 ], [ 101.692339013833035, 12.730973279222711 ], [ 101.692431029050141, 12.730972343117019 ], [ 101.692430075452776, 12.73088201453146 ] ], [ [ 101.701264455730993, 12.730882328437991 ], [ 101.701080426698908, 12.730884206742493 ], [ 101.701079470047176, 12.730793878802542 ], [ 101.700987455552593, 12.730794817900062 ], [ 101.700986498940708, 12.730704489952549 ], [ 101.700894484471277, 12.730705429011287 ], [ 101.700892571334563, 12.730524773100447 ], [ 101.700616528077092, 12.730527590044002 ], [ 101.70061557161722, 12.730437262066916 ], [ 101.70052355721586, 12.730438200977421 ], [ 101.700520687977857, 12.730167217021418 ], [ 101.700428673666622, 12.730168155879392 ], [ 101.700427717301139, 12.730077827885809 ], [ 101.700335703015028, 12.730078766705009 ], [ 101.700334746689407, 12.729988438703867 ], [ 101.700242732428435, 12.729989377484285 ], [ 101.700241776142647, 12.729899049475577 ], [ 101.700057747663649, 12.729900926926971 ], [ 101.70005679145018, 12.729810598903825 ], [ 101.699872763006766, 12.729812476213878 ], [ 101.699873719155235, 12.729902804250779 ], [ 101.699689690617433, 12.729904681446989 ], [ 101.699692558912034, 12.730175665594835 ], [ 101.699784573282074, 12.73017472699205 ], [ 101.699785529427459, 12.730265055033085 ], [ 101.699877543822652, 12.730264116391528 ], [ 101.69987850000787, 12.730354444424998 ], [ 101.699970514428202, 12.730353505744663 ], [ 101.699972426885694, 12.730534161795802 ], [ 101.700064441363651, 12.730533223069816 ], [ 101.700066353915517, 12.73071387910446 ], [ 101.700158368451113, 12.730712940332817 ], [ 101.700160281097368, 12.730893596350963 ], [ 101.700252295690603, 12.730892657533667 ], [ 101.700253252057252, 12.730982985534837 ], [ 101.700345266675612, 12.730982046678763 ], [ 101.700347179495949, 12.731162702665287 ], [ 101.700439194171963, 12.731161763763561 ], [ 101.700441107086675, 12.731342419733586 ], [ 101.700533121820328, 12.731341480786202 ], [ 101.700535034829429, 12.731522136739732 ], [ 101.700627049620721, 12.731521197746687 ], [ 101.700628006168785, 12.731611525715545 ], [ 101.700720020985216, 12.73161058668372 ], [ 101.700720977573141, 12.731700914645016 ], [ 101.701089036895311, 12.731697158171189 ], [ 101.701088080177414, 12.731606830237407 ], [ 101.701272109729388, 12.731604951822835 ], [ 101.701271152953851, 12.731514623902129 ], [ 101.701363167686324, 12.731513684653871 ], [ 101.701362210885648, 12.731423356739358 ], [ 101.70145422557826, 12.731422417466076 ], [ 101.70145135512287, 12.731151433739068 ], [ 101.701359340527731, 12.731152372991708 ], [ 101.701358383756471, 12.731062045074456 ], [ 101.70126636918647, 12.731062984288316 ], [ 101.701264455730993, 12.730882328437991 ] ], [ [ 101.699968602000126, 12.730172849690787 ], [ 101.699967645797102, 12.730082521662821 ], [ 101.700243688721571, 12.73007970549231 ], [ 101.700244645022067, 12.730170033499647 ], [ 101.699968602000126, 12.730172849690787 ] ], [ [ 101.71214192892738, 12.697978733615502 ], [ 101.712049927091769, 12.697979674168176 ], [ 101.712048969122918, 12.697889346827331 ], [ 101.711956967312332, 12.697890287341286 ], [ 101.711956009383258, 12.697799959992855 ], [ 101.711864007597683, 12.697800900468089 ], [ 101.71186304970837, 12.697710573112063 ], [ 101.711679046179924, 12.697712453953276 ], [ 101.711678088362802, 12.697622126582759 ], [ 101.711402083111963, 12.697624947585263 ], [ 101.711401125399419, 12.697534620193348 ], [ 101.710389105934752, 12.697544961343622 ], [ 101.710388148585977, 12.697454633875083 ], [ 101.71011214321976, 12.697457453500011 ], [ 101.710111185975549, 12.69736712601008 ], [ 101.709927182426, 12.697369005587163 ], [ 101.709926225253966, 12.697278678082748 ], [ 101.709466216413063, 12.697283376434228 ], [ 101.709465259410393, 12.697193048894629 ], [ 101.708913248752438, 12.697198685825192 ], [ 101.708914205560717, 12.697289013406182 ], [ 101.708730201884293, 12.69729089214233 ], [ 101.708731158635146, 12.697381219736437 ], [ 101.708455152968043, 12.697384037622754 ], [ 101.708456109629068, 12.697474365236868 ], [ 101.707904097901533, 12.697480000191932 ], [ 101.707905054375516, 12.697570327846737 ], [ 101.707721050342599, 12.697572205924374 ], [ 101.707722006759155, 12.697662533592288 ], [ 101.70763000469924, 12.697663472590278 ], [ 101.707629048315098, 12.697573144915472 ], [ 101.707537046280208, 12.697574083874756 ], [ 101.707538002631964, 12.69766441155646 ], [ 101.707446000557326, 12.697665350490825 ], [ 101.707446956884041, 12.697755678178737 ], [ 101.707630961090771, 12.697753800264405 ], [ 101.707631917489664, 12.697844127937845 ], [ 101.707815921731708, 12.697842249882465 ], [ 101.707817834681208, 12.698022905199712 ], [ 101.707725832499065, 12.698023844257103 ], [ 101.707726788952456, 12.698114171921592 ], [ 101.707634786730537, 12.698115110954063 ], [ 101.707635743158903, 12.698205438624763 ], [ 101.707175731776815, 12.69821013334435 ], [ 101.707176688050524, 12.69830046104884 ], [ 101.707268690374079, 12.698299522161658 ], [ 101.707269646687564, 12.698389849858573 ], [ 101.707453651377378, 12.698387971974979 ], [ 101.707452694999077, 12.698297644291852 ], [ 101.707728701881337, 12.698294827248523 ], [ 101.707727745413209, 12.698204499585399 ], [ 101.7082797587844, 12.698198864681096 ], [ 101.708280715446932, 12.698289192302843 ], [ 101.708372717682067, 12.698288253033876 ], [ 101.70837367438439, 12.698378580648045 ], [ 101.708557678897364, 12.69837670200087 ], [ 101.708558635671849, 12.698467029600554 ], [ 101.709018646987346, 12.698462332391351 ], [ 101.70901960393121, 12.698552659955865 ], [ 101.709479615224453, 12.69854796191677 ], [ 101.709480572337696, 12.698638289446107 ], [ 101.709756579122399, 12.698635470220154 ], [ 101.70975753634022, 12.698725797728105 ], [ 101.710401552139928, 12.698719218372343 ], [ 101.710402509591944, 12.698809545831297 ], [ 101.710494511851948, 12.698808605789166 ], [ 101.710493554367531, 12.698718278337109 ], [ 101.710585556587759, 12.698717338270063 ], [ 101.710586514104591, 12.698807665715213 ], [ 101.710678516349844, 12.698806725609447 ], [ 101.710677558800626, 12.698716398171198 ], [ 101.710769561006089, 12.698715458040516 ], [ 101.710768603431831, 12.698625130608484 ], [ 101.710860605597546, 12.698624190452891 ], [ 101.710859647998262, 12.698533863027077 ], [ 101.711043652242736, 12.698531982634249 ], [ 101.711042694586027, 12.69844165522156 ], [ 101.7111346966648, 12.698440714984324 ], [ 101.711133738983065, 12.698350387577856 ], [ 101.711317743053669, 12.698348507021747 ], [ 101.711316785314509, 12.698258179628398 ], [ 101.711684793237595, 12.698254418162017 ], [ 101.711685751106344, 12.698344745527747 ], [ 101.711777753101089, 12.698343805074709 ], [ 101.71177679519991, 12.698253477715882 ], [ 101.711868797154864, 12.698252537237938 ], [ 101.711869755088429, 12.698342864589854 ], [ 101.712145761006212, 12.698340042944402 ], [ 101.71214671904437, 12.698430370274917 ], [ 101.712422724992933, 12.698427548322403 ], [ 101.712423683135682, 12.698517875631515 ], [ 101.712607687129292, 12.698515994156946 ], [ 101.712608645344218, 12.698606321451555 ], [ 101.712792649373114, 12.698604439835911 ], [ 101.712793607660217, 12.698694767116024 ], [ 101.712885609696002, 12.698693826253567 ], [ 101.712886568022896, 12.698784153526086 ], [ 101.712702563879148, 12.698786035232994 ], [ 101.712703522148615, 12.698876362518639 ], [ 101.71215150934583, 12.698882006917215 ], [ 101.712152467428254, 12.698972334243619 ], [ 101.711600454165378, 12.698977977538227 ], [ 101.711601412060773, 12.699068304905385 ], [ 101.711049398337892, 12.699073947096014 ], [ 101.711051313761971, 12.699254601911123 ], [ 101.711511325540187, 12.699249900096101 ], [ 101.711512283425293, 12.699340227468113 ], [ 101.712156299831761, 12.699333643542397 ], [ 101.712157257951091, 12.699423970865382 ], [ 101.712433264968965, 12.699421148684943 ], [ 101.712434223192886, 12.699511475986522 ], [ 101.712526225549823, 12.699510535189168 ], [ 101.712527183813521, 12.699600862483154 ], [ 101.712619186195482, 12.699599921647071 ], [ 101.71262014449897, 12.699690248933464 ], [ 101.712804149305555, 12.699688367152032 ], [ 101.712805107681234, 12.699778694423925 ], [ 101.712989112523104, 12.699776812501398 ], [ 101.712990070970989, 12.699867139758791 ], [ 101.713082073413247, 12.699866198742891 ], [ 101.713083031900908, 12.699956525992688 ], [ 101.713359039280647, 12.699953702733348 ], [ 101.713359997872914, 12.700044029961731 ], [ 101.713544002820626, 12.700042147615921 ], [ 101.713544961485098, 12.700132474829802 ], [ 101.713728966468096, 12.700130592342893 ], [ 101.713729925204746, 12.70022091954227 ], [ 101.713913930223015, 12.700219036914261 ], [ 101.713914889031869, 12.70030936409913 ], [ 101.714098894085424, 12.700307481330016 ], [ 101.714099852966484, 12.700397808500382 ], [ 101.714191855514585, 12.700396867061185 ], [ 101.714192814435421, 12.70048719422395 ], [ 101.714376819574298, 12.700485311236267 ], [ 101.714377778567339, 12.700575638384526 ], [ 101.714469781158101, 12.700574696836044 ], [ 101.714470740190933, 12.700665023976704 ], [ 101.714654745415132, 12.70066314077045 ], [ 101.714655704520155, 12.700753467896599 ], [ 101.714839709779611, 12.700751584549236 ], [ 101.714840668956853, 12.700841911660872 ], [ 101.715392684752402, 12.70083626081359 ], [ 101.715393644131467, 12.700926587883057 ], [ 101.715485646770603, 12.700925645956888 ], [ 101.715486606189472, 12.701015973018757 ], [ 101.7157626141598, 12.70101314702857 ], [ 101.715763573683276, 12.701103474069006 ], [ 101.715855576357683, 12.70110253200172 ], [ 101.715856535920949, 12.701192859034558 ], [ 101.716132543997048, 12.70119003262101 ], [ 101.716133503664949, 12.701280359632413 ], [ 101.716225506374613, 12.701279417424004 ], [ 101.716226466082304, 12.70136974442781 ], [ 101.716410471544279, 12.701367859901687 ], [ 101.71641143132419, 12.701458186890969 ], [ 101.716595436821407, 12.701456302223722 ], [ 101.716596396673523, 12.701546629198482 ], [ 101.716688399443456, 12.70154568681021 ], [ 101.716689359335376, 12.701636013777367 ], [ 101.716873364917888, 12.701634128891509 ], [ 101.716874324882028, 12.701724455844149 ], [ 101.716966327694593, 12.701723513346566 ], [ 101.716965367698052, 12.701633186400846 ], [ 101.717057370470826, 12.701632243878361 ], [ 101.717058330499768, 12.701722570817163 ], [ 101.717150333297582, 12.701721628255932 ], [ 101.717149373236211, 12.701631301324049 ], [ 101.717333378744797, 12.70162941611996 ], [ 101.717334338870984, 12.701719743038002 ], [ 101.717518344414813, 12.701717857692781 ], [ 101.717519304613205, 12.701808184596301 ], [ 101.717611307406443, 12.70180724186903 ], [ 101.717610347175636, 12.701716914972431 ], [ 101.717886355413754, 12.701714086620454 ], [ 101.717887315741777, 12.701804413496291 ], [ 101.718255326752043, 12.701800641887102 ], [ 101.718256287217116, 12.701890968734565 ], [ 101.718348289983595, 12.701890025745787 ], [ 101.718349250488473, 12.701980352585647 ], [ 101.718441253279963, 12.701979409558119 ], [ 101.718442213824645, 12.702069736390367 ], [ 101.71853421664116, 12.702068793324097 ], [ 101.718535177225661, 12.702159120148735 ], [ 101.718627180067188, 12.702158177043719 ], [ 101.718628140691493, 12.702248503860755 ], [ 101.718812146417179, 12.702246617541396 ], [ 101.718813107113704, 12.702336944343902 ], [ 101.718905109997863, 12.702336001129561 ], [ 101.718906070734192, 12.702426327924451 ], [ 101.718998073643363, 12.702425384671367 ], [ 101.718999034419511, 12.702515711458648 ], [ 101.719275043199872, 12.702512881487666 ], [ 101.719276004080641, 12.702603208253489 ], [ 101.719460009962049, 12.702601321433191 ], [ 101.719461931875458, 12.702781974935089 ], [ 101.719553934869893, 12.702781031463349 ], [ 101.719554895870104, 12.702871358206341 ], [ 101.719738901901593, 12.702869471153535 ], [ 101.719739862974038, 12.702959797881995 ], [ 101.719831866011091, 12.702958854300926 ], [ 101.719832827123355, 12.703049181021775 ], [ 101.71992483018542, 12.703048237401955 ], [ 101.719925791337488, 12.703138564115189 ], [ 101.72010979750425, 12.703136676766215 ], [ 101.720110758728538, 12.703227003464908 ], [ 101.720202761833249, 12.703226059735753 ], [ 101.720203723097342, 12.70331638642684 ], [ 101.720295726227064, 12.703315442658933 ], [ 101.72029668753099, 12.703405769342407 ], [ 101.720388690685709, 12.703404825535742 ], [ 101.720389652029453, 12.703495152211605 ], [ 101.720481655209184, 12.703494208366186 ], [ 101.720482616592761, 12.703584535034432 ], [ 101.720666622994827, 12.703582647234258 ], [ 101.720667584450638, 12.70367297388796 ], [ 101.720759587672987, 12.703672029933202 ], [ 101.720760549168602, 12.703762356579293 ], [ 101.720852552415963, 12.703761412585781 ], [ 101.720854475494235, 12.703942065862053 ], [ 101.721222488668985, 12.703938289514273 ], [ 101.721223450348887, 12.704028616123663 ], [ 101.721407456956683, 12.704026727744942 ], [ 101.721408418708819, 12.70411705433979 ], [ 101.721500422034026, 12.704116110095756 ], [ 101.721501383825981, 12.704206436682986 ], [ 101.721593387176199, 12.704205492400193 ], [ 101.721594349007987, 12.704295818979805 ], [ 101.721870359111435, 12.704292985919654 ], [ 101.721871321047871, 12.704383312477791 ], [ 101.722239334545122, 12.704379534590913 ], [ 101.722240296618637, 12.704469861120636 ], [ 101.722332300006855, 12.704468916562409 ], [ 101.722333262120202, 12.704559243084514 ], [ 101.722793279112238, 12.704554519781265 ], [ 101.722795203685322, 12.704735172754093 ], [ 101.722887207126334, 12.704734227984085 ], [ 101.722888169456411, 12.704824554462537 ], [ 101.722980172922433, 12.704823609653763 ], [ 101.722984984846036, 12.705275242001065 ], [ 101.722892981217925, 12.705276186844506 ], [ 101.722894905974385, 12.705456839792497 ], [ 101.722802902274026, 12.705457784617977 ], [ 101.722804826995272, 12.705638437577093 ], [ 101.722712823222651, 12.705639382384605 ], [ 101.722713785561979, 12.705729708870072 ], [ 101.722621781749538, 12.705730653652681 ], [ 101.722623706385576, 12.70591130663542 ], [ 101.722531702500874, 12.705912251400065 ], [ 101.722533627101697, 12.706092904393927 ], [ 101.722441623144746, 12.706093849140604 ], [ 101.722442585423849, 12.70618417564344 ], [ 101.722350581427079, 12.706185120365218 ], [ 101.722351543681157, 12.706275446874299 ], [ 101.72225953964454, 12.706276391571173 ], [ 101.722260501873635, 12.706366718086503 ], [ 101.722168497797185, 12.706367662758479 ], [ 101.72216946000124, 12.706457989280052 ], [ 101.722077455884971, 12.706458933927124 ], [ 101.722078418064015, 12.706549260454945 ], [ 101.721986413907914, 12.706550205077111 ], [ 101.721987376061946, 12.70664053161118 ], [ 101.721895371866026, 12.706641476208441 ], [ 101.721896333995019, 12.706731802748756 ], [ 101.721804329759266, 12.706732747321114 ], [ 101.721806253974663, 12.706913400413548 ], [ 101.721714249666633, 12.706914344967933 ], [ 101.721716173846815, 12.707094998071492 ], [ 101.72153216507887, 12.707096887112474 ], [ 101.721533127115208, 12.707187213677082 ], [ 101.721441122687708, 12.707188158156749 ], [ 101.721442084699035, 12.707278484727603 ], [ 101.721350080231701, 12.707279429182362 ], [ 101.721351042218004, 12.707369755759462 ], [ 101.721259037710837, 12.707370700189315 ], [ 101.721260961640809, 12.707551353355319 ], [ 101.721076952474561, 12.707553242147227 ], [ 101.721077914385802, 12.707643568743061 ], [ 101.720985909759136, 12.707644513098186 ], [ 101.720986871645366, 12.707734839700265 ], [ 101.721078876304446, 12.707733895338208 ], [ 101.721079838230494, 12.707824221932672 ], [ 101.7211718429146, 12.707823277531848 ], [ 101.721172804880482, 12.707913604118696 ], [ 101.720988795440022, 12.707915492902364 ], [ 101.720989757348434, 12.708005819502382 ], [ 101.720437728654787, 12.708011485130815 ], [ 101.720438690376056, 12.708101811771723 ], [ 101.720254680687418, 12.708103700073671 ], [ 101.720255642351248, 12.708194026727746 ], [ 101.719979627665495, 12.708196858962655 ], [ 101.719980589239427, 12.708287185636825 ], [ 101.719428559473542, 12.708292849288521 ], [ 101.719427598094171, 12.708202522572794 ], [ 101.719335593139704, 12.708203466396377 ], [ 101.719336554486645, 12.708293793119029 ], [ 101.719244549492373, 12.708294736917697 ], [ 101.719245510814289, 12.708385063646588 ], [ 101.719705535873828, 12.708380344300215 ], [ 101.719706497365294, 12.708470670993798 ], [ 101.719982512409516, 12.708467838983111 ], [ 101.719981550820776, 12.70837751231031 ], [ 101.720073555788275, 12.708376568249996 ], [ 101.720072594174511, 12.708286241583437 ], [ 101.720532618738872, 12.708281520838884 ], [ 101.720531656970365, 12.708191194206277 ], [ 101.720807671522863, 12.70818836139825 ], [ 101.720806709664487, 12.708098034785744 ], [ 101.721266733608431, 12.708093312836882 ], [ 101.721265771595327, 12.708002986258338 ], [ 101.721449781056222, 12.708001097269776 ], [ 101.721443046717752, 12.707368811297776 ], [ 101.721627055695066, 12.707366922278885 ], [ 101.721625131535305, 12.707186269165581 ], [ 101.721809140353287, 12.707184380047064 ], [ 101.721808178219661, 12.707094053503244 ], [ 101.721900182585131, 12.707093108903162 ], [ 101.721899220426494, 12.707002782365587 ], [ 101.721991224752102, 12.707001837740599 ], [ 101.721989300392224, 12.706821184677263 ], [ 101.722081304645585, 12.706820240034299 ], [ 101.722080342444315, 12.706729913508532 ], [ 101.722172346657857, 12.706728968840668 ], [ 101.722171384431576, 12.706638642321145 ], [ 101.722263388605285, 12.706637697628379 ], [ 101.722262426353993, 12.706547371115107 ], [ 101.722354430487869, 12.706546426397432 ], [ 101.722353468211551, 12.706456099890408 ], [ 101.722445472305608, 12.706455155147834 ], [ 101.722443547710355, 12.706274502145591 ], [ 101.72253555173215, 12.706273557385048 ], [ 101.722534589413215, 12.706183230889829 ], [ 101.722626593395177, 12.706182286104383 ], [ 101.722624668714701, 12.70600163312576 ], [ 101.722716672624415, 12.70600068832235 ], [ 101.722715710262861, 12.705910361838939 ], [ 101.722807714132742, 12.705909417010625 ], [ 101.722806751746177, 12.705819090533467 ], [ 101.722898755576225, 12.705818145680251 ], [ 101.72289683076049, 12.705637492737745 ], [ 101.723080838268686, 12.705635602963554 ], [ 101.723078913352893, 12.705454950046045 ], [ 101.723170917031041, 12.705454005125066 ], [ 101.723169954551835, 12.705363678672219 ], [ 101.723261958190136, 12.705362733726343 ], [ 101.723260995685933, 12.705272407279741 ], [ 101.72335299928443, 12.705271462308971 ], [ 101.723350111719, 12.705000482985865 ], [ 101.723442115212819, 12.704999538004063 ], [ 101.723438265099659, 12.704638232258066 ], [ 101.7235302684564, 12.704637287272178 ], [ 101.723531231005978, 12.70472761370277 ], [ 101.723623234387716, 12.704726668678118 ], [ 101.723624196977127, 12.704816995101087 ], [ 101.72371620038389, 12.704816050037669 ], [ 101.723718125649782, 12.704996702867685 ], [ 101.723810129113957, 12.704995757758562 ], [ 101.723811091790452, 12.705086084165609 ], [ 101.723903095279624, 12.705085139017717 ], [ 101.723904057995938, 12.70517546541714 ], [ 101.723996061510135, 12.70517452023048 ], [ 101.723997024266282, 12.70526484662228 ], [ 101.724549045390233, 12.705259174792241 ], [ 101.724550008348317, 12.705349501141731 ], [ 101.725286036357787, 12.705341936863583 ], [ 101.725285073140341, 12.705251610569603 ], [ 101.725377076575739, 12.70525066489853 ], [ 101.7253780398256, 12.705340991185569 ], [ 101.725470043285995, 12.705340045475724 ], [ 101.72546908000372, 12.705249719195624 ], [ 101.726113103791917, 12.705243098384006 ], [ 101.726112140290127, 12.705152772151814 ], [ 101.7268481667722, 12.705145203655611 ], [ 101.726849130533353, 12.705235529832255 ], [ 101.726941133842644, 12.705234583620046 ], [ 101.726942097643615, 12.705324909789068 ], [ 101.727034100977917, 12.705323963538081 ], [ 101.727035064818736, 12.705414289699473 ], [ 101.727311074874336, 12.705411450734685 ], [ 101.727309147005613, 12.705230798452892 ], [ 101.727125140438972, 12.705232691100129 ], [ 101.72712417658056, 12.705142364944315 ], [ 101.727032173318534, 12.705143311213245 ], [ 101.727031209499984, 12.7050529850498 ], [ 101.726755199766615, 12.705055823644768 ], [ 101.726754236052727, 12.704965497459805 ], [ 101.726662232825859, 12.704966443587521 ], [ 101.726661269151805, 12.704876117394926 ], [ 101.72610924982925, 12.70488179345112 ], [ 101.726108286357146, 12.704791467216186 ], [ 101.725556266962059, 12.704797142084827 ], [ 101.725555303691863, 12.70470681580756 ], [ 101.725371297232343, 12.704708707161913 ], [ 101.725370334034409, 12.704618380870079 ], [ 101.725186327610047, 12.704620272083233 ], [ 101.725185364484361, 12.70452994577683 ], [ 101.725093361293474, 12.704530891328719 ], [ 101.725092398207607, 12.704440565014691 ], [ 101.725000395041732, 12.704441510527818 ], [ 101.724999431995698, 12.704351184206168 ], [ 101.724815425706538, 12.704353075123043 ], [ 101.724814462732752, 12.704262748786828 ], [ 101.724630456478764, 12.704264639562513 ], [ 101.724629493577226, 12.704174313211734 ], [ 101.724537490471533, 12.704175258544893 ], [ 101.724536527609828, 12.70408493218649 ], [ 101.72435252144102, 12.704086822743449 ], [ 101.724351558651549, 12.703996496370486 ], [ 101.724259555588446, 12.703997441594282 ], [ 101.724258592838822, 12.703907115213697 ], [ 101.724166589800717, 12.703908060398726 ], [ 101.724164664388525, 12.703727407621628 ], [ 101.724072661407831, 12.703728352760956 ], [ 101.724071698745263, 12.703638026364439 ], [ 101.723979695789581, 12.703638971465004 ], [ 101.723977770551528, 12.703458318656041 ], [ 101.723885767653258, 12.703459263710906 ], [ 101.723884805077759, 12.703368937298457 ], [ 101.7237928022045, 12.70336988231456 ], [ 101.72379183966882, 12.703279555894492 ], [ 101.723883842509679, 12.703278610885329 ], [ 101.723881917395744, 12.703097958057011 ], [ 101.724065922925547, 12.703096067970947 ], [ 101.724063997711596, 12.702915415167633 ], [ 101.724340005756247, 12.702912579841465 ], [ 101.724339043063154, 12.702822253459592 ], [ 101.724523048324357, 12.702820363096894 ], [ 101.724522085573852, 12.702730036728212 ], [ 101.724614088160919, 12.702729091506063 ], [ 101.724615050943854, 12.702819417867806 ], [ 101.725259069072635, 12.702812800373083 ], [ 101.725260032089849, 12.702903126685568 ], [ 101.72535203468243, 12.702902181194936 ], [ 101.725351071632801, 12.70281185488939 ], [ 101.725443074185563, 12.702810909373872 ], [ 101.725444037267607, 12.702901235672478 ], [ 101.725536039845352, 12.702900290118198 ], [ 101.725535076730907, 12.702809963826532 ], [ 101.725719081799326, 12.702808072636369 ], [ 101.725720044978601, 12.702898398914154 ], [ 101.725996052622861, 12.702895561869397 ], [ 101.725997979198155, 12.703076214381264 ], [ 101.726089981796221, 12.703075268622145 ], [ 101.726088055156126, 12.702894616124166 ], [ 101.726180057681944, 12.7028936703471 ], [ 101.726179094340608, 12.702803344104023 ], [ 101.726363099305189, 12.702801452468307 ], [ 101.726362135906442, 12.702711126238434 ], [ 101.727834174036161, 12.702695988680984 ], [ 101.727835137953505, 12.702786314799745 ], [ 101.727927140305951, 12.702785368424944 ], [ 101.727928104263114, 12.702875694536077 ], [ 101.728112109010553, 12.702873801677109 ], [ 101.728113073039992, 12.702964127773665 ], [ 101.728205075434985, 12.702963181289496 ], [ 101.728204111373145, 12.702872855199891 ], [ 101.728296113728319, 12.70287190869084 ], [ 101.72829707782256, 12.702962234773503 ], [ 101.728389080202717, 12.702961288225682 ], [ 101.728388116076047, 12.702870962149969 ], [ 101.728480118416371, 12.70287001557727 ], [ 101.728482046741945, 12.703050667714113 ], [ 101.728758053912813, 12.703047827763376 ], [ 101.728759018183965, 12.70313815380992 ], [ 101.728943022992254, 12.703136260336407 ], [ 101.728940130006578, 12.702865282236404 ], [ 101.729124134590691, 12.702863388677279 ], [ 101.729123170212148, 12.702773062656476 ], [ 101.729215172460655, 12.702772115836124 ], [ 101.72921420805713, 12.702681789821582 ], [ 101.72930621026579, 12.70268084297636 ], [ 101.729307174701731, 12.702771168983949 ], [ 101.729399176935374, 12.70277022209995 ], [ 101.729400141411148, 12.702860548099906 ], [ 101.729492143669788, 12.702859601177131 ], [ 101.729490214660856, 12.702678949190437 ], [ 101.729582216847234, 12.702678002249737 ], [ 101.729583181380406, 12.702768328236477 ], [ 101.729859187992247, 12.702765487202578 ], [ 101.729860152630067, 12.702855813167782 ], [ 101.730412165847653, 12.702850130199 ], [ 101.730413130687396, 12.702940456121805 ], [ 101.730597135098648, 12.702938561530367 ], [ 101.730598100010624, 12.703028887438581 ], [ 101.73087410666902, 12.70302604529188 ], [ 101.730875071685659, 12.70311637117854 ], [ 101.730967073922685, 12.703115423725702 ], [ 101.730969004043104, 12.703296075483063 ], [ 101.731153008624503, 12.70329418045409 ], [ 101.731153973760698, 12.70338450631783 ], [ 101.731061971441292, 12.703385453855184 ], [ 101.731064866797198, 12.703656431463161 ], [ 101.730972864373129, 12.703657378989551 ], [ 101.730974794582721, 12.70383803073868 ], [ 101.73106679707162, 12.70383708319838 ], [ 101.731068727375771, 12.704017734930858 ], [ 101.731344734992348, 12.704014892077263 ], [ 101.731343769739325, 12.70392456623223 ], [ 101.731435772230896, 12.703923618557667 ], [ 101.731436737516361, 12.704013944395737 ], [ 101.731528740032914, 12.70401299668239 ], [ 101.731529705358213, 12.704103322512825 ], [ 101.73171371043388, 12.704101426976731 ], [ 101.731712745043765, 12.70401110116021 ], [ 101.731804747538021, 12.704010153351376 ], [ 101.731805712960565, 12.704100479160942 ], [ 101.732173722992968, 12.704096687579501 ], [ 101.732174688552604, 12.704187013360553 ], [ 101.732450696096095, 12.704184169319404 ], [ 101.732451661760408, 12.704274495078902 ], [ 101.732727669334238, 12.704271650730423 ], [ 101.732728635103243, 12.704361976468352 ], [ 101.732912640180103, 12.704360080062974 ], [ 101.732914571870069, 12.704540731508942 ], [ 101.733006574462195, 12.704539783244593 ], [ 101.733007540350741, 12.704630108959586 ], [ 101.733191545577498, 12.704628212321477 ], [ 101.73319444348229, 12.704899189420587 ], [ 101.733378448873793, 12.704897292613401 ], [ 101.733379414921771, 12.70498761829781 ], [ 101.733563420348347, 12.704985721349379 ], [ 101.733562454235539, 12.704895395678889 ], [ 101.733746459567541, 12.704893498617063 ], [ 101.733747425745179, 12.704983824273629 ], [ 101.733839428432447, 12.704982875688009 ], [ 101.733840394649945, 12.705073201336928 ], [ 101.733932397362182, 12.705072252712515 ], [ 101.73393432988432, 12.705252903994372 ], [ 101.734210338170911, 12.705250057888376 ], [ 101.734209371808873, 12.705159732268676 ], [ 101.734853390656923, 12.705153090289356 ], [ 101.734854357245894, 12.705243415860313 ], [ 101.735222367982175, 12.705239619715426 ], [ 101.735223334708252, 12.705329945257835 ], [ 101.735683348123231, 12.705325199325706 ], [ 101.735684315018858, 12.705415524832601 ], [ 101.735960323075773, 12.705412676870454 ], [ 101.735961290076091, 12.70550300235576 ], [ 101.73605329277926, 12.705502052964416 ], [ 101.736055226867094, 12.705682703919038 ], [ 101.736331235126443, 12.70567985551221 ], [ 101.736332202278774, 12.705770180967585 ], [ 101.736424205049403, 12.705769231428013 ], [ 101.73642517224161, 12.70585955687574 ], [ 101.73706919165457, 12.705852909158637 ], [ 101.737071126515175, 12.706033559954458 ], [ 101.737255132124389, 12.706031660292346 ], [ 101.737256099630713, 12.706121985675287 ], [ 101.73744010527497, 12.7061200858719 ], [ 101.737439137703817, 12.706029760502901 ], [ 101.737715146017081, 12.706026910579993 ], [ 101.737714178356114, 12.705936585231219 ], [ 101.737806181079876, 12.705935635200225 ], [ 101.737805213393941, 12.70584530985774 ], [ 101.73789721607784, 12.705844359801883 ], [ 101.737898183796204, 12.705934685137397 ], [ 101.738358197266052, 12.705929934345773 ], [ 101.738360133049312, 12.706110584945016 ], [ 101.738544138514783, 12.706108684377648 ], [ 101.738545106482448, 12.706199009662296 ], [ 101.738637109236421, 12.70619805932389 ], [ 101.738638077243934, 12.706288384600875 ], [ 101.738730080022876, 12.706287434223658 ], [ 101.738729111982934, 12.706197108953649 ], [ 101.739097122894506, 12.706193307154361 ], [ 101.739098091064136, 12.706283632396474 ], [ 101.739282096540038, 12.706281731291881 ], [ 101.739281128305578, 12.70619140606372 ], [ 101.739557136366273, 12.706188554189014 ], [ 101.739556168042, 12.706098228981091 ], [ 101.739832175938346, 12.706095376840819 ], [ 101.739833144359878, 12.706185702027813 ], [ 101.739925147009501, 12.706184751243748 ], [ 101.73992417855554, 12.706094426063732 ], [ 101.740108183767589, 12.706092524414055 ], [ 101.740109152286379, 12.706182849580118 ], [ 101.740477162750679, 12.706179045870869 ], [ 101.740478131406604, 12.706269371008327 ], [ 101.740662136658855, 12.70626746894875 ], [ 101.740660199224777, 12.706086818701054 ], [ 101.741212214413494, 12.70608111184209 ], [ 101.741213183321321, 12.706171436924405 ], [ 101.741581193427649, 12.706167631687192 ], [ 101.741582162472611, 12.70625795674089 ], [ 101.741858170071282, 12.706255102457796 ], [ 101.741859139220978, 12.706345427489866 ], [ 101.742043144314295, 12.706343524461341 ], [ 101.742044113536281, 12.706433849478758 ], [ 101.742504126301114, 12.706429091315457 ], [ 101.742505095692678, 12.706519416297276 ], [ 101.742597098255672, 12.70651846456213 ], [ 101.742598067687112, 12.706608789536274 ], [ 101.742690070275074, 12.706607837762316 ], [ 101.742696856731087, 12.707240112513219 ], [ 101.742788859538535, 12.707239160658531 ], [ 101.742790798657978, 12.707419810567215 ], [ 101.742882801522796, 12.707418858666724 ], [ 101.742883771126145, 12.707509183613052 ], [ 101.742975774015932, 12.707508231673742 ], [ 101.742974804380168, 12.707417906734403 ], [ 101.743066807230079, 12.707416954770242 ], [ 101.743065837569347, 12.707326629837199 ], [ 101.743157840379354, 12.707325677848186 ], [ 101.74315590101547, 12.707145027994011 ], [ 101.743247903753172, 12.707144075987138 ], [ 101.743246934050006, 12.707053751066006 ], [ 101.74343093943817, 12.707051846970723 ], [ 101.743429969677621, 12.706961522062878 ], [ 101.743705977606623, 12.706958665702158 ], [ 101.743705007756262, 12.706868340814582 ], [ 101.743981015520816, 12.706865484188315 ], [ 101.743981985468437, 12.706955809054927 ], [ 101.744073988074106, 12.706954856775514 ], [ 101.744074958061617, 12.707045181634452 ], [ 101.74416696069224, 12.707044229316217 ], [ 101.744165990672315, 12.706953904464269 ], [ 101.744257993263048, 12.706952952121188 ], [ 101.744258963315403, 12.707043276966148 ], [ 101.744442968539332, 12.707041372170508 ], [ 101.744441998422133, 12.706951047339524 ], [ 101.74453400099047, 12.706950094900943 ], [ 101.744533030848316, 12.706859770076258 ], [ 101.744809038411248, 12.706856912590473 ], [ 101.744808068179296, 12.706766587786065 ], [ 101.744900070652918, 12.706765635234127 ], [ 101.744901040917284, 12.706855960031543 ], [ 101.745085045906961, 12.70685405481818 ], [ 101.745084075577751, 12.706763730034748 ], [ 101.745268080472712, 12.706761824708034 ], [ 101.745267110086132, 12.706671499937896 ], [ 101.745359112489979, 12.706670547233777 ], [ 101.745357171674371, 12.706489897705424 ], [ 101.745909185551554, 12.706484180896119 ], [ 101.745908214960437, 12.706393856172863 ], [ 101.746092219461559, 12.706391950329081 ], [ 101.746091248813073, 12.706301625619124 ], [ 101.74618325102, 12.706300672656479 ], [ 101.746184221700901, 12.706390997359444 ], [ 101.746276223932782, 12.706390044357976 ], [ 101.746278165381838, 12.706570693747862 ], [ 101.746370167671103, 12.706569740700571 ], [ 101.746371138439258, 12.70666006538749 ], [ 101.746647145359418, 12.706657206033638 ], [ 101.746649087112687, 12.706837855363453 ], [ 101.746925094160105, 12.706834995681138 ], [ 101.746927036137805, 12.707015644966233 ], [ 101.747019038536834, 12.707014691661138 ], [ 101.747020009569312, 12.707105016295662 ], [ 101.747112011993295, 12.707104062951737 ], [ 101.747112983065676, 12.707194387578578 ], [ 101.747664997647107, 12.70718866680453 ], [ 101.74766596892151, 12.707278991388707 ], [ 101.747573966477532, 12.707279944937632 ], [ 101.74757590898389, 12.70746059411792 ], [ 101.747667911492698, 12.707459640555005 ], [ 101.747666940203359, 12.707369315972199 ], [ 101.747758942672277, 12.707368362384443 ], [ 101.747757971357998, 12.707278037807951 ], [ 101.748033978622615, 12.70727517687466 ], [ 101.748033007218552, 12.707184852318475 ], [ 101.748401016670357, 12.707181037323068 ], [ 101.748400045144052, 12.707090712794184 ], [ 101.74858404976024, 12.707088805119472 ], [ 101.748583078176594, 12.7069984806039 ], [ 101.748951087189525, 12.706994664900469 ], [ 101.748953030623682, 12.707175313874927 ], [ 101.74904503292305, 12.707174359855484 ], [ 101.749046004683777, 12.707264684334683 ], [ 101.749230009324933, 12.707262776186292 ], [ 101.749229037499362, 12.707172451721094 ], [ 101.749321039776305, 12.707171497606147 ], [ 101.749322011634291, 12.707261822064345 ], [ 101.74941401393616, 12.707260867910563 ], [ 101.749413042045745, 12.707170543459368 ], [ 101.750057057722444, 12.707163863540545 ], [ 101.750058029839806, 12.707254187942729 ], [ 101.750242034316358, 12.70725227909398 ], [ 101.750240089959433, 12.707071630316944 ], [ 101.750332092121653, 12.707070675858825 ], [ 101.750331119921981, 12.706980351476279 ], [ 101.750423122044296, 12.706979396993331 ], [ 101.750422149819698, 12.706889072617102 ], [ 101.750974162201814, 12.706883345092933 ], [ 101.750973189790187, 12.706793020758045 ], [ 101.751249195782933, 12.706790156587225 ], [ 101.751248223281522, 12.706699832272667 ], [ 101.751524229109634, 12.70669696783637 ], [ 101.751523256518453, 12.706606643542145 ], [ 101.752075267777997, 12.706600913852109 ], [ 101.75207624056371, 12.706691238104289 ], [ 101.752260244321832, 12.706689327938935 ], [ 101.752259271471274, 12.70659900370077 ], [ 101.752627278767974, 12.706595183016107 ], [ 101.752626305795232, 12.706504858805291 ], [ 101.752718307568259, 12.706503903561552 ], [ 101.75271733457059, 12.70641357935706 ], [ 101.753085341458117, 12.706409758091826 ], [ 101.75308826086264, 12.706680730619123 ], [ 101.753364266241391, 12.706677864272867 ], [ 101.753365239488488, 12.706768188426226 ], [ 101.753733246684973, 12.706764366157515 ], [ 101.753734220069219, 12.706854690282139 ], [ 101.754010225485175, 12.706851823225323 ], [ 101.754009252003655, 12.706761499121736 ], [ 101.754561262438713, 12.706755764190696 ], [ 101.754562236114737, 12.706846088252204 ], [ 101.75493024305122, 12.70684226430013 ], [ 101.754929269245494, 12.706751940266688 ], [ 101.755665282499265, 12.7067442908907 ], [ 101.755664308441681, 12.706653966912697 ], [ 101.755940313190877, 12.706651097892518 ], [ 101.755941287345706, 12.70674142184947 ], [ 101.756217292124674, 12.706738552521749 ], [ 101.756216317872585, 12.70664822858585 ], [ 101.756492322486778, 12.706645358992695 ], [ 101.75649134814492, 12.706555035077164 ], [ 101.756583349635576, 12.70655407848947 ], [ 101.756582375268792, 12.706463754580277 ], [ 101.756766378162737, 12.706461841323426 ], [ 101.756765403738626, 12.706371517427581 ], [ 101.756949406537743, 12.706369604057448 ], [ 101.756948432056291, 12.706279280174952 ], [ 101.75713243476055, 12.706277366691534 ], [ 101.757131460221771, 12.706187042822398 ], [ 101.757499465410604, 12.706183215501669 ], [ 101.75750044007907, 12.706273539342718 ], [ 101.757776443989158, 12.706270668496879 ], [ 101.757777418762387, 12.706360992316176 ], [ 101.758053422702204, 12.706358121162793 ], [ 101.758051472968759, 12.706177473565647 ], [ 101.758879483799419, 12.706168858513044 ], [ 101.758878508652188, 12.706078534776662 ], [ 101.758970509785655, 12.706077577396465 ], [ 101.758969534613513, 12.70598725366642 ], [ 101.759245537871593, 12.705984381355929 ], [ 101.759244562609709, 12.705894057646272 ], [ 101.759888569722179, 12.705887354523599 ], [ 101.75988759424088, 12.705797030862444 ], [ 101.760899604317572, 12.705786494310123 ], [ 101.760900580155464, 12.705876817893961 ], [ 101.760992581058872, 12.705875859827561 ], [ 101.760993556936683, 12.705966183403676 ], [ 101.761177558785803, 12.705964267161326 ], [ 101.761178534735961, 12.706054590722692 ], [ 101.761270535681675, 12.706053632546741 ], [ 101.761271511671751, 12.706143956100387 ], [ 101.761455513605469, 12.70614203963893 ], [ 101.761456489667907, 12.706232363177827 ], [ 101.761640491636399, 12.706230446574986 ], [ 101.761639515509117, 12.706140123050151 ], [ 101.761547514561059, 12.706141081360455 ], [ 101.76154165814971, 12.705599140154833 ], [ 101.761265655843914, 12.705602014768189 ], [ 101.761264679898915, 12.705511691210416 ], [ 101.760988677622748, 12.705514565516223 ], [ 101.760987701782497, 12.705424241936669 ], [ 101.761079702516312, 12.705423283873593 ], [ 101.76107677494339, 12.705152313151904 ], [ 101.76098477430682, 12.705153271193886 ], [ 101.760983798496625, 12.705062947611584 ], [ 101.760891797884952, 12.705063905614708 ], [ 101.760890822114689, 12.704973582024687 ], [ 101.760982822693933, 12.704972624028592 ], [ 101.760977943793179, 12.704521006103327 ], [ 101.761069944202859, 12.70452004811056 ], [ 101.761068968412829, 12.704429724530474 ], [ 101.761160968782562, 12.704428766512912 ], [ 101.761159992967634, 12.704338442939171 ], [ 101.761251993297464, 12.704337484896815 ], [ 101.761251017457639, 12.704247161329418 ], [ 101.761343017747535, 12.704246203262263 ], [ 101.761340090175892, 12.703975232577044 ], [ 101.76097208936018, 12.70397906457033 ], [ 101.760970137942621, 12.70379841738716 ], [ 101.760786137619334, 12.703800333164734 ], [ 101.760787113259539, 12.703890656770723 ], [ 101.760695113054226, 12.703891614618804 ], [ 101.760697064292344, 12.704072261842775 ], [ 101.760605064014683, 12.704073219673091 ], [ 101.760606039612597, 12.704163543291074 ], [ 101.760514039295018, 12.704164501096592 ], [ 101.760515014868034, 12.704254824720923 ], [ 101.760423014510536, 12.704255782501646 ], [ 101.760423990058641, 12.704346106132316 ], [ 101.760239989256277, 12.704348021612345 ], [ 101.760243891264537, 12.704709316184378 ], [ 101.76015189072244, 12.704710273904766 ], [ 101.760152866210859, 12.704800597553087 ], [ 101.76006086562883, 12.704801555248675 ], [ 101.760061841092366, 12.704891878903334 ], [ 101.759969840470404, 12.704892836574128 ], [ 101.759970815909014, 12.70498316023513 ], [ 101.759878815247149, 12.704984117881125 ], [ 101.759880766082077, 12.705164765215116 ], [ 101.759788765347878, 12.705165722843338 ], [ 101.759789740744182, 12.705256046516331 ], [ 101.759697739970051, 12.705257004119751 ], [ 101.759698715341457, 12.705347327799087 ], [ 101.759514713705826, 12.705349242924498 ], [ 101.759515689019906, 12.705439566617198 ], [ 101.759423688158407, 12.705440524139188 ], [ 101.759424663447589, 12.705530847838228 ], [ 101.759332662546171, 12.705531805335417 ], [ 101.759333637810442, 12.705622129040796 ], [ 101.759149635920252, 12.705624043953739 ], [ 101.759150611127197, 12.705714367672481 ], [ 101.758966609142135, 12.705716282472157 ], [ 101.758967584291753, 12.705806606204263 ], [ 101.758599580101887, 12.705810435449761 ], [ 101.758600555129348, 12.705900759209284 ], [ 101.758324551810887, 12.705903630830264 ], [ 101.758325526748592, 12.705993954610175 ], [ 101.758233525595017, 12.705994911760532 ], [ 101.758234500507811, 12.706085235546773 ], [ 101.758142499314303, 12.706086192672323 ], [ 101.758141524433924, 12.705995868879059 ], [ 101.757865520905639, 12.705998740043663 ], [ 101.757864546130008, 12.70590841622864 ], [ 101.757772544971331, 12.705909373212823 ], [ 101.757771570235633, 12.705819049390088 ], [ 101.757679569101853, 12.705820006335422 ], [ 101.757675670363753, 12.705458711009525 ], [ 101.757767671367858, 12.705457754092283 ], [ 101.757766696669677, 12.705367430266113 ], [ 101.757858697633864, 12.705366473324066 ], [ 101.757857722910771, 12.705276149504229 ], [ 101.758133725661054, 12.70527327850818 ], [ 101.758128851671913, 12.704821659504045 ], [ 101.758220852411611, 12.704820702476823 ], [ 101.758219877603878, 12.704730378680956 ], [ 101.75831187830363, 12.704729421628931 ], [ 101.758310903470999, 12.704639097839403 ], [ 101.758494904783177, 12.704637183653917 ], [ 101.75849392989322, 12.704546859877748 ], [ 101.758585930505632, 12.70454590274429 ], [ 101.758584955590763, 12.704455578974459 ], [ 101.758676956163256, 12.7044546218162 ], [ 101.75867598122349, 12.704364298052706 ], [ 101.758767981756066, 12.704363340869648 ], [ 101.758767006791373, 12.70427301711249 ], [ 101.758951007769198, 12.70427110266494 ], [ 101.758951982798706, 12.704361426408047 ], [ 101.759043983308757, 12.704360469129506 ], [ 101.759042033192429, 12.704179821656659 ], [ 101.759226034060362, 12.704177907032205 ], [ 101.759225058948644, 12.704087583308803 ], [ 101.75931705933894, 12.704086625955863 ], [ 101.759318034483087, 12.70417694967224 ], [ 101.759502035305971, 12.704175034856837 ], [ 101.759500084895549, 12.703994387451502 ], [ 101.759592085230906, 12.703993430010117 ], [ 101.75959306046478, 12.704083753706097 ], [ 101.759685060825049, 12.70408279622586 ], [ 101.759683110299989, 12.703902148847257 ], [ 101.759775110587924, 12.703901191349251 ], [ 101.759774135304241, 12.703810867665945 ], [ 101.759866135552258, 12.703809910143141 ], [ 101.759865160243677, 12.703719586466175 ], [ 101.759957160451776, 12.703718628918573 ], [ 101.759958135792758, 12.70380895258851 ], [ 101.760050136025754, 12.703807995002053 ], [ 101.760048185286465, 12.703627347675551 ], [ 101.760232185600273, 12.703625432435279 ], [ 101.760230234761366, 12.703444785134144 ], [ 101.759862234362984, 12.70344861543116 ], [ 101.75986028381341, 12.703267968071048 ], [ 101.759676283698809, 12.703269883000505 ], [ 101.759674333308908, 12.703089235609532 ], [ 101.759306333248858, 12.703093065030354 ], [ 101.759304383148276, 12.702912417580421 ], [ 101.758936383227379, 12.702916246435876 ], [ 101.758934433416101, 12.702735598926983 ], [ 101.758566433634385, 12.702739427217084 ], [ 101.75856448411237, 12.702558779649245 ], [ 101.758196484469835, 12.702562607374002 ], [ 101.758194535237109, 12.702381959747225 ], [ 101.758010535500446, 12.702383873390582 ], [ 101.75800858642738, 12.702203225732962 ], [ 101.757640587123277, 12.702207052581647 ], [ 101.757638638339472, 12.702026404865094 ], [ 101.757270639174564, 12.702030231148482 ], [ 101.757268690680021, 12.701849583373008 ], [ 101.756900691654337, 12.701853409091106 ], [ 101.756898743449071, 12.701672761256724 ], [ 101.75653074456261, 12.701676586409548 ], [ 101.756528796646577, 12.701495938516256 ], [ 101.75634479728798, 12.701497850873677 ], [ 101.756342849531563, 12.701317202949564 ], [ 101.755974850983606, 12.701321027226433 ], [ 101.755972903516437, 12.701140379243425 ], [ 101.755604905107731, 12.701144202955062 ], [ 101.755602957929796, 12.700963554913164 ], [ 101.75523495966037, 12.700967378059582 ], [ 101.75523301277164, 12.700786729958809 ], [ 101.75486501464151, 12.700790552540022 ], [ 101.754863068041999, 12.700609904380375 ], [ 101.754679069061581, 12.700611815452021 ], [ 101.754677122621658, 12.700431167261566 ], [ 101.754309124830101, 12.700434988966943 ], [ 101.754307178679383, 12.700254340717633 ], [ 101.753939181027135, 12.700258161857843 ], [ 101.753937235165608, 12.700077513549678 ], [ 101.753569237652698, 12.700081334124738 ], [ 101.753567292080348, 12.699900685757727 ], [ 101.753199294706789, 12.699904505767652 ], [ 101.753197349423615, 12.699723857341807 ], [ 101.75301335082149, 12.699725767127836 ], [ 101.753011405697876, 12.699545118671203 ], [ 101.752643408662976, 12.699548937805407 ], [ 101.752641463828525, 12.699368289289948 ], [ 101.752273466932976, 12.699372107859055 ], [ 101.752271522387687, 12.699191459284778 ], [ 101.751903525631533, 12.699195277288803 ], [ 101.751901581375392, 12.699014628655716 ], [ 101.751533584758633, 12.699018446094673 ], [ 101.751531640791626, 12.698837797402781 ], [ 101.751347642567922, 12.698839705903358 ], [ 101.75134569876046, 12.698659057180699 ], [ 101.750977702482416, 12.698662873744052 ], [ 101.750975758964074, 12.698482224962603 ], [ 101.750607762825467, 12.698486040960931 ], [ 101.750605819596245, 12.698305392120698 ], [ 101.750237823597089, 12.698309207554008 ], [ 101.750235880656973, 12.698128558654998 ], [ 101.749867884797268, 12.698132373523309 ], [ 101.749865942146272, 12.697951724565534 ], [ 101.749681944301102, 12.697953631780816 ], [ 101.749680001809608, 12.697772982792284 ], [ 101.74931200628869, 12.697776796785115 ], [ 101.749310064086288, 12.697596147737828 ], [ 101.748942068704849, 12.697599961165698 ], [ 101.748940126791524, 12.697419312059663 ], [ 101.748572131549594, 12.697423124922585 ], [ 101.748570189925346, 12.697242475757806 ], [ 101.748202194822923, 12.697246288055798 ], [ 101.748200253487738, 12.697065638832285 ], [ 101.747832258524838, 12.697069450565357 ], [ 101.747830317478716, 12.696888801283118 ], [ 101.747646320081984, 12.696890706930818 ], [ 101.747644379195336, 12.696710057617851 ], [ 101.747276384571322, 12.696713868475584 ], [ 101.747274443973723, 12.696533219103904 ], [ 101.746906449489273, 12.696537029396758 ], [ 101.746904509180695, 12.696356379966371 ], [ 101.74653651483581, 12.696360189694358 ], [ 101.746534574816266, 12.696179540205272 ], [ 101.746166580610975, 12.696183349368411 ], [ 101.746164640880451, 12.696002699820635 ], [ 101.745980643862538, 12.696004604183397 ], [ 101.74597870429146, 12.695823954604903 ], [ 101.745610710425126, 12.695827762892822 ], [ 101.745608771143054, 12.695647113255653 ], [ 101.745240777416313, 12.695650920978762 ], [ 101.745238838423248, 12.695470271282918 ], [ 101.744870844836143, 12.695474078441229 ], [ 101.744868906132069, 12.695293428686725 ], [ 101.7445009126846, 12.695297235280252 ], [ 101.744498974269518, 12.695116585467085 ], [ 101.744314977630538, 12.695118488545077 ], [ 101.744313039374873, 12.694937838701213 ], [ 101.743945046266447, 12.694941644419643 ], [ 101.743943108299746, 12.694760994517138 ], [ 101.743575115330984, 12.694764799670821 ], [ 101.743573177653246, 12.694584149709678 ], [ 101.743205184824149, 12.694587954298635 ], [ 101.743203247435375, 12.694407304278865 ], [ 101.74283525474597, 12.694411108303109 ], [ 101.742833317646159, 12.694230458224709 ], [ 101.742649321386239, 12.694232360018084 ], [ 101.742647384445803, 12.694051709909013 ], [ 101.742279392095512, 12.694055513058274 ], [ 101.742277455444011, 12.693874862890588 ], [ 101.741909463233441, 12.693878665475173 ], [ 101.741907526870875, 12.693698015248886 ], [ 101.74153953480004, 12.69370181726881 ], [ 101.741537598726396, 12.693521166983929 ], [ 101.74116960679531, 12.693524968439208 ], [ 101.741167671010572, 12.693344318095738 ], [ 101.740983675129812, 12.693346218604658 ], [ 101.740981739504448, 12.693165568230524 ], [ 101.740613747912548, 12.693169368810942 ], [ 101.740611812576063, 12.692988718378237 ], [ 101.74024382112394, 12.692992518394046 ], [ 101.740241886076362, 12.692811867902769 ], [ 101.739873894764045, 12.692815667353985 ], [ 101.739871960005331, 12.692635016804148 ], [ 101.739503968832807, 12.692638815690785 ], [ 101.739502034362971, 12.692458165082396 ], [ 101.739318038861526, 12.692460064307022 ], [ 101.739316104551037, 12.692279413667992 ], [ 101.738948113717768, 12.692283211679882 ], [ 101.738946179696143, 12.692102560982306 ], [ 101.738578189002695, 12.692106358429664 ], [ 101.738576255269933, 12.691925707673553 ], [ 101.738208264716334, 12.691929504556384 ], [ 101.738206331272423, 12.691748853741744 ], [ 101.737838340858687, 12.691752650060065 ], [ 101.737836407703597, 12.691571999186912 ], [ 101.737652412581568, 12.691573897127411 ], [ 101.737650479585795, 12.691393246223631 ], [ 101.737282489511401, 12.691397041667326 ], [ 101.73728055680445, 12.691216390705037 ], [ 101.736912566869933, 12.691220185584262 ], [ 101.736910634451803, 12.691039534563476 ], [ 101.736542644657192, 12.691043328878239 ], [ 101.736540712527869, 12.690862677798959 ], [ 101.736172722873178, 12.690866471549283 ], [ 101.736170791032649, 12.69068582041152 ], [ 101.735986796290163, 12.690687717068053 ], [ 101.735984864608923, 12.690507065899679 ], [ 101.73561687529363, 12.690510858775495 ], [ 101.735614943901197, 12.690330207548655 ], [ 101.735246954725852, 12.690333999860069 ], [ 101.735245023622184, 12.690153348574757 ], [ 101.734877034586788, 12.69015714032178 ], [ 101.734875103771898, 12.689976488978019 ], [ 101.734507114876493, 12.689980280160665 ], [ 101.734505184350368, 12.689799628758447 ], [ 101.734321189987526, 12.689801524131173 ], [ 101.734319259620648, 12.68962087269837 ], [ 101.733951271064726, 12.689624663006631 ], [ 101.733949340986612, 12.689444011515386 ], [ 101.733581352570667, 12.689447801259311 ], [ 101.73357942278129, 12.689267149709638 ], [ 101.733211434505378, 12.689270938889241 ], [ 101.733209505004737, 12.689090287281143 ], [ 101.732841516868845, 12.68909407589644 ], [ 101.732839587656926, 12.688913424229925 ], [ 101.732471599661082, 12.688917212280934 ], [ 101.732469670737885, 12.688736560556015 ], [ 101.732285676824858, 12.688738454362953 ], [ 101.732283748060894, 12.688557802607463 ], [ 101.731915760404618, 12.688561589784225 ], [ 101.731913831929361, 12.688380937970338 ], [ 101.731545844413148, 12.688384724582848 ], [ 101.731543916226585, 12.688204072710574 ], [ 101.731175928850462, 12.688207858758842 ], [ 101.731174000952592, 12.68802720682819 ], [ 101.73080601371656, 12.688030992312234 ], [ 101.730804086107383, 12.687850340323207 ], [ 101.73062009257427, 12.687852232846698 ], [ 101.730618165124284, 12.687671580827116 ], [ 101.730250178227891, 12.687675365437038 ], [ 101.730248251066584, 12.687494713359099 ], [ 101.729880264310324, 12.687498497404832 ], [ 101.729878337437668, 12.687317845268538 ], [ 101.729510350821542, 12.6873216287501 ], [ 101.729508424237551, 12.687140976555462 ], [ 101.729140437761572, 12.687144759472867 ], [ 101.729138511466232, 12.686964107219891 ], [ 101.728954518313174, 12.686965998460089 ], [ 101.728952592176995, 12.686785346176576 ], [ 101.728584606040727, 12.68678912821998 ], [ 101.728582680193199, 12.686608475878138 ], [ 101.728214694197121, 12.686612257357423 ], [ 101.728212768638201, 12.686431604957265 ], [ 101.727844782782327, 12.686435385872445 ], [ 101.727842857512016, 12.686254733413975 ], [ 101.72747487179636, 12.686258513765065 ], [ 101.727472946814672, 12.686077861248293 ], [ 101.727288954041768, 12.686079751205368 ], [ 101.727287029219227, 12.685899098658073 ], [ 101.726919043843353, 12.685902878135277 ], [ 101.726917119309405, 12.685722225529698 ], [ 101.726549134073764, 12.685726004442854 ], [ 101.726547209828396, 12.685545351778984 ], [ 101.726179224733016, 12.6855491301281 ], [ 101.726177300776229, 12.685368477405961 ], [ 101.72580931582111, 12.685372255191057 ], [ 101.725807392152902, 12.685191602410642 ], [ 101.725623399760309, 12.68519349108475 ], [ 101.72562147625122, 12.685012838273835 ], [ 101.725253491635968, 12.685016615185168 ], [ 101.72525156841543, 12.684835962315997 ], [ 101.724883583940468, 12.684839738663346 ], [ 101.724881661008496, 12.684659085735927 ], [ 101.724513676673823, 12.684662861519309 ], [ 101.724511754030402, 12.684482208533646 ], [ 101.724143769836061, 12.684485983753072 ], [ 101.724141847481164, 12.684305330709176 ], [ 101.723957855468981, 12.684307218100477 ], [ 101.723955933273174, 12.684126565026096 ], [ 101.723587949418771, 12.684130339371878 ], [ 101.723586027511502, 12.683949686239274 ], [ 101.723218043797445, 12.68395346002114 ], [ 101.72321612217867, 12.683772806830321 ], [ 101.722848138605002, 12.683776580048288 ], [ 101.722846217274736, 12.683595926799262 ], [ 101.722478233841429, 12.683599699453342 ], [ 101.722476312799671, 12.683419046146115 ], [ 101.722292321168013, 12.683420932254773 ], [ 101.722290400285303, 12.683240278917081 ], [ 101.721922417192019, 12.683244050697635 ], [ 101.721920496597804, 12.683063397301755 ], [ 101.721552513644909, 12.683067168518463 ], [ 101.721550593339188, 12.682886515064402 ], [ 101.721182610526711, 12.682890285717274 ], [ 101.721180690509456, 12.682709632205039 ], [ 101.72081270783741, 12.6827134022941 ], [ 101.720810788108608, 12.6825327487237 ], [ 101.720626796857616, 12.682534633549874 ], [ 101.720624877287847, 12.682353979949026 ], [ 101.720256894955909, 12.682357749164673 ], [ 101.720254975674578, 12.682177095505669 ], [ 101.719886993483101, 12.682180864157541 ], [ 101.719885074490236, 12.682000210440394 ], [ 101.719517092439204, 12.682003978528497 ], [ 101.719515173734777, 12.681823324753212 ], [ 101.719147191824248, 12.681827092277565 ], [ 101.719145273408245, 12.681646438444153 ], [ 101.718961282538004, 12.681648321988003 ], [ 101.718959364281005, 12.681467668124155 ], [ 101.718591382710642, 12.68147143477522 ], [ 101.718589464742053, 12.681290780853256 ], [ 101.718221483312206, 12.681294546940611 ], [ 101.718219565632026, 12.68111389296053 ], [ 101.717851584342696, 12.681117658484188 ], [ 101.717849666950926, 12.680937004446006 ], [ 101.717481685802142, 12.68094076940598 ], [ 101.717479768698752, 12.680760115309704 ], [ 101.717295778209419, 12.680761997571398 ], [ 101.717293861265006, 12.680581343444704 ], [ 101.716925880456458, 12.680585107531508 ], [ 101.716923963800426, 12.680404453346735 ], [ 101.716555983132452, 12.680408216869894 ], [ 101.716554066764786, 12.68022756262704 ], [ 101.7161860862374, 12.680231325586576 ], [ 101.716184170158087, 12.680050671285654 ], [ 101.715816189771317, 12.680054433681574 ], [ 101.715814273980357, 12.679873779322588 ], [ 101.715446293734175, 12.679877541154907 ], [ 101.715444378231567, 12.679696886737869 ], [ 101.715260388193556, 12.67969876743577 ], [ 101.715258472849911, 12.67951811298834 ], [ 101.714890492944065, 12.679521873947632 ], [ 101.714888577888729, 12.67934121944216 ], [ 101.714520598123528, 12.679344979837893 ], [ 101.71451868335653, 12.679164325274382 ], [ 101.714150703731974, 12.679168085106568 ], [ 101.714148789253301, 12.678987430485034 ], [ 101.713780809769403, 12.678991189753686 ], [ 101.71377889557904, 12.678810535074135 ], [ 101.713594905922179, 12.678812414490229 ], [ 101.713592991890721, 12.678631759780302 ], [ 101.713225012747245, 12.678635518176048 ], [ 101.713223099004082, 12.67845486340811 ], [ 101.712855120001294, 12.678458621240365 ], [ 101.712853206546441, 12.678277966414425 ], [ 101.71248522768434, 12.678281723683201 ], [ 101.712483314517769, 12.678101068799275 ], [ 101.712115335796398, 12.678104825504583 ], [ 101.712113422918094, 12.677924170562669 ], [ 101.711929433642524, 12.677926048697122 ], [ 101.711927520923098, 12.677745393724852 ], [ 101.711559542542233, 12.677749149557373 ], [ 101.711557630111059, 12.677568494527128 ], [ 101.711189651870924, 12.677572249796222 ], [ 101.711187739728018, 12.677391594708013 ], [ 101.710819761628656, 12.677395349413702 ], [ 101.710817849773989, 12.677214694267532 ], [ 101.710449871815399, 12.677218448409823 ], [ 101.71044796024897, 12.677037793205702 ], [ 101.71026397135482, 12.677039670058679 ], [ 101.71026205994724, 12.67685901482422 ], [ 101.709894082329214, 12.676862768093839 ], [ 101.709892171209859, 12.676682112801442 ], [ 101.709524193732648, 12.676685865507704 ], [ 101.709522282901517, 12.676505210157377 ], [ 101.709154305565107, 12.676508962300298 ], [ 101.709152395022187, 12.676328306892046 ], [ 101.708784417826607, 12.67633205847164 ], [ 101.708782507571883, 12.676151403005472 ], [ 101.708598519059265, 12.676153278577123 ], [ 101.708596608963362, 12.675972623080636 ], [ 101.70822863210843, 12.675976373787677 ], [ 101.708226722300722, 12.675795718233282 ], [ 101.707858745586648, 12.675799468377035 ], [ 101.707856836067123, 12.675618812764743 ], [ 101.707488859493907, 12.675622562345222 ], [ 101.707486950262563, 12.675441906675038 ], [ 101.707118973830248, 12.675445655692258 ], [ 101.707117064887058, 12.675264999964199 ], [ 101.706933076756073, 12.675266874254696 ], [ 101.706931167971689, 12.675086218496327 ], [ 101.706563191880079, 12.675089966641115 ], [ 101.706561283383849, 12.674909310824876 ], [ 101.706193307433153, 12.674913058406444 ], [ 101.706191399225062, 12.674732402532346 ], [ 101.70582342341531, 12.674736149550704 ], [ 101.705821515495344, 12.674555493618749 ], [ 101.705453539826522, 12.674559240073917 ], [ 101.705451632194695, 12.674378584084115 ], [ 101.70526764444547, 12.674380457093619 ], [ 101.705265736972436, 12.674199801073534 ], [ 101.704897761644389, 12.674203546656383 ], [ 101.704895854459451, 12.674022890578463 ], [ 101.704527879272391, 12.674026635598164 ], [ 101.704525972375549, 12.673845979462413 ], [ 101.704157997329474, 12.673849723918975 ], [ 101.704156090720744, 12.673669067725406 ], [ 101.703788115815669, 12.673672811618845 ], [ 101.703786209495021, 12.673492155367459 ], [ 101.703602222127685, 12.673494027096126 ], [ 101.703600315965801, 12.673313370814476 ], [ 101.703232341401574, 12.67331711383572 ], [ 101.703230435527757, 12.673136457496266 ], [ 101.702862461104559, 12.673140199954425 ], [ 101.702860555518825, 12.672959543557178 ], [ 101.702492581236669, 12.672963285452266 ], [ 101.702490675938989, 12.672782628997235 ], [ 101.702122701797876, 12.672786370329266 ], [ 101.70212079678825, 12.672605713816457 ], [ 101.70193680980293, 12.672607584264449 ], [ 101.701934904952026, 12.672426927721389 ], [ 101.701566931151859, 12.672430668181345 ], [ 101.70156502658898, 12.672250011580516 ], [ 101.701197052929899, 12.672253751477456 ], [ 101.701195148655074, 12.67207309481887 ], [ 101.700827175137078, 12.672076834152806 ], [ 101.700825271150265, 12.671896177436469 ], [ 101.700457297773383, 12.671899916207417 ], [ 101.700455394074595, 12.67171925943334 ], [ 101.700087420838827, 12.671722997641313 ], [ 101.70008551742805, 12.671542340809493 ], [ 101.699901530895431, 12.671544209695494 ], [ 101.699899627643333, 12.67136355283345 ], [ 101.699531654748611, 12.671367290169492 ], [ 101.69952975178451, 12.67118663324972 ], [ 101.699161779030916, 12.671190370022828 ], [ 101.699159876354813, 12.671009713045342 ], [ 101.698791903742404, 12.671013449255527 ], [ 101.698790001354283, 12.670832792220331 ], [ 101.69842202888303, 12.670836527867614 ], [ 101.698420126782892, 12.670655870774716 ], [ 101.698236140632531, 12.670657738380401 ], [ 101.698234238691043, 12.670477081257291 ], [ 101.697866266560894, 12.670480816032759 ], [ 101.69786436490736, 12.670300158851957 ], [ 101.697496392918424, 12.67030389306456 ], [ 101.69749449155286, 12.670123235826081 ], [ 101.697126519705137, 12.670126969475831 ], [ 101.697124618627498, 12.66994631217967 ], [ 101.696756646921017, 12.669950045266583 ], [ 101.696754746131319, 12.66976938791276 ], [ 101.696570760363372, 12.66977125423829 ], [ 101.696568859732309, 12.66959059685427 ], [ 101.696200888367002, 12.669594329069486 ], [ 101.696198988023852, 12.669413671627819 ], [ 101.695831016799801, 12.669417403280239 ], [ 101.695829116744576, 12.669236745780912 ], [ 101.69546114566181, 12.66924047687055 ], [ 101.695459245894483, 12.669059819313588 ], [ 101.695091274953015, 12.669063549840452 ], [ 101.6950893754736, 12.668882892225859 ], [ 101.694905390088167, 12.668884757271394 ], [ 101.694903490767359, 12.668704099626627 ], [ 101.694535520167108, 12.668707829281916 ], [ 101.694533621134198, 12.668527171579525 ], [ 101.694165650675274, 12.668530900672081 ], [ 101.694163751930233, 12.668350242912078 ], [ 101.693795781612636, 12.668353971441922 ], [ 101.693793883155465, 12.668173313624314 ], [ 101.693425912979222, 12.668177041591452 ], [ 101.693424014809906, 12.667996383716247 ], [ 101.693240029807129, 12.667998247481949 ], [ 101.693238131796392, 12.667817589576581 ], [ 101.692870161961466, 12.667821316672265 ], [ 101.692868264238584, 12.66764065870931 ], [ 101.692500294545027, 12.667644385242333 ], [ 101.69249839711, 12.667463727221802 ], [ 101.692130427557842, 12.667467453192176 ], [ 101.692128530410642, 12.667286795114071 ], [ 101.691760560999867, 12.667290520521812 ], [ 101.691758664140494, 12.667109862386143 ], [ 101.691574679520471, 12.667111724872177 ], [ 101.691572782819634, 12.66693106670637 ], [ 101.691204813750275, 12.666934791242772 ], [ 101.691202917337264, 12.666754133019412 ], [ 101.690834948409318, 12.666757856993218 ], [ 101.69083305228412, 12.666577198712316 ], [ 101.690465083497614, 12.66658092212354 ], [ 101.690463187660214, 12.6664002637851 ], [ 101.690095219015177, 12.666403986633762 ], [ 101.690093323465561, 12.666223328237791 ], [ 101.689909339228407, 12.666225189444313 ], [ 101.689907443837313, 12.666044531018223 ], [ 101.689539475533749, 12.666048252995667 ], [ 101.689537580430425, 12.665867594512052 ], [ 101.68916961226833, 12.665871315926967 ], [ 101.68916771745279, 12.66569065738585 ], [ 101.688799749432206, 12.665694378238252 ], [ 101.688797854904422, 12.66551371963963 ], [ 101.68842988702535, 12.665517439929534 ], [ 101.688427992785321, 12.665336781273419 ], [ 101.688244008931164, 12.665338641200593 ], [ 101.688242114849629, 12.665157982514371 ], [ 101.687874147312101, 12.665161701933174 ], [ 101.687872253518307, 12.664981043189467 ], [ 101.687504286122305, 12.664984762045814 ], [ 101.687502392616253, 12.664804103244636 ], [ 101.687134425361805, 12.664807821538536 ], [ 101.687132532143465, 12.664627162679887 ], [ 101.6867645650306, 12.664630880411359 ], [ 101.686762672099988, 12.664450221495251 ], [ 101.686578688628941, 12.66445208014324 ], [ 101.686576795856794, 12.664271421197039 ], [ 101.686208829085544, 12.664275138057532 ], [ 101.686206936601096, 12.664094479053889 ], [ 101.685838969971442, 12.664098195351988 ], [ 101.685837077774693, 12.663917536290901 ], [ 101.68546911128665, 12.663921252026626 ], [ 101.685467219377571, 12.663740592908107 ], [ 101.685099253031154, 12.663744308081471 ], [ 101.685097361409774, 12.663563648905523 ], [ 101.684821386767126, 12.663566434911376 ], [ 101.684819495368799, 12.663385775691689 ], [ 101.684635512366455, 12.663387632842937 ], [ 101.684634566742844, 12.6632973032184 ], [ 101.684542575263023, 12.663298231739597 ], [ 101.684541629679032, 12.663207902107539 ], [ 101.684265655292677, 12.663210687460264 ], [ 101.684263764340443, 12.663030028153102 ], [ 101.683895798648223, 12.663033741457877 ], [ 101.683893907983645, 12.662853082093307 ], [ 101.683525942433107, 12.662856794835792 ], [ 101.683524052056171, 12.662676135413827 ], [ 101.683156086647315, 12.662679847594028 ], [ 101.683154196558021, 12.662499188114685 ], [ 101.682970213939029, 12.662501043987101 ], [ 101.682969268969941, 12.662410714232744 ], [ 101.682877277681811, 12.662411642114531 ], [ 101.682876332752329, 12.66232131235266 ], [ 101.682600358941059, 12.662324095787181 ], [ 101.682598469297801, 12.662143436220413 ], [ 101.682230504372441, 12.662147146967651 ], [ 101.682228615016783, 12.661966487343514 ], [ 101.681860650233162, 12.661970197528522 ], [ 101.681858761165117, 12.661789537847028 ], [ 101.681490796523235, 12.661793247469822 ], [ 101.681488907742789, 12.661612587730978 ], [ 101.681304925507305, 12.661614442324721 ], [ 101.681303981192627, 12.661524112440624 ], [ 101.681211990096259, 12.661525039683085 ], [ 101.681211045821172, 12.661434709791479 ], [ 101.680935072585214, 12.661437491308041 ], [ 101.680933184250733, 12.66125683148182 ], [ 101.680565220092475, 12.661260539671838 ], [ 101.68056333204558, 12.661079879788295 ], [ 101.680195368029104, 12.661083587416151 ], [ 101.680193480269779, 12.660902927475279 ], [ 101.679825516395113, 12.660906634540991 ], [ 101.679823628923344, 12.660725974542805 ], [ 101.679639647071482, 12.66072782785804 ], [ 101.679638703411129, 12.660637497844277 ], [ 101.679546712506578, 12.660638424447489 ], [ 101.679545768885816, 12.660548094426222 ], [ 101.679269796225327, 12.660550874025065 ], [ 101.679267909199467, 12.660370213939554 ], [ 101.678899945808539, 12.660373919572681 ], [ 101.678898059070235, 12.660193259429876 ], [ 101.678530095821145, 12.660196964500907 ], [ 101.678528209370356, 12.660016304300811 ], [ 101.678160246263133, 12.660020008809767 ], [ 101.678158360099886, 12.65983934855239 ], [ 101.677974378631774, 12.659841200589273 ], [ 101.67797343562566, 12.659750870445928 ], [ 101.67788144491297, 12.659751796409973 ], [ 101.677880501946461, 12.659661466259125 ], [ 101.677604529861611, 12.65966424394049 ], [ 101.677603586999268, 12.659573913768508 ], [ 101.677511596322049, 12.659574839592041 ], [ 101.677510653499283, 12.659484509412563 ], [ 101.677234681520844, 12.6594872866724 ], [ 101.677232796090948, 12.659306626270491 ], [ 101.676864833609486, 12.65931032878502 ], [ 101.67686294846709, 12.659129668325859 ], [ 101.676494986127551, 12.659133370278376 ], [ 101.676493101272641, 12.658952709761969 ], [ 101.676309120188378, 12.658954560520664 ], [ 101.676308177836432, 12.658864230247811 ], [ 101.676216187315688, 12.658865155572769 ], [ 101.676215245003306, 12.658774825292417 ], [ 101.675939273494294, 12.658777601056549 ], [ 101.67593833128609, 12.658687270755077 ], [ 101.675846340800817, 12.658688195939542 ], [ 101.675845398632177, 12.658597865630574 ], [ 101.675569427229618, 12.658600640973226 ], [ 101.67556754310796, 12.658419980312374 ], [ 101.675199581394381, 12.658423680270722 ], [ 101.675197697560165, 12.65824301955265 ], [ 101.674829735988553, 12.658246718949057 ], [ 101.674827852441794, 12.658066058173773 ], [ 101.674643871741523, 12.65806790765444 ], [ 101.674642930043646, 12.657977577252156 ], [ 101.674550939714905, 12.657978501938109 ], [ 101.674549998056591, 12.657888171528331 ], [ 101.674274027123587, 12.657890945375472 ], [ 101.674273085569425, 12.657800614944588 ], [ 101.674181095276182, 12.657801539490062 ], [ 101.674180153761569, 12.657711209051691 ], [ 101.673904182935075, 12.657713982477402 ], [ 101.673902300121455, 12.657533321557757 ], [ 101.673534339176001, 12.657537018960246 ], [ 101.673532456649809, 12.657356357983421 ], [ 101.673164495846379, 12.657360054824036 ], [ 101.673162613607602, 12.657179393790026 ], [ 101.67297863329145, 12.657181241992832 ], [ 101.672977692247557, 12.657090911461196 ], [ 101.672885702110847, 12.657091835508224 ], [ 101.672884761106516, 12.657001504969097 ], [ 101.672608790749706, 12.657004276899489 ], [ 101.672607849849499, 12.656913946339268 ], [ 101.67251585974833, 12.656914870245835 ], [ 101.672514918887686, 12.65682453967813 ], [ 101.672238948637414, 12.656827311187143 ], [ 101.67223706713169, 12.656646650008865 ], [ 101.671869106954588, 12.656650344855819 ], [ 101.67186722573625, 12.656469683620392 ], [ 101.671499265701215, 12.656473377905543 ], [ 101.671497384770262, 12.656292716612967 ], [ 101.67131340483833, 12.65629456353807 ], [ 101.67131246444832, 12.656204232877156 ], [ 101.671220474503741, 12.65620515628534 ], [ 101.671219534153295, 12.656114825616948 ], [ 101.670943564372848, 12.65611759563083 ], [ 101.670942624126539, 12.656027264941354 ], [ 101.670850634217473, 12.656028188209092 ], [ 101.670849694010712, 12.655937857512136 ], [ 101.670573724336847, 12.655940627104691 ], [ 101.670571844138834, 12.655759965667935 ], [ 101.670203884730341, 12.655763657959678 ], [ 101.670202004819672, 12.655582996465801 ], [ 101.669834045553301, 12.655586688195809 ], [ 101.669832165929975, 12.65540602664483 ], [ 101.669464206805756, 12.655409717813111 ], [ 101.669462327469773, 12.655229056205027 ], [ 101.669278347993256, 12.655230901571727 ], [ 101.669277408400731, 12.655140570753071 ], [ 101.669185418683867, 12.655141493382063 ], [ 101.669184479130891, 12.655051162555935 ], [ 101.668908510033617, 12.655053930232278 ], [ 101.668906631143145, 12.654873268537195 ], [ 101.668538672503473, 12.654876958274048 ], [ 101.668536793900316, 12.654696296521887 ], [ 101.668168835402838, 12.654699985697073 ], [ 101.668166957086981, 12.654519323887833 ], [ 101.667798998731712, 12.654523012501361 ], [ 101.667798059713803, 12.654432681568553 ], [ 101.667706070139133, 12.654433603635873 ], [ 101.667705131160758, 12.654343272695593 ], [ 101.667245183340043, 12.654347882522655 ], [ 101.667243305727922, 12.654167220572127 ], [ 101.666875347599046, 12.654170907808741 ], [ 101.666873470274226, 12.653990245801165 ], [ 101.666505512287614, 12.653993932476171 ], [ 101.666504573765195, 12.653903601444203 ], [ 101.666412584282696, 12.653904523026902 ], [ 101.666411645799826, 12.653814191987465 ], [ 101.665951698440011, 12.653818799391443 ], [ 101.665949821818856, 12.653638137242639 ], [ 101.66558186405878, 12.653641822540836 ], [ 101.665579987724882, 12.653461160335016 ], [ 101.665212030107099, 12.653464845071648 ], [ 101.665211092080142, 12.653374513940571 ], [ 101.665119102689872, 12.653375435038683 ], [ 101.665118164702449, 12.653285103900139 ], [ 101.664106281286251, 12.653295233812287 ], [ 101.664104406043336, 12.653114571383902 ], [ 101.662816554058949, 12.653127458261347 ], [ 101.662814679748905, 12.652946795640347 ], [ 101.661710806264651, 12.652957836426893 ], [ 101.661708932758316, 12.652777173640487 ], [ 101.660605059006599, 12.65278820969918 ], [ 101.660603186303959, 12.652607546747436 ], [ 101.658211457947303, 12.652631442194682 ], [ 101.658213328971328, 12.652812105498544 ], [ 101.656189553586458, 12.652832308281926 ], [ 101.656191423219013, 12.653012971880768 ], [ 101.655455503513878, 12.653020314651268 ], [ 101.655457372658802, 12.653200978355592 ], [ 101.654721451975036, 12.653208319205216 ], [ 101.6547233206323, 12.653388983014986 ], [ 101.653987398970031, 12.653396321943678 ], [ 101.653989267139636, 12.653576985858869 ], [ 101.653437325202404, 12.653582488804865 ], [ 101.653439193013455, 12.653763152798419 ], [ 101.652703269509914, 12.653770488392331 ], [ 101.652705136833276, 12.653951152491258 ], [ 101.6523371746501, 12.653954819581301 ], [ 101.652339041744014, 12.654135483731542 ], [ 101.652155060480013, 12.654137317113335 ], [ 101.652155993973238, 12.654227649200946 ], [ 101.652247984641122, 12.654226732519147 ], [ 101.652248918173825, 12.654317064599326 ], [ 101.652340908866805, 12.654316147879067 ], [ 101.652341842439, 12.654406479951811 ], [ 101.652249851713748, 12.654407396678822 ], [ 101.652251718815208, 12.654588060835776 ], [ 101.652343709605049, 12.65458714409526 ], [ 101.652344643198887, 12.654677476165965 ], [ 101.652436634013796, 12.654676559386985 ], [ 101.652438501287691, 12.654857223512852 ], [ 101.652530492159954, 12.654856306688652 ], [ 101.652532359527271, 12.655036970798296 ], [ 101.65262435045689, 12.655036053928878 ], [ 101.652626217917657, 12.655216718022295 ], [ 101.652718208904645, 12.655215801107662 ], [ 101.652719142678123, 12.655306133146594 ], [ 101.652811133690179, 12.655305216193499 ], [ 101.652813935150789, 12.655576212285963 ], [ 101.652905926252501, 12.65557529528089 ], [ 101.65290686011943, 12.655665627303598 ], [ 101.652998851246224, 12.655664710260064 ], [ 101.653000719066284, 12.655845374289928 ], [ 101.653092710250448, 12.655844457201169 ], [ 101.65309364420358, 12.655934789208327 ], [ 101.653185635412811, 12.655933872081103 ], [ 101.65318750340532, 12.656114536079869 ], [ 101.653279494671921, 12.656113618907419 ], [ 101.653281362757866, 12.656294282889958 ], [ 101.65337335408185, 12.656293365672285 ], [ 101.653374288167925, 12.656383697655777 ], [ 101.653466279516977, 12.656382780399637 ], [ 101.653467213642571, 12.656473112375693 ], [ 101.653651196383606, 12.656471277754763 ], [ 101.653655867442737, 12.656922937557288 ], [ 101.653563875914372, 12.656923854917396 ], [ 101.653564810115554, 12.65701418688262 ], [ 101.653380826972565, 12.657016021521205 ], [ 101.653382695267396, 12.657196685476642 ], [ 101.653474686907089, 12.657195768159692 ], [ 101.653475621097627, 12.657286100129634 ], [ 101.653567612762387, 12.657285182774215 ], [ 101.653568546992432, 12.657375514736719 ], [ 101.653660538682274, 12.657374597342825 ], [ 101.653663341512583, 12.657645593205997 ], [ 101.653755333292096, 12.657644675760121 ], [ 101.653756267615606, 12.657735007706394 ], [ 101.653848259420187, 12.657734090222039 ], [ 101.653850128153422, 12.657914754099037 ], [ 101.653942120015401, 12.657913836569453 ], [ 101.653943054425142, 12.658004168500172 ], [ 101.654035046312188, 12.658003250932117 ], [ 101.654033177435323, 12.65782258708351 ], [ 101.654125169250563, 12.657821669497254 ], [ 101.654126103717672, 12.65791200141514 ], [ 101.654218095557994, 12.657911083790408 ], [ 101.65421903006461, 12.658001415700854 ], [ 101.654311021930013, 12.658000498037643 ], [ 101.65431289102952, 12.658181161842981 ], [ 101.654404882952278, 12.658180244134538 ], [ 101.654406752145263, 12.65836090792364 ], [ 101.654498744125391, 12.658359990169961 ], [ 101.654499678765006, 12.658450322056733 ], [ 101.65459167077023, 12.65844940426458 ], [ 101.654592605449352, 12.658539736143911 ], [ 101.654684597479658, 12.658538818313279 ], [ 101.654686466924161, 12.658719482056389 ], [ 101.654778459011837, 12.65871856418052 ], [ 101.654779393777218, 12.658808896044295 ], [ 101.654871385889962, 12.658807978129948 ], [ 101.654873255506985, 12.658988641841935 ], [ 101.654965247677126, 12.658987723882351 ], [ 101.654966182528753, 12.659078055730568 ], [ 101.655058174723962, 12.659077137732501 ], [ 101.65506004451349, 12.659257801413371 ], [ 101.654968052253679, 12.659258719424958 ], [ 101.654968987126978, 12.659349051271132 ], [ 101.65506097941909, 12.659348133252788 ], [ 101.65506191433191, 12.659438465091521 ], [ 101.65515390664909, 12.659437547034692 ], [ 101.655155776560974, 12.659618210696607 ], [ 101.655247768935553, 12.659617292594533 ], [ 101.655248703934618, 12.659707624417708 ], [ 101.655340696334278, 12.659706706277156 ], [ 101.655342566418696, 12.659887369907944 ], [ 101.655434558875726, 12.659886451722146 ], [ 101.655435493961079, 12.659976783529764 ], [ 101.655527486443177, 12.659975865305483 ], [ 101.65553029183944, 12.660246860703959 ], [ 101.655622284411237, 12.660245942427673 ], [ 101.655625089969391, 12.660516937799745 ], [ 101.655533097300676, 12.660517856096318 ], [ 101.655534967644286, 12.660698519687827 ], [ 101.65544297490375, 12.660699437966198 ], [ 101.655448585914058, 12.661241428764974 ], [ 101.655356592972481, 12.661242347052193 ], [ 101.655358463302406, 12.661423010659869 ], [ 101.655634442299316, 12.661420255662467 ], [ 101.655633507033826, 12.661329923879258 ], [ 101.65581749293105, 12.661328087069219 ], [ 101.655818428261156, 12.661418418838908 ], [ 101.655910421231241, 12.661417500379539 ], [ 101.655911356600868, 12.661507832141785 ], [ 101.656003349596034, 12.661506913643928 ], [ 101.656004285005196, 12.661597245398731 ], [ 101.656096278025444, 12.661596326862385 ], [ 101.656097213474141, 12.661686658609748 ], [ 101.656189206519471, 12.66168574003491 ], [ 101.656191077503124, 12.661866403514063 ], [ 101.656283070605838, 12.661865484893974 ], [ 101.656281199557569, 12.66168482142835 ], [ 101.656649171637767, 12.661681146684844 ], [ 101.656651978608693, 12.661952141801089 ], [ 101.657295930149303, 12.661945709636429 ], [ 101.657296866046863, 12.662036041293128 ], [ 101.657388859127508, 12.662035122278787 ], [ 101.657389795064603, 12.66212545392804 ], [ 101.657481788170315, 12.662124534875208 ], [ 101.657483660130822, 12.662305198158139 ], [ 101.657575653293918, 12.662304279060043 ], [ 101.657577525347946, 12.662484942326719 ], [ 101.657669518568454, 12.662484023183364 ], [ 101.657671390716004, 12.662664686433784 ], [ 101.657763383993881, 12.662663767245167 ], [ 101.657765256234967, 12.662844430479336 ], [ 101.657857249570242, 12.662843511245452 ], [ 101.657858185733943, 12.66293384285475 ], [ 101.657950179094286, 12.662932923582369 ], [ 101.657952051507962, 12.663113586785386 ], [ 101.658136038336238, 12.663111748118368 ], [ 101.658137910908067, 12.663292411291593 ], [ 101.658229904375986, 12.663291491896951 ], [ 101.658231777041365, 12.663472155053917 ], [ 101.658323770566653, 12.663471235614006 ], [ 101.658325643325583, 12.663651898754717 ], [ 101.658417636908283, 12.663650979269541 ], [ 101.658419509760733, 12.663831642393987 ], [ 101.658511503400817, 12.663830722863542 ], [ 101.658514312830675, 12.664101717524806 ], [ 101.658606306560458, 12.66410079794232 ], [ 101.658608179614475, 12.664281461032891 ], [ 101.658700173401655, 12.664280541405132 ], [ 101.658701109971815, 12.664370872942627 ], [ 101.658885097589135, 12.664369033578371 ], [ 101.658886034231145, 12.664459365101646 ], [ 101.658978028061256, 12.664458445365149 ], [ 101.65897709138693, 12.664368113848642 ], [ 101.659069085177521, 12.664367194087182 ], [ 101.659061591784649, 12.663644541984828 ], [ 101.659245578827111, 12.663642702475048 ], [ 101.65924838898907, 12.663913696977904 ], [ 101.659340382596383, 12.663912777155103 ], [ 101.659342256138473, 12.664093440140066 ], [ 101.659434249803184, 12.664092520271991 ], [ 101.659437060267493, 12.664363514724014 ], [ 101.659529054021903, 12.664362594803892 ], [ 101.6595346753397, 12.664904583648946 ], [ 101.659626669280755, 12.664903663656457 ], [ 101.659627606224674, 12.664993995121478 ], [ 101.659811594149744, 12.664992155027752 ], [ 101.659812531165542, 12.665082486478548 ], [ 101.659904525149528, 12.665081566377314 ], [ 101.659905462204861, 12.665171897820656 ], [ 101.659997456213944, 12.665170977680914 ], [ 101.660000267520317, 12.665441971986544 ], [ 101.660092261619099, 12.665441051794744 ], [ 101.660091324477435, 12.665350720366988 ], [ 101.660183318536667, 12.665349800150226 ], [ 101.660186130080348, 12.665620794411135 ], [ 101.660462112505499, 12.665618033509473 ], [ 101.660463049798153, 12.665708364908095 ], [ 101.660555043957714, 12.665707444537295 ], [ 101.660555981289903, 12.665797775928459 ], [ 101.660923957985077, 12.665794094100793 ], [ 101.660925832929706, 12.665974756826884 ], [ 101.661109821363141, 12.66597291569553 ], [ 101.661108883822578, 12.665882584346376 ], [ 101.661200877996109, 12.665881663739871 ], [ 101.6612036907365, 12.666152657764961 ], [ 101.661111696465994, 12.666153578391793 ], [ 101.661115446758558, 12.666514903776161 ], [ 101.661023452351557, 12.66651582439836 ], [ 101.661025327476622, 12.666696487100012 ], [ 101.661117321948268, 12.666695566464261 ], [ 101.661119197166926, 12.666876229149638 ], [ 101.661027202630635, 12.666877149798943 ], [ 101.661030015415918, 12.667148143842235 ], [ 101.661122010049169, 12.667147223172602 ], [ 101.661122947691069, 12.667237554512232 ], [ 101.661214942349403, 12.667236633804084 ], [ 101.661217755415464, 12.667507627798551 ], [ 101.661309750163525, 12.667506707038335 ], [ 101.661310687899018, 12.667597038361688 ], [ 101.661402682672147, 12.667596117562951 ], [ 101.661403620447203, 12.667686448878849 ], [ 101.66158761003642, 12.667684607172601 ], [ 101.661589485737508, 12.667865269775238 ], [ 101.661681480585912, 12.667864348860947 ], [ 101.661683356380607, 12.668045011447315 ], [ 101.661775351286408, 12.668044090487729 ], [ 101.66177628922695, 12.668134421773111 ], [ 101.661684294288818, 12.668135342739477 ], [ 101.661686170126956, 12.668316005321758 ], [ 101.661778165129718, 12.66831508434184 ], [ 101.661780041061462, 12.668495746907842 ], [ 101.66187203612165, 12.668494825882624 ], [ 101.661873912146987, 12.668675488432349 ], [ 101.661965907264573, 12.668674567361832 ], [ 101.661966845320435, 12.668764898628893 ], [ 101.66187485017052, 12.668765819706193 ], [ 101.66187766428456, 12.669036813523636 ], [ 101.661969659531451, 12.669035892426004 ], [ 101.661970597616261, 12.669126223690348 ], [ 101.662062592888233, 12.669125302554193 ], [ 101.662064469144255, 12.669305965067277 ], [ 101.66215646447364, 12.669305043885819 ], [ 101.662157402644837, 12.669395375134565 ], [ 101.662249397999304, 12.669394453914583 ], [ 101.662250336210064, 12.669484785155863 ], [ 101.662342331589613, 12.669483863897359 ], [ 101.662343269839951, 12.669574195131183 ], [ 101.662527260642008, 12.669572352505377 ], [ 101.662530075630386, 12.669843346162088 ], [ 101.662622071117539, 12.669842424781224 ], [ 101.662624886268077, 12.67011341841147 ], [ 101.662716881844986, 12.67011249697852 ], [ 101.662717820275304, 12.670202828180461 ], [ 101.662809815877281, 12.670201906708984 ], [ 101.662810754347177, 12.670292237903462 ], [ 101.662994745594062, 12.670290394851705 ], [ 101.662998499804743, 12.670651719568568 ], [ 101.662814508299206, 12.670653562674575 ], [ 101.662817323839278, 12.670924556245764 ], [ 101.662725327978663, 12.670925477771483 ], [ 101.662726266474166, 12.671015808967297 ], [ 101.66263427057396, 12.67101673046805 ], [ 101.662635209044382, 12.671107061669964 ], [ 101.662359221203374, 12.671109826002059 ], [ 101.662360159584026, 12.671200157223634 ], [ 101.662268163590213, 12.671201078610945 ], [ 101.662267225241877, 12.671110747382592 ], [ 101.662175229273146, 12.671111668731379 ], [ 101.662174290964387, 12.671021337495564 ], [ 101.662082295020753, 12.671022258805817 ], [ 101.662081356751557, 12.670931927562545 ], [ 101.661805368974186, 12.670934691282476 ], [ 101.661807245325818, 12.671115353809006 ], [ 101.66199123731397, 12.671113511333688 ], [ 101.661992175565302, 12.671203842582379 ], [ 101.662084171580844, 12.671202921290318 ], [ 101.662085109871754, 12.671293252531548 ], [ 101.662361097971939, 12.671290488444527 ], [ 101.662362036367085, 12.671380819664737 ], [ 101.662454032418339, 12.671379898232118 ], [ 101.662453093990848, 12.671289567018684 ], [ 101.662637086006953, 12.671287724071751 ], [ 101.662638024499103, 12.671378055271624 ], [ 101.662730020528613, 12.671377133743754 ], [ 101.662729082004148, 12.671286802550657 ], [ 101.66318906188144, 12.67128219446894 ], [ 101.663188123202531, 12.671191863309074 ], [ 101.663464110945, 12.671189098099388 ], [ 101.66346317217635, 12.671098766959185 ], [ 101.663739159756631, 12.671096001484095 ], [ 101.663738220898239, 12.671005670363559 ], [ 101.66438219143896, 12.670999216524599 ], [ 101.664383130523674, 12.671089547597651 ], [ 101.66447512631855, 12.671088625486874 ], [ 101.664477004574366, 12.671269287617362 ], [ 101.664385008714831, 12.671270209741708 ], [ 101.664386886934992, 12.671450871883044 ], [ 101.664938862371514, 12.671445338579293 ], [ 101.664940741008635, 12.671626000636484 ], [ 101.665032736954018, 12.671625078294497 ], [ 101.665031797599511, 12.671534747273029 ], [ 101.66530778529517, 12.67153198007691 ], [ 101.665306845850893, 12.671441649075119 ], [ 101.665490837547097, 12.671439804132529 ], [ 101.665491777056047, 12.671530135120742 ], [ 101.665583772925586, 12.671529212595035 ], [ 101.665584712474114, 12.671619543575783 ], [ 101.66567670836875, 12.671618621011536 ], [ 101.665678587552193, 12.671799282957414 ], [ 101.665310603671472, 12.671802973078192 ], [ 101.665311543144739, 12.671893304077258 ], [ 101.66521954712411, 12.671894226534864 ], [ 101.665220486572295, 12.671984557540034 ], [ 101.66512849051206, 12.671985479972673 ], [ 101.665129429935163, 12.67207581098395 ], [ 101.665037433835366, 12.672076733391624 ], [ 101.665038373233372, 12.672167064409008 ], [ 101.665130369365514, 12.67216614199455 ], [ 101.665131308803097, 12.672256473004463 ], [ 101.665223304960321, 12.672255550551464 ], [ 101.665225183921933, 12.672436212555681 ], [ 101.66513318770005, 12.67243713502225 ], [ 101.665135066625979, 12.672617797037317 ], [ 101.665043070332175, 12.672618719485708 ], [ 101.66504494922242, 12.672799381511627 ], [ 101.665136945580912, 12.672798459049661 ], [ 101.665139764067675, 12.673069452063068 ], [ 101.665323756956909, 12.67306760700316 ], [ 101.665322817389395, 12.672977276012944 ], [ 101.665230820980739, 12.67297819855199 ], [ 101.665229881452817, 12.672887867554307 ], [ 101.665321877829129, 12.672886945022048 ], [ 101.665320938276125, 12.672796614030471 ], [ 101.665504930942348, 12.672794768884266 ], [ 101.665503991331917, 12.672704437905585 ], [ 101.665595987621813, 12.672703515291639 ], [ 101.665596927264573, 12.672793846263534 ], [ 101.665964912481016, 12.672790155463062 ], [ 101.665966792047001, 12.672970817350505 ], [ 101.666150784741049, 12.672968971732589 ], [ 101.666151724599587, 12.673059302661711 ], [ 101.666243720968069, 12.673058379798334 ], [ 101.666244660866212, 12.673148710719985 ], [ 101.666336657259762, 12.673147787818065 ], [ 101.666339477094681, 12.673418780558567 ], [ 101.666523470054088, 12.673416934618722 ], [ 101.666524410078239, 12.673507265517282 ], [ 101.666616406579394, 12.673506342492933 ], [ 101.666617346643122, 12.673596673384022 ], [ 101.666709343169387, 12.673595750321129 ], [ 101.666708403073301, 12.673505419436832 ], [ 101.666800399559975, 12.673504496348974 ], [ 101.666801339688377, 12.673594827226482 ], [ 101.666893336200118, 12.673593904100079 ], [ 101.666894276368126, 12.673684234970116 ], [ 101.66698627290495, 12.673683311805165 ], [ 101.666988153327395, 12.673863973529604 ], [ 101.666804160117138, 12.673865819854919 ], [ 101.666803219966965, 12.673775488979453 ], [ 101.666619226792363, 12.673777335164157 ], [ 101.666621106970609, 12.673957996941565 ], [ 101.666713103626222, 12.673957073851509 ], [ 101.666714043758546, 12.674047404732406 ], [ 101.666898037112688, 12.674045558443444 ], [ 101.666898977316947, 12.674135889310074 ], [ 101.666990974015476, 12.674134966111168 ], [ 101.666991914259327, 12.674225296970324 ], [ 101.667083910982953, 12.674224373732869 ], [ 101.667091433453749, 12.674947020527286 ], [ 101.667183430428821, 12.674946097203742 ], [ 101.667184370802659, 12.675036428043187 ], [ 101.667276367802828, 12.675035504681091 ], [ 101.667277308216271, 12.675125835513061 ], [ 101.667369305241508, 12.675124912112413 ], [ 101.667371186154824, 12.675305573760731 ], [ 101.667463183237516, 12.67530465031474 ], [ 101.667465064244539, 12.675485311946746 ], [ 101.667557061384642, 12.675484388455407 ], [ 101.667559883046621, 12.675755380877936 ], [ 101.667651880276509, 12.675754457334458 ], [ 101.667652820877365, 12.675844788133812 ], [ 101.667744818132334, 12.675843864551776 ], [ 101.667745758772782, 12.675934195343656 ], [ 101.667837756052847, 12.675933271723071 ], [ 101.6678386967329, 12.676023602507478 ], [ 101.667930694038049, 12.676022678848335 ], [ 101.667932575484599, 12.676203340401512 ], [ 101.668024572847202, 12.67620241669702 ], [ 101.668025513613699, 12.676292747465796 ], [ 101.66811751100137, 12.676291823722748 ], [ 101.668118451807487, 12.676382154484049 ], [ 101.668394444023974, 12.676379383043944 ], [ 101.668395384934385, 12.676469713784179 ], [ 101.668487382357711, 12.676468789900492 ], [ 101.66848644141497, 12.676378459167053 ], [ 101.668670436175162, 12.676376611317975 ], [ 101.668669495174981, 12.676286280597443 ], [ 101.668761492511848, 12.676285356632061 ], [ 101.668763374584159, 12.676466018058846 ], [ 101.668855371978452, 12.676465094048105 ], [ 101.668857254144513, 12.676645755458573 ], [ 101.668949251596231, 12.676644831402477 ], [ 101.668951133856012, 12.676825492796631 ], [ 101.669043131365171, 12.676824568695176 ], [ 101.669045013718687, 12.677005230073009 ], [ 101.669137011285272, 12.6770043059262 ], [ 101.669138893732537, 12.677184967287719 ], [ 101.669230891356548, 12.677184043095551 ], [ 101.66923183262341, 12.677274373768491 ], [ 101.669323830272532, 12.677273449537759 ], [ 101.669324771578999, 12.677363780203219 ], [ 101.66950876692016, 12.67736193163287 ], [ 101.66951064968427, 12.677542592934561 ], [ 101.669602647408652, 12.677541668588139 ], [ 101.669603588833951, 12.677631999231163 ], [ 101.669695586583401, 12.677631074846182 ], [ 101.669697469520486, 12.67781173611659 ], [ 101.669513473884891, 12.67781358488198 ], [ 101.669512532477427, 12.677723254233522 ], [ 101.669328536877487, 12.677725102858254 ], [ 101.669330419570301, 12.677905764181677 ], [ 101.669054425921843, 12.677908536921306 ], [ 101.669055367182096, 12.677998867602387 ], [ 101.66896336925241, 12.677999791792194 ], [ 101.668964310487553, 12.678090122479391 ], [ 101.668780314541706, 12.678091970777295 ], [ 101.668781255719423, 12.678182301477404 ], [ 101.668597259679814, 12.678184149661829 ], [ 101.668598200800105, 12.678274480374844 ], [ 101.66869019885587, 12.678273556291719 ], [ 101.668691140015753, 12.678363886997261 ], [ 101.668783138096629, 12.678362962875571 ], [ 101.668784079296117, 12.678453293573639 ], [ 101.668876077402075, 12.678452369413385 ], [ 101.668877018641183, 12.678542700103973 ], [ 101.668969016772238, 12.678541775905158 ], [ 101.668970899336927, 12.678722437270695 ], [ 101.668786902938166, 12.678724285663742 ], [ 101.668788785402469, 12.678904947053736 ], [ 101.668880783670204, 12.678904022859504 ], [ 101.668881724945592, 12.678994353546685 ], [ 101.668973723238409, 12.67899342931389 ], [ 101.668975605875701, 12.679174090672612 ], [ 101.668883607518183, 12.679175014918998 ], [ 101.66888454881537, 12.679265345604136 ], [ 101.668792550418232, 12.67926626982555 ], [ 101.668794432969676, 12.679446931207368 ], [ 101.668702434500574, 12.679447855410608 ], [ 101.668704317016335, 12.679628516803291 ], [ 101.668796315550139, 12.679627592586462 ], [ 101.668797256851263, 12.679717923274987 ], [ 101.668889255410178, 12.679716999019591 ], [ 101.668890196750908, 12.679807329700639 ], [ 101.668982195334905, 12.679806405406675 ], [ 101.668983136715269, 12.679896736080243 ], [ 101.669075135324348, 12.679895811747709 ], [ 101.669076076744332, 12.679986142413799 ], [ 101.669168075378508, 12.679985218042701 ], [ 101.669169016838097, 12.680075548701316 ], [ 101.669261015497383, 12.680074624291644 ], [ 101.669261956996579, 12.68016495494278 ], [ 101.669353955680961, 12.68016403049454 ], [ 101.669355838765867, 12.680344691781167 ], [ 101.66944783750769, 12.680343767287562 ], [ 101.669448779093386, 12.68043409792306 ], [ 101.669540777860306, 12.680433173390881 ], [ 101.669541719485622, 12.680523504018895 ], [ 101.669633718277638, 12.680522579448148 ], [ 101.669634659942574, 12.680612910068684 ], [ 101.669818657569536, 12.680611060818268 ], [ 101.669820541050626, 12.680791722030101 ], [ 101.669912539917931, 12.680790797343636 ], [ 101.669913481701727, 12.680881127941737 ], [ 101.670005480594114, 12.680880203216693 ], [ 101.670006422417529, 12.680970533807312 ], [ 101.670098421335013, 12.680969609043698 ], [ 101.670099363198062, 12.681059939626834 ], [ 101.670191362140642, 12.681059014824646 ], [ 101.670192304043297, 12.681149345400302 ], [ 101.670284303010973, 12.681148420559541 ], [ 101.6702861869028, 12.681329081695207 ], [ 101.670378185927945, 12.681328156809071 ], [ 101.670379127917116, 12.681418487369083 ], [ 101.670471126967342, 12.68141756244437 ], [ 101.670472068996119, 12.681507892996899 ], [ 101.670564068071457, 12.681506968033609 ], [ 101.670565010139867, 12.681597298578657 ], [ 101.670657009240287, 12.681596373576793 ], [ 101.670657951348318, 12.681686704114361 ], [ 101.670749950473834, 12.681685779073918 ], [ 101.670750892621498, 12.681776109604 ], [ 101.670842891772111, 12.681775184524984 ], [ 101.670843833959395, 12.68186551504758 ], [ 101.67093583313509, 12.681864589929983 ], [ 101.670936775362023, 12.681954920445101 ], [ 101.671028774562814, 12.681953995288925 ], [ 101.671029716829352, 12.682044325796557 ], [ 101.671121716055254, 12.682043400601804 ], [ 101.671122658361412, 12.682133731101956 ], [ 101.67121465761241, 12.682132805868623 ], [ 101.671216542311257, 12.682313466853275 ], [ 101.671308541619709, 12.682312541574557 ], [ 101.671309484012397, 12.682402872059058 ], [ 101.671401483345932, 12.682401946741761 ], [ 101.671402425778254, 12.682492277218781 ], [ 101.671862422498762, 12.682487650121615 ], [ 101.671864307708802, 12.682668311005568 ], [ 101.67195630709584, 12.682667385477192 ], [ 101.6719581923997, 12.682848046344816 ], [ 101.672050191844178, 12.682847120771054 ], [ 101.672051134539359, 12.682937451197034 ], [ 101.671775136087035, 12.682940227843396 ], [ 101.671779849186578, 12.683391880065146 ], [ 101.671871848839771, 12.683390954514122 ], [ 101.671873734195202, 12.683571615384441 ], [ 101.671965733905864, 12.683570689788024 ], [ 101.671968562090612, 12.683841681067978 ], [ 101.6721525616843, 12.683839829738982 ], [ 101.67215444730661, 12.684020490561656 ], [ 101.672246447157292, 12.684019564835875 ], [ 101.672247390011705, 12.684109895239384 ], [ 101.672431389755985, 12.684108043678865 ], [ 101.67242950392496, 12.68392738289838 ], [ 101.672337504121174, 12.683928308680921 ], [ 101.67233656124894, 12.683837978282853 ], [ 101.672520560784491, 12.6838361266996 ], [ 101.672521503721455, 12.683926457084057 ], [ 101.672613503510703, 12.683925531237952 ], [ 101.672611617579278, 12.683744870481961 ], [ 101.672519617854775, 12.683745796314456 ], [ 101.672518674932334, 12.683655465928634 ], [ 101.67261067462448, 12.683654540102944 ], [ 101.672604074144402, 12.683022227430735 ], [ 101.672696073602722, 12.683021301620906 ], [ 101.672694187751986, 12.682840640864892 ], [ 101.6727861871383, 12.682839715036899 ], [ 101.672784301251923, 12.682659054291767 ], [ 101.672968299873304, 12.682657202567661 ], [ 101.672967356876285, 12.682566872207691 ], [ 101.67305935614371, 12.682565946304777 ], [ 101.673058413121609, 12.682475615950928 ], [ 101.673150412349401, 12.682474690023041 ], [ 101.67315135540386, 12.682565020370083 ], [ 101.673427353140681, 12.682562242375337 ], [ 101.673428296299505, 12.682652572701272 ], [ 101.673520295562923, 12.682651646632658 ], [ 101.673521238761381, 12.682741976951108 ], [ 101.673613238049896, 12.682741050843909 ], [ 101.673610408379261, 12.682470059906942 ], [ 101.673794406740299, 12.682468207638056 ], [ 101.673798179907934, 12.682829528831514 ], [ 101.673614181287988, 12.682831381154868 ], [ 101.673617011045906, 12.683102372083653 ], [ 101.67352501162793, 12.683103298218084 ], [ 101.673525954862754, 12.683193628533125 ], [ 101.673341955940273, 12.683195480720268 ], [ 101.673345728693377, 12.683556802028066 ], [ 101.673437728287695, 12.683555875923155 ], [ 101.673440558025973, 12.683826866876425 ], [ 101.673624557387015, 12.683825014530413 ], [ 101.67362361406893, 12.683734684226952 ], [ 101.673715613706165, 12.683733758013078 ], [ 101.673717500414369, 12.683914418605697 ], [ 101.673809500109073, 12.683913492346425 ], [ 101.673811386911083, 12.684094152922698 ], [ 101.67371938715165, 12.684095079195584 ], [ 101.673718443779364, 12.68400474890098 ], [ 101.673626444045027, 12.68400567513528 ], [ 101.673628330732129, 12.684186335737422 ], [ 101.673720330531211, 12.68418540948951 ], [ 101.673721273918019, 12.68427573978275 ], [ 101.673813273742198, 12.684274813496245 ], [ 101.673812330323003, 12.684184483209814 ], [ 101.673996329884773, 12.684182630555073 ], [ 101.673997273368698, 12.684272960827888 ], [ 101.674089273171049, 12.684272034446032 ], [ 101.674091160225458, 12.684452694975995 ], [ 101.674183160085263, 12.684451768548742 ], [ 101.674184103655747, 12.684542098805888 ], [ 101.674276103540635, 12.684541172340044 ], [ 101.674277990768161, 12.684721832838671 ], [ 101.674369990710531, 12.684720906327422 ], [ 101.674370934367573, 12.684811236568903 ], [ 101.674462934335025, 12.68481031001906 ], [ 101.674463878031716, 12.68490064025305 ], [ 101.674647878009509, 12.684898787044386 ], [ 101.67464882177822, 12.684989117264074 ], [ 101.674740821788575, 12.68498819060525 ], [ 101.67474176559692, 12.685078520817445 ], [ 101.674925765660547, 12.685076667390824 ], [ 101.674926709540912, 12.685166997588718 ], [ 101.675110709640165, 12.685165144021337 ], [ 101.675111653592538, 12.68525547420492 ], [ 101.675295653727431, 12.685253620496775 ], [ 101.67529659775181, 12.685343950666054 ], [ 101.675388597840708, 12.685343023757492 ], [ 101.67538954190475, 12.685433353919274 ], [ 101.675573542125449, 12.685431499993168 ], [ 101.675574486261496, 12.68552183014064 ], [ 101.675666486393311, 12.685520903123095 ], [ 101.675667430569007, 12.685611233263074 ], [ 101.675851430875511, 12.685609379118997 ], [ 101.675852375123242, 12.685699709244666 ], [ 101.67612837562551, 12.685696927769715 ], [ 101.676130264337019, 12.685877587978121 ], [ 101.676222264554625, 12.685876660742601 ], [ 101.676220375778371, 12.685696000547823 ], [ 101.676404376062266, 12.685694146008684 ], [ 101.676406264967994, 12.685874806176201 ], [ 101.676498265163758, 12.685873878845321 ], [ 101.676499209659909, 12.68596420892124 ], [ 101.676591209880769, 12.685963281551762 ], [ 101.676594043510036, 12.686234271754977 ], [ 101.676686043820723, 12.68623334433326 ], [ 101.676686988410765, 12.686323674392817 ], [ 101.676870989075027, 12.686321819440389 ], [ 101.67687193373709, 12.686412149485632 ], [ 101.676963934090665, 12.68641122195492 ], [ 101.676964878792376, 12.686501551992666 ], [ 101.677056879171047, 12.686500624423347 ], [ 101.677057823912406, 12.686590954453592 ], [ 101.677149824316189, 12.686590026845669 ], [ 101.67715076909721, 12.686680356868417 ], [ 101.67733476994762, 12.68667850154357 ], [ 101.677335714800677, 12.686768831551996 ], [ 101.677427715247333, 12.686767903835072 ], [ 101.677428660140052, 12.686858233836004 ], [ 101.677520660611791, 12.686857306080473 ], [ 101.677521605544158, 12.686947636073899 ], [ 101.677705606530552, 12.686945780453833 ], [ 101.677706551534953, 12.68703611043294 ], [ 101.67779855204958, 12.687035182568406 ], [ 101.677799497093631, 12.687125512540014 ], [ 101.67798349816583, 12.687123656701935 ], [ 101.677986333535941, 12.68739464657175 ], [ 101.678078334158229, 12.687393718584566 ], [ 101.678084005289421, 12.687935698264859 ], [ 101.678176006098681, 12.687934770204963 ], [ 101.678175060859559, 12.687844440266776 ], [ 101.678359062391451, 12.687842584065256 ], [ 101.678360007695332, 12.687932913989806 ], [ 101.67872801080118, 12.687929201177985 ], [ 101.678728956241855, 12.688019531074566 ], [ 101.678912957815825, 12.688017674464264 ], [ 101.678913903328521, 12.688108004346523 ], [ 101.679005904136943, 12.68810707598686 ], [ 101.67900684968933, 12.688197405861617 ], [ 101.679190851349063, 12.688195549033271 ], [ 101.679191796973484, 12.688285878893693 ], [ 101.679283797824809, 12.688284950425011 ], [ 101.679284743488864, 12.688375280277933 ], [ 101.679560746096229, 12.688372494660655 ], [ 101.67956169186472, 12.688462824492428 ], [ 101.679653692751629, 12.688461895882925 ], [ 101.679654638559796, 12.688552225707191 ], [ 101.679838640376516, 12.688550368379161 ], [ 101.679839586256733, 12.688640698189094 ], [ 101.67993158718653, 12.688639769470564 ], [ 101.679932533106424, 12.688730099272989 ], [ 101.680116535008892, 12.688728241726901 ], [ 101.680117481000821, 12.688818571514998 ], [ 101.680209481973506, 12.688817642687441 ], [ 101.680210428005111, 12.688907972468025 ], [ 101.680486430976543, 12.688905185774109 ], [ 101.68048737711257, 12.688995515533536 ], [ 101.680579378120839, 12.688994586565151 ], [ 101.680580324296542, 12.689084916317071 ], [ 101.68076432635597, 12.68908305827126 ], [ 101.680765272603722, 12.689173388008848 ], [ 101.680949274698733, 12.689171529822209 ], [ 101.680950221018534, 12.689261859545455 ], [ 101.68113422314913, 12.689260001217981 ], [ 101.681135169540994, 12.689350330926892 ], [ 101.681227170627722, 12.689349401708634 ], [ 101.681228117059248, 12.689439731410035 ], [ 101.681412119275606, 12.689437872864481 ], [ 101.681413065779196, 12.689528202551546 ], [ 101.681505066908812, 12.689527273224247 ], [ 101.681506013452079, 12.6896176029038 ], [ 101.681874018027102, 12.689613885249331 ], [ 101.681875911394556, 12.689794544551756 ], [ 101.682151914943503, 12.689791755936074 ], [ 101.682152861735318, 12.68988208556577 ], [ 101.682244862936088, 12.689881155956789 ], [ 101.682245809767579, 12.689971485578972 ], [ 101.682429812211993, 12.689969626251955 ], [ 101.682430759115547, 12.6900599558598 ], [ 101.682522760359191, 12.690059026141762 ], [ 101.682523707302423, 12.690149355742093 ], [ 101.68270770983257, 12.690147496196969 ], [ 101.682708656847865, 12.690237825782951 ], [ 101.682892659413582, 12.690235966096978 ], [ 101.682893606500954, 12.690326295668614 ], [ 101.683077609102241, 12.690324435841786 ], [ 101.683078556261663, 12.690414765399076 ], [ 101.68326255889852, 12.690412905431394 ], [ 101.683263506130018, 12.690503234974338 ], [ 101.683539510127687, 12.690500444763829 ], [ 101.683541404806874, 12.690681103806664 ], [ 101.683817408933137, 12.690678313268972 ], [ 101.68381835638084, 12.690768642768862 ], [ 101.684002359159948, 12.690766782237739 ], [ 101.684003306679699, 12.690857111723281 ], [ 101.68409530809069, 12.690856181403188 ], [ 101.684096255650132, 12.690946510881208 ], [ 101.684372259936438, 12.69094371970963 ], [ 101.684373207600345, 12.691034049166463 ], [ 101.684465209046877, 12.691033118705498 ], [ 101.684466156750474, 12.691123448154816 ], [ 101.684742161143419, 12.69112065656063 ], [ 101.684743108951466, 12.691210985988754 ], [ 101.684835110433568, 12.69121005538692 ], [ 101.684837006136334, 12.691390714227445 ], [ 101.685205012250762, 12.691386991447425 ], [ 101.685205960242641, 12.691477320839313 ], [ 101.68529796178538, 12.69147639005797 ], [ 101.685297013761101, 12.691386060672921 ], [ 101.685389015264136, 12.691385129866616 ], [ 101.685389963320802, 12.691475459244826 ], [ 101.685481964848918, 12.691474528399883 ], [ 101.685482912945261, 12.691564857770574 ], [ 101.685850919114216, 12.691561134045442 ], [ 101.685851867347409, 12.691651463388093 ], [ 101.686035870452812, 12.691649601321044 ], [ 101.686036818758083, 12.691739930649334 ], [ 101.6861288203322, 12.69173899956127 ], [ 101.686130717029457, 12.691919658202117 ], [ 101.686406721902301, 12.691916864706073 ], [ 101.686407670359031, 12.692007194004951 ], [ 101.686591673635832, 12.692005331501566 ], [ 101.686592622164653, 12.69209566078608 ], [ 101.686868627122195, 12.692092866771967 ], [ 101.686869575755495, 12.692183196035273 ], [ 101.687145580744399, 12.692180401714417 ], [ 101.687146529482163, 12.692270730956508 ], [ 101.687238531162905, 12.692269799445778 ], [ 101.687240428725147, 12.69245045791423 ], [ 101.687424432194234, 12.692448594769987 ], [ 101.687427278786771, 12.692719582426482 ], [ 101.68733527695872, 12.692720514035036 ], [ 101.687336225805126, 12.692810843259346 ], [ 101.687244223937356, 12.692811774842941 ], [ 101.687245172758708, 12.69290210407341 ], [ 101.686877165085022, 12.69290583011712 ], [ 101.686878113784104, 12.692996159374276 ], [ 101.686786111815039, 12.692997090812534 ], [ 101.686787060489038, 12.693087420075848 ], [ 101.686695058480254, 12.693088351489147 ], [ 101.686696007129171, 12.693178680758624 ], [ 101.686788009170343, 12.693177749338483 ], [ 101.68678895785898, 12.693268078600433 ], [ 101.686880959925233, 12.693267147141649 ], [ 101.686881908653561, 12.693357476396072 ], [ 101.687065912828913, 12.693355613369402 ], [ 101.687066861629333, 12.693445942609458 ], [ 101.687158863738432, 12.693445011041572 ], [ 101.687159812578557, 12.693535340274106 ], [ 101.687251814712738, 12.693534408667571 ], [ 101.687252763592554, 12.693624737892577 ], [ 101.687344765751831, 12.693623806247393 ], [ 101.687345714671352, 12.693714135464873 ], [ 101.687437716855683, 12.693713203781043 ], [ 101.687438665814909, 12.693803532990994 ], [ 101.687714672421251, 12.693800737728134 ], [ 101.687715621484955, 12.693891066916871 ], [ 101.687899625917396, 12.693889203235578 ], [ 101.687900575053206, 12.693979532409941 ], [ 101.688176581744202, 12.693976736628921 ], [ 101.688177530984504, 12.694067065782068 ], [ 101.688361535473376, 12.694065201755329 ], [ 101.68836248478577, 12.694155530894102 ], [ 101.689098502707836, 12.694148073460113 ], [ 101.689099452286698, 12.694238402543425 ], [ 101.689467461201701, 12.694234673035675 ], [ 101.689468410917442, 12.694325002090913 ], [ 101.689744417624055, 12.694322204605578 ], [ 101.689745367444289, 12.694412533639584 ], [ 101.689929371943563, 12.694410668476626 ], [ 101.689930321835902, 12.694500997496251 ], [ 101.690022324106948, 12.694500064860215 ], [ 101.690023274039007, 12.694590393872302 ], [ 101.690115276335135, 12.694589461197603 ], [ 101.690116226306898, 12.694679790202159 ], [ 101.690208228628094, 12.694678857488801 ], [ 101.690211078684484, 12.694949844477822 ], [ 101.69030308109555, 12.694948911712107 ], [ 101.690306881402776, 12.695310227660492 ], [ 101.690214878862136, 12.695311160453617 ], [ 101.690218679156899, 12.695672476418475 ], [ 101.69049468714563, 12.695669677861472 ], [ 101.690495637334791, 12.695760006830428 ], [ 101.690403634646813, 12.695760939721422 ], [ 101.690405534982332, 12.695941597670982 ], [ 101.690313532222234, 12.695942530543867 ], [ 101.690315432522254, 12.696123188504398 ], [ 101.690223429690036, 12.696124121359174 ], [ 101.69022437981863, 12.696214450345266 ], [ 101.690040374067451, 12.696216315973086 ], [ 101.690043224302727, 12.696487302968356 ], [ 101.689951221318964, 12.696488235755099 ], [ 101.68995217137963, 12.69657856475901 ], [ 101.689860168356148, 12.696579497520789 ], [ 101.689861118391747, 12.696669826530862 ], [ 101.689769115328545, 12.696670759267681 ], [ 101.689770065339047, 12.696761088283919 ], [ 101.68967806223614, 12.696762020995774 ], [ 101.689679962214299, 12.696942679039907 ], [ 101.689587959039258, 12.696943611733644 ], [ 101.689588909006929, 12.697033940761532 ], [ 101.689496905792183, 12.697034873430306 ], [ 101.68949880568465, 12.697215531497735 ], [ 101.689406802397784, 12.69721646414839 ], [ 101.689407752322595, 12.697306793187927 ], [ 101.689315748996009, 12.697307725813618 ], [ 101.689316698895738, 12.69739805485932 ], [ 101.688764678588143, 12.697403649986439 ], [ 101.688765628300786, 12.69749397907254 ], [ 101.688673624858168, 12.697494911489219 ], [ 101.688674574545729, 12.697585240581493 ], [ 101.688582571063407, 12.697586172973203 ], [ 101.688583520725857, 12.697676502071635 ], [ 101.688399513674469, 12.697678366773303 ], [ 101.688400463279436, 12.697768695884745 ], [ 101.688676473942763, 12.697765898763981 ], [ 101.688677423652265, 12.697856227854201 ], [ 101.688769427224486, 12.697855295410131 ], [ 101.688767527747999, 12.697674637242704 ], [ 101.688859531248085, 12.697673704780515 ], [ 101.68886048101507, 12.697764033857725 ], [ 101.688952484540252, 12.697763101356871 ], [ 101.688953434346956, 12.697853430426546 ], [ 101.689229444975823, 12.697850632712546 ], [ 101.689231344805592, 12.698031290808766 ], [ 101.689415351984522, 12.698029425479625 ], [ 101.689416301975186, 12.698119754513009 ], [ 101.689508305586074, 12.698118821793866 ], [ 101.689509255616471, 12.698209150819721 ], [ 101.689693262881107, 12.69820728527228 ], [ 101.689692312785908, 12.698116956260122 ], [ 101.690060327097754, 12.698113224810836 ], [ 101.690061277322556, 12.698203553795592 ], [ 101.690429291646907, 12.698199821809833 ], [ 101.690430242008645, 12.698290150766503 ], [ 101.69052224560383, 12.698289217683669 ], [ 101.690523196005302, 12.698379546632802 ], [ 101.690707203238532, 12.698377680357979 ], [ 101.690708153712123, 12.698468009292725 ], [ 101.69089216098088, 12.698466142876926 ], [ 101.69089406207965, 12.698646800716961 ], [ 101.691078069448736, 12.698644934146483 ], [ 101.691079020073914, 12.698735263051766 ], [ 101.691539038530493, 12.698730596034482 ], [ 101.691543792576354, 12.699182240379322 ], [ 101.691635796407724, 12.699181306846137 ], [ 101.691636747271275, 12.699271635706205 ], [ 101.691820754976874, 12.699269768530668 ], [ 101.69182170591256, 12.699360097376337 ], [ 101.692005713653657, 12.699358230059813 ], [ 101.692006664661477, 12.699448558891087 ], [ 101.692558687903443, 12.699442956136698 ], [ 101.692559639113028, 12.699533284926156 ], [ 101.69283565073232, 12.699530483098819 ], [ 101.692834699425518, 12.699440154329933 ], [ 101.693202714685711, 12.699436418142096 ], [ 101.693203666122145, 12.699526746883549 ], [ 101.693755688987039, 12.69952114160604 ], [ 101.693753785732611, 12.699340484204757 ], [ 101.693845789452965, 12.699339549894189 ], [ 101.693844837804349, 12.699249221199384 ], [ 101.69393684148497, 12.699248286863854 ], [ 101.69393398648586, 12.698977300795912 ], [ 101.694025990061931, 12.698976366449145 ], [ 101.69402408670102, 12.698795709080819 ], [ 101.694116090204957, 12.698794774715955 ], [ 101.694115138503093, 12.698704446037626 ], [ 101.694023135031571, 12.698705380395628 ], [ 101.694021231714643, 12.698524723023203 ], [ 101.693837224879246, 12.698526591616318 ], [ 101.693836273296583, 12.698436262915356 ], [ 101.693744269900279, 12.698437197157327 ], [ 101.693743318357349, 12.698346868448823 ], [ 101.693651314986127, 12.698347802652117 ], [ 101.693642751721256, 12.697534844183091 ], [ 101.69345874554007, 12.697536712370759 ], [ 101.693456842802533, 12.697356054898242 ], [ 101.693272836721633, 12.697357922931214 ], [ 101.693271885428658, 12.697267594180211 ], [ 101.693087879383242, 12.697269462072208 ], [ 101.693086928162401, 12.697179133306806 ], [ 101.692994925161102, 12.697180067198227 ], [ 101.692990169328809, 12.69672842332667 ], [ 101.69289816648218, 12.696729357151991 ], [ 101.69289721537011, 12.696639028368772 ], [ 101.692805212548549, 12.696639962155416 ], [ 101.692804261476184, 12.696549633364658 ], [ 101.692620255875909, 12.6965515008288 ], [ 101.692619304875663, 12.696461172023641 ], [ 101.692527302096934, 12.696462105701134 ], [ 101.692526351136422, 12.696371776888435 ], [ 101.692434348382761, 12.69637271052726 ], [ 101.692433397461983, 12.696282381707023 ], [ 101.692249391997478, 12.696284248875525 ], [ 101.69224844114882, 12.696193920040894 ], [ 101.692156438437976, 12.696194853570571 ], [ 101.692155487629037, 12.696104524728399 ], [ 101.69233949297859, 12.696102657650941 ], [ 101.692338542112196, 12.6960123288218 ], [ 101.692430544743587, 12.696011395242211 ], [ 101.692431495642396, 12.696101724064498 ], [ 101.692523498298868, 12.696100790446243 ], [ 101.692524449237396, 12.696191119260993 ], [ 101.692800457260034, 12.696188318194785 ], [ 101.692798555195921, 12.696007660605742 ], [ 101.692614549984413, 12.6960095279876 ], [ 101.692613599028135, 12.695919199178343 ], [ 101.692153586033129, 12.695923867042001 ], [ 101.69215263524616, 12.695833538197778 ], [ 101.691784624847898, 12.695837271888687 ], [ 101.691786526169977, 12.696017929631292 ], [ 101.691878528845322, 12.696016996242571 ], [ 101.691880430261492, 12.696197653968733 ], [ 101.691788427521345, 12.696198587371162 ], [ 101.691789378208028, 12.69628891624007 ], [ 101.691697375428163, 12.696289849617544 ], [ 101.691698326089764, 12.696380178492625 ], [ 101.69188233170695, 12.696378311692158 ], [ 101.691883282440671, 12.696468640552848 ], [ 101.691607273906683, 12.696471440726391 ], [ 101.691608224550535, 12.69656176960696 ], [ 101.69151622165883, 12.696562702941376 ], [ 101.691518122903702, 12.696743360714169 ], [ 101.691426119939877, 12.696744294030475 ], [ 101.691428971764893, 12.697015280705108 ], [ 101.691336968696547, 12.697016214010159 ], [ 101.691337919287122, 12.697106542907189 ], [ 101.691245916179057, 12.697107476187282 ], [ 101.691247817317389, 12.697288133993 ], [ 101.691063810949686, 12.697290000485157 ], [ 101.69106571198769, 12.697470658315552 ], [ 101.690973708728066, 12.697471591527615 ], [ 101.690975609730557, 12.697652249368984 ], [ 101.690883606398813, 12.697653182562933 ], [ 101.690884556878629, 12.697743511489447 ], [ 101.690792553507151, 12.697744444658436 ], [ 101.690794454423965, 12.697925102523113 ], [ 101.690702450980368, 12.697926035673989 ], [ 101.690703401417352, 12.698016364612153 ], [ 101.690519394443342, 12.698018230832163 ], [ 101.690518444071174, 12.697927901880297 ], [ 101.690426440605592, 12.697928834935723 ], [ 101.690421689016475, 12.697477190131872 ], [ 101.690513692320039, 12.697476257110699 ], [ 101.690512741991782, 12.697385928154732 ], [ 101.690696748512153, 12.697384062030647 ], [ 101.690695798126399, 12.697293733087699 ], [ 101.690787801343205, 12.697292799984787 ], [ 101.690783049362281, 12.696841155294049 ], [ 101.690875052409766, 12.696840222193584 ], [ 101.690873151603853, 12.696659564326209 ], [ 101.691149160507962, 12.696656764875046 ], [ 101.691147259536933, 12.696476107046056 ], [ 101.691055256641008, 12.69647704021455 ], [ 101.691053355764069, 12.69629638236912 ], [ 101.690961352925626, 12.696297315492094 ], [ 101.69096040253055, 12.696206986561503 ], [ 101.691052405336592, 12.69620605344538 ], [ 101.691051454916419, 12.696115724520956 ], [ 101.691143457682742, 12.696114791379873 ], [ 101.691141556799593, 12.695934133542682 ], [ 101.691049554098058, 12.695935066670057 ], [ 101.691048603699855, 12.695844737743586 ], [ 101.690864598339616, 12.695846603889199 ], [ 101.690863648013533, 12.695756274948337 ], [ 101.690587640015465, 12.69575907390762 ], [ 101.690583839173087, 12.695397758055114 ], [ 101.691043851818677, 12.695393093100964 ], [ 101.691044802180272, 12.695483422030856 ], [ 101.691136804719804, 12.695482488937744 ], [ 101.691137755121119, 12.695572817860098 ], [ 101.691321760243042, 12.695570951564736 ], [ 101.69131985931817, 12.695390293746758 ], [ 101.691227856825662, 12.695391226896637 ], [ 101.691226906406598, 12.695300897979768 ], [ 101.6910429014644, 12.695302764170389 ], [ 101.691041951117455, 12.695212435239133 ], [ 101.690949948667765, 12.695213368279877 ], [ 101.69094899836054, 12.695123039341084 ], [ 101.690856995935931, 12.695123972343163 ], [ 101.69085509540821, 12.694943314449825 ], [ 101.69103910012052, 12.694941448441261 ], [ 101.691038149802878, 12.694851119507272 ], [ 101.691222154421112, 12.694849253385179 ], [ 101.691223104803569, 12.694939582305464 ], [ 101.692051125514752, 12.69493118311985 ], [ 101.692052076196077, 12.695021511977762 ], [ 101.692604089868311, 12.695015911048166 ], [ 101.692605040751332, 12.695106239864261 ], [ 101.693249056595732, 12.695099703951106 ], [ 101.693247154383499, 12.694919046414244 ], [ 101.693339156552895, 12.694918112598845 ], [ 101.693337254305177, 12.694737455072962 ], [ 101.693429256402439, 12.694736521239477 ], [ 101.6934283052572, 12.69464619248237 ], [ 101.693796313443428, 12.694642456857775 ], [ 101.693797264718256, 12.694732785587446 ], [ 101.694441278988734, 12.694726246971788 ], [ 101.694442230497643, 12.694816575652752 ], [ 101.694718236600792, 12.694813772891198 ], [ 101.694719188214208, 12.69490410155089 ], [ 101.695547206419249, 12.694895691486835 ], [ 101.695548158331547, 12.694986020084073 ], [ 101.695824164365078, 12.694983216136247 ], [ 101.695823212355606, 12.694892887559606 ], [ 101.696099218225939, 12.694890083346102 ], [ 101.696100170332599, 12.694980411902153 ], [ 101.696192172307107, 12.694979477093835 ], [ 101.696191220168046, 12.694889148544652 ], [ 101.696283222102821, 12.694888213711396 ], [ 101.696284174274268, 12.694978542253711 ], [ 101.696744184000067, 12.694973867575971 ], [ 101.696745136340823, 12.695064196083271 ], [ 101.697849159323027, 12.695052973529842 ], [ 101.697850112059854, 12.695143301954035 ], [ 101.698678128894443, 12.695134881971248 ], [ 101.698679081930152, 12.695225210332918 ], [ 101.69923109301719, 12.695219595538441 ], [ 101.699232046254608, 12.695309923858193 ], [ 101.699600053628657, 12.695306179998212 ], [ 101.699601007003011, 12.695396508289782 ], [ 101.70006101621729, 12.695391827714735 ], [ 101.700061969760952, 12.69548215597124 ], [ 101.70070598257918, 12.695475601782068 ], [ 101.700706936356951, 12.695565929989757 ], [ 101.700982941837438, 12.695563120553771 ], [ 101.700981987962493, 12.695472792366717 ], [ 101.701533998530692, 12.695467172677168 ], [ 101.701533044468718, 12.695376844530701 ], [ 101.701625046171969, 12.695375907811325 ], [ 101.701636495789529, 12.696459845441247 ], [ 101.7017284978742, 12.696458908607505 ], [ 101.701729452089154, 12.696549236732002 ], [ 101.701913456301213, 12.696547362955323 ], [ 101.701914410588316, 12.696637691065382 ], [ 101.702006412715718, 12.696636754122441 ], [ 101.702007367042583, 12.696727082224935 ], [ 101.702099369195025, 12.696726145243307 ], [ 101.70209841483576, 12.696635817147692 ], [ 101.702558425325677, 12.696631131796764 ], [ 101.702559379846946, 12.696721459857971 ], [ 101.702467377731253, 12.696722396998661 ], [ 101.702468332227468, 12.696812725066062 ], [ 101.702284327909268, 12.696814599265773 ], [ 101.702285282348029, 12.696904927346255 ], [ 101.702377284543203, 12.696903990255423 ], [ 101.702381102501406, 12.697265302542982 ], [ 101.702289100176628, 12.697266239661339 ], [ 101.702291963625257, 12.697537223890471 ], [ 101.70219996119593, 12.697538160997656 ], [ 101.702202824613551, 12.697809145241278 ], [ 101.702110822079661, 12.697810082337293 ], [ 101.702111776534494, 12.697900410424012 ], [ 101.702203779100785, 12.697899473321115 ], [ 101.70220473359538, 12.697989801400269 ], [ 101.702112730996689, 12.697990738510047 ], [ 101.702115594427383, 12.69826172276405 ], [ 101.702023591724142, 12.698262659862653 ], [ 101.702025500649881, 12.698443316042331 ], [ 101.701933497874478, 12.698444253122881 ], [ 101.701935406764832, 12.698624909313581 ], [ 101.701843403917266, 12.698625846376077 ], [ 101.701844358341077, 12.69871617447728 ], [ 101.701752355453763, 12.698717111514839 ], [ 101.701755218672048, 12.69898809583499 ], [ 101.701663215680171, 12.698989032861373 ], [ 101.701664170068554, 12.699079360973601 ], [ 101.701572167036929, 12.699080297975041 ], [ 101.701576938927147, 12.699531938560323 ], [ 101.701484935726128, 12.699532875564344 ], [ 101.701487798851247, 12.699803859927945 ], [ 101.701395795545665, 12.699804796920782 ], [ 101.701397704267677, 12.699985453173522 ], [ 101.701305700889932, 12.699986390148299 ], [ 101.701306655229558, 12.700076718280519 ], [ 101.701214651812066, 12.700077655230357 ], [ 101.701215606126624, 12.700167983368774 ], [ 101.701123602669369, 12.700168920293665 ], [ 101.701124556958874, 12.700259248438281 ], [ 101.701032553461857, 12.70026018533823 ], [ 101.701033507726322, 12.700350513489036 ], [ 101.700849500645418, 12.70035238720723 ], [ 101.700848546445783, 12.700262059042666 ], [ 101.700756542926726, 12.700262995847156 ], [ 101.700760359639716, 12.700624308528806 ], [ 101.700852363288405, 12.700623371696809 ], [ 101.700853317517442, 12.700713699858632 ], [ 101.700945321191199, 12.700712762987932 ], [ 101.700946275459984, 12.700803091142197 ], [ 101.700854271753826, 12.700804028019776 ], [ 101.700855225997557, 12.700894356180232 ], [ 101.700671218498343, 12.700896229853671 ], [ 101.700672172684605, 12.700986558027198 ], [ 101.702788257895634, 12.700965002939157 ], [ 101.702786348039623, 12.700784346907904 ], [ 101.702510337340158, 12.700787159354523 ], [ 101.702509382520418, 12.70069683131722 ], [ 101.702693389595922, 12.700694956398394 ], [ 101.702691479848866, 12.700514300349269 ], [ 101.702599476379604, 12.700515237810828 ], [ 101.702598521549504, 12.700424909778354 ], [ 101.702690524986366, 12.700423972323678 ], [ 101.702686705609892, 12.700062660214479 ], [ 101.702594702302676, 12.700063597641627 ], [ 101.702593747509354, 12.699973269605735 ], [ 101.702777754051624, 12.699971394733382 ], [ 101.702778708909761, 12.70006172275551 ], [ 101.702870712202284, 12.70006078526472 ], [ 101.70286784755271, 12.699789801216934 ], [ 101.703235860260335, 12.699786051018171 ], [ 101.703236815265811, 12.699876379007248 ], [ 101.703420821640307, 12.699874503703182 ], [ 101.703421776717946, 12.699964831677809 ], [ 101.703605783127827, 12.699962956232691 ], [ 101.703604827985387, 12.699872628271832 ], [ 101.703788834301037, 12.699870752713203 ], [ 101.703785968723395, 12.699599768867833 ], [ 101.703693965666474, 12.699600706642405 ], [ 101.703693010521036, 12.699510378685693 ], [ 101.703417001403338, 12.699513191797834 ], [ 101.703416046362463, 12.699422863819784 ], [ 101.703324043340928, 12.699423801453307 ], [ 101.703323088339843, 12.699333473467686 ], [ 101.703231085343333, 12.699334411062507 ], [ 101.703230130382011, 12.699244083069324 ], [ 101.703138127410568, 12.699245020625442 ], [ 101.703135262667914, 12.698974036621129 ], [ 101.703227265542139, 12.698973099085663 ], [ 101.703226310610233, 12.698882771089744 ], [ 101.703318313444697, 12.698881833529343 ], [ 101.703317358487737, 12.698791505539624 ], [ 101.703409361282439, 12.698790567954289 ], [ 101.703407451325788, 12.698609911986559 ], [ 101.703315448595873, 12.698610849558126 ], [ 101.703314493660969, 12.698520521566351 ], [ 101.703222490956122, 12.698521459099215 ], [ 101.703221536060994, 12.698431131099877 ], [ 101.70331353873344, 12.698430193573895 ], [ 101.703305899577899, 12.697707569609598 ], [ 101.703673909157303, 12.697703819407817 ], [ 101.703675819161262, 12.697884475347919 ], [ 101.703767821602526, 12.697883537704165 ], [ 101.703768776647948, 12.697973865666306 ], [ 101.703860779114251, 12.697972927983853 ], [ 101.703859824036428, 12.697882600028597 ], [ 101.703951826462983, 12.697881662321217 ], [ 101.703950871360121, 12.697791334372164 ], [ 101.703858868965966, 12.697792272072659 ], [ 101.703855048757688, 12.697430960242063 ], [ 101.70394705102224, 12.69743002256911 ], [ 101.703945140897432, 12.697249366663479 ], [ 101.703853138697681, 12.697250304322662 ], [ 101.703851228667119, 12.697069648400523 ], [ 101.703943230802068, 12.69706871075511 ], [ 101.703941320736121, 12.696888054844008 ], [ 101.704033322798907, 12.696887117180552 ], [ 101.704029502625716, 12.696525805377677 ], [ 101.703937500692518, 12.696526743013584 ], [ 101.703935590714849, 12.696346087094273 ], [ 101.704027592583259, 12.696345149472133 ], [ 101.704018042812379, 12.69544186990338 ], [ 101.704294047401604, 12.695439057052679 ], [ 101.704293092367806, 12.695348729112704 ], [ 101.7044770953257, 12.695346853733632 ], [ 101.704478050424285, 12.695437181659837 ], [ 101.704754054903148, 12.695434368332007 ], [ 101.704755010106282, 12.69552469623687 ], [ 101.70484701161692, 12.69552375839042 ], [ 101.704847966859816, 12.695614086287708 ], [ 101.70503196992378, 12.69561221048561 ], [ 101.705032925238811, 12.69570253836844 ], [ 101.705124926792152, 12.695701600412789 ], [ 101.705125882146945, 12.695791928288047 ], [ 101.70530988529633, 12.69579005226754 ], [ 101.705310840723286, 12.695880380128331 ], [ 101.706046853285571, 12.695872874718814 ], [ 101.706045897599466, 12.69578254691314 ], [ 101.706229900601627, 12.695780670256452 ], [ 101.706230856352533, 12.695870998048342 ], [ 101.706506860897733, 12.695868182804061 ], [ 101.70650877261599, 12.69604883834444 ], [ 101.706600774181112, 12.696047899852278 ], [ 101.706601730083705, 12.696138227614544 ], [ 101.706693731673852, 12.69613728908368 ], [ 101.706694687616192, 12.696227616838373 ], [ 101.707062694032786, 12.696223862369237 ], [ 101.707063650112062, 12.696314190095675 ], [ 101.707615659710385, 12.696308557396293 ], [ 101.707616615991412, 12.696398885080683 ], [ 101.708720634781159, 12.696387616163637 ], [ 101.708721591458314, 12.696477943764586 ], [ 101.709365602155714, 12.69647136806595 ], [ 101.709366559067021, 12.696561695617925 ], [ 101.709458560598137, 12.696560756098263 ], [ 101.709457603654428, 12.696470428553187 ], [ 101.709733608106347, 12.696467609824037 ], [ 101.709734565147244, 12.696557937348413 ], [ 101.709826566648857, 12.696556997701508 ], [ 101.709825609575589, 12.696466670184035 ], [ 101.71000961249193, 12.696464790808591 ], [ 101.710010569630001, 12.696555118312263 ], [ 101.710562578396434, 12.696549479381076 ], [ 101.71056353573627, 12.696639806842654 ], [ 101.711207545855004, 12.696633226593889 ], [ 101.711208503428978, 12.696723554006459 ], [ 101.711668510597349, 12.69671885283992 ], [ 101.711669468340688, 12.696809180217283 ], [ 101.71194547265037, 12.696806359114907 ], [ 101.711946430498287, 12.69689668647087 ], [ 101.712406437695506, 12.696891983962821 ], [ 101.712407395712773, 12.696982311283566 ], [ 101.712775401467297, 12.69697854867689 ], [ 101.712776359621557, 12.69706887596932 ], [ 101.712960362519325, 12.697066994461295 ], [ 101.712961320745762, 12.697157321739226 ], [ 101.713237325134259, 12.697154499217874 ], [ 101.713238283465273, 12.697244826474391 ], [ 101.713422286418819, 12.69724294462061 ], [ 101.713423244821996, 12.697333271862627 ], [ 101.7135152463201, 12.69733233088111 ], [ 101.713514287884522, 12.697242003646002 ], [ 101.713606289342835, 12.697241062639581 ], [ 101.713607247810813, 12.697331389867777 ], [ 101.713883252238674, 12.697328566636909 ], [ 101.71388421081123, 12.697418893843688 ], [ 101.713976212304814, 12.697417952696195 ], [ 101.713977170917147, 12.697508279895382 ], [ 101.714069172435757, 12.697507338709165 ], [ 101.71407013108788, 12.697597665900751 ], [ 101.714438137218025, 12.697593900810114 ], [ 101.714439096007141, 12.697684227973369 ], [ 101.714531097553603, 12.697683286614264 ], [ 101.714532056382495, 12.69777361376992 ], [ 101.714716059518082, 12.697771730942449 ], [ 101.714717977327624, 12.697952385224061 ], [ 101.71508598376937, 12.69794861913204 ], [ 101.715087901867648, 12.698129273355606 ], [ 101.715547910077618, 12.698124564955624 ], [ 101.715548869299838, 12.698214892031809 ], [ 101.715640870952072, 12.698213950249453 ], [ 101.715641830214096, 12.698304277318037 ], [ 101.715825833561183, 12.698302393644054 ], [ 101.715826792895399, 12.69839272069812 ], [ 101.716010796277743, 12.698390836883043 ], [ 101.716011755684136, 12.69848116392259 ], [ 101.716195759101709, 12.698479279966424 ], [ 101.716196718580306, 12.698569606991459 ], [ 101.716288720310416, 12.698568664958731 ], [ 101.71628967982879, 12.698658991976169 ], [ 101.716381681583925, 12.698658049904708 ], [ 101.716382641142104, 12.698748376914542 ], [ 101.716474642922236, 12.698747434804352 ], [ 101.716475602520191, 12.698837761806576 ], [ 101.716567604325348, 12.698836819657654 ], [ 101.716569523608271, 12.699017473646222 ], [ 101.716661525470826, 12.699016531451646 ], [ 101.716664404547856, 12.699287512408606 ], [ 101.716756406500224, 12.699286570161458 ], [ 101.716757366239747, 12.699376897138823 ], [ 101.716941370187129, 12.699375012535242 ], [ 101.716943289817976, 12.699555666460245 ], [ 101.717035291845377, 12.699554724096888 ], [ 101.717038171444315, 12.699825704958499 ], [ 101.716946169319698, 12.69982664734261 ], [ 101.71694808902447, 12.700007301260761 ], [ 101.716764084623421, 12.7000091859612 ], [ 101.716763124832141, 12.69991885898863 ], [ 101.716579120466335, 12.699920743547958 ], [ 101.71657528163442, 12.69955943559548 ], [ 101.716483279570056, 12.699560377799745 ], [ 101.716481360263231, 12.699379723805562 ], [ 101.716297356241938, 12.699381608090967 ], [ 101.716296396664433, 12.699291281079013 ], [ 101.716204394675103, 12.699292223167072 ], [ 101.716203435137388, 12.699201896147517 ], [ 101.71601943120136, 12.699203780214352 ], [ 101.716017512277716, 12.699023126145521 ], [ 101.715925510363434, 12.69902406811738 ], [ 101.71592359153415, 12.698843414031979 ], [ 101.715739587813005, 12.698845297852582 ], [ 101.715738628474256, 12.698754970795022 ], [ 101.715646626635021, 12.698755912650686 ], [ 101.715645667336048, 12.698665585585527 ], [ 101.71555366552181, 12.698666527402459 ], [ 101.715552706262642, 12.698576200329695 ], [ 101.715460704473415, 12.698577142107895 ], [ 101.715459745254037, 12.698486815027538 ], [ 101.71527574171823, 12.698488698474659 ], [ 101.715274782571043, 12.698398371379788 ], [ 101.715090779070493, 12.698400254685824 ], [ 101.715089819995484, 12.698309927576437 ], [ 101.714905816530191, 12.698311810741385 ], [ 101.714904857527372, 12.698221483617484 ], [ 101.714720854097337, 12.698223366641345 ], [ 101.714719895166709, 12.698133039502935 ], [ 101.71444389006345, 12.698135863779383 ], [ 101.714442931237414, 12.698045536619547 ], [ 101.714350929553959, 12.698046477974488 ], [ 101.714349970767714, 12.697956150807061 ], [ 101.71407396577024, 12.697958974660262 ], [ 101.714073007088572, 12.697868647471408 ], [ 101.713705000451469, 12.697872412135968 ], [ 101.713705959003548, 12.697962739352464 ], [ 101.713613957293418, 12.697963680445978 ], [ 101.713614915820457, 12.698054007668699 ], [ 101.713522914070538, 12.698054948737308 ], [ 101.713521955575899, 12.697964621507682 ], [ 101.713337952118721, 12.697966503535641 ], [ 101.713338910548572, 12.698056830779089 ], [ 101.713246908776497, 12.698057771752257 ], [ 101.713251700874466, 12.698509407993777 ], [ 101.713067696984169, 12.69851128991376 ], [ 101.713066738614629, 12.698420962653008 ], [ 101.712882734759617, 12.698422844431912 ], [ 101.712881776462254, 12.698332517156659 ], [ 101.712605770721581, 12.698335339565677 ], [ 101.712604812528809, 12.698245012269014 ], [ 101.712512810632887, 12.69824595300148 ], [ 101.712511852479892, 12.698155625697224 ], [ 101.712327848730723, 12.698157507052903 ], [ 101.712326890649905, 12.698067179734149 ], [ 101.712142886936022, 12.698069060948752 ], [ 101.71214192892738, 12.697978733615502 ] ], [ [ 101.71334370280853, 12.698508466986061 ], [ 101.713341785882392, 12.698327812505326 ], [ 101.713433787744279, 12.698326871479615 ], [ 101.713435704735218, 12.698507525946528 ], [ 101.713527706654517, 12.698506584875181 ], [ 101.713528665193465, 12.698596912100705 ], [ 101.713436663241751, 12.698597853178962 ], [ 101.713437621755673, 12.698688180410706 ], [ 101.713345619764183, 12.698689121464058 ], [ 101.713344661282662, 12.698598794225402 ], [ 101.713252659316197, 12.698599735240027 ], [ 101.713251700874466, 12.698509407993777 ], [ 101.71334370280853, 12.698508466986061 ] ], [ [ 101.743612035342679, 12.706778968064423 ], [ 101.743611065539682, 12.706688643168489 ], [ 101.743703068077949, 12.706687691037372 ], [ 101.743702098249997, 12.706597366147742 ], [ 101.743886103239291, 12.706595461803982 ], [ 101.743888043032371, 12.706776111554618 ], [ 101.743612035342679, 12.706778968064423 ] ], [ [ 101.756301499636507, 12.706015004565243 ], [ 101.756302473868516, 12.706105328498934 ], [ 101.756578477876687, 12.70610245893662 ], [ 101.756577503547405, 12.706012135023995 ], [ 101.75666950483604, 12.706011178446582 ], [ 101.756670479197737, 12.70610150235219 ], [ 101.756762480511284, 12.706100545735929 ], [ 101.7567634549129, 12.706190869633833 ], [ 101.756579452213458, 12.706192782848566 ], [ 101.756580426557733, 12.706283106759823 ], [ 101.756304422355058, 12.706285976364246 ], [ 101.756305396609591, 12.706376300295874 ], [ 101.755845389293043, 12.706381082368383 ], [ 101.755846363392976, 12.706471406334412 ], [ 101.755662360349007, 12.706473318954629 ], [ 101.755661386313932, 12.706382994974565 ], [ 101.755477383304836, 12.706384907453421 ], [ 101.755474461439064, 12.706113935466997 ], [ 101.755566462850112, 12.706112979264537 ], [ 101.755564514912265, 12.705932331284187 ], [ 101.755748517582191, 12.705930418811841 ], [ 101.755749491612193, 12.706020742788324 ], [ 101.755933494316949, 12.706018830174621 ], [ 101.755932520222117, 12.705928506212169 ], [ 101.756116522832045, 12.705926593485179 ], [ 101.75611749699172, 12.706016917433596 ], [ 101.756301499636507, 12.706015004565243 ] ], [ [ 101.718899345735224, 12.701794040345817 ], [ 101.718898385050665, 12.701703713546127 ], [ 101.719266395605814, 12.701699940564403 ], [ 101.719267356419991, 12.701790267336396 ], [ 101.718899345735224, 12.701794040345817 ] ], [ [ 101.691802688590414, 12.697553520333051 ], [ 101.691799836244783, 12.697282533752972 ], [ 101.692167848716551, 12.697278799623332 ], [ 101.692165946930217, 12.697098141954704 ], [ 101.692257949965054, 12.697097208356467 ], [ 101.692258900886955, 12.69718753718427 ], [ 101.69235090394686, 12.697186603547365 ], [ 101.692349952992544, 12.69709627472642 ], [ 101.692441956012729, 12.697095341064559 ], [ 101.692440054061294, 12.696914683434334 ], [ 101.692532057009359, 12.696913749754371 ], [ 101.692534910044714, 12.697184736178112 ], [ 101.692442906999446, 12.697185669878646 ], [ 101.692445760003537, 12.697456656316799 ], [ 101.692537763145992, 12.697455722595699 ], [ 101.692540616313224, 12.697726709007137 ], [ 101.692448613073566, 12.697727642748807 ], [ 101.692449564111556, 12.697817971558107 ], [ 101.692357560832164, 12.697818905274822 ], [ 101.692358511845072, 12.697909234090298 ], [ 101.692266508525947, 12.69791016778205 ], [ 101.692267459513786, 12.698000496603699 ], [ 101.692175456154942, 12.698001430270493 ], [ 101.692177358087775, 12.698182087925447 ], [ 101.692085354656811, 12.698183021574138 ], [ 101.692088207513805, 12.698454008072011 ], [ 101.691996203978292, 12.698454941709448 ], [ 101.691997154912869, 12.698545270547562 ], [ 101.691813147755056, 12.698547137740695 ], [ 101.69181409863215, 12.698637466591832 ], [ 101.691722095009851, 12.698638400147528 ], [ 101.691723045861863, 12.698728729004838 ], [ 101.691631042199845, 12.698729662535568 ], [ 101.69162628817503, 12.698278018207906 ], [ 101.691718291675045, 12.698277084711451 ], [ 101.691716390051567, 12.698096426989313 ], [ 101.691808393479462, 12.698095493474744 ], [ 101.691806491820486, 12.69791483576358 ], [ 101.691990498524632, 12.697912968666417 ], [ 101.691989547641342, 12.697822639823519 ], [ 101.692081550950022, 12.697821706234068 ], [ 101.692079649140581, 12.697641048559936 ], [ 101.691895642645491, 12.6976429156796 ], [ 101.691894691816557, 12.697552586827793 ], [ 101.691802688590414, 12.697553520333051 ] ], [ [ 101.692347100173563, 12.696825288259493 ], [ 101.692346149248564, 12.696734959435817 ], [ 101.692438152139147, 12.696734025801378 ], [ 101.692439103096561, 12.696824354618201 ], [ 101.692347100173563, 12.696825288259493 ] ], [ [ 101.702370603399459, 12.696271693725858 ], [ 101.702371557826496, 12.696362021803566 ], [ 101.702463559819947, 12.696361084722213 ], [ 101.702464514286746, 12.696451412792351 ], [ 101.702188508187177, 12.696454223961618 ], [ 101.702187553817566, 12.696363895870833 ], [ 101.702279555825712, 12.696362958853106 ], [ 101.702278601431061, 12.696272630768519 ], [ 101.702370603399459, 12.696271693725858 ] ], [ [ 101.667177788338151, 12.674404112152764 ], [ 101.667175907699303, 12.674223450463659 ], [ 101.667267904408391, 12.674222527162685 ], [ 101.667269785111927, 12.674403188838211 ], [ 101.667177788338151, 12.674404112152764 ] ], [ [ 101.667173086795415, 12.673952457924891 ], [ 101.667171206229114, 12.673771796228971 ], [ 101.667263202776525, 12.673770872961962 ], [ 101.6672650834075, 12.673951534644292 ], [ 101.667173086795415, 12.673952457924891 ] ], [ [ 101.658128548338013, 12.662389095398272 ], [ 101.658312534620407, 12.662387256712632 ], [ 101.658318152463409, 12.66292924617556 ], [ 101.658134165793314, 12.662931084942423 ], [ 101.658128548338013, 12.662389095398272 ] ], [ [ 101.657944562026699, 12.662390933956999 ], [ 101.657942689728657, 12.662210270743099 ], [ 101.658126675910736, 12.662208432211443 ], [ 101.658128548338013, 12.662389095398272 ], [ 101.657944562026699, 12.662390933956999 ] ], [ [ 101.656085988566602, 12.66060267759655 ], [ 101.656269973874728, 12.66060084057748 ], [ 101.656271844749639, 12.66078150405942 ], [ 101.656087859312294, 12.660783341105548 ], [ 101.656085988566602, 12.66060267759655 ] ], [ [ 101.655718017863677, 12.660606351254017 ], [ 101.655714276975814, 12.660245024119662 ], [ 101.655898262083298, 12.660243187408478 ], [ 101.655900132642003, 12.660423850949963 ], [ 101.656084117849801, 12.660422014084835 ], [ 101.656085988566602, 12.66060267759655 ], [ 101.655718017863677, 12.660606351254017 ] ], [ [ 101.708657171724028, 12.716443149031853 ], [ 101.708381145465225, 12.716445970997793 ], [ 101.708380187353768, 12.7163556435068 ], [ 101.708196169875947, 12.716357524644319 ], [ 101.708195211836781, 12.716267197138846 ], [ 101.707827176922493, 12.716270959003952 ], [ 101.707826219020504, 12.716180631470205 ], [ 101.707642201584036, 12.716182512197795 ], [ 101.707641243754324, 12.716092184649579 ], [ 101.707181200196473, 12.716096885876492 ], [ 101.707183115538783, 12.716277541041194 ], [ 101.707091106740194, 12.71627848120478 ], [ 101.707095895062608, 12.716730119139013 ], [ 101.707187904023456, 12.716729178940955 ], [ 101.70718886174248, 12.716819506518853 ], [ 101.707280870728411, 12.716818566282038 ], [ 101.707281828487268, 12.716908893852356 ], [ 101.707649864487095, 12.71690513255888 ], [ 101.70765082238313, 12.716995460100931 ], [ 101.70792684940298, 12.716992638775569 ], [ 101.707927807403749, 12.71708296629625 ], [ 101.708019816428077, 12.717082025783839 ], [ 101.708020774468665, 12.717172353296933 ], [ 101.708112783518075, 12.717171412745763 ], [ 101.708113741598495, 12.717261740251278 ], [ 101.708297759740134, 12.717259859039547 ], [ 101.708298717892831, 12.717350186530584 ], [ 101.70839072698503, 12.717349245870023 ], [ 101.70839168517756, 12.717439573353476 ], [ 101.708667712507335, 12.717436751159916 ], [ 101.708668670804585, 12.717527078621988 ], [ 101.709036707270897, 12.717523315223536 ], [ 101.709034790424113, 12.717342660353889 ], [ 101.709126799457351, 12.71734171943841 ], [ 101.709123924145118, 12.717070737149497 ], [ 101.709215933073608, 12.717069796222853 ], [ 101.709213057730381, 12.71679881394847 ], [ 101.709121048899235, 12.716799754854415 ], [ 101.709119132105513, 12.716619099987604 ], [ 101.708935114550911, 12.716620981676309 ], [ 101.708934156230015, 12.716530654228075 ], [ 101.70865812994019, 12.716533476501468 ], [ 101.708657171724028, 12.716443149031853 ] ], [ [ 101.712261819243011, 12.717941999693222 ], [ 101.712169810233405, 12.717942941740445 ], [ 101.712168850665975, 12.717852614544098 ], [ 101.711984832689552, 12.717854498529126 ], [ 101.711982913706635, 12.717673844106743 ], [ 101.711890904772261, 12.717674786037648 ], [ 101.711888985883789, 12.717494131598707 ], [ 101.711612959231118, 12.717496957158792 ], [ 101.711611999895311, 12.717406629917578 ], [ 101.71151999102878, 12.717407571700305 ], [ 101.71152095033213, 12.717497898948427 ], [ 101.710692869909224, 12.717506373621193 ], [ 101.710693828927859, 12.717596700930768 ], [ 101.71050981091004, 12.717598583854674 ], [ 101.710510769871135, 12.717688911177373 ], [ 101.710050724535222, 12.717693617964009 ], [ 101.710056477483079, 12.718235582092849 ], [ 101.710424514545508, 12.718231816561621 ], [ 101.710425473525802, 12.718322143886416 ], [ 101.71060949207768, 12.718320260915796 ], [ 101.71061045113025, 12.718410588226105 ], [ 101.710702460427584, 12.718409646686091 ], [ 101.710703419519987, 12.718499973988813 ], [ 101.710795428842388, 12.718499032410023 ], [ 101.710796387974639, 12.718589359705156 ], [ 101.710888397322123, 12.718588418087601 ], [ 101.710884560707584, 12.718227108930579 ], [ 101.710976569917875, 12.718226167308771 ], [ 101.710975610750225, 12.718135840024706 ], [ 101.711159629083724, 12.718133956699296 ], [ 101.711158669858548, 12.718043629428353 ], [ 101.71125067898177, 12.718042687724756 ], [ 101.711249719731526, 12.71795236046003 ], [ 101.711801774121213, 12.71794670961067 ], [ 101.711802733566202, 12.718037036833964 ], [ 101.711894742637782, 12.718036094907301 ], [ 101.711895702122618, 12.718126422122998 ], [ 101.711987711219265, 12.718125480157561 ], [ 101.711988670743935, 12.71821580736567 ], [ 101.712080679865664, 12.718214865361459 ], [ 101.712086437363425, 12.718756828554262 ], [ 101.712546483835041, 12.718752117847997 ], [ 101.712547443606127, 12.718842445009859 ], [ 101.712915480780367, 12.718838675843585 ], [ 101.712912601099774, 12.718567694438837 ], [ 101.71282059191465, 12.718568636757482 ], [ 101.712818672229417, 12.718387982470405 ], [ 101.712726663101847, 12.718388924743364 ], [ 101.71272474351106, 12.718208270439726 ], [ 101.712632734441002, 12.718209212667002 ], [ 101.712631774689129, 12.718118885507247 ], [ 101.712539765644166, 12.718119827695748 ], [ 101.712538805932141, 12.718029500528399 ], [ 101.712262778850274, 12.718032326881982 ], [ 101.712261819243011, 12.717941999693222 ] ], [ [ 101.712581040245112, 12.722003895243112 ], [ 101.712305008878346, 12.722006722508514 ], [ 101.712304048946265, 12.721916395349927 ], [ 101.712212038508383, 12.721917337701067 ], [ 101.71221107861615, 12.721827010534884 ], [ 101.711659016028619, 12.721832663930883 ], [ 101.71165997572605, 12.721922991138506 ], [ 101.711199923204489, 12.721927701459769 ], [ 101.711200882746965, 12.722018028701228 ], [ 101.710188766193042, 12.722028388678829 ], [ 101.710187807007713, 12.721938061361435 ], [ 101.710003785785119, 12.721939944565525 ], [ 101.710001867566433, 12.721759289901067 ], [ 101.709909857009009, 12.721760231441493 ], [ 101.709907938884768, 12.721579576760488 ], [ 101.709815928384899, 12.721580518255237 ], [ 101.709809215409607, 12.720948226801818 ], [ 101.709901225682231, 12.720947285355377 ], [ 101.709898348706062, 12.720676303314333 ], [ 101.710082369034382, 12.720674420367239 ], [ 101.710081409992142, 12.720584093032654 ], [ 101.710173420112781, 12.7205831515182 ], [ 101.710171501985513, 12.72040249686078 ], [ 101.710079491929818, 12.720403438361432 ], [ 101.710074696903064, 12.719951801671373 ], [ 101.710166706796457, 12.71995086020523 ], [ 101.710165747780778, 12.719860532872065 ], [ 101.710073737919842, 12.719861474331307 ], [ 101.710067025243788, 12.719229182931629 ], [ 101.709975015602708, 12.719230124310688 ], [ 101.709973097826563, 12.719049469605096 ], [ 101.709881088243023, 12.719050410938481 ], [ 101.709880129398485, 12.718960083577752 ], [ 101.709788119840013, 12.718961024872367 ], [ 101.709787161035308, 12.718870697504054 ], [ 101.709695151501933, 12.718871638759898 ], [ 101.709694192737047, 12.718781311384001 ], [ 101.709602183228753, 12.718782252601077 ], [ 101.7096012245037, 12.718691925217589 ], [ 101.709509215020503, 12.7186928663959 ], [ 101.709508256335269, 12.718602539004825 ], [ 101.709416246877154, 12.718603480144365 ], [ 101.709415288231781, 12.718513152745706 ], [ 101.70932327879872, 12.718514093846478 ], [ 101.709322320193166, 12.718423766440235 ], [ 101.709138301369876, 12.718425648532374 ], [ 101.709137342836613, 12.718335321111649 ], [ 101.709045333446369, 12.718336262103016 ], [ 101.709044374952938, 12.718245934674702 ], [ 101.70886035621524, 12.718247816548043 ], [ 101.708859397794086, 12.718157489105247 ], [ 101.708767388446631, 12.718158429987216 ], [ 101.708766430065324, 12.71806810253684 ], [ 101.708490402076094, 12.718070924970856 ], [ 101.708489443799522, 12.717980597499096 ], [ 101.708397434487495, 12.717981538239803 ], [ 101.708396476250741, 12.717891210760463 ], [ 101.708212457669489, 12.717893092132487 ], [ 101.708211499505012, 12.717802764638664 ], [ 101.708027480959203, 12.717804645869426 ], [ 101.708026522867016, 12.717714318361127 ], [ 101.707842504356606, 12.717716199450635 ], [ 101.707841546336709, 12.717625871927854 ], [ 101.707657527861741, 12.717627752876108 ], [ 101.707656569914121, 12.71753742533885 ], [ 101.707472551474595, 12.71753930614585 ], [ 101.707471593599251, 12.717448978594122 ], [ 101.707287575195153, 12.717450859259868 ], [ 101.707286617392086, 12.717360531693666 ], [ 101.707102599023429, 12.717362412218161 ], [ 101.707101641292638, 12.71727208463748 ], [ 101.706917622959409, 12.71727396502073 ], [ 101.706916665300895, 12.717183637425579 ], [ 101.706640637843194, 12.717186457740789 ], [ 101.706639680289399, 12.71709613012427 ], [ 101.706547671154553, 12.71709707015872 ], [ 101.706546713640591, 12.717006742534624 ], [ 101.706270686289187, 12.717009562426103 ], [ 101.70626972887996, 12.716919234780645 ], [ 101.706177719780555, 12.716920174673854 ], [ 101.706176762411133, 12.716829847020817 ], [ 101.705808726069662, 12.716833606247439 ], [ 101.705807768837431, 12.716743278566154 ], [ 101.705715759766107, 12.716744218286259 ], [ 101.705714802573681, 12.716653890597399 ], [ 101.705346766344562, 12.716657649131625 ], [ 101.705345809289312, 12.716567321414518 ], [ 101.705253800246084, 12.716568260961527 ], [ 101.705252843230653, 12.716477933236845 ], [ 101.704884807113899, 12.716481691078691 ], [ 101.704883850235646, 12.716391363325769 ], [ 101.704791841220498, 12.716392302699687 ], [ 101.704790884382049, 12.716301974939189 ], [ 101.704422848377703, 12.716305732088678 ], [ 101.704425718525712, 12.716576715450763 ], [ 101.704517727635192, 12.716575776190524 ], [ 101.704518684398366, 12.716666103969629 ], [ 101.704702702660171, 12.716664225339784 ], [ 101.704703659495607, 12.716754553104426 ], [ 101.704979686930457, 12.716751734900019 ], [ 101.704980643870613, 12.716842062643309 ], [ 101.705072653033298, 12.716841123171223 ], [ 101.705073610013272, 12.716931450906944 ], [ 101.705441646720189, 12.716927692672403 ], [ 101.705442603837341, 12.71701802037988 ], [ 101.705718631387569, 12.717015201348733 ], [ 101.705719588609441, 12.717105529034855 ], [ 101.706087625369804, 12.717101769852995 ], [ 101.706088582728867, 12.717192097510864 ], [ 101.706272601129768, 12.717190217714965 ], [ 101.706273558561108, 12.717280545358365 ], [ 101.706365567782967, 12.717279605405727 ], [ 101.706366525254126, 12.717369933041555 ], [ 101.70673456219771, 12.717366172884775 ], [ 101.706735519806045, 12.717456500492345 ], [ 101.70691953829855, 12.717454620208985 ], [ 101.706920495979162, 12.717544947802079 ], [ 101.707012505246823, 12.717544007605701 ], [ 101.707013462967254, 12.717634335191221 ], [ 101.707105472260011, 12.717633394956087 ], [ 101.707106430020261, 12.717723722534027 ], [ 101.707290448648564, 12.717721841954374 ], [ 101.707291406481104, 12.717812169517838 ], [ 101.707475425144835, 12.717810288796931 ], [ 101.707476383049666, 12.717900616345922 ], [ 101.707568392402933, 12.717899675930774 ], [ 101.707569350347583, 12.717990003472181 ], [ 101.707845378460533, 12.717987182014854 ], [ 101.707846336509931, 12.71807750953489 ], [ 101.707938345898626, 12.718076568978486 ], [ 101.707939303987843, 12.718166896490938 ], [ 101.708123322808063, 12.718165015268738 ], [ 101.708124280969542, 12.718255342766714 ], [ 101.708308299825205, 12.718253461403251 ], [ 101.708309258058975, 12.718343788886743 ], [ 101.708493276950065, 12.718341907382015 ], [ 101.708494235256126, 12.718432234851036 ], [ 101.708586244723065, 12.718431294043972 ], [ 101.708587203068944, 12.718521621505404 ], [ 101.708771222045627, 12.718519739781879 ], [ 101.708772180463811, 12.718610067228832 ], [ 101.708956199475921, 12.718608185364038 ], [ 101.708957157966381, 12.718698512796509 ], [ 101.709141177013905, 12.718696630790443 ], [ 101.70914213557667, 12.718786958208428 ], [ 101.709326154659621, 12.71878507606109 ], [ 101.709327113294677, 12.718875403464594 ], [ 101.70941912285754, 12.718874462336222 ], [ 101.709420081532414, 12.718964789732137 ], [ 101.709604100700957, 12.71896290736599 ], [ 101.709606018202692, 12.719143562128165 ], [ 101.709698027840815, 12.719142620883485 ], [ 101.709700904246077, 12.719413603000902 ], [ 101.709792913974212, 12.719412661703652 ], [ 101.709794831679517, 12.719593316431364 ], [ 101.709702821886466, 12.719594257742417 ], [ 101.709709533860106, 12.720226549316132 ], [ 101.709617523832435, 12.720227490643618 ], [ 101.70962519484226, 12.720950109599075 ], [ 101.709533184547524, 12.720951050949896 ], [ 101.709535102308791, 12.721131705695706 ], [ 101.70944309194175, 12.721132647028449 ], [ 101.709447886311665, 12.721584283915474 ], [ 101.709539896841036, 12.721583342548229 ], [ 101.709541814705545, 12.721763997284443 ], [ 101.709633825292471, 12.721763055871522 ], [ 101.709635743251425, 12.721943710591185 ], [ 101.709819764533023, 12.721941827642109 ], [ 101.709820723588493, 12.72203215498711 ], [ 101.709912734250693, 12.722031213457857 ], [ 101.70991369334601, 12.722121540795273 ], [ 101.710005704033307, 12.722120599227241 ], [ 101.710006663168457, 12.72221092655707 ], [ 101.71009867388085, 12.722209984950256 ], [ 101.710099633055847, 12.7223003122725 ], [ 101.710283654523437, 12.722298428949436 ], [ 101.710284613770739, 12.722388756257189 ], [ 101.710560646014187, 12.722385931012811 ], [ 101.71056160536628, 12.722476258299169 ], [ 101.710837637640736, 12.722473432747181 ], [ 101.710836678191228, 12.722383105481532 ], [ 101.711112710301876, 12.722380279663355 ], [ 101.711111750762356, 12.722289952417738 ], [ 101.711479793343358, 12.722286184241502 ], [ 101.711478833681326, 12.722195857022815 ], [ 101.711662854862638, 12.722193972757246 ], [ 101.711661895143052, 12.722103645551686 ], [ 101.712489989801298, 12.722095164840878 ], [ 101.712490949813073, 12.722185491984277 ], [ 101.712582960326216, 12.722184549516784 ], [ 101.712581040245112, 12.722003895243112 ] ], [ [ 101.705477064958814, 12.720269817392683 ], [ 101.705478979745351, 12.720450472756239 ], [ 101.705570990169562, 12.720449532849232 ], [ 101.705569075318067, 12.720268877499452 ], [ 101.706305157927133, 12.720261357206207 ], [ 101.706304200252745, 12.720171029585417 ], [ 101.706488220766431, 12.720169149207164 ], [ 101.706487263034475, 12.720078821599477 ], [ 101.706211232350284, 12.720081642098371 ], [ 101.706210274723077, 12.719991314469322 ], [ 101.706486305309895, 12.719988493991103 ], [ 101.706485347592675, 12.719898166382048 ], [ 101.706577357741082, 12.71989722616579 ], [ 101.706576399998767, 12.71980689856294 ], [ 101.706668410107355, 12.719805958321704 ], [ 101.706667452339929, 12.719715630725059 ], [ 101.706575442263812, 12.719716570959401 ], [ 101.706574484536233, 12.719626243355179 ], [ 101.706390464426804, 12.719628123714466 ], [ 101.706389506771515, 12.719537796095775 ], [ 101.706297496738216, 12.719538736220716 ], [ 101.706298454361061, 12.7196290638463 ], [ 101.706114434207436, 12.71963094401436 ], [ 101.70611347664952, 12.719540616374992 ], [ 101.705469406107127, 12.719547195911032 ], [ 101.705470363437811, 12.719637523598637 ], [ 101.705378353298414, 12.719638463411764 ], [ 101.705377396000188, 12.719548135717272 ], [ 101.705101365635187, 12.719550954944758 ], [ 101.705102322836026, 12.71964128265992 ], [ 101.70501031266717, 12.719642222345561 ], [ 101.705009355498788, 12.71955189462351 ], [ 101.704457294525838, 12.719557532026744 ], [ 101.704458251499446, 12.719647859790124 ], [ 101.704366241279075, 12.719648799252667 ], [ 101.70437581109546, 12.720552076917663 ], [ 101.704467821640463, 12.720551137386241 ], [ 101.704468778695045, 12.720641465142089 ], [ 101.704560789265159, 12.720640525571907 ], [ 101.704561746359559, 12.720730853320179 ], [ 101.704653756954784, 12.720729913711235 ], [ 101.704652799827912, 12.720639585969854 ], [ 101.704744810383303, 12.720638646335928 ], [ 101.704743853231321, 12.720548318600747 ], [ 101.704835863746879, 12.720547378941836 ], [ 101.704834906569815, 12.720457051212858 ], [ 101.705018927513919, 12.720455171813191 ], [ 101.705017970279272, 12.720364844097308 ], [ 101.705294001542839, 12.720362024779424 ], [ 101.705293044218166, 12.720271697083522 ], [ 101.705477064958814, 12.720269817392683 ] ], [ [ 101.7061201797096, 12.720172909836181 ], [ 101.706028169426972, 12.720173849913754 ], [ 101.706027211857332, 12.720083522271608 ], [ 101.706119222107489, 12.720082582200925 ], [ 101.7061201797096, 12.720172909836181 ] ], [ [ 101.705759798578086, 12.720899291233138 ], [ 101.705575777427129, 12.720901171211683 ], [ 101.705574819960887, 12.720810843540564 ], [ 101.705758841046901, 12.720808963575799 ], [ 101.705757883523106, 12.720718635917775 ], [ 101.705941904514731, 12.7207167558393 ], [ 101.705942862103456, 12.720807083483541 ], [ 101.706034872620705, 12.7208061433896 ], [ 101.706033914999495, 12.72071581575225 ], [ 101.706125925476897, 12.720714875633329 ], [ 101.706129756135738, 12.721076186151048 ], [ 101.706221766735638, 12.721075245972687 ], [ 101.706223682174183, 12.721255901213651 ], [ 101.706407703481744, 12.721254020733729 ], [ 101.706408661276996, 12.7213443483394 ], [ 101.706500671952185, 12.721343408044735 ], [ 101.706499714124462, 12.721253080445956 ], [ 101.706683735387827, 12.721251199774784 ], [ 101.706678946035098, 12.720799561839545 ], [ 101.706586935569419, 12.720800502156603 ], [ 101.706585019944811, 12.720619846963926 ], [ 101.70667703034556, 12.720618906660652 ], [ 101.70667607251184, 12.720528579070177 ], [ 101.706584062143577, 12.720529519366558 ], [ 101.706583104349676, 12.720439191768502 ], [ 101.706491094006495, 12.720440132026118 ], [ 101.706490136252441, 12.720349804420485 ], [ 101.706306115608911, 12.720351684826309 ], [ 101.706307073298035, 12.720442012445723 ], [ 101.705939031792724, 12.720445772902462 ], [ 101.705939989359351, 12.72053610054876 ], [ 101.705663958055652, 12.72053892057732 ], [ 101.705664915532253, 12.720629248243604 ], [ 101.705388884064888, 12.720632068005974 ], [ 101.705389841451463, 12.720722395692245 ], [ 101.705205820371461, 12.720724275388235 ], [ 101.705207735036879, 12.720904930786281 ], [ 101.705299745645476, 12.720903990940441 ], [ 101.705302617796207, 12.721174974011698 ], [ 101.705210607090208, 12.721175913878206 ], [ 101.705211564456036, 12.721266241574142 ], [ 101.705303575194506, 12.721265301700747 ], [ 101.705305490013188, 12.721445957076783 ], [ 101.705397500809241, 12.721445017157738 ], [ 101.705398458262081, 12.721535344837838 ], [ 101.70549046908323, 12.721534404880021 ], [ 101.705491426575918, 12.721624732552547 ], [ 101.705583437422149, 12.721623792555965 ], [ 101.705582479897004, 12.721533464890332 ], [ 101.705674490703416, 12.72153252486876 ], [ 101.70567353315316, 12.721442197209329 ], [ 101.705857554678971, 12.721440317084348 ], [ 101.705855639470684, 12.721259661790988 ], [ 101.706039660837163, 12.721257781566072 ], [ 101.706035830249263, 12.720896471026267 ], [ 101.705943819699556, 12.720897411127096 ], [ 101.705944777303031, 12.720987738769965 ], [ 101.705760756116604, 12.720989618889794 ], [ 101.705759798578086, 12.720899291233138 ] ], [ [ 101.705854681877597, 12.721169334143285 ], [ 101.70585372429187, 12.721079006494893 ], [ 101.705945734913854, 12.721078066412154 ], [ 101.705946692532052, 12.721168394053654 ], [ 101.705854681877597, 12.721169334143285 ] ], [ [ 101.7106689672882, 12.723920552858406 ], [ 101.710760978565887, 12.723919610897287 ], [ 101.710757140469823, 12.723558301846854 ], [ 101.710665129322038, 12.723559243780359 ], [ 101.710663210383217, 12.723378589237218 ], [ 101.710571199293, 12.723379531125035 ], [ 101.710569280448638, 12.723198876565348 ], [ 101.710477269415975, 12.72319981840748 ], [ 101.710476310037322, 12.723109491119706 ], [ 101.710384299029755, 12.723110432923054 ], [ 101.710382380359533, 12.72292977833164 ], [ 101.710290369409535, 12.722930720089302 ], [ 101.710288450833758, 12.722750065481339 ], [ 101.710104429041493, 12.722751948873425 ], [ 101.710105388260757, 12.722842276191548 ], [ 101.710197399193049, 12.722841334504547 ], [ 101.710201236273733, 12.723202643742592 ], [ 101.710109225211554, 12.723203585457203 ], [ 101.710110184467709, 12.723293912771902 ], [ 101.709926162256281, 12.72329579611929 ], [ 101.709928080660816, 12.723476450774241 ], [ 101.70983606947911, 12.723477392413914 ], [ 101.709835110305619, 12.723387065079882 ], [ 101.709559076813662, 12.723389889786922 ], [ 101.709563872267736, 12.723841526553739 ], [ 101.709655883601471, 12.723840584982106 ], [ 101.709657801899667, 12.724021239670225 ], [ 101.709749813290955, 12.724020298052904 ], [ 101.709751731683625, 12.724200952724489 ], [ 101.710027766008068, 12.724198127639829 ], [ 101.710022969594675, 12.723746491059254 ], [ 101.710114980859046, 12.72374554933511 ], [ 101.710115940159454, 12.723835876645698 ], [ 101.710207951448908, 12.723834934882772 ], [ 101.710209870136779, 12.724015589488078 ], [ 101.710301881483829, 12.724014647679466 ], [ 101.710300922103727, 12.723924320384057 ], [ 101.710392933410915, 12.723923378550468 ], [ 101.710393892823475, 12.724013705838972 ], [ 101.710669926798204, 12.724010880126199 ], [ 101.7106689672882, 12.723920552858406 ] ], [ [ 101.709929999094854, 12.723657105426442 ], [ 101.709929039874154, 12.723566778100681 ], [ 101.710021051080943, 12.723565836422223 ], [ 101.710022010334129, 12.723656163741083 ], [ 101.709929999094854, 12.723657105426442 ] ], [ [ 101.705718545975969, 12.725687596461578 ], [ 101.705717588086955, 12.725597268833681 ], [ 101.705625575819312, 12.725598209165328 ], [ 101.70562461797013, 12.725507881529857 ], [ 101.705716630205302, 12.725506941205101 ], [ 101.705714714464094, 12.725326285945879 ], [ 101.705806726626946, 12.72532534560302 ], [ 101.705808642433112, 12.725506000848462 ], [ 101.705900654653547, 12.725505060459934 ], [ 101.705898738782437, 12.725324405228275 ], [ 101.706082763071308, 12.725322524383127 ], [ 101.706084679072333, 12.725503179587221 ], [ 101.706176691270684, 12.725502239103037 ], [ 101.706174775204701, 12.725321583912725 ], [ 101.706266787330733, 12.725320643410438 ], [ 101.706265829276305, 12.725230315821147 ], [ 101.70635784136249, 12.725229375293868 ], [ 101.706355925210801, 12.725048720127015 ], [ 101.706539949231157, 12.725046839004367 ], [ 101.706537074864016, 12.724775856290304 ], [ 101.706629086765716, 12.724774915701831 ], [ 101.706631003068054, 12.724955570831442 ], [ 101.706999050861, 12.724951808103565 ], [ 101.706998092576242, 12.724861480566677 ], [ 101.707090104473593, 12.724860539811887 ], [ 101.707088187861231, 12.724679884749843 ], [ 101.707180199686249, 12.724678943976963 ], [ 101.707181158021228, 12.724769271501435 ], [ 101.707273169871343, 12.724768330689772 ], [ 101.707272211503891, 12.724678003172196 ], [ 101.707364223314187, 12.724677062335545 ], [ 101.70736518171411, 12.724767389846226 ], [ 101.707641217198159, 12.724764567124287 ], [ 101.70764025870082, 12.724674239634291 ], [ 101.707732270481628, 12.724673298670105 ], [ 101.707727477943081, 12.724221661244327 ], [ 101.707635466324632, 12.724222602174031 ], [ 101.707633549425751, 12.724041947185128 ], [ 101.707357514721068, 12.724044769741578 ], [ 101.707359431425104, 12.724225424771856 ], [ 101.707175408121913, 12.724227306344325 ], [ 101.707176366420043, 12.72431763387222 ], [ 101.707084354724913, 12.724318574617527 ], [ 101.707085312997933, 12.724408902151636 ], [ 101.706625254249431, 12.724413605434382 ], [ 101.706627170492837, 12.724594260569479 ], [ 101.705891075592561, 12.724601784274219 ], [ 101.705892033465503, 12.724692111895875 ], [ 101.705800021537343, 12.724693052222381 ], [ 101.705800979385188, 12.724783379850246 ], [ 101.705340919471567, 12.72478808103897 ], [ 101.705339961786095, 12.724697753376654 ], [ 101.705063925846986, 12.724700573686606 ], [ 101.705064883435043, 12.724790901369589 ], [ 101.704972871408131, 12.72479184141603 ], [ 101.704973828971063, 12.724882169105213 ], [ 101.705065841030446, 12.724881229051885 ], [ 101.705067756243338, 12.725061884414426 ], [ 101.705159768360318, 12.725060944315434 ], [ 101.705164556683812, 12.725512582675334 ], [ 101.705256568955804, 12.725511642510014 ], [ 101.705257526675084, 12.725601970173045 ], [ 101.705349538972186, 12.725601029968946 ], [ 101.705355285637282, 12.726142995891411 ], [ 101.705539310599136, 12.72614111530487 ], [ 101.705540268467388, 12.726231442942439 ], [ 101.705632280969738, 12.726230502594442 ], [ 101.705631323069028, 12.726140174963769 ], [ 101.705815347986686, 12.726138294185901 ], [ 101.70581439002838, 12.726047966568327 ], [ 101.705722377605696, 12.726048906966311 ], [ 101.705721419687222, 12.725958579341155 ], [ 101.70581343207742, 12.725957638950062 ], [ 101.705812474133822, 12.725867311331115 ], [ 101.705996498827162, 12.725865430467042 ], [ 101.705994582832162, 12.725684775254653 ], [ 101.705718545975969, 12.725687596461578 ] ], [ [ 101.709761324089399, 12.725104226041246 ], [ 101.709669312308407, 12.725105167741376 ], [ 101.7096673938332, 12.724924513069711 ], [ 101.709299346895321, 12.724928279496186 ], [ 101.709301265110724, 12.725108934223055 ], [ 101.709117241467638, 12.725110817272588 ], [ 101.709118200521445, 12.725201144648791 ], [ 101.709026188656367, 12.725202086132628 ], [ 101.709027147685077, 12.725292413515048 ], [ 101.708935135780152, 12.7252933549739 ], [ 101.708934176783927, 12.72520302758458 ], [ 101.708842164904084, 12.725203969004648 ], [ 101.708843123867851, 12.725294296400866 ], [ 101.708659100021123, 12.725296179159143 ], [ 101.708660058927293, 12.725386506568471 ], [ 101.708568046960409, 12.72538744790668 ], [ 101.708569005841468, 12.725477775322222 ], [ 101.708476993834722, 12.725478716635443 ], [ 101.7084779526907, 12.725569044057195 ], [ 101.708569964729918, 12.725568102737077 ], [ 101.708572841439491, 12.725839084977526 ], [ 101.708664853568777, 12.725838143604827 ], [ 101.708667730442144, 12.726109125818407 ], [ 101.708759742661485, 12.726108184393125 ], [ 101.708760701666492, 12.726198511789384 ], [ 101.708852713910957, 12.726197570325319 ], [ 101.708853672955826, 12.726287897713991 ], [ 101.708945685225373, 12.726286956211139 ], [ 101.708946644310089, 12.726377283592226 ], [ 101.709130668892058, 12.726375400477052 ], [ 101.70912779146515, 12.726104418373126 ], [ 101.709219803647628, 12.726103476788408 ], [ 101.709215007921216, 12.725651839969311 ], [ 101.709307019933945, 12.725650898387206 ], [ 101.709309897445095, 12.725921880460021 ], [ 101.709401909547879, 12.725920938825332 ], [ 101.709400950337624, 12.725830611475311 ], [ 101.70949296240056, 12.725829669815633 ], [ 101.709493921643258, 12.725919997158746 ], [ 101.709769957885229, 12.725917171967689 ], [ 101.709768998545073, 12.725826844645271 ], [ 101.709861010578493, 12.725825902858045 ], [ 101.709854295176626, 12.725193611630232 ], [ 101.709762283370537, 12.72519455336915 ], [ 101.709761324089399, 12.725104226041246 ] ], [ [ 101.709122995901126, 12.725652781519532 ], [ 101.7091201186512, 12.725381799399145 ], [ 101.70921213057386, 12.725380857869622 ], [ 101.709215007921216, 12.725651839969311 ], [ 101.709122995901126, 12.725652781519532 ] ], [ [ 101.709210212379162, 12.725200203133067 ], [ 101.709302224229504, 12.725199261585463 ], [ 101.709304142489145, 12.725379916308215 ], [ 101.70921213057386, 12.725380857869622 ], [ 101.709210212379162, 12.725200203133067 ] ], [ [ 101.705733873201879, 12.727132838414681 ], [ 101.705825886014324, 12.727131897934001 ], [ 101.705826844061022, 12.727222225543352 ], [ 101.70628690817513, 12.727217522627148 ], [ 101.706284991764278, 12.727036867476677 ], [ 101.706377004500041, 12.727035926811551 ], [ 101.706375088053676, 12.726855271672127 ], [ 101.70646710071712, 12.726854330988893 ], [ 101.706468058969094, 12.726944658552055 ], [ 101.706560071657634, 12.726943717830038 ], [ 101.706558155096104, 12.726763062716813 ], [ 101.706650167712311, 12.726762121976696 ], [ 101.706652084338828, 12.726942777076134 ], [ 101.70683610967906, 12.726940895472655 ], [ 101.706838026464979, 12.727121550541778 ], [ 101.707206077316926, 12.727117786896988 ], [ 101.707204160271161, 12.726937131883018 ], [ 101.707112147634206, 12.726938072828261 ], [ 101.707111189154844, 12.726847745313355 ], [ 101.707203201759341, 12.726846804375004 ], [ 101.707201284757801, 12.72666614935692 ], [ 101.707293297289965, 12.726665208400474 ], [ 101.707292338767758, 12.726574880897298 ], [ 101.707200326268079, 12.726575821846852 ], [ 101.707197450843168, 12.726304839312526 ], [ 101.707105438433544, 12.726305780209506 ], [ 101.70710256317237, 12.726034797648323 ], [ 101.706918538525926, 12.72603667930526 ], [ 101.706919496873994, 12.726127006840127 ], [ 101.706643459751618, 12.726129829107055 ], [ 101.706644418009617, 12.72622015666192 ], [ 101.706552405588283, 12.726221097360678 ], [ 101.706553363821158, 12.72631142492175 ], [ 101.70636933889142, 12.72631330623739 ], [ 101.706370297066712, 12.726403633811563 ], [ 101.706278284558323, 12.726404574428441 ], [ 101.706279242708504, 12.726494902008817 ], [ 101.706187230160268, 12.726495842600702 ], [ 101.706185313932224, 12.726315187425479 ], [ 101.706001288943554, 12.726317068486019 ], [ 101.70600224698893, 12.726407396087755 ], [ 101.705818221905844, 12.726409277034522 ], [ 101.705819179893624, 12.726499604649355 ], [ 101.705727167308552, 12.726500545081796 ], [ 101.705731957195539, 12.726952183180142 ], [ 101.705823969943012, 12.726951242713245 ], [ 101.705824927974973, 12.727041570323966 ], [ 101.705732915195014, 12.727042510797753 ], [ 101.705733873201879, 12.727132838414681 ] ], [ [ 101.70637125524938, 12.726493961385044 ], [ 101.706374129841564, 12.726764944101383 ], [ 101.706282117203244, 12.726765884745834 ], [ 101.706279242708504, 12.726494902008817 ], [ 101.70637125524938, 12.726493961385044 ] ], [ [ 101.70646518423527, 12.726673675860509 ], [ 101.706463267782894, 12.72649302072938 ], [ 101.706555280309033, 12.72649208004183 ], [ 101.706557196826367, 12.726672735159173 ], [ 101.70646518423527, 12.726673675860509 ] ], [ [ 101.715074242159872, 12.731463707049004 ], [ 101.715166255819014, 12.731462763008638 ], [ 101.715167217508466, 12.731553089887161 ], [ 101.715443258539011, 12.731550257553911 ], [ 101.715441334972539, 12.731369603837667 ], [ 101.715349321368066, 12.731370547966817 ], [ 101.715340665977266, 12.730557606147512 ], [ 101.715248652657834, 12.730558550182527 ], [ 101.715246729383935, 12.730377896423525 ], [ 101.715154716122086, 12.730378840412811 ], [ 101.715153754528714, 12.730288513525364 ], [ 101.715245767758077, 12.730287569542991 ], [ 101.715244806139609, 12.730197242661774 ], [ 101.715428832511193, 12.730195354615166 ], [ 101.715427870835128, 12.730105027747092 ], [ 101.715795923359607, 12.730101251298771 ], [ 101.715796885165631, 12.730191578139182 ], [ 101.715888898310752, 12.730190633940442 ], [ 101.715890822009939, 12.730371287605369 ], [ 101.716258874776443, 12.730367510436102 ], [ 101.716256950817353, 12.730186856826514 ], [ 101.716348963925512, 12.730185912468286 ], [ 101.716348001924572, 12.73009558566938 ], [ 101.7162559888489, 12.730096530020687 ], [ 101.716255026887836, 12.730006203214177 ], [ 101.71616301383726, 12.730007147526671 ], [ 101.716161090002288, 12.729826493897756 ], [ 101.716069077009294, 12.729827438164518 ], [ 101.716068115135386, 12.729737111342112 ], [ 101.716160128095893, 12.729736167082269 ], [ 101.716157242421076, 12.729465186631689 ], [ 101.716249255276722, 12.729464242360702 ], [ 101.71624733146551, 12.729283588737383 ], [ 101.716339344248794, 12.729282644448336 ], [ 101.716337420402184, 12.729101990836108 ], [ 101.716245407683857, 12.729102935111319 ], [ 101.716243483931805, 12.728922281482511 ], [ 101.716151471271061, 12.728923225711995 ], [ 101.71614954761354, 12.728742572066606 ], [ 101.716057535010378, 12.728743516250361 ], [ 101.716055611447402, 12.728562862588392 ], [ 101.715963598901823, 12.72856380672642 ], [ 101.715959751994504, 12.728202499366581 ], [ 101.715867739571465, 12.728203443445047 ], [ 101.715866777895613, 12.728113116596454 ], [ 101.715774765497656, 12.728114060636113 ], [ 101.71577380386168, 12.728023733779915 ], [ 101.715681791488819, 12.728024677780764 ], [ 101.715675060471284, 12.727392389719768 ], [ 101.715583048318408, 12.727393333640311 ], [ 101.715581125302023, 12.72721267988859 ], [ 101.715489113206729, 12.727213623763415 ], [ 101.715487190284875, 12.727032969995115 ], [ 101.715395178247149, 12.727033913824219 ], [ 101.715394216829793, 12.726943586932125 ], [ 101.715302204817149, 12.726944530722426 ], [ 101.715301243439654, 12.726854203822731 ], [ 101.71511721945717, 12.726856091293829 ], [ 101.715116258152037, 12.726765764379621 ], [ 101.715024246182168, 12.726766708060422 ], [ 101.71502328491691, 12.72667638113861 ], [ 101.714931272972137, 12.726677324780608 ], [ 101.714930311746741, 12.726586997851197 ], [ 101.714838299827079, 12.726587941454394 ], [ 101.714837338641544, 12.726497614517379 ], [ 101.714745326746964, 12.726498558081776 ], [ 101.714744365601305, 12.726408231137164 ], [ 101.71437631807899, 12.726412005048211 ], [ 101.714377279094734, 12.72650233202048 ], [ 101.714101243277966, 12.726505162139686 ], [ 101.714100282359666, 12.726414835146681 ], [ 101.713272174802825, 12.726423323720148 ], [ 101.713271214184218, 12.72633299666426 ], [ 101.713087190266407, 12.726334882649333 ], [ 101.713086229720133, 12.726244555578937 ], [ 101.712994217782636, 12.726245498516736 ], [ 101.712993257276239, 12.726155171438744 ], [ 101.712901245363838, 12.726156114337746 ], [ 101.712900284897287, 12.726065787252157 ], [ 101.712808273009969, 12.726066730112359 ], [ 101.712807312583294, 12.725976403019178 ], [ 101.712715300721072, 12.725977345840588 ], [ 101.712714340334244, 12.725887018739813 ], [ 101.712622328497119, 12.725887961522426 ], [ 101.712618487153591, 12.725526653084831 ], [ 101.712526475438992, 12.725527595807925 ], [ 101.712525515154056, 12.725437268689904 ], [ 101.712617526836169, 12.725436325973718 ], [ 101.712614645928198, 12.725165344636258 ], [ 101.712706657505521, 12.725164401908911 ], [ 101.712704736872183, 12.724983747694328 ], [ 101.712796748377158, 12.724982804948914 ], [ 101.712793867385088, 12.72471182364262 ], [ 101.712885878785272, 12.72471088088605 ], [ 101.712882037435989, 12.724349572495685 ], [ 101.712974048698882, 12.724348629734868 ], [ 101.712968286701653, 12.7238066671702 ], [ 101.713060297762325, 12.723805724418957 ], [ 101.713057416765977, 12.723534743148091 ], [ 101.713149427721859, 12.723533800385697 ], [ 101.713139824556009, 12.722630529507322 ], [ 101.713047813924831, 12.722631472200623 ], [ 101.71304493321648, 12.722360490903005 ], [ 101.712952922675314, 12.722361433543702 ], [ 101.712951962486443, 12.722271106436217 ], [ 101.712859951970358, 12.722272049038127 ], [ 101.712858991821335, 12.722181721923047 ], [ 101.712582960326216, 12.722184549516784 ], [ 101.712583920377838, 12.722274876652589 ], [ 101.712767941446899, 12.722272991608159 ], [ 101.712769861702185, 12.722453645850081 ], [ 101.712861872290574, 12.72245270326623 ], [ 101.712864752826277, 12.722723684603242 ], [ 101.712956763504693, 12.722722741966789 ], [ 101.712957723730483, 12.722813069070845 ], [ 101.712865713019596, 12.72281401171421 ], [ 101.712869553866767, 12.723175320151213 ], [ 101.712777543018632, 12.723176262790334 ], [ 101.712778503216413, 12.72326658990478 ], [ 101.71287051409702, 12.723265647258748 ], [ 101.712871474334662, 12.7233559743656 ], [ 101.712779463421569, 12.723356917018538 ], [ 101.712782344081361, 12.723627898355698 ], [ 101.712690333063492, 12.723628840997481 ], [ 101.71269609438761, 12.72417080369474 ], [ 101.712604083167506, 12.724171746346096 ], [ 101.712607924068038, 12.724533054824846 ], [ 101.712515912710671, 12.724533997471951 ], [ 101.712519753599409, 12.724895305967365 ], [ 101.712427742104765, 12.724896248610218 ], [ 101.712430622751441, 12.725167229995296 ], [ 101.712338611151964, 12.725168172626988 ], [ 101.712341491767646, 12.725439154026617 ], [ 101.712249480063377, 12.725440096647146 ], [ 101.712250440250884, 12.725530423785894 ], [ 101.712158428506754, 12.725531366381444 ], [ 101.712159388669193, 12.72562169352641 ], [ 101.712067376885187, 12.725622636096984 ], [ 101.712068337022515, 12.725712963248169 ], [ 101.711884313367435, 12.725714848307472 ], [ 101.711885273447194, 12.725805175471788 ], [ 101.710781130506987, 12.725816483232025 ], [ 101.710782090204376, 12.725906810478515 ], [ 101.710506054205865, 12.725909636721841 ], [ 101.710507013813213, 12.725999963988354 ], [ 101.710230977650866, 12.726002789965404 ], [ 101.710231937168146, 12.72609311725194 ], [ 101.710139925066812, 12.726094059187423 ], [ 101.710140884558996, 12.726184386480174 ], [ 101.709956860269216, 12.726186270269274 ], [ 101.709957819703831, 12.726276597575147 ], [ 101.709865807515385, 12.726277539428763 ], [ 101.709866766924904, 12.726367866740851 ], [ 101.709774754696596, 12.726368808569486 ], [ 101.709775714081005, 12.726459135887785 ], [ 101.70968370181285, 12.726460077691431 ], [ 101.709684661172162, 12.726550405015949 ], [ 101.70959264886416, 12.726551346794611 ], [ 101.709593608198347, 12.726641674125341 ], [ 101.709501595850497, 12.726642615879012 ], [ 101.709502555159588, 12.726732943215957 ], [ 101.709410542771877, 12.726733884944641 ], [ 101.709412461347213, 12.726914539630277 ], [ 101.709320448887169, 12.726915481340871 ], [ 101.709322367427049, 12.727096136037563 ], [ 101.709230354894686, 12.727097077730068 ], [ 101.709235151211033, 12.727548714494301 ], [ 101.709143138508864, 12.727549656189408 ], [ 101.709146016289722, 12.727820638260413 ], [ 101.709238029089335, 12.727819696544604 ], [ 101.709237069789197, 12.727729369195186 ], [ 101.709329082548962, 12.72772842745438 ], [ 101.709323326708073, 12.727186463384884 ], [ 101.709415339265561, 12.727185521653587 ], [ 101.709414379952065, 12.727095194313168 ], [ 101.709506392469706, 12.727094252556885 ], [ 101.709505433131113, 12.727003925222684 ], [ 101.709597445608892, 12.727002983441409 ], [ 101.709596486245204, 12.726912656113422 ], [ 101.709688498683121, 12.726911714307159 ], [ 101.709687539294308, 12.726821386985385 ], [ 101.709779551692392, 12.726820445154136 ], [ 101.709777632871948, 12.726639790522331 ], [ 101.709869645197671, 12.726638848672996 ], [ 101.70986772634177, 12.726458194052251 ], [ 101.709959738595174, 12.726457252184831 ], [ 101.709958779145808, 12.726366924880331 ], [ 101.710234815764295, 12.726364099107439 ], [ 101.710233856224875, 12.726273771822958 ], [ 101.71041788053536, 12.726271887828728 ], [ 101.710418840139738, 12.726362215099405 ], [ 101.710602864485679, 12.72636033096382 ], [ 101.710601904816329, 12.726270003706951 ], [ 101.710693916945743, 12.726269061598225 ], [ 101.710692957251311, 12.726178734347576 ], [ 101.711429053761194, 12.726171196385083 ], [ 101.711428093814305, 12.726080869188984 ], [ 101.712164189592031, 12.726073329240952 ], [ 101.712163229392701, 12.725983002099419 ], [ 101.712347253198345, 12.725981116807354 ], [ 101.712348213462647, 12.726071443935076 ], [ 101.712440225386885, 12.726070501234307 ], [ 101.712441185691034, 12.726160828354436 ], [ 101.712533197640354, 12.726159885614871 ], [ 101.712534157984365, 12.726250212727404 ], [ 101.712626169958796, 12.726249269949045 ], [ 101.712629051132552, 12.726520251261809 ], [ 101.712445026981456, 12.726522136828088 ], [ 101.712445987322525, 12.726612463944788 ], [ 101.712261963076926, 12.726614349397332 ], [ 101.712262923360413, 12.726704676527159 ], [ 101.712078899020341, 12.726706561865964 ], [ 101.712079859246245, 12.726796889008922 ], [ 101.711803822583306, 12.726799716798681 ], [ 101.71180478271917, 12.726890043961673 ], [ 101.711712770450944, 12.726890986501386 ], [ 101.711713730561712, 12.726981313670596 ], [ 101.71162171825361, 12.726982256185329 ], [ 101.711622678339268, 12.72707258336076 ], [ 101.711438653636009, 12.727074468308368 ], [ 101.711439613664083, 12.727164795496925 ], [ 101.711347601268898, 12.727165737929802 ], [ 101.711348561271876, 12.727256065124575 ], [ 101.711256548836829, 12.72725700753246 ], [ 101.71125846879994, 12.727437661933763 ], [ 101.71116645629256, 12.727438604323574 ], [ 101.711167416252692, 12.727528931530104 ], [ 101.711075403705451, 12.727529873894923 ], [ 101.711076363640487, 12.727620201107669 ], [ 101.710984351053369, 12.727621143447506 ], [ 101.710986270880639, 12.727801797884748 ], [ 101.710894258221174, 12.727802740206499 ], [ 101.710895218113393, 12.727893067430998 ], [ 101.710803205414081, 12.727894009727764 ], [ 101.710805125155673, 12.728074664188503 ], [ 101.710713112384013, 12.728075606467184 ], [ 101.710715991954302, 12.728346588173865 ], [ 101.710439953302682, 12.728349414880686 ], [ 101.710440913076752, 12.728439742135579 ], [ 101.71071695182583, 12.728436915408048 ], [ 101.710717911704734, 12.728527242641551 ], [ 101.710809924638824, 12.728526300328351 ], [ 101.710808964727434, 12.728435973101753 ], [ 101.710900977621662, 12.728435030763563 ], [ 101.710900017685177, 12.728344703543186 ], [ 101.711084043386521, 12.728342818784931 ], [ 101.711083083392438, 12.728252491577678 ], [ 101.711175096199554, 12.728251549157617 ], [ 101.711174136180361, 12.728161221956578 ], [ 101.711450174459998, 12.728158394525755 ], [ 101.711451134576635, 12.728248721706079 ], [ 101.711819185642739, 12.7282449513242 ], [ 101.711818225396158, 12.728154624171498 ], [ 101.711910238111756, 12.728153681503203 ], [ 101.711906397069342, 12.72779237291317 ], [ 101.711814384483674, 12.727793315553839 ], [ 101.711813424274013, 12.727702988397709 ], [ 101.7115373865702, 12.727705816107651 ], [ 101.711538346682431, 12.727796143284499 ], [ 101.711354321444688, 12.727798028278814 ], [ 101.711352401357559, 12.727617373896814 ], [ 101.711720451543655, 12.727613603835859 ], [ 101.711719491381231, 12.727523276671453 ], [ 101.711811503876831, 12.727522334083394 ], [ 101.711810543689296, 12.727432006925204 ], [ 101.711994568593369, 12.727430121667227 ], [ 101.711993608348251, 12.727339794522164 ], [ 101.71217763315785, 12.727337909150441 ], [ 101.712176672855165, 12.727247582018508 ], [ 101.712268685216387, 12.727246639291717 ], [ 101.712266764568199, 12.727065985039607 ], [ 101.7124507891386, 12.727064099517989 ], [ 101.712448868390013, 12.726883445290765 ], [ 101.712540880599178, 12.726882502495936 ], [ 101.712539920203483, 12.726792175388207 ], [ 101.712999980976136, 12.72678746097027 ], [ 101.713000941534233, 12.72687778804346 ], [ 101.713461002284674, 12.726873072793756 ], [ 101.713461963012563, 12.726963399831709 ], [ 101.713553975172971, 12.726962456679189 ], [ 101.713553014412611, 12.72687212964815 ], [ 101.713921062850474, 12.726868356746829 ], [ 101.713920101967574, 12.726778029742746 ], [ 101.714656198228852, 12.726770482464747 ], [ 101.714657159371598, 12.726860809413528 ], [ 101.714749171403497, 12.726859865853367 ], [ 101.714751093776087, 12.727040519735045 ], [ 101.714843105865569, 12.727039576129165 ], [ 101.714845028332675, 12.727220229994272 ], [ 101.714661004016435, 12.727222117201796 ], [ 101.714660042844145, 12.727131790255761 ], [ 101.714568030707426, 12.727132733804773 ], [ 101.714567069574997, 12.727042406851135 ], [ 101.71401499679439, 12.727048067434062 ], [ 101.714015957731931, 12.727138394429179 ], [ 101.713923945543485, 12.727139337754966 ], [ 101.713924906455929, 12.727229664756303 ], [ 101.714016918676862, 12.727228721423604 ], [ 101.714019801555963, 12.727499702402769 ], [ 101.714111813866936, 12.727498759017443 ], [ 101.714112774873897, 12.72758908600221 ], [ 101.714572836480372, 12.727584368562667 ], [ 101.714571875311009, 12.727494041612459 ], [ 101.714847912088786, 12.727491210786786 ], [ 101.714845989577327, 12.727310556925797 ], [ 101.715030013928967, 12.727308669576885 ], [ 101.715030975245966, 12.727398996493895 ], [ 101.715122987443181, 12.727398052764688 ], [ 101.715123948800056, 12.727488379674098 ], [ 101.715215961022366, 12.727487435906088 ], [ 101.715218845234759, 12.727758416609451 ], [ 101.715310857547124, 12.727757472788804 ], [ 101.715311818998515, 12.727847799681639 ], [ 101.715219806653678, 12.727848743509199 ], [ 101.715222690954747, 12.728119724204326 ], [ 101.715130678505076, 12.728120668020741 ], [ 101.715131639921054, 12.728210994924659 ], [ 101.715223652403225, 12.72821005110133 ], [ 101.715224613859093, 12.728300377997646 ], [ 101.715316626366359, 12.728299434135513 ], [ 101.715317587862103, 12.728389761024225 ], [ 101.715409600394466, 12.728388817123284 ], [ 101.715416331299011, 12.729021105276667 ], [ 101.71560035679633, 12.72901921728228 ], [ 101.715599395151401, 12.728928890419118 ], [ 101.715783420554189, 12.728927002310986 ], [ 101.715784382264104, 12.729017329160317 ], [ 101.715968407702292, 12.729015440910779 ], [ 101.715972254875737, 12.729376748245908 ], [ 101.715880242030394, 12.729377692414293 ], [ 101.715881203809758, 12.729468019253279 ], [ 101.715789190924525, 12.729468963396684 ], [ 101.715790152678792, 12.7295592902419 ], [ 101.71542210093402, 12.729563066524234 ], [ 101.715424024204822, 12.72974372026793 ], [ 101.715147985123707, 12.729746552186267 ], [ 101.715148946672727, 12.729836879077835 ], [ 101.714780894331156, 12.729840654550063 ], [ 101.714781855757622, 12.7299309814686 ], [ 101.714689842621254, 12.729931925263831 ], [ 101.714690804022624, 12.73002225218859 ], [ 101.714506777662763, 12.730024139697187 ], [ 101.714507739006535, 12.730114466635095 ], [ 101.714323712552144, 12.730116354029926 ], [ 101.714324673838334, 12.730206680980974 ], [ 101.714232660567561, 12.730207624637456 ], [ 101.71423362182864, 12.73029795159473 ], [ 101.714141608517991, 12.730298895226227 ], [ 101.714143530997347, 12.730479549152532 ], [ 101.714051517614337, 12.730480492765958 ], [ 101.714053440058251, 12.730661146703346 ], [ 101.713961426602879, 12.730662090298699 ], [ 101.713968155161893, 12.731294379106313 ], [ 101.714152182520152, 12.731292491786943 ], [ 101.714154105162052, 12.73147314569815 ], [ 101.714062091421624, 12.731474089387612 ], [ 101.714064014028082, 12.731654743309898 ], [ 101.714340055422156, 12.731651912104338 ], [ 101.714341978253131, 12.731832565982407 ], [ 101.71452600594219, 12.731830678324876 ], [ 101.714529851952761, 12.732191986017463 ], [ 101.714345824003729, 12.732193873730301 ], [ 101.714346785459867, 12.732284200665562 ], [ 101.714438799470557, 12.73228325681818 ], [ 101.714440722469973, 12.732463910672811 ], [ 101.714348708394283, 12.732464854534014 ], [ 101.714349669872576, 12.732555181467214 ], [ 101.714717726261, 12.732551405803319 ], [ 101.714713879872235, 12.732190098177018 ], [ 101.714805893820881, 12.732189154208942 ], [ 101.71480300900943, 12.731918173502754 ], [ 101.714710995158256, 12.731919117450088 ], [ 101.714709072052557, 12.731738463628702 ], [ 101.71461705825898, 12.731739407530304 ], [ 101.714616096749708, 12.731649080611671 ], [ 101.714524082981242, 12.731650024474462 ], [ 101.714523121511846, 12.731559697548226 ], [ 101.715075203816838, 12.731554033934447 ], [ 101.715074242159872, 12.731463707049004 ] ], [ [ 101.714337171231094, 12.731380931282091 ], [ 101.714335248474015, 12.731200277397164 ], [ 101.714427262094787, 12.731199333632741 ], [ 101.714429184916867, 12.731379987503843 ], [ 101.714337171231094, 12.731380931282091 ] ], [ [ 101.716953011979399, 12.735057889528912 ], [ 101.716951086796286, 12.734877236087584 ], [ 101.717503175162321, 12.734871565961008 ], [ 101.717505100735465, 12.735052219319293 ], [ 101.717689130261633, 12.735050328994141 ], [ 101.717686241717999, 12.734779348997211 ], [ 101.717502212386833, 12.734781239280837 ], [ 101.717501249618763, 12.734690912599978 ], [ 101.717409234974582, 12.734691857687006 ], [ 101.717408272246416, 12.734601530998539 ], [ 101.717316257627346, 12.734602476046739 ], [ 101.717314332258169, 12.734421822653903 ], [ 101.717222317696709, 12.734422767656355 ], [ 101.717221355055713, 12.734332440951986 ], [ 101.71712934051935, 12.734333385915606 ], [ 101.717127415324569, 12.734152732490973 ], [ 101.717035400845816, 12.734153677408845 ], [ 101.717034438292018, 12.734063350688579 ], [ 101.716942423838361, 12.734064295567624 ], [ 101.716940498817962, 12.733883642111191 ], [ 101.716848484421902, 12.733884586944493 ], [ 101.716847521955302, 12.733794260208324 ], [ 101.716755507584338, 12.733795205002801 ], [ 101.71675358273832, 12.733614551514572 ], [ 101.716661568424968, 12.733615496263301 ], [ 101.716660606045536, 12.733525169511235 ], [ 101.716384563158627, 12.733528003545235 ], [ 101.716383600884086, 12.733437676771729 ], [ 101.716199572320832, 12.733439565954361 ], [ 101.716200534530358, 12.733529892741704 ], [ 101.715464419721599, 12.733537448251345 ], [ 101.715463457772046, 12.733447121408672 ], [ 101.715279429060942, 12.733449009953194 ], [ 101.715283276643504, 12.733810317375097 ], [ 101.715743349015838, 12.733805595636186 ], [ 101.71574431109245, 12.733895922455369 ], [ 101.715836325577243, 12.733894978004949 ], [ 101.715839211948946, 12.734165958437618 ], [ 101.715747197366653, 12.73416690290879 ], [ 101.715748159472852, 12.734257229725225 ], [ 101.715656144850669, 12.734258174171403 ], [ 101.715659031116104, 12.734529154637338 ], [ 101.715751045835773, 12.734528210170406 ], [ 101.715752007971545, 12.734618536984096 ], [ 101.71584402271634, 12.734617592478347 ], [ 101.715844984891987, 12.73470791928443 ], [ 101.716029014424393, 12.734706030163368 ], [ 101.716028052183731, 12.734615703371114 ], [ 101.716120066906342, 12.734614758769636 ], [ 101.716119104640569, 12.734524431983617 ], [ 101.716579177980208, 12.734519708532185 ], [ 101.716577253145857, 12.734339055027267 ], [ 101.716669267726587, 12.734338110255093 ], [ 101.716670230172568, 12.734428437000979 ], [ 101.716762244778423, 12.734427492189976 ], [ 101.716764169757568, 12.734608145665847 ], [ 101.716580140408482, 12.734610035283618 ], [ 101.71658302773767, 12.734881015533784 ], [ 101.716767057281757, 12.734879125874501 ], [ 101.716769944872524, 12.735150106076979 ], [ 101.716861959730991, 12.735149161178716 ], [ 101.716862922308536, 12.735239487904584 ], [ 101.716954937192099, 12.735238542967492 ], [ 101.716956862434387, 12.735419196403324 ], [ 101.717140892309359, 12.735417306405733 ], [ 101.717137041594341, 12.735055999586676 ], [ 101.716953011979399, 12.735057889528912 ] ], [ [ 101.716859072042723, 12.734878180997001 ], [ 101.716858109494751, 12.734787854268388 ], [ 101.716950124215828, 12.734786909365894 ], [ 101.716951086796286, 12.734877236087584 ], [ 101.716859072042723, 12.734878180997001 ] ], [ [ 101.716393223962186, 12.734340944475893 ], [ 101.716392261621095, 12.734250617708563 ], [ 101.716300247050683, 12.734251562378098 ], [ 101.716299284749482, 12.734161235603164 ], [ 101.716575328341065, 12.734158401519602 ], [ 101.716577253145857, 12.734339055027267 ], [ 101.716393223962186, 12.734340944475893 ] ], [ [ 101.716856184421019, 12.734607200809101 ], [ 101.716857146954197, 12.734697527539089 ], [ 101.716765132258246, 12.734698472402755 ], [ 101.716764169757568, 12.734608145665847 ], [ 101.716856184421019, 12.734607200809101 ] ], [ [ 101.72069723212266, 12.740981610175107 ], [ 101.720881265436816, 12.740979716765439 ], [ 101.7208783721114, 12.740708737610937 ], [ 101.720786355555575, 12.740709684310943 ], [ 101.720785391161101, 12.740619357917806 ], [ 101.720693374630386, 12.740620304578959 ], [ 101.720694338992345, 12.740710630979024 ], [ 101.720510305843661, 12.740712524219417 ], [ 101.720509341546745, 12.740622197805491 ], [ 101.720325308433459, 12.74062409090433 ], [ 101.720326272665346, 12.740714417332113 ], [ 101.719682156307982, 12.740721042220942 ], [ 101.71968119230371, 12.740630715744668 ], [ 101.718853042460935, 12.740639231098008 ], [ 101.71885207875674, 12.740548904558713 ], [ 101.718668045441959, 12.740550796494441 ], [ 101.718669009081125, 12.740641123047586 ], [ 101.7184849756717, 12.740643014869471 ], [ 101.718488830042233, 12.741004321130552 ], [ 101.718580846880712, 12.741003375207878 ], [ 101.718582774175431, 12.741184028320449 ], [ 101.71867479107155, 12.741183082352 ], [ 101.718677682166685, 12.741454061994933 ], [ 101.71886171613184, 12.741452169920715 ], [ 101.718862679910075, 12.741542496453137 ], [ 101.719046713910672, 12.741540604237365 ], [ 101.719045750067394, 12.741450277718794 ], [ 101.719505834776726, 12.741445546655285 ], [ 101.719504870778266, 12.741355220170657 ], [ 101.719688904545137, 12.741353327535624 ], [ 101.719687940489038, 12.741263001064157 ], [ 101.720056007803848, 12.741259215438692 ], [ 101.720055043625081, 12.741168888994251 ], [ 101.720423110691314, 12.741165102885686 ], [ 101.720422146389893, 12.741074776468272 ], [ 101.720698196514249, 12.741071936572423 ], [ 101.72069723212266, 12.740981610175107 ] ], [ [ 101.722711308675386, 12.714131014448663 ], [ 101.722717086806611, 12.714672973006014 ], [ 101.722625079775881, 12.714673918443198 ], [ 101.722626042791234, 12.714764244873956 ], [ 101.721981993141512, 12.714770862090786 ], [ 101.72198295593715, 12.714861188569387 ], [ 101.72189094878226, 12.714862133765584 ], [ 101.721891911552873, 12.714952460250426 ], [ 101.721799904358122, 12.714953405421696 ], [ 101.721801829856673, 12.715134058403194 ], [ 101.721893837116312, 12.715133113218059 ], [ 101.721896725517027, 12.71540409266437 ], [ 101.721988732866606, 12.715403147426585 ], [ 101.721990658569027, 12.7155838003735 ], [ 101.722082665976089, 12.715582855089989 ], [ 101.722084591773026, 12.715763508020293 ], [ 101.722176599237585, 12.715762562691062 ], [ 101.72217756217961, 12.715852889148255 ], [ 101.723005629319232, 12.715844379689109 ], [ 101.7230085190659, 12.716115358869363 ], [ 101.723100526586165, 12.716114413193802 ], [ 101.723099563297396, 12.716024086808005 ], [ 101.7231915707778, 12.716023141107518 ], [ 101.723189644157628, 12.715842488347734 ], [ 101.723281651565728, 12.715841542629256 ], [ 101.723261423162384, 12.713944688631493 ], [ 101.723077409701531, 12.713946579745324 ], [ 101.723078372819842, 12.714036906146898 ], [ 101.722894359264458, 12.714038797147177 ], [ 101.722895322325286, 12.714129123561936 ], [ 101.722711308675386, 12.714131014448663 ] ], [ [ 101.725303884584989, 12.715640076318978 ], [ 101.725395891757657, 12.715639129881618 ], [ 101.725394927694751, 12.715548803665831 ], [ 101.725486934827558, 12.715547857203555 ], [ 101.725485970739626, 12.715457530994019 ], [ 101.725577977832572, 12.715456584506827 ], [ 101.725577013719615, 12.715366258303549 ], [ 101.725669020772699, 12.715365311791436 ], [ 101.725668056634717, 12.715274985594414 ], [ 101.725760063647925, 12.715274039057389 ], [ 101.725758135329315, 12.715093386675166 ], [ 101.725850142270218, 12.715092440120165 ], [ 101.725849178089589, 12.715002113934966 ], [ 101.725573157341984, 12.715004953483577 ], [ 101.725572193266117, 12.714914627276867 ], [ 101.725296172549093, 12.714917466517942 ], [ 101.725297136527615, 12.715007792745473 ], [ 101.725113122614289, 12.715009685427452 ], [ 101.725112158700654, 12.714919359186043 ], [ 101.7247441309148, 12.714923144139959 ], [ 101.724743167138357, 12.714832817870107 ], [ 101.723915104478422, 12.714841332090355 ], [ 101.723914141001401, 12.714751005757375 ], [ 101.723822134034577, 12.714751951615625 ], [ 101.723823097479141, 12.714842277955546 ], [ 101.723731090472441, 12.714843223788877 ], [ 101.723733017318921, 12.715023876480522 ], [ 101.72364101023993, 12.71502482229587 ], [ 101.723648717662741, 12.715747433090513 ], [ 101.723740725001321, 12.715746487219675 ], [ 101.723741688494982, 12.715836813558985 ], [ 101.723925703214789, 12.715834921707858 ], [ 101.72392666678077, 12.715925248032608 ], [ 101.724386703612808, 12.715920517812572 ], [ 101.72438573988461, 12.715830191522508 ], [ 101.724477747196332, 12.715829245389861 ], [ 101.724478710956987, 12.715919571672988 ], [ 101.724570718293734, 12.715918625501541 ], [ 101.724571682094265, 12.716008951777036 ], [ 101.723743615504532, 12.71601746623554 ], [ 101.723744579020433, 12.716107792572787 ], [ 101.724664653296429, 12.716098331834669 ], [ 101.72466561714424, 12.716188658101856 ], [ 101.724757624563495, 12.716187711845876 ], [ 101.724756660683255, 12.716097385585625 ], [ 101.724940675434652, 12.716095492991965 ], [ 101.72493971149693, 12.716005166744909 ], [ 101.724847704157384, 12.716006113050728 ], [ 101.724846740259508, 12.715915786796051 ], [ 101.725030754866282, 12.715913894166425 ], [ 101.725029790910938, 12.715823567924934 ], [ 101.725213805423138, 12.715821675181754 ], [ 101.725212841410311, 12.715731348953454 ], [ 101.725304848622841, 12.715730402541018 ], [ 101.725303884584989, 12.715640076318978 ] ], [ [ 101.725682519483328, 12.716629878477713 ], [ 101.725314489409385, 12.716633664723695 ], [ 101.725315453528836, 12.716723990938187 ], [ 101.725223445959358, 12.716724937426969 ], [ 101.725225374155599, 12.716905589867778 ], [ 101.725133366513802, 12.71690653633858 ], [ 101.725134330590592, 12.716996862564894 ], [ 101.725226338264847, 12.716995916087154 ], [ 101.725227302381512, 12.717086242305843 ], [ 101.725135294674814, 12.717087188790522 ], [ 101.725138186971947, 12.71735816746329 ], [ 101.725046179160472, 12.717359113936929 ], [ 101.725044251019881, 12.717178461475227 ], [ 101.724860235504494, 12.717180354299153 ], [ 101.724857343543931, 12.716909375559812 ], [ 101.724581320507298, 12.716912214494284 ], [ 101.724579392765378, 12.716731561956323 ], [ 101.725039430798148, 12.716726830308948 ], [ 101.725038466776056, 12.716636504073636 ], [ 101.724946459216795, 12.716637450459894 ], [ 101.724945495234564, 12.716547124216955 ], [ 101.724853487700315, 12.716548070564411 ], [ 101.724854451650089, 12.71663839681429 ], [ 101.724486421309166, 12.716642181913265 ], [ 101.724485457489195, 12.716551855635631 ], [ 101.724209434753007, 12.716554694104504 ], [ 101.724206543629634, 12.716283715205048 ], [ 101.724114536133413, 12.716284661276804 ], [ 101.724115499801357, 12.716374987584246 ], [ 101.723839477170898, 12.716377825629165 ], [ 101.723843331527348, 12.71673913093532 ], [ 101.723935339208055, 12.716738184924463 ], [ 101.723936302848145, 12.716828511242349 ], [ 101.724028310553877, 12.716827565192689 ], [ 101.724031201616015, 12.717098544121423 ], [ 101.724123209411687, 12.717097598019091 ], [ 101.724125136888404, 12.717278250620943 ], [ 101.724217144741587, 12.717277304472873 ], [ 101.724219072312877, 12.717457957058102 ], [ 101.724495096022622, 12.717455118381091 ], [ 101.724497023818273, 12.717635770921948 ], [ 101.7245890317716, 12.717634824618674 ], [ 101.724589995713004, 12.717725150881137 ], [ 101.724774011662319, 12.717723258165119 ], [ 101.724774975676041, 12.717813584413014 ], [ 101.72486698367203, 12.717812638000272 ], [ 101.724861199506179, 12.717270680544232 ], [ 101.724953207300032, 12.717269734141256 ], [ 101.724956099446942, 12.717540712851548 ], [ 101.725048107330736, 12.717539766395893 ], [ 101.725047143241895, 12.717449440166755 ], [ 101.725139151085827, 12.717448493686179 ], [ 101.725141079335827, 12.717629146129891 ], [ 101.725785134489968, 12.717622519776503 ], [ 101.725775491264955, 12.716719258016353 ], [ 101.725683483732567, 12.716720204664444 ], [ 101.725682519483328, 12.716629878477713 ] ], [ [ 101.727243751615035, 12.716342803034891 ], [ 101.726783715121485, 12.716347538366735 ], [ 101.726784679737875, 12.716437864472212 ], [ 101.726600665023597, 12.716439758395817 ], [ 101.726601629582518, 12.716530084514494 ], [ 101.72641761477368, 12.716531978324541 ], [ 101.72641665027966, 12.716441652191975 ], [ 101.726324642896543, 12.716442599042265 ], [ 101.726323678442398, 12.716352272902069 ], [ 101.726231671084335, 12.716353219713557 ], [ 101.726232635506022, 12.716443545860693 ], [ 101.726048620702713, 12.716445439401971 ], [ 101.726049585066932, 12.716535765562305 ], [ 101.725957577621699, 12.716536712292093 ], [ 101.725958541960878, 12.716627038458686 ], [ 101.72586653447577, 12.716627985163557 ], [ 101.725877142339456, 12.717621573027134 ], [ 101.725969150181527, 12.717620626245905 ], [ 101.725970114609737, 12.717710952404261 ], [ 101.726062122476847, 12.717710005584223 ], [ 101.726059229117112, 12.71743902712792 ], [ 101.726151236879446, 12.717438080296848 ], [ 101.726152201357721, 12.717528406442693 ], [ 101.726244209145079, 12.717527459572816 ], [ 101.726245173663244, 12.717617785711029 ], [ 101.726337181475628, 12.717616838802345 ], [ 101.726336216925034, 12.717526512671069 ], [ 101.726612240220348, 12.717523671774661 ], [ 101.726609346320984, 12.717252693439214 ], [ 101.726517338660656, 12.717253640415718 ], [ 101.726512515805723, 12.716802009808193 ], [ 101.726604523303791, 12.716801062866409 ], [ 101.726607417091842, 12.717072041212152 ], [ 101.72669942467985, 12.717071094217671 ], [ 101.726700389323156, 12.717161420324606 ], [ 101.726884404541806, 12.717159526226174 ], [ 101.726887298710963, 12.717430504501184 ], [ 101.727071314094644, 12.717428610233638 ], [ 101.727072278897452, 12.717518936310046 ], [ 101.72698027117687, 12.717519883466695 ], [ 101.726981235954639, 12.717610209549363 ], [ 101.727073243707679, 12.717609262385768 ], [ 101.727075173350386, 12.717789914535151 ], [ 101.727259188963998, 12.717788020084591 ], [ 101.727257259191475, 12.717607367962989 ], [ 101.727441274645585, 12.717605473412753 ], [ 101.727432590452452, 12.716792538956581 ], [ 101.727248575582479, 12.716794433381796 ], [ 101.727249540398233, 12.716884759449119 ], [ 101.727157532919662, 12.71688570662088 ], [ 101.727155603360472, 12.716705054471657 ], [ 101.727063595939384, 12.716706001597665 ], [ 101.727060701753629, 12.716435023347854 ], [ 101.727244716393685, 12.716433129105644 ], [ 101.727243751615035, 12.716342803034891 ] ], [ [ 101.727160427314118, 12.717156684839564 ], [ 101.727158497710391, 12.716976032694458 ], [ 101.72725050522142, 12.716975085515752 ], [ 101.727252434890033, 12.717155737646967 ], [ 101.727160427314118, 12.717156684839564 ] ], [ [ 101.732491054426177, 12.716559740976596 ], [ 101.732583061376488, 12.71655879197775 ], [ 101.732584028059506, 12.716649117643227 ], [ 101.732676035034842, 12.716648168605568 ], [ 101.73267796848809, 12.716828819920545 ], [ 101.732585961447853, 12.716829768972122 ], [ 101.732591761791369, 12.717371722942321 ], [ 101.732683769026309, 12.717370773848991 ], [ 101.732686669395818, 12.717641750803949 ], [ 101.732962691348092, 12.717638903270146 ], [ 101.732963658250156, 12.717729228899543 ], [ 101.733055665585169, 12.717728279650924 ], [ 101.733054698650633, 12.717637954028485 ], [ 101.733146705945757, 12.717637004754961 ], [ 101.733145738986224, 12.717546679138795 ], [ 101.733513767962464, 12.717542881753918 ], [ 101.733512800880547, 12.717452556164908 ], [ 101.733696815259137, 12.717450657295212 ], [ 101.733697782405955, 12.7175409828703 ], [ 101.733973804015392, 12.717538134305906 ], [ 101.733972836771215, 12.717447808751706 ], [ 101.734064843927044, 12.717446859173476 ], [ 101.734063876657856, 12.71735653362555 ], [ 101.734155883773781, 12.717355584022423 ], [ 101.734154916479582, 12.71726525848077 ], [ 101.734062909396116, 12.717266208076936 ], [ 101.734059040423574, 12.716904905875621 ], [ 101.733967033462477, 12.716905855412074 ], [ 101.733966066270384, 12.716815529853069 ], [ 101.733874059334298, 12.716816479350697 ], [ 101.733872125037351, 12.716635828216695 ], [ 101.73378011815872, 12.716636777668541 ], [ 101.733782052390765, 12.716817428816466 ], [ 101.73304599657466, 12.71682502339563 ], [ 101.733045029714518, 12.716734697766318 ], [ 101.733137036685108, 12.716733748562397 ], [ 101.733136069799954, 12.716643422939363 ], [ 101.733228076730683, 12.716642473710541 ], [ 101.733225176022486, 12.716371496858207 ], [ 101.733133169189131, 12.716372446066147 ], [ 101.733132202333735, 12.716282120440367 ], [ 101.73258016137207, 12.716287814977205 ], [ 101.732581128032763, 12.716378140644739 ], [ 101.73184507274118, 12.716385731632048 ], [ 101.73184603914973, 12.716476057354562 ], [ 101.732490087783049, 12.716469415303472 ], [ 101.732491054426177, 12.716559740976596 ] ], [ [ 101.732769008758098, 12.716737545186922 ], [ 101.732768042002746, 12.716647219536048 ], [ 101.732952055916229, 12.716645321301428 ], [ 101.732951089103409, 12.71655499566379 ], [ 101.733043096016544, 12.716554046505646 ], [ 101.733045029714518, 12.716734697766318 ], [ 101.732769008758098, 12.716737545186922 ] ], [ [ 101.727901313150937, 12.717600736479559 ], [ 101.727993320829754, 12.71759978899733 ], [ 101.72799235569498, 12.717509462991067 ], [ 101.72808436333392, 12.717508515483923 ], [ 101.728085328501123, 12.717598841483236 ], [ 101.72836135147071, 12.717595998749777 ], [ 101.728360386206134, 12.717505672771308 ], [ 101.7287284165985, 12.717501882041732 ], [ 101.728729381992864, 12.717592207992409 ], [ 101.729005404806514, 12.71758936458982 ], [ 101.729004439314778, 12.717499038659993 ], [ 101.72909644687202, 12.717498090802353 ], [ 101.729094515845915, 12.717317438954534 ], [ 101.729186523330824, 12.717316491078931 ], [ 101.72918555779647, 12.717226165160946 ], [ 101.729277565241503, 12.717225217260429 ], [ 101.729278530808301, 12.717315543171466 ], [ 101.729370538278374, 12.717314595232139 ], [ 101.729372469499168, 12.717495247038253 ], [ 101.729280461964223, 12.717496194991483 ], [ 101.729281427553317, 12.717586520900459 ], [ 101.729833472846352, 12.717580832661435 ], [ 101.72983250706254, 12.717490506794164 ], [ 101.729924514552934, 12.717489558649758 ], [ 101.729925480369204, 12.717579884510076 ], [ 101.730109495392597, 12.717577988111769 ], [ 101.730110461281186, 12.717668313957496 ], [ 101.730202468814198, 12.717667365703596 ], [ 101.730201502893138, 12.717577039864819 ], [ 101.730385517871952, 12.717575143275335 ], [ 101.730381654002429, 12.717213839968991 ], [ 101.730473661350885, 12.717212891654267 ], [ 101.73047752535021, 12.717574194932798 ], [ 101.730569532821036, 12.717573246558398 ], [ 101.730570498871913, 12.717663572369357 ], [ 101.730478491368615, 12.717664520750715 ], [ 101.730479457394466, 12.717754846567939 ], [ 101.730571464930208, 12.71775389817963 ], [ 101.73057243099592, 12.717844223989221 ], [ 101.731492506269035, 12.717834738284099 ], [ 101.731491539878775, 12.717744412544057 ], [ 101.731675554779287, 12.717742515034578 ], [ 101.731674588331558, 12.717652189307767 ], [ 101.731766595738222, 12.71765124051219 ], [ 101.731765629265468, 12.717560914791644 ], [ 101.731305592320126, 12.717565658416119 ], [ 101.731303659721448, 12.717385006903404 ], [ 101.731671689032979, 12.7173812121232 ], [ 101.731670722614979, 12.717290886393643 ], [ 101.731762729891827, 12.717289937625893 ], [ 101.731760797013251, 12.717109286178628 ], [ 101.731668789801304, 12.717110234932461 ], [ 101.731667823405616, 12.717019909200841 ], [ 101.731759830585105, 12.717018960453963 ], [ 101.731754998555914, 12.716567331820343 ], [ 101.730558906752009, 12.716579662592498 ], [ 101.730561804681656, 12.716850640045982 ], [ 101.730469797470448, 12.716851588364753 ], [ 101.730468831518905, 12.716761262540658 ], [ 101.730008795513641, 12.716766003621837 ], [ 101.730009761302924, 12.716856329480697 ], [ 101.729917754047122, 12.716857277608304 ], [ 101.729916788290296, 12.716766951742489 ], [ 101.72964076657567, 12.716769795913279 ], [ 101.729641732235152, 12.716860121799948 ], [ 101.729365710356333, 12.716862965704841 ], [ 101.729364744794211, 12.716772639797322 ], [ 101.729088722945889, 12.716775483394612 ], [ 101.729089688410667, 12.716865809322984 ], [ 101.728905673743071, 12.716867704909106 ], [ 101.728906639150367, 12.716958030850686 ], [ 101.728814631772977, 12.716958978602902 ], [ 101.728813666398139, 12.716868652654373 ], [ 101.728721659045775, 12.716869600367778 ], [ 101.728720693710798, 12.716779274411609 ], [ 101.728536679048716, 12.716781169728943 ], [ 101.728538609596271, 12.716961821668386 ], [ 101.72844660218918, 12.716962769293156 ], [ 101.728445636944144, 12.716872443316829 ], [ 101.728353629562079, 12.716873390902792 ], [ 101.728354594774672, 12.716963716886065 ], [ 101.728262587352731, 12.716964664447113 ], [ 101.728260656999879, 12.716784012465977 ], [ 101.728168649635421, 12.716784959981268 ], [ 101.728172510241009, 12.717146263968583 ], [ 101.727804480189704, 12.717150053822284 ], [ 101.727805445229862, 12.717240379845187 ], [ 101.727897452786266, 12.717239432422607 ], [ 101.727901313150937, 12.717600736479559 ] ], [ [ 101.728630616995943, 12.716960874011752 ], [ 101.728631582313312, 12.717051199973499 ], [ 101.728539574881196, 12.717052147637078 ], [ 101.728538609596271, 12.716961821668386 ], [ 101.728630616995943, 12.716960874011752 ] ], [ [ 101.729555518867798, 12.717403025147393 ], [ 101.729739533820805, 12.717401129031797 ], [ 101.729740499564741, 12.717491454906709 ], [ 101.729556484546819, 12.717493351036209 ], [ 101.729555518867798, 12.717403025147393 ] ], [ [ 101.729463511380132, 12.717403973157397 ], [ 101.729462545740986, 12.717313647260948 ], [ 101.729554553196195, 12.717312699257896 ], [ 101.729555518867798, 12.717403025147393 ], [ 101.729463511380132, 12.717403973157397 ] ], [ [ 101.729831541286174, 12.717400180926205 ], [ 101.729830575517227, 12.717309855057561 ], [ 101.729738568084301, 12.717310803156201 ], [ 101.729737602355243, 12.71722047727992 ], [ 101.729921617148719, 12.71721858106468 ], [ 101.729923548744097, 12.71739923278875 ], [ 101.729831541286174, 12.717400180926205 ] ], [ [ 101.728634478309971, 12.717322177854609 ], [ 101.728633512970333, 12.717231851894928 ], [ 101.728725520459918, 12.717230904185588 ], [ 101.728726485832013, 12.717321230138317 ], [ 101.728634478309971, 12.717322177854609 ] ], [ [ 101.728910500853829, 12.717319334610151 ], [ 101.728909535416818, 12.717229008671318 ], [ 101.729001542884134, 12.71722806086639 ], [ 101.729002508353588, 12.717318386798274 ], [ 101.728910500853829, 12.717319334610151 ] ], [ [ 101.729460614484992, 12.717132995465992 ], [ 101.729459648868129, 12.71704266956748 ], [ 101.729551656225979, 12.71704172158528 ], [ 101.729552621875285, 12.71713204747684 ], [ 101.729460614484992, 12.717132995465992 ] ], [ [ 101.730380688053629, 12.717123514140692 ], [ 101.730379722112247, 12.717033188311699 ], [ 101.730471729395802, 12.717032240010884 ], [ 101.730472695369627, 12.717122565832918 ], [ 101.730380688053629, 12.717123514140692 ] ], [ [ 101.730747751201861, 12.71702939491726 ], [ 101.730745819081804, 12.716848743312854 ], [ 101.730929833452208, 12.716846846452281 ], [ 101.730931765702067, 12.717027498028866 ], [ 101.730747751201861, 12.71702939491726 ] ], [ [ 101.731299794613307, 12.717023703869746 ], [ 101.73129786210383, 12.7168430523488 ], [ 101.731481876385047, 12.716841155105895 ], [ 101.731483809024326, 12.717021806599018 ], [ 101.731299794613307, 12.717023703869746 ] ], [ [ 101.728574330083873, 12.72030388205285 ], [ 101.728572398986785, 12.720123230164203 ], [ 101.728664407522402, 12.720122282264365 ], [ 101.728660545287525, 12.719760978506626 ], [ 101.728476528468562, 12.719762874218842 ], [ 101.728475562993324, 12.719672548263796 ], [ 101.72783150412026, 12.719679182204056 ], [ 101.72783246936828, 12.719769508207731 ], [ 101.727648452415664, 12.719771403346311 ], [ 101.727650382804143, 12.7199520553794 ], [ 101.727558374251799, 12.719953002914778 ], [ 101.727557409086288, 12.719862676891628 ], [ 101.727465400558984, 12.719863624388191 ], [ 101.727464435433362, 12.719773298357408 ], [ 101.727096401379669, 12.719777087997175 ], [ 101.727095436391323, 12.719686761937929 ], [ 101.727003427891788, 12.719687709261255 ], [ 101.727004392847689, 12.719778035327447 ], [ 101.726820375761477, 12.719779929892377 ], [ 101.72681941087049, 12.719689603812297 ], [ 101.726727402348715, 12.719690551040015 ], [ 101.726728367207215, 12.71978087712704 ], [ 101.72663635864555, 12.719781824329832 ], [ 101.726639253168258, 12.720052802607626 ], [ 101.726547244501802, 12.720053749799382 ], [ 101.726548209325074, 12.720144075897549 ], [ 101.726640218024002, 12.720143128698849 ], [ 101.726642147757744, 12.720323780879241 ], [ 101.726826165263176, 12.720321886358459 ], [ 101.726827130206104, 12.720412212433734 ], [ 101.727471191468524, 12.720405580558456 ], [ 101.727468295980344, 12.72013460247641 ], [ 101.727560304605049, 12.720133654959012 ], [ 101.727561269792815, 12.720223980980101 ], [ 101.727653278442546, 12.720223033423887 ], [ 101.727654243670202, 12.720313359437341 ], [ 101.727562234988, 12.720314307000502 ], [ 101.727563200190616, 12.720404633020216 ], [ 101.728391278355289, 12.7203961037419 ], [ 101.72839031286054, 12.720305777784713 ], [ 101.728574330083873, 12.72030388205285 ] ], [ [ 101.729053688863075, 12.722105660205953 ], [ 101.729145698075726, 12.722104711993863 ], [ 101.729140868672161, 12.721653082544238 ], [ 101.729048859621827, 12.721654030721581 ], [ 101.729046927977322, 12.721473378923022 ], [ 101.728954918984499, 12.721474327054585 ], [ 101.72895395320586, 12.721384001147328 ], [ 101.728861944238062, 12.721384949240072 ], [ 101.728860978499299, 12.72129462332518 ], [ 101.728676960606379, 12.721296519401145 ], [ 101.728675994939962, 12.721206193471666 ], [ 101.728307959194836, 12.721209985213328 ], [ 101.72830892473138, 12.721300311170603 ], [ 101.728124906749343, 12.721302206864095 ], [ 101.728123941277715, 12.721211880892925 ], [ 101.728031932308028, 12.721212828684916 ], [ 101.728032897747184, 12.721303154663032 ], [ 101.727940888737606, 12.721304102430095 ], [ 101.727938957931627, 12.721123450459277 ], [ 101.727754940020034, 12.721125345869996 ], [ 101.727753974693115, 12.721035019869667 ], [ 101.727569956816751, 12.721036915139004 ], [ 101.727568991562165, 12.720946589124095 ], [ 101.727476982645328, 12.720947536704008 ], [ 101.727477947867428, 12.721037862725863 ], [ 101.7273859389107, 12.721038810280849 ], [ 101.72738497372103, 12.72094848425205 ], [ 101.727292964789342, 12.72094943176822 ], [ 101.727291034497227, 12.720768779694664 ], [ 101.727107016741414, 12.720770674603605 ], [ 101.727110877095612, 12.721131978803527 ], [ 101.726926859050408, 12.721133873640541 ], [ 101.726924928988311, 12.720953221514177 ], [ 101.726372875064115, 12.720958905176943 ], [ 101.726373839896681, 12.72104923128213 ], [ 101.726281830850894, 12.72105017845465 ], [ 101.726280866050786, 12.720959852342515 ], [ 101.726188857030024, 12.720960799476218 ], [ 101.726190786572715, 12.721141451713681 ], [ 101.726006768379094, 12.721143345913241 ], [ 101.726003874270958, 12.720872367514357 ], [ 101.725911865260414, 12.720873314545498 ], [ 101.725910900604987, 12.720782988404224 ], [ 101.725818891619483, 12.720783935396552 ], [ 101.725819856242438, 12.720874261544772 ], [ 101.725451820096353, 12.720878049223137 ], [ 101.725453749104815, 12.721058701573041 ], [ 101.72526973085742, 12.721060595248753 ], [ 101.725271659765681, 12.721241247623681 ], [ 101.725455678142936, 12.721239353920206 ], [ 101.725460500868053, 12.721690984776098 ], [ 101.725920547492962, 12.721686249786099 ], [ 101.725919582770786, 12.721595923651 ], [ 101.726011592041047, 12.721594976564321 ], [ 101.726009662554006, 12.721414324305945 ], [ 101.726101671751906, 12.721413377201277 ], [ 101.726102636524189, 12.721503703323863 ], [ 101.726194645747142, 12.72150275618038 ], [ 101.726195610559301, 12.721593082295337 ], [ 101.726747665936003, 12.721587398723418 ], [ 101.726745735929541, 12.721406746576134 ], [ 101.726929754199219, 12.721404851824946 ], [ 101.726927824092584, 12.721224199702698 ], [ 101.727295860283178, 12.7212204098734 ], [ 101.727297790649502, 12.721401061940091 ], [ 101.727021763322924, 12.721403904401544 ], [ 101.72702369352416, 12.721584556507159 ], [ 101.727115702705376, 12.721583609037992 ], [ 101.7271166678496, 12.721673935082821 ], [ 101.727208677055842, 12.721672987574836 ], [ 101.727207711879174, 12.721582661536949 ], [ 101.727299721045526, 12.721581714004035 ], [ 101.727300686254679, 12.721672040034976 ], [ 101.727392695446099, 12.721671092463241 ], [ 101.727393660695128, 12.721761418486551 ], [ 101.727485669911573, 12.721760470875996 ], [ 101.727483739355989, 12.721579818842581 ], [ 101.727667757636766, 12.721577923553639 ], [ 101.727672584406022, 12.72202955356256 ], [ 101.727856602981745, 12.722027658076652 ], [ 101.727855637548117, 12.721937332090134 ], [ 101.727763628296429, 12.721938279842078 ], [ 101.727762662902691, 12.721847953847925 ], [ 101.727854672121907, 12.721847006102927 ], [ 101.727853706703129, 12.721756680115039 ], [ 101.727945715882456, 12.721755732345112 ], [ 101.727946681333705, 12.721846058326056 ], [ 101.728038690538071, 12.721845110517307 ], [ 101.728037725054364, 12.721754784543313 ], [ 101.728129734218854, 12.721753836709642 ], [ 101.728125872228389, 12.721392532834574 ], [ 101.728217881255588, 12.721391584996818 ], [ 101.728223674480603, 12.721933540763606 ], [ 101.728315683695158, 12.721932592852292 ], [ 101.728316649291116, 12.722022918804072 ], [ 101.728132630789645, 12.722024814608728 ], [ 101.728131665258616, 12.721934488643051 ], [ 101.72803965602921, 12.721935436490618 ], [ 101.728041587033758, 12.722116088435181 ], [ 101.728133596328092, 12.722115140573717 ], [ 101.728134561873972, 12.72220546653802 ], [ 101.728686617678861, 12.722199778658171 ], [ 101.728685651938207, 12.722109452735559 ], [ 101.728961679642993, 12.722106608386166 ], [ 101.728962645481047, 12.722196934287927 ], [ 101.729054654733602, 12.722195986100765 ], [ 101.729053688863075, 12.722105660205953 ] ], [ [ 101.728408658530711, 12.72202197085393 ], [ 101.728409624166574, 12.722112296798077 ], [ 101.728317614894493, 12.722113244755166 ], [ 101.728316649291116, 12.722022918804072 ], [ 101.728408658530711, 12.72202197085393 ] ], [ [ 101.726286654962692, 12.721501809005019 ], [ 101.726284725295713, 12.721321156786932 ], [ 101.726376734438901, 12.721320209593584 ], [ 101.726378664170809, 12.721500861797786 ], [ 101.726286654962692, 12.721501809005019 ] ], [ [ 101.725483323246252, 12.732440741808723 ], [ 101.725391310026552, 12.73244168950518 ], [ 101.725389379278596, 12.732261037300557 ], [ 101.725297366116465, 12.732261984951231 ], [ 101.725296400786107, 12.732171658840949 ], [ 101.724836335026595, 12.732176396581085 ], [ 101.724837300194494, 12.732266722726068 ], [ 101.724653273773782, 12.732268617612691 ], [ 101.724654238884099, 12.732358943770866 ], [ 101.724286185823701, 12.73236273318904 ], [ 101.724287150811463, 12.732453059374285 ], [ 101.724103124171762, 12.732454953905837 ], [ 101.724106983936991, 12.732816258695435 ], [ 101.72484309135757, 12.732808679581536 ], [ 101.724844056577382, 12.732899005721709 ], [ 101.725212110239639, 12.732895215371322 ], [ 101.725213075596841, 12.732985541483052 ], [ 101.725397102448468, 12.732983646102555 ], [ 101.725398067878075, 12.733073972199714 ], [ 101.725582094765002, 12.733072076677722 ], [ 101.725583060267041, 12.733162402760312 ], [ 101.725767087189283, 12.733160507096825 ], [ 101.725765156062664, 12.732979854958726 ], [ 101.72585716944765, 12.732978907093008 ], [ 101.725856203862975, 12.73288858102987 ], [ 101.725764190510475, 12.732889528888647 ], [ 101.725762259428379, 12.732708876746425 ], [ 101.725670246133447, 12.732709824559413 ], [ 101.725669280636012, 12.732619498480329 ], [ 101.725577267366148, 12.732620446254476 ], [ 101.725576301908646, 12.732530120167763 ], [ 101.725484288663864, 12.732531067903063 ], [ 101.725483323246252, 12.732440741808723 ] ], [ [ 101.742440238207777, 12.709049467408203 ], [ 101.741796213650446, 12.70905612980866 ], [ 101.741797182999008, 12.709146454826429 ], [ 101.74170517942855, 12.709147406477546 ], [ 101.741710026121069, 12.70959903159099 ], [ 101.741802029853673, 12.709598079904962 ], [ 101.741803968647758, 12.709778729931573 ], [ 101.741895972437774, 12.709777778199738 ], [ 101.741896941878437, 12.709868103205029 ], [ 101.742080949500931, 12.709866199631875 ], [ 101.742081919013913, 12.709956524622518 ], [ 101.742265926671422, 12.709954620908029 ], [ 101.742264957093568, 12.709864295931354 ], [ 101.742356960878695, 12.709863344033332 ], [ 101.742355991275872, 12.709773019062954 ], [ 101.742816009927424, 12.709768259130126 ], [ 101.74281504016993, 12.709677934193982 ], [ 101.742907043845406, 12.709676982118877 ], [ 101.742900255524873, 12.709044707595538 ], [ 101.742808252076372, 12.709045659621751 ], [ 101.742807282378593, 12.708955334680113 ], [ 101.7424392686397, 12.70895914243863 ], [ 101.742440238207777, 12.709049467408203 ] ], [ [ 101.744655112261313, 12.709658886642019 ], [ 101.744563108727661, 12.709659839322111 ], [ 101.744554375700773, 12.708846916060661 ], [ 101.744462372451522, 12.708847868646007 ], [ 101.744458491430095, 12.708486569372882 ], [ 101.7443664883031, 12.708487521898437 ], [ 101.744365518098832, 12.70839719707145 ], [ 101.743905502513897, 12.708401959186711 ], [ 101.743906472556034, 12.708492284048639 ], [ 101.743722466204929, 12.708494188685854 ], [ 101.743726346188708, 12.708855488182587 ], [ 101.743910352799205, 12.70885358348948 ], [ 101.74391132287866, 12.708943908347971 ], [ 101.743727316203305, 12.708945813055054 ], [ 101.743729256254909, 12.709126462797927 ], [ 101.743637252841168, 12.709127415117683 ], [ 101.743638222845746, 12.709217739995079 ], [ 101.74354621939213, 12.709218692289982 ], [ 101.743548159358809, 12.709399342056683 ], [ 101.743640162877298, 12.709398389747806 ], [ 101.743641132904273, 12.709488714623134 ], [ 101.743917143512206, 12.7094858574845 ], [ 101.743916173387959, 12.709395532630131 ], [ 101.744008176876576, 12.709394580193893 ], [ 101.744009147033267, 12.709484905041274 ], [ 101.744285157551602, 12.709482047520551 ], [ 101.744286127813055, 12.709572372346287 ], [ 101.74437813133666, 12.709571419768706 ], [ 101.744380071946807, 12.709752069404137 ], [ 101.744288068358344, 12.70975302199569 ], [ 101.744290979232261, 12.710023996464651 ], [ 101.744198975539049, 12.710024949045328 ], [ 101.744198005272708, 12.709934624216041 ], [ 101.743737986856715, 12.709939386606861 ], [ 101.743738956960911, 12.710029711471087 ], [ 101.743646953222878, 12.710030663860712 ], [ 101.74364792330212, 12.710120988731239 ], [ 101.743555919524198, 12.710121941096007 ], [ 101.74355979978607, 12.710483240599187 ], [ 101.743651803693723, 12.710482288206469 ], [ 101.743653743934303, 12.710662937939965 ], [ 101.743745747899354, 12.710661985501435 ], [ 101.743746718063278, 12.710752310360164 ], [ 101.743838722053297, 12.710751357882799 ], [ 101.743834841312662, 12.710390058471704 ], [ 101.744294860502066, 12.710385295746979 ], [ 101.744292919852228, 12.71020464610719 ], [ 101.744936945949732, 12.710197977053014 ], [ 101.744934034349953, 12.709927002734949 ], [ 101.744842030741424, 12.709927955531532 ], [ 101.744841060255553, 12.70983763075048 ], [ 101.744749056671978, 12.709838583508231 ], [ 101.744748086225997, 12.709748258719504 ], [ 101.74465608266739, 12.709749211438425 ], [ 101.744655112261313, 12.709658886642019 ] ], [ [ 101.740986594892277, 12.710780869873537 ], [ 101.740985625701327, 12.710690544805303 ], [ 101.740617608900905, 12.710694350547087 ], [ 101.740618577962124, 12.710784675643238 ], [ 101.740526573710952, 12.710785627006054 ], [ 101.740527542747202, 12.710875952108498 ], [ 101.740343534157603, 12.710877854752551 ], [ 101.740344503136427, 12.710968179868269 ], [ 101.740252498798, 12.710969131149506 ], [ 101.74025346775187, 12.711059456271515 ], [ 101.740161463373568, 12.711060407527885 ], [ 101.740163401238789, 12.711241057783797 ], [ 101.740255405681978, 12.71124010651347 ], [ 101.740258312633046, 12.711511081871254 ], [ 101.740350317166062, 12.711510130548147 ], [ 101.740351286197111, 12.71160045565906 ], [ 101.74044329075511, 12.711599504297126 ], [ 101.740445228904434, 12.711780154502929 ], [ 101.740537233519845, 12.711779203095192 ], [ 101.74053820263812, 12.711869528190086 ], [ 101.740814216536933, 12.711866673754859 ], [ 101.740813247321341, 12.711776348680905 ], [ 101.74118126561892, 12.711772542349326 ], [ 101.741180296281058, 12.711682217302604 ], [ 101.741272300804368, 12.711681265647073 ], [ 101.741269392738204, 12.711410290523729 ], [ 101.741177388312181, 12.711411242158318 ], [ 101.74117544970359, 12.711230592058696 ], [ 101.741083445334979, 12.711231543647477 ], [ 101.74107859910616, 12.710779918351498 ], [ 101.740986594892277, 12.710780869873537 ] ], [ [ 101.742212710782098, 12.7135685715643 ], [ 101.742120705652198, 12.713569523684944 ], [ 101.742119735840731, 12.713479198721776 ], [ 101.741843720503581, 12.713482054871646 ], [ 101.741842750796906, 12.713391729886844 ], [ 101.741934755884316, 12.713390777875718 ], [ 101.741933786152657, 12.713300452897213 ], [ 101.741749776035263, 12.713302356873642 ], [ 101.741745897442755, 12.71294105689689 ], [ 101.741653892502612, 12.712942008809399 ], [ 101.741652922905587, 12.712851683806511 ], [ 101.741560917990427, 12.712852635680191 ], [ 101.741561887555022, 12.712942960690061 ], [ 101.741285872667504, 12.712945816140945 ], [ 101.741288781114122, 12.713216791229257 ], [ 101.741196776039374, 12.713217743003462 ], [ 101.741194837132383, 12.713037092931311 ], [ 101.741102832115047, 12.713038044659703 ], [ 101.741101862705193, 12.712947719615615 ], [ 101.741009857712839, 12.712948671305174 ], [ 101.741010827090264, 12.713038996356241 ], [ 101.740826817018316, 12.713040899653771 ], [ 101.740827786338329, 12.71313122471811 ], [ 101.740919791410462, 12.71313027307829 ], [ 101.740920760770379, 12.713220598134965 ], [ 101.740828755665788, 12.713221549781762 ], [ 101.740829725000708, 12.713311874844731 ], [ 101.740921730137742, 12.713310923190951 ], [ 101.740922699512566, 12.713401248246253 ], [ 101.741014704674569, 12.713400296553642 ], [ 101.741015674089297, 12.713490621601276 ], [ 101.741199684455808, 12.713488718106538 ], [ 101.741200653942869, 12.713579043139521 ], [ 101.741108648730886, 12.713579994909797 ], [ 101.741110587662519, 12.713760644987666 ], [ 101.741202592939374, 12.713759693203432 ], [ 101.741205501490086, 12.714030668294143 ], [ 101.741297506856796, 12.714029716457116 ], [ 101.741298476421051, 12.714120041478999 ], [ 101.741390481812743, 12.714119089603136 ], [ 101.741392421028536, 12.714299739630881 ], [ 101.741484426477655, 12.714298787709202 ], [ 101.741482487196976, 12.714118137695419 ], [ 101.741574492573747, 12.71411718575585 ], [ 101.741570613972158, 12.71375588574797 ], [ 101.741662619211709, 12.713754933804477 ], [ 101.741664558562462, 12.713935583795825 ], [ 101.741756563859425, 12.713934631806511 ], [ 101.741757533578436, 12.714024956794175 ], [ 101.741849538900397, 12.714024004766031 ], [ 101.741848569148942, 12.713933679785347 ], [ 101.742032579705551, 12.713931775647463 ], [ 101.742033549521892, 12.714022100614178 ], [ 101.742125554821456, 12.714021148490474 ], [ 101.742129434291186, 12.714382448322537 ], [ 101.742313445127465, 12.714380543923705 ], [ 101.742312475183951, 12.714290218980688 ], [ 101.742496485925486, 12.714288314468407 ], [ 101.74249551592456, 12.714197989538668 ], [ 101.742679526571365, 12.714196084912944 ], [ 101.742678556513013, 12.714105759996485 ], [ 101.742586551225784, 12.714106712318291 ], [ 101.742584611196349, 12.713926062469348 ], [ 101.742308595484545, 12.713928919201742 ], [ 101.742307625578349, 12.713838594255289 ], [ 101.742215620358593, 12.713839546428733 ], [ 101.742212710782098, 12.7135685715643 ] ], [ [ 101.741477639125847, 12.713666512648947 ], [ 101.741476669534009, 12.713576187637591 ], [ 101.74156867471612, 12.713575235739908 ], [ 101.741569644340402, 12.713665560744284 ], [ 101.741477639125847, 12.713666512648947 ] ], [ [ 101.741660679890799, 12.713574283810376 ], [ 101.741659710241521, 12.713483958812299 ], [ 101.741751715376282, 12.713483006857896 ], [ 101.741752685057989, 12.713573331848993 ], [ 101.741660679890799, 12.713574283810376 ] ], [ [ 101.741291689627857, 12.713487766311392 ], [ 101.741289750611244, 12.713307116257324 ], [ 101.741381755710961, 12.713306164444289 ], [ 101.741382725247988, 12.713396489464685 ], [ 101.741474730372687, 12.713395537612818 ], [ 101.741475699949618, 12.71348586262555 ], [ 101.741291689627857, 12.713487766311392 ] ], [ [ 101.74156673548994, 12.7133945857291 ], [ 101.741565765888041, 12.713304260722667 ], [ 101.741657770965375, 12.71330330881408 ], [ 101.741658740599732, 12.713393633813533 ], [ 101.74156673548994, 12.7133945857291 ] ], [ [ 101.743693525447881, 12.714366256871134 ], [ 101.743785530742855, 12.714365304146135 ], [ 101.743786501212909, 12.714455628976699 ], [ 101.74406251715034, 12.714452770589617 ], [ 101.744061546582955, 12.714362445780015 ], [ 101.7442455571057, 12.714360540043335 ], [ 101.744246527737971, 12.714450864838962 ], [ 101.7441545224479, 12.714451817730218 ], [ 101.744157434292177, 12.714722792133941 ], [ 101.744249439679578, 12.714721839221721 ], [ 101.744250410341721, 12.714812164014601 ], [ 101.744434421159028, 12.714810258080622 ], [ 101.744433450431984, 12.714719933301721 ], [ 101.744709466504588, 12.714717074182811 ], [ 101.744708495687703, 12.714626749424193 ], [ 101.74489250630053, 12.714624843199624 ], [ 101.744891535426234, 12.714534518454295 ], [ 101.745075545944289, 12.714532612116294 ], [ 101.74507263317156, 12.714261637918128 ], [ 101.744980628013579, 12.714262591082084 ], [ 101.744979657136724, 12.714172266340997 ], [ 101.744795646863238, 12.714174172559369 ], [ 101.744793705261699, 12.713993523047176 ], [ 101.744701700178638, 12.7139944760946 ], [ 101.744702670943241, 12.714084800858034 ], [ 101.744610665820275, 12.714085753880598 ], [ 101.744608724363417, 12.713905104339068 ], [ 101.744700729421496, 12.713904151330482 ], [ 101.74469878792965, 12.713723501800184 ], [ 101.744422772927621, 12.713726360688455 ], [ 101.744420831660278, 12.713545711113472 ], [ 101.744512836603548, 12.713544758196544 ], [ 101.744513807265918, 12.713635082977392 ], [ 101.744605812234155, 12.713634130021626 ], [ 101.744602900172112, 12.713363155697998 ], [ 101.744510895301204, 12.713364108632796 ], [ 101.744509924661244, 12.713273783849893 ], [ 101.744417919815291, 12.713274736745852 ], [ 101.744416949215221, 12.713184411955266 ], [ 101.744324944394251, 12.713185364812388 ], [ 101.744323003281423, 12.71300471521519 ], [ 101.74413899374683, 12.713006620805924 ], [ 101.744138023266473, 12.712916295992317 ], [ 101.744046018520422, 12.712917248732921 ], [ 101.744046988968321, 12.713007573553519 ], [ 101.743954984182366, 12.713008526269261 ], [ 101.743955954605298, 12.713098851096154 ], [ 101.743863949779424, 12.713099803787038 ], [ 101.743864920177387, 12.713190128620234 ], [ 101.74395692503569, 12.713189175922365 ], [ 101.743958865918898, 12.713369825572725 ], [ 101.743866860995709, 12.713370778284565 ], [ 101.743865890582811, 12.713280453452745 ], [ 101.743681880778922, 12.713282358766904 ], [ 101.743682851126934, 12.713372683612702 ], [ 101.743590846181348, 12.713373636228994 ], [ 101.743592786834895, 12.713554285932501 ], [ 101.743500781816962, 12.713555238530912 ], [ 101.743501752122498, 12.713645563388623 ], [ 101.74359375717286, 12.713644610783225 ], [ 101.74360054974774, 12.714276884719053 ], [ 101.743692555017731, 12.714275932032894 ], [ 101.743693525447881, 12.714366256871134 ] ], [ [ 101.744050870834613, 12.713368872829029 ], [ 101.744051841319859, 12.713459197646191 ], [ 101.744143846260542, 12.713458244863657 ], [ 101.744144816785692, 12.713548569673144 ], [ 101.743960806831964, 12.713550475220332 ], [ 101.743958865918898, 12.713369825572725 ], [ 101.744050870834613, 12.713368872829029 ] ], [ [ 101.734693414761011, 12.715995003164425 ], [ 101.734694382145719, 12.716085328673906 ], [ 101.734786388755239, 12.716084378945245 ], [ 101.734785421338103, 12.715994053442728 ], [ 101.734969434469932, 12.715992153903755 ], [ 101.734968466995326, 12.715901828414481 ], [ 101.735060473517635, 12.715900878604172 ], [ 101.735057571041125, 12.715629902153122 ], [ 101.735149577458657, 12.715628952331851 ], [ 101.735154415118942, 12.71608057971201 ], [ 101.735246421691244, 12.716079629824053 ], [ 101.735244486539912, 12.715898978887981 ], [ 101.735336493039895, 12.715898028982098 ], [ 101.735337460644274, 12.71598835444351 ], [ 101.735429467169254, 12.715987404498804 ], [ 101.735430434813551, 12.716077729952566 ], [ 101.735614447906073, 12.716075829953644 ], [ 101.735613480196889, 12.715985504513815 ], [ 101.735797493194738, 12.715983604401391 ], [ 101.735793622172864, 12.715622302690942 ], [ 101.735885628530838, 12.715621352614809 ], [ 101.735878854302101, 12.714989074643857 ], [ 101.735418823573426, 12.714993824462111 ], [ 101.735419791135826, 12.715084149923428 ], [ 101.735235778727343, 12.715086049641668 ], [ 101.735236746232303, 12.715176375116226 ], [ 101.735144739984463, 12.715177324934528 ], [ 101.735147642446648, 12.715448301374984 ], [ 101.735055636094017, 12.715449251182321 ], [ 101.735051766289104, 12.715087949232485 ], [ 101.734959760058814, 12.715088898980106 ], [ 101.734958792658631, 12.714998573483964 ], [ 101.734682774020442, 12.715001422514806 ], [ 101.734683741323295, 12.715091748031837 ], [ 101.734591735063233, 12.71509269765204 ], [ 101.734601408176488, 12.715995952854264 ], [ 101.734693414761011, 12.715995003164425 ] ], [ [ 101.735328752472711, 12.715175425266068 ], [ 101.73532972001756, 12.715265750732971 ], [ 101.735237713744709, 12.715266700590096 ], [ 101.735236746232303, 12.715176375116226 ], [ 101.735328752472711, 12.715175425266068 ] ], [ [ 101.754608567857431, 12.719673054911006 ], [ 101.754612466764485, 12.720034350787689 ], [ 101.754796479734793, 12.720032436890687 ], [ 101.754797454545212, 12.720122760844108 ], [ 101.755073474041794, 12.720119889738561 ], [ 101.755074448957075, 12.720210213670244 ], [ 101.754890435901942, 12.72021212778651 ], [ 101.754891410759811, 12.720302451731536 ], [ 101.754799404188546, 12.720303408748883 ], [ 101.754804278428082, 12.720755028498788 ], [ 101.754896285161635, 12.720754071446365 ], [ 101.754897260064496, 12.720844395387266 ], [ 101.754989266823017, 12.720843438295958 ], [ 101.754990241765839, 12.720933762229157 ], [ 101.755266262093798, 12.720930890742972 ], [ 101.755265287053618, 12.72084056683082 ], [ 101.755725320621295, 12.720835780418211 ], [ 101.755724345426302, 12.72074545654046 ], [ 101.755816352084892, 12.720744499169346 ], [ 101.755813426447546, 12.720473527553017 ], [ 101.755721419886342, 12.720474484903075 ], [ 101.755719469563857, 12.720293837141378 ], [ 101.75562746306008, 12.720294794445531 ], [ 101.75562648794255, 12.720204470556634 ], [ 101.755534481463712, 12.720205427821906 ], [ 101.755533506386143, 12.720115103925304 ], [ 101.75544149993226, 12.720116061151689 ], [ 101.755440524894652, 12.720025737247383 ], [ 101.755532531316064, 12.720024780028012 ], [ 101.755527656078186, 12.719573160531242 ], [ 101.755435649819049, 12.719574117715522 ], [ 101.755433699841291, 12.719393469897966 ], [ 101.755157681213632, 12.719396341217521 ], [ 101.755158656101386, 12.719486665147693 ], [ 101.754882637308867, 12.719489536201511 ], [ 101.754883612106767, 12.719579860152045 ], [ 101.754699599476027, 12.719581774042625 ], [ 101.7547005742165, 12.7196720980065 ], [ 101.754608567857431, 12.719673054911006 ] ], [ [ 101.755442474977386, 12.720206385055308 ], [ 101.755350468483556, 12.720207342256842 ], [ 101.755349493470902, 12.720117018346208 ], [ 101.75544149993226, 12.720116061151689 ], [ 101.755442474977386, 12.720206385055308 ] ], [ [ 101.75147461776487, 12.736236803526271 ], [ 101.751566630337337, 12.736235846486677 ], [ 101.751565655394771, 12.736145522396338 ], [ 101.751749680452249, 12.736143608235439 ], [ 101.751747730459556, 12.73596296008073 ], [ 101.751839742912054, 12.735962002966431 ], [ 101.751838767894441, 12.735871678895048 ], [ 101.751654743046956, 12.735873593077716 ], [ 101.751653768101832, 12.735783268991634 ], [ 101.751561755699356, 12.7357842260281 ], [ 101.751560780794236, 12.735693901934319 ], [ 101.751468768416771, 12.735694858931867 ], [ 101.751467793551626, 12.735604534830394 ], [ 101.751375781199172, 12.73560549178903 ], [ 101.751374806374031, 12.735515167679855 ], [ 101.751282794046574, 12.735516124599576 ], [ 101.751281819261422, 12.735425800482705 ], [ 101.751189806958976, 12.735426757363514 ], [ 101.751188832213813, 12.735336433238949 ], [ 101.751004807651469, 12.735338346890828 ], [ 101.751002858313598, 12.73515769861161 ], [ 101.750542797101687, 12.735162482112882 ], [ 101.75054377160437, 12.735252806287864 ], [ 101.750635783894239, 12.735251849644417 ], [ 101.750641631262638, 12.735793794637809 ], [ 101.750549618777782, 12.735794751323285 ], [ 101.750550593332889, 12.735885075493444 ], [ 101.750458580808029, 12.735886032154017 ], [ 101.75046052987571, 12.736066680506285 ], [ 101.750368517278375, 12.736067637148956 ], [ 101.750370466310997, 12.736248285512479 ], [ 101.750278453641158, 12.736249242137252 ], [ 101.750284300723692, 12.736791187253317 ], [ 101.750468326445898, 12.736789273887807 ], [ 101.75046930105087, 12.736879598057401 ], [ 101.750653326808134, 12.736877684550238 ], [ 101.750654301485596, 12.736968008705128 ], [ 101.75102235304027, 12.736964181279848 ], [ 101.751021378232792, 12.736873857152977 ], [ 101.751113391070248, 12.73687290022389 ], [ 101.751111441412746, 12.736692251982094 ], [ 101.751203454177698, 12.736691295035103 ], [ 101.751202479327688, 12.736600970920179 ], [ 101.751294492052637, 12.736600013948289 ], [ 101.751292542310054, 12.73641936573039 ], [ 101.751384554962527, 12.736418408740599 ], [ 101.75138358006997, 12.736328084637622 ], [ 101.751475592682439, 12.73632712762293 ], [ 101.75147461776487, 12.736236803526271 ] ], [ [ 101.742544835175281, 12.744459666259047 ], [ 101.742360802689632, 12.744461575245369 ], [ 101.742359830357898, 12.74437125051041 ], [ 101.742175797907464, 12.744373159355037 ], [ 101.742174825648235, 12.744282834605421 ], [ 101.741806760787867, 12.744286651883574 ], [ 101.741805788666213, 12.744196327105335 ], [ 101.741345707585396, 12.744201097949659 ], [ 101.741346679544435, 12.74429142276281 ], [ 101.740794581806028, 12.744297146764168 ], [ 101.740795553577371, 12.744387471618513 ], [ 101.74042748813909, 12.744391287008717 ], [ 101.740428459787779, 12.744481611890299 ], [ 101.740244426958824, 12.744483519407769 ], [ 101.740243455375179, 12.744393194512229 ], [ 101.739967406173363, 12.744396055528009 ], [ 101.73996643469475, 12.744305730610851 ], [ 101.739690385523375, 12.744308591318317 ], [ 101.739689414149808, 12.744218266379534 ], [ 101.739505381396654, 12.744220173344234 ], [ 101.739504410095591, 12.744129848390804 ], [ 101.739320377377638, 12.744131755213823 ], [ 101.739319406149079, 12.744041430245758 ], [ 101.739043357113815, 12.744044290219875 ], [ 101.739042385990288, 12.74395396523019 ], [ 101.73867432063561, 12.743957778054087 ], [ 101.73867529162905, 12.744048103071671 ], [ 101.738583275239208, 12.744049056204798 ], [ 101.73858521718337, 12.744229706251856 ], [ 101.738677233638256, 12.744228753104787 ], [ 101.738678204654065, 12.744319078120309 ], [ 101.738862237606497, 12.744317171716421 ], [ 101.738863208694809, 12.744407496717304 ], [ 101.739047241682485, 12.744405590171736 ], [ 101.739048212843286, 12.744495915157978 ], [ 101.739232245866177, 12.744494008470737 ], [ 101.739233217099496, 12.74458433344234 ], [ 101.739509266675483, 12.744581473151054 ], [ 101.73951023801385, 12.744671798101038 ], [ 101.739694271092276, 12.744669891066565 ], [ 101.739695242503132, 12.744760216001907 ], [ 101.74006330870057, 12.744756401521864 ], [ 101.740064280249015, 12.744846726428609 ], [ 101.740340329916336, 12.744843865212347 ], [ 101.740339358270319, 12.744753540326542 ], [ 101.74052339127951, 12.744751632703331 ], [ 101.740524362990584, 12.744841957575179 ], [ 101.740800412545994, 12.744839095879927 ], [ 101.740801384362115, 12.744929420730145 ], [ 101.74107743394795, 12.744926558726561 ], [ 101.741078405869104, 12.745016883555147 ], [ 101.741262438954067, 12.745014975379132 ], [ 101.741263410947738, 12.745105300193067 ], [ 101.741539460616792, 12.745102437668599 ], [ 101.74154043271551, 12.745192762460901 ], [ 101.741632449289469, 12.745191808215228 ], [ 101.741633421428176, 12.745282132999858 ], [ 101.742093504348603, 12.745277361257587 ], [ 101.742092532047252, 12.745187036507872 ], [ 101.742184548576418, 12.745186082070603 ], [ 101.74218357625, 12.745095757327181 ], [ 101.742275592739176, 12.745094802864964 ], [ 101.74227462038769, 12.745004478127838 ], [ 101.742366636836863, 12.745003523640667 ], [ 101.742365664460337, 12.744913198909838 ], [ 101.742457680869506, 12.744912244397721 ], [ 101.742455736073779, 12.744731594947966 ], [ 101.742547752410445, 12.744730640417888 ], [ 101.742544835175281, 12.744459666259047 ] ], [ [ 101.765813770381186, 12.709258278018039 ], [ 101.765721768636737, 12.70925923800719 ], [ 101.765719813025257, 12.709078591622909 ], [ 101.765811814704833, 12.709077631647844 ], [ 101.765808881246755, 12.708806662087385 ], [ 101.765716879664438, 12.708807622041324 ], [ 101.765713946371378, 12.708536652453546 ], [ 101.765345940355985, 12.708540491866422 ], [ 101.765346917983123, 12.708630815091205 ], [ 101.765162914865428, 12.708632734620709 ], [ 101.76516389243524, 12.708723057858887 ], [ 101.764979889222602, 12.70872497727513 ], [ 101.764980866735101, 12.708815300526702 ], [ 101.76479686342752, 12.708817219829676 ], [ 101.764798818345369, 12.708997866358921 ], [ 101.764890820067762, 12.70899690670927 ], [ 101.764891797570399, 12.709087229965819 ], [ 101.764983799317704, 12.709086270277293 ], [ 101.764984776860288, 12.709176593526111 ], [ 101.765076778632476, 12.709175633798704 ], [ 101.765077756215021, 12.709265957039795 ], [ 101.765169758012135, 12.709264997273507 ], [ 101.765172690902148, 12.709535966971533 ], [ 101.765264692789017, 12.709535007152285 ], [ 101.765267625844018, 12.709805976822993 ], [ 101.765359627820644, 12.70980501695078 ], [ 101.765360605553127, 12.709895340165934 ], [ 101.765636611535115, 12.70989246033713 ], [ 101.765637589372403, 12.709982783530471 ], [ 101.765729591383774, 12.709981823516815 ], [ 101.765728613514057, 12.709891500330521 ], [ 101.765912617449374, 12.709889580221777 ], [ 101.765911639522315, 12.709799257048878 ], [ 101.766095643362675, 12.709797336826863 ], [ 101.766092709432115, 12.709526367346307 ], [ 101.766000707612989, 12.709527327452104 ], [ 101.765999729683628, 12.709437004283496 ], [ 101.765907727889399, 12.709437964350412 ], [ 101.765906749999971, 12.709347641174078 ], [ 101.765814748230653, 12.709348601202107 ], [ 101.765813770381186, 12.709258278018039 ] ], [ [ 101.764522813133027, 12.709000745116848 ], [ 101.76424680785297, 12.709003623588243 ], [ 101.76424876241181, 12.709184270199209 ], [ 101.764156760571908, 12.709185229640076 ], [ 101.764158715095974, 12.709365876262371 ], [ 101.764066713183695, 12.709366835685476 ], [ 101.764067690424568, 12.709457159002632 ], [ 101.763975688472343, 12.709458118400939 ], [ 101.763976665688332, 12.709548441724442 ], [ 101.763884663696146, 12.709549401097949 ], [ 101.763885640887239, 12.709639724427804 ], [ 101.76397764291184, 12.709638765047259 ], [ 101.763978620142851, 12.709729088369388 ], [ 101.764070622192378, 12.709728128949967 ], [ 101.76407355402786, 12.709999098891112 ], [ 101.764165556167129, 12.709998139418737 ], [ 101.764167510826596, 12.710178786028649 ], [ 101.764259513023205, 12.710177826510355 ], [ 101.764261467777601, 12.710358473103438 ], [ 101.764353470031551, 12.710357513539225 ], [ 101.764354447452448, 12.710447836827694 ], [ 101.764722456522719, 12.710443998224269 ], [ 101.764721478972092, 12.71035367496396 ], [ 101.764997485598514, 12.710350795698183 ], [ 101.764991619869022, 12.709808856248594 ], [ 101.764899617862312, 12.70980981599345 ], [ 101.76489766274419, 12.70962916949067 ], [ 101.764805660794806, 12.709630129189605 ], [ 101.764798818345369, 12.708997866358921 ], [ 101.764706816615444, 12.708998825976735 ], [ 101.764705839185183, 12.708908502705414 ], [ 101.764521835767624, 12.708910421831451 ], [ 101.764522813133027, 12.709000745116848 ] ], [ [ 101.760539157472721, 12.715004289723833 ], [ 101.760631161689091, 12.715003331106592 ], [ 101.760630185222169, 12.714913007564096 ], [ 101.760538181038257, 12.71491396617431 ], [ 101.760537204611282, 12.714823642624099 ], [ 101.760629208762765, 12.714822684020913 ], [ 101.760627255866495, 12.714642036932483 ], [ 101.760719259945589, 12.714641078311507 ], [ 101.760717307014488, 12.714460431234386 ], [ 101.760625303000282, 12.714461389841302 ], [ 101.76062335016411, 12.71428074274737 ], [ 101.760439342242918, 12.714282659837524 ], [ 101.760440318592359, 12.714372983398896 ], [ 101.760256310576253, 12.714374900375704 ], [ 101.760257286868324, 12.714465223950445 ], [ 101.760073278757289, 12.714467140813907 ], [ 101.760074254991991, 12.714557464402015 ], [ 101.759982250892762, 12.714558422792997 ], [ 101.759983227102552, 12.714648746387446 ], [ 101.759891222963361, 12.714649704753603 ], [ 101.759892199148197, 12.714740028354395 ], [ 101.759800194969074, 12.714740986695729 ], [ 101.759799218816667, 12.714650663087907 ], [ 101.759523206331522, 12.714653537899704 ], [ 101.759524182386613, 12.714743861528607 ], [ 101.759432178177448, 12.714744819742528 ], [ 101.759433154207599, 12.714835143377769 ], [ 101.759065137166033, 12.714838975943033 ], [ 101.759067088989326, 12.715019623267663 ], [ 101.758975084645286, 12.715020581343396 ], [ 101.758976060535744, 12.715110905011706 ], [ 101.759068064912228, 12.715109946928946 ], [ 101.759070016780569, 12.715290594249449 ], [ 101.759622043271122, 12.715284844999635 ], [ 101.759621067138539, 12.715194521381889 ], [ 101.7597130714949, 12.715193563069123 ], [ 101.759712095337392, 12.715103239457715 ], [ 101.759804099653792, 12.715102281120124 ], [ 101.759802147296412, 12.714921633909304 ], [ 101.7602621684414, 12.714916841813832 ], [ 101.760263144778548, 12.715007165384442 ], [ 101.760355149017442, 12.715006206862761 ], [ 101.760363936681799, 12.715819118904061 ], [ 101.760639950229404, 12.715816242958091 ], [ 101.760638973694867, 12.715725919421789 ], [ 101.760730978163281, 12.71572496071645 ], [ 101.760730001603818, 12.715634637186486 ], [ 101.761006014866609, 12.715631760900438 ], [ 101.761001131695338, 12.715180143345771 ], [ 101.760817123185433, 12.715182060831351 ], [ 101.760815170099292, 12.715001413776545 ], [ 101.760723165897957, 12.715002372457498 ], [ 101.760724142404811, 12.715092695992272 ], [ 101.760540133914702, 12.715094613272671 ], [ 101.760539157472721, 12.715004289723833 ] ], [ [ 101.758438670457068, 12.716471508413692 ], [ 101.758437694648677, 12.716381184713551 ], [ 101.758897718952369, 12.716376394445071 ], [ 101.758895767033607, 12.716195747112975 ], [ 101.758987771806943, 12.716194788977759 ], [ 101.758986795826374, 12.716104465317706 ], [ 101.758894791085496, 12.716105423445896 ], [ 101.758893815144901, 12.716015099778128 ], [ 101.758801810428949, 12.716016057867437 ], [ 101.758799858635157, 12.715835410515785 ], [ 101.758523844636954, 12.71583828455042 ], [ 101.758522868848644, 12.715747960852488 ], [ 101.758706878123391, 12.715746044875305 ], [ 101.758703950608862, 12.71547507381953 ], [ 101.758795955137643, 12.715474115804229 ], [ 101.75879497928203, 12.715383792124619 ], [ 101.758702974785692, 12.715384750132893 ], [ 101.758699071568103, 12.715023455379477 ], [ 101.757871031931202, 12.715032075767635 ], [ 101.757872982941009, 12.715212723272151 ], [ 101.757780978434496, 12.715213680947837 ], [ 101.757784880414405, 12.715574975976704 ], [ 101.757876885050692, 12.71557401827293 ], [ 101.757877860596878, 12.715664342021403 ], [ 101.757969865258104, 12.715663384278749 ], [ 101.757970840844223, 12.715753708019514 ], [ 101.758062845530404, 12.71575275023798 ], [ 101.758063821156483, 12.715843073971033 ], [ 101.758247830571193, 12.715841158298357 ], [ 101.758248806269663, 12.715931482016675 ], [ 101.758156801533616, 12.715932439875964 ], [ 101.75815777720716, 12.71602276360062 ], [ 101.758065772431152, 12.716023721435075 ], [ 101.758066748079756, 12.716114045166064 ], [ 101.757974743263802, 12.716115002975691 ], [ 101.757976694518632, 12.716295650449648 ], [ 101.758068699399473, 12.716294692625977 ], [ 101.758069675070587, 12.716385016354902 ], [ 101.758161679976368, 12.716384058492352 ], [ 101.758162655687428, 12.716474382213566 ], [ 101.758438670457068, 12.716471508413692 ] ], [ [ 101.758246854880213, 12.715750834579351 ], [ 101.758338859543855, 12.715749876702253 ], [ 101.758339835267279, 12.715840200414235 ], [ 101.758247830571193, 12.715841158298357 ], [ 101.758246854880213, 12.715750834579351 ] ], [ [ 101.760765162477639, 12.718886283831639 ], [ 101.760029117434442, 12.718893954550619 ], [ 101.760030094004748, 12.718984278112048 ], [ 101.75993808830809, 12.718985236815563 ], [ 101.759940041406338, 12.71916588395041 ], [ 101.760032047167897, 12.719164925232837 ], [ 101.760035953584335, 12.719526219466159 ], [ 101.760127959468207, 12.719525260688608 ], [ 101.760129912786397, 12.719705907787082 ], [ 101.76022191872768, 12.719704948963605 ], [ 101.760223872140827, 12.719885596045268 ], [ 101.760315878139494, 12.719884637175872 ], [ 101.760316854889794, 12.719974960708642 ], [ 101.760500866929505, 12.719973042860188 ], [ 101.76050282058246, 12.720153689895547 ], [ 101.760962850874819, 12.720148894646449 ], [ 101.760961873882295, 12.720058571164266 ], [ 101.760777861852816, 12.720060489345446 ], [ 101.76077688493271, 12.719970165848512 ], [ 101.760592872938091, 12.719972083888161 ], [ 101.760591896090418, 12.719881760376481 ], [ 101.760775908020136, 12.71987984235089 ], [ 101.760772977327477, 12.719608871853897 ], [ 101.760864983183694, 12.719607912814393 ], [ 101.760865960106187, 12.71969823630705 ], [ 101.761049971861013, 12.719696318118388 ], [ 101.761050948855925, 12.719786641596292 ], [ 101.761234960645595, 12.719784723266105 ], [ 101.761233983585768, 12.719694399802263 ], [ 101.761417995280453, 12.719692481358678 ], [ 101.761416041053522, 12.719511834457057 ], [ 101.761508046824687, 12.719510875201529 ], [ 101.761506092562897, 12.71933022831122 ], [ 101.761598098261643, 12.719329269037894 ], [ 101.761600052588349, 12.719509915914136 ], [ 101.761784064093106, 12.719507997243761 ], [ 101.761782109636584, 12.719327350395647 ], [ 101.761874115312779, 12.719326391026724 ], [ 101.761873138063351, 12.719236067608671 ], [ 101.76196514369957, 12.719235108214919 ], [ 101.761964166425187, 12.719144784803209 ], [ 101.761872160821426, 12.719145744189925 ], [ 101.761870206360129, 12.718965097350374 ], [ 101.761778200813765, 12.71896605669116 ], [ 101.76177624644744, 12.718785409834785 ], [ 101.760764185655205, 12.718795960325757 ], [ 101.760765162477639, 12.718886283831639 ] ], [ [ 101.775491087351625, 12.744567511156848 ], [ 101.775489119203371, 12.744386866752132 ], [ 101.775397105555768, 12.744387832713134 ], [ 101.775396121525503, 12.744297510502676 ], [ 101.775212094272675, 12.744299442314761 ], [ 101.775211110315013, 12.744209120089476 ], [ 101.775027083097001, 12.744211051759713 ], [ 101.775026099211928, 12.744120729519604 ], [ 101.774934085624125, 12.744121695299764 ], [ 101.774932117941674, 12.743941050803338 ], [ 101.774840104411354, 12.74394201653744 ], [ 101.774839120613976, 12.743851694281123 ], [ 101.774747107108624, 12.743852659976234 ], [ 101.774746123351335, 12.743762337712157 ], [ 101.774654109870937, 12.743763303368272 ], [ 101.774653126153723, 12.743672981096442 ], [ 101.774561112698279, 12.743673946713566 ], [ 101.77456012902114, 12.743583624433978 ], [ 101.774468115590679, 12.743584590012107 ], [ 101.774467131953614, 12.743494267724769 ], [ 101.774283105135069, 12.743496198771121 ], [ 101.774288023070753, 12.74394781027158 ], [ 101.774380036646406, 12.743946844729042 ], [ 101.774381020288715, 12.744037167019998 ], [ 101.774289006680561, 12.744038132569601 ], [ 101.774289990297902, 12.744128454866937 ], [ 101.77419797664966, 12.744129420391678 ], [ 101.774198960242046, 12.744219742695387 ], [ 101.774014932857853, 12.744221673663223 ], [ 101.774015916392742, 12.744311995980368 ], [ 101.77392390265679, 12.744312961423459 ], [ 101.77392882028191, 12.744764573034162 ], [ 101.774020834180476, 12.74476360755575 ], [ 101.774022801348423, 12.744944252181071 ], [ 101.774114815304486, 12.744943286656596 ], [ 101.774115798932314, 12.745033608961156 ], [ 101.774483854811081, 12.74502974651571 ], [ 101.774482871053166, 12.744939424239412 ], [ 101.774666898882174, 12.744937492839243 ], [ 101.774665915066748, 12.744847170576389 ], [ 101.77503397050404, 12.744843307421165 ], [ 101.775032986566089, 12.744752985185885 ], [ 101.775309027967154, 12.74475008750542 ], [ 101.775308043939191, 12.744659765290651 ], [ 101.775400057691911, 12.744658799340375 ], [ 101.77539907363898, 12.744568477131985 ], [ 101.775491087351625, 12.744567511156848 ] ], [ [ 101.764765818693704, 12.756874879138607 ], [ 101.764673799698173, 12.756875842296678 ], [ 101.764672818474324, 12.756785519348322 ], [ 101.764580799503833, 12.756786482467389 ], [ 101.764578837143816, 12.756605836554524 ], [ 101.764210761447046, 12.75660968865486 ], [ 101.764211742493046, 12.756700011639797 ], [ 101.764119723517467, 12.756700974592018 ], [ 101.764120704538456, 12.756791297583312 ], [ 101.764028685522803, 12.756792260510613 ], [ 101.764029666518766, 12.756882583508251 ], [ 101.763937647463024, 12.756883546410631 ], [ 101.763938628433948, 12.756973869414621 ], [ 101.763846609338117, 12.756974832292078 ], [ 101.763847590284001, 12.757065155302415 ], [ 101.763755571148096, 12.757066118154951 ], [ 101.763756552068969, 12.75715644117164 ], [ 101.763664532892975, 12.757157403999253 ], [ 101.763665513788794, 12.757247727022285 ], [ 101.763573494572711, 12.757248689824975 ], [ 101.763574475443505, 12.757339012854361 ], [ 101.763482456187347, 12.757339975632124 ], [ 101.763487360491382, 12.757791590803881 ], [ 101.76357937991034, 12.757790627990925 ], [ 101.763580360826282, 12.757880951016167 ], [ 101.76376439970673, 12.757879025280284 ], [ 101.763765380695332, 12.757969348290757 ], [ 101.763857400156837, 12.757968385367832 ], [ 101.763856419135678, 12.757878062364394 ], [ 101.76422449677618, 12.757874210381205 ], [ 101.764225477927567, 12.757964533356484 ], [ 101.764317497351442, 12.757963570273736 ], [ 101.764318478542918, 12.75805389324128 ], [ 101.764594536867051, 12.758051003780132 ], [ 101.764593555577875, 12.75796068083371 ], [ 101.764777594357881, 12.757958754380539 ], [ 101.764775631671895, 12.757778108513786 ], [ 101.764867650985465, 12.757777145253341 ], [ 101.764866669621213, 12.757686822325971 ], [ 101.764958688894708, 12.757685859040599 ], [ 101.764953782023554, 12.757234244428604 ], [ 101.764861762912858, 12.757235207678766 ], [ 101.764859800282224, 12.75705456181505 ], [ 101.764767781229111, 12.757055525019165 ], [ 101.764765818693704, 12.756874879138607 ] ], [ [ 101.787443818241002, 12.760430461131067 ], [ 101.787535836736922, 12.760429489780783 ], [ 101.787533857511491, 12.760248847448326 ], [ 101.787441839080699, 12.760249818784409 ], [ 101.787442828657063, 12.760340139958085 ], [ 101.787350810186126, 12.7603411112693 ], [ 101.787348831106144, 12.760160468907062 ], [ 101.787164794271746, 12.760162411405195 ], [ 101.787163804808259, 12.760072090208844 ], [ 101.786979768008635, 12.760074032564914 ], [ 101.786978778617879, 12.759983711353671 ], [ 101.786610705057811, 12.759987595653815 ], [ 101.786608726559564, 12.759806953172472 ], [ 101.786516708215714, 12.759807924153396 ], [ 101.786515719010524, 12.75971760290459 ], [ 101.786423700691643, 12.759718573846452 ], [ 101.786416776695773, 12.759086325035781 ], [ 101.786324758597232, 12.759087295896002 ], [ 101.786325747684188, 12.759177617163841 ], [ 101.786141711399239, 12.759179558802579 ], [ 101.786142700428641, 12.759269880083917 ], [ 101.785958664048209, 12.759271821608985 ], [ 101.785959653020086, 12.759362142903823 ], [ 101.78586763478593, 12.759363113625506 ], [ 101.78586862373281, 12.759453434926749 ], [ 101.785776605458508, 12.759454405623561 ], [ 101.785777594380434, 12.759544726931207 ], [ 101.785685576065987, 12.759545697603148 ], [ 101.785690520626531, 12.759997304166477 ], [ 101.785782539103806, 12.759996333459064 ], [ 101.785783528071235, 12.760086654762562 ], [ 101.785875546573479, 12.760085684016081 ], [ 101.785877524596216, 12.760266326606811 ], [ 101.785969543156014, 12.760265355814175 ], [ 101.785970532211337, 12.76035567710141 ], [ 101.786062550796103, 12.760354706269711 ], [ 101.786063539891572, 12.760445027549157 ], [ 101.786155558501306, 12.760444056678391 ], [ 101.786157536780152, 12.760624699221012 ], [ 101.786249555447426, 12.760623728304092 ], [ 101.786250544630803, 12.76071404956727 ], [ 101.786342563323075, 12.76071307861128 ], [ 101.786343552546583, 12.760803399866671 ], [ 101.786435571263823, 12.760802428871619 ], [ 101.786436560527491, 12.760892750119218 ], [ 101.786712616731407, 12.760889836920953 ], [ 101.786713606100349, 12.760980158146575 ], [ 101.786897643596816, 12.760978215840357 ], [ 101.786896654162732, 12.760887894628933 ], [ 101.786988672867011, 12.760886923434967 ], [ 101.786987683407943, 12.760796602229952 ], [ 101.787079702072077, 12.760795631011115 ], [ 101.787078712588041, 12.760705309812506 ], [ 101.787170731212001, 12.760704338568798 ], [ 101.787169741702982, 12.760614017376595 ], [ 101.787353778863036, 12.760612074807472 ], [ 101.787352789296463, 12.760521753628771 ], [ 101.787444807832543, 12.760520782303358 ], [ 101.787443818241002, 12.760430461131067 ] ], [ [ 101.787406236752517, 12.765399096288576 ], [ 101.787314216449971, 12.765400067965368 ], [ 101.787312236584995, 12.765219425666411 ], [ 101.787220216340017, 12.765220397297021 ], [ 101.787218236570581, 12.765039754981103 ], [ 101.78740227692262, 12.765037811716292 ], [ 101.787400297053239, 12.764857169426 ], [ 101.787492317152726, 12.764856197759819 ], [ 101.787493307116208, 12.764946518898213 ], [ 101.787585327240677, 12.764945547192958 ], [ 101.787586317244319, 12.765035868323562 ], [ 101.787862377669924, 12.765032952994616 ], [ 101.78786138756854, 12.764942631885313 ], [ 101.787953407662656, 12.764941660052138 ], [ 101.787952417536289, 12.764851338949246 ], [ 101.788044437590216, 12.764850367091194 ], [ 101.788042457295106, 12.764669724897534 ], [ 101.787950437306321, 12.764670696741387 ], [ 101.787949447202749, 12.764580375636415 ], [ 101.787765407267557, 12.76458231921398 ], [ 101.787764417236701, 12.764491998094119 ], [ 101.787672397290294, 12.764492969827833 ], [ 101.787671407299626, 12.764402648700182 ], [ 101.787487367449188, 12.764404592057479 ], [ 101.787483407823004, 12.764043307483151 ], [ 101.78729936820281, 12.764045250655736 ], [ 101.787298378380399, 12.763954929496226 ], [ 101.787022318990893, 12.763957843993984 ], [ 101.78702330871559, 12.76404816517479 ], [ 101.787115328552247, 12.764047193700417 ], [ 101.787116318317118, 12.764137514873433 ], [ 101.787024298447875, 12.764138486354904 ], [ 101.787025288187749, 12.764228807534327 ], [ 101.787117308089563, 12.764227836045755 ], [ 101.787118297869597, 12.764318157217387 ], [ 101.787210317796408, 12.764317185689739 ], [ 101.787211307616616, 12.764407506853583 ], [ 101.787395347512586, 12.764405563688159 ], [ 101.787397327306081, 12.764586205985369 ], [ 101.787489347307826, 12.76458523434049 ], [ 101.787490337248542, 12.764675555480959 ], [ 101.787398317214212, 12.76467652713294 ], [ 101.787399307129931, 12.764766848279816 ], [ 101.787307287055427, 12.764767819906915 ], [ 101.787305307296734, 12.764587177598269 ], [ 101.787121267255259, 12.764589120728136 ], [ 101.787123246883652, 12.764769763065171 ], [ 101.787215266973334, 12.76476879150203 ], [ 101.787217246697239, 12.764949433822103 ], [ 101.787125226542415, 12.764950405399439 ], [ 101.787124236709232, 12.764860084232653 ], [ 101.786940196441947, 12.764862027277189 ], [ 101.786939206681524, 12.764771706095514 ], [ 101.786755166449041, 12.764773648997938 ], [ 101.786756156144307, 12.76486397019381 ], [ 101.786664135984097, 12.76486494160415 ], [ 101.786665125654395, 12.764955262806428 ], [ 101.786573105454011, 12.764956234191887 ], [ 101.786576074412665, 12.765227197815864 ], [ 101.786668094710777, 12.765226226409114 ], [ 101.786670074119641, 12.765406868807444 ], [ 101.786854114823385, 12.765404925869612 ], [ 101.786859063804158, 12.765856531782353 ], [ 101.786951084307546, 12.765855560229975 ], [ 101.786952074159046, 12.765945881403351 ], [ 101.787228135721435, 12.765942966533034 ], [ 101.787227145772178, 12.765852645380955 ], [ 101.787503207168498, 12.76584973024409 ], [ 101.787502217129116, 12.765759409112617 ], [ 101.787594237546799, 12.765758437343463 ], [ 101.787593247482405, 12.7656681162184 ], [ 101.787685267859914, 12.765667144424363 ], [ 101.787684277770552, 12.765576823305706 ], [ 101.787592257425615, 12.765577795092639 ], [ 101.787591267376428, 12.765487473966191 ], [ 101.787407226728959, 12.765489417429913 ], [ 101.787406236752517, 12.765399096288576 ] ], [ [ 101.790510225655069, 12.721103869278632 ], [ 101.790878241871084, 12.721099991193638 ], [ 101.790876266585698, 12.720919348842679 ], [ 101.790968270555794, 12.720918379255981 ], [ 101.79096629523589, 12.720737736916478 ], [ 101.791058299133482, 12.720736767312125 ], [ 101.791053360804355, 12.720285161486833 ], [ 101.790961357069023, 12.720286131055646 ], [ 101.790962344687216, 12.720376452229189 ], [ 101.790778337128856, 12.72037839128544 ], [ 101.790779324689723, 12.72046871247251 ], [ 101.790503313197888, 12.720471620839223 ], [ 101.790506275633973, 12.72074258446025 ], [ 101.790322267740052, 12.720744523254705 ], [ 101.79032029290488, 12.720563880812955 ], [ 101.790412296790748, 12.720562911445874 ], [ 101.790411309352095, 12.720472590231067 ], [ 101.790135297769112, 12.720475498215407 ], [ 101.790136285110407, 12.720565819451531 ], [ 101.790044281201773, 12.720566788723023 ], [ 101.790045268518199, 12.720657109965556 ], [ 101.789585248698884, 12.72066195588056 ], [ 101.789583274398169, 12.720481313323754 ], [ 101.789491270476447, 12.720482282396953 ], [ 101.789492257590553, 12.720572603682806 ], [ 101.789216245682439, 12.720575510732525 ], [ 101.789217232706775, 12.720665832038996 ], [ 101.789401240718007, 12.720663894023506 ], [ 101.789402227814847, 12.720754215315079 ], [ 101.789310223780575, 12.720755184345858 ], [ 101.789311210852532, 12.720845505643846 ], [ 101.789219206778213, 12.720846474649862 ], [ 101.789223155012166, 12.721207759863328 ], [ 101.789315159216315, 12.721206790828898 ], [ 101.789320094841841, 12.721658397294695 ], [ 101.789412099200675, 12.721657428192886 ], [ 101.789414073568949, 12.721838070760171 ], [ 101.78978209118803, 12.721834193977426 ], [ 101.789780116560109, 12.721653551466972 ], [ 101.789872120881, 12.721652582205824 ], [ 101.789869158898668, 12.721381618456281 ], [ 101.789961163114597, 12.721380649184582 ], [ 101.789962150466891, 12.721470970428015 ], [ 101.790330167384468, 12.721467092994121 ], [ 101.790329179902329, 12.721376771779111 ], [ 101.790421184080273, 12.721375802348074 ], [ 101.790420196573294, 12.721285481139478 ], [ 101.790512200711191, 12.721284511683683 ], [ 101.790510225655069, 12.721103869278632 ] ], [ [ 101.792378965632977, 12.72370378423542 ], [ 101.792470970487756, 12.723702813918438 ], [ 101.792469982069122, 12.723612492884167 ], [ 101.79256198688384, 12.723611522542425 ], [ 101.792560010004465, 12.723430880486029 ], [ 101.792468005254676, 12.723431850813549 ], [ 101.792466028470628, 12.723251208740171 ], [ 101.792374023778166, 12.723252179021598 ], [ 101.792371058756473, 12.722981215885026 ], [ 101.792279054153795, 12.722982186113246 ], [ 101.792277077575591, 12.722801544004524 ], [ 101.79218507303024, 12.722802514186657 ], [ 101.792181120094853, 12.722441229932494 ], [ 101.792089115671729, 12.722442200054317 ], [ 101.79208812748935, 12.722351878981938 ], [ 101.791996123091081, 12.72235284906478 ], [ 101.791995134948749, 12.722262527984606 ], [ 101.791811126194375, 12.722264468040462 ], [ 101.791812114271792, 12.722354789134855 ], [ 101.791720109850729, 12.72235575912209 ], [ 101.791721097903292, 12.722446080222902 ], [ 101.791537088973485, 12.72244802011598 ], [ 101.791539064971545, 12.722628662343977 ], [ 101.791447060430329, 12.722629632256927 ], [ 101.791448048408284, 12.722719953376998 ], [ 101.791540052981972, 12.722718983456936 ], [ 101.791542029025607, 12.722899625680789 ], [ 101.791634033656621, 12.722898655714641 ], [ 101.791635021722286, 12.722988976818428 ], [ 101.791727026378155, 12.722988006813296 ], [ 101.791729990718181, 12.723258970099181 ], [ 101.79182199546382, 12.723258000040852 ], [ 101.791822983624812, 12.723348321127657 ], [ 101.791914988395334, 12.723347351030352 ], [ 101.79191696480504, 12.723527993187671 ], [ 101.792008969632874, 12.723527023044273 ], [ 101.792009957881589, 12.723617344114789 ], [ 101.792101962734307, 12.723616373932408 ], [ 101.792103939319446, 12.723797016057151 ], [ 101.792379954026742, 12.723794105276113 ], [ 101.792378965632977, 12.72370378423542 ] ], [ [ 101.791839783524225, 12.724883779497766 ], [ 101.791843736760853, 12.72524506379116 ], [ 101.792119753094866, 12.725242152955708 ], [ 101.792118764676914, 12.725151831904725 ], [ 101.792302775463327, 12.725149891202593 ], [ 101.792301786988034, 12.725059570165143 ], [ 101.792393792337378, 12.725058599773375 ], [ 101.792392803837217, 12.72496827874234 ], [ 101.792484809146501, 12.724967308325809 ], [ 101.792483820621484, 12.724876987301194 ], [ 101.79257582589068, 12.724876016859898 ], [ 101.792566929215283, 12.724063127671336 ], [ 101.792382919253626, 12.724065068394056 ], [ 101.792383907677788, 12.72415538943199 ], [ 101.792291902653105, 12.724156359752651 ], [ 101.792292891052398, 12.724246680797004 ], [ 101.79220088598764, 12.724247651092904 ], [ 101.792199897620804, 12.724157330041438 ], [ 101.792107892580916, 12.724158300298351 ], [ 101.792108880915293, 12.724248621356926 ], [ 101.791924870747792, 12.724250561789352 ], [ 101.791923882478358, 12.724160240716559 ], [ 101.791831877415675, 12.724161210877851 ], [ 101.791830889186301, 12.724070889797256 ], [ 101.791738884148472, 12.724071859919565 ], [ 101.791737895959159, 12.72398153883117 ], [ 101.791553885925651, 12.723983478965954 ], [ 101.79155289780887, 12.723893157862651 ], [ 101.791276882799025, 12.723896067804446 ], [ 101.791277870818433, 12.723986388929076 ], [ 101.791185865767488, 12.723987358853034 ], [ 101.791187841764156, 12.724168001114437 ], [ 101.791095836640693, 12.724168971020736 ], [ 101.791100776602946, 12.724620576697699 ], [ 101.791192781888725, 12.72461960675586 ], [ 101.791193769936442, 12.724709927882072 ], [ 101.79110176461819, 12.724710897831024 ], [ 101.791102752641024, 12.724801218963654 ], [ 101.791378768670398, 12.724798308999858 ], [ 101.791379756798221, 12.724888630110476 ], [ 101.79119574605464, 12.724890570132432 ], [ 101.791196734125151, 12.724980891256578 ], [ 101.7909207178554, 12.724983801071765 ], [ 101.790921705836098, 12.725074122216542 ], [ 101.790829700365194, 12.725075092098292 ], [ 101.790835628214069, 12.725617018995104 ], [ 101.791203650831321, 12.725613139106265 ], [ 101.791204638962597, 12.725703460224889 ], [ 101.79148065594319, 12.725700549952222 ], [ 101.791475714875787, 12.725248944458823 ], [ 101.791567720358458, 12.725247974339723 ], [ 101.791566732135294, 12.725157653246084 ], [ 101.791474726685095, 12.725158623358073 ], [ 101.791471762158608, 12.724887660051685 ], [ 101.791839783524225, 12.724883779497766 ] ], [ [ 101.790856299923846, 12.735914596015979 ], [ 101.791408356067762, 12.73590877132108 ], [ 101.791406378030814, 12.735728129253378 ], [ 101.791498387296556, 12.735727158373448 ], [ 101.791496409225005, 12.735546516317205 ], [ 101.791404400024263, 12.735547487182918 ], [ 101.791402422048094, 12.735366845109692 ], [ 101.791310412904735, 12.735367815929285 ], [ 101.791309423960556, 12.73527749488453 ], [ 101.791125405716059, 12.735279436413789 ], [ 101.791124416844454, 12.735189115354128 ], [ 101.791032407743302, 12.735190086063795 ], [ 101.791030430087872, 12.735009443928179 ], [ 101.79084641199276, 12.73501138522338 ], [ 101.790844434497714, 12.734830743056577 ], [ 101.790568407493026, 12.734833654717471 ], [ 101.790569396139276, 12.734923975822541 ], [ 101.790477387090007, 12.734924946319477 ], [ 101.790478375711359, 12.735015267430962 ], [ 101.790386366622016, 12.7350162379031 ], [ 101.790388343822528, 12.735196880138213 ], [ 101.790296334660596, 12.735197850592662 ], [ 101.79029831182649, 12.735378492839219 ], [ 101.790574339484436, 12.735375581337529 ], [ 101.79057532817626, 12.735465902438452 ], [ 101.790667337412899, 12.735464931866973 ], [ 101.790672281148431, 12.735916537325711 ], [ 101.79048826234262, 12.735918478507829 ], [ 101.790490239760032, 12.736099120714915 ], [ 101.790398230280729, 12.736100091272329 ], [ 101.790399218968332, 12.736190412381941 ], [ 101.790307209448954, 12.736191382914557 ], [ 101.790308198111646, 12.736281704030585 ], [ 101.790860255308985, 12.736275880313681 ], [ 101.790856299923846, 12.735914596015979 ] ], [ [ 101.793179295863666, 12.737967699349186 ], [ 101.793087285922269, 12.737968670981203 ], [ 101.793086296140189, 12.737878350091583 ], [ 101.7929022762996, 12.737880293245665 ], [ 101.792900296888249, 12.737699651435895 ], [ 101.79271627714725, 12.737701594433895 ], [ 101.792715287517979, 12.737611273513751 ], [ 101.792623277668582, 12.737612244957777 ], [ 101.792622288079414, 12.73752192402983 ], [ 101.792346258583109, 12.73752483814912 ], [ 101.792348237574032, 12.737705480046994 ], [ 101.792164217741799, 12.737707422662091 ], [ 101.792162238880891, 12.737526780735774 ], [ 101.791794199385251, 12.737530665526183 ], [ 101.791798156617446, 12.737891949489818 ], [ 101.792166196633119, 12.737888064585649 ], [ 101.792168175554821, 12.738068706506438 ], [ 101.792260185604746, 12.738067735186402 ], [ 101.792261175109516, 12.73815805613865 ], [ 101.792353185184325, 12.738157084779589 ], [ 101.792359122567547, 12.738699010435912 ], [ 101.792451132829783, 12.73869803900228 ], [ 101.792452122452758, 12.738788359935468 ], [ 101.792728153291392, 12.738785445421763 ], [ 101.792729143019471, 12.738875766332928 ], [ 101.792913163605562, 12.738873823150008 ], [ 101.792912173812454, 12.738783502253067 ], [ 101.793004184061587, 12.738782530620851 ], [ 101.793003194243596, 12.738692209730333 ], [ 101.793095204452612, 12.738691238073322 ], [ 101.793092234946712, 12.738420275418957 ], [ 101.793184245050611, 12.738419303751369 ], [ 101.793183255198016, 12.738328982872318 ], [ 101.793275265261826, 12.738328011179934 ], [ 101.793272295652145, 12.738057048559959 ], [ 101.79318028568585, 12.738058020231001 ], [ 101.793179295863666, 12.737967699349186 ] ], [ [ 101.791362837819875, 12.740154830313022 ], [ 101.791454848685817, 12.740153859116672 ], [ 101.791455838072835, 12.740244180117024 ], [ 101.791639859846939, 12.740242237614359 ], [ 101.791640849306575, 12.7403325585998 ], [ 101.791824871115296, 12.740330615955257 ], [ 101.791825860647535, 12.740420936925785 ], [ 101.792009882490888, 12.740418994139361 ], [ 101.792010872095744, 12.740509315094979 ], [ 101.792194893973715, 12.740507372166668 ], [ 101.792193904303829, 12.74041705122527 ], [ 101.792377926086374, 12.740415108183521 ], [ 101.792376936359062, 12.740324787255656 ], [ 101.79246894720643, 12.740323815694014 ], [ 101.792464988243211, 12.739962532004084 ], [ 101.792372977525886, 12.739963503537277 ], [ 101.792371987836603, 12.739873182605956 ], [ 101.792279977144176, 12.739874154100123 ], [ 101.792277997853404, 12.739693512221187 ], [ 101.792185987218417, 12.739694483669219 ], [ 101.792184997616943, 12.739604162721603 ], [ 101.792092987006839, 12.73960513413061 ], [ 101.792091007891713, 12.739424492219083 ], [ 101.792275028974288, 12.739422549397597 ], [ 101.792276018593057, 12.739512870339487 ], [ 101.792368029155455, 12.739511898873761 ], [ 101.792365060224412, 12.739240936067366 ], [ 101.79227304975953, 12.739241907511756 ], [ 101.792272060163555, 12.739151586567793 ], [ 101.792180049723584, 12.739152557973158 ], [ 101.792178070619443, 12.738971916068946 ], [ 101.792086060236883, 12.738972887428179 ], [ 101.792085070728731, 12.738882566467929 ], [ 101.791993060371084, 12.738883537788141 ], [ 101.791992070903035, 12.738793216820083 ], [ 101.791900060570271, 12.738794188101275 ], [ 101.791899071142325, 12.73870386712542 ], [ 101.791807060834486, 12.738704838367585 ], [ 101.791810029043617, 12.738975801314407 ], [ 101.791441987346175, 12.738979686049273 ], [ 101.79144000879252, 12.738799044028541 ], [ 101.79125598802824, 12.73880098617607 ], [ 101.791254009634997, 12.73862034412414 ], [ 101.791346019955938, 12.738619373080548 ], [ 101.791345030738213, 12.738529052060658 ], [ 101.791253020449787, 12.738530023097137 ], [ 101.791252031272151, 12.738439702069446 ], [ 101.791068010737504, 12.738441644032463 ], [ 101.791066032535056, 12.738261001946574 ], [ 101.790882012100028, 12.738262943753519 ], [ 101.790880034058006, 12.738082301636439 ], [ 101.790696013722581, 12.738084243287309 ], [ 101.790697991634616, 12.738264885432816 ], [ 101.790605981390513, 12.738265856224604 ], [ 101.79060795926793, 12.738446498381562 ], [ 101.79069996957702, 12.738445527575562 ], [ 101.790703925553018, 12.738806811852767 ], [ 101.790887946408489, 12.738804870088179 ], [ 101.79088992457207, 12.738985512194208 ], [ 101.791073945527174, 12.738983570273545 ], [ 101.79107988059036, 12.739525496489762 ], [ 101.791263901905126, 12.739523554356152 ], [ 101.791267859025936, 12.739884838429614 ], [ 101.791083837451112, 12.73988678062009 ], [ 101.791087794433423, 12.740248064739365 ], [ 101.790903772568143, 12.740250006859041 ], [ 101.790905750974858, 12.740430648942967 ], [ 101.791181783956446, 12.740427735672927 ], [ 101.791177826783311, 12.740066451587612 ], [ 101.791361848472974, 12.740064509304876 ], [ 101.791362837819875, 12.740154830313022 ] ], [ [ 101.791998997339022, 12.739425463581954 ], [ 101.79199800782537, 12.739335142618046 ], [ 101.791905997297576, 12.739336113941896 ], [ 101.791905007824028, 12.739245792970184 ], [ 101.792089028806984, 12.739243850304796 ], [ 101.792091007891713, 12.739424492219083 ], [ 101.791998997339022, 12.739425463581954 ] ], [ [ 101.791812997321159, 12.739246764255014 ], [ 101.791811018461857, 12.7390661222953 ], [ 101.791903028899725, 12.739065151024692 ], [ 101.791905007824028, 12.739245792970184 ], [ 101.791812997321159, 12.739246764255014 ] ], [ [ 101.792123667179155, 12.742405083405851 ], [ 101.792122677382167, 12.742314762471853 ], [ 101.792214688967576, 12.742313790849526 ], [ 101.792213699145677, 12.742223469921946 ], [ 101.792397722228671, 12.742221526595754 ], [ 101.792396732349346, 12.742131205681705 ], [ 101.792488743846931, 12.742130233977839 ], [ 101.79248775394268, 12.742039913070212 ], [ 101.792671776850014, 12.742037969580947 ], [ 101.792670786888351, 12.74194764868685 ], [ 101.792854809700245, 12.741945705084129 ], [ 101.792853819681156, 12.741855384203566 ], [ 101.792945831043184, 12.741854412361437 ], [ 101.792944840999183, 12.741764091487298 ], [ 101.793036852321094, 12.741763119620362 ], [ 101.793035862252182, 12.741672798752649 ], [ 101.793127873533976, 12.741671826860907 ], [ 101.793123913204326, 12.741310543411577 ], [ 101.791743745129821, 12.74132511800952 ], [ 101.791742755554083, 12.741234797038791 ], [ 101.791650744320819, 12.741235768416201 ], [ 101.791651733864043, 12.741326089394038 ], [ 101.791559722590662, 12.741327060746638 ], [ 101.79156170163489, 12.741507702714463 ], [ 101.791469690288892, 12.741508674049363 ], [ 101.791470679789882, 12.74159899503935 ], [ 101.79137866840378, 12.74159996634944 ], [ 101.791379657879858, 12.741690287345842 ], [ 101.79128764645364, 12.741691258631123 ], [ 101.791288635904806, 12.74178157963394 ], [ 101.790368520899563, 12.741791290802263 ], [ 101.790369510033202, 12.741881611875469 ], [ 101.79027749845838, 12.741882582823848 ], [ 101.790278487567107, 12.741972903903466 ], [ 101.790094464329655, 12.741974845718682 ], [ 101.790095453380943, 12.74206516681182 ], [ 101.790187465035984, 12.74206419591307 ], [ 101.790189443226382, 12.742244838083062 ], [ 101.790281454938835, 12.742243867138175 ], [ 101.790282444077945, 12.742334188215031 ], [ 101.790558479267318, 12.742331275167537 ], [ 101.790561447022853, 12.742602238329996 ], [ 101.790653458834996, 12.742601267229004 ], [ 101.790654448134546, 12.742691588274669 ], [ 101.790838471801081, 12.742689645962702 ], [ 101.790839461173249, 12.742779966993462 ], [ 101.790931473027641, 12.742778995782487 ], [ 101.790932462439926, 12.74286931680545 ], [ 101.791300509911551, 12.742865431613904 ], [ 101.791299520369193, 12.742775110619373 ], [ 101.791483543994374, 12.742773167846286 ], [ 101.791482554394591, 12.74268284686528 ], [ 101.791666577924346, 12.742680903978725 ], [ 101.791665588267122, 12.742590583011248 ], [ 101.791849611701451, 12.742588640011219 ], [ 101.791848621986802, 12.742498319057276 ], [ 101.791940633660062, 12.74249734751649 ], [ 101.7919396439205, 12.742407026568962 ], [ 101.792123667179155, 12.742405083405851 ] ], [ [ 101.789842166402636, 12.744145464758322 ], [ 101.789750153969337, 12.7441464356928 ], [ 101.789749164873427, 12.744056114587135 ], [ 101.789657152465054, 12.744057085482583 ], [ 101.789656163409248, 12.743966764369118 ], [ 101.789380126236097, 12.743969676842603 ], [ 101.789382104160168, 12.744150319111466 ], [ 101.789290091688898, 12.744151289886318 ], [ 101.789291080629809, 12.744241611026814 ], [ 101.789199068118421, 12.744242581776842 ], [ 101.789200057034392, 12.744332902923752 ], [ 101.788832006782826, 12.744336785633024 ], [ 101.788832995576314, 12.744427106807652 ], [ 101.788648970339935, 12.744429047984935 ], [ 101.788649959075983, 12.744519369173078 ], [ 101.788741971730488, 12.744518398593298 ], [ 101.788744938081734, 12.744789362132277 ], [ 101.788836950826223, 12.744788391499265 ], [ 101.788838928496716, 12.744969033840924 ], [ 101.789022954092985, 12.744967092450706 ], [ 101.789023943004665, 12.745057413606292 ], [ 101.789115955823931, 12.745056442856191 ], [ 101.789116944775742, 12.745146764003984 ], [ 101.789208957619934, 12.745145793214848 ], [ 101.789209946611848, 12.745236114354848 ], [ 101.789393972342495, 12.745234172666587 ], [ 101.789394961407055, 12.745324493791689 ], [ 101.789578987172391, 12.745322551961506 ], [ 101.789576019806361, 12.745051588626751 ], [ 101.789668032580067, 12.745050617685076 ], [ 101.789666054308981, 12.744869975472662 ], [ 101.789758067010055, 12.744869004513271 ], [ 101.789756088704308, 12.744688362312298 ], [ 101.789940113953563, 12.744686420326154 ], [ 101.789939124747036, 12.744596099238844 ], [ 101.790031137327745, 12.744595128204985 ], [ 101.790028169656196, 12.744324164960217 ], [ 101.789844144682291, 12.744326106953373 ], [ 101.789842166402636, 12.744145464758322 ] ], [ [ 101.792463071072717, 12.748182705394841 ], [ 101.792462080691649, 12.748092384526414 ], [ 101.792554094335685, 12.74809141235318 ], [ 101.792550132757285, 12.747730128900992 ], [ 101.792458119243364, 12.747731101045776 ], [ 101.792456138564845, 12.747550459301307 ], [ 101.791904057712046, 12.74755629141405 ], [ 101.791900097226915, 12.747195007746161 ], [ 101.791808083854946, 12.747195979624742 ], [ 101.791805113668488, 12.746925016845237 ], [ 101.791713100386502, 12.746925988670554 ], [ 101.791712110372089, 12.746835667735562 ], [ 101.791160030715787, 12.746841497974224 ], [ 101.791161020535043, 12.746931818951873 ], [ 101.79106900719988, 12.746932790553661 ], [ 101.791071976605693, 12.747203753503781 ], [ 101.790979963165327, 12.747204725094962 ], [ 101.790982932541937, 12.747475688060184 ], [ 101.791166959610223, 12.747473744803246 ], [ 101.791169929250387, 12.747744707719599 ], [ 101.791261942870719, 12.747743736021905 ], [ 101.791262932798503, 12.74783405698553 ], [ 101.791078905485179, 12.747836000363206 ], [ 101.791079895355509, 12.747926321340358 ], [ 101.790895867946745, 12.747928264604512 ], [ 101.790896857759606, 12.74801858559519 ], [ 101.790988871500318, 12.748017613971975 ], [ 101.79098986135331, 12.748107934954852 ], [ 101.790897847580069, 12.748108906585177 ], [ 101.790898837408122, 12.748199227574471 ], [ 101.790990851213891, 12.748198255937039 ], [ 101.790992830957876, 12.748378897899341 ], [ 101.791084844821114, 12.748377926215754 ], [ 101.791085834737032, 12.748468247188759 ], [ 101.791545904101895, 12.748463388256251 ], [ 101.791543923952347, 12.748282746380635 ], [ 101.791635937737453, 12.748281774512542 ], [ 101.791634947641555, 12.748191453580807 ], [ 101.79172696138653, 12.748190481687891 ], [ 101.79172498115247, 12.748009839836564 ], [ 101.791632967472538, 12.748010811715266 ], [ 101.791631977399447, 12.747920490781459 ], [ 101.791539963744455, 12.747921462621109 ], [ 101.791538973711482, 12.747831141679503 ], [ 101.791354946443761, 12.747833085248789 ], [ 101.791353956483448, 12.747742764292273 ], [ 101.791537983686112, 12.747740820737205 ], [ 101.791536993668331, 12.74765049979421 ], [ 101.791629007225737, 12.747649527975883 ], [ 101.791628017183044, 12.747559207039311 ], [ 101.791720030700304, 12.747558235196156 ], [ 101.791722010858365, 12.747738877054394 ], [ 101.791906038000221, 12.747736933243848 ], [ 101.79190702815572, 12.747827254157707 ], [ 101.79181501455605, 12.74782822608606 ], [ 101.791816994824785, 12.748008867925929 ], [ 101.791909008489512, 12.748007895983358 ], [ 101.791909998667791, 12.74809821689515 ], [ 101.792002012357443, 12.748097244913531 ], [ 101.792003002575868, 12.748187565817515 ], [ 101.792095016290432, 12.748186593796852 ], [ 101.792096006549002, 12.748276914693035 ], [ 101.792280034020408, 12.748274970541681 ], [ 101.79227904369678, 12.748184649659718 ], [ 101.792463071072717, 12.748182705394841 ] ], [ [ 101.791905047852339, 12.747646612329294 ], [ 101.791997061379334, 12.747645640383229 ], [ 101.791998051559759, 12.747735961290672 ], [ 101.791906038000221, 12.747736933243848 ], [ 101.791905047852339, 12.747646612329294 ] ], [ [ 101.792154595554678, 12.762006655980494 ], [ 101.79215360417308, 12.761916335182331 ], [ 101.792245622835182, 12.761915362080803 ], [ 101.79224463142863, 12.761825041289059 ], [ 101.792336650050558, 12.761824068162673 ], [ 101.792335658619052, 12.761733747377347 ], [ 101.792519695774956, 12.761731801042881 ], [ 101.792518704285911, 12.761641480271091 ], [ 101.792610722819887, 12.761640507063012 ], [ 101.792609731305888, 12.76155018629764 ], [ 101.792977805235495, 12.761546293174083 ], [ 101.792982763532947, 12.761997896851771 ], [ 101.792890744899125, 12.76199887021618 ], [ 101.792893719871174, 12.762269832435834 ], [ 101.792985738602709, 12.762268859050081 ], [ 101.792983755215275, 12.762088217585228 ], [ 101.793167792525253, 12.762086270746268 ], [ 101.793164817305737, 12.761815308586488 ], [ 101.793256835851608, 12.761814335140391 ], [ 101.793255844094404, 12.761724014426195 ], [ 101.793347862600115, 12.761723040955241 ], [ 101.793346870817956, 12.761632720247468 ], [ 101.793438889283479, 12.761631746751656 ], [ 101.793436905676856, 12.761451105348257 ], [ 101.793528924069633, 12.761450131834707 ], [ 101.793524956817393, 12.761088849048065 ], [ 101.793616975072311, 12.761087875531002 ], [ 101.793615983245687, 12.760997554839728 ], [ 101.793708001460431, 12.760996581297809 ], [ 101.793707009608866, 12.760906260612957 ], [ 101.793799027783436, 12.760905287046187 ], [ 101.793798035906903, 12.760814966367755 ], [ 101.793890054041299, 12.760813992776134 ], [ 101.793891045950403, 12.760904313447446 ], [ 101.793983064109753, 12.760903339816741 ], [ 101.793984056059017, 12.760993660480246 ], [ 101.794076074243335, 12.760992686810454 ], [ 101.7940750822615, 12.760902366154065 ], [ 101.794259118542158, 12.760900418732808 ], [ 101.794260110589121, 12.760990739374964 ], [ 101.794444146904496, 12.760988791811599 ], [ 101.794446131151503, 12.761169433065369 ], [ 101.794538149362921, 12.761168459221498 ], [ 101.794539141530393, 12.761258779840233 ], [ 101.794631159766752, 12.761257805957275 ], [ 101.794633144189703, 12.761438447178428 ], [ 101.794725162483587, 12.761437473249263 ], [ 101.794724170235739, 12.761347152646152 ], [ 101.794816188489435, 12.76134617869214 ], [ 101.794814203951447, 12.761165537498073 ], [ 101.794722185762879, 12.761166511437851 ], [ 101.794721193537868, 12.761076190832666 ], [ 101.794629175374254, 12.761077164733356 ], [ 101.794627191012182, 12.760896523506668 ], [ 101.79444315479239, 12.760898471183674 ], [ 101.794442162687915, 12.760808150555055 ], [ 101.794166108398855, 12.760811071809453 ], [ 101.794165116399654, 12.760720751158795 ], [ 101.794073098320652, 12.760721724839208 ], [ 101.794072106361654, 12.760631404180742 ], [ 101.793980088307592, 12.760632377822068 ], [ 101.793976120677911, 12.76027109515282 ], [ 101.794068138601702, 12.760270121539957 ], [ 101.794063179072964, 12.759818518223401 ], [ 101.793971161311973, 12.759819491800684 ], [ 101.793970169461616, 12.759729171128182 ], [ 101.793878151725593, 12.759730144666388 ], [ 101.793881127201814, 12.760001106703166 ], [ 101.793789109360503, 12.760002080230752 ], [ 101.793791092984222, 12.760182721599374 ], [ 101.79369907507018, 12.76018369510922 ], [ 101.793698083287069, 12.760093374418142 ], [ 101.793606065397967, 12.760094347888908 ], [ 101.793607057148506, 12.760184668587105 ], [ 101.793515039219244, 12.76018564203302 ], [ 101.793516030944829, 12.760275962737639 ], [ 101.793424012975379, 12.760276936158704 ], [ 101.793425996384244, 12.760457577580093 ], [ 101.793333978342076, 12.760458550983415 ], [ 101.793334970025342, 12.760548871700188 ], [ 101.793242951943, 12.760549845078661 ], [ 101.793243943601311, 12.760640165801853 ], [ 101.793151925478796, 12.760641139155471 ], [ 101.793152917112153, 12.760731459885086 ], [ 101.793060898949477, 12.760732433213848 ], [ 101.79306189055788, 12.760822753949883 ], [ 101.792969872355016, 12.760823727253793 ], [ 101.79297086393845, 12.760914047996252 ], [ 101.792878845695427, 12.760915021275304 ], [ 101.792879837253906, 12.761005342024184 ], [ 101.792695800679894, 12.761007288500609 ], [ 101.792697783689405, 12.761187930024741 ], [ 101.792605765325874, 12.761188903229224 ], [ 101.792606756809462, 12.761279223997368 ], [ 101.792422719994434, 12.761281170324652 ], [ 101.792423711420497, 12.761371491106326 ], [ 101.792331692969015, 12.761372464229122 ], [ 101.792332684370123, 12.761462785017217 ], [ 101.792240665878452, 12.761463758115159 ], [ 101.792242648638336, 12.761644399703492 ], [ 101.791966592922336, 12.76164731884816 ], [ 101.791967584215982, 12.761737639662623 ], [ 101.791875565596214, 12.761738612654016 ], [ 101.791876556864892, 12.761828933474893 ], [ 101.791968575517217, 12.761827960476394 ], [ 101.791969566826083, 12.761918281289471 ], [ 101.791877548141173, 12.761919254295085 ], [ 101.791878539425056, 12.762009575114581 ], [ 101.791602483226995, 12.762012493960922 ], [ 101.791601492040812, 12.761922173120096 ], [ 101.79150947332549, 12.761923145997825 ], [ 101.791504517671484, 12.761471541747758 ], [ 101.791320480543718, 12.761473487336206 ], [ 101.791318498465586, 12.761292845602901 ], [ 101.791226479955441, 12.761293818334952 ], [ 101.791234408189823, 12.762016385308442 ], [ 101.791326426960524, 12.762015412519519 ], [ 101.791329400271536, 12.762286375101835 ], [ 101.79123738140315, 12.762287347912084 ], [ 101.791239363583358, 12.762467989644385 ], [ 101.791331382516887, 12.762467016819917 ], [ 101.791330391390417, 12.762376695961223 ], [ 101.791514429169553, 12.762374750230588 ], [ 101.791513437985543, 12.762284429385421 ], [ 101.791789494499511, 12.762281510571004 ], [ 101.791788503225405, 12.762191189746471 ], [ 101.791972540798241, 12.762189243724553 ], [ 101.791971549466581, 12.762098922913552 ], [ 101.792063568209031, 12.762097949861742 ], [ 101.792062576852402, 12.762007629057159 ], [ 101.792154595554678, 12.762006655980494 ] ], [ [ 101.798084242654426, 12.723733884911681 ], [ 101.79808226184916, 12.723553243712237 ], [ 101.797898253125027, 12.72355518818847 ], [ 101.797896272480074, 12.723374546957766 ], [ 101.79752825520012, 12.723378435470778 ], [ 101.79752627484531, 12.72319779418032 ], [ 101.797434270571202, 12.723198766214647 ], [ 101.797436250861097, 12.723379407519355 ], [ 101.797252242160226, 12.723381351520894 ], [ 101.797254222350716, 12.723561992851332 ], [ 101.797070213489533, 12.723563936753878 ], [ 101.797071203531274, 12.72365425743231 ], [ 101.796979199056807, 12.723655229342897 ], [ 101.796980189073693, 12.723745550027759 ], [ 101.796888184559151, 12.723746521913599 ], [ 101.796889174551197, 12.723836842604889 ], [ 101.79679716999658, 12.723837814465981 ], [ 101.796798159963771, 12.723928135163709 ], [ 101.796614150766757, 12.723930078804509 ], [ 101.79661514067665, 12.724020399515791 ], [ 101.796431131384281, 12.724022343043346 ], [ 101.796433111097016, 12.724202984492319 ], [ 101.796065092161228, 12.72420687122192 ], [ 101.796064102430904, 12.724116550469299 ], [ 101.795972097710404, 12.724117522064892 ], [ 101.795971108020169, 12.724027201304457 ], [ 101.795879103324509, 12.724028172861065 ], [ 101.795878113674334, 12.723937852092817 ], [ 101.795694104325136, 12.723939795096168 ], [ 101.795689156513035, 12.723488191173399 ], [ 101.795597151989327, 12.723489162591667 ], [ 101.795596162482198, 12.723398841797925 ], [ 101.795504157983359, 12.723399813177206 ], [ 101.79550217905684, 12.723219171573406 ], [ 101.795410174615299, 12.72322014290658 ], [ 101.795409185195922, 12.723129822096526 ], [ 101.795317180779236, 12.723130793390709 ], [ 101.79531619139992, 12.723040472572848 ], [ 101.795224187008088, 12.723041443828041 ], [ 101.795223197668847, 12.722951123002373 ], [ 101.795131193301856, 12.722952094218579 ], [ 101.795130204002689, 12.722861773385102 ], [ 101.794854190953501, 12.722864686821143 ], [ 101.794858147806337, 12.723225970236321 ], [ 101.795042156773079, 12.723224027920557 ], [ 101.795044135374994, 12.723404669595533 ], [ 101.794952130830495, 12.723405640783588 ], [ 101.794953120110407, 12.723495961627156 ], [ 101.794861115525833, 12.723496932790454 ], [ 101.794863094043521, 12.723677574489761 ], [ 101.794771089386444, 12.723678545635423 ], [ 101.794772078624234, 12.723768866491156 ], [ 101.794680073927069, 12.72376983761206 ], [ 101.794682052360542, 12.723950479335693 ], [ 101.794590047590859, 12.72395145043896 ], [ 101.794591036786542, 12.724041771306853 ], [ 101.794407027159409, 12.724043713431998 ], [ 101.79440801629778, 12.72413403431344 ], [ 101.794316011440344, 12.724135005335317 ], [ 101.794317000553832, 12.724225326223179 ], [ 101.794224995656336, 12.724226297220302 ], [ 101.794228952056542, 12.724587580793326 ], [ 101.794136947021585, 12.724588551787033 ], [ 101.794137936108172, 12.724678872685679 ], [ 101.794045931033139, 12.724679843654627 ], [ 101.794048898241158, 12.724950806367769 ], [ 101.794140903413606, 12.724949835377473 ], [ 101.794141892530618, 12.725040156273355 ], [ 101.794049887325727, 12.725041127270767 ], [ 101.794051865517631, 12.725221769074693 ], [ 101.794235876049697, 12.725219827019536 ], [ 101.794234886885008, 12.72512950613215 ], [ 101.794326892107165, 12.725128535063872 ], [ 101.794324913735664, 12.724947893301257 ], [ 101.794232908578437, 12.724948864355303 ], [ 101.794231919436555, 12.724858543465842 ], [ 101.794323924561311, 12.724857572418912 ], [ 101.794322935394575, 12.724767251535878 ], [ 101.794414940479271, 12.724766280464189 ], [ 101.794413951287666, 12.724675959587584 ], [ 101.794505956332273, 12.724674988491135 ], [ 101.79450694555635, 12.724765309360624 ], [ 101.794598950625826, 12.724764338225187 ], [ 101.794599939889977, 12.724854659086869 ], [ 101.79450793478803, 12.724855630229426 ], [ 101.794509913274183, 12.725036271964962 ], [ 101.79460191844106, 12.725035300808171 ], [ 101.794602907728006, 12.725125621667784 ], [ 101.794694912919752, 12.725124650472004 ], [ 101.794695902246787, 12.725214971323814 ], [ 101.794787907463387, 12.725214000089041 ], [ 101.794788896830468, 12.725304320933041 ], [ 101.794880902071938, 12.725303349659276 ], [ 101.794881891479108, 12.725393670495469 ], [ 101.794973896745432, 12.725392699182709 ], [ 101.794974886192676, 12.725483020011096 ], [ 101.795158896767418, 12.725481077275708 ], [ 101.795157907255245, 12.725390756461559 ], [ 101.795341917734632, 12.725388813612904 ], [ 101.795340928165132, 12.7252984928123 ], [ 101.795432933360942, 12.725297521347274 ], [ 101.795431943766573, 12.725207200553095 ], [ 101.795523948922323, 12.725206229063314 ], [ 101.795522959303085, 12.725115908275566 ], [ 101.795614964418746, 12.725114936761029 ], [ 101.795613974774668, 12.725024615979713 ], [ 101.795705979850254, 12.725023644440418 ], [ 101.795704990181321, 12.724933323665526 ], [ 101.795889000244728, 12.724931380505545 ], [ 101.795888010518468, 12.724841059744202 ], [ 101.795980015506316, 12.72484008812352 ], [ 101.795979025755187, 12.724749767368609 ], [ 101.79616303564309, 12.724747824045858 ], [ 101.796164025459149, 12.72483814478653 ], [ 101.796072020486534, 12.724839116470962 ], [ 101.796073010277723, 12.724929437218067 ], [ 101.796165015282796, 12.724928465526512 ], [ 101.796167984799453, 12.725199427742314 ], [ 101.796075979696965, 12.725200399455229 ], [ 101.796077959347841, 12.725381040943219 ], [ 101.796169964515258, 12.725380069216065 ], [ 101.796171944261516, 12.725560710687054 ], [ 101.796263949486246, 12.725559738913782 ], [ 101.796264939403258, 12.72565005964112 ], [ 101.796448949894838, 12.725648115984704 ], [ 101.796449939884383, 12.725738436697112 ], [ 101.796633950410452, 12.725736492898942 ], [ 101.796634940472558, 12.725826813596415 ], [ 101.796726945756632, 12.725825841642395 ], [ 101.796727935858826, 12.725916162332057 ], [ 101.796635930542266, 12.7259171342932 ], [ 101.796636920619591, 12.726007454989292 ], [ 101.796728925968623, 12.726006483021026 ], [ 101.796729916086022, 12.726096803709307 ], [ 101.796821921459895, 12.72609583170204 ], [ 101.796823901782489, 12.726276473062288 ], [ 101.796915907213688, 12.726275501008898 ], [ 101.796916897418868, 12.726365821680862 ], [ 101.797284919197438, 12.726361933120035 ], [ 101.797285909540108, 12.726452253762815 ], [ 101.797193904074419, 12.726453225957966 ], [ 101.797198855739623, 12.726904829197135 ], [ 101.797106850103972, 12.726905801396022 ], [ 101.797105859788175, 12.726815480742445 ], [ 101.796921848558952, 12.726817425030326 ], [ 101.79692283880982, 12.726907745698149 ], [ 101.797014844460691, 12.726906773563025 ], [ 101.797017815356355, 12.72717773554098 ], [ 101.797201826830104, 12.727175791132353 ], [ 101.797203807595153, 12.72735643241905 ], [ 101.797295813385574, 12.727355460152667 ], [ 101.797296803811989, 12.727445780787855 ], [ 101.79738880962725, 12.727444808482469 ], [ 101.797390790567874, 12.727625449736525 ], [ 101.797298784687669, 12.727626422056156 ], [ 101.797299775136921, 12.727716742689273 ], [ 101.797115763288716, 12.727718687247139 ], [ 101.797116753680655, 12.727809007893811 ], [ 101.797024747712655, 12.72780998013204 ], [ 101.797025738079725, 12.727900300785143 ], [ 101.796933732071636, 12.727901272998617 ], [ 101.796934722413823, 12.727991593658153 ], [ 101.797118734487327, 12.727989649185078 ], [ 101.797119724902103, 12.728079969829681 ], [ 101.797211730959901, 12.728078997538198 ], [ 101.797212721414752, 12.728169318174979 ], [ 101.797120715324468, 12.72817029047359 ], [ 101.797121705754464, 12.728260611116808 ], [ 101.79721371187722, 12.728259638811078 ], [ 101.797214702347304, 12.728349959446483 ], [ 101.797122696192076, 12.728350931759337 ], [ 101.797123686637278, 12.728441252401174 ], [ 101.796939674239042, 12.728443196945474 ], [ 101.796940664626916, 12.728533517600866 ], [ 101.796756652133269, 12.728535462031871 ], [ 101.796760613501107, 12.728896744703516 ], [ 101.796852619881633, 12.728895772475466 ], [ 101.796853610275107, 12.728986093134528 ], [ 101.797405648593298, 12.728980259053902 ], [ 101.797403667424263, 12.728799617820558 ], [ 101.797495673719027, 12.728798645376436 ], [ 101.797492701925151, 12.72852768354262 ], [ 101.797400695727816, 12.728528655965372 ], [ 101.797399705177554, 12.728438335345594 ], [ 101.797307699005088, 12.728439307729335 ], [ 101.797306708494915, 12.728348987101747 ], [ 101.7974907207673, 12.728347042316623 ], [ 101.797491711342417, 12.728437362929967 ], [ 101.797583717499663, 12.728436390482452 ], [ 101.797584708114883, 12.728526711087982 ], [ 101.797676714296983, 12.728525738601459 ], [ 101.797681667649613, 12.728977341583128 ], [ 101.797773673986498, 12.728976369029102 ], [ 101.797772683268263, 12.728886048441272 ], [ 101.797864689565046, 12.728885075862484 ], [ 101.79786667107409, 12.729065717023202 ], [ 101.797958677428213, 12.729064744398277 ], [ 101.797957686637403, 12.72897442382539 ], [ 101.798141699257854, 12.728972478494134 ], [ 101.798143680976978, 12.729153119610716 ], [ 101.798051674605603, 12.729154092306535 ], [ 101.798054647143985, 12.729425053997609 ], [ 101.798146653612775, 12.72942408128041 ], [ 101.798147644506614, 12.729514401835596 ], [ 101.79833165748633, 12.729512456291291 ], [ 101.798330666527534, 12.72942213575036 ], [ 101.798238660073963, 12.729423108531327 ], [ 101.798229742079897, 12.728610223567729 ], [ 101.798137735910998, 12.728611196252679 ], [ 101.798138726736283, 12.72870151681408 ], [ 101.798046720527296, 12.728702489474276 ], [ 101.798044738949272, 12.728521848336532 ], [ 101.798136745093316, 12.728520875690592 ], [ 101.798131791119175, 12.728069272869782 ], [ 101.798223797093229, 12.728068300227584 ], [ 101.798222806288763, 12.727977979668474 ], [ 101.798130800347195, 12.727978952303548 ], [ 101.798129809582832, 12.727888631736626 ], [ 101.798221815491928, 12.727887659108678 ], [ 101.798220824702696, 12.727797338548189 ], [ 101.798128818826086, 12.727798311169011 ], [ 101.798126837335431, 12.727617670031711 ], [ 101.798218843147097, 12.727616697425141 ], [ 101.798202001154479, 12.726081247767691 ], [ 101.798294006406536, 12.726080275250379 ], [ 101.798293015737158, 12.725989954683202 ], [ 101.798201010517587, 12.725990927193394 ], [ 101.798200019888284, 12.725900606618399 ], [ 101.798108014693554, 12.725901579089589 ], [ 101.798107024104354, 12.725811258506782 ], [ 101.798199029266613, 12.725810286042721 ], [ 101.79819407627248, 12.725358683153962 ], [ 101.798286081264791, 12.725357710693654 ], [ 101.798280137728341, 12.724815787247108 ], [ 101.798372142518247, 12.72481481479768 ], [ 101.798371151923021, 12.724724494227967 ], [ 101.798187142400536, 12.724726439080698 ], [ 101.798186151877871, 12.724636118496043 ], [ 101.798278156610451, 12.724635146092739 ], [ 101.798277166062931, 12.724544825514519 ], [ 101.798369170755436, 12.724543853086464 ], [ 101.798367189618318, 12.724363211942205 ], [ 101.798459194238291, 12.724362239496529 ], [ 101.798458203648678, 12.724271918930489 ], [ 101.798366199061178, 12.724272891369038 ], [ 101.798362236908787, 12.723911609069466 ], [ 101.798270232443528, 12.723912581447637 ], [ 101.79826825147795, 12.723731940279457 ], [ 101.798084242654426, 12.723733884911681 ] ], [ [ 101.798188132930832, 12.724816759664664 ], [ 101.798096128125692, 12.724817732050344 ], [ 101.798097118631119, 12.724908052640744 ], [ 101.798005113785905, 12.724909025001677 ], [ 101.798003132847597, 12.724728383805932 ], [ 101.798187142400536, 12.724726439080698 ], [ 101.798188132930832, 12.724816759664664 ] ], [ [ 101.797392771538952, 12.727806090987817 ], [ 101.797391781049612, 12.727715770362517 ], [ 101.797483786954672, 12.727714798003877 ], [ 101.797484777476498, 12.727805118622056 ], [ 101.797392771538952, 12.727806090987817 ] ], [ [ 101.797819123264176, 12.724730328403668 ], [ 101.797821104072653, 12.724910969627912 ], [ 101.797913108933088, 12.72490999733073 ], [ 101.797914099381217, 12.725000317934692 ], [ 101.798006104266506, 12.724999345598514 ], [ 101.798007094754695, 12.725089666194656 ], [ 101.79782308491157, 12.725091610849391 ], [ 101.797822094488296, 12.725001290238996 ], [ 101.797638084679633, 12.725003234751979 ], [ 101.79763709432892, 12.724912914126646 ], [ 101.797729099204588, 12.724911941893218 ], [ 101.79772711846104, 12.724731300654723 ], [ 101.797819123264176, 12.724730328403668 ] ], [ [ 101.797818132871356, 12.724640007790512 ], [ 101.797910137634418, 12.724639035514704 ], [ 101.797911128059695, 12.724729356120736 ], [ 101.797819123264176, 12.724730328403668 ], [ 101.797818132871356, 12.724640007790512 ] ], [ [ 101.798184170855365, 12.724455477324659 ], [ 101.798183180355551, 12.72436515673793 ], [ 101.798275184990743, 12.724364184356006 ], [ 101.798276175523029, 12.724454504935606 ], [ 101.798184170855365, 12.724455477324659 ] ], [ [ 101.795908796367996, 12.726737795587411 ], [ 101.795816790690722, 12.726738767325731 ], [ 101.79581580084475, 12.726648446571078 ], [ 101.79572379519233, 12.7266494182704 ], [ 101.795721815588124, 12.726468776744779 ], [ 101.795813821175614, 12.726467805059698 ], [ 101.795814811006366, 12.72655812581573 ], [ 101.795998822223424, 12.72655618233569 ], [ 101.796000802037668, 12.726736823817209 ], [ 101.796092807699722, 12.72673585201513 ], [ 101.796093797650727, 12.726826172747737 ], [ 101.796185803337636, 12.726825200906655 ], [ 101.796186793328715, 12.726915521631449 ], [ 101.796278799040493, 12.726914549751369 ], [ 101.796279789071662, 12.727004870468349 ], [ 101.796371794808309, 12.727003898549269 ], [ 101.796369814688632, 12.726823257128851 ], [ 101.796645831658054, 12.726820341223052 ], [ 101.796644841512219, 12.726730020533171 ], [ 101.796736847120997, 12.726729048507936 ], [ 101.796735856950306, 12.726638727824486 ], [ 101.796827862519009, 12.726637755774492 ], [ 101.796825882135522, 12.72645711441977 ], [ 101.796733876631777, 12.726458086455521 ], [ 101.796732886483909, 12.726367765770004 ], [ 101.796640881005004, 12.726368737766757 ], [ 101.796638900797078, 12.726188096379403 ], [ 101.796454889946332, 12.726190040248785 ], [ 101.796453899918717, 12.72609971953983 ], [ 101.796361894514391, 12.726100691419585 ], [ 101.796360904526864, 12.726010370702818 ], [ 101.796268899147407, 12.726011342543572 ], [ 101.796265929327888, 12.725740380367771 ], [ 101.7961739240382, 12.725741352155282 ], [ 101.796171944261516, 12.725560710687054 ], [ 101.79607993902917, 12.725561682428451 ], [ 101.796078949184704, 12.72547136168618 ], [ 101.795802933539406, 12.725474276697746 ], [ 101.795803923286471, 12.725564597461373 ], [ 101.795711918023684, 12.725565569075258 ], [ 101.795712907745894, 12.725655889845321 ], [ 101.79552889713257, 12.725657832991704 ], [ 101.795530876469925, 12.725838474558223 ], [ 101.79543887108693, 12.725839446097838 ], [ 101.795441840052618, 12.7261104084638 ], [ 101.79507381805486, 12.726114294388893 ], [ 101.795074807595427, 12.726204615204637 ], [ 101.794890796485987, 12.72620655799015 ], [ 101.79489277546007, 12.726387199648038 ], [ 101.794800769828981, 12.72638817100721 ], [ 101.79480175929497, 12.726478491842236 ], [ 101.794525742258671, 12.726481405749825 ], [ 101.794526731634861, 12.726571726605512 ], [ 101.794618737353701, 12.726570755327746 ], [ 101.794619726769952, 12.726661076175626 ], [ 101.794711732513662, 12.726660104858862 ], [ 101.794712721970001, 12.726750425698935 ], [ 101.794804727738565, 12.726749454343175 ], [ 101.794806706738981, 12.726930096007015 ], [ 101.79499071838319, 12.726928153171386 ], [ 101.794991707959753, 12.727018473988039 ], [ 101.795175719638465, 12.72701653101065 ], [ 101.795178688608644, 12.727287493413753 ], [ 101.795270694534011, 12.727286521855884 ], [ 101.795271684238429, 12.727376842648418 ], [ 101.795363690188651, 12.727375871051553 ], [ 101.795365669685253, 12.727556512620311 ], [ 101.795457675692816, 12.727555540977324 ], [ 101.795458665485, 12.727645861753553 ], [ 101.795642677542247, 12.727643918357693 ], [ 101.795641687685119, 12.727553597595701 ], [ 101.795825699646997, 12.727551654086554 ], [ 101.795824709732528, 12.727461333338111 ], [ 101.795916715669577, 12.727460361542837 ], [ 101.795915725730239, 12.727370040800826 ], [ 101.796099737516556, 12.727368097128863 ], [ 101.796095777575559, 12.727006814210872 ], [ 101.796003771816089, 12.727007786034314 ], [ 101.796002781882351, 12.726917465295971 ], [ 101.795910776147736, 12.726918437080409 ], [ 101.795908796367996, 12.726737795587411 ] ], [ [ 101.795362700451761, 12.727285550266133 ], [ 101.795361710722489, 12.727195229480026 ], [ 101.795453716600164, 12.727194257865511 ], [ 101.795454706361909, 12.7272845786445 ], [ 101.795362700451761, 12.727285550266133 ] ], [ [ 101.793898518806373, 12.72802365905129 ], [ 101.793897529535826, 12.727933338156838 ], [ 101.794081542046555, 12.727931395802292 ], [ 101.794076595483105, 12.727479791390836 ], [ 101.793984589393915, 12.727480762548479 ], [ 101.793983600136514, 12.727390441656999 ], [ 101.793707581920742, 12.727393354917282 ], [ 101.793706592768359, 12.72730303400377 ], [ 101.793614586713716, 12.727304005019652 ], [ 101.793615575833613, 12.727394325940274 ], [ 101.793523569738866, 12.727395296931393 ], [ 101.793524558833909, 12.72748561785844 ], [ 101.793432552699102, 12.727486588824789 ], [ 101.793433541769261, 12.727576909758259 ], [ 101.793341535594379, 12.727577880699837 ], [ 101.793342524639669, 12.727668201639736 ], [ 101.793250518424699, 12.727669172556544 ], [ 101.793253485508785, 12.727940135393428 ], [ 101.793161479188797, 12.727941106299692 ], [ 101.793162468199554, 12.728031427251054 ], [ 101.793070461839477, 12.728032398132546 ], [ 101.793069472861205, 12.727942077174074 ], [ 101.792885460183228, 12.72794401882719 ], [ 101.792886449096557, 12.728034339799889 ], [ 101.792794442713685, 12.72803531058573 ], [ 101.792800376158453, 12.728577236450095 ], [ 101.792892382736184, 12.728576265621578 ], [ 101.792893371702732, 12.728666586589446 ], [ 101.793169391487709, 12.728663673891248 ], [ 101.793171369638472, 12.728844315782233 ], [ 101.793263376283207, 12.728843344804835 ], [ 101.793262387171552, 12.728753023866803 ], [ 101.793446400373284, 12.728751081830582 ], [ 101.793445411204289, 12.728660760906086 ], [ 101.793537417761272, 12.72865978984726 ], [ 101.793535439381117, 12.728479148010418 ], [ 101.793351426389449, 12.72848109006773 ], [ 101.793347469980191, 12.728119806328856 ], [ 101.793807501752823, 12.728114951088726 ], [ 101.793806512507146, 12.728024630187853 ], [ 101.793898518806373, 12.72802365905129 ] ], [ [ 101.793168402423746, 12.728573352944718 ], [ 101.793352415510768, 12.72857141100072 ], [ 101.793353404639703, 12.728661731933023 ], [ 101.793169391487709, 12.728663673891248 ], [ 101.793168402423746, 12.728573352944718 ] ], [ [ 101.794450600695939, 12.736418639747132 ], [ 101.794358591413499, 12.736419611704902 ], [ 101.794357601305705, 12.736329290903138 ], [ 101.794265592048177, 12.736330262821889 ], [ 101.794264601980487, 12.73623994201232 ], [ 101.794172592747842, 12.736240913892049 ], [ 101.794166652696404, 12.735698988977425 ], [ 101.793982634598251, 12.735700932555785 ], [ 101.793981644681296, 12.735610611720032 ], [ 101.793797626617717, 12.73561255515655 ], [ 101.793798616469687, 12.735702876006529 ], [ 101.793430580121282, 12.735706762525181 ], [ 101.793434539085268, 12.736068046032031 ], [ 101.79334252984917, 12.73606901761039 ], [ 101.79334351957668, 12.736159338492493 ], [ 101.793435528845279, 12.73615836690702 ], [ 101.793436518612879, 12.736248687781316 ], [ 101.793528527906361, 12.736247716156825 ], [ 101.793529517714077, 12.736338037023312 ], [ 101.793621527032457, 12.736337065359802 ], [ 101.793622516880276, 12.736427386218489 ], [ 101.793714526223539, 12.736426414515959 ], [ 101.793717495910101, 12.736697377066525 ], [ 101.793533477020972, 12.736699320482366 ], [ 101.793532487182844, 12.736608999618641 ], [ 101.793440477759376, 12.736609971271587 ], [ 101.793438498170914, 12.736429329527832 ], [ 101.793346488804829, 12.736430301134648 ], [ 101.79334549905451, 12.736339980254618 ], [ 101.793253489713322, 12.736340951822415 ], [ 101.793252500003106, 12.736250630934583 ], [ 101.793160490686816, 12.736251602463359 ], [ 101.793159501016689, 12.736161281567728 ], [ 101.792883473119659, 12.736164195941292 ], [ 101.7928844626923, 12.736254516858262 ], [ 101.792792453345598, 12.73625548825942 ], [ 101.792794432448659, 12.73643613010552 ], [ 101.792886441860361, 12.736435158690139 ], [ 101.79288941066946, 12.736706121432768 ], [ 101.79298142017106, 12.736705149964143 ], [ 101.792982409821803, 12.736795470869859 ], [ 101.793074419348301, 12.736794499362215 ], [ 101.793076398737568, 12.736975141157352 ], [ 101.793260417897741, 12.736973198017894 ], [ 101.793263387233694, 12.737244160662735 ], [ 101.793723435488559, 12.737239302149012 ], [ 101.793722445539814, 12.737148981303658 ], [ 101.793814455135461, 12.737148009512305 ], [ 101.793812475195779, 12.736967367833756 ], [ 101.793904484718823, 12.736966396024725 ], [ 101.7939034947279, 12.736876075191526 ], [ 101.793995504210841, 12.736875103357708 ], [ 101.793996494234264, 12.736965424183786 ], [ 101.794180513242367, 12.736963480406196 ], [ 101.794186453932696, 12.737505405262793 ], [ 101.79427846362033, 12.737504433283442 ], [ 101.794279453794516, 12.737594754083339 ], [ 101.794371463507034, 12.737593782064964 ], [ 101.794370473300361, 12.737503461272183 ], [ 101.794462482972776, 12.737502489229016 ], [ 101.794461492741192, 12.737412168442658 ], [ 101.794553502373518, 12.737411196374698 ], [ 101.794552512117036, 12.737320875594767 ], [ 101.794644521709245, 12.737319903502019 ], [ 101.79464353142788, 12.737229582728514 ], [ 101.794551521868186, 12.737230554814147 ], [ 101.79454954139328, 12.737049913250827 ], [ 101.79445753189097, 12.737050885290321 ], [ 101.794450600695939, 12.736418639747132 ] ], [ [ 101.798109366189266, 12.742793463443777 ], [ 101.797833332285862, 12.742796384471939 ], [ 101.79783630788441, 12.743067345935495 ], [ 101.798020330689383, 12.743065398572552 ], [ 101.798022314589872, 12.743246039516301 ], [ 101.798114326045962, 12.743245065772696 ], [ 101.798113334059394, 12.743154745308294 ], [ 101.798297356883694, 12.743152797739571 ], [ 101.798298348935305, 12.743243118189719 ], [ 101.798206337494449, 12.743244091997168 ], [ 101.798209313597425, 12.743515053364845 ], [ 101.798393336666621, 12.743513105675266 ], [ 101.798394328781214, 12.743603426115524 ], [ 101.798762374958258, 12.743599530324779 ], [ 101.798761382713593, 12.743509209913029 ], [ 101.79885339420629, 12.743508235892662 ], [ 101.798852401936728, 12.743417915487349 ], [ 101.798944413389293, 12.743416941442188 ], [ 101.798943421094833, 12.743326621043314 ], [ 101.799035432507253, 12.743325646973355 ], [ 101.799031463275554, 12.74296436539945 ], [ 101.799215485817413, 12.742962417220797 ], [ 101.799216478178934, 12.743052737601055 ], [ 101.79930848947096, 12.743051763456714 ], [ 101.79930749707691, 12.742961443083587 ], [ 101.799583530809684, 12.742958520480432 ], [ 101.799582538325723, 12.742868200128001 ], [ 101.799858571892358, 12.742865277258941 ], [ 101.799855594193559, 12.742594316261666 ], [ 101.799763583109836, 12.742595290561884 ], [ 101.799761598080451, 12.742414649879315 ], [ 101.799577576020212, 12.742416598355469 ], [ 101.799576583581967, 12.742326277998888 ], [ 101.799392561556274, 12.742328226333104 ], [ 101.799391569190675, 12.742237905961575 ], [ 101.799299558198911, 12.742238880073671 ], [ 101.799298565873457, 12.742148559694318 ], [ 101.79920655490659, 12.742149533767371 ], [ 101.799205562621253, 12.7420592133802 ], [ 101.79883751880763, 12.742063109324693 ], [ 101.798836526659983, 12.741972788908319 ], [ 101.798928537592303, 12.741971814977203 ], [ 101.798927545419758, 12.741881494567265 ], [ 101.798835534519938, 12.741882468491253 ], [ 101.798834542387524, 12.741792148073493 ], [ 101.798650520630062, 12.741794095811461 ], [ 101.798649528570294, 12.741703775378758 ], [ 101.798557517712652, 12.741704749192735 ], [ 101.798556525693016, 12.741614428752214 ], [ 101.798372504019881, 12.741616376270164 ], [ 101.79837151207289, 12.741526055814697 ], [ 101.798279501257412, 12.741527029518666 ], [ 101.798278509350538, 12.74143670905538 ], [ 101.798094487761745, 12.741438656353317 ], [ 101.798096471453064, 12.741619297307698 ], [ 101.798004460582234, 12.741620270923042 ], [ 101.798007436078777, 12.741891232370804 ], [ 101.79809944704715, 12.741890258734086 ], [ 101.798100438927094, 12.741980579208166 ], [ 101.798192449920364, 12.741979605532403 ], [ 101.798194433768103, 12.742160246464234 ], [ 101.798286444818785, 12.742159272742299 ], [ 101.798288428762035, 12.742339913657117 ], [ 101.798012395392064, 12.742342834769921 ], [ 101.798013387277564, 12.742433155247667 ], [ 101.797829364927793, 12.742435102510854 ], [ 101.797830356755881, 12.742525423002162 ], [ 101.79773834553707, 12.742526396593 ], [ 101.797740329151068, 12.742707037587792 ], [ 101.79792435171116, 12.742705090345696 ], [ 101.797923359835323, 12.742614769862898 ], [ 101.798015371071429, 12.742613796201093 ], [ 101.798014379170681, 12.742523475724727 ], [ 101.798106390366655, 12.742522502038128 ], [ 101.798109366189266, 12.742793463443777 ] ], [ [ 101.798939451993192, 12.742965339440893 ], [ 101.798938459736831, 12.742875019038562 ], [ 101.799030470986679, 12.742874045004246 ], [ 101.799031463275554, 12.74296436539945 ], [ 101.798939451993192, 12.742965339440893 ] ], [ [ 101.798838510962895, 12.742153429740373 ], [ 101.798746499957929, 12.742154403653831 ], [ 101.798745507835164, 12.742064083231019 ], [ 101.79883751880763, 12.742063109324693 ], [ 101.798838510962895, 12.742153429740373 ] ], [ [ 101.79838043987013, 12.742338939889009 ], [ 101.798381431885673, 12.742429260338254 ], [ 101.798289420745078, 12.742430234113488 ], [ 101.798288428762035, 12.742339913657117 ], [ 101.79838043987013, 12.742338939889009 ] ], [ [ 101.79856545414404, 12.742427312692028 ], [ 101.798566446232243, 12.742517633126322 ], [ 101.798382423908862, 12.742519580786807 ], [ 101.798381431885673, 12.742429260338254 ], [ 101.79856545414404, 12.742427312692028 ] ], [ [ 101.796867816159804, 12.747052158347808 ], [ 101.796866824308651, 12.746961837812703 ], [ 101.796958837197124, 12.746960864192058 ], [ 101.796957845321074, 12.746870543663388 ], [ 101.797049858169402, 12.746869570017932 ], [ 101.79704886626844, 12.746779249495692 ], [ 101.797140879076636, 12.746778275825427 ], [ 101.797139887150763, 12.746687955309623 ], [ 101.797231899918813, 12.74668698161455 ], [ 101.797230907968029, 12.746596661105176 ], [ 101.797322920695933, 12.746595687385293 ], [ 101.797321928720237, 12.746505366882353 ], [ 101.79741394140801, 12.746504393137664 ], [ 101.797412949407388, 12.746414072641155 ], [ 101.797504962055029, 12.746413098871662 ], [ 101.79750397002951, 12.746322778381584 ], [ 101.797595982636992, 12.746321804587284 ], [ 101.797593998543761, 12.746141163619301 ], [ 101.797501986001322, 12.746142137399353 ], [ 101.797500993998639, 12.746051816907203 ], [ 101.797316968955968, 12.746053764357269 ], [ 101.79731597702596, 12.745963443850178 ], [ 101.797223964525713, 12.74596441752019 ], [ 101.797222972635851, 12.745874097005283 ], [ 101.797130960160516, 12.745875070636242 ], [ 101.797129968310784, 12.745784750113524 ], [ 101.797037955860375, 12.74578572370543 ], [ 101.797036964050776, 12.745695403174896 ], [ 101.796760926751389, 12.745698323737676 ], [ 101.796758943350184, 12.745517682631791 ], [ 101.796574918575956, 12.745519629485512 ], [ 101.796575910207707, 12.745609950053044 ], [ 101.796483897776639, 12.745610923439132 ], [ 101.796484889383478, 12.745701244013096 ], [ 101.796576901847061, 12.745700270619881 ], [ 101.796577893494032, 12.745790591186033 ], [ 101.796669905982526, 12.74578961775377 ], [ 101.796670897669642, 12.745879938312108 ], [ 101.796762910183048, 12.74587896484079 ], [ 101.796763901910282, 12.745969285391316 ], [ 101.796671889364362, 12.74597025886975 ], [ 101.796672881066698, 12.746060579426706 ], [ 101.796488855886963, 12.746062526302032 ], [ 101.796485880997921, 12.745791564586366 ], [ 101.796025818403194, 12.745796431109094 ], [ 101.796026809862624, 12.745886751717281 ], [ 101.796118822429321, 12.745885778469471 ], [ 101.796119813928911, 12.745976099069846 ], [ 101.795935788722872, 12.745978045547774 ], [ 101.795936780165007, 12.746068366161698 ], [ 101.795752754863457, 12.746070312526147 ], [ 101.795755729040422, 12.746341274406491 ], [ 101.795847741792571, 12.746340301218874 ], [ 101.795848733232646, 12.746430621837151 ], [ 101.795940746009705, 12.746429648610476 ], [ 101.795943720473161, 12.746700610439804 ], [ 101.795667681826387, 12.746703530088105 ], [ 101.795668673231859, 12.746793850717856 ], [ 101.795576660301862, 12.746794823877211 ], [ 101.795578643070556, 12.746975465148884 ], [ 101.79567065606561, 12.746974491975285 ], [ 101.795671647493904, 12.747064812602964 ], [ 101.795579634466321, 12.747065785783679 ], [ 101.795580625869704, 12.747156106417787 ], [ 101.79567263892983, 12.747155133229951 ], [ 101.795673630373329, 12.747245453856245 ], [ 101.795765643458381, 12.747244480629361 ], [ 101.795766634942026, 12.747334801247844 ], [ 101.795950661154293, 12.747332854684029 ], [ 101.795952644274564, 12.747513495890439 ], [ 101.796136670586506, 12.74751154917041 ], [ 101.796137662223103, 12.747601869758338 ], [ 101.796321688569648, 12.747599922896331 ], [ 101.796320696867994, 12.747509602322646 ], [ 101.796504723119028, 12.747507655347146 ], [ 101.796502739608442, 12.747327014226187 ], [ 101.796594752657469, 12.747326040704783 ], [ 101.79659376088108, 12.747235720150389 ], [ 101.796685773889976, 12.747234746604169 ], [ 101.796684782088647, 12.747144426056206 ], [ 101.796776795057411, 12.747143452485178 ], [ 101.796775803231185, 12.747053131943646 ], [ 101.796867816159804, 12.747052158347808 ] ], [ [ 101.794024329760717, 12.7478952117412 ], [ 101.794116343210405, 12.747894239039299 ], [ 101.794119316087446, 12.748165201262525 ], [ 101.794211329627132, 12.748164228507338 ], [ 101.794212320633889, 12.748254549239913 ], [ 101.794304334198486, 12.748253576445679 ], [ 101.794305325245389, 12.74834389717045 ], [ 101.794397338834898, 12.748342924337162 ], [ 101.794398329921947, 12.748433245054125 ], [ 101.794490343536381, 12.748432272181782 ], [ 101.794491334663547, 12.748522592890936 ], [ 101.795319457143933, 12.748513835538683 ], [ 101.79531846572398, 12.74842351489359 ], [ 101.795502492793076, 12.74842156847825 ], [ 101.795501501315655, 12.748331247846703 ], [ 101.795685528289241, 12.74832930131786 ], [ 101.795684536754393, 12.74823898069986 ], [ 101.795776550197246, 12.748238007394653 ], [ 101.795774567085303, 12.748057366170823 ], [ 101.795958593818028, 12.748055419493085 ], [ 101.795957602208432, 12.747965098894374 ], [ 101.796049615530848, 12.747964125514722 ], [ 101.796046640650104, 12.7476931637358 ], [ 101.795954627425274, 12.74769413709409 ], [ 101.795953635846118, 12.74760381649261 ], [ 101.795769609438665, 12.747605763099148 ], [ 101.795767626433289, 12.747425121865636 ], [ 101.795583600125525, 12.747427068315954 ], [ 101.795582608699306, 12.747336747683928 ], [ 101.795398582426131, 12.747338693992273 ], [ 101.795397591072586, 12.747248373345315 ], [ 101.795213564834043, 12.747250319511691 ], [ 101.795212573553158, 12.747159998849799 ], [ 101.795028547349219, 12.747161944874206 ], [ 101.795027556140994, 12.747071624197387 ], [ 101.794935543060149, 12.747072597154576 ], [ 101.794934551892069, 12.746982276469947 ], [ 101.794842538836136, 12.746983249388084 ], [ 101.794841547708174, 12.746892928695644 ], [ 101.794749534677166, 12.746893901574733 ], [ 101.79474854358935, 12.746803580874486 ], [ 101.79456451756954, 12.746805526522627 ], [ 101.794563526554398, 12.746715205807456 ], [ 101.794379500569192, 12.746717151313637 ], [ 101.794378509626711, 12.746626830583539 ], [ 101.794286496655232, 12.746627803281616 ], [ 101.79428451485812, 12.746447161805115 ], [ 101.794192501944082, 12.746448134457028 ], [ 101.794199438139387, 12.747080379662494 ], [ 101.794291451281111, 12.74707940696077 ], [ 101.794292442229107, 12.747169727694526 ], [ 101.794108415873012, 12.747171673080276 ], [ 101.794109406763553, 12.747261993827575 ], [ 101.793925380311961, 12.747263939099822 ], [ 101.793927361985766, 12.747444580620806 ], [ 101.793835348683515, 12.747445553223262 ], [ 101.793836339499293, 12.747535873989833 ], [ 101.793744326156897, 12.747536846567469 ], [ 101.793748289366007, 12.747898129655294 ], [ 101.793840302838504, 12.747897157049197 ], [ 101.793841293692338, 12.747987477812313 ], [ 101.794025320679594, 12.747985532490082 ], [ 101.794024329760717, 12.7478952117412 ] ], [ [ 101.794384455395743, 12.747168754953753 ], [ 101.794385446383899, 12.747259075679699 ], [ 101.794477459575461, 12.747258102899877 ], [ 101.794478450603719, 12.747348423618018 ], [ 101.794570463820193, 12.747347450799147 ], [ 101.794571454888597, 12.747437771509476 ], [ 101.794663468130011, 12.747436798651552 ], [ 101.794665450354699, 12.74761744005591 ], [ 101.794573437048243, 12.747618412928064 ], [ 101.794574428139484, 12.747708733636328 ], [ 101.794482414792881, 12.747709706483672 ], [ 101.794480432683088, 12.747529065052225 ], [ 101.79438841939394, 12.7475300378534 ], [ 101.794386437379629, 12.74734939640496 ], [ 101.794294424147935, 12.747350369159967 ], [ 101.794292442229107, 12.747169727694526 ], [ 101.794384455395743, 12.747168754953753 ] ], [ [ 101.794755481363794, 12.747435825761693 ], [ 101.794754490230346, 12.747345505065597 ], [ 101.794846503423997, 12.747344532150921 ], [ 101.794847494589987, 12.7474348528399 ], [ 101.794755481363794, 12.747435825761693 ] ], [ [ 101.794569472759406, 12.747257130088121 ], [ 101.794568481706222, 12.747166809376402 ], [ 101.794660494850035, 12.74716583653983 ], [ 101.794661485935748, 12.747256157244429 ], [ 101.794569472759406, 12.747257130088121 ] ], [ [ 101.798397592568705, 12.752275159712406 ], [ 101.79839659975525, 12.752184839331418 ], [ 101.798212570425264, 12.752186788325409 ], [ 101.798211577684498, 12.752096467929475 ], [ 101.798119563040615, 12.752097442371424 ], [ 101.798118570340009, 12.752007121967674 ], [ 101.798026555721052, 12.752008096370551 ], [ 101.798025563060605, 12.751917775958981 ], [ 101.797933548466574, 12.751918750322789 ], [ 101.797932555846288, 12.751828429903401 ], [ 101.797840541277182, 12.75182940422814 ], [ 101.797839548697056, 12.751739083800935 ], [ 101.797747534152847, 12.751740058086606 ], [ 101.797746541612881, 12.751649737651583 ], [ 101.797654527093613, 12.751650711898183 ], [ 101.797653534593806, 12.751560391455344 ], [ 101.797561520099464, 12.751561365662871 ], [ 101.797560527639803, 12.751471045212215 ], [ 101.797468513170372, 12.751472019380678 ], [ 101.797467520750871, 12.751381698922208 ], [ 101.797375506306366, 12.751382673051602 ], [ 101.797374513927011, 12.751292352585313 ], [ 101.797282499507446, 12.75129332667564 ], [ 101.79728150716825, 12.751203006201536 ], [ 101.797189492773583, 12.751203980252793 ], [ 101.797188500474547, 12.751113659770875 ], [ 101.79709648610482, 12.751114633783068 ], [ 101.79709549384593, 12.751024313293334 ], [ 101.796911465148682, 12.751026261207642 ], [ 101.79690948078391, 12.750845620197607 ], [ 101.796817466488946, 12.750846594092602 ], [ 101.796816474350521, 12.750756273579423 ], [ 101.796724460080483, 12.750757247435352 ], [ 101.79672346798219, 12.750666926914359 ], [ 101.796631453737078, 12.750667900731221 ], [ 101.796630461678959, 12.750577580202419 ], [ 101.796538447458758, 12.750578553980217 ], [ 101.796537455440784, 12.750488233443596 ], [ 101.796353427042618, 12.750490180889132 ], [ 101.796352435097333, 12.750399860337577 ], [ 101.796260420919367, 12.750400834005308 ], [ 101.796259429014214, 12.750310513445941 ], [ 101.796075400700516, 12.75031246067134 ], [ 101.796074408868066, 12.750222140097039 ], [ 101.79598239473232, 12.750223113654709 ], [ 101.795981402940029, 12.750132793072593 ], [ 101.795797374710787, 12.750134740077867 ], [ 101.795796382991171, 12.750044419480821 ], [ 101.795428326571496, 12.750048313079605 ], [ 101.795427334989625, 12.749957992453385 ], [ 101.793771080180008, 12.749975507195613 ], [ 101.793770089191383, 12.749885186440594 ], [ 101.793678074995555, 12.749886159171284 ], [ 101.793677084047076, 12.749795838408462 ], [ 101.793585069876173, 12.749796811100094 ], [ 101.793581106288428, 12.749435528013425 ], [ 101.793489092240065, 12.749436500644665 ], [ 101.793495037472113, 12.749978425313198 ], [ 101.793587051715676, 12.749977452639277 ], [ 101.793589033585604, 12.750158094175696 ], [ 101.793681047886651, 12.750157121455603 ], [ 101.793682038865555, 12.75024744221566 ], [ 101.793866067509896, 12.750245496665423 ], [ 101.793867058561489, 12.750335817410557 ], [ 101.794051087240462, 12.750333871718329 ], [ 101.794052078364729, 12.750424192448543 ], [ 101.794420135761541, 12.750420300652323 ], [ 101.794419144507131, 12.750329979950571 ], [ 101.794695187377258, 12.750327060789372 ], [ 101.794694196032836, 12.750236740108283 ], [ 101.794878224509816, 12.750234793855347 ], [ 101.794879215919295, 12.750325114522202 ], [ 101.794971230178902, 12.750324141340707 ], [ 101.79497023873688, 12.75023382068097 ], [ 101.795062252956342, 12.750232847474651 ], [ 101.795063244430892, 12.750323168127267 ], [ 101.79515525867528, 12.750322194881887 ], [ 101.795154267168186, 12.750231874236386 ], [ 101.795246281372428, 12.750230900966187 ], [ 101.79524727291205, 12.750321221604567 ], [ 101.795615329783047, 12.750317328175875 ], [ 101.795616321460429, 12.750407648785089 ], [ 101.795708335691671, 12.750406675340946 ], [ 101.795709327409213, 12.750496995942346 ], [ 101.795893355913961, 12.750495048943993 ], [ 101.795894347704177, 12.750585369530461 ], [ 101.796078376243557, 12.750583422390097 ], [ 101.796079368106447, 12.750673742961633 ], [ 101.796171382397247, 12.75067276933642 ], [ 101.796172374300312, 12.750763089900142 ], [ 101.796264388616038, 12.750762116235865 ], [ 101.796265380559234, 12.750852436791778 ], [ 101.7963573948999, 12.750851463088436 ], [ 101.796358386883242, 12.750941783636533 ], [ 101.796450401248833, 12.750940809894129 ], [ 101.796451393272335, 12.751031130434411 ], [ 101.796543407662824, 12.751030156652945 ], [ 101.796544399726486, 12.751120477185413 ], [ 101.796636414141901, 12.751119503364881 ], [ 101.796637406245722, 12.751209823889537 ], [ 101.796821435118801, 12.751207876138395 ], [ 101.796822427295297, 12.751298196648115 ], [ 101.796914441752961, 12.751297222717506 ], [ 101.796915433969616, 12.751387543219412 ], [ 101.797007448452192, 12.751386569249737 ], [ 101.797008440709007, 12.751476889743824 ], [ 101.797100455216508, 12.751475915735083 ], [ 101.797101447513469, 12.751566236221359 ], [ 101.797193462045897, 12.751565262173552 ], [ 101.797194454383018, 12.751655582652008 ], [ 101.797286468940371, 12.751654608565131 ], [ 101.797287461317637, 12.751744929035775 ], [ 101.797379475899916, 12.751743954909832 ], [ 101.7973814607424, 12.751924595834794 ], [ 101.79756549001425, 12.751922647458571 ], [ 101.797566482511996, 12.752012967905769 ], [ 101.797750511818478, 12.752011019387517 ], [ 101.797751504388913, 12.752101339819772 ], [ 101.797843519063264, 12.752100365505603 ], [ 101.797844511673858, 12.752190685930039 ], [ 101.798028541064795, 12.752188737191616 ], [ 101.798029533748107, 12.752279057601108 ], [ 101.798213563173647, 12.752277108720648 ], [ 101.798214555929633, 12.752367429115198 ], [ 101.798306570663527, 12.752366454619926 ], [ 101.798307563459673, 12.752456775006655 ], [ 101.798399578218493, 12.75245580047231 ], [ 101.798400571054813, 12.752546120851223 ], [ 101.798584600614646, 12.752544171672433 ], [ 101.798585593523669, 12.752634492036401 ], [ 101.798677608324709, 12.752633517391958 ], [ 101.798678601273892, 12.752723837748107 ], [ 101.798770616099844, 12.752722863064591 ], [ 101.798771609089187, 12.75281318341292 ], [ 101.798955638783326, 12.752811233935793 ], [ 101.798953652682087, 12.752630593266955 ], [ 101.798861637903912, 12.752631568007237 ], [ 101.79886064489726, 12.752541247664656 ], [ 101.798768630144011, 12.752542222365859 ], [ 101.798767637177519, 12.752451902015457 ], [ 101.798675622449181, 12.752452876677587 ], [ 101.798674629522864, 12.752362556319365 ], [ 101.798490600108437, 12.752364505533537 ], [ 101.798489607254822, 12.752274185160363 ], [ 101.798397592568705, 12.752275159712406 ] ], [ [ 101.79775547474685, 12.75246262154187 ], [ 101.797663459934725, 12.752463595852593 ], [ 101.797662467366351, 12.752373275415982 ], [ 101.797570452579137, 12.752374249687634 ], [ 101.797569460050937, 12.752283929243202 ], [ 101.797477445288649, 12.752284903475784 ], [ 101.797476452800595, 12.752194583023543 ], [ 101.797384438063233, 12.752195557217053 ], [ 101.797383445615324, 12.752105236756993 ], [ 101.797291430902902, 12.752106210911435 ], [ 101.797290438495168, 12.752015890443555 ], [ 101.797198423807643, 12.752016864558929 ], [ 101.797197431440068, 12.751926544083236 ], [ 101.79710541677747, 12.75192751815954 ], [ 101.797104424450055, 12.751837197676032 ], [ 101.797012409812396, 12.751838171713269 ], [ 101.797011417525113, 12.751747851221948 ], [ 101.79691940291238, 12.751748825220114 ], [ 101.796918410665256, 12.751658504720972 ], [ 101.796826396077449, 12.751659478680075 ], [ 101.796825403870486, 12.751569158173121 ], [ 101.796641374737106, 12.751571105981242 ], [ 101.796640382602831, 12.751480785459353 ], [ 101.796548368057259, 12.751481759308378 ], [ 101.796547375963144, 12.751391438778676 ], [ 101.796455361442483, 12.751392412588631 ], [ 101.796454369388528, 12.751302092051116 ], [ 101.796362354892807, 12.751303065822004 ], [ 101.796361362878997, 12.751212745276673 ], [ 101.796269348408188, 12.751213719008501 ], [ 101.796268356434524, 12.751123398455356 ], [ 101.796084327535155, 12.751125345808939 ], [ 101.796083335634194, 12.751035025240862 ], [ 101.795991321205619, 12.751035998862616 ], [ 101.795990329344804, 12.750945678286726 ], [ 101.795806300529904, 12.750947625420169 ], [ 101.795807292325648, 12.751037946010298 ], [ 101.795715277874237, 12.751038919536226 ], [ 101.795716269645055, 12.751129240132784 ], [ 101.795624255153513, 12.751130213633889 ], [ 101.795625246899391, 12.751220534236873 ], [ 101.795533232367703, 12.751221507713156 ], [ 101.795539182807616, 12.751763431359274 ], [ 101.795631197534561, 12.751762457840275 ], [ 101.795634172954905, 12.752033419632639 ], [ 101.795726187771862, 12.752032446060337 ], [ 101.795725195924931, 12.751942125470691 ], [ 101.795817210701728, 12.751941151873561 ], [ 101.795821178265285, 12.752302434199505 ], [ 101.795913193164637, 12.752301460541949 ], [ 101.795911209302545, 12.752120819394605 ], [ 101.796003224129194, 12.752119845719346 ], [ 101.796004216088974, 12.752210166286243 ], [ 101.796096230940563, 12.75220919257192 ], [ 101.796099206963191, 12.752480154247102 ], [ 101.796007192014002, 12.752481127982788 ], [ 101.796008184004236, 12.75257144854692 ], [ 101.796100198985968, 12.752570474804111 ], [ 101.796102183054359, 12.752751115916057 ], [ 101.796194198093573, 12.752750142127059 ], [ 101.79619519017173, 12.752840462674872 ], [ 101.796287205235885, 12.752839488846803 ], [ 101.796288197354187, 12.752929809386806 ], [ 101.796380212443268, 12.752928835519668 ], [ 101.796381204601744, 12.75301915605186 ], [ 101.79656523482214, 12.753017208207499 ], [ 101.796564242598592, 12.752926887689556 ], [ 101.796840287774458, 12.752923965704777 ], [ 101.796839295460899, 12.752833645207513 ], [ 101.796931310471749, 12.752832671155813 ], [ 101.796926348855408, 12.75238106869471 ], [ 101.797294408171808, 12.752377172310915 ], [ 101.797295400610011, 12.752467492776024 ], [ 101.797387415452619, 12.752466518593085 ], [ 101.797388407930981, 12.75255683905038 ], [ 101.797756467355384, 12.752552941970666 ], [ 101.79775547474685, 12.75246262154187 ] ], [ [ 101.798698461857839, 12.754530244725762 ], [ 101.798790477334691, 12.754529269899695 ], [ 101.79878551174022, 12.754077668216866 ], [ 101.798601481104356, 12.754079617765775 ], [ 101.798596516025853, 12.753628015994373 ], [ 101.798780546336246, 12.753626066516738 ], [ 101.798781539401801, 12.75371638685815 ], [ 101.798965569746812, 12.753714437238465 ], [ 101.798964576616171, 12.753624116911308 ], [ 101.7991486068656, 12.753622167178078 ], [ 101.799147613677491, 12.75353184686449 ], [ 101.79923962875823, 12.753530871957082 ], [ 101.79923764233979, 12.75335023134209 ], [ 101.799145627324137, 12.753351206235241 ], [ 101.799144634158893, 12.753260885919573 ], [ 101.799052619168151, 12.75326186077365 ], [ 101.799051626043067, 12.753171540450165 ], [ 101.798959611077265, 12.753172515265163 ], [ 101.798958617992355, 12.753082194933858 ], [ 101.798774588102958, 12.753084144453753 ], [ 101.798773595090751, 12.752993824107502 ], [ 101.798589565235972, 12.752995773485349 ], [ 101.798588572296467, 12.752905453124152 ], [ 101.798404542476291, 12.752907402359956 ], [ 101.798403549609489, 12.752817081983808 ], [ 101.798219519823931, 12.752819031077571 ], [ 101.798218527029817, 12.75272871068648 ], [ 101.798034497278863, 12.7527306596382 ], [ 101.798035490007877, 12.752820980043543 ], [ 101.797759445226674, 12.752823903252899 ], [ 101.797757459971521, 12.752643262398768 ], [ 101.797389400416947, 12.75264715950698 ], [ 101.797390392910543, 12.752737479962892 ], [ 101.797298377970321, 12.752738454167204 ], [ 101.797297385509253, 12.752648133704168 ], [ 101.797113355671044, 12.752650082002701 ], [ 101.797116332881785, 12.752921043432471 ], [ 101.797024317853641, 12.752922017555187 ], [ 101.797025310239903, 12.753012338037516 ], [ 101.797117325300604, 12.75301136390768 ], [ 101.797119310161094, 12.753192004856016 ], [ 101.797211325279264, 12.75319103067998 ], [ 101.797213310235293, 12.753371671611307 ], [ 101.797765401174928, 12.753365825798689 ], [ 101.797767386551953, 12.753546466641749 ], [ 101.79785940174699, 12.753545492213572 ], [ 101.79786436548558, 12.753997094273492 ], [ 101.797956380835743, 12.753996119777739 ], [ 101.797957373638852, 12.754086440180524 ], [ 101.798049389013926, 12.754085465645698 ], [ 101.798050381857209, 12.754175786040664 ], [ 101.798142397257209, 12.754174811466758 ], [ 101.798148354672179, 12.754716733779256 ], [ 101.798056339076894, 12.754717708395917 ], [ 101.79805733197351, 12.754808028786037 ], [ 101.798149347601338, 12.754807054162256 ], [ 101.798154312361447, 12.75525865606685 ], [ 101.798246328144387, 12.755257681375477 ], [ 101.7982453351446, 12.755167361003069 ], [ 101.79833735088738, 12.755166386286872 ], [ 101.798336357862638, 12.755076065920896 ], [ 101.798428373565272, 12.755075091179874 ], [ 101.798426387473555, 12.754894450460105 ], [ 101.798518403103458, 12.754893475701381 ], [ 101.798517410036482, 12.754803155347584 ], [ 101.798609425626211, 12.754802180564038 ], [ 101.798607439450038, 12.754621539868625 ], [ 101.79869945496705, 12.754620565067379 ], [ 101.798698461857839, 12.754530244725762 ] ], [ [ 101.797857416304879, 12.753364851384767 ], [ 101.797856423595235, 12.753274530969321 ], [ 101.79794843868504, 12.753273556530575 ], [ 101.797946453223531, 12.753092915711862 ], [ 101.798038468240605, 12.753091941255422 ], [ 101.798041446541916, 12.75336290246107 ], [ 101.797857416304879, 12.753364851384767 ] ], [ [ 101.795226667186355, 12.756825279540095 ], [ 101.795318683766368, 12.75682430575022 ], [ 101.795314715461586, 12.756463023391767 ], [ 101.795406731903782, 12.75646204959841 ], [ 101.795405739814058, 12.756371729014184 ], [ 101.795497756216079, 12.756370755195993 ], [ 101.795494779894938, 12.75609979346053 ], [ 101.795586796191699, 12.756098819631738 ], [ 101.795581835645919, 12.75564721676106 ], [ 101.795489819511914, 12.75564819055425 ], [ 101.795484859319188, 12.755196587630676 ], [ 101.795392843340323, 12.755197561356319 ], [ 101.795390859381627, 12.755016920167808 ], [ 101.795298843460245, 12.755017893847258 ], [ 101.795287932589559, 12.754024367182669 ], [ 101.795379948152913, 12.75402339358153 ], [ 101.795377964392117, 12.753842752375034 ], [ 101.795469979882753, 12.753841778756184 ], [ 101.795468987981224, 12.753751458159016 ], [ 101.795561003431715, 12.753750484515335 ], [ 101.795560011505245, 12.753660163924595 ], [ 101.795652026915576, 12.75365919025608 ], [ 101.79565103496418, 12.753568869671771 ], [ 101.795743050334352, 12.753567895978428 ], [ 101.795742058358016, 12.753477575400543 ], [ 101.795558027675142, 12.753479522741038 ], [ 101.795559019586378, 12.753569843333162 ], [ 101.795282973407353, 12.753572764125643 ], [ 101.795283965228563, 12.753663084738431 ], [ 101.795191949787778, 12.753664058279147 ], [ 101.795192941584077, 12.753754378898362 ], [ 101.795100926103146, 12.753755352414245 ], [ 101.79510191787449, 12.753845673039889 ], [ 101.795009902353399, 12.753846646530937 ], [ 101.795011885853853, 12.754027287794385 ], [ 101.79491987026006, 12.754028261267722 ], [ 101.794921853725839, 12.754208902542638 ], [ 101.794829838059357, 12.75420987599826 ], [ 101.794830829771115, 12.754300196641797 ], [ 101.794738814064459, 12.754301170072587 ], [ 101.794739805751291, 12.754391490722551 ], [ 101.794555774250057, 12.754393437502509 ], [ 101.794556765879406, 12.754483758166018 ], [ 101.794188702655447, 12.75448765137098 ], [ 101.794189694162199, 12.754577972062261 ], [ 101.793913646566693, 12.754580891651838 ], [ 101.79391463798342, 12.754671212363775 ], [ 101.79373060614995, 12.754673158611292 ], [ 101.793731597509193, 12.754763479336768 ], [ 101.793639581548504, 12.754764452419716 ], [ 101.793642555574195, 12.75503541461334 ], [ 101.793734571632527, 12.755034441509048 ], [ 101.793733580250475, 12.75494412078565 ], [ 101.794009628282211, 12.754941201302405 ], [ 101.794008636810105, 12.754850880599657 ], [ 101.79419266872813, 12.754848934131958 ], [ 101.794193660265321, 12.754939254820473 ], [ 101.794285676245465, 12.754938281531581 ], [ 101.794286667822817, 12.755028602212288 ], [ 101.794378683827901, 12.755027628884326 ], [ 101.794379675445413, 12.755117949557224 ], [ 101.794471691475437, 12.755116976190189 ], [ 101.794472683133094, 12.755207296855282 ], [ 101.794656715235419, 12.755205350011115 ], [ 101.794657706965808, 12.75529567066128 ], [ 101.794749723038095, 12.755294697184153 ], [ 101.794747739519863, 12.755114055897366 ], [ 101.794839755519448, 12.75511308240252 ], [ 101.794840747307305, 12.75520340303914 ], [ 101.795024779348751, 12.755201455939346 ], [ 101.795026763077516, 12.755382097182041 ], [ 101.79511877915192, 12.755381123569977 ], [ 101.795119771060271, 12.75547144418317 ], [ 101.795211787159616, 12.755470470532034 ], [ 101.795212779108112, 12.755560791137412 ], [ 101.795304795232411, 12.755559817447201 ], [ 101.795307771221232, 12.755830779237838 ], [ 101.795399787435571, 12.755829805494317 ], [ 101.795400779479621, 12.755920126082691 ], [ 101.79530876323274, 12.75592109983333 ], [ 101.795309755251864, 12.756011420428132 ], [ 101.795217738964823, 12.756012394153936 ], [ 101.795218730958979, 12.756102714755166 ], [ 101.795126714631778, 12.756103688456134 ], [ 101.795128698577841, 12.756284329670754 ], [ 101.795220714970171, 12.756283355955553 ], [ 101.795221706987164, 12.7563736765547 ], [ 101.795129690562305, 12.756374650277026 ], [ 101.795131674554028, 12.756555291487498 ], [ 101.795039658056453, 12.756556265192099 ], [ 101.795040650031197, 12.756646585803415 ], [ 101.795132666561315, 12.756645612091694 ], [ 101.795133658576219, 12.756735932695197 ], [ 101.794857608865328, 12.756738853755847 ], [ 101.794858600790164, 12.756829174380014 ], [ 101.794674567546409, 12.756831121608229 ], [ 101.794675559413747, 12.75692144224594 ], [ 101.794399509393386, 12.756924362869926 ], [ 101.794400501170671, 12.757014683528297 ], [ 101.794308484449445, 12.757015657012827 ], [ 101.794309476201789, 12.757105977677623 ], [ 101.794125442671401, 12.757107924565037 ], [ 101.794127426068698, 12.757288565921018 ], [ 101.794311459729315, 12.757286619005139 ], [ 101.794312451504481, 12.757376939667859 ], [ 101.794404468355921, 12.757375966154862 ], [ 101.794406451994206, 12.757556607463993 ], [ 101.794774519584365, 12.757552713035478 ], [ 101.794772535685638, 12.757372071783287 ], [ 101.794864552499035, 12.757371098110491 ], [ 101.79486356052854, 12.757280777490474 ], [ 101.794955577301778, 12.757279803792841 ], [ 101.794954585306314, 12.757189483179252 ], [ 101.795046602039392, 12.757188509456777 ], [ 101.795045610018988, 12.757098188849611 ], [ 101.795137626711906, 12.7570972151023 ], [ 101.795136634666562, 12.757006894501563 ], [ 101.795228651319306, 12.757005920729407 ], [ 101.795226667186355, 12.756825279540095 ] ], [ [ 101.798833189311765, 12.758413043657825 ], [ 101.799017223042128, 12.758411093296809 ], [ 101.799016229515175, 12.758320773005643 ], [ 101.799108246336374, 12.758319797784321 ], [ 101.799105265703588, 12.758048836928054 ], [ 101.799013248980074, 12.758049812127995 ], [ 101.79900828157399, 12.7575982106514 ], [ 101.798640215254807, 12.757602110988978 ], [ 101.798641208590553, 12.757692431314194 ], [ 101.798457175320138, 12.75769438130548 ], [ 101.798458168598387, 12.75778470164426 ], [ 101.798366151919197, 12.757785676599093 ], [ 101.79836714517252, 12.757875996944303 ], [ 101.798183111726146, 12.757877946772341 ], [ 101.798184104921987, 12.757968267131108 ], [ 101.798000071380017, 12.757970216845559 ], [ 101.797999078249305, 12.757879896472533 ], [ 101.797723027976886, 12.757882820783122 ], [ 101.797724021009941, 12.757973141177523 ], [ 101.797447970571298, 12.757976065221845 ], [ 101.79745194238896, 12.758337346878035 ], [ 101.797635976282805, 12.758335397490114 ], [ 101.797636969321388, 12.758425717888182 ], [ 101.797913020202671, 12.758422793545218 ], [ 101.797914013346542, 12.758513113921218 ], [ 101.798190064256957, 12.758510189269222 ], [ 101.798191057506116, 12.758600509623149 ], [ 101.798007023508362, 12.758602459437361 ], [ 101.79800801670001, 12.758692779804848 ], [ 101.797823982606658, 12.758694729505468 ], [ 101.797824975740824, 12.758785049886514 ], [ 101.797916992823872, 12.758784075045062 ], [ 101.797917985998225, 12.758874395418294 ], [ 101.798010003106199, 12.758873420537752 ], [ 101.798010996320727, 12.758963740903162 ], [ 101.798103013453655, 12.758962765983535 ], [ 101.798102020206571, 12.758872445625247 ], [ 101.798286054384462, 12.758870495704352 ], [ 101.798285061079881, 12.758780175359625 ], [ 101.798469095162162, 12.758778225325131 ], [ 101.798468101800097, 12.758687904993968 ], [ 101.798560118797241, 12.758686929935903 ], [ 101.798559125410222, 12.758596609611176 ], [ 101.798651142367206, 12.758595634528278 ], [ 101.798650148955247, 12.758505314209986 ], [ 101.798834182781206, 12.758503363962559 ], [ 101.798833189311765, 12.758413043657825 ] ], [ [ 101.798005037147874, 12.758421818700306 ], [ 101.798003050817883, 12.758241177960485 ], [ 101.79809506769034, 12.758240203097863 ], [ 101.798093081325703, 12.758059562369525 ], [ 101.798277114917539, 12.7580576125769 ], [ 101.798281087937738, 12.758418893973799 ], [ 101.798005037147874, 12.758421818700306 ] ], [ [ 101.793946367335323, 12.757561474780541 ], [ 101.793854350380713, 12.75756244814797 ], [ 101.793851375520717, 12.757291486055147 ], [ 101.793943392377656, 12.757290512709062 ], [ 101.793944384022609, 12.757380833400248 ], [ 101.794036400904488, 12.757379860015089 ], [ 101.794032434240108, 12.757018577274666 ], [ 101.793940417488443, 12.757019550631359 ], [ 101.793941409110573, 12.757109871324619 ], [ 101.79375737551932, 12.757111817956366 ], [ 101.793758367083939, 12.757202138663164 ], [ 101.793666350244351, 12.757203111938214 ], [ 101.793667341784015, 12.757293432651435 ], [ 101.793575324904268, 12.757294405901643 ], [ 101.793576316418992, 12.757384726621284 ], [ 101.79348429949907, 12.757385699846647 ], [ 101.793485290988855, 12.757476020572716 ], [ 101.793393274028773, 12.75747699377323 ], [ 101.793394265493603, 12.757567314505721 ], [ 101.793302248493362, 12.757568287681393 ], [ 101.793303239933238, 12.757658608420305 ], [ 101.792843154655145, 12.757663473854823 ], [ 101.792846128532062, 12.757934436174112 ], [ 101.79293814570056, 12.75793346312979 ], [ 101.792939137040634, 12.758023783894389 ], [ 101.793031154234086, 12.75802281081099 ], [ 101.793032145614319, 12.758113131567786 ], [ 101.793124162832726, 12.758112158445314 ], [ 101.793127137116727, 12.758383120690205 ], [ 101.793219154425202, 12.758382147514434 ], [ 101.793220145900975, 12.758472468254231 ], [ 101.79331216323439, 12.758471495039386 ], [ 101.793313154750336, 12.758561815771378 ], [ 101.79340517210872, 12.758560842517452 ], [ 101.793406163664812, 12.758651163241641 ], [ 101.793498181048164, 12.758650189948638 ], [ 101.793499172644431, 12.758740510665017 ], [ 101.793683207453384, 12.758738563968896 ], [ 101.793685190798982, 12.758919205371125 ], [ 101.793777208257168, 12.758918231960887 ], [ 101.793778199973929, 12.759008552653848 ], [ 101.793870217457084, 12.759007579204532 ], [ 101.793872200978555, 12.759188220574149 ], [ 101.793964218519207, 12.759187247078639 ], [ 101.793966202136247, 12.759367888431255 ], [ 101.79405821973441, 12.759366914889547 ], [ 101.794063179072964, 12.759818518223401 ], [ 101.794247214572096, 12.759816570972932 ], [ 101.794238287313561, 12.759003685087634 ], [ 101.794146269860846, 12.759004658664804 ], [ 101.794145278013843, 12.758914338000306 ], [ 101.794053260586082, 12.758915311538397 ], [ 101.794051276980028, 12.758734670193093 ], [ 101.793959259609764, 12.758735643684984 ], [ 101.793957276099249, 12.758555002322684 ], [ 101.793865258786511, 12.758555975768385 ], [ 101.793863275371535, 12.758375334389083 ], [ 101.79395529261916, 12.758374360957612 ], [ 101.793946367335323, 12.757561474780541 ] ], [ [ 101.802270067948839, 12.727844831915309 ], [ 101.802914106751572, 12.727838012807196 ], [ 101.802913114306222, 12.727747692610423 ], [ 101.803005119786476, 12.727746718331732 ], [ 101.803004127316271, 12.727656398141402 ], [ 101.802912121868474, 12.727657372412956 ], [ 101.8029101370159, 12.727476732015958 ], [ 101.802726126227327, 12.727478680434874 ], [ 101.802724141535151, 12.727298040006561 ], [ 101.802540130845955, 12.727299988269401 ], [ 101.802538146314177, 12.727119347809777 ], [ 101.802446141023083, 12.727120321879104 ], [ 101.802447133252684, 12.7272106421164 ], [ 101.802355127921473, 12.727211616160984 ], [ 101.802358104558635, 12.727482576890127 ], [ 101.802450109987248, 12.727481602824136 ], [ 101.80245110224736, 12.727571923058669 ], [ 101.802359096786276, 12.727572897131799 ], [ 101.802360089021548, 12.727663217372774 ], [ 101.80226808352036, 12.727664191421159 ], [ 101.802266099122406, 12.727483550924239 ], [ 101.801898077301175, 12.727487446741872 ], [ 101.801899069366456, 12.727577767019218 ], [ 101.801715058345138, 12.727579714751018 ], [ 101.801713074352094, 12.727399074167097 ], [ 101.801621068894931, 12.727400047970908 ], [ 101.801620076942328, 12.727309727670777 ], [ 101.801528071510035, 12.727310701435568 ], [ 101.80152707959752, 12.727220381127614 ], [ 101.801251063352268, 12.727223302209307 ], [ 101.801252055167367, 12.727313622538663 ], [ 101.801160049704563, 12.727314596175932 ], [ 101.801161041494822, 12.727404916511732 ], [ 101.801069035991915, 12.727405890124253 ], [ 101.801071019530355, 12.727586530808045 ], [ 101.800887008371788, 12.727588477965977 ], [ 101.800886016663711, 12.727498157610158 ], [ 101.800517994385004, 12.727502051514911 ], [ 101.800522952352196, 12.727953653429731 ], [ 101.800614958095665, 12.727952679965705 ], [ 101.800616941400833, 12.728133320712537 ], [ 101.800524935592421, 12.728134294190822 ], [ 101.800529893826379, 12.728585896081469 ], [ 101.800621899797179, 12.728584922567519 ], [ 101.800622891499316, 12.728675242936447 ], [ 101.800898909463399, 12.728672322181902 ], [ 101.800897917663832, 12.728582001834374 ], [ 101.801081929536821, 12.728580054519522 ], [ 101.801079945830665, 12.728399413850926 ], [ 101.801447969225336, 12.728395518895679 ], [ 101.801446977253804, 12.728305198588881 ], [ 101.801630988840444, 12.728303250934223 ], [ 101.801629996811585, 12.728212930641002 ], [ 101.80181400830277, 12.72821098287308 ], [ 101.80181202413803, 12.728030342313099 ], [ 101.802272052407815, 12.728025472406699 ], [ 101.802270067948839, 12.727844831915309 ] ], [ [ 101.801551879697882, 12.729478388619281 ], [ 101.801459873478549, 12.729479362523408 ], [ 101.801457889360108, 12.729298721925696 ], [ 101.801365883198116, 12.72929969578367 ], [ 101.8013648911828, 12.729209375476644 ], [ 101.801272885045663, 12.729210349295599 ], [ 101.801271893070449, 12.729120028980748 ], [ 101.801087880838253, 12.729121976508734 ], [ 101.801086888935615, 12.729031656178929 ], [ 101.800994882840556, 12.729032629887961 ], [ 101.800995874710708, 12.729122950224898 ], [ 101.800903868575546, 12.72912392390918 ], [ 101.800904860420857, 12.729214244252564 ], [ 101.80072084806271, 12.729216191539727 ], [ 101.800719856282356, 12.729125871182079 ], [ 101.800443837785409, 12.729128791852292 ], [ 101.800444829468319, 12.729219112231336 ], [ 101.800168810805332, 12.729222032635972 ], [ 101.800173768847074, 12.729673634627794 ], [ 101.800357781621472, 12.729671687651948 ], [ 101.80035877331764, 12.729762008033976 ], [ 101.800450779725878, 12.729761034491091 ], [ 101.80045177146215, 12.7298513548653 ], [ 101.800543777895257, 12.729850381283395 ], [ 101.800544769671632, 12.729940701649781 ], [ 101.80072878257991, 12.729938754376047 ], [ 101.800729774428873, 12.730029074727478 ], [ 101.800913787371627, 12.730027127311926 ], [ 101.800914779293166, 12.730117447648404 ], [ 101.801006785785589, 12.730116473885664 ], [ 101.801007777747216, 12.730206794214316 ], [ 101.801099784264494, 12.730205820412555 ], [ 101.801096808305005, 12.729934859445926 ], [ 101.801188814717236, 12.729933885633679 ], [ 101.801189806728573, 12.730024205949446 ], [ 101.801281813165659, 12.730023232098175 ], [ 101.801282805217113, 12.730113552406118 ], [ 101.801466818133335, 12.730111604593647 ], [ 101.801465826016909, 12.730021284299967 ], [ 101.801649838837676, 12.730019336374214 ], [ 101.801644878045195, 12.729567734966817 ], [ 101.801552871801022, 12.729568708909966 ], [ 101.801551879697882, 12.729478388619281 ] ], [ [ 101.801691841507406, 12.742213542785251 ], [ 101.801783852300957, 12.742212567843247 ], [ 101.801782859097642, 12.742122247656454 ], [ 101.801874869851048, 12.742121272689666 ], [ 101.801873876622849, 12.742030952509321 ], [ 101.801965887336124, 12.742029977517749 ], [ 101.801964894083042, 12.741939657343851 ], [ 101.802056904756157, 12.741938682327493 ], [ 101.802055911478192, 12.741848362160036 ], [ 101.802147922111175, 12.741847387118899 ], [ 101.802144942225524, 12.741576426633793 ], [ 101.802052931690085, 12.741577401653522 ], [ 101.802051938442631, 12.741487081483303 ], [ 101.80195992793206, 12.741488056463981 ], [ 101.801958934724752, 12.741397736285931 ], [ 101.80177491374576, 12.741399686137264 ], [ 101.801773920611097, 12.741309365944254 ], [ 101.801681910142662, 12.741310340814907 ], [ 101.801680917048145, 12.741220020614072 ], [ 101.801588906604607, 12.741220995445676 ], [ 101.801587913550208, 12.741130675237013 ], [ 101.801311882271349, 12.741133599518923 ], [ 101.801313868192693, 12.741314239978363 ], [ 101.80122185768613, 12.741315214689434 ], [ 101.80122384357297, 12.741495855160379 ], [ 101.801131832993761, 12.741496829853796 ], [ 101.801136797681707, 12.741948431054722 ], [ 101.80122880842346, 12.741947456325631 ], [ 101.801229801416454, 12.742037776556606 ], [ 101.801137790642173, 12.742038751292831 ], [ 101.801139776585984, 12.742219391766978 ], [ 101.801047765739057, 12.742220366485546 ], [ 101.801050744614429, 12.74249132721298 ], [ 101.800866722702608, 12.742493276597161 ], [ 101.800868708527588, 12.742673917107194 ], [ 101.800960719552336, 12.742672942416794 ], [ 101.80096171250878, 12.74276326266364 ], [ 101.801145734600425, 12.742761313172819 ], [ 101.801144741578952, 12.742670992940242 ], [ 101.801328763575057, 12.742669043336006 ], [ 101.801327770496201, 12.742578723117003 ], [ 101.801419781450306, 12.74257774827414 ], [ 101.801418788346538, 12.74248742806158 ], [ 101.801510799260498, 12.74248645319393 ], [ 101.801509806131847, 12.74239613298781 ], [ 101.801601817005675, 12.742395158095375 ], [ 101.801600823852141, 12.742304837895698 ], [ 101.801692834685824, 12.742303862978478 ], [ 101.801691841507406, 12.742213542785251 ] ], [ [ 101.810423866744131, 12.741307905116127 ], [ 101.810607886286974, 12.741305949264461 ], [ 101.810605893783389, 12.741125310249842 ], [ 101.810697903478314, 12.741124332290452 ], [ 101.810696907205482, 12.741034012789259 ], [ 101.810788916860247, 12.74103303480511 ], [ 101.810786924272534, 12.740852395814965 ], [ 101.810878933854639, 12.740851417813216 ], [ 101.810877937539743, 12.740761098324265 ], [ 101.810969947081688, 12.740760120297761 ], [ 101.810966958085416, 12.740489161848231 ], [ 101.811058967522172, 12.740488183811287 ], [ 101.811057971172872, 12.740397864333886 ], [ 101.811149980569482, 12.740396886272185 ], [ 101.811144998775262, 12.73994528891059 ], [ 101.81096098029947, 12.739947244930487 ], [ 101.810961976577985, 12.740037564418509 ], [ 101.810869967296114, 12.740038542387747 ], [ 101.810871959811109, 12.740219181376027 ], [ 101.810779950456578, 12.74022015932767 ], [ 101.810781942937169, 12.740400798327498 ], [ 101.810689933509948, 12.740401776261544 ], [ 101.810691925956135, 12.74058241527292 ], [ 101.810599916456255, 12.740583393189365 ], [ 101.810601908868023, 12.74076403221229 ], [ 101.810509899295482, 12.740765010111136 ], [ 101.810511891672846, 12.74094564914561 ], [ 101.810327872374771, 12.740947604876185 ], [ 101.810328868509927, 12.741037924406701 ], [ 101.810236858816893, 12.741038902231267 ], [ 101.81023785492718, 12.741129221768247 ], [ 101.810053835453175, 12.741131177335959 ], [ 101.810054831506093, 12.741221496886554 ], [ 101.810146841279433, 12.741220519111501 ], [ 101.810148833473207, 12.741401158196311 ], [ 101.810056823634852, 12.741402135985677 ], [ 101.810058815794235, 12.74158277508203 ], [ 101.809966805883207, 12.741583752853789 ], [ 101.80997975524231, 12.742757907005648 ], [ 101.80988774490099, 12.742758884838519 ], [ 101.809890733300676, 12.743029843493808 ], [ 101.809982743739539, 12.74302886563947 ], [ 101.809985732305606, 12.743299824267066 ], [ 101.81007774283438, 12.743298846359338 ], [ 101.810085712940634, 12.744021402611887 ], [ 101.810361745261403, 12.744018468525422 ], [ 101.810351781729622, 12.743115273417512 ], [ 101.810259771288827, 12.74311625140669 ], [ 101.810253793732088, 12.742574334265781 ], [ 101.810161783478733, 12.742575312180097 ], [ 101.810156802554388, 12.742123714507864 ], [ 101.81024881264517, 12.74212273662933 ], [ 101.810243831749517, 12.741671138975583 ], [ 101.810335841670096, 12.74167016110091 ], [ 101.810333849300378, 12.741489522048882 ], [ 101.810425859148282, 12.741488544156608 ], [ 101.810423866744131, 12.741307905116127 ] ], [ [ 101.820124923562076, 12.761438402650104 ], [ 101.819940890991077, 12.761440368165962 ], [ 101.819939889797382, 12.761350049523953 ], [ 101.819663840981008, 12.761352997536443 ], [ 101.819662839892686, 12.761262678872198 ], [ 101.819294774826929, 12.761266609079261 ], [ 101.819293773876552, 12.761176290385599 ], [ 101.819109741362752, 12.761178255282971 ], [ 101.819108740485163, 12.761087936574254 ], [ 101.819016724249295, 12.761088918967809 ], [ 101.819014722582295, 12.76090828153394 ], [ 101.818830690217808, 12.760910246196433 ], [ 101.818829689460955, 12.760819927464102 ], [ 101.818737673299765, 12.760820909740222 ], [ 101.818736672583142, 12.760730591000017 ], [ 101.818644656446821, 12.760731573236994 ], [ 101.81864365577043, 12.76064125448892 ], [ 101.818551639659006, 12.760642236686749 ], [ 101.818550639022874, 12.760551917930798 ], [ 101.818458622936333, 12.76055290008949 ], [ 101.818457622340418, 12.760462581325669 ], [ 101.818365606278775, 12.760463563445217 ], [ 101.81836460572309, 12.760373244673525 ], [ 101.81827258968633, 12.760374226753928 ], [ 101.818271589170891, 12.760283907974367 ], [ 101.818179573159028, 12.760284890015628 ], [ 101.818178572683806, 12.760194571228196 ], [ 101.818086556696827, 12.760195553230313 ], [ 101.818085556261849, 12.760105234435011 ], [ 101.817993540299753, 12.76010621639799 ], [ 101.817992539905006, 12.760015897594817 ], [ 101.817900523967808, 12.760016879518659 ], [ 101.817899523613292, 12.759926560707614 ], [ 101.817807507700977, 12.759927542592314 ], [ 101.817804506781187, 12.759656586133495 ], [ 101.817712490958854, 12.759657567964702 ], [ 101.8177094902058, 12.759386611478112 ], [ 101.817617474473494, 12.759387593255829 ], [ 101.81760847292162, 12.758574723694045 ], [ 101.817516457474653, 12.75857570537522 ], [ 101.817506456804765, 12.757672516835635 ], [ 101.817598471926189, 12.757671535226217 ], [ 101.817596471819172, 12.757490897524331 ], [ 101.817504456762848, 12.757491879119398 ], [ 101.817499456792319, 12.75704028481668 ], [ 101.817591471685859, 12.757039303257491 ], [ 101.817585471779068, 12.756497390114408 ], [ 101.817677486469634, 12.756496408566315 ], [ 101.817675486496981, 12.756315770860766 ], [ 101.817767501114758, 12.756314789295072 ], [ 101.817765501107701, 12.756134151601096 ], [ 101.817857515652719, 12.756133170017803 ], [ 101.817856515628137, 12.756042851176954 ], [ 101.817948530132938, 12.756041869568879 ], [ 101.817946530041709, 12.755861231899452 ], [ 101.818038544473737, 12.755860250273777 ], [ 101.81803754440709, 12.755769931445201 ], [ 101.818129558798887, 12.755768949794753 ], [ 101.818128558707357, 12.75567863097266 ], [ 101.818312587402858, 12.755676667590262 ], [ 101.818311587253902, 12.755586348781831 ], [ 101.818495615853607, 12.755584385285974 ], [ 101.818496616067648, 12.755674704080048 ], [ 101.818680644701772, 12.75567274044203 ], [ 101.818679644422616, 12.755582421662311 ], [ 101.81877165869561, 12.755581439802551 ], [ 101.818770658391585, 12.755491121029316 ], [ 101.818954686849452, 12.755489157228299 ], [ 101.818955687218562, 12.755579475987174 ], [ 101.819139715710833, 12.755577512043992 ], [ 101.819140716152717, 12.755667830787813 ], [ 101.81923273041987, 12.755666848761113 ], [ 101.819233730901985, 12.755757167497066 ], [ 101.819325745194035, 12.755756185431235 ], [ 101.819327746246373, 12.755936822886703 ], [ 101.819419760595835, 12.755935840774555 ], [ 101.819423762922838, 12.756297115648447 ], [ 101.819607791859127, 12.756295151270853 ], [ 101.819605790550071, 12.756114513864016 ], [ 101.819697804941583, 12.756113531641649 ], [ 101.81969680426603, 12.756023212944374 ], [ 101.819880832960948, 12.756021248418143 ], [ 101.819879832227969, 12.755930929734536 ], [ 101.819971846531359, 12.755929947430673 ], [ 101.819970845773497, 12.755839628753552 ], [ 101.820154874292157, 12.755837664064332 ], [ 101.820150871077132, 12.755476389406375 ], [ 101.820058856951832, 12.755477371738232 ], [ 101.820056855455491, 12.755296734390733 ], [ 101.819596785039323, 12.755301645498934 ], [ 101.819594783899149, 12.755121008076848 ], [ 101.819502769857991, 12.755121990188274 ], [ 101.819500768813626, 12.754941352749054 ], [ 101.819592782789698, 12.754940370651987 ], [ 101.819591782246491, 12.75485005193852 ], [ 101.819683796182346, 12.754849069816684 ], [ 101.81968279561427, 12.754758751109703 ], [ 101.819774809509909, 12.754757768963099 ], [ 101.819772808331678, 12.754577131561419 ], [ 101.819864822154557, 12.754576149397229 ], [ 101.81986282094195, 12.754395512007138 ], [ 101.819770807184184, 12.754396494156968 ], [ 101.819764803925906, 12.753854581926975 ], [ 101.81967279035571, 12.753855564001768 ], [ 101.819671789872075, 12.753765245287161 ], [ 101.819579776326762, 12.753766227322826 ], [ 101.819578775883357, 12.753675908600346 ], [ 101.819394748834753, 12.753677872561473 ], [ 101.819393748464094, 12.753587553823943 ], [ 101.819209721449894, 12.75358951764292 ], [ 101.819208721151995, 12.753499198890333 ], [ 101.819116707665913, 12.753500180744727 ], [ 101.819115707408244, 12.753409861984265 ], [ 101.819023693947045, 12.753410843799525 ], [ 101.819022693729593, 12.753320525031198 ], [ 101.818930680293235, 12.753321506807334 ], [ 101.818929680116, 12.753231188031132 ], [ 101.818653639858539, 12.753234133146334 ], [ 101.818652639786606, 12.753143814347903 ], [ 101.818560626384638, 12.7531447959819 ], [ 101.818559626352922, 12.753054477175594 ], [ 101.818375599591064, 12.753056440333394 ], [ 101.818373599680811, 12.752875802689998 ], [ 101.81828158635345, 12.752876784206626 ], [ 101.818280586442356, 12.752786465376712 ], [ 101.818188573139878, 12.752787446854216 ], [ 101.818187573269014, 12.752697128016431 ], [ 101.818095559991377, 12.752698109454814 ], [ 101.818094560160731, 12.75260779060916 ], [ 101.818002546907977, 12.75260877200842 ], [ 101.818001547117532, 12.752518453154899 ], [ 101.817909533889647, 12.752519434515037 ], [ 101.81790853413942, 12.752429115653641 ], [ 101.81781652093639, 12.752430096974662 ], [ 101.817814521524028, 12.752249459235443 ], [ 101.817722508378409, 12.752250440510167 ], [ 101.817721508716275, 12.752160121632345 ], [ 101.817629495595526, 12.75216110286795 ], [ 101.81762749635935, 12.751980465095869 ], [ 101.817535483296012, 12.75198144628518 ], [ 101.817534483721971, 12.751891127390927 ], [ 101.817442470683488, 12.751892108541117 ], [ 101.817441471149664, 12.751801789638995 ], [ 101.817257445114763, 12.751803751829199 ], [ 101.817255446200264, 12.751623113994176 ], [ 101.817163433236388, 12.751624095027015 ], [ 101.817162433823171, 12.751533776101294 ], [ 101.81707042088415, 12.751534757095015 ], [ 101.817068422145823, 12.751354119227136 ], [ 101.816976409264228, 12.751355100174573 ], [ 101.816975409939104, 12.751264781232418 ], [ 101.816699371345862, 12.751267723861551 ], [ 101.816698372126012, 12.751177404897186 ], [ 101.816606359278808, 12.751178385702506 ], [ 101.816605360099175, 12.751088066730276 ], [ 101.816513347276825, 12.751089047496482 ], [ 101.81651234813738, 12.750998728516384 ], [ 101.816328322534773, 12.751000689938635 ], [ 101.816327323468073, 12.750910370943499 ], [ 101.816143297899842, 12.750912332223642 ], [ 101.816142298905888, 12.750822013213471 ], [ 101.815958273372075, 12.750823974351508 ], [ 101.815956275537289, 12.750643336300403 ], [ 101.815772250102938, 12.750645297281995 ], [ 101.815771251262106, 12.750554978241059 ], [ 101.815679238565977, 12.750555958676776 ], [ 101.815678239765361, 12.750465639627976 ], [ 101.815494214415153, 12.75046760038925 ], [ 101.815493215687269, 12.750377281325418 ], [ 101.815401203033204, 12.750378261650978 ], [ 101.815400204345522, 12.750287942579281 ], [ 101.815308191716312, 12.750288922865732 ], [ 101.815307193068818, 12.750198603786174 ], [ 101.815215180464506, 12.750199584033513 ], [ 101.815214181857201, 12.750109264946094 ], [ 101.815030156690625, 12.750111225330622 ], [ 101.815029158156065, 12.750020906228171 ], [ 101.814845133023894, 12.750022866470607 ], [ 101.814844134562065, 12.749932547353129 ], [ 101.814752122017026, 12.74993352741927 ], [ 101.814751123595386, 12.749843208293928 ], [ 101.814291060917867, 12.749848108109735 ], [ 101.814290062666558, 12.749757788947861 ], [ 101.814106037606962, 12.749759748636281 ], [ 101.814105039428384, 12.749669429459386 ], [ 101.813829001879157, 12.749672368730989 ], [ 101.813828003805824, 12.749582049531904 ], [ 101.81364397879976, 12.74958400887229 ], [ 101.813642980799159, 12.749493689658175 ], [ 101.813366943330209, 12.74949662840773 ], [ 101.813365945434867, 12.749406309171425 ], [ 101.812997895499166, 12.749410227028392 ], [ 101.812996897741598, 12.749319907762739 ], [ 101.812904885271053, 12.749320887139977 ], [ 101.812905882996091, 12.749411206412791 ], [ 101.812813870485357, 12.749412185765252 ], [ 101.812812872792861, 12.749321866485275 ], [ 101.812720860306996, 12.749322845798636 ], [ 101.812721857966963, 12.749413165085778 ], [ 101.811893744956876, 12.74942197753335 ], [ 101.811894742331717, 12.74951229688426 ], [ 101.811618704426294, 12.749515233813401 ], [ 101.81161970171118, 12.749605553185098 ], [ 101.811435676337567, 12.749607510992494 ], [ 101.811436673565041, 12.749697830377817 ], [ 101.811344660834209, 12.749698809240769 ], [ 101.811345658036814, 12.749789128632559 ], [ 101.811253645265822, 12.749790107470735 ], [ 101.811254642443529, 12.749880426868994 ], [ 101.811162629632335, 12.749881405682389 ], [ 101.811163626785188, 12.749971725087113 ], [ 101.811071613933791, 12.749972703875727 ], [ 101.811072611061775, 12.750063023286922 ], [ 101.810980598170204, 12.750064002050754 ], [ 101.81098159527329, 12.750154321468413 ], [ 101.810889582341531, 12.750155300207471 ], [ 101.810890579419734, 12.750245619631595 ], [ 101.810614540480927, 12.750248555678603 ], [ 101.810618528479878, 12.750609833454078 ], [ 101.81071054159726, 12.750608854775049 ], [ 101.810713532774429, 12.750879813077908 ], [ 101.810621519559433, 12.750880791778412 ], [ 101.810624510707868, 12.751151750096515 ], [ 101.810532497387598, 12.751152728786549 ], [ 101.810534491459748, 12.751333367676136 ], [ 101.810626504845061, 12.751332388971788 ], [ 101.81063049321132, 12.751693666714022 ], [ 101.810722506719159, 12.751692687949099 ], [ 101.810726495337988, 12.752053965651628 ], [ 101.810818508968339, 12.752052986826124 ], [ 101.810824492321416, 12.75259490331619 ], [ 101.810916506139336, 12.752593924415798 ], [ 101.810924484632352, 12.75331647963983 ], [ 101.811016498702941, 12.753315500650221 ], [ 101.811017496081561, 12.753405820042953 ], [ 101.810925481978416, 12.75340679903972 ], [ 101.810926479332139, 12.753497118438917 ], [ 101.811018493467827, 12.75349613943499 ], [ 101.811019490861753, 12.753586458826334 ], [ 101.810927476693507, 12.753587437837421 ], [ 101.810929471439223, 12.753768076632346 ], [ 101.810837457198247, 12.753769055625801 ], [ 101.810840449276569, 12.754040013834476 ], [ 101.810932463615174, 12.754039034819545 ], [ 101.81093445843743, 12.754219673607546 ], [ 101.810842444033725, 12.754220652636791 ], [ 101.810844438821491, 12.754401291436343 ], [ 101.810752424345054, 12.75440227044796 ], [ 101.810755416486458, 12.75467322866356 ], [ 101.810663401904733, 12.754674207664699 ], [ 101.810665396638839, 12.754854846485953 ], [ 101.810573381984383, 12.754855825469457 ], [ 101.810574379330362, 12.754946144886206 ], [ 101.810482364635689, 12.754947123844916 ], [ 101.810483361956784, 12.755037443268129 ], [ 101.810391347221909, 12.755038422202045 ], [ 101.810392344518107, 12.755128741631721 ], [ 101.810300329743029, 12.755129720540843 ], [ 101.810301327014344, 12.755220039976985 ], [ 101.810209312199063, 12.75522101886131 ], [ 101.810210309445466, 12.755311338303921 ], [ 101.81002627972687, 12.755313295991032 ], [ 101.810027276915847, 12.755403615447253 ], [ 101.809567202322725, 12.755408509141647 ], [ 101.80956819935659, 12.755498828632959 ], [ 101.809292154411281, 12.755501764487624 ], [ 101.809293151355149, 12.755592083999714 ], [ 101.809201136325527, 12.755593062561182 ], [ 101.809202133244511, 12.755683382079729 ], [ 101.8089260880121, 12.755686317593888 ], [ 101.808927084841073, 12.755776637133202 ], [ 101.808374993974482, 12.755782507341689 ], [ 101.808375990615801, 12.75587282692323 ], [ 101.806719715778669, 12.755890430775372 ], [ 101.80671871972325, 12.755800111065131 ], [ 101.806626704414469, 12.755801088746205 ], [ 101.806625708399238, 12.755710769028122 ], [ 101.806349662524653, 12.755713701858175 ], [ 101.80634866661471, 12.755623382117955 ], [ 101.80616463605854, 12.755625337163931 ], [ 101.806163640221342, 12.755535017408723 ], [ 101.806071624964346, 12.755535994876631 ], [ 101.806070629167351, 12.755445675113593 ], [ 101.805978613935252, 12.7554466525424 ], [ 101.805977618178446, 12.755356332771521 ], [ 101.805793587756455, 12.755358287518991 ], [ 101.805792592072365, 12.755267967733126 ], [ 101.805700576882472, 12.755268945051785 ], [ 101.805699581238571, 12.755178625258081 ], [ 101.805607566073576, 12.755179602537641 ], [ 101.805606570469863, 12.755089282736099 ], [ 101.805514555329779, 12.755090259976564 ], [ 101.805513559766254, 12.754999940167185 ], [ 101.805421544651082, 12.755000917368553 ], [ 101.805420549127746, 12.754910597551335 ], [ 101.805328534037471, 12.754911574713606 ], [ 101.805327538554323, 12.754821254888551 ], [ 101.805235523488975, 12.754822232011728 ], [ 101.805233532610686, 12.754641592345253 ], [ 101.805141517602777, 12.754642569422188 ], [ 101.805140522207651, 12.754552249580771 ], [ 101.80504850722464, 12.754553226618611 ], [ 101.805045521182706, 12.754282267068767 ], [ 101.804953506289706, 12.754283244053225 ], [ 101.804949525137545, 12.75392196461517 ], [ 101.8048575103671, 12.753922941539104 ], [ 101.804847558346736, 12.753019742824074 ], [ 101.804939572791753, 12.753018765971571 ], [ 101.804935592067281, 12.752657486494753 ], [ 101.804843577752436, 12.75265846331868 ], [ 101.804839597280306, 12.752297183802208 ], [ 101.804747583087988, 12.752298160565617 ], [ 101.804745592962831, 12.752117520788945 ], [ 101.804653578827953, 12.752118497506121 ], [ 101.804651588798421, 12.751937857712395 ], [ 101.804467560635928, 12.751939811022348 ], [ 101.804466565697695, 12.751849491110161 ], [ 101.804374551637537, 12.751850467710076 ], [ 101.804373556739478, 12.751760147790055 ], [ 101.804281542704217, 12.751761124350887 ], [ 101.804280547846332, 12.751670804423034 ], [ 101.804096519817989, 12.751672757434585 ], [ 101.804095525032807, 12.751582437491754 ], [ 101.804003511039724, 12.751583413942472 ], [ 101.804002516294716, 12.751493093991806 ], [ 101.803634460376202, 12.751496999446687 ], [ 101.803633465768996, 12.751406679466767 ], [ 101.803357423847558, 12.751409608201104 ], [ 101.803356429345598, 12.751319288199074 ], [ 101.802712331489559, 12.751326120744553 ], [ 101.802711337222988, 12.751235800691861 ], [ 101.802159253244028, 12.751241655870821 ], [ 101.802158259180302, 12.751151335774615 ], [ 101.801790203171876, 12.751155238559855 ], [ 101.801789209245968, 12.751064918434418 ], [ 101.801513167257156, 12.751067845166549 ], [ 101.801512173436464, 12.75097752501901 ], [ 101.801328145470862, 12.750979475999786 ], [ 101.801327151722873, 12.750889155837287 ], [ 101.801235137761168, 12.750890131272625 ], [ 101.801234144053353, 12.750799811102302 ], [ 101.80114213011656, 12.750800786498566 ], [ 101.801141136448891, 12.750710466320417 ], [ 101.800773080755604, 12.750714367557523 ], [ 101.80077208722571, 12.750624047350149 ], [ 101.80068007331586, 12.750625022572438 ], [ 101.800679079826139, 12.750534702357237 ], [ 101.800495052048632, 12.750536652691729 ], [ 101.8004940586316, 12.750446332461573 ], [ 101.800402044763956, 12.750447307573776 ], [ 101.800401051387084, 12.750356987335795 ], [ 101.800309037544338, 12.750357962408925 ], [ 101.800308044207625, 12.75026764216312 ], [ 101.800124016564354, 12.750269592199297 ], [ 101.80012302330033, 12.750179271938537 ], [ 101.80003100949979, 12.750180246901582 ], [ 101.800029023059693, 12.74999960636373 ], [ 101.799844995565891, 12.750001556165479 ], [ 101.799844002422347, 12.749911235881253 ], [ 101.799751988696542, 12.749912210727087 ], [ 101.799750995593143, 12.749821890435037 ], [ 101.79965898189225, 12.749822865241807 ], [ 101.799656002725428, 12.749551904340121 ], [ 101.799563989114517, 12.749552879093557 ], [ 101.799562996106687, 12.749462558784483 ], [ 101.799470982520688, 12.749463533498849 ], [ 101.799469989553018, 12.749373213181954 ], [ 101.799377975991931, 12.749374187857253 ], [ 101.799375990144512, 12.749193547207128 ], [ 101.799283976640865, 12.749194521836232 ], [ 101.799278019476716, 12.748652599826475 ], [ 101.799186006160653, 12.748653574380869 ], [ 101.799180049466059, 12.748111652303436 ], [ 101.799272062586951, 12.748110677791818 ], [ 101.799259156933644, 12.746936513297968 ], [ 101.799351169624046, 12.746935538847087 ], [ 101.799347198782812, 12.746574257469367 ], [ 101.79943921133551, 12.746573283015072 ], [ 101.799438218611726, 12.746482962676044 ], [ 101.799530231124265, 12.746481988196948 ], [ 101.799528245634519, 12.74630134753107 ], [ 101.799620258074398, 12.746300373034304 ], [ 101.799618272550077, 12.746119732379919 ], [ 101.799710284917282, 12.74611875786548 ], [ 101.79970929213404, 12.746028437544384 ], [ 101.799801304461099, 12.74602746300515 ], [ 101.799799318852422, 12.745846822375132 ], [ 101.799891331106821, 12.745845847818229 ], [ 101.799890338281386, 12.745755527509314 ], [ 101.799982350495625, 12.745754552927608 ], [ 101.799981357645294, 12.745664232625137 ], [ 101.800073369819387, 12.745663258018636 ], [ 101.800072376944172, 12.745572937722599 ], [ 101.80016438907812, 12.745571963091301 ], [ 101.800163396177993, 12.745481642801701 ], [ 101.800255408271795, 12.745480668145605 ], [ 101.800254415346771, 12.745390347862452 ], [ 101.800346427400427, 12.745389373181556 ], [ 101.800345434450506, 12.745299052904839 ], [ 101.800437446464016, 12.745298078199152 ], [ 101.800436453489198, 12.745207757928874 ], [ 101.800528465462563, 12.745206783198393 ], [ 101.800526479470747, 12.745026142670026 ], [ 101.800618491371452, 12.745025167921879 ], [ 101.80061749835447, 12.74493484766379 ], [ 101.800709510215029, 12.744933872890851 ], [ 101.800708517173149, 12.744843552639205 ], [ 101.800892540806331, 12.744841603011805 ], [ 101.800891547707039, 12.744751282773732 ], [ 101.800983559479675, 12.744750307919279 ], [ 101.800982566355472, 12.744659987687648 ], [ 101.8014426249417, 12.744655112972152 ], [ 101.80144361822849, 12.744745433168115 ], [ 101.801535629955382, 12.744744458122099 ], [ 101.801536623282331, 12.74483477831024 ], [ 101.801628635034106, 12.74483380322517 ], [ 101.801629628401187, 12.744924123405477 ], [ 101.80172164017786, 12.744923148281346 ], [ 101.801722633585115, 12.745013468453831 ], [ 101.801814645386671, 12.745012493290634 ], [ 101.801815638834057, 12.745102813455292 ], [ 101.80190765066051, 12.745101838253035 ], [ 101.801908644148043, 12.745192158409866 ], [ 101.802000655999407, 12.745191183168547 ], [ 101.801998668966917, 12.745010542868465 ], [ 101.801906657180609, 12.745011518095513 ], [ 101.801905663708339, 12.744921197937302 ], [ 101.801813651946915, 12.744922173125286 ], [ 101.801812658514777, 12.744831852959248 ], [ 101.801720646778264, 12.744832828108171 ], [ 101.801719653386272, 12.744742507934305 ], [ 101.801627641674642, 12.744743483044166 ], [ 101.801626648322809, 12.744653162862475 ], [ 101.801534636636077, 12.744654137933274 ], [ 101.801533643324376, 12.744563817743755 ], [ 101.801441631662541, 12.744564792775499 ], [ 101.801437658622106, 12.744203511981967 ], [ 101.801529670153883, 12.744202536978761 ], [ 101.801528676880338, 12.744112216785783 ], [ 101.801620688371969, 12.744111241757787 ], [ 101.801619695073512, 12.744020921571256 ], [ 101.801711706524998, 12.744019946518469 ], [ 101.801710713201643, 12.743929626338382 ], [ 101.801802724612998, 12.743928651260809 ], [ 101.80180173126476, 12.74383833108716 ], [ 101.801985753999503, 12.743836380850516 ], [ 101.801984760593882, 12.743746060690446 ], [ 101.802076771917299, 12.743745085531373 ], [ 101.802075778486767, 12.743654765377752 ], [ 101.802167789770039, 12.743653790193893 ], [ 101.802166796314623, 12.743563470046713 ], [ 101.802258807557763, 12.743562494838066 ], [ 101.802257814077464, 12.743472174697329 ], [ 101.802441836475793, 12.743470224198543 ], [ 101.802440842938083, 12.743379904071388 ], [ 101.8025328540933, 12.743378928781249 ], [ 101.802531860530692, 12.74328860866054 ], [ 101.802623871645764, 12.743287633345613 ], [ 101.802622878058273, 12.743197313231354 ], [ 101.802714889133199, 12.743196337891646 ], [ 101.802713895520839, 12.743106017783827 ], [ 101.802805906555605, 12.743105042419332 ], [ 101.802804912918361, 12.743014722317962 ], [ 101.802896923912982, 12.743013746928682 ], [ 101.802895930250841, 12.742923426833759 ], [ 101.80298794120533, 12.742922451419698 ], [ 101.802986947518306, 12.742832131331223 ], [ 101.80307895843265, 12.742831155892377 ], [ 101.803077964720757, 12.742740835810345 ], [ 101.80316997559494, 12.74273986034672 ], [ 101.803167988129005, 12.74255922019486 ], [ 101.803259998930528, 12.742558244713589 ], [ 101.803257017691308, 12.742287284502028 ], [ 101.803349028387672, 12.742286309010256 ], [ 101.803348034624008, 12.742195988945491 ], [ 101.803440045280226, 12.742195013428939 ], [ 101.803439051491694, 12.742104693370621 ], [ 101.803531062107766, 12.74210371782929 ], [ 101.80353006829435, 12.742013397777422 ], [ 101.803622078870276, 12.74201242221131 ], [ 101.803618103562883, 12.741651142025475 ], [ 101.803526093117, 12.741652117563028 ], [ 101.803525099341755, 12.741561797507703 ], [ 101.803433088920741, 12.741562773006198 ], [ 101.803431101458145, 12.74138213287919 ], [ 101.803339091094529, 12.74138310833149 ], [ 101.803336110055412, 12.741112148114377 ], [ 101.803244099781708, 12.74111312351334 ], [ 101.803227209076596, 12.739577682044105 ], [ 101.803135199347878, 12.739578657289796 ], [ 101.803133212416085, 12.739398017089528 ], [ 101.803041202744751, 12.739398992289031 ], [ 101.80304020932283, 12.739308672180721 ], [ 101.802948199676365, 12.739309647341175 ], [ 101.802947206294562, 12.739219327225037 ], [ 101.802855196672979, 12.739220302346441 ], [ 101.802852216670857, 12.738949341972463 ], [ 101.802668197599829, 12.738951292076708 ], [ 101.802667204346051, 12.738860971936392 ], [ 101.802575194831604, 12.738861946933513 ], [ 101.802574201617958, 12.73877162678537 ], [ 101.802390182631171, 12.738773576669603 ], [ 101.802389189490157, 12.738683256506492 ], [ 101.802297180017817, 12.738684231393604 ], [ 101.802296186916948, 12.738593911222669 ], [ 101.802204177469477, 12.738594886070736 ], [ 101.802203184408754, 12.738504565891969 ], [ 101.802111174986166, 12.738505540700993 ], [ 101.802110181965546, 12.738415220514399 ], [ 101.802018172567827, 12.738416195284376 ], [ 101.802017179587352, 12.738325875089958 ], [ 101.801925170214517, 12.738326849820886 ], [ 101.801924177274174, 12.738236529618641 ], [ 101.801832167926207, 12.738237504310529 ], [ 101.801831175025981, 12.738147184100454 ], [ 101.801739165702898, 12.738148158753301 ], [ 101.801738172842803, 12.738057838535397 ], [ 101.801646163544589, 12.738058813149198 ], [ 101.801645170724626, 12.737968492923475 ], [ 101.801553161451295, 12.737969467498228 ], [ 101.801552168671449, 12.737879147264675 ], [ 101.801460159422987, 12.737880121800394 ], [ 101.801459166683273, 12.737789801559014 ], [ 101.80136715745968, 12.737790776055686 ], [ 101.801365172068145, 12.737610135556586 ], [ 101.801181153728095, 12.73761208442567 ], [ 101.801180161108761, 12.737521764160819 ], [ 101.800904133638994, 12.737524687203742 ], [ 101.800903141124792, 12.7374343669168 ], [ 101.800811131985455, 12.737435341193491 ], [ 101.80081013951137, 12.737345020898722 ], [ 101.800626121274817, 12.737346969342122 ], [ 101.800625128873364, 12.7372566490324 ], [ 101.800533119776148, 12.737257623199108 ], [ 101.800532127414812, 12.737167302881563 ], [ 101.800348109262529, 12.737169251104996 ], [ 101.800347116973811, 12.737078930772496 ], [ 101.80025510791873, 12.737079904829221 ], [ 101.800254115670143, 12.736989584488894 ], [ 101.800070097602102, 12.736991532492366 ], [ 101.800069105426118, 12.73690121213709 ], [ 101.79988508739261, 12.736903159998674 ], [ 101.799884095289244, 12.736812839628447 ], [ 101.79970007729024, 12.73681478734815 ], [ 101.799699085259491, 12.73672446696297 ], [ 101.799515067295005, 12.73672641454079 ], [ 101.799514075336887, 12.73663609414066 ], [ 101.799330057406905, 12.736638041576603 ], [ 101.799329065521391, 12.736547721161523 ], [ 101.799145047625927, 12.73654966845559 ], [ 101.799144055813045, 12.736459348025562 ], [ 101.798499993166388, 12.736466162499882 ], [ 101.798499001588596, 12.736375842019275 ], [ 101.79831498368597, 12.736377788710541 ], [ 101.79831597519879, 12.736468109205404 ], [ 101.798223966203551, 12.736469082510308 ], [ 101.798222974723259, 12.736378762008318 ], [ 101.797946947789356, 12.736381681710219 ], [ 101.797947939172161, 12.736472002233583 ], [ 101.797671912072232, 12.73647492166972 ], [ 101.797670920786913, 12.73638460112498 ], [ 101.796842839368381, 12.736393357646406 ], [ 101.796841848383153, 12.736303037036864 ], [ 101.796749839331071, 12.736304009817042 ], [ 101.79674884838596, 12.736213689199687 ], [ 101.796840857405556, 12.736212716426627 ], [ 101.796839866435548, 12.736122395815704 ], [ 101.796931875415012, 12.736121423017867 ], [ 101.796932866417507, 12.73621174362167 ], [ 101.797024875421855, 12.736210770784803 ], [ 101.797025866464466, 12.736301091380792 ], [ 101.797485911534494, 12.736296226682283 ], [ 101.797483929131928, 12.736115585560851 ], [ 101.797575938058102, 12.736114612539684 ], [ 101.797574946835738, 12.736024291985055 ], [ 101.797850973471071, 12.736021372751503 ], [ 101.797851964790908, 12.736111693284759 ], [ 101.797943973686628, 12.736110720135976 ], [ 101.797944965046582, 12.736201040661415 ], [ 101.798036973967172, 12.736200067473604 ], [ 101.798037965367257, 12.736290387991227 ], [ 101.798682027825564, 12.736283574733342 ], [ 101.798679052965767, 12.73601261332805 ], [ 101.798771061760419, 12.736011639899262 ], [ 101.798766103650649, 12.735560037578933 ], [ 101.798674095018455, 12.735561010972088 ], [ 101.798673103451847, 12.735470690498822 ], [ 101.79858109484455, 12.735471663852948 ], [ 101.798580103318059, 12.735381343371861 ], [ 101.798488094735632, 12.735382316686959 ], [ 101.798489086229637, 12.735472637175169 ], [ 101.798029043040771, 12.735477503307751 ], [ 101.79803003437992, 12.7355678238309 ], [ 101.797846016986071, 12.735569770074868 ], [ 101.797847008267837, 12.735660090611576 ], [ 101.797754999527001, 12.735661063692829 ], [ 101.797753017036072, 12.735480422604471 ], [ 101.797845025711922, 12.735479449537468 ], [ 101.797839078226929, 12.734937526298554 ], [ 101.798115103623914, 12.734934607034381 ], [ 101.798114112305598, 12.734844286513521 ], [ 101.798298129133826, 12.734842340192152 ], [ 101.798297137758141, 12.734752019684853 ], [ 101.798389146128358, 12.734751046483447 ], [ 101.798387163334823, 12.734570405481021 ], [ 101.798479171632437, 12.734569432261967 ], [ 101.798477188804398, 12.734388791271034 ], [ 101.798569197029408, 12.734387818034334 ], [ 101.798566222747027, 12.734116856564132 ], [ 101.79865823086692, 12.73411588331691 ], [ 101.798657239422212, 12.734025562832587 ], [ 101.798841255574203, 12.734023616256701 ], [ 101.798840264072112, 12.733933295785945 ], [ 101.798932272104196, 12.733932322457283 ], [ 101.798931280577236, 12.733842001992961 ], [ 101.799115296553552, 12.733840055254198 ], [ 101.799112321823458, 12.733569093899854 ], [ 101.799204329702718, 12.73356812050401 ], [ 101.799203338108768, 12.733477800058312 ], [ 101.799479361603375, 12.733474879700781 ], [ 101.799478369919584, 12.733384559275775 ], [ 101.799754393248122, 12.733381638652558 ], [ 101.799753401474476, 12.733291318248247 ], [ 101.799845409202931, 12.733290344650515 ], [ 101.799841442054614, 12.732929063054888 ], [ 101.799657426850004, 12.732931010161424 ], [ 101.799656435146957, 12.732840689746533 ], [ 101.79938041238033, 12.732843610145734 ], [ 101.799379420782358, 12.732753289708763 ], [ 101.799195405631494, 12.732755236467829 ], [ 101.799196397164479, 12.732845556919054 ], [ 101.799104389545136, 12.732846530257875 ], [ 101.799106372569, 12.733027171172514 ], [ 101.799014364877067, 12.733028144493696 ], [ 101.799015356367931, 12.733118464957109 ], [ 101.798923348635867, 12.733119438253517 ], [ 101.798926323056747, 12.733390399660991 ], [ 101.798834315219608, 12.733391372946889 ], [ 101.798835306675983, 12.733481693421792 ], [ 101.79855928302139, 12.733484613109484 ], [ 101.79856027438791, 12.733574933605077 ], [ 101.79837625851512, 12.733576879918306 ], [ 101.798377249824284, 12.733667200427464 ], [ 101.798285241843971, 12.733668173543354 ], [ 101.798286233128266, 12.733758494058947 ], [ 101.798194225107835, 12.733759467150069 ], [ 101.798195216367262, 12.733849787672096 ], [ 101.798011200238605, 12.7338517337729 ], [ 101.798013182650308, 12.73403237484338 ], [ 101.797921174509582, 12.734033347860185 ], [ 101.797922165694374, 12.734123668401519 ], [ 101.797830157513516, 12.734124641393548 ], [ 101.797831148673438, 12.734214961941312 ], [ 101.797739140452492, 12.734215934908571 ], [ 101.797741122730187, 12.734396576016275 ], [ 101.797649114436638, 12.734397548965882 ], [ 101.797650105554411, 12.734487869525823 ], [ 101.797466088879489, 12.734489815343586 ], [ 101.797467079939892, 12.734580135917087 ], [ 101.79737507155852, 12.734581108785243 ], [ 101.797376062594054, 12.734671429365171 ], [ 101.797192045743472, 12.734673375020034 ], [ 101.797193036721623, 12.734763695613522 ], [ 101.796917011291171, 12.734766613877927 ], [ 101.796918002179467, 12.734856934492091 ], [ 101.796733985122771, 12.734858879856437 ], [ 101.796735966792227, 12.735039521111183 ], [ 101.796643958187474, 12.735040493759749 ], [ 101.796644949001134, 12.735130814393212 ], [ 101.796184905700727, 12.735135677193124 ], [ 101.796186887025925, 12.735316318529183 ], [ 101.796094878278012, 12.7353172910077 ], [ 101.796096859568678, 12.735497932355241 ], [ 101.796004850748176, 12.735498904816097 ], [ 101.796007822643773, 12.735769866853584 ], [ 101.795915813718153, 12.735770839303902 ], [ 101.795919776222178, 12.73613212203936 ], [ 101.796103794325745, 12.736130177049862 ], [ 101.796104785035766, 12.736220497717758 ], [ 101.796288803173894, 12.736218552586401 ], [ 101.796289793956518, 12.736308873239366 ], [ 101.796197784858762, 12.736309845828115 ], [ 101.796198775616517, 12.736400166487511 ], [ 101.796014757333182, 12.736402111583539 ], [ 101.796013766640428, 12.736311790909905 ], [ 101.795737739255856, 12.736314708293301 ], [ 101.795736748668205, 12.736224387597616 ], [ 101.795552730438772, 12.736226332346117 ], [ 101.795551739923724, 12.7361360116355 ], [ 101.795275712619983, 12.736138928497615 ], [ 101.795274722210038, 12.736048607764952 ], [ 101.795090704034479, 12.736050552165933 ], [ 101.7950887233674, 12.735869910670063 ], [ 101.794996714333209, 12.735870882808463 ], [ 101.794989782465578, 12.735238637501325 ], [ 101.79508179127231, 12.73523766541275 ], [ 101.79507981074218, 12.735057023904446 ], [ 101.795171819476323, 12.735056051798203 ], [ 101.795169838911633, 12.73487541030137 ], [ 101.795261847573173, 12.734874438177462 ], [ 101.795259866973936, 12.734693796692106 ], [ 101.795351875562886, 12.734692824550535 ], [ 101.795350885242186, 12.734602503813935 ], [ 101.79553490233225, 12.734600559449333 ], [ 101.795532921583714, 12.734419918002542 ], [ 101.795624930052355, 12.734418945786627 ], [ 101.795623939657006, 12.734328625069315 ], [ 101.795807956506465, 12.734326680556025 ], [ 101.795806966053746, 12.734236359852263 ], [ 101.795898974434564, 12.734235387554889 ], [ 101.795897983956962, 12.734145066857552 ], [ 101.796174008956285, 12.734142149795396 ], [ 101.796173018388828, 12.73405182911873 ], [ 101.796265026674234, 12.734050856708002 ], [ 101.796264036081894, 12.733960536037767 ], [ 101.796356044327183, 12.733959563602259 ], [ 101.796355053709959, 12.733869242938455 ], [ 101.796539070112729, 12.733867297985986 ], [ 101.796538079438136, 12.733776977335733 ], [ 101.796814103887726, 12.733774059689161 ], [ 101.796813113123278, 12.733683739059583 ], [ 101.796997129319976, 12.733681793816622 ], [ 101.796996138498159, 12.733591473200597 ], [ 101.79727216263862, 12.733588555118297 ], [ 101.797271171726948, 12.733498234522948 ], [ 101.797455187717532, 12.733496288989507 ], [ 101.797454196748504, 12.733405968407718 ], [ 101.797730220579808, 12.733403049889697 ], [ 101.797729229520925, 12.733312729328588 ], [ 101.797913245305409, 12.733310783504672 ], [ 101.797912254189157, 12.733220462957126 ], [ 101.798096269878215, 12.733218517019875 ], [ 101.798095278704594, 12.733128196485886 ], [ 101.798187286505197, 12.733127223476542 ], [ 101.798186295306721, 12.73303690294899 ], [ 101.798278303067235, 12.733035929914873 ], [ 101.798277311843876, 12.732945609393752 ], [ 101.798461327277067, 12.73294366324409 ], [ 101.798460335996353, 12.732853342736529 ], [ 101.79855234366903, 12.732852369620979 ], [ 101.798551352363447, 12.732762049119861 ], [ 101.798735367620978, 12.732760102807328 ], [ 101.798734376258039, 12.732669782319769 ], [ 101.798826383842894, 12.732668809122785 ], [ 101.798825392455086, 12.732578488641666 ], [ 101.798917399999837, 12.732577515419914 ], [ 101.798916408587147, 12.732487194945229 ], [ 101.799008416091809, 12.732486221698712 ], [ 101.799007424654263, 12.732395901230465 ], [ 101.799191439575708, 12.732393954656004 ], [ 101.799190448080807, 12.732303634201321 ], [ 101.799282455497632, 12.73230266087338 ], [ 101.799281463977863, 12.732212340425134 ], [ 101.799373471354571, 12.732211367072425 ], [ 101.799372479809946, 12.732121046630619 ], [ 101.799464487146551, 12.732120073253144 ], [ 101.799462504015167, 12.731939432381715 ], [ 101.799554511279183, 12.731938458986606 ], [ 101.799553519692452, 12.731848138556984 ], [ 101.79964552691635, 12.731847165137113 ], [ 101.799644535304751, 12.731756844713928 ], [ 101.799736542488546, 12.731755871269296 ], [ 101.799735550852077, 12.731665550852549 ], [ 101.799827557995783, 12.731664577383151 ], [ 101.799825574680739, 12.731483936561848 ], [ 101.799917581751856, 12.73148296307482 ], [ 101.799914606738994, 12.73121200185907 ], [ 101.800006613705023, 12.731211028361541 ], [ 101.799993722352951, 12.730036863114156 ], [ 101.79990171580917, 12.730037836518996 ], [ 101.799900724252538, 12.729947516103385 ], [ 101.799992730763833, 12.729946542705676 ], [ 101.799978849316361, 12.728682056914421 ], [ 101.799886843259742, 12.728683030212306 ], [ 101.799883868955604, 12.728412068932318 ], [ 101.799975874914793, 12.728411095655821 ], [ 101.799969926317445, 12.727869173119979 ], [ 101.800061932074172, 12.727868199854379 ], [ 101.80005994920441, 12.727687559017834 ], [ 101.800151954888577, 12.727686585734611 ], [ 101.800149971984354, 12.727505944909563 ], [ 101.800241977595945, 12.727504971608724 ], [ 101.800240986122802, 12.727414651202297 ], [ 101.800424997258176, 12.727412704519233 ], [ 101.800424005727692, 12.727322384126374 ], [ 101.80060801676764, 12.727320437330052 ], [ 101.800601075813134, 12.726688194660547 ], [ 101.80069308109438, 12.726687221264486 ], [ 101.800691097968183, 12.72650658050982 ], [ 101.800783103176855, 12.726505607096145 ], [ 101.800781120016211, 12.726324966352978 ], [ 101.800873125152322, 12.726323992921687 ], [ 101.800871141957245, 12.726143352190023 ], [ 101.800963147020795, 12.72614237874112 ], [ 101.800961163791257, 12.72596173802096 ], [ 101.801053168782261, 12.725960764554443 ], [ 101.801050193897709, 12.725689803490424 ], [ 101.800866184102887, 12.725691750348782 ], [ 101.800864201014519, 12.725511109607449 ], [ 101.800680191319074, 12.725513056309769 ], [ 101.800678208391062, 12.725332415537148 ], [ 101.800494198794993, 12.725334362083441 ], [ 101.800492216027337, 12.725153721279529 ], [ 101.800308206530659, 12.725155667669791 ], [ 101.800306223923329, 12.724975026834596 ], [ 101.799938205098229, 12.724978919175571 ], [ 101.799936222781128, 12.724798278280566 ], [ 101.79975221345272, 12.724800224231288 ], [ 101.799750231295945, 12.724619583305001 ], [ 101.799382212807402, 12.724623474766915 ], [ 101.799380230940827, 12.724442833780834 ], [ 101.799196221780704, 12.724444779292032 ], [ 101.79919424007447, 12.724264138274675 ], [ 101.799010231013739, 12.724266083629871 ], [ 101.799009240236956, 12.724175763105899 ], [ 101.798917235727615, 12.724176735728559 ], [ 101.798916244990949, 12.724086415196773 ], [ 101.798640231514625, 12.724089332852131 ], [ 101.7986441941175, 12.724450615060661 ], [ 101.798736198747079, 12.724449642512241 ], [ 101.798737189449298, 12.72453996305552 ], [ 101.798645184787262, 12.724540935611071 ], [ 101.798657073418539, 12.725624782162093 ], [ 101.798565068359281, 12.725625754771286 ], [ 101.798568040591064, 12.725896716414887 ], [ 101.798476035426788, 12.725897689013582 ], [ 101.798478016887813, 12.726078330120115 ], [ 101.798570022117019, 12.726077357507165 ], [ 101.798574976065169, 12.726528960225785 ], [ 101.798666981449102, 12.726527987545326 ], [ 101.798667972294055, 12.726618308079855 ], [ 101.79857596687765, 12.726619280767439 ], [ 101.798579930203744, 12.726980562927142 ], [ 101.798487924649834, 12.726981535611355 ], [ 101.798494860536437, 12.727613779414135 ], [ 101.798402854747621, 12.727614752116351 ], [ 101.798404836433093, 12.727795393210899 ], [ 101.79849684228688, 12.727794420494426 ], [ 101.798497833173528, 12.72788474103354 ], [ 101.798313821393407, 12.727886686448848 ], [ 101.798315803059651, 12.728067327553502 ], [ 101.798407809018457, 12.728066354847536 ], [ 101.798409790780113, 12.728246995935176 ], [ 101.798501796796259, 12.728246023183074 ], [ 101.798510715393022, 12.729058907979134 ], [ 101.798418709084586, 12.729059880795374 ], [ 101.798422672973501, 12.7294211629375 ], [ 101.798514679411824, 12.729420190092759 ], [ 101.798516661466948, 12.729600831145424 ], [ 101.798608667962625, 12.72959985825454 ], [ 101.798610650113147, 12.729780499290193 ], [ 101.798702656666165, 12.72977952635317 ], [ 101.798712568200685, 12.730682731418716 ], [ 101.798528554437425, 12.730684677403413 ], [ 101.798523598899763, 12.730233074808005 ], [ 101.798431592169109, 12.730234047716886 ], [ 101.79843060111692, 12.730143727188604 ], [ 101.798338594411121, 12.730144700058474 ], [ 101.79833760339902, 12.730054379522375 ], [ 101.798245596718104, 12.730055352353229 ], [ 101.798246587697719, 12.73014567289645 ], [ 101.7981545809767, 12.730146645702538 ], [ 101.79815557193146, 12.730236966252198 ], [ 101.797695538049737, 12.730241829839944 ], [ 101.797697519657305, 12.730422471008435 ], [ 101.797605512793155, 12.730423443644568 ], [ 101.797606503575878, 12.730513764234905 ], [ 101.797514496671639, 12.730514736846271 ], [ 101.797515487429479, 12.730605057443038 ], [ 101.797423480485136, 12.730606030029639 ], [ 101.797425461958753, 12.730786671235352 ], [ 101.797333454941821, 12.730787643804311 ], [ 101.797334445657569, 12.730877964413255 ], [ 101.797242438600534, 12.730878936957447 ], [ 101.797243429291413, 12.730969257572823 ], [ 101.796875400857274, 12.730973147459174 ], [ 101.796877382002009, 12.731153788744837 ], [ 101.79678537480946, 12.731154761150947 ], [ 101.796786365360759, 12.731245081799862 ], [ 101.796694358128136, 12.731246054181199 ], [ 101.7966963391886, 12.731426695491212 ], [ 101.796512324570585, 12.731428640186698 ], [ 101.79651331504725, 12.731518960854908 ], [ 101.796421307694359, 12.731519933161936 ], [ 101.796422298146155, 12.731610253836573 ], [ 101.796330290753147, 12.731611226118829 ], [ 101.796331281180088, 12.731701546799904 ], [ 101.796147266306264, 12.731703491282978 ], [ 101.796148256675835, 12.731793811977601 ], [ 101.795964241706614, 12.731795756347346 ], [ 101.79596523201883, 12.73188607705552 ], [ 101.795873224490308, 12.731887049199671 ], [ 101.795874214777669, 12.731977369914274 ], [ 101.795782207209044, 12.731978342033651 ], [ 101.795784187741603, 12.732158983475026 ], [ 101.795692180100403, 12.73215995557675 ], [ 101.795693170345601, 12.732250276303523 ], [ 101.795417147278911, 12.732253192438685 ], [ 101.795419127597228, 12.73243383393287 ], [ 101.795327119828144, 12.732434805928374 ], [ 101.795329100111928, 12.732615447434034 ], [ 101.795421107945984, 12.732614475424294 ], [ 101.795423088325165, 12.732795116912953 ], [ 101.795791119845219, 12.732791228498085 ], [ 101.795790129521876, 12.732700907782574 ], [ 101.795974145171272, 12.732698963398006 ], [ 101.795973154790559, 12.732608642696048 ], [ 101.796157170344529, 12.732606698198142 ], [ 101.796156179906461, 12.732516377509734 ], [ 101.796340195365019, 12.732514432898485 ], [ 101.796339204869582, 12.732424112223626 ], [ 101.796615227902876, 12.732421195088907 ], [ 101.796614237317584, 12.732330874434725 ], [ 101.796706244947643, 12.732329901999817 ], [ 101.796705254337482, 12.732239581352065 ], [ 101.796797261927438, 12.732238608892386 ], [ 101.796796271292408, 12.732148288251064 ], [ 101.79698028638451, 12.732146343250269 ], [ 101.796979295692111, 12.732056022622503 ], [ 101.797163310688788, 12.73205407750838 ], [ 101.797162319939048, 12.731963756894167 ], [ 101.797254327393475, 12.731962784296385 ], [ 101.797253336618851, 12.731872463688608 ], [ 101.79743735143991, 12.731870518411617 ], [ 101.797436360607932, 12.731780197817395 ], [ 101.797620375333565, 12.731778252427079 ], [ 101.797619384444232, 12.731687931846414 ], [ 101.797711391763144, 12.73168695911054 ], [ 101.797710400848942, 12.731596638536306 ], [ 101.797802408127751, 12.731595665775668 ], [ 101.79780141718868, 12.73150534520787 ], [ 101.797985431658489, 12.731503399605161 ], [ 101.797984440662063, 12.731413079050926 ], [ 101.798076447853063, 12.731412106208859 ], [ 101.798075456831768, 12.73132178566105 ], [ 101.798167463982665, 12.73132081279422 ], [ 101.798165481897982, 12.731140171710791 ], [ 101.798257488976276, 12.731139198826318 ], [ 101.798256497912888, 12.731048878290693 ], [ 101.798348504951093, 12.731047905381454 ], [ 101.798346522782168, 12.730867264322383 ], [ 101.798438529747798, 12.730866291395508 ], [ 101.79843753864229, 12.730775970872063 ], [ 101.798529545567817, 12.730774997920422 ], [ 101.798530536705826, 12.73086531843674 ], [ 101.798622543656222, 12.730864345446083 ], [ 101.79862650841433, 12.731225627475943 ], [ 101.798534501334004, 12.731226600495106 ], [ 101.798537474885109, 12.731497562031628 ], [ 101.798445467699707, 12.731498535040281 ], [ 101.798447450040257, 12.731679176075428 ], [ 101.798355442782267, 12.731680149066442 ], [ 101.798356433931474, 12.731770469590106 ], [ 101.798264426633395, 12.731771442556353 ], [ 101.798265417757733, 12.731861763086449 ], [ 101.798173410419551, 12.731862736027928 ], [ 101.79817440151902, 12.731953056564464 ], [ 101.798082394140721, 12.731954029481175 ], [ 101.798083385215335, 12.732044350024143 ], [ 101.797899370370942, 12.732046295776138 ], [ 101.797900361388187, 12.732136616332667 ], [ 101.797716346448368, 12.73213856197134 ], [ 101.797717337408258, 12.732228882541426 ], [ 101.797533322373013, 12.73223082806677 ], [ 101.797534313275534, 12.732321148650415 ], [ 101.797442305714, 12.732322121372372 ], [ 101.797443296591666, 12.732412441962447 ], [ 101.797167273763932, 12.732415359958319 ], [ 101.797168264551743, 12.732505680569075 ], [ 101.796984249230192, 12.732507625754431 ], [ 101.796985239960662, 12.732597946378744 ], [ 101.7968012245437, 12.732599891450764 ], [ 101.796802215216786, 12.732690212088633 ], [ 101.796526191936792, 12.732693129478816 ], [ 101.796527182520038, 12.732783450137356 ], [ 101.796251159074075, 12.732786367261847 ], [ 101.796252149567465, 12.732876687941062 ], [ 101.796160141704419, 12.732877660259222 ], [ 101.796161132172941, 12.732967980944865 ], [ 101.795977116359069, 12.73296992549974 ], [ 101.795978106770221, 12.733060246198932 ], [ 101.795886098819381, 12.733061218435646 ], [ 101.79588708920565, 12.733151539141272 ], [ 101.79579508121472, 12.733152511353207 ], [ 101.79579607157612, 12.733242832065258 ], [ 101.795612055506425, 12.73324477640768 ], [ 101.795613045810455, 12.733335097133281 ], [ 101.795521037731703, 12.733336069263766 ], [ 101.795522028010865, 12.733426389995794 ], [ 101.795338011765551, 12.733428334175311 ], [ 101.795339992216725, 12.733608975665774 ], [ 101.795155975811028, 12.733610919746173 ], [ 101.79515696598304, 12.733701240504603 ], [ 101.795064957736287, 12.733702212504074 ], [ 101.79506594788343, 12.733792533268936 ], [ 101.794789923000053, 12.733795449097311 ], [ 101.794790913057327, 12.733885769882834 ], [ 101.794882921391888, 12.733884797964825 ], [ 101.794883911489251, 12.733975118742535 ], [ 101.794699894747552, 12.733977062560893 ], [ 101.794701874835155, 12.734157704142717 ], [ 101.794793883274792, 12.734156732235254 ], [ 101.794794873362491, 12.734247053018011 ], [ 101.794610856410628, 12.734248996815275 ], [ 101.794608876372806, 12.734068355220595 ], [ 101.794516867950449, 12.734069327057144 ], [ 101.794515877975442, 12.733979006251657 ], [ 101.794423869577969, 12.73397997804919 ], [ 101.794422879643037, 12.733889657235892 ], [ 101.794238862890253, 12.73389160072103 ], [ 101.794239852760185, 12.733981921548558 ], [ 101.794055835912005, 12.733983864920335 ], [ 101.794056825724567, 12.734074185761402 ], [ 101.793964817256565, 12.734075157406556 ], [ 101.793966796839513, 12.734255799100858 ], [ 101.793874788298936, 12.734256770728342 ], [ 101.793875778069335, 12.734347091581569 ], [ 101.793967786642398, 12.73434611994697 ], [ 101.793968776452886, 12.73443644079239 ], [ 101.794060785050846, 12.734435469118777 ], [ 101.79406276475963, 12.73461611079332 ], [ 101.793970756096684, 12.734617082481165 ], [ 101.793969766270976, 12.734526761637124 ], [ 101.793785748987247, 12.734528704902885 ], [ 101.793784759234143, 12.734438384043921 ], [ 101.793692750613374, 12.734439355621836 ], [ 101.793691760900359, 12.73434903475507 ], [ 101.793599752304473, 12.734350006293971 ], [ 101.793598762631547, 12.734259685419397 ], [ 101.79369077119496, 12.734258713887611 ], [ 101.79368978149715, 12.734168393019463 ], [ 101.793597772966251, 12.734169364544135 ], [ 101.793596783308544, 12.73407904366818 ], [ 101.793412766288895, 12.734080986607596 ], [ 101.793410787126263, 12.733900344825164 ], [ 101.793226770206189, 12.733902287608533 ], [ 101.793224791203926, 12.73372164579488 ], [ 101.793040774383385, 12.733723588422199 ], [ 101.793041763815737, 12.733813909343599 ], [ 101.792949755361576, 12.733814880616523 ], [ 101.79295074476903, 12.73390520154434 ], [ 101.793042753255691, 12.733904230264303 ], [ 101.793044732158393, 12.73408487210364 ], [ 101.79322874923885, 12.734082929419417 ], [ 101.793230728301936, 12.734263571227546 ], [ 101.793046711091506, 12.734265513940221 ], [ 101.793048690055031, 12.734446155774036 ], [ 101.793232707395433, 12.734444213032909 ], [ 101.793233696953592, 12.734534533934552 ], [ 101.793325705644861, 12.734533562509023 ], [ 101.793327684848975, 12.734714204296017 ], [ 101.793419693597642, 12.73471323282436 ], [ 101.793422662558299, 12.734984195478328 ], [ 101.793514671396849, 12.734983223953432 ], [ 101.793516650806964, 12.735163865705063 ], [ 101.794160712918782, 12.735157064037933 ], [ 101.794155763313242, 12.734705459902695 ], [ 101.794247771993469, 12.734704488143933 ], [ 101.7942467820627, 12.734614167321931 ], [ 101.794338790702824, 12.734613195538381 ], [ 101.794337800747158, 12.734522874722801 ], [ 101.794429809347179, 12.734521902914471 ], [ 101.79442881936663, 12.734431582105318 ], [ 101.794520827926561, 12.734430610272202 ], [ 101.794522807960277, 12.734611251875588 ], [ 101.794614816577578, 12.734610279996339 ], [ 101.794615806638333, 12.734700600789877 ], [ 101.794431789331114, 12.734702544530707 ], [ 101.79443871951446, 12.735334790165769 ], [ 101.794346710621994, 12.735335762038146 ], [ 101.79434869067785, 12.735516403656183 ], [ 101.794256681712781, 12.735517375510888 ], [ 101.794260641785783, 12.735878658767131 ], [ 101.794352650880839, 12.73587768688396 ], [ 101.794356611205529, 12.736238970100684 ], [ 101.794540629632792, 12.736237026181701 ], [ 101.794542609970762, 12.736417667757454 ], [ 101.794634619237968, 12.736416695735873 ], [ 101.794635609450864, 12.736507016515594 ], [ 101.794727618742982, 12.736506044454993 ], [ 101.794729599256584, 12.736686685998134 ], [ 101.794821608606085, 12.736685713891388 ], [ 101.794823589215113, 12.736866355417533 ], [ 101.794731579800626, 12.736867327538508 ], [ 101.794732570084051, 12.736957648307664 ], [ 101.794824579531038, 12.736956676179569 ], [ 101.794825569854581, 12.73704699694091 ], [ 101.794917579326452, 12.73704602477379 ], [ 101.794918569690097, 12.737136345527329 ], [ 101.794826560185712, 12.737137317701565 ], [ 101.794828540870824, 12.737317959220798 ], [ 101.794736531293836, 12.737318931377361 ], [ 101.794737521615318, 12.737409252143058 ], [ 101.794829531224792, 12.737408279979377 ], [ 101.794831511955564, 12.737588921494465 ], [ 101.794739502281075, 12.737589893672384 ], [ 101.794740492625351, 12.737680214436008 ], [ 101.794648482910759, 12.737681186589132 ], [ 101.794649473230152, 12.737771507359183 ], [ 101.794557463475442, 12.737772479487518 ], [ 101.794558453769952, 12.737862800263994 ], [ 101.794466443975139, 12.737863772367536 ], [ 101.794467434244737, 12.737954093150439 ], [ 101.793823365240527, 12.737960897031588 ], [ 101.793822375198431, 12.737870576198873 ], [ 101.793730365342768, 12.737871548047146 ], [ 101.793732345369563, 12.738052189726108 ], [ 101.793916365203287, 12.738050245969198 ], [ 101.793917355293104, 12.738140566793412 ], [ 101.794193385084156, 12.738137650897386 ], [ 101.794192394896854, 12.738047330094517 ], [ 101.794376414654522, 12.738045386018518 ], [ 101.79437740490684, 12.738135706807151 ], [ 101.79446941480677, 12.738134734714169 ], [ 101.794468424521952, 12.73804441393265 ], [ 101.794652444233989, 12.738042469665192 ], [ 101.794651453891774, 12.737952148897213 ], [ 101.794743463703867, 12.737951176722737 ], [ 101.794742473336768, 12.737860855961184 ], [ 101.794834483108758, 12.737859883761919 ], [ 101.794832502332355, 12.737679242250971 ], [ 101.794924512031727, 12.737678270034033 ], [ 101.794922531220763, 12.737497628534562 ], [ 101.795014540847532, 12.737496656299948 ], [ 101.795012560001979, 12.737316014811947 ], [ 101.795104569556145, 12.73731504255966 ], [ 101.795102588676045, 12.737134401083134 ], [ 101.795838664315426, 12.737126622030083 ], [ 101.795839655011676, 12.73721694271174 ], [ 101.796023673910426, 12.737214997615167 ], [ 101.79602466467928, 12.737305318281891 ], [ 101.796208683612591, 12.737303373043451 ], [ 101.796209674454062, 12.737393693695246 ], [ 101.796301683941792, 12.737392721021042 ], [ 101.796303665712585, 12.737573362308316 ], [ 101.796395675257699, 12.737572389587964 ], [ 101.796394684336008, 12.737482068951794 ], [ 101.796578703338412, 12.737480123429608 ], [ 101.796577712359323, 12.737389802806993 ], [ 101.796945750142783, 12.737385911408216 ], [ 101.796946741251872, 12.737476232002347 ], [ 101.797130760162929, 12.737474286097269 ], [ 101.797129768988839, 12.737383965517386 ], [ 101.79740579720081, 12.737381046441834 ], [ 101.797406788472401, 12.737471367000348 ], [ 101.797590807307301, 12.737469420776197 ], [ 101.797589815970724, 12.73737910023193 ], [ 101.798233881425489, 12.737372287492185 ], [ 101.798232889869027, 12.737281966997108 ], [ 101.798416908436835, 12.737280020227127 ], [ 101.798415916822975, 12.737189699745608 ], [ 101.799612036348478, 12.737177042722466 ], [ 101.799614020428791, 12.73735768349948 ], [ 101.799798038833032, 12.737355735758031 ], [ 101.799799030949615, 12.737446056131246 ], [ 101.799891040172795, 12.737445082205531 ], [ 101.799892032329524, 12.73753540257092 ], [ 101.800076050818021, 12.73753345460951 ], [ 101.800077043047366, 12.737623774959944 ], [ 101.800261061570382, 12.737621826856643 ], [ 101.800262053872331, 12.737712147192127 ], [ 101.800354063154899, 12.737711173085481 ], [ 101.800355055496979, 12.737801493413146 ], [ 101.800447064804445, 12.737800519267465 ], [ 101.800448057186642, 12.737890839587303 ], [ 101.800540066518977, 12.737889865402577 ], [ 101.800541058941306, 12.737980185714596 ], [ 101.800633068298524, 12.737979211490833 ], [ 101.800635053231048, 12.738159852098528 ], [ 101.800819072052604, 12.73815790352675 ], [ 101.8008200645953, 12.738248223815292 ], [ 101.800912074027138, 12.738247249474407 ], [ 101.800913066609979, 12.738337569755128 ], [ 101.801097085515792, 12.738335620963358 ], [ 101.80109807817125, 12.738425941229126 ], [ 101.801190087645224, 12.738424966778242 ], [ 101.8011910803408, 12.738515287036183 ], [ 101.801283089839671, 12.738514312546259 ], [ 101.801284082575378, 12.738604632796374 ], [ 101.801376092099105, 12.738603658267408 ], [ 101.801377084874943, 12.738693978509696 ], [ 101.801561103964545, 12.73869202934176 ], [ 101.801562096813015, 12.738782349569091 ], [ 101.801654106378876, 12.738781374930122 ], [ 101.801655099267478, 12.738871695149626 ], [ 101.801747108858208, 12.738870720471613 ], [ 101.801748101786941, 12.738961040683289 ], [ 101.801840111402555, 12.738960065966232 ], [ 101.80184110437142, 12.739050386170083 ], [ 101.801933114011916, 12.739049411413978 ], [ 101.801934107020912, 12.739139731610004 ], [ 101.802026116686278, 12.739138756814853 ], [ 101.802028102792164, 12.739319397190558 ], [ 101.802212122230031, 12.739317447475974 ], [ 101.802213115359436, 12.739407767648519 ], [ 101.802305125099423, 12.739406792736222 ], [ 101.802307111446112, 12.739587433064964 ], [ 101.802399121243482, 12.739586458106483 ], [ 101.802400114460767, 12.73967677826268 ], [ 101.802492124283035, 12.739675803265149 ], [ 101.802494110805512, 12.739856443561198 ], [ 101.802586120685149, 12.739855468517483 ], [ 101.802593073981683, 12.740487709481901 ], [ 101.802685084081261, 12.740486734356312 ], [ 101.802689057691438, 12.740848014863648 ], [ 101.802781067913401, 12.740847039677593 ], [ 101.802784048298676, 12.741118000029422 ], [ 101.802876058610536, 12.741117024790041 ], [ 101.80288201978216, 12.741658945432199 ], [ 101.802790009275242, 12.741659920714413 ], [ 101.802793983412201, 12.74202120115724 ], [ 101.802609962115369, 12.742023151683005 ], [ 101.802610955603669, 12.742113471806258 ], [ 101.802518944911284, 12.742114447028401 ], [ 101.802519938374701, 12.742204767158103 ], [ 101.802427927642171, 12.742205742355459 ], [ 101.802429914526854, 12.742386382627057 ], [ 101.802245892908886, 12.742388332954567 ], [ 101.802246886297638, 12.7424786531036 ], [ 101.8021548754447, 12.742479628226612 ], [ 101.802155868808555, 12.742569948382089 ], [ 101.802063857915485, 12.742570923480317 ], [ 101.802064851254471, 12.742661243642241 ], [ 101.801972840321241, 12.742662218715685 ], [ 101.80197383363533, 12.742752538884048 ], [ 101.801881822661969, 12.742753513932707 ], [ 101.801882815951174, 12.742843834107521 ], [ 101.801790804937667, 12.742844809131391 ], [ 101.80179179820199, 12.742935129312645 ], [ 101.801699787148337, 12.742936104311731 ], [ 101.801700780387776, 12.743026424499428 ], [ 101.801608769293978, 12.74302739947373 ], [ 101.801609762508519, 12.743117719667872 ], [ 101.80151775137459, 12.743118694617385 ], [ 101.801518744564248, 12.743209014817969 ], [ 101.801426733390173, 12.743209989742699 ], [ 101.801427726554948, 12.743300309949722 ], [ 101.801335715340713, 12.743301284849661 ], [ 101.801336708480591, 12.743391605063131 ], [ 101.801244697226238, 12.743392579938281 ], [ 101.801245690341233, 12.743482900158194 ], [ 101.80115367904672, 12.743483875008554 ], [ 101.801154672136818, 12.743574195234912 ], [ 101.801062660802174, 12.743575170060481 ], [ 101.801063653867374, 12.74366549029328 ], [ 101.800971642492584, 12.74366646509406 ], [ 101.800972635532901, 12.743756785333296 ], [ 101.800880624117966, 12.74375776010929 ], [ 101.800881617133399, 12.743848080354971 ], [ 101.800789605678318, 12.743849055106171 ], [ 101.80079059866884, 12.743939375358293 ], [ 101.800698587173628, 12.743940350084703 ], [ 101.800699580139266, 12.744030670343264 ], [ 101.800607568603908, 12.744031645044881 ], [ 101.800609554493022, 12.744212285574196 ], [ 101.800425531269354, 12.744214234910189 ], [ 101.800427517058893, 12.744394875465266 ], [ 101.800243493674643, 12.744396824702083 ], [ 101.800245479364605, 12.744577465282921 ], [ 101.800061455819787, 12.744579414420564 ], [ 101.80006344141016, 12.744760055027156 ], [ 101.799971429561282, 12.744761029562349 ], [ 101.799972422335387, 12.744851349871739 ], [ 101.799880410446363, 12.744852324382139 ], [ 101.799881403195556, 12.744942644697968 ], [ 101.799789391266387, 12.744943619183571 ], [ 101.799790383990697, 12.74503393950584 ], [ 101.799698372021382, 12.745034913966643 ], [ 101.799699364720794, 12.745125234295353 ], [ 101.799607352711334, 12.745126208731358 ], [ 101.799609338067967, 12.745306849400961 ], [ 101.799425313896108, 12.745308798205714 ], [ 101.799427299153137, 12.745489438901066 ], [ 101.799335286990726, 12.745490413269808 ], [ 101.799336279598165, 12.745580733623576 ], [ 101.799244267395608, 12.745581707967519 ], [ 101.799246252568281, 12.745762348687235 ], [ 101.799154240293063, 12.745763323013508 ], [ 101.799155232858297, 12.74585364337946 ], [ 101.799063220542948, 12.745854617680934 ], [ 101.799065205631237, 12.746035258425017 ], [ 101.798973193243214, 12.746036232708816 ], [ 101.798975178296942, 12.746216873464387 ], [ 101.798883165836259, 12.746217847730515 ], [ 101.79888415834202, 12.746308168114391 ], [ 101.79879214584119, 12.746309142355718 ], [ 101.798793138322054, 12.74639946274603 ], [ 101.798609113232473, 12.746401411147144 ], [ 101.798610105655911, 12.74649173155102 ], [ 101.798242055255201, 12.746495627998589 ], [ 101.79824304755617, 12.74658594843028 ], [ 101.798059022245056, 12.746587896476731 ], [ 101.79806001448857, 12.746678216921984 ], [ 101.797875989081945, 12.746680164854963 ], [ 101.797876981268033, 12.746770485313775 ], [ 101.797600943003374, 12.74677340699513 ], [ 101.797601935099507, 12.746863727474626 ], [ 101.797509922296868, 12.746864701311672 ], [ 101.797510914368075, 12.746955021797602 ], [ 101.79741890152529, 12.746955995609841 ], [ 101.7974198935716, 12.747046316102203 ], [ 101.79732788068867, 12.747047289889634 ], [ 101.797328872710068, 12.747137610388426 ], [ 101.797236859786992, 12.747138584151051 ], [ 101.797238843787568, 12.74731922516081 ], [ 101.797146830791846, 12.747320198905749 ], [ 101.797147822771024, 12.747410519416713 ], [ 101.797055809735141, 12.747411493136843 ], [ 101.797056801689408, 12.747501813654241 ], [ 101.79696478861338, 12.747502787349557 ], [ 101.79696677247972, 12.747683428396527 ], [ 101.796874759331018, 12.747684402074158 ], [ 101.796875751243078, 12.747774722603728 ], [ 101.796783738054231, 12.747775696256545 ], [ 101.796784729941379, 12.747866016792546 ], [ 101.7966927167124, 12.747866990420553 ], [ 101.796693708574622, 12.747957310962988 ], [ 101.79687773509005, 12.747955363660793 ], [ 101.796876743162755, 12.747865043132606 ], [ 101.796968756376515, 12.747864069440729 ], [ 101.796967764424309, 12.747773748918974 ], [ 101.797059777597909, 12.747772775202286 ], [ 101.797057793651291, 12.747592134170947 ], [ 101.797241819845567, 12.747590186670262 ], [ 101.797239835799289, 12.747409545664652 ], [ 101.797423861832968, 12.747407598064731 ], [ 101.797422869756218, 12.747317277575135 ], [ 101.797514882729104, 12.747316303734399 ], [ 101.797513890627428, 12.747225983251237 ], [ 101.797697916485305, 12.747224035488211 ], [ 101.797696924326189, 12.747133715018608 ], [ 101.79778893721118, 12.747132741096323 ], [ 101.797787945027153, 12.747042420633154 ], [ 101.797971970709227, 12.747040472707033 ], [ 101.79797097846776, 12.746950152257421 ], [ 101.798247016836157, 12.746947230150131 ], [ 101.798246024504735, 12.746856909721206 ], [ 101.798430049980524, 12.746854961504273 ], [ 101.798431042377004, 12.746945281918943 ], [ 101.798615067887368, 12.746943333560028 ], [ 101.798617052833293, 12.747123974358788 ], [ 101.7987090656421, 12.747123000117178 ], [ 101.798723954195893, 12.748477805912803 ], [ 101.798815967485012, 12.748476831532345 ], [ 101.798816960148756, 12.748567151906057 ], [ 101.798724946827107, 12.748568126293639 ], [ 101.798725939465925, 12.748658446673794 ], [ 101.798817952820116, 12.748657472279081 ], [ 101.798821923581755, 12.749018753764254 ], [ 101.798913937058444, 12.749017779309092 ], [ 101.798916915307288, 12.749288740394325 ], [ 101.799008928873945, 12.749287765885844 ], [ 101.799011907288971, 12.749558726943466 ], [ 101.799103920945612, 12.749557752381662 ], [ 101.799105906658809, 12.749738393069032 ], [ 101.79919792037289, 12.749737418461027 ], [ 101.799198913273457, 12.749827738796544 ], [ 101.79929092701245, 12.749826764149477 ], [ 101.799292912901493, 12.750007404804178 ], [ 101.799384926697954, 12.75000643011091 ], [ 101.799385919686443, 12.750096750430094 ], [ 101.799477933507802, 12.750095775697758 ], [ 101.799478926536452, 12.75018609600912 ], [ 101.799570940382736, 12.750185121237713 ], [ 101.799573919612016, 12.750456082146263 ], [ 101.799849961397939, 12.750453157576235 ], [ 101.799850954587214, 12.75054347785631 ], [ 101.799942968533145, 12.750542502928621 ], [ 101.79994396176258, 12.750632823200874 ], [ 101.800127989696648, 12.750630873235412 ], [ 101.80012997630854, 12.750811513749321 ], [ 101.800314004342255, 12.750809563627566 ], [ 101.800314997724726, 12.75089988386922 ], [ 101.800407011762687, 12.750898908753298 ], [ 101.800408005185304, 12.750989228987127 ], [ 101.800500019248162, 12.750988253832134 ], [ 101.800501012710953, 12.751078574058139 ], [ 101.800593026798722, 12.751077598864068 ], [ 101.800594020301673, 12.751167919082249 ], [ 101.800686034414369, 12.751166943849107 ], [ 101.80068702795748, 12.751257264059463 ], [ 101.800779042095073, 12.751256288787243 ], [ 101.800780035678358, 12.751346608989779 ], [ 101.801056078143034, 12.751343682960062 ], [ 101.801057071831551, 12.751434003140501 ], [ 101.801333114325217, 12.751431076801898 ], [ 101.801334108118979, 12.751521396960245 ], [ 101.801518136475025, 12.751519445893859 ], [ 101.801519130341475, 12.751609766037246 ], [ 101.802347257858983, 12.751600984593081 ], [ 101.802348252025908, 12.751691304671551 ], [ 101.802992351006694, 12.751684472820621 ], [ 101.802993345409035, 12.751774792848437 ], [ 101.803177373685656, 12.751772840589256 ], [ 101.803178368160701, 12.751863160602104 ], [ 101.803546424752525, 12.751859255671858 ], [ 101.803547419365358, 12.751949575655457 ], [ 101.803731447680548, 12.751947622984391 ], [ 101.803732442366098, 12.752037942953013 ], [ 101.803824456544774, 12.752036966562425 ], [ 101.803825451270512, 12.752127286523217 ], [ 101.8039174654741, 12.752126310093541 ], [ 101.803918460239998, 12.752216630046501 ], [ 101.804010474468484, 12.752215653577739 ], [ 101.80401146927457, 12.752305973522866 ], [ 101.804103483527967, 12.75230499701502 ], [ 101.804104478374228, 12.752395316952313 ], [ 101.804196492652537, 12.752394340405377 ], [ 101.804198482433009, 12.752574980263603 ], [ 101.804290496768772, 12.752574003670443 ], [ 101.804291491702998, 12.752664323591377 ], [ 101.804383506063672, 12.752663346959125 ], [ 101.804395446260585, 12.753747185870642 ], [ 101.80430343150941, 12.753748162588595 ], [ 101.804304426542913, 12.753838482500528 ], [ 101.80421241175155, 12.753839459193676 ], [ 101.804213406760141, 12.753929779112061 ], [ 101.804121391928604, 12.7539307557804 ], [ 101.804122386912283, 12.754021075705234 ], [ 101.803938357161201, 12.754023028960349 ], [ 101.80393935208744, 12.754113348898773 ], [ 101.803663307305925, 12.754116278563242 ], [ 101.803664302142153, 12.754206598522392 ], [ 101.803572287167171, 12.754207575020455 ], [ 101.803573281978487, 12.754297894986054 ], [ 101.803297236910097, 12.754300824309961 ], [ 101.803298231631402, 12.754391144296292 ], [ 101.803206216560795, 12.754392120680834 ], [ 101.803207211257188, 12.754482440673609 ], [ 101.803023181027982, 12.754484393361114 ], [ 101.803024175666906, 12.754574713367475 ], [ 101.80293216050832, 12.754575689670439 ], [ 101.802933155122332, 12.754666009683248 ], [ 101.802841139923558, 12.754666985961396 ], [ 101.802842134512645, 12.754757305980652 ], [ 101.803118180183716, 12.754754377028927 ], [ 101.803117185496987, 12.754664057031087 ], [ 101.803209200672853, 12.75466308065708 ], [ 101.803208205961212, 12.75457276066569 ], [ 101.803392236224965, 12.754570807836101 ], [ 101.803390246694377, 12.754390167879802 ], [ 101.803666291837487, 12.754387238438625 ], [ 101.803665296985997, 12.754296918480852 ], [ 101.804309401824923, 12.754290082049824 ], [ 101.804310396904242, 12.754380401957606 ], [ 101.804402411883231, 12.754379425189658 ], [ 101.804404402129862, 12.75456006498886 ], [ 101.804496417166305, 12.754559088174677 ], [ 101.804498407508561, 12.754739727956828 ], [ 101.804590422602473, 12.754738751096408 ], [ 101.804592413040353, 12.754919390861506 ], [ 101.804684428191734, 12.754918413954847 ], [ 101.804686418725268, 12.755099053702889 ], [ 101.804778433934089, 12.755098076749995 ], [ 101.804780424563276, 12.755278716480982 ], [ 101.804872439829566, 12.75527773948185 ], [ 101.804873435188156, 12.755368059339162 ], [ 101.804965450479358, 12.755367082300934 ], [ 101.804966445878136, 12.755457402150407 ], [ 101.80505846119425, 12.755456425073083 ], [ 101.805059456633217, 12.755546744914721 ], [ 101.805151471974241, 12.755545767798298 ], [ 101.805152467453411, 12.755636087632098 ], [ 101.805244482819333, 12.755635110476581 ], [ 101.805245478338676, 12.755725430302549 ], [ 101.805337493729525, 12.755724453107931 ], [ 101.805338489289056, 12.755814772926058 ], [ 101.805430504704816, 12.755813795692342 ], [ 101.805431500304536, 12.755904115502634 ], [ 101.805523515745193, 12.755903138229819 ], [ 101.805524511385102, 12.755993458032275 ], [ 101.805616526850685, 12.755992480720359 ], [ 101.805617522530781, 12.756082800514978 ], [ 101.805709538021276, 12.756081823163962 ], [ 101.805710533741561, 12.756172142950742 ], [ 101.805894564764742, 12.756170188138556 ], [ 101.805895560557772, 12.756260507910351 ], [ 101.805987576090445, 12.75625953044918 ], [ 101.805988571923663, 12.756349850213139 ], [ 101.806264618573508, 12.756346917616453 ], [ 101.806265614512029, 12.756437237358279 ], [ 101.806725692271684, 12.75643234902229 ], [ 101.806726688380607, 12.756522668727687 ], [ 101.807830874614851, 12.756510933376052 ], [ 101.807829878115314, 12.756420613756449 ], [ 101.808842047504854, 12.756409852387062 ], [ 101.808841050654905, 12.75631953284544 ], [ 101.808933065975509, 12.756318554354555 ], [ 101.808932069100663, 12.756228234819391 ], [ 101.809116099653835, 12.756226277756062 ], [ 101.80911510272152, 12.756135958234518 ], [ 101.809391148396273, 12.756133022421324 ], [ 101.809390151373961, 12.756042702920549 ], [ 101.809666196882219, 12.75603976684123 ], [ 101.80966519976991, 12.755949447361228 ], [ 101.809849230005383, 12.755947489829556 ], [ 101.80984823283562, 12.755857170363171 ], [ 101.810032262975412, 12.755855212717996 ], [ 101.810031265748194, 12.755764893265233 ], [ 101.810675370768564, 12.755758040550674 ], [ 101.810674373321149, 12.75566772114732 ], [ 101.810766388260916, 12.755666742067442 ], [ 101.810763395866957, 12.755395783874695 ], [ 101.810855410701393, 12.755394804784338 ], [ 101.810854413219502, 12.75530448539253 ], [ 101.810946428013764, 12.755303506277377 ], [ 101.810945430506962, 12.755213186892037 ], [ 101.811037445261022, 12.755212207752091 ], [ 101.811035450205296, 12.755031568993644 ], [ 101.81112746488661, 12.755030589836068 ], [ 101.811126467337687, 12.754940270462965 ], [ 101.811218481978784, 12.754939291280596 ], [ 101.811216486838802, 12.754758652546629 ], [ 101.811308501407154, 12.754757673346628 ], [ 101.811307503816096, 12.754667353985766 ], [ 101.811399518344246, 12.754666374760973 ], [ 101.811397523120021, 12.754485736051489 ], [ 101.811489537575412, 12.754484756809067 ], [ 101.811484549486053, 12.754033160059036 ], [ 101.811576563771084, 12.754032180820465 ], [ 101.811564592746905, 12.75294834863567 ], [ 101.811472578852403, 12.75294932778832 ], [ 101.811471581349352, 12.752859008427924 ], [ 101.811563595211311, 12.752858029282434 ], [ 101.811560602650474, 12.752587071218576 ], [ 101.811468588886129, 12.752588050342585 ], [ 101.811466593948936, 12.752407411615563 ], [ 101.811374580242003, 12.752408390693308 ], [ 101.811372585400505, 12.752227751949194 ], [ 101.811280571751013, 12.752228730980677 ], [ 101.811277579643772, 12.751957772837834 ], [ 101.811185566084248, 12.751958751815893 ], [ 101.811181576845243, 12.751597474253771 ], [ 101.811089563408217, 12.751598453171249 ], [ 101.811084577194364, 12.751146856167219 ], [ 101.811176590468705, 12.751145877285536 ], [ 101.811175593216362, 12.751055557889812 ], [ 101.811267606450514, 12.751054578983346 ], [ 101.811266609173288, 12.750964259594092 ], [ 101.811358622367237, 12.750963280662845 ], [ 101.811357625065142, 12.750872961280052 ], [ 101.811449638218903, 12.750871982324025 ], [ 101.811448640891911, 12.7507816629477 ], [ 101.811632667111411, 12.750779704954143 ], [ 101.811631669727007, 12.750689385591448 ], [ 101.811815695850825, 12.750687427484452 ], [ 101.811814698409009, 12.750597108135384 ], [ 101.812642815294382, 12.750588295137309 ], [ 101.812643813029027, 12.750678614421915 ], [ 101.813011864909143, 12.750674696674793 ], [ 101.813012862781576, 12.750765015930055 ], [ 101.813380914669295, 12.750761097643231 ], [ 101.813381912679532, 12.750851416869148 ], [ 101.813565938642498, 12.750849457519763 ], [ 101.813566936725465, 12.750939776730656 ], [ 101.813842975710088, 12.750936837445531 ], [ 101.813843973898315, 12.751027156634233 ], [ 101.814212025900687, 12.751023237111562 ], [ 101.814213024226731, 12.751113556270907 ], [ 101.81439705024701, 12.751111596303597 ], [ 101.814398048645799, 12.751201915447911 ], [ 101.814582074700496, 12.751199955338501 ], [ 101.814583073172017, 12.751290274467786 ], [ 101.814675086220419, 12.751289294358001 ], [ 101.814676084732127, 12.751379613479431 ], [ 101.814768097805384, 12.751378633330532 ], [ 101.814769096357296, 12.751468952444098 ], [ 101.81486110945545, 12.751467972256094 ], [ 101.814862108047549, 12.751558291361802 ], [ 101.815414186670694, 12.751552409519972 ], [ 101.815413187883351, 12.751462090457281 ], [ 101.815597213964679, 12.751460129602142 ], [ 101.815598212817079, 12.751550448650494 ], [ 101.815690225878782, 12.751549468167841 ], [ 101.815691224771385, 12.751639787208328 ], [ 101.815783237857957, 12.751638806686559 ], [ 101.815784236790776, 12.751729125719182 ], [ 101.815968263005999, 12.751727164565484 ], [ 101.815969262011549, 12.751817483583071 ], [ 101.816153288261177, 12.751815522287259 ], [ 101.816154287339472, 12.751905841289807 ], [ 101.81633831362349, 12.751903879851882 ], [ 101.816339312774545, 12.751994198839396 ], [ 101.8164313259376, 12.751993218065344 ], [ 101.816432325128844, 12.752083537044992 ], [ 101.816524338316768, 12.752082556231825 ], [ 101.816526336787348, 12.752263194174704 ], [ 101.816802376500334, 12.752260251500504 ], [ 101.816803375844756, 12.752350570449382 ], [ 101.816987402346811, 12.752348608492515 ], [ 101.816988401763965, 12.752438927426351 ], [ 101.817172428300424, 12.752436965327366 ], [ 101.817173427790337, 12.752527284246163 ], [ 101.817265441079599, 12.752526303141579 ], [ 101.817266440609714, 12.752616622052505 ], [ 101.817358453923845, 12.752615640908802 ], [ 101.817359453494177, 12.752705959811863 ], [ 101.817451466833177, 12.752704978629041 ], [ 101.817452466443712, 12.752795297524232 ], [ 101.817544479807594, 12.752794316302285 ], [ 101.817545479458346, 12.752884635189613 ], [ 101.817637492847084, 12.752883653928548 ], [ 101.817638492538052, 12.752973972808004 ], [ 101.817822519357605, 12.752972010175686 ], [ 101.817823519121319, 12.753062329040102 ], [ 101.817915532552121, 12.753061347668845 ], [ 101.817916532356051, 12.75315166652539 ], [ 101.818100559259719, 12.753149703672694 ], [ 101.818101559136423, 12.753240022514191 ], [ 101.818193572609289, 12.753239041032744 ], [ 101.818194572526195, 12.753329359866372 ], [ 101.81828658602393, 12.753328378345802 ], [ 101.818287585981054, 12.75341869717156 ], [ 101.818379599503658, 12.753417715611869 ], [ 101.818380599500998, 12.753508034429759 ], [ 101.818472613048471, 12.753507052830942 ], [ 101.818473613086013, 12.753597371640957 ], [ 101.818749653780031, 12.753594426631299 ], [ 101.818750653922876, 12.753684745419083 ], [ 101.819210721755454, 12.753679836394811 ], [ 101.819211722068701, 12.753770155146011 ], [ 101.819395749213072, 12.753768191298315 ], [ 101.819402752076286, 12.75440042243679 ], [ 101.819310738280137, 12.754401404426874 ], [ 101.819312739102202, 12.754582041903133 ], [ 101.819220725233265, 12.754583023875625 ], [ 101.819221725623265, 12.754673342619895 ], [ 101.819129711714112, 12.75467432456762 ], [ 101.819130712079243, 12.754764643318376 ], [ 101.819038698129873, 12.754765625241328 ], [ 101.819039698470135, 12.754855943998571 ], [ 101.818947684480548, 12.754856925896755 ], [ 101.818948684795927, 12.754947244660483 ], [ 101.818856670766124, 12.754948226533894 ], [ 101.818857671056648, 12.755038545304107 ], [ 101.818673642908891, 12.755040508969437 ], [ 101.818674643142003, 12.755130827753316 ], [ 101.818490614898465, 12.755132791305199 ], [ 101.818491615074137, 12.755223110102742 ], [ 101.818307586734818, 12.755225073541173 ], [ 101.818308586853078, 12.755315392352376 ], [ 101.818124558417963, 12.755317355677359 ], [ 101.818125558478812, 12.755407674502221 ], [ 101.817941529947902, 12.755409637713754 ], [ 101.817942529951324, 12.755499956552278 ], [ 101.817758501324633, 12.755501919650355 ], [ 101.817759501270629, 12.755592238502542 ], [ 101.817575472548157, 12.755594201487163 ], [ 101.817576472436727, 12.755684520353004 ], [ 101.81748445803143, 12.755685501804562 ], [ 101.817486457766478, 12.755866139548521 ], [ 101.817394443288421, 12.755867120982472 ], [ 101.817395443134913, 12.755957439860587 ], [ 101.817303428616626, 12.755958421269767 ], [ 101.817305428267517, 12.756139059038269 ], [ 101.81721341367647, 12.756140040429839 ], [ 101.817216413112675, 12.75641099709892 ], [ 101.817124398416311, 12.756411978480061 ], [ 101.817127397823896, 12.756682935164427 ], [ 101.817035383022215, 12.756683916535138 ], [ 101.817039382209515, 12.757045192133285 ], [ 101.816947367269933, 12.757046173500738 ], [ 101.816953366085698, 12.757588086920213 ], [ 101.817045381220581, 12.757587105509716 ], [ 101.817058380025216, 12.758761251073041 ], [ 101.817150395575652, 12.758760269537317 ], [ 101.817153395581556, 12.759031226167618 ], [ 101.817245411222004, 12.759030244578412 ], [ 101.817248411394615, 12.759301201180952 ], [ 101.817156395656497, 12.759302182791682 ], [ 101.817160395863823, 12.759663458280727 ], [ 101.817344427592857, 12.759661494969903 ], [ 101.817345427728981, 12.759751813826082 ], [ 101.817437443614551, 12.759750832115548 ], [ 101.817438443790905, 12.759841150963856 ], [ 101.817530459701359, 12.759840169214188 ], [ 101.817532460142218, 12.76002080689438 ], [ 101.817624476110126, 12.760019825098395 ], [ 101.817627476926631, 12.760290781591952 ], [ 101.817719492984537, 12.760289799742477 ], [ 101.817722493967779, 12.760560756208266 ], [ 101.817814510115696, 12.760559774305294 ], [ 101.817821512906406, 12.761192005984308 ], [ 101.817545463755792, 12.761194951748013 ], [ 101.817548464773822, 12.76146590823606 ], [ 101.817640481262728, 12.761464926325264 ], [ 101.817641481649986, 12.761555245146051 ], [ 101.817733498163776, 12.761554263196111 ], [ 101.817735499026426, 12.761734900821249 ], [ 101.817827515597685, 12.761733918824993 ], [ 101.817829516556159, 12.761914556433004 ], [ 101.817921533184872, 12.761913574390423 ], [ 101.81792253370817, 12.762003893186213 ], [ 101.818014550361781, 12.762002911104489 ], [ 101.818016551496555, 12.762183548679634 ], [ 101.818200584910997, 12.762181584391568 ], [ 101.818195581805952, 12.761729990520271 ], [ 101.818287598338827, 12.761729008364169 ], [ 101.81828659770828, 12.761638689595008 ], [ 101.819298778705232, 12.761627883846979 ], [ 101.819299779694006, 12.761718202537173 ], [ 101.819575828993294, 12.761715254822118 ], [ 101.819576830087442, 12.761805573490077 ], [ 101.819944895842596, 12.761801642727065 ], [ 101.819945897074675, 12.761891961365606 ], [ 101.820313962837233, 12.761888030062375 ], [ 101.820314964207256, 12.761978348671496 ], [ 101.820498997107592, 12.761976382813705 ], [ 101.820499998550432, 12.762066701407765 ], [ 101.82077604794101, 12.762063752359765 ], [ 101.820777049489223, 12.762154070931578 ], [ 101.821053098908379, 12.762151121574307 ], [ 101.82105410056198, 12.762241440123873 ], [ 101.821146117052223, 12.762240456933663 ], [ 101.821142110353705, 12.761879182759962 ], [ 101.820958077626045, 12.761881149050943 ], [ 101.820957076035754, 12.761790830491414 ], [ 101.820773043342484, 12.761792796640153 ], [ 101.820772041824995, 12.761702478065562 ], [ 101.820588009166144, 12.761704444072063 ], [ 101.820587007721471, 12.761614125482412 ], [ 101.820402975097011, 12.761616091346676 ], [ 101.82040197372514, 12.761525772741965 ], [ 101.82012592482856, 12.761528721277056 ], [ 101.820124923562076, 12.761438402650104 ] ], [ [ 101.79461283647889, 12.734429638407189 ], [ 101.794611846440958, 12.734339317611576 ], [ 101.794703854953184, 12.734338345721779 ], [ 101.794704845023617, 12.734428666510272 ], [ 101.79461283647889, 12.734429638407189 ] ], [ [ 101.800505628397943, 12.743129416955192 ], [ 101.80032160593943, 12.743131366056172 ], [ 101.800320613180105, 12.743041045762169 ], [ 101.800228601971938, 12.743042020257645 ], [ 101.80022760925273, 12.742951699955816 ], [ 101.800043586878544, 12.742953648836743 ], [ 101.800042594232011, 12.742863328519963 ], [ 101.799950583065979, 12.742864302905414 ], [ 101.799951575680012, 12.742954623229323 ], [ 101.799859564473877, 12.742955597589983 ], [ 101.799860557062999, 12.743045917920336 ], [ 101.799768545816718, 12.743046892256203 ], [ 101.799769538380957, 12.743137212592989 ], [ 101.799677527094531, 12.743138186904067 ], [ 101.799679512180845, 12.74331882758983 ], [ 101.799403478080748, 12.743321750374307 ], [ 101.79940447053778, 12.743412070737538 ], [ 101.799312459123328, 12.743413044942317 ], [ 101.799313451555463, 12.743503365311986 ], [ 101.799037417168833, 12.74350628775616 ], [ 101.799038409511041, 12.743596608146529 ], [ 101.798946398001078, 12.74359758223787 ], [ 101.798949374975876, 12.743868543426197 ], [ 101.799041386583411, 12.743867569313474 ], [ 101.799042378956102, 12.743957889701075 ], [ 101.799134390588534, 12.743956915549298 ], [ 101.799135383001357, 12.744047235929076 ], [ 101.799319406308385, 12.744045287515494 ], [ 101.799320398793867, 12.744135607880322 ], [ 101.799412410468477, 12.744134633618515 ], [ 101.799413402994105, 12.744224953975525 ], [ 101.799597426385461, 12.744223005341878 ], [ 101.799598418983763, 12.744313325683938 ], [ 101.799690430700537, 12.744312351312098 ], [ 101.79969142333897, 12.744402671646336 ], [ 101.799783435080627, 12.744401697235439 ], [ 101.799782442409679, 12.744311376908334 ], [ 101.799966465805113, 12.744309428005026 ], [ 101.799965473076753, 12.744219107691487 ], [ 101.799873461415373, 12.744220082151974 ], [ 101.799871476046548, 12.744039441508558 ], [ 101.800147510812735, 12.744036518074109 ], [ 101.800143539776329, 12.743675236864551 ], [ 101.800327562655539, 12.743673287805683 ], [ 101.800326569850455, 12.743582967515827 ], [ 101.80051059263414, 12.743581018343528 ], [ 101.800505628397943, 12.743129416955192 ] ], [ [ 101.804759019007975, 12.744981271211254 ], [ 101.804758024527573, 12.744890951274359 ], [ 101.804850036044783, 12.744889975064734 ], [ 101.804849041539484, 12.744799655134285 ], [ 101.80494105301652, 12.744798678899881 ], [ 101.804940058486352, 12.744708358975883 ], [ 101.805032069923243, 12.744707382716697 ], [ 101.805031075368177, 12.744617062799151 ], [ 101.805123086764908, 12.744616086515183 ], [ 101.805122092184973, 12.744525766604088 ], [ 101.805214103541545, 12.744524790295339 ], [ 101.805213108936712, 12.744434470390697 ], [ 101.805397131561918, 12.744432517691708 ], [ 101.805396136899688, 12.744342197800664 ], [ 101.805488148168322, 12.744341221410426 ], [ 101.805487153481224, 12.744250901525835 ], [ 101.805395142245104, 12.744251877908924 ], [ 101.805393152958843, 12.744071238123375 ], [ 101.805301141780134, 12.744072214460255 ], [ 101.805300147180972, 12.743981894559298 ], [ 101.805208136027147, 12.74398287085711 ], [ 101.805207141468131, 12.743892550948315 ], [ 101.805115130339175, 12.743893527207062 ], [ 101.805114135820332, 12.743803207290435 ], [ 101.804838102485206, 12.743806135853696 ], [ 101.80483909690652, 12.743896455791754 ], [ 101.80474708574701, 12.743897431922806 ], [ 101.80474808014344, 12.743987751867314 ], [ 101.804656068943785, 12.743988727973582 ], [ 101.804657063315318, 12.744079047924542 ], [ 101.804381029573008, 12.744081976073236 ], [ 101.804382023854629, 12.744172296044932 ], [ 101.804290012559406, 12.74417327203779 ], [ 101.8042890183103, 12.744082952058953 ], [ 101.804197007039974, 12.744083928012746 ], [ 101.804195018629699, 12.743903288038716 ], [ 101.804010996196197, 12.743905239821967 ], [ 101.804006025629306, 12.743453639803374 ], [ 101.803822003490438, 12.743455591387523 ], [ 101.803821009464983, 12.74336527136745 ], [ 101.803728998416602, 12.7433662471045 ], [ 101.803729992409544, 12.743456567131714 ], [ 101.803637981321017, 12.743457542843984 ], [ 101.803638975289061, 12.74354786287765 ], [ 101.803546964160404, 12.743548838565136 ], [ 101.803548952054356, 12.743729478644665 ], [ 101.803640963248057, 12.743728502942897 ], [ 101.803644939257623, 12.744089783065101 ], [ 101.803368905263412, 12.744092710160304 ], [ 101.803369899187331, 12.744183030210547 ], [ 101.80327788780815, 12.744184005852237 ], [ 101.803276893916745, 12.744093685794855 ], [ 101.803184882562448, 12.744094661397487 ], [ 101.803185876421324, 12.744184981462006 ], [ 101.803093865026881, 12.744185957039848 ], [ 101.803094858860874, 12.744276277110814 ], [ 101.803002847426271, 12.744277252663871 ], [ 101.803005828876493, 12.744548212894033 ], [ 101.802913817336716, 12.744549188436581 ], [ 101.802914811136191, 12.744639508519054 ], [ 101.803006822708483, 12.744638532969368 ], [ 101.803008810395383, 12.744819173117968 ], [ 101.803100822025101, 12.744818197522079 ], [ 101.803101815912513, 12.744908517588202 ], [ 101.803285839214084, 12.744906566286367 ], [ 101.803286833174184, 12.744996886337525 ], [ 101.803378844846037, 12.744995910631577 ], [ 101.803379838846283, 12.7450862306749 ], [ 101.803471850543033, 12.745085254929892 ], [ 101.803472844583411, 12.745175574965383 ], [ 101.803564856305059, 12.745174599181309 ], [ 101.803565850385596, 12.745264919208967 ], [ 101.803657862132127, 12.745263943385824 ], [ 101.803658856252824, 12.745354263405652 ], [ 101.803842879788021, 12.745352311649308 ], [ 101.803843873981393, 12.745442631654161 ], [ 101.804027897551109, 12.745440679755824 ], [ 101.804026903292694, 12.745350359765251 ], [ 101.804210926766814, 12.745348407753484 ], [ 101.804209932450988, 12.7452580877765 ], [ 101.804301944144086, 12.745257111729869 ], [ 101.804300949803377, 12.745166791759335 ], [ 101.804392961456315, 12.745165815687917 ], [ 101.804391967090709, 12.745075495723828 ], [ 101.804483978703487, 12.745074519627629 ], [ 101.804482984313012, 12.744984199669993 ], [ 101.804759019007975, 12.744981271211254 ] ], [ [ 101.813515046568185, 12.746243176846079 ], [ 101.81360705787921, 12.746242197488904 ], [ 101.813605062452496, 12.746061559008746 ], [ 101.813697073690804, 12.746060579633973 ], [ 101.813695078229713, 12.745879941165377 ], [ 101.813787089395305, 12.745878961773013 ], [ 101.813786091643721, 12.745788642544838 ], [ 101.813878102769138, 12.745787663127709 ], [ 101.813876107223919, 12.745607024683618 ], [ 101.813968118276634, 12.745606045248893 ], [ 101.813964127148026, 12.74524476838107 ], [ 101.813872116225383, 12.745245747787132 ], [ 101.813873113963524, 12.745336067012291 ], [ 101.813597081052094, 12.745339005060414 ], [ 101.813598078700338, 12.745429324306382 ], [ 101.813506067682027, 12.745430303599068 ], [ 101.813505070066299, 12.745339984345938 ], [ 101.813045015022453, 12.745344880294658 ], [ 101.813046012475567, 12.745435199583609 ], [ 101.812954001411299, 12.745436178684736 ], [ 101.812954998839558, 12.74552649798016 ], [ 101.812862987735102, 12.745527477056525 ], [ 101.812864982549556, 12.745708115659621 ], [ 101.812772971372411, 12.745709094718388 ], [ 101.812774966152446, 12.745889733333039 ], [ 101.812682954902598, 12.745890712374203 ], [ 101.81268395227157, 12.745981031687654 ], [ 101.812499929683867, 12.745982989688523 ], [ 101.812500926995469, 12.746073309015609 ], [ 101.812408915657599, 12.746074287975315 ], [ 101.812409912944332, 12.74616460730887 ], [ 101.812225890180585, 12.746166565146821 ], [ 101.812226887409921, 12.746256884494009 ], [ 101.812134875984057, 12.746257863372252 ], [ 101.81213687040065, 12.74643850207887 ], [ 101.812228881891571, 12.746437523186302 ], [ 101.812229879143871, 12.746527842531414 ], [ 101.812321890659661, 12.746526863599751 ], [ 101.812323885252283, 12.746707502273571 ], [ 101.812507908390998, 12.746705544285817 ], [ 101.81250990314436, 12.746886182928215 ], [ 101.812877949590074, 12.746882266512246 ], [ 101.812875954576526, 12.74670162792715 ], [ 101.81296796610377, 12.746700648757658 ], [ 101.812966968575964, 12.746610329471235 ], [ 101.813058980063005, 12.746609350276978 ], [ 101.81305997762334, 12.746699669556238 ], [ 101.813336012136133, 12.746696731760396 ], [ 101.813335014478227, 12.746606412502629 ], [ 101.813427025934658, 12.746605433180655 ], [ 101.813425030576767, 12.746424794677374 ], [ 101.81351704196048, 12.746423815337799 ], [ 101.813515046568185, 12.746243176846079 ] ], [ [ 101.812873959593617, 12.746520989339283 ], [ 101.812872962113644, 12.746430670044314 ], [ 101.812964973543302, 12.746429690896314 ], [ 101.812965971055803, 12.746520010184122 ], [ 101.812873959593617, 12.746520989339283 ] ], [ [ 101.811400778197665, 12.746446332069958 ], [ 101.811584801294345, 12.74644437476376 ], [ 101.811583804277362, 12.746354055367835 ], [ 101.811767827278359, 12.746352097948243 ], [ 101.811765833137258, 12.746171459182948 ], [ 101.811673821705625, 12.746172437894391 ], [ 101.811672824679093, 12.746082118503542 ], [ 101.811580813272329, 12.746083097175894 ], [ 101.811579816285942, 12.745992777777197 ], [ 101.811119759299956, 12.745997670624231 ], [ 101.811120756123699, 12.746087990058728 ], [ 101.810936733210696, 12.746089946988361 ], [ 101.810937729977056, 12.746180266436482 ], [ 101.81075370696837, 12.746182223252719 ], [ 101.810754703677347, 12.746272542714463 ], [ 101.81047866900937, 12.746275477720829 ], [ 101.810480662255131, 12.746456116685184 ], [ 101.810388650618791, 12.746457094971094 ], [ 101.81039363370445, 12.746908692405663 ], [ 101.81048564550342, 12.746907714083966 ], [ 101.810487638856301, 12.747088353038633 ], [ 101.810579650712668, 12.747087374670691 ], [ 101.810580647433099, 12.747177694139827 ], [ 101.810672659314335, 12.747176715732797 ], [ 101.810674652843218, 12.747357354654678 ], [ 101.810766664781866, 12.747356376201401 ], [ 101.810767661590305, 12.747446695654148 ], [ 101.810951685509664, 12.747444738637476 ], [ 101.810950688636169, 12.747354419199048 ], [ 101.811042700551852, 12.747353440649976 ], [ 101.811041703653473, 12.747263121218012 ], [ 101.811133715528968, 12.747262142644166 ], [ 101.811130724782188, 12.746991184365601 ], [ 101.811222736552466, 12.746990205781303 ], [ 101.811220742694488, 12.746809566939781 ], [ 101.811312754392048, 12.746808588337869 ], [ 101.811309763564921, 12.746537630091879 ], [ 101.811401775157265, 12.746536651479516 ], [ 101.811400778197665, 12.746446332069958 ] ], [ [ 101.802290042964472, 12.75476316302141 ], [ 101.802289048570657, 12.75467284295933 ], [ 101.802381063815218, 12.754671866872888 ], [ 101.802380069396477, 12.754581546817255 ], [ 101.802564099797621, 12.754579594562788 ], [ 101.80256310532144, 12.754489274520736 ], [ 101.802655120478008, 12.754488298352715 ], [ 101.8026541259769, 12.754397978317108 ], [ 101.802838156202057, 12.754396025899487 ], [ 101.802837161643481, 12.75430570587746 ], [ 101.80292917671207, 12.754304729627863 ], [ 101.802928182128596, 12.754214409612286 ], [ 101.803020197156997, 12.754213433337876 ], [ 101.803018207947829, 12.754032793318927 ], [ 101.803110222903527, 12.754031817026844 ], [ 101.803109228277847, 12.753941497023467 ], [ 101.803017213354693, 12.753942473308413 ], [ 101.803015224191327, 12.753761833285308 ], [ 101.802831194452338, 12.753763785730799 ], [ 101.802829205449669, 12.753583145676371 ], [ 101.802553160979201, 12.753586074062158 ], [ 101.802554155379084, 12.753676394111134 ], [ 101.802462140507799, 12.753677370182968 ], [ 101.802463134882771, 12.753767690238385 ], [ 101.802371119971298, 12.753768666285408 ], [ 101.802372114321358, 12.75385898634727 ], [ 101.802188084410432, 12.753860938359747 ], [ 101.80219007300326, 12.754041578509943 ], [ 101.802098057971264, 12.754042554482528 ], [ 101.802099052246575, 12.754132874563723 ], [ 101.802007037174405, 12.754133850511495 ], [ 101.802006042931652, 12.754043530423163 ], [ 101.801914027884393, 12.75404450633185 ], [ 101.801915022094605, 12.754134826427316 ], [ 101.801823007007187, 12.754135802311186 ], [ 101.801824001192486, 12.754226122413096 ], [ 101.80173198606488, 12.754227098272153 ], [ 101.801732980225268, 12.754317418380507 ], [ 101.801640965057487, 12.754318394214751 ], [ 101.801641959192963, 12.75440871432955 ], [ 101.801549943984995, 12.754409690138976 ], [ 101.801550938095545, 12.754500010260216 ], [ 101.801366907591671, 12.754501961797484 ], [ 101.801369889773795, 12.75477292219986 ], [ 101.801461905127198, 12.7547719464258 ], [ 101.801463893351837, 12.754952586676321 ], [ 101.801555908762694, 12.754951610856036 ], [ 101.801556902919017, 12.755041930973125 ], [ 101.8016489183548, 12.755040955113756 ], [ 101.801649912551284, 12.755131275223016 ], [ 101.80183394346507, 12.755129323394145 ], [ 101.801834937734284, 12.755219643488443 ], [ 101.801926953212288, 12.755218667518944 ], [ 101.801927947521676, 12.755308987605414 ], [ 101.802019963024605, 12.755308011596826 ], [ 101.802017974348331, 12.755127371437466 ], [ 101.801925958910516, 12.755128347431782 ], [ 101.80192496461639, 12.755038027343925 ], [ 101.802016980021648, 12.755037051356746 ], [ 101.802015985702596, 12.754946731275336 ], [ 101.802108001067694, 12.754945755263337 ], [ 101.802107006723702, 12.754855435188372 ], [ 101.802199022048626, 12.754854459151559 ], [ 101.802198027679736, 12.754764139083038 ], [ 101.802290042964472, 12.75476316302141 ] ], [ [ 101.813887901765341, 12.755001200251344 ], [ 101.813884906212337, 12.754730242774603 ], [ 101.813976920558602, 12.754729262648031 ], [ 101.813975922023701, 12.754638943494898 ], [ 101.813791893388597, 12.754640903701754 ], [ 101.813788898025152, 12.754369946195197 ], [ 101.813696883793739, 12.754370926229205 ], [ 101.813695885387133, 12.754280607051799 ], [ 101.813511856966414, 12.75428256700963 ], [ 101.813510858632569, 12.754192247817199 ], [ 101.812774744903678, 12.75420008631324 ], [ 101.812775742977195, 12.754290405562982 ], [ 101.812499700104851, 12.754293344493325 ], [ 101.812500698088385, 12.754383663763862 ], [ 101.812408683749752, 12.754384643350573 ], [ 101.812409681708388, 12.75447496262758 ], [ 101.812501696079565, 12.754473983033709 ], [ 101.812502694078418, 12.754564302302859 ], [ 101.812594708474478, 12.754563322669872 ], [ 101.812596704560221, 12.754743961191775 ], [ 101.812688719013735, 12.754742981512514 ], [ 101.812690715195203, 12.754923620017317 ], [ 101.812782729706143, 12.754922640291779 ], [ 101.812783727840923, 12.755012959535977 ], [ 101.812875742376747, 12.755011979771325 ], [ 101.812877738734358, 12.755192618243317 ], [ 101.812969753327636, 12.755191638432386 ], [ 101.812970751550466, 12.755281957660181 ], [ 101.813062766168628, 12.755280977810132 ], [ 101.813063764431675, 12.755371297030067 ], [ 101.813155779074719, 12.755370317140903 ], [ 101.813156777377969, 12.755460636352982 ], [ 101.813340806706179, 12.755458676464469 ], [ 101.813339808337815, 12.755368357266716 ], [ 101.813431822957881, 12.755367377281697 ], [ 101.813430824564648, 12.755277058090421 ], [ 101.813522839144511, 12.755276078080611 ], [ 101.813521840726366, 12.755185758895802 ], [ 101.813613855266027, 12.755184778861205 ], [ 101.813612856823013, 12.755094459682875 ], [ 101.813704871322457, 12.755093479623492 ], [ 101.813703872854546, 12.755003160451631 ], [ 101.813887901765341, 12.755001200251344 ] ], [ [ 101.813255780611016, 12.756091890839718 ], [ 101.813163765715231, 12.756092870818152 ], [ 101.813161769009156, 12.755912232402997 ], [ 101.812977739324808, 12.755914192235341 ], [ 101.812976741048359, 12.755823873012394 ], [ 101.812792711398501, 12.755825832702602 ], [ 101.812793709609863, 12.755916151939873 ], [ 101.81270169474088, 12.755917131744209 ], [ 101.812702692927346, 12.756007450987957 ], [ 101.812610678018174, 12.756008430767499 ], [ 101.812611676179742, 12.756098750017712 ], [ 101.812427646273292, 12.756100709495268 ], [ 101.812428644377434, 12.756191028759108 ], [ 101.812244614375274, 12.756192988123175 ], [ 101.812249604685292, 12.756644584503634 ], [ 101.812341619852958, 12.75664360480177 ], [ 101.812343616095674, 12.75682424333478 ], [ 101.812435631320781, 12.756823263586634 ], [ 101.812437627659236, 12.757003902102547 ], [ 101.812713673483941, 12.757000962623398 ], [ 101.81271267521322, 12.756910643387277 ], [ 101.812804690440245, 12.756909663504143 ], [ 101.812803692144655, 12.756819344274493 ], [ 101.812987722510641, 12.756817384426688 ], [ 101.812986724157582, 12.75672706521067 ], [ 101.81317075442783, 12.75672510524937 ], [ 101.813169756017345, 12.756634786046986 ], [ 101.81335378619184, 12.756632825972192 ], [ 101.813348793928768, 12.756181230021539 ], [ 101.8132567790081, 12.756182210039093 ], [ 101.813255780611016, 12.756091890839718 ] ], [ [ 101.803524049671239, 12.758182629632298 ], [ 101.803432033248725, 12.758183606380609 ], [ 101.803430043107468, 12.758002966479694 ], [ 101.803338026742438, 12.758003943181762 ], [ 101.803334046681755, 12.757642663343065 ], [ 101.803518079143728, 12.757640709964077 ], [ 101.803517084082529, 12.757550390016952 ], [ 101.803701116448863, 12.757548436524409 ], [ 101.803702111575163, 12.757638756457258 ], [ 101.803978160165087, 12.757635825957331 ], [ 101.803977164941102, 12.757545506045906 ], [ 101.803793132620584, 12.757547459730201 ], [ 101.803792137469344, 12.757457139803803 ], [ 101.8036081051834, 12.757459093345982 ], [ 101.803607110104906, 12.757368773404609 ], [ 101.802962997091498, 12.757375609745562 ], [ 101.80296200224852, 12.757285289753522 ], [ 101.802869986105776, 12.757286266238687 ], [ 101.802865012168169, 12.756834666232416 ], [ 101.802957028148157, 12.756833689782942 ], [ 101.802955038561436, 12.756653049789866 ], [ 101.803047054468678, 12.756652073322714 ], [ 101.803046059654221, 12.756561753332276 ], [ 101.803230091380698, 12.756559800316378 ], [ 101.80322810164445, 12.75637916036198 ], [ 101.803320117431127, 12.756378183820377 ], [ 101.803319122541907, 12.756287863849277 ], [ 101.803411138288411, 12.756286887282858 ], [ 101.803410143374265, 12.756196567318209 ], [ 101.803502159080594, 12.756195590726971 ], [ 101.803501164141522, 12.756105270768771 ], [ 101.803593179807663, 12.756104294152717 ], [ 101.80359218484368, 12.756013974200959 ], [ 101.803684200469633, 12.756012997560095 ], [ 101.803683205480723, 12.755922677614784 ], [ 101.803775221066502, 12.755921700949106 ], [ 101.803772236047962, 12.755650741130447 ], [ 101.803680220559855, 12.755651717774708 ], [ 101.803679225601485, 12.755561397826629 ], [ 101.803587210138289, 12.755562374431797 ], [ 101.803586215220122, 12.755472054475881 ], [ 101.803494199781838, 12.755473031041957 ], [ 101.80349320490383, 12.755382711078214 ], [ 101.803217158640848, 12.75538564056329 ], [ 101.803216163868129, 12.755295320577433 ], [ 101.80312414846442, 12.755296297001415 ], [ 101.803125143204582, 12.755386616994407 ], [ 101.802757081383206, 12.755390522399344 ], [ 101.802758076000814, 12.7554808424202 ], [ 101.802666060493848, 12.755481818698691 ], [ 101.802665065908784, 12.755391498670699 ], [ 101.802573050426744, 12.755392474910099 ], [ 101.802571061344622, 12.755211834837763 ], [ 101.802663076761576, 12.755210858612637 ], [ 101.802660093097998, 12.754939898520359 ], [ 101.802568077778702, 12.754940874724069 ], [ 101.802569072293039, 12.755031194762658 ], [ 101.802477056933554, 12.755032170941554 ], [ 101.80247805142298, 12.755122490986587 ], [ 101.802386036023321, 12.755123467140669 ], [ 101.802390013927123, 12.755484747342436 ], [ 101.802482029456996, 12.755483771159808 ], [ 101.802483023984578, 12.755574091201382 ], [ 101.802575039539363, 12.755573114979661 ], [ 101.802576034107119, 12.755663435013407 ], [ 101.80303611192933, 12.755658553389813 ], [ 101.803035117198817, 12.755568233391754 ], [ 101.803311163702901, 12.755565304055567 ], [ 101.803312158531071, 12.755655624032205 ], [ 101.803404174049717, 12.755654647515762 ], [ 101.803408153568881, 12.756015927386825 ], [ 101.803316137920035, 12.75601690393183 ], [ 101.803317132786361, 12.756107223905007 ], [ 101.803225117097327, 12.75610820042519 ], [ 101.803226111938727, 12.756198520404814 ], [ 101.803134096209519, 12.756199496900184 ], [ 101.803135091026007, 12.756289816886252 ], [ 101.802951059479568, 12.756291769795402 ], [ 101.802953049005239, 12.756472409794016 ], [ 101.802861033155466, 12.756473386214935 ], [ 101.802862027897206, 12.756563706220348 ], [ 101.802770012007244, 12.756564682616444 ], [ 101.802771006724058, 12.7566550026283 ], [ 101.802678990793922, 12.756655978999579 ], [ 101.802680980185329, 12.756836619035491 ], [ 101.802588964182448, 12.756837595389088 ], [ 101.80259095353928, 12.757018235436504 ], [ 101.802498937463668, 12.75701921177242 ], [ 101.802504905521957, 12.757561131940868 ], [ 101.802596921792883, 12.757560155562127 ], [ 101.802597916528541, 12.75765047558064 ], [ 101.802781949112642, 12.757648522713 ], [ 101.802782943921017, 12.757738842716547 ], [ 101.802874960234178, 12.757737866227652 ], [ 101.802875955082754, 12.757828186223367 ], [ 101.802967971420827, 12.757827209695371 ], [ 101.802968966309592, 12.757917529683256 ], [ 101.803060982672605, 12.757916553116162 ], [ 101.803062972538143, 12.758097193075578 ], [ 101.803154988958624, 12.758096216462247 ], [ 101.803155983935397, 12.758186536433778 ], [ 101.803248000380805, 12.758185559781349 ], [ 101.803251980494466, 12.758546839631988 ], [ 101.80334399706247, 12.758545862919041 ], [ 101.803347977428473, 12.758907142730044 ], [ 101.803439994119103, 12.758906165956576 ], [ 101.80344397473749, 12.759267445727941 ], [ 101.803535991550689, 12.759266468893951 ], [ 101.803537981970806, 12.759447108761199 ], [ 101.803629998841501, 12.759446131880965 ], [ 101.803631989357285, 12.759626771731162 ], [ 101.803724006285464, 12.759625794804686 ], [ 101.803726992214067, 12.759896754553365 ], [ 101.803819009232299, 12.759895777573501 ], [ 101.803820999954652, 12.760076417388211 ], [ 101.803728982871306, 12.760077394382359 ], [ 101.803729978211379, 12.760167714295816 ], [ 101.803821995327297, 12.760166737294531 ], [ 101.803829958583236, 12.76088929652013 ], [ 101.804013993313177, 12.760887342307404 ], [ 101.803997070871262, 12.759351904142818 ], [ 101.803905054063662, 12.759352881143766 ], [ 101.803901072763537, 12.758991601517977 ], [ 101.803809056078549, 12.7589925784584 ], [ 101.80380407978798, 12.758540978874878 ], [ 101.803712063258146, 12.758541955747637 ], [ 101.803711068055492, 12.758451635821713 ], [ 101.803619051550584, 12.758452612655365 ], [ 101.803617061233297, 12.758271972787163 ], [ 101.803525044785872, 12.758272949574577 ], [ 101.803524049671239, 12.758182629632298 ] ], [ [ 101.813434687535633, 12.763948677959094 ], [ 101.81334266981473, 12.763949658592836 ], [ 101.813340671710591, 12.763769020312598 ], [ 101.812788565615108, 12.763774903357588 ], [ 101.812789564467906, 12.763865222541039 ], [ 101.812881582202209, 12.76386424210631 ], [ 101.812886576743978, 12.764315837977353 ], [ 101.812978594633478, 12.764314857474831 ], [ 101.812986586559191, 12.765037410775141 ], [ 101.81307860470163, 12.765036430183329 ], [ 101.813082600978646, 12.765397706788191 ], [ 101.813174619243711, 12.765396726135743 ], [ 101.813175618364696, 12.765487045278057 ], [ 101.813083600067046, 12.765488025937671 ], [ 101.813084599163105, 12.765578345086459 ], [ 101.81317661749334, 12.765577364419684 ], [ 101.813181613251444, 12.766028960117401 ], [ 101.813273631736905, 12.766027979382821 ], [ 101.813276629381434, 12.766298936771637 ], [ 101.813736722182441, 12.766294032511569 ], [ 101.813735722797048, 12.766203713418488 ], [ 101.813827741301665, 12.766202732477696 ], [ 101.813823743706408, 12.76584145612709 ], [ 101.813731725332076, 12.765842437039215 ], [ 101.813726728673288, 12.765390841549527 ], [ 101.813634710454181, 12.765391822393841 ], [ 101.813629714149812, 12.764940226850989 ], [ 101.81353769608593, 12.764941207627498 ], [ 101.81353070180964, 12.76430897378822 ], [ 101.813438683966098, 12.764309954482595 ], [ 101.813434687535633, 12.763948677959094 ] ] ] } }
]
}
