{
"type": "FeatureCollection",
"name": "2021-12-27_mndwi_otsu",
"crs": { "type": "name", "properties": { "name": "urn:ogc:def:crs:OGC:1.3:CRS84" } },
"features": [
{ "type": "Feature", "properties": { "scene_id": "S2B_47PQQ_20211227_0_L2A", "date": "2021-12-27", "tide_level": "unverified", "tide_station": "unverified", "index_used": "MNDWI", "threshold_method": "otsu", "threshold_value": 0.1601, "source_sensor": "Sentinel-2", "tide_source_type": "unverified", "QA_flags": "prototype" }, "geometry": { "type": "MultiLineString", "coordinates": [ [ [ 101.653343582599192, 12.671199970385262 ], [ 101.653342647394311, 12.671109638499752 ], [ 101.653250650756718, 12.671110556761986 ], [ 101.653249715591386, 12.671020224869036 ], [ 101.653157718978918, 12.67102114309276 ], [ 101.653155848734556, 12.670840479291311 ], [ 101.653063852179542, 12.670841397469776 ], [ 101.653062917100527, 12.670751065561271 ], [ 101.65297092057061, 12.670751983701226 ], [ 101.652969985531129, 12.670661651785295 ], [ 101.652877989026337, 12.670662569886744 ], [ 101.652878924033487, 12.670752901809434 ], [ 101.65278692748916, 12.670753819885894 ], [ 101.652787862471186, 12.670844151814663 ], [ 101.65269586588731, 12.670845069866122 ], [ 101.652696800844211, 12.670935401800966 ], [ 101.652604804220786, 12.670936319827433 ], [ 101.652605739152577, 12.671026651768349 ], [ 101.652421745819424, 12.671028487739539 ], [ 101.65242455046409, 12.671299483598739 ], [ 101.652516547231272, 12.671298565608753 ], [ 101.652515612310168, 12.671208233663121 ], [ 101.652699605758244, 12.671206397601409 ], [ 101.652700540744007, 12.671296729533534 ], [ 101.652792537489546, 12.671295811448294 ], [ 101.652794407547404, 12.67147647529699 ], [ 101.652426420263282, 12.671480147501468 ], [ 101.652427355173685, 12.671570479451809 ], [ 101.652519352037871, 12.671569561441563 ], [ 101.652521221945022, 12.671750225326706 ], [ 101.652613218866662, 12.671749307271195 ], [ 101.652614153863382, 12.671839639205993 ], [ 101.652706150810147, 12.671838721111978 ], [ 101.65270708584643, 12.671929053039337 ], [ 101.652983076740426, 12.671926298546513 ], [ 101.652984011880918, 12.672016630452925 ], [ 101.653076008863493, 12.672015712218389 ], [ 101.653076944043534, 12.672106044117365 ], [ 101.653168941051234, 12.672105125844322 ], [ 101.653170811497645, 12.672285789626725 ], [ 101.653630796751187, 12.672281197717629 ], [ 101.653629861362688, 12.672190865860554 ], [ 101.653721858359418, 12.67218994739023 ], [ 101.653716245986018, 12.671647956274017 ], [ 101.653624249183309, 12.671648874703795 ], [ 101.653622378514584, 12.671468210979436 ], [ 101.653530381769315, 12.671469129363949 ], [ 101.653529446478117, 12.671378797493992 ], [ 101.653437449757959, 12.671379715839995 ], [ 101.653435579261881, 12.671199052084525 ], [ 101.653343582599192, 12.671199970385262 ] ], [ [ 101.654618742073737, 12.731986714213157 ], [ 101.65461592121936, 12.73171572007303 ], [ 101.654523902881081, 12.731716643093177 ], [ 101.654522022412621, 12.731535980316153 ], [ 101.654430004132095, 12.731536903290868 ], [ 101.654428123757555, 12.731356240497592 ], [ 101.654336105534824, 12.731357163426877 ], [ 101.65433516539089, 12.731266832022454 ], [ 101.654151128988701, 12.731268677771787 ], [ 101.654152069067649, 12.731359009189735 ], [ 101.654060050823233, 12.731359932023301 ], [ 101.6540609908769, 12.73145026344732 ], [ 101.653876954301381, 12.731452109032254 ], [ 101.653877894297267, 12.731542440469113 ], [ 101.653785875966179, 12.73154336322048 ], [ 101.653788695899692, 12.731814357547229 ], [ 101.653604659020843, 12.731816202994795 ], [ 101.653605598948133, 12.731906534449193 ], [ 101.653237524973719, 12.731910224988459 ], [ 101.653238464778227, 12.732000556469211 ], [ 101.652778371985207, 12.732005168959144 ], [ 101.652779311634433, 12.732095500472997 ], [ 101.652687293021671, 12.732096422882016 ], [ 101.652688232645602, 12.732186754401944 ], [ 101.652596213993107, 12.732187676785811 ], [ 101.652597153591785, 12.732278008311809 ], [ 101.65268917227678, 12.732277085921185 ], [ 101.65269105156078, 12.732457748957621 ], [ 101.652967107767452, 12.732454981553762 ], [ 101.652968047517803, 12.732545313050686 ], [ 101.653060066271408, 12.732544390512153 ], [ 101.653061006061478, 12.732634722001634 ], [ 101.653521099883719, 12.732630108796547 ], [ 101.653522039843523, 12.732720440251557 ], [ 101.653798096147696, 12.732717671925309 ], [ 101.653797156090377, 12.732627340490577 ], [ 101.653981193525354, 12.732625494793716 ], [ 101.653977433108352, 12.732264169102018 ], [ 101.654161470254422, 12.732262323331597 ], [ 101.65416053010324, 12.732171991920486 ], [ 101.654436585670638, 12.732169223045815 ], [ 101.65443564542916, 12.732078891654298 ], [ 101.654527663904688, 12.73207796863902 ], [ 101.654526723637943, 12.731987637253582 ], [ 101.654618742073737, 12.731986714213157 ] ], [ [ 101.653791515898234, 12.732085351867829 ], [ 101.653699497364926, 12.732086274627839 ], [ 101.653698557390683, 12.731995943181564 ], [ 101.653790575891492, 12.731995020428309 ], [ 101.653791515898234, 12.732085351867829 ] ], [ [ 101.658382632937148, 12.713429105879225 ], [ 101.658381692731041, 12.713338774650786 ], [ 101.657921635483234, 12.713343389420736 ], [ 101.657926335774903, 12.713795045725361 ], [ 101.658018347401168, 12.713794122801243 ], [ 101.658024928340481, 12.714426441551661 ], [ 101.658116940186673, 12.714425518548298 ], [ 101.658118820585059, 12.714606181028735 ], [ 101.658210832488919, 12.714605257979965 ], [ 101.658212712981154, 12.714785920444132 ], [ 101.658304724942681, 12.714784997349962 ], [ 101.658305665232106, 12.714875328574253 ], [ 101.658765725093531, 12.714870712591603 ], [ 101.658762903760206, 12.714599719018251 ], [ 101.658578880032053, 12.714601565466273 ], [ 101.658577939666984, 12.714511234260247 ], [ 101.658669951502219, 12.714510311058937 ], [ 101.65866901111194, 12.714419979858997 ], [ 101.658576999309147, 12.714420903053536 ], [ 101.658567596128762, 12.713517590948909 ], [ 101.658475584643256, 12.71351851404388 ], [ 101.658474644397458, 12.713428182822888 ], [ 101.658382632937148, 12.713429105879225 ] ], [ [ 101.657110448620756, 12.714977657712708 ], [ 101.657109508746004, 12.714887326401112 ], [ 101.65729353290034, 12.714885480932093 ], [ 101.657291653042705, 12.714704818333916 ], [ 101.657383665044136, 12.714703895565149 ], [ 101.657382725093697, 12.714613564271804 ], [ 101.657290713124738, 12.714614487033804 ], [ 101.657288833310488, 12.714433824431532 ], [ 101.657196821399197, 12.714434747148134 ], [ 101.657195881535372, 12.714344415839211 ], [ 101.656459786244298, 12.714351796370851 ], [ 101.656458846647311, 12.714261465007107 ], [ 101.656274822817139, 12.714263309807865 ], [ 101.656273883292286, 12.714172978429913 ], [ 101.656181871398815, 12.714173900775734 ], [ 101.656180931913653, 12.714083569390329 ], [ 101.655904896287197, 12.714086336216324 ], [ 101.655905835675014, 12.714176667622022 ], [ 101.655813823752624, 12.714177589840396 ], [ 101.655814763115217, 12.714267921252171 ], [ 101.655722751153149, 12.714268843445446 ], [ 101.655724629835106, 12.714449506280474 ], [ 101.655816641862074, 12.714448584073672 ], [ 101.655817581246353, 12.714538915483404 ], [ 101.655909593298546, 12.714537993237977 ], [ 101.655910532722515, 12.714628324640255 ], [ 101.65618656893308, 12.714625557692502 ], [ 101.656187508461642, 12.714715889073807 ], [ 101.656371532630772, 12.714714044269126 ], [ 101.656375291076856, 12.715075369733404 ], [ 101.656283278866098, 12.715076292178738 ], [ 101.6562860976792, 12.715347286290076 ], [ 101.656194085363836, 12.715348208723837 ], [ 101.65619690414465, 12.71561920284933 ], [ 101.656288916557386, 12.715618280395269 ], [ 101.656289856197901, 12.715708611762302 ], [ 101.656841930717164, 12.715703076328179 ], [ 101.656842870559657, 12.71579340765393 ], [ 101.65702689540646, 12.715791562240764 ], [ 101.657023135820296, 12.715430236987778 ], [ 101.657115148103045, 12.715429314260465 ], [ 101.657114208192127, 12.715338982952279 ], [ 101.657022195941835, 12.715339905672828 ], [ 101.657020316206598, 12.715159243040876 ], [ 101.656928304013988, 12.715160165716025 ], [ 101.65692736418967, 12.715069834392256 ], [ 101.65683535202227, 12.715070757028773 ], [ 101.656834412237643, 12.714980425697556 ], [ 101.657110448620756, 12.714977657712708 ] ], [ [ 101.658253150563638, 12.718670162763177 ], [ 101.658252210002814, 12.718579831560794 ], [ 101.658160196670806, 12.718580754907437 ], [ 101.658159256149673, 12.718490423697597 ], [ 101.657883216207637, 12.718493193525976 ], [ 101.657882275791138, 12.71840286229515 ], [ 101.657790262495112, 12.718403785500763 ], [ 101.657789322118305, 12.718313454262484 ], [ 101.657513282284228, 12.718316223667776 ], [ 101.657514222563663, 12.718406554926359 ], [ 101.657422209238703, 12.71840747800448 ], [ 101.657423149492899, 12.718497809269151 ], [ 101.657331136128249, 12.718498732322166 ], [ 101.657333016593412, 12.718679394862997 ], [ 101.657241003156599, 12.718680317897675 ], [ 101.657246644530886, 12.719222305544378 ], [ 101.657430671786841, 12.719220459361935 ], [ 101.657431612106123, 12.719310790620456 ], [ 101.657523625755715, 12.719309867474655 ], [ 101.657522685403961, 12.7192195362229 ], [ 101.657890739800123, 12.719215843348017 ], [ 101.657888858858598, 12.719035180896602 ], [ 101.657980872374623, 12.719034257611732 ], [ 101.657982753381091, 12.719214920049607 ], [ 101.65844282117736, 12.719210303079446 ], [ 101.65843811790387, 12.71875864714889 ], [ 101.658346104521399, 12.71875957057282 ], [ 101.65834516392087, 12.718669239377888 ], [ 101.658253150563638, 12.718670162763177 ] ], [ [ 101.657313631070778, 12.734489205012412 ], [ 101.657312689633684, 12.734398873848365 ], [ 101.657220670529981, 12.73439979799686 ], [ 101.657219729132635, 12.734309466825362 ], [ 101.657127710054198, 12.734310390935173 ], [ 101.6571267686966, 12.734220059756227 ], [ 101.65694273058304, 12.734221907866575 ], [ 101.656940848019559, 12.734041245479554 ], [ 101.656848829016937, 12.734042169473327 ], [ 101.656847887778554, 12.733951838272025 ], [ 101.656755868801213, 12.733952762227112 ], [ 101.656753986411161, 12.733772099808929 ], [ 101.656569948564794, 12.733773947596299 ], [ 101.656569007445626, 12.73368361637265 ], [ 101.6564769885441, 12.733684540211701 ], [ 101.656477929630753, 12.733774871442119 ], [ 101.656293891741001, 12.733776719038017 ], [ 101.656296714849347, 12.73404771276576 ], [ 101.656388733895355, 12.734046788963473 ], [ 101.656390616068748, 12.734227451431689 ], [ 101.656482635172551, 12.734226527583955 ], [ 101.656483576302605, 12.734316858810267 ], [ 101.656667614553513, 12.734315011005524 ], [ 101.6566685557558, 12.734405342217624 ], [ 101.656760574902918, 12.734404418260617 ], [ 101.656761516144954, 12.734494749465268 ], [ 101.656853535317353, 12.734493825469578 ], [ 101.656857300487871, 12.734855150254273 ], [ 101.656949319783052, 12.7348542261996 ], [ 101.656950261126269, 12.734944557387296 ], [ 101.657042280446731, 12.734943633293943 ], [ 101.657044163219879, 12.735124295653751 ], [ 101.657136182598123, 12.735123371514947 ], [ 101.657137124028068, 12.73521370268706 ], [ 101.657597220973315, 12.735209081480447 ], [ 101.657595337795584, 12.735028419203225 ], [ 101.657687357097913, 12.73502749487969 ], [ 101.657684532288059, 12.734756501479026 ], [ 101.657592513083245, 12.734757425782256 ], [ 101.657591571526936, 12.734667094640566 ], [ 101.657499552347417, 12.73466801890511 ], [ 101.657498610830842, 12.734577687755968 ], [ 101.65740659167659, 12.734578611981826 ], [ 101.657405650199749, 12.734488280825234 ], [ 101.657313631070778, 12.734489205012412 ] ], [ [ 101.669389547698003, 12.71882919288705 ], [ 101.669388603187414, 12.71873886250761 ], [ 101.669480615732269, 12.718737935252141 ], [ 101.669478726667947, 12.718557274504814 ], [ 101.669570739140639, 12.718556347231068 ], [ 101.669568850040463, 12.718375686494602 ], [ 101.669660862440935, 12.718374759202582 ], [ 101.669657084197922, 12.718013437748649 ], [ 101.669749096461302, 12.718012510451954 ], [ 101.669742484588568, 12.717380197928851 ], [ 101.669834496617455, 12.717379270647886 ], [ 101.669828829386603, 12.716837288499367 ], [ 101.669920841213468, 12.71683636122733 ], [ 101.669918007598767, 12.716565370164245 ], [ 101.670102031035981, 12.716563515565364 ], [ 101.67010014186603, 12.716382854880424 ], [ 101.670284165144352, 12.716381000181279 ], [ 101.670283220505354, 12.716290669851382 ], [ 101.669915174049478, 12.716294379095007 ], [ 101.669916118558632, 12.716384709452106 ], [ 101.66982410689404, 12.716385636690145 ], [ 101.669825051378027, 12.716475967053356 ], [ 101.669733039673702, 12.71647689426633 ], [ 101.669733984132492, 12.716567224635655 ], [ 101.669641972388462, 12.716568151823564 ], [ 101.669642916822056, 12.716658482199003 ], [ 101.669550905038292, 12.716659409361846 ], [ 101.66955279386238, 12.716840070124279 ], [ 101.669368770143222, 12.716841924381548 ], [ 101.669374436400332, 12.717383906734034 ], [ 101.669282424335123, 12.717384833855657 ], [ 101.669287146253552, 12.71783648583126 ], [ 101.669195134018779, 12.717837412955005 ], [ 101.669196078391792, 12.717927743354871 ], [ 101.669104066117285, 12.717928670453544 ], [ 101.669105010465103, 12.718019000859526 ], [ 101.669012998150876, 12.718019927933124 ], [ 101.669013942473498, 12.718110258345222 ], [ 101.668921930119552, 12.718111185393749 ], [ 101.668922874416978, 12.718201515811961 ], [ 101.668738849622358, 12.718203369826995 ], [ 101.66873979386213, 12.718293700258116 ], [ 101.66864778142147, 12.718294627224621 ], [ 101.668645893014101, 12.718113966348101 ], [ 101.668461868240811, 12.718115820158316 ], [ 101.668460924112949, 12.718025489705438 ], [ 101.668276899375542, 12.718027343374576 ], [ 101.668275955319857, 12.717937012907424 ], [ 101.668183942972718, 12.717937939687394 ], [ 101.668182998956752, 12.717847609212763 ], [ 101.668090986634823, 12.717848535954067 ], [ 101.668090042658577, 12.717758205471958 ], [ 101.667998030361844, 12.717759132174594 ], [ 101.667994254659348, 12.717397810212145 ], [ 101.667902242485184, 12.717398736855731 ], [ 101.667901298610161, 12.717308406356617 ], [ 101.667809286461193, 12.717309332961543 ], [ 101.667806454977097, 12.717038341439713 ], [ 101.667898467028706, 12.717037414855168 ], [ 101.667896579344031, 12.716856753850788 ], [ 101.667804567357351, 12.716857680421741 ], [ 101.667801735982181, 12.716586688889663 ], [ 101.667709724085597, 12.716587615408365 ], [ 101.66770878034086, 12.716497284889513 ], [ 101.667616768469472, 12.716498211369554 ], [ 101.667615824764454, 12.716407880843223 ], [ 101.667523812918276, 12.716408807284603 ], [ 101.667521925594897, 12.716228146216302 ], [ 101.667429913806387, 12.716229072612233 ], [ 101.667428026576957, 12.716048411527613 ], [ 101.667336014846086, 12.716049337878088 ], [ 101.667335071274721, 12.71595900732796 ], [ 101.667243059569046, 12.715959933639773 ], [ 101.6672421160374, 12.715869603082174 ], [ 101.667058092669166, 12.715871455596625 ], [ 101.667057149209683, 12.715781125024755 ], [ 101.666873125877331, 12.71578297739816 ], [ 101.666872182490025, 12.715692646812018 ], [ 101.666780170845414, 12.715693572944131 ], [ 101.666779227497813, 12.715603242350518 ], [ 101.666687215878397, 12.715604168443974 ], [ 101.666686272570502, 12.715513837842886 ], [ 101.666594260976296, 12.715514763897684 ], [ 101.666592374447191, 12.715334102679876 ], [ 101.666500362910625, 12.715335028689228 ], [ 101.666499419689416, 12.71524469807251 ], [ 101.666591431193524, 12.715243772069947 ], [ 101.666588601476093, 12.71497278023606 ], [ 101.666680612875581, 12.714971854222007 ], [ 101.666675896662738, 12.71452020118582 ], [ 101.666767907892719, 12.71451927517386 ], [ 101.666763191699047, 12.714067622154555 ], [ 101.666671180631312, 12.714068548132555 ], [ 101.66666835109956, 12.7137975562924 ], [ 101.666576340121921, 12.713798482218168 ], [ 101.666574453868606, 12.713617820974401 ], [ 101.666482442948606, 12.713618746854724 ], [ 101.666480556789196, 12.713438085594644 ], [ 101.666572567644295, 12.713437159727901 ], [ 101.666571624543039, 12.713346829103624 ], [ 101.666663635358447, 12.713345903211815 ], [ 101.666661749112805, 12.713165241974801 ], [ 101.66675375985605, 12.713164316064713 ], [ 101.666752816711664, 12.71307398545197 ], [ 101.666660806000863, 12.713074911355269 ], [ 101.666658919798763, 12.712894250114154 ], [ 101.666566909145601, 12.712895175972008 ], [ 101.666565966087873, 12.712804845343635 ], [ 101.666473955459907, 12.712805771162841 ], [ 101.666473012441898, 12.712715440526996 ], [ 101.666381001839113, 12.712716366307554 ], [ 101.666382887817505, 12.712897027592145 ], [ 101.666290877142586, 12.712897953354428 ], [ 101.666291820110217, 12.712988284002488 ], [ 101.666383830817594, 12.712987358233416 ], [ 101.666385716839528, 12.71316801951391 ], [ 101.66629370606725, 12.713168945296564 ], [ 101.666295592053316, 12.713349606587904 ], [ 101.666111570357202, 12.713351458084798 ], [ 101.666110627425454, 12.713261127425888 ], [ 101.665926605765208, 12.713262978781765 ], [ 101.665925662905607, 12.713172648108594 ], [ 101.665833652097049, 12.713173573731954 ], [ 101.66583459492422, 12.713263904411914 ], [ 101.665558562357688, 12.713266681111218 ], [ 101.665559505094762, 12.713357011810864 ], [ 101.665283472365601, 12.713359788243803 ], [ 101.665284415012593, 12.713450118963131 ], [ 101.664916371142368, 12.713453820454843 ], [ 101.66491731366682, 12.713544151200631 ], [ 101.664549269550761, 12.713547852209743 ], [ 101.664550211952658, 12.713638182981997 ], [ 101.664274178692125, 12.713640958424664 ], [ 101.664275121003925, 12.713731289216597 ], [ 101.664091098729088, 12.713733139365978 ], [ 101.664092040983249, 12.713823470170796 ], [ 101.663723996216774, 12.713827170114374 ], [ 101.663724938348381, 12.713917500945648 ], [ 101.663540915856743, 12.713919350739841 ], [ 101.663539973790037, 12.713829019895005 ], [ 101.663355951334282, 12.713830869548193 ], [ 101.663356893336115, 12.713921200406597 ], [ 101.663264882064908, 12.713922125192182 ], [ 101.663265824041531, 12.71401245605669 ], [ 101.662713756067475, 12.714018004141828 ], [ 101.662714697856643, 12.714108335046346 ], [ 101.662162629427002, 12.714113882025179 ], [ 101.662163571028714, 12.714204212969694 ], [ 101.661427479123859, 12.71421160721148 ], [ 101.661426537781765, 12.714121276212728 ], [ 101.661334526293516, 12.714122200342796 ], [ 101.661333584991112, 12.714031869336587 ], [ 101.661241573528059, 12.714032793428016 ], [ 101.661239691009868, 12.713852131399996 ], [ 101.661147679604483, 12.713853055446009 ], [ 101.661145797180168, 12.7136723934017 ], [ 101.661053785832436, 12.713673317402298 ], [ 101.661052844663601, 12.713582986372343 ], [ 101.660960833341065, 12.713583910334304 ], [ 101.660959892211906, 12.713493579296891 ], [ 101.660867880914594, 12.713494503220213 ], [ 101.660872586470546, 12.713946158434345 ], [ 101.660964597930104, 12.713945234477139 ], [ 101.660968362635018, 12.714306558609049 ], [ 101.660784339449052, 12.714308406545818 ], [ 101.660785280578466, 12.71439873759064 ], [ 101.660141198972312, 12.714405204413115 ], [ 101.660139317175009, 12.71422454222793 ], [ 101.659863282287034, 12.714227313204697 ], [ 101.659862341496591, 12.714136982090755 ], [ 101.659678318266657, 12.714138829235743 ], [ 101.659679258992185, 12.714229160363235 ], [ 101.659771270643233, 12.714228236799896 ], [ 101.659774092960632, 12.714499230157946 ], [ 101.659866104701791, 12.714498306542426 ], [ 101.65987269058958, 12.715130624306566 ], [ 101.65978067862126, 12.715131547969508 ], [ 101.659782560303725, 12.715312210195234 ], [ 101.659690548263242, 12.715313133839857 ], [ 101.659695252433835, 12.715764789426098 ], [ 101.659603240223859, 12.715765713072726 ], [ 101.659607003560808, 12.716127037556522 ], [ 101.659514991213754, 12.716127961198378 ], [ 101.659516872860749, 12.716308623449731 ], [ 101.659424860441547, 12.716309547073264 ], [ 101.659425801243458, 12.716399878204687 ], [ 101.659333788784551, 12.716400801803124 ], [ 101.659334729561223, 12.716491132940639 ], [ 101.659242717062654, 12.716492056513985 ], [ 101.659243657814102, 12.716582387657589 ], [ 101.659059632730319, 12.71658423472222 ], [ 101.6590605734241, 12.716674565878685 ], [ 101.658876548246425, 12.716676412829392 ], [ 101.658878429525871, 12.716857075167361 ], [ 101.658786416861275, 12.716857998608456 ], [ 101.658788298104739, 12.717038660957238 ], [ 101.658696285367981, 12.717039584380004 ], [ 101.658697225968112, 12.717129915560141 ], [ 101.658513200407981, 12.717131762323611 ], [ 101.65851414095043, 12.717222093516606 ], [ 101.658422128127043, 12.717223016857307 ], [ 101.658423068644268, 12.717313348056397 ], [ 101.65833105578119, 12.717314271371997 ], [ 101.658331996273191, 12.717404602577171 ], [ 101.658147970460419, 12.717406449126303 ], [ 101.658148910894738, 12.717496780344334 ], [ 101.65796488498809, 12.717498626779529 ], [ 101.657965825364727, 12.717588958010417 ], [ 101.65778179936423, 12.717590804331667 ], [ 101.657780859052522, 12.717500473087242 ], [ 101.657596833088022, 12.717502319267474 ], [ 101.6575977733348, 12.717592650525436 ], [ 101.657413747276436, 12.717594496591722 ], [ 101.657414687465533, 12.717684827862538 ], [ 101.657138648226379, 12.717687596743238 ], [ 101.657139588325322, 12.717777928033678 ], [ 101.656955562064795, 12.717779773808322 ], [ 101.656953682003973, 12.717599111199702 ], [ 101.656861668927775, 12.717600034025688 ], [ 101.656862608922111, 12.717690365337104 ], [ 101.656770595806236, 12.717691288137985 ], [ 101.656771535775349, 12.717781619455488 ], [ 101.656679522619754, 12.717782542231262 ], [ 101.656678582683114, 12.717692210906995 ], [ 101.656494556415211, 12.717694056349398 ], [ 101.656493616550719, 12.717603725010914 ], [ 101.656217577191995, 12.717606492915193 ], [ 101.656216637432109, 12.717516161555729 ], [ 101.656032611221747, 12.717518006652368 ], [ 101.656031671534009, 12.717427675278691 ], [ 101.655939658450436, 12.71742859777244 ], [ 101.655938718802403, 12.717338266391318 ], [ 101.655570666525676, 12.717341956020549 ], [ 101.655569727014708, 12.717251624611693 ], [ 101.655477713959911, 12.717252546932562 ], [ 101.655473956118144, 12.716891221263246 ], [ 101.655381943185958, 12.716892143525195 ], [ 101.655381003776043, 12.716801812099398 ], [ 101.655473016675771, 12.71680088984421 ], [ 101.655472077240617, 12.716710558424493 ], [ 101.655564090100668, 12.716709636144204 ], [ 101.655560332302514, 12.716348310485557 ], [ 101.655652345025487, 12.716347388200452 ], [ 101.655651405561571, 12.71625705679085 ], [ 101.655743418244867, 12.71625613448064 ], [ 101.655742478755712, 12.716165803077114 ], [ 101.655834491399318, 12.7161648807418 ], [ 101.655833551884939, 12.716074549344357 ], [ 101.655925564488854, 12.716073626983944 ], [ 101.655922745891701, 12.715802632807812 ], [ 101.655830733385159, 12.715803555147936 ], [ 101.655828854421443, 12.715622892346907 ], [ 101.655736841972583, 12.71562381464164 ], [ 101.655735902534005, 12.715533483233337 ], [ 101.655643890110369, 12.715534405489439 ], [ 101.655642950711496, 12.715444074073689 ], [ 101.655550938313084, 12.715444996291163 ], [ 101.655552817053149, 12.715625659135505 ], [ 101.655460804582589, 12.715626581334636 ], [ 101.655461743930999, 12.715716912762545 ], [ 101.655369731420762, 12.715717834936576 ], [ 101.655370670743963, 12.715808166370566 ], [ 101.655462683286657, 12.71580724418977 ], [ 101.655467380173292, 12.716258901315665 ], [ 101.655283354756122, 12.716260745713013 ], [ 101.655284294090208, 12.716351077149669 ], [ 101.65519228133833, 12.716351999307307 ], [ 101.655193220647192, 12.71644233075004 ], [ 101.655101207855623, 12.716443252882568 ], [ 101.65510214713926, 12.716533584331389 ], [ 101.654918121469521, 12.716535428514367 ], [ 101.654919060695462, 12.716625759976024 ], [ 101.654827047817307, 12.716626682026476 ], [ 101.65482798701801, 12.716717013494209 ], [ 101.654735974100163, 12.716717935519549 ], [ 101.654736913275642, 12.716808266993366 ], [ 101.654552887353361, 12.716810110961966 ], [ 101.65455476559616, 12.716990773934588 ], [ 101.654646778625832, 12.716989851952704 ], [ 101.654647717790525, 12.717080183431232 ], [ 101.654739730845435, 12.717079261410714 ], [ 101.654740670049804, 12.717169592881797 ], [ 101.654924696202883, 12.717167748731631 ], [ 101.654923756933584, 12.717077417274071 ], [ 101.655015769966809, 12.717076495157945 ], [ 101.655016709268565, 12.717166826608743 ], [ 101.655108722327043, 12.717165904453985 ], [ 101.65510966166849, 12.71725623589734 ], [ 101.655293687828646, 12.71725439147869 ], [ 101.655294627242242, 12.717344722907839 ], [ 101.655386640343949, 12.717343800643945 ], [ 101.655387579797235, 12.71743413206565 ], [ 101.655479592924166, 12.717433209763122 ], [ 101.65548053241713, 12.717523541177378 ], [ 101.655572545569314, 12.71752261883622 ], [ 101.655573485101968, 12.717612950243034 ], [ 101.655849524612492, 12.717610183008039 ], [ 101.655850464249752, 12.717700514393877 ], [ 101.655942477437932, 12.717699591911709 ], [ 101.655943417114884, 12.717789923290097 ], [ 101.656219456733439, 12.717787155632067 ], [ 101.65622039651501, 12.717877486989483 ], [ 101.656404422956157, 12.717875641711244 ], [ 101.656405362809878, 12.717965973054445 ], [ 101.656865428948507, 12.717961359267267 ], [ 101.656867309002251, 12.718142021883958 ], [ 101.657603414967411, 12.718134638058865 ], [ 101.657604355264837, 12.71822496931205 ], [ 101.6576963685104, 12.718224046183723 ], [ 101.657695428180517, 12.718133714937307 ], [ 101.658155494137489, 12.718129098851424 ], [ 101.658154553652537, 12.718038767638173 ], [ 101.658246566789771, 12.718037844332152 ], [ 101.65824562627958, 12.717947513124992 ], [ 101.658429652467419, 12.717945666430873 ], [ 101.658428711899546, 12.717855335236568 ], [ 101.658520724950151, 12.717854411848471 ], [ 101.658519784357054, 12.717764080660253 ], [ 101.658703810371634, 12.717762233801988 ], [ 101.658702869720855, 12.717671902626629 ], [ 101.658794882684816, 12.717670979156463 ], [ 101.658793942008813, 12.717580647987194 ], [ 101.658885954933083, 12.71757972449193 ], [ 101.658885014231856, 12.717489393328746 ], [ 101.659069039993781, 12.717487546256146 ], [ 101.659068099234858, 12.717397215105828 ], [ 101.659160112072499, 12.717396291528495 ], [ 101.65915917128838, 12.717305960384266 ], [ 101.659251184086315, 12.717305036781834 ], [ 101.659250243276958, 12.717214705643693 ], [ 101.659342256035202, 12.717213782016167 ], [ 101.659341315200635, 12.717123450884115 ], [ 101.659433327919174, 12.717122527231492 ], [ 101.659432387059383, 12.71703219610553 ], [ 101.659524399738245, 12.717031272427812 ], [ 101.659523458853215, 12.716940941307943 ], [ 101.659615471492373, 12.716940017605125 ], [ 101.659614530582147, 12.716849686491345 ], [ 101.659706543181599, 12.716848762763437 ], [ 101.659704661317917, 12.716668100547375 ], [ 101.659796673845221, 12.716667176801145 ], [ 101.65979573289178, 12.716576845698862 ], [ 101.659887745379393, 12.716575921927538 ], [ 101.659886804400728, 12.716485590831351 ], [ 101.65997881684865, 12.71648466703493 ], [ 101.659976934848146, 12.716304004854052 ], [ 101.660068947223891, 12.716303081039317 ], [ 101.660068006202039, 12.716212749954627 ], [ 101.660160018538107, 12.716211826114796 ], [ 101.660159077491045, 12.716121495036202 ], [ 101.660251089787408, 12.716120571171277 ], [ 101.660249207650068, 12.715939909025588 ], [ 101.660341219874283, 12.715938985142351 ], [ 101.660339337701004, 12.715758323007476 ], [ 101.66043134985307, 12.715757399105923 ], [ 101.66043040874483, 12.715667068044237 ], [ 101.660522420857205, 12.715666144117597 ], [ 101.660521479723755, 12.715575813062001 ], [ 101.660613491796425, 12.715574889110272 ], [ 101.660612550637765, 12.715484558060774 ], [ 101.660704562670745, 12.715483634083956 ], [ 101.66070362148686, 12.715393303040544 ], [ 101.660979657444983, 12.715390530939226 ], [ 101.660986246565741, 12.716022848086423 ], [ 101.661078258764476, 12.716021923941483 ], [ 101.661082024265482, 12.716383247983462 ], [ 101.661174036586814, 12.716382323779543 ], [ 101.661178743788327, 12.71683397878277 ], [ 101.661270756264699, 12.716833054513097 ], [ 101.661271697759176, 12.716923385504915 ], [ 101.661639747722049, 12.716919688080429 ], [ 101.661638806097727, 12.716829357115722 ], [ 101.661730818537876, 12.716828432686711 ], [ 101.661728935246046, 12.716647770768809 ], [ 101.661820947614032, 12.716646846321481 ], [ 101.661820005946524, 12.716556515368284 ], [ 101.661635981268233, 12.716558364217509 ], [ 101.661635039672873, 12.716468033250072 ], [ 101.661543027355322, 12.716468957620105 ], [ 101.661539261176202, 12.71610763371641 ], [ 101.661631273363938, 12.716106709373491 ], [ 101.66162562411786, 12.715564723538138 ], [ 101.661533612124842, 12.715565647840384 ], [ 101.661532670641634, 12.71547531685866 ], [ 101.661440658673854, 12.715476241122262 ], [ 101.661439717230337, 12.715385910133071 ], [ 101.661347705287753, 12.71538683435803 ], [ 101.661346763883941, 12.715296503361381 ], [ 101.661162740041945, 12.715298351702153 ], [ 101.661160857385866, 12.715117689679696 ], [ 101.661252869245587, 12.715116765538799 ], [ 101.661250986553569, 12.71493610352716 ], [ 101.661711045418926, 12.714931482412494 ], [ 101.661710103921521, 12.714841151439543 ], [ 101.661802115640413, 12.714840227127796 ], [ 101.661803057170275, 12.71493055809397 ], [ 101.661895068914376, 12.714929633743582 ], [ 101.66189412735207, 12.714839302784194 ], [ 101.661986139056467, 12.71483837840872 ], [ 101.661985197468937, 12.714748047455423 ], [ 101.662353244084287, 12.714744349662029 ], [ 101.662352302374202, 12.714654018735171 ], [ 101.662536325573484, 12.714652169660861 ], [ 101.662535383805746, 12.71456183874688 ], [ 101.662811418452989, 12.714559064916786 ], [ 101.662810476595141, 12.714468734022466 ], [ 101.663086511079797, 12.714465959925958 ], [ 101.663085569131852, 12.714375629051302 ], [ 101.663821660512397, 12.714368230112957 ], [ 101.663820718312081, 12.714277899291885 ], [ 101.664096752362823, 12.71427512418464 ], [ 101.664095810072411, 12.714184793383238 ], [ 101.66446385524209, 12.714181092821329 ], [ 101.664462912829123, 12.714090762046382 ], [ 101.664738946532893, 12.714087986310769 ], [ 101.664738004029815, 12.713997655555497 ], [ 101.664922026397846, 12.713995804919358 ], [ 101.664921083837143, 12.713905474176981 ], [ 101.665105106111241, 12.713903623426969 ], [ 101.665104163492884, 12.713813292697484 ], [ 101.665472207824251, 12.713809590842295 ], [ 101.665471265083355, 12.713719260139277 ], [ 101.666023331168091, 12.713713706441427 ], [ 101.666024274103691, 12.71380403710371 ], [ 101.666208296138791, 12.713802185602635 ], [ 101.666212068213326, 12.714163508190627 ], [ 101.666120057069605, 12.714164433984253 ], [ 101.666122886104347, 12.714435425938444 ], [ 101.66603087485602, 12.714436351720579 ], [ 101.666031817849657, 12.7145266823774 ], [ 101.665939806561624, 12.714527608134464 ], [ 101.665949236572587, 12.715430914733 ], [ 101.666041248185138, 12.71542998890804 ], [ 101.666045020522503, 12.715791311501169 ], [ 101.666137032257623, 12.715790385617183 ], [ 101.666138918534742, 12.715971046896067 ], [ 101.666230930327515, 12.715970120966636 ], [ 101.666231873509432, 12.716060451598265 ], [ 101.666415897138108, 12.716058599630227 ], [ 101.666416840392174, 12.71614893024759 ], [ 101.666508852228091, 12.716148004208982 ], [ 101.666509795521876, 12.716238334818872 ], [ 101.666693819236841, 12.716236482632473 ], [ 101.666694762602802, 12.716326813228095 ], [ 101.666786774481849, 12.716325887080306 ], [ 101.666787717887516, 12.716416217668456 ], [ 101.666879729791773, 12.716415291482006 ], [ 101.666880673237145, 12.716505622062682 ], [ 101.666972685166584, 12.716504695837576 ], [ 101.666973628651689, 12.716595026410774 ], [ 101.667157652553726, 12.716593173851374 ], [ 101.667158596110994, 12.716683504410302 ], [ 101.667250608083577, 12.716682578076011 ], [ 101.667251551680565, 12.716772908627467 ], [ 101.667343563678344, 12.716771982254512 ], [ 101.667344507315036, 12.716862312798492 ], [ 101.667436519338025, 12.716861386386876 ], [ 101.667437463014437, 12.716951716923379 ], [ 101.667345450959004, 12.716952643341788 ], [ 101.667348281934437, 12.717223634967571 ], [ 101.66725626977437, 12.717224561374492 ], [ 101.667257213414899, 12.717314891921847 ], [ 101.667165201215113, 12.717315818303689 ], [ 101.667166144830446, 12.717406148857155 ], [ 101.66707413259094, 12.71740707521392 ], [ 101.667075076181092, 12.717497405773495 ], [ 101.666983063901867, 12.717498332105187 ], [ 101.666984951038998, 12.717678993235868 ], [ 101.666892938687596, 12.717679919549273 ], [ 101.666894825788845, 12.717860580690809 ], [ 101.666802813365265, 12.717861506985928 ], [ 101.666807531083123, 12.718313159861768 ], [ 101.666899543669004, 12.718312233532687 ], [ 101.666902374484209, 12.718583225229617 ], [ 101.66699438716023, 12.71858229884829 ], [ 101.66699533081227, 12.718672629405775 ], [ 101.667179356207441, 12.718670776533918 ], [ 101.667180299931687, 12.718761107077132 ], [ 101.667272312650837, 12.718760180586605 ], [ 101.667273256414788, 12.718850511122348 ], [ 101.667365269159163, 12.718849584593151 ], [ 101.667366212962833, 12.718939915121416 ], [ 101.667550238494712, 12.718938061953819 ], [ 101.667551182370573, 12.719028392467811 ], [ 101.667643195158078, 12.719027465829411 ], [ 101.667644139073673, 12.719117796335928 ], [ 101.667920177490018, 12.719115016209102 ], [ 101.667921121510261, 12.719205346694547 ], [ 101.668197159958666, 12.719202566260474 ], [ 101.668198104083544, 12.719292896724854 ], [ 101.668842193769549, 12.719286407882199 ], [ 101.668841249417397, 12.719196077465392 ], [ 101.669025274911675, 12.71919422323708 ], [ 101.66902433050187, 12.719103892833186 ], [ 101.669116343205644, 12.719102965678015 ], [ 101.669115398770643, 12.71901263528023 ], [ 101.669207411434684, 12.719011708099986 ], [ 101.669206466974501, 12.718921377708316 ], [ 101.669298479598808, 12.718920450502997 ], [ 101.669297535113415, 12.718830120117444 ], [ 101.669389547698003, 12.71882919288705 ] ], [ [ 101.667820613051049, 12.718393298987365 ], [ 101.667912625589537, 12.718392372300904 ], [ 101.667911681634664, 12.718302041809308 ], [ 101.668003694133418, 12.718301115097773 ], [ 101.668004638120777, 12.718391445582576 ], [ 101.668096650644742, 12.718390518832374 ], [ 101.668097594671806, 12.718480849309698 ], [ 101.668189607220981, 12.71847992252083 ], [ 101.668190551287779, 12.718570252990677 ], [ 101.668282563862149, 12.718569326163141 ], [ 101.668285396203473, 12.718840317548198 ], [ 101.66810137085271, 12.718842171212168 ], [ 101.668100426796585, 12.718751840737575 ], [ 101.667824388813358, 12.718754620974105 ], [ 101.667823444861881, 12.718664290478445 ], [ 101.667731432218758, 12.718665217153417 ], [ 101.667729544402519, 12.718484556146459 ], [ 101.66763753181705, 12.718485482775966 ], [ 101.667636587952273, 12.718395152264668 ], [ 101.667728600505299, 12.718394225641953 ], [ 101.667727656615327, 12.718303895136767 ], [ 101.667819669128619, 12.718302968488972 ], [ 101.667820613051049, 12.718393298987365 ] ], [ [ 101.665667511377677, 12.732508031657117 ], [ 101.665666567134892, 12.732417701095571 ], [ 101.66557454937309, 12.732418628005631 ], [ 101.665573605170067, 12.732328297436613 ], [ 101.665389569689694, 12.732330151147426 ], [ 101.665388625558919, 12.73223982056415 ], [ 101.665480643270243, 12.732238893731486 ], [ 101.665477810823958, 12.731967901997917 ], [ 101.665385793210149, 12.731968828810214 ], [ 101.665383905013911, 12.731788167637506 ], [ 101.66529188745784, 12.73178909440432 ], [ 101.665290943403107, 12.731698763810153 ], [ 101.665014890788854, 12.731701543898792 ], [ 101.665012058960656, 12.731430552051085 ], [ 101.665104076408511, 12.731429625407147 ], [ 101.665103132447783, 12.731339294796664 ], [ 101.665011115032442, 12.731340221433822 ], [ 101.665009227197757, 12.731159560197231 ], [ 101.664917209840169, 12.731160486788909 ], [ 101.664916265966198, 12.731070156162801 ], [ 101.664824248633835, 12.731071082715786 ], [ 101.664822360972678, 12.730890421447942 ], [ 101.664638326416167, 12.730892274431049 ], [ 101.664634551440869, 12.730530951832865 ], [ 101.664542534281722, 12.730531878249414 ], [ 101.66454064690258, 12.73035121693265 ], [ 101.664448629801186, 12.730352143303724 ], [ 101.664446742516049, 12.730171481970649 ], [ 101.664354725472379, 12.730172408296246 ], [ 101.664353781873174, 12.730082077621901 ], [ 101.664261764854743, 12.730083003908812 ], [ 101.664260821295301, 12.729992673226993 ], [ 101.664076787301667, 12.729994525691536 ], [ 101.664077730796123, 12.730084856386926 ], [ 101.663893696708485, 12.730086708737433 ], [ 101.663897470498881, 12.73044803156643 ], [ 101.663989487676304, 12.730447105379989 ], [ 101.663991374680009, 12.730627766776818 ], [ 101.664083391915156, 12.730626840544904 ], [ 101.664084335460402, 12.730717171235504 ], [ 101.664176352720787, 12.730716244964903 ], [ 101.664177296305766, 12.730806575648037 ], [ 101.664269313591419, 12.730805649338741 ], [ 101.664270257216131, 12.730895980014409 ], [ 101.664362274527022, 12.730895053666426 ], [ 101.664363218191497, 12.730985384334618 ], [ 101.664455235527626, 12.730984457947944 ], [ 101.664456179231848, 12.731074788608671 ], [ 101.664364161863219, 12.731075715002131 ], [ 101.66436604922842, 12.731256376335104 ], [ 101.66445806666205, 12.731255449928069 ], [ 101.664459010388029, 12.731345780586743 ], [ 101.664551027846898, 12.731344854141021 ], [ 101.664552915385613, 12.731525515442742 ], [ 101.66464493290222, 12.731524588951542 ], [ 101.664645876714971, 12.731614919594589 ], [ 101.664829911791429, 12.731613066502895 ], [ 101.664830855676414, 12.731703397131689 ], [ 101.664922873236264, 12.731702470531191 ], [ 101.664927592932514, 12.732154123630954 ], [ 101.665019610647605, 12.732153196964616 ], [ 101.665020554641117, 12.732243527575731 ], [ 101.665204590114541, 12.732241674133755 ], [ 101.665205534180302, 12.732332004730608 ], [ 101.665297551938622, 12.732331077954974 ], [ 101.665298496044144, 12.732421408544356 ], [ 101.665206478253324, 12.732422335326781 ], [ 101.665210254617989, 12.732783657704625 ], [ 101.66530227253881, 12.732782730895043 ], [ 101.665304160829692, 12.732963392066281 ], [ 101.665396178808265, 12.732962465211218 ], [ 101.665398067193152, 12.733143126366148 ], [ 101.665490085229479, 12.733142199465597 ], [ 101.665491029465315, 12.733232530035245 ], [ 101.665859101668076, 12.73322882208678 ], [ 101.665858157302225, 12.73313849154429 ], [ 101.665950175302271, 12.733137564484187 ], [ 101.665949230911167, 12.733047233947802 ], [ 101.666041248871451, 12.73304630686258 ], [ 101.666039360046042, 12.732865645801335 ], [ 101.665947342150773, 12.732866572872975 ], [ 101.665944509064587, 12.732595581255611 ], [ 101.665760473447264, 12.732597435262425 ], [ 101.665759529164717, 12.732507104708358 ], [ 101.665667511377677, 12.732508031657117 ] ], [ [ 101.668274443262447, 12.682523720410341 ], [ 101.668270677977986, 12.682162397573569 ], [ 101.668178678494598, 12.682163321790014 ], [ 101.668177737223985, 12.682072991072323 ], [ 101.668085737765708, 12.682073915250196 ], [ 101.668083855310982, 12.681893253799181 ], [ 101.667991855910174, 12.68189417793169 ], [ 101.667990914726047, 12.681803847198367 ], [ 101.667898915350335, 12.681804771292304 ], [ 101.667897974205843, 12.681714440551506 ], [ 101.667805974855241, 12.681715364606871 ], [ 101.667804092652744, 12.681534703109644 ], [ 101.667712093359597, 12.681535627119645 ], [ 101.667711152301592, 12.681445296363215 ], [ 101.667619153033542, 12.681446220334649 ], [ 101.667618212015157, 12.681355889570744 ], [ 101.667342214264565, 12.681358661274013 ], [ 101.667343155185876, 12.681448992058295 ], [ 101.66725115588882, 12.681449915902625 ], [ 101.66725209678502, 12.681540246693018 ], [ 101.667160097448331, 12.681541170512366 ], [ 101.667162920083399, 12.681812162899835 ], [ 101.667254919517163, 12.681811239060114 ], [ 101.667255860442395, 12.681901569847779 ], [ 101.667439859352868, 12.681899722059422 ], [ 101.667441741354537, 12.682080383605543 ], [ 101.667533740863632, 12.682079459650113 ], [ 101.667535622959051, 12.682260121179926 ], [ 101.667627622525586, 12.682259197179132 ], [ 101.667629504714753, 12.68243985869263 ], [ 101.667721504338772, 12.68243893464647 ], [ 101.667722445476585, 12.682529265395406 ], [ 101.667906444767567, 12.682527417194166 ], [ 101.667907385977387, 12.682617747928832 ], [ 101.668091385304066, 12.682615899586889 ], [ 101.668095150474798, 12.68297722246438 ], [ 101.668187150256699, 12.682976298218566 ], [ 101.668188091599902, 12.68306662892944 ], [ 101.668464090999151, 12.683063855980922 ], [ 101.668465032446676, 12.683154186670732 ], [ 101.668649032074626, 12.683152337865891 ], [ 101.668647149057335, 12.682971676512775 ], [ 101.66873914879568, 12.68297075207628 ], [ 101.668738207265577, 12.682880421405493 ], [ 101.66864620755959, 12.682881345835195 ], [ 101.668645266069092, 12.68279101515693 ], [ 101.668553266388216, 12.682791939548057 ], [ 101.668552324937352, 12.682701608862317 ], [ 101.668184326270662, 12.682705306081846 ], [ 101.668182443649613, 12.682524644653965 ], [ 101.668274443262447, 12.682523720410341 ] ], [ [ 101.670909805124651, 12.688188649935388 ], [ 101.670908862428746, 12.688098319460513 ], [ 101.670816861012327, 12.688099245015618 ], [ 101.670814975707088, 12.687918584050221 ], [ 101.670722974348152, 12.687919509559933 ], [ 101.670722031738805, 12.687829179069412 ], [ 101.670630030404979, 12.687830104540526 ], [ 101.670628145272858, 12.687649443543837 ], [ 101.670444142712896, 12.687651294363489 ], [ 101.670445085210588, 12.687741624875779 ], [ 101.67026108255682, 12.687743475581861 ], [ 101.670262024997015, 12.687833806107067 ], [ 101.670170023626852, 12.687834731419223 ], [ 101.670170966041937, 12.687925061950546 ], [ 101.67007896463214, 12.687925987237708 ], [ 101.6700799070221, 12.688016317775148 ], [ 101.669987905572668, 12.688017243037317 ], [ 101.669988847937503, 12.688107573580876 ], [ 101.669896846448424, 12.688108498818048 ], [ 101.669897788788177, 12.688198829367725 ], [ 101.669805787259449, 12.688199754579903 ], [ 101.669807671895953, 12.688380415690808 ], [ 101.66999167507565, 12.688378565207458 ], [ 101.669993559870719, 12.68855922628844 ], [ 101.670085561514426, 12.688558300985475 ], [ 101.670086503955247, 12.688648631518143 ], [ 101.670178505624065, 12.688647706176587 ], [ 101.67017944810452, 12.688738036701771 ], [ 101.670271449798463, 12.68873711132162 ], [ 101.670272392318552, 12.688827441839322 ], [ 101.670364394037605, 12.688826516420576 ], [ 101.670366279164355, 12.689007177440342 ], [ 101.670458280940906, 12.689006251976201 ], [ 101.670459223547553, 12.689096582478259 ], [ 101.670643227143628, 12.689094731440987 ], [ 101.670642284472194, 12.689004400952529 ], [ 101.670826287974435, 12.689002549801677 ], [ 101.670825345245532, 12.68891221932614 ], [ 101.671009348653939, 12.688910368061709 ], [ 101.671007463088401, 12.688729707135797 ], [ 101.67109946471696, 12.688728781469491 ], [ 101.671096636326013, 12.688457790095912 ], [ 101.671004634794599, 12.68845871574181 ], [ 101.671001806566181, 12.688187724341688 ], [ 101.670909805124651, 12.688188649935388 ] ], [ [ 101.668861056932542, 12.703476722676822 ], [ 101.668860113786565, 12.703386392154078 ], [ 101.668952120845475, 12.703385466181619 ], [ 101.668951177674344, 12.703295135664993 ], [ 101.668859170647863, 12.703296061630653 ], [ 101.668857284392203, 12.703115400581749 ], [ 101.668765277423304, 12.703116326501982 ], [ 101.66876339126155, 12.702935665436764 ], [ 101.668671384350205, 12.702936591311571 ], [ 101.668669498282341, 12.702755930230023 ], [ 101.668577491428579, 12.702756856059413 ], [ 101.668575605454606, 12.702576194961541 ], [ 101.668483598658412, 12.702577120745504 ], [ 101.668481712778302, 12.702396459631313 ], [ 101.66838970603969, 12.702397385369853 ], [ 101.668388763142957, 12.70230705480494 ], [ 101.668204749708778, 12.702308906172942 ], [ 101.668203806884136, 12.702218575593754 ], [ 101.668111800188569, 12.702219501223215 ], [ 101.668108029092252, 12.70185817887246 ], [ 101.668016022519097, 12.70185910444291 ], [ 101.66801507979558, 12.70176877384672 ], [ 101.667923073247579, 12.701769699378547 ], [ 101.667921187887174, 12.701589038170532 ], [ 101.667829181396726, 12.701589963656945 ], [ 101.667826353507806, 12.701318971819418 ], [ 101.667366321433008, 12.701323598672159 ], [ 101.667367263893311, 12.701413929319315 ], [ 101.667275257424166, 12.701414854601174 ], [ 101.667277142301742, 12.701595515907034 ], [ 101.667369148835718, 12.701594590611586 ], [ 101.667370091317807, 12.701684921256698 ], [ 101.667462097876935, 12.701683995922634 ], [ 101.667463040398701, 12.701774326560267 ], [ 101.667555046982997, 12.701773401187582 ], [ 101.667558817272294, 12.702134723704125 ], [ 101.667650823978988, 12.702133798272436 ], [ 101.667651766601878, 12.702224128893073 ], [ 101.668019793485755, 12.702220426820846 ], [ 101.668020736245566, 12.702310757413622 ], [ 101.667928729503075, 12.70231168298622 ], [ 101.667931557728821, 12.702582674780841 ], [ 101.667839550881808, 12.702583600341992 ], [ 101.667840493605837, 12.702673930945625 ], [ 101.667748486719134, 12.702674856481737 ], [ 101.667750372124118, 12.702855517700554 ], [ 101.667842379075651, 12.702854592150851 ], [ 101.667843321821437, 12.70294492275244 ], [ 101.667935328798123, 12.702943997164112 ], [ 101.667936271583599, 12.703034327758225 ], [ 101.668212292567347, 12.703031550781875 ], [ 101.66821323545733, 12.703121881354921 ], [ 101.668489256472981, 12.703119104071696 ], [ 101.66849208547832, 12.703390095725576 ], [ 101.668584092566263, 12.703389169880452 ], [ 101.668585035614981, 12.703479500423583 ], [ 101.668861056932542, 12.703476722676822 ] ], [ [ 101.668476585405003, 12.728324084556114 ], [ 101.66847469557996, 12.728143423790579 ], [ 101.668566711582187, 12.728142496178902 ], [ 101.668565766648072, 12.728052165801905 ], [ 101.668473750678331, 12.728053093406784 ], [ 101.668471860896886, 12.727872432637149 ], [ 101.668379844984855, 12.727873360196538 ], [ 101.668378900137512, 12.7277830298039 ], [ 101.668286884250719, 12.727783957324597 ], [ 101.668285939443138, 12.727693626924475 ], [ 101.668009891836618, 12.727696409274811 ], [ 101.668010836546742, 12.727786739695317 ], [ 101.667918820630888, 12.727787667088432 ], [ 101.667919765315787, 12.727877997515051 ], [ 101.667827749360185, 12.727878924883067 ], [ 101.667828694019875, 12.727969255315795 ], [ 101.667736678024525, 12.727970182658709 ], [ 101.667738567300688, 12.728150843535701 ], [ 101.66783058336101, 12.7281499161792 ], [ 101.667832472731206, 12.728330577039873 ], [ 101.667924488849252, 12.728329649637885 ], [ 101.667925433577736, 12.728419980060401 ], [ 101.668109465857, 12.728418125147142 ], [ 101.668110410657732, 12.728508455555382 ], [ 101.668202426818965, 12.728507528044112 ], [ 101.668208095970755, 12.729049510438424 ], [ 101.66830011231967, 12.729048582854482 ], [ 101.668301057236206, 12.729138913244343 ], [ 101.668393073610346, 12.729137985621703 ], [ 101.668394018566644, 12.729228316004088 ], [ 101.66876208412053, 12.729224605167355 ], [ 101.668761139034274, 12.729134274812157 ], [ 101.668945171702646, 12.729132419215986 ], [ 101.668940446055387, 12.728680767497719 ], [ 101.668848429887291, 12.728681695277768 ], [ 101.668846539744223, 12.728501034572076 ], [ 101.668754523633837, 12.728501962306636 ], [ 101.668753578605688, 12.728411631945967 ], [ 101.668661562520526, 12.728412559641827 ], [ 101.66866061753214, 12.728322229273678 ], [ 101.668476585405003, 12.728324084556114 ] ], [ [ 101.667491803549439, 12.730953869289321 ], [ 101.667490858780099, 12.730863538851983 ], [ 101.667398841715951, 12.730864466284707 ], [ 101.667396007548959, 12.730593474948206 ], [ 101.66702793960971, 12.730597184278546 ], [ 101.667028884194806, 12.730687514751907 ], [ 101.666752833066639, 12.730690296435052 ], [ 101.666756611089653, 12.731051618403148 ], [ 101.666848628269605, 12.731050691180167 ], [ 101.666849572825996, 12.731141021663689 ], [ 101.6669415900312, 12.73114009440201 ], [ 101.666943479230767, 12.731320755353417 ], [ 101.667035496493696, 12.731319828046249 ], [ 101.667036441136872, 12.731410158514134 ], [ 101.66712845842504, 12.731409231168266 ], [ 101.667129403107978, 12.731499561628677 ], [ 101.667221420421384, 12.731498634244112 ], [ 101.667223309874018, 12.73167929514929 ], [ 101.667315327245163, 12.731678367719235 ], [ 101.667318161576077, 12.731949359051491 ], [ 101.667410179037461, 12.731948431569146 ], [ 101.667411123861456, 12.732038762005072 ], [ 101.667503141348064, 12.73203783448403 ], [ 101.667504086211807, 12.732128164912472 ], [ 101.667688121228252, 12.732126309761073 ], [ 101.667687176299509, 12.73203597934622 ], [ 101.667871211221907, 12.732034124080782 ], [ 101.667868376284247, 12.731763132872873 ], [ 101.667960393637046, 12.731762205212675 ], [ 101.667954723762819, 12.731220222819159 ], [ 101.667678672267542, 12.731223005581718 ], [ 101.66767772741143, 12.731132675160017 ], [ 101.667585710264319, 12.731133602676934 ], [ 101.667583820638825, 12.730952941817897 ], [ 101.667491803549439, 12.730953869289321 ] ], [ [ 101.672809799181906, 12.702714234962629 ], [ 101.672901805701358, 12.702713307669024 ], [ 101.672900861187102, 12.702622977440098 ], [ 101.672992867666878, 12.702622050121468 ], [ 101.672989089552885, 12.702260729226166 ], [ 101.67289708320277, 12.702261656517567 ], [ 101.672894249790886, 12.701990665818501 ], [ 101.672802243530754, 12.701991593057651 ], [ 101.672800354690708, 12.701810932574579 ], [ 101.672708348488129, 12.701811859768286 ], [ 101.672706459741988, 12.701631199268869 ], [ 101.672614453596992, 12.70163212641714 ], [ 101.672613509267237, 12.701541796159601 ], [ 101.672521503147365, 12.701542723269233 ], [ 101.6725205588573, 12.701452393004203 ], [ 101.672428552762568, 12.701453320075208 ], [ 101.672427608512209, 12.701362989802689 ], [ 101.672335602442629, 12.701363916835058 ], [ 101.672333714028525, 12.701183256274366 ], [ 101.672241708016486, 12.701184183261297 ], [ 101.672238875547109, 12.700913192394722 ], [ 101.672146869625053, 12.700914119329408 ], [ 101.672145925515537, 12.700823789032382 ], [ 101.671777901884241, 12.700827496425656 ], [ 101.671779789851215, 12.701008157073463 ], [ 101.671687783860392, 12.701009083855826 ], [ 101.671692503742975, 12.701460735497426 ], [ 101.671784509895886, 12.701459808681046 ], [ 101.671787342009907, 12.701730799637396 ], [ 101.671879348252787, 12.701729872768775 ], [ 101.671880292337747, 12.701820203079391 ], [ 101.671972298605766, 12.701819276172136 ], [ 101.671975131001531, 12.702090267079472 ], [ 101.672067137359534, 12.702089340119976 ], [ 101.672069025724568, 12.702270000707845 ], [ 101.672161032140124, 12.70226907370291 ], [ 101.672166697604226, 12.702811055409299 ], [ 101.671982684376829, 12.702812909468996 ], [ 101.671983628581472, 12.702903239764614 ], [ 101.671891621924445, 12.70290416675352 ], [ 101.671890677752245, 12.702813836451103 ], [ 101.671522651181135, 12.702817544061203 ], [ 101.671521707145871, 12.702727213730881 ], [ 101.671429700517336, 12.702728140547025 ], [ 101.671432532547698, 12.70299913155635 ], [ 101.671340525814642, 12.703000058361075 ], [ 101.671341469806876, 12.703090388702952 ], [ 101.67124946303413, 12.70309131548265 ], [ 101.671251350975595, 12.703271976177962 ], [ 101.671159344130743, 12.703272902939434 ], [ 101.671160288079946, 12.703363233292867 ], [ 101.671620322393608, 12.703358599133187 ], [ 101.671619378282301, 12.703268268813767 ], [ 101.671987405472706, 12.703264560940259 ], [ 101.671986461238973, 12.703174230647372 ], [ 101.672538501611939, 12.703168667922977 ], [ 101.672537557190992, 12.703078337670238 ], [ 101.672629563861946, 12.703077410444902 ], [ 101.672627674977008, 12.702896749950989 ], [ 101.672719681575842, 12.702895822707434 ], [ 101.672718737111879, 12.702805492466261 ], [ 101.672810743671022, 12.702804565197681 ], [ 101.672809799181906, 12.702714234962629 ] ], [ [ 101.672142083846254, 12.726841672817342 ], [ 101.672050068582308, 12.72684260157771 ], [ 101.672049122515489, 12.726752271449573 ], [ 101.671681061516978, 12.726755986144886 ], [ 101.671682007453867, 12.726846316300239 ], [ 101.671497976846013, 12.726848173470147 ], [ 101.671498922725206, 12.726938503638427 ], [ 101.671406907377886, 12.726939432182343 ], [ 101.671410690837448, 12.72730075287584 ], [ 101.671502706314712, 12.727299824304705 ], [ 101.671503652230271, 12.727390154469562 ], [ 101.671595667732745, 12.727389225859733 ], [ 101.671596613688067, 12.727479556017105 ], [ 101.671688629215751, 12.727478627368574 ], [ 101.671690521213165, 12.727659287667656 ], [ 101.67178253679856, 12.727658358973624 ], [ 101.671784428890049, 12.72783901925636 ], [ 101.67187644453314, 12.727838090516821 ], [ 101.671879282822374, 12.728109080915383 ], [ 101.672155330000408, 12.728106294444144 ], [ 101.672154383799253, 12.728015964332389 ], [ 101.672246399478226, 12.728015035451659 ], [ 101.672245453251875, 12.727924705346023 ], [ 101.672429484523022, 12.727922847502482 ], [ 101.67242569943042, 12.727561527127561 ], [ 101.672333683928429, 12.727562456038056 ], [ 101.672330845282815, 12.727291465729264 ], [ 101.672238829871006, 12.727292394587449 ], [ 101.672236937541953, 12.727111734364554 ], [ 101.67214492218784, 12.72711266317723 ], [ 101.672142083846254, 12.726841672817342 ] ], [ [ 101.674008701388374, 12.746878192467642 ], [ 101.674007753088262, 12.746787862620824 ], [ 101.673915730770162, 12.746788793460317 ], [ 101.673914782509883, 12.746698463606005 ], [ 101.67382276021705, 12.746699394406743 ], [ 101.673819915577525, 12.74642840481927 ], [ 101.673727893375016, 12.74642933556763 ], [ 101.673725997050141, 12.746248675825601 ], [ 101.673633974905428, 12.746249606528401 ], [ 101.673633026786447, 12.746159276649546 ], [ 101.673356960406267, 12.746162068545853 ], [ 101.673355064385376, 12.745981408745237 ], [ 101.673447086454303, 12.745980478158698 ], [ 101.673445190397445, 12.745799818368962 ], [ 101.673353168393589, 12.745800748941882 ], [ 101.673351272430921, 12.745620089135782 ], [ 101.673259250484861, 12.745621019663151 ], [ 101.673257354616396, 12.745440359840691 ], [ 101.673073310832564, 12.745442220772357 ], [ 101.673072362974324, 12.745351890846488 ], [ 101.672980341104036, 12.745352821257601 ], [ 101.672979393285601, 12.745262491324235 ], [ 101.672887371440552, 12.745263421696599 ], [ 101.67288547589061, 12.745082761814194 ], [ 101.672977497670573, 12.745081831455447 ], [ 101.672976549873965, 12.744991501520031 ], [ 101.672884528126531, 12.744992431871967 ], [ 101.672883580369742, 12.744902101929057 ], [ 101.672791558647575, 12.744903032242249 ], [ 101.672790610930605, 12.74481270229184 ], [ 101.67269858923369, 12.744813632566288 ], [ 101.672697641556525, 12.744723302608389 ], [ 101.67242157651971, 12.744726093219661 ], [ 101.67242726210624, 12.745268073079311 ], [ 101.672519283987668, 12.745267142866648 ], [ 101.672520231643418, 12.74535747283405 ], [ 101.672612253550099, 12.745356542582641 ], [ 101.672614148948512, 12.745537202501779 ], [ 101.672706170912988, 12.745536272204816 ], [ 101.672707118655651, 12.745626602156552 ], [ 101.672615096658646, 12.74562753246032 ], [ 101.672616044376042, 12.745717862418177 ], [ 101.67270806640559, 12.745716932107598 ], [ 101.672709961927282, 12.74589759200764 ], [ 101.672801984014626, 12.745896661651507 ], [ 101.672803879630521, 12.746077321535193 ], [ 101.672895901775661, 12.746076391133499 ], [ 101.672896849627065, 12.74616672106751 ], [ 101.672988871797457, 12.746165790627064 ], [ 101.672989819688681, 12.746256120553578 ], [ 101.673081841884326, 12.746255190074381 ], [ 101.673082789815368, 12.746345519993405 ], [ 101.673174812036294, 12.746344589475457 ], [ 101.673178603963365, 12.746705909117459 ], [ 101.673270626307144, 12.746704978540334 ], [ 101.673271574339665, 12.746795308442312 ], [ 101.673363596708711, 12.746794377826433 ], [ 101.67336549286064, 12.746975037614719 ], [ 101.673457515287495, 12.746974106953274 ], [ 101.673460359667587, 12.747245096610142 ], [ 101.673552382184781, 12.747244165896321 ], [ 101.673554278539669, 12.747424825650516 ], [ 101.673922368795985, 12.747421102421313 ], [ 101.673921420484746, 12.747330772571798 ], [ 101.674013442998074, 12.747329841691441 ], [ 101.674012494661582, 12.747239511848052 ], [ 101.674104517135092, 12.747238580942563 ], [ 101.674102620418836, 12.747057921267347 ], [ 101.674194642819984, 12.747056990343532 ], [ 101.674193694440248, 12.746966660511712 ], [ 101.674101672071643, 12.746967591428715 ], [ 101.674100723731726, 12.746877261589393 ], [ 101.674008701388374, 12.746878192467642 ] ], [ [ 101.673193772836228, 12.748151187575866 ], [ 101.673101749964502, 12.748152118229987 ], [ 101.673100801887884, 12.748061788324664 ], [ 101.673008779041425, 12.748062718940032 ], [ 101.67300688297513, 12.747882059113717 ], [ 101.673098905756532, 12.747881128511969 ], [ 101.673097009654271, 12.747700468696532 ], [ 101.673004986937968, 12.747701399284663 ], [ 101.673004038930301, 12.747611069369107 ], [ 101.672912016239266, 12.747611999918483 ], [ 101.672911068271418, 12.747521669995434 ], [ 101.67254297756466, 12.747525391846233 ], [ 101.672542029734259, 12.747435061895272 ], [ 101.672726075037104, 12.747433201047379 ], [ 101.672724179267959, 12.747252541170626 ], [ 101.672448111498014, 12.747255332353705 ], [ 101.672449059281334, 12.747345662312847 ], [ 101.67226501399989, 12.747347522955447 ], [ 101.672265961725401, 12.747437852927513 ], [ 101.67217393904123, 12.747438783207699 ], [ 101.672174886741473, 12.747529113185893 ], [ 101.672082864017483, 12.747530043440941 ], [ 101.67208381169246, 12.747620373425253 ], [ 101.672359879940217, 12.74761758254385 ], [ 101.672360827720084, 12.747707912507055 ], [ 101.67226880494556, 12.747708842839613 ], [ 101.672269752700174, 12.747799172808939 ], [ 101.672177729885831, 12.747800103116351 ], [ 101.672181520846848, 12.748161423014041 ], [ 101.672273543791377, 12.748160492679403 ], [ 101.672274491582357, 12.748250822645305 ], [ 101.672642583417812, 12.748247100960043 ], [ 101.672643531346239, 12.748337430898033 ], [ 101.672367462382937, 12.748340222230324 ], [ 101.672369358066391, 12.748520882145094 ], [ 101.672461381126524, 12.748519951719329 ], [ 101.672463276904168, 12.748700611617744 ], [ 101.672647323132793, 12.748698750643143 ], [ 101.672646375175233, 12.748608420707894 ], [ 101.672738398246082, 12.748607490179477 ], [ 101.672737450263256, 12.74851716025035 ], [ 101.67292149631804, 12.748515299111283 ], [ 101.672920548277403, 12.748424969195083 ], [ 101.673104594237969, 12.748423107941839 ], [ 101.673103646139538, 12.748332778038572 ], [ 101.673287692005914, 12.748330916671149 ], [ 101.673286743849658, 12.748240586780817 ], [ 101.673194720952665, 12.748241517473694 ], [ 101.673193772836228, 12.748151187575866 ] ], [ [ 101.672733658404766, 12.748155840526985 ], [ 101.672732710458334, 12.748065510594433 ], [ 101.672916756187675, 12.748063649523445 ], [ 101.672917704199193, 12.748153979442382 ], [ 101.672733658404766, 12.748155840526985 ] ], [ [ 101.677171758717989, 12.715046739419638 ], [ 101.677170811746876, 12.714956409590878 ], [ 101.677262822342556, 12.714955479905848 ], [ 101.677261875346261, 12.714865150083218 ], [ 101.677537906992242, 12.714862360857415 ], [ 101.677536959905893, 12.714772031054558 ], [ 101.677812991388947, 12.714769241562459 ], [ 101.677812044212516, 12.714678911779382 ], [ 101.677904054659848, 12.714677981891777 ], [ 101.677903107458263, 12.71458765211483 ], [ 101.677811097043389, 12.714588581995612 ], [ 101.677809202726976, 12.714407922426034 ], [ 101.677717192369727, 12.714408852261316 ], [ 101.677713403954158, 12.714047533086672 ], [ 101.677621393719406, 12.714048462862818 ], [ 101.677619499620235, 12.713867803257756 ], [ 101.677527489443108, 12.713868732988399 ], [ 101.677524648446365, 12.713597743555225 ], [ 101.677432638359278, 12.713598673233557 ], [ 101.677429797525463, 12.713327683773775 ], [ 101.677337787528415, 12.71332861339979 ], [ 101.677334946857528, 12.713057623913395 ], [ 101.677242936950535, 12.7130585534871 ], [ 101.677241990107262, 12.712968223650117 ], [ 101.677149980225437, 12.712969153185146 ], [ 101.67714524628056, 12.712517503955887 ], [ 101.677053236553661, 12.712518433424973 ], [ 101.677050396371499, 12.712247443858761 ], [ 101.676958386734668, 12.712248373275537 ], [ 101.676956493381198, 12.712067713547677 ], [ 101.676864483801964, 12.712068642918963 ], [ 101.676865430442618, 12.712158972790052 ], [ 101.676681411197407, 12.712160831450694 ], [ 101.67668235778045, 12.712251161334734 ], [ 101.676406328760663, 12.712253949107243 ], [ 101.676407275253666, 12.712344279011049 ], [ 101.676315265533404, 12.712345208211655 ], [ 101.676316212001225, 12.712435538121593 ], [ 101.675948172917543, 12.712439254632738 ], [ 101.675949119262881, 12.712529584569253 ], [ 101.675765099612448, 12.712531442647322 ], [ 101.67576604590019, 12.712621772596783 ], [ 101.675582026155752, 12.712623630561058 ], [ 101.675582972385868, 12.712713960523466 ], [ 101.675490962470278, 12.712714889464632 ], [ 101.675491908675241, 12.71280521943317 ], [ 101.675399898719917, 12.712806148349294 ], [ 101.675401791086813, 12.712986808297943 ], [ 101.675217771024549, 12.712988666061879 ], [ 101.675219663290775, 12.713169326035047 ], [ 101.675127653183822, 12.713170254882856 ], [ 101.675129545414279, 12.71335091486692 ], [ 101.675037535235163, 12.713351843696499 ], [ 101.675039427429837, 12.713532503691448 ], [ 101.674947417178544, 12.713533432502793 ], [ 101.674948363254359, 12.713623762506057 ], [ 101.674856352963346, 12.713624691292354 ], [ 101.674857299013979, 12.713715021301747 ], [ 101.674765288683233, 12.713715950062999 ], [ 101.674766234708713, 12.713806280078519 ], [ 101.674674224338233, 12.713807208814721 ], [ 101.674675170338546, 12.71389753883637 ], [ 101.674583159928346, 12.713898467547528 ], [ 101.674584105903477, 12.713988797575308 ], [ 101.674492095453544, 12.713989726261413 ], [ 101.674494933325278, 12.714260716361082 ], [ 101.674402922770724, 12.714261645035762 ], [ 101.674403868710087, 12.714351975074431 ], [ 101.674495879297083, 12.71435104639294 ], [ 101.674497771262537, 12.714531706454602 ], [ 101.674589781907159, 12.714530777727626 ], [ 101.67459072793325, 12.71462110775062 ], [ 101.674682738603053, 12.714620178984973 ], [ 101.674683684668864, 12.714710509000472 ], [ 101.674775695363849, 12.71470958019615 ], [ 101.674776641469379, 12.714799910204155 ], [ 101.674960662902393, 12.714798052486305 ], [ 101.674961609080128, 12.714888382479998 ], [ 101.675053619818158, 12.714887453566471 ], [ 101.675055512260371, 12.715068113538187 ], [ 101.67523953384439, 12.715066255588289 ], [ 101.675241426445524, 12.71524691553002 ], [ 101.675425448130241, 12.715245057425419 ], [ 101.675426394506644, 12.715335387381634 ], [ 101.675518405370525, 12.715334458274727 ], [ 101.675519351786647, 12.715424788223441 ], [ 101.67561136267571, 12.715423859077855 ], [ 101.675612309131566, 12.715514189019075 ], [ 101.67579633095275, 12.715512330618683 ], [ 101.675797277480797, 12.71560266054559 ], [ 101.675889288412918, 12.715601731290784 ], [ 101.675890234980699, 12.715692061210195 ], [ 101.675982245937988, 12.715691131916712 ], [ 101.675983192545502, 12.715781461828621 ], [ 101.676075203527972, 12.71578053249646 ], [ 101.67607615017522, 12.715870862400868 ], [ 101.676168161182858, 12.715869933030028 ], [ 101.676169107869853, 12.715960262926936 ], [ 101.676261118902659, 12.715959333517416 ], [ 101.676262065629388, 12.71604966340683 ], [ 101.67635407668736, 12.71604873395863 ], [ 101.676355023453823, 12.716139063840544 ], [ 101.676723067742671, 12.716135345701824 ], [ 101.676722120846378, 12.716045015847177 ], [ 101.676814131867928, 12.716044086239654 ], [ 101.676812238032312, 12.71586342654194 ], [ 101.676904248981657, 12.715862496916186 ], [ 101.676902355110258, 12.715681837229377 ], [ 101.676994365987426, 12.715680907585392 ], [ 101.676988684353375, 12.715138928549461 ], [ 101.677080695028522, 12.715137998914519 ], [ 101.677079748082562, 12.715047669079624 ], [ 101.677171758717989, 12.715046739419638 ] ], [ [ 101.675959529542311, 12.713523213825825 ], [ 101.676051539713512, 12.713522284664037 ], [ 101.676049646804984, 12.713341624818991 ], [ 101.6763256770802, 12.713338837183386 ], [ 101.676324730539534, 12.713248507280282 ], [ 101.676416740584258, 12.713247578011513 ], [ 101.676413900908599, 12.712976588318549 ], [ 101.676505910848704, 12.712975659038372 ], [ 101.676504964272283, 12.712885329146168 ], [ 101.676688984065734, 12.712883470503879 ], [ 101.676689930707056, 12.712973800382448 ], [ 101.676873950536262, 12.712971941599097 ], [ 101.67687489724976, 12.713062271463352 ], [ 101.676966907185886, 12.713061342017076 ], [ 101.676969747467439, 12.713332331585285 ], [ 101.677061757493604, 12.713331402086698 ], [ 101.67706459793807, 12.713602391628301 ], [ 101.676972587814547, 12.713603321147344 ], [ 101.676973534611491, 12.713693651 ], [ 101.676697504099863, 12.713696439386418 ], [ 101.676696557400277, 12.713606109513314 ], [ 101.676604547247621, 12.713607038904923 ], [ 101.676601707289876, 12.713336049261059 ], [ 101.67650969722726, 12.713336978600362 ], [ 101.676512537087675, 12.713607968264673 ], [ 101.675868465764125, 12.713614472890878 ], [ 101.675869412171693, 12.713704802825324 ], [ 101.675777401921039, 12.713705731937017 ], [ 101.675776455545915, 12.713615401995758 ], [ 101.675684445320414, 12.713616331068783 ], [ 101.675683498985023, 12.713526001120021 ], [ 101.675591488784704, 12.713526930154371 ], [ 101.675587703645746, 12.713165610325245 ], [ 101.675771723779533, 12.713163752279202 ], [ 101.675769831123958, 12.712983092387796 ], [ 101.675861841115051, 12.712982163330619 ], [ 101.675863733835513, 12.713162823208394 ], [ 101.675955743884202, 12.713161894105728 ], [ 101.675959529542311, 12.713523213825825 ] ], [ [ 101.679123882767342, 12.71692413243804 ], [ 101.679122934961612, 12.716833802766867 ], [ 101.679030923830183, 12.716834733232412 ], [ 101.679029028305521, 12.716654073874372 ], [ 101.678937017231718, 12.716655004294404 ], [ 101.678935121801132, 12.71647434491998 ], [ 101.678843110784939, 12.716475275294501 ], [ 101.678840267791117, 12.716204286207271 ], [ 101.678748256864992, 12.71620521652946 ], [ 101.678746361637153, 12.716024557120912 ], [ 101.678654350768639, 12.716025487397593 ], [ 101.678652455634847, 12.715844827972662 ], [ 101.678560444823972, 12.715845758203834 ], [ 101.678559497300455, 12.715755428483526 ], [ 101.678467486514734, 12.715756358676012 ], [ 101.678466539030978, 12.715666028948196 ], [ 101.678282517502566, 12.715667889223935 ], [ 101.678281570091002, 12.715577559481789 ], [ 101.678097548598345, 12.715579419616436 ], [ 101.678098495945008, 12.715669749372219 ], [ 101.678006485155279, 12.715670679398569 ], [ 101.678008379805561, 12.715851338921725 ], [ 101.677916368943642, 12.715852268929851 ], [ 101.67791731624726, 12.71594259869722 ], [ 101.677825305345607, 12.715943528680301 ], [ 101.677828147202831, 12.716214517998781 ], [ 101.677736136196529, 12.716215447970454 ], [ 101.677738030739533, 12.716396107526331 ], [ 101.67764601966104, 12.716397037479776 ], [ 101.67764791416829, 12.716577697046553 ], [ 101.677555903017591, 12.716578626981775 ], [ 101.677556850249701, 12.716668956770956 ], [ 101.677464839059255, 12.716669886681132 ], [ 101.677467680701895, 12.71694087606503 ], [ 101.677375669406814, 12.716941805963794 ], [ 101.677376616603155, 12.71703213576388 ], [ 101.677284605268312, 12.717033065637597 ], [ 101.67728839399669, 12.717394384858371 ], [ 101.677564428368839, 12.717391595059798 ], [ 101.677565375666532, 12.717481924842824 ], [ 101.677841410070485, 12.717479134736974 ], [ 101.677842357472827, 12.717569464498863 ], [ 101.678118391908541, 12.717566674085742 ], [ 101.678119339415559, 12.717657003826483 ], [ 101.678211350912008, 12.717656073618221 ], [ 101.678212298458774, 12.717746403351459 ], [ 101.678396321494731, 12.717744542825679 ], [ 101.678397269113702, 12.717834872544588 ], [ 101.678673303710326, 12.717832081496441 ], [ 101.678674251433975, 12.717922411194204 ], [ 101.679594366606779, 12.717913105560658 ], [ 101.679593418558554, 12.717822775931129 ], [ 101.679501407106542, 12.717823706631069 ], [ 101.679499511096893, 12.717643047356308 ], [ 101.679407499702506, 12.717643978010734 ], [ 101.679404655840102, 12.71737298907299 ], [ 101.679312644535813, 12.717373919675074 ], [ 101.679309800836393, 12.717102930710704 ], [ 101.679217789622172, 12.717103861260451 ], [ 101.679215893923953, 12.716923201933804 ], [ 101.679123882767342, 12.71692413243804 ] ], [ [ 101.678661931595371, 12.716748125069955 ], [ 101.67856992045995, 12.716749055369345 ], [ 101.678568972863545, 12.716658725655872 ], [ 101.678476961753276, 12.716659655916574 ], [ 101.678476014196619, 12.716569326195595 ], [ 101.678660036344951, 12.716567465655967 ], [ 101.678661931595371, 12.716748125069955 ] ], [ [ 101.681805486571008, 12.718161747430472 ], [ 101.681804537721874, 12.718071417966842 ], [ 101.681988560448559, 12.718069554900667 ], [ 101.6819876115418, 12.717979225450014 ], [ 101.682171634174352, 12.717977362270025 ], [ 101.682170685209982, 12.717887032832348 ], [ 101.682354707748416, 12.717885169538542 ], [ 101.682353758726435, 12.717794840113843 ], [ 101.682445769952238, 12.717793908425968 ], [ 101.682444820905104, 12.717703579007422 ], [ 101.682628843269896, 12.71770171554973 ], [ 101.682627894165137, 12.717611386144158 ], [ 101.682719905304126, 12.717610454374345 ], [ 101.682718956174213, 12.717520124974921 ], [ 101.682902978365377, 12.717518261353348 ], [ 101.682902029177839, 12.717427931966908 ], [ 101.68281001811836, 12.717428863786793 ], [ 101.682809068970599, 12.717338534392836 ], [ 101.682717057936273, 12.717339466174025 ], [ 101.682716108828259, 12.71724913677255 ], [ 101.682624097819115, 12.717250068515035 ], [ 101.682623148750849, 12.717159739106046 ], [ 101.682531137766858, 12.717160670809834 ], [ 101.682529239717155, 12.71698001197614 ], [ 101.682437228790761, 12.716980943634399 ], [ 101.682436279809323, 12.716890614209692 ], [ 101.682344268908096, 12.716891545829254 ], [ 101.682342371032021, 12.716710886964128 ], [ 101.682250360188391, 12.71671181853816 ], [ 101.682248462406434, 12.716531159656634 ], [ 101.682156451620429, 12.71653209118514 ], [ 101.682154553932577, 12.716351432287217 ], [ 101.682062543204182, 12.716352363770193 ], [ 101.682061594403649, 12.716262034313379 ], [ 101.681969583700408, 12.716262965757659 ], [ 101.681968634939651, 12.716172636293324 ], [ 101.681692602883459, 12.716175430414497 ], [ 101.681693551546857, 12.71626575989932 ], [ 101.681785562271997, 12.716264828550631 ], [ 101.681787459685609, 12.716445487504563 ], [ 101.681879470468374, 12.716444556110352 ], [ 101.681886111873098, 12.717076862379759 ], [ 101.681794100863158, 12.717077793821783 ], [ 101.681795049631987, 12.717168123292934 ], [ 101.681611027525292, 12.71716998609504 ], [ 101.681611976236525, 12.717260315579168 ], [ 101.68124393180571, 12.717264040828288 ], [ 101.681244880394402, 12.717354370339047 ], [ 101.681060858070282, 12.717356232786061 ], [ 101.681061806601377, 12.717446562309791 ], [ 101.680877784183153, 12.717448424642992 ], [ 101.680878732656623, 12.717538754179692 ], [ 101.680694710144309, 12.717540616399074 ], [ 101.680695658560154, 12.71763094594875 ], [ 101.680419624639597, 12.71763373905929 ], [ 101.68042057296536, 12.717724068628762 ], [ 101.680144538881763, 12.717726861472961 ], [ 101.680145487117443, 12.717817191062226 ], [ 101.679869452870818, 12.717819983640085 ], [ 101.67987040101643, 12.717910313249144 ], [ 101.679686378083957, 12.717912174822022 ], [ 101.67968732617193, 12.718002504444048 ], [ 101.679595314662294, 12.718003435189505 ], [ 101.679596262725099, 12.718093764817672 ], [ 101.679688274267207, 12.718092834065386 ], [ 101.679689222369774, 12.718183163686041 ], [ 101.679781233937021, 12.71818223289506 ], [ 101.679782182079336, 12.718272562508204 ], [ 101.679966205256903, 12.718270700816987 ], [ 101.679967153471424, 12.718361030415803 ], [ 101.680059165081715, 12.718360099515564 ], [ 101.680060113336012, 12.718450429106866 ], [ 101.680152124971471, 12.718449498167931 ], [ 101.680153073265501, 12.718539827751725 ], [ 101.680245084926142, 12.718538896774092 ], [ 101.680246033259934, 12.718629226350375 ], [ 101.680890114907299, 12.718622708566791 ], [ 101.680889166346276, 12.718532379038294 ], [ 101.680981177948539, 12.718531447805693 ], [ 101.680980229362362, 12.718441118283346 ], [ 101.681164252480073, 12.718439255736193 ], [ 101.681163303836271, 12.718348926226815 ], [ 101.681347326859878, 12.718347063565842 ], [ 101.681346378158437, 12.718256734069431 ], [ 101.68171442398824, 12.718253008392358 ], [ 101.681713475164258, 12.718162678922583 ], [ 101.681805486571008, 12.718161747430472 ] ], [ [ 101.693526827322572, 12.747583415761033 ], [ 101.693525872050998, 12.747493087370227 ], [ 101.69343385095668, 12.74749402505029 ], [ 101.693431940500631, 12.747313368252895 ], [ 101.693523961529877, 12.747312430586549 ], [ 101.69352300628033, 12.747222102193684 ], [ 101.693615027269715, 12.747221164502259 ], [ 101.693614071994944, 12.747130836115566 ], [ 101.693706092944453, 12.747129898399054 ], [ 101.693702271788595, 12.74676858487287 ], [ 101.693794292600614, 12.746767647151859 ], [ 101.69378951615812, 12.746316005262994 ], [ 101.69388153680012, 12.746315067544348 ], [ 101.693875805115965, 12.745773097296233 ], [ 101.693967825555433, 12.745772159586814 ], [ 101.693962093940115, 12.745230189355169 ], [ 101.693870073695862, 12.745231127023418 ], [ 101.693866252895816, 12.744869813494491 ], [ 101.693774232774359, 12.74487075110336 ], [ 101.693773277625212, 12.744780422712553 ], [ 101.693681257528965, 12.744781360282619 ], [ 101.693675526983313, 12.744239389882202 ], [ 101.693583507074905, 12.74424032737917 ], [ 101.69358159701676, 12.744059670559819 ], [ 101.69348957716609, 12.744060608011134 ], [ 101.693486712231447, 12.743789622756386 ], [ 101.693394692471017, 12.74379056015518 ], [ 101.693392782616328, 12.743609903301531 ], [ 101.693300762913623, 12.743610840654675 ], [ 101.693297898284172, 12.743339855348475 ], [ 101.693205878671733, 12.743340792649105 ], [ 101.693203969020459, 12.743160135761158 ], [ 101.693111949465745, 12.743161073016136 ], [ 101.693110039908873, 12.742980416111726 ], [ 101.69301802041187, 12.742981353321049 ], [ 101.693017065676955, 12.742891024860954 ], [ 101.692925046205147, 12.742891962031489 ], [ 101.692922182141999, 12.742620976626521 ], [ 101.692830162760444, 12.742621913744545 ], [ 101.692828253486709, 12.742441256790752 ], [ 101.692736234162865, 12.742442193863125 ], [ 101.692735279569519, 12.742351865378348 ], [ 101.69264326027087, 12.742352802411933 ], [ 101.692642305717399, 12.742262473919604 ], [ 101.692550286443947, 12.742263410914402 ], [ 101.692548377424018, 12.742082753913973 ], [ 101.692456358208275, 12.742083690863124 ], [ 101.692455403741832, 12.741993362355025 ], [ 101.692363384551285, 12.741994299265386 ], [ 101.692361475705439, 12.741813642233414 ], [ 101.692269456572618, 12.741814579098135 ], [ 101.692268502193215, 12.74172425057426 ], [ 101.692176483085589, 12.741725187400192 ], [ 101.692173620088937, 12.741454201803892 ], [ 101.692081601071536, 12.741455138577322 ], [ 101.692080646786494, 12.741364810036995 ], [ 101.691988627794302, 12.74136574677164 ], [ 101.69198385664167, 12.740914104025428 ], [ 101.691891837804747, 12.740915040693864 ], [ 101.69189088362873, 12.740824712135707 ], [ 101.691798864817017, 12.740825648765361 ], [ 101.691795048316294, 12.740464334498457 ], [ 101.691703029627334, 12.740465271068761 ], [ 101.691701121485991, 12.740284613917483 ], [ 101.691609102854741, 12.740285550442149 ], [ 101.691606240795238, 12.740014564689522 ], [ 101.691514222254213, 12.740015501161698 ], [ 101.691513268281554, 12.739925172569265 ], [ 101.691421249765725, 12.73992610900266 ], [ 101.691418387989273, 12.739655123200674 ], [ 101.691326369563654, 12.739656059581577 ], [ 101.691324461814375, 12.739475402363118 ], [ 101.691232443446467, 12.73947633869839 ], [ 101.691230535791505, 12.739295681463478 ], [ 101.69113851748132, 12.739296617753119 ], [ 101.691136609920704, 12.739115960501758 ], [ 101.691044591668216, 12.739116896745765 ], [ 101.691042684201946, 12.738936239477953 ], [ 101.690858647805072, 12.738938111842787 ], [ 101.690856740498162, 12.738757454544816 ], [ 101.690672704202029, 12.738759326754545 ], [ 101.690668889936248, 12.738398012095553 ], [ 101.690576871907254, 12.738398948125125 ], [ 101.690575918391644, 12.738308619451812 ], [ 101.690483900387846, 12.738309555442608 ], [ 101.690484853870956, 12.738399884122776 ], [ 101.690300817776333, 12.738401756022311 ], [ 101.690298910947519, 12.738221098633884 ], [ 101.690114874953665, 12.738222970378331 ], [ 101.690112968284197, 12.738042312959751 ], [ 101.689928932391098, 12.738044184549109 ], [ 101.689927025880976, 12.737863527100385 ], [ 101.689742990088646, 12.737865398534657 ], [ 101.689741083737871, 12.737684741055789 ], [ 101.689557048046296, 12.737686612334981 ], [ 101.689556094946937, 12.737596283580817 ], [ 101.689464077122665, 12.737597219165686 ], [ 101.689463124063138, 12.737506890403987 ], [ 101.689371106264062, 12.737507825950086 ], [ 101.689370153244354, 12.737417497180854 ], [ 101.689186117689275, 12.737419368163595 ], [ 101.689185164741914, 12.737329039379976 ], [ 101.689001129222589, 12.737330910221345 ], [ 101.689000176347562, 12.737240581423343 ], [ 101.6887241231112, 12.737243387425462 ], [ 101.688723170341035, 12.737153058606232 ], [ 101.688631152613453, 12.737153993869585 ], [ 101.688630199883107, 12.737063665042824 ], [ 101.68835414675398, 12.737066470620837 ], [ 101.688353194128482, 12.736976141772844 ], [ 101.688169158737495, 12.736978011984908 ], [ 101.688168206184343, 12.736887683122534 ], [ 101.688076188510379, 12.736888618173843 ], [ 101.688073330992395, 12.73661763156208 ], [ 101.687705260613484, 12.736621371365986 ], [ 101.687704308252165, 12.736531042466639 ], [ 101.687612290671652, 12.736531977330982 ], [ 101.687611338350166, 12.736441648424107 ], [ 101.687427303232198, 12.736443518043345 ], [ 101.687426350983046, 12.7363531891221 ], [ 101.687058280789373, 12.736356927950204 ], [ 101.687057328677568, 12.736266599000896 ], [ 101.686965311143382, 12.736267533621291 ], [ 101.686964359071396, 12.736177204664452 ], [ 101.686780324046069, 12.7361790737958 ], [ 101.686779372046431, 12.736088744824592 ], [ 101.686595337056858, 12.736090613814593 ], [ 101.686594385129553, 12.736000284829013 ], [ 101.686410350175748, 12.736002153677667 ], [ 101.686409398320762, 12.735911824677718 ], [ 101.68631738086539, 12.735912759047332 ], [ 101.686316429050237, 12.735822430039851 ], [ 101.68622441162006, 12.735823364370708 ], [ 101.686223459844726, 12.735733035355704 ], [ 101.686039425027474, 12.735734903907989 ], [ 101.686038473324459, 12.735644574878615 ], [ 101.685946455937355, 12.735645509100046 ], [ 101.685945504274159, 12.735555180063148 ], [ 101.685853486912265, 12.735556114245822 ], [ 101.685852535288888, 12.735465785201397 ], [ 101.68576051795219, 12.735466719345315 ], [ 101.685759566368631, 12.735376390293368 ], [ 101.685667549057115, 12.735377324398533 ], [ 101.685666597513389, 12.735286995339056 ], [ 101.685574580227083, 12.735287929405468 ], [ 101.685572677226546, 12.735107271270783 ], [ 101.685480659997936, 12.735108205291601 ], [ 101.685478757091659, 12.734927547140494 ], [ 101.685386739920759, 12.734928481115722 ], [ 101.685382934325929, 12.734567164777932 ], [ 101.685474951366828, 12.734566230830065 ], [ 101.685471145758967, 12.734204914508673 ], [ 101.685379128848098, 12.73420584842918 ], [ 101.685377226153037, 12.734025190250694 ], [ 101.685469242998906, 12.734024256343863 ], [ 101.685465437566506, 12.733662940006031 ], [ 101.685557454275056, 12.733662006094649 ], [ 101.685556502902728, 12.733571677015316 ], [ 101.685648519571444, 12.733570743078866 ], [ 101.685645665400827, 12.733299755857283 ], [ 101.685737681964753, 12.733298821909443 ], [ 101.68573673055667, 12.733208492841053 ], [ 101.685828747080777, 12.733207558868145 ], [ 101.685826844221538, 12.733026900742988 ], [ 101.686010877117809, 12.733025032728813 ], [ 101.686009925634167, 12.732934703678886 ], [ 101.686101942038832, 12.732933769630778 ], [ 101.686100990529994, 12.732843440587009 ], [ 101.686285023252395, 12.732841572408752 ], [ 101.686284071685876, 12.732751243377978 ], [ 101.686560120617131, 12.732748440891816 ], [ 101.686559168960414, 12.732658111880887 ], [ 101.687111266430463, 12.732652506088133 ], [ 101.687110314586064, 12.732562177117577 ], [ 101.6874783792898, 12.732558439311651 ], [ 101.687479331264186, 12.73264876825483 ], [ 101.687571347454323, 12.73264783371674 ], [ 101.687572299468528, 12.732738162652385 ], [ 101.687664315683847, 12.732737228075544 ], [ 101.687667171867844, 12.733008214857845 ], [ 101.687851204471542, 12.733006345567368 ], [ 101.687852156612507, 12.733096674479739 ], [ 101.688036189251946, 12.733094805047937 ], [ 101.68803714146523, 12.733185133945936 ], [ 101.688129157806472, 12.733184199175325 ], [ 101.688130110059575, 12.733274528065792 ], [ 101.688498175481357, 12.733270788636894 ], [ 101.688499127871779, 12.733361117499289 ], [ 101.688683160603759, 12.733359247579694 ], [ 101.6886841130665, 12.733449576427704 ], [ 101.688960162207081, 12.73344677128846 ], [ 101.688961114774642, 12.733537100115241 ], [ 101.689329180322943, 12.733533359455469 ], [ 101.689328227625367, 12.733443030656082 ], [ 101.689696292926527, 12.73343928951317 ], [ 101.68969724575409, 12.733529618285157 ], [ 101.690157327378287, 12.733524941104321 ], [ 101.690158280375684, 12.733615269841371 ], [ 101.691078443399803, 12.733605913018039 ], [ 101.69107749007739, 12.733515584349517 ], [ 101.691629587345233, 12.733509968765032 ], [ 101.691628633835151, 12.733419640136953 ], [ 101.691720649988298, 12.73341870410138 ], [ 101.691721603530894, 12.733509032722607 ], [ 101.695126197247006, 12.733474376721345 ], [ 101.695127151999458, 12.733564705088074 ], [ 101.696323358641095, 12.733552518195852 ], [ 101.696324313823396, 12.733642846472636 ], [ 101.696508345569328, 12.733640971073786 ], [ 101.696510256085944, 12.733821627597838 ], [ 101.696602272012896, 12.733820689836813 ], [ 101.696603227314725, 12.733911018090938 ], [ 101.696695243266845, 12.733910080291137 ], [ 101.69669428793253, 12.73381975204388 ], [ 101.696878319749743, 12.73381787636229 ], [ 101.696877364357761, 12.73372754812808 ], [ 101.696969380222853, 12.733726610246292 ], [ 101.696967469395901, 12.733545953789559 ], [ 101.697059485188646, 12.733545015889595 ], [ 101.697057574326081, 12.733364359443858 ], [ 101.697149590046493, 12.733363421525729 ], [ 101.697148634593717, 12.7332730933087 ], [ 101.697240650274281, 12.733272155365531 ], [ 101.697239694796352, 12.733181827154688 ], [ 101.697331710437069, 12.733180889186482 ], [ 101.697330754933972, 12.733090560981822 ], [ 101.697606801714585, 12.733087746906376 ], [ 101.697605846121348, 12.732997418721638 ], [ 101.69788189273838, 12.732994604379646 ], [ 101.697880937054975, 12.732904276214835 ], [ 101.697972952546806, 12.732903338043897 ], [ 101.697973908262696, 12.732993666201835 ], [ 101.698157939289302, 12.732991789750496 ], [ 101.69815889507754, 12.733082117894007 ], [ 101.69825091061233, 12.733081179613606 ], [ 101.698251866440415, 12.733171507749558 ], [ 101.698343882000344, 12.733170569430378 ], [ 101.698345793743542, 12.733351225686484 ], [ 101.698437809361138, 12.733350287321651 ], [ 101.69843972119871, 12.733530943561266 ], [ 101.69853173687396, 12.733530005150786 ], [ 101.698528869031108, 12.73325902081095 ], [ 101.698436853453359, 12.733259959200813 ], [ 101.69843589755294, 12.733169631079292 ], [ 101.698527913098189, 12.733168692696299 ], [ 101.698525045343487, 12.732897708348235 ], [ 101.698617060783903, 12.732896769953953 ], [ 101.698616104847858, 12.732806441843433 ], [ 101.698524089439942, 12.732807380230843 ], [ 101.698520265899248, 12.732446067754418 ], [ 101.698612281177176, 12.732445129394499 ], [ 101.698610369385904, 12.732264473165918 ], [ 101.698702384591485, 12.732263534787842 ], [ 101.698699516862177, 12.731992550460449 ], [ 101.698791531962925, 12.731991612071084 ], [ 101.69879057603535, 12.731901283967458 ], [ 101.69888259109625, 12.731900345553065 ], [ 101.698881635143536, 12.731810017455624 ], [ 101.698973650164589, 12.731809079016204 ], [ 101.698970782253028, 12.731538094740387 ], [ 101.698878767329461, 12.731539033159185 ], [ 101.698868252576901, 12.730545424019457 ], [ 101.69896026714305, 12.730544485676269 ], [ 101.698950708723586, 12.729641204636907 ], [ 101.69885869448234, 12.729642142911359 ], [ 101.698854871450223, 12.729280830448923 ], [ 101.698762857331587, 12.729281768663984 ], [ 101.698759990232119, 12.729010784289345 ], [ 101.698667976203595, 12.729011722451888 ], [ 101.698663198013818, 12.728560081779408 ], [ 101.698571184140391, 12.728561019875691 ], [ 101.69857022855696, 12.728470691732269 ], [ 101.698478214708686, 12.728471629789787 ], [ 101.698477259165074, 12.728381301638803 ], [ 101.698385245341939, 12.728382239657554 ], [ 101.69838428983816, 12.728291911499012 ], [ 101.698108248422145, 12.728294725343284 ], [ 101.698109203828452, 12.728385053522439 ], [ 101.698017189975943, 12.728385991413608 ], [ 101.698016234602107, 12.728295663227584 ], [ 101.697924220774723, 12.72829660107999 ], [ 101.697923265440735, 12.728206272886403 ], [ 101.69783125163849, 12.728207210700045 ], [ 101.697830296344335, 12.728116882498906 ], [ 101.697738282567244, 12.728117820273784 ], [ 101.697734461593939, 12.727756507434883 ], [ 101.697550434277616, 12.727758382833992 ], [ 101.697549479117612, 12.727668054608813 ], [ 101.697181424526761, 12.72767180499684 ], [ 101.697180469504048, 12.727581476743495 ], [ 101.696996442229548, 12.727583351732415 ], [ 101.696995487279125, 12.72749302346465 ], [ 101.69690347366334, 12.7274939609044 ], [ 101.696902518752751, 12.72740363262908 ], [ 101.696810505162119, 12.727404570030071 ], [ 101.696811460040223, 12.72749489831226 ], [ 101.696627432771947, 12.727496773032307 ], [ 101.696625523153031, 12.727316116439772 ], [ 101.696073441561865, 12.727321739752085 ], [ 101.696071532362097, 12.727141083074404 ], [ 101.695979518802858, 12.727142020167765 ], [ 101.69597856424646, 12.727051691821032 ], [ 101.695702523622131, 12.727054502889178 ], [ 101.695703478081086, 12.727144831256513 ], [ 101.695519450896541, 12.727146705156217 ], [ 101.695518496502558, 12.727056376775154 ], [ 101.695426482931779, 12.727057313670308 ], [ 101.695425528577616, 12.726966985281695 ], [ 101.69514948791867, 12.726969795755208 ], [ 101.695147579427243, 12.726789138934741 ], [ 101.695055565924548, 12.726790075681734 ], [ 101.695054611722341, 12.726699747263609 ], [ 101.694594544261264, 12.726704430485906 ], [ 101.694593590228777, 12.72661410203278 ], [ 101.694409563257963, 12.726615975084741 ], [ 101.694408609297795, 12.726525646617205 ], [ 101.694040555398075, 12.726529392310999 ], [ 101.694039601575156, 12.726439063815331 ], [ 101.693947588114369, 12.726440000152195 ], [ 101.693946634331269, 12.726349671648979 ], [ 101.693854620895635, 12.726350607947092 ], [ 101.693853667152339, 12.726260279436328 ], [ 101.693761653741859, 12.726261215695692 ], [ 101.693760700038368, 12.726170887177387 ], [ 101.693484659860374, 12.726173695743555 ], [ 101.693483706261674, 12.726083367203985 ], [ 101.693299679504648, 12.726085239408265 ], [ 101.693298725978224, 12.725994910854293 ], [ 101.69320671262119, 12.725995846901736 ], [ 101.693205759134585, 12.725905518340218 ], [ 101.693113745802705, 12.725906454348918 ], [ 101.693112792355919, 12.725816125779854 ], [ 101.692928765735118, 12.725817997687871 ], [ 101.692926858993417, 12.725637340520258 ], [ 101.692834845736996, 12.725638276412718 ], [ 101.692833892409624, 12.725547947821022 ], [ 101.692741879178342, 12.725548883674739 ], [ 101.692740925890789, 12.725458555075502 ], [ 101.692648912684646, 12.72545949089047 ], [ 101.692647959436897, 12.725369162283691 ], [ 101.692555946255908, 12.725370098059912 ], [ 101.692554993047949, 12.725279769445592 ], [ 101.692462979892113, 12.725280705183071 ], [ 101.692462026723987, 12.725190376561208 ], [ 101.692370013593305, 12.725191312259941 ], [ 101.692369060464969, 12.725100983630538 ], [ 101.692277047359426, 12.725101919290529 ], [ 101.692276094270909, 12.725011590653581 ], [ 101.692184081190504, 12.725012526274828 ], [ 101.692183128141792, 12.724922197630342 ], [ 101.692091115086555, 12.724923133212847 ], [ 101.692090162077633, 12.724832804560817 ], [ 101.691998149047549, 12.724833740104581 ], [ 101.691997196078432, 12.724743411445012 ], [ 101.691905183073487, 12.724744346950031 ], [ 101.691904230144175, 12.724654018282919 ], [ 101.691812217164397, 12.724654953749202 ], [ 101.691811264274875, 12.724564625074548 ], [ 101.691719251320251, 12.724565560502084 ], [ 101.691717345628177, 12.724384903137018 ], [ 101.691809358517858, 12.724383967723192 ], [ 101.691808405650349, 12.724293639046484 ], [ 101.691992431342797, 12.724291768136887 ], [ 101.691990525499818, 12.72411111080884 ], [ 101.691898512722219, 12.724112046265871 ], [ 101.691897559844207, 12.724021717593965 ], [ 101.69198957258935, 12.724020782143791 ], [ 101.691982902421074, 12.723388481469266 ], [ 101.691890889903235, 12.723389416871452 ], [ 101.691888031467016, 12.723118430837244 ], [ 101.691796019039302, 12.723119366186982 ], [ 101.691795066274352, 12.723029037500687 ], [ 101.691703053871748, 12.723029972811686 ], [ 101.69170400660424, 12.723120301504833 ], [ 101.691519981712148, 12.723122172044899 ], [ 101.691521887069172, 12.723302829456564 ], [ 101.691429874547197, 12.723303764692485 ], [ 101.691431779868594, 12.723484422115115 ], [ 101.691339767274343, 12.723485357332859 ], [ 101.691340719913555, 12.723575686050006 ], [ 101.691432732540292, 12.723574750825406 ], [ 101.691433685219295, 12.72366507953501 ], [ 101.691617710515715, 12.723663208976452 ], [ 101.691619616025619, 12.723843866366188 ], [ 101.691711628727802, 12.723842931025374 ], [ 101.691712581526204, 12.723933259712362 ], [ 101.691620568791564, 12.72393419506003 ], [ 101.691621521564812, 12.724024523753187 ], [ 101.691529508790381, 12.724025459075825 ], [ 101.691530461538505, 12.724115787775153 ], [ 101.691438448724256, 12.724116723072765 ], [ 101.691439401447226, 12.724207051778258 ], [ 101.69107134998707, 12.724210792677276 ], [ 101.691070397394014, 12.724120463944365 ], [ 101.690978384543143, 12.724121399082557 ], [ 101.690977431989879, 12.724031070342107 ], [ 101.690609380643053, 12.724034810548611 ], [ 101.690608428226994, 12.723944481780066 ], [ 101.690424402574592, 12.723946351678309 ], [ 101.69042345023081, 12.723856022895374 ], [ 101.690147411794698, 12.72385882748306 ], [ 101.690146459555677, 12.723768498678886 ], [ 101.690054446761465, 12.72376943347083 ], [ 101.690053494562235, 12.723679104659123 ], [ 101.689593430643754, 12.72368377810634 ], [ 101.689592478614202, 12.723593449259688 ], [ 101.688488324852841, 12.723604662198753 ], [ 101.688487373220312, 12.72351433326924 ], [ 101.688303347555902, 12.723516201632357 ], [ 101.688302395995635, 12.723425872688468 ], [ 101.688210383184938, 12.723426806815358 ], [ 101.688209431664447, 12.723336477863935 ], [ 101.688485469977195, 12.723333675408156 ], [ 101.688484518366622, 12.723243346476588 ], [ 101.688576531090419, 12.723242412267743 ], [ 101.688575579454678, 12.723152083342338 ], [ 101.688115515924849, 12.7231567540335 ], [ 101.688116467398217, 12.72324708299314 ], [ 101.688024454637826, 12.723248017042577 ], [ 101.688025406086041, 12.723338346008374 ], [ 101.688117418878903, 12.723337411952095 ], [ 101.688119321862231, 12.72351806986795 ], [ 101.687935296139301, 12.723519937976009 ], [ 101.687934344708921, 12.723429609004731 ], [ 101.68784233186895, 12.72343054300409 ], [ 101.687843283266844, 12.723520871982215 ], [ 101.687567244605617, 12.723523673809533 ], [ 101.687568195913414, 12.723614002807505 ], [ 101.687016118198613, 12.723619605642368 ], [ 101.68701706931887, 12.72370993468072 ], [ 101.686741030265324, 12.723712735688256 ], [ 101.686741981295469, 12.723803064746447 ], [ 101.68637392899177, 12.723806799004166 ], [ 101.686374879899347, 12.723897128089046 ], [ 101.686098840497365, 12.723899928468073 ], [ 101.686099791314817, 12.723990257572792 ], [ 101.685823751749624, 12.723993057685389 ], [ 101.685824702476964, 12.724083386809946 ], [ 101.685456649491115, 12.724087119874389 ], [ 101.685457600095873, 12.724177449025619 ], [ 101.684997533536716, 12.724182114672962 ], [ 101.684998483986391, 12.724272443857698 ], [ 101.684078349995232, 12.724281772829382 ], [ 101.684077399870318, 12.724191443576272 ], [ 101.683801359627921, 12.724194241625508 ], [ 101.683800409607727, 12.724103912351209 ], [ 101.683708396211458, 12.724104844963684 ], [ 101.68370744623104, 12.72401451568186 ], [ 101.683615432859952, 12.724015448255615 ], [ 101.683614482919324, 12.723925118966275 ], [ 101.683522469573404, 12.723926051501309 ], [ 101.683521519672553, 12.72383572220445 ], [ 101.6834295063518, 12.723836654700765 ], [ 101.683428556490725, 12.723746325396391 ], [ 101.683336543195153, 12.723747257853987 ], [ 101.683333693753184, 12.723476269916246 ], [ 101.68324168054771, 12.723477202321456 ], [ 101.683235982055834, 12.722935226386491 ], [ 101.683327995066463, 12.722934294022282 ], [ 101.683326095562649, 12.722753635385484 ], [ 101.68341810850103, 12.722752703003062 ], [ 101.683416208961489, 12.722572044377197 ], [ 101.683508221827623, 12.722571111976562 ], [ 101.683507272036323, 12.722480782669434 ], [ 101.683691297681733, 12.722478917786187 ], [ 101.683690347832808, 12.722388588492047 ], [ 101.683782360612085, 12.722387656009438 ], [ 101.683781410737993, 12.722297326721447 ], [ 101.683965436209675, 12.722295461674255 ], [ 101.683964486277958, 12.722205132399255 ], [ 101.684148511655479, 12.722203267238218 ], [ 101.684147561666123, 12.722112937976201 ], [ 101.684239574311448, 12.722112005354697 ], [ 101.684238624296938, 12.722021676098834 ], [ 101.684330636902487, 12.722020743452287 ], [ 101.684329686862796, 12.721930414202571 ], [ 101.684789749618645, 12.721925750525836 ], [ 101.684788799423913, 12.721835421309626 ], [ 101.685340874294965, 12.72182982388656 ], [ 101.685339923912721, 12.721739494710697 ], [ 101.685431936333174, 12.721738561702118 ], [ 101.685430985925777, 12.721648232532404 ], [ 101.685615010679825, 12.721646366433285 ], [ 101.685614060214803, 12.721556037276567 ], [ 101.685706072548399, 12.721555104186031 ], [ 101.685705122058209, 12.721464775035468 ], [ 101.685889146638516, 12.721462908772445 ], [ 101.685888196090715, 12.721372579634879 ], [ 101.68598020833744, 12.721371646462391 ], [ 101.685979257764473, 12.72128131733098 ], [ 101.686163282171051, 12.721279450904049 ], [ 101.686162331540459, 12.721189121785635 ], [ 101.686438367998093, 12.721186321926684 ], [ 101.686437417277418, 12.721095992828113 ], [ 101.686621441481009, 12.721094126109779 ], [ 101.686620490702708, 12.721003797024206 ], [ 101.686804514812124, 12.721001930192052 ], [ 101.686803563976184, 12.720911601119477 ], [ 101.687079599988067, 12.720908800652698 ], [ 101.687078649062045, 12.720818471599971 ], [ 101.687262672968473, 12.720816604476424 ], [ 101.687261721984839, 12.7207262754367 ], [ 101.687353733894611, 12.720725341833958 ], [ 101.687351831884357, 12.720544683766139 ], [ 101.68744384372188, 12.720543750145213 ], [ 101.687442892695259, 12.720453421117121 ], [ 101.687534904493006, 12.720452487471157 ], [ 101.687533953441232, 12.720362158449227 ], [ 101.687717976949841, 12.720360291075369 ], [ 101.687717025840456, 12.720269962066443 ], [ 101.687809037551332, 12.720269028338549 ], [ 101.687808086416794, 12.720178699335781 ], [ 101.687900098087894, 12.720177765582857 ], [ 101.687899146928203, 12.720087436586255 ], [ 101.687991158559512, 12.7200865028083 ], [ 101.687990207374668, 12.719996173817858 ], [ 101.688082218966201, 12.719995240014876 ], [ 101.688081267756218, 12.719904911030593 ], [ 101.688265290852414, 12.719903043342699 ], [ 101.688264339584805, 12.719812714371427 ], [ 101.688356351089467, 12.719811780486518 ], [ 101.688355399796734, 12.719721451521405 ], [ 101.688447411261606, 12.719720517611469 ], [ 101.688446459943719, 12.719630188652518 ], [ 101.688538471368801, 12.719629254717557 ], [ 101.688537520025776, 12.71953892576477 ], [ 101.688629531411095, 12.719537991804781 ], [ 101.688628580042916, 12.719447662858157 ], [ 101.68872059138846, 12.719446728873146 ], [ 101.688719639995128, 12.719356399932682 ], [ 101.688811651300881, 12.719355465922643 ], [ 101.688810699882424, 12.71926513698835 ], [ 101.688902711148401, 12.719264202953287 ], [ 101.688901759704791, 12.719173874025149 ], [ 101.688993770930978, 12.719172939965063 ], [ 101.688992819462229, 12.719082611043092 ], [ 101.689176841827731, 12.719080742841003 ], [ 101.689174938782344, 12.718900085022405 ], [ 101.689266949889202, 12.718899150887252 ], [ 101.689265998345022, 12.718808821983767 ], [ 101.689358009412089, 12.718807887823592 ], [ 101.68935705784277, 12.718717558926279 ], [ 101.689449068870076, 12.718716624741084 ], [ 101.689448117275617, 12.718626295849932 ], [ 101.689540128263118, 12.718625361639713 ], [ 101.689539176643521, 12.718535032754728 ], [ 101.68963118759126, 12.718534098519491 ], [ 101.689630235946524, 12.718443769640674 ], [ 101.689722246854473, 12.718442835380415 ], [ 101.689721295184597, 12.71835250650776 ], [ 101.68981330605277, 12.718351572222481 ], [ 101.68981140267006, 12.71817091448882 ], [ 101.689903413465998, 12.718169980185376 ], [ 101.689902461753164, 12.71807965132437 ], [ 101.689994472509326, 12.718078716995906 ], [ 101.689993520771353, 12.717988388141066 ], [ 101.690085531487725, 12.717987453787583 ], [ 101.690084579724612, 12.71789712493891 ], [ 101.690176590401208, 12.71789619056041 ], [ 101.69017563861297, 12.717805861717903 ], [ 101.690267649249776, 12.717804927314383 ], [ 101.6902666974364, 12.717714598478043 ], [ 101.690358708033443, 12.71771366404951 ], [ 101.690357756194928, 12.717623335219342 ], [ 101.690725798380029, 12.717619597213945 ], [ 101.690722942518931, 12.71734861080154 ], [ 101.690814952949538, 12.717347676241081 ], [ 101.690814000978023, 12.71725734744243 ], [ 101.690906011368838, 12.717256412856957 ], [ 101.690905059372199, 12.717166084064473 ], [ 101.690997069723238, 12.717165149453988 ], [ 101.690996117701474, 12.717074820667674 ], [ 101.691088128012723, 12.717073886032175 ], [ 101.691087175965819, 12.71698355725203 ], [ 101.691363206758282, 12.7169807531749 ], [ 101.691362254621339, 12.716890424414631 ], [ 101.691638285250519, 12.716887620071272 ], [ 101.691637333023522, 12.716797291330888 ], [ 101.691913363489405, 12.716794486721305 ], [ 101.691911458862677, 12.716613829279606 ], [ 101.69200346893841, 12.716612894359727 ], [ 101.692002516603594, 12.716522565644707 ], [ 101.692094526639551, 12.71652163069982 ], [ 101.692093574279596, 12.716431301990969 ], [ 101.692185584275762, 12.716430367021074 ], [ 101.692184631890697, 12.716340038318394 ], [ 101.692368651796144, 12.716338168296724 ], [ 101.692367699353483, 12.716247839607075 ], [ 101.692643729059341, 12.716245034356163 ], [ 101.692642776526668, 12.716154705686399 ], [ 101.693286845356667, 12.716148159033718 ], [ 101.693285892604138, 12.716057830411275 ], [ 101.693653931644505, 12.716054088793333 ], [ 101.693652978769492, 12.715963760197649 ], [ 101.694021017562761, 12.715960018097338 ], [ 101.694021970567576, 12.716050346665583 ], [ 101.694390009373336, 12.716046604028023 ], [ 101.6943909625153, 12.716136932568141 ], [ 101.694666991639977, 12.716134125234824 ], [ 101.694667944886632, 12.716224453753668 ], [ 101.69475995461265, 12.716223517905306 ], [ 101.694760907899081, 12.716313846416602 ], [ 101.694852917650209, 12.716312910529515 ], [ 101.694855777650886, 12.716583896038708 ], [ 101.694947787492055, 12.716582960099169 ], [ 101.694949694260742, 12.716763617088146 ], [ 101.695041704159465, 12.716762681103015 ], [ 101.695043611022413, 12.716943338075529 ], [ 101.695135620978718, 12.716942402044808 ], [ 101.695136574453642, 12.717032730523174 ], [ 101.695228584435071, 12.717031794453723 ], [ 101.695231445001241, 12.717302779864122 ], [ 101.695323455072682, 12.717301843742211 ], [ 101.695327269393417, 12.717663157585703 ], [ 101.695235259192145, 12.717664093735067 ], [ 101.695238119912347, 12.717935079131088 ], [ 101.695422140502316, 12.717933206759305 ], [ 101.695423094155302, 12.718023535209547 ], [ 101.695883145664126, 12.718018853688083 ], [ 101.695884099486733, 12.71810918210331 ], [ 101.696068120103817, 12.718107309257919 ], [ 101.696069073998686, 12.718197637658733 ], [ 101.696345104966667, 12.718194828131033 ], [ 101.696346058966242, 12.718285156510566 ], [ 101.696530079639786, 12.718283283319021 ], [ 101.696531033711608, 12.718373611684134 ], [ 101.696715054420707, 12.718371738351385 ], [ 101.696716008564806, 12.718462066702076 ], [ 101.697084050024756, 12.718458319626677 ], [ 101.697085004306018, 12.718548647949214 ], [ 101.697361035421295, 12.718545837287435 ], [ 101.697361989807277, 12.718636165588677 ], [ 101.69773003132137, 12.718632417565992 ], [ 101.69773098584453, 12.718722745839068 ], [ 101.698007017000378, 12.718719934466815 ], [ 101.698007971628257, 12.7188102627186 ], [ 101.698191992427027, 12.718808388297342 ], [ 101.698192947127168, 12.718898716534694 ], [ 101.698284957547997, 12.718897779269389 ], [ 101.698285912287943, 12.718988107499184 ], [ 101.698377922733897, 12.718987170195136 ], [ 101.698376967961494, 12.718896841972215 ], [ 101.69874500954198, 12.718893092464816 ], [ 101.698744054647094, 12.7188027642687 ], [ 101.699664157759543, 12.71879338833806 ], [ 101.699663202547399, 12.718703060209993 ], [ 101.699847223016818, 12.718701184655185 ], [ 101.699845312484726, 12.718520528424502 ], [ 101.699937322643493, 12.718519590613047 ], [ 101.699936367356017, 12.718429262503554 ], [ 101.70012038758658, 12.718427386798785 ], [ 101.700119432241536, 12.71833705870236 ], [ 101.700395462434898, 12.718334244926828 ], [ 101.700394506999814, 12.718243916850348 ], [ 101.700946566993366, 12.718238288480105 ], [ 101.700945611370898, 12.718147960444206 ], [ 101.701037621311642, 12.718147022277842 ], [ 101.701036665664063, 12.718056694248137 ], [ 101.701128675565002, 12.718055756056781 ], [ 101.701129631245024, 12.718146084079608 ], [ 101.70122164117106, 12.718145145849507 ], [ 101.70122068545858, 12.718054817833561 ], [ 101.701312695344811, 12.718053879578472 ], [ 101.701311739607206, 12.717963551568721 ], [ 101.701495759292698, 12.717961674976699 ], [ 101.701494803497525, 12.71787134698002 ], [ 101.701586813296785, 12.71787040864309 ], [ 101.70158585747653, 12.717780080652608 ], [ 101.701677867235972, 12.717779142290688 ], [ 101.701676911390607, 12.717688814306403 ], [ 101.701768921110244, 12.717687875919498 ], [ 101.701767009376653, 12.717507219962631 ], [ 101.701859019024042, 12.717506281557624 ], [ 101.701858063135816, 12.717415953585041 ], [ 101.701950072743386, 12.717415015155046 ], [ 101.701949116830065, 12.717324687188659 ], [ 101.702133135958221, 12.71732281024684 ], [ 101.702132179987359, 12.717232482293531 ], [ 101.702224189507945, 12.717231543781704 ], [ 101.702223233511972, 12.717141215834593 ], [ 101.702315242992753, 12.717140277297782 ], [ 101.702314286971671, 12.717049949356866 ], [ 101.702406296412647, 12.717049010795074 ], [ 101.702407252466188, 12.717139338729108 ], [ 101.70249926193226, 12.717138400128567 ], [ 101.70249734976764, 12.71695774427358 ], [ 101.702773377927016, 12.716954928322066 ], [ 101.702772421758368, 12.716864600414196 ], [ 101.702864431097666, 12.716863661706844 ], [ 101.702863474903936, 12.716773333805172 ], [ 101.703139502780303, 12.716770517512588 ], [ 101.703138546496575, 12.716680189630882 ], [ 101.703322564979132, 12.716678311956938 ], [ 101.70332160863785, 12.716587984088317 ], [ 101.70368964538487, 12.716584228385612 ], [ 101.703687732464743, 12.71640357270139 ], [ 101.703963759753037, 12.716400755631112 ], [ 101.703962803206664, 12.716310427808629 ], [ 101.704054812255592, 12.716309488728365 ], [ 101.704052899120001, 12.716128833095118 ], [ 101.703684863139742, 12.71613258916992 ], [ 101.703683906712783, 12.716042261324725 ], [ 101.703591897731783, 12.716043200256884 ], [ 101.703590941344643, 12.715952872404118 ], [ 101.70349893238874, 12.715953811297529 ], [ 101.703497976041405, 12.715863483437198 ], [ 101.703405967110569, 12.715864422291865 ], [ 101.703405010803053, 12.71577409442396 ], [ 101.703497019701416, 12.71577315557618 ], [ 101.703493194415103, 12.715411844125251 ], [ 101.703309176870604, 12.715413721733876 ], [ 101.703308220632323, 12.715323393855661 ], [ 101.703216211881482, 12.715324332605295 ], [ 101.703215255683006, 12.715234004719512 ], [ 101.703123246957261, 12.715234943430406 ], [ 101.7031203785033, 12.714963959748296 ], [ 101.7032123871317, 12.714963021058056 ], [ 101.70321047480094, 12.714782365280325 ], [ 101.703302483357092, 12.714781426571996 ], [ 101.703300570990862, 12.714600770805292 ], [ 101.703392579474766, 12.714599832078873 ], [ 101.703391623270235, 12.714509504201377 ], [ 101.703299614818789, 12.714510442920915 ], [ 101.703295790204066, 12.714149131376553 ], [ 101.703479806840022, 12.7141472539607 ], [ 101.70347885063984, 12.714056926086664 ], [ 101.703386842357986, 12.714057864803635 ], [ 101.703384930044592, 12.713877209039746 ], [ 101.703476938261545, 12.713876270336547 ], [ 101.703473113593247, 12.713514958828078 ], [ 101.703381105506068, 12.713515897503738 ], [ 101.703376324998459, 12.71306425806833 ], [ 101.703468332923407, 12.713063319427087 ], [ 101.703467376811531, 12.712972991544836 ], [ 101.703375368918998, 12.712973930179189 ], [ 101.703374412846912, 12.712883602289368 ], [ 101.703282404979461, 12.712884540884982 ], [ 101.70328144894718, 12.712794212987591 ], [ 101.703189441104826, 12.712795151544469 ], [ 101.703188485112335, 12.712704823639507 ], [ 101.703280492922246, 12.712703885089514 ], [ 101.703279536904645, 12.712613557190757 ], [ 101.703187529127192, 12.712614495733863 ], [ 101.703185617178988, 12.712433839920516 ], [ 101.703277624891555, 12.712432901391175 ], [ 101.703269977133459, 12.711710278165475 ], [ 101.703177969680382, 12.71171121663974 ], [ 101.703175101989814, 12.711440232898154 ], [ 101.703083094626706, 12.711441171319917 ], [ 101.703077359638783, 12.710899203776945 ], [ 101.702985352462946, 12.71090014212556 ], [ 101.702983440924015, 12.710719486258656 ], [ 101.70307544803498, 12.710718547923808 ], [ 101.703070669154215, 12.710266908278989 ], [ 101.702978662205439, 12.710267846579415 ], [ 101.70297483936298, 12.7099065348237 ], [ 101.703066846181997, 12.709905596550806 ], [ 101.703041044197974, 12.707466742099042 ], [ 101.702949038254587, 12.707467680186081 ], [ 101.702948082760955, 12.707377352226958 ], [ 101.702856076842636, 12.707378290275271 ], [ 101.702855121388779, 12.707287962308579 ], [ 101.702947127274669, 12.707287024267146 ], [ 101.702945216324196, 12.707106368345469 ], [ 101.70303722213788, 12.707105430285967 ], [ 101.703029578370717, 12.706382806626953 ], [ 101.702937572816438, 12.70638374463139 ], [ 101.702925153120304, 12.705209481002575 ], [ 101.702833147980186, 12.705210418885692 ], [ 101.702817864425384, 12.703765171073615 ], [ 101.702725859796601, 12.703766108814772 ], [ 101.702724904669353, 12.703675780813819 ], [ 101.702632900065652, 12.703676718516263 ], [ 101.702622394507912, 12.702683110384882 ], [ 101.702714398755049, 12.702682172758143 ], [ 101.70271344371605, 12.702591844748977 ], [ 101.702621439501328, 12.702592782368832 ], [ 101.702617619548548, 12.702231470297789 ], [ 101.702525615456111, 12.70223240785829 ], [ 101.702518931048758, 12.701600111659445 ], [ 101.702426927175864, 12.701601049139946 ], [ 101.702424062637391, 12.701330065023816 ], [ 101.70251606641304, 12.701329127563961 ], [ 101.702514156692672, 12.701148471496888 ], [ 101.700398069483569, 12.701170024705586 ], [ 101.700399023594642, 12.701260352897691 ], [ 101.700491027499595, 12.701259416144843 ], [ 101.700491981650416, 12.70134974432939 ], [ 101.700583985580437, 12.70134880753784 ], [ 101.70058684817424, 12.701619792066742 ], [ 101.700494844146988, 12.70162072887892 ], [ 101.700495798327196, 12.701711057060731 ], [ 101.700403794260183, 12.701711993847962 ], [ 101.700405702577839, 12.701892650223281 ], [ 101.700313698438663, 12.701893586992439 ], [ 101.700314652576097, 12.701983915185947 ], [ 101.700406656747703, 12.701982978409911 ], [ 101.700408565109441, 12.702163634781128 ], [ 101.700500569338516, 12.702162697959512 ], [ 101.700504386279817, 12.702524010666224 ], [ 101.700596390631205, 12.702523073785274 ], [ 101.700598299210782, 12.702703730120769 ], [ 101.700690303619652, 12.702702793194236 ], [ 101.70070080168928, 12.703696402914893 ], [ 101.700792806447367, 12.703695465880879 ], [ 101.700796624277373, 12.704056778458531 ], [ 101.700704619389612, 12.704057715520058 ], [ 101.700705573833062, 12.704148043669637 ], [ 101.700797578753253, 12.704147106601235 ], [ 101.70080044222496, 12.704418091025238 ], [ 101.700892447235063, 12.70441715390437 ], [ 101.700897219996989, 12.704868794562966 ], [ 101.700989225161834, 12.704867857375877 ], [ 101.700994952913206, 12.705409826102338 ], [ 101.701086958265236, 12.705408888842145 ], [ 101.701092686475747, 12.7059508575027 ], [ 101.701184692014962, 12.705949920169399 ], [ 101.701186601542119, 12.706130576370349 ], [ 101.701278607138818, 12.706129638991456 ], [ 101.701282426411026, 12.706490951357631 ], [ 101.701374432130081, 12.70649001391938 ], [ 101.701376341875132, 12.706670670084604 ], [ 101.701468347651684, 12.70666973260076 ], [ 101.701471212421694, 12.706940716822825 ], [ 101.701563218288172, 12.706939779286502 ], [ 101.701567038214122, 12.707301091545483 ], [ 101.701659044202955, 12.707300153949802 ], [ 101.701661909321899, 12.707571138116212 ], [ 101.701569903235765, 12.70757207573253 ], [ 101.701572768323587, 12.707843059913422 ], [ 101.701480762132832, 12.707843997518539 ], [ 101.701482672163266, 12.708024653649471 ], [ 101.701390665900306, 12.708025591236506 ], [ 101.701391620894114, 12.70811591930782 ], [ 101.701299614591363, 12.708116856869898 ], [ 101.701305344514068, 12.708658825324704 ], [ 101.701213338009381, 12.708659762896213 ], [ 101.701215247977558, 12.708840419056093 ], [ 101.701123241400666, 12.708841356609515 ], [ 101.701139476765945, 12.71037693397491 ], [ 101.701231483894219, 12.710375996304547 ], [ 101.701234349276504, 12.710646980504324 ], [ 101.701142342050929, 12.71064791819532 ], [ 101.701144252277672, 12.710828574338843 ], [ 101.70123625956812, 12.710827636634082 ], [ 101.701235304418645, 12.710737308569545 ], [ 101.701511326148591, 12.710734495284814 ], [ 101.701516102456068, 12.711186135497471 ], [ 101.701424095057916, 12.711187073325291 ], [ 101.7014326925826, 12.712000025726852 ], [ 101.701524700272699, 12.711999087837114 ], [ 101.701528521715673, 12.71236039997026 ], [ 101.701620529528199, 12.712359462021148 ], [ 101.701624351218584, 12.712720774115821 ], [ 101.701716359153522, 12.712719836107336 ], [ 101.701718270107705, 12.712900492136802 ], [ 101.701810278100169, 12.712899554082703 ], [ 101.701819833636705, 12.71380283412015 ], [ 101.701911841946256, 12.713801895965387 ], [ 101.701914708847937, 12.714072879942622 ], [ 101.702006717247471, 12.714071941735362 ], [ 101.702008628616909, 12.714252597703002 ], [ 101.702100637073983, 12.714251659450124 ], [ 101.702105415788523, 12.714703299322826 ], [ 101.702013407169204, 12.714704237610114 ], [ 101.702014362901735, 12.714794565589481 ], [ 101.702106371553484, 12.714793627295311 ], [ 101.702108283105488, 12.714974283238229 ], [ 101.70220029181479, 12.714973344898439 ], [ 101.70220315929528, 12.715244328787035 ], [ 101.702111150488633, 12.715245267147468 ], [ 101.702117841306688, 12.715877562911722 ], [ 101.702025832265534, 12.715878501288467 ], [ 101.702026788093647, 12.715968829258928 ], [ 101.701934779012689, 12.715969767610691 ], [ 101.701935734815706, 12.71606009558735 ], [ 101.701843725694943, 12.716061033914132 ], [ 101.701845637258145, 12.716241689879158 ], [ 101.701753628065106, 12.716242628187837 ], [ 101.701754583825291, 12.716332956176203 ], [ 101.701570565352284, 12.716334832711738 ], [ 101.701571521054902, 12.716425160713177 ], [ 101.70147951177492, 12.71642609894003 ], [ 101.701480467452441, 12.716516426947663 ], [ 101.701388458132641, 12.716517365149533 ], [ 101.701389413785066, 12.716607693163366 ], [ 101.701205395058537, 12.71660956948527 ], [ 101.701206350653393, 12.716699897512177 ], [ 101.701114341246651, 12.716700835632215 ], [ 101.701115296816411, 12.716791163665313 ], [ 101.700931277915956, 12.71679303982355 ], [ 101.700932233428148, 12.716883367869722 ], [ 101.700748214433375, 12.716885243914261 ], [ 101.700749169888041, 12.716975571973505 ], [ 101.700657160347163, 12.716976509954854 ], [ 101.700658115776704, 12.71706683802029 ], [ 101.700474096608033, 12.717068713901153 ], [ 101.700475051980007, 12.717159041979661 ], [ 101.700291032717018, 12.717160917746817 ], [ 101.700291988031438, 12.717251245838391 ], [ 101.700107968674132, 12.717253121491842 ], [ 101.700108923930998, 12.717343449596484 ], [ 101.699924904479403, 12.717345325136224 ], [ 101.6999258596787, 12.717435653253935 ], [ 101.699833849909425, 12.717436590982883 ], [ 101.69983289474257, 12.717346262858293 ], [ 101.699740884998391, 12.717347200548499 ], [ 101.699741840132788, 12.717437528679966 ], [ 101.699465810758809, 12.717440341580014 ], [ 101.699466765803194, 12.717530669731417 ], [ 101.699006716537355, 12.717535357295215 ], [ 101.699005761655258, 12.717445029109443 ], [ 101.698637722240193, 12.717448778559397 ], [ 101.698636767495273, 12.71735845034544 ], [ 101.698452747808574, 12.71736032486548 ], [ 101.698451793135902, 12.717269996637098 ], [ 101.698359783314004, 12.717270933842444 ], [ 101.698358828681123, 12.717180605606512 ], [ 101.698266818884335, 12.717181542773119 ], [ 101.698265864291258, 12.717091214529624 ], [ 101.698081844740543, 12.717093088753503 ], [ 101.698080890219728, 12.717002760495582 ], [ 101.697988880465815, 12.717003697552853 ], [ 101.697987925984791, 12.716913369287376 ], [ 101.697803906519837, 12.716915243292583 ], [ 101.697802952111076, 12.716824915012676 ], [ 101.697710942400036, 12.716825851960612 ], [ 101.697709988031065, 12.716735523673153 ], [ 101.697617978345136, 12.716736460582352 ], [ 101.697617024015969, 12.716646132287341 ], [ 101.697525014355151, 12.716647069157805 ], [ 101.697524060065774, 12.716556740855236 ], [ 101.697432050430066, 12.716557677686971 ], [ 101.69743109618048, 12.716467349376849 ], [ 101.697339086569897, 12.716468286169846 ], [ 101.697338132360102, 12.716377957852169 ], [ 101.697246122774629, 12.716378894606436 ], [ 101.697244214441966, 12.716198237955286 ], [ 101.697152204914062, 12.71619917466395 ], [ 101.697151250791194, 12.716108846330481 ], [ 101.69696723177826, 12.71611071963849 ], [ 101.69696627772764, 12.716020391290593 ], [ 101.69687426824261, 12.716021327889935 ], [ 101.696872360228298, 12.715840671178363 ], [ 101.696780350800836, 12.7158416077321 ], [ 101.69677939683713, 12.715751279368417 ], [ 101.696687387434778, 12.715752215883429 ], [ 101.696686433510877, 12.715661887512194 ], [ 101.696502414749062, 12.715663760432898 ], [ 101.696501460897395, 12.715573432047245 ], [ 101.696409451537932, 12.715574368452934 ], [ 101.696408497726054, 12.71548404005973 ], [ 101.696316488391687, 12.715484976426694 ], [ 101.696315534619615, 12.715394648025933 ], [ 101.696223525310359, 12.71539558435417 ], [ 101.696222571578062, 12.715305255945863 ], [ 101.696038553002481, 12.71530712849302 ], [ 101.696037599342404, 12.715216800070293 ], [ 101.69594559007605, 12.715217736289212 ], [ 101.695944636455778, 12.715127407858937 ], [ 101.695852627214535, 12.71512834403913 ], [ 101.695851673634039, 12.715038015601303 ], [ 101.695667655194455, 12.715039887852383 ], [ 101.695666701686193, 12.714949559400141 ], [ 101.695482683282165, 12.714951431510046 ], [ 101.695481729846151, 12.714861103043392 ], [ 101.695297711477664, 12.71486297501213 ], [ 101.695296758113884, 12.714772646531063 ], [ 101.695112739780939, 12.714774518358636 ], [ 101.695111786489392, 12.714684189863153 ], [ 101.694927768192031, 12.71468606154956 ], [ 101.694926814972703, 12.714595733039669 ], [ 101.694650787568989, 12.714598540309746 ], [ 101.694649834454353, 12.714508211778583 ], [ 101.694373807081988, 12.714511018741341 ], [ 101.694372854072014, 12.714420690188902 ], [ 101.69391280846699, 12.714425367788687 ], [ 101.693911855626595, 12.714335039201261 ], [ 101.693635828272946, 12.714337845358246 ], [ 101.693636781015996, 12.714428173966251 ], [ 101.691704587012083, 12.714447809180777 ], [ 101.691705539081056, 12.714538137932109 ], [ 101.691429511005083, 12.714540941836399 ], [ 101.69143046298403, 12.714631270607606 ], [ 101.690878406439651, 12.714636877597105 ], [ 101.690879358231243, 12.71472720640875 ], [ 101.690787348749097, 12.714728140802345 ], [ 101.690788300515564, 12.714818469620159 ], [ 101.690604281464402, 12.71482033832547 ], [ 101.690605233173287, 12.714910667156301 ], [ 101.69051322360427, 12.714911601468023 ], [ 101.690514175288016, 12.715001930305025 ], [ 101.690422165679237, 12.715002864591735 ], [ 101.690423117337872, 12.715093193434903 ], [ 101.690147088370225, 12.715095996124425 ], [ 101.690148991514747, 12.715276653849816 ], [ 101.689964972036591, 12.715278522177599 ], [ 101.689965923554922, 12.715368851052968 ], [ 101.689781903982578, 12.715370719267005 ], [ 101.68978285544334, 12.715461048155394 ], [ 101.689690845613725, 12.715461982221466 ], [ 101.689691797049349, 12.715552311116024 ], [ 101.689507777303277, 12.715554179166292 ], [ 101.689508728681318, 12.715644508073856 ], [ 101.689416718764861, 12.715645442058046 ], [ 101.689417670117763, 12.715735770971779 ], [ 101.689233650197963, 12.715737638858265 ], [ 101.689234601493297, 12.715827967785014 ], [ 101.689142591489954, 12.715828901687308 ], [ 101.689143542760149, 12.715919230620225 ], [ 101.689051532717059, 12.71592016449751 ], [ 101.689052483962115, 12.716010493436583 ], [ 101.688960473879234, 12.716011427288853 ], [ 101.688961425099166, 12.716101756234092 ], [ 101.688869414976509, 12.716102690061344 ], [ 101.688870366171301, 12.716193019012749 ], [ 101.688686345839159, 12.716194886585361 ], [ 101.688687296976369, 12.716285215549775 ], [ 101.688503276550037, 12.716287083008627 ], [ 101.68850422762965, 12.716377411986052 ], [ 101.688412217373056, 12.716378345674528 ], [ 101.68841316842753, 12.716468674658111 ], [ 101.688229147827485, 12.716470541953164 ], [ 101.688230098824377, 12.716560870949758 ], [ 101.688046078130157, 12.716562738131044 ], [ 101.688047029069438, 12.716653067140646 ], [ 101.6876789874634, 12.716656801148222 ], [ 101.687679938280183, 12.716747130184519 ], [ 101.687403906901494, 12.716749930376148 ], [ 101.687404857628238, 12.716840259432294 ], [ 101.686668773370272, 12.716847725262642 ], [ 101.686669723844673, 12.716938054372852 ], [ 101.686485702642159, 12.716939920525464 ], [ 101.686484752232658, 12.716849591401571 ], [ 101.686300731065799, 12.716851457413034 ], [ 101.686299780728518, 12.716761128274772 ], [ 101.686115759597328, 12.716762994145094 ], [ 101.686118610436338, 12.717033981598874 ], [ 101.685934589081171, 12.717035847382775 ], [ 101.685935539310549, 12.717126176546344 ], [ 101.68556749638266, 12.717129907759116 ], [ 101.685569396603697, 12.717310566138925 ], [ 101.685477385788531, 12.71731149887613 ], [ 101.685478335877576, 12.717401828071848 ], [ 101.685386325022634, 12.717402760784024 ], [ 101.685388225157709, 12.71758341918709 ], [ 101.685296214230561, 12.717584351881076 ], [ 101.685297164276591, 12.71767468108842 ], [ 101.685205153309695, 12.717675613757377 ], [ 101.685207053358766, 12.717856272183688 ], [ 101.685115042319623, 12.717857204834454 ], [ 101.685116942333039, 12.718037863271709 ], [ 101.685024931221676, 12.718038795904285 ], [ 101.685025881206869, 12.718129125128723 ], [ 101.684933870055744, 12.718130057736264 ], [ 101.684936719957818, 12.71840104542599 ], [ 101.685028731206316, 12.71840011279793 ], [ 101.685029681220769, 12.718490442019634 ], [ 101.685121692494434, 12.718489509352867 ], [ 101.685122642548635, 12.718579838567045 ], [ 101.685214653847424, 12.718578905861573 ], [ 101.685215603941401, 12.718669235068226 ], [ 101.685307615265373, 12.718668302324044 ], [ 101.685309515540169, 12.718848960721628 ], [ 101.685401526921737, 12.718848027931898 ], [ 101.685405327688869, 12.719209344691496 ], [ 101.685313316177442, 12.71921027750858 ], [ 101.685315216539934, 12.719390935897954 ], [ 101.685223204956287, 12.719391868696848 ], [ 101.685224155116032, 12.719482197897342 ], [ 101.685040131861854, 12.719484063413189 ], [ 101.685041081963988, 12.719574392626681 ], [ 101.68494907029347, 12.71957532534363 ], [ 101.684950020370451, 12.719665654563279 ], [ 101.684858008660171, 12.719666587255192 ], [ 101.684858958711999, 12.719756916480993 ], [ 101.684674935204598, 12.719758781782881 ], [ 101.684675885198786, 12.719849111021668 ], [ 101.68458387340165, 12.71985004363164 ], [ 101.684584823370699, 12.719940372876581 ], [ 101.684492811533801, 12.719941305461514 ], [ 101.684493761477682, 12.720031634712612 ], [ 101.684309737717044, 12.720033499800529 ], [ 101.6843106876033, 12.720123829064612 ], [ 101.684126663748515, 12.720125694038709 ], [ 101.684127613577147, 12.720216023315777 ], [ 101.6839435896282, 12.720217888176048 ], [ 101.683945489177532, 12.720398546755481 ], [ 101.683761465069495, 12.720400411515589 ], [ 101.683762414790195, 12.720490740817949 ], [ 101.683670402692755, 12.720491673157026 ], [ 101.683671352388288, 12.720582002465537 ], [ 101.683579340251072, 12.720582934779575 ], [ 101.683580289921451, 12.720673264094232 ], [ 101.683488277744473, 12.72067419638323 ], [ 101.683489227389671, 12.720764525704039 ], [ 101.683305202948873, 12.720766390200071 ], [ 101.683306152536446, 12.720856719533863 ], [ 101.683214140272625, 12.720857651740902 ], [ 101.683215089835031, 12.720947981080842 ], [ 101.683123077531448, 12.720948913262832 ], [ 101.683124027068686, 12.721039242608928 ], [ 101.683032014725327, 12.721040174765877 ], [ 101.683032964237412, 12.721130504118117 ], [ 101.682940951854292, 12.721131436250021 ], [ 101.682941901341209, 12.721221765608412 ], [ 101.682849888918312, 12.721222697715271 ], [ 101.682850838380062, 12.721313027079811 ], [ 101.682758825917375, 12.721313959161625 ], [ 101.682759775353972, 12.721404288532314 ], [ 101.682667762851537, 12.721405220589086 ], [ 101.682669661681672, 12.721585879342069 ], [ 101.682577649107003, 12.721586811380625 ], [ 101.682578598500541, 12.721677140762926 ], [ 101.68248658588611, 12.721678072776436 ], [ 101.682487535254495, 12.721768402164882 ], [ 101.68239552260026, 12.721769334153343 ], [ 101.682396471943477, 12.721859663547939 ], [ 101.682304459249494, 12.721860595511352 ], [ 101.682305408567544, 12.721950924912093 ], [ 101.682121383092706, 12.721952788756946 ], [ 101.682122332353117, 12.722043118170665 ], [ 101.682030319572291, 12.722044050052103 ], [ 101.682031268807535, 12.722134379471971 ], [ 101.681939255986919, 12.72213531132836 ], [ 101.681940205196994, 12.722225640754372 ], [ 101.681756179468948, 12.72222750438517 ], [ 101.681757128621371, 12.722317833824158 ], [ 101.681665115713926, 12.722318765598567 ], [ 101.681666064841181, 12.722409095043702 ], [ 101.681482038939464, 12.722410958510537 ], [ 101.68148298800908, 12.722501287968644 ], [ 101.681390975014793, 12.722502219661072 ], [ 101.681391924059227, 12.722592549125324 ], [ 101.681207897983825, 12.722594412428192 ], [ 101.68120884697062, 12.722684741905415 ], [ 101.681024820801085, 12.722686605094411 ], [ 101.681025769730226, 12.722776934584614 ], [ 101.68093375660203, 12.722777866138118 ], [ 101.680934705506004, 12.72286819563446 ], [ 101.680474639593243, 12.722872852957897 ], [ 101.680473690851642, 12.722782523427419 ], [ 101.680289664500393, 12.722784386119967 ], [ 101.680287767168963, 12.72260372702965 ], [ 101.680195754047347, 12.722604658314449 ], [ 101.680194805425032, 12.722514328761442 ], [ 101.680286818514176, 12.722513397483468 ], [ 101.680281126738706, 12.72197142019199 ], [ 101.680373139625729, 12.721970488923098 ], [ 101.680369345124788, 12.721609170742401 ], [ 101.680461357874634, 12.721608239468932 ], [ 101.680459460602989, 12.721427580388138 ], [ 101.680551473280602, 12.721426649096442 ], [ 101.680548627330438, 12.721155660490593 ], [ 101.680640639903359, 12.721154729187498 ], [ 101.680628307789434, 12.719980445246424 ], [ 101.680536295638575, 12.719981376460767 ], [ 101.680534398564646, 12.719800717368996 ], [ 101.680442386471412, 12.719801648537812 ], [ 101.680440489491616, 12.719620989429648 ], [ 101.680348477456008, 12.719621920552939 ], [ 101.680346580570315, 12.719441261428386 ], [ 101.680254568592346, 12.71944219250615 ], [ 101.6802536201929, 12.719351862936024 ], [ 101.680161608240113, 12.719352793975087 ], [ 101.680159711528034, 12.719172134819127 ], [ 101.680067699632886, 12.719173065812669 ], [ 101.68006675132024, 12.719082736226834 ], [ 101.679974739450245, 12.71908366718168 ], [ 101.679973791177375, 12.718993337588341 ], [ 101.679881779332547, 12.718994268504483 ], [ 101.679880831099425, 12.718903938903633 ], [ 101.679788819279764, 12.718904869781079 ], [ 101.679787871086404, 12.718814540172723 ], [ 101.679695859291925, 12.718815471011473 ], [ 101.679694911138299, 12.718725141395606 ], [ 101.67941887580848, 12.718727933700157 ], [ 101.679417927759545, 12.718637604063133 ], [ 101.679325916000806, 12.71863853476075 ], [ 101.679324967991619, 12.718548205116221 ], [ 101.679140944517201, 12.718550066402194 ], [ 101.679139996580219, 12.718459736743334 ], [ 101.678955973141555, 12.718461597888179 ], [ 101.678955025276792, 12.718371268214987 ], [ 101.678126919734055, 12.718379641727797 ], [ 101.678125972168743, 12.718289311992523 ], [ 101.677941948699527, 12.718291172408932 ], [ 101.677941001206406, 12.718200842659339 ], [ 101.677664966045313, 12.718203633024464 ], [ 101.677665913441061, 12.718293962794517 ], [ 101.677481889898971, 12.718295822892223 ], [ 101.677482837237065, 12.718386152675233 ], [ 101.677298813600913, 12.718388012659091 ], [ 101.677299760881382, 12.718478342455054 ], [ 101.6772077490199, 12.718479272405995 ], [ 101.677208696275201, 12.718569602208094 ], [ 101.676656624758607, 12.718575181285363 ], [ 101.676652836560194, 12.718213861909252 ], [ 101.676744848368003, 12.718212932169983 ], [ 101.676741060156317, 12.717851612810199 ], [ 101.676649048478367, 12.717852542522197 ], [ 101.676649995487892, 12.717942872369983 ], [ 101.676557983770181, 12.717943802056931 ], [ 101.676559877746186, 12.71812446176409 ], [ 101.67619183054282, 12.718128180247705 ], [ 101.676190883681016, 12.718037850367205 ], [ 101.676098871894425, 12.718038779901617 ], [ 101.676097925072369, 12.717948450013614 ], [ 101.676005913310945, 12.71794937950934 ], [ 101.676004019753591, 12.717768719717657 ], [ 101.675912008049821, 12.717769649167884 ], [ 101.675907274446189, 12.717317999642626 ], [ 101.675631239778042, 12.717320787699878 ], [ 101.675632186386821, 12.717411117626742 ], [ 101.675356151555746, 12.717413905417619 ], [ 101.67535520504434, 12.717323575470315 ], [ 101.674251065454285, 12.717334723683924 ], [ 101.674250119339646, 12.717244393654193 ], [ 101.673882072706533, 12.717248108678373 ], [ 101.673881126729015, 12.717157778620718 ], [ 101.673697103433696, 12.717159635927979 ], [ 101.673696157528369, 12.71706930585602 ], [ 101.673512134268861, 12.717071163022192 ], [ 101.673511188435711, 12.716980832935933 ], [ 101.673327165212029, 12.716982689961014 ], [ 101.673326219451084, 12.716892359860454 ], [ 101.673234207860773, 12.716893288318388 ], [ 101.673233262139561, 12.716802958210335 ], [ 101.67304923900204, 12.716804815016982 ], [ 101.673048293353006, 12.716714484894629 ], [ 101.672956281805796, 12.716715413243344 ], [ 101.672955336196495, 12.716625083113499 ], [ 101.672863324674452, 12.716626011423543 ], [ 101.672862379104885, 12.716535681286208 ], [ 101.672678356103901, 12.716537537797079 ], [ 101.672677410606511, 12.716447207645446 ], [ 101.672401376147874, 12.716449992152336 ], [ 101.672400430755133, 12.716359661979602 ], [ 101.672124396328371, 12.716362446179279 ], [ 101.672123451040264, 12.716272115985442 ], [ 101.671847416645434, 12.716274899877911 ], [ 101.671846471461976, 12.71618456966298 ], [ 101.671662448560625, 12.716186425418357 ], [ 101.671661503449357, 12.71609609518913 ], [ 101.671293457689231, 12.716099806290279 ], [ 101.671292512715056, 12.716009476033152 ], [ 101.670740444051503, 12.716015041688101 ], [ 101.670741388830962, 12.716105371986041 ], [ 101.670373342780067, 12.716109081812576 ], [ 101.670374287436985, 12.716199412137033 ], [ 101.670650322083418, 12.716196629794529 ], [ 101.67065126684497, 12.7162869600979 ], [ 101.671203336136315, 12.716281394511707 ], [ 101.671204281099861, 12.71637172477358 ], [ 101.671480315744773, 12.716368941529888 ], [ 101.671481260812939, 12.716459271770667 ], [ 101.671757295489769, 12.716456488219762 ], [ 101.671758240662598, 12.716546818439452 ], [ 101.671942263809044, 12.71654496256591 ], [ 101.671943209054049, 12.716635292771304 ], [ 101.672127232236321, 12.716633436756686 ], [ 101.672128177553503, 12.716723766947785 ], [ 101.672220189166183, 12.71672283888587 ], [ 101.672221134523099, 12.716813169069484 ], [ 101.672405157791559, 12.716811312836443 ], [ 101.672406103220681, 12.716901643005761 ], [ 101.672498114876447, 12.716900714834633 ], [ 101.672499060345288, 12.716991044996458 ], [ 101.672683083699937, 12.716989188544987 ], [ 101.672684029240955, 12.71707951869252 ], [ 101.672868052631415, 12.717077662099966 ], [ 101.672868998244638, 12.7171679922332 ], [ 101.672961009961412, 12.717167063882314 ], [ 101.672961955614355, 12.71725739400806 ], [ 101.673145979091004, 12.717255537197067 ], [ 101.673146924816137, 12.717345867308509 ], [ 101.673238936576013, 12.717344938848404 ], [ 101.67323988234088, 12.717435268952359 ], [ 101.673423905903704, 12.717433411922926 ], [ 101.673424851740762, 12.717523742012576 ], [ 101.673608875339397, 12.717521884842046 ], [ 101.673609821248661, 12.717612214917402 ], [ 101.673885856689424, 12.717609428902167 ], [ 101.673886802703322, 12.717699758956405 ], [ 101.674070826359028, 12.717697901439953 ], [ 101.674071772445132, 12.717788231479886 ], [ 101.674347807971472, 12.717785444945758 ], [ 101.674348754162239, 12.717875774964575 ], [ 101.674624789720454, 12.717872988123181 ], [ 101.674625736015884, 12.717963318120887 ], [ 101.674993783454752, 12.717959601858944 ], [ 101.674994729887288, 12.718049931828714 ], [ 101.675270765487369, 12.718047144277181 ], [ 101.675271712024582, 12.718137474225831 ], [ 101.675363723909172, 12.718136544971435 ], [ 101.675364670486118, 12.718226874912583 ], [ 101.67545668239589, 12.718225945619505 ], [ 101.675459522267801, 12.718496935418413 ], [ 101.675551534267669, 12.718496006073019 ], [ 101.675554374302493, 12.718766995845332 ], [ 101.675646386392472, 12.718766066447627 ], [ 101.67564827985035, 12.718946726278785 ], [ 101.675740291997968, 12.718945796835579 ], [ 101.675742185549922, 12.719126456650375 ], [ 101.675834197755179, 12.719125527161667 ], [ 101.675835144574535, 12.719215857061224 ], [ 101.675927156804974, 12.719214927533828 ], [ 101.675928103664077, 12.719305257425889 ], [ 101.676020115919684, 12.719304327859804 ], [ 101.676022009724676, 12.71948498762824 ], [ 101.676114022037936, 12.719484058016652 ], [ 101.676120650812052, 12.720116367136937 ], [ 101.676028638271546, 12.720117296796232 ], [ 101.676029585235952, 12.72020762667464 ], [ 101.675937572655684, 12.720208556308876 ], [ 101.675938519594894, 12.720298886193412 ], [ 101.675846506974878, 12.720299815802587 ], [ 101.67584745388892, 12.720390145693257 ], [ 101.675571415887788, 12.720392934349974 ], [ 101.675570469071147, 12.720302604438857 ], [ 101.675386443765561, 12.720304463370331 ], [ 101.675385497021153, 12.720214133444907 ], [ 101.675293484389897, 12.720215062856015 ], [ 101.675292537685237, 12.720124732923093 ], [ 101.67510851246584, 12.720126591636054 ], [ 101.675107565833358, 12.720036261688819 ], [ 101.674831528047051, 12.720039049498757 ], [ 101.674830581519274, 12.719948719530406 ], [ 101.674646556356933, 12.719950577897366 ], [ 101.674645609901347, 12.719860247914706 ], [ 101.674553597341728, 12.71986117704356 ], [ 101.674552650925889, 12.719770847053404 ], [ 101.674460638391452, 12.719771776143576 ], [ 101.674459692015361, 12.71968144614592 ], [ 101.674367679506105, 12.719682375197404 ], [ 101.674366733169776, 12.719592045192258 ], [ 101.674274720685702, 12.719592974205055 ], [ 101.674273774389093, 12.719502644192415 ], [ 101.673629687024075, 12.719509146341858 ], [ 101.673628740961988, 12.719418816280863 ], [ 101.673536728484621, 12.719419745025052 ], [ 101.673535782462295, 12.719329414956563 ], [ 101.673167732609926, 12.719333129587339 ], [ 101.673168678502407, 12.719423459683062 ], [ 101.672800628403763, 12.719427173831091 ], [ 101.672801574173661, 12.719517503953359 ], [ 101.672525536425908, 12.719520289250125 ], [ 101.672526482105695, 12.71961061939213 ], [ 101.672342456839218, 12.719612476110882 ], [ 101.672343402461351, 12.719702806265818 ], [ 101.672251389784734, 12.719703734584186 ], [ 101.672252335381671, 12.719794064745244 ], [ 101.67216032266532, 12.719794993038544 ], [ 101.672161268237062, 12.719885323205725 ], [ 101.671977242717617, 12.719887179710316 ], [ 101.671978188231691, 12.71997750989042 ], [ 101.671886175428597, 12.719978438101704 ], [ 101.671887120917489, 12.720068768287931 ], [ 101.671795108074647, 12.720069696474148 ], [ 101.671796053538358, 12.720160026666496 ], [ 101.671704040655783, 12.720160954827641 ], [ 101.671704986094284, 12.720251285026109 ], [ 101.671612973171975, 12.720252213162182 ], [ 101.671614864005861, 12.720432873570674 ], [ 101.671522851011332, 12.720433801688481 ], [ 101.671523796406717, 12.720524131898504 ], [ 101.671431783372469, 12.720525059991235 ], [ 101.671434619504836, 12.72079605063762 ], [ 101.671342606365911, 12.720796978718885 ], [ 101.671345442466318, 12.721067969379527 ], [ 101.671253429222716, 12.721068897449326 ], [ 101.671256265291163, 12.721339888124229 ], [ 101.671164251942884, 12.721340816182554 ], [ 101.671166142626589, 12.721521476642677 ], [ 101.671074129206104, 12.721522404682734 ], [ 101.671076019853942, 12.721703065153722 ], [ 101.670984006361252, 12.721703993175504 ], [ 101.670985896973235, 12.721884653657369 ], [ 101.67080186983614, 12.721886509632503 ], [ 101.670802815088109, 12.721976839886013 ], [ 101.670526774230524, 12.721979623630018 ], [ 101.670527719392325, 12.722069953903249 ], [ 101.670251678371926, 12.722072737380733 ], [ 101.670250733307526, 12.721982407087097 ], [ 101.670066705989171, 12.721984262565748 ], [ 101.670065760996991, 12.72189393225783 ], [ 101.669881733714519, 12.721895787595356 ], [ 101.669880788794558, 12.721805457273149 ], [ 101.669788775174894, 12.721806384887296 ], [ 101.669787830294652, 12.721716054557609 ], [ 101.669695816700184, 12.721716982133072 ], [ 101.669694871859676, 12.721626651795905 ], [ 101.669510844713898, 12.721628506837591 ], [ 101.669509899945609, 12.721538176486144 ], [ 101.669417886394285, 12.721539103952367 ], [ 101.669416941665716, 12.721448773593433 ], [ 101.669232914606241, 12.721450628416649 ], [ 101.669231969949877, 12.721360298043438 ], [ 101.669139956441697, 12.721361225400429 ], [ 101.669139011825081, 12.721270895019732 ], [ 101.668954984851879, 12.721272749624482 ], [ 101.668954040307455, 12.721182419229509 ], [ 101.66877001337015, 12.721184273693149 ], [ 101.66876906889793, 12.721093943283897 ], [ 101.668585041996479, 12.721095797606427 ], [ 101.668584097596479, 12.721005467182898 ], [ 101.66821604383631, 12.721009175418235 ], [ 101.66821509957343, 12.720918844966839 ], [ 101.667847045826946, 12.720922552664939 ], [ 101.667846101701201, 12.720832222185679 ], [ 101.667202007592579, 12.720838709382486 ], [ 101.667202951491021, 12.720929039909304 ], [ 101.666834897425076, 12.720932746204763 ], [ 101.666835841200921, 12.721023076758062 ], [ 101.666651814059463, 12.721024929728104 ], [ 101.666652757777612, 12.721115260294305 ], [ 101.666560744163519, 12.721116186738303 ], [ 101.666561687856472, 12.721206517310609 ], [ 101.666377660541585, 12.721208370116543 ], [ 101.666378604176856, 12.721298700701752 ], [ 101.666194576767992, 12.721300553393753 ], [ 101.666195520345582, 12.721390883991859 ], [ 101.666103506597793, 12.721391810296828 ], [ 101.666104450150158, 12.72148214090104 ], [ 101.666012436362649, 12.721483067180925 ], [ 101.666013379889819, 12.721573397791245 ], [ 101.665921366062577, 12.721574324046035 ], [ 101.665923253073728, 12.721754985278199 ], [ 101.665831239174295, 12.721755911514693 ], [ 101.665833126149522, 12.721936572757704 ], [ 101.665741112177884, 12.721937498975894 ], [ 101.665742999117185, 12.72211816022975 ], [ 101.665650985073356, 12.722119086429636 ], [ 101.665651928521427, 12.722209417062331 ], [ 101.665559914437864, 12.722210343237125 ], [ 101.665561801290821, 12.722391004514037 ], [ 101.665469787135052, 12.722391930670527 ], [ 101.665471673952084, 12.722572591958283 ], [ 101.665379659724124, 12.722573518096469 ], [ 101.66538154650523, 12.722754179395068 ], [ 101.665289532205051, 12.722755105514942 ], [ 101.665291418950218, 12.722935766824387 ], [ 101.665199404577848, 12.722936692925957 ], [ 101.665202234652611, 12.723207684905358 ], [ 101.665110220175549, 12.723208610995407 ], [ 101.665111163515832, 12.72329894166063 ], [ 101.665019148999065, 12.723299867725583 ], [ 101.66502197896601, 12.72357085973751 ], [ 101.664929964344552, 12.723571785790941 ], [ 101.664930907648881, 12.723662116467001 ], [ 101.664838892987703, 12.723663042495334 ], [ 101.66484172284683, 12.723934034539784 ], [ 101.664749708080961, 12.723934960556589 ], [ 101.664750651349365, 12.724025291243491 ], [ 101.664658636543749, 12.724026217235199 ], [ 101.664659579786942, 12.724116547928206 ], [ 101.664567564941606, 12.724117473894809 ], [ 101.664569451384779, 12.724298135292347 ], [ 101.664477436467237, 12.724299061240639 ], [ 101.664478379667216, 12.724389391945168 ], [ 101.664386364709927, 12.724390317868359 ], [ 101.664387307884695, 12.724480648578989 ], [ 101.664295292887687, 12.724481574477078 ], [ 101.664296236037217, 12.724571905193812 ], [ 101.664204221000475, 12.724572831066798 ], [ 101.66420516412478, 12.724663161789634 ], [ 101.664113149048319, 12.724664087637519 ], [ 101.6641140921474, 12.724754418366455 ], [ 101.664022077031191, 12.724755344189237 ], [ 101.664023020105034, 12.724845674924273 ], [ 101.663931004949106, 12.724846600721952 ], [ 101.663931947997725, 12.724936931463089 ], [ 101.663839932802063, 12.724937857235664 ], [ 101.663840875825457, 12.725028187982906 ], [ 101.663656845347404, 12.725030039445954 ], [ 101.663657788313088, 12.725120370206081 ], [ 101.663565773030712, 12.725121295896553 ], [ 101.663566715971172, 12.72521162666278 ], [ 101.663382685319704, 12.725213477961626 ], [ 101.663383628202439, 12.725303808740735 ], [ 101.663199597457009, 12.72530565992559 ], [ 101.663200540282034, 12.725395990717585 ], [ 101.663108524865962, 12.725396916268956 ], [ 101.663109467665763, 12.725487247067051 ], [ 101.663017452209957, 12.725488172593316 ], [ 101.663019337766329, 12.725668834201015 ], [ 101.662927322238332, 12.725669759708955 ], [ 101.662928264994903, 12.725760090518563 ], [ 101.662836249427158, 12.725761016001394 ], [ 101.662837192158506, 12.725851346817098 ], [ 101.662653160936301, 12.725853197700651 ], [ 101.662654103609924, 12.725943528529241 ], [ 101.662470072293758, 12.725945379298791 ], [ 101.66247101490967, 12.726035710140254 ], [ 101.662378999208244, 12.726036635483974 ], [ 101.662379941798918, 12.726126966331533 ], [ 101.662103894553681, 12.726129742191675 ], [ 101.662104837054144, 12.726220073058895 ], [ 101.662012821258756, 12.726220998288607 ], [ 101.662013763733981, 12.726311329161925 ], [ 101.661829732056503, 12.726313179539227 ], [ 101.661830674474004, 12.726403510425417 ], [ 101.661738658591915, 12.726404435573013 ], [ 101.661739600984177, 12.726494766465295 ], [ 101.661647585062354, 12.726495691587774 ], [ 101.661648527429406, 12.726586022486154 ], [ 101.661556511467836, 12.72658694758352 ], [ 101.661559338514948, 12.726857940294906 ], [ 101.661467322448686, 12.726858865380711 ], [ 101.661468264779728, 12.726949196289915 ], [ 101.661376248673747, 12.726950121350608 ], [ 101.66137719097955, 12.727040452265909 ], [ 101.661285174833822, 12.727041377301482 ], [ 101.661286117114386, 12.727131708222878 ], [ 101.661194100928938, 12.727132633233337 ], [ 101.66119504318425, 12.727222964160827 ], [ 101.661103026959083, 12.727223889146167 ], [ 101.661103969189142, 12.727314220079752 ], [ 101.661011952924241, 12.727315145039974 ], [ 101.661012895129076, 12.72740547597965 ], [ 101.660828862512545, 12.727407325817964 ], [ 101.660829804659642, 12.727497656770511 ], [ 101.660737788308026, 12.727498581648602 ], [ 101.660738730429884, 12.727588912607242 ], [ 101.660186631973176, 12.727594461246618 ], [ 101.660185690046248, 12.72750413024732 ], [ 101.660093673643942, 12.727505054902139 ], [ 101.660092731756748, 12.727414723895382 ], [ 101.65990869899538, 12.727416573095775 ], [ 101.659906815372651, 12.727235911053112 ], [ 101.659722782712279, 12.727237760098829 ], [ 101.659721840976758, 12.727147429062926 ], [ 101.659629824668201, 12.727148353531165 ], [ 101.659627941283816, 12.726967691443754 ], [ 101.659535925032998, 12.726968615866555 ], [ 101.659534983384162, 12.726878284815053 ], [ 101.659350950925756, 12.72688013355142 ], [ 101.65935000934914, 12.726789802485687 ], [ 101.659257993141551, 12.726790726799255 ], [ 101.659257051604669, 12.726700395726066 ], [ 101.659073019232764, 12.726702244243974 ], [ 101.659072077768087, 12.726611913156555 ], [ 101.658980061603756, 12.726612837360896 ], [ 101.658979120178799, 12.726522506266024 ], [ 101.658150974666611, 12.726530822608931 ], [ 101.658151915799195, 12.726621153764746 ], [ 101.657507801990448, 12.726627620292792 ], [ 101.657506861085238, 12.726537289089594 ], [ 101.656954763447672, 12.726542830543448 ], [ 101.656955704157951, 12.726633161787252 ], [ 101.656863687827226, 12.726634085258031 ], [ 101.656864628512267, 12.726724416507921 ], [ 101.656772612141808, 12.726725339953575 ], [ 101.656773552801596, 12.726815671209545 ], [ 101.656681536391432, 12.726816594630069 ], [ 101.656682477025967, 12.726906925892127 ], [ 101.656590460576069, 12.726907849287524 ], [ 101.656591401185352, 12.726998180555661 ], [ 101.656499384695749, 12.726999103925928 ], [ 101.656500325279765, 12.727089435200151 ], [ 101.656316292213887, 12.727091281858534 ], [ 101.656317232740165, 12.727181613145603 ], [ 101.656225216163904, 12.727182536433718 ], [ 101.656226156664928, 12.727272867726869 ], [ 101.656042123425721, 12.727274714220938 ], [ 101.656043063868992, 12.727365045526934 ], [ 101.655951047206059, 12.727365968732892 ], [ 101.655951987624078, 12.72745630004497 ], [ 101.655767954211541, 12.727458146374726 ], [ 101.655769834939321, 12.72763880902389 ], [ 101.65567781815723, 12.727639732154447 ], [ 101.655678758499462, 12.727730063484772 ], [ 101.655586741677652, 12.727730986590201 ], [ 101.655587681994646, 12.727821317926601 ], [ 101.655679698848928, 12.727820394814412 ], [ 101.655680639205627, 12.727910726143365 ], [ 101.655588622318845, 12.727911649262319 ], [ 101.655592383687988, 12.728272974598365 ], [ 101.655684400704715, 12.728272051452358 ], [ 101.655682519940711, 12.728091388799228 ], [ 101.655774536885261, 12.72809046563485 ], [ 101.65577265608519, 12.727909802992514 ], [ 101.65586467295752, 12.727908879809766 ], [ 101.655862792121397, 12.727728217178228 ], [ 101.656046825714384, 12.727726370744099 ], [ 101.656045885242207, 12.72763603944083 ], [ 101.656137901995365, 12.727635116182682 ], [ 101.656136961497921, 12.727544784885501 ], [ 101.656228978211374, 12.727543861602221 ], [ 101.656228037688649, 12.72745353031112 ], [ 101.656320054362382, 12.727452607002709 ], [ 101.656319113814419, 12.727362275717692 ], [ 101.656503147075213, 12.727360429018717 ], [ 101.656502206469497, 12.727270097746544 ], [ 101.656594223056572, 12.727269174355976 ], [ 101.656593282425604, 12.727178843089888 ], [ 101.656777315513054, 12.727176996226602 ], [ 101.656776374824332, 12.727086664973363 ], [ 101.656960407817905, 12.727084817996028 ], [ 101.656959467071431, 12.726994486755636 ], [ 101.657051483524882, 12.726993563225891 ], [ 101.657050542753169, 12.726903231991589 ], [ 101.6571425591669, 12.726902308436721 ], [ 101.657141618369934, 12.726811977208499 ], [ 101.657417667470256, 12.726809206372822 ], [ 101.657418608364679, 12.726899537580739 ], [ 101.658338771887003, 12.726890299320978 ], [ 101.658339713113506, 12.726980630460519 ], [ 101.658707778449781, 12.726976934236481 ], [ 101.65870871981349, 12.727067265348255 ], [ 101.658984768837158, 12.727064492825017 ], [ 101.658985710305544, 12.727154823915791 ], [ 101.659169743016776, 12.727152975393945 ], [ 101.659170684557381, 12.727243306470491 ], [ 101.659262700934633, 12.72724238215495 ], [ 101.659263642514972, 12.727332713224042 ], [ 101.659355658917463, 12.727331788869833 ], [ 101.659356600537521, 12.727422119931468 ], [ 101.659448616965264, 12.727421195538593 ], [ 101.659449558625056, 12.727511526592769 ], [ 101.659541575078038, 12.727510602161223 ], [ 101.659542516777549, 12.727600933207945 ], [ 101.659726549726784, 12.727599084235619 ], [ 101.659727491498515, 12.727689415268108 ], [ 101.659819507994769, 12.727688490727326 ], [ 101.659820449806219, 12.727778821752358 ], [ 101.659912466327725, 12.727777897172903 ], [ 101.659914350037326, 12.727958559207364 ], [ 101.659822333450848, 12.727959483800369 ], [ 101.659825158972112, 12.72823047686726 ], [ 101.660009192332737, 12.728228627608713 ], [ 101.66000825042012, 12.728138296600646 ], [ 101.660284300309286, 12.728135522493917 ], [ 101.660285242319389, 12.728225853481655 ], [ 101.660561292240871, 12.728223079067522 ], [ 101.660560350133295, 12.728132748100107 ], [ 101.660836399892133, 12.728129973419222 ], [ 101.660835457694333, 12.728039642471462 ], [ 101.660927474233631, 12.728038717520811 ], [ 101.660926532010578, 12.72794838657914 ], [ 101.661018548510143, 12.727947461603369 ], [ 101.661016664020806, 12.727766799731532 ], [ 101.661108680448166, 12.727765874737424 ], [ 101.661107738181869, 12.727675543807258 ], [ 101.661199754569481, 12.727674618788027 ], [ 101.661198812277945, 12.727584287863953 ], [ 101.661290828625837, 12.727583362819608 ], [ 101.661289886309063, 12.727493031901629 ], [ 101.661473918918105, 12.727491181730803 ], [ 101.661472034176342, 12.727310519919911 ], [ 101.661564050405019, 12.727309594800213 ], [ 101.66156310801253, 12.727219263900516 ], [ 101.661655124201474, 12.7272183387557 ], [ 101.661654181783732, 12.727128007862103 ], [ 101.661746197932942, 12.727127082692171 ], [ 101.661745255489961, 12.727036751804668 ], [ 101.661929287701696, 12.72703490138268 ], [ 101.661928345200977, 12.726944570508051 ], [ 101.662296409407574, 12.726940869308461 ], [ 101.662295466784144, 12.726850538460269 ], [ 101.662387482785192, 12.72684961308742 ], [ 101.662386540136552, 12.726759282245323 ], [ 101.662478556097852, 12.726758356847359 ], [ 101.66247761342396, 12.726668026011366 ], [ 101.662753661166946, 12.726665249646448 ], [ 101.662752718402857, 12.72657491883011 ], [ 101.662844734270209, 12.726573993318134 ], [ 101.662842848698787, 12.726393331696977 ], [ 101.663026880281791, 12.72639148060447 ], [ 101.663025937441986, 12.72630114980643 ], [ 101.663394000391094, 12.726297447265834 ], [ 101.663393057428593, 12.726207116494244 ], [ 101.663485073115268, 12.726206190786147 ], [ 101.663484130127543, 12.726115860020652 ], [ 101.663576145774485, 12.726114934287448 ], [ 101.663575202761521, 12.726024603528058 ], [ 101.664035280725003, 12.726019974417575 ], [ 101.664034337556885, 12.725929643691421 ], [ 101.664126353095341, 12.725928717780434 ], [ 101.664125409901985, 12.725838387060382 ], [ 101.664217425400707, 12.725837461124291 ], [ 101.664216482182127, 12.725747130410339 ], [ 101.664308497641116, 12.725746204449143 ], [ 101.664307554397311, 12.725655873741292 ], [ 101.664399569816567, 12.72565494775499 ], [ 101.664398626547523, 12.725564617053246 ], [ 101.664490641927046, 12.725563691041835 ], [ 101.664488755345758, 12.725383029649866 ], [ 101.66458077065306, 12.72538210362014 ], [ 101.664579827340802, 12.725291772929916 ], [ 101.664763857868707, 12.725289920788367 ], [ 101.664762914498738, 12.72519959011103 ], [ 101.664854929719326, 12.725198663999208 ], [ 101.664853986324147, 12.725108333327977 ], [ 101.664946001504987, 12.725107407191052 ], [ 101.664944114671414, 12.724926745860113 ], [ 101.665036129780049, 12.724925819704875 ], [ 101.665034242910551, 12.724745158384778 ], [ 101.665126257946966, 12.724744232211226 ], [ 101.665125314490624, 12.724653901556936 ], [ 101.665217329487305, 12.724652975358284 ], [ 101.665216386005724, 12.724562644710101 ], [ 101.665308400962672, 12.724561718486347 ], [ 101.665307457455881, 12.72447138784427 ], [ 101.665491487283063, 12.724469535314674 ], [ 101.665490543718562, 12.724379204685492 ], [ 101.665582558588795, 12.72437827837965 ], [ 101.665579727841376, 12.724107286508364 ], [ 101.665671742606918, 12.724106360191001 ], [ 101.665668911827368, 12.723835368333932 ], [ 101.665760926488232, 12.723834442005053 ], [ 101.665758095676551, 12.723563450162198 ], [ 101.665850110232711, 12.723562523821801 ], [ 101.665846335788828, 12.723201201382249 ], [ 101.665938350207838, 12.723200275037126 ], [ 101.665934575750157, 12.722838952613793 ], [ 101.666026590032018, 12.722838026263947 ], [ 101.666024702781769, 12.722657365061766 ], [ 101.666116716991411, 12.72265643869361 ], [ 101.666114829705251, 12.722475777502272 ], [ 101.666206843842687, 12.722474851115816 ], [ 101.666204956520602, 12.722294189935322 ], [ 101.666296970585833, 12.72229326353057 ], [ 101.666294139559724, 12.722022271775074 ], [ 101.666386153520293, 12.722021345358808 ], [ 101.666384266140895, 12.721840684198646 ], [ 101.666476280029258, 12.721839757764087 ], [ 101.666475336317959, 12.721749427189765 ], [ 101.666567350166602, 12.72174850073011 ], [ 101.666566406430121, 12.721658170161904 ], [ 101.666658420239017, 12.721657243677159 ], [ 101.666657476477312, 12.721566913115062 ], [ 101.666841504008403, 12.721565060063517 ], [ 101.666840560189016, 12.721474729514314 ], [ 101.666932573911211, 12.721473802947518 ], [ 101.6669316300666, 12.721383472404424 ], [ 101.667759752947433, 12.721375131929783 ], [ 101.667760697084262, 12.721465462411734 ], [ 101.667852710733868, 12.721464535526135 ], [ 101.667856487483718, 12.721825857419935 ], [ 101.667948501255921, 12.721824930475279 ], [ 101.667952278251832, 12.72218625233096 ], [ 101.668044292146675, 12.722185325327247 ], [ 101.668045236446275, 12.722275655782662 ], [ 101.668137250366328, 12.72227472874027 ], [ 101.668138194705676, 12.72236505918821 ], [ 101.668230208650925, 12.72236413210714 ], [ 101.668228319914562, 12.722183471224172 ], [ 101.668320333787605, 12.722182544124811 ], [ 101.668318445015359, 12.722001883252702 ], [ 101.668410458816211, 12.722000956135052 ], [ 101.668409514408495, 12.721910625704767 ], [ 101.668317500640114, 12.721911552815619 ], [ 101.668315611911453, 12.721730891939407 ], [ 101.668223598200754, 12.721731819004786 ], [ 101.668221709566069, 12.72155115811225 ], [ 101.668313723211824, 12.721550231060464 ], [ 101.668312778872902, 12.721459900619962 ], [ 101.668680833253404, 12.721456192121192 ], [ 101.668681777722199, 12.721546522534505 ], [ 101.668773791331645, 12.721545595323317 ], [ 101.668774735840159, 12.721635925729149 ], [ 101.668958763102196, 12.721634071197538 ], [ 101.668959707682944, 12.721724401589094 ], [ 101.669051721335521, 12.721723474268671 ], [ 101.669052665955988, 12.721813804652747 ], [ 101.669144679633789, 12.721812877293647 ], [ 101.669145624293989, 12.721903207670241 ], [ 101.669237637996986, 12.721902280272461 ], [ 101.669238582696948, 12.721992610641571 ], [ 101.669330596425141, 12.721991683205113 ], [ 101.669331541164823, 12.722082013566743 ], [ 101.66951556866438, 12.722080158584591 ], [ 101.669516513476268, 12.722170488931939 ], [ 101.669700541011693, 12.722168633808662 ], [ 101.6697014858958, 12.722258964141734 ], [ 101.669793499685099, 12.722258036525472 ], [ 101.669794444608939, 12.722348366851055 ], [ 101.669978472230653, 12.722346511509292 ], [ 101.669979417226713, 12.722436841820592 ], [ 101.670439486316184, 12.722432202874252 ], [ 101.670438541157765, 12.722341872596955 ], [ 101.670714582426825, 12.722339088866976 ], [ 101.670713637178252, 12.722248758609398 ], [ 101.67089766458966, 12.722246902643606 ], [ 101.670896719283419, 12.722156572398948 ], [ 101.671080746600808, 12.72215471631924 ], [ 101.671079801236885, 12.722064386087501 ], [ 101.671171814852201, 12.722063458006627 ], [ 101.671170869463097, 12.721973127781013 ], [ 101.671262883038665, 12.72197219967506 ], [ 101.671261937624351, 12.721881869455563 ], [ 101.671353951160185, 12.721880941324535 ], [ 101.671352060288427, 12.721700280897096 ], [ 101.671536087208395, 12.721698424566611 ], [ 101.671532305292388, 12.721337103757959 ], [ 101.671624318611578, 12.721336175572118 ], [ 101.671622427632258, 12.721155515177296 ], [ 101.671714440879242, 12.72115458697318 ], [ 101.671712549864083, 12.720973926589235 ], [ 101.671804563038862, 12.72097299836685 ], [ 101.671802671987834, 12.720792337993776 ], [ 101.671894685090408, 12.720791409753122 ], [ 101.671893739543336, 12.720701079572368 ], [ 101.671985752606162, 12.720700151306641 ], [ 101.671982915911201, 12.720429160780686 ], [ 101.67207492886935, 12.720428232503496 ], [ 101.672073983286438, 12.720337902333615 ], [ 101.672165996204868, 12.720336974031355 ], [ 101.672165050596746, 12.720246643867595 ], [ 101.672257063475428, 12.720245715540266 ], [ 101.672256117842124, 12.720155385382629 ], [ 101.672348130681058, 12.720154457030228 ], [ 101.672347185022574, 12.720064126878714 ], [ 101.672439197821774, 12.720063198501244 ], [ 101.672438252138079, 12.719972868355852 ], [ 101.672622277649722, 12.719971011518897 ], [ 101.672621331908388, 12.719880681386435 ], [ 101.67289737002389, 12.71987789591236 ], [ 101.67289642419243, 12.719787565799637 ], [ 101.673448500032222, 12.719781994031711 ], [ 101.673447554013251, 12.71969166395915 ], [ 101.673631579170049, 12.719689806461794 ], [ 101.67363252525395, 12.719780136520741 ], [ 101.674000575610066, 12.719776421116302 ], [ 101.674001521831102, 12.719866751147322 ], [ 101.674185547030433, 12.719864893240235 ], [ 101.674186493323688, 12.719955223256949 ], [ 101.674278505944883, 12.719954294248781 ], [ 101.674279452277872, 12.720044624258005 ], [ 101.674371464924278, 12.720043695211151 ], [ 101.674372411297014, 12.720134025212881 ], [ 101.674464423968587, 12.72013309612734 ], [ 101.674466316800846, 12.720313756115123 ], [ 101.674558329530072, 12.720312826984083 ], [ 101.674559275989594, 12.720403156970139 ], [ 101.674651288744002, 12.720402227800413 ], [ 101.67465318174979, 12.720582887756846 ], [ 101.674929220164174, 12.720580100015541 ], [ 101.674930166775383, 12.720670429972294 ], [ 101.675114192413517, 12.720668571305081 ], [ 101.675115139096931, 12.720758901247526 ], [ 101.675483190415676, 12.720755183503327 ], [ 101.675484137236253, 12.720845513417833 ], [ 101.676312252569588, 12.720837146567245 ], [ 101.676311305456792, 12.720746816714072 ], [ 101.676587343672722, 12.720744027210536 ], [ 101.67658639646983, 12.720653697377129 ], [ 101.676678409161426, 12.720652767485682 ], [ 101.676677461933338, 12.720562437658407 ], [ 101.676861487229758, 12.720560577793519 ], [ 101.67686053994403, 12.720470247979193 ], [ 101.67695255254884, 12.720469318005749 ], [ 101.676951605237932, 12.720378988197561 ], [ 101.677043617802994, 12.72037805819906 ], [ 101.677042670466903, 12.720287728397002 ], [ 101.677226695510228, 12.720285868318006 ], [ 101.677225748116484, 12.720195538528904 ], [ 101.677409773065762, 12.720193678336045 ], [ 101.677408825614364, 12.720103348559892 ], [ 101.677500838045603, 12.720102418422469 ], [ 101.677499890569052, 12.720012088652455 ], [ 101.677683915344716, 12.720010228295617 ], [ 101.677682967810512, 12.719919898538558 ], [ 101.677866992492099, 12.719918038067865 ], [ 101.677866044900256, 12.719827708323759 ], [ 101.678142081770574, 12.719824917399119 ], [ 101.678141134088619, 12.719734587674791 ], [ 101.678509183017155, 12.719730866022983 ], [ 101.678508235212632, 12.719640536325254 ], [ 101.678876283894667, 12.719636814190748 ], [ 101.678879127719654, 12.719907803200018 ], [ 101.678971139969335, 12.719906872566236 ], [ 101.678972087958044, 12.7199972022278 ], [ 101.67888007567592, 12.719998132868403 ], [ 101.678881023639448, 12.720088462536109 ], [ 101.678973035954058, 12.720087531888684 ], [ 101.678973983957349, 12.720177861548883 ], [ 101.678881971610281, 12.720178792203125 ], [ 101.678888607610261, 12.720811099853114 ], [ 101.678980620184589, 12.720810169151108 ], [ 101.678981568246215, 12.720900498805833 ], [ 101.67907358084571, 12.720899568065127 ], [ 101.67907737329503, 12.721260886649898 ], [ 101.678985360565648, 12.721261817417892 ], [ 101.678989153001737, 12.721623136019009 ], [ 101.679081165860993, 12.721622205223719 ], [ 101.67908495854364, 12.721983523786596 ], [ 101.679176971525493, 12.721982592932138 ], [ 101.679179816211445, 12.722253581826644 ], [ 101.679271829283408, 12.722252650919835 ], [ 101.679274674132415, 12.722523639787712 ], [ 101.67936668729449, 12.722522708828546 ], [ 101.679367635624558, 12.722613038442981 ], [ 101.679459648811815, 12.722612107445114 ], [ 101.679462493943177, 12.722883096263839 ], [ 101.679646520490664, 12.722881234131517 ], [ 101.679647468947309, 12.722971563722744 ], [ 101.679739482242582, 12.722970632601932 ], [ 101.679740430739002, 12.723060962185647 ], [ 101.679832444059443, 12.723060031026129 ], [ 101.67983339259564, 12.72315036060234 ], [ 101.679925405941262, 12.723149429404113 ], [ 101.679926354517221, 12.723239758972809 ], [ 101.680110381251538, 12.723237896467063 ], [ 101.680111329899731, 12.723328226021426 ], [ 101.680295356669831, 12.723326363374492 ], [ 101.680296305390272, 12.723416692914519 ], [ 101.680480332196126, 12.7234148301264 ], [ 101.680481280988801, 12.723505159652088 ], [ 101.680849334642858, 12.723501433665946 ], [ 101.680848385720282, 12.723411104167566 ], [ 101.681032412438583, 12.723409240996849 ], [ 101.681031463458353, 12.723318911511438 ], [ 101.681215490082522, 12.723317048226843 ], [ 101.681214541044639, 12.723226718754406 ], [ 101.681306554313295, 12.723225787071112 ], [ 101.681305605250245, 12.723135457604819 ], [ 101.681673658122008, 12.723131730580139 ], [ 101.681672708936361, 12.723041401140478 ], [ 101.68176472210358, 12.723040469311432 ], [ 101.681763772892765, 12.722950139877916 ], [ 101.682223838457006, 12.722945480288601 ], [ 101.682224787830194, 12.723035809687962 ], [ 101.682316800953615, 12.723034877667621 ], [ 101.68232059864927, 12.723396195230901 ], [ 101.682412611895288, 12.723395263151353 ], [ 101.682415460341105, 12.723666251296128 ], [ 101.682507473677234, 12.723665319164203 ], [ 101.682509372742572, 12.723845977910301 ], [ 101.682325345933094, 12.723847842169601 ], [ 101.682322497540895, 12.723576854008432 ], [ 101.682230484222629, 12.723577786069761 ], [ 101.682233332517413, 12.723848774251419 ], [ 101.682141319094427, 12.72384970630136 ], [ 101.682140369688014, 12.723759376901324 ], [ 101.681864329472674, 12.72376217283934 ], [ 101.681865278781657, 12.723852502259863 ], [ 101.681681251869989, 12.72385436607278 ], [ 101.681682201121333, 12.723944695506281 ], [ 101.681498174115504, 12.72394655920532 ], [ 101.681499123309194, 12.724036888651792 ], [ 101.681591136848226, 12.72403595681139 ], [ 101.681593035322464, 12.724216615688627 ], [ 101.68177706250853, 12.724214751884842 ], [ 101.68177801182155, 12.724305081308778 ], [ 101.682054052643366, 12.724302285343468 ], [ 101.682053103232917, 12.724211955940028 ], [ 101.682145116793109, 12.72421102389465 ], [ 101.682144167357478, 12.724120694497355 ], [ 101.682236180877894, 12.724119762426925 ], [ 101.682237130345996, 12.72421009181739 ], [ 101.682421157429872, 12.724208227567209 ], [ 101.682423056517877, 12.724388886318762 ], [ 101.68233104291464, 12.724389818473458 ], [ 101.682331992437113, 12.724480147855038 ], [ 101.681963937821237, 12.724483876182287 ], [ 101.681964887221099, 12.724574205590505 ], [ 101.681872873516397, 12.724575137599432 ], [ 101.681873822891092, 12.724665467013796 ], [ 101.681781809146628, 12.724666398997668 ], [ 101.681784657217065, 12.724937387257153 ], [ 101.682428753957126, 12.724930862556992 ], [ 101.682427804365659, 12.724840533185665 ], [ 101.682611831875022, 12.724838668712296 ], [ 101.682610882225916, 12.724748339353949 ], [ 101.683070950709109, 12.724743677646678 ], [ 101.683072850339414, 12.724924336294364 ], [ 101.683256877811488, 12.724922471360914 ], [ 101.683257827702548, 12.725012800670063 ], [ 101.683441855210376, 12.7250109355954 ], [ 101.683442805173698, 12.725101264890194 ], [ 101.683626832717252, 12.725099399674313 ], [ 101.683628732795739, 12.725280058234512 ], [ 101.683812760439977, 12.725278192863742 ], [ 101.683813710555143, 12.725368522129147 ], [ 101.683905724398784, 12.725367589389093 ], [ 101.683906674553725, 12.725457918646976 ], [ 101.683998688422548, 12.725456985868201 ], [ 101.68399963861728, 12.725547315118563 ], [ 101.68409165251127, 12.725546382301061 ], [ 101.684096403756882, 12.725998028508437 ], [ 101.684832515945004, 12.725990564546974 ], [ 101.684833466475894, 12.726080893731702 ], [ 101.68501749451481, 12.726079027408762 ], [ 101.685018445117976, 12.726169356579129 ], [ 101.685478515249756, 12.726164690179521 ], [ 101.685479466022642, 12.726255019315003 ], [ 101.685755508111441, 12.726252219072041 ], [ 101.685756458989076, 12.726342548186324 ], [ 101.686216529153285, 12.726337880442706 ], [ 101.686217480200625, 12.726428209522101 ], [ 101.686309494244014, 12.726427275870867 ], [ 101.686308543164174, 12.726336946798313 ], [ 101.686492571164052, 12.726335079413856 ], [ 101.686493522308851, 12.726425408472725 ], [ 101.687137620305421, 12.726418871574673 ], [ 101.687138571684898, 12.726509200584957 ], [ 101.687230585687644, 12.726508266607976 ], [ 101.687229634275681, 12.726417937604538 ], [ 101.68750567614255, 12.726415135502769 ], [ 101.687504724640462, 12.726324806519177 ], [ 101.687688752450171, 12.72632293830557 ], [ 101.68768780089043, 12.726232609334986 ], [ 101.688147870124268, 12.726227938277125 ], [ 101.68814691840943, 12.72613760934008 ], [ 101.68823893220177, 12.726136675039687 ], [ 101.688237980461778, 12.726046346108804 ], [ 101.688329994214314, 12.726045411783364 ], [ 101.688328090691314, 12.725864753933237 ], [ 101.688420104371573, 12.725863819589602 ], [ 101.68841820081289, 12.725683161750434 ], [ 101.688510214420873, 12.725682227388603 ], [ 101.688509262620016, 12.725591898474834 ], [ 101.688601276188209, 12.725590964087964 ], [ 101.688600324362199, 12.725500635180362 ], [ 101.688784351411655, 12.725498766324653 ], [ 101.68878339952802, 12.72540843743006 ], [ 101.689335480305857, 12.725402830138712 ], [ 101.689336432384366, 12.725493158992212 ], [ 101.689612472771913, 12.725490354895507 ], [ 101.689613424955184, 12.725580683727776 ], [ 101.689797451908561, 12.725578814156835 ], [ 101.689798404164108, 12.725669142974716 ], [ 101.689982431153169, 12.72566727326252 ], [ 101.689983383481007, 12.725757602066018 ], [ 101.690075396997031, 12.725756667155238 ], [ 101.690076349364659, 12.725846995951196 ], [ 101.690168362905851, 12.725846061001675 ], [ 101.690169315313284, 12.725936389790101 ], [ 101.690353342438641, 12.72593451978169 ], [ 101.690354294918365, 12.726024848555729 ], [ 101.690630335648905, 12.726022043283388 ], [ 101.690631288233391, 12.726112372036182 ], [ 101.690815315415435, 12.726110501681474 ], [ 101.690816268072211, 12.726200830419877 ], [ 101.691000295289911, 12.726198959923902 ], [ 101.691001248018964, 12.726289288647918 ], [ 101.691093261649314, 12.726288353345241 ], [ 101.691094214418172, 12.726378682061716 ], [ 101.691278241721847, 12.726376811346993 ], [ 101.691279194563009, 12.726467140049074 ], [ 101.691463221902339, 12.726465269193078 ], [ 101.691464174815792, 12.726555597880767 ], [ 101.691556188506951, 12.726554662398081 ], [ 101.691557141460208, 12.726644991078228 ], [ 101.6917411688855, 12.726643120003471 ], [ 101.691742121911048, 12.726733448669227 ], [ 101.69183413564518, 12.726732513077156 ], [ 101.691835088710548, 12.726822841735371 ], [ 101.692019116221815, 12.726820970441846 ], [ 101.692020069359458, 12.726911299085664 ], [ 101.692204096906366, 12.726909427650865 ], [ 101.6922050501163, 12.726999756280284 ], [ 101.692481091479195, 12.726996948868329 ], [ 101.692482044793906, 12.727087277476494 ], [ 101.692758086188263, 12.727084469756941 ], [ 101.692759039607751, 12.727174798343846 ], [ 101.692943067232321, 12.727172926357643 ], [ 101.692944020724099, 12.727263254930143 ], [ 101.693128048384295, 12.72726138280265 ], [ 101.693129001948392, 12.727351711360756 ], [ 101.693221015799978, 12.727350775242313 ], [ 101.693221969403879, 12.72744110379287 ], [ 101.693590024866864, 12.727437358972734 ], [ 101.693590978608029, 12.727527687495167 ], [ 101.693959034083647, 12.727523942137315 ], [ 101.693959987962074, 12.727614270631623 ], [ 101.694236029589234, 12.727611461257775 ], [ 101.694236983572452, 12.727701789730814 ], [ 101.694328997466002, 12.727700853202219 ], [ 101.694329951489038, 12.727791181667708 ], [ 101.694421965407727, 12.727790245100353 ], [ 101.694422919470583, 12.7278805735583 ], [ 101.694606947350934, 12.727878700314191 ], [ 101.694605993223107, 12.727788371869972 ], [ 101.695066062633174, 12.727783688235883 ], [ 101.695067016923431, 12.727874016645787 ], [ 101.69515903081593, 12.727873079816426 ], [ 101.69515712217779, 12.727692423009662 ], [ 101.69552517741451, 12.727688675428201 ], [ 101.695527086312524, 12.727869332180045 ], [ 101.695895141691736, 12.727865584033372 ], [ 101.695897050878983, 12.728046240727554 ], [ 101.695805036980218, 12.728047177825793 ], [ 101.695805991552362, 12.728137506178722 ], [ 101.695898005483613, 12.728136569073618 ], [ 101.695898960095576, 12.728226897418994 ], [ 101.696359029804185, 12.728222211380723 ], [ 101.696358075029778, 12.728131883069681 ], [ 101.696450088917004, 12.728130945773213 ], [ 101.696449134117458, 12.728040617468348 ], [ 101.696633161804897, 12.728038742793464 ], [ 101.696636026420464, 12.72830972766479 ], [ 101.696820054273459, 12.728307852821121 ], [ 101.696819099329304, 12.7282175245451 ], [ 101.697003127087953, 12.72821564958759 ], [ 101.69700503711357, 12.728396306111476 ], [ 101.696913023172939, 12.728397243619915 ], [ 101.696913978164275, 12.728487571887696 ], [ 101.697098006103175, 12.728485696825185 ], [ 101.69709896116683, 12.728576025078542 ], [ 101.697190975157739, 12.728575087492578 ], [ 101.697189064972818, 12.728394430998913 ], [ 101.697373092802692, 12.728392555758774 ], [ 101.697375003117571, 12.728573212224958 ], [ 101.697282989141328, 12.728574149874715 ], [ 101.697283944277288, 12.728664478113652 ], [ 101.697467972287399, 12.728662602768507 ], [ 101.697468927495663, 12.728752930993016 ], [ 101.697560941522198, 12.728751993265728 ], [ 101.697562852025769, 12.728932649698956 ], [ 101.697654866109914, 12.728931711926032 ], [ 101.697656776707845, 12.729112368342772 ], [ 101.69774879084963, 12.729111430524213 ], [ 101.697750701541892, 12.729292086924474 ], [ 101.697842715741317, 12.729291149060277 ], [ 101.697848448189291, 12.729833118203381 ], [ 101.697756433794922, 12.729834056108801 ], [ 101.697758344604679, 12.730014712498097 ], [ 101.697666330138006, 12.730015650385363 ], [ 101.697668240912151, 12.730196306785649 ], [ 101.697576226373144, 12.730197244654759 ], [ 101.697577181738751, 12.730287572860746 ], [ 101.697485167159911, 12.730288510704826 ], [ 101.697486122500351, 12.730378838917 ], [ 101.697394107881678, 12.730379776736049 ], [ 101.697395063196979, 12.730470104954406 ], [ 101.697303048538458, 12.730471042748423 ], [ 101.69730400382862, 12.730561370972966 ], [ 101.697211989130281, 12.730562308741954 ], [ 101.697212944395275, 12.73065263697268 ], [ 101.697120929657103, 12.730653574716637 ], [ 101.697121884896944, 12.730743902953547 ], [ 101.696937855333573, 12.730745778359497 ], [ 101.696938810515789, 12.730836106609457 ], [ 101.69684679569059, 12.730837044271452 ], [ 101.696847750847652, 12.730927372527596 ], [ 101.696663721110269, 12.730929247769614 ], [ 101.696664676209679, 12.731019576038813 ], [ 101.696480646377935, 12.731021451166962 ], [ 101.696481601419705, 12.731111779449208 ], [ 101.696205556519558, 12.731114591922777 ], [ 101.696206511471175, 12.731204920224938 ], [ 101.695930466407503, 12.731207732431988 ], [ 101.695929511553359, 12.731117404109229 ], [ 101.695745481539205, 12.731119278740687 ], [ 101.69574739112484, 12.731299935412988 ], [ 101.695655376041771, 12.731300872694598 ], [ 101.695656330813108, 12.731391201036583 ], [ 101.69538028542236, 12.731394012710592 ], [ 101.695381240103558, 12.731484341072489 ], [ 101.69519720974138, 12.731486215376043 ], [ 101.695198164364925, 12.731576543750982 ], [ 101.694830103422561, 12.731580292002715 ], [ 101.694831057923466, 12.731670620404426 ], [ 101.694462996733748, 12.731674368173159 ], [ 101.694462042362844, 12.731584039743998 ], [ 101.694370027079572, 12.731584976599558 ], [ 101.694370981417975, 12.731675305035584 ], [ 101.694002920081573, 12.73167905216625 ], [ 101.694003874297351, 12.731769380629039 ], [ 101.693911858912415, 12.73177031733881 ], [ 101.693912813103026, 12.731860645807769 ], [ 101.69336072044446, 12.731866265437572 ], [ 101.693361674447431, 12.731956593947013 ], [ 101.693177643437593, 12.731958466915433 ], [ 101.693178597382897, 12.732048795437905 ], [ 101.692442472790347, 12.732056286090293 ], [ 101.692441519105017, 12.731965957512957 ], [ 101.692257487948567, 12.731967829843292 ], [ 101.692258441568896, 12.732058158434345 ], [ 101.691706347728712, 12.732063774700794 ], [ 101.691707301161387, 12.732154103332297 ], [ 101.690971175370819, 12.732161589955739 ], [ 101.690972128550854, 12.73225191864139 ], [ 101.690512049531179, 12.732256596778397 ], [ 101.690511096513632, 12.73216626805848 ], [ 101.690419080720233, 12.732167203583314 ], [ 101.690420033705266, 12.732257532310083 ], [ 101.690236002031483, 12.732259403277739 ], [ 101.690235049111422, 12.732169074537266 ], [ 101.689682954109301, 12.732174686633401 ], [ 101.68968200139156, 12.732084357851134 ], [ 101.689313938040343, 12.732088098583057 ], [ 101.689312985459921, 12.731997769772708 ], [ 101.688944922121564, 12.732001509966757 ], [ 101.688943969678434, 12.731911181128327 ], [ 101.68875993803033, 12.731913051020225 ], [ 101.688758985659518, 12.731822722167417 ], [ 101.688390922405461, 12.731826461540972 ], [ 101.688389970171968, 12.731736132660084 ], [ 101.688113922752066, 12.731738936834716 ], [ 101.688112970623365, 12.731648607932605 ], [ 101.687652891606362, 12.731653280884682 ], [ 101.687651939647452, 12.731562951947655 ], [ 101.686363717881775, 12.731576031874432 ], [ 101.686364669385725, 12.731666360907262 ], [ 101.685904589673811, 12.731671030828458 ], [ 101.685903638332348, 12.731580701761416 ], [ 101.685443558600127, 12.731585370850803 ], [ 101.685445460965425, 12.731766029052599 ], [ 101.685353444932048, 12.731766962788447 ], [ 101.685354396093175, 12.731857291895157 ], [ 101.685170363939505, 12.731859159284809 ], [ 101.685171315042936, 12.73194948840451 ], [ 101.684987282795049, 12.731951355680222 ], [ 101.684988233840798, 12.732041684812916 ], [ 101.684804201498679, 12.732043551974684 ], [ 101.684805152486732, 12.732133881120371 ], [ 101.68462112005038, 12.732135748168195 ], [ 101.684622070980751, 12.732226077326873 ], [ 101.684530054719119, 12.732227010809762 ], [ 101.684531005624308, 12.732317339974591 ], [ 101.684438989322857, 12.73231827343241 ], [ 101.68443994020285, 12.732408602603392 ], [ 101.684347923861594, 12.732409536036144 ], [ 101.684352678208683, 12.732861181914963 ], [ 101.684260661697635, 12.732862115349992 ], [ 101.684263514296077, 12.733133102889573 ], [ 101.684171497680211, 12.733134036313205 ], [ 101.684172448528471, 12.733224365498531 ], [ 101.6840804318728, 12.733225298897088 ], [ 101.684083284363922, 12.733496286469467 ], [ 101.683899250835651, 12.733498153211878 ], [ 101.683904004808639, 12.733949799220504 ], [ 101.683811987871039, 12.733950732578021 ], [ 101.683814840244992, 12.734221720195487 ], [ 101.683722823202572, 12.734222653541597 ], [ 101.683724724756729, 12.734403311963483 ], [ 101.683632707641991, 12.734404245291357 ], [ 101.683633658397525, 12.73449457450811 ], [ 101.683541641242982, 12.734495507810907 ], [ 101.683542591973321, 12.734585837033809 ], [ 101.683358557577307, 12.734587703557334 ], [ 101.683359508249936, 12.734678032793219 ], [ 101.683267491008465, 12.73467896601395 ], [ 101.683269392310635, 12.73485962449733 ], [ 101.68336140961712, 12.734858691262934 ], [ 101.683362360311662, 12.734949020496767 ], [ 101.683454377643343, 12.734948087223621 ], [ 101.683455328377704, 12.735038416449932 ], [ 101.683547345734581, 12.735037483138042 ], [ 101.68354924729023, 12.735218141574936 ], [ 101.683733282112101, 12.735216274828076 ], [ 101.683735183826997, 12.735396933234895 ], [ 101.68382720129199, 12.73539599979992 ], [ 101.683829103101118, 12.735576658190327 ], [ 101.683921120623822, 12.735575724709769 ], [ 101.683923022527196, 12.735756383083768 ], [ 101.684015040107596, 12.735755449557621 ], [ 101.684015991102754, 12.735845778736756 ], [ 101.684108008708364, 12.73584484517186 ], [ 101.684108959743341, 12.735935174343476 ], [ 101.684200977374132, 12.73593424073983 ], [ 101.684202879531028, 12.736114899067328 ], [ 101.684294897219544, 12.736113965418092 ], [ 101.684296799470658, 12.736294623729179 ], [ 101.684388817216899, 12.736293690034353 ], [ 101.684389768385927, 12.736384019182029 ], [ 101.684481786157363, 12.73638308544845 ], [ 101.684482737366224, 12.736473414588607 ], [ 101.684574755162842, 12.736472480816278 ], [ 101.684575706411522, 12.736562809948909 ], [ 101.68466772423335, 12.736561876137825 ], [ 101.684668675521849, 12.736652205262939 ], [ 101.684852711208606, 12.736650337531337 ], [ 101.684853662569424, 12.736740666642088 ], [ 101.684945680434353, 12.736739732721578 ], [ 101.68494853465819, 12.7370107200292 ], [ 101.685040552613358, 12.737009786056255 ], [ 101.685043407000506, 12.737280773337199 ], [ 101.685135425045885, 12.737279839311817 ], [ 101.685136376555405, 12.737370168397256 ], [ 101.685228394625994, 12.737369234333119 ], [ 101.685229346175333, 12.737459563411035 ], [ 101.685413382359584, 12.737457695173322 ], [ 101.685414333981257, 12.737548024236874 ], [ 101.685506352094933, 12.737547090063297 ], [ 101.685507303756438, 12.737637419119322 ], [ 101.68559932189531, 12.737636484906989 ], [ 101.685600273596634, 12.73772681395549 ], [ 101.685692291760716, 12.737725879704398 ], [ 101.685693243501873, 12.737816208745373 ], [ 101.685785261691137, 12.737815274455519 ], [ 101.685787165260408, 12.737995932521734 ], [ 101.685879183507396, 12.737994998186279 ], [ 101.685880135335509, 12.738085327211518 ], [ 101.685972153607693, 12.738084392837299 ], [ 101.685973105475639, 12.738174721855014 ], [ 101.686065123773034, 12.738173787442035 ], [ 101.686067979518285, 12.738444774470537 ], [ 101.686159997905918, 12.738443840005115 ], [ 101.686160949868125, 12.738534169006403 ], [ 101.686252968280968, 12.738533234502217 ], [ 101.686252016286218, 12.738442905507769 ], [ 101.686344034659228, 12.738441970978503 ], [ 101.686344986686478, 12.738532299966108 ], [ 101.686805078604351, 12.738527626806738 ], [ 101.686806030801492, 12.738617955759448 ], [ 101.68717410433419, 12.738614216629982 ], [ 101.687175056668707, 12.738704545554628 ], [ 101.68735909345618, 12.738702675784676 ], [ 101.687358141056649, 12.738612346873719 ], [ 101.687910251048393, 12.738606736838799 ], [ 101.68791120364304, 12.738697065708685 ], [ 101.688003221981901, 12.738696130584293 ], [ 101.688004174616395, 12.738786459446649 ], [ 101.688280229686612, 12.7387836538614 ], [ 101.688281182425968, 12.738873982702531 ], [ 101.688649255880534, 12.738870241447895 ], [ 101.688650208757267, 12.738960570260952 ], [ 101.68883424550566, 12.738958699428403 ], [ 101.68883519845474, 12.739049028227081 ], [ 101.688927216850473, 12.739048092756073 ], [ 101.6889281698394, 12.739138421547215 ], [ 101.689020188260329, 12.739137486037434 ], [ 101.689021141289089, 12.739227814821039 ], [ 101.689113159735214, 12.73922687927249 ], [ 101.689114112803807, 12.739317208048565 ], [ 101.689390168195814, 12.739314401190825 ], [ 101.689392074550071, 12.739495058699816 ], [ 101.68957611157154, 12.739493187274309 ], [ 101.689578018085157, 12.739673844753156 ], [ 101.689670036649943, 12.739672908978816 ], [ 101.689670989950258, 12.739763237710363 ], [ 101.68976300854024, 12.739762301897247 ], [ 101.689764915227855, 12.739942959344583 ], [ 101.689856933875546, 12.73994202348584 ], [ 101.689858840657507, 12.740122680916732 ], [ 101.689950859362909, 12.740121745012365 ], [ 101.689951812797403, 12.740212073719928 ], [ 101.690043831528016, 12.740211137776781 ], [ 101.690045738483988, 12.740391795176158 ], [ 101.690137757272296, 12.740390859187379 ], [ 101.690140617858759, 12.740661845260748 ], [ 101.690232636737321, 12.740660909219487 ], [ 101.690233590313298, 12.740751237902387 ], [ 101.690325609217055, 12.740750301822352 ], [ 101.690327516456051, 12.74093095917239 ], [ 101.690419535417519, 12.740930023046721 ], [ 101.690423350113477, 12.741291337711157 ], [ 101.690515369197698, 12.74129040152615 ], [ 101.690516322922534, 12.741380730183694 ], [ 101.690608342031979, 12.741379793959906 ], [ 101.690611203347956, 12.741650779907863 ], [ 101.69070322254764, 12.741649843631587 ], [ 101.690705130193308, 12.741830500913093 ], [ 101.690797149450702, 12.741829564591178 ], [ 101.69080001107173, 12.742100550487731 ], [ 101.690892030419391, 12.74209961411333 ], [ 101.690893938268403, 12.742280271360565 ], [ 101.690985957673774, 12.742279334940525 ], [ 101.690988819599852, 12.74255032078567 ], [ 101.691080839095463, 12.742549384313135 ], [ 101.691081793118016, 12.742639712919962 ], [ 101.691173812638823, 12.742638776408644 ], [ 101.691177628932337, 12.74300009080166 ], [ 101.69126964857594, 12.742999154230993 ], [ 101.691273465116808, 12.743360468585621 ], [ 101.691365484883178, 12.743359531955599 ], [ 101.691367393262638, 12.743540189115089 ], [ 101.691459413086761, 12.743539252439426 ], [ 101.691462275808462, 12.743810238152953 ], [ 101.691554295722838, 12.74380930142479 ], [ 101.691555250010609, 12.743899629987736 ], [ 101.691647269950181, 12.743898693220785 ], [ 101.691649178612735, 12.74407935033091 ], [ 101.69174119861006, 12.744078413518309 ], [ 101.691743107366989, 12.744259070611983 ], [ 101.691927147469741, 12.744257196863554 ], [ 101.691928101924262, 12.744347525395652 ], [ 101.69211214206274, 12.744345651505759 ], [ 101.692113096589665, 12.744435980023455 ], [ 101.692205116680441, 12.744435043023749 ], [ 101.692206071247213, 12.744525371533905 ], [ 101.692666171753814, 12.744520686022037 ], [ 101.692667126490576, 12.744611014497217 ], [ 101.692759146602441, 12.744610077292176 ], [ 101.692765830192783, 12.745242376551227 ], [ 101.692857850525044, 12.745241439266238 ], [ 101.692858805385526, 12.745331767722215 ], [ 101.693134866435884, 12.74532895565504 ], [ 101.693142506364509, 12.746051583113539 ], [ 101.693050485761461, 12.746052520556081 ], [ 101.693052395751863, 12.746233177427559 ], [ 101.692960375076396, 12.746234114851873 ], [ 101.692963240019395, 12.746505100174531 ], [ 101.692871219238995, 12.74650603758748 ], [ 101.692874084150375, 12.746777022924542 ], [ 101.692782063265028, 12.746777960326126 ], [ 101.692783018217611, 12.746868288777296 ], [ 101.692690997292388, 12.7468692261538 ], [ 101.692692907154495, 12.747049883067803 ], [ 101.692600886156853, 12.747050820426077 ], [ 101.692601841066363, 12.747141148888906 ], [ 101.69250982002886, 12.747142086222096 ], [ 101.69251077491316, 12.747232414691098 ], [ 101.692326732751098, 12.747234289275358 ], [ 101.692327687577645, 12.747324617757389 ], [ 101.692235666453072, 12.747325555008464 ], [ 101.692236621254423, 12.747415883496668 ], [ 101.692144600089975, 12.747416820722654 ], [ 101.692146509649589, 12.747597477710716 ], [ 101.692238530879095, 12.747596540471019 ], [ 101.692240440533112, 12.747777197442621 ], [ 101.692332461820371, 12.747776260157263 ], [ 101.692333416690914, 12.747866588635178 ], [ 101.692425438003383, 12.747865651311015 ], [ 101.692426392913802, 12.74795597978139 ], [ 101.692518414251495, 12.747955042418424 ], [ 101.692519369201776, 12.748045370881254 ], [ 101.692611390564679, 12.748044433479485 ], [ 101.692612345554835, 12.74813476193477 ], [ 101.692704366942934, 12.748133824494197 ], [ 101.69270627701033, 12.74831448138899 ], [ 101.692890319894701, 12.748312606384575 ], [ 101.692889364792265, 12.748222277951237 ], [ 101.692981386190922, 12.748221340407969 ], [ 101.692980431063276, 12.748131011980805 ], [ 101.693164473773493, 12.748129136812146 ], [ 101.693161608239294, 12.747858151567693 ], [ 101.693253629485781, 12.747857213956022 ], [ 101.693252674289838, 12.747766885546694 ], [ 101.693344695496464, 12.747765947909938 ], [ 101.693342785061503, 12.74758529110294 ], [ 101.693526827322572, 12.747583415761033 ] ], [ [ 101.679618070182642, 12.720171346076652 ], [ 101.679802094752802, 12.720169484226282 ], [ 101.679803043055585, 12.720259813824379 ], [ 101.6799870676615, 12.72025795183286 ], [ 101.679990861205283, 12.720619270163812 ], [ 101.679898848776091, 12.720620201202811 ], [ 101.679899797147812, 12.720710530790665 ], [ 101.679715772202641, 12.720712392786684 ], [ 101.679714823895864, 12.72062206318518 ], [ 101.679622811444801, 12.720622994128552 ], [ 101.679620914918061, 12.720442334909844 ], [ 101.679528902524638, 12.720443265807688 ], [ 101.679527954304675, 12.720352936190485 ], [ 101.679435941936418, 12.72035386704963 ], [ 101.679434993756217, 12.720263537424916 ], [ 101.679342981413157, 12.720264468245363 ], [ 101.679341085139541, 12.72008380898024 ], [ 101.679617121952077, 12.720081016464219 ], [ 101.679618070182642, 12.720171346076652 ] ], [ [ 101.68539392573831, 12.718125394379857 ], [ 101.685485936852899, 12.718124461612966 ], [ 101.68548213630676, 12.717763144847881 ], [ 101.6855741472842, 12.717762212076479 ], [ 101.685573197133493, 12.717671882890336 ], [ 101.685665208071171, 12.717670950093909 ], [ 101.685663307726742, 12.717490291733249 ], [ 101.685755318592186, 12.71748935891863 ], [ 101.685754368398491, 12.717399029744115 ], [ 101.685846379224174, 12.717398096904471 ], [ 101.685845429005326, 12.717307767736113 ], [ 101.686029450569848, 12.7173059019749 ], [ 101.686028500293389, 12.717215572819535 ], [ 101.686304532487981, 12.71721277395924 ], [ 101.686303582121482, 12.717122444823714 ], [ 101.686763635470626, 12.71711777945343 ], [ 101.686764585999427, 12.717208108554743 ], [ 101.686856596679775, 12.717207175378244 ], [ 101.686857547248337, 12.717297504472034 ], [ 101.68704156865202, 12.71729563800975 ], [ 101.687042519292802, 12.717385967089166 ], [ 101.687134530016138, 12.717385033803382 ], [ 101.687138332782268, 12.717746350086838 ], [ 101.687046321929117, 12.717747283399998 ], [ 101.687048223291143, 12.717927941551306 ], [ 101.686956212365757, 12.717928874846283 ], [ 101.686959064366263, 12.718199862088641 ], [ 101.686867053336201, 12.71820079537228 ], [ 101.686868003985197, 12.718291124458544 ], [ 101.686775992915358, 12.718292057717152 ], [ 101.686776943539215, 12.718382386809573 ], [ 101.6866849324296, 12.718383320043156 ], [ 101.686687784247667, 12.718654307336836 ], [ 101.686595773033361, 12.718655240559075 ], [ 101.686597674217055, 12.718835898765125 ], [ 101.6865056629305, 12.718836831969179 ], [ 101.686506613500853, 12.718927161078023 ], [ 101.686414602174537, 12.718928094257047 ], [ 101.686415552719737, 12.719018423372043 ], [ 101.686323541353644, 12.719019356526037 ], [ 101.686324491873705, 12.719109685647194 ], [ 101.68595644620639, 12.719113417971824 ], [ 101.685955495816188, 12.719023088823304 ], [ 101.685771473003584, 12.719024954780711 ], [ 101.685769572374966, 12.718844296454261 ], [ 101.685677561022615, 12.718845229371475 ], [ 101.685676610751727, 12.718754900200384 ], [ 101.685584599424544, 12.718755833078889 ], [ 101.685583649193404, 12.718665503900276 ], [ 101.685491637891374, 12.718666436740069 ], [ 101.685489737515979, 12.718485778367103 ], [ 101.68539772627156, 12.718486711161351 ], [ 101.68539392573831, 12.718125394379857 ] ], [ [ 101.687207853081702, 12.750538564489954 ], [ 101.687391898407228, 12.75053669299062 ], [ 101.687390945081688, 12.75044636416264 ], [ 101.687574990312839, 12.750444492549187 ], [ 101.687574036929519, 12.750354163734205 ], [ 101.687666059501566, 12.750353227886396 ], [ 101.687665106093007, 12.750262899077576 ], [ 101.687757128625208, 12.750261963204661 ], [ 101.687755221764945, 12.750081305598655 ], [ 101.688031289122321, 12.750078497829268 ], [ 101.688030335605532, 12.749988169045777 ], [ 101.688398425182697, 12.749984424933327 ], [ 101.688397471543041, 12.749894096176535 ], [ 101.688673538551399, 12.749891287777256 ], [ 101.688674492288698, 12.7499816165135 ], [ 101.688766514642722, 12.74998068030966 ], [ 101.688765560872881, 12.749890351580261 ], [ 101.689225672370455, 12.749885670116013 ], [ 101.689224718445203, 12.749795341420173 ], [ 101.689408762927883, 12.749793468624517 ], [ 101.689409716918234, 12.74988379730666 ], [ 101.689501739181139, 12.749882860854058 ], [ 101.689502693211352, 12.749973189528662 ], [ 101.69023887131128, 12.749965696702791 ], [ 101.690239825609183, 12.7500560253219 ], [ 101.690607914613537, 12.750052278114728 ], [ 101.690606960185434, 12.749961949523028 ], [ 101.690698982385669, 12.749961012648209 ], [ 101.690698027932356, 12.749870684062676 ], [ 101.690790050092701, 12.749869747162762 ], [ 101.690789095614164, 12.749779418583399 ], [ 101.690973139847799, 12.749777544701423 ], [ 101.690972185311495, 12.749687216135078 ], [ 101.691156229450726, 12.749685342139006 ], [ 101.691155274856669, 12.749595013585688 ], [ 101.691247296882736, 12.749594076546581 ], [ 101.691246342263454, 12.749503747999432 ], [ 101.69133836424966, 12.74950281093523 ], [ 101.691337409605154, 12.749412482394247 ], [ 101.691429431551484, 12.74941154530495 ], [ 101.691428476881782, 12.749321216770133 ], [ 101.691520498788236, 12.749320279655741 ], [ 101.691519544093296, 12.7492299511271 ], [ 101.691795609671075, 12.749227139612801 ], [ 101.691794654885825, 12.749136811104039 ], [ 101.691978698502609, 12.749134936615139 ], [ 101.691977743659621, 12.749044608119402 ], [ 101.692161787181988, 12.749042733516422 ], [ 101.692160832281232, 12.748952405033711 ], [ 101.692344875709182, 12.748950530316652 ], [ 101.692343920750687, 12.74886020184697 ], [ 101.692435942421113, 12.748859264447375 ], [ 101.692434987437409, 12.748768935983865 ], [ 101.692527009067973, 12.748767998559181 ], [ 101.692525099057434, 12.748587341643814 ], [ 101.692433077491955, 12.748588279054784 ], [ 101.692432122530221, 12.748497950589215 ], [ 101.692340100989952, 12.748498887961377 ], [ 101.692338191153567, 12.748318231014464 ], [ 101.692246169671051, 12.74831916834097 ], [ 101.692245214796401, 12.748228839859626 ], [ 101.692153193339095, 12.748229777147325 ], [ 101.69215223850432, 12.748139448658437 ], [ 101.692060217072225, 12.748140385907334 ], [ 101.692059262277311, 12.748050057410904 ], [ 101.691967240870426, 12.748050994620998 ], [ 101.691966286115388, 12.747960666117027 ], [ 101.691874264733727, 12.747961603288317 ], [ 101.691872355310721, 12.747780946264603 ], [ 101.691504269971063, 12.747784694575463 ], [ 101.691505224548749, 12.747875023115084 ], [ 101.691229160369431, 12.747877834033366 ], [ 101.691230114856822, 12.747968162592869 ], [ 101.691046071968884, 12.74797003639237 ], [ 101.691047026398508, 12.748060364964896 ], [ 101.690862983416181, 12.748062238650324 ], [ 101.690863937788052, 12.74815256723587 ], [ 101.690771916253354, 12.748153504037518 ], [ 101.690772870600028, 12.74824383262923 ], [ 101.69031276265396, 12.748248516192541 ], [ 101.690313716845225, 12.748338844817832 ], [ 101.690221695201487, 12.748339781441507 ], [ 101.690220741042765, 12.748249452809365 ], [ 101.690036697798405, 12.748251325947168 ], [ 101.690037651892055, 12.748341654593018 ], [ 101.68930147836133, 12.74834914592117 ], [ 101.689300524528022, 12.748258817220519 ], [ 101.68884041599604, 12.748263498228095 ], [ 101.688839462332751, 12.74817316949251 ], [ 101.688471375505543, 12.748176913696136 ], [ 101.688470421979758, 12.748086584932473 ], [ 101.688010313443741, 12.748091264433974 ], [ 101.688009360087989, 12.748000935635391 ], [ 101.687733294976169, 12.748003742932392 ], [ 101.687732341725351, 12.747913414112585 ], [ 101.687456276645293, 12.747916221101537 ], [ 101.687455323499421, 12.74782589226051 ], [ 101.687087236753726, 12.747829634437823 ], [ 101.687086283745344, 12.747739305568727 ], [ 101.686718197012752, 12.747743047207532 ], [ 101.686717244141832, 12.747652718310379 ], [ 101.686533200796731, 12.747654588924419 ], [ 101.686532247998201, 12.747564260012899 ], [ 101.686256183023303, 12.747567065673842 ], [ 101.686255230329706, 12.747476736741104 ], [ 101.685979165386613, 12.74747954209402 ], [ 101.685978212797949, 12.747389213140069 ], [ 101.685702147886644, 12.747392018184954 ], [ 101.685701195402913, 12.747301689209801 ], [ 101.685425130523427, 12.747304493946656 ], [ 101.685424178144629, 12.747214164950298 ], [ 101.685148113296947, 12.747216969379139 ], [ 101.685147161023082, 12.74712664036157 ], [ 101.685055139425103, 12.747127575100457 ], [ 101.685054187191085, 12.747037246075363 ], [ 101.684870144038271, 12.747039115443625 ], [ 101.684869191876643, 12.746948786404168 ], [ 101.684409084029369, 12.74695345923161 ], [ 101.68440813203776, 12.746863130157283 ], [ 101.683763980972373, 12.746869670726205 ], [ 101.683763029215811, 12.746779341603336 ], [ 101.683394942862122, 12.74678307834119 ], [ 101.683393991243051, 12.746692749190291 ], [ 101.683209948087438, 12.746694617353889 ], [ 101.683208996540742, 12.746604288188639 ], [ 101.683024953420983, 12.746606156210797 ], [ 101.683023050479676, 12.746425497850902 ], [ 101.682470921335522, 12.74643110106874 ], [ 101.682471872607294, 12.746521430290025 ], [ 101.682287829435751, 12.746523297787427 ], [ 101.682286878229036, 12.746432968552476 ], [ 101.682010813514538, 12.746435769538511 ], [ 101.682009862412755, 12.746345440282379 ], [ 101.681641776154663, 12.746349174455904 ], [ 101.681640825190328, 12.746258845171761 ], [ 101.681548803640084, 12.746259778628458 ], [ 101.681547852715596, 12.746169449336803 ], [ 101.681271788118693, 12.746172249494743 ], [ 101.681270837299095, 12.746081920181915 ], [ 101.681086794263052, 12.746083786780506 ], [ 101.681085843515845, 12.745993457453332 ], [ 101.680625735960703, 12.745998123356689 ], [ 101.680624785383458, 12.745907793994688 ], [ 101.680440742375382, 12.745909660118782 ], [ 101.680439791870526, 12.745819330742444 ], [ 101.680071705896921, 12.745823062580028 ], [ 101.680070755529499, 12.745732733175696 ], [ 101.679794691070299, 12.745735531698022 ], [ 101.679793740807781, 12.745645202272529 ], [ 101.679241611887576, 12.745650798413818 ], [ 101.679240661827578, 12.745560468946691 ], [ 101.678044382022549, 12.745572589886072 ], [ 101.67804533165959, 12.745662919441891 ], [ 101.677217136933677, 12.745671307760695 ], [ 101.67721808628518, 12.74576163737721 ], [ 101.676942021147724, 12.745764432928992 ], [ 101.676942970408902, 12.745854762565276 ], [ 101.67666690510822, 12.745857557850034 ], [ 101.676667854279088, 12.745947887506091 ], [ 101.676483810643802, 12.74594975088319 ], [ 101.676484759756875, 12.746040080552193 ], [ 101.676208694151669, 12.746042875398727 ], [ 101.676209643174403, 12.746133205087498 ], [ 101.6760255993361, 12.746135068172437 ], [ 101.676026548301067, 12.746225397874154 ], [ 101.675842504368518, 12.746227260844957 ], [ 101.675843453275689, 12.746317590559622 ], [ 101.675751431265951, 12.746318522003925 ], [ 101.675752380147884, 12.746408851724716 ], [ 101.675660358098327, 12.746409783143893 ], [ 101.675661306954979, 12.746500112870818 ], [ 101.675477262768936, 12.746501975626968 ], [ 101.675478211567807, 12.746592305366836 ], [ 101.675294167287532, 12.746594168008839 ], [ 101.675295116028622, 12.746684497761645 ], [ 101.675203093845028, 12.746685429041545 ], [ 101.67520404256085, 12.746775758800487 ], [ 101.675112020337423, 12.746776690055254 ], [ 101.675112969028007, 12.746867019820327 ], [ 101.675020946764761, 12.746867951049966 ], [ 101.675021895430078, 12.746958280821163 ], [ 101.674837850816644, 12.746960143198232 ], [ 101.674839748038977, 12.74714080276582 ], [ 101.67474772565626, 12.747141733920065 ], [ 101.674748674245805, 12.747232063709648 ], [ 101.67465665182327, 12.747232994838756 ], [ 101.674657600387562, 12.747323324634465 ], [ 101.674565577925193, 12.747324255738441 ], [ 101.674566526464233, 12.747414585540273 ], [ 101.674474503962031, 12.747415516619119 ], [ 101.674476400996866, 12.747596176234358 ], [ 101.674384378422317, 12.747597107294881 ], [ 101.674386275421185, 12.747777766921002 ], [ 101.674294252774274, 12.7477786979632 ], [ 101.674296149737188, 12.747959357600205 ], [ 101.674204127017902, 12.747960288624084 ], [ 101.674205075477744, 12.748050618448367 ], [ 101.674113052718624, 12.748051549447105 ], [ 101.674114949595065, 12.748232209107247 ], [ 101.674022926763584, 12.748233140087658 ], [ 101.674023875180183, 12.748323469923511 ], [ 101.673931852308883, 12.748324400878785 ], [ 101.673935645917894, 12.748685720242589 ], [ 101.673843622909132, 12.748686651193157 ], [ 101.673845519692236, 12.748867310884568 ], [ 101.673937542766083, 12.748866379920381 ], [ 101.673938491201113, 12.74895670975825 ], [ 101.674030514300227, 12.748955778755301 ], [ 101.674031462775076, 12.749046108585672 ], [ 101.674675624492821, 12.749039590622736 ], [ 101.67467657320276, 12.749129920404737 ], [ 101.674860619407383, 12.749128057828438 ], [ 101.674861568189698, 12.749218387596132 ], [ 101.675597752977183, 12.749210935958391 ], [ 101.675599651084411, 12.749391595382701 ], [ 101.675967743563675, 12.749387868742492 ], [ 101.675964896023203, 12.749116879686786 ], [ 101.676056919027161, 12.749115947967304 ], [ 101.676053122278347, 12.748754629244033 ], [ 101.676145145144844, 12.748753697519868 ], [ 101.676144195943309, 12.748663367844152 ], [ 101.676236218769972, 12.748662436094852 ], [ 101.676234320323672, 12.748481776755003 ], [ 101.676326343077974, 12.748480844987384 ], [ 101.676324444595735, 12.748300185658428 ], [ 101.676416467277647, 12.748299253872496 ], [ 101.67641551801492, 12.748208924213804 ], [ 101.676507540657013, 12.748207992402742 ], [ 101.676506591369034, 12.748117662750184 ], [ 101.676598613971279, 12.74811673091399 ], [ 101.676597664658033, 12.748026401267563 ], [ 101.67668968722046, 12.748025469406242 ], [ 101.67668873788196, 12.747935139765946 ], [ 101.676780760404554, 12.747934207879494 ], [ 101.676778861684355, 12.747753548610484 ], [ 101.676870884134573, 12.74775261670572 ], [ 101.676869934752858, 12.747662287077008 ], [ 101.676961957163243, 12.747661355147111 ], [ 101.67696100775629, 12.747571025524532 ], [ 101.677145052490104, 12.747569161582547 ], [ 101.677144103025341, 12.747478831972915 ], [ 101.677236125348784, 12.74747789996082 ], [ 101.677235175858783, 12.747387570357324 ], [ 101.677327198142379, 12.747386638320103 ], [ 101.677326248627125, 12.747296308722742 ], [ 101.677510293107375, 12.747294444566103 ], [ 101.677509343534325, 12.747204114981695 ], [ 101.677693387920343, 12.747202250710915 ], [ 101.677692438289498, 12.747111921139458 ], [ 101.677784460439028, 12.747110988962971 ], [ 101.677783510782945, 12.747020659397654 ], [ 101.67796755499505, 12.747018794962484 ], [ 101.677966605281185, 12.746928465410123 ], [ 101.678058627343759, 12.746927533151441 ], [ 101.678057677604627, 12.746837203605214 ], [ 101.678425765651852, 12.746833474278331 ], [ 101.678424815789853, 12.746743144758703 ], [ 101.678884925522112, 12.746738482415475 ], [ 101.678883975504718, 12.746648152929275 ], [ 101.679252063029068, 12.746644422506996 ], [ 101.679251112888821, 12.746554093047406 ], [ 101.680171330863601, 12.746544764823913 ], [ 101.680172281329234, 12.746635094215245 ], [ 101.680264303119131, 12.746634161210382 ], [ 101.680265253624583, 12.746724490594206 ], [ 101.680357275439704, 12.74672355755057 ], [ 101.680361077664713, 12.747084875051707 ], [ 101.679992989839803, 12.747088607143803 ], [ 101.679993940284149, 12.747178936544682 ], [ 101.679809896262825, 12.74718080241272 ], [ 101.679810846649374, 12.74727113182656 ], [ 101.679718824595241, 12.747272064719485 ], [ 101.679720725325154, 12.747452723558764 ], [ 101.680364880006493, 12.747446192541878 ], [ 101.680365830610185, 12.747536521912705 ], [ 101.680733918969139, 12.747532789172942 ], [ 101.680732017508731, 12.74735213048522 ], [ 101.681100105490557, 12.747348397288951 ], [ 101.681102007211294, 12.747529055922049 ], [ 101.680917963104804, 12.747530922611389 ], [ 101.680918913911043, 12.747621251940565 ], [ 101.681194980157443, 12.74761845183815 ], [ 101.681195931068601, 12.747708781146155 ], [ 101.681287953168663, 12.747707847707964 ], [ 101.681288904119668, 12.747798177008457 ], [ 101.681380926244969, 12.747797243531487 ], [ 101.681381877235808, 12.747887572824464 ], [ 101.681657943665556, 12.747884772181392 ], [ 101.681656992577089, 12.747794442908909 ], [ 101.682209125044182, 12.747788840801194 ], [ 101.68221007632792, 12.747879170032698 ], [ 101.682578164623408, 12.747875434627966 ], [ 101.682579116044593, 12.74796576383145 ], [ 101.682947204353397, 12.747962027888249 ], [ 101.682948155912058, 12.748052357063715 ], [ 101.683408266296382, 12.74804768638174 ], [ 101.683409218025062, 12.748138015522352 ], [ 101.68359326219273, 12.748136147012266 ], [ 101.6835942139938, 12.748226476138523 ], [ 101.683870280288133, 12.74822367311328 ], [ 101.683871232194136, 12.748314002218347 ], [ 101.684055276418889, 12.748312133361445 ], [ 101.684056228397296, 12.748402462452148 ], [ 101.684516338994015, 12.748397789716631 ], [ 101.684517291142441, 12.748488118772469 ], [ 101.684609313272404, 12.748487184122682 ], [ 101.684610265460677, 12.748577513170993 ], [ 101.684702287615877, 12.748576578482423 ], [ 101.684703239843998, 12.748666907523212 ], [ 101.685439417082705, 12.748659428809811 ], [ 101.685440369578487, 12.748749757795201 ], [ 101.685716436019987, 12.748746952730009 ], [ 101.685717388620731, 12.748837281694197 ], [ 101.685993455094049, 12.748834476320948 ], [ 101.685994407799711, 12.748924805263922 ], [ 101.686178452143778, 12.748922934841662 ], [ 101.686181310499947, 12.749193921625427 ], [ 101.686273332758645, 12.749192986345847 ], [ 101.68627523843108, 12.749373644184574 ], [ 101.686367260747559, 12.749372708859363 ], [ 101.686369166514325, 12.749553366681665 ], [ 101.686461188888586, 12.749552431310818 ], [ 101.686462141815497, 12.749642760214098 ], [ 101.686554164214968, 12.749641824804458 ], [ 101.686556070155845, 12.749822482595274 ], [ 101.686648092613098, 12.749821547139994 ], [ 101.68664904562705, 12.749911876027532 ], [ 101.686833090584699, 12.749910005007441 ], [ 101.686834043671055, 12.750000333880607 ], [ 101.686926066171452, 12.749999398315788 ], [ 101.686927019297684, 12.75008972718142 ], [ 101.687019041823319, 12.750088791577809 ], [ 101.687022854531563, 12.750450107006113 ], [ 101.686930831875742, 12.750451042637099 ], [ 101.686931785038539, 12.750541371499308 ], [ 101.686839762342856, 12.750542307105182 ], [ 101.686840715480429, 12.750632635973544 ], [ 101.686748692744871, 12.750633571554314 ], [ 101.686750598976872, 12.750814229302669 ], [ 101.686658576168909, 12.75081516486517 ], [ 101.686661435474122, 12.751086151503085 ], [ 101.686569412561198, 12.751087087054163 ], [ 101.686570365645011, 12.75117741593894 ], [ 101.686662388590491, 12.751176480381018 ], [ 101.686665247983498, 12.751447467010703 ], [ 101.686757271019317, 12.751446531400298 ], [ 101.68675822419749, 12.751536860268645 ], [ 101.686850247258548, 12.751535924619443 ], [ 101.686851200476596, 12.751626253480257 ], [ 101.686943223562892, 12.751625317792259 ], [ 101.686941317069, 12.751444660083624 ], [ 101.686849294047818, 12.751445595757939 ], [ 101.686844528103876, 12.750993951440133 ], [ 101.686936550962315, 12.750993015800038 ], [ 101.686934644570854, 12.750812358081804 ], [ 101.687026667356875, 12.750811422423441 ], [ 101.68702571413958, 12.750721093570137 ], [ 101.687117736885725, 12.750720157886663 ], [ 101.687116783643191, 12.75062982903952 ], [ 101.687208806349474, 12.750628893330939 ], [ 101.687207853081702, 12.750538564489954 ] ], [ [ 101.686141149386799, 12.692913280677951 ], [ 101.685865143379388, 12.692916074113501 ], [ 101.685866091722204, 12.693006403445908 ], [ 101.685590085551837, 12.693009196615739 ], [ 101.685589137306209, 12.692918867262817 ], [ 101.685497135267198, 12.692919798248976 ], [ 101.685494290671301, 12.69264881016559 ], [ 101.685126282830879, 12.692652533710147 ], [ 101.685127230892633, 12.69274286309931 ], [ 101.685035228881887, 12.692743793912777 ], [ 101.685036176918572, 12.692834123308099 ], [ 101.684944174868122, 12.692835054096603 ], [ 101.684946070898633, 12.69301571289887 ], [ 101.68485406877609, 12.693016643669241 ], [ 101.684855016769916, 12.693106973076185 ], [ 101.684947018924845, 12.693106042298975 ], [ 101.684947966958362, 12.693196371698402 ], [ 101.685039969138373, 12.693195440882551 ], [ 101.68504091721158, 12.693285770274453 ], [ 101.685132919416674, 12.693284839419961 ], [ 101.685133867529601, 12.693375168804346 ], [ 101.685225869759776, 12.693374237911209 ], [ 101.68522681791238, 12.693464567288069 ], [ 101.685318820167652, 12.69346363635629 ], [ 101.685319768359946, 12.693553965725632 ], [ 101.68550377291335, 12.693552103752982 ], [ 101.685504721177736, 12.693642433107964 ], [ 101.685596723475868, 12.693641502067088 ], [ 101.685597671779959, 12.693731831414549 ], [ 101.685689674103173, 12.693730900335032 ], [ 101.685690622446955, 12.69382122967497 ], [ 101.685966629469945, 12.69381843622506 ], [ 101.685964732595338, 12.693637777585536 ], [ 101.686056734856919, 12.693636846385633 ], [ 101.686054837946756, 12.693456187757056 ], [ 101.68614684013626, 12.693455256539027 ], [ 101.686145891659748, 12.693364927230556 ], [ 101.686237893809562, 12.693363995987564 ], [ 101.686236945307968, 12.693273666685249 ], [ 101.686328947418076, 12.69327273541729 ], [ 101.686326101859976, 12.693001747526772 ], [ 101.686142097826789, 12.693003609989837 ], [ 101.686141149386799, 12.692913280677951 ] ], [ [ 101.682221049923157, 12.696385817109881 ], [ 101.682313053456042, 12.696384887009112 ], [ 101.682314000812951, 12.696475216582135 ], [ 101.682406004370932, 12.69647428644272 ], [ 101.682407899171452, 12.696654945573059 ], [ 101.682499902786944, 12.69665401538817 ], [ 101.682500850230554, 12.696744344945479 ], [ 101.682684857504398, 12.696742484466593 ], [ 101.682685805020128, 12.696832814009564 ], [ 101.682777808678495, 12.696831883715566 ], [ 101.682778756233915, 12.696922213251021 ], [ 101.682870759917392, 12.696921282918378 ], [ 101.682871707512504, 12.697011612446317 ], [ 101.682963711221092, 12.697010682075028 ], [ 101.682964658855894, 12.697101011595452 ], [ 101.683240670035048, 12.697098220270195 ], [ 101.683236879150769, 12.696736902266393 ], [ 101.683420886307829, 12.696735041278483 ], [ 101.683419938540212, 12.696644711789491 ], [ 101.683603945603252, 12.696642850687992 ], [ 101.683602997778138, 12.696552521211983 ], [ 101.683695001266315, 12.696551590620347 ], [ 101.683694053416104, 12.696461261150489 ], [ 101.683786056864577, 12.696460330533876 ], [ 101.683785108989255, 12.69637000107017 ], [ 101.683877112398022, 12.696369070428572 ], [ 101.68387521660452, 12.696188411512788 ], [ 101.683967219941195, 12.696187480853046 ], [ 101.683966272022985, 12.696097151400963 ], [ 101.683874268718711, 12.696098082053867 ], [ 101.68387332084022, 12.696007752594266 ], [ 101.683781317561028, 12.69600868320852 ], [ 101.683780369722243, 12.695918353741403 ], [ 101.683596363206775, 12.695920214860813 ], [ 101.683594467680663, 12.695739555897188 ], [ 101.683410461265581, 12.695741416862015 ], [ 101.683409513578283, 12.695651087365512 ], [ 101.6833175103922, 12.695652017793375 ], [ 101.683316562744579, 12.695561688289354 ], [ 101.683132556415288, 12.695563549035981 ], [ 101.683133503998107, 12.695653878553667 ], [ 101.682949497574825, 12.695655739186716 ], [ 101.682950445100133, 12.695746068717382 ], [ 101.682766438582846, 12.695747929236848 ], [ 101.682767386050671, 12.695838258780498 ], [ 101.682675382748698, 12.695839188999347 ], [ 101.682676330191413, 12.695929518549143 ], [ 101.682584326849721, 12.695930448743011 ], [ 101.682585274267367, 12.696020778298958 ], [ 101.682677277641446, 12.696019848098262 ], [ 101.682678225098755, 12.696110177646693 ], [ 101.682770228497944, 12.696109247407348 ], [ 101.682771175994958, 12.696199576948265 ], [ 101.682863179419243, 12.696198646670281 ], [ 101.682864126955977, 12.696288976203682 ], [ 101.682956130405344, 12.696288045887052 ], [ 101.682957077981769, 12.696378375412939 ], [ 101.6828650745, 12.696379305736402 ], [ 101.6828660220513, 12.696469635268439 ], [ 101.682774018529827, 12.696470565566921 ], [ 101.682773071010899, 12.696380236028054 ], [ 101.682681067514523, 12.696381166287891 ], [ 101.682680120035315, 12.696290836741507 ], [ 101.682588116564034, 12.696291766962702 ], [ 101.682587169124503, 12.696201437408801 ], [ 101.682403162224844, 12.696203297742088 ], [ 101.682404109599588, 12.69629362730965 ], [ 101.682220102605939, 12.696295487529344 ], [ 101.682221049923157, 12.696385817109881 ] ], [ [ 101.683144875561297, 12.696737832712628 ], [ 101.683143927890868, 12.696647503203142 ], [ 101.683235931447953, 12.696646572763736 ], [ 101.683236879150769, 12.696736902266393 ], [ 101.683144875561297, 12.696737832712628 ] ], [ [ 101.683049081456247, 12.69637744505766 ], [ 101.683050029072362, 12.696467774576032 ], [ 101.683142032571936, 12.69646684418211 ], [ 101.683142980227757, 12.696557173692968 ], [ 101.682958973156502, 12.696559034462663 ], [ 101.682957077981769, 12.696378375412939 ], [ 101.683049081456247, 12.69637744505766 ] ], [ [ 101.689430552713347, 12.699474689931799 ], [ 101.689428652519794, 12.699294031884849 ], [ 101.689520656551949, 12.699293099076668 ], [ 101.689517806219285, 12.699022112021655 ], [ 101.689609810146905, 12.699021179202203 ], [ 101.689607909896907, 12.698840521175807 ], [ 101.689699913752392, 12.698839588338235 ], [ 101.689697063335075, 12.69856860131407 ], [ 101.689605059576806, 12.698569534131096 ], [ 101.689603159399994, 12.698388876097868 ], [ 101.689511155699208, 12.698389808869377 ], [ 101.689510205654173, 12.698299479844888 ], [ 101.689418201978484, 12.698300412577732 ], [ 101.689417251973182, 12.698210083545714 ], [ 101.689233244664635, 12.69821194890225 ], [ 101.689232294731454, 12.698121619855849 ], [ 101.68914029109861, 12.698122552479544 ], [ 101.689139341205149, 12.698032223425608 ], [ 101.688863330359936, 12.698035021085248 ], [ 101.688864280156182, 12.698125350159724 ], [ 101.688680272824655, 12.698127215120756 ], [ 101.688681222563403, 12.698217544208244 ], [ 101.688589218854261, 12.698218476647885 ], [ 101.688590168567941, 12.698308805741533 ], [ 101.688682172309484, 12.698307873295049 ], [ 101.688683122062869, 12.698398202381163 ], [ 101.688775125829508, 12.698397269896017 ], [ 101.68877702542305, 12.698577928052513 ], [ 101.688869029247172, 12.698576995521849 ], [ 101.688872828651654, 12.698938311799246 ], [ 101.688780824697901, 12.698939244357296 ], [ 101.688782724379237, 12.699119902505593 ], [ 101.688598716320158, 12.699121767553624 ], [ 101.688599666106995, 12.699212096640439 ], [ 101.68850766203407, 12.699213029123571 ], [ 101.688513360714197, 12.699755003671193 ], [ 101.68842135643952, 12.699755936163585 ], [ 101.688422306212743, 12.69984626525931 ], [ 101.688330301898347, 12.699847197726728 ], [ 101.68833220140192, 12.700027855929815 ], [ 101.688240197015389, 12.700028788379102 ], [ 101.688241146745725, 12.700119117486466 ], [ 101.688149142319475, 12.70012004991078 ], [ 101.688151041737285, 12.700300708137153 ], [ 101.688243046228351, 12.700299775699152 ], [ 101.688244945740237, 12.700480433909098 ], [ 101.688428954830073, 12.700478568910242 ], [ 101.688429904661817, 12.700568898000501 ], [ 101.688521909228172, 12.700567965446492 ], [ 101.688522859099635, 12.700658294529218 ], [ 101.688706868275219, 12.700656429312037 ], [ 101.688707818218816, 12.700746758380385 ], [ 101.688983832024533, 12.700743960295391 ], [ 101.688979081893564, 12.700292315049515 ], [ 101.689071086318791, 12.700291382325112 ], [ 101.689068236230781, 12.700020395189929 ], [ 101.689160240551459, 12.700019462454245 ], [ 101.689157390432072, 12.699748475333456 ], [ 101.689249394648201, 12.699747542586493 ], [ 101.689248444590646, 12.699657213551712 ], [ 101.689340448767069, 12.699656280779777 ], [ 101.689338548609058, 12.699475622721858 ], [ 101.689430552713347, 12.699474689931799 ] ], [ [ 101.689168028494976, 12.709504941260374 ], [ 101.689076020762698, 12.709505874683279 ], [ 101.689073168532857, 12.70923488773677 ], [ 101.688705137919769, 12.709238621027763 ], [ 101.688704187320852, 12.709148292016836 ], [ 101.688612179681726, 12.709149225253123 ], [ 101.688611229122571, 12.709058896234662 ], [ 101.688427213887223, 12.709060762598005 ], [ 101.688426263400245, 12.708970433565167 ], [ 101.688334255804037, 12.708971366692225 ], [ 101.688333305356821, 12.708881037651858 ], [ 101.688149290207321, 12.708882903796743 ], [ 101.688148339832267, 12.708792574742002 ], [ 101.687872317150436, 12.708795373699957 ], [ 101.687873267428188, 12.708885702775234 ], [ 101.687781259820525, 12.708886635704372 ], [ 101.687783160333083, 12.709067293866568 ], [ 101.687875168005618, 12.709066360923737 ], [ 101.687877068612309, 12.709247019069508 ], [ 101.687969076342398, 12.709246086081144 ], [ 101.687970026689158, 12.709336415146156 ], [ 101.688338057666087, 12.709332682846851 ], [ 101.688339008149896, 12.7094230118838 ], [ 101.688615031403103, 12.709420212304394 ], [ 101.688619784418393, 12.70987185737617 ], [ 101.688527776512458, 12.709872790635385 ], [ 101.688528727105037, 12.709963119654534 ], [ 101.688436719159355, 12.709964052888749 ], [ 101.688439570883645, 12.710235039962637 ], [ 101.688991619031825, 12.710229439956382 ], [ 101.688990668255116, 12.71013911097352 ], [ 101.689266692133117, 12.710136310560985 ], [ 101.689265741266425, 12.710045981597984 ], [ 101.689633772871545, 12.710042247296126 ], [ 101.689630919926145, 12.709771260485212 ], [ 101.689354896525202, 12.709774061197734 ], [ 101.689353945655341, 12.709683732238846 ], [ 101.689261937872828, 12.709684665739145 ], [ 101.689260987042729, 12.709594336772724 ], [ 101.689168979285327, 12.709595270234328 ], [ 101.689168028494976, 12.709504941260374 ] ], [ [ 101.686779624910031, 12.709890516509441 ], [ 101.686777724979407, 12.709709858208996 ], [ 101.686685716992073, 12.709710790817576 ], [ 101.686684767070147, 12.709620461659483 ], [ 101.686776775025052, 12.709619529057747 ], [ 101.686775825078016, 12.709529199905818 ], [ 101.686867832993158, 12.709528267279074 ], [ 101.686866883021011, 12.709437938133304 ], [ 101.686958890896406, 12.709437005481558 ], [ 101.686957940899134, 12.709346676341939 ], [ 101.687233964384163, 12.709343878216153 ], [ 101.687233014296879, 12.709253549096385 ], [ 101.687417029852156, 12.709251683533649 ], [ 101.6874141794396, 12.708980696211301 ], [ 101.687322171762929, 12.708981628988061 ], [ 101.6873231218607, 12.709071958103037 ], [ 101.687139106420545, 12.709073823574705 ], [ 101.687140056460763, 12.709164152702687 ], [ 101.687048048697292, 12.709165085397597 ], [ 101.687048998712385, 12.709255414531736 ], [ 101.686680967455615, 12.709259145020281 ], [ 101.686681917348281, 12.709349474181108 ], [ 101.686497901611162, 12.709351339247988 ], [ 101.686498851446274, 12.709441668421819 ], [ 101.686222827688454, 12.709444465803815 ], [ 101.686223777433568, 12.709534794997479 ], [ 101.686131769467252, 12.709535727401295 ], [ 101.686132719187242, 12.709626056601115 ], [ 101.685948703167767, 12.709627921326886 ], [ 101.685949652830203, 12.709718250539703 ], [ 101.685857644777087, 12.709719182861656 ], [ 101.685859544058985, 12.709899841298927 ], [ 101.685951552176988, 12.709898908963295 ], [ 101.685952501861351, 12.70998923817406 ], [ 101.686044510004479, 12.70998830579974 ], [ 101.686047359198724, 12.710259293407422 ], [ 101.686231375657655, 12.710257428522189 ], [ 101.686233275286781, 12.710438086896529 ], [ 101.68632528357017, 12.710437154392457 ], [ 101.686326233428133, 12.710527483571761 ], [ 101.686418241736646, 12.710526551028998 ], [ 101.686420141539386, 12.710707209371867 ], [ 101.686512149905454, 12.710706276783574 ], [ 101.686513099850231, 12.710796605947143 ], [ 101.686697116625325, 12.710794740661324 ], [ 101.68669521661333, 12.710614082360868 ], [ 101.686603208294329, 12.710615015006024 ], [ 101.686601308376453, 12.71043435668915 ], [ 101.686509300115006, 12.710435289288768 ], [ 101.68650645039034, 12.710164301787804 ], [ 101.686598458554485, 12.710163369208713 ], [ 101.686597508628438, 12.710073040047197 ], [ 101.686689516752836, 12.710072107443098 ], [ 101.686687616857839, 12.709891449131705 ], [ 101.686779624910031, 12.709890516509441 ] ], [ [ 101.685127276465451, 12.710268615922653 ], [ 101.685126327051108, 12.710178286652381 ], [ 101.685218335324876, 12.710177354551018 ], [ 101.685210740013645, 12.709454720418949 ], [ 101.685118731999353, 12.709455652465605 ], [ 101.685117782650764, 12.70936532318918 ], [ 101.685025774661611, 12.709366255197155 ], [ 101.685024825352755, 12.709275925913211 ], [ 101.684932817388727, 12.7092768578825 ], [ 101.684933766665139, 12.709367187173283 ], [ 101.684657742631899, 12.709369982910586 ], [ 101.684658691818314, 12.7094603122212 ], [ 101.68373861090835, 12.709469629343873 ], [ 101.683739559777706, 12.709559958722158 ], [ 101.683647551614101, 12.709560890266106 ], [ 101.683648500458347, 12.709651219650539 ], [ 101.68346448404435, 12.709653082656557 ], [ 101.683465432831014, 12.709743412053975 ], [ 101.683557441074086, 12.709742480560056 ], [ 101.683559338734199, 12.709923139339182 ], [ 101.683651347034839, 12.709922207799746 ], [ 101.683653244789042, 12.710102866562469 ], [ 101.683745253147265, 12.710101934977516 ], [ 101.683747150995544, 12.71028259372383 ], [ 101.683839159411335, 12.710281662093362 ], [ 101.683841057353703, 12.710462320823272 ], [ 101.684025074293132, 12.710460457439448 ], [ 101.684026972394477, 12.710641116139282 ], [ 101.684395006445172, 12.710637388934751 ], [ 101.684396904835239, 12.710818047577165 ], [ 101.68458092194652, 12.710816183756455 ], [ 101.684581871217389, 12.710906513062961 ], [ 101.684765888364325, 12.710904649101176 ], [ 101.684766837707386, 12.710994978393325 ], [ 101.684950854889962, 12.71099311429046 ], [ 101.6849518043052, 12.711083443568251 ], [ 101.685043812917968, 12.711082511462205 ], [ 101.685040964596865, 12.710811523647294 ], [ 101.684948956081413, 12.710812455732826 ], [ 101.684948006688089, 12.710722126452984 ], [ 101.684855998197776, 12.710723058499829 ], [ 101.68485409949794, 12.710542399924416 ], [ 101.684946107923381, 12.710541467891247 ], [ 101.684945158551983, 12.710451138609351 ], [ 101.68503716693769, 12.710450206551171 ], [ 101.685035268151935, 12.710269547999003 ], [ 101.685127276465451, 12.710268615922653 ] ], [ [ 101.687199923736912, 12.714854886386618 ], [ 101.687198022742365, 12.714674228216158 ], [ 101.687014003250212, 12.714676094408993 ], [ 101.687014953678926, 12.714766423508252 ], [ 101.686830934092626, 12.714768289587335 ], [ 101.686831884463757, 12.7148586186996 ], [ 101.68637183520778, 12.714863283373957 ], [ 101.68637278542397, 12.714953612519743 ], [ 101.686280775518398, 12.714954545365872 ], [ 101.686282675907805, 12.715135203669078 ], [ 101.686374685878292, 12.715134270809264 ], [ 101.6863775366146, 12.715405258238414 ], [ 101.686469546675113, 12.715404325326215 ], [ 101.686472397574576, 12.71567531272869 ], [ 101.686564407725157, 12.715674379764099 ], [ 101.686565358072059, 12.715764708890045 ], [ 101.686657368247751, 12.715763775886755 ], [ 101.6866583186344, 12.715854105005173 ], [ 101.6868423390288, 12.715852238889314 ], [ 101.686841388577236, 12.715761909784581 ], [ 101.68702540887746, 12.715760043554953 ], [ 101.687024458368299, 12.715669714463221 ], [ 101.68739249875118, 12.715665981648991 ], [ 101.687393449390143, 12.715756310713351 ], [ 101.687485459500039, 12.715755377423291 ], [ 101.687486410178764, 12.715845706480124 ], [ 101.687578420313798, 12.715844773151357 ], [ 101.687579371032299, 12.715935102200662 ], [ 101.687671381192473, 12.715934168833188 ], [ 101.687668528961552, 12.715663181703762 ], [ 101.687576518898737, 12.715664115050703 ], [ 101.687574617512951, 12.715483456947306 ], [ 101.687482607507732, 12.715484390248692 ], [ 101.687479755581236, 12.715213403067938 ], [ 101.687387745666058, 12.715214336316933 ], [ 101.687386795070978, 12.715124007248466 ], [ 101.687294785180939, 12.715124940458754 ], [ 101.687291933536912, 12.714853953228724 ], [ 101.687199923736912, 12.714854886386618 ] ], [ [ 101.690420738720604, 12.697386861169052 ], [ 101.690604745255627, 12.697384995108598 ], [ 101.690602844556253, 12.697204337208312 ], [ 101.690694847747977, 12.697203404144064 ], [ 101.69069389737686, 12.697113075199749 ], [ 101.690785900528866, 12.697112142110539 ], [ 101.690783999743829, 12.696931484233565 ], [ 101.690691996656625, 12.696932417309068 ], [ 101.690690095965664, 12.696751759415651 ], [ 101.690782098988066, 12.696750826353851 ], [ 101.69078114862117, 12.696660497412969 ], [ 101.690873151603853, 12.696659564326209 ], [ 101.690872201211874, 12.696569235391499 ], [ 101.690964204154838, 12.696568302279779 ], [ 101.690961352925626, 12.696297315492094 ], [ 101.690869350079865, 12.696298248583263 ], [ 101.690868399717175, 12.696207919645818 ], [ 101.69096040253055, 12.696206986561503 ], [ 101.690959452142778, 12.696116657630228 ], [ 101.691051454916419, 12.696115724520956 ], [ 101.691049554098058, 12.695935066670057 ], [ 101.690957551389189, 12.695935999765624 ], [ 101.690956601023402, 12.695845670832297 ], [ 101.69058859024436, 12.695849402869037 ], [ 101.690587640015465, 12.69575907390762 ], [ 101.690495637334791, 12.695760006830428 ], [ 101.690497537735112, 12.695940664766283 ], [ 101.690405534982332, 12.695941597670982 ], [ 101.690406485161091, 12.696031926644737 ], [ 101.690314482368592, 12.696032859524475 ], [ 101.690316382683235, 12.696213517483638 ], [ 101.690132376946693, 12.696215383175081 ], [ 101.690135227279171, 12.696486370149803 ], [ 101.690043224302727, 12.696487302968356 ], [ 101.690044174395794, 12.696577631965416 ], [ 101.68995217137963, 12.69657856475901 ], [ 101.68995312144763, 12.696668893762231 ], [ 101.689861118391747, 12.696669826530862 ], [ 101.68986206843465, 12.696760155540256 ], [ 101.689770065339047, 12.696761088283919 ], [ 101.689771015356868, 12.696851417299476 ], [ 101.689679012221561, 12.696852350018183 ], [ 101.689680912214357, 12.697033008060945 ], [ 101.689588909006929, 12.697033940761532 ], [ 101.689589858981904, 12.697124269788739 ], [ 101.689497855734757, 12.69712520246436 ], [ 101.689499755641876, 12.697305860530419 ], [ 101.689407752322595, 12.697306793187927 ], [ 101.68940870225471, 12.697397122226782 ], [ 101.689316698895738, 12.69739805485932 ], [ 101.689317648802785, 12.697488383904338 ], [ 101.688765628300786, 12.69749397907254 ], [ 101.688766578020733, 12.697584308157964 ], [ 101.688858581488418, 12.697583375702621 ], [ 101.688859531248085, 12.697673704780515 ], [ 101.689043538226329, 12.697671839760686 ], [ 101.689044488058116, 12.697762168824203 ], [ 101.689228495071916, 12.697760303663417 ], [ 101.689229444975823, 12.697850632712546 ], [ 101.689413452025136, 12.697848767410798 ], [ 101.689414402001162, 12.697939096445554 ], [ 101.689506405547249, 12.697938163740105 ], [ 101.689507355563009, 12.698028492767325 ], [ 101.689783366254559, 12.698025694439538 ], [ 101.689784316374841, 12.698116023445527 ], [ 101.690336337754772, 12.698110425889794 ], [ 101.690334437132691, 12.697929767959337 ], [ 101.690242433652472, 12.697930700951133 ], [ 101.690241483384824, 12.697840371978026 ], [ 101.690333486832643, 12.69783943899308 ], [ 101.690332536539898, 12.697749110026145 ], [ 101.690240533124481, 12.697750043004238 ], [ 101.690239582871456, 12.697659714029767 ], [ 101.690331586254459, 12.697658781058522 ], [ 101.690330635976366, 12.697568452090218 ], [ 101.690422639319664, 12.69756751909401 ], [ 101.690420738720604, 12.697386861169052 ] ], [ [ 101.691064761465029, 12.697380329400696 ], [ 101.691067613055012, 12.697651316143215 ], [ 101.690883606398813, 12.697653182562933 ], [ 101.690886457860259, 12.697924169340418 ], [ 101.690794454423965, 12.697925102523113 ], [ 101.690795404893365, 12.698015431454424 ], [ 101.690427390945374, 12.698019163894443 ], [ 101.690428341292474, 12.698109492852481 ], [ 101.690520344822858, 12.69810855978335 ], [ 101.69052224560383, 12.698289217683669 ], [ 101.690706252772259, 12.698287351422547 ], [ 101.690707203238532, 12.698377680357979 ], [ 101.690799206844162, 12.698376747172839 ], [ 101.690800157350168, 12.698467076100735 ], [ 101.69089216098088, 12.698466142876926 ], [ 101.690893111526606, 12.698556471797287 ], [ 101.691077118830876, 12.698554605240512 ], [ 101.691078069448736, 12.698644934146483 ], [ 101.691446084099027, 12.698641200623699 ], [ 101.69144513335155, 12.698550871745148 ], [ 101.691537136963404, 12.698549938291762 ], [ 101.691533333917121, 12.698188622798114 ], [ 101.69162533739204, 12.698187689340328 ], [ 101.691624386616382, 12.698097360472058 ], [ 101.691716390051567, 12.698096426989313 ], [ 101.691714488457407, 12.697915769264437 ], [ 101.691898495176218, 12.697913902230907 ], [ 101.691897544325329, 12.697823573381154 ], [ 101.691805541001983, 12.697824506906974 ], [ 101.691803639386947, 12.697643849191705 ], [ 101.691711636121084, 12.697644782672 ], [ 101.691708783850672, 12.697373796073411 ], [ 101.691616780674693, 12.697374729501327 ], [ 101.691615829964945, 12.697284400626909 ], [ 101.691707833108524, 12.697283467205851 ], [ 101.691706882373694, 12.697193138337603 ], [ 101.692074894745161, 12.697189404362639 ], [ 101.692073943888062, 12.697099075521127 ], [ 101.692165946930217, 12.697098141954704 ], [ 101.692164996048035, 12.69700781311937 ], [ 101.692256999050457, 12.697006879527988 ], [ 101.692253195465369, 12.696645564207225 ], [ 101.69206918971237, 12.696647431303324 ], [ 101.692068238899211, 12.696557102457716 ], [ 101.691608224550535, 12.69656176960696 ], [ 101.691609175201705, 12.696652098486847 ], [ 101.691517172277599, 12.696653031828113 ], [ 101.691521925481297, 12.697104676251559 ], [ 101.691613928567392, 12.697103742876022 ], [ 101.691614879262502, 12.697194071751808 ], [ 101.69133886988503, 12.697196871803536 ], [ 101.691339820490256, 12.697287200699199 ], [ 101.691155814137204, 12.697289067254989 ], [ 101.691156764684948, 12.697379396163674 ], [ 101.691064761465029, 12.697380329400696 ] ], [ [ 101.692357560832164, 12.697818905274822 ], [ 101.692359462865312, 12.697999562905089 ], [ 101.692175456154942, 12.698001430270493 ], [ 101.692179260049926, 12.698362745577668 ], [ 101.692087256554146, 12.698363679240069 ], [ 101.692088207513805, 12.698454008072011 ], [ 101.691996203978292, 12.698454941709448 ], [ 101.691997154912869, 12.698545270547562 ], [ 101.691905151337622, 12.698546204160037 ], [ 101.691906102247117, 12.698636533004318 ], [ 101.69181409863215, 12.698637466591832 ], [ 101.691815049516563, 12.69872779544229 ], [ 101.691723045861863, 12.698728729004838 ], [ 101.691723996721194, 12.698819057861462 ], [ 101.691631993026775, 12.698819991399048 ], [ 101.691635796407724, 12.699181306846137 ], [ 101.691819804048507, 12.699179439684311 ], [ 101.691820754976874, 12.699269768530668 ], [ 101.692004762653156, 12.699267901227852 ], [ 101.692005713653657, 12.699358230059813 ], [ 101.692373729047972, 12.699354495044922 ], [ 101.692372777917853, 12.699264166240384 ], [ 101.692464781715714, 12.699263232413971 ], [ 101.692465732878247, 12.69935356121165 ], [ 101.692649740516799, 12.699351693449648 ], [ 101.692650691751467, 12.69944202223293 ], [ 101.692926703251558, 12.699439220330701 ], [ 101.69292575191966, 12.699348891567993 ], [ 101.693109759484955, 12.699347023487791 ], [ 101.693110710881655, 12.699437352236783 ], [ 101.693386722271853, 12.699434549857255 ], [ 101.693387673773088, 12.69952487858499 ], [ 101.693479677587575, 12.699523944387986 ], [ 101.693478726053911, 12.699433615667109 ], [ 101.693754737356173, 12.699430812905739 ], [ 101.69375283411641, 12.699250155503094 ], [ 101.693844837804349, 12.699249221199384 ], [ 101.693843886163052, 12.699158892503892 ], [ 101.693935889811257, 12.699157958175224 ], [ 101.693933034834146, 12.69888697210523 ], [ 101.694025038377802, 12.698886037765327 ], [ 101.69402408670102, 12.698795709080819 ], [ 101.694116090204957, 12.698794774715955 ], [ 101.694115138503093, 12.698704446037626 ], [ 101.694023135031571, 12.698705380395628 ], [ 101.694022183369441, 12.698615051709757 ], [ 101.693930179923001, 12.698615986029084 ], [ 101.693929228300604, 12.69852565733567 ], [ 101.693837224879246, 12.698526591616318 ], [ 101.693836273296583, 12.698436262915356 ], [ 101.693652266496656, 12.69843813136748 ], [ 101.693651314986127, 12.698347802652117 ], [ 101.693559311607572, 12.698348736823595 ], [ 101.693552651465964, 12.697716435748898 ], [ 101.693460648306896, 12.697717369840541 ], [ 101.693457794167642, 12.697446383634839 ], [ 101.693365791098444, 12.697447317674092 ], [ 101.693364839765749, 12.697356988930633 ], [ 101.693272836721633, 12.697357922931214 ], [ 101.693271885428658, 12.697267594180211 ], [ 101.692995876349556, 12.697270395970486 ], [ 101.692993973979995, 12.697089738425284 ], [ 101.692901971003764, 12.697090672278026 ], [ 101.692901019862376, 12.697000343497546 ], [ 101.692993022806206, 12.696999409651658 ], [ 101.692990169328809, 12.69672842332667 ], [ 101.692806163628234, 12.696730290945494 ], [ 101.692805212548549, 12.696639962155416 ], [ 101.692621206883459, 12.69664182963327 ], [ 101.692620255875909, 12.6965515008288 ], [ 101.692528253064765, 12.69655243451315 ], [ 101.692526351136422, 12.696371776888435 ], [ 101.692342345621782, 12.696373644134274 ], [ 101.69234139473339, 12.696283315307182 ], [ 101.692249391997478, 12.696284248875525 ], [ 101.69224844114882, 12.696193920040894 ], [ 101.6920644357198, 12.696195787068437 ], [ 101.692063484943262, 12.696105458219408 ], [ 101.69224749030748, 12.696103591205576 ], [ 101.692246539473473, 12.696013262369574 ], [ 101.692154536827417, 12.696014195885541 ], [ 101.692153586033129, 12.695923867042001 ], [ 101.691877578148237, 12.695926667378465 ], [ 101.691878528845322, 12.696016996242571 ], [ 101.691970531513348, 12.696016062822041 ], [ 101.691974334504565, 12.696377378244208 ], [ 101.692066337294861, 12.696376444764443 ], [ 101.692068238899211, 12.696557102457716 ], [ 101.692436250246303, 12.69655336816569 ], [ 101.692438152139147, 12.696734025801378 ], [ 101.692622157898342, 12.696732158437062 ], [ 101.692625010986944, 12.697003144844334 ], [ 101.692533008013811, 12.697004078562966 ], [ 101.692537763145992, 12.697455722595699 ], [ 101.692629766281129, 12.697454788842778 ], [ 101.692630717361951, 12.69754511764042 ], [ 101.692538714194413, 12.697546051400193 ], [ 101.692541567383614, 12.69781703780958 ], [ 101.692357560832164, 12.697818905274822 ] ], [ [ 101.689812823386461, 12.700825893307412 ], [ 101.689904827940296, 12.700824960255504 ], [ 101.689903877568042, 12.70073463127687 ], [ 101.689995882082144, 12.700733698199985 ], [ 101.689993981294776, 12.700553040254363 ], [ 101.690085985736729, 12.700552107159359 ], [ 101.690082184120186, 12.700190791287314 ], [ 101.690174188425189, 12.700189858187889 ], [ 101.690173238006949, 12.700099529225019 ], [ 101.690265242272218, 12.700098596100622 ], [ 101.690260490128736, 12.699646951310276 ], [ 101.690168486025513, 12.699647884400425 ], [ 101.690167535651184, 12.699557555433453 ], [ 101.689891523394792, 12.699560354492409 ], [ 101.68989247367189, 12.699650683479929 ], [ 101.689800469539378, 12.699651616442793 ], [ 101.689806171161266, 12.700193590394663 ], [ 101.689622162485392, 12.700195456307116 ], [ 101.689624062954934, 12.700376114313004 ], [ 101.689532058541204, 12.700377047235193 ], [ 101.689533008754537, 12.70046737624396 ], [ 101.689441004301074, 12.700468309141177 ], [ 101.689447655772483, 12.701100612231356 ], [ 101.689263646389847, 12.701102478026202 ], [ 101.689265546746469, 12.701283136073211 ], [ 101.689173541979358, 12.701284068936593 ], [ 101.689174492136218, 12.701374397965921 ], [ 101.689082487329372, 12.701375330804325 ], [ 101.689089138405464, 12.702007634038415 ], [ 101.689365153484701, 12.702004835283905 ], [ 101.689364203211781, 12.701914506273056 ], [ 101.68945620819116, 12.701913573298084 ], [ 101.689453357319067, 12.701642586281993 ], [ 101.689545362193869, 12.70164165329574 ], [ 101.689539660452809, 12.701099679286195 ], [ 101.68963166512583, 12.701098746309212 ], [ 101.689630714828851, 12.701008417312078 ], [ 101.689722719462139, 12.70100748431012 ], [ 101.689721769140064, 12.70091715531915 ], [ 101.689813773733633, 12.700916222292216 ], [ 101.689812823386461, 12.700825893307412 ] ], [ [ 101.689886972444555, 12.707871552068838 ], [ 101.689886021533795, 12.707781223136685 ], [ 101.689978028583994, 12.707780289557315 ], [ 101.689975175798367, 12.707509302777302 ], [ 101.690159189682234, 12.707507435564144 ], [ 101.690156336767913, 12.707236448819078 ], [ 101.690248343601567, 12.707235515185291 ], [ 101.690247392612349, 12.707145186275753 ], [ 101.690339399406255, 12.707144252616976 ], [ 101.690335595392852, 12.706782936999387 ], [ 101.69051960869929, 12.706781069641124 ], [ 101.690515804543608, 12.706419754067408 ], [ 101.690699817561352, 12.706417886636601 ], [ 101.690696013263391, 12.706056571106757 ], [ 101.690604006887895, 12.706057504810673 ], [ 101.690606860003101, 12.706328491479638 ], [ 101.690422847035563, 12.706330358833064 ], [ 101.690424749019272, 12.706511016636359 ], [ 101.69033274245966, 12.706511950279015 ], [ 101.690333693430077, 12.706602279186491 ], [ 101.690241686830731, 12.706603212804161 ], [ 101.690244539688607, 12.706874199543034 ], [ 101.690060526273371, 12.706876066723963 ], [ 101.690063379002567, 12.707147053497788 ], [ 101.68997137218669, 12.707147987061045 ], [ 101.689972323078635, 12.707238315991134 ], [ 101.689788309360068, 12.707240183035823 ], [ 101.689789260194473, 12.707330511978933 ], [ 101.689697253291783, 12.707331445460371 ], [ 101.689699154917705, 12.707512103358232 ], [ 101.689607147942823, 12.707513036821526 ], [ 101.689608098734325, 12.707603365776279 ], [ 101.689516091719724, 12.707604299214582 ], [ 101.689517042486116, 12.707694628175503 ], [ 101.689425035431753, 12.70769556158881 ], [ 101.689425986173021, 12.707785890555899 ], [ 101.689333979078924, 12.707786823944213 ], [ 101.689334929795081, 12.707877152917465 ], [ 101.689242922661222, 12.707878086280788 ], [ 101.689243873352282, 12.707968415260201 ], [ 101.689059858997751, 12.707970281905018 ], [ 101.689060809631258, 12.708060610897448 ], [ 101.688968802410585, 12.708061544178936 ], [ 101.688969753018981, 12.708151873177529 ], [ 101.688785738490836, 12.708153739658684 ], [ 101.688786689041677, 12.708244068670286 ], [ 101.688694681734205, 12.708245001869944 ], [ 101.688695632259936, 12.70833533088771 ], [ 101.688603624912702, 12.708336264062373 ], [ 101.688604575413336, 12.708426593086303 ], [ 101.688788590165345, 12.70842472669144 ], [ 101.688789540738156, 12.708515055700991 ], [ 101.688973555525763, 12.70851318916506 ], [ 101.688974506170752, 12.708603518160231 ], [ 101.689158520993971, 12.708601651483226 ], [ 101.689159471711136, 12.708691980464017 ], [ 101.689435493988356, 12.708689180189133 ], [ 101.68943359236674, 12.708508522267957 ], [ 101.689525599712994, 12.708507588793006 ], [ 101.68952464888072, 12.708417259838241 ], [ 101.689616656187212, 12.708416326338295 ], [ 101.689614754479777, 12.708235668440413 ], [ 101.689706761714092, 12.708234734922323 ], [ 101.689705810838916, 12.708144405979203 ], [ 101.689797818033483, 12.70814347243612 ], [ 101.689794965354608, 12.707872485623213 ], [ 101.689886972444555, 12.707871552068838 ] ], [ [ 101.696796063728428, 12.708614400470015 ], [ 101.696795110319414, 12.708524072058438 ], [ 101.696703103519695, 12.708525008055888 ], [ 101.696702150150458, 12.708434679636762 ], [ 101.696518136593895, 12.708436551522393 ], [ 101.696517183296834, 12.708346223088849 ], [ 101.696425176539975, 12.708347158977032 ], [ 101.69642422328269, 12.708256830535939 ], [ 101.696332216550928, 12.708257766385413 ], [ 101.69633126333342, 12.708167437936764 ], [ 101.69623925662674, 12.708168373747533 ], [ 101.696238303448993, 12.708078045291334 ], [ 101.695962283382244, 12.708080852511983 ], [ 101.695961330309117, 12.707990524034503 ], [ 101.695869323637964, 12.707991459704168 ], [ 101.695868370604614, 12.70790113121914 ], [ 101.695776363958544, 12.707902066850101 ], [ 101.695775410964956, 12.707811738357517 ], [ 101.695683404343981, 12.707812673949773 ], [ 101.695682451390155, 12.707722345449644 ], [ 101.695406431580508, 12.707725152014758 ], [ 101.695405478731317, 12.70763482349335 ], [ 101.695313472145855, 12.707635758944509 ], [ 101.695312519336426, 12.707545430415555 ], [ 101.695220512776061, 12.707546365828009 ], [ 101.695219560006393, 12.707456037291507 ], [ 101.695127553471124, 12.707456972665257 ], [ 101.695126600741204, 12.707366644121208 ], [ 101.694942587713527, 12.707368514759457 ], [ 101.694940682405431, 12.70718785764185 ], [ 101.694756669478124, 12.707189728125284 ], [ 101.69475571689992, 12.707099399551733 ], [ 101.694663710457704, 12.707100334738827 ], [ 101.694662757919275, 12.707010006157729 ], [ 101.694570751502141, 12.707010941306121 ], [ 101.69456979900346, 12.706920612717473 ], [ 101.694477792611437, 12.706921547827166 ], [ 101.694476840152518, 12.706831219230974 ], [ 101.694292827411317, 12.706833089341119 ], [ 101.694291875024561, 12.706742760730517 ], [ 101.694199868675398, 12.706743695730969 ], [ 101.694198916328418, 12.706653367112825 ], [ 101.69392289733419, 12.706656171902567 ], [ 101.69392194509183, 12.706565843263157 ], [ 101.693737932457196, 12.706567712950072 ], [ 101.693736980287028, 12.706477384296255 ], [ 101.693276948734322, 12.706482057922072 ], [ 101.69327599673359, 12.706391729233276 ], [ 101.693183990433496, 12.706392663856064 ], [ 101.69318303847254, 12.706302335159728 ], [ 101.692907019625522, 12.706305138816496 ], [ 101.692906067769172, 12.706214810098896 ], [ 101.692722055232721, 12.706216679030506 ], [ 101.692721103448534, 12.706126350298508 ], [ 101.692261072141292, 12.706131022036086 ], [ 101.692260120526569, 12.70604069326912 ], [ 101.692168114275574, 12.706041627514269 ], [ 101.692167162700585, 12.705951298739762 ], [ 101.691891144000905, 12.705954101263616 ], [ 101.691890192530522, 12.705863772467858 ], [ 101.691706180092297, 12.705865640644198 ], [ 101.691705228694076, 12.705775311834049 ], [ 101.691521216291406, 12.705777179869333 ], [ 101.691523118965449, 12.705957837516364 ], [ 101.69133910640376, 12.705959705451718 ], [ 101.691341960275196, 12.706230691958266 ], [ 101.691525973031432, 12.706228823981789 ], [ 101.691526924401415, 12.706319152802228 ], [ 101.691618930800971, 12.70631821875938 ], [ 101.691619882210688, 12.706408547572279 ], [ 101.691987907865354, 12.70640481105508 ], [ 101.69198885941212, 12.706495139839875 ], [ 101.692080865839898, 12.706494205624123 ], [ 101.692081817426399, 12.706584534401385 ], [ 101.692265830324843, 12.706582665860656 ], [ 101.692267733649544, 12.706763323385692 ], [ 101.692635759617914, 12.706759585867321 ], [ 101.69263671142096, 12.706849914601385 ], [ 101.692728717927167, 12.706848980135337 ], [ 101.692729669769975, 12.706939308861864 ], [ 101.693005689341888, 12.706936505252109 ], [ 101.693007593244047, 12.707117162661964 ], [ 101.693283612944583, 12.707114358724505 ], [ 101.693284565003935, 12.707204687407829 ], [ 101.693376571588544, 12.70720375269147 ], [ 101.693377523687658, 12.707294081367253 ], [ 101.693653543494804, 12.707291277006558 ], [ 101.693654495698539, 12.70738160566108 ], [ 101.693746502318675, 12.707380670803641 ], [ 101.693747454562171, 12.707470999450615 ], [ 101.694023474475927, 12.707468194666676 ], [ 101.694024426824029, 12.707558523292388 ], [ 101.694116433479721, 12.707557588293863 ], [ 101.694117385867571, 12.707647916912027 ], [ 101.694301399221814, 12.70764604680574 ], [ 101.694302351681856, 12.707736375409501 ], [ 101.694394358380421, 12.707735440301731 ], [ 101.694395310880225, 12.707825768897948 ], [ 101.69467133102917, 12.707822963363007 ], [ 101.694672283633608, 12.707913291937952 ], [ 101.694764290367686, 12.707912356689096 ], [ 101.694765243011886, 12.708002685256492 ], [ 101.694949256522904, 12.708000814649525 ], [ 101.694950209239295, 12.708091143202513 ], [ 101.695042216016219, 12.7080902078444 ], [ 101.695043168772386, 12.708180536389843 ], [ 101.695411195936529, 12.708176794611525 ], [ 101.695412148829732, 12.708267123128826 ], [ 101.695504155634865, 12.708266187597776 ], [ 101.695505108567843, 12.708356516107528 ], [ 101.695689122220955, 12.708354644936174 ], [ 101.695690075226125, 12.708444973431511 ], [ 101.695782082074103, 12.708444037791203 ], [ 101.695783035119049, 12.708534366278993 ], [ 101.696151062567353, 12.708530623371869 ], [ 101.696152015749348, 12.708620951831511 ], [ 101.696244022625521, 12.708620016018255 ], [ 101.696244975847293, 12.708710344470353 ], [ 101.696520996529074, 12.708707536818922 ], [ 101.696521949855466, 12.708797865249728 ], [ 101.696613956767152, 12.708796929295367 ], [ 101.69661491013332, 12.708887257718622 ], [ 101.696798923999523, 12.708885385700631 ], [ 101.696799877437897, 12.708975714109467 ], [ 101.696891884392429, 12.708974778045834 ], [ 101.696892837870578, 12.70906510644712 ], [ 101.697076851822487, 12.709063234210589 ], [ 101.697077805372828, 12.709153562597452 ], [ 101.69716981237022, 12.709152626424549 ], [ 101.697168858787435, 12.709062298044559 ], [ 101.697260865745037, 12.709061361846683 ], [ 101.697259912137156, 12.708971033472871 ], [ 101.697167905211984, 12.708971969663878 ], [ 101.697165998083122, 12.708791312900464 ], [ 101.696981984340482, 12.708793185159472 ], [ 101.696981030851916, 12.708702856763006 ], [ 101.696889024002033, 12.708703792837877 ], [ 101.696888070553229, 12.708613464433853 ], [ 101.696796063728428, 12.708614400470015 ] ], [ [ 101.694110719306508, 12.707015616570501 ], [ 101.694202725760306, 12.707014681581306 ], [ 101.694203678136603, 12.707105010196717 ], [ 101.69411167165039, 12.707105945192772 ], [ 101.69411262400159, 12.707196273814358 ], [ 101.694020617475616, 12.707197208785439 ], [ 101.69402156980172, 12.707287537413201 ], [ 101.693837556662928, 12.707289407273562 ], [ 101.693836604401668, 12.707199078632074 ], [ 101.693744597853708, 12.707200013507634 ], [ 101.693742693418059, 12.707019356208896 ], [ 101.69383469990116, 12.707018421347058 ], [ 101.693833747661913, 12.706928092703519 ], [ 101.693925754105265, 12.706927157816702 ], [ 101.693924801840907, 12.706836829179341 ], [ 101.694016808244498, 12.706835894267542 ], [ 101.694017760541286, 12.706926222898044 ], [ 101.694109766969973, 12.706925287947545 ], [ 101.694110719306508, 12.707015616570501 ] ], [ [ 101.693678303173897, 12.709639821801737 ], [ 101.693675446034959, 12.709368835887439 ], [ 101.693767453368594, 12.709367900879082 ], [ 101.693766500971179, 12.709277572246467 ], [ 101.693858508265052, 12.709276637213128 ], [ 101.693855651019476, 12.709005651331776 ], [ 101.693947658208728, 12.70900471628717 ], [ 101.693946705775758, 12.708914387665544 ], [ 101.694038712925234, 12.708913452595954 ], [ 101.694035855573034, 12.708642466747555 ], [ 101.69412786261789, 12.708641531666705 ], [ 101.69412405278787, 12.708280217220036 ], [ 101.693756025083374, 12.708283957242614 ], [ 101.693759834394484, 12.70864527179905 ], [ 101.693667827320311, 12.708646206752528 ], [ 101.693669731954998, 12.708826864040361 ], [ 101.693485717654923, 12.708828733879219 ], [ 101.693486669918386, 12.708919062535829 ], [ 101.693394662724941, 12.708919997414354 ], [ 101.693396567208993, 12.709100654739236 ], [ 101.693304559943343, 12.709101589599635 ], [ 101.693305512163931, 12.709191918267905 ], [ 101.693213504858505, 12.709192853103318 ], [ 101.693216361466952, 12.709463839124615 ], [ 101.693124354056906, 12.709464773948756 ], [ 101.693126258434319, 12.709645431306582 ], [ 101.693034250952067, 12.709646366112594 ], [ 101.693035203119337, 12.709736694797341 ], [ 101.692943195597323, 12.709737629578365 ], [ 101.692944147739468, 12.709827958269283 ], [ 101.692852140177692, 12.709828893025316 ], [ 101.692856900836233, 12.710280536503943 ], [ 101.693040916276814, 12.710278666891444 ], [ 101.693041868495371, 12.7103689955714 ], [ 101.693133876237113, 12.710368060710524 ], [ 101.693132923986113, 12.710277732037424 ], [ 101.693316939382726, 12.710275862233839 ], [ 101.693315987074186, 12.710185533573776 ], [ 101.693407994729057, 12.710184598631068 ], [ 101.693406090069075, 12.710003941322604 ], [ 101.693498097651755, 12.710003006361772 ], [ 101.693496192956232, 12.709822349064289 ], [ 101.693588200466692, 12.709821414085328 ], [ 101.693586295735628, 12.709640756798828 ], [ 101.693678303173897, 12.709639821801737 ] ], [ [ 101.697267541205676, 12.709693660444193 ], [ 101.696991519629748, 12.709696469086532 ], [ 101.696989612513178, 12.709515812306595 ], [ 101.696621583901987, 12.709519556662254 ], [ 101.696620630484446, 12.709429228243788 ], [ 101.696528623345742, 12.709430164246223 ], [ 101.696529576730839, 12.709520492671553 ], [ 101.696437569552344, 12.70952142864901 ], [ 101.696439476279721, 12.70970208551136 ], [ 101.696347469029021, 12.7097030214707 ], [ 101.696350329077788, 12.709974006779685 ], [ 101.69653434376643, 12.709972134787952 ], [ 101.696535297195567, 12.710062463209182 ], [ 101.696627304561318, 12.710061527158679 ], [ 101.696628258030231, 12.710151855572356 ], [ 101.696996287549595, 12.710148111024392 ], [ 101.696997241155586, 12.710238439409913 ], [ 101.697089248549517, 12.710237503186436 ], [ 101.697088294911097, 12.710147174807785 ], [ 101.697180302265252, 12.71014623855933 ], [ 101.697182209614311, 12.710326895302209 ], [ 101.697274217025992, 12.71032595900817 ], [ 101.697275170743978, 12.710416287371711 ], [ 101.697459185610199, 12.710414414674352 ], [ 101.697460139400391, 12.710504743023472 ], [ 101.6978281691745, 12.710500997219091 ], [ 101.697827215254563, 12.710410668897449 ], [ 101.6979192226473, 12.710409732373602 ], [ 101.697915406911235, 12.710048419107675 ], [ 101.697731392377904, 12.710050292068553 ], [ 101.697730438527103, 12.709959963736617 ], [ 101.697638431281874, 12.709960900162416 ], [ 101.697637477470849, 12.709870571822929 ], [ 101.697361455788396, 12.709873380888638 ], [ 101.697362409502105, 12.709963709248731 ], [ 101.697270402227488, 12.709964645547146 ], [ 101.697267541205676, 12.709693660444193 ] ], [ [ 101.69212369448536, 12.710558999923528 ], [ 101.692122742576515, 12.71046867117637 ], [ 101.69203073472174, 12.710469605693772 ], [ 101.692029782852657, 12.710379276939074 ], [ 101.691937775022978, 12.710380211417769 ], [ 101.691936823193657, 12.710289882655532 ], [ 101.691660799758026, 12.710292685879969 ], [ 101.691662703229383, 12.710473343444891 ], [ 101.691570695337973, 12.710474277803051 ], [ 101.691568791931502, 12.710293620224418 ], [ 101.691292768407976, 12.71029642306668 ], [ 101.691291816813035, 12.710206094255771 ], [ 101.691199808989651, 12.710207028465973 ], [ 101.691198857434472, 12.710116699647534 ], [ 101.691014841830594, 12.710118567958688 ], [ 101.691015793320901, 12.710208896790837 ], [ 101.690647761895534, 12.710212633058381 ], [ 101.690653470212681, 12.710754606201377 ], [ 101.690745478274636, 12.710753672141147 ], [ 101.690746429718871, 12.710844000989065 ], [ 101.690838437805951, 12.710843066890135 ], [ 101.690840340781307, 12.711023724570218 ], [ 101.691116365193196, 12.711020922041211 ], [ 101.691118268392472, 12.711201579677436 ], [ 101.691026260197631, 12.711202513899327 ], [ 101.69103101816178, 12.711654158012186 ], [ 101.691123026518838, 12.711653223756025 ], [ 101.691123978166075, 12.711743552569692 ], [ 101.691215986548244, 12.71174261827483 ], [ 101.69121788992959, 12.7119232758864 ], [ 101.691309898369312, 12.711922341545977 ], [ 101.691307994923093, 12.711741683948112 ], [ 101.691584020003674, 12.711738880776853 ], [ 101.691583068194234, 12.711648551997454 ], [ 101.691675076507352, 12.711647617550186 ], [ 101.691672221025627, 12.711376631228459 ], [ 101.691764229234096, 12.711375696769903 ], [ 101.691757566472731, 12.710743395376575 ], [ 101.691849574446792, 12.710742460934153 ], [ 101.691847670801749, 12.710561803400754 ], [ 101.69212369448536, 12.710558999923528 ] ], [ [ 101.69077497645155, 12.7135538661085 ], [ 101.690774024787615, 12.713463537281106 ], [ 101.690958042836058, 12.713461668653938 ], [ 101.69095042926908, 12.7127390381198 ], [ 101.690858420508093, 12.712739972394491 ], [ 101.69085651725446, 12.712559314740409 ], [ 101.690764508551013, 12.71256024896954 ], [ 101.690761653822832, 12.712289262462727 ], [ 101.690669645209411, 12.712290196639444 ], [ 101.690668693680436, 12.712199867795619 ], [ 101.690576685092111, 12.712200801933632 ], [ 101.690570024821398, 12.711568499959736 ], [ 101.690478016452857, 12.71156943401793 ], [ 101.690476113649154, 12.711388776291241 ], [ 101.690384105338168, 12.711389710303878 ], [ 101.690380299948359, 12.711028394814884 ], [ 101.690288291759813, 12.711029328768269 ], [ 101.690286389173721, 12.710848671005966 ], [ 101.69019438104273, 12.710849604913797 ], [ 101.690190576088142, 12.710488289353577 ], [ 101.690006560063694, 12.710490157018882 ], [ 101.690005608908223, 12.710399828113415 ], [ 101.689913600917464, 12.710400761891444 ], [ 101.689914552040477, 12.710491090803758 ], [ 101.689546519874455, 12.710494825624789 ], [ 101.689547470875056, 12.71058515456382 ], [ 101.68936345468326, 12.710587021796938 ], [ 101.689364405626293, 12.710677350748988 ], [ 101.688996373025105, 12.710681084860427 ], [ 101.688997323845726, 12.710771413839186 ], [ 101.688813307436348, 12.710773280717506 ], [ 101.688818061324767, 12.711224925669507 ], [ 101.688910069695311, 12.711223992212032 ], [ 101.688911971366778, 12.711404650174348 ], [ 101.689003979794876, 12.711403716671331 ], [ 101.689008734263822, 12.711855361530917 ], [ 101.689100742846819, 12.711854427961802 ], [ 101.689101693794996, 12.711944756924821 ], [ 101.689193702403117, 12.711943823317011 ], [ 101.689197506398784, 12.712305139134838 ], [ 101.689289515129346, 12.712304205467781 ], [ 101.689288564087022, 12.712213876521195 ], [ 101.689380572777807, 12.712212942829133 ], [ 101.689379621710344, 12.712122613888715 ], [ 101.689471630361396, 12.712121680171647 ], [ 101.689470679268794, 12.712031351237391 ], [ 101.689654696484041, 12.712029483721389 ], [ 101.689653745333899, 12.711939154800158 ], [ 101.689837762454957, 12.711937287170445 ], [ 101.689838713669999, 12.712027616077982 ], [ 101.689930722252001, 12.712026682208498 ], [ 101.689931673506791, 12.712117011108504 ], [ 101.690023682113917, 12.712116077200314 ], [ 101.690027487336067, 12.712477392766086 ], [ 101.689935478599182, 12.712478326701678 ], [ 101.689936429890579, 12.712568655598259 ], [ 101.689752412329952, 12.712570523387578 ], [ 101.689753363563781, 12.712660852297178 ], [ 101.689477337070613, 12.712663653762794 ], [ 101.689478288214431, 12.712753982692261 ], [ 101.68938627933629, 12.712754916457273 ], [ 101.689388181581009, 12.712935574327846 ], [ 101.689480190524037, 12.712934640549136 ], [ 101.689482092862903, 12.713115298403276 ], [ 101.689574101863499, 12.71311436457901 ], [ 101.689579809250475, 12.713656338083911 ], [ 101.689671818438413, 12.71365540418669 ], [ 101.689674672328053, 12.713926390909357 ], [ 101.689766681606031, 12.71392545695973 ], [ 101.689770487024475, 12.714286772552972 ], [ 101.689862496424922, 12.714285838544086 ], [ 101.689863447830277, 12.714376167433837 ], [ 101.690047466674088, 12.71437429930679 ], [ 101.690043660836992, 12.714012983798492 ], [ 101.690135670118124, 12.714012049714585 ], [ 101.690134718644714, 12.713921720842647 ], [ 101.690226727886071, 12.713920786733734 ], [ 101.690224824896305, 12.713740129001511 ], [ 101.690408843227289, 12.713738260715516 ], [ 101.69040789167849, 12.713647931862081 ], [ 101.690683919022717, 12.713645129214711 ], [ 101.690682967383907, 12.713554800381152 ], [ 101.69077497645155, 12.7135538661085 ] ], [ [ 101.695061727683651, 12.718659579177817 ], [ 101.694877706515669, 12.718661451404472 ], [ 101.694880567088433, 12.718932436860257 ], [ 101.694696545696331, 12.718934309000614 ], [ 101.694694638770343, 12.71875365200332 ], [ 101.694142574807586, 12.718759267577155 ], [ 101.694141621550358, 12.718668939036307 ], [ 101.693681568208731, 12.718673617770444 ], [ 101.693684427515535, 12.718944603493835 ], [ 101.693592416727839, 12.718945539165631 ], [ 101.693595276003251, 12.719216524903439 ], [ 101.693687286888334, 12.719215589211064 ], [ 101.693690146327114, 12.719486574922128 ], [ 101.694058190183668, 12.719482831751581 ], [ 101.694057236900235, 12.719392503209351 ], [ 101.6942412587196, 12.71939063144657 ], [ 101.694242212067962, 12.719480959975074 ], [ 101.694334222999103, 12.719480024039015 ], [ 101.694333269618284, 12.719389695517371 ], [ 101.695069356543726, 12.719382206936409 ], [ 101.695070310184235, 12.719472535403151 ], [ 101.695162321049381, 12.719471599180244 ], [ 101.695163274729694, 12.71956192763944 ], [ 101.695439307378479, 12.719559118758903 ], [ 101.695438353600778, 12.719468790320299 ], [ 101.695530364436578, 12.719467853969904 ], [ 101.695526549269289, 12.71910654023611 ], [ 101.695618559967912, 12.719105603881307 ], [ 101.695614744788173, 12.718744290164015 ], [ 101.695246702469049, 12.718748035282175 ], [ 101.695245748822302, 12.718657706823681 ], [ 101.695153738256636, 12.718658643016683 ], [ 101.69515469187094, 12.718748971482041 ], [ 101.695062681265483, 12.718749907650038 ], [ 101.695061727683651, 12.718659579177817 ] ], [ [ 101.693248673289517, 12.729970302930326 ], [ 101.693247719480354, 12.729879974398951 ], [ 101.693155704719118, 12.729880910709445 ], [ 101.693156658495795, 12.72997123924768 ], [ 101.692880614070646, 12.729974048008355 ], [ 101.692881567757183, 12.73006437656648 ], [ 101.692789552901644, 12.730065312763097 ], [ 101.692794321281838, 12.73051695557773 ], [ 101.692702306256507, 12.73051789177674 ], [ 101.69269849166767, 12.730156577498974 ], [ 101.692606476764979, 12.730157513638652 ], [ 101.692605523168581, 12.730067185060639 ], [ 101.692145448707663, 12.730071865246247 ], [ 101.692146402141603, 12.730162193858545 ], [ 101.692054387194943, 12.730163129806828 ], [ 101.692060107757513, 12.730705101507361 ], [ 101.692244138033416, 12.730703229496623 ], [ 101.692245091551143, 12.730793558097268 ], [ 101.692337106710596, 12.730792622037193 ], [ 101.692338060268142, 12.730882950630296 ], [ 101.692614105800004, 12.730880142238082 ], [ 101.692613152144972, 12.730789813665552 ], [ 101.692797182397911, 12.730787941258285 ], [ 101.692795274979872, 12.7306072841386 ], [ 101.692979305073521, 12.730605411631164 ], [ 101.69298025884386, 12.73069574017763 ], [ 101.693164288973165, 12.730693867528874 ], [ 101.693163335137839, 12.730603538996123 ], [ 101.693347365172841, 12.730601666233481 ], [ 101.693340688075907, 12.729969366581068 ], [ 101.693248673289517, 12.729970302930326 ] ], [ [ 101.703511869713836, 12.699783238034991 ], [ 101.703787879101142, 12.699780424765432 ], [ 101.703786923908581, 12.699690096816976 ], [ 101.70369492081926, 12.699691034598427 ], [ 101.703693965666474, 12.699600706642405 ], [ 101.703601962602178, 12.699601644385151 ], [ 101.703601007489169, 12.699511316421557 ], [ 101.703324998349387, 12.699514129438237 ], [ 101.703324043340928, 12.699423801453307 ], [ 101.703232040312031, 12.699424739055011 ], [ 101.703231085343333, 12.699334411062507 ], [ 101.703139082339504, 12.69933534862551 ], [ 101.703134307768408, 12.698883708618325 ], [ 101.703226310610233, 12.698882771089744 ], [ 101.703225355685674, 12.69879244309314 ], [ 101.703317358487737, 12.698791505539624 ], [ 101.703316403538125, 12.698701177549216 ], [ 101.703408406300426, 12.698700239970766 ], [ 101.703407451325788, 12.698609911986559 ], [ 101.703223445858626, 12.698611787097876 ], [ 101.703220581173198, 12.698340803099846 ], [ 101.703312583813258, 12.698339865580751 ], [ 101.703310673994949, 12.698159209592417 ], [ 101.703218671419691, 12.698160147097745 ], [ 101.703214852000954, 12.697798835085324 ], [ 101.703306854446595, 12.697797897607531 ], [ 101.70330494471655, 12.697617241610983 ], [ 101.703856958847112, 12.697611616158731 ], [ 101.703853138697681, 12.697250304322662 ], [ 101.703761136490584, 12.697251241950029 ], [ 101.703760181504023, 12.697160913982419 ], [ 101.70385218367872, 12.697159976361933 ], [ 101.703849318665974, 12.696888992475648 ], [ 101.703941320736121, 12.696888054844008 ], [ 101.70393368076661, 12.696165431172224 ], [ 101.704025682570219, 12.696164493563854 ], [ 101.704017087875755, 12.695351541942742 ], [ 101.704109089380452, 12.695350604364538 ], [ 101.704108134418803, 12.695260276410099 ], [ 101.704292137341341, 12.695258401172039 ], [ 101.704290227310523, 12.695077745288661 ], [ 101.704382228695977, 12.695076807635687 ], [ 101.704384138791582, 12.695257463505294 ], [ 101.704476140234462, 12.695256525806741 ], [ 101.7044770953257, 12.695346853733632 ], [ 101.70456909679362, 12.695345915996386 ], [ 101.704570051924605, 12.695436243915704 ], [ 101.704846056381385, 12.695433430492448 ], [ 101.70484701161692, 12.69552375839042 ], [ 101.704939013120182, 12.695522820512165 ], [ 101.704939968395465, 12.695613148402566 ], [ 101.705123971444721, 12.69561127253685 ], [ 101.705124926792152, 12.695701600412789 ], [ 101.705216928338132, 12.695700662425329 ], [ 101.705217883725325, 12.695790990293697 ], [ 101.706413903574344, 12.69577879347252 ], [ 101.706414859390023, 12.695869121250627 ], [ 101.706506860897733, 12.695868182804061 ], [ 101.706507816753174, 12.695958510574592 ], [ 101.706599818285923, 12.69595757208932 ], [ 101.706600774181112, 12.696047899852278 ], [ 101.706692775738901, 12.696046961328303 ], [ 101.706693731673852, 12.69613728908368 ], [ 101.706785733256666, 12.696136350521002 ], [ 101.706786689231393, 12.696226678268804 ], [ 101.707430700331557, 12.696220107391134 ], [ 101.707431656540422, 12.696310435089996 ], [ 101.708167669043505, 12.696302923551736 ], [ 101.708168625518923, 12.696393251194753 ], [ 101.709548648177062, 12.696379161469757 ], [ 101.709549605145781, 12.696469489008615 ], [ 101.710561621063974, 12.696459151918809 ], [ 101.710562578396434, 12.696549479381076 ], [ 101.711022585498995, 12.696544779396953 ], [ 101.711023543000806, 12.69663510682402 ], [ 101.711575551474851, 12.696629465751895 ], [ 101.711576509178428, 12.696719793136849 ], [ 101.711852513413035, 12.696716972150622 ], [ 101.711853471221175, 12.696807299514179 ], [ 101.712313478293311, 12.696802597199717 ], [ 101.712314436270802, 12.696892924528054 ], [ 101.712682441925267, 12.696889162076252 ], [ 101.712683400039737, 12.696979489376279 ], [ 101.713051405705698, 12.696975726387858 ], [ 101.713052363957146, 12.697066053659567 ], [ 101.713144365387578, 12.697065112826024 ], [ 101.713145323678802, 12.697155440090139 ], [ 101.713513329456319, 12.697151676410213 ], [ 101.713514287884522, 12.697242003646002 ], [ 101.71379029223732, 12.6972391805313 ], [ 101.713791250770115, 12.697329507745676 ], [ 101.714067255153665, 12.697326684323933 ], [ 101.714068213791023, 12.697417011516892 ], [ 101.714160215269828, 12.697416070305774 ], [ 101.714161173946962, 12.697506397491136 ], [ 101.714437178436299, 12.697503573646172 ], [ 101.714438137218025, 12.697593900810114 ], [ 101.714530138732101, 12.697592959457921 ], [ 101.714531097553603, 12.697683286614264 ], [ 101.714715100624389, 12.697681403800614 ], [ 101.714716059518082, 12.697771730942449 ], [ 101.714900062624125, 12.697769847987718 ], [ 101.714901021589995, 12.697860175115043 ], [ 101.715177026290874, 12.6978573504236 ], [ 101.715177985361336, 12.697947677529502 ], [ 101.715269986945898, 12.697946735895147 ], [ 101.715270946056165, 12.698037062993443 ], [ 101.715546950862773, 12.698034237878757 ], [ 101.715547910077618, 12.698124564955624 ], [ 101.715639911697437, 12.698123623180184 ], [ 101.715640870952072, 12.698213950249453 ], [ 101.715824874234372, 12.698212066589297 ], [ 101.715825833561183, 12.698302393644054 ], [ 101.716009836878726, 12.698300509842811 ], [ 101.716010796277743, 12.698390836883043 ], [ 101.716194799630514, 12.698388952940707 ], [ 101.716195759101709, 12.698479279966424 ], [ 101.716287760799432, 12.698478337940617 ], [ 101.716288720310416, 12.698568664958731 ], [ 101.716380722033136, 12.698567722894195 ], [ 101.716381681583925, 12.698658049904708 ], [ 101.716473683331643, 12.698657107801438 ], [ 101.716474642922236, 12.698747434804352 ], [ 101.716566644694964, 12.698746492662345 ], [ 101.716567604325348, 12.698836819657654 ], [ 101.716659606123088, 12.698835877476915 ], [ 101.716661525470826, 12.699016531451646 ], [ 101.716753527325992, 12.699015589225255 ], [ 101.716754487043332, 12.699105916204674 ], [ 101.716846488923508, 12.699104973939546 ], [ 101.716848408445202, 12.699285627882494 ], [ 101.71694041038279, 12.699284685571715 ], [ 101.716942329998858, 12.699465339498088 ], [ 101.717034331993872, 12.699464397141652 ], [ 101.717037211570613, 12.699735378005316 ], [ 101.71712921365544, 12.699734435596307 ], [ 101.717130173561557, 12.699824762542573 ], [ 101.717038171444315, 12.699825704958499 ], [ 101.717040091213903, 12.700006358862815 ], [ 101.71694808902447, 12.700007301260761 ], [ 101.71694904888794, 12.70009762821881 ], [ 101.716857046658703, 12.700098570591859 ], [ 101.716856086827633, 12.700008243626892 ], [ 101.716672082411804, 12.70001012826369 ], [ 101.71667112265294, 12.699919801284201 ], [ 101.716579120466335, 12.699920743547958 ], [ 101.716578160747275, 12.699830416560864 ], [ 101.716486158585695, 12.699831358785882 ], [ 101.716482319912956, 12.699470050802994 ], [ 101.716390317873589, 12.699470992968523 ], [ 101.716389358256279, 12.699380665964172 ], [ 101.716205354220207, 12.699382550185941 ], [ 101.716204394675103, 12.699292223167072 ], [ 101.716112392678383, 12.699293165223315 ], [ 101.716111433173069, 12.699202838196841 ], [ 101.71601943120136, 12.699203780214352 ], [ 101.71601847173585, 12.699113453180278 ], [ 101.715926469789153, 12.699114395159052 ], [ 101.71592455094509, 12.698933741075022 ], [ 101.715832549055818, 12.698934683008146 ], [ 101.715831589677279, 12.698844355958189 ], [ 101.715739587813005, 12.698845297852582 ], [ 101.715738628474256, 12.698754970795022 ], [ 101.715646626635021, 12.698755912650686 ], [ 101.715645667336048, 12.698665585585527 ], [ 101.715461663700182, 12.698667469187573 ], [ 101.715460704473415, 12.698577142107895 ], [ 101.715368702676798, 12.698578083854279 ], [ 101.715367743489836, 12.698487756767006 ], [ 101.715183739939249, 12.698489640150498 ], [ 101.715182780824463, 12.698399313048711 ], [ 101.714998777309134, 12.698401196291121 ], [ 101.714997818266525, 12.69831086917482 ], [ 101.714813814786467, 12.698312752276136 ], [ 101.714812855816049, 12.698222425145325 ], [ 101.714444848896875, 12.698226190938529 ], [ 101.71444389006345, 12.698135863779383 ], [ 101.714259886624347, 12.698137746471271 ], [ 101.714257969109269, 12.697957092123271 ], [ 101.713889962401652, 12.697960857069988 ], [ 101.713890921025893, 12.698051184271975 ], [ 101.713798919298142, 12.69805212543603 ], [ 101.713799877897372, 12.698142452644243 ], [ 101.713339868985798, 12.698147158021852 ], [ 101.7133408274304, 12.698237485263929 ], [ 101.713432829259887, 12.69823654424513 ], [ 101.713434746236047, 12.698417198713416 ], [ 101.713526748122959, 12.698416257648978 ], [ 101.713527706654517, 12.698506584875181 ], [ 101.713619708566426, 12.698505643772021 ], [ 101.713618750002482, 12.698415316552726 ], [ 101.713710751874615, 12.698414375424656 ], [ 101.713712669074724, 12.698595029848741 ], [ 101.713528665193465, 12.698596912100705 ], [ 101.713529623739774, 12.698687239325539 ], [ 101.713437621755673, 12.698688180410706 ], [ 101.713438580276971, 12.698778507641769 ], [ 101.713346578253095, 12.698779448702025 ], [ 101.713345619764183, 12.698689121464058 ], [ 101.713253617765318, 12.698690062485593 ], [ 101.713252659316197, 12.698599735240027 ], [ 101.713160657342343, 12.698600676222837 ], [ 101.713159698932998, 12.698510348969675 ], [ 101.71297569502795, 12.698512230826029 ], [ 101.712974736690811, 12.698421903558367 ], [ 101.712790732821048, 12.698423785273642 ], [ 101.712789774556072, 12.698333457991481 ], [ 101.712513768793272, 12.698336280305053 ], [ 101.712512810632887, 12.69824595300148 ], [ 101.712420808729604, 12.698246893702132 ], [ 101.712419850608995, 12.698156566390969 ], [ 101.712235846845061, 12.698158447683017 ], [ 101.712234888796658, 12.698068120357355 ], [ 101.712142886936022, 12.698069060948752 ], [ 101.71214192892738, 12.697978733615502 ], [ 101.711957925248782, 12.697980614689039 ], [ 101.711956967312332, 12.697890287341286 ], [ 101.711864965494357, 12.697891227823424 ], [ 101.711864007597683, 12.697800900468089 ], [ 101.711772005804733, 12.697801840911508 ], [ 101.711771047947849, 12.697711513548576 ], [ 101.711403040831883, 12.697715274976497 ], [ 101.711402083111963, 12.697624947585263 ], [ 101.710482065129682, 12.69763434885907 ], [ 101.710481107741145, 12.697544021398116 ], [ 101.710297104120997, 12.697545901257312 ], [ 101.710296146804609, 12.697455573781872 ], [ 101.710020141416265, 12.697458393311358 ], [ 101.710019184204469, 12.697368065814528 ], [ 101.709835180640169, 12.697369945327985 ], [ 101.709834223500536, 12.697279617816671 ], [ 101.708822203726186, 12.697289952790163 ], [ 101.708823160509439, 12.697380280377368 ], [ 101.708639156753478, 12.697382159063688 ], [ 101.708640113479305, 12.697472486664008 ], [ 101.708272105749373, 12.697476243682475 ], [ 101.708273062352959, 12.697566571309698 ], [ 101.707813052362738, 12.697571266901464 ], [ 101.70781400881171, 12.697661594562479 ], [ 101.707722006759155, 12.697662533592288 ], [ 101.707722963183087, 12.697752861259517 ], [ 101.707814965268028, 12.697751922222816 ], [ 101.707818791167, 12.69811323285731 ], [ 101.708094797766435, 12.698110415473566 ], [ 101.708095754356805, 12.698200743109794 ], [ 101.708371760987134, 12.698197925419027 ], [ 101.708372717682067, 12.698288253033876 ], [ 101.708464719909855, 12.698287313733093 ], [ 101.708465676644551, 12.698377641340365 ], [ 101.708649681142802, 12.69837576262956 ], [ 101.708650637949688, 12.698466090222349 ], [ 101.70920265146195, 12.698460453284961 ], [ 101.709203608470617, 12.698550780835678 ], [ 101.709571617460981, 12.698547022213504 ], [ 101.709572574606639, 12.698637349735936 ], [ 101.710216590282755, 12.69863077087391 ], [ 101.710217547662594, 12.698721098347356 ], [ 101.710677558800626, 12.698716398171198 ], [ 101.710676601258754, 12.69862607073226 ], [ 101.710768603431831, 12.698625130608484 ], [ 101.710767645864962, 12.698534803175768 ], [ 101.710859647998262, 12.698533863027077 ], [ 101.710858690406354, 12.698443535600582 ], [ 101.711042694586027, 12.69844165522156 ], [ 101.711041736936693, 12.698351327808187 ], [ 101.711133738983065, 12.698350387577856 ], [ 101.711132781308692, 12.698260060170698 ], [ 101.711316785314509, 12.698258179628398 ], [ 101.711315827582709, 12.698167852234366 ], [ 101.711591833438902, 12.698165031203018 ], [ 101.711592791267876, 12.698255358576336 ], [ 101.712052801042631, 12.698250656186596 ], [ 101.712053759040998, 12.698340983524702 ], [ 101.7123297649145, 12.698338161688357 ], [ 101.712330723017459, 12.698428489005057 ], [ 101.712514726961032, 12.698426607607937 ], [ 101.712515685136182, 12.698516934910138 ], [ 101.712791691093386, 12.698514112555118 ], [ 101.712792649373114, 12.698604439835911 ], [ 101.712884651376498, 12.698603498980367 ], [ 101.712888484698823, 12.698964808069059 ], [ 101.712520476122592, 12.698968571410875 ], [ 101.712519517910536, 12.698878244112095 ], [ 101.712335513642941, 12.698880125578286 ], [ 101.712336471790167, 12.69897045289088 ], [ 101.712152467428254, 12.698972334243619 ], [ 101.712153425518068, 12.699062661569339 ], [ 101.711325405232529, 12.699071126143876 ], [ 101.711326363038083, 12.699161453531065 ], [ 101.71141836535395, 12.699160513143147 ], [ 101.71141932319928, 12.699250840522739 ], [ 101.711695330199831, 12.699248019147369 ], [ 101.711696288149753, 12.699338346505565 ], [ 101.712340304452923, 12.699331762134404 ], [ 101.712341262637054, 12.699422089443576 ], [ 101.712525267293486, 12.699420207894496 ], [ 101.712526225549823, 12.699510535189168 ], [ 101.71261822789937, 12.699509594359993 ], [ 101.712619186195482, 12.699599921647071 ], [ 101.712803190937251, 12.699598039879454 ], [ 101.712804149305555, 12.699688367152032 ], [ 101.712896151697791, 12.699687426213586 ], [ 101.712897110105871, 12.699777753478571 ], [ 101.713173117335458, 12.699774930451598 ], [ 101.713174075848144, 12.699865257695171 ], [ 101.713266078275652, 12.699864316615635 ], [ 101.713267036828128, 12.699954643851612 ], [ 101.713543044163572, 12.699951820401356 ], [ 101.713544002820626, 12.700042147615921 ], [ 101.713728007738823, 12.700040265142832 ], [ 101.713728966468096, 12.700130592342893 ], [ 101.71391297142155, 12.700128709728707 ], [ 101.713913930223015, 12.700219036914261 ], [ 101.714189937695053, 12.700216212733597 ], [ 101.714190896601124, 12.700306539897733 ], [ 101.714282899109449, 12.700305598433626 ], [ 101.71428385805531, 12.700395925590167 ], [ 101.714375860588646, 12.70039498408733 ], [ 101.714376819574298, 12.700485311236267 ], [ 101.71456082468363, 12.700483428121307 ], [ 101.714561783741487, 12.700573755255739 ], [ 101.714745788886091, 12.700571871999669 ], [ 101.71474674801614, 12.700662199119591 ], [ 101.715022755774868, 12.700659373976089 ], [ 101.715023715009536, 12.700749701074587 ], [ 101.715391725380712, 12.700745933743436 ], [ 101.715392684752402, 12.70083626081359 ], [ 101.715668692550423, 12.700833434960357 ], [ 101.715669652026733, 12.700923762009081 ], [ 101.7157616546437, 12.700922819987444 ], [ 101.7157626141598, 12.70101314702857 ], [ 101.715854616801792, 12.701012204968199 ], [ 101.715855576357683, 12.70110253200172 ], [ 101.716039581684313, 12.701100647771677 ], [ 101.71604054131241, 12.701190974790682 ], [ 101.716224546674312, 12.70118909041952 ], [ 101.716225506374613, 12.701279417424004 ], [ 101.716409511771758, 12.701277532911718 ], [ 101.716410471544279, 12.701367859901687 ], [ 101.716502474264175, 12.701366917590891 ], [ 101.716503434076486, 12.701457244573257 ], [ 101.716687439558925, 12.701455359842365 ], [ 101.716688399443456, 12.70154568681021 ], [ 101.716780402205998, 12.701544744390111 ], [ 101.71678136213032, 12.701635071350347 ], [ 101.717517384223811, 12.701627530788576 ], [ 101.717516424040213, 12.70153720388369 ], [ 101.717608426736206, 12.701536261177184 ], [ 101.717609386952233, 12.701626588075149 ], [ 101.717885395093106, 12.701623759743931 ], [ 101.717886355413754, 12.701714086620454 ], [ 101.718162363585293, 12.701711257982062 ], [ 101.718163324010561, 12.701801584837133 ], [ 101.718255326752043, 12.701800641887102 ], [ 101.718256287217116, 12.701890968734565 ], [ 101.718440292742685, 12.701889082725184 ], [ 101.718441253279963, 12.701979409558119 ], [ 101.718533256064077, 12.701978466498772 ], [ 101.71853421664116, 12.702068793324097 ], [ 101.718626219450286, 12.702067850226003 ], [ 101.718627180067188, 12.702158177043719 ], [ 101.718811185728043, 12.702156290738211 ], [ 101.718812146417179, 12.702246617541396 ], [ 101.718904149268923, 12.702245674333984 ], [ 101.718905109997863, 12.702336001129561 ], [ 101.718997112874618, 12.702335057883397 ], [ 101.718998073643363, 12.702425384671367 ], [ 101.719090076545129, 12.702424441386455 ], [ 101.719091037353692, 12.702514768166814 ], [ 101.719367046111856, 12.702511938100352 ], [ 101.719368007025054, 12.702602264859252 ], [ 101.719460009962049, 12.702601321433191 ], [ 101.719460970915065, 12.702691648184482 ], [ 101.719644976831702, 12.702689761223029 ], [ 101.719645937856924, 12.702780087959782 ], [ 101.719737940836552, 12.702779144424396 ], [ 101.719738901901593, 12.702869471153535 ], [ 101.719830904906232, 12.702868527579392 ], [ 101.719831866011091, 12.702958854300926 ], [ 101.719923869040755, 12.702957910688031 ], [ 101.71992483018542, 12.703048237401955 ], [ 101.720016833240081, 12.703047293750304 ], [ 101.720017794424578, 12.703137620456616 ], [ 101.720201800576532, 12.703135733043988 ], [ 101.720202761833249, 12.703226059735753 ], [ 101.720294764930529, 12.703225115974773 ], [ 101.720295726227064, 12.703315442658933 ], [ 101.720387729349369, 12.703314498859198 ], [ 101.720388690685709, 12.703404825535742 ], [ 101.720480693833025, 12.703403881697254 ], [ 101.720481655209184, 12.703494208366186 ], [ 101.720665661546434, 12.703492320579862 ], [ 101.720666622994827, 12.703582647234258 ], [ 101.720758626184775, 12.703581703286424 ], [ 101.720759587672987, 12.703672029933202 ], [ 101.720851590887946, 12.703671085946617 ], [ 101.720852552415963, 12.703761412585781 ], [ 101.720944555655933, 12.703760468560438 ], [ 101.720945517223782, 12.703850795191988 ], [ 101.721221526996487, 12.703847962904195 ], [ 101.721222488668985, 12.703938289514273 ], [ 101.721406495211937, 12.703936401149413 ], [ 101.721407456956683, 12.704026727744942 ], [ 101.721499460249461, 12.704025783507838 ], [ 101.721500422034026, 12.704116110095756 ], [ 101.721684428662215, 12.704114221512196 ], [ 101.721685390518999, 12.704204548085567 ], [ 101.721869397182402, 12.704202659360831 ], [ 101.721870359111435, 12.704292985919654 ], [ 101.72214636914822, 12.704290152573037 ], [ 101.722147331181915, 12.704380479110377 ], [ 101.722331337900926, 12.704378590039617 ], [ 101.722332300006855, 12.704468916562409 ], [ 101.722700313485632, 12.704465138011201 ], [ 101.722701275728639, 12.704555464505576 ], [ 101.722885282488406, 12.704553575025127 ], [ 101.722887207126334, 12.704734227984085 ], [ 101.722979210559942, 12.704733283182247 ], [ 101.722980172922433, 12.704823609653763 ], [ 101.723072176381052, 12.704822664813159 ], [ 101.723075063610239, 12.705093644202794 ], [ 101.722983060054361, 12.705094589064201 ], [ 101.722985947252994, 12.705365568468467 ], [ 101.722893943592439, 12.705366513318848 ], [ 101.722895868363736, 12.705547166265466 ], [ 101.722987872089107, 12.705546221401219 ], [ 101.722986909667355, 12.705455894935188 ], [ 101.723078913352893, 12.705454950046045 ], [ 101.723077950906116, 12.705364623586259 ], [ 101.723169954551835, 12.705363678672219 ], [ 101.723168992080048, 12.705273352218683 ], [ 101.723260995685933, 12.705272407279741 ], [ 101.723258108217777, 12.705001427935832 ], [ 101.723350111719, 12.705000482985865 ], [ 101.723347224220277, 12.704729503656585 ], [ 101.723439227616836, 12.704728558695594 ], [ 101.723438265099659, 12.704638232258066 ], [ 101.723622271805709, 12.70463634225446 ], [ 101.723623234387716, 12.704726668678118 ], [ 101.723715237762036, 12.704725723621634 ], [ 101.72371620038389, 12.704816050037669 ], [ 101.723808203783221, 12.704815104942417 ], [ 101.723810129113957, 12.704995757758562 ], [ 101.723902132570714, 12.704994812617612 ], [ 101.723903095279624, 12.705085139017717 ], [ 101.723995098761392, 12.705084193837997 ], [ 101.723996061510135, 12.70517452023048 ], [ 101.7240880650169, 12.70517357501199 ], [ 101.724089027805476, 12.705263901396853 ], [ 101.725745090243166, 12.705246881895922 ], [ 101.725744126871049, 12.705156555635964 ], [ 101.726112140290127, 12.705152772151814 ], [ 101.726111176795754, 12.705062445918939 ], [ 101.726479189966469, 12.705058661953256 ], [ 101.72647726274063, 12.70487800954098 ], [ 101.725741236799209, 12.704885576851972 ], [ 101.725740273456765, 12.704795250589267 ], [ 101.725464263703586, 12.704798087784862 ], [ 101.725463300465819, 12.70470776150065 ], [ 101.725279293991463, 12.704709652791347 ], [ 101.72527833082593, 12.704619326492569 ], [ 101.72509432438676, 12.704621217642062 ], [ 101.725093361293474, 12.704530891328719 ], [ 101.725001358095184, 12.704531836848782 ], [ 101.725000395041732, 12.704441510527818 ], [ 101.724908391868439, 12.704442456009108 ], [ 101.724907428854834, 12.704352129680522 ], [ 101.724723422550838, 12.704354020533742 ], [ 101.724722459609467, 12.704263694190587 ], [ 101.724630456478764, 12.704264639562513 ], [ 101.724629493577226, 12.704174313211734 ], [ 101.724445487358423, 12.704176203846226 ], [ 101.724444524529119, 12.704085877480882 ], [ 101.72435252144102, 12.704086822743449 ], [ 101.724351558651549, 12.703996496370486 ], [ 101.724259555588446, 12.703997441594282 ], [ 101.724258592838822, 12.703907115213697 ], [ 101.724166589800717, 12.703908060398726 ], [ 101.724164664388525, 12.703727407621628 ], [ 101.724072661407831, 12.703728352760956 ], [ 101.724071698745263, 12.703638026364439 ], [ 101.723979695789581, 12.703638971465004 ], [ 101.723978733166845, 12.703548645060867 ], [ 101.723886730236174, 12.703549590122666 ], [ 101.723885767653258, 12.703459263710906 ], [ 101.723793764747583, 12.703460208733942 ], [ 101.72379183966882, 12.703279555894492 ], [ 101.723699836820572, 12.703280500871829 ], [ 101.723697911836283, 12.703099848015764 ], [ 101.723789914619715, 12.7030989030523 ], [ 101.723787989600254, 12.702918250207366 ], [ 101.723879992311453, 12.702917305225947 ], [ 101.72387902978042, 12.702826978809389 ], [ 101.723971032451786, 12.702826033803081 ], [ 101.723970069895756, 12.702735707392774 ], [ 101.724246077768171, 12.702732872203708 ], [ 101.724245115122315, 12.702642545813527 ], [ 101.724889133004922, 12.702635929307048 ], [ 101.724890095877655, 12.702726255648665 ], [ 101.725074100985069, 12.702724364917938 ], [ 101.72507313804752, 12.702634038590201 ], [ 101.725165140557692, 12.702633093184037 ], [ 101.72516610352767, 12.702723419504837 ], [ 101.72535010859059, 12.70272152858316 ], [ 101.725349145555796, 12.70263120227624 ], [ 101.725441148043728, 12.702630256774606 ], [ 101.725442111110937, 12.702720583074584 ], [ 101.726270133460261, 12.70271207206526 ], [ 101.726269170101347, 12.702621745827754 ], [ 101.726453174921446, 12.702619854156161 ], [ 101.726452211505134, 12.702529527931855 ], [ 101.72663621623073, 12.702527636146847 ], [ 101.726637179711872, 12.702617962357264 ], [ 101.727281196244675, 12.702611340058652 ], [ 101.727282159960126, 12.702701666219776 ], [ 101.727374162324693, 12.702700720042873 ], [ 101.727373198576828, 12.702610393888696 ], [ 101.727741207831201, 12.702606608890617 ], [ 101.727742171708712, 12.702696935017011 ], [ 101.727926176356192, 12.702695042313131 ], [ 101.727927140305951, 12.702785368424944 ], [ 101.728295149641482, 12.702781582607498 ], [ 101.728296113728319, 12.70287190869084 ], [ 101.728572120749263, 12.702869068972747 ], [ 101.728574049139652, 12.703049721095692 ], [ 101.728850056288252, 12.703046881049479 ], [ 101.728849091992117, 12.7029565550092 ], [ 101.728941094327709, 12.702955608270424 ], [ 101.728939165692864, 12.702774956201701 ], [ 101.729123170212148, 12.702773062656476 ], [ 101.729122205841037, 12.702682736634985 ], [ 101.72921420805713, 12.702681789821582 ], [ 101.729213243661036, 12.702591463806357 ], [ 101.729489250167518, 12.702588623196059 ], [ 101.729490214660856, 12.702678949190437 ], [ 101.72985822336183, 12.702675161236693 ], [ 101.729859187992247, 12.702765487202578 ], [ 101.730227196704021, 12.702761698711836 ], [ 101.730228161471501, 12.702852024649227 ], [ 101.730596170194076, 12.702848235621472 ], [ 101.730597135098648, 12.702938561530367 ], [ 101.73096514383198, 12.702934771965602 ], [ 101.730966108873616, 12.703025097845993 ], [ 101.731150113260526, 12.703023202858748 ], [ 101.731151078374438, 12.703113528724547 ], [ 101.731335082796448, 12.703111633596091 ], [ 101.731336047982595, 12.703201959447297 ], [ 101.731428050214873, 12.703201011828371 ], [ 101.731427084996312, 12.703110685984123 ], [ 101.73151908718873, 12.703109738340332 ], [ 101.731520052439706, 12.703200064177624 ], [ 101.73161205465712, 12.703199116495052 ], [ 101.731613985246184, 12.703379768153663 ], [ 101.731521982963955, 12.70338071585015 ], [ 101.731522948237227, 12.703471041685386 ], [ 101.731154938904297, 12.703474832180886 ], [ 101.731155904055342, 12.70356515804326 ], [ 101.731247906432145, 12.703564210460167 ], [ 101.731248871623038, 12.703654536314897 ], [ 101.73115686921382, 12.70365548390494 ], [ 101.731158799553086, 12.703836135626249 ], [ 101.73125080202712, 12.703835188022298 ], [ 101.731251767240295, 12.703925513874969 ], [ 101.731711779661069, 12.703920775343001 ], [ 101.731712745043765, 12.70401110116021 ], [ 101.732080754976224, 12.70400730973391 ], [ 101.732081720496012, 12.704097635522604 ], [ 101.732265725482478, 12.704095739604574 ], [ 101.732266691074528, 12.704186065378666 ], [ 101.732634701087918, 12.704182273132833 ], [ 101.73263566681706, 12.704272598878411 ], [ 101.73281967184397, 12.704270702550609 ], [ 101.732820637645389, 12.704361028281578 ], [ 101.733004642707385, 12.704359131812543 ], [ 101.733006574462195, 12.704539783244593 ], [ 101.733098577046874, 12.704538834948412 ], [ 101.73309954296785, 12.704629160656447 ], [ 101.733375550774497, 12.704626315556053 ], [ 101.733376516800163, 12.704716641242518 ], [ 101.733468519419915, 12.704715692805099 ], [ 101.733470451558389, 12.704896344162062 ], [ 101.73383846222238, 12.704892550038405 ], [ 101.733839428432447, 12.704982875688009 ], [ 101.733931431112254, 12.704981927070556 ], [ 101.733932397362182, 12.705072252712515 ], [ 101.734024400066971, 12.705071304056272 ], [ 101.734025366356747, 12.705161629690579 ], [ 101.734117369086533, 12.705160680995546 ], [ 101.734116402764343, 12.7050703553682 ], [ 101.734668418792268, 12.705064662571319 ], [ 101.734669385308962, 12.705154988156886 ], [ 101.735221401263516, 12.70514929417233 ], [ 101.735222367982175, 12.705239619715426 ], [ 101.735590378599355, 12.705235823061248 ], [ 101.73559134545512, 12.705326148575795 ], [ 101.735775350783896, 12.705324250043791 ], [ 101.735776317711938, 12.705414575543719 ], [ 101.735960323075773, 12.705412676870454 ], [ 101.735961290076091, 12.70550300235576 ], [ 101.736145295474984, 12.70550110354124 ], [ 101.736146262547592, 12.705591429011927 ], [ 101.736238265268284, 12.705590479549951 ], [ 101.736239232380754, 12.705680805012982 ], [ 101.736423237864656, 12.705678905979605 ], [ 101.736424205049403, 12.705769231428013 ], [ 101.736516207812613, 12.705768281856605 ], [ 101.736517175037235, 12.705858607297362 ], [ 101.736885186145244, 12.705854808665544 ], [ 101.736884218790948, 12.70576448325266 ], [ 101.737068224235429, 12.705762583759697 ], [ 101.73706919165457, 12.705852909158637 ], [ 101.737161194398055, 12.705851959357437 ], [ 101.737162161857057, 12.705942284748719 ], [ 101.737254164625526, 12.70594133490872 ], [ 101.737255132124389, 12.706031660292346 ], [ 101.737531140482361, 12.706028810560431 ], [ 101.737530172886224, 12.705938485197715 ], [ 101.737714178356114, 12.705936585231219 ], [ 101.737713210702594, 12.705846259881763 ], [ 101.7380812214233, 12.705842459594674 ], [ 101.738082189206494, 12.705932784916243 ], [ 101.738358197266052, 12.705929934345773 ], [ 101.738359165153966, 12.706020259645738 ], [ 101.738451167858003, 12.706019309384946 ], [ 101.738452135785792, 12.706109634677249 ], [ 101.738636141236341, 12.706107734046213 ], [ 101.738637109236421, 12.70619805932389 ], [ 101.738729111982934, 12.706197108953649 ], [ 101.738728143950439, 12.70610678368295 ], [ 101.738820146657091, 12.70610583328785 ], [ 101.738821114722015, 12.706196158551577 ], [ 101.739373130999923, 12.706190455470649 ], [ 101.739372162740494, 12.706100130248778 ], [ 101.739556168042, 12.706098228981091 ], [ 101.739555199725174, 12.706007903772484 ], [ 101.739647202332321, 12.706006953097868 ], [ 101.739648170681562, 12.706097278299499 ], [ 101.740200186362429, 12.706091573541471 ], [ 101.740201154913635, 12.706181898700553 ], [ 101.740293157533443, 12.706180947789159 ], [ 101.740292188949809, 12.706090622637051 ], [ 101.740476194102214, 12.706088720732723 ], [ 101.740477162750679, 12.706179045870869 ], [ 101.740569165348106, 12.706178094863974 ], [ 101.740568196667226, 12.706087769732804 ], [ 101.740752201774882, 12.706085867637475 ], [ 101.74075123303659, 12.705995542519579 ], [ 101.741027240544881, 12.705992689158787 ], [ 101.741028209380417, 12.706083014255741 ], [ 101.741764229333683, 12.706075403837167 ], [ 101.741766167545848, 12.706256053917325 ], [ 101.741950172589256, 12.706254150966435 ], [ 101.741951141771366, 12.706344475991518 ], [ 101.7424111544114, 12.706339718022297 ], [ 101.742412123763074, 12.706430043011782 ], [ 101.742596128831693, 12.706428139587295 ], [ 101.742597098255672, 12.70651846456213 ], [ 101.742689100811205, 12.706517512795156 ], [ 101.742691039746404, 12.70669816272879 ], [ 101.742783042359306, 12.70669721091601 ], [ 101.742789829094519, 12.707329485613219 ], [ 101.742881831926923, 12.707328533719712 ], [ 101.742882801522796, 12.707418858666724 ], [ 101.742974804380168, 12.707417906734403 ], [ 101.742973834751879, 12.70732758179437 ], [ 101.743065837569347, 12.707326629837199 ], [ 101.743063898270293, 12.70714597996905 ], [ 101.74315590101547, 12.707145027994011 ], [ 101.743154931344719, 12.707054703065895 ], [ 101.743338936747818, 12.707052799034281 ], [ 101.743336997299025, 12.706872149203932 ], [ 101.743705007756262, 12.706868340814582 ], [ 101.743704037913375, 12.706778015926318 ], [ 101.743520032764536, 12.706779920170691 ], [ 101.74351906299394, 12.70668959526777 ], [ 101.743611065539682, 12.706688643168489 ], [ 101.743610095744145, 12.706598318271871 ], [ 101.743702098249997, 12.706597366147742 ], [ 101.743701128429493, 12.706507041257423 ], [ 101.74388513335397, 12.706505136927641 ], [ 101.743888043032371, 12.706776111554618 ], [ 101.744072048121495, 12.706774207055576 ], [ 101.744073988074106, 12.706954856775514 ], [ 101.74453400099047, 12.706950094900943 ], [ 101.744533030848316, 12.706859770076258 ], [ 101.744625033376764, 12.706858817612829 ], [ 101.744624063209656, 12.706768492794447 ], [ 101.744808068179296, 12.706766587786065 ], [ 101.744807097954819, 12.706676262980981 ], [ 101.744899100396012, 12.706675310436029 ], [ 101.744900070652918, 12.706765635234127 ], [ 101.745176078028976, 12.706762777387304 ], [ 101.745175107674797, 12.706672452610176 ], [ 101.745267110086132, 12.706671499937896 ], [ 101.745266139707013, 12.70658117516707 ], [ 101.745358142078445, 12.706580222469944 ], [ 101.745357171674371, 12.706489897705424 ], [ 101.745541176329979, 12.706487992229654 ], [ 101.745540205868551, 12.706397667478427 ], [ 101.745908214960437, 12.706393856172863 ], [ 101.745907244376795, 12.706303531448919 ], [ 101.745999246598672, 12.706302578549938 ], [ 101.745998275990075, 12.7062122538323 ], [ 101.746182280346574, 12.706210347952828 ], [ 101.74618325102, 12.706300672656479 ], [ 101.746275253219451, 12.706299719662002 ], [ 101.746276223932782, 12.706390044357976 ], [ 101.746368226157188, 12.706389091324672 ], [ 101.746370167671103, 12.706569740700571 ], [ 101.746554172227164, 12.706567834510491 ], [ 101.746555143060164, 12.706658159183423 ], [ 101.746739147651184, 12.706656252852023 ], [ 101.746740118556502, 12.706746577510279 ], [ 101.746832120873222, 12.706745624289832 ], [ 101.746833091818445, 12.706835948940411 ], [ 101.746925094160105, 12.706834995681138 ], [ 101.746926065145217, 12.706925320324029 ], [ 101.747018067511831, 12.706924367025929 ], [ 101.747019038536834, 12.707014691661138 ], [ 101.747111040928402, 12.707013738324207 ], [ 101.747112011993295, 12.707104062951737 ], [ 101.747572024001073, 12.707099295754594 ], [ 101.747572995235572, 12.707189620346458 ], [ 101.747941004836903, 12.70718580598774 ], [ 101.74794003347273, 12.707095481423865 ], [ 101.748400045144052, 12.707090712794184 ], [ 101.748399073625251, 12.707000388264616 ], [ 101.748583078176594, 12.7069984806039 ], [ 101.748582106600423, 12.706908156087644 ], [ 101.748674108832461, 12.706907202216536 ], [ 101.748675080441046, 12.706997526725791 ], [ 101.748859084947512, 12.706995618874076 ], [ 101.748857141608113, 12.706814969882871 ], [ 101.748949143785296, 12.706814015923262 ], [ 101.748952058902859, 12.707084989388042 ], [ 101.749044061169826, 12.707084035375594 ], [ 101.74904503292305, 12.707174359855484 ], [ 101.749229037499362, 12.707172451721094 ], [ 101.74922806568128, 12.707082127255209 ], [ 101.749964083427912, 12.707074493500295 ], [ 101.749965055505371, 12.707164817910167 ], [ 101.750241062134151, 12.707161954705805 ], [ 101.750238145632437, 12.70689098153716 ], [ 101.750514151902081, 12.706888118109326 ], [ 101.750513179652557, 12.706797793739414 ], [ 101.751157193792835, 12.706791111342667 ], [ 101.751156221323839, 12.7067007870211 ], [ 101.751340225231701, 12.706698877492402 ], [ 101.751339252705364, 12.706608553184163 ], [ 101.75161525841375, 12.706605688673383 ], [ 101.751614285797629, 12.706515364385481 ], [ 101.752074294999787, 12.706510589599244 ], [ 101.752075267777997, 12.706600913852109 ], [ 101.752259271471274, 12.70659900370077 ], [ 101.752258298628206, 12.706508679461919 ], [ 101.752626305795232, 12.706504858805291 ], [ 101.752625332829979, 12.706414534593787 ], [ 101.752809336303699, 12.706412624088497 ], [ 101.752808363281119, 12.706322299890324 ], [ 101.752992366660038, 12.706320389271728 ], [ 101.752993339747476, 12.706410713455881 ], [ 101.753177343161283, 12.706408802695938 ], [ 101.753178316321041, 12.70649912686538 ], [ 101.753270318049132, 12.706498171430651 ], [ 101.753271291248794, 12.706588495592392 ], [ 101.753363293001811, 12.70658754011882 ], [ 101.753364266241391, 12.706677864272867 ], [ 101.753456268019349, 12.706676908760446 ], [ 101.753457241298847, 12.706767232906797 ], [ 101.753825248465361, 12.706763410510755 ], [ 101.753826221882022, 12.706853734628366 ], [ 101.753918223687364, 12.706852778942761 ], [ 101.75391725023826, 12.706762454832162 ], [ 101.755573280868788, 12.706745247174112 ], [ 101.755572306843618, 12.706654923189092 ], [ 101.75603231475894, 12.706650141488796 ], [ 101.756033288946199, 12.706740465438731 ], [ 101.756125290539188, 12.706739508996154 ], [ 101.7561243163195, 12.706649185053237 ], [ 101.756308319418139, 12.706647272086631 ], [ 101.756307345141124, 12.706556948157067 ], [ 101.75649134814492, 12.706555035077164 ], [ 101.756490373810564, 12.706464711160955 ], [ 101.756674376719516, 12.706462797967767 ], [ 101.75667340232782, 12.706372474064903 ], [ 101.756857405141929, 12.70637056075843 ], [ 101.756856430692892, 12.706280236868919 ], [ 101.757040433412172, 12.70627832344916 ], [ 101.757039458905794, 12.706187999573002 ], [ 101.757683467960007, 12.706181301650316 ], [ 101.757684442693304, 12.706271625477322 ], [ 101.757960446558386, 12.706268754440503 ], [ 101.75795947172783, 12.706178430634562 ], [ 101.758143474202186, 12.706176516464904 ], [ 101.758142499314303, 12.706086192672323 ], [ 101.758050498113292, 12.706087149766047 ], [ 101.758049523265328, 12.705996825965759 ], [ 101.757773519714533, 12.705999697034867 ], [ 101.757772544971331, 12.705909373212823 ], [ 101.757680543805137, 12.705910330165175 ], [ 101.757678594406073, 12.705729682504977 ], [ 101.757586593297219, 12.705730639411456 ], [ 101.757584643992999, 12.705549991734465 ], [ 101.757492642941472, 12.705550948595072 ], [ 101.757490693732095, 12.705370300901286 ], [ 101.757582694718792, 12.705369344054724 ], [ 101.757581720092944, 12.705279020213819 ], [ 101.757765721978998, 12.705277106439253 ], [ 101.757764747295823, 12.705186782611714 ], [ 101.758040749971371, 12.705183911732217 ], [ 101.758038800433056, 12.705003264117204 ], [ 101.758130801245073, 12.705002307107762 ], [ 101.758127876896609, 12.704731335701156 ], [ 101.758219877603878, 12.704730378680956 ], [ 101.758218902803648, 12.704640054884404 ], [ 101.758310903470999, 12.704639097839403 ], [ 101.758309928645858, 12.704548774049185 ], [ 101.75849392989322, 12.704546859877748 ], [ 101.758492955010766, 12.704456536100892 ], [ 101.758584955590763, 12.704455578974459 ], [ 101.758583980683397, 12.704365255203941 ], [ 101.75867598122349, 12.704364298052706 ], [ 101.758675006291227, 12.704273974288524 ], [ 101.758767006791373, 12.70427301711249 ], [ 101.758766031834213, 12.704182693354644 ], [ 101.758950032747194, 12.704180778921144 ], [ 101.758949057732707, 12.704090455176665 ], [ 101.759409059721733, 12.704085668571102 ], [ 101.759407109391134, 12.703905021150337 ], [ 101.759683110299989, 12.703902148847257 ], [ 101.759680184568722, 12.703631177774202 ], [ 101.759956185118284, 12.70362830524795 ], [ 101.759955209792309, 12.703537981576639 ], [ 101.760231210177068, 12.703535108785054 ], [ 101.760230234761366, 12.703444785134144 ], [ 101.759862234362984, 12.70344861543116 ], [ 101.75986028381341, 12.703267968071048 ], [ 101.759676283698809, 12.703269883000505 ], [ 101.759674333308908, 12.703089235609532 ], [ 101.759306333248858, 12.703093065030354 ], [ 101.759304383148276, 12.702912417580421 ], [ 101.758936383227379, 12.702916246435876 ], [ 101.758934433416101, 12.702735598926983 ], [ 101.758566433634385, 12.702739427217084 ], [ 101.75856448411237, 12.702558779649245 ], [ 101.758196484469835, 12.702562607374002 ], [ 101.758194535237109, 12.702381959747225 ], [ 101.758010535500446, 12.702383873390582 ], [ 101.75800858642738, 12.702203225732962 ], [ 101.757640587123277, 12.702207052581647 ], [ 101.757638638339472, 12.702026404865094 ], [ 101.757270639174564, 12.702030231148482 ], [ 101.757268690680021, 12.701849583373008 ], [ 101.756900691654337, 12.701853409091106 ], [ 101.756898743449071, 12.701672761256724 ], [ 101.75653074456261, 12.701676586409548 ], [ 101.756528796646577, 12.701495938516256 ], [ 101.75634479728798, 12.701497850873677 ], [ 101.756342849531563, 12.701317202949564 ], [ 101.755974850983606, 12.701321027226433 ], [ 101.755972903516437, 12.701140379243425 ], [ 101.755604905107731, 12.701144202955062 ], [ 101.755602957929796, 12.700963554913164 ], [ 101.75523495966037, 12.700967378059582 ], [ 101.75523301277164, 12.700786729958809 ], [ 101.75486501464151, 12.700790552540022 ], [ 101.754863068041999, 12.700609904380375 ], [ 101.754679069061581, 12.700611815452021 ], [ 101.754677122621658, 12.700431167261566 ], [ 101.754309124830101, 12.700434988966943 ], [ 101.754307178679383, 12.700254340717633 ], [ 101.753939181027135, 12.700258161857843 ], [ 101.753937235165608, 12.700077513549678 ], [ 101.753569237652698, 12.700081334124738 ], [ 101.753567292080348, 12.699900685757727 ], [ 101.753199294706789, 12.699904505767652 ], [ 101.753197349423615, 12.699723857341807 ], [ 101.75301335082149, 12.699725767127836 ], [ 101.753011405697876, 12.699545118671203 ], [ 101.752643408662976, 12.699548937805407 ], [ 101.752641463828525, 12.699368289289948 ], [ 101.752273466932976, 12.699372107859055 ], [ 101.752271522387687, 12.699191459284778 ], [ 101.751903525631533, 12.699195277288803 ], [ 101.751901581375392, 12.699014628655716 ], [ 101.751533584758633, 12.699018446094673 ], [ 101.751531640791626, 12.698837797402781 ], [ 101.751347642567922, 12.698839705903358 ], [ 101.75134569876046, 12.698659057180699 ], [ 101.750977702482416, 12.698662873744052 ], [ 101.750975758964074, 12.698482224962603 ], [ 101.750607762825467, 12.698486040960931 ], [ 101.750605819596245, 12.698305392120698 ], [ 101.750237823597089, 12.698309207554008 ], [ 101.750235880656973, 12.698128558654998 ], [ 101.749867884797268, 12.698132373523309 ], [ 101.749865942146272, 12.697951724565534 ], [ 101.749681944301102, 12.697953631780816 ], [ 101.749680001809608, 12.697772982792284 ], [ 101.74931200628869, 12.697776796785115 ], [ 101.749310064086288, 12.697596147737828 ], [ 101.748942068704849, 12.697599961165698 ], [ 101.748940126791524, 12.697419312059663 ], [ 101.748572131549594, 12.697423124922585 ], [ 101.748570189925346, 12.697242475757806 ], [ 101.748202194822923, 12.697246288055798 ], [ 101.748200253487738, 12.697065638832285 ], [ 101.747832258524838, 12.697069450565357 ], [ 101.747830317478716, 12.696888801283118 ], [ 101.747646320081984, 12.696890706930818 ], [ 101.747644379195336, 12.696710057617851 ], [ 101.747276384571322, 12.696713868475584 ], [ 101.747274443973723, 12.696533219103904 ], [ 101.746906449489273, 12.696537029396758 ], [ 101.746904509180695, 12.696356379966371 ], [ 101.74653651483581, 12.696360189694358 ], [ 101.746534574816266, 12.696179540205272 ], [ 101.746166580610975, 12.696183349368411 ], [ 101.746164640880451, 12.696002699820635 ], [ 101.745980643862538, 12.696004604183397 ], [ 101.74597870429146, 12.695823954604903 ], [ 101.745610710425126, 12.695827762892822 ], [ 101.745608771143054, 12.695647113255653 ], [ 101.745240777416313, 12.695650920978762 ], [ 101.745238838423248, 12.695470271282918 ], [ 101.744870844836143, 12.695474078441229 ], [ 101.744868906132069, 12.695293428686725 ], [ 101.7445009126846, 12.695297235280252 ], [ 101.744498974269518, 12.695116585467085 ], [ 101.744314977630538, 12.695118488545077 ], [ 101.744313039374873, 12.694937838701213 ], [ 101.743945046266447, 12.694941644419643 ], [ 101.743943108299746, 12.694760994517138 ], [ 101.743575115330984, 12.694764799670821 ], [ 101.743573177653246, 12.694584149709678 ], [ 101.743205184824149, 12.694587954298635 ], [ 101.743203247435375, 12.694407304278865 ], [ 101.74283525474597, 12.694411108303109 ], [ 101.742833317646159, 12.694230458224709 ], [ 101.742649321386239, 12.694232360018084 ], [ 101.742647384445803, 12.694051709909013 ], [ 101.742279392095512, 12.694055513058274 ], [ 101.742277455444011, 12.693874862890588 ], [ 101.741909463233441, 12.693878665475173 ], [ 101.741907526870875, 12.693698015248886 ], [ 101.74153953480004, 12.69370181726881 ], [ 101.741537598726396, 12.693521166983929 ], [ 101.74116960679531, 12.693524968439208 ], [ 101.741167671010572, 12.693344318095738 ], [ 101.740983675129812, 12.693346218604658 ], [ 101.740981739504448, 12.693165568230524 ], [ 101.740613747912548, 12.693169368810942 ], [ 101.740611812576063, 12.692988718378237 ], [ 101.74024382112394, 12.692992518394046 ], [ 101.740241886076362, 12.692811867902769 ], [ 101.739873894764045, 12.692815667353985 ], [ 101.739871960005331, 12.692635016804148 ], [ 101.739503968832807, 12.692638815690785 ], [ 101.739502034362971, 12.692458165082396 ], [ 101.739318038861526, 12.692460064307022 ], [ 101.739316104551037, 12.692279413667992 ], [ 101.738948113717768, 12.692283211679882 ], [ 101.738946179696143, 12.692102560982306 ], [ 101.738578189002695, 12.692106358429664 ], [ 101.738576255269933, 12.691925707673553 ], [ 101.738208264716334, 12.691929504556384 ], [ 101.738206331272423, 12.691748853741744 ], [ 101.737838340858687, 12.691752650060065 ], [ 101.737836407703597, 12.691571999186912 ], [ 101.737652412581568, 12.691573897127411 ], [ 101.737650479585795, 12.691393246223631 ], [ 101.737282489511401, 12.691397041667326 ], [ 101.73728055680445, 12.691216390705037 ], [ 101.736912566869933, 12.691220185584262 ], [ 101.736910634451803, 12.691039534563476 ], [ 101.736542644657192, 12.691043328878239 ], [ 101.736540712527869, 12.690862677798959 ], [ 101.736172722873178, 12.690866471549283 ], [ 101.736170791032649, 12.69068582041152 ], [ 101.735986796290163, 12.690687717068053 ], [ 101.735984864608923, 12.690507065899679 ], [ 101.73561687529363, 12.690510858775495 ], [ 101.735614943901197, 12.690330207548655 ], [ 101.735246954725852, 12.690333999860069 ], [ 101.735245023622184, 12.690153348574757 ], [ 101.734877034586788, 12.69015714032178 ], [ 101.734875103771898, 12.689976488978019 ], [ 101.734507114876493, 12.689980280160665 ], [ 101.734505184350368, 12.689799628758447 ], [ 101.734321189987526, 12.689801524131173 ], [ 101.734319259620648, 12.68962087269837 ], [ 101.733951271064726, 12.689624663006631 ], [ 101.733949340986612, 12.689444011515386 ], [ 101.733581352570667, 12.689447801259311 ], [ 101.73357942278129, 12.689267149709638 ], [ 101.733211434505378, 12.689270938889241 ], [ 101.733209505004737, 12.689090287281143 ], [ 101.732841516868845, 12.68909407589644 ], [ 101.732839587656926, 12.688913424229925 ], [ 101.732471599661082, 12.688917212280934 ], [ 101.732469670737885, 12.688736560556015 ], [ 101.732285676824858, 12.688738454362953 ], [ 101.732283748060894, 12.688557802607463 ], [ 101.731915760404618, 12.688561589784225 ], [ 101.731913831929361, 12.688380937970338 ], [ 101.731545844413148, 12.688384724582848 ], [ 101.731543916226585, 12.688204072710574 ], [ 101.731175928850462, 12.688207858758842 ], [ 101.731174000952592, 12.68802720682819 ], [ 101.73080601371656, 12.688030992312234 ], [ 101.730804086107383, 12.687850340323207 ], [ 101.73062009257427, 12.687852232846698 ], [ 101.730618165124284, 12.687671580827116 ], [ 101.730250178227891, 12.687675365437038 ], [ 101.730248251066584, 12.687494713359099 ], [ 101.729880264310324, 12.687498497404832 ], [ 101.729878337437668, 12.687317845268538 ], [ 101.729510350821542, 12.6873216287501 ], [ 101.729508424237551, 12.687140976555462 ], [ 101.729140437761572, 12.687144759472867 ], [ 101.729138511466232, 12.686964107219891 ], [ 101.728954518313174, 12.686965998460089 ], [ 101.728952592176995, 12.686785346176576 ], [ 101.728584606040727, 12.68678912821998 ], [ 101.728582680193199, 12.686608475878138 ], [ 101.728214694197121, 12.686612257357423 ], [ 101.728212768638201, 12.686431604957265 ], [ 101.727844782782327, 12.686435385872445 ], [ 101.727842857512016, 12.686254733413975 ], [ 101.72747487179636, 12.686258513765065 ], [ 101.727472946814672, 12.686077861248293 ], [ 101.727288954041768, 12.686079751205368 ], [ 101.727287029219227, 12.685899098658073 ], [ 101.726919043843353, 12.685902878135277 ], [ 101.726917119309405, 12.685722225529698 ], [ 101.726549134073764, 12.685726004442854 ], [ 101.726547209828396, 12.685545351778984 ], [ 101.726179224733016, 12.6855491301281 ], [ 101.726177300776229, 12.685368477405961 ], [ 101.72580931582111, 12.685372255191057 ], [ 101.725807392152902, 12.685191602410642 ], [ 101.725623399760309, 12.68519349108475 ], [ 101.72562147625122, 12.685012838273835 ], [ 101.725253491635968, 12.685016615185168 ], [ 101.72525156841543, 12.684835962315997 ], [ 101.724883583940468, 12.684839738663346 ], [ 101.724881661008496, 12.684659085735927 ], [ 101.724513676673823, 12.684662861519309 ], [ 101.724511754030402, 12.684482208533646 ], [ 101.724143769836061, 12.684485983753072 ], [ 101.724141847481164, 12.684305330709176 ], [ 101.723957855468981, 12.684307218100477 ], [ 101.723955933273174, 12.684126565026096 ], [ 101.723587949418771, 12.684130339371878 ], [ 101.723586027511502, 12.683949686239274 ], [ 101.723218043797445, 12.68395346002114 ], [ 101.72321612217867, 12.683772806830321 ], [ 101.722848138605002, 12.683776580048288 ], [ 101.722846217274736, 12.683595926799262 ], [ 101.722478233841429, 12.683599699453342 ], [ 101.722476312799671, 12.683419046146115 ], [ 101.722292321168013, 12.683420932254773 ], [ 101.722290400285303, 12.683240278917081 ], [ 101.721922417192019, 12.683244050697635 ], [ 101.721920496597804, 12.683063397301755 ], [ 101.721552513644909, 12.683067168518463 ], [ 101.721550593339188, 12.682886515064402 ], [ 101.721182610526711, 12.682890285717274 ], [ 101.721180690509456, 12.682709632205039 ], [ 101.72081270783741, 12.6827134022941 ], [ 101.720810788108608, 12.6825327487237 ], [ 101.720626796857616, 12.682534633549874 ], [ 101.720624877287847, 12.682353979949026 ], [ 101.720256894955909, 12.682357749164673 ], [ 101.720254975674578, 12.682177095505669 ], [ 101.719886993483101, 12.682180864157541 ], [ 101.719885074490236, 12.682000210440394 ], [ 101.719517092439204, 12.682003978528497 ], [ 101.719515173734777, 12.681823324753212 ], [ 101.719147191824248, 12.681827092277565 ], [ 101.719145273408245, 12.681646438444153 ], [ 101.718961282538004, 12.681648321988003 ], [ 101.718959364281005, 12.681467668124155 ], [ 101.718591382710642, 12.68147143477522 ], [ 101.718589464742053, 12.681290780853256 ], [ 101.718221483312206, 12.681294546940611 ], [ 101.718219565632026, 12.68111389296053 ], [ 101.717851584342696, 12.681117658484188 ], [ 101.717849666950926, 12.680937004446006 ], [ 101.717481685802142, 12.68094076940598 ], [ 101.717479768698752, 12.680760115309704 ], [ 101.717295778209419, 12.680761997571398 ], [ 101.717293861265006, 12.680581343444704 ], [ 101.716925880456458, 12.680585107531508 ], [ 101.716923963800426, 12.680404453346735 ], [ 101.716555983132452, 12.680408216869894 ], [ 101.716554066764786, 12.68022756262704 ], [ 101.7161860862374, 12.680231325586576 ], [ 101.716184170158087, 12.680050671285654 ], [ 101.715816189771317, 12.680054433681574 ], [ 101.715814273980357, 12.679873779322588 ], [ 101.715446293734175, 12.679877541154907 ], [ 101.715444378231567, 12.679696886737869 ], [ 101.715260388193556, 12.67969876743577 ], [ 101.715258472849911, 12.67951811298834 ], [ 101.714890492944065, 12.679521873947632 ], [ 101.714888577888729, 12.67934121944216 ], [ 101.714520598123528, 12.679344979837893 ], [ 101.71451868335653, 12.679164325274382 ], [ 101.714150703731974, 12.679168085106568 ], [ 101.714148789253301, 12.678987430485034 ], [ 101.713780809769403, 12.678991189753686 ], [ 101.71377889557904, 12.678810535074135 ], [ 101.713594905922179, 12.678812414490229 ], [ 101.713592991890721, 12.678631759780302 ], [ 101.713225012747245, 12.678635518176048 ], [ 101.713223099004082, 12.67845486340811 ], [ 101.712855120001294, 12.678458621240365 ], [ 101.712853206546441, 12.678277966414425 ], [ 101.71248522768434, 12.678281723683201 ], [ 101.712483314517769, 12.678101068799275 ], [ 101.712115335796398, 12.678104825504583 ], [ 101.712113422918094, 12.677924170562669 ], [ 101.711929433642524, 12.677926048697122 ], [ 101.711927520923098, 12.677745393724852 ], [ 101.711559542542233, 12.677749149557373 ], [ 101.711557630111059, 12.677568494527128 ], [ 101.711189651870924, 12.677572249796222 ], [ 101.711187739728018, 12.677391594708013 ], [ 101.710819761628656, 12.677395349413702 ], [ 101.710817849773989, 12.677214694267532 ], [ 101.710449871815399, 12.677218448409823 ], [ 101.71044796024897, 12.677037793205702 ], [ 101.71026397135482, 12.677039670058679 ], [ 101.71026205994724, 12.67685901482422 ], [ 101.709894082329214, 12.676862768093839 ], [ 101.709892171209859, 12.676682112801442 ], [ 101.709524193732648, 12.676685865507704 ], [ 101.709522282901517, 12.676505210157377 ], [ 101.709154305565107, 12.676508962300298 ], [ 101.709152395022187, 12.676328306892046 ], [ 101.708784417826607, 12.67633205847164 ], [ 101.708782507571883, 12.676151403005472 ], [ 101.708598519059265, 12.676153278577123 ], [ 101.708596608963362, 12.675972623080636 ], [ 101.70822863210843, 12.675976373787677 ], [ 101.708226722300722, 12.675795718233282 ], [ 101.707858745586648, 12.675799468377035 ], [ 101.707856836067123, 12.675618812764743 ], [ 101.707488859493907, 12.675622562345222 ], [ 101.707486950262563, 12.675441906675038 ], [ 101.707118973830248, 12.675445655692258 ], [ 101.707117064887058, 12.675264999964199 ], [ 101.706933076756073, 12.675266874254696 ], [ 101.706931167971689, 12.675086218496327 ], [ 101.706563191880079, 12.675089966641115 ], [ 101.706561283383849, 12.674909310824876 ], [ 101.706193307433153, 12.674913058406444 ], [ 101.706191399225062, 12.674732402532346 ], [ 101.70582342341531, 12.674736149550704 ], [ 101.705821515495344, 12.674555493618749 ], [ 101.705453539826522, 12.674559240073917 ], [ 101.705451632194695, 12.674378584084115 ], [ 101.70526764444547, 12.674380457093619 ], [ 101.705265736972436, 12.674199801073534 ], [ 101.704897761644389, 12.674203546656383 ], [ 101.704895854459451, 12.674022890578463 ], [ 101.704527879272391, 12.674026635598164 ], [ 101.704525972375549, 12.673845979462413 ], [ 101.704157997329474, 12.673849723918975 ], [ 101.704156090720744, 12.673669067725406 ], [ 101.703788115815669, 12.673672811618845 ], [ 101.703786209495021, 12.673492155367459 ], [ 101.703602222127685, 12.673494027096126 ], [ 101.703600315965801, 12.673313370814476 ], [ 101.703232341401574, 12.67331711383572 ], [ 101.703230435527757, 12.673136457496266 ], [ 101.702862461104559, 12.673140199954425 ], [ 101.702860555518825, 12.672959543557178 ], [ 101.702492581236669, 12.672963285452266 ], [ 101.702490675938989, 12.672782628997235 ], [ 101.702122701797876, 12.672786370329266 ], [ 101.70212079678825, 12.672605713816457 ], [ 101.70193680980293, 12.672607584264449 ], [ 101.701934904952026, 12.672426927721389 ], [ 101.701566931151859, 12.672430668181345 ], [ 101.70156502658898, 12.672250011580516 ], [ 101.701197052929899, 12.672253751477456 ], [ 101.701195148655074, 12.67207309481887 ], [ 101.700827175137078, 12.672076834152806 ], [ 101.700825271150265, 12.671896177436469 ], [ 101.700457297773383, 12.671899916207417 ], [ 101.700455394074595, 12.67171925943334 ], [ 101.700087420838827, 12.671722997641313 ], [ 101.70008551742805, 12.671542340809493 ], [ 101.699901530895431, 12.671544209695494 ], [ 101.699899627643333, 12.67136355283345 ], [ 101.699531654748611, 12.671367290169492 ], [ 101.69952975178451, 12.67118663324972 ], [ 101.699161779030916, 12.671190370022828 ], [ 101.699159876354813, 12.671009713045342 ], [ 101.698791903742404, 12.671013449255527 ], [ 101.698790001354283, 12.670832792220331 ], [ 101.69842202888303, 12.670836527867614 ], [ 101.698420126782892, 12.670655870774716 ], [ 101.698236140632531, 12.670657738380401 ], [ 101.698234238691043, 12.670477081257291 ], [ 101.697866266560894, 12.670480816032759 ], [ 101.69786436490736, 12.670300158851957 ], [ 101.697496392918424, 12.67030389306456 ], [ 101.69749449155286, 12.670123235826081 ], [ 101.697126519705137, 12.670126969475831 ], [ 101.697124618627498, 12.66994631217967 ], [ 101.696756646921017, 12.669950045266583 ], [ 101.696754746131319, 12.66976938791276 ], [ 101.696570760363372, 12.66977125423829 ], [ 101.696568859732309, 12.66959059685427 ], [ 101.696200888367002, 12.669594329069486 ], [ 101.696198988023852, 12.669413671627819 ], [ 101.695831016799801, 12.669417403280239 ], [ 101.695829116744576, 12.669236745780912 ], [ 101.69546114566181, 12.66924047687055 ], [ 101.695459245894483, 12.669059819313588 ], [ 101.695091274953015, 12.669063549840452 ], [ 101.6950893754736, 12.668882892225859 ], [ 101.694905390088167, 12.668884757271394 ], [ 101.694903490767359, 12.668704099626627 ], [ 101.694535520167108, 12.668707829281916 ], [ 101.694533621134198, 12.668527171579525 ], [ 101.694165650675274, 12.668530900672081 ], [ 101.694163751930233, 12.668350242912078 ], [ 101.693795781612636, 12.668353971441922 ], [ 101.693793883155465, 12.668173313624314 ], [ 101.693425912979222, 12.668177041591452 ], [ 101.693424014809906, 12.667996383716247 ], [ 101.693240029807129, 12.667998247481949 ], [ 101.693238131796392, 12.667817589576581 ], [ 101.692870161961466, 12.667821316672265 ], [ 101.692868264238584, 12.66764065870931 ], [ 101.692500294545027, 12.667644385242333 ], [ 101.69249839711, 12.667463727221802 ], [ 101.692130427557842, 12.667467453192176 ], [ 101.692128530410642, 12.667286795114071 ], [ 101.691760560999867, 12.667290520521812 ], [ 101.691758664140494, 12.667109862386143 ], [ 101.691574679520471, 12.667111724872177 ], [ 101.691572782819634, 12.66693106670637 ], [ 101.691204813750275, 12.666934791242772 ], [ 101.691202917337264, 12.666754133019412 ], [ 101.690834948409318, 12.666757856993218 ], [ 101.69083305228412, 12.666577198712316 ], [ 101.690465083497614, 12.66658092212354 ], [ 101.690463187660214, 12.6664002637851 ], [ 101.690095219015177, 12.666403986633762 ], [ 101.690093323465561, 12.666223328237791 ], [ 101.689909339228407, 12.666225189444313 ], [ 101.689907443837313, 12.666044531018223 ], [ 101.689539475533749, 12.666048252995667 ], [ 101.689537580430425, 12.665867594512052 ], [ 101.68916961226833, 12.665871315926967 ], [ 101.68916771745279, 12.66569065738585 ], [ 101.688799749432206, 12.665694378238252 ], [ 101.688797854904422, 12.66551371963963 ], [ 101.68842988702535, 12.665517439929534 ], [ 101.688427992785321, 12.665336781273419 ], [ 101.688244008931164, 12.665338641200593 ], [ 101.688242114849629, 12.665157982514371 ], [ 101.687874147312101, 12.665161701933174 ], [ 101.687872253518307, 12.664981043189467 ], [ 101.687504286122305, 12.664984762045814 ], [ 101.687502392616253, 12.664804103244636 ], [ 101.687134425361805, 12.664807821538536 ], [ 101.687132532143465, 12.664627162679887 ], [ 101.6867645650306, 12.664630880411359 ], [ 101.686762672099988, 12.664450221495251 ], [ 101.686578688628941, 12.66445208014324 ], [ 101.686576795856794, 12.664271421197039 ], [ 101.686208829085544, 12.664275138057532 ], [ 101.686206936601096, 12.664094479053889 ], [ 101.685838969971442, 12.664098195351988 ], [ 101.685837077774693, 12.663917536290901 ], [ 101.68546911128665, 12.663921252026626 ], [ 101.685467219377571, 12.663740592908107 ], [ 101.685099253031154, 12.663744308081471 ], [ 101.685097361409774, 12.663563648905523 ], [ 101.684821386767126, 12.663566434911376 ], [ 101.684819495368799, 12.663385775691689 ], [ 101.684635512366455, 12.663387632842937 ], [ 101.684634566742844, 12.6632973032184 ], [ 101.684542575263023, 12.663298231739597 ], [ 101.684541629679032, 12.663207902107539 ], [ 101.684265655292677, 12.663210687460264 ], [ 101.684263764340443, 12.663030028153102 ], [ 101.683895798648223, 12.663033741457877 ], [ 101.683893907983645, 12.662853082093307 ], [ 101.683525942433107, 12.662856794835792 ], [ 101.683524052056171, 12.662676135413827 ], [ 101.683156086647315, 12.662679847594028 ], [ 101.683154196558021, 12.662499188114685 ], [ 101.682970213939029, 12.662501043987101 ], [ 101.682969268969941, 12.662410714232744 ], [ 101.682877277681811, 12.662411642114531 ], [ 101.682876332752329, 12.66232131235266 ], [ 101.682600358941059, 12.662324095787181 ], [ 101.682598469297801, 12.662143436220413 ], [ 101.682230504372441, 12.662147146967651 ], [ 101.682228615016783, 12.661966487343514 ], [ 101.681860650233162, 12.661970197528522 ], [ 101.681858761165117, 12.661789537847028 ], [ 101.681490796523235, 12.661793247469822 ], [ 101.681488907742789, 12.661612587730978 ], [ 101.681304925507305, 12.661614442324721 ], [ 101.681303981192627, 12.661524112440624 ], [ 101.681211990096259, 12.661525039683085 ], [ 101.681211045821172, 12.661434709791479 ], [ 101.680935072585214, 12.661437491308041 ], [ 101.680933184250733, 12.66125683148182 ], [ 101.680565220092475, 12.661260539671838 ], [ 101.68056333204558, 12.661079879788295 ], [ 101.680195368029104, 12.661083587416151 ], [ 101.680193480269779, 12.660902927475279 ], [ 101.679825516395113, 12.660906634540991 ], [ 101.679823628923344, 12.660725974542805 ], [ 101.679639647071482, 12.66072782785804 ], [ 101.679638703411129, 12.660637497844277 ], [ 101.679546712506578, 12.660638424447489 ], [ 101.679545768885816, 12.660548094426222 ], [ 101.679269796225327, 12.660550874025065 ], [ 101.679267909199467, 12.660370213939554 ], [ 101.678899945808539, 12.660373919572681 ], [ 101.678898059070235, 12.660193259429876 ], [ 101.678530095821145, 12.660196964500907 ], [ 101.678528209370356, 12.660016304300811 ], [ 101.678160246263133, 12.660020008809767 ], [ 101.678158360099886, 12.65983934855239 ], [ 101.677974378631774, 12.659841200589273 ], [ 101.67797343562566, 12.659750870445928 ], [ 101.67788144491297, 12.659751796409973 ], [ 101.677880501946461, 12.659661466259125 ], [ 101.677604529861611, 12.65966424394049 ], [ 101.677603586999268, 12.659573913768508 ], [ 101.677511596322049, 12.659574839592041 ], [ 101.677510653499283, 12.659484509412563 ], [ 101.677234681520844, 12.6594872866724 ], [ 101.677232796090948, 12.659306626270491 ], [ 101.676864833609486, 12.65931032878502 ], [ 101.67686294846709, 12.659129668325859 ], [ 101.676494986127551, 12.659133370278376 ], [ 101.676493101272641, 12.658952709761969 ], [ 101.676309120188378, 12.658954560520664 ], [ 101.676308177836432, 12.658864230247811 ], [ 101.676216187315688, 12.658865155572769 ], [ 101.676215245003306, 12.658774825292417 ], [ 101.675939273494294, 12.658777601056549 ], [ 101.67593833128609, 12.658687270755077 ], [ 101.675846340800817, 12.658688195939542 ], [ 101.675845398632177, 12.658597865630574 ], [ 101.675569427229618, 12.658600640973226 ], [ 101.67556754310796, 12.658419980312374 ], [ 101.675199581394381, 12.658423680270722 ], [ 101.675197697560165, 12.65824301955265 ], [ 101.674829735988553, 12.658246718949057 ], [ 101.674827852441794, 12.658066058173773 ], [ 101.674643871741523, 12.65806790765444 ], [ 101.674642930043646, 12.657977577252156 ], [ 101.674550939714905, 12.657978501938109 ], [ 101.674549998056591, 12.657888171528331 ], [ 101.674274027123587, 12.657890945375472 ], [ 101.674273085569425, 12.657800614944588 ], [ 101.674181095276182, 12.657801539490062 ], [ 101.674180153761569, 12.657711209051691 ], [ 101.673904182935075, 12.657713982477402 ], [ 101.673902300121455, 12.657533321557757 ], [ 101.673534339176001, 12.657537018960246 ], [ 101.673532456649809, 12.657356357983421 ], [ 101.673164495846379, 12.657360054824036 ], [ 101.673162613607602, 12.657179393790026 ], [ 101.67297863329145, 12.657181241992832 ], [ 101.672977692247557, 12.657090911461196 ], [ 101.672885702110847, 12.657091835508224 ], [ 101.672884761106516, 12.657001504969097 ], [ 101.672608790749706, 12.657004276899489 ], [ 101.672607849849499, 12.656913946339268 ], [ 101.67251585974833, 12.656914870245835 ], [ 101.672514918887686, 12.65682453967813 ], [ 101.672238948637414, 12.656827311187143 ], [ 101.67223706713169, 12.656646650008865 ], [ 101.671869106954588, 12.656650344855819 ], [ 101.67186722573625, 12.656469683620392 ], [ 101.671499265701215, 12.656473377905543 ], [ 101.671497384770262, 12.656292716612967 ], [ 101.67131340483833, 12.65629456353807 ], [ 101.67131246444832, 12.656204232877156 ], [ 101.671220474503741, 12.65620515628534 ], [ 101.671219534153295, 12.656114825616948 ], [ 101.670943564372848, 12.65611759563083 ], [ 101.670942624126539, 12.656027264941354 ], [ 101.670850634217473, 12.656028188209092 ], [ 101.670849694010712, 12.655937857512136 ], [ 101.670573724336847, 12.655940627104691 ], [ 101.670571844138834, 12.655759965667935 ], [ 101.670203884730341, 12.655763657959678 ], [ 101.670202004819672, 12.655582996465801 ], [ 101.669834045553301, 12.655586688195809 ], [ 101.669832165929975, 12.65540602664483 ], [ 101.669464206805756, 12.655409717813111 ], [ 101.669462327469773, 12.655229056205027 ], [ 101.669278347993256, 12.655230901571727 ], [ 101.669277408400731, 12.655140570753071 ], [ 101.669185418683867, 12.655141493382063 ], [ 101.669184479130891, 12.655051162555935 ], [ 101.668908510033617, 12.655053930232278 ], [ 101.668906631143145, 12.654873268537195 ], [ 101.668538672503473, 12.654876958274048 ], [ 101.668536793900316, 12.654696296521887 ], [ 101.668168835402838, 12.654699985697073 ], [ 101.668166957086981, 12.654519323887833 ], [ 101.667798998731712, 12.654523012501361 ], [ 101.667798059713803, 12.654432681568553 ], [ 101.667706070139133, 12.654433603635873 ], [ 101.667705131160758, 12.654343272695593 ], [ 101.667245183340043, 12.654347882522655 ], [ 101.667243305727922, 12.654167220572127 ], [ 101.666875347599046, 12.654170907808741 ], [ 101.666873470274226, 12.653990245801165 ], [ 101.666505512287614, 12.653993932476171 ], [ 101.666504573765195, 12.653903601444203 ], [ 101.666412584282696, 12.653904523026902 ], [ 101.666411645799826, 12.653814191987465 ], [ 101.665951698440011, 12.653818799391443 ], [ 101.665949821818856, 12.653638137242639 ], [ 101.66558186405878, 12.653641822540836 ], [ 101.665579987724882, 12.653461160335016 ], [ 101.665212030107099, 12.653464845071648 ], [ 101.665211092080142, 12.653374513940571 ], [ 101.665119102689872, 12.653375435038683 ], [ 101.665118164702449, 12.653285103900139 ], [ 101.664106281286251, 12.653295233812287 ], [ 101.664104406043336, 12.653114571383902 ], [ 101.662816554058949, 12.653127458261347 ], [ 101.662814679748905, 12.652946795640347 ], [ 101.661710806264651, 12.652957836426893 ], [ 101.661708932758316, 12.652777173640487 ], [ 101.660605059006599, 12.65278820969918 ], [ 101.660603186303959, 12.652607546747436 ], [ 101.658211457947303, 12.652631442194682 ], [ 101.658213328971328, 12.652812105498544 ], [ 101.656189553586458, 12.652832308281926 ], [ 101.656191423219013, 12.653012971880768 ], [ 101.655455503513878, 12.653020314651268 ], [ 101.655457372658802, 12.653200978355592 ], [ 101.654721451975036, 12.653208319205216 ], [ 101.6547233206323, 12.653388983014986 ], [ 101.653987398970031, 12.653396321943678 ], [ 101.653989267139636, 12.653576985858869 ], [ 101.653437325202404, 12.653582488804865 ], [ 101.653439193013455, 12.653763152798419 ], [ 101.652703269509914, 12.653770488392331 ], [ 101.652705136833276, 12.653951152491258 ], [ 101.6523371746501, 12.653954819581301 ], [ 101.652340908866805, 12.654316147879067 ], [ 101.652432899552551, 12.6543152311271 ], [ 101.652434766768735, 12.654495895258401 ], [ 101.652526757511851, 12.654494978461221 ], [ 101.652529558487103, 12.654765974632813 ], [ 101.652621549319875, 12.654765057783665 ], [ 101.652623416737342, 12.654945721881154 ], [ 101.652715407627468, 12.654944804986785 ], [ 101.652718208904645, 12.655215801107662 ], [ 101.652810199884414, 12.655214884161323 ], [ 101.652811133690179, 12.655305216193499 ], [ 101.652903124695044, 12.655304299208694 ], [ 101.652904992392806, 12.655484963257503 ], [ 101.652996983455026, 12.655484046227482 ], [ 101.652997917347008, 12.655574378244111 ], [ 101.65308990843431, 12.655573461175619 ], [ 101.653091776304521, 12.655754125193328 ], [ 101.653183767449178, 12.655753208079618 ], [ 101.653185635412811, 12.655933872081103 ], [ 101.653277626614852, 12.655932954922166 ], [ 101.653279494671921, 12.656113618907419 ], [ 101.653463477183493, 12.656111784467386 ], [ 101.653464411287445, 12.656202116445487 ], [ 101.653556402564689, 12.656201199171143 ], [ 101.653558270858824, 12.656381863111783 ], [ 101.653650262193452, 12.656380945792217 ], [ 101.65365306478563, 12.656651941677808 ], [ 101.6537450562099, 12.656651024306262 ], [ 101.653746924705345, 12.656831688213078 ], [ 101.653654933216487, 12.65683260559814 ], [ 101.65365680167622, 12.657013269515755 ], [ 101.653564810115554, 12.65701418688262 ], [ 101.653566678539548, 12.657194850811029 ], [ 101.653658670164816, 12.657193933430651 ], [ 101.653660538682274, 12.657374597342825 ], [ 101.653752530364898, 12.657373679917223 ], [ 101.653754398975821, 12.657554343813166 ], [ 101.653846390715813, 12.657553426342327 ], [ 101.653847325064405, 12.657643758282527 ], [ 101.653939316829479, 12.657642840773216 ], [ 101.653940251217563, 12.657733172705973 ], [ 101.654124234790672, 12.65773133757869 ], [ 101.654125169250563, 12.657821669497254 ], [ 101.654217161058583, 12.657820751879282 ], [ 101.65421903006461, 12.658001415700854 ], [ 101.654311021930013, 12.658000498037643 ], [ 101.654311956476164, 12.658090829940653 ], [ 101.654403948366635, 12.658089912238971 ], [ 101.654405817545154, 12.658270576029427 ], [ 101.654497809493009, 12.658269658282512 ], [ 101.654498744125391, 12.658359990169961 ], [ 101.654590736098328, 12.658359072384567 ], [ 101.654592605449352, 12.658539736143911 ], [ 101.654684597479658, 12.658538818313279 ], [ 101.6546855321983, 12.658629150185176 ], [ 101.654777524253674, 12.658628232316065 ], [ 101.654779393777218, 12.658808896044295 ], [ 101.654871385889962, 12.658807978129948 ], [ 101.654872320694878, 12.658898309986281 ], [ 101.654964312832703, 12.658897392033456 ], [ 101.654965247677126, 12.658987723882351 ], [ 101.655057239840033, 12.658986805891042 ], [ 101.655059109615124, 12.659167469573273 ], [ 101.655151101835415, 12.659166551536728 ], [ 101.655152036766083, 12.659256883370064 ], [ 101.655244029011456, 12.659255965295035 ], [ 101.655244963981644, 12.659346297120928 ], [ 101.6553369562521, 12.659345379007419 ], [ 101.655338826278751, 12.659526042643648 ], [ 101.655430818606575, 12.659525124484897 ], [ 101.655431753663038, 12.659615456295231 ], [ 101.655523746015945, 12.659614538097998 ], [ 101.655525616215115, 12.659795201703099 ], [ 101.655617608625406, 12.659794283460622 ], [ 101.655618543768142, 12.659884615255391 ], [ 101.6557105362035, 12.659883696974429 ], [ 101.6557133417719, 12.660154692334373 ], [ 101.655805334296943, 12.660153774001405 ], [ 101.655806269533159, 12.660244105779933 ], [ 101.655898262083298, 12.660243187408478 ], [ 101.655900132642003, 12.660423850949963 ], [ 101.656084117849801, 12.660422014084835 ], [ 101.656085988566602, 12.66060267759655 ], [ 101.655534032468864, 12.660608187892413 ], [ 101.655538708418149, 12.661059846862683 ], [ 101.655630701280685, 12.661058928525538 ], [ 101.655631636524518, 12.66114926031079 ], [ 101.655723629412122, 12.66114834193516 ], [ 101.655724564695475, 12.661238673712969 ], [ 101.655816557608176, 12.661237755298851 ], [ 101.65581749293105, 12.661328087069219 ], [ 101.655909485868833, 12.661327168616612 ], [ 101.655911356600868, 12.661507832141785 ], [ 101.656003349596034, 12.661506913643928 ], [ 101.656004285005196, 12.661597245398731 ], [ 101.656188271038459, 12.661595408294316 ], [ 101.656189206519471, 12.66168574003491 ], [ 101.656465185612106, 12.661682984120047 ], [ 101.656464250034205, 12.661592652399742 ], [ 101.656556243018329, 12.661591733704769 ], [ 101.656557178628546, 12.66168206541831 ], [ 101.656649171637767, 12.661681146684844 ], [ 101.656651042944489, 12.661861810096354 ], [ 101.656743036011093, 12.661860891317634 ], [ 101.656743971707598, 12.661951223015606 ], [ 101.656835964799271, 12.661950304198394 ], [ 101.656835029070464, 12.661859972507187 ], [ 101.657111008205234, 12.661857215885483 ], [ 101.657111944030973, 12.661947547556393 ], [ 101.657387923197618, 12.661944790628857 ], [ 101.657388859127508, 12.662035122278787 ], [ 101.657480852200905, 12.662034203232722 ], [ 101.657481788170315, 12.662124534875208 ], [ 101.657573781268795, 12.662123615790646 ], [ 101.65757658931733, 12.66239461069372 ], [ 101.657668582505508, 12.662393691557133 ], [ 101.657669518568454, 12.662484023183364 ], [ 101.6577615117817, 12.662483104008279 ], [ 101.657764320110815, 12.662754098862592 ], [ 101.657856313413774, 12.662753179635475 ], [ 101.657857249570242, 12.662843511245452 ], [ 101.657949242898283, 12.662842591979842 ], [ 101.657951115297507, 12.663023255184218 ], [ 101.658043108682946, 12.66302233587334 ], [ 101.658044044925717, 12.663112667467741 ], [ 101.658136038336238, 12.663111748118368 ], [ 101.658136974618543, 12.663202079705318 ], [ 101.658228968054132, 12.663201160317449 ], [ 101.658230840705059, 12.663381823475774 ], [ 101.658322834198046, 12.663380904042633 ], [ 101.658324706942494, 12.663561567184701 ], [ 101.658416700492893, 12.663560647706294 ], [ 101.658417636908283, 12.663650979269541 ], [ 101.658509630483735, 12.66365005975263 ], [ 101.658513376346832, 12.664011385971731 ], [ 101.658605370044299, 12.664010466396013 ], [ 101.65860724308385, 12.664191129487945 ], [ 101.658699236838729, 12.664190209866954 ], [ 101.658700173401655, 12.664280541405132 ], [ 101.658884160954344, 12.664278702054418 ], [ 101.658881351093356, 12.664007707478468 ], [ 101.658789357417561, 12.664008627149382 ], [ 101.658785611166735, 12.663647301011519 ], [ 101.658877604713282, 12.663646381367688 ], [ 101.65887854129744, 12.6637367128964 ], [ 101.65897053486907, 12.663735793214066 ], [ 101.658972408123731, 12.663916456255917 ], [ 101.659064401752744, 12.663915536528313 ], [ 101.659061591784649, 12.663644541984828 ], [ 101.659245578827111, 12.663642702475048 ], [ 101.659247452261184, 12.663823365477631 ], [ 101.659339445836196, 12.663822445661603 ], [ 101.659341319363804, 12.664003108647925 ], [ 101.659433312996214, 12.664002188786622 ], [ 101.659435186617387, 12.664182851756674 ], [ 101.659527180307165, 12.664181931850097 ], [ 101.659531864648244, 12.66463358922948 ], [ 101.659623858492381, 12.664632669257308 ], [ 101.659626669280755, 12.664903663656457 ], [ 101.659810657141179, 12.664901823576274 ], [ 101.659811594149744, 12.664992155027752 ], [ 101.659903588101429, 12.664991234933288 ], [ 101.659904525149528, 12.665081566377314 ], [ 101.659996519126295, 12.665080646244341 ], [ 101.659997456213944, 12.665170977680914 ], [ 101.660089450215793, 12.665170057509433 ], [ 101.660090387343004, 12.665260388938552 ], [ 101.660182381369921, 12.665259468728562 ], [ 101.660183318536667, 12.665349800150226 ], [ 101.660275312588666, 12.66534887990173 ], [ 101.66027624979499, 12.665439211315936 ], [ 101.660460237941919, 12.66543737071019 ], [ 101.660461175220092, 12.665527702110172 ], [ 101.66064516340272, 12.665525861363932 ], [ 101.660646100752771, 12.665616192749685 ], [ 101.660830088971082, 12.665614351862953 ], [ 101.660831026392998, 12.665704683234475 ], [ 101.660923020523612, 12.665703762736729 ], [ 101.660923957985077, 12.665794094100793 ], [ 101.661199940430464, 12.665791332396815 ], [ 101.661201815569001, 12.66597199508225 ], [ 101.661293809767628, 12.665971074437229 ], [ 101.661294747380069, 12.666061405772151 ], [ 101.661202753149141, 12.666062326423946 ], [ 101.661204628331092, 12.666242989105294 ], [ 101.661112634028285, 12.666243909738906 ], [ 101.661122010049169, 12.667147223172602 ], [ 101.661214004675173, 12.667146302471231 ], [ 101.661215880030852, 12.667326965136253 ], [ 101.661307874714268, 12.66732604438959 ], [ 101.661309750163525, 12.667506707038335 ], [ 101.661401744904339, 12.667505786246373 ], [ 101.661402682672147, 12.667596117562951 ], [ 101.661678666948148, 12.667593354976299 ], [ 101.661679604820165, 12.667683686271864 ], [ 101.661771599596676, 12.667682765339386 ], [ 101.661778165129718, 12.66831508434184 ], [ 101.661870160125261, 12.668314163330177 ], [ 101.661871098119832, 12.668404494606737 ], [ 101.661963093140443, 12.668403573556555 ], [ 101.661969659531451, 12.669035892426004 ], [ 101.662061654771094, 12.669034971296629 ], [ 101.66206353101262, 12.669215633811074 ], [ 101.662155526309689, 12.669214712636396 ], [ 101.66215646447364, 12.669305043885819 ], [ 101.662248459795791, 12.669304122672617 ], [ 101.662249397999304, 12.669394453914583 ], [ 101.662433388686537, 12.669392611379381 ], [ 101.662435265244596, 12.669573273834152 ], [ 101.662527260642008, 12.669572352505377 ], [ 101.662528198964225, 12.669662683724964 ], [ 101.662620194386719, 12.669661762357658 ], [ 101.662623009493814, 12.669932755991987 ], [ 101.662715005006049, 12.669931834572598 ], [ 101.662716881844986, 12.67011249697852 ], [ 101.662808877414633, 12.670111575513824 ], [ 101.662809815877281, 12.670201906708984 ], [ 101.662993807059522, 12.670200063670785 ], [ 101.662994745594062, 12.670290394851705 ], [ 101.663086741206655, 12.670289473278201 ], [ 101.663089556950766, 12.67056046679653 ], [ 101.663273548348172, 12.670558623513598 ], [ 101.6632726096949, 12.670468292355066 ], [ 101.663364605350409, 12.670467370672755 ], [ 101.663367421428958, 12.670738364125967 ], [ 101.663275425676474, 12.670739285828621 ], [ 101.663276364351475, 12.670829616985111 ], [ 101.663368360136303, 12.670828695275674 ], [ 101.663369298850881, 12.670919026424702 ], [ 101.663645286258898, 12.670916261085553 ], [ 101.663646225077713, 12.671006592213557 ], [ 101.663830216711503, 12.671004748481812 ], [ 101.663829277828015, 12.67091441736738 ], [ 101.664289256624016, 12.670909807516324 ], [ 101.664290195669167, 12.671000138596844 ], [ 101.664474187201506, 12.670998294420606 ], [ 101.66447512631855, 12.671088625486874 ], [ 101.664567122106178, 12.671087703344346 ], [ 101.664569000426667, 12.671268365461266 ], [ 101.664660996271706, 12.67126744327342 ], [ 101.664661935475166, 12.671357774324076 ], [ 101.664845927208191, 12.671355929839564 ], [ 101.664842170179213, 12.670994605687147 ], [ 101.664934165905535, 12.670993683424406 ], [ 101.664936983763369, 12.671264676519383 ], [ 101.665028979579432, 12.671263754204535 ], [ 101.665028040253915, 12.671173423180344 ], [ 101.665212031799598, 12.671171578468975 ], [ 101.665212971189803, 12.671261909479595 ], [ 101.66530496698411, 12.671260987069498 ], [ 101.665305906413877, 12.67135131807265 ], [ 101.665489898045408, 12.671349473143636 ], [ 101.665490837547097, 12.671439804132529 ], [ 101.665674829214296, 12.671437959062938 ], [ 101.66567670836875, 12.671618621011536 ], [ 101.665768704256138, 12.67161769841554 ], [ 101.665770583504255, 12.671798360347839 ], [ 101.665678587552193, 12.671799282957414 ], [ 101.665679527154808, 12.671889613929327 ], [ 101.665495535164268, 12.671891459066797 ], [ 101.665494595626342, 12.671801128081304 ], [ 101.665402599652523, 12.671802050595623 ], [ 101.665403539158135, 12.671892381587902 ], [ 101.665311543144739, 12.671893304077258 ], [ 101.665312482625254, 12.671983635075645 ], [ 101.665220486572295, 12.671984557540034 ], [ 101.665222365490393, 12.672165219548337 ], [ 101.66531436160804, 12.672164297070374 ], [ 101.665318119660597, 12.672525621051658 ], [ 101.665226123413618, 12.672526543556767 ], [ 101.665228941932142, 12.672797536555944 ], [ 101.66541293461286, 12.672795691473246 ], [ 101.665411995034759, 12.672705360487775 ], [ 101.665871976448017, 12.672700747259279 ], [ 101.66587291618778, 12.672791078210809 ], [ 101.666056908767004, 12.672789232683559 ], [ 101.666057848578703, 12.672879563620834 ], [ 101.666149844889773, 12.672878640802786 ], [ 101.666150784741049, 12.672968971732589 ], [ 101.666334777406107, 12.672967125987656 ], [ 101.666337597197497, 12.673238118732247 ], [ 101.666429593616144, 12.67323719579178 ], [ 101.666430533593442, 12.673327526698491 ], [ 101.666522530037199, 12.673326603719479 ], [ 101.666523470054088, 12.673416934618722 ], [ 101.666615466522913, 12.673416011601166 ], [ 101.666616406579394, 12.673506342492933 ], [ 101.666708403073301, 12.673505419436832 ], [ 101.66670746298449, 12.673415088551851 ], [ 101.666799459438806, 12.673414165470785 ], [ 101.666800399559975, 12.673504496348974 ], [ 101.666984392511523, 12.673502650077991 ], [ 101.666985332704598, 12.673592980941919 ], [ 101.667077329201845, 12.673592057752 ], [ 101.667078269434526, 12.673682388608453 ], [ 101.667262262471908, 12.673680542119772 ], [ 101.667263202776525, 12.673770872961962 ], [ 101.667355199316674, 12.673769949663191 ], [ 101.667357080012323, 12.673950611331939 ], [ 101.667449076609898, 12.673949687987832 ], [ 101.667452838217642, 12.674311011289991 ], [ 101.667544834937317, 12.674310087886957 ], [ 101.667545775389726, 12.674400418704003 ], [ 101.667269785111927, 12.674403188838211 ], [ 101.66727072547458, 12.67449351967495 ], [ 101.667086731855093, 12.674495366285885 ], [ 101.667088612472782, 12.674676027984487 ], [ 101.667180609350837, 12.674675104681315 ], [ 101.667182490062245, 12.674855766363615 ], [ 101.667274486997727, 12.674854843015103 ], [ 101.667276367802828, 12.675035504681091 ], [ 101.667368364795735, 12.675034581287234 ], [ 101.667370245694542, 12.675215242936913 ], [ 101.66746224274489, 12.675214319497712 ], [ 101.667464123737389, 12.675394981131081 ], [ 101.667556120845163, 12.675394057646537 ], [ 101.667558001931383, 12.675574719263599 ], [ 101.667649999096582, 12.675573795733706 ], [ 101.667651880276509, 12.675754457334458 ], [ 101.667743877499134, 12.675753533759222 ], [ 101.667744818132334, 12.675843864551776 ], [ 101.667836815380056, 12.675842940937986 ], [ 101.667837756052847, 12.675933271723071 ], [ 101.667929753325652, 12.675932348070724 ], [ 101.667930694038049, 12.676022678848335 ], [ 101.668022691335935, 12.676021755157432 ], [ 101.668024572847202, 12.67620241669702 ], [ 101.668116570202514, 12.676201492960766 ], [ 101.66811751100137, 12.676291823722748 ], [ 101.668393503120825, 12.676289052303028 ], [ 101.668391621336312, 12.676108390819156 ], [ 101.668483618630262, 12.676107466962648 ], [ 101.668485500479477, 12.676288128432926 ], [ 101.668577497830853, 12.676287204531066 ], [ 101.668576556870264, 12.676196873803063 ], [ 101.668668554182048, 12.676195949876234 ], [ 101.668669495174981, 12.676286280597443 ], [ 101.668853489841439, 12.67628443263491 ], [ 101.668855371978452, 12.676465094048105 ], [ 101.668947369365497, 12.6764641700056 ], [ 101.668949251596231, 12.676644831402477 ], [ 101.669041249040703, 12.676643907314618 ], [ 101.669043131365171, 12.676824568695176 ], [ 101.669135128867083, 12.67682364456196 ], [ 101.669137952505267, 12.677094636607302 ], [ 101.669229950096948, 12.677093712421927 ], [ 101.66923183262341, 12.677274373768491 ], [ 101.66950782554899, 12.677271600981005 ], [ 101.66950876692016, 12.67736193163287 ], [ 101.669600764579826, 12.677361007300048 ], [ 101.669601705990615, 12.677451337944433 ], [ 101.669693703675378, 12.677450413573046 ], [ 101.669695586583401, 12.677631074846182 ], [ 101.669787584325618, 12.677630150429433 ], [ 101.669788525822881, 12.677720481058181 ], [ 101.669880523590152, 12.677719556602868 ], [ 101.66988146512702, 12.677809887224132 ], [ 101.669973462919415, 12.677808962730252 ], [ 101.669977229268909, 12.678170285181313 ], [ 101.66979323341809, 12.678172134191689 ], [ 101.669792291884519, 12.678081803566352 ], [ 101.669700293980569, 12.678082728017092 ], [ 101.669698410999914, 12.67790206675077 ], [ 101.669606413153417, 12.677902991156145 ], [ 101.669607354607749, 12.677993321796444 ], [ 101.66942335882824, 12.677995170525495 ], [ 101.669422417438597, 12.677904839871598 ], [ 101.669146423811924, 12.677907612706528 ], [ 101.669147365104521, 12.677997943380815 ], [ 101.66896336925241, 12.677999791792194 ], [ 101.668964310487553, 12.678090122479391 ], [ 101.668872312518261, 12.678091046644228 ], [ 101.668873253728322, 12.678181377337539 ], [ 101.668689257703249, 12.678183225585498 ], [ 101.66869019885587, 12.678273556291719 ], [ 101.668874194945644, 12.678271708030168 ], [ 101.668875136170243, 12.678362038722117 ], [ 101.668967134236581, 12.678361114536893 ], [ 101.668968075500786, 12.678451445221366 ], [ 101.66906007359222, 12.678450520997579 ], [ 101.669061956207102, 12.678631182350882 ], [ 101.668969958050951, 12.678632106588266 ], [ 101.668976547205247, 12.679264421350949 ], [ 101.66888454881537, 12.679265345604136 ], [ 101.668885490119806, 12.679355676288589 ], [ 101.668793491690323, 12.679356600516801 ], [ 101.668797256851263, 12.679717923274987 ], [ 101.668981253961817, 12.679716074732424 ], [ 101.668983136715269, 12.679896736080243 ], [ 101.669075135324348, 12.679895811747709 ], [ 101.669076076744332, 12.679986142413799 ], [ 101.669168075378508, 12.679985218042701 ], [ 101.669169016838097, 12.680075548701316 ], [ 101.669353014149394, 12.680073699850201 ], [ 101.66935489721979, 12.680254361138196 ], [ 101.669446895929255, 12.680253436651386 ], [ 101.66944783750769, 12.680343767287562 ], [ 101.669539836242251, 12.680342842762181 ], [ 101.669540777860306, 12.680433173390881 ], [ 101.669632776619963, 12.680432248826925 ], [ 101.669633718277638, 12.680522579448148 ], [ 101.669725717062391, 12.680521654845624 ], [ 101.669726658759686, 12.680611985459363 ], [ 101.669818657569536, 12.680611060818268 ], [ 101.66981959930645, 12.680701391424524 ], [ 101.669911598141383, 12.680700466744856 ], [ 101.669912539917931, 12.680790797343636 ], [ 101.67000453877796, 12.680789872625398 ], [ 101.670005480594114, 12.680880203216693 ], [ 101.670097479479239, 12.68087927845988 ], [ 101.670098421335013, 12.680969609043698 ], [ 101.670190420245248, 12.680968684248311 ], [ 101.670191362140642, 12.681059014824646 ], [ 101.670283361075974, 12.681058089990687 ], [ 101.670285244953263, 12.681238751127715 ], [ 101.670377243946035, 12.681237826248378 ], [ 101.670378185927945, 12.681328156809071 ], [ 101.670470184945813, 12.68132723189116 ], [ 101.670471126967342, 12.68141756244437 ], [ 101.670563126010308, 12.681416637487882 ], [ 101.670564068071457, 12.681506968033609 ], [ 101.670656067139504, 12.681506043038548 ], [ 101.670657009240287, 12.681596373576793 ], [ 101.670749008333445, 12.681595448543153 ], [ 101.670749950473834, 12.681685779073918 ], [ 101.670841949592088, 12.6816848540017 ], [ 101.670842891772111, 12.681775184524984 ], [ 101.670934890915447, 12.681774259414187 ], [ 101.67093583313509, 12.681864589929983 ], [ 101.671027832303537, 12.681863664780611 ], [ 101.671028774562814, 12.681953995288925 ], [ 101.671120773756343, 12.681953070100972 ], [ 101.671121716055254, 12.682043400601804 ], [ 101.671213715273879, 12.682042475375273 ], [ 101.671215599958202, 12.682223136361291 ], [ 101.671583597018937, 12.682219435082972 ], [ 101.671584539501438, 12.682309765547746 ], [ 101.67186053731777, 12.682306989234933 ], [ 101.671861479904621, 12.682397319678614 ], [ 101.67195347919457, 12.682396394170651 ], [ 101.671954421821056, 12.682486724606846 ], [ 101.672138420443844, 12.682484873481977 ], [ 101.67214030584806, 12.682665534325105 ], [ 101.672232305213285, 12.682664608701392 ], [ 101.672233247958673, 12.682754939115132 ], [ 101.67214124856109, 12.682755864745648 ], [ 101.672143134008948, 12.68293652558469 ], [ 101.672051134539359, 12.682937451197034 ], [ 101.67205207724183, 12.683027781622336 ], [ 101.67186807821615, 12.683029632765301 ], [ 101.671871848839771, 12.683390954514122 ], [ 101.671963848485703, 12.683390028931314 ], [ 101.671966676626838, 12.683661020215359 ], [ 101.672058676362596, 12.683660094580357 ], [ 101.672060561891087, 12.683840755419373 ], [ 101.672244561470251, 12.683838904026809 ], [ 101.672243618637637, 12.68374857362125 ], [ 101.672427618122995, 12.683746722115167 ], [ 101.672426675232927, 12.683656391722543 ], [ 101.672518674932334, 12.683655465928634 ], [ 101.67251773201717, 12.683565135542128 ], [ 101.672609731676928, 12.683564209723247 ], [ 101.672603131247769, 12.682931897046265 ], [ 101.672695130673716, 12.682930971243241 ], [ 101.672693244837518, 12.682750310485863 ], [ 101.672785244191488, 12.682749384664673 ], [ 101.672784301251923, 12.682659054291767 ], [ 101.672876300566244, 12.682658128445603 ], [ 101.672875357601598, 12.682567798078823 ], [ 101.672967356876285, 12.682566872207691 ], [ 101.672966413886556, 12.682476541847034 ], [ 101.673058413121609, 12.682475615950928 ], [ 101.673057470106784, 12.682385285596393 ], [ 101.67324146849036, 12.68238343372246 ], [ 101.673242411569916, 12.682473764063378 ], [ 101.673518409187835, 12.682470985993719 ], [ 101.673520295562923, 12.682651646632658 ], [ 101.67361229481908, 12.682650720532267 ], [ 101.673610408379261, 12.682470059906942 ], [ 101.673794406740299, 12.682468207638056 ], [ 101.673798179907934, 12.682829528831514 ], [ 101.673706180601599, 12.68283045500908 ], [ 101.673708067164327, 12.683011115615335 ], [ 101.673616067785986, 12.68301204177474 ], [ 101.673617954313087, 12.683192702391883 ], [ 101.673525954862754, 12.683193628533125 ], [ 101.673527841354215, 12.683374289161156 ], [ 101.673619840869264, 12.6833733630063 ], [ 101.673622670758107, 12.683644353922812 ], [ 101.673714670362983, 12.683643427715747 ], [ 101.673716557056636, 12.683824088309729 ], [ 101.673808556718967, 12.683823162057269 ], [ 101.673811386911083, 12.684094152922698 ], [ 101.673995386408123, 12.684092300281577 ], [ 101.673997273368698, 12.684272960827888 ], [ 101.674089273171049, 12.684272034446032 ], [ 101.674090216694609, 12.684362364711356 ], [ 101.674182216522055, 12.684361438290908 ], [ 101.674184103655747, 12.684542098805888 ], [ 101.674276103540635, 12.684541172340044 ], [ 101.674277047150767, 12.684631502589699 ], [ 101.67436904706075, 12.684630576085258 ], [ 101.674369990710531, 12.684720906327422 ], [ 101.674461990645611, 12.684719979784385 ], [ 101.674462934335025, 12.68481031001906 ], [ 101.674554934295188, 12.684809383437429 ], [ 101.67455587802425, 12.68489971366461 ], [ 101.674739877987506, 12.684897860392377 ], [ 101.674740821788575, 12.68498819060525 ], [ 101.674832821791668, 12.684987263914646 ], [ 101.674833765632371, 12.685077594120029 ], [ 101.675109765695069, 12.685074813837071 ], [ 101.675110709640165, 12.685165144021337 ], [ 101.675202709678885, 12.685164217189971 ], [ 101.675203653663615, 12.685254547366743 ], [ 101.675387653783957, 12.685252693595029 ], [ 101.675388597840708, 12.685343023757492 ], [ 101.675480597922331, 12.685342096817143 ], [ 101.67548154201873, 12.685432426972113 ], [ 101.675665542224877, 12.685430572982435 ], [ 101.675666486393311, 12.685520903123095 ], [ 101.675758486517822, 12.685519976073763 ], [ 101.675759430725904, 12.685610306206929 ], [ 101.676311431514378, 12.685604743202553 ], [ 101.676312375923956, 12.685695073294148 ], [ 101.676404376062266, 12.685694146008684 ], [ 101.676405320511492, 12.685784476092786 ], [ 101.676497320674869, 12.685783548768722 ], [ 101.676498265163758, 12.685873878845321 ], [ 101.676590265352246, 12.685872951482656 ], [ 101.676591209880769, 12.685963281551762 ], [ 101.676683210094339, 12.68596235415049 ], [ 101.67668415466251, 12.686052684212097 ], [ 101.676776154901177, 12.686051756772223 ], [ 101.676777099509025, 12.686142086826331 ], [ 101.676869099772773, 12.686141159347857 ], [ 101.676870989075027, 12.686321819440389 ], [ 101.676962989396245, 12.686320891916493 ], [ 101.676963934090665, 12.68641122195492 ], [ 101.677055934436979, 12.68641029439242 ], [ 101.677056879171047, 12.686500624423347 ], [ 101.677148879542443, 12.686499696822242 ], [ 101.677149824316189, 12.686590026845669 ], [ 101.67742582548378, 12.686587243831172 ], [ 101.677427715247333, 12.686767903835072 ], [ 101.677703716543618, 12.686765120493567 ], [ 101.677704661533426, 12.686855450474045 ], [ 101.677796661983336, 12.686854522623145 ], [ 101.67779760701282, 12.686944852596117 ], [ 101.677889607487813, 12.686943924706611 ], [ 101.677890552556946, 12.68703425467208 ], [ 101.677982553057021, 12.687033326743965 ], [ 101.67798349816583, 12.687123656701935 ], [ 101.678075498690987, 12.687122728735208 ], [ 101.678079279328543, 12.687484048532989 ], [ 101.678171279975913, 12.687483120507194 ], [ 101.67817317040317, 12.68766378038835 ], [ 101.678265171107995, 12.687662852317128 ], [ 101.678266116364924, 12.687753182249859 ], [ 101.678358117094859, 12.687752254140024 ], [ 101.678359062391451, 12.687842584065256 ], [ 101.678727065367809, 12.687838871280718 ], [ 101.67872801080118, 12.687929201177985 ], [ 101.678820011559438, 12.687928272895551 ], [ 101.678820957032485, 12.688018602785311 ], [ 101.679004958591875, 12.688016746111423 ], [ 101.679005904136943, 12.68810707598686 ], [ 101.679097904938089, 12.688106147595407 ], [ 101.679098850522848, 12.688196477463336 ], [ 101.679282852168015, 12.68819462057141 ], [ 101.679283797824809, 12.688284950425011 ], [ 101.679467799505559, 12.688283093392267 ], [ 101.679468745234402, 12.688373423231543 ], [ 101.679560746096229, 12.688372494660655 ], [ 101.67956169186472, 12.688462824492428 ], [ 101.679745693631261, 12.68846096724163 ], [ 101.679746639471801, 12.688551297059073 ], [ 101.679930641273927, 12.688549439667458 ], [ 101.67993158718653, 12.688639769470564 ], [ 101.680023588109037, 12.688638840720243 ], [ 101.680024534061289, 12.688729170515845 ], [ 101.680300536882214, 12.68872638405364 ], [ 101.680301482938901, 12.688816713828087 ], [ 101.680393483896992, 12.68881578493694 ], [ 101.680394429993356, 12.688906114703878 ], [ 101.680578431952441, 12.688904256812551 ], [ 101.680579378120839, 12.688994586565151 ], [ 101.680763380115508, 12.688992728532998 ], [ 101.68076432635597, 12.68908305827126 ], [ 101.680856327374727, 12.689082129200667 ], [ 101.68085727365488, 12.689172458931425 ], [ 101.681041275735296, 12.689170600681196 ], [ 101.681042222087484, 12.689260930397614 ], [ 101.681226224203499, 12.689259072006553 ], [ 101.681227170627722, 12.689349401708634 ], [ 101.681319171707159, 12.689348472458585 ], [ 101.681320118171087, 12.689438802153159 ], [ 101.681504120372836, 12.689436943544012 ], [ 101.681505066908812, 12.689527273224247 ], [ 101.681873071354303, 12.689523555597095 ], [ 101.681874018027102, 12.689613885249331 ], [ 101.681966019152611, 12.689612955756225 ], [ 101.681967912584824, 12.689793615044993 ], [ 101.682243916111887, 12.689790826333921 ], [ 101.682244862936088, 12.689881155956789 ], [ 101.682336864129553, 12.689880226316008 ], [ 101.682337810993431, 12.689970555931364 ], [ 101.68252181342325, 12.689968696540751 ], [ 101.682522760359191, 12.690059026141762 ], [ 101.682614761595531, 12.69005809639193 ], [ 101.682615708571149, 12.690148425985431 ], [ 101.682799711086702, 12.690146566376713 ], [ 101.682800658134383, 12.690236895955866 ], [ 101.682984660685491, 12.690235036206296 ], [ 101.682985607805236, 12.6903253657711 ], [ 101.683169610391943, 12.690323505880675 ], [ 101.683170557583736, 12.690413835431134 ], [ 101.683354560205998, 12.690411975399854 ], [ 101.683355507469869, 12.690502304935965 ], [ 101.683723512756302, 12.6904985844645 ], [ 101.683725407565021, 12.69067924348 ], [ 101.683909410293964, 12.690677383026143 ], [ 101.683910357774039, 12.6907677125192 ], [ 101.684094360538552, 12.690765851924482 ], [ 101.68409530809069, 12.690856181403188 ], [ 101.684371312279822, 12.690853390252114 ], [ 101.684372259936438, 12.69094371970963 ], [ 101.684464261350598, 12.690942789255503 ], [ 101.684465209046877, 12.691033118705498 ], [ 101.684741213342676, 12.691030327131823 ], [ 101.684743108951466, 12.691210985988754 ], [ 101.684927111908365, 12.691209124753291 ], [ 101.684929007675905, 12.69138978358014 ], [ 101.685573018248306, 12.691383268158607 ], [ 101.685573966369716, 12.691473597523141 ], [ 101.685757969389428, 12.691471735674252 ], [ 101.68575891758293, 12.691562065024424 ], [ 101.686034922154832, 12.691559271992073 ], [ 101.686035870452812, 12.691649601321044 ], [ 101.686127871994543, 12.691648670239818 ], [ 101.6861288203322, 12.69173899956127 ], [ 101.686220821899028, 12.691738068441403 ], [ 101.686221770276376, 12.691828397755328 ], [ 101.686405773452861, 12.691826535406513 ], [ 101.686406721902301, 12.691916864706073 ], [ 101.686590725114314, 12.691915002216371 ], [ 101.686591673635832, 12.692005331501566 ], [ 101.686683675263268, 12.692004400202173 ], [ 101.686684623824476, 12.692094729479843 ], [ 101.687052630390667, 12.692091003936884 ], [ 101.68705357908874, 12.692181333186504 ], [ 101.68723758239274, 12.69217947021053 ], [ 101.687238531162905, 12.692269799445778 ], [ 101.687330532836327, 12.692268867903243 ], [ 101.687331481646183, 12.692359197130969 ], [ 101.687423483344688, 12.692358265549791 ], [ 101.687424432194234, 12.692448594769987 ], [ 101.687516433917807, 12.692447663150162 ], [ 101.687519280607503, 12.692718650786126 ], [ 101.687427278786771, 12.692719582426482 ], [ 101.687428227665563, 12.692809911643952 ], [ 101.687336225805126, 12.692810843259346 ], [ 101.687337174658836, 12.692901172482973 ], [ 101.687153170851246, 12.692903035632039 ], [ 101.687154119647502, 12.692993364868672 ], [ 101.686878113784104, 12.692996159374276 ], [ 101.686880959925233, 12.693267147141649 ], [ 101.686972961984182, 12.693266215651059 ], [ 101.686973910744882, 12.693356544898641 ], [ 101.687157914905626, 12.693354681808358 ], [ 101.687158863738432, 12.693445011041572 ], [ 101.687250865840227, 12.69344407944188 ], [ 101.687251814712738, 12.693534408667571 ], [ 101.687343816839615, 12.693533477029233 ], [ 101.687344765751831, 12.693623806247393 ], [ 101.687528770048417, 12.693621942861613 ], [ 101.68752971903271, 12.693712272065406 ], [ 101.687713723364851, 12.693710408538712 ], [ 101.687714672421251, 12.693800737728134 ], [ 101.687806674608723, 12.693799805910233 ], [ 101.687807623704828, 12.693890135092127 ], [ 101.688083630320591, 12.693887339427061 ], [ 101.688082681127312, 12.693797010265701 ], [ 101.688358687580063, 12.693794214334917 ], [ 101.68836248478577, 12.694155530894102 ], [ 101.688546489310184, 12.694153666726448 ], [ 101.688545539932989, 12.694063337601365 ], [ 101.688729544363355, 12.694061473320176 ], [ 101.688730493805323, 12.694151802431563 ], [ 101.689374509307896, 12.694145276397553 ], [ 101.689375458983918, 12.694235605460323 ], [ 101.689651465615313, 12.694232808090957 ], [ 101.689652415395827, 12.694323137132494 ], [ 101.689928422058543, 12.694320339456322 ], [ 101.689929371943563, 12.694410668476626 ], [ 101.690021374182223, 12.694409735847437 ], [ 101.690022324106948, 12.694500064860215 ], [ 101.69011432637069, 12.694499132192366 ], [ 101.690116226306898, 12.694679790202159 ], [ 101.690208228628094, 12.694678857488801 ], [ 101.690210128658364, 12.694859515482165 ], [ 101.690302131037043, 12.694858582723301 ], [ 101.690304981234519, 12.695129569687667 ], [ 101.690396983703053, 12.69512863687644 ], [ 101.690397933815916, 12.695218965856345 ], [ 101.690305931314995, 12.695219898674424 ], [ 101.690309731710059, 12.695581214614611 ], [ 101.690401734340568, 12.69558028176913 ], [ 101.690400784198431, 12.695489952791959 ], [ 101.690584789372693, 12.695488087019266 ], [ 101.690583839173087, 12.695397758055114 ], [ 101.690675841716839, 12.695396825127903 ], [ 101.690674891492151, 12.695306496169922 ], [ 101.690858896492912, 12.695304630233775 ], [ 101.690856995935931, 12.695123972343163 ], [ 101.69076499350399, 12.695124905313437 ], [ 101.69076309304107, 12.694944247406394 ], [ 101.69085509540821, 12.694943314449825 ], [ 101.690854145155328, 12.694852985502129 ], [ 101.691038149802878, 12.694851119507272 ], [ 101.691037199492527, 12.694760790572596 ], [ 101.69112920177291, 12.694759857534306 ], [ 101.691130152115647, 12.69485018646213 ], [ 101.691314156719258, 12.694848320276424 ], [ 101.691315107134102, 12.694938649189851 ], [ 101.691499111773197, 12.694936782863204 ], [ 101.691498161293566, 12.69484645396348 ], [ 101.691866170354317, 12.694842720955895 ], [ 101.691867120963536, 12.694933049828203 ], [ 101.692695141213306, 12.694924648638652 ], [ 101.692696092121395, 12.695014977448572 ], [ 101.693248105485949, 12.695009375183014 ], [ 101.693246203288382, 12.694828717644786 ], [ 101.693338205425363, 12.694827783836249 ], [ 101.693336303192325, 12.694647126309 ], [ 101.6934283052572, 12.69464619248237 ], [ 101.693427354119265, 12.694555863724583 ], [ 101.693519356144421, 12.694554929873004 ], [ 101.693520307314742, 12.694645258623936 ], [ 101.694072319506134, 12.69463965480535 ], [ 101.694070416784115, 12.694458997385127 ], [ 101.69434642258652, 12.694456195087596 ], [ 101.694347374041044, 12.694546523777468 ], [ 101.6947153818045, 12.694542786908022 ], [ 101.694716333395945, 12.69463311556976 ], [ 101.694256323511311, 12.694637786611363 ], [ 101.6942572749481, 12.694728115306729 ], [ 101.694717284994695, 12.694723444230821 ], [ 101.694718236600792, 12.694813772891198 ], [ 101.694902240632885, 12.694811904224457 ], [ 101.694903192311102, 12.694902232870424 ], [ 101.695823212355606, 12.694892887559606 ], [ 101.695822260353452, 12.694802558982275 ], [ 101.696558275601831, 12.69479508049837 ], [ 101.696559227863133, 12.694885409020774 ], [ 101.696927235440825, 12.694881668987968 ], [ 101.696928187839035, 12.694971997482217 ], [ 101.697848206593548, 12.694962645104967 ], [ 101.697849159323027, 12.695052973529842 ], [ 101.698217166748904, 12.695049231660834 ], [ 101.698218119615305, 12.695139560057546 ], [ 101.698954134373807, 12.695132074737765 ], [ 101.698955087506718, 12.695222403078819 ], [ 101.699415096654121, 12.695217723685818 ], [ 101.699416049956326, 12.695308051991818 ], [ 101.699968060885197, 12.695302435629293 ], [ 101.699969014389126, 12.695392763893361 ], [ 101.701533044468718, 12.695376844530701 ], [ 101.701532090414091, 12.69528651638355 ], [ 101.701624092084955, 12.695285579671054 ], [ 101.701623138005274, 12.695195251530098 ], [ 101.701715139636391, 12.695194314792673 ], [ 101.701723726909577, 12.696007267974737 ], [ 101.70163172498691, 12.696008204774079 ], [ 101.701635541614309, 12.696369517309179 ], [ 101.701727543666564, 12.696368580482316 ], [ 101.7017284978742, 12.696458908607505 ], [ 101.701820499951481, 12.696457971741948 ], [ 101.701819545711473, 12.696367643623642 ], [ 101.702187553817566, 12.696363895870833 ], [ 101.702186599455317, 12.696273567779368 ], [ 101.702554607314184, 12.69626981954511 ], [ 101.702556516305236, 12.696450475672306 ], [ 101.702188508187177, 12.696454223961618 ], [ 101.702190416948454, 12.696634880141131 ], [ 101.702650427401608, 12.696630194631144 ], [ 101.702651381955263, 12.696720522685469 ], [ 101.702559379846946, 12.696721459857971 ], [ 101.702560334375548, 12.69681178791849 ], [ 101.702376330072042, 12.696813662181825 ], [ 101.702382057009316, 12.697355630613162 ], [ 101.702290054652153, 12.697356567738398 ], [ 101.70229673618671, 12.697988864258676 ], [ 101.70220473359538, 12.697989801400269 ], [ 101.702205688097322, 12.69808012947874 ], [ 101.702113685466244, 12.6980810665954 ], [ 101.70211654891898, 12.698352050847348 ], [ 101.702024546183338, 12.698352987952832 ], [ 101.702025500649881, 12.698443316042331 ], [ 101.701933497874478, 12.698444253122881 ], [ 101.701935406764832, 12.698624909313581 ], [ 101.701843403917266, 12.698625846376077 ], [ 101.701845312772221, 12.698806502577803 ], [ 101.701753309852506, 12.698807439622243 ], [ 101.701756173092846, 12.699078423940337 ], [ 101.701664170068554, 12.699079360973601 ], [ 101.701665124464313, 12.699169689085146 ], [ 101.701573121400273, 12.699170626093466 ], [ 101.701578847734666, 12.699712594789647 ], [ 101.701486844468846, 12.699713531807429 ], [ 101.701488753240966, 12.699894188047773 ], [ 101.701396749902997, 12.699895125047496 ], [ 101.701398658639704, 12.700075781298866 ], [ 101.701306655229558, 12.700076718280519 ], [ 101.701307609576517, 12.700167046412055 ], [ 101.701215606126624, 12.700167983368774 ], [ 101.701216560448543, 12.700258311506506 ], [ 101.701124556958874, 12.700259248438281 ], [ 101.701125511255739, 12.700349576582205 ], [ 101.701033507726322, 12.700350513489036 ], [ 101.70103446199812, 12.700440841639157 ], [ 101.701126465559938, 12.700439904725446 ], [ 101.701128374190404, 12.700620561009879 ], [ 101.700944366929761, 12.700622434832988 ], [ 101.70094341267567, 12.700532106677359 ], [ 101.700851409066743, 12.700533043534303 ], [ 101.700853317517442, 12.700713699858632 ], [ 101.702601386061843, 12.70069589387372 ], [ 101.70260043121705, 12.700605565842615 ], [ 101.702508427708025, 12.700606503279236 ], [ 101.702506518105309, 12.70042584720121 ], [ 101.702598521549504, 12.700424909778354 ], [ 101.702596611911389, 12.700244253711359 ], [ 101.702688615283421, 12.700243316270447 ], [ 101.702686705609892, 12.700062660214479 ], [ 101.702594702302676, 12.700063597641627 ], [ 101.702593747509354, 12.699973269605735 ], [ 101.70268575078417, 12.699972332185469 ], [ 101.702683841154766, 12.699791676125393 ], [ 101.70314385709446, 12.699786988615591 ], [ 101.703142902128761, 12.699696660618942 ], [ 101.703326908388348, 12.69969478540605 ], [ 101.703328818456725, 12.699875441371125 ], [ 101.703420821640307, 12.699874503703182 ], [ 101.7034189115071, 12.699693847751876 ], [ 101.703510914618505, 12.699692910065881 ], [ 101.703511869713836, 12.699783238034991 ] ], [ [ 101.656269973874728, 12.66060084057748 ], [ 101.656271844749639, 12.66078150405942 ], [ 101.656087859312294, 12.660783341105548 ], [ 101.656085988566602, 12.66060267759655 ], [ 101.656269973874728, 12.66060084057748 ] ], [ [ 101.657667646449795, 12.662303359930224 ], [ 101.657851632739863, 12.662301521575396 ], [ 101.657852568860193, 12.662391853188771 ], [ 101.657668582505508, 12.662393691557133 ], [ 101.657667646449795, 12.662303359930224 ] ], [ [ 101.657944562026699, 12.662390933956999 ], [ 101.65794549818655, 12.662481265562928 ], [ 101.657853504987742, 12.662482184801469 ], [ 101.657852568860193, 12.662391853188771 ], [ 101.657944562026699, 12.662390933956999 ] ], [ [ 101.657942689728657, 12.662210270743099 ], [ 101.658126675910736, 12.662208432211443 ], [ 101.658128548338013, 12.662389095398272 ], [ 101.657944562026699, 12.662390933956999 ], [ 101.657942689728657, 12.662210270743099 ] ], [ [ 101.658312534620407, 12.662387256712632 ], [ 101.658318152463409, 12.66292924617556 ], [ 101.658226159131956, 12.662930165574856 ], [ 101.658227095432125, 12.663020497156399 ], [ 101.658135102061152, 12.663021416530738 ], [ 101.658128548338013, 12.662389095398272 ], [ 101.658312534620407, 12.662387256712632 ] ], [ [ 101.658037491378124, 12.662480346292661 ], [ 101.658039363784155, 12.662661009488939 ], [ 101.657947370527964, 12.662661928772744 ], [ 101.65794549818655, 12.662481265562928 ], [ 101.658037491378124, 12.662480346292661 ] ], [ [ 101.702595657103345, 12.700153925676833 ], [ 101.702503653756366, 12.700154863079044 ], [ 101.702502698988098, 12.700064535036953 ], [ 101.702594702302676, 12.700063597641627 ], [ 101.702595657103345, 12.700153925676833 ] ], [ [ 101.755563540954569, 12.705842007292983 ], [ 101.755655542260868, 12.705841051079743 ], [ 101.75565651625098, 12.705931375063928 ], [ 101.756208524125753, 12.705925637073939 ], [ 101.756209498317858, 12.706015961015334 ], [ 101.756853507390815, 12.706009265196267 ], [ 101.756854481817342, 12.706099589087838 ], [ 101.756762480511284, 12.706100545735929 ], [ 101.7567634549129, 12.706190869633833 ], [ 101.756671453566923, 12.706191826257117 ], [ 101.756672427943627, 12.706282150161353 ], [ 101.756580426557733, 12.706283106759823 ], [ 101.756581400909511, 12.706373430670395 ], [ 101.756029392242155, 12.706379169634873 ], [ 101.756030366406918, 12.706469493586866 ], [ 101.755846363392976, 12.706471406334412 ], [ 101.755847337500384, 12.706561730299752 ], [ 101.755663334391599, 12.706563642934006 ], [ 101.755662360349007, 12.706473318954629 ], [ 101.755570358815802, 12.706474275216992 ], [ 101.755569384813128, 12.706383951229908 ], [ 101.755477383304836, 12.706384907453421 ], [ 101.75547640934208, 12.706294583458634 ], [ 101.755384407858713, 12.706295539643294 ], [ 101.755381486112697, 12.706024567633765 ], [ 101.755473487498818, 12.706023611470151 ], [ 101.755472513566048, 12.705933287472616 ], [ 101.755564514912265, 12.705932331284187 ], [ 101.755563540954569, 12.705842007292983 ] ], [ [ 101.718620455904173, 12.701525889305305 ], [ 101.718436450667483, 12.7015277753866 ], [ 101.718434529674255, 12.701347121713196 ], [ 101.718710537323773, 12.701344292585059 ], [ 101.718711497913901, 12.701434619401335 ], [ 101.718895503041409, 12.701432733142953 ], [ 101.718896463703757, 12.701523059944694 ], [ 101.719080468866494, 12.701521173545176 ], [ 101.719081429601061, 12.701611500332385 ], [ 101.719357437386904, 12.701608670473657 ], [ 101.719358398226092, 12.701698997239413 ], [ 101.71945040083898, 12.701698053882598 ], [ 101.719452322604397, 12.701878707398198 ], [ 101.719544325274711, 12.701877763995714 ], [ 101.719546247134545, 12.702058417494722 ], [ 101.719454244399415, 12.702059360911056 ], [ 101.719453283498211, 12.701969034154972 ], [ 101.71926927807057, 12.701970920878326 ], [ 101.719268317241585, 12.701880594107701 ], [ 101.718992309141868, 12.701883423933275 ], [ 101.718991348417504, 12.701793097141199 ], [ 101.718807343045512, 12.701794983518612 ], [ 101.718806382393382, 12.701704656712 ], [ 101.718714379728695, 12.701705599846051 ], [ 101.718713419116369, 12.70161527303183 ], [ 101.718621416476708, 12.701616216127134 ], [ 101.718620455904173, 12.701525889305305 ] ], [ [ 101.717877712794191, 12.700901144707109 ], [ 101.717785710347229, 12.700902087460637 ], [ 101.71778378991128, 12.700721433680744 ], [ 101.717875792293427, 12.700720490941055 ], [ 101.717876752540107, 12.700810817824424 ], [ 101.718060757347033, 12.700808932235745 ], [ 101.718061717665933, 12.70089925910459 ], [ 101.717969715233764, 12.700900201921758 ], [ 101.717971635828931, 12.701080855671236 ], [ 101.717879633324557, 12.701081798470426 ], [ 101.717877712794191, 12.700901144707109 ] ], [ [ 101.71399059226529, 12.698772860612069 ], [ 101.713806588298723, 12.698774743082566 ], [ 101.713805629647808, 12.698684415879145 ], [ 101.713989633549559, 12.69868253342247 ], [ 101.71399059226529, 12.698772860612069 ] ], [ [ 101.713988674841247, 12.698592206232185 ], [ 101.713804671004283, 12.698594088675039 ], [ 101.713803712368133, 12.698503761470249 ], [ 101.713987716140281, 12.698501879041217 ], [ 101.713988674841247, 12.698592206232185 ] ], [ [ 101.714169802373547, 12.698319342128581 ], [ 101.71407780057072, 12.69832028340881 ], [ 101.714075883155715, 12.698139629035902 ], [ 101.714167884893712, 12.698138687769493 ], [ 101.714169802373547, 12.698319342128581 ] ], [ [ 101.701803324755815, 12.694832065507816 ], [ 101.701711323261634, 12.694833002249529 ], [ 101.701708461057763, 12.69456201783499 ], [ 101.70180046245477, 12.694561081113916 ], [ 101.701803324755815, 12.694832065507816 ] ], [ [ 101.6957302584144, 12.69480349364963 ], [ 101.695546254514284, 12.694805362888911 ], [ 101.695545302616651, 12.694715034290303 ], [ 101.69572930645198, 12.694713165064746 ], [ 101.6957302584144, 12.69480349364963 ] ], [ [ 101.695177294857999, 12.694718772359721 ], [ 101.695085292900004, 12.694719706797557 ], [ 101.695084341171679, 12.694629378163947 ], [ 101.695176343097273, 12.694628443732977 ], [ 101.695177294857999, 12.694718772359721 ] ], [ [ 101.693979366160278, 12.694550260138003 ], [ 101.693795362175919, 12.694552128127423 ], [ 101.693794410915757, 12.69446179939639 ], [ 101.693978414835328, 12.694459931420687 ], [ 101.693979366160278, 12.694550260138003 ] ], [ [ 101.667918465342936, 12.674848378686256 ], [ 101.667734471566291, 12.674850225796151 ], [ 101.667733531012914, 12.674759894996097 ], [ 101.667917524724871, 12.67475804789979 ], [ 101.667918465342936, 12.674848378686256 ] ], [ [ 101.667731649927944, 12.674579233393947 ], [ 101.667639653125761, 12.674580156880875 ], [ 101.667638712626498, 12.674489826071985 ], [ 101.667730709396338, 12.674488902591854 ], [ 101.667731649927944, 12.674579233393947 ] ], [ [ 101.665501172544126, 12.672433444965451 ], [ 101.665409176343971, 12.672434367527281 ], [ 101.665408236794875, 12.672344036539087 ], [ 101.665500232962685, 12.672343113984043 ], [ 101.665501172544126, 12.672433444965451 ] ], [ [ 101.663545780432372, 12.670194533794255 ], [ 101.66336178933706, 12.67019637721342 ], [ 101.663359912031041, 12.670015714903796 ], [ 101.663543902997034, 12.670013871511756 ], [ 101.663545780432372, 12.670194533794255 ] ], [ [ 101.699649638833989, 12.700003250252969 ], [ 101.699647731343447, 12.699822593738908 ], [ 101.69955572789091, 12.69982353009534 ], [ 101.699554774189068, 12.69973320183041 ], [ 101.699278763884607, 12.699736010688172 ], [ 101.699279717489247, 12.699826338973725 ], [ 101.698911703517524, 12.699830083699419 ], [ 101.698910750042529, 12.699739755386371 ], [ 101.698634739583866, 12.699742563575906 ], [ 101.698635692961645, 12.699832891909569 ], [ 101.69854368942832, 12.699833827915979 ], [ 101.698546549508492, 12.700104812933493 ], [ 101.69863855313902, 12.700103876906466 ], [ 101.698641413382504, 12.700374861897203 ], [ 101.698549409654746, 12.700375797944846 ], [ 101.698551316455621, 12.700556454615665 ], [ 101.698643320248195, 12.700555518554276 ], [ 101.69864522714326, 12.700736175208611 ], [ 101.699013242499433, 12.700732430589856 ], [ 101.699012288918595, 12.700642102290523 ], [ 101.699840322748642, 12.700633675098562 ], [ 101.69983936888346, 12.70054334686041 ], [ 101.699931372573232, 12.700542410353512 ], [ 101.699930418682996, 12.700452082121551 ], [ 101.699838415025638, 12.700453018621577 ], [ 101.699836507332009, 12.700272362141853 ], [ 101.69974450373212, 12.700273298596304 ], [ 101.69974164234398, 12.700002313850963 ], [ 101.699649638833989, 12.700003250252969 ] ], [ [ 101.700420970177163, 12.703337901127314 ], [ 101.700419061624373, 12.703157244773886 ], [ 101.700327057031402, 12.703158181639317 ], [ 101.700324194354565, 12.70288719708342 ], [ 101.700232189851477, 12.702888133896394 ], [ 101.70022932733805, 12.702617149313705 ], [ 101.700137322924846, 12.702618086074223 ], [ 101.700136368800813, 12.702527757871751 ], [ 101.700044364412676, 12.702528694593564 ], [ 101.700043410328405, 12.702438366383529 ], [ 101.699675392832106, 12.702442112925009 ], [ 101.699674438884841, 12.702351784686792 ], [ 101.699582434524814, 12.702352721235718 ], [ 101.699580526717128, 12.702172064743479 ], [ 101.699488522414569, 12.702173001246832 ], [ 101.699487568554161, 12.702082672992811 ], [ 101.699303559991861, 12.702084545890283 ], [ 101.699306421400664, 12.702355530691538 ], [ 101.699214417011262, 12.702356467113159 ], [ 101.699215370796466, 12.702446795385749 ], [ 101.698847353035731, 12.702450540781451 ], [ 101.698848306698636, 12.702540869080853 ], [ 101.698756302207684, 12.702541805357084 ], [ 101.698757255845507, 12.702632133662668 ], [ 101.698573246776732, 12.702634006133392 ], [ 101.698574200357058, 12.702724334452041 ], [ 101.698482195779249, 12.70272527064653 ], [ 101.698485056467064, 12.70299625561899 ], [ 101.698577061142132, 12.702995319403882 ], [ 101.698578014751831, 12.703085647719794 ], [ 101.698670019451967, 12.703084711465985 ], [ 101.698671926758237, 12.703265368082015 ], [ 101.698763931515856, 12.703264431782634 ], [ 101.698762977826647, 12.70317410348183 ], [ 101.698946987255013, 12.703172230801323 ], [ 101.698948894770481, 12.70335288737475 ], [ 101.699040899538488, 12.703351950973007 ], [ 101.699042807148146, 12.703532607529946 ], [ 101.699134811973664, 12.703531671082626 ], [ 101.699135765821921, 12.703621999353196 ], [ 101.699043760964003, 12.703622935807388 ], [ 101.699044714787206, 12.703713264084149 ], [ 101.698952709889525, 12.703714200513385 ], [ 101.698953663687647, 12.703804528796336 ], [ 101.698861658750204, 12.703805465200615 ], [ 101.698863566303643, 12.703986121778206 ], [ 101.699507601165337, 12.703979566183571 ], [ 101.699506647158017, 12.703889237943237 ], [ 101.699874666787721, 12.703885491216377 ], [ 101.699872758535776, 12.703704834788651 ], [ 101.699964763360001, 12.703703898041109 ], [ 101.699962855072613, 12.703523241624394 ], [ 101.700146864569348, 12.703521368061329 ], [ 101.70014591037183, 12.703431039865695 ], [ 101.700329919774347, 12.703429166189061 ], [ 101.700328965519347, 12.703338838006497 ], [ 101.700420970177163, 12.703337901127314 ] ], [ [ 101.698969481578686, 12.714012557542583 ], [ 101.698968526983066, 12.713922229330105 ], [ 101.699060535552888, 12.713921292156021 ], [ 101.699058626318788, 12.713740635742754 ], [ 101.699150634816363, 12.71373969855056 ], [ 101.699148725546749, 12.713559042148299 ], [ 101.69924073397209, 12.713558104937997 ], [ 101.699236915391253, 12.713196792152759 ], [ 101.69932892367946, 12.7131958549381 ], [ 101.699325105086359, 12.712834542169402 ], [ 101.699417113237473, 12.712833604950383 ], [ 101.699405657774093, 12.711749666661058 ], [ 101.699497665528554, 12.711748729492683 ], [ 101.699495756322619, 12.711568073115291 ], [ 101.69958776400486, 12.711567135928812 ], [ 101.699585854763427, 12.711386479562437 ], [ 101.699493847146087, 12.711387416735162 ], [ 101.699492892568827, 12.711297088544072 ], [ 101.699584900153752, 12.711296151378217 ], [ 101.699577263540675, 12.710573525879845 ], [ 101.699485256215269, 12.710574462990701 ], [ 101.699487165259583, 12.710755119383149 ], [ 101.699395157861943, 12.710756056475905 ], [ 101.699396112362678, 12.710846384677978 ], [ 101.699304104925261, 12.710847321745764 ], [ 101.699306968374231, 12.711118306368498 ], [ 101.699122953282725, 12.711120180449758 ], [ 101.699126771058033, 12.711481493325477 ], [ 101.698942755677635, 12.711483367334329 ], [ 101.698945618891599, 12.711754352025173 ], [ 101.698853611093071, 12.711755289002442 ], [ 101.698854565479976, 12.711845617238229 ], [ 101.698762557641643, 12.711846554190517 ], [ 101.698764466372609, 12.71202721067378 ], [ 101.698672458462056, 12.712028147607963 ], [ 101.698673412806116, 12.712118475855441 ], [ 101.698581404855787, 12.712119412764645 ], [ 101.698585222175694, 12.712480725775197 ], [ 101.698493214088259, 12.712481662680037 ], [ 101.698494168404139, 12.712571990937835 ], [ 101.698402160276913, 12.712572927817698 ], [ 101.698405023171333, 12.7128439126076 ], [ 101.698221006700194, 12.712845786312993 ], [ 101.698223869466034, 12.713116771137971 ], [ 101.698039852770876, 12.71311864475717 ], [ 101.69804366963524, 12.71347995790252 ], [ 101.69795166114686, 12.71348089469182 ], [ 101.697952615348868, 12.713571222983317 ], [ 101.697860606820711, 12.713572159747633 ], [ 101.697863469373431, 12.713843144638629 ], [ 101.697679452100402, 12.713845018112917 ], [ 101.697683268680592, 12.71420633134629 ], [ 101.69777527745056, 12.714205394597593 ], [ 101.697776231646415, 12.714295722897353 ], [ 101.697868240441494, 12.71429478610993 ], [ 101.697870148920117, 12.714475442693656 ], [ 101.697962157772736, 12.714474505860633 ], [ 101.697963112055518, 12.714564834144598 ], [ 101.698055120933248, 12.714563897272846 ], [ 101.698057983922965, 12.714834882100023 ], [ 101.698149992890691, 12.714833945175796 ], [ 101.698150947267735, 12.71492427344328 ], [ 101.698242956260557, 12.714923336480323 ], [ 101.698243910677405, 12.715013664740253 ], [ 101.698519937709207, 12.71501085363961 ], [ 101.6985170741887, 12.714739868919622 ], [ 101.698609083087277, 12.71473893184297 ], [ 101.698608128562682, 12.714648603608474 ], [ 101.698700137421454, 12.714647666506837 ], [ 101.698697273794409, 12.714376681819862 ], [ 101.698789282548489, 12.714375744706985 ], [ 101.698788327988382, 12.714285416483497 ], [ 101.698880336702672, 12.714284479345636 ], [ 101.698877472969073, 12.714013494691685 ], [ 101.698969481578686, 12.714012557542583 ] ], [ [ 101.708104161125974, 12.716358465165284 ], [ 101.708103203119265, 12.716268137652918 ], [ 101.707735168175503, 12.716271899390572 ], [ 101.707734210305958, 12.716181571849933 ], [ 101.707550192854754, 12.716183452513798 ], [ 101.707549235057499, 12.716093124958684 ], [ 101.707273208922786, 12.71609594569483 ], [ 101.707274166622696, 12.71618627327063 ], [ 101.70718215786394, 12.716187213459182 ], [ 101.707184073220972, 12.716367868622514 ], [ 101.70709206438994, 12.716368808792994 ], [ 101.707095895062608, 12.716730119139013 ], [ 101.707279912976915, 12.716728238711035 ], [ 101.707280870728411, 12.716818566282038 ], [ 101.707372879706966, 12.716817626013359 ], [ 101.707373837498281, 12.716907953576783 ], [ 101.707925891409573, 12.716902311254207 ], [ 101.70792684940298, 12.716992638775569 ], [ 101.708018858394851, 12.716991698270053 ], [ 101.708019816428077, 12.717082025783839 ], [ 101.708111825445044, 12.717081085239563 ], [ 101.708112783518075, 12.717171412745763 ], [ 101.708204792560124, 12.717170472162724 ], [ 101.708205750673002, 12.717260799661345 ], [ 101.70838976879989, 12.717258918385882 ], [ 101.70839072698503, 12.717349245870023 ], [ 101.708482736069882, 12.717348305177596 ], [ 101.708483694294856, 12.717438632654156 ], [ 101.709035748843817, 12.717432987789053 ], [ 101.709033832011784, 12.717252332918036 ], [ 101.709125841012565, 12.717251392009457 ], [ 101.709119132105513, 12.716619099987604 ], [ 101.708751096966836, 12.716622863237564 ], [ 101.708750138710855, 12.716532535775533 ], [ 101.708566121162178, 12.716534417195541 ], [ 101.708565162978459, 12.716444089719031 ], [ 101.708197127922489, 12.716447852149106 ], [ 101.708196169875947, 12.716357524644319 ], [ 101.708104161125974, 12.716358465165284 ] ], [ [ 101.712170769808225, 12.718033268936114 ], [ 101.712169810233405, 12.717942941740445 ], [ 101.712077801216438, 12.717943883755799 ], [ 101.712076841681437, 12.717853556552544 ], [ 101.711892823690263, 12.717855440473844 ], [ 101.711890904772261, 12.717674786037648 ], [ 101.711798895830512, 12.717675727936687 ], [ 101.711797936415039, 12.717585400710652 ], [ 101.711705927498357, 12.717586342570922 ], [ 101.711704968122717, 12.717496015337296 ], [ 101.710876887832626, 12.717504490583632 ], [ 101.710877846916176, 12.7175948178794 ], [ 101.710693828927859, 12.717596700930768 ], [ 101.710694787953884, 12.717687028239657 ], [ 101.710050724535222, 12.717693617964009 ], [ 101.71005551863999, 12.718145254739754 ], [ 101.710423555572604, 12.718141489236134 ], [ 101.710424514545508, 12.718231816561621 ], [ 101.710516523792691, 12.718230875099145 ], [ 101.710517482805415, 12.718321202417041 ], [ 101.710885519850152, 12.718317436220863 ], [ 101.710883601572391, 12.718136781639611 ], [ 101.711067619920655, 12.718134898377933 ], [ 101.711065701542594, 12.717954243821554 ], [ 101.711893783160335, 12.717945767690912 ], [ 101.711894742637782, 12.718036094907301 ], [ 101.711986751701971, 12.718035152948769 ], [ 101.711987711219265, 12.718125480157561 ], [ 101.712079720308537, 12.718124538160261 ], [ 101.712085477762002, 12.718666501357177 ], [ 101.712453514824233, 12.718662732883532 ], [ 101.712454474555486, 12.718753060052983 ], [ 101.712638493107207, 12.718751175611139 ], [ 101.712637533311067, 12.718660848455496 ], [ 101.712913560985911, 12.718658021574438 ], [ 101.712912601099774, 12.718567694438837 ], [ 101.712728582722164, 12.718569579044258 ], [ 101.712726663101847, 12.718388924743364 ], [ 101.712634653966873, 12.718389866984458 ], [ 101.712632734441002, 12.718209212667002 ], [ 101.712540725363567, 12.718210154862412 ], [ 101.712538805932141, 12.718029500528399 ], [ 101.712170769808225, 12.718033268936114 ] ], [ [ 101.705200076551961, 12.720182309177655 ], [ 101.705201033836801, 12.720272636881132 ], [ 101.705293044218166, 12.720271697083522 ], [ 101.705292086900869, 12.720181369386935 ], [ 101.705384097242401, 12.720180429564341 ], [ 101.70538505459217, 12.720270757254038 ], [ 101.705569075318067, 12.720268877499452 ], [ 101.705568117903383, 12.720178549823537 ], [ 101.705936159136982, 12.720174789959456 ], [ 101.7059352015998, 12.720084462310417 ], [ 101.706027211857332, 12.720083522271608 ], [ 101.706026254295054, 12.719993194628772 ], [ 101.706394295121655, 12.719989434182381 ], [ 101.706393337436893, 12.719899106566432 ], [ 101.706485347592675, 12.719898166382048 ], [ 101.706484389882817, 12.719807838772303 ], [ 101.706576399998767, 12.71980689856294 ], [ 101.706575442263812, 12.719716570959401 ], [ 101.706483432180335, 12.719717511161873 ], [ 101.706482474485199, 12.719627183550758 ], [ 101.705930414024365, 12.719632824054941 ], [ 101.705929456531379, 12.719542496401791 ], [ 101.70583744646126, 12.719543436367381 ], [ 101.705838403921788, 12.719633764027417 ], [ 101.705286343151641, 12.719639403193019 ], [ 101.705287300424772, 12.719729730893718 ], [ 101.705011269842913, 12.719732550066926 ], [ 101.70501031266717, 12.719642222345561 ], [ 101.704918302490952, 12.719643161999334 ], [ 101.704917345355028, 12.71955283427039 ], [ 101.70454930470639, 12.719556592539217 ], [ 101.70455026171247, 12.719646920295707 ], [ 101.704458251499446, 12.719647859790124 ], [ 101.704462079467532, 12.720009170836795 ], [ 101.704370069117289, 12.720010110326889 ], [ 101.704373897073296, 12.720371421390146 ], [ 101.70446590755337, 12.720370481872504 ], [ 101.704467821640463, 12.720551137386241 ], [ 101.704559832178106, 12.720550197822952 ], [ 101.704560789265159, 12.720640525571907 ], [ 101.704652799827912, 12.720639585969854 ], [ 101.704651842708401, 12.720549258227788 ], [ 101.704835863746879, 12.720547378941836 ], [ 101.704834906569815, 12.720457051212858 ], [ 101.704926917045555, 12.720456111528961 ], [ 101.704925959843365, 12.720365783806189 ], [ 101.705017970279272, 12.720364844097308 ], [ 101.705013184216497, 12.719913205507607 ], [ 101.705105194482726, 12.719912265801296 ], [ 101.705108066195706, 12.720183248936506 ], [ 101.705200076551961, 12.720182309177655 ] ], [ [ 101.71165997572605, 12.721922991138506 ], [ 101.711660935430871, 12.722013318345436 ], [ 101.710832840467006, 12.722021796412083 ], [ 101.710833799886998, 12.722112123680475 ], [ 101.710373746708711, 12.722116832636337 ], [ 101.710372787451064, 12.72202650533343 ], [ 101.710096755552968, 12.722029330303712 ], [ 101.710095796400111, 12.721939002979417 ], [ 101.710003785785119, 12.721939944565525 ], [ 101.710002826672095, 12.721849617233639 ], [ 101.7099108160822, 12.721850558780968 ], [ 101.709908897943194, 12.721669904101335 ], [ 101.709816887410852, 12.721670845602983 ], [ 101.709807297483053, 12.720767572094671 ], [ 101.709899307690748, 12.720766630662034 ], [ 101.709898348706062, 12.720676303314333 ], [ 101.70999035887391, 12.720675361856722 ], [ 101.709989399864128, 12.720585034515237 ], [ 101.710081409992142, 12.720584093032654 ], [ 101.710079491929818, 12.720403438361432 ], [ 101.709987481866733, 12.72040437983021 ], [ 101.709986522879092, 12.720314052486666 ], [ 101.710078532909705, 12.72031311102479 ], [ 101.710077573896982, 12.720222783687465 ], [ 101.709985563898826, 12.720223725142439 ], [ 101.709982687002281, 12.719952743105642 ], [ 101.710074696903064, 12.719951801671373 ], [ 101.710073737919842, 12.719861474331307 ], [ 101.709981728051517, 12.719862415758673 ], [ 101.709974056710948, 12.719139796958231 ], [ 101.709882047094951, 12.71914073829852 ], [ 101.709881088243023, 12.719050410938481 ], [ 101.709789078652108, 12.719051352239996 ], [ 101.709799626071842, 12.720044953238656 ], [ 101.709707616116475, 12.720045894584214 ], [ 101.70971336943586, 12.720587858771745 ], [ 101.709621359278358, 12.720588800126833 ], [ 101.709627112668457, 12.721130764331086 ], [ 101.709535102308791, 12.721131705695706 ], [ 101.70953702009956, 12.721312360438773 ], [ 101.709629030524169, 12.721311419060353 ], [ 101.709629989463068, 12.721401746423957 ], [ 101.709537979006015, 12.721402687809277 ], [ 101.709538937919845, 12.721493015179096 ], [ 101.709630948409369, 12.721492073786877 ], [ 101.709633825292471, 12.721763055871522 ], [ 101.709725835872021, 12.721762114426721 ], [ 101.709726794880282, 12.721852441779996 ], [ 101.709818805484929, 12.72185150029642 ], [ 101.709819764533023, 12.721941827642109 ], [ 101.709911775162766, 12.721940886119754 ], [ 101.709912734250693, 12.722031213457857 ], [ 101.710004744905518, 12.722030271896724 ], [ 101.710005704033307, 12.722120599227241 ], [ 101.710097714713214, 12.722119657627326 ], [ 101.71009867388085, 12.722209984950256 ], [ 101.710190684585854, 12.722209043311567 ], [ 101.710191643793323, 12.722299370626907 ], [ 101.71055968666947, 12.722295603725767 ], [ 101.710560646014187, 12.722385931012811 ], [ 101.710928688902158, 12.722382163574018 ], [ 101.710927729427567, 12.722291836314591 ], [ 101.711203761418673, 12.722289010421497 ], [ 101.711202801854057, 12.722198683182093 ], [ 101.711386823079621, 12.722196799107786 ], [ 101.711385863457451, 12.722106471881508 ], [ 101.712029937287198, 12.722099876665649 ], [ 101.712028977445144, 12.722009549487021 ], [ 101.711936966952649, 12.722010491749442 ], [ 101.711936007150442, 12.721920164563228 ], [ 101.71165997572605, 12.721922991138506 ] ], [ [ 101.70126636918647, 12.731062984288316 ], [ 101.701265412455058, 12.730972656363498 ], [ 101.701081383357987, 12.730974534681758 ], [ 101.701080426698908, 12.730884206742493 ], [ 101.700988412171839, 12.730885145846891 ], [ 101.700987455552593, 12.730794817900062 ], [ 101.700895441050676, 12.730795756965685 ], [ 101.700894484471277, 12.730705429011287 ], [ 101.7008024699945, 12.730706368038131 ], [ 101.700801513454934, 12.730616040076171 ], [ 101.700709499003295, 12.730616979064235 ], [ 101.700708542503591, 12.730526651094715 ], [ 101.700616528077092, 12.730527590044002 ], [ 101.70061557161722, 12.730437262066916 ], [ 101.700431542807138, 12.730439139856031 ], [ 101.700430586419614, 12.730348811864504 ], [ 101.700338572036031, 12.730349750704336 ], [ 101.700337615688341, 12.730259422705243 ], [ 101.700245601329897, 12.730260361506296 ], [ 101.700244645022067, 12.730170033499647 ], [ 101.700060616348125, 12.730171910992304 ], [ 101.700061572590982, 12.730262239012708 ], [ 101.699969558210483, 12.730263177718067 ], [ 101.699970514428202, 12.730353505744663 ], [ 101.700062528841187, 12.730352567032433 ], [ 101.700064441363651, 12.730533223069816 ], [ 101.700156455834261, 12.730532284311929 ], [ 101.700158368451113, 12.730712940332817 ], [ 101.700250382979362, 12.730712001529277 ], [ 101.700252295690603, 12.730892657533667 ], [ 101.700344310276492, 12.730891718684475 ], [ 101.700346223082107, 12.731072374672367 ], [ 101.700438237725621, 12.731071435777517 ], [ 101.700440150625639, 12.731252091748914 ], [ 101.700532165326806, 12.73125115280841 ], [ 101.700534078321212, 12.731431808763306 ], [ 101.70062609307999, 12.731430869777144 ], [ 101.700627049620721, 12.731521197746687 ], [ 101.700719064404652, 12.731520258721744 ], [ 101.700720020985216, 12.73161058668372 ], [ 101.700996065390385, 12.731607769396842 ], [ 101.700995108712334, 12.731517441455495 ], [ 101.701271152953851, 12.731514623902129 ], [ 101.701270196185675, 12.731424295980739 ], [ 101.701362210885648, 12.731423356739358 ], [ 101.701360297306351, 12.731242700908281 ], [ 101.701452311933977, 12.731241761648757 ], [ 101.70145135512287, 12.731151433739068 ], [ 101.701359340527731, 12.731152372991708 ], [ 101.701358383756471, 12.731062045074456 ], [ 101.70126636918647, 12.731062984288316 ] ], [ [ 101.714339094017745, 12.731561585164277 ], [ 101.714335248474015, 12.731200277397164 ], [ 101.714243234845839, 12.731201221129687 ], [ 101.714240350863093, 12.730930240276404 ], [ 101.714332364393798, 12.73092929656462 ], [ 101.71433332574648, 12.731019623509486 ], [ 101.714425339302267, 12.73101867975889 ], [ 101.714429184916867, 12.731379987503843 ], [ 101.71452119859525, 12.731379043693691 ], [ 101.714523121511846, 12.731559697548226 ], [ 101.714707148976402, 12.731557809804569 ], [ 101.714706187449423, 12.731467482891471 ], [ 101.715258269470766, 12.731461818936371 ], [ 101.715256346049046, 12.731281165191094 ], [ 101.715348359628422, 12.731280221100754 ], [ 101.715341627657793, 12.730647933019069 ], [ 101.715249614305876, 12.730648877061002 ], [ 101.715247691017183, 12.730468223303367 ], [ 101.715155677722848, 12.730469167299571 ], [ 101.715154716122086, 12.730378840412811 ], [ 101.715062702852833, 12.730379784370204 ], [ 101.715060779738479, 12.730199130580793 ], [ 101.715336819329096, 12.73019629865442 ], [ 101.715335857685517, 12.730105971779428 ], [ 101.715427870835128, 12.730105027747092 ], [ 101.715426909166467, 12.73001470087833 ], [ 101.715886974641151, 12.73000998027277 ], [ 101.715889860156651, 12.73028096077325 ], [ 101.715981873326882, 12.730280016535692 ], [ 101.715982835212657, 12.730370343360898 ], [ 101.716166861595923, 12.730368454776267 ], [ 101.716162051916072, 12.729916820712555 ], [ 101.716070038890592, 12.729917764986235 ], [ 101.716067153268867, 12.729646784519021 ], [ 101.716159166196888, 12.729645840266091 ], [ 101.716155318674836, 12.729284532994535 ], [ 101.71624733146551, 12.729283588737383 ], [ 101.716244445804136, 12.729012608297262 ], [ 101.716152433110906, 12.72901355253366 ], [ 101.716150509438606, 12.728832898889644 ], [ 101.716058496802972, 12.728833843080313 ], [ 101.716056573225202, 12.728653189419719 ], [ 101.715964560647123, 12.728654133564662 ], [ 101.715960713710245, 12.72829282620757 ], [ 101.715868701254735, 12.728293770292954 ], [ 101.715867739571465, 12.728203443445047 ], [ 101.715775727141036, 12.728204387491619 ], [ 101.71577380386168, 12.728023733779915 ], [ 101.715681791488819, 12.728024677780764 ], [ 101.715676022023032, 12.727482716587685 ], [ 101.715584009837684, 12.727483660515146 ], [ 101.715581125302023, 12.72721267988859 ], [ 101.715489113206729, 12.727213623763415 ], [ 101.715487190284875, 12.727032969995115 ], [ 101.715395178247149, 12.727033913824219 ], [ 101.715394216829793, 12.726943586932125 ], [ 101.715210192797116, 12.726945474480834 ], [ 101.715209231452121, 12.726855147574224 ], [ 101.71511721945717, 12.726856091293829 ], [ 101.715116258152037, 12.726765764379621 ], [ 101.715024246182168, 12.726766708060422 ], [ 101.71502328491691, 12.72667638113861 ], [ 101.714931272972137, 12.726677324780608 ], [ 101.714930311746741, 12.726586997851197 ], [ 101.714838299827079, 12.726587941454394 ], [ 101.714837338641544, 12.726497614517379 ], [ 101.713365147441607, 12.726512707721163 ], [ 101.713364186783124, 12.726422380672869 ], [ 101.713180162815135, 12.726424266735537 ], [ 101.713179202229, 12.726333939672742 ], [ 101.712995178296438, 12.726335825594038 ], [ 101.712993257276239, 12.726155171438744 ], [ 101.712901245363838, 12.726156114337746 ], [ 101.712900284897287, 12.726065787252157 ], [ 101.712808273009969, 12.726066730112359 ], [ 101.712807312583294, 12.725976403019178 ], [ 101.712715300721072, 12.725977345840588 ], [ 101.712714340334244, 12.725887018739813 ], [ 101.712622328497119, 12.725887961522426 ], [ 101.71262040781059, 12.725707307304999 ], [ 101.712528396031033, 12.725708250041908 ], [ 101.71252359460631, 12.7252566144518 ], [ 101.71261560622348, 12.725255671749428 ], [ 101.712612725359818, 12.724984690407856 ], [ 101.712704736872183, 12.724983747694328 ], [ 101.712703776566585, 12.724893420586007 ], [ 101.712795788039074, 12.724892477847501 ], [ 101.712792907069172, 12.724621496539148 ], [ 101.71288491843687, 12.724620553789489 ], [ 101.71288011680565, 12.724168918296389 ], [ 101.712972128003599, 12.72416797554939 ], [ 101.712966366094975, 12.723626012976492 ], [ 101.713058377090718, 12.723625070239065 ], [ 101.713056456448641, 12.723444416056434 ], [ 101.713148467372037, 12.723443473300948 ], [ 101.713141745130102, 12.722811183688483 ], [ 101.712957723730483, 12.722813069070845 ], [ 101.712960604452206, 12.723084050378903 ], [ 101.712868593643904, 12.723084993042994 ], [ 101.71287435509187, 12.723626955682034 ], [ 101.712782344081361, 12.723627898355698 ], [ 101.712786185064473, 12.723989206795647 ], [ 101.712694173916702, 12.723990149465065 ], [ 101.712698975149337, 12.724441785034113 ], [ 101.712606963831831, 12.72444272770619 ], [ 101.712609844562607, 12.724713709060108 ], [ 101.712517833140268, 12.724714651721028 ], [ 101.712521674088094, 12.725075960210953 ], [ 101.712429662528493, 12.72507690286762 ], [ 101.712432543219464, 12.725347884248587 ], [ 101.712340531555029, 12.725348826894091 ], [ 101.712342451987638, 12.725529481158455 ], [ 101.712250440250884, 12.725530423785894 ], [ 101.712251400445794, 12.72562075092395 ], [ 101.712159388669193, 12.72562169352641 ], [ 101.712160348838992, 12.72571202067069 ], [ 101.711976325198663, 12.725713905793764 ], [ 101.711977285310894, 12.725804232951173 ], [ 101.711609237811757, 12.725808002842312 ], [ 101.711610197801477, 12.725898330026663 ], [ 101.710690078212252, 12.725907752591512 ], [ 101.710691037884558, 12.725998079844217 ], [ 101.710322989712353, 12.726001848004941 ], [ 101.710324908819288, 12.726182502563528 ], [ 101.710048872417801, 12.726185328390669 ], [ 101.710049831884874, 12.726275655689639 ], [ 101.710601904816329, 12.726270003706951 ], [ 101.710600945154368, 12.726179676449396 ], [ 101.710876981423056, 12.726176850048279 ], [ 101.710876021671041, 12.726086522810748 ], [ 101.711796141762221, 12.726077099470064 ], [ 101.711795181692793, 12.725986772300901 ], [ 101.712439265090111, 12.725980174113491 ], [ 101.712440225386885, 12.726070501234307 ], [ 101.712532237303719, 12.726069558501653 ], [ 101.712533197640354, 12.726159885614871 ], [ 101.712625209582299, 12.726158942843421 ], [ 101.712627130342653, 12.726339597053988 ], [ 101.712719142342166, 12.72633865423683 ], [ 101.712721063197023, 12.726519308430834 ], [ 101.712629051132552, 12.726520251261809 ], [ 101.712630011538579, 12.726610578364689 ], [ 101.712353975203413, 12.726613406687006 ], [ 101.712354935519386, 12.726703733809925 ], [ 101.712078899020341, 12.726706561865964 ], [ 101.712079859246245, 12.726796889008922 ], [ 101.711895834811671, 12.726798774233982 ], [ 101.711896794980007, 12.726889101390068 ], [ 101.71180478271917, 12.726890043961673 ], [ 101.71180574286241, 12.726980371123975 ], [ 101.711713730561712, 12.726981313670596 ], [ 101.711714690679827, 12.727071640839121 ], [ 101.711530665991333, 12.727073525850509 ], [ 101.71153162605188, 12.727163853032161 ], [ 101.711439613664083, 12.727164795496925 ], [ 101.711440573699534, 12.727255122684793 ], [ 101.711348561271876, 12.727256065124575 ], [ 101.711350481299945, 12.727436719512065 ], [ 101.71125846879994, 12.727437661933763 ], [ 101.711259428792573, 12.727527989133389 ], [ 101.711167416252692, 12.727528931530104 ], [ 101.711168376220229, 12.727619258735942 ], [ 101.711076363640487, 12.727620201107669 ], [ 101.711077323582927, 12.727710528319728 ], [ 101.710985310963309, 12.727711470666467 ], [ 101.710987230805344, 12.727892125102338 ], [ 101.710895218113393, 12.727893067430998 ], [ 101.710896178012987, 12.727983394654807 ], [ 101.710804165281189, 12.727984336958478 ], [ 101.710808004823434, 12.728345645874469 ], [ 101.710992030539529, 12.728343761180007 ], [ 101.710991070577947, 12.728253433965843 ], [ 101.711175096199554, 12.728251549157617 ], [ 101.711173176168558, 12.728070894754854 ], [ 101.711265188903326, 12.728069952316707 ], [ 101.711263268836902, 12.727889297925016 ], [ 101.711355281499323, 12.727888355468787 ], [ 101.711351441325064, 12.727527046704784 ], [ 101.711719491381231, 12.727523276671453 ], [ 101.711718531226182, 12.727432949506358 ], [ 101.71190255614502, 12.72743106431216 ], [ 101.711901595932389, 12.727340737160194 ], [ 101.711993608348251, 12.727339794522164 ], [ 101.711992648110538, 12.727249467376419 ], [ 101.712084660486539, 12.727248524713408 ], [ 101.712083700223715, 12.727158197573882 ], [ 101.712175712559855, 12.727157254885888 ], [ 101.71217475227192, 12.727066927752585 ], [ 101.712266764568199, 12.727065985039607 ], [ 101.712265804255182, 12.726975657912526 ], [ 101.712449828760612, 12.726973772404719 ], [ 101.712447908026803, 12.726793118176127 ], [ 101.712631932372773, 12.726791232568395 ], [ 101.712630971951995, 12.726700905466885 ], [ 101.712999020425428, 12.726697133896396 ], [ 101.712999980976136, 12.72678746097027 ], [ 101.713184005233515, 12.726785574979877 ], [ 101.713184965856556, 12.726875902039247 ], [ 101.713737038646315, 12.726870243261269 ], [ 101.713736077828372, 12.726779916243364 ], [ 101.713920101967574, 12.726778029742746 ], [ 101.713919141092063, 12.726687702737978 ], [ 101.71465523709351, 12.726680155515279 ], [ 101.714656198228852, 12.726770482464747 ], [ 101.714748210228265, 12.726769538911499 ], [ 101.714750132586104, 12.726950192794549 ], [ 101.714842144643086, 12.726949249195584 ], [ 101.714845989577327, 12.727310556925797 ], [ 101.715122026093695, 12.727307725854594 ], [ 101.715122987443181, 12.727398052764688 ], [ 101.715214999633005, 12.727397109003592 ], [ 101.715216922419103, 12.727577762807895 ], [ 101.71530893466651, 12.727576819001078 ], [ 101.715313741923481, 12.728028453465246 ], [ 101.715221729513672, 12.728029397306637 ], [ 101.715223652403225, 12.72821005110133 ], [ 101.71531566487802, 12.728209107246109 ], [ 101.715316626366359, 12.728299434135513 ], [ 101.715408638866236, 12.728298490241482 ], [ 101.715410561930085, 12.728479144004396 ], [ 101.71550257448753, 12.728478200064645 ], [ 101.715507382438915, 12.728929834425342 ], [ 101.715875433244491, 12.728926058209076 ], [ 101.715876394986893, 12.729016385051493 ], [ 101.715968407702292, 12.729015440910779 ], [ 101.715970331274235, 12.729196094579716 ], [ 101.716062344047216, 12.72919515039327 ], [ 101.716063305876759, 12.729285477219793 ], [ 101.715971293071291, 12.729286421413153 ], [ 101.715973216687587, 12.729467075077977 ], [ 101.715789190924525, 12.729468963396684 ], [ 101.715790152678792, 12.7295592902419 ], [ 101.715698139753684, 12.729560234360328 ], [ 101.715699101482855, 12.729650561211772 ], [ 101.715423062565719, 12.729653393396426 ], [ 101.715424024204822, 12.72974372026793 ], [ 101.715239998158125, 12.729745608245388 ], [ 101.71524095973966, 12.729835935130037 ], [ 101.715056933598419, 12.729837822993735 ], [ 101.715057895122357, 12.729928149891531 ], [ 101.714781855757622, 12.7299309814686 ], [ 101.714782817191463, 12.73002130838645 ], [ 101.714598790846381, 12.730023195958839 ], [ 101.714599752222639, 12.730113522889829 ], [ 101.714507739006535, 12.730114466635095 ], [ 101.714508700357698, 12.730204793572312 ], [ 101.714324673838334, 12.730206680980974 ], [ 101.7143256351319, 12.730297007931332 ], [ 101.71423362182864, 12.73029795159473 ], [ 101.71423458309711, 12.730388278551311 ], [ 101.714142569753974, 12.730389222189725 ], [ 101.71414449224811, 12.730569876114657 ], [ 101.714052478832599, 12.730570819734996 ], [ 101.714055362531738, 12.730841800637986 ], [ 101.713963349011365, 12.730842744247163 ], [ 101.713968155161893, 12.731294379106313 ], [ 101.714152182520152, 12.731292491786943 ], [ 101.714154105162052, 12.73147314569815 ], [ 101.714062091421624, 12.731474089387612 ], [ 101.714063052721158, 12.731564416349098 ], [ 101.714155066494072, 12.731563472652729 ], [ 101.714156027833496, 12.731653799606612 ], [ 101.714340055422156, 12.731651912104338 ], [ 101.714341978253131, 12.731832565982407 ], [ 101.71452600594219, 12.731830678324876 ], [ 101.714529851952761, 12.732191986017463 ], [ 101.714437837981947, 12.732192929889836 ], [ 101.714441683980766, 12.732554237599096 ], [ 101.714717726261, 12.732551405803319 ], [ 101.714713879872235, 12.732190098177018 ], [ 101.714805893820881, 12.732189154208942 ], [ 101.714804932209674, 12.732098827307565 ], [ 101.714712918293515, 12.732099771268727 ], [ 101.714710033601705, 12.731828790539737 ], [ 101.714618019775642, 12.731829734448256 ], [ 101.714616096749708, 12.731649080611671 ], [ 101.714432069205387, 12.731650968305349 ], [ 101.71443110776849, 12.731560641372202 ], [ 101.714339094017745, 12.731561585164277 ] ], [ [ 101.714513507224353, 12.730656428248109 ], [ 101.714421493805901, 12.730657372002952 ], [ 101.714423416539319, 12.73083802588229 ], [ 101.714331403048504, 12.730838969619064 ], [ 101.714328519056949, 12.730567988778287 ], [ 101.714420532450291, 12.730567045062253 ], [ 101.71441957110207, 12.730476718120867 ], [ 101.714511584455522, 12.730475774379848 ], [ 101.714510623082191, 12.730385447444689 ], [ 101.714694649701968, 12.730383559880787 ], [ 101.714695611140272, 12.730473886802114 ], [ 101.714603597801585, 12.73047483060693 ], [ 101.714604559214806, 12.730565157534492 ], [ 101.714512545836243, 12.730566101314324 ], [ 101.714513507224353, 12.730656428248109 ] ], [ [ 101.717036363407004, 12.734244004128428 ], [ 101.717034438292018, 12.734063350688579 ], [ 101.716942423838361, 12.734064295567624 ], [ 101.716940498817962, 12.733883642111191 ], [ 101.716848484421902, 12.733884586944493 ], [ 101.716847521955302, 12.733794260208324 ], [ 101.716755507584338, 12.733795205002801 ], [ 101.716754545157627, 12.733704878259029 ], [ 101.716662530811774, 12.733705823014676 ], [ 101.716660606045536, 12.733525169511235 ], [ 101.715280390945495, 12.733539336809697 ], [ 101.715282314736783, 12.733719990520653 ], [ 101.71565037251942, 12.733716213220999 ], [ 101.715651334556156, 12.733806540047782 ], [ 101.71583536346813, 12.733804651192685 ], [ 101.715836325577243, 12.733894978004949 ], [ 101.715928340054646, 12.733894033522624 ], [ 101.71593122652385, 12.734165013934543 ], [ 101.715839211948946, 12.734165958437618 ], [ 101.715840174087646, 12.73425628524714 ], [ 101.715748159472852, 12.734257229725225 ], [ 101.715751045835773, 12.734528210170406 ], [ 101.715843060548067, 12.73452726567157 ], [ 101.71584402271634, 12.734617592478347 ], [ 101.71593603745373, 12.734616647940683 ], [ 101.715936999661878, 12.734706974739852 ], [ 101.716029014424393, 12.734706030163368 ], [ 101.716027089950458, 12.734525376578176 ], [ 101.716119104640569, 12.734524431983617 ], [ 101.7161181423822, 12.734434105196911 ], [ 101.716210157032421, 12.734433160577359 ], [ 101.716209194748942, 12.734342833796884 ], [ 101.716301209359258, 12.734341889152342 ], [ 101.716297360169293, 12.733980582051245 ], [ 101.716389374642205, 12.733979637402468 ], [ 101.716390336961112, 12.734069964171852 ], [ 101.716574365949768, 12.734068074764737 ], [ 101.716575328341065, 12.734158401519602 ], [ 101.716759357365163, 12.734156511971022 ], [ 101.716763207264293, 12.734517818928254 ], [ 101.716855221895244, 12.734516874078427 ], [ 101.716856184421019, 12.734607200809101 ], [ 101.717040213725738, 12.734605310999882 ], [ 101.717041176323903, 12.73469563771603 ], [ 101.716949161642759, 12.734696582643513 ], [ 101.716950124215828, 12.734786909365894 ], [ 101.717042138929486, 12.734785964431488 ], [ 101.717043101542444, 12.734876291146263 ], [ 101.717135116281213, 12.73487534617303 ], [ 101.71713415363574, 12.734785019465178 ], [ 101.717318183026094, 12.734783129436822 ], [ 101.717319145736553, 12.734873456130835 ], [ 101.717503175162321, 12.734871565961008 ], [ 101.717505100735465, 12.735052219319293 ], [ 101.717689130261633, 12.735050328994141 ], [ 101.717686241717999, 12.734779348997211 ], [ 101.717502212386833, 12.734781239280837 ], [ 101.717501249618763, 12.734690912599978 ], [ 101.717317220323011, 12.734692802742126 ], [ 101.717315294939056, 12.734512149350666 ], [ 101.717223280345095, 12.734513094360032 ], [ 101.717222317696709, 12.734422767656355 ], [ 101.717130303127831, 12.734423712626896 ], [ 101.717128377918272, 12.734243059203633 ], [ 101.717036363407004, 12.734244004128428 ] ], [ [ 101.72051416310542, 12.741073829868245 ], [ 101.72051319877886, 12.74098350345707 ], [ 101.72069723212266, 12.740981610175107 ], [ 101.720696267738475, 12.740891283777097 ], [ 101.720788284366748, 12.740890337095156 ], [ 101.720786355555575, 12.740709684310943 ], [ 101.71949812299637, 12.740722934759004 ], [ 101.719497159057141, 12.740632608268875 ], [ 101.718576992380108, 12.740642068974489 ], [ 101.718577955994164, 12.740732395533865 ], [ 101.718485939253227, 12.740733341435769 ], [ 101.718486902842145, 12.740823668001381 ], [ 101.718578919615609, 12.740822722092558 ], [ 101.718580846880712, 12.741003375207878 ], [ 101.718672863711802, 12.741002429253278 ], [ 101.718675754762529, 12.741273408900332 ], [ 101.718767771683758, 12.741272462893035 ], [ 101.71876873541467, 12.741362789433753 ], [ 101.718860752361024, 12.741361843387606 ], [ 101.71886171613184, 12.741452169920715 ], [ 101.719321800915196, 12.741447439176467 ], [ 101.71932083698178, 12.741357112677983 ], [ 101.719504870778266, 12.741355220170657 ], [ 101.719502942803572, 12.741174567199334 ], [ 101.719778993247644, 12.741171728240454 ], [ 101.719779957328853, 12.741262054705679 ], [ 101.719871974161251, 12.741261108315276 ], [ 101.719871010047513, 12.741170781856979 ], [ 101.720331093935869, 12.741166049460716 ], [ 101.720330129666962, 12.741075723036369 ], [ 101.72051416310542, 12.741073829868245 ] ], [ [ 101.722986366045845, 12.714037851662967 ], [ 101.72298732913913, 12.714128178070787 ], [ 101.722803315504038, 12.714130069021225 ], [ 101.722808130757102, 12.714581701119398 ], [ 101.722716123766219, 12.714582646581503 ], [ 101.722718049854407, 12.714763299429841 ], [ 101.722534035720642, 12.714765190286217 ], [ 101.722534998710969, 12.714855516723222 ], [ 101.722258977357399, 12.71485835278966 ], [ 101.722258014464416, 12.714768026331855 ], [ 101.722166007364194, 12.714768971616687 ], [ 101.722166970224734, 12.714859298081427 ], [ 101.72189094878226, 12.714862133765584 ], [ 101.72189576270938, 12.715313766182954 ], [ 101.721987770026516, 12.7153128209521 ], [ 101.721989695714115, 12.715493473900384 ], [ 101.722081703088733, 12.715492528623807 ], [ 101.722083628870848, 12.715673181555486 ], [ 101.722175636302964, 12.715672236233187 ], [ 101.722176599237585, 12.715762562691062 ], [ 101.722268606694712, 12.715761617329973 ], [ 101.722269569669194, 12.715851943780232 ], [ 101.723005629319232, 12.715844379689109 ], [ 101.723007555809588, 12.716025032476631 ], [ 101.7231915707778, 12.716023141107518 ], [ 101.723190607464019, 12.715932814727967 ], [ 101.723098600016058, 12.715933760421521 ], [ 101.723097636742139, 12.715843434034351 ], [ 101.723189644157628, 12.715842488347734 ], [ 101.723187717567114, 12.715661835585205 ], [ 101.723279724910299, 12.715660889880597 ], [ 101.723263349536182, 12.71412534140622 ], [ 101.723171342744564, 12.714126286992929 ], [ 101.723170379586421, 12.714035960598977 ], [ 101.722986366045845, 12.714037851662967 ] ], [ [ 101.725486934827558, 12.715547857203555 ], [ 101.725485006659127, 12.715367204783801 ], [ 101.725577013719615, 12.715366258303549 ], [ 101.725576049614077, 12.715275932099587 ], [ 101.725760063647925, 12.715274039057389 ], [ 101.725757171181144, 12.715003060483026 ], [ 101.724837101688678, 12.715012524211494 ], [ 101.724836137872387, 12.714922197949264 ], [ 101.724468109997545, 12.714925982520903 ], [ 101.724467146318446, 12.714835656230234 ], [ 101.723731090472441, 12.714843223788877 ], [ 101.723734944195044, 12.715204529169428 ], [ 101.723642937051167, 12.715205474998646 ], [ 101.723645827323594, 12.715476454047666 ], [ 101.72373783456483, 12.715475508197638 ], [ 101.723741688494982, 12.715836813558985 ], [ 101.724017710563587, 12.715833975734506 ], [ 101.724018674162011, 12.715924302052318 ], [ 101.724110681535819, 12.715923356040168 ], [ 101.724109717904966, 12.715833029729296 ], [ 101.724569754500635, 12.715828299225354 ], [ 101.724570718293734, 12.715918625501541 ], [ 101.724938747566611, 12.715914840497165 ], [ 101.724937783643696, 12.715824514248737 ], [ 101.725213805423138, 12.715821675181754 ], [ 101.725211877404902, 12.715641022724474 ], [ 101.725395891757657, 12.715639129881618 ], [ 101.725394927694751, 12.715548803665831 ], [ 101.725486934827558, 12.715547857203555 ] ], [ [ 101.731675554779287, 12.717742515034578 ], [ 101.731673621891275, 12.717561863580263 ], [ 101.731305592320126, 12.717565658416119 ], [ 101.731303659721448, 12.717385006903404 ], [ 101.731671689032979, 12.7173812121232 ], [ 101.731664924263143, 12.716748932001861 ], [ 101.731756931345288, 12.716747983275852 ], [ 101.731755964946885, 12.71665765754844 ], [ 101.731571950840078, 12.716659554954687 ], [ 101.731570984514008, 12.716569229212679 ], [ 101.731386970442344, 12.716571126477572 ], [ 101.731387936703527, 12.716661452233494 ], [ 101.731111915442952, 12.716664297912747 ], [ 101.731110949279127, 12.716573972135958 ], [ 101.730558906752009, 12.716579662592498 ], [ 101.730562770673075, 12.716940965862433 ], [ 101.730470763429409, 12.716941914188162 ], [ 101.730471729395802, 12.717032240010884 ], [ 101.730563736671911, 12.717031291678204 ], [ 101.730571464930208, 12.71775389817963 ], [ 101.730663472458488, 12.717752949759459 ], [ 101.730664438556673, 12.717843275562098 ], [ 101.730756446110007, 12.717842327103108 ], [ 101.730755479979365, 12.717752001307426 ], [ 101.730939494998808, 12.717750104307763 ], [ 101.730940461194351, 12.717840430089536 ], [ 101.731124476248979, 12.717838532948516 ], [ 101.731123509988535, 12.717748207180646 ], [ 101.731215517472236, 12.717747258569297 ], [ 101.731216483765138, 12.717837584330203 ], [ 101.731492506269035, 12.717834738284099 ], [ 101.731491539878775, 12.717744412544057 ], [ 101.731675554779287, 12.717742515034578 ] ], [ [ 101.730931765702067, 12.717027498028866 ], [ 101.730747751201861, 12.71702939491726 ], [ 101.730745819081804, 12.716848743312854 ], [ 101.730929833452208, 12.716846846452281 ], [ 101.730931765702067, 12.717027498028866 ] ], [ [ 101.731483809024326, 12.717021806599018 ], [ 101.731299794613307, 12.717023703869746 ], [ 101.73129786210383, 12.7168430523488 ], [ 101.731573883514514, 12.716840206436645 ], [ 101.731574849862881, 12.716930532176596 ], [ 101.73148284270097, 12.716931480852798 ], [ 101.731483809024326, 12.717021806599018 ] ], [ [ 101.760806627641117, 12.705697128746111 ], [ 101.760807603439076, 12.705787452337665 ], [ 101.760991605188565, 12.705785536250756 ], [ 101.760992581058872, 12.705875859827561 ], [ 101.761084581954776, 12.705874901729329 ], [ 101.761085557865002, 12.705965225298415 ], [ 101.761177558785803, 12.705964267161326 ], [ 101.761178534735961, 12.706054590722692 ], [ 101.761362536619856, 12.706052674338959 ], [ 101.761363512642362, 12.706142997885571 ], [ 101.761455513605469, 12.70614203963893 ], [ 101.761454537550534, 12.706051716099347 ], [ 101.761546538473709, 12.706050757827903 ], [ 101.76154165814971, 12.705599140154833 ], [ 101.761265655843914, 12.705602014768189 ], [ 101.761264679898915, 12.705511691210416 ], [ 101.761172679147705, 12.705512649344181 ], [ 101.76117365506029, 12.705602972908986 ], [ 101.760989653470503, 12.70560488909509 ], [ 101.760983798496625, 12.705062947611584 ], [ 101.760891797884952, 12.705063905614708 ], [ 101.760885943375996, 12.704521964064272 ], [ 101.760977943793179, 12.704521006103327 ], [ 101.760976968035564, 12.704430682516215 ], [ 101.761068968412829, 12.704429724530474 ], [ 101.761067992630316, 12.704339400949706 ], [ 101.761159992967634, 12.704338442939171 ], [ 101.761159017160239, 12.704248119364744 ], [ 101.761251017457639, 12.704247161329418 ], [ 101.761250041625317, 12.70415683776133 ], [ 101.761342041882813, 12.704155879701212 ], [ 101.761340090175892, 12.703975232577044 ], [ 101.76097208936018, 12.70397906457033 ], [ 101.760970137942621, 12.70379841738716 ], [ 101.760878137784729, 12.703799375291862 ], [ 101.760879113457349, 12.703889698890819 ], [ 101.760787113259539, 12.703890656770723 ], [ 101.760789064562488, 12.704071303980637 ], [ 101.760697064292344, 12.704072261842775 ], [ 101.760698039922673, 12.70416258545373 ], [ 101.760606039612597, 12.704163543291074 ], [ 101.760607015218028, 12.704253866908372 ], [ 101.760515014868034, 12.704254824720923 ], [ 101.760515990448567, 12.704345148344562 ], [ 101.760423990058641, 12.704346106132316 ], [ 101.760424965614263, 12.704436429762296 ], [ 101.760332965184432, 12.70443738752525 ], [ 101.760334916253385, 12.704618034797212 ], [ 101.760242915751206, 12.7046189925424 ], [ 101.760244866785371, 12.704799639825668 ], [ 101.76006086562883, 12.704801555248675 ], [ 101.760062816563391, 12.704982202557309 ], [ 101.759970815909014, 12.70498316023513 ], [ 101.759972766808787, 12.705163807555069 ], [ 101.759880766082077, 12.705164765215116 ], [ 101.75988174151081, 12.705255088881083 ], [ 101.759789740744182, 12.705256046516331 ], [ 101.759790716148004, 12.705346370188639 ], [ 101.759606714527393, 12.705348285377708 ], [ 101.759607689873889, 12.70543860906338 ], [ 101.759515689019906, 12.705439566617198 ], [ 101.759516664341504, 12.705529890309212 ], [ 101.759424663447589, 12.705530847838228 ], [ 101.759425638744275, 12.705621171536583 ], [ 101.759241636869092, 12.705623086513182 ], [ 101.759242612108466, 12.705713410224897 ], [ 101.759150611127197, 12.705714367672481 ], [ 101.759151586341645, 12.705804691390535 ], [ 101.758691581160619, 12.705809478186133 ], [ 101.758692556220495, 12.705899801938628 ], [ 101.758508554030698, 12.705901716448105 ], [ 101.758509529033248, 12.705992040213966 ], [ 101.758325526748592, 12.705993954610175 ], [ 101.758326501693816, 12.706084278389392 ], [ 101.758418502872303, 12.706083321200177 ], [ 101.758419477857444, 12.706173644971686 ], [ 101.758603480256753, 12.706171730483721 ], [ 101.758602505206767, 12.706081406726261 ], [ 101.758970509785655, 12.706077577396465 ], [ 101.758969534613513, 12.70598725366642 ], [ 101.759153536793065, 12.70598533882459 ], [ 101.75915256156361, 12.70589501510791 ], [ 101.759704567727596, 12.705889269860654 ], [ 101.759703592311126, 12.705798946185443 ], [ 101.760255598010289, 12.705793199834487 ], [ 101.760254622406833, 12.705702876200757 ], [ 101.760806627641117, 12.705697128746111 ] ], [ [ 101.75147461776487, 12.736236803526271 ], [ 101.751473642854805, 12.736146479428925 ], [ 101.751657667927248, 12.736144565331845 ], [ 101.751655717999569, 12.735963917163117 ], [ 101.751747730459556, 12.73596296008073 ], [ 101.751746755474443, 12.735872636002339 ], [ 101.75156273061198, 12.735874550121194 ], [ 101.751561755699356, 12.7357842260281 ], [ 101.751469743289391, 12.735785183032659 ], [ 101.751468768416771, 12.735694858931867 ], [ 101.751376756031803, 12.735695815897511 ], [ 101.751375781199172, 12.73560549178903 ], [ 101.751283768839215, 12.735606448715755 ], [ 101.751282794046574, 12.735516124599576 ], [ 101.751190781711628, 12.735517081487387 ], [ 101.751189806958976, 12.735426757363514 ], [ 101.751097794649056, 12.735427714212411 ], [ 101.751096819936393, 12.735337390080845 ], [ 101.750912795359056, 12.735339303668907 ], [ 101.750910846086185, 12.735158655375679 ], [ 101.750818833851298, 12.735159612107839 ], [ 101.750819808451496, 12.735249936261804 ], [ 101.750727796176605, 12.735250892969066 ], [ 101.750732669127387, 12.735702513763586 ], [ 101.750640656682521, 12.735703470473965 ], [ 101.750642605850246, 12.735884118800966 ], [ 101.750550593332889, 12.735885075493444 ], [ 101.750551567895471, 12.735975399662919 ], [ 101.750459555338125, 12.735976356330498 ], [ 101.750462478973333, 12.736247328855798 ], [ 101.750370466310997, 12.736248285512479 ], [ 101.750372415373562, 12.736428933873247 ], [ 101.750280402638722, 12.73642989051203 ], [ 101.750283326191237, 12.736700863069027 ], [ 101.750467351848428, 12.736698949717526 ], [ 101.750468326445898, 12.736789273887807 ], [ 101.750652352138161, 12.736787360394654 ], [ 101.750653326808134, 12.736877684550238 ], [ 101.751021378232792, 12.736873857152977 ], [ 101.751020403432804, 12.73678353302542 ], [ 101.751112416237746, 12.736782576103334 ], [ 101.751110466595222, 12.736601927860164 ], [ 101.751202479327688, 12.736600970920179 ], [ 101.751201504485152, 12.736510646804568 ], [ 101.751293517177601, 12.736509689839679 ], [ 101.751291567450011, 12.736329041620404 ], [ 101.75138358006997, 12.736328084637622 ], [ 101.751382605184901, 12.736237760533957 ], [ 101.75147461776487, 12.736236803526271 ] ], [ [ 101.742544835175281, 12.744459666259047 ], [ 101.742176770174154, 12.744463484103969 ], [ 101.742175797907464, 12.744373159355037 ], [ 101.742083781671042, 12.744374113729457 ], [ 101.742082809444341, 12.744283788972858 ], [ 101.740978614415354, 12.744295238891441 ], [ 101.74097958625174, 12.744385563731825 ], [ 101.740703537228995, 12.744388425513963 ], [ 101.74070450897527, 12.744478750374604 ], [ 101.740060394100027, 12.744485426797514 ], [ 101.740059422581439, 12.744395101888015 ], [ 101.739875389757842, 12.744397009136076 ], [ 101.739874418311757, 12.744306684211939 ], [ 101.739598369118013, 12.74430954482361 ], [ 101.739597397776961, 12.744219219877849 ], [ 101.739413365008886, 12.744221126778685 ], [ 101.739412393740338, 12.74413080181828 ], [ 101.73913634462987, 12.744133661909123 ], [ 101.739135373466368, 12.744043336927101 ], [ 101.738951340753815, 12.744045243480722 ], [ 101.738950369662803, 12.743954918484061 ], [ 101.73867432063561, 12.743957778054087 ], [ 101.738677233638256, 12.744228753104787 ], [ 101.738769250085696, 12.744227799925783 ], [ 101.738770221134004, 12.744318124934329 ], [ 101.738954254071544, 12.744316218466579 ], [ 101.73895522519237, 12.744406543460483 ], [ 101.739139258165125, 12.744404636851055 ], [ 101.739140229358469, 12.744494961830325 ], [ 101.739324262366438, 12.744493055079216 ], [ 101.739325233632286, 12.744583380043842 ], [ 101.739601283185905, 12.744580519656763 ], [ 101.739602254556786, 12.744670844599769 ], [ 101.739970320653953, 12.744667030275368 ], [ 101.739971292162394, 12.744757355189774 ], [ 101.740707424258858, 12.74474972495239 ], [ 101.740708396034989, 12.744840049810277 ], [ 101.740892429049552, 12.744838141917649 ], [ 101.740893400898187, 12.744928466760882 ], [ 101.741169450461626, 12.744925604661503 ], [ 101.741170422415308, 12.745015929483106 ], [ 101.741354455485364, 12.745014021243223 ], [ 101.74135542751155, 12.745104346050177 ], [ 101.741631477158222, 12.745101483429909 ], [ 101.741632449289469, 12.745191808215228 ], [ 101.741816482414976, 12.745189899628089 ], [ 101.74181745461874, 12.745280224398755 ], [ 101.742093504348603, 12.745277361257587 ], [ 101.742091559753362, 12.745096711757471 ], [ 101.74218357625, 12.745095757327181 ], [ 101.742182603931042, 12.745005432583072 ], [ 101.74227462038769, 12.745004478127838 ], [ 101.742273648043678, 12.744914153390026 ], [ 101.742365664460337, 12.744913198909838 ], [ 101.742363719729653, 12.744732549446118 ], [ 101.742455736073779, 12.744731594947966 ], [ 101.742453791307923, 12.744550945495462 ], [ 101.742545807579532, 12.744549990979349 ], [ 101.742544835175281, 12.744459666259047 ] ], [ [ 101.76480663831768, 12.70972045244838 ], [ 101.764804683279465, 12.709539805930142 ], [ 101.764712681354979, 12.709540765590196 ], [ 101.764706816615444, 12.708998825976735 ], [ 101.764338809620526, 12.709002664129615 ], [ 101.76434076424421, 12.709183310726504 ], [ 101.76424876241181, 12.709184270199209 ], [ 101.764249739702507, 12.709274593503661 ], [ 101.764157737830175, 12.709275552951564 ], [ 101.76415969236929, 12.709456199572488 ], [ 101.764067690424568, 12.709457159002632 ], [ 101.764068667672987, 12.709547482319097 ], [ 101.763976665688332, 12.709548441724442 ], [ 101.76397764291184, 12.709638765047259 ], [ 101.764069644928924, 12.709637805634877 ], [ 101.76407159946335, 12.70981845226437 ], [ 101.76416360153776, 12.709817492806071 ], [ 101.764166533493096, 12.710088462724034 ], [ 101.764258535657291, 12.710087503212781 ], [ 101.764259513023205, 12.710177826510355 ], [ 101.764351515212283, 12.71017686696022 ], [ 101.764353470031551, 12.710357513539225 ], [ 101.764537474516857, 12.710355594315274 ], [ 101.764538452002625, 12.710445917589665 ], [ 101.764630454266438, 12.710444957922888 ], [ 101.76462947674824, 12.710354634655538 ], [ 101.764813481188426, 12.710352715240543 ], [ 101.764812503612902, 12.71026239198658 ], [ 101.764904505789275, 12.710261432238362 ], [ 101.764903528188825, 12.710171108990757 ], [ 101.764995530325251, 12.710170149217738 ], [ 101.764993575082087, 12.709989502734544 ], [ 101.764901573010519, 12.709990462493481 ], [ 101.764898640299492, 12.709719492742405 ], [ 101.76480663831768, 12.70972045244838 ] ], [ [ 101.761233983585768, 12.719694399802263 ], [ 101.761233006533445, 12.719604076337731 ], [ 101.761325012352088, 12.719603117138906 ], [ 101.761323058205107, 12.719422470221842 ], [ 101.761415063951333, 12.719421511005212 ], [ 101.761414086856647, 12.719331187552681 ], [ 101.761506092562897, 12.71933022831122 ], [ 101.761503161226585, 12.719059257970592 ], [ 101.761319150001285, 12.719061176379457 ], [ 101.761318172969112, 12.718970852917144 ], [ 101.761410178553078, 12.718969893735673 ], [ 101.761409201495965, 12.7188795702797 ], [ 101.761501207039956, 12.718878611073404 ], [ 101.761502184129512, 12.718968934522339 ], [ 101.761594189698442, 12.718967975277144 ], [ 101.761597121109574, 12.719238945598738 ], [ 101.761689126768346, 12.71923798630058 ], [ 101.761690103952873, 12.719328309732703 ], [ 101.761782109636584, 12.719327350395647 ], [ 101.761781132419614, 12.719237026970557 ], [ 101.761873138063351, 12.719236067608671 ], [ 101.761872160821426, 12.719145744189925 ], [ 101.761780155210133, 12.71914670354478 ], [ 101.76177624644744, 12.718785409834785 ], [ 101.761316218927334, 12.718790205990445 ], [ 101.761317195944471, 12.71888052945414 ], [ 101.761225190385446, 12.718881488596713 ], [ 101.761226167377643, 12.718971812066751 ], [ 101.761134161778656, 12.718972771184491 ], [ 101.761133184818917, 12.718882447707424 ], [ 101.76104117924487, 12.718883406786274 ], [ 101.761040202325077, 12.718793083301485 ], [ 101.760948196775971, 12.71879404234144 ], [ 101.760949173663292, 12.718884365833258 ], [ 101.760765162477639, 12.718886283831639 ], [ 101.760766139307563, 12.718976607336828 ], [ 101.760306111049644, 12.718981401810318 ], [ 101.76030513438198, 12.718891078269976 ], [ 101.760213128740318, 12.718892037062055 ], [ 101.760214105375525, 12.718982360609425 ], [ 101.760030094004748, 12.718984278112048 ], [ 101.760033023760741, 12.7192552487922 ], [ 101.76012502954724, 12.719254290035735 ], [ 101.760126982820367, 12.719434937138336 ], [ 101.760218988664278, 12.719433978335946 ], [ 101.760222895430502, 12.719795272504781 ], [ 101.760314901396697, 12.719794313642412 ], [ 101.760315878139494, 12.719884637175872 ], [ 101.760591896090418, 12.719881760376481 ], [ 101.760590919250262, 12.71979143686411 ], [ 101.760682925186416, 12.719790477874279 ], [ 101.760680971463728, 12.719609830861534 ], [ 101.760772977327477, 12.719608871853897 ], [ 101.760772000444945, 12.719518548353523 ], [ 101.760864006268704, 12.719517589321052 ], [ 101.760864983183694, 12.719607912814393 ], [ 101.760956989032408, 12.719606953743027 ], [ 101.760957965987359, 12.719697277228649 ], [ 101.761233983585768, 12.719694399802263 ] ], [ [ 101.77530509190062, 12.744388798642209 ], [ 101.775304107902855, 12.744298476424683 ], [ 101.775212094272675, 12.744299442314761 ], [ 101.775211110315013, 12.744209120089476 ], [ 101.775027083097001, 12.744211051759713 ], [ 101.775026099211928, 12.744120729519604 ], [ 101.774934085624125, 12.744121695299764 ], [ 101.774933101779112, 12.744031373051893 ], [ 101.774841088216277, 12.744032338793062 ], [ 101.774840104411354, 12.74394201653744 ], [ 101.774748090873473, 12.743942982239613 ], [ 101.774746123351335, 12.743762337712157 ], [ 101.774654109870937, 12.743763303368272 ], [ 101.774653126153723, 12.743672981096442 ], [ 101.774561112698279, 12.743673946713566 ], [ 101.77456012902114, 12.743583624433978 ], [ 101.774284088707105, 12.74358652107259 ], [ 101.77428605587383, 12.743767165673464 ], [ 101.77437806938444, 12.743766200145055 ], [ 101.774382003938598, 12.744127489310266 ], [ 101.774289990297902, 12.744128454866937 ], [ 101.774290973922817, 12.744218777163576 ], [ 101.774106946553715, 12.744220708195266 ], [ 101.774107930121133, 12.744311030505351 ], [ 101.77392390265679, 12.744312961423459 ], [ 101.773927836741791, 12.744674250713404 ], [ 101.774019850607814, 12.744673285242053 ], [ 101.774021817760669, 12.744853929868755 ], [ 101.774113831684204, 12.744852964351347 ], [ 101.774115798932314, 12.745033608961156 ], [ 101.774299826886789, 12.745031677802293 ], [ 101.774298843193932, 12.744941355511864 ], [ 101.774574884971443, 12.744938458555293 ], [ 101.774573901188532, 12.744848136285372 ], [ 101.7748499428005, 12.744845239062634 ], [ 101.774848958927592, 12.744754916813221 ], [ 101.775217014174359, 12.744751053430839 ], [ 101.77521603017891, 12.744660731209002 ], [ 101.775400057691911, 12.744658799340375 ], [ 101.775397105555768, 12.744387832713134 ], [ 101.77530509190062, 12.744388798642209 ] ], [ [ 101.764768762508098, 12.757145847958409 ], [ 101.764766799957641, 12.756965202079231 ], [ 101.764674780929553, 12.756966165244341 ], [ 101.764672818474324, 12.756785519348322 ], [ 101.764580799503833, 12.756786482467389 ], [ 101.764579818320058, 12.7566961595113 ], [ 101.764487799374592, 12.756697122591367 ], [ 101.764486818230921, 12.756606799627548 ], [ 101.764302780382522, 12.756608725677713 ], [ 101.764303761461093, 12.756699048655614 ], [ 101.764211742493046, 12.756700011639797 ], [ 101.764212723546592, 12.756790334624048 ], [ 101.764120704538456, 12.756791297583312 ], [ 101.764121685566977, 12.756881620573912 ], [ 101.764029666518766, 12.756882583508251 ], [ 101.764030647522247, 12.756972906505199 ], [ 101.763938628433948, 12.756973869414621 ], [ 101.76393960941239, 12.75706419241792 ], [ 101.763847590284001, 12.757065155302415 ], [ 101.763848571237418, 12.757155478312065 ], [ 101.763756552068969, 12.75715644117164 ], [ 101.763757532997346, 12.757246764187636 ], [ 101.763573494572711, 12.757248689824975 ], [ 101.763575456321817, 12.757429335883053 ], [ 101.763483437033116, 12.757430298667858 ], [ 101.763486379615529, 12.75770126777091 ], [ 101.763578399001929, 12.757700304964992 ], [ 101.76357937991034, 12.757790627990925 ], [ 101.76367139932178, 12.757789665146005 ], [ 101.763672380270265, 12.757879988164206 ], [ 101.764316516167483, 12.757873247305499 ], [ 101.764317497351442, 12.757963570273736 ], [ 101.764685574971637, 12.757959717623107 ], [ 101.764684593657449, 12.757869394683034 ], [ 101.764776613011108, 12.757868431447505 ], [ 101.764775631671895, 12.757778108513786 ], [ 101.764867650985465, 12.757777145253341 ], [ 101.76486470691529, 12.757506176469159 ], [ 101.764956726123657, 12.757505213197872 ], [ 101.764954763382732, 12.757324567352384 ], [ 101.764862744239466, 12.757325530609585 ], [ 101.764860781593768, 12.757144884747253 ], [ 101.764768762508098, 12.757145847958409 ] ], [ [ 101.787167762707725, 12.760433374990109 ], [ 101.787166773221472, 12.760343053795832 ], [ 101.787258791707586, 12.760342082548553 ], [ 101.787256812692732, 12.760161440172114 ], [ 101.787072775843157, 12.760163382606313 ], [ 101.787071786412241, 12.76007306140286 ], [ 101.786703712752285, 12.760076945859263 ], [ 101.786702723459214, 12.75998662462673 ], [ 101.786610705057811, 12.759987595653815 ], [ 101.786609715804886, 12.75989727441349 ], [ 101.786517697428479, 12.759898245401509 ], [ 101.786516708215714, 12.759807924153396 ], [ 101.786424689864262, 12.759808895102354 ], [ 101.786419744077051, 12.759357288815933 ], [ 101.786327725880824, 12.759358259697441 ], [ 101.786326736778719, 12.759267938430986 ], [ 101.78605068224222, 12.759270850862436 ], [ 101.786051671246653, 12.759361172150179 ], [ 101.785959653020086, 12.759362142903823 ], [ 101.785960641999537, 12.75945246419797 ], [ 101.785776605458508, 12.759454405623561 ], [ 101.785778583309934, 12.75963504823816 ], [ 101.785686564962916, 12.759636018917197 ], [ 101.785689531699248, 12.759906982855195 ], [ 101.785781550143952, 12.759906012154874 ], [ 101.785782539103806, 12.759996333459064 ], [ 101.785874557573493, 12.759995362719684 ], [ 101.785876535581068, 12.760176005311793 ], [ 101.785968554108294, 12.760175034526252 ], [ 101.785970532211337, 12.76035567710141 ], [ 101.786062550796103, 12.760354706269711 ], [ 101.786063539891572, 12.760445027549157 ], [ 101.786155558501306, 12.760444056678391 ], [ 101.786156547636935, 12.76053437795005 ], [ 101.786248566271652, 12.760533407040223 ], [ 101.786249555447426, 12.760623728304092 ], [ 101.786341574107126, 12.760622757355199 ], [ 101.786342563323075, 12.76071307861128 ], [ 101.786434582007743, 12.760712107623327 ], [ 101.786435571263823, 12.760802428871619 ], [ 101.786619608675551, 12.760800486785609 ], [ 101.786620598004347, 12.760890808019012 ], [ 101.786712616731407, 12.760889836920953 ], [ 101.786711627370039, 12.760799515694645 ], [ 101.786803646056924, 12.760798544571719 ], [ 101.786802656670588, 12.760708223351813 ], [ 101.786894675317313, 12.760707252204014 ], [ 101.786893685906008, 12.760616930990512 ], [ 101.786985704512588, 12.760615959817841 ], [ 101.786984715076287, 12.76052563861075 ], [ 101.787076733642721, 12.760524667413206 ], [ 101.787075744181436, 12.760434346212522 ], [ 101.787167762707725, 12.760433374990109 ] ], [ [ 101.793088275711952, 12.738058991870137 ], [ 101.793087285922269, 12.737968670981203 ], [ 101.792995275973269, 12.737969642581316 ], [ 101.792994286223703, 12.737879321684579 ], [ 101.7929022762996, 12.737880293245665 ], [ 101.792901286590123, 12.737789972341124 ], [ 101.792809276690917, 12.737790943863189 ], [ 101.792808287021543, 12.737700622950848 ], [ 101.79271627714725, 12.737701594433895 ], [ 101.792715287517979, 12.737611273513751 ], [ 101.792531267811569, 12.737613216369894 ], [ 101.792532257375839, 12.737703537304265 ], [ 101.792440247478723, 12.737704508691584 ], [ 101.792439257946967, 12.737614187750106 ], [ 101.792347248074762, 12.737615159098404 ], [ 101.792348237574032, 12.737705480046994 ], [ 101.792164217741799, 12.737707422662091 ], [ 101.792162238880891, 12.737526780735774 ], [ 101.791794199385251, 12.737530665526183 ], [ 101.791798156617446, 12.737891949489818 ], [ 101.792166196633119, 12.737888064585649 ], [ 101.792168175554821, 12.738068706506438 ], [ 101.792352195647069, 12.738066763834453 ], [ 101.792353185184325, 12.738157084779589 ], [ 101.79244519525156, 12.738156113388623 ], [ 101.792451132829783, 12.73869803900228 ], [ 101.79254314308443, 12.738697067536732 ], [ 101.792544132739906, 12.738787388462811 ], [ 101.793004184061587, 12.738782530620851 ], [ 101.793002204433179, 12.738601888839122 ], [ 101.79309421460971, 12.738600917189224 ], [ 101.793091245126618, 12.738329954532787 ], [ 101.793183255198016, 12.738328982872318 ], [ 101.793182265353025, 12.73823866199257 ], [ 101.793274275384334, 12.738237690307299 ], [ 101.793273285514431, 12.738147369433975 ], [ 101.793181275515636, 12.738148341112129 ], [ 101.79318028568585, 12.738058020231001 ], [ 101.793088275711952, 12.738058991870137 ] ], [ [ 101.79218697682748, 12.739784804616143 ], [ 101.792184997616943, 12.739604162721603 ], [ 101.792092987006839, 12.73960513413061 ], [ 101.792091997445468, 12.739514813175193 ], [ 101.791999986860276, 12.739515784545175 ], [ 101.791998997339022, 12.739425463581954 ], [ 101.791906986778727, 12.739426434912914 ], [ 101.791905007824028, 12.739245792970184 ], [ 101.791812997321159, 12.739246764255014 ], [ 101.7918120078877, 12.739156443275499 ], [ 101.791719997409743, 12.739157414521303 ], [ 101.791718018630661, 12.738976772545993 ], [ 101.791441987346175, 12.738979686049273 ], [ 101.79144000879252, 12.738799044028541 ], [ 101.79125598802824, 12.73880098617607 ], [ 101.791254009634997, 12.73862034412414 ], [ 101.791346019955938, 12.738619373080548 ], [ 101.791345030738213, 12.738529052060658 ], [ 101.791253020449787, 12.738530023097137 ], [ 101.791252031272151, 12.738439702069446 ], [ 101.791068010737504, 12.738441644032463 ], [ 101.791066032535056, 12.738261001946574 ], [ 101.790882012100028, 12.738262943753519 ], [ 101.790880034058006, 12.738082301636439 ], [ 101.790788023894095, 12.738083272477828 ], [ 101.790789012878804, 12.738173593543817 ], [ 101.790697002674804, 12.738174564360408 ], [ 101.790698980602016, 12.738355206504538 ], [ 101.790606970325427, 12.738356177303428 ], [ 101.79060795926793, 12.738446498381562 ], [ 101.79069996957702, 12.738445527575562 ], [ 101.790703925553018, 12.738806811852767 ], [ 101.790887946408489, 12.738804870088179 ], [ 101.79088992457207, 12.738985512194208 ], [ 101.791073945527174, 12.738983570273545 ], [ 101.79107988059036, 12.739525496489762 ], [ 101.791263901905126, 12.739523554356152 ], [ 101.791267859025936, 12.739884838429614 ], [ 101.791359869801965, 12.739883867286508 ], [ 101.791360859133675, 12.739974188296037 ], [ 101.791452869934602, 12.739973217113905 ], [ 101.791453859306415, 12.740063538115635 ], [ 101.791637880950489, 12.740061595641407 ], [ 101.791638870394905, 12.740151916628228 ], [ 101.791730881238053, 12.740150945336131 ], [ 101.7917318707226, 12.740241266315154 ], [ 101.791823881590645, 12.740240294984037 ], [ 101.791824871115296, 12.740330615955257 ], [ 101.791916882008252, 12.740329644585113 ], [ 101.791917871573006, 12.740419965548533 ], [ 101.792285915198889, 12.740416079720355 ], [ 101.79228492550412, 12.740325758785376 ], [ 101.792376936359062, 12.740324787255656 ], [ 101.792375946639368, 12.740234466327095 ], [ 101.792467957454221, 12.74023349477257 ], [ 101.792465977972611, 12.740052852927603 ], [ 101.792373967222787, 12.740053824467907 ], [ 101.792371987836603, 12.739873182605956 ], [ 101.792279977144176, 12.739874154100123 ], [ 101.792278987494996, 12.739783833161001 ], [ 101.79218697682748, 12.739784804616143 ] ], [ [ 101.792031655553629, 12.742406055003366 ], [ 101.792030665789142, 12.742315734062256 ], [ 101.792122677382167, 12.742314762471853 ], [ 101.792121687592768, 12.742224441537161 ], [ 101.792213699145677, 12.742223469921946 ], [ 101.79221270933138, 12.742133148993679 ], [ 101.792396732349346, 12.742131205681705 ], [ 101.792395742477609, 12.742040884766968 ], [ 101.792579765400149, 12.742038941341541 ], [ 101.792578775470986, 12.741948620440336 ], [ 101.792762798298085, 12.741946676901451 ], [ 101.792761808311511, 12.741856356013777 ], [ 101.792853819681156, 12.741855384203566 ], [ 101.792852829669656, 12.741765063322315 ], [ 101.793036852321094, 12.741763119620362 ], [ 101.793035862252182, 12.741672798752649 ], [ 101.793127873533976, 12.741671826860907 ], [ 101.793124903275327, 12.741400864274947 ], [ 101.792112779830305, 12.741411553093865 ], [ 101.79211179011692, 12.741321232152265 ], [ 101.791559722590662, 12.741327060746638 ], [ 101.791562691168394, 12.741598023697337 ], [ 101.791470679789882, 12.74159899503935 ], [ 101.791471669298474, 12.741689316028642 ], [ 101.791379657879858, 12.741690287345842 ], [ 101.791380647363539, 12.741780608341555 ], [ 101.790460532434281, 12.741790319829068 ], [ 101.790461521600434, 12.741880640895165 ], [ 101.790369510033202, 12.741881611875469 ], [ 101.790370499174429, 12.74197193294798 ], [ 101.790278487567107, 12.741972903903466 ], [ 101.790279476683423, 12.742063224982394 ], [ 101.79037148832326, 12.742062254019803 ], [ 101.790372477479707, 12.742152575090932 ], [ 101.790464489144455, 12.742151604089312 ], [ 101.790465478340991, 12.742241925152642 ], [ 101.790557490030693, 12.742240954111999 ], [ 101.790558479267318, 12.742331275167537 ], [ 101.790650490981932, 12.74233030408786 ], [ 101.790652469543048, 12.742510946182646 ], [ 101.790744481315073, 12.742509975056841 ], [ 101.79074547063955, 12.742600296096089 ], [ 101.790837482436501, 12.74259932493125 ], [ 101.790839461173249, 12.742779966993462 ], [ 101.791115496713616, 12.742777053264774 ], [ 101.791116486190944, 12.742867374273521 ], [ 101.791300509911551, 12.742865431613904 ], [ 101.791299520369193, 12.742775110619373 ], [ 101.791391532185585, 12.742774139248789 ], [ 101.791390542618316, 12.742683818260677 ], [ 101.791574566163263, 12.742681875437961 ], [ 101.791573576538568, 12.742591554463377 ], [ 101.791757599988102, 12.742589611527196 ], [ 101.791756610305953, 12.742499290566137 ], [ 101.791848621986802, 12.742498319057276 ], [ 101.791847632279755, 12.742407998102637 ], [ 101.792031655553629, 12.742406055003366 ] ], [ [ 101.792701749799676, 12.761549213064704 ], [ 101.792700758260708, 12.761458892305754 ], [ 101.792976813598798, 12.761455972436467 ], [ 101.792978796879765, 12.761636613911003 ], [ 101.793070815375714, 12.761635640543073 ], [ 101.793073790451913, 12.761906602728349 ], [ 101.793165809037959, 12.76190562930711 ], [ 101.793163825581104, 12.761724987865179 ], [ 101.793255844094404, 12.761724014426195 ], [ 101.793254852344816, 12.761633693711305 ], [ 101.793346870817956, 12.761632720247468 ], [ 101.7933458790434, 12.761542399539 ], [ 101.793437897476366, 12.761541426050304 ], [ 101.793435913884949, 12.761360784645522 ], [ 101.793527932245169, 12.761359811139085 ], [ 101.79352396502334, 12.760998528349674 ], [ 101.793615983245687, 12.760997554839728 ], [ 101.793614991426679, 12.760907234147759 ], [ 101.793707009608866, 12.760906260612957 ], [ 101.793706017764904, 12.76081593992741 ], [ 101.793982072168092, 12.760813019152542 ], [ 101.793980088307592, 12.760632377822068 ], [ 101.793888070245941, 12.76063335143143 ], [ 101.793884102746503, 12.76027206873372 ], [ 101.793976120677911, 12.76027109515282 ], [ 101.793975128789512, 12.760180774483775 ], [ 101.793607057148506, 12.760184668587105 ], [ 101.793608048906648, 12.760274989284611 ], [ 101.793516030944829, 12.760275962737639 ], [ 101.793517022678003, 12.760366283441565 ], [ 101.79342500467601, 12.76036725686974 ], [ 101.79342698810008, 12.760547898289751 ], [ 101.793334970025342, 12.760548871700188 ], [ 101.793335961716224, 12.760639192416267 ], [ 101.793243943601311, 12.760640165801853 ], [ 101.793244935267239, 12.760730486524354 ], [ 101.793152917112153, 12.760731459885086 ], [ 101.793153908753126, 12.760821780614007 ], [ 101.79306189055788, 12.760822753949883 ], [ 101.793062882173871, 12.760913074685231 ], [ 101.792878845695427, 12.760915021275304 ], [ 101.792879837253906, 12.761005342024184 ], [ 101.792787818970695, 12.761006315278379 ], [ 101.79278881050422, 12.761096636033679 ], [ 101.792696792180848, 12.761097609263022 ], [ 101.792697783689405, 12.761187930024741 ], [ 101.792605765325874, 12.761188903229224 ], [ 101.792606756809462, 12.761279223997368 ], [ 101.792514738405757, 12.761280197176996 ], [ 101.792515729864391, 12.761370517951557 ], [ 101.792423711420497, 12.761371491106326 ], [ 101.792424702854177, 12.761461811887306 ], [ 101.792332684370123, 12.761462785017217 ], [ 101.792333675778821, 12.761553105804619 ], [ 101.792241657254607, 12.761554078909672 ], [ 101.792242648638336, 12.761644399703492 ], [ 101.792058611501943, 12.76164634583191 ], [ 101.792059602828147, 12.761736666639257 ], [ 101.791967584215982, 12.761737639662623 ], [ 101.791970558142523, 12.762008602101856 ], [ 101.792062576852402, 12.762007629057159 ], [ 101.79206158550339, 12.761917308251888 ], [ 101.79215360417308, 12.761916335182331 ], [ 101.7921526127991, 12.761826014383475 ], [ 101.79224463142863, 12.761825041289059 ], [ 101.792243640029696, 12.761734720496621 ], [ 101.792427677200806, 12.761732774226099 ], [ 101.792426685744317, 12.761642453447193 ], [ 101.792518704285911, 12.761641480271091 ], [ 101.792517712804454, 12.761551159498604 ], [ 101.792701749799676, 12.761549213064704 ] ], [ [ 101.798016009491207, 12.725902551528895 ], [ 101.798014028385339, 12.725721910348343 ], [ 101.798106033522757, 12.725720937923283 ], [ 101.798104052382428, 12.725540296754222 ], [ 101.798196057447285, 12.725539324311534 ], [ 101.79819407627248, 12.725358683153962 ], [ 101.798102071272552, 12.725359655582395 ], [ 101.798101080729026, 12.725269334995446 ], [ 101.798009075753967, 12.725270307384879 ], [ 101.798008085250515, 12.72517998679011 ], [ 101.797916080300297, 12.725180959140541 ], [ 101.797915089836948, 12.725090638537958 ], [ 101.797639075037964, 12.725093555376622 ], [ 101.797638084679633, 12.725003234751979 ], [ 101.797546079763876, 12.725004206960659 ], [ 101.79754508944562, 12.724913886328203 ], [ 101.79763709432892, 12.724912914126646 ], [ 101.797635113650301, 12.724732272873904 ], [ 101.79772711846104, 12.724731300654723 ], [ 101.797726128100706, 12.724640980034442 ], [ 101.797910137634418, 12.724639035514704 ], [ 101.797909147216743, 12.724548714907982 ], [ 101.798001151939715, 12.724547742607429 ], [ 101.7980001614972, 12.724457422007136 ], [ 101.798092166180098, 12.724456449681833 ], [ 101.798091175712727, 12.724366129087983 ], [ 101.798183180355551, 12.72436515673793 ], [ 101.798182189863326, 12.724274836150512 ], [ 101.798274194466075, 12.724273863775711 ], [ 101.79826825147795, 12.723731940279457 ], [ 101.798084242654426, 12.723733884911681 ], [ 101.79808226184916, 12.723553243712237 ], [ 101.797898253125027, 12.72355518818847 ], [ 101.797896272480074, 12.723374546957766 ], [ 101.79752825520012, 12.723378435470778 ], [ 101.797527265018914, 12.723288114825895 ], [ 101.797435260712348, 12.723289086867346 ], [ 101.797436250861097, 12.723379407519355 ], [ 101.79734424651447, 12.72338037953606 ], [ 101.797345236638378, 12.7234707001945 ], [ 101.797253232251663, 12.723471672186458 ], [ 101.797254222350716, 12.723561992851332 ], [ 101.797162217923926, 12.723562964818541 ], [ 101.797163207998125, 12.723653285489849 ], [ 101.797071203531274, 12.72365425743231 ], [ 101.797072193580632, 12.723744578110045 ], [ 101.796980189073693, 12.723745550027759 ], [ 101.796981179098211, 12.72383587071193 ], [ 101.79679716999658, 12.723837814465981 ], [ 101.796798159963771, 12.723928135163709 ], [ 101.796706155369066, 12.723929107000046 ], [ 101.796707145311416, 12.724019427704203 ], [ 101.79661514067665, 12.724020399515791 ], [ 101.796616130594131, 12.724110720226378 ], [ 101.796524125919291, 12.724111692013215 ], [ 101.796525115811932, 12.724202012730236 ], [ 101.796341106374484, 12.724203956222532 ], [ 101.796342096209798, 12.724294276953103 ], [ 101.796158086676968, 12.724296220332144 ], [ 101.796159076454984, 12.724386541076267 ], [ 101.795975066826784, 12.724388484342054 ], [ 101.795973087408257, 12.724207842824638 ], [ 101.795881082647682, 12.72420881439548 ], [ 101.795879103324509, 12.724028172861065 ], [ 101.795787098621247, 12.724029144385796 ], [ 101.795786109003544, 12.723938823610432 ], [ 101.795602099639126, 12.723940766550033 ], [ 101.795601110093941, 12.723850445759741 ], [ 101.795693114747507, 12.723849474312994 ], [ 101.795691135615044, 12.723668832744577 ], [ 101.795599131026421, 12.723669804177085 ], [ 101.795597151989327, 12.723489162591667 ], [ 101.79550514745803, 12.723490133978066 ], [ 101.795503168516291, 12.72330949237565 ], [ 101.795411164042292, 12.723310463715938 ], [ 101.795410174615299, 12.72322014290658 ], [ 101.795318170166155, 12.723221114207879 ], [ 101.795317180779236, 12.723130793390709 ], [ 101.795133171923041, 12.723132735883462 ], [ 101.795136139911875, 12.723403698375611 ], [ 101.795044135374994, 12.723404669595533 ], [ 101.795045124687348, 12.723494990431986 ], [ 101.794953120110407, 12.723495961627156 ], [ 101.794954109397906, 12.723586282470036 ], [ 101.794862104780876, 12.723587253640453 ], [ 101.794864083313783, 12.72376789533838 ], [ 101.794772078624234, 12.723768866491156 ], [ 101.794773067869627, 12.7238591873462 ], [ 101.794681063140004, 12.723860158474221 ], [ 101.794683041588698, 12.724040800196473 ], [ 101.79449903197677, 12.724042742385365 ], [ 101.794500021147613, 12.724133063259686 ], [ 101.79440801629778, 12.72413403431344 ], [ 101.79440900544374, 12.724224355194188 ], [ 101.794317000553832, 12.724225326223179 ], [ 101.794320957083912, 12.724586609767742 ], [ 101.794412962103664, 12.724585638710286 ], [ 101.794413951287666, 12.724675959587584 ], [ 101.794689966398707, 12.724673046202614 ], [ 101.794688977117318, 12.724582725346664 ], [ 101.794780982106644, 12.72458175416171 ], [ 101.794782960741969, 12.724762395858681 ], [ 101.794690955687699, 12.72476336705787 ], [ 101.79469293428852, 12.724944008766322 ], [ 101.794600929161717, 12.724944979947869 ], [ 101.794599939889977, 12.724854659086869 ], [ 101.79450793478803, 12.724855630229426 ], [ 101.794509913274183, 12.725036271964962 ], [ 101.794693923600335, 12.725034329619508 ], [ 101.794694912919752, 12.725124650472004 ], [ 101.794786918103881, 12.725123679244348 ], [ 101.794788896830468, 12.725304320933041 ], [ 101.794972907305791, 12.725302378353634 ], [ 101.794973896745432, 12.725392699182709 ], [ 101.795249912498747, 12.725389785053171 ], [ 101.795248922961704, 12.725299464245447 ], [ 101.795340928165132, 12.7252984928123 ], [ 101.79533993860322, 12.725208172011003 ], [ 101.795523948922323, 12.725206229063314 ], [ 101.795521969691464, 12.725025587487131 ], [ 101.795705979850254, 12.725023644440418 ], [ 101.795704990181321, 12.724933323665526 ], [ 101.795796995216833, 12.724932352101472 ], [ 101.79579600552303, 12.72484203133301 ], [ 101.795888010518468, 12.724841059744202 ], [ 101.795887020799825, 12.72475073898217 ], [ 101.795979025755187, 12.724749767368609 ], [ 101.795978036011675, 12.724659446613007 ], [ 101.796162045834649, 12.724657503304497 ], [ 101.796161056033824, 12.724567182562447 ], [ 101.796345065761415, 12.724565239140681 ], [ 101.796344075903264, 12.724474918412177 ], [ 101.796528085535499, 12.724472974877155 ], [ 101.796527095620036, 12.724382654162204 ], [ 101.796619100392263, 12.724381682354004 ], [ 101.796618110451945, 12.724291361645488 ], [ 101.796710115184098, 12.724290389812534 ], [ 101.796709125218925, 12.724200069110449 ], [ 101.796801129911017, 12.724199097252745 ], [ 101.796800139920975, 12.72410877655709 ], [ 101.796984149217394, 12.724106832760306 ], [ 101.796983159170054, 12.724016512078206 ], [ 101.797075163774366, 12.724015540139128 ], [ 101.797074173702171, 12.723925219463457 ], [ 101.797166178266437, 12.723924247499628 ], [ 101.797165188169373, 12.723833926830393 ], [ 101.797257192693564, 12.723832954841814 ], [ 101.79725620257166, 12.723742634179011 ], [ 101.797348207055762, 12.723741662165684 ], [ 101.797352167718856, 12.724102944784265 ], [ 101.797260163104909, 12.724103916826085 ], [ 101.797261153257253, 12.724194237486126 ], [ 101.797169148603231, 12.724195209503197 ], [ 101.797170138730735, 12.724285530169674 ], [ 101.797078134036624, 12.72428650216199 ], [ 101.797079124139273, 12.724376822834898 ], [ 101.7968951146633, 12.724378766738162 ], [ 101.796896104708622, 12.724469087424627 ], [ 101.796804099926774, 12.724470059335568 ], [ 101.796806079975326, 12.724650700720671 ], [ 101.796622070258906, 12.724652644475423 ], [ 101.796623060229663, 12.724742965181175 ], [ 101.796531055327563, 12.724743937017864 ], [ 101.79653204527348, 12.724834257730052 ], [ 101.796440040331319, 12.724835229541982 ], [ 101.796441030252367, 12.724925550260602 ], [ 101.796349025270118, 12.724926522047785 ], [ 101.79635001516634, 12.725016842772833 ], [ 101.796258010144001, 12.725017814535256 ], [ 101.796259000015354, 12.725108135266733 ], [ 101.796166994952955, 12.725109107004403 ], [ 101.796170954384579, 12.725470389951909 ], [ 101.79626295957685, 12.725469418185755 ], [ 101.796263949486246, 12.725559738913782 ], [ 101.796355954703373, 12.725558767108634 ], [ 101.796356944652857, 12.725649087828851 ], [ 101.796632960355964, 12.725646172200781 ], [ 101.796633950410452, 12.725736492898942 ], [ 101.796725955662069, 12.725735520952046 ], [ 101.796726945756632, 12.725825841642395 ], [ 101.796818951033103, 12.725824869656497 ], [ 101.796822911617383, 12.726186152382509 ], [ 101.79691491701611, 12.726185180336245 ], [ 101.796915907213688, 12.726275501008898 ], [ 101.797007912637284, 12.726274528923634 ], [ 101.797008902874921, 12.726364849588476 ], [ 101.797560935451429, 12.726359016364686 ], [ 101.7975619258915, 12.726449336986098 ], [ 101.797377914998194, 12.726451281535791 ], [ 101.797378905380953, 12.726541602170759 ], [ 101.797470910863893, 12.726540629904727 ], [ 101.797471901286727, 12.726630950531886 ], [ 101.797379895771314, 12.726631922805039 ], [ 101.797380886169307, 12.726722243438623 ], [ 101.797288880613806, 12.726723215687024 ], [ 101.79728987098693, 12.72681353632704 ], [ 101.797197865391368, 12.726814508550683 ], [ 101.797198855739623, 12.726904829197135 ], [ 101.797106850103972, 12.726905801396022 ], [ 101.797109821097038, 12.727176763352608 ], [ 101.797293832555567, 12.727174818880219 ], [ 101.797295813385574, 12.727355460152667 ], [ 101.797387819168364, 12.727354487854404 ], [ 101.797390790567874, 12.727625449736525 ], [ 101.797574802305448, 12.727623505001613 ], [ 101.797576783406413, 12.727804146224411 ], [ 101.797392771538952, 12.727806090987817 ], [ 101.797394752540484, 12.727986732236348 ], [ 101.797302746530377, 12.727987704584475 ], [ 101.797303737010097, 12.728078025214829 ], [ 101.797579755114981, 12.72807510805343 ], [ 101.797580745699733, 12.72816542866172 ], [ 101.797672751751946, 12.728164456203697 ], [ 101.797673742376787, 12.728254776804174 ], [ 101.797581736292102, 12.728255749269323 ], [ 101.797583717499663, 12.728436390482452 ], [ 101.797675723649306, 12.728435418003055 ], [ 101.797679686285719, 12.728796700392532 ], [ 101.797863698821956, 12.72879475528109 ], [ 101.797862708086484, 12.728704434699008 ], [ 101.797954714310691, 12.728703462102583 ], [ 101.797951742052518, 12.728432500373563 ], [ 101.797859735925741, 12.728433472948613 ], [ 101.797858745220708, 12.728343152363761 ], [ 101.798134763480803, 12.728340234564339 ], [ 101.798123865156569, 12.727346708320578 ], [ 101.79821587087082, 12.727345735735383 ], [ 101.798212898663095, 12.727074774039414 ], [ 101.79812089304626, 12.727075746603235 ], [ 101.798116930339106, 12.726714464303772 ], [ 101.798208935826068, 12.726713491768455 ], [ 101.798202001154479, 12.726081247767691 ], [ 101.798109995894819, 12.726082220253128 ], [ 101.798108014693554, 12.725901579089589 ], [ 101.798016009491207, 12.725902551528895 ] ], [ [ 101.797861717358614, 12.728614114116235 ], [ 101.797769711159248, 12.728615086673646 ], [ 101.797767729791332, 12.728434445491773 ], [ 101.797859735925741, 12.728433472948613 ], [ 101.797861717358614, 12.728614114116235 ] ], [ [ 101.795054028840909, 12.724307877929011 ], [ 101.795056007625377, 12.724488519587423 ], [ 101.794871997749667, 12.724490462102473 ], [ 101.794871008418568, 12.724400141259375 ], [ 101.794963013327759, 12.724399170024904 ], [ 101.794962023971777, 12.724308849188239 ], [ 101.795054028840909, 12.724307877929011 ] ], [ [ 101.795053039460086, 12.724217557098768 ], [ 101.795145044289143, 12.724216585814787 ], [ 101.795144054883465, 12.724126264990973 ], [ 101.795236059672447, 12.724125293682233 ], [ 101.795238038556334, 12.724305935314936 ], [ 101.795054028840909, 12.724307877929011 ], [ 101.795053039460086, 12.724217557098768 ] ], [ [ 101.796454889946332, 12.726190040248785 ], [ 101.796453899918717, 12.72609971953983 ], [ 101.796269889102462, 12.726101663267457 ], [ 101.796266919260106, 12.725830701093729 ], [ 101.796174913937975, 12.725831672888361 ], [ 101.796172934146057, 12.725651031421513 ], [ 101.796080928881253, 12.72565200317003 ], [ 101.79607993902917, 12.725561682428451 ], [ 101.795895928541654, 12.725563625815608 ], [ 101.795894938762117, 12.725473305059101 ], [ 101.795802933539406, 12.725474276697746 ], [ 101.795803923286471, 12.725564597461373 ], [ 101.795711918023684, 12.725565569075258 ], [ 101.795712907745894, 12.725655889845321 ], [ 101.795620902443048, 12.72565686143445 ], [ 101.795621892140389, 12.725747182210938 ], [ 101.795529886797439, 12.725748153775307 ], [ 101.795534835235955, 12.726199757682984 ], [ 101.795626840741235, 12.726198786083016 ], [ 101.795627830484221, 12.726289106855363 ], [ 101.795719836014385, 12.7262881352164 ], [ 101.795720825797446, 12.726378455980933 ], [ 101.795996842439621, 12.726375540851411 ], [ 101.795999812126738, 12.726646503076799 ], [ 101.79609181775632, 12.726645531281839 ], [ 101.796092807699722, 12.72673585201513 ], [ 101.796184813354159, 12.726734880181171 ], [ 101.796185803337636, 12.726825200906655 ], [ 101.796645831658054, 12.726820341223052 ], [ 101.796643851374, 12.726639699842604 ], [ 101.796827862519009, 12.726637755774492 ], [ 101.79682687232345, 12.726547435097475 ], [ 101.796734866787233, 12.726548407140347 ], [ 101.796733876631777, 12.726458086455521 ], [ 101.7966418711204, 12.726459058459394 ], [ 101.796639890897239, 12.726278417073427 ], [ 101.796547885443204, 12.726279389031177 ], [ 101.796546895375513, 12.726189068330035 ], [ 101.796454889946332, 12.726190040248785 ] ], [ [ 101.795817780544311, 12.726829088079697 ], [ 101.795816790690722, 12.726738767325731 ], [ 101.795724785005845, 12.726739739032173 ], [ 101.79572379519233, 12.7266494182704 ], [ 101.795631789532308, 12.72665038993784 ], [ 101.795628820234839, 12.726379427627016 ], [ 101.795536814664615, 12.726380399241224 ], [ 101.795535824946484, 12.726290078462448 ], [ 101.795443819401129, 12.726291050037657 ], [ 101.795442829723058, 12.726200729251071 ], [ 101.794982802044501, 12.726205586613332 ], [ 101.794983791560213, 12.726295907435503 ], [ 101.794891785969213, 12.726296878819438 ], [ 101.79489277546007, 12.726387199648038 ], [ 101.794800769828981, 12.72638817100721 ], [ 101.794802748768561, 12.726568812676572 ], [ 101.794710743064925, 12.726569784018096 ], [ 101.794711732513662, 12.726660104858862 ], [ 101.794803738249755, 12.726659133510221 ], [ 101.794805717234979, 12.72683977517544 ], [ 101.795173740363055, 12.72683588940513 ], [ 101.795175719638465, 12.72701653101065 ], [ 101.795267725466417, 12.727015559474136 ], [ 101.795268715148012, 12.727105880268741 ], [ 101.795452726846023, 12.727103937085836 ], [ 101.795454706361909, 12.7272845786445 ], [ 101.795546712264439, 12.727283606990989 ], [ 101.795547702066287, 12.727373927762171 ], [ 101.795639707993686, 12.727372956069656 ], [ 101.795640697835594, 12.727463276833026 ], [ 101.795824709732528, 12.727461333338111 ], [ 101.795823719825663, 12.727371012588982 ], [ 101.796007731627213, 12.727369068980785 ], [ 101.796005751706417, 12.727188427508931 ], [ 101.796097757530845, 12.727187455671249 ], [ 101.796096767549386, 12.727097134941408 ], [ 101.796004761757459, 12.727098106771967 ], [ 101.796003771816089, 12.727007786034314 ], [ 101.795911766049016, 12.727008757825875 ], [ 101.795909786254057, 12.726828116334255 ], [ 101.795817780544311, 12.726829088079697 ] ], [ [ 101.796614237317584, 12.732330874434725 ], [ 101.796613246739909, 12.73224055377985 ], [ 101.796705254337482, 12.732239581352065 ], [ 101.796704263734938, 12.732149260703622 ], [ 101.79688827884226, 12.732147315766618 ], [ 101.796887288182361, 12.732056995131725 ], [ 101.797163310688788, 12.73205407750838 ], [ 101.797162319939048, 12.731963756894167 ], [ 101.797254327393475, 12.731962784296385 ], [ 101.797253336618851, 12.731872463688608 ], [ 101.797345344033204, 12.731871491066057 ], [ 101.797344353233697, 12.731781170464714 ], [ 101.79752836797455, 12.731779225138181 ], [ 101.797527377117717, 12.731688904550392 ], [ 101.797711391763144, 12.73168695911054 ], [ 101.797710400848942, 12.731596638536306 ], [ 101.797802408127751, 12.731595665775668 ], [ 101.79780141718868, 12.73150534520787 ], [ 101.7978934244274, 12.731504372422464 ], [ 101.79789243346346, 12.731414051861099 ], [ 101.797984440662063, 12.731413079050926 ], [ 101.797983449673268, 12.731322758495994 ], [ 101.798075456831768, 12.73132178566105 ], [ 101.798074465818104, 12.731231465112556 ], [ 101.798166472936515, 12.73123049225285 ], [ 101.798165481897982, 12.731140171710791 ], [ 101.798257488976276, 12.731139198826318 ], [ 101.798255506857089, 12.730958557754375 ], [ 101.798347513862822, 12.730957584852264 ], [ 101.798345531709131, 12.730776943791813 ], [ 101.79843753864229, 12.730775970872063 ], [ 101.79843654754437, 12.73068565034793 ], [ 101.798528554437425, 12.730684677403413 ], [ 101.798524589992056, 12.730323395328469 ], [ 101.79843258322893, 12.730324368244478 ], [ 101.798431592169109, 12.730234047716886 ], [ 101.79815557193146, 12.730236966252198 ], [ 101.798156562893851, 12.730327286801169 ], [ 101.797972549299047, 12.730329232346181 ], [ 101.797973540204069, 12.730419552908705 ], [ 101.797697519657305, 12.730422471008435 ], [ 101.797698510472514, 12.730512791591648 ], [ 101.797514496671639, 12.730514736846271 ], [ 101.797516478194964, 12.730695378039119 ], [ 101.797424471218136, 12.730696350632844 ], [ 101.797426452706958, 12.730876991837174 ], [ 101.797334445657569, 12.730877964413255 ], [ 101.797335436380905, 12.730968285021509 ], [ 101.797243429291413, 12.730969257572823 ], [ 101.797244419989894, 12.73105957818751 ], [ 101.797060405723087, 12.731061523208714 ], [ 101.797061396364228, 12.731151843836956 ], [ 101.796877382002009, 12.731153788744837 ], [ 101.796878372585766, 12.731244109386637 ], [ 101.796786365360759, 12.731245081799862 ], [ 101.796787355919676, 12.73133540244809 ], [ 101.796695348654566, 12.731336374836552 ], [ 101.79669732973025, 12.731517016145178 ], [ 101.796605322392566, 12.731517988515989 ], [ 101.796606312909333, 12.731608309176389 ], [ 101.796514305531545, 12.731609281522429 ], [ 101.796515296023458, 12.731699602189259 ], [ 101.796331281180088, 12.731701546799904 ], [ 101.796332271614631, 12.731791867480288 ], [ 101.796056249195047, 12.731794784178419 ], [ 101.796057239539735, 12.731885104879472 ], [ 101.79596523201883, 12.73188607705552 ], [ 101.795966222338663, 12.731976397763002 ], [ 101.795874214777669, 12.731977369914274 ], [ 101.795877185685342, 12.732248332053942 ], [ 101.795785178019287, 12.73224930419468 ], [ 101.795786168304573, 12.732339624913637 ], [ 101.795602152884655, 12.732341569113672 ], [ 101.795603143112572, 12.732431889846179 ], [ 101.795511135358709, 12.732432861905473 ], [ 101.795512125561771, 12.73252318264441 ], [ 101.795420117767804, 12.732524154678927 ], [ 101.795423088325165, 12.732795116912953 ], [ 101.795699111976631, 12.732792200649643 ], [ 101.79569812168576, 12.732701879927017 ], [ 101.795882137350375, 12.73269993560624 ], [ 101.795881147002149, 12.732609614897159 ], [ 101.796065162571352, 12.73260767046304 ], [ 101.796064172165771, 12.732517349767514 ], [ 101.796156179906461, 12.732516377509734 ], [ 101.796155189475982, 12.732426056820632 ], [ 101.79643121255495, 12.732423139877282 ], [ 101.796430222034644, 12.732332819208855 ], [ 101.796614237317584, 12.732330874434725 ] ], [ [ 101.797662990778534, 12.735662036742182 ], [ 101.797661008352605, 12.735481395639574 ], [ 101.797753017036072, 12.735480422604471 ], [ 101.797748060942013, 12.735028819871481 ], [ 101.79784006945539, 12.735027846840099 ], [ 101.797839078226929, 12.734937526298554 ], [ 101.798023095165874, 12.734935580154341 ], [ 101.798022103880044, 12.734845259626352 ], [ 101.79820612072352, 12.734843313368787 ], [ 101.798205129380321, 12.734752992854361 ], [ 101.798297137758141, 12.734752019684853 ], [ 101.798296146390072, 12.734661699176861 ], [ 101.798388154727775, 12.734660725982579 ], [ 101.798386171949502, 12.734480084978776 ], [ 101.798478180214602, 12.734479111766843 ], [ 101.798475206006842, 12.734208150277341 ], [ 101.798567214166866, 12.734207177054888 ], [ 101.798565231334806, 12.734026536072681 ], [ 101.798657239422212, 12.734025562832587 ], [ 101.798656247985107, 12.733935242347576 ], [ 101.798840264072112, 12.733933295785945 ], [ 101.798839272577652, 12.733842975314497 ], [ 101.799023288569202, 12.733841028639528 ], [ 101.799021305473175, 12.733660387723067 ], [ 101.799113313392539, 12.73365941435199 ], [ 101.799111330262008, 12.733478773447025 ], [ 101.799203338108768, 12.733477800058312 ], [ 101.799202346522449, 12.733387479611919 ], [ 101.79966238547955, 12.733382612225528 ], [ 101.799661393738404, 12.733292291814088 ], [ 101.799845409202931, 12.733290344650515 ], [ 101.799842433830264, 12.733019383454833 ], [ 101.799658418560682, 12.733021330575628 ], [ 101.799657426850004, 12.732931010161424 ], [ 101.799565419236274, 12.73293198366685 ], [ 101.799564427565699, 12.732841663244828 ], [ 101.799196397164479, 12.732845556919054 ], [ 101.799197388705096, 12.732935877369593 ], [ 101.799105381053266, 12.732936850715539 ], [ 101.799106372569, 12.733027171172514 ], [ 101.799014364877067, 12.733028144493696 ], [ 101.799019322407617, 12.733479746803845 ], [ 101.798835306675983, 12.733481693421792 ], [ 101.798836298139975, 12.733572013896005 ], [ 101.79846826645533, 12.733575906777642 ], [ 101.798469257796981, 12.733666227279667 ], [ 101.798377249824284, 12.733667200427464 ], [ 101.798378241141066, 12.733757520935928 ], [ 101.798286233128266, 12.733758494058947 ], [ 101.798287224420164, 12.733848814573848 ], [ 101.798103208306742, 12.733850760738447 ], [ 101.798105190783446, 12.734031401794679 ], [ 101.798013182650308, 12.73403237484338 ], [ 101.798014173867585, 12.734122695377588 ], [ 101.797922165694374, 12.734123668401519 ], [ 101.797923156886768, 12.734213988942157 ], [ 101.797831148673438, 12.734214961941312 ], [ 101.797832139840963, 12.734305282488387 ], [ 101.797740131587531, 12.734306255462769 ], [ 101.79774211388046, 12.734486896569093 ], [ 101.797558097220758, 12.734488842450656 ], [ 101.797559088313662, 12.734579163017029 ], [ 101.797467079939892, 12.734580135917087 ], [ 101.797468071007927, 12.734670456489892 ], [ 101.797284054172565, 12.734672402208552 ], [ 101.797285045183216, 12.734762722794919 ], [ 101.797009019775601, 12.734765641155025 ], [ 101.797010010696397, 12.734855961762067 ], [ 101.796825993654934, 12.734857907190213 ], [ 101.796826984518347, 12.734948227810809 ], [ 101.796734975953697, 12.734949200484156 ], [ 101.796736957638387, 12.735129841737521 ], [ 101.796644949001134, 12.735130814393212 ], [ 101.796645939822398, 12.735221135025975 ], [ 101.796185896359532, 12.735225997861498 ], [ 101.79618787769995, 12.735406639196176 ], [ 101.796095868919551, 12.735407611681817 ], [ 101.796097850225436, 12.735588253027974 ], [ 101.796005841372434, 12.735589225495952 ], [ 101.796009803945552, 12.735950508208454 ], [ 101.795917794954946, 12.735951480673014 ], [ 101.79591878558476, 12.736041801356528 ], [ 101.796010794607852, 12.73604082888485 ], [ 101.796011785277756, 12.736131149560563 ], [ 101.796287812398873, 12.736128231932748 ], [ 101.796288803173894, 12.736218552586401 ], [ 101.796564830323973, 12.736215634650087 ], [ 101.796563839451451, 12.736125314017796 ], [ 101.797115893351119, 12.736119477326477 ], [ 101.7971168844186, 12.736209797916034 ], [ 101.79748492032941, 12.736205906121914 ], [ 101.797482937942078, 12.736025264999096 ], [ 101.797666955721795, 12.736023318939106 ], [ 101.797664973234944, 12.735842677842028 ], [ 101.797756982048398, 12.735841704778428 ], [ 101.797754999527001, 12.735661063692829 ], [ 101.797662990778534, 12.735662036742182 ] ], [ [ 101.797138895232493, 12.746597634793122 ], [ 101.797230907968029, 12.746596661105176 ], [ 101.797229916024847, 12.746506340595106 ], [ 101.79741394140801, 12.746504393137664 ], [ 101.797411957414411, 12.746323752143955 ], [ 101.79750397002951, 12.746322778381584 ], [ 101.797501986001322, 12.746142137399353 ], [ 101.797409973451266, 12.746143111147475 ], [ 101.797408981481112, 12.746052790648202 ], [ 101.797316968955968, 12.746053764357269 ], [ 101.79731597702596, 12.745963443850178 ], [ 101.797223964525713, 12.74596441752019 ], [ 101.797222972635851, 12.745874097005283 ], [ 101.796946935187009, 12.745877017802375 ], [ 101.796945943402321, 12.745786697265409 ], [ 101.796761918463417, 12.745788644289577 ], [ 101.796762910183048, 12.74587896484079 ], [ 101.796854922688837, 12.745877991337551 ], [ 101.796855914448599, 12.745968311880951 ], [ 101.796763901910282, 12.745969285391316 ], [ 101.796764893645147, 12.746059605941145 ], [ 101.796948918779222, 12.746057658874241 ], [ 101.796949910586733, 12.746147979409132 ], [ 101.796489847531859, 12.746152846872535 ], [ 101.796490839184386, 12.746243167442351 ], [ 101.796306813844083, 12.746245114218445 ], [ 101.796307805439156, 12.746335434801811 ], [ 101.796215792725079, 12.746336408149084 ], [ 101.79621678429524, 12.746426728738879 ], [ 101.796124771541017, 12.746427702061345 ], [ 101.796125763086266, 12.746518022657567 ], [ 101.795941737489912, 12.746519969220945 ], [ 101.795942728977721, 12.746610289830722 ], [ 101.796034741812235, 12.746609316557876 ], [ 101.79603573334019, 12.746699637159839 ], [ 101.795759694716253, 12.746702556903934 ], [ 101.795763660513884, 12.747063839390316 ], [ 101.795855673526248, 12.747062866145736 ], [ 101.795856665027202, 12.747153186758483 ], [ 101.795948678064491, 12.74715221347485 ], [ 101.795949669605591, 12.747242534079783 ], [ 101.796041682667777, 12.747241560757098 ], [ 101.796042674249023, 12.747331881354222 ], [ 101.796134687336135, 12.747330907992483 ], [ 101.796135678957512, 12.747421228581789 ], [ 101.796503731359934, 12.747417334787011 ], [ 101.796502739608442, 12.747327014226187 ], [ 101.796594752657469, 12.747326040704783 ], [ 101.79659376088108, 12.747235720150389 ], [ 101.796685773889976, 12.747234746604169 ], [ 101.796683790294949, 12.74705410550755 ], [ 101.796867816159804, 12.747052158347808 ], [ 101.79686583246513, 12.746871517276913 ], [ 101.797049858169402, 12.746869570017932 ], [ 101.797047874375082, 12.746688928972763 ], [ 101.797139887150763, 12.746687955309623 ], [ 101.797138895232493, 12.746597634793122 ] ], [ [ 101.796049615530848, 12.747964125514722 ], [ 101.796048623896326, 12.747873804922438 ], [ 101.795956610606424, 12.747874778294968 ], [ 101.795954627425274, 12.74769413709409 ], [ 101.795770600952778, 12.747696083714867 ], [ 101.795768617932168, 12.747515442482735 ], [ 101.795676604749559, 12.747516415730983 ], [ 101.795675613283208, 12.747426095106762 ], [ 101.79549158696021, 12.747428041493217 ], [ 101.795490595566534, 12.747337720854068 ], [ 101.795214556122531, 12.747340640172892 ], [ 101.795213564834043, 12.747250319511691 ], [ 101.795121551703346, 12.747251292546979 ], [ 101.79512056045499, 12.747160971877969 ], [ 101.795028547349219, 12.747161944874206 ], [ 101.795030529788491, 12.747342586225773 ], [ 101.794938516610046, 12.747343559204314 ], [ 101.794939507808564, 12.747433879886175 ], [ 101.794663468130011, 12.747436798651552 ], [ 101.794666441478469, 12.747707760757052 ], [ 101.794390401438662, 12.747710679299077 ], [ 101.794391392472463, 12.747801000020875 ], [ 101.794299379078112, 12.747801972811466 ], [ 101.794297397083213, 12.74762133135294 ], [ 101.794389410412492, 12.747620358576583 ], [ 101.79438841939394, 12.7475300378534 ], [ 101.794296406097189, 12.747531010622639 ], [ 101.794294424147935, 12.747350369159967 ], [ 101.794202410908625, 12.747351341883041 ], [ 101.794201419977952, 12.747261021143551 ], [ 101.794109406763553, 12.747261993827575 ], [ 101.794110397661711, 12.747352314574179 ], [ 101.794018384407195, 12.747353287233389 ], [ 101.794020366161277, 12.747533928738759 ], [ 101.793928352834087, 12.747534901380261 ], [ 101.79392934369001, 12.747625222139025 ], [ 101.793837330322702, 12.747626194755711 ], [ 101.793840302838504, 12.747897157049197 ], [ 101.79420835665249, 12.747893266305462 ], [ 101.794209347636425, 12.747983587040114 ], [ 101.794117334161825, 12.747984559781065 ], [ 101.794119316087446, 12.748165201262525 ], [ 101.7943033431592, 12.74816325572022 ], [ 101.794304334198486, 12.748253576445679 ], [ 101.794396347755466, 12.748252603619507 ], [ 101.794397338834898, 12.748342924337162 ], [ 101.794489352416818, 12.748341951471938 ], [ 101.794490343536381, 12.748432272181782 ], [ 101.794582357143213, 12.748431299277506 ], [ 101.794583348302922, 12.748521619979542 ], [ 101.795227443565437, 12.748514808705567 ], [ 101.795226452178014, 12.748424488053352 ], [ 101.79541047926233, 12.748422541701885 ], [ 101.795409487817452, 12.748332221063222 ], [ 101.795593514806257, 12.748330274598247 ], [ 101.795592523303938, 12.748239953973131 ], [ 101.795776550197246, 12.748238007394653 ], [ 101.795774567085303, 12.748057366170823 ], [ 101.795866580455467, 12.748056392847921 ], [ 101.795865588878385, 12.747966072242088 ], [ 101.796049615530848, 12.747964125514722 ] ], [ [ 101.797560527639803, 12.751471045212215 ], [ 101.797468513170372, 12.751472019380678 ], [ 101.797467520750871, 12.751381698922208 ], [ 101.797375506306366, 12.751382673051602 ], [ 101.797374513927011, 12.751292352585313 ], [ 101.797190485080236, 12.751294300734019 ], [ 101.797189492773583, 12.751203980252793 ], [ 101.797097478371313, 12.75120495427211 ], [ 101.79709648610482, 12.751114633783068 ], [ 101.797004471727462, 12.751115607763316 ], [ 101.797003479501114, 12.751025287266458 ], [ 101.796911465148682, 12.751026261207642 ], [ 101.796910472962495, 12.75093594070297 ], [ 101.796818458634988, 12.750936914605086 ], [ 101.796817466488946, 12.750846594092602 ], [ 101.796725452186365, 12.750847567955651 ], [ 101.796724460080483, 12.750757247435352 ], [ 101.796632445802828, 12.750758221259339 ], [ 101.796631453737078, 12.750667900731221 ], [ 101.796539439484349, 12.750668874516146 ], [ 101.796538447458758, 12.750578553980217 ], [ 101.79644643323094, 12.750579527726078 ], [ 101.79644544124551, 12.750489207182337 ], [ 101.796353427042618, 12.750490180889132 ], [ 101.796352435097333, 12.750399860337577 ], [ 101.79616840673377, 12.750401807641099 ], [ 101.796167414861173, 12.750311487074608 ], [ 101.795983386532242, 12.750313434236128 ], [ 101.79598239473232, 12.750223113654709 ], [ 101.795798366438021, 12.750225060674222 ], [ 101.795797374710787, 12.750134740077867 ], [ 101.795613346451105, 12.750136686955381 ], [ 101.79561235479656, 12.750046366344094 ], [ 101.795336312447546, 12.750049286399449 ], [ 101.795335320898218, 12.749958965766112 ], [ 101.794415179565561, 12.749968697136664 ], [ 101.794416170789546, 12.750059017841179 ], [ 101.794048113913306, 12.750062909523542 ], [ 101.794047122819464, 12.749972588790561 ], [ 101.793771080180008, 12.749975507195613 ], [ 101.793770089191383, 12.749885186440594 ], [ 101.793586060792109, 12.749887131870029 ], [ 101.793587051715676, 12.749977452639277 ], [ 101.79367906595165, 12.749976479933412 ], [ 101.793681047886651, 12.750157121455603 ], [ 101.793865076465906, 12.750155175919598 ], [ 101.793866067509896, 12.750245496665423 ], [ 101.793958081820648, 12.750244523842392 ], [ 101.793959072904769, 12.750334844580411 ], [ 101.794511158804781, 12.75032900692878 ], [ 101.794510167525445, 12.750238686233459 ], [ 101.794786210275134, 12.750235766997788 ], [ 101.794785218905787, 12.750145446323126 ], [ 101.795245289840409, 12.750140580327114 ], [ 101.795246281372428, 12.750230900966187 ], [ 101.795338295569053, 12.750229927664044 ], [ 101.795337304004491, 12.750139607032093 ], [ 101.795429318160984, 12.750138633705127 ], [ 101.795430309758061, 12.750228954329963 ], [ 101.795614338113268, 12.750227007565973 ], [ 101.795615329783047, 12.750317328175875 ], [ 101.795707343981761, 12.750316354738851 ], [ 101.795708335691671, 12.750406675340946 ], [ 101.795892364131362, 12.750404728356832 ], [ 101.795893355913961, 12.750495048943993 ], [ 101.796077384388269, 12.750493101817872 ], [ 101.796078376243557, 12.750583422390097 ], [ 101.796170390501814, 12.750582448772008 ], [ 101.796171382397247, 12.75067276933642 ], [ 101.796263396680445, 12.750671795679265 ], [ 101.796264388616038, 12.750762116235865 ], [ 101.796356402924147, 12.750761142539647 ], [ 101.7963573948999, 12.750851463088436 ], [ 101.796449409232935, 12.750850489353153 ], [ 101.796451393272335, 12.751031130434411 ], [ 101.796543407662824, 12.751030156652945 ], [ 101.796544399726486, 12.751120477185413 ], [ 101.796728428549727, 12.751118529512404 ], [ 101.796729420686077, 12.751208850029938 ], [ 101.796913449543922, 12.751206902214909 ], [ 101.796914441752961, 12.751297222717506 ], [ 101.797006456202993, 12.751296248754954 ], [ 101.797007448452192, 12.751386569249737 ], [ 101.797099462927164, 12.751385595248118 ], [ 101.797100455216508, 12.751475915735083 ], [ 101.797192469716393, 12.751474941694399 ], [ 101.797193462045897, 12.751565262173552 ], [ 101.797285476570707, 12.751564288093796 ], [ 101.797286468940371, 12.751654608565131 ], [ 101.797378483490107, 12.75165363444631 ], [ 101.797379475899916, 12.751743954909832 ], [ 101.797471490474578, 12.751742980751942 ], [ 101.797472482924533, 12.751833301207643 ], [ 101.797564497524135, 12.751832327010684 ], [ 101.79756549001425, 12.751922647458571 ], [ 101.797657504638764, 12.751921673222544 ], [ 101.797658497169053, 12.752011993662615 ], [ 101.797842526460286, 12.752010045080471 ], [ 101.797843519063264, 12.752100365505603 ], [ 101.798119563040615, 12.752097442371424 ], [ 101.798118570340009, 12.752007121967674 ], [ 101.797934541094477, 12.752009070741485 ], [ 101.797933548466574, 12.751918750322789 ], [ 101.797841533864926, 12.751919724654652 ], [ 101.797839548697056, 12.751739083800935 ], [ 101.797747534152847, 12.751740058086606 ], [ 101.797746541612881, 12.751649737651583 ], [ 101.797654527093613, 12.751650711898183 ], [ 101.797653534593806, 12.751560391455344 ], [ 101.797561520099464, 12.751561365662871 ], [ 101.797560527639803, 12.751471045212215 ] ], [ [ 101.797013402107268, 12.7519284922039 ], [ 101.797012409812396, 12.751838171713269 ], [ 101.79692039516712, 12.751839145718556 ], [ 101.79691940291238, 12.751748825220114 ], [ 101.79682738829203, 12.751749799186339 ], [ 101.796826396077449, 12.751659478680075 ], [ 101.796734381482025, 12.751660452607231 ], [ 101.796733389307605, 12.751570132093155 ], [ 101.796641374737106, 12.751571105981242 ], [ 101.796640382602831, 12.751480785459353 ], [ 101.796548368057259, 12.751481759308378 ], [ 101.796547375963144, 12.751391438778676 ], [ 101.796455361442483, 12.751392412588631 ], [ 101.796454369388528, 12.751302092051116 ], [ 101.796270340389455, 12.751304039560953 ], [ 101.796269348408188, 12.751213719008501 ], [ 101.796177333929776, 12.751214692708384 ], [ 101.796176341988641, 12.751124372148121 ], [ 101.795808284129009, 12.751128266599737 ], [ 101.795809275939973, 12.751218587188484 ], [ 101.795625246899391, 12.751220534236873 ], [ 101.795626238652886, 12.75131085483917 ], [ 101.795718253209529, 12.751309881323827 ], [ 101.79571924500317, 12.751400201918313 ], [ 101.795627230413999, 12.751401175440778 ], [ 101.795628222182728, 12.751491496041689 ], [ 101.795536207553411, 12.751492469539325 ], [ 101.7955371992972, 12.751582790146664 ], [ 101.79562921395906, 12.751581816641908 ], [ 101.795631197534561, 12.751762457840275 ], [ 101.795723212253904, 12.751761484289334 ], [ 101.795724204085602, 12.751851804880356 ], [ 101.795816218829856, 12.751850831290351 ], [ 101.795817210701728, 12.751941151873561 ], [ 101.795909225470908, 12.751940178244492 ], [ 101.795911209302545, 12.752120819394605 ], [ 101.79609523894824, 12.752118872012142 ], [ 101.796096230940563, 12.75220919257192 ], [ 101.796188245784535, 12.752208218825647 ], [ 101.796187253759669, 12.752117898272992 ], [ 101.796647327702601, 12.752113029098057 ], [ 101.796648319890167, 12.752203349615103 ], [ 101.796924364262182, 12.752200427705425 ], [ 101.796925356554979, 12.752290748200414 ], [ 101.797293415741223, 12.752286851845112 ], [ 101.797294408171808, 12.752377172310915 ], [ 101.797478437784306, 12.752375223927341 ], [ 101.797477445288649, 12.752284903475784 ], [ 101.797385430518744, 12.752285877676423 ], [ 101.797384438063233, 12.752195557217053 ], [ 101.797292423318254, 12.752196531378623 ], [ 101.797291430902902, 12.752106210911435 ], [ 101.797199416182835, 12.75210718503393 ], [ 101.797198423807643, 12.752016864558929 ], [ 101.797106409112516, 12.752017838642358 ], [ 101.79710541677747, 12.75192751815954 ], [ 101.797013402107268, 12.7519284922039 ] ], [ [ 101.795378956268706, 12.753933072978628 ], [ 101.795376972523115, 12.753752431770749 ], [ 101.795468987981224, 12.753751458159016 ], [ 101.795467996087297, 12.753661137561156 ], [ 101.795191949787778, 12.753664058279147 ], [ 101.795193933387978, 12.753844699516886 ], [ 101.79510191787449, 12.753845673039889 ], [ 101.795102909653465, 12.753935993664838 ], [ 101.795010894099818, 12.753936967163007 ], [ 101.795012877615491, 12.754117608425071 ], [ 101.794920861989155, 12.754118581905525 ], [ 101.794921853725839, 12.754208902542638 ], [ 101.794829838059357, 12.75420987599826 ], [ 101.79483182149049, 12.754390517284648 ], [ 101.794647790004475, 12.754392464128507 ], [ 101.794648781666368, 12.7544827847849 ], [ 101.794372734282632, 12.754485704832403 ], [ 101.794373725854484, 12.754576025509451 ], [ 101.79400566243946, 12.754579918487265 ], [ 101.794006653888744, 12.754670239192084 ], [ 101.793822622070493, 12.754672185503512 ], [ 101.79382361346228, 12.754762506221869 ], [ 101.793731597509193, 12.754763479336768 ], [ 101.793733580250475, 12.75494412078565 ], [ 101.793825596268661, 12.754943147656521 ], [ 101.793824604861669, 12.754852826939542 ], [ 101.794284684675731, 12.754847960850181 ], [ 101.794285676245465, 12.754938281531581 ], [ 101.794377692218006, 12.754937308210732 ], [ 101.794378683827901, 12.755027628884326 ], [ 101.794470699825382, 12.755026655524405 ], [ 101.794471691475437, 12.755116976190189 ], [ 101.795115803472555, 12.755110161726254 ], [ 101.79511877915192, 12.755381123569977 ], [ 101.795210795218722, 12.755380149925962 ], [ 101.795211787159616, 12.755470470532034 ], [ 101.795303803251358, 12.755469496848942 ], [ 101.795304795232411, 12.755559817447201 ], [ 101.795396811349079, 12.755558843725039 ], [ 101.795400779479621, 12.755920126082691 ], [ 101.7954927957189, 12.755919152300097 ], [ 101.795485851342519, 12.755286908216776 ], [ 101.795393835331097, 12.755287881949537 ], [ 101.795391851357167, 12.75510724076241 ], [ 101.795299835403242, 12.755108214448978 ], [ 101.795295867676913, 12.754746932037943 ], [ 101.795203851845557, 12.754747905664084 ], [ 101.795200876228378, 12.754476943827187 ], [ 101.795292891962077, 12.754475970222405 ], [ 101.795286940737896, 12.753934046572647 ], [ 101.795378956268706, 12.753933072978628 ] ], [ [ 101.79302718878921, 12.757661527776897 ], [ 101.793028180139018, 12.757751848536458 ], [ 101.792936163043237, 12.757752821598512 ], [ 101.79293814570056, 12.75793346312979 ], [ 101.793030162861442, 12.757932490053506 ], [ 101.793032145614319, 12.758113131567786 ], [ 101.793124162832726, 12.758112158445314 ], [ 101.793125154253119, 12.758202479194308 ], [ 101.79321717149648, 12.75820150603276 ], [ 101.793220145900975, 12.758472468254231 ], [ 101.793404180560216, 12.758470521792571 ], [ 101.79340517210872, 12.758560842517452 ], [ 101.793497189459487, 12.758559869231563 ], [ 101.793498181048164, 12.758650189948638 ], [ 101.793682215791989, 12.758648243266741 ], [ 101.793683207453384, 12.758738563968896 ], [ 101.793775224846442, 12.758737590572887 ], [ 101.793776216547997, 12.758827911267232 ], [ 101.793868233966023, 12.758826937832147 ], [ 101.793849392318762, 12.757110844656472 ], [ 101.79375737551932, 12.757111817956366 ], [ 101.793759358656175, 12.757292459369271 ], [ 101.793575324904268, 12.757294405901643 ], [ 101.793576316418992, 12.757384726621284 ], [ 101.79348429949907, 12.757385699846647 ], [ 101.793486282486242, 12.757566341298093 ], [ 101.793302248493362, 12.757568287681393 ], [ 101.793303239933238, 12.757658608420305 ], [ 101.79302718878921, 12.757661527776897 ] ], [ [ 101.801813016216585, 12.728120662593437 ], [ 101.801810040003787, 12.727849701750356 ], [ 101.801718034391882, 12.727850675621719 ], [ 101.801715058345138, 12.727579714751018 ], [ 101.801623052823047, 12.727580688569097 ], [ 101.801621068894931, 12.727400047970908 ], [ 101.801529063430166, 12.727401021742834 ], [ 101.801528071510035, 12.727310701435568 ], [ 101.801252055167367, 12.727313622538663 ], [ 101.801253046990084, 12.727403942867328 ], [ 101.801161041494822, 12.727404916511732 ], [ 101.801163025098191, 12.727585557181259 ], [ 101.800610991576775, 12.72759139846376 ], [ 101.800621899797179, 12.728584922567519 ], [ 101.800989923604135, 12.728581028192892 ], [ 101.800988931779713, 12.728490707851805 ], [ 101.801080937679927, 12.728489734185569 ], [ 101.801079945830665, 12.728399413850926 ], [ 101.801171951690762, 12.728398440159941 ], [ 101.801170959816645, 12.728308119831736 ], [ 101.801538983050932, 12.728304224777494 ], [ 101.801537991054559, 12.728213904477137 ], [ 101.801722002560993, 12.728211956772983 ], [ 101.801721010507279, 12.728121636486202 ], [ 101.801813016216585, 12.728120662593437 ] ], [ [ 101.809207117954088, 12.756134979662075 ], [ 101.809206120996862, 12.756044660146989 ], [ 101.809482166551035, 12.756041724259399 ], [ 101.809481169503812, 12.755951404765083 ], [ 101.809757214891462, 12.755948468611368 ], [ 101.809756217754256, 12.755858149137831 ], [ 101.809940247909338, 12.75585619155656 ], [ 101.809939250714663, 12.755765872096642 ], [ 101.81012328077405, 12.755763914401868 ], [ 101.810122283521949, 12.755673594955573 ], [ 101.810582358373765, 12.755668700195246 ], [ 101.810581360966538, 12.755578380784037 ], [ 101.810673375881407, 12.755577401743272 ], [ 101.810672378449297, 12.755487082338531 ], [ 101.81076439332395, 12.75548610327297 ], [ 101.810762398417609, 12.755305464475729 ], [ 101.810854413219502, 12.75530448539253 ], [ 101.810853415745271, 12.755214166000027 ], [ 101.810945430506962, 12.755213186892037 ], [ 101.810944433007833, 12.755122867506 ], [ 101.811036447729336, 12.755121888373214 ], [ 101.811035450205296, 12.755031568993644 ], [ 101.81112746488661, 12.755030589836068 ], [ 101.811125469796409, 12.75484995108917 ], [ 101.811217484404963, 12.754848971913958 ], [ 101.811215489280301, 12.754668333178609 ], [ 101.811307503816096, 12.754667353985766 ], [ 101.811305508656957, 12.754486715261963 ], [ 101.811397523120021, 12.754485736051489 ], [ 101.811395527926408, 12.754305097339236 ], [ 101.811487542316712, 12.754304118111131 ], [ 101.811467591413702, 12.752497730979419 ], [ 101.811375577674241, 12.752498710064325 ], [ 101.811373582817424, 12.752318071321596 ], [ 101.811281569135389, 12.752319050360239 ], [ 101.811278577005211, 12.752048092219473 ], [ 101.811186563413131, 12.75204907120469 ], [ 101.811183571449448, 12.751778113036215 ], [ 101.811091557947336, 12.751779091968015 ], [ 101.81108357997455, 12.751056536764336 ], [ 101.811175593216362, 12.751055557889812 ], [ 101.811174595971664, 12.750965238493396 ], [ 101.811266609173288, 12.750964259594092 ], [ 101.811265611903707, 12.750873940204141 ], [ 101.811357625065142, 12.750872961280052 ], [ 101.811356627770678, 12.750782641896571 ], [ 101.811448640891911, 12.7507816629477 ], [ 101.811447643572563, 12.750691343570686 ], [ 101.811631669727007, 12.750689385591448 ], [ 101.811630672350248, 12.750599066228061 ], [ 101.811906711426886, 12.750596129041133 ], [ 101.811905713960201, 12.750505809698536 ], [ 101.81264181756741, 12.750497975852005 ], [ 101.812642815294382, 12.750588295137309 ], [ 101.812918854118351, 12.750585356896366 ], [ 101.812919851950596, 12.750675676159485 ], [ 101.813379916666719, 12.750670778416628 ], [ 101.813380914669295, 12.750761097643231 ], [ 101.813472927622072, 12.750760117991677 ], [ 101.813473925664852, 12.750850437210426 ], [ 101.813657951612498, 12.750848477797163 ], [ 101.813658949728008, 12.750938797000888 ], [ 101.814027001661515, 12.750934877762411 ], [ 101.814027999914828, 12.75102519693678 ], [ 101.814304038882128, 12.751022257151048 ], [ 101.8143050372407, 12.751112576303223 ], [ 101.814489063245659, 12.751110616272026 ], [ 101.814490061676977, 12.751200935409178 ], [ 101.814674087716369, 12.751198975235882 ], [ 101.814675086220419, 12.751289294358001 ], [ 101.814767099261147, 12.751288314216275 ], [ 101.814768097805384, 12.751378633330532 ], [ 101.81486011087101, 12.751377653149696 ], [ 101.81486110945545, 12.751467972256094 ], [ 101.81495312254593, 12.751466992036146 ], [ 101.814952123928947, 12.751376672936916 ], [ 101.815044136979211, 12.751375692692198 ], [ 101.815045135628736, 12.751466011784258 ], [ 101.815689226993825, 12.751459149126662 ], [ 101.815690225878782, 12.751549468167841 ], [ 101.815782238932812, 12.751548487653247 ], [ 101.815783237857957, 12.751638806686559 ], [ 101.815875250936855, 12.751637826132852 ], [ 101.815876249902217, 12.751728145158303 ], [ 101.816060276102093, 12.75172618394072 ], [ 101.816061275140186, 12.751816502951137 ], [ 101.816245301374479, 12.751814541591438 ], [ 101.816246300485318, 12.751904860586816 ], [ 101.816430326754016, 12.751902899085001 ], [ 101.8164313259376, 12.751993218065344 ], [ 101.816523339092967, 12.751992237259349 ], [ 101.816524338316768, 12.752082556231825 ], [ 101.816616351497018, 12.752081575386716 ], [ 101.816617350761021, 12.752171894351328 ], [ 101.81670936396614, 12.752170913467101 ], [ 101.816710363270346, 12.752261232423846 ], [ 101.816986402937317, 12.752258289557986 ], [ 101.816987402346811, 12.752348608492515 ], [ 101.817079415586335, 12.752347627466168 ], [ 101.817080415036031, 12.752437946392833 ], [ 101.817172428300424, 12.752436965327366 ], [ 101.817173427790337, 12.752527284246163 ], [ 101.817265441079599, 12.752526303141579 ], [ 101.817266440609714, 12.752616622052505 ], [ 101.817450467230316, 12.752614659733151 ], [ 101.817451466833177, 12.752704978629041 ], [ 101.817543480164503, 12.752703997414269 ], [ 101.817544479807594, 12.752794316302285 ], [ 101.817636493163789, 12.752793335048398 ], [ 101.817637492847084, 12.752883653928548 ], [ 101.817729506228162, 12.752882672635536 ], [ 101.817730505951658, 12.75297299150782 ], [ 101.818006546146449, 12.752970047415586 ], [ 101.818007545975249, 12.753060366265647 ], [ 101.818099559390703, 12.753059384830504 ], [ 101.818100559259719, 12.753149703672694 ], [ 101.818192572700056, 12.753148722198427 ], [ 101.818193572609289, 12.753239041032744 ], [ 101.818285586074495, 12.753238059519353 ], [ 101.81828658602393, 12.753328378345802 ], [ 101.818378599514006, 12.753327396793289 ], [ 101.818379599503658, 12.753417715611869 ], [ 101.818471613018602, 12.753416734020233 ], [ 101.818472613048471, 12.753507052830942 ], [ 101.819116707665913, 12.753500180744727 ], [ 101.819115707408244, 12.753409861984265 ], [ 101.818931680478144, 12.753411825582845 ], [ 101.818930680293235, 12.753321506807334 ], [ 101.818838666849217, 12.753322488551527 ], [ 101.818837666704525, 12.753232169768143 ], [ 101.818561626424028, 12.753235114787508 ], [ 101.818560626384638, 12.7531447959819 ], [ 101.818468612975011, 12.753145777583951 ], [ 101.818467612975837, 12.753055458770467 ], [ 101.818375599591064, 12.753056440333394 ], [ 101.818374599632094, 12.752966121512044 ], [ 101.81828258627219, 12.752967103035848 ], [ 101.81828158635345, 12.752876784206626 ], [ 101.818189573018401, 12.752877765691309 ], [ 101.818188573139878, 12.752787446854216 ], [ 101.818096559829698, 12.752788428299775 ], [ 101.818095559991377, 12.752698109454814 ], [ 101.81800354670608, 12.752699090861251 ], [ 101.818001547117532, 12.752518453154899 ], [ 101.817817520654074, 12.752520415843232 ], [ 101.817815521226379, 12.7523397781054 ], [ 101.817723508048218, 12.752340759387298 ], [ 101.817721508716275, 12.752160121632345 ], [ 101.817629495595526, 12.75216110286795 ], [ 101.817628495973608, 12.752070783982251 ], [ 101.817536482877713, 12.752071765178739 ], [ 101.817535483296012, 12.75198144628518 ], [ 101.817443470224987, 12.751982427442545 ], [ 101.817442470683488, 12.751892108541117 ], [ 101.817350457637332, 12.751893089659365 ], [ 101.81734945813605, 12.751802770750068 ], [ 101.817257445114763, 12.751803751829199 ], [ 101.817256445653683, 12.751713432912034 ], [ 101.817164432657265, 12.751714413952048 ], [ 101.817163433236388, 12.751624095027015 ], [ 101.817071420264824, 12.751625076027912 ], [ 101.81706942151115, 12.751444438161423 ], [ 101.816977408597012, 12.751445419116029 ], [ 101.816976409264228, 12.751355100174573 ], [ 101.816884396374945, 12.751356081090062 ], [ 101.816883397082364, 12.751265762140736 ], [ 101.816607358466129, 12.751268704674045 ], [ 101.816605360099175, 12.751088066730276 ], [ 101.816421334446815, 12.751090028230749 ], [ 101.816420335339913, 12.75099970924348 ], [ 101.816236309721944, 12.75100167060185 ], [ 101.816235310687787, 12.750911351599541 ], [ 101.816051285104237, 12.750913312815802 ], [ 101.816050286142811, 12.750822993798462 ], [ 101.815958273372075, 12.750823974351508 ], [ 101.815957274450852, 12.7507336553263 ], [ 101.815865261704971, 12.75073463584024 ], [ 101.815864262823951, 12.750644316807168 ], [ 101.815680237374266, 12.750646277724881 ], [ 101.815679238565977, 12.750555958676776 ], [ 101.815587225862174, 12.750556939080553 ], [ 101.815586227094087, 12.750466620024582 ], [ 101.815402201728546, 12.750468580721977 ], [ 101.815401203033204, 12.750378261650978 ], [ 101.81530919037148, 12.750379241944593 ], [ 101.815308191716312, 12.750288922865732 ], [ 101.815216179079457, 12.750289903120242 ], [ 101.815215180464506, 12.750199584033513 ], [ 101.815123167852505, 12.750200564248917 ], [ 101.815122169277743, 12.750110245154325 ], [ 101.814938144095848, 12.750112205474979 ], [ 101.814937145593817, 12.750021886365356 ], [ 101.814753120446312, 12.750023846543916 ], [ 101.814752122017026, 12.74993352741927 ], [ 101.81447608433588, 12.749936467426068 ], [ 101.814475086011853, 12.749846148279229 ], [ 101.814199048359356, 12.749849087977081 ], [ 101.81419805014059, 12.749758768808041 ], [ 101.814014025065674, 12.749760728432589 ], [ 101.814013026919639, 12.749670409248525 ], [ 101.813829001879157, 12.749672368730989 ], [ 101.813828003805824, 12.749582049531904 ], [ 101.813551966285232, 12.749584988494576 ], [ 101.813550968317173, 12.749494669273295 ], [ 101.813090905792322, 12.749499566869851 ], [ 101.813089907994581, 12.749409247612055 ], [ 101.812077770123835, 12.749420019435227 ], [ 101.812078767563733, 12.749510338771813 ], [ 101.81171071706909, 12.749514254868956 ], [ 101.811711714386519, 12.749604574233492 ], [ 101.811527689028196, 12.749606532104766 ], [ 101.811528686288227, 12.749696851482931 ], [ 101.811436673565041, 12.749697830377817 ], [ 101.811437670800188, 12.749788149762448 ], [ 101.811345658036814, 12.749789128632559 ], [ 101.811346655247078, 12.749879448023659 ], [ 101.811254642443529, 12.749880426868994 ], [ 101.811255639628925, 12.749970746266561 ], [ 101.811163626785188, 12.749971725087113 ], [ 101.8111646239457, 12.750062044491145 ], [ 101.811072611061775, 12.750063023286922 ], [ 101.81107360819739, 12.750153342697418 ], [ 101.81098159527329, 12.750154321468413 ], [ 101.810982592384022, 12.750244640885382 ], [ 101.810890579419734, 12.750245619631595 ], [ 101.810891576505583, 12.750335939055027 ], [ 101.810707550488985, 12.750337896465957 ], [ 101.810714529848781, 12.750970132510812 ], [ 101.810622516601256, 12.750971111218471 ], [ 101.810629496108291, 12.751603347279504 ], [ 101.810721509583573, 12.751602368521738 ], [ 101.810724501013269, 12.75187332680175 ], [ 101.810816514578534, 12.751872347990567 ], [ 101.81082050338874, 12.752233625658919 ], [ 101.810912517076517, 12.752232646787162 ], [ 101.810919498016816, 12.752864882630005 ], [ 101.811011511924704, 12.752863903676189 ], [ 101.811021485672541, 12.753767097606945 ], [ 101.810929471439223, 12.753768076632346 ], [ 101.810930468823543, 12.753858396028773 ], [ 101.810838454550037, 12.753859375029384 ], [ 101.810839451909487, 12.753949694432277 ], [ 101.810931466215536, 12.753948715424505 ], [ 101.810935455860019, 12.754309993000511 ], [ 101.810843441423785, 12.754310972036915 ], [ 101.810844438821491, 12.754401291436343 ], [ 101.810752424345054, 12.75440227044796 ], [ 101.810756413882231, 12.754763548067379 ], [ 101.810664399267964, 12.754764527075674 ], [ 101.810665396638839, 12.754854846485953 ], [ 101.810573381984383, 12.754855825469457 ], [ 101.810574379330362, 12.754946144886206 ], [ 101.810482364635689, 12.754947123844916 ], [ 101.810484359285525, 12.755127762690648 ], [ 101.810300329743029, 12.755129720540843 ], [ 101.810301327014344, 12.755220039976985 ], [ 101.810209312199063, 12.75522101886131 ], [ 101.810210309445466, 12.755311338303921 ], [ 101.810118294589998, 12.755312317163451 ], [ 101.810119291811503, 12.755402636612519 ], [ 101.809659217256652, 12.755407530466675 ], [ 101.809660214323074, 12.75549784995083 ], [ 101.809384169400701, 12.755500785901356 ], [ 101.809385166377126, 12.755591105406289 ], [ 101.809293151355149, 12.755592083999714 ], [ 101.809294148306662, 12.755682403511107 ], [ 101.809110118174686, 12.755684360616403 ], [ 101.80911111506876, 12.755774680141409 ], [ 101.808467009138042, 12.75578152905349 ], [ 101.808468005811903, 12.755871848627878 ], [ 101.80773188402901, 12.755879674095963 ], [ 101.807732880450132, 12.75596999372687 ], [ 101.807640865160323, 12.755970971773737 ], [ 101.807639868771744, 12.75588065213568 ], [ 101.807547853506847, 12.755881630143442 ], [ 101.807548849862869, 12.755971949788652 ], [ 101.807364819244995, 12.755973905722614 ], [ 101.807363822954088, 12.755883586063106 ], [ 101.807087777067622, 12.755886519702946 ], [ 101.807088773260901, 12.7559768393839 ], [ 101.80699675791756, 12.755977817207087 ], [ 101.806995761756852, 12.755887497518982 ], [ 101.806627700437332, 12.755891408463594 ], [ 101.806626704414469, 12.755801088746205 ], [ 101.806534689098029, 12.755802066395322 ], [ 101.806533693115341, 12.755711746670093 ], [ 101.806257647217834, 12.755714679404287 ], [ 101.806256651340448, 12.75562435965692 ], [ 101.80616463605854, 12.755625337163931 ], [ 101.806163640221342, 12.755535017408723 ], [ 101.806071624964346, 12.755535994876631 ], [ 101.806070629167351, 12.755445675113593 ], [ 101.805978613935252, 12.7554466525424 ], [ 101.805977618178446, 12.755356332771521 ], [ 101.805793587756455, 12.755358287518991 ], [ 101.805792592072365, 12.755267967733126 ], [ 101.805700576882472, 12.755268945051785 ], [ 101.805699581238571, 12.755178625258081 ], [ 101.805607566073576, 12.755179602537641 ], [ 101.805606570469863, 12.755089282736099 ], [ 101.80542254018205, 12.755091237185075 ], [ 101.805421544651082, 12.755000917368553 ], [ 101.805329529528265, 12.755001894537967 ], [ 101.805327538554323, 12.754821254888551 ], [ 101.805235523488975, 12.754822232011728 ], [ 101.805234528046, 12.754731912178837 ], [ 101.805142513005563, 12.754732889262916 ], [ 101.805140522207651, 12.754552249580771 ], [ 101.80504850722464, 12.754553226618611 ], [ 101.805046516522381, 12.754372586919409 ], [ 101.804954501596839, 12.75437356391101 ], [ 101.804950520414138, 12.754012284475722 ], [ 101.804858505611136, 12.754013261406801 ], [ 101.804839597280306, 12.752297183802208 ], [ 101.804747583087988, 12.752298160565617 ], [ 101.804746588021587, 12.752207840677626 ], [ 101.804654573854179, 12.752208817401948 ], [ 101.804652583809371, 12.752028177609608 ], [ 101.804560569699404, 12.752029154287696 ], [ 101.804559574720997, 12.751938834383344 ], [ 101.804467560635928, 12.751939811022348 ], [ 101.804466565697695, 12.751849491110161 ], [ 101.804374551637537, 12.751850467710076 ], [ 101.804373556739478, 12.751760147790055 ], [ 101.804189528661325, 12.751762100879777 ], [ 101.804188533835969, 12.751671780944781 ], [ 101.804096519817989, 12.751672757434585 ], [ 101.804095525032807, 12.751582437491754 ], [ 101.803819483030651, 12.751585366748078 ], [ 101.803818488350743, 12.751495046783131 ], [ 101.803542446377492, 12.751497975730548 ], [ 101.803541451802815, 12.75140765574349 ], [ 101.803173395861776, 12.751411560530945 ], [ 101.803172401424888, 12.75132124051464 ], [ 101.802528303462012, 12.751328072612919 ], [ 101.802527309260512, 12.751237752545952 ], [ 101.802159253244028, 12.751241655870821 ], [ 101.802158259180302, 12.751151335774615 ], [ 101.801698189150699, 12.75115621417631 ], [ 101.801697195257319, 12.751065894043736 ], [ 101.801421153245627, 12.751068820680043 ], [ 101.801420159457479, 12.750978500525369 ], [ 101.801236131476628, 12.75098045144226 ], [ 101.801235137761168, 12.750890131272625 ], [ 101.801143123791832, 12.750891106676024 ], [ 101.80114213011656, 12.750800786498566 ], [ 101.800958102220093, 12.75080273719527 ], [ 101.80095710861751, 12.750712417002852 ], [ 101.800773080755604, 12.750714367557523 ], [ 101.80077208722571, 12.750624047350149 ], [ 101.80068007331586, 12.750625022572438 ], [ 101.800679079826139, 12.750534702357237 ], [ 101.800495052048632, 12.750536652691729 ], [ 101.8004940586316, 12.750446332461573 ], [ 101.800310030888681, 12.750448282654038 ], [ 101.800309037544338, 12.750357962408925 ], [ 101.800217023693975, 12.750358937450118 ], [ 101.800216030389805, 12.750268617197179 ], [ 101.800124016564354, 12.750269592199297 ], [ 101.80012302330033, 12.750179271938537 ], [ 101.80003100949979, 12.750180246901582 ], [ 101.80003001627594, 12.750089926633002 ], [ 101.799938002500298, 12.75009090155698 ], [ 101.799937009316608, 12.750000581280577 ], [ 101.799844995565891, 12.750001556165479 ], [ 101.799844002422347, 12.749911235881253 ], [ 101.799751988696542, 12.749912210727087 ], [ 101.799750995593143, 12.749821890435037 ], [ 101.79965898189225, 12.749822865241807 ], [ 101.799657988829026, 12.749732544941939 ], [ 101.799565975153044, 12.749733519709633 ], [ 101.799563989114517, 12.749552879093557 ], [ 101.799471975495976, 12.749553853815053 ], [ 101.799470982520688, 12.749463533498849 ], [ 101.799378968927073, 12.749464508181278 ], [ 101.799376983064406, 12.749283867532538 ], [ 101.79928496952823, 12.749284842168773 ], [ 101.799280998024486, 12.748923560834466 ], [ 101.799188984610822, 12.748924535410247 ], [ 101.799176078488742, 12.747750370904646 ], [ 101.799268091479519, 12.747749396421542 ], [ 101.799257171562843, 12.746755872596232 ], [ 101.799349184188202, 12.746754898159612 ], [ 101.799346206091556, 12.746483937123207 ], [ 101.799438218611726, 12.746482962676044 ], [ 101.799437225895574, 12.746392642336323 ], [ 101.799529238375584, 12.746391667864353 ], [ 101.799527252901086, 12.746211027197093 ], [ 101.799619265308436, 12.746210052707458 ], [ 101.799617279799364, 12.746029412051692 ], [ 101.79970929213404, 12.746028437544384 ], [ 101.799707306590406, 12.74584779690011 ], [ 101.799799318852422, 12.745846822375132 ], [ 101.799798326059516, 12.745756502059088 ], [ 101.799890338281386, 12.745755527509314 ], [ 101.799889345463583, 12.745665207199709 ], [ 101.799981357645294, 12.745664232625137 ], [ 101.799980364802593, 12.745573912321969 ], [ 101.800072376944172, 12.745572937722599 ], [ 101.80007138407656, 12.74548261742587 ], [ 101.800163396177993, 12.745481642801701 ], [ 101.800162403285483, 12.745391322511415 ], [ 101.800254415346771, 12.745390347862452 ], [ 101.800253422429364, 12.745300027578601 ], [ 101.800345434450506, 12.745299052904839 ], [ 101.800343448573543, 12.745118412349333 ], [ 101.80043546052201, 12.745117437657907 ], [ 101.800434467562425, 12.745027117386247 ], [ 101.800526479470747, 12.745026142670026 ], [ 101.800525486486293, 12.744935822404809 ], [ 101.80061749835447, 12.74493484766379 ], [ 101.800616505345104, 12.744844527405013 ], [ 101.800708517173149, 12.744843552639205 ], [ 101.800707524138872, 12.744753232386866 ], [ 101.800799535926771, 12.744752257596261 ], [ 101.800798542867611, 12.744661937350365 ], [ 101.800982566355472, 12.744659987687648 ], [ 101.8009815732389, 12.744569667455325 ], [ 101.801349619993061, 12.744565767775313 ], [ 101.801350613239705, 12.7446560879791 ], [ 101.8014426249417, 12.744655112972152 ], [ 101.801436665381075, 12.744113191781853 ], [ 101.801528676880338, 12.744112216785783 ], [ 101.801527683614395, 12.744021896592114 ], [ 101.801619695073512, 12.744020921571256 ], [ 101.801618701782687, 12.743930601384029 ], [ 101.801710713201643, 12.743929626338382 ], [ 101.801709719885935, 12.743839306157597 ], [ 101.80180173126476, 12.74383833108716 ], [ 101.801800737924168, 12.743748010912819 ], [ 101.801892749262834, 12.743747035817593 ], [ 101.801891755897344, 12.743656715649699 ], [ 101.802075778486767, 12.743654765377752 ], [ 101.80207478506388, 12.743564445223434 ], [ 101.802166796314623, 12.743563470046713 ], [ 101.802165802866853, 12.74347314989884 ], [ 101.80234982528043, 12.743471199463899 ], [ 101.802348831775248, 12.743380879329607 ], [ 101.802440842938083, 12.743379904071388 ], [ 101.802439849408003, 12.743289583943543 ], [ 101.802531860530692, 12.74328860866054 ], [ 101.802530866975744, 12.743198288539142 ], [ 101.802622878058273, 12.743197313231354 ], [ 101.802621884478441, 12.743106993116399 ], [ 101.802713895520839, 12.743106017783827 ], [ 101.802712901916095, 12.743015697675318 ], [ 101.802804912918361, 12.743014722317962 ], [ 101.802803919288735, 12.742924402215898 ], [ 101.802895930250841, 12.742923426833759 ], [ 101.802894936596346, 12.742833106738145 ], [ 101.802986947518306, 12.742832131331223 ], [ 101.802985953838927, 12.742741811242048 ], [ 101.803077964720757, 12.742740835810345 ], [ 101.80307697101648, 12.74265051572762 ], [ 101.80316898185815, 12.742649540271133 ], [ 101.803166994407476, 12.742468900117894 ], [ 101.8032590051765, 12.742467924643762 ], [ 101.803257017691308, 12.742287284502028 ], [ 101.803349028387672, 12.742286309010256 ], [ 101.80334704086799, 12.742105668880033 ], [ 101.803439051491694, 12.742104693370621 ], [ 101.803438057710792, 12.742014373311616 ], [ 101.80353006829435, 12.742013397777422 ], [ 101.803526093117, 12.741652117563028 ], [ 101.803434082663486, 12.741653093068663 ], [ 101.803432095185627, 12.741472452943039 ], [ 101.803340084789511, 12.741473428402481 ], [ 101.803338097407192, 12.741292788259809 ], [ 101.803246087068459, 12.741293763673053 ], [ 101.803238138104533, 12.740571203017605 ], [ 101.803146128018255, 12.740572178341822 ], [ 101.803141160326348, 12.740120577874 ], [ 101.803233170250095, 12.740119602585478 ], [ 101.803228202586425, 12.739668002136058 ], [ 101.803136192825207, 12.739668977388892 ], [ 101.80313420587818, 12.739488337190009 ], [ 101.803042196174331, 12.73948931239665 ], [ 101.803041202744751, 12.739398992289031 ], [ 101.8029491930658, 12.739399967456624 ], [ 101.802948199676365, 12.739309647341175 ], [ 101.802856190022283, 12.739310622469716 ], [ 101.802853209997267, 12.739039662097815 ], [ 101.802761200433068, 12.73904063717303 ], [ 101.802760207139158, 12.73895031704054 ], [ 101.802576188052868, 12.738952267080967 ], [ 101.802575194831604, 12.738861946933513 ], [ 101.802483185309512, 12.738862921898722 ], [ 101.802482192128366, 12.73877260174344 ], [ 101.802390182631171, 12.738773576669603 ], [ 101.802389189490157, 12.738683256506492 ], [ 101.802297180017817, 12.738684231393604 ], [ 101.802296186916948, 12.738593911222669 ], [ 101.802204177469477, 12.738594886070736 ], [ 101.802203184408754, 12.738504565891969 ], [ 101.802111174986166, 12.738505540700993 ], [ 101.802110181965546, 12.738415220514399 ], [ 101.802018172567827, 12.738416195284376 ], [ 101.802017179587352, 12.738325875089958 ], [ 101.801925170214517, 12.738326849820886 ], [ 101.801924177274174, 12.738236529618641 ], [ 101.801832167926207, 12.738237504310529 ], [ 101.801831175025981, 12.738147184100454 ], [ 101.801739165702898, 12.738148158753301 ], [ 101.801738172842803, 12.738057838535397 ], [ 101.801554154238744, 12.738059787731087 ], [ 101.801552168671449, 12.737879147264675 ], [ 101.801460159422987, 12.737880121800394 ], [ 101.801459166683273, 12.737789801559014 ], [ 101.80136715745968, 12.737790776055686 ], [ 101.801366164760097, 12.737700455806481 ], [ 101.801274155561387, 12.737701430264112 ], [ 101.801273162901936, 12.737611110007084 ], [ 101.801089144546623, 12.737613058812354 ], [ 101.801088151959803, 12.73752273854037 ], [ 101.800904133638994, 12.737524687203742 ], [ 101.800903141124792, 12.7374343669168 ], [ 101.800811131985455, 12.737435341193491 ], [ 101.80081013951137, 12.737345020898722 ], [ 101.800626121274817, 12.737346969342122 ], [ 101.800625128873364, 12.7372566490324 ], [ 101.800441110671329, 12.737258597333907 ], [ 101.800440118342479, 12.737168277009232 ], [ 101.800256100174934, 12.737170225168853 ], [ 101.80025510791873, 12.737079904829221 ], [ 101.800163098856032, 12.737080878854041 ], [ 101.800162106639917, 12.736990558506584 ], [ 101.799978088556657, 12.736992506446242 ], [ 101.799977096413173, 12.736902186083837 ], [ 101.79988508739261, 12.736903159998674 ], [ 101.799884095289244, 12.736812839628447 ], [ 101.799608068279298, 12.736815761160141 ], [ 101.799607076281063, 12.736725440767835 ], [ 101.799515067295005, 12.73672641454079 ], [ 101.799514075336887, 12.73663609414066 ], [ 101.799330057406905, 12.736638041576603 ], [ 101.799329065521391, 12.736547721161523 ], [ 101.798961029699981, 12.736551615622032 ], [ 101.798960037952085, 12.736461295177751 ], [ 101.79739588490375, 12.736477840818713 ], [ 101.797394893715932, 12.736387520252599 ], [ 101.796842839368381, 12.736393357646406 ], [ 101.796841848383153, 12.736303037036864 ], [ 101.796565821204084, 12.736305955281686 ], [ 101.796566812091825, 12.736396275912593 ], [ 101.795922748180104, 12.736403084083697 ], [ 101.795921757519849, 12.736312763402941 ], [ 101.79564573011244, 12.736315680690627 ], [ 101.795644739557289, 12.73622535998782 ], [ 101.795460721312637, 12.736227304672511 ], [ 101.795459730830075, 12.736136983954777 ], [ 101.795275712619983, 12.736138928497615 ], [ 101.795274722210038, 12.736048607764952 ], [ 101.795090704034479, 12.736050552165933 ], [ 101.7950887233674, 12.735869910670063 ], [ 101.794996714333209, 12.735870882808463 ], [ 101.79499473376157, 12.735690241295591 ], [ 101.794902724784748, 12.735691213387852 ], [ 101.794898763862733, 12.735329930325348 ], [ 101.794990772709568, 12.73532895826156 ], [ 101.794988792229205, 12.735148316740402 ], [ 101.795080801003436, 12.735147344658943 ], [ 101.795078820488541, 12.734966703149256 ], [ 101.79517082919017, 12.734965731050133 ], [ 101.795168848640714, 12.73478508955192 ], [ 101.795260857269753, 12.734784117435131 ], [ 101.795259866973936, 12.734693796692106 ], [ 101.795351875562886, 12.734692824550535 ], [ 101.795350885242186, 12.734602503813935 ], [ 101.795442893791019, 12.734601531647586 ], [ 101.79544091310747, 12.734420890186557 ], [ 101.795532921583714, 12.734419918002542 ], [ 101.795531931220864, 12.73432959727811 ], [ 101.795623939657006, 12.734328625069315 ], [ 101.795622949269273, 12.734238304351312 ], [ 101.795806966053746, 12.734236359852263 ], [ 101.795805975608644, 12.734146039147809 ], [ 101.795989992297692, 12.734144094535399 ], [ 101.795989001795206, 12.734053773844492 ], [ 101.796173018388828, 12.73405182911873 ], [ 101.796172027828987, 12.733961508441377 ], [ 101.796264036081894, 12.733960536037767 ], [ 101.796263045497156, 12.733870215366842 ], [ 101.796447061915146, 12.733868270478169 ], [ 101.796446071273053, 12.733777949820794 ], [ 101.796630087595616, 12.733776004818777 ], [ 101.796629096896154, 12.733685684174951 ], [ 101.796813113123278, 12.733683739059583 ], [ 101.796812122366447, 12.733593418429315 ], [ 101.797088146552596, 12.733590500538398 ], [ 101.797087155705896, 12.733500179928804 ], [ 101.797363179726048, 12.733497261772177 ], [ 101.797362188789506, 12.733406941183267 ], [ 101.797546204699884, 12.733404995600276 ], [ 101.797545213705973, 12.73331467502492 ], [ 101.797821237416969, 12.733311756432579 ], [ 101.797820246333217, 12.733221435877907 ], [ 101.797912254189157, 12.733220462957126 ], [ 101.797911263080536, 12.733130142408889 ], [ 101.798095278704594, 12.733128196485886 ], [ 101.798094287538603, 12.733037875951206 ], [ 101.798186295306721, 12.73303690294899 ], [ 101.798185304115862, 12.732946582420743 ], [ 101.798369319564273, 12.732944636334867 ], [ 101.798368328316059, 12.732854315820186 ], [ 101.79855234366903, 12.732852369620979 ], [ 101.798551352363447, 12.732762049119861 ], [ 101.798643359996021, 12.732761075979543 ], [ 101.798642368665583, 12.732670755484856 ], [ 101.798734376258039, 12.732669782319769 ], [ 101.798733384902718, 12.73257946183152 ], [ 101.798917399999837, 12.732577515419914 ], [ 101.798915417182101, 12.732396874469854 ], [ 101.799191439575708, 12.732393954656004 ], [ 101.799189456593538, 12.73221331374595 ], [ 101.799281463977863, 12.732212340425134 ], [ 101.799280472465711, 12.732122019976197 ], [ 101.799372479809946, 12.732121046630619 ], [ 101.799371488272925, 12.732030726188119 ], [ 101.799463495577058, 12.732029752817775 ], [ 101.799461512460923, 12.731849111944964 ], [ 101.799553519692452, 12.731848138556984 ], [ 101.799552528113324, 12.731757818126672 ], [ 101.799644535304751, 12.731756844713928 ], [ 101.799643543700768, 12.731666524290054 ], [ 101.799735550852077, 12.731665550852549 ], [ 101.799734559223239, 12.731575230435114 ], [ 101.79982656633446, 12.731574256972843 ], [ 101.799823591396176, 12.731303295737781 ], [ 101.799915598402322, 12.731302322265011 ], [ 101.799909648536641, 12.730760399819014 ], [ 101.800001655340267, 12.730759426357132 ], [ 101.799994713949701, 12.730127183521947 ], [ 101.79990270737342, 12.730128156933915 ], [ 101.79989874116211, 12.729766875270093 ], [ 101.799990747608462, 12.729765901886644 ], [ 101.799988764483558, 12.729585261064848 ], [ 101.799896758102165, 12.729586234434036 ], [ 101.799890809105264, 12.729044311909288 ], [ 101.799982815291798, 12.729043338582882 ], [ 101.799979840798784, 12.72877237733257 ], [ 101.799887834709679, 12.728773350637587 ], [ 101.799882877536135, 12.728321748504273 ], [ 101.799974883462852, 12.728320775234909 ], [ 101.799968934911234, 12.72777885269492 ], [ 101.80006094063549, 12.72777787943645 ], [ 101.800058957780962, 12.727597238598523 ], [ 101.800150963432657, 12.727596265322434 ], [ 101.800149971984354, 12.727505944909563 ], [ 101.800241977595945, 12.727504971608724 ], [ 101.800240986122802, 12.727414651202297 ], [ 101.80033299169429, 12.727413677876704 ], [ 101.800332000196292, 12.727323357476715 ], [ 101.800516011251489, 12.727321410744153 ], [ 101.800515019696164, 12.727231090357735 ], [ 101.800607025179858, 12.727230116950764 ], [ 101.800600084278685, 12.726597874276429 ], [ 101.800692089527473, 12.7265969008875 ], [ 101.800690106416511, 12.726416260131449 ], [ 101.800782111592724, 12.726415286724906 ], [ 101.800780128447315, 12.726234645980362 ], [ 101.800872133550968, 12.726233672556203 ], [ 101.800870150371125, 12.726053031823156 ], [ 101.800962155402217, 12.726052058381386 ], [ 101.800960172187928, 12.725871417659842 ], [ 101.80105217714646, 12.725870444200462 ], [ 101.801050193897709, 12.725689803490424 ], [ 101.800866184102887, 12.725691750348782 ], [ 101.800864201014519, 12.725511109607449 ], [ 101.800680191319074, 12.725513056309769 ], [ 101.800678208391062, 12.725332415537148 ], [ 101.800494198794993, 12.725334362083441 ], [ 101.800492216027337, 12.725153721279529 ], [ 101.800308206530659, 12.725155667669791 ], [ 101.800306223923329, 12.724975026834596 ], [ 101.799938205098229, 12.724978919175571 ], [ 101.799936222781128, 12.724798278280566 ], [ 101.79975221345272, 12.724800224231288 ], [ 101.799750231295945, 12.724619583305001 ], [ 101.799382212807402, 12.724623474766915 ], [ 101.799380230940827, 12.724442833780834 ], [ 101.799196221780704, 12.724444779292032 ], [ 101.79919424007447, 12.724264138274675 ], [ 101.799010231013739, 12.724266083629871 ], [ 101.799009240236956, 12.724175763105899 ], [ 101.798917235727615, 12.724176735728559 ], [ 101.798916244990949, 12.724086415196773 ], [ 101.798732236014345, 12.724088360332217 ], [ 101.798741152334387, 12.724901245221735 ], [ 101.798649147542491, 12.724902217805791 ], [ 101.798658064187308, 12.725715102703523 ], [ 101.798566059095592, 12.725716075319841 ], [ 101.798570022117019, 12.726077357507165 ], [ 101.798662027338608, 12.726076384862342 ], [ 101.798668963146625, 12.726708628613686 ], [ 101.798576957697748, 12.726709601308398 ], [ 101.798581911912478, 12.727161204002849 ], [ 101.798489906293639, 12.727162176701315 ], [ 101.798491887967913, 12.727342817788516 ], [ 101.79858389365171, 12.727341845075797 ], [ 101.79858488453273, 12.727432165611233 ], [ 101.798492878816461, 12.727433138331079 ], [ 101.798504769593293, 12.728516984787978 ], [ 101.798596775699252, 12.728516011982613 ], [ 101.798599748662255, 12.728786973559918 ], [ 101.798507742458881, 12.728787946386664 ], [ 101.798510715393022, 12.729058907979134 ], [ 101.798418709084586, 12.729059880795374 ], [ 101.798421681989851, 12.729330842403005 ], [ 101.798513688395701, 12.729329869565388 ], [ 101.798515670435577, 12.729510510619436 ], [ 101.798607676898783, 12.729509537735678 ], [ 101.798609659034085, 12.729690178772712 ], [ 101.798701665554617, 12.729689205842813 ], [ 101.798705630046541, 12.730050487880085 ], [ 101.798797636689386, 12.730049514889791 ], [ 101.79880358385067, 12.730591437882214 ], [ 101.798711577012952, 12.730592410915269 ], [ 101.798716533027786, 12.731044013425596 ], [ 101.798624526020035, 12.731044986462397 ], [ 101.798627499622896, 12.731315947981679 ], [ 101.798535492510084, 12.731316921007972 ], [ 101.798537474885109, 12.731497562031628 ], [ 101.798445467699707, 12.731498535040281 ], [ 101.798447450040257, 12.731679176075428 ], [ 101.798355442782267, 12.731680149066442 ], [ 101.798356433931474, 12.731770469590106 ], [ 101.798264426633395, 12.731771442556353 ], [ 101.798265417757733, 12.731861763086449 ], [ 101.798173410419551, 12.731862736027928 ], [ 101.79817440151902, 12.731953056564464 ], [ 101.798082394140721, 12.731954029481175 ], [ 101.798083385215335, 12.732044350024143 ], [ 101.797991377796947, 12.732045322916088 ], [ 101.797992368846678, 12.73213564346549 ], [ 101.797808353922093, 12.732137589167948 ], [ 101.797809344914469, 12.732227909730911 ], [ 101.79762532989443, 12.732229855320043 ], [ 101.797626320829465, 12.732320175896563 ], [ 101.797442305714, 12.732322121372372 ], [ 101.797443296591666, 12.732412441962447 ], [ 101.797259281380789, 12.732414387324924 ], [ 101.797260272201086, 12.732504707928557 ], [ 101.796984249230192, 12.732507625754431 ], [ 101.796985239960662, 12.732597946378744 ], [ 101.7968012245437, 12.732599891450764 ], [ 101.796802215216786, 12.732690212088633 ], [ 101.796618199704398, 12.732692157047316 ], [ 101.796619190320143, 12.732782477698736 ], [ 101.796435174712329, 12.732784422544082 ], [ 101.796436165270705, 12.732874743209054 ], [ 101.796252149567465, 12.732876687941062 ], [ 101.796253140068472, 12.732967008619585 ], [ 101.796069124269806, 12.732968953238249 ], [ 101.796070114713459, 12.733059273930326 ], [ 101.795886098819381, 12.733061218435646 ], [ 101.79588708920565, 12.733151539141272 ], [ 101.79579508121472, 12.733152511353207 ], [ 101.79579607157612, 12.733242832065258 ], [ 101.795612055506425, 12.73324477640768 ], [ 101.795613045810455, 12.733335097133281 ], [ 101.795521037731703, 12.733336069263766 ], [ 101.795522028010865, 12.733426389995794 ], [ 101.795430019892009, 12.733427362101503 ], [ 101.795431010146274, 12.733517682839961 ], [ 101.79533900198733, 12.733518654920889 ], [ 101.795339992216725, 12.733608975665774 ], [ 101.795247984017678, 12.733609947721925 ], [ 101.79524897422219, 12.733700268473235 ], [ 101.79515696598304, 12.733701240504603 ], [ 101.795157956162669, 12.733791561262349 ], [ 101.794973939596574, 12.733793505243627 ], [ 101.794974929718833, 12.733883826014916 ], [ 101.794882921391888, 12.733884797964825 ], [ 101.79488490159423, 12.734065439519558 ], [ 101.794792893194696, 12.734066411451803 ], [ 101.794795863457807, 12.734337373800079 ], [ 101.794703854953184, 12.734338345721779 ], [ 101.794705835101638, 12.734518987298074 ], [ 101.79461382652444, 12.734519959202107 ], [ 101.794616796706677, 12.734790921582727 ], [ 101.794524788024404, 12.734791893476208 ], [ 101.794527758177637, 12.735062855871957 ], [ 101.79443574939026, 12.735063827754885 ], [ 101.794439709571094, 12.735425110968016 ], [ 101.794347700646128, 12.735426082847507 ], [ 101.794352650880839, 12.73587768688396 ], [ 101.794444659968278, 12.735876714968885 ], [ 101.794445650070543, 12.735967035766985 ], [ 101.794537659182879, 12.735966063812892 ], [ 101.794541619797968, 12.736327346969922 ], [ 101.794633629032688, 12.736326374955457 ], [ 101.794635609450864, 12.736507016515594 ], [ 101.794727618742982, 12.736506044454993 ], [ 101.794728608995968, 12.736596365226909 ], [ 101.794820618312968, 12.736595393127283 ], [ 101.794823589215113, 12.736866355417533 ], [ 101.794915598621998, 12.736865383264648 ], [ 101.79492055044021, 12.737316987032324 ], [ 101.795012560001979, 12.737316014811947 ], [ 101.795011569590628, 12.737225694066913 ], [ 101.795103579112293, 12.737224721821743 ], [ 101.795102588676045, 12.737134401083134 ], [ 101.795194598157607, 12.737133428813177 ], [ 101.795193607696447, 12.737043108080995 ], [ 101.795561645416583, 12.737039218710569 ], [ 101.79556263600773, 12.73712953941428 ], [ 101.795930673736109, 12.73712564950487 ], [ 101.79593166446486, 12.737215970179406 ], [ 101.796115683348376, 12.737214025019021 ], [ 101.796116674149744, 12.737304345678625 ], [ 101.796208683612591, 12.737303373043451 ], [ 101.796209674454062, 12.737393693695246 ], [ 101.798049862762213, 12.737374234148792 ], [ 101.798048871270737, 12.737283913639462 ], [ 101.798232889869027, 12.737281966997108 ], [ 101.798230906778926, 12.737101326004879 ], [ 101.798690952816344, 12.737096458911886 ], [ 101.798691944520073, 12.737186779372715 ], [ 101.799059981342864, 12.737182885095496 ], [ 101.799058989509135, 12.737092564663177 ], [ 101.799427026080025, 12.737088669903967 ], [ 101.799428018043756, 12.737178990307772 ], [ 101.799612036348478, 12.737177042722466 ], [ 101.799613028384826, 12.737267363111318 ], [ 101.799797046724066, 12.737265415384128 ], [ 101.799798038833032, 12.737355735758031 ], [ 101.799890048023713, 12.737354761839446 ], [ 101.799891040172795, 12.737445082205531 ], [ 101.799983049388359, 12.737444108247908 ], [ 101.799984041577574, 12.737534428606169 ], [ 101.800168060050851, 12.737532480580944 ], [ 101.800169052312683, 12.737622800924248 ], [ 101.800261061570382, 12.737621826856643 ], [ 101.800262053872331, 12.737712147192127 ], [ 101.800354063154899, 12.737711173085481 ], [ 101.800355055496979, 12.737801493413146 ], [ 101.800539074104279, 12.737799545089873 ], [ 101.800541058941306, 12.737980185714596 ], [ 101.800633068298524, 12.737979211490833 ], [ 101.80063406076097, 12.738069531795027 ], [ 101.800726070143043, 12.73806855753222 ], [ 101.800727062645635, 12.738158877828591 ], [ 101.800911081451943, 12.738156929192995 ], [ 101.800912074027138, 12.738247249474407 ], [ 101.80100408345136, 12.738246275101611 ], [ 101.801005076066687, 12.738336595375198 ], [ 101.801097085515792, 12.738335620963358 ], [ 101.80109807817125, 12.738425941229126 ], [ 101.801282097111581, 12.738423992295452 ], [ 101.801283089839671, 12.738514312546259 ], [ 101.801375099330897, 12.738513338024422 ], [ 101.801376092099105, 12.738603658267408 ], [ 101.8014681016152, 12.738602683706528 ], [ 101.801469094423553, 12.738693003941684 ], [ 101.801561103964545, 12.73869202934176 ], [ 101.801562096813015, 12.738782349569091 ], [ 101.801654106378876, 12.738781374930122 ], [ 101.801655099267478, 12.738871695149626 ], [ 101.801747108858208, 12.738870720471613 ], [ 101.801748101786941, 12.738961040683289 ], [ 101.801932121010552, 12.738959091217261 ], [ 101.801933114011916, 12.739049411413978 ], [ 101.802025123644768, 12.739048436625961 ], [ 101.802027109735405, 12.739229077003051 ], [ 101.802119119425655, 12.739228102168852 ], [ 101.802120112514913, 12.739318422349221 ], [ 101.802304131937532, 12.739316472570815 ], [ 101.802306118268945, 12.73949711290094 ], [ 101.802398128033815, 12.739496137949596 ], [ 101.802399121243482, 12.739586458106483 ], [ 101.802491131033236, 12.739585483116091 ], [ 101.802493117540465, 12.739766123413521 ], [ 101.802585127387601, 12.739765148376943 ], [ 101.802591087287396, 12.740307069209811 ], [ 101.802683097321932, 12.740306094098495 ], [ 101.802687070871087, 12.740667374611363 ], [ 101.802779081028021, 12.740666399439585 ], [ 101.802782061367523, 12.740937359795563 ], [ 101.802874071614383, 12.740936384570455 ], [ 101.802884006900413, 12.741839585640722 ], [ 101.802791996328466, 12.741840560937208 ], [ 101.802793983412201, 12.74202120115724 ], [ 101.802701972767608, 12.742022176436082 ], [ 101.802702966288422, 12.742112496552195 ], [ 101.802610955603669, 12.742113471806258 ], [ 101.802611949099585, 12.742203791928821 ], [ 101.802519938374701, 12.742204767158103 ], [ 101.802520931845734, 12.742295087287108 ], [ 101.802428921080704, 12.742296062491606 ], [ 101.802429914526854, 12.742386382627057 ], [ 101.802337903721678, 12.742387357806772 ], [ 101.802338897142945, 12.742477677948667 ], [ 101.802246886297638, 12.7424786531036 ], [ 101.802247879694036, 12.742568973251942 ], [ 101.802063857915485, 12.742570923480317 ], [ 101.802064851254471, 12.742661243642241 ], [ 101.801972840321241, 12.742662218715685 ], [ 101.80197383363533, 12.742752538884048 ], [ 101.801881822661969, 12.742753513932707 ], [ 101.801882815951174, 12.742843834107521 ], [ 101.801790804937667, 12.742844809131391 ], [ 101.80179179820199, 12.742935129312645 ], [ 101.801699787148337, 12.742936104311731 ], [ 101.801700780387776, 12.743026424499428 ], [ 101.801608769293978, 12.74302739947373 ], [ 101.801609762508519, 12.743117719667872 ], [ 101.80151775137459, 12.743118694617385 ], [ 101.801518744564248, 12.743209014817969 ], [ 101.801426733390173, 12.743209989742699 ], [ 101.801427726554948, 12.743300309949722 ], [ 101.801335715340713, 12.743301284849661 ], [ 101.801337701628114, 12.743481925275908 ], [ 101.80115367904672, 12.743483875008554 ], [ 101.801154672136818, 12.743574195234912 ], [ 101.801062660802174, 12.743575170060481 ], [ 101.801063653867374, 12.74366549029328 ], [ 101.800971642492584, 12.74366646509406 ], [ 101.800972635532901, 12.743756785333296 ], [ 101.800880624117966, 12.74375776010929 ], [ 101.800881617133399, 12.743848080354971 ], [ 101.800789605678318, 12.743849055106171 ], [ 101.80079059866884, 12.743939375358293 ], [ 101.800698587173628, 12.743940350084703 ], [ 101.800700573112536, 12.744120990601134 ], [ 101.800608561544649, 12.744121965309885 ], [ 101.800609554493022, 12.744212285574196 ], [ 101.800517542885004, 12.744213260258155 ], [ 101.800518535808465, 12.744303580528909 ], [ 101.800426524160301, 12.744304555188073 ], [ 101.800427517058893, 12.744394875465266 ], [ 101.800335505370583, 12.744395850099638 ], [ 101.800336498244263, 12.744486170383267 ], [ 101.800244486515808, 12.744487144992846 ], [ 101.800245479364605, 12.744577465282921 ], [ 101.800153467596019, 12.744578439867704 ], [ 101.80015446041989, 12.744668760164217 ], [ 101.800062448611158, 12.744669734724205 ], [ 101.80006344141016, 12.744760055027156 ], [ 101.799971429561282, 12.744761029562349 ], [ 101.799972422335387, 12.744851349871739 ], [ 101.799880410446363, 12.744852324382139 ], [ 101.79988239595238, 12.745032965013108 ], [ 101.799790383990697, 12.74503393950584 ], [ 101.799791376722624, 12.745124259827417 ], [ 101.799699364720794, 12.745125234295353 ], [ 101.79970035742781, 12.745215554623369 ], [ 101.799608345385835, 12.745216529066509 ], [ 101.799609338067967, 12.745306849400961 ], [ 101.799517325985846, 12.745307823819305 ], [ 101.799518318643081, 12.745398144160189 ], [ 101.799426306520814, 12.745399118553735 ], [ 101.799428291793092, 12.745579759247702 ], [ 101.799336279598165, 12.745580733623576 ], [ 101.799337272213208, 12.74567105397665 ], [ 101.799245259978122, 12.745672028327725 ], [ 101.799246252568281, 12.745762348687235 ], [ 101.799154240293063, 12.745763323013508 ], [ 101.799156225431162, 12.745943963744718 ], [ 101.799064213083284, 12.745944938053322 ], [ 101.799065205631237, 12.746035258425017 ], [ 101.798973193243214, 12.746036232708816 ], [ 101.798975178296942, 12.746216873464387 ], [ 101.798883165836259, 12.746217847730515 ], [ 101.79888415834202, 12.746308168114391 ], [ 101.79879214584119, 12.746309142355718 ], [ 101.798793138322054, 12.74639946274603 ], [ 101.798609113232473, 12.746401411147144 ], [ 101.798610105655911, 12.74649173155102 ], [ 101.79842608047079, 12.746493679838666 ], [ 101.798427072836787, 12.746584000256105 ], [ 101.798151034904421, 12.74658692246947 ], [ 101.798152027180464, 12.746677242907596 ], [ 101.797968001789073, 12.746679190904436 ], [ 101.79796899400769, 12.746769511356126 ], [ 101.797692955765882, 12.746772433133275 ], [ 101.79769394789453, 12.746862753605647 ], [ 101.797601935099507, 12.746863727474626 ], [ 101.797602927203258, 12.746954047953428 ], [ 101.797510914368075, 12.746955021797602 ], [ 101.797511906446914, 12.747045342282838 ], [ 101.79732788068867, 12.747047289889634 ], [ 101.797330856775702, 12.747318251383939 ], [ 101.797422869756218, 12.747317277575135 ], [ 101.797421877687057, 12.747226957084848 ], [ 101.797605903560182, 12.747225009385691 ], [ 101.797603919314597, 12.747044368431544 ], [ 101.797787945027153, 12.747042420633154 ], [ 101.797786952850743, 12.74695210016929 ], [ 101.79797097846776, 12.746950152257421 ], [ 101.797969986233909, 12.746859831807118 ], [ 101.798614075425846, 12.746853013159608 ], [ 101.798616060356522, 12.747033653959754 ], [ 101.798708073132801, 12.747032679725271 ], [ 101.798714028302868, 12.747574602066342 ], [ 101.798806041266701, 12.747573627757161 ], [ 101.798818945499093, 12.748747792651411 ], [ 101.798910958878182, 12.748746818217635 ], [ 101.798914929800432, 12.749108099671528 ], [ 101.799006943302047, 12.749107125177304 ], [ 101.799010914476341, 12.749468406591621 ], [ 101.799102928100453, 12.749467432036939 ], [ 101.799103920945612, 12.749557752381662 ], [ 101.79919593459465, 12.749556777787918 ], [ 101.79919792037289, 12.749737418461027 ], [ 101.799289934079354, 12.749736443821089 ], [ 101.799291919953163, 12.74991708447717 ], [ 101.799383933717081, 12.749916109791034 ], [ 101.799384926697954, 12.75000643011091 ], [ 101.799476940486784, 12.750005455385704 ], [ 101.799477933507802, 12.750095775697758 ], [ 101.799569947321544, 12.750094800933484 ], [ 101.799571933451546, 12.750275441541255 ], [ 101.799663947322742, 12.750274466730779 ], [ 101.799664940431697, 12.7503647870265 ], [ 101.799756954327805, 12.750363812176955 ], [ 101.79975794747692, 12.750454132464851 ], [ 101.799941975311327, 12.750452182655678 ], [ 101.799942968533145, 12.750542502928621 ], [ 101.800034982471459, 12.750541527968993 ], [ 101.800035975733437, 12.750631848234114 ], [ 101.800127989696648, 12.750630873235412 ], [ 101.800128982998785, 12.750721193492712 ], [ 101.800313010967429, 12.750719243385221 ], [ 101.800314004342255, 12.750809563627566 ], [ 101.800406018347687, 12.750808588518778 ], [ 101.800407011762687, 12.750898908753298 ], [ 101.800499025793002, 12.750897933605438 ], [ 101.800500019248162, 12.750988253832134 ], [ 101.800592033303417, 12.750987278645196 ], [ 101.800593026798722, 12.751077598864068 ], [ 101.800685040878889, 12.751076623638058 ], [ 101.800686034414369, 12.751166943849107 ], [ 101.80087006261688, 12.751164993286991 ], [ 101.800871056225063, 12.751255313483082 ], [ 101.800963070347422, 12.75125433814698 ], [ 101.800964063995778, 12.751344658335245 ], [ 101.801240106414696, 12.751341732113872 ], [ 101.801241100168284, 12.751432052280043 ], [ 101.80142512847452, 12.75143010129181 ], [ 101.801426122300811, 12.751520421443024 ], [ 101.802254249594114, 12.75151164035057 ], [ 101.802255243720879, 12.751601960436872 ], [ 101.802531286112284, 12.751599032809663 ], [ 101.80253228034428, 12.751689352873864 ], [ 101.80326839331255, 12.751681544405351 ], [ 101.80326938781252, 12.751771864411753 ], [ 101.803453416043354, 12.751769911960908 ], [ 101.803454410616013, 12.751860231952335 ], [ 101.803730453002615, 12.751857303015072 ], [ 101.803731447680548, 12.751947622984391 ], [ 101.803823461826681, 12.751946646600938 ], [ 101.803824456544774, 12.752036966562425 ], [ 101.803916470715819, 12.752035990139889 ], [ 101.8039174654741, 12.752126310093541 ], [ 101.804101493858369, 12.752124357138355 ], [ 101.804104478374228, 12.752395316952313 ], [ 101.804196492652537, 12.752394340405377 ], [ 101.804197487538957, 12.752484660334838 ], [ 101.804289501842163, 12.752483683748817 ], [ 101.804291491702998, 12.752664323591377 ], [ 101.804383506063672, 12.752663346959125 ], [ 101.804389476024696, 12.753205266427342 ], [ 101.804481490572968, 12.753204289720294 ], [ 101.804482485625741, 12.753294609622097 ], [ 101.804390471044911, 12.753295586336291 ], [ 101.804395446260585, 12.753747185870642 ], [ 101.80430343150941, 12.753748162588595 ], [ 101.804305421584047, 12.753928802411773 ], [ 101.804121391928604, 12.7539307557804 ], [ 101.804122386912283, 12.754021075705234 ], [ 101.804030372040557, 12.754022052348766 ], [ 101.80403136699934, 12.75411237228005 ], [ 101.803755322240733, 12.754115302040367 ], [ 101.803756317109503, 12.754205621992378 ], [ 101.80430840675325, 12.754199762141349 ], [ 101.804309401824923, 12.754290082049824 ], [ 101.80440141677137, 12.754289105289017 ], [ 101.804403407002724, 12.754469745089605 ], [ 101.804495422006624, 12.754468768282566 ], [ 101.804497412333603, 12.754649408066097 ], [ 101.804589427394987, 12.754648431212821 ], [ 101.804591417817605, 12.754829070979302 ], [ 101.804683432936429, 12.754828094079789 ], [ 101.804685423454671, 12.755008733829216 ], [ 101.804777438630964, 12.755007756883463 ], [ 101.804779429244874, 12.755188396615834 ], [ 101.804871444478607, 12.755187419623844 ], [ 101.804872439829566, 12.75527773948185 ], [ 101.804964455088211, 12.755276762450762 ], [ 101.804965450479358, 12.755367082300934 ], [ 101.805057465762914, 12.755366105230753 ], [ 101.80505846119425, 12.755456425073083 ], [ 101.805150476502718, 12.755455447963802 ], [ 101.805151471974241, 12.755545767798298 ], [ 101.805243487307621, 12.755544790649921 ], [ 101.805244482819333, 12.755635110476581 ], [ 101.805336498177624, 12.755634133289107 ], [ 101.805337493729525, 12.755724453107931 ], [ 101.805429509112727, 12.755723475881359 ], [ 101.805430504704816, 12.755813795692342 ], [ 101.80552252011293, 12.755812818426669 ], [ 101.805523515745193, 12.755903138229819 ], [ 101.805615531178233, 12.755902160925048 ], [ 101.805616526850685, 12.755992480720359 ], [ 101.805708542308636, 12.755991503376489 ], [ 101.805709538021276, 12.756081823163962 ], [ 101.805893568979343, 12.756079868366069 ], [ 101.805894564764742, 12.756170188138556 ], [ 101.806078595757342, 12.756168233198554 ], [ 101.806079591615486, 12.756258552956051 ], [ 101.806171607132882, 12.756257575430972 ], [ 101.8061726030312, 12.756347895180639 ], [ 101.80672469617042, 12.756342029316201 ], [ 101.806725692271684, 12.75643234902229 ], [ 101.807921893552603, 12.756419635609918 ], [ 101.807920897028154, 12.756329315996775 ], [ 101.808380973937105, 12.756324424820548 ], [ 101.80838197062431, 12.756414744397933 ], [ 101.80856600139947, 12.756412787689451 ], [ 101.808565004647178, 12.756322468126369 ], [ 101.808749035326642, 12.756320511304372 ], [ 101.808748038516882, 12.756230191754904 ], [ 101.808932069100663, 12.756228234819391 ], [ 101.808931072233435, 12.75613791528354 ], [ 101.809207117954088, 12.756134979662075 ] ], [ [ 101.804758024527573, 12.744890951274359 ], [ 101.804757030054802, 12.744800631336766 ], [ 101.804849041539484, 12.744799655134285 ], [ 101.80484804704183, 12.744709335203146 ], [ 101.804940058486352, 12.744708358975883 ], [ 101.804939063963815, 12.744618039051193 ], [ 101.805031075368177, 12.744617062799151 ], [ 101.805030080820757, 12.744526742880911 ], [ 101.805122092184973, 12.744525766604088 ], [ 101.805121097612655, 12.744435446692304 ], [ 101.805305120253138, 12.744433494057164 ], [ 101.805304125623437, 12.744343174158974 ], [ 101.805396136899688, 12.744342197800664 ], [ 101.80539414759815, 12.744161558016495 ], [ 101.805302136386928, 12.74416253436052 ], [ 101.805301141780134, 12.744072214460255 ], [ 101.805209130593781, 12.74407319076521 ], [ 101.805208136027147, 12.74398287085711 ], [ 101.805116124865663, 12.743983847122999 ], [ 101.805114135820332, 12.743803207290435 ], [ 101.804838102485206, 12.743806135853696 ], [ 101.80484009133545, 12.743986775729121 ], [ 101.80474808014344, 12.743987751867314 ], [ 101.804749074547487, 12.744078071811128 ], [ 101.804565052075517, 12.744080024006028 ], [ 101.804566046422167, 12.744170343963441 ], [ 101.804198001256552, 12.744174247998725 ], [ 101.804195018629699, 12.743903288038716 ], [ 101.804010996196197, 12.743905239821967 ], [ 101.804007019727408, 12.743543959808479 ], [ 101.803915008629275, 12.743544935623651 ], [ 101.803914014563674, 12.743454615611412 ], [ 101.803729992409544, 12.743456567131714 ], [ 101.803732974434126, 12.743727527209209 ], [ 101.803640963248057, 12.743728502942897 ], [ 101.803644939257623, 12.744089783065101 ], [ 101.803736950573764, 12.744088807302854 ], [ 101.803738938689378, 12.744269447345522 ], [ 101.803554915919392, 12.744271398866656 ], [ 101.803553921922813, 12.744181078831389 ], [ 101.803185876421324, 12.744184981462006 ], [ 101.803186870287846, 12.744275301525832 ], [ 101.803094858860874, 12.744276277110814 ], [ 101.803095852702498, 12.744366597181088 ], [ 101.80300384123538, 12.744367572741284 ], [ 101.803007816548131, 12.744728853044013 ], [ 101.803099828145321, 12.744727877455263 ], [ 101.803100822025101, 12.744818197522079 ], [ 101.803284845261643, 12.744816246234524 ], [ 101.803285839214084, 12.744906566286367 ], [ 101.803377850853437, 12.744905590587564 ], [ 101.803378844846037, 12.744995910631577 ], [ 101.803470856510273, 12.744994934893707 ], [ 101.803471850543033, 12.745085254929892 ], [ 101.803563862232153, 12.745084279152955 ], [ 101.803564856305059, 12.745174599181309 ], [ 101.803656868019061, 12.745173623365307 ], [ 101.803657862132127, 12.745263943385824 ], [ 101.803749873871013, 12.745262967530756 ], [ 101.803750868024252, 12.745353287543441 ], [ 101.80411891503357, 12.745349383775331 ], [ 101.804117920750258, 12.745259063791204 ], [ 101.804209932450988, 12.7452580877765 ], [ 101.804208938142793, 12.745167767798824 ], [ 101.804300949803377, 12.745166791759335 ], [ 101.804299955470299, 12.745076471788106 ], [ 101.804391967090709, 12.745075495723828 ], [ 101.804390972732747, 12.744985175759053 ], [ 101.804667007450618, 12.744982247396093 ], [ 101.804666013002731, 12.744891927452052 ], [ 101.804758024527573, 12.744890951274359 ] ], [ [ 101.813786091643721, 12.745788642544838 ], [ 101.813784096163545, 12.745608004086417 ], [ 101.813876107223919, 12.745607024683618 ], [ 101.813874111709325, 12.74542638623676 ], [ 101.813414056656057, 12.745431282859828 ], [ 101.813413059072857, 12.745340963599531 ], [ 101.813137026046547, 12.745343901168763 ], [ 101.813138023532176, 12.745434220450553 ], [ 101.812954001411299, 12.745436178684736 ], [ 101.812955996275463, 12.74561681727489 ], [ 101.812863985138506, 12.745617796358417 ], [ 101.812866977394634, 12.745888754259949 ], [ 101.812774966152446, 12.745889733333039 ], [ 101.812778955804404, 12.746251010554039 ], [ 101.812962978541293, 12.746249052318621 ], [ 101.812963976038475, 12.746339371607814 ], [ 101.813055987427958, 12.746338392435044 ], [ 101.813058980063005, 12.746609350276978 ], [ 101.813335014478227, 12.746606412502629 ], [ 101.81333401682798, 12.746516093244169 ], [ 101.813426028251868, 12.746515113929362 ], [ 101.813424032909325, 12.746334475424694 ], [ 101.81351604426051, 12.746333496092285 ], [ 101.813513051206542, 12.746062538351588 ], [ 101.813605062452496, 12.746061559008746 ], [ 101.813603067056448, 12.745880920525817 ], [ 101.813695078229713, 12.745879941165377 ], [ 101.813694080510643, 12.74578962193004 ], [ 101.813786091643721, 12.745788642544838 ] ], [ [ 101.811399781245726, 12.74635601265971 ], [ 101.811675815781683, 12.746353076674003 ], [ 101.811673821705625, 12.746172437894391 ], [ 101.811581810266347, 12.746173416573901 ], [ 101.811580813272329, 12.746083097175894 ], [ 101.811396790435836, 12.74608505442481 ], [ 101.811395793514507, 12.745994735011795 ], [ 101.811303782117321, 12.745995713581202 ], [ 101.811304779006122, 12.746086033001381 ], [ 101.81102874467102, 12.746088968539508 ], [ 101.811029741469909, 12.746179287980473 ], [ 101.810845718476543, 12.746181244860566 ], [ 101.810846715218034, 12.746271564315153 ], [ 101.810754703677347, 12.746272542714463 ], [ 101.810755700393969, 12.746362862175513 ], [ 101.810663688813094, 12.746363840550059 ], [ 101.810662692129, 12.746273521081847 ], [ 101.810570680573008, 12.7462744994173 ], [ 101.810571677224587, 12.746364818892669 ], [ 101.810479665628421, 12.746365797203351 ], [ 101.810483652181148, 12.746727075126531 ], [ 101.810391640447236, 12.746728053433912 ], [ 101.810392637072027, 12.746818372920135 ], [ 101.810484648838454, 12.746817394605594 ], [ 101.810486642176031, 12.746998033561646 ], [ 101.810578653999869, 12.746997055200861 ], [ 101.810579650712668, 12.747087374670691 ], [ 101.810671662561361, 12.747086396270815 ], [ 101.810673656074954, 12.747267035194085 ], [ 101.810765667981059, 12.747266056747963 ], [ 101.810766664781866, 12.747356376201401 ], [ 101.810950688636169, 12.747354419199048 ], [ 101.810949691770332, 12.747264099759926 ], [ 101.811041703653473, 12.747263121218012 ], [ 101.811038713004265, 12.746992162917975 ], [ 101.811130724782188, 12.746991184365601 ], [ 101.811129727881905, 12.746900864938031 ], [ 101.81122173961964, 12.74689988636089 ], [ 101.811218748867134, 12.746628928095495 ], [ 101.811310760499651, 12.746627949507902 ], [ 101.81130876663785, 12.746447310675164 ], [ 101.811400778197665, 12.746446332069958 ], [ 101.811399781245726, 12.74635601265971 ] ], [ [ 101.798602474142911, 12.754169938117982 ], [ 101.798595523033001, 12.753537695638018 ], [ 101.798779553278308, 12.753535746174636 ], [ 101.798780546336246, 12.753626066516738 ], [ 101.799056591744687, 12.75362314206067 ], [ 101.799055598589121, 12.753532821739952 ], [ 101.799147613677491, 12.75353184686449 ], [ 101.799144634158893, 12.753260885919573 ], [ 101.799052619168151, 12.75326186077365 ], [ 101.799051626043067, 12.753171540450165 ], [ 101.798867596103847, 12.753173490048214 ], [ 101.798866603051479, 12.753083169709779 ], [ 101.798682573146834, 12.75308511916578 ], [ 101.79868158016717, 12.7529947988124 ], [ 101.798497550297142, 12.752996748126352 ], [ 101.79849655739018, 12.752906427758026 ], [ 101.798404542476291, 12.752907402359956 ], [ 101.798403549609489, 12.752817081983808 ], [ 101.798035490007877, 12.752820980043543 ], [ 101.798039461000087, 12.753182261657996 ], [ 101.798131476042101, 12.753181287162478 ], [ 101.798132468841743, 12.753271607557236 ], [ 101.798316498967992, 12.753269658456103 ], [ 101.798318484720312, 12.753450299215038 ], [ 101.798042439324249, 12.753453222861571 ], [ 101.798043432114198, 12.75354354326138 ], [ 101.797951416934396, 12.753544517753449 ], [ 101.797953402472089, 12.753725158565242 ], [ 101.797861387219569, 12.753726133039617 ], [ 101.797863372722631, 12.753906773862893 ], [ 101.797955388040222, 12.753905799374268 ], [ 101.797957373638852, 12.754086440180524 ], [ 101.798141404381383, 12.754084491078922 ], [ 101.798142397257209, 12.754174811466758 ], [ 101.798234412649578, 12.754173836860906 ], [ 101.798236398489209, 12.754354477620254 ], [ 101.798328413939061, 12.754353502968193 ], [ 101.798333378834158, 12.754805104818825 ], [ 101.798241363221564, 12.754806079506517 ], [ 101.798244342152415, 12.755077040629969 ], [ 101.798336357862638, 12.755076065920896 ], [ 101.798334371836035, 12.754895425186872 ], [ 101.798426387473555, 12.754894450460105 ], [ 101.798425394439136, 12.754804130099181 ], [ 101.798517410036482, 12.754803155347584 ], [ 101.798516416977137, 12.754712834993095 ], [ 101.798608432534309, 12.754711860216677 ], [ 101.79860644637337, 12.754531219519878 ], [ 101.798698461857839, 12.754530244725762 ], [ 101.798694489497208, 12.754168963352372 ], [ 101.798602474142911, 12.754169938117982 ] ], [ [ 101.802838156202057, 12.754396025899487 ], [ 101.802836167092551, 12.754215385854749 ], [ 101.802928182128596, 12.754214409612286 ], [ 101.80292718755274, 12.754124089596022 ], [ 101.803019202548612, 12.754123113328751 ], [ 101.803016218769201, 12.753852153297204 ], [ 101.802924203870973, 12.753853129543062 ], [ 101.802923209325641, 12.753762809524028 ], [ 101.802831194452338, 12.753763785730799 ], [ 101.802830199947181, 12.753673465703931 ], [ 101.802738185098775, 12.753674441871613 ], [ 101.802737190633806, 12.753584121836914 ], [ 101.802553160979201, 12.753586074062158 ], [ 101.802554155379084, 12.753676394111134 ], [ 101.802462140507799, 12.753677370182968 ], [ 101.802463134882771, 12.753767690238385 ], [ 101.802371119971298, 12.753768666285408 ], [ 101.802372114321358, 12.75385898634727 ], [ 101.80228009936971, 12.753859962369482 ], [ 101.802281093694859, 12.75395028243779 ], [ 101.802189078703037, 12.753951258435189 ], [ 101.802191067311114, 12.754131898583999 ], [ 101.802007037174405, 12.754133850511495 ], [ 101.802010019948483, 12.754404810772337 ], [ 101.801825989585964, 12.754406762614847 ], [ 101.801824995385417, 12.754316442514318 ], [ 101.801640965057487, 12.754318394214751 ], [ 101.801641959192963, 12.75440871432955 ], [ 101.801549943984995, 12.754409690138976 ], [ 101.801550938095545, 12.754500010260216 ], [ 101.801458922847431, 12.754500986044826 ], [ 101.801462899235702, 12.754862266551406 ], [ 101.801554914614016, 12.754861290738257 ], [ 101.801555908762694, 12.754951610856036 ], [ 101.801647924165934, 12.754950635003802 ], [ 101.8016489183548, 12.755040955113756 ], [ 101.801740933782952, 12.755039979222431 ], [ 101.801741928011992, 12.755130299324557 ], [ 101.801925958910516, 12.755128347431782 ], [ 101.801923970329867, 12.754947707255379 ], [ 101.802108001067694, 12.754945755263337 ], [ 101.80210601238737, 12.754765115112715 ], [ 101.802198027679736, 12.754764139083038 ], [ 101.802196038964837, 12.754583498943918 ], [ 101.802380069396477, 12.754581546817255 ], [ 101.802379074985396, 12.75449122676093 ], [ 101.80256310532144, 12.754489274520736 ], [ 101.802562110852875, 12.754398954477992 ], [ 101.802838156202057, 12.754396025899487 ] ], [ [ 101.813885904722341, 12.75482056193421 ], [ 101.813883907709979, 12.754639923614302 ], [ 101.813699879059556, 12.754641883757259 ], [ 101.813696883793739, 12.754370926229205 ], [ 101.813604869554666, 12.75437190623126 ], [ 101.813603871180604, 12.754281587046689 ], [ 101.812591714403297, 12.754292364881826 ], [ 101.812592712419359, 12.754382684145201 ], [ 101.812500698088385, 12.754383663763862 ], [ 101.812502694078418, 12.754564302302859 ], [ 101.812594708474478, 12.754563322669872 ], [ 101.812595706513534, 12.754653641931171 ], [ 101.812687720934491, 12.754652662259069 ], [ 101.812689717100639, 12.754833300765263 ], [ 101.812781731579037, 12.754832321046884 ], [ 101.812782729706143, 12.754922640291779 ], [ 101.812874744209438, 12.754921660534286 ], [ 101.812876740551729, 12.755102299007667 ], [ 101.812968755112436, 12.755101319203897 ], [ 101.812969753327636, 12.755191638432386 ], [ 101.813061767913226, 12.7551906585895 ], [ 101.813063764431675, 12.755371297030067 ], [ 101.813339808337815, 12.755368357266716 ], [ 101.813338809977139, 12.755278038068274 ], [ 101.813430824564648, 12.755277058090421 ], [ 101.81342982617906, 12.755186738898447 ], [ 101.813521840726366, 12.755185758895802 ], [ 101.81352084231591, 12.755095439710301 ], [ 101.813612856823013, 12.755094459682875 ], [ 101.813611858387659, 12.755004140503848 ], [ 101.813795887313773, 12.755002180367464 ], [ 101.813793890335873, 12.754821542035996 ], [ 101.813885904722341, 12.75482056193421 ] ], [ [ 101.820310958773263, 12.761617074230859 ], [ 101.820309957433963, 12.761526755618961 ], [ 101.820033908514347, 12.76152970405815 ], [ 101.820032907280407, 12.761439385424016 ], [ 101.81984887469406, 12.761441350875943 ], [ 101.819847873532936, 12.76135103222675 ], [ 101.819479808398356, 12.76135496271827 ], [ 101.819478807375162, 12.761264644039663 ], [ 101.819294774826929, 12.761266609079261 ], [ 101.819293773876552, 12.761176290385599 ], [ 101.819109741362752, 12.761178255282971 ], [ 101.819108740485163, 12.761087936574254 ], [ 101.818924708005767, 12.761089901329399 ], [ 101.818922706403896, 12.760909263881171 ], [ 101.818738674024047, 12.760911228479733 ], [ 101.818737673299765, 12.760820909740222 ], [ 101.818645657130872, 12.760821891984378 ], [ 101.818644656446821, 12.760731573236994 ], [ 101.818552640302826, 12.760732555442006 ], [ 101.818551639659006, 12.760642236686749 ], [ 101.818459623539908, 12.760643218852618 ], [ 101.818458622936333, 12.76055290008949 ], [ 101.818366606842119, 12.760553882216213 ], [ 101.818365606278775, 12.760463563445217 ], [ 101.818273590209444, 12.760464545532798 ], [ 101.81827258968633, 12.760374226753928 ], [ 101.818180573641897, 12.760375208802369 ], [ 101.818178572683806, 12.760194571228196 ], [ 101.818086556696827, 12.760195553230313 ], [ 101.818085556261849, 12.760105234435011 ], [ 101.817993540299753, 12.76010621639799 ], [ 101.817992539905006, 12.760015897594817 ], [ 101.817900523967808, 12.760016879518659 ], [ 101.817899523613292, 12.759926560707614 ], [ 101.817807507700977, 12.759927542592314 ], [ 101.817806507386706, 12.759837223773397 ], [ 101.81771449149926, 12.759838205618959 ], [ 101.817711490700177, 12.759567249136532 ], [ 101.817619474902727, 12.759568230928599 ], [ 101.817616474270366, 12.759297274418405 ], [ 101.817524458562943, 12.759298256156983 ], [ 101.817514457279302, 12.758395067672849 ], [ 101.817422441889775, 12.758396049307715 ], [ 101.81741444167568, 12.757673498413093 ], [ 101.817506456804765, 12.757672516835635 ], [ 101.817495456953978, 12.756679009362029 ], [ 101.817587471717317, 12.756678027831544 ], [ 101.817583471871501, 12.756316752394502 ], [ 101.817675486496981, 12.756315770860766 ], [ 101.817673486555009, 12.756135133152437 ], [ 101.817765501107701, 12.756134151601096 ], [ 101.817764501115661, 12.756043832753074 ], [ 101.817856515628137, 12.756042851176954 ], [ 101.817855515611242, 12.755952532335407 ], [ 101.817947530083501, 12.755951550734514 ], [ 101.817945530007606, 12.755770913063698 ], [ 101.81803754440709, 12.755769931445201 ], [ 101.818036544348104, 12.755679612615934 ], [ 101.818220573058952, 12.755677649297436 ], [ 101.818219572942539, 12.755587330481829 ], [ 101.818311587253902, 12.755586348781831 ], [ 101.81831058711262, 12.755496029972704 ], [ 101.818862672624363, 12.755490139144783 ], [ 101.818861672295455, 12.755399820378036 ], [ 101.818953686488001, 12.755398838468729 ], [ 101.818954686849452, 12.755489157228299 ], [ 101.819138715276608, 12.755487193299469 ], [ 101.819139715710833, 12.755577512043992 ], [ 101.819231729945443, 12.755576530024468 ], [ 101.819233730901985, 12.755757167497066 ], [ 101.819325745194035, 12.755756185431235 ], [ 101.819326745716353, 12.755846504159315 ], [ 101.819418760033273, 12.755845522054349 ], [ 101.819420761166072, 12.756026159494068 ], [ 101.819512775540403, 12.756025177342789 ], [ 101.819514776769012, 12.756205814765375 ], [ 101.819606791200755, 12.756204832567784 ], [ 101.819604789907061, 12.75602419515956 ], [ 101.819788818617326, 12.756022230697234 ], [ 101.81978781791689, 12.755931912006448 ], [ 101.819879832227969, 12.755930929734536 ], [ 101.819878831502649, 12.75584061105023 ], [ 101.820154874292157, 12.755837664064332 ], [ 101.820150871077132, 12.755476389406375 ], [ 101.820058856951832, 12.755477371738232 ], [ 101.820057856199824, 12.75538705306483 ], [ 101.819965842099393, 12.755388035357553 ], [ 101.819964841387616, 12.755297716676274 ], [ 101.819596785039323, 12.755301645498934 ], [ 101.819595784465392, 12.755211326788238 ], [ 101.819503770391677, 12.755212308906847 ], [ 101.819502769857991, 12.755121990188274 ], [ 101.81941075580913, 12.755122972267749 ], [ 101.819408754829865, 12.754942334814167 ], [ 101.819500768813626, 12.754941352749054 ], [ 101.819499768302961, 12.754851034028404 ], [ 101.819591782246491, 12.75485005193852 ], [ 101.819590781710957, 12.754759733224358 ], [ 101.81968279561427, 12.754758751109703 ], [ 101.819681795053867, 12.754668432402029 ], [ 101.819773808916949, 12.754667450262609 ], [ 101.819765804449759, 12.753944900633705 ], [ 101.819673790847034, 12.75394588271568 ], [ 101.81967279035571, 12.753855564001768 ], [ 101.81958077677784, 12.753856546044611 ], [ 101.819579776326762, 12.753766227322826 ], [ 101.819395749213072, 12.753768191298315 ], [ 101.819396749599079, 12.75385851003446 ], [ 101.819488763192297, 12.753857528055512 ], [ 101.819493765400168, 12.754309121689948 ], [ 101.819401751644236, 12.7543101037048 ], [ 101.819403752516024, 12.754490741168082 ], [ 101.819311738687318, 12.754491723165346 ], [ 101.819313739524731, 12.754672360640223 ], [ 101.819221725623265, 12.754673342619895 ], [ 101.819222726020953, 12.754763661363473 ], [ 101.819130712079243, 12.754764643318376 ], [ 101.819131712452048, 12.754854962068439 ], [ 101.819039698470135, 12.754855943998571 ], [ 101.819040698818071, 12.754946262755118 ], [ 101.818856670766124, 12.754948226533894 ], [ 101.818857671056648, 12.755038545304107 ], [ 101.818765656986599, 12.755039527152748 ], [ 101.818766657252255, 12.755129845929449 ], [ 101.818582629024064, 12.755131809545231 ], [ 101.818583629232293, 12.755222128335596 ], [ 101.818399600908322, 12.755224091837933 ], [ 101.818400601059125, 12.755314410641956 ], [ 101.818216572639358, 12.755316374030842 ], [ 101.818217572732749, 12.755406692848529 ], [ 101.818033544217187, 12.755408656123965 ], [ 101.818034544253152, 12.755498974955314 ], [ 101.817850515641823, 12.755500938117292 ], [ 101.817851515620362, 12.755591256962305 ], [ 101.817667486913223, 12.755593220010827 ], [ 101.817668486834336, 12.755683538869496 ], [ 101.817576472436727, 12.755684520353004 ], [ 101.817577472332971, 12.755774839218157 ], [ 101.817485457895131, 12.755775820676888 ], [ 101.817486457766478, 12.755866139548521 ], [ 101.817394443288421, 12.755867120982472 ], [ 101.817396442989065, 12.756047758738012 ], [ 101.817304428438234, 12.756048740154364 ], [ 101.817306428104459, 12.756229377921478 ], [ 101.817214413480869, 12.756230359320229 ], [ 101.817217412940096, 12.756501315987224 ], [ 101.817125398211161, 12.756502297375542 ], [ 101.817129397467312, 12.756863572950538 ], [ 101.817037382600518, 12.756864554335598 ], [ 101.817047380952303, 12.757767743296311 ], [ 101.81713939614464, 12.757766761839507 ], [ 101.817140396054555, 12.757857080724589 ], [ 101.817048380829675, 12.75785806218857 ], [ 101.817055380186005, 12.758490294414976 ], [ 101.817147395638784, 12.758489312900776 ], [ 101.817151395569951, 12.758850588414779 ], [ 101.81724341114527, 12.758849606839922 ], [ 101.817252411732184, 12.759662476641298 ], [ 101.817436443445857, 12.759660513266546 ], [ 101.817437443614551, 12.759750832115548 ], [ 101.817529459492448, 12.759749850373055 ], [ 101.817530459701359, 12.759840169214188 ], [ 101.817622475604153, 12.759839187432554 ], [ 101.817624476110126, 12.760019825098395 ], [ 101.81771649207036, 12.760018843270446 ], [ 101.817720493304606, 12.760380118565099 ], [ 101.817812509387409, 12.760379136676484 ], [ 101.817816510874678, 12.760740411931339 ], [ 101.817908527080064, 12.760739429982053 ], [ 101.817913529274591, 12.761191023999139 ], [ 101.817821512906406, 12.761192005984308 ], [ 101.81782251333577, 12.76128232479282 ], [ 101.817638480511249, 12.761284288681614 ], [ 101.817640481262728, 12.761464926325264 ], [ 101.817732497743961, 12.7614639443825 ], [ 101.817734498591264, 12.761644582009032 ], [ 101.817826515129951, 12.761643600019944 ], [ 101.817828516073078, 12.761824237629343 ], [ 101.81792053266922, 12.761823255593937 ], [ 101.817921533184872, 12.761913574390423 ], [ 101.818013549805912, 12.761912592315872 ], [ 101.818014550361781, 12.762002911104489 ], [ 101.818106567007703, 12.762001928990793 ], [ 101.818103565265403, 12.761730972644404 ], [ 101.818195581805952, 12.761729990520271 ], [ 101.818194581207962, 12.761639671743932 ], [ 101.81828659770828, 12.761638689595008 ], [ 101.818285597085406, 12.761548370825151 ], [ 101.819297777724131, 12.761537565156088 ], [ 101.819298778705232, 12.761627883846979 ], [ 101.819666844292016, 12.761623953525028 ], [ 101.819667845411033, 12.761714272186497 ], [ 101.819759861821098, 12.76171328951891 ], [ 101.819760862980374, 12.761803608172508 ], [ 101.820220945078347, 12.76179869431914 ], [ 101.820221946408111, 12.761889012936134 ], [ 101.820497995672454, 12.761886064218947 ], [ 101.820498997107592, 12.761976382813705 ], [ 101.820775046400485, 12.761973433787254 ], [ 101.82077604794101, 12.762063752359765 ], [ 101.820960080829678, 12.762061786167918 ], [ 101.82096108244302, 12.762152104725365 ], [ 101.821145115366079, 12.762150138391279 ], [ 101.821143112016827, 12.761969501304428 ], [ 101.82105109562427, 12.761970484473085 ], [ 101.821050093993719, 12.761880165921436 ], [ 101.820866061250683, 12.761882132148481 ], [ 101.820865059692949, 12.761791813581764 ], [ 101.820773043342484, 12.761792796640153 ], [ 101.820772041824995, 12.761702478065562 ], [ 101.820495992825187, 12.76170542702736 ], [ 101.820494991413071, 12.761615108430528 ], [ 101.820310958773263, 12.761617074230859 ] ], [ [ 101.813534698492973, 12.764670250271964 ], [ 101.81353270013598, 12.764489612031481 ], [ 101.813440682227295, 12.764490592740184 ], [ 101.813439683092867, 12.764400273611734 ], [ 101.813347665209093, 12.764401254281298 ], [ 101.813340671710591, 12.763769020312598 ], [ 101.812972601010912, 12.763772942470489 ], [ 101.812983589529608, 12.764766453292726 ], [ 101.813075607574305, 12.764765472722408 ], [ 101.813079603759391, 12.765126749335586 ], [ 101.813171621926742, 12.765125768704632 ], [ 101.813179614925232, 12.765848321840394 ], [ 101.813271633345522, 12.765847341120145 ], [ 101.813274630944079, 12.766118298513122 ], [ 101.813366649454451, 12.766117317739401 ], [ 101.813368647956963, 12.766297955983585 ], [ 101.813460666524819, 12.766296975163554 ], [ 101.813459667237154, 12.766206656048974 ], [ 101.813735722797048, 12.766203713418488 ], [ 101.813729726645576, 12.76566179884542 ], [ 101.813637708328741, 12.76566277971123 ], [ 101.813636709029552, 12.765572460606126 ], [ 101.813544690737629, 12.765573441432794 ], [ 101.813535697682966, 12.76476056939117 ], [ 101.813443679676553, 12.764761550121369 ], [ 101.813442680519145, 12.764671230994999 ], [ 101.813534698492973, 12.764670250271964 ] ] ] } }
]
}
