{
"type": "FeatureCollection",
"name": "2025-02-09_mndwi_otsu",
"crs": { "type": "name", "properties": { "name": "urn:ogc:def:crs:OGC:1.3:CRS84" } },
"features": [
{ "type": "Feature", "properties": { "scene_id": "S2B_47PQQ_20250209_0_L2A", "date": "2025-02-09", "tide_level": "unverified", "tide_station": "unverified", "index_used": "MNDWI", "threshold_method": "otsu", "threshold_value": 0.088299997, "source_sensor": "Sentinel-2", "tide_source_type": "unverified", "QA_flags": "prototype" }, "geometry": { "type": "MultiLineString", "coordinates": [ [ [ 101.65371811674828, 12.671828619982142 ], [ 101.653717181363533, 12.67173828812842 ], [ 101.653625184528494, 12.671739206564956 ], [ 101.65362331384533, 12.671558542841955 ], [ 101.653531317067731, 12.671559461233228 ], [ 101.653530381769315, 12.671469129363949 ], [ 101.653438385016841, 12.671470047716712 ], [ 101.653437449757959, 12.671379715839995 ], [ 101.65334545303061, 12.671380634154247 ], [ 101.653344517811291, 12.671290302270096 ], [ 101.653252521109039, 12.671291220545841 ], [ 101.653250650756718, 12.671110556761986 ], [ 101.65315865411192, 12.671111474992468 ], [ 101.653156783853134, 12.670930811192376 ], [ 101.653064787265777, 12.670931729377596 ], [ 101.653063852179542, 12.670841397469776 ], [ 101.652971855617309, 12.670842315616486 ], [ 101.65297092057061, 12.670751983701226 ], [ 101.65278692748916, 12.670753819885894 ], [ 101.652787862471186, 12.670844151814663 ], [ 101.6526038692962, 12.670845987885835 ], [ 101.652604804220786, 12.670936319827433 ], [ 101.652420810952293, 12.670938155785116 ], [ 101.652421745819424, 12.671028487739539 ], [ 101.652237752457395, 12.671030323583729 ], [ 101.652236817654924, 12.670939991615795 ], [ 101.652144820995431, 12.670940909483512 ], [ 101.652143886232508, 12.670850577508144 ], [ 101.651867896307735, 12.670853330900526 ], [ 101.651869765646779, 12.671033994891097 ], [ 101.651961762360258, 12.671033077111881 ], [ 101.651962697072946, 12.671123409099394 ], [ 101.652146690542907, 12.671121573432206 ], [ 101.652153234186301, 12.671753897231204 ], [ 101.652245231136803, 12.67175297930271 ], [ 101.65224616600419, 12.671843311264523 ], [ 101.652338162979817, 12.671842393297521 ], [ 101.652339097886752, 12.671932725251894 ], [ 101.65243109488749, 12.671931807246384 ], [ 101.652432029833989, 12.672022139193331 ], [ 101.652524026859837, 12.672021221149311 ], [ 101.65252496184587, 12.672111553088818 ], [ 101.652616958896857, 12.672110635006295 ], [ 101.652617893922439, 12.67220096693837 ], [ 101.652801888067444, 12.672199130664547 ], [ 101.652802823164905, 12.672289462582432 ], [ 101.652894820258908, 12.672288544391138 ], [ 101.652895755395932, 12.672378876301583 ], [ 101.652987752515074, 12.672377958071779 ], [ 101.652988687691646, 12.672468289974791 ], [ 101.653080684835899, 12.672467371706476 ], [ 101.653081620052021, 12.672557703602054 ], [ 101.653173617221384, 12.672556785295228 ], [ 101.653174552477054, 12.672647117183368 ], [ 101.653450544038876, 12.672644362052097 ], [ 101.653449608686202, 12.672554030184225 ], [ 101.653541605826689, 12.67255311175038 ], [ 101.653540670448876, 12.672462779888589 ], [ 101.653632667549829, 12.672461861429746 ], [ 101.653631732146906, 12.672371529574027 ], [ 101.653723729208295, 12.672370611090191 ], [ 101.653722793780247, 12.672280279240548 ], [ 101.653814790802087, 12.672279360731718 ], [ 101.653810113608444, 12.671827701507096 ], [ 101.65371811674828, 12.671828619982142 ] ], [ [ 101.652611348894851, 12.671568643399567 ], [ 101.652519352037871, 12.671569561441563 ], [ 101.652517482159595, 12.671388897553705 ], [ 101.652609478951902, 12.671387979525216 ], [ 101.652611348894851, 12.671568643399567 ] ], [ [ 101.647617818002146, 12.731334119187153 ], [ 101.647893874131753, 12.731331357311431 ], [ 101.647895749876938, 12.731512021064916 ], [ 101.647987768637392, 12.731511100362374 ], [ 101.647989644476425, 12.73169176409964 ], [ 101.648081663294661, 12.731690843351698 ], [ 101.648080725339042, 12.731600511490152 ], [ 101.648172744117574, 12.731599590717048 ], [ 101.648171806136673, 12.731509258861564 ], [ 101.648355843607121, 12.731507417233123 ], [ 101.648354905568411, 12.731417085390444 ], [ 101.648262886869304, 12.731418006213874 ], [ 101.648261948870299, 12.731327674363765 ], [ 101.648169930196488, 12.731328595148542 ], [ 101.648168992237203, 12.731238263291004 ], [ 101.648076973588672, 12.731239184037131 ], [ 101.648076035669092, 12.731148852172169 ], [ 101.648168054285136, 12.731147931432787 ], [ 101.648166178402619, 12.730967267714302 ], [ 101.647982141293326, 12.730969109134179 ], [ 101.647980265569643, 12.730788445385985 ], [ 101.64788824706919, 12.730789366034573 ], [ 101.647889184894936, 12.730879697915759 ], [ 101.647797166354763, 12.730880618539187 ], [ 101.647792477460627, 12.730428959092722 ], [ 101.64770045907575, 12.730429879650522 ], [ 101.647698583633527, 12.730249215853672 ], [ 101.647606565306432, 12.730250136366081 ], [ 101.647604689958058, 12.730069472553007 ], [ 101.647420653412226, 12.730071313455145 ], [ 101.647422528630614, 12.730251977295193 ], [ 101.647330510281904, 12.730252897711893 ], [ 101.647332385464111, 12.730433561562691 ], [ 101.647240367043196, 12.73043448196097 ], [ 101.647242242189265, 12.730615145822524 ], [ 101.64715022369613, 12.730616066202382 ], [ 101.647153036371776, 12.730887062009819 ], [ 101.647337073545813, 12.73088522117774 ], [ 101.647338011183763, 12.730975553098702 ], [ 101.647153973944754, 12.730977393944263 ], [ 101.647155849112281, 12.731158057811104 ], [ 101.647063830416968, 12.731158978199513 ], [ 101.647065705548329, 12.731339642077108 ], [ 101.646881668006074, 12.731341482785167 ], [ 101.646884480562179, 12.73161247863689 ], [ 101.646976499434402, 12.731611558278589 ], [ 101.646977437000018, 12.731701890221053 ], [ 101.64688541809528, 12.731702810586098 ], [ 101.646886355635601, 12.731793142534622 ], [ 101.646794336691158, 12.731794062874499 ], [ 101.646795274206184, 12.731884394829084 ], [ 101.646611236230697, 12.731886235426593 ], [ 101.646612173687913, 12.731976567393975 ], [ 101.646704192711766, 12.731975647104431 ], [ 101.646705130208687, 12.732065979064391 ], [ 101.646889168299793, 12.732064138376099 ], [ 101.646891043445265, 12.732244802267001 ], [ 101.646983062545019, 12.732243881861509 ], [ 101.646980249740082, 12.731972886044355 ], [ 101.647072268735116, 12.731971965627176 ], [ 101.647074143996193, 12.732152629492479 ], [ 101.647166163049008, 12.732151709029909 ], [ 101.64716428772293, 12.731971045178092 ], [ 101.647256306703554, 12.731970124697098 ], [ 101.647254431341295, 12.731789460856032 ], [ 101.6473464502497, 12.731788540356614 ], [ 101.647348325676958, 12.731969204184193 ], [ 101.647440344643172, 12.731968283639379 ], [ 101.647435655966561, 12.731516624099026 ], [ 101.647527674763055, 12.731515703556017 ], [ 101.647529550277071, 12.731696367360724 ], [ 101.647621569131346, 12.731695446772321 ], [ 101.647620631338242, 12.731605114877054 ], [ 101.647712650152812, 12.731604194263488 ], [ 101.647714525811253, 12.731784858039852 ], [ 101.647806544683633, 12.731783937380895 ], [ 101.647802793265583, 12.731422609852407 ], [ 101.647710774523205, 12.731423530484392 ], [ 101.647711712334413, 12.731513862374282 ], [ 101.647619693552343, 12.731514782981106 ], [ 101.647617818002146, 12.731334119187153 ] ], [ [ 101.647162412425686, 12.731790381323542 ], [ 101.647160537157248, 12.731609717466263 ], [ 101.647252556007871, 12.731608797012237 ], [ 101.647254431341295, 12.731789460856032 ], [ 101.647162412425686, 12.731790381323542 ] ], [ [ 101.647343637162862, 12.731517544610123 ], [ 101.647342699481669, 12.73142721269326 ], [ 101.647434718252867, 12.731426292188903 ], [ 101.647435655966561, 12.731516624099026 ], [ 101.647343637162862, 12.731517544610123 ] ], [ [ 101.647707023350492, 12.731062202918002 ], [ 101.647706085575336, 12.730971871024698 ], [ 101.647890122727873, 12.730970029796259 ], [ 101.647891060568028, 12.731060361676075 ], [ 101.647707023350492, 12.731062202918002 ] ], [ [ 101.656496748024949, 12.673607684793396 ], [ 101.65649487503363, 12.673427021518146 ], [ 101.656402877800843, 12.673427941035774 ], [ 101.656401004903103, 12.673247277744274 ], [ 101.656309007727756, 12.673248197216614 ], [ 101.656308071322059, 12.673157865563079 ], [ 101.656216074171837, 12.6731587849969 ], [ 101.656215137805688, 12.673068453335922 ], [ 101.656123140680592, 12.673069372731225 ], [ 101.65612220435402, 12.672979041062799 ], [ 101.65603020725402, 12.672979960419582 ], [ 101.656029270967011, 12.672889628743714 ], [ 101.655937273892121, 12.672890548061979 ], [ 101.655936337644675, 12.672800216378668 ], [ 101.655752343537884, 12.672802054906404 ], [ 101.655753279720656, 12.672892386603241 ], [ 101.655661282624109, 12.672893305826237 ], [ 101.655662218781771, 12.672983637529159 ], [ 101.655570221645647, 12.672984556727164 ], [ 101.655571157778184, 12.673074888436163 ], [ 101.655479160602496, 12.673075807609179 ], [ 101.655480096709937, 12.673166139324261 ], [ 101.655388099494687, 12.673167058472279 ], [ 101.655389035577002, 12.67325739019344 ], [ 101.655297038322203, 12.673258309316468 ], [ 101.655297974379394, 12.673348641043711 ], [ 101.655205977085032, 12.673349560141739 ], [ 101.655206913117127, 12.673439891875066 ], [ 101.655298910443818, 12.673438972770276 ], [ 101.65530171868042, 12.673709967945884 ], [ 101.65539371609691, 12.673709048789055 ], [ 101.655395588355432, 12.673889712222538 ], [ 101.655487585829391, 12.673888793020424 ], [ 101.655489458181478, 12.67406945643766 ], [ 101.655857448263774, 12.674065779257528 ], [ 101.655856511954767, 12.6739754475763 ], [ 101.655948509424945, 12.673974528208634 ], [ 101.655947573090813, 12.673884196533491 ], [ 101.656223565360975, 12.673881438260238 ], [ 101.656222628937059, 12.673791106604703 ], [ 101.656314626313645, 12.673790187123535 ], [ 101.656313689864604, 12.673699855474082 ], [ 101.656405687201627, 12.67369893596792 ], [ 101.656404750727489, 12.673608604324549 ], [ 101.656496748024949, 12.673607684793396 ] ], [ [ 101.65683535202227, 12.715070757028773 ], [ 101.656834412237643, 12.714980425697556 ], [ 101.656926424372571, 12.714979503067806 ], [ 101.65692736418967, 12.715069834392256 ], [ 101.657111388502756, 12.715067989023623 ], [ 101.657110448620756, 12.714977657712708 ], [ 101.657202460733998, 12.714976734987365 ], [ 101.657201520826789, 12.714886403682534 ], [ 101.65729353290034, 12.714885480932093 ], [ 101.657292592967906, 12.714795149633346 ], [ 101.657108568878471, 12.714796995088829 ], [ 101.657107629018171, 12.714706663775864 ], [ 101.656555556771011, 12.71471219933699 ], [ 101.656556496436593, 12.71480253069055 ], [ 101.656464484337647, 12.714803453179314 ], [ 101.656463544704508, 12.714713121818988 ], [ 101.656371532630772, 12.714714044269126 ], [ 101.656370593037323, 12.714623712901348 ], [ 101.656278580988825, 12.714624635312855 ], [ 101.65627670188853, 12.714443972561726 ], [ 101.656184689897685, 12.714444894927839 ], [ 101.65618281089121, 12.714264232160453 ], [ 101.65599878701768, 12.714266076770038 ], [ 101.655997847590172, 12.714175745371787 ], [ 101.655905835675014, 12.714176667622022 ], [ 101.655906775070051, 12.714266999027032 ], [ 101.655630739183849, 12.714269765606858 ], [ 101.65563261780089, 12.714450428455416 ], [ 101.655540605759469, 12.714451350598488 ], [ 101.655542484340529, 12.714632013457846 ], [ 101.655634496446865, 12.714631091301246 ], [ 101.655635435780695, 12.714721422723137 ], [ 101.655727447912255, 12.714720500527909 ], [ 101.655728387285762, 12.714810831942348 ], [ 101.65600442373443, 12.714808065145188 ], [ 101.656005363212529, 12.714898396538659 ], [ 101.656281399693498, 12.714895629434434 ], [ 101.656282339276174, 12.714985960806926 ], [ 101.656374351454502, 12.714985038368358 ], [ 101.656375291076856, 12.715075369733404 ], [ 101.656283278866098, 12.715076292178738 ], [ 101.656285158067604, 12.715256954920312 ], [ 101.656193145784684, 12.715257877347309 ], [ 101.656195024950208, 12.715438540099687 ], [ 101.656103012595153, 12.715439462508348 ], [ 101.656106770883127, 12.715800788031963 ], [ 101.656198783367998, 12.715799865596242 ], [ 101.656199722990522, 12.715890196968676 ], [ 101.656659785468705, 12.715885584278245 ], [ 101.656660725260721, 12.715975915616166 ], [ 101.656936762758235, 12.715973147599215 ], [ 101.656934882986675, 12.715792484963282 ], [ 101.65702689540646, 12.715791562240764 ], [ 101.657025015598919, 12.715610899615637 ], [ 101.656933003244035, 12.71561182232462 ], [ 101.65693018368431, 12.715340828361509 ], [ 101.656838171419565, 12.715341751018327 ], [ 101.656837231613238, 12.715251419689158 ], [ 101.656745219373704, 12.715252342307346 ], [ 101.656743339847651, 12.715071679633427 ], [ 101.65683535202227, 12.715070757028773 ] ], [ [ 101.656833770070776, 12.732596870170484 ], [ 101.657017807028666, 12.732595022367581 ], [ 101.657016865841001, 12.732504691168879 ], [ 101.657108884276596, 12.732503767226328 ], [ 101.657107943063664, 12.732413436033706 ], [ 101.657199961459511, 12.732412512066018 ], [ 101.657199020221313, 12.732322180879482 ], [ 101.657107001857966, 12.732323104840404 ], [ 101.657105119468284, 12.73214244245175 ], [ 101.65701310116269, 12.732143366367229 ], [ 101.657011218866941, 12.731962703962303 ], [ 101.656919200619129, 12.731963627832339 ], [ 101.656918259514597, 12.731873296622084 ], [ 101.656826241292052, 12.731874220453447 ], [ 101.656825300227268, 12.731783889235743 ], [ 101.656457227394753, 12.731787584215043 ], [ 101.65645816832955, 12.731877915459815 ], [ 101.656366150070838, 12.731878839131635 ], [ 101.656367090980368, 12.731969170382488 ], [ 101.656275072681922, 12.731970094029171 ], [ 101.656276013566185, 12.732060425286106 ], [ 101.656183995228005, 12.732061348907642 ], [ 101.656185876953217, 12.732242011432996 ], [ 101.656001840125171, 12.732243858607406 ], [ 101.656002780933619, 12.732334189882586 ], [ 101.655818744011668, 12.732336036942892 ], [ 101.655819684762335, 12.732426368230918 ], [ 101.655727666258016, 12.732427291719972 ], [ 101.655729547716035, 12.732607954307504 ], [ 101.655637529139483, 12.732608877778175 ], [ 101.655640351283239, 12.732879871674633 ], [ 101.65573236995732, 12.732878948183673 ], [ 101.655733310718873, 12.732969279474359 ], [ 101.655825329418207, 12.732968355944719 ], [ 101.655827211028011, 12.733149018510519 ], [ 101.655919229785127, 12.733148094935443 ], [ 101.655920170633379, 12.733238426210553 ], [ 101.656012189415762, 12.733237502596799 ], [ 101.656013130303748, 12.733327833864459 ], [ 101.656105149111426, 12.733326910212028 ], [ 101.656104208190925, 12.733236578951134 ], [ 101.656196226958855, 12.733235655273557 ], [ 101.656195286013102, 12.733145324018741 ], [ 101.656379323462261, 12.733143476581386 ], [ 101.656377441462425, 12.732962814096769 ], [ 101.65646946011114, 12.732961890343754 ], [ 101.656468519089572, 12.732871559107187 ], [ 101.65665255630033, 12.73286971151896 ], [ 101.65665067414885, 12.732689049070835 ], [ 101.656834711200673, 12.732687201382037 ], [ 101.656833770070776, 12.732596870170484 ] ], [ [ 101.658152162474892, 12.735474528268135 ], [ 101.6580601430462, 12.735475452785098 ], [ 101.658059201269452, 12.735385121682725 ], [ 101.657967181866042, 12.735386046161 ], [ 101.657966240129042, 12.735295715051176 ], [ 101.657598162573038, 12.735299412618033 ], [ 101.65759627938084, 12.735118750342174 ], [ 101.657688298715669, 12.735117826011873 ], [ 101.657687357097913, 12.73502749487969 ], [ 101.657595337795584, 12.735028419203225 ], [ 101.657593454646786, 12.734847756923262 ], [ 101.657501435402239, 12.734848681201344 ], [ 101.657500493871211, 12.734758350053566 ], [ 101.657408474651945, 12.734759274292962 ], [ 101.657407533160651, 12.734668943137736 ], [ 101.657315513966637, 12.734669867338448 ], [ 101.657314572515091, 12.734579536175772 ], [ 101.657222553346372, 12.734580460337803 ], [ 101.657221611934546, 12.734490129167675 ], [ 101.657037573640423, 12.734491977382454 ], [ 101.657036632300859, 12.734401646198103 ], [ 101.656944613175455, 12.734402570250856 ], [ 101.65694178929769, 12.734131576673407 ], [ 101.656849770262554, 12.73413250067394 ], [ 101.656848829016937, 12.734042169473327 ], [ 101.656756810007082, 12.734043093435181 ], [ 101.656754927602563, 12.733862431018363 ], [ 101.656662908650503, 12.733863354934771 ], [ 101.656661967491601, 12.733773023718571 ], [ 101.656293891741001, 12.733776719038017 ], [ 101.656295773805994, 12.733957381523862 ], [ 101.656203754785253, 12.733958305287475 ], [ 101.656205636814164, 12.734138967784117 ], [ 101.65629765589992, 12.734138044006976 ], [ 101.656299538022765, 12.734318706487354 ], [ 101.656391557166302, 12.734317782664769 ], [ 101.656392498271074, 12.734408113897167 ], [ 101.656484517439893, 12.734407190035901 ], [ 101.656486399736153, 12.734587852485117 ], [ 101.656762457394223, 12.734585080669232 ], [ 101.656766222463659, 12.734946405478263 ], [ 101.656858241798574, 12.73494548144874 ], [ 101.656860124441693, 12.735126143835616 ], [ 101.656952143834417, 12.735125219760642 ], [ 101.656953085199319, 12.735215550946291 ], [ 101.657045104617325, 12.735214626832631 ], [ 101.657046046021975, 12.735304958010829 ], [ 101.657138065465233, 12.735304033858489 ], [ 101.657139006909645, 12.735394365029233 ], [ 101.657507084740402, 12.735390668073631 ], [ 101.657508026322077, 12.735480999216618 ], [ 101.657416006842737, 12.735481923510163 ], [ 101.657416948399131, 12.735572254659237 ], [ 101.657508967910985, 12.735571330358923 ], [ 101.657510851110516, 12.735751992641482 ], [ 101.657602870680165, 12.735751068295711 ], [ 101.657603812323302, 12.7358413994292 ], [ 101.657695831918204, 12.735840475044744 ], [ 101.657696773601089, 12.735930806170778 ], [ 101.657788793221286, 12.735929881747635 ], [ 101.65778973494389, 12.736020212866215 ], [ 101.657881754589383, 12.736019288404389 ], [ 101.657882696351749, 12.736109619515512 ], [ 101.658066735685992, 12.73610777048256 ], [ 101.658065793858597, 12.736017439384975 ], [ 101.658157813482362, 12.736016514827391 ], [ 101.658156871629686, 12.735926183735891 ], [ 101.658248891213688, 12.735925259153159 ], [ 101.65824794933576, 12.735834928067748 ], [ 101.658339968880014, 12.735834003459868 ], [ 101.658339026976805, 12.735743672380542 ], [ 101.65824700746505, 12.735744596981652 ], [ 101.658245123745345, 12.735563934807402 ], [ 101.658153104291372, 12.735564859363055 ], [ 101.658152162474892, 12.735474528268135 ] ], [ [ 101.658514951689426, 12.708459041901619 ], [ 101.658606961350955, 12.708458119153955 ], [ 101.658601322026399, 12.70791613166972 ], [ 101.658509312559488, 12.707917054376759 ], [ 101.658505553284215, 12.707555729346545 ], [ 101.658413543939801, 12.707556651994658 ], [ 101.658412604171502, 12.707466320728628 ], [ 101.658320594852285, 12.707467243338128 ], [ 101.658319655123648, 12.707376912064644 ], [ 101.657859608581191, 12.707381524600631 ], [ 101.657860548147667, 12.707471855907963 ], [ 101.657768538785049, 12.707472778326396 ], [ 101.657769478326315, 12.707563109639814 ], [ 101.657677468924021, 12.70756403203317 ], [ 101.657678408440091, 12.707654363352674 ], [ 101.657770417874815, 12.707653440952546 ], [ 101.657771357430548, 12.707743772264598 ], [ 101.657863366890481, 12.707742849825861 ], [ 101.657864306485877, 12.707833181130461 ], [ 101.658140334919537, 12.707830413602863 ], [ 101.658143154041042, 12.70810140745165 ], [ 101.658051144473092, 12.708102330013002 ], [ 101.658053963562381, 12.708373323875959 ], [ 101.658145973227647, 12.708372401294296 ], [ 101.658146912970992, 12.708462732573812 ], [ 101.658422942020678, 12.708459964617438 ], [ 101.658424821723656, 12.708640627133807 ], [ 101.658332811982788, 12.708641549831318 ], [ 101.658333751812705, 12.708731881095249 ], [ 101.65824174203216, 12.708732803767683 ], [ 101.658242681836882, 12.708823135037703 ], [ 101.658058662189234, 12.708824980300568 ], [ 101.658059601936301, 12.708915311583441 ], [ 101.658243621648808, 12.70891346630704 ], [ 101.65824738096893, 12.709274791377556 ], [ 101.658155370986535, 12.70927571405876 ], [ 101.658156310802212, 12.709366045331455 ], [ 101.658064300780154, 12.709366967987581 ], [ 101.658067120173271, 12.709637961821876 ], [ 101.658159130292646, 12.709637039145441 ], [ 101.658160070137257, 12.709727370415409 ], [ 101.658252080281827, 12.709726447700353 ], [ 101.658253020166114, 12.709816778962866 ], [ 101.658529050653769, 12.709814010606291 ], [ 101.658529990642592, 12.709904341847809 ], [ 101.658806021162448, 12.709901573184267 ], [ 101.658805081076295, 12.709811241963061 ], [ 101.658897091202661, 12.709810319018283 ], [ 101.65889239071825, 12.709358662935877 ], [ 101.658800380754073, 12.709359585846796 ], [ 101.658798500675843, 12.709178923395511 ], [ 101.658706490769291, 12.709179846261041 ], [ 101.658700850902832, 12.708637858850185 ], [ 101.658608841183678, 12.70863878164324 ], [ 101.658607901263707, 12.708548450398938 ], [ 101.658515891569735, 12.708549373153376 ], [ 101.658514951689426, 12.708459041901619 ] ], [ [ 101.666104027106257, 12.712628812794394 ], [ 101.666288048283221, 12.712626961406144 ], [ 101.666287105344594, 12.71253663075535 ], [ 101.666471126427638, 12.712534779253255 ], [ 101.6664701834314, 12.71244444861536 ], [ 101.666562193929579, 12.712443522823314 ], [ 101.666558421887402, 12.712082200292066 ], [ 101.666466411518982, 12.712083126056946 ], [ 101.666465468559025, 12.711992795415636 ], [ 101.666373458215801, 12.711993721141868 ], [ 101.666372515295549, 12.711903390493083 ], [ 101.666280504977522, 12.711904316180673 ], [ 101.66627956209696, 12.711813985524417 ], [ 101.666187551804114, 12.711814911173358 ], [ 101.666186608963258, 12.711724580509626 ], [ 101.666094598695594, 12.711725506119924 ], [ 101.666093655894429, 12.711635175448718 ], [ 101.66618566612965, 12.711634249845213 ], [ 101.666182837672366, 12.711363257847877 ], [ 101.666090827534489, 12.711364183431012 ], [ 101.666089884762343, 12.711273852757079 ], [ 101.665905864529691, 12.711275703814209 ], [ 101.665904921829693, 12.711185373126014 ], [ 101.665812911734918, 12.71118629860001 ], [ 101.665813854402472, 12.711276629294996 ], [ 101.665721844268006, 12.711277554743928 ], [ 101.665722786910379, 12.711367885445023 ], [ 101.665630776736222, 12.711368810868889 ], [ 101.665632661977838, 12.711549472282604 ], [ 101.665724672216882, 12.711548546845158 ], [ 101.665726557552404, 12.711729208242563 ], [ 101.665818567849087, 12.711728282759687 ], [ 101.665822338736959, 12.712089605519141 ], [ 101.665730328310502, 12.712090531029176 ], [ 101.66573127101816, 12.712180861724121 ], [ 101.665455239597932, 12.712183638083458 ], [ 101.665456182215507, 12.712273968798085 ], [ 101.664628087271126, 12.71228229621696 ], [ 101.664629029603958, 12.712372626991995 ], [ 101.6647210402148, 12.712371701843869 ], [ 101.664721982587324, 12.712462032611429 ], [ 101.664629971944052, 12.712462957766341 ], [ 101.664635626136814, 12.713004942398092 ], [ 101.66472763697476, 12.713004017202463 ], [ 101.664728579398044, 12.713094347965242 ], [ 101.664820590261201, 12.713093422730967 ], [ 101.664821532724204, 12.713183753486279 ], [ 101.664913543612542, 12.713182828213359 ], [ 101.664912601117095, 12.713092497464835 ], [ 101.665188633641279, 12.713089721475288 ], [ 101.665187691055749, 12.712999390746441 ], [ 101.665463723417304, 12.712996614490537 ], [ 101.665462780741692, 12.712906283781368 ], [ 101.665554791481924, 12.712905358305806 ], [ 101.665553848781116, 12.712815027602746 ], [ 101.66582988086094, 12.712812251005277 ], [ 101.665828938070035, 12.712721920321901 ], [ 101.666104969987231, 12.712719143458084 ], [ 101.666104027106257, 12.712628812794394 ] ], [ [ 101.665894950954069, 12.719045066508682 ], [ 101.665526899208871, 12.719048770448666 ], [ 101.665527842377799, 12.719139101111383 ], [ 101.665435829390873, 12.719140027023482 ], [ 101.665436772534605, 12.7192303576923 ], [ 101.665344759507974, 12.719231283579317 ], [ 101.665342873292744, 12.719050622227417 ], [ 101.665250860323795, 12.719051548068979 ], [ 101.665249917259516, 12.718961217385218 ], [ 101.66506589136479, 12.71896306895915 ], [ 101.665064948372688, 12.718872738261128 ], [ 101.665156961291217, 12.718871812496886 ], [ 101.665156018273919, 12.718781481804969 ], [ 101.665064005387848, 12.71878240756242 ], [ 101.665063062410269, 12.718692076863036 ], [ 101.664971049549408, 12.71869300258183 ], [ 101.664971992494529, 12.718783333288002 ], [ 101.664879979593962, 12.718784258981714 ], [ 101.664881865441046, 12.718964920405588 ], [ 101.664789852468289, 12.718965846080998 ], [ 101.664796452934297, 12.719598161090548 ], [ 101.6648884661343, 12.71959723536763 ], [ 101.664889409119482, 12.719687566073759 ], [ 101.665349475173031, 12.719682936947109 ], [ 101.665348532025504, 12.719592606274917 ], [ 101.665624571473188, 12.719589828436789 ], [ 101.665625514718101, 12.719680159088615 ], [ 101.666453632961506, 12.719671823791876 ], [ 101.66645457650587, 12.719762154381907 ], [ 101.666546589640205, 12.719761228071658 ], [ 101.666545646063383, 12.719670897488415 ], [ 101.666637659157985, 12.719669971153083 ], [ 101.66663482837366, 12.719398979419626 ], [ 101.666542815376445, 12.719399905734587 ], [ 101.666540928288114, 12.71921924456195 ], [ 101.666448915348568, 12.719220170831454 ], [ 101.666447971847745, 12.719129840237322 ], [ 101.666263946011796, 12.719131692667123 ], [ 101.666264889447703, 12.719222023274837 ], [ 101.665896837558876, 12.719225727779115 ], [ 101.665894950954069, 12.719045066508682 ] ], [ [ 101.662317746359037, 12.720165128926707 ], [ 101.662318688478678, 12.720255459818684 ], [ 101.66259472932596, 12.720252684993802 ], [ 101.662593787108932, 12.720162354122168 ], [ 101.662685800677721, 12.720161429123566 ], [ 101.662684858435469, 12.720071098258032 ], [ 101.662776871964553, 12.720070173234337 ], [ 101.66277404518388, 12.719799180653977 ], [ 101.662866058608316, 12.719798255618752 ], [ 101.662867000893769, 12.719888586472772 ], [ 101.662959014343429, 12.719887661398889 ], [ 101.662959956668587, 12.719977992245447 ], [ 101.663051970143485, 12.719977067132902 ], [ 101.663052912508348, 12.72006739797199 ], [ 101.663420966465253, 12.720063697175924 ], [ 101.663417196529778, 12.719702373923989 ], [ 101.663325183181286, 12.719703299143687 ], [ 101.663323298321984, 12.719522637500054 ], [ 101.663231285031173, 12.719523562674311 ], [ 101.663229400265791, 12.719342901014381 ], [ 101.662953360544677, 12.719345676305204 ], [ 101.662957129714854, 12.719706999703725 ], [ 101.662773102938147, 12.71970884979249 ], [ 101.662771218468421, 12.719528188067471 ], [ 101.662495178443805, 12.719530962920867 ], [ 101.662494236317215, 12.719440632036983 ], [ 101.662402222993649, 12.719441556917584 ], [ 101.662403165087767, 12.719531887808246 ], [ 101.662219138353962, 12.719533737487382 ], [ 101.662220080390398, 12.719624068390917 ], [ 101.662128066980173, 12.719624993189456 ], [ 101.662129951009859, 12.719805655008042 ], [ 101.662037937527444, 12.719806579788262 ], [ 101.662036995541442, 12.71971624887253 ], [ 101.66194498208425, 12.719717173614095 ], [ 101.661945924037781, 12.719807504536607 ], [ 101.661485856480795, 12.719812127800187 ], [ 101.661487740084951, 12.719992789710954 ], [ 101.661395726486887, 12.719993714281598 ], [ 101.661398551850027, 12.720264707162954 ], [ 101.661490565545506, 12.720263782571973 ], [ 101.661491507380177, 12.72035411352428 ], [ 101.661675534814307, 12.720352264233131 ], [ 101.661676476721169, 12.7204425951712 ], [ 101.661860504191253, 12.720440745738983 ], [ 101.661859562219462, 12.720350414814476 ], [ 101.661951575911175, 12.72034949005733 ], [ 101.661950633914159, 12.720259159138918 ], [ 101.662042647566153, 12.720258234356677 ], [ 101.662041705543928, 12.720167903444359 ], [ 101.662133719156216, 12.720166978637018 ], [ 101.662132777108752, 12.720076647730799 ], [ 101.662224790681321, 12.720075722898363 ], [ 101.662225732761243, 12.720166053797803 ], [ 101.662317746359037, 12.720165128926707 ] ], [ [ 101.666372942474098, 12.720756717180256 ], [ 101.666464955972828, 12.720755790827182 ], [ 101.666464012348627, 12.720665460244666 ], [ 101.666556025807637, 12.720664533866502 ], [ 101.666554138516076, 12.720483872713004 ], [ 101.666462125122024, 12.72048479907758 ], [ 101.666460237924426, 12.720304137907764 ], [ 101.666276211244394, 12.720305990514126 ], [ 101.666275267721431, 12.720215659914608 ], [ 101.665907214404115, 12.720219364717652 ], [ 101.665908157797233, 12.720309695344326 ], [ 101.665816144417292, 12.720310621472183 ], [ 101.665817087785186, 12.720400952104963 ], [ 101.665725074365525, 12.720401878207735 ], [ 101.665724131030103, 12.720311547568166 ], [ 101.665540104233969, 12.7203133996645 ], [ 101.665539160970724, 12.720223069010666 ], [ 101.665263120819503, 12.720225846895724 ], [ 101.665264063985333, 12.72031617756992 ], [ 101.665080037116638, 12.720318029347485 ], [ 101.665080980224801, 12.720408360034572 ], [ 101.664896953262158, 12.720410211698203 ], [ 101.664897896312624, 12.720500542398185 ], [ 101.664805882787959, 12.720501468188974 ], [ 101.664804939769951, 12.720411137482204 ], [ 101.664528899249831, 12.720413914642938 ], [ 101.664529842170438, 12.720504245370069 ], [ 101.664437828616755, 12.720505171033343 ], [ 101.664440657324675, 12.720776163230985 ], [ 101.664808711885499, 12.720772460305174 ], [ 101.664807768845719, 12.720682129600458 ], [ 101.664991796017688, 12.720680277959858 ], [ 101.664992739122397, 12.720770608651003 ], [ 101.665084752729953, 12.720769682776099 ], [ 101.665083809592787, 12.720679352091743 ], [ 101.665175823160624, 12.720678426191748 ], [ 101.665176766330262, 12.720768756869317 ], [ 101.665360793509123, 12.720766904960119 ], [ 101.665361736750953, 12.720857235623431 ], [ 101.665545763965724, 12.720855383573143 ], [ 101.665544820658965, 12.72076505292341 ], [ 101.665728847779789, 12.720763200759189 ], [ 101.665727904415334, 12.72067287012235 ], [ 101.665819917932396, 12.720671943999211 ], [ 101.665818974542731, 12.720581613368481 ], [ 101.665910988020073, 12.720580687220254 ], [ 101.66591287487158, 12.720761348467454 ], [ 101.666096901934367, 12.72075949604821 ], [ 101.666097845435928, 12.720849826657206 ], [ 101.666373886073075, 12.72084704776888 ], [ 101.666372942474098, 12.720756717180256 ] ], [ [ 101.663197711828687, 12.725124998339554 ], [ 101.663196769025419, 12.725034667545515 ], [ 101.663564830097513, 12.725030965129644 ], [ 101.663562001341404, 12.724759972824817 ], [ 101.66383804677703, 12.724757195739132 ], [ 101.663837103775393, 12.724666864989844 ], [ 101.663929118873611, 12.724665939237624 ], [ 101.663928175846749, 12.724575608494431 ], [ 101.664020190905248, 12.724574682717108 ], [ 101.664019247853147, 12.724484351980021 ], [ 101.664111262871913, 12.724483426177594 ], [ 101.664110319794588, 12.724393095446608 ], [ 101.66420233477362, 12.72439216961908 ], [ 101.664201391671071, 12.724301838894194 ], [ 101.664293406610369, 12.724300913041564 ], [ 101.664289634142776, 12.723939590162328 ], [ 101.664381648944911, 12.723938664304953 ], [ 101.664379762689677, 12.723758002874808 ], [ 101.664471777419621, 12.723757076999117 ], [ 101.664470834270389, 12.723666746289805 ], [ 101.6645628489606, 12.723665820389014 ], [ 101.664561905786158, 12.723575489685809 ], [ 101.664653920436635, 12.72357456375992 ], [ 101.664652034044551, 12.723393902365022 ], [ 101.664560019459032, 12.723394828277335 ], [ 101.664559076306347, 12.723304497572077 ], [ 101.664283032603677, 12.723307275097357 ], [ 101.664283975658947, 12.723397605822974 ], [ 101.664007931793577, 12.723400383081648 ], [ 101.664008874758665, 12.723490713826937 ], [ 101.663916860089898, 12.723491639522845 ], [ 101.663917803029747, 12.723581970274237 ], [ 101.663549744152277, 12.723585672766145 ], [ 101.663553515464585, 12.723946995873421 ], [ 101.663645530324729, 12.723946070271138 ], [ 101.663648358982527, 12.724217062574066 ], [ 101.66355634402494, 12.724217988196703 ], [ 101.663557286892896, 12.724308318969765 ], [ 101.663465271895575, 12.724309244567296 ], [ 101.663466214738293, 12.724399575346455 ], [ 101.663282184656964, 12.724401426459425 ], [ 101.663278413589396, 12.724040103284414 ], [ 101.663186398667776, 12.724041028765935 ], [ 101.663184513242442, 12.723860367160766 ], [ 101.663092498378518, 12.723861292596835 ], [ 101.663091555709187, 12.723770961786439 ], [ 101.662999540870501, 12.72377188718384 ], [ 101.663000483507346, 12.723862218001013 ], [ 101.662908468628913, 12.723863143373313 ], [ 101.662909411240534, 12.723953474196591 ], [ 101.662817396322382, 12.723954399543782 ], [ 101.662821166711396, 12.724315722857172 ], [ 101.66291318175945, 12.724314797482851 ], [ 101.662914124407308, 12.72440512830271 ], [ 101.662822109326768, 12.72440605368381 ], [ 101.662823994579256, 12.72458671533504 ], [ 101.662639964266532, 12.724588566028705 ], [ 101.662640906838689, 12.724678896866862 ], [ 101.662272845996327, 12.72468259789866 ], [ 101.662273788445816, 12.724772928763256 ], [ 101.662181773184628, 12.724773853948264 ], [ 101.662182715608893, 12.724864184818953 ], [ 101.662090700307971, 12.72486510997885 ], [ 101.662094469947533, 12.725226433481899 ], [ 101.662186485378371, 12.725225508294876 ], [ 101.662189312781564, 12.725496500894646 ], [ 101.662281328302598, 12.725495575655396 ], [ 101.662283213339265, 12.725676237371598 ], [ 101.662743291160538, 12.725671610629167 ], [ 101.662742348476172, 12.725581279805311 ], [ 101.662834363986207, 12.725580354367935 ], [ 101.662833421276616, 12.725490023550179 ], [ 101.662925436746917, 12.725489098087696 ], [ 101.662923551284493, 12.725308436463695 ], [ 101.663015566682589, 12.725307510982885 ], [ 101.663014623929769, 12.725217180176642 ], [ 101.663106639288117, 12.725216254670725 ], [ 101.663105696510058, 12.725125923870584 ], [ 101.663197711828687, 12.725124998339554 ] ], [ [ 101.664824248633835, 12.731071082715786 ], [ 101.664732231294224, 12.731072009236865 ], [ 101.664731287492501, 12.730981678596496 ], [ 101.664639270178128, 12.730982605078882 ], [ 101.664635495173826, 12.730621282483435 ], [ 101.664543477982178, 12.730622208906773 ], [ 101.664542534281722, 12.730531878249414 ], [ 101.664450517115327, 12.730532804634063 ], [ 101.664448629801186, 12.730352143303724 ], [ 101.664356612692515, 12.730353069642897 ], [ 101.664354725472379, 12.730172408296246 ], [ 101.664262708421433, 12.730173334589944 ], [ 101.664261764854743, 12.730083003908812 ], [ 101.663985713755935, 12.730085782578129 ], [ 101.663986657225152, 12.730176113279621 ], [ 101.663802623058018, 12.730177965579893 ], [ 101.663803566469511, 12.730268296294268 ], [ 101.663711549342565, 12.730269222403335 ], [ 101.663714379523043, 12.730540214562714 ], [ 101.663806396747447, 12.730539288433294 ], [ 101.66380734018793, 12.730629619144937 ], [ 101.6638993574376, 12.730628692976829 ], [ 101.663900300917831, 12.730719023681003 ], [ 101.66399231819274, 12.730718097474208 ], [ 101.663994205239945, 12.730898758866932 ], [ 101.664086222572593, 12.730897832614662 ], [ 101.664087166139566, 12.730988163303211 ], [ 101.664179183497467, 12.730987237012251 ], [ 101.664180127104189, 12.731077567693335 ], [ 101.664272144487327, 12.731076641363687 ], [ 101.664275919116761, 12.731437964054036 ], [ 101.664367936622639, 12.731437037665335 ], [ 101.664369824045878, 12.731617698992837 ], [ 101.664461841609494, 12.731616772558661 ], [ 101.664462785364478, 12.731707103214603 ], [ 101.664554802953347, 12.731706176741733 ], [ 101.664555746748093, 12.7317965073902 ], [ 101.664739781969061, 12.731794654335168 ], [ 101.664740725836054, 12.73188498496938 ], [ 101.664924761093005, 12.73188313177315 ], [ 101.664923817160997, 12.731792801152512 ], [ 101.665015834746086, 12.731791874513323 ], [ 101.665013946838869, 12.731611213283573 ], [ 101.66510596435171, 12.731610286626054 ], [ 101.665105020376473, 12.731519956016941 ], [ 101.665013002896131, 12.731520882667676 ], [ 101.665010171111476, 12.731249890815866 ], [ 101.664918153721359, 12.731250817414331 ], [ 101.664917209840169, 12.731160486788909 ], [ 101.664825192475291, 12.731161413348678 ], [ 101.664824248633835, 12.731071082715786 ] ], [ [ 101.666112490626645, 12.731058108070686 ], [ 101.666111546337476, 12.730967777532147 ], [ 101.665927511919151, 12.730969631422152 ], [ 101.665925623492583, 12.730788970315869 ], [ 101.665833606337529, 12.730789897199434 ], [ 101.665831718004981, 12.730609236076834 ], [ 101.665739700907665, 12.730610162914916 ], [ 101.665735924459639, 12.730248840634351 ], [ 101.665275839514067, 12.730253474210437 ], [ 101.665276783452711, 12.730343804815551 ], [ 101.66518476640934, 12.730344731441846 ], [ 101.665187598171329, 12.730615723273438 ], [ 101.665279615312187, 12.730614796626778 ], [ 101.665281503254775, 12.730795457830848 ], [ 101.665373520453386, 12.730794531138704 ], [ 101.665374464468059, 12.730884861732925 ], [ 101.665466481691894, 12.73088393500209 ], [ 101.665467425746328, 12.730974265588834 ], [ 101.665743477471793, 12.730971485184538 ], [ 101.665744421630976, 12.731061815750238 ], [ 101.665560387089585, 12.731063669398582 ], [ 101.665563219415674, 12.731334661132301 ], [ 101.665655236787487, 12.731333734303714 ], [ 101.665658069276361, 12.731604726010909 ], [ 101.665842104193217, 12.73160287221728 ], [ 101.66584399268541, 12.731783533324835 ], [ 101.666120045201225, 12.731780752354354 ], [ 101.666119100854004, 12.731690421821289 ], [ 101.666303135763258, 12.73168856769502 ], [ 101.6663012469606, 12.731507906653999 ], [ 101.666393264339334, 12.731506979556587 ], [ 101.666390431092282, 12.731235988010299 ], [ 101.66629841381102, 12.731236915087342 ], [ 101.666297469442355, 12.731146584563753 ], [ 101.666205452186333, 12.731147511602098 ], [ 101.666204507857429, 12.731057181071037 ], [ 101.666112490626645, 12.731058108070686 ] ], [ [ 101.668087620249466, 12.682254576698487 ], [ 101.668086679003949, 12.682164245974683 ], [ 101.667994679506066, 12.682165170127574 ], [ 101.667992797101547, 12.681984508664334 ], [ 101.667900797661105, 12.681985432771857 ], [ 101.667898915350335, 12.681804771292304 ], [ 101.667806915967375, 12.681805695354468 ], [ 101.667805974855241, 12.681715364606871 ], [ 101.667713975497364, 12.681716288630463 ], [ 101.66771303442485, 12.681625957875395 ], [ 101.667621035092097, 12.681626881860415 ], [ 101.667620094059188, 12.681536551097873 ], [ 101.667528094751532, 12.681537475044326 ], [ 101.667527153758243, 12.681447144274307 ], [ 101.667435154475683, 12.681448068182188 ], [ 101.667434213522014, 12.681357737404699 ], [ 101.667250214999868, 12.681359585111549 ], [ 101.66725209678502, 12.681540246693018 ], [ 101.667160097448331, 12.681541170512366 ], [ 101.667161038319435, 12.681631501308868 ], [ 101.667069038943126, 12.681632425103231 ], [ 101.667069979789133, 12.681722755905843 ], [ 101.666977980373233, 12.681723679675221 ], [ 101.666979862022259, 12.68190434129199 ], [ 101.666887862534367, 12.681905265043172 ], [ 101.666889744147696, 12.682085926670794 ], [ 101.666981743700319, 12.68208500290603 ], [ 101.66698268455022, 12.68217533371203 ], [ 101.667258683261608, 12.682172562206697 ], [ 101.667259624215859, 12.682262892991638 ], [ 101.66735162380418, 12.682261969086177 ], [ 101.667352564798051, 12.682352299863647 ], [ 101.667444564411468, 12.682351375919614 ], [ 101.667447387533699, 12.682622368227555 ], [ 101.667539387236943, 12.682621444231367 ], [ 101.667540328324563, 12.682711774992526 ], [ 101.667632328052932, 12.682710850957767 ], [ 101.667633269180172, 12.682801181711447 ], [ 101.668001268150476, 12.682797485227445 ], [ 101.668005033249827, 12.683158808126665 ], [ 101.66809703310372, 12.683157883899041 ], [ 101.668097974429045, 12.683248214615347 ], [ 101.668373974044258, 12.683245441721404 ], [ 101.668374915473962, 12.683335772416642 ], [ 101.668558915245882, 12.683333923648185 ], [ 101.668557973751447, 12.683243592966535 ], [ 101.668649973594142, 12.683242668541432 ], [ 101.66864620755959, 12.682881345835195 ], [ 101.668462208125845, 12.68288319459926 ], [ 101.668461266700078, 12.682792863907403 ], [ 101.668277267302017, 12.682794712530757 ], [ 101.668272560605701, 12.682343058993316 ], [ 101.668180561057582, 12.682343983223349 ], [ 101.668179619772459, 12.682253652507026 ], [ 101.668087620249466, 12.682254576698487 ] ], [ [ 101.671006520316539, 12.688639376671818 ], [ 101.671003692044536, 12.688368385275785 ], [ 101.670911690538233, 12.68836931088309 ], [ 101.670910747827804, 12.688278980409578 ], [ 101.670818746346626, 12.688279905978289 ], [ 101.670816861012327, 12.688099245015618 ], [ 101.670724859588631, 12.688100170538931 ], [ 101.670722974348152, 12.687919509559933 ], [ 101.67063097298194, 12.687920435037849 ], [ 101.670630030404979, 12.687830104540526 ], [ 101.670538029063891, 12.687831029979849 ], [ 101.670537086526565, 12.687740699475047 ], [ 101.670353083887335, 12.687742550244716 ], [ 101.670354026359902, 12.687832880763121 ], [ 101.670262024997015, 12.687833806107067 ], [ 101.670262967444458, 12.68792413663159 ], [ 101.670170966041937, 12.687925061950546 ], [ 101.670171908464283, 12.688015392481187 ], [ 101.6700799070221, 12.688016317775148 ], [ 101.670080849419321, 12.688106648311907 ], [ 101.669896846448424, 12.688108498818048 ], [ 101.669897788788177, 12.688198829367725 ], [ 101.669805787259449, 12.688199754579903 ], [ 101.669809556561518, 12.688561076798985 ], [ 101.669901558219749, 12.688560151559608 ], [ 101.669902500595796, 12.688650482105876 ], [ 101.669994502279152, 12.688649556827906 ], [ 101.669996387117806, 12.688830217904796 ], [ 101.670088388858659, 12.688829292581433 ], [ 101.670089331321265, 12.688919623112055 ], [ 101.670181333087214, 12.688918697750099 ], [ 101.670183218098984, 12.6890993587957 ], [ 101.670275219922431, 12.689098433388349 ], [ 101.670276162471595, 12.689188763903323 ], [ 101.670368164320166, 12.689187838457373 ], [ 101.670369106908979, 12.68927816896487 ], [ 101.670553110649095, 12.689276317963989 ], [ 101.670552167995524, 12.689185987470093 ], [ 101.670736171641806, 12.68918413635563 ], [ 101.670735228930752, 12.689093805874657 ], [ 101.670919232483215, 12.689091954646612 ], [ 101.670918289714649, 12.689001624178557 ], [ 101.671010291447601, 12.689000698523644 ], [ 101.671008405867539, 12.688820037599092 ], [ 101.671100407528456, 12.688819111925989 ], [ 101.671098521912697, 12.688638451012316 ], [ 101.671006520316539, 12.688639376671818 ] ], [ [ 101.671145048403659, 12.728297170473065 ], [ 101.671144102545341, 12.728206840287829 ], [ 101.671052086714113, 12.728207768799415 ], [ 101.671051140895571, 12.728117438606692 ], [ 101.670959125089553, 12.728118367079579 ], [ 101.670954396268243, 12.727666716071703 ], [ 101.670862380617393, 12.727667644478679 ], [ 101.670860489204742, 12.727486984057133 ], [ 101.670768473611602, 12.72748791241861 ], [ 101.670767527948669, 12.727397582200011 ], [ 101.670675512380754, 12.727398510522791 ], [ 101.67067362114166, 12.727217850069936 ], [ 101.67058160563144, 12.727218778347218 ], [ 101.670579714486408, 12.727038117878024 ], [ 101.670487699033885, 12.727039046109805 ], [ 101.670484862468314, 12.726768055380481 ], [ 101.670392847105973, 12.726768983559968 ], [ 101.67039190163112, 12.72667865330869 ], [ 101.670299886294032, 12.726679581449483 ], [ 101.670298940858927, 12.72658925119072 ], [ 101.670206925547035, 12.726590179292819 ], [ 101.670207870949639, 12.726680509558381 ], [ 101.670115855597999, 12.72668143763539 ], [ 101.670116800975379, 12.726771767907069 ], [ 101.669932770185312, 12.726773623979005 ], [ 101.669933715504982, 12.726863954263601 ], [ 101.669749684620868, 12.726865810221565 ], [ 101.669750629882856, 12.726956140519077 ], [ 101.669658614397406, 12.726957068457017 ], [ 101.66966145012951, 12.727228059365851 ], [ 101.669753465712418, 12.727227131407513 ], [ 101.669754411003467, 12.72731746170229 ], [ 101.669846426611585, 12.727316533705258 ], [ 101.669847371942396, 12.727406863992549 ], [ 101.669939387575724, 12.727405935956821 ], [ 101.669940332946283, 12.727496266236633 ], [ 101.67021637990014, 12.72749348191768 ], [ 101.670221107349278, 12.727945133204464 ], [ 101.67031312314846, 12.727944205000352 ], [ 101.670315014243954, 12.728124865496675 ], [ 101.670407030100847, 12.728123937247064 ], [ 101.670407975692001, 12.728214267487399 ], [ 101.670499991574118, 12.728213339199094 ], [ 101.67050093720502, 12.728303669431943 ], [ 101.670592953112347, 12.728302741104937 ], [ 101.6705967358386, 12.72866406200229 ], [ 101.670688751868639, 12.728663133616182 ], [ 101.670689697600849, 12.728753463832005 ], [ 101.670781713656098, 12.728752535407192 ], [ 101.670782659428085, 12.728842865615535 ], [ 101.670874675508557, 12.728841937152023 ], [ 101.670876567139317, 12.729022597553051 ], [ 101.671244631648364, 12.729018883325596 ], [ 101.671242739757673, 12.728838222978997 ], [ 101.67133475580178, 12.728837294355992 ], [ 101.671333809834849, 12.728746964188472 ], [ 101.671425825839194, 12.728746035540375 ], [ 101.671422987884554, 12.728475045054111 ], [ 101.671330971977696, 12.7284759736818 ], [ 101.67133002603984, 12.728385643511539 ], [ 101.671238010158191, 12.728386572100524 ], [ 101.671237064260112, 12.728296241922777 ], [ 101.671145048403659, 12.728297170473065 ] ], [ [ 101.66748802451562, 12.730592547535863 ], [ 101.667396007548959, 12.730593474948206 ], [ 101.667397896986358, 12.730774135839891 ], [ 101.667305879947449, 12.730775063233919 ], [ 101.667304935257619, 12.730684732781622 ], [ 101.666844850116618, 12.73068936923924 ], [ 101.666845794643976, 12.730779699725499 ], [ 101.666753777561496, 12.730780626928102 ], [ 101.66675566657301, 12.730961287912146 ], [ 101.666663649418268, 12.730962215096431 ], [ 101.666664593902425, 12.731052545594224 ], [ 101.666756611089653, 12.731051618403148 ], [ 101.666758500144695, 12.731232279383091 ], [ 101.666850517389662, 12.731231352146525 ], [ 101.666851461960576, 12.73132168262868 ], [ 101.666943479230767, 12.731320755353417 ], [ 101.666944423841443, 12.731411085828093 ], [ 101.66712845842504, 12.731409231168266 ], [ 101.667129403107978, 12.731499561628677 ], [ 101.667221420421384, 12.731498634244112 ], [ 101.667223309874018, 12.73167929514929 ], [ 101.667131292495611, 12.731680222547439 ], [ 101.667132237200335, 12.731770553005795 ], [ 101.667224254611227, 12.731769625600851 ], [ 101.667226144107431, 12.731950286501926 ], [ 101.667318161576077, 12.731949359051491 ], [ 101.667320051166314, 12.732130019936241 ], [ 101.667412068692698, 12.73212909244031 ], [ 101.667413013531217, 12.732219422874865 ], [ 101.667505031082825, 12.732218495340234 ], [ 101.667505975961106, 12.732308825767312 ], [ 101.667690011107553, 12.732306970588738 ], [ 101.667688121228252, 12.732126309761073 ], [ 101.66778013872559, 12.732125382137518 ], [ 101.667779193764346, 12.732035051729454 ], [ 101.667871211221907, 12.732034124080782 ], [ 101.667866486362115, 12.731582472064179 ], [ 101.667774469067041, 12.731583399678875 ], [ 101.667772579238928, 12.731402738853859 ], [ 101.667588544756995, 12.731404593960358 ], [ 101.667586655087945, 12.731223933105426 ], [ 101.667494637901072, 12.731224860597232 ], [ 101.66748802451562, 12.730592547535863 ] ], [ [ 101.675871261606389, 12.687506311614799 ], [ 101.675963262428567, 12.687505384351986 ], [ 101.675964206861522, 12.687595714456517 ], [ 101.676056207708783, 12.687594787155099 ], [ 101.676054318785376, 12.687414126958984 ], [ 101.676146319560615, 12.687413199639401 ], [ 101.676144430601568, 12.68723253945419 ], [ 101.676052429891087, 12.687233466760141 ], [ 101.676051485454863, 12.687143136659696 ], [ 101.675959484769479, 12.687144063927041 ], [ 101.675958540372918, 12.687053733819102 ], [ 101.675866539712629, 12.687054661047846 ], [ 101.675867484076832, 12.687144991162601 ], [ 101.675775483376881, 12.687145918366367 ], [ 101.675776427715988, 12.687236248487256 ], [ 101.675684426976375, 12.687237175666048 ], [ 101.675685371290399, 12.687327505793068 ], [ 101.675501369724614, 12.687329360068905 ], [ 101.675502313981141, 12.68741969020887 ], [ 101.675318312321494, 12.687421544371173 ], [ 101.675319256520567, 12.687511874524079 ], [ 101.675135254767056, 12.687513728572842 ], [ 101.675136198908646, 12.687604058738692 ], [ 101.675044197988598, 12.687604985722199 ], [ 101.675045142105091, 12.687695315894178 ], [ 101.674769139204159, 12.687698096674389 ], [ 101.674771971305915, 12.687969087247538 ], [ 101.674863972377295, 12.68796816033216 ], [ 101.674864916458134, 12.688058490515033 ], [ 101.674956917554624, 12.688057563561054 ], [ 101.674958805802888, 12.688238223911132 ], [ 101.675142808103544, 12.688236369880538 ], [ 101.675143752303342, 12.688326700040928 ], [ 101.675327754639625, 12.688324845869539 ], [ 101.675328698911471, 12.688415176015624 ], [ 101.675420700101085, 12.688414248875429 ], [ 101.67542164441258, 12.688504579014017 ], [ 101.675697648034856, 12.688501797382226 ], [ 101.675698592450757, 12.688592127499696 ], [ 101.675790593676012, 12.688591200218697 ], [ 101.675788704786711, 12.688410539996704 ], [ 101.675880705939917, 12.688409612697543 ], [ 101.675879761473794, 12.688319282592337 ], [ 101.675971762587352, 12.688318355268194 ], [ 101.675967040204114, 12.687866704766014 ], [ 101.675875039252446, 12.687867632056085 ], [ 101.675874094830007, 12.687777301946786 ], [ 101.67578209390345, 12.687778229198253 ], [ 101.675780205145173, 12.687597568963984 ], [ 101.675872206007, 12.687596641726143 ], [ 101.675871261606389, 12.687506311614799 ] ], [ [ 101.676989443592973, 12.688850132734567 ], [ 101.676988498701931, 12.688759802714557 ], [ 101.677080499889982, 12.688758874974814 ], [ 101.677079554973844, 12.688668544960942 ], [ 101.677263557263359, 12.68866668939971 ], [ 101.677262612289738, 12.688576359398793 ], [ 101.677446614485362, 12.68857450372402 ], [ 101.677445669454272, 12.688484173736052 ], [ 101.677629671556019, 12.688482317947742 ], [ 101.677627781386164, 12.688301657997037 ], [ 101.677719782361336, 12.68830073006883 ], [ 101.677717892155869, 12.688120070129031 ], [ 101.677533890327709, 12.688121925926382 ], [ 101.677532945300655, 12.688031595941824 ], [ 101.677440944408033, 12.68803252378599 ], [ 101.677439999420642, 12.687942193793932 ], [ 101.677163996796182, 12.687944977115226 ], [ 101.677164941686442, 12.688035307127739 ], [ 101.676980939835659, 12.688037162529945 ], [ 101.676981884668436, 12.68812749255541 ], [ 101.676797882723761, 12.688129347844082 ], [ 101.676799772281683, 12.688310007920229 ], [ 101.676707771233666, 12.688310935530508 ], [ 101.676708715991168, 12.688401265574377 ], [ 101.676432712706273, 12.688404048234903 ], [ 101.676433657373934, 12.688494378298538 ], [ 101.67634165623204, 12.688495305795273 ], [ 101.676342600874591, 12.688585635865044 ], [ 101.676066597308051, 12.688588418184942 ], [ 101.67606754186076, 12.688678748274469 ], [ 101.675883539381928, 12.688680603009063 ], [ 101.675884483877155, 12.688770933111536 ], [ 101.675792482594431, 12.688771860437958 ], [ 101.675794371541954, 12.688952520654491 ], [ 101.675886372889437, 12.688951593314444 ], [ 101.67588731740652, 12.689041923414873 ], [ 101.676163321502415, 12.689039141183518 ], [ 101.676161432281276, 12.688858481022864 ], [ 101.676621438638364, 12.688853843402862 ], [ 101.676622383407206, 12.688944173449453 ], [ 101.676714384689149, 12.688943245823255 ], [ 101.67671532949764, 12.689033575862348 ], [ 101.676807330804692, 12.689032648197534 ], [ 101.676806385963829, 12.68894231816526 ], [ 101.676898387231205, 12.688941390475474 ], [ 101.676897442365259, 12.688851060449332 ], [ 101.676989443592973, 12.688850132734567 ] ], [ [ 101.673432534130711, 12.691867189095845 ], [ 101.67343159026241, 12.69177685883267 ], [ 101.67333958771458, 12.691777785525298 ], [ 101.673338643885955, 12.691687455254629 ], [ 101.673246641363235, 12.69168838190865 ], [ 101.673245697574274, 12.691598051630491 ], [ 101.673153695076664, 12.691598978245905 ], [ 101.673152751327365, 12.691508647960255 ], [ 101.672968746375105, 12.691510501082055 ], [ 101.672967802697841, 12.691420170782113 ], [ 101.672783797781278, 12.691422023763094 ], [ 101.672781910578109, 12.691241363133933 ], [ 101.672689908173695, 12.69124228956311 ], [ 101.672688964615418, 12.691151959240701 ], [ 101.672596962236099, 12.691152885631269 ], [ 101.672596018717485, 12.691062555301373 ], [ 101.672412014001821, 12.691064407973499 ], [ 101.672411070555242, 12.690974077629308 ], [ 101.672227065875276, 12.690975930160622 ], [ 101.672228009257097, 12.691066260518424 ], [ 101.672136006873828, 12.691067186743187 ], [ 101.672136950230524, 12.691157517107108 ], [ 101.672044947807606, 12.691158443306874 ], [ 101.672045891139177, 12.69124877367692 ], [ 101.671953888676597, 12.691249699851689 ], [ 101.671954831983072, 12.69134003022786 ], [ 101.67186282948083, 12.691340956377632 ], [ 101.67186377276218, 12.691431286759922 ], [ 101.671771770220289, 12.691432212884699 ], [ 101.671773656740015, 12.691612873660841 ], [ 101.671865659346693, 12.691611947522459 ], [ 101.671867545960268, 12.691792608282269 ], [ 101.672051551281342, 12.691790755882877 ], [ 101.672052494663816, 12.69188108624815 ], [ 101.672328502688075, 12.691878307390136 ], [ 101.672330389669156, 12.6920589680778 ], [ 101.672422392394154, 12.692058041714581 ], [ 101.672424279469084, 12.692238702385911 ], [ 101.672516282251578, 12.692237775977276 ], [ 101.672517225832351, 12.692328106305112 ], [ 101.6727012314403, 12.692326253378818 ], [ 101.672702175093121, 12.692416583692356 ], [ 101.672978183547684, 12.692413804043973 ], [ 101.672979127304927, 12.692504134336414 ], [ 101.673071130140968, 12.692503207716536 ], [ 101.673072073937874, 12.692593538001486 ], [ 101.673256079652901, 12.692591684652704 ], [ 101.673255135791223, 12.692501354381367 ], [ 101.673347138605436, 12.692500427666079 ], [ 101.673346194718619, 12.69241009740087 ], [ 101.673438197493169, 12.692409170660584 ], [ 101.673436309676589, 12.692228510141733 ], [ 101.673528312379091, 12.692227583383263 ], [ 101.673527368449314, 12.692137253129621 ], [ 101.673619371112153, 12.692136326346153 ], [ 101.673616539269332, 12.691865335601562 ], [ 101.673432534130711, 12.691867189095845 ] ], [ [ 101.672537557190992, 12.703078337670238 ], [ 101.672629563861946, 12.703077410444902 ], [ 101.672628619415832, 12.702987080198286 ], [ 101.672720626047095, 12.702986152947926 ], [ 101.672719681575842, 12.702895822707434 ], [ 101.672811688167428, 12.702894895432046 ], [ 101.672810743671022, 12.702804565197681 ], [ 101.672902750222917, 12.702803637897269 ], [ 101.672901805701358, 12.702713307669024 ], [ 101.672993812213562, 12.70271238034359 ], [ 101.672990034070466, 12.702351059451017 ], [ 101.67289802768795, 12.702351986749223 ], [ 101.67289708320277, 12.702261656517567 ], [ 101.672805076845393, 12.702262583777138 ], [ 101.672802243530754, 12.701991593057651 ], [ 101.672710237263345, 12.701992520264971 ], [ 101.672709292872099, 12.70190219001697 ], [ 101.672617286629844, 12.701903117185656 ], [ 101.672615397933995, 12.701722456673995 ], [ 101.672431385557331, 12.701724310888656 ], [ 101.67243044128513, 12.70163398061819 ], [ 101.672338435118306, 12.701634907670975 ], [ 101.672336546660574, 12.701454247114381 ], [ 101.672244540551304, 12.701455174121724 ], [ 101.672239819696301, 12.701003522684264 ], [ 101.67214781374183, 12.701004449625755 ], [ 101.672146869625053, 12.700914119329408 ], [ 101.671686839905675, 12.700918753525462 ], [ 101.671688727822371, 12.701099414185514 ], [ 101.671596721791857, 12.701100340942853 ], [ 101.671601441548731, 12.701551992615054 ], [ 101.671693447741319, 12.701551065823697 ], [ 101.671695335759779, 12.701731726474192 ], [ 101.671787342009907, 12.701730799637396 ], [ 101.671789230122286, 12.701911460271553 ], [ 101.671881236429982, 12.701910533389324 ], [ 101.671882180529508, 12.702000863698574 ], [ 101.671974186862357, 12.70199993677771 ], [ 101.671976075148009, 12.702180597380554 ], [ 101.67188406875033, 12.702181524315026 ], [ 101.671885957000242, 12.702362184928745 ], [ 101.672069969917985, 12.702360331000754 ], [ 101.672071858326646, 12.702540991584526 ], [ 101.672163864839447, 12.702540064559175 ], [ 101.672164809087107, 12.702630394843231 ], [ 101.672072802541877, 12.702631321875385 ], [ 101.672075635231224, 12.702902312743875 ], [ 101.671983628581472, 12.702903239764614 ], [ 101.671984572793363, 12.702993570059549 ], [ 101.671708552703251, 12.702996350951192 ], [ 101.671707608588591, 12.702906020635844 ], [ 101.671431588530311, 12.702908801220589 ], [ 101.671432532547698, 12.70299913155635 ], [ 101.671340525814642, 12.703000058361075 ], [ 101.671341469806876, 12.703090388702952 ], [ 101.67124946303413, 12.70309131548265 ], [ 101.671250407001224, 12.703181645830648 ], [ 101.671158400188801, 12.703182572585314 ], [ 101.671159344130743, 12.703272902939434 ], [ 101.671067337278615, 12.703273829669069 ], [ 101.67107300088837, 12.70381581182026 ], [ 101.671165007935016, 12.703814885049807 ], [ 101.671163119971183, 12.703634224349081 ], [ 101.671347133912974, 12.703632370739891 ], [ 101.671346189877127, 12.703542040402107 ], [ 101.671438196804701, 12.703541113556566 ], [ 101.671437252743686, 12.703450783224902 ], [ 101.671713273385521, 12.703448002517689 ], [ 101.671712329234538, 12.703357672205756 ], [ 101.672448383700186, 12.703350255640325 ], [ 101.672446494901294, 12.703169595123292 ], [ 101.672538501611939, 12.703168667922977 ], [ 101.672537557190992, 12.703078337670238 ] ], [ [ 101.677082588942298, 12.715318658582264 ], [ 101.677266610400579, 12.715316799189525 ], [ 101.677265663375138, 12.715226469369629 ], [ 101.677449684739372, 12.715224609863073 ], [ 101.677450631829714, 12.71531493966933 ], [ 101.677542642533339, 12.715314009861441 ], [ 101.67754169541054, 12.715223680062001 ], [ 101.677633706074445, 12.715222750229069 ], [ 101.677631811785815, 12.715042090641781 ], [ 101.677723822377516, 12.715041160790621 ], [ 101.677722875211671, 12.714950831002772 ], [ 101.677814885763652, 12.714949901126573 ], [ 101.677813938572655, 12.714859571344858 ], [ 101.677905949084874, 12.714858641443616 ], [ 101.677905001868709, 12.714768311668038 ], [ 101.677812991388947, 12.714769241562459 ], [ 101.677810149881537, 12.714498252211165 ], [ 101.677718139491816, 12.71449918205327 ], [ 101.677716245254899, 12.714318522468684 ], [ 101.677624234922803, 12.714319452265284 ], [ 101.677621393719406, 12.714048462862818 ], [ 101.677529383477363, 12.714049392607103 ], [ 101.677526542436908, 12.713778403178024 ], [ 101.67743453228492, 12.713779332869997 ], [ 101.677432638359278, 12.713598673233557 ], [ 101.677340628264901, 12.713599602880032 ], [ 101.677337787528415, 12.71332861339979 ], [ 101.677245777524107, 12.71332954299395 ], [ 101.677244830658964, 12.713239213159016 ], [ 101.677152820679808, 12.713240142714502 ], [ 101.677149033421884, 12.712878823340663 ], [ 101.677057023565226, 12.71287975283702 ], [ 101.677052289819002, 12.71242810357025 ], [ 101.676960280117271, 12.712429033000662 ], [ 101.676958386734668, 12.712248373275537 ], [ 101.67668235778045, 12.712251161334734 ], [ 101.676683304370769, 12.712341491218092 ], [ 101.676591294672349, 12.712342420514265 ], [ 101.676592241237529, 12.712432750403753 ], [ 101.676316212001225, 12.712435538121593 ], [ 101.676317158476351, 12.712525868030848 ], [ 101.676225148683912, 12.712526797213233 ], [ 101.67622609513387, 12.712617127128619 ], [ 101.675858055761495, 12.712620843566864 ], [ 101.675859002088956, 12.712711173508827 ], [ 101.675674982294183, 12.712713031550441 ], [ 101.675675928564047, 12.712803361505351 ], [ 101.675491908675241, 12.71280521943317 ], [ 101.67549285488748, 12.712895549401026 ], [ 101.675400844899727, 12.712896478323959 ], [ 101.675401791086813, 12.712986808297943 ], [ 101.675309781059326, 12.71298773719584 ], [ 101.67531072722123, 12.713078067175955 ], [ 101.675218717154024, 12.713078996048804 ], [ 101.675220609434803, 12.713259656020609 ], [ 101.675128599295419, 12.713260584875231 ], [ 101.675129545414279, 12.71335091486692 ], [ 101.675037535235163, 12.713351843696499 ], [ 101.675039427429837, 12.713532503691448 ], [ 101.674947417178544, 12.713533432502793 ], [ 101.674948363254359, 12.713623762506057 ], [ 101.674856352963346, 12.713624691292354 ], [ 101.674858245071903, 12.713805351310455 ], [ 101.674766234708713, 12.713806280078519 ], [ 101.674767180741469, 12.713896610093357 ], [ 101.674675170338546, 12.71389753883637 ], [ 101.674676116346134, 12.713987868857339 ], [ 101.674584105903477, 12.713988797575308 ], [ 101.674585051885884, 12.714079127602401 ], [ 101.674493041403508, 12.71408005629532 ], [ 101.674493987360762, 12.714170386328542 ], [ 101.674401976838652, 12.714171314996413 ], [ 101.674402922770724, 12.714261645035762 ], [ 101.674310912208895, 12.714262573678583 ], [ 101.674313749951438, 12.714533563812967 ], [ 101.674405760610625, 12.714532635149718 ], [ 101.674407652540296, 12.714713295222268 ], [ 101.67449966325708, 12.714712366513531 ], [ 101.674500609265294, 12.714802696541968 ], [ 101.674592620007274, 12.714801767794558 ], [ 101.674593566055194, 12.714892097815504 ], [ 101.674685576822341, 12.71489116902942 ], [ 101.674686522910008, 12.714981499042871 ], [ 101.674778533702323, 12.714980570218115 ], [ 101.674779479829709, 12.715070900224067 ], [ 101.674963501457427, 12.715069042465341 ], [ 101.674965393863843, 12.715249702447947 ], [ 101.675057404731703, 12.71524877350717 ], [ 101.675058350978276, 12.715339103490635 ], [ 101.675242372757012, 12.715337245499862 ], [ 101.67524331907579, 12.715427575469015 ], [ 101.675335329986694, 12.715426646419019 ], [ 101.675336276345192, 12.71551697638068 ], [ 101.675428287281278, 12.715516047292006 ], [ 101.675429233679509, 12.71560637724617 ], [ 101.675613255594726, 12.715604518959605 ], [ 101.675614202065134, 12.71569484889946 ], [ 101.675706213044279, 12.715693919701566 ], [ 101.675707159554449, 12.71578424963392 ], [ 101.675799170558747, 12.715783320397353 ], [ 101.675800117108636, 12.715873650322205 ], [ 101.67598413916032, 12.715871791739845 ], [ 101.675985085782401, 12.715962121650385 ], [ 101.676077096829772, 12.715961192304594 ], [ 101.676078043491586, 12.716051522207637 ], [ 101.676170054564125, 12.716050592823168 ], [ 101.676171001265686, 12.716140922718711 ], [ 101.676263012363393, 12.716139993295558 ], [ 101.676263959104702, 12.7162303231836 ], [ 101.676355970227576, 12.716229393721768 ], [ 101.676356917008619, 12.716319723602314 ], [ 101.676540939297439, 12.716317864569419 ], [ 101.676541886150659, 12.716408194435651 ], [ 101.676633897316606, 12.716407264864587 ], [ 101.676632950430914, 12.716316935005176 ], [ 101.676724961557113, 12.716316005409066 ], [ 101.67672401464624, 12.716225675555782 ], [ 101.676816025732705, 12.716224745934626 ], [ 101.676814131867928, 12.716044086239654 ], [ 101.676906142882203, 12.716043156600261 ], [ 101.676903302042319, 12.715772167073126 ], [ 101.676995312951917, 12.715771237422322 ], [ 101.676991525137609, 12.715409918070502 ], [ 101.677083535910128, 12.715408988415108 ], [ 101.677082588942298, 12.715318658582264 ] ], [ [ 101.675594327715373, 12.713797920019038 ], [ 101.675592435087651, 12.713617260109945 ], [ 101.675776455545915, 12.713615401995758 ], [ 101.675775509178081, 12.713525072053814 ], [ 101.676051539713512, 12.713522284664037 ], [ 101.676049646804984, 12.713341624818991 ], [ 101.676233666995756, 12.713339766427111 ], [ 101.676231773986586, 12.713159106606588 ], [ 101.676415794018425, 12.713157248114539 ], [ 101.676414847459867, 12.713066918216889 ], [ 101.676506857432415, 12.713065988929895 ], [ 101.676505910848704, 12.712975659038372 ], [ 101.676597920781518, 12.712974729726339 ], [ 101.676598867397672, 12.713065059611045 ], [ 101.676782887306359, 12.713063200877773 ], [ 101.676783833994691, 12.713153530748162 ], [ 101.676875843970549, 12.713152601326923 ], [ 101.676877737433969, 12.713333261052016 ], [ 101.676969747467439, 12.713332331585285 ], [ 101.676974481415712, 12.713783980851961 ], [ 101.676882471220011, 12.713784910352778 ], [ 101.676884364785423, 12.713965570068304 ], [ 101.676700344242377, 12.713967429001627 ], [ 101.67669939752092, 12.713877099130574 ], [ 101.676515377013629, 12.713878957922828 ], [ 101.676513483722374, 12.71369829815141 ], [ 101.676053432651159, 12.713702944506354 ], [ 101.676052486178691, 12.713612614585536 ], [ 101.675960475975046, 12.713613543754137 ], [ 101.675962368862372, 12.713794203608714 ], [ 101.675870358586536, 12.713795132759083 ], [ 101.67587130500867, 12.713885462692163 ], [ 101.675687284370298, 12.713887320910954 ], [ 101.675686338013051, 12.713796990964246 ], [ 101.675594327715373, 12.713797920019038 ] ], [ [ 101.677064461040558, 12.722365313671256 ], [ 101.677062566055042, 12.722184654096555 ], [ 101.676970552840601, 12.722185584231413 ], [ 101.676968657949189, 12.722004924640336 ], [ 101.676876644792415, 12.722005854729677 ], [ 101.67687285522689, 12.721644535512052 ], [ 101.676780842192699, 12.721645465542245 ], [ 101.67677989485199, 12.721555135729311 ], [ 101.676503855803134, 12.721557925608163 ], [ 101.676504803046427, 12.721648255441547 ], [ 101.67641278998309, 12.721649185344221 ], [ 101.676414684426575, 12.721829845022574 ], [ 101.676322671291032, 12.721830774907001 ], [ 101.676323618491239, 12.721921104751965 ], [ 101.67623160531592, 12.72192203461133 ], [ 101.676235394059688, 12.722283354011617 ], [ 101.676327407364894, 12.722282424124991 ], [ 101.676328354601509, 12.722372753966532 ], [ 101.676420367931883, 12.722371824041206 ], [ 101.676421315208273, 12.722462153875252 ], [ 101.676513328563843, 12.722461223911228 ], [ 101.676514275879981, 12.722551553737775 ], [ 101.676606289260732, 12.722550623735055 ], [ 101.676608183979809, 12.722731283372456 ], [ 101.676700197418214, 12.722730353324218 ], [ 101.676703039648899, 12.723001342754745 ], [ 101.676795053177443, 12.723000412654173 ], [ 101.676796948099266, 12.723181072257471 ], [ 101.676888961685478, 12.723180142111383 ], [ 101.676889909189782, 12.723270471905188 ], [ 101.676981922801176, 12.723269541720397 ], [ 101.67698287034527, 12.7233598715067 ], [ 101.677258911233153, 12.723357080740579 ], [ 101.677257963591657, 12.72326675097473 ], [ 101.677441990748861, 12.723264890318204 ], [ 101.677437252325944, 12.722813241546888 ], [ 101.677345238913347, 12.722814171856999 ], [ 101.677343343660127, 12.722633512330049 ], [ 101.677251330305197, 12.722634442594639 ], [ 101.677249435146081, 12.722453783051314 ], [ 101.677157421848804, 12.722454713270386 ], [ 101.677156474312639, 12.722364383490879 ], [ 101.677064461040558, 12.722365313671256 ] ], [ [ 101.677183008079496, 12.724893617058504 ], [ 101.677090993898091, 12.724894547429786 ], [ 101.67708909850451, 12.724713887893392 ], [ 101.676997084380801, 12.724714818219152 ], [ 101.676995189081325, 12.724534158666385 ], [ 101.676903175015283, 12.724535088946622 ], [ 101.676900332218167, 12.724264099591888 ], [ 101.676808318242252, 12.724265029819788 ], [ 101.676807370690256, 12.724174700026689 ], [ 101.676715356739535, 12.724175630215884 ], [ 101.676713461722372, 12.723994970614003 ], [ 101.676437420021344, 12.72399776094937 ], [ 101.676436472621134, 12.723907431126955 ], [ 101.676344458738683, 12.723908361168156 ], [ 101.676343511378221, 12.723818031338242 ], [ 101.676435525228186, 12.723817101303853 ], [ 101.676431735729281, 12.723455782004612 ], [ 101.676339722009217, 12.72345671201173 ], [ 101.676337827368414, 12.723276052344371 ], [ 101.676245813706018, 12.723276982305975 ], [ 101.67624486642903, 12.723186652464452 ], [ 101.676152852791816, 12.723187582387359 ], [ 101.67615190555459, 12.72309725253834 ], [ 101.676059891942572, 12.723098182422547 ], [ 101.676057997554892, 12.722917522708819 ], [ 101.675965984000541, 12.722918452547514 ], [ 101.675963142571078, 12.722647462951349 ], [ 101.675871129106852, 12.722648392737714 ], [ 101.675869234921905, 12.722467732989889 ], [ 101.675777221515347, 12.722468662730741 ], [ 101.675776274466273, 12.722378332848988 ], [ 101.675500234300316, 12.72238112185982 ], [ 101.675501181251988, 12.722471451762019 ], [ 101.675317154373332, 12.722473310956795 ], [ 101.675318101267337, 12.722563640871936 ], [ 101.675226087784608, 12.722564570428313 ], [ 101.675228928412892, 12.722835560190074 ], [ 101.675320941993022, 12.722834630613253 ], [ 101.675321888916145, 12.722924960525658 ], [ 101.675413902521484, 12.722924030910145 ], [ 101.675414849484369, 12.723014360815048 ], [ 101.67550686311489, 12.723013431160837 ], [ 101.675508757127446, 12.723194090954973 ], [ 101.675600770815635, 12.723193161255251 ], [ 101.67560171786532, 12.723283491144478 ], [ 101.675693731578704, 12.723282561406055 ], [ 101.675696572868858, 12.723553551049191 ], [ 101.675788586672383, 12.723552621258442 ], [ 101.67579048096718, 12.723733281003481 ], [ 101.675882494828372, 12.72373235116722 ], [ 101.675884389217245, 12.723913010895894 ], [ 101.676160430951967, 12.723910221154906 ], [ 101.676161378254761, 12.72400055099777 ], [ 101.676253392184236, 12.723999621013524 ], [ 101.676255286876639, 12.724180280683573 ], [ 101.676163272882206, 12.724181210681451 ], [ 101.676166114878015, 12.724452200201839 ], [ 101.676258128969891, 12.72445127018351 ], [ 101.676259076348856, 12.724541600015456 ], [ 101.676351090465928, 12.724540669958424 ], [ 101.676352037884669, 12.724630999782867 ], [ 101.676444052026909, 12.724630069687137 ], [ 101.676444999485426, 12.724720399504079 ], [ 101.676537013652876, 12.72471946936964 ], [ 101.676537961151141, 12.724809799179088 ], [ 101.676629975343772, 12.724808869005948 ], [ 101.676630922881799, 12.72489919880789 ], [ 101.67672293709964, 12.724898268596045 ], [ 101.676723884677429, 12.724988598390484 ], [ 101.67663187042713, 12.724989528609148 ], [ 101.67663376553962, 12.725170188209612 ], [ 101.676725779854877, 12.725169257977317 ], [ 101.6767276750615, 12.72534991756141 ], [ 101.676819689434424, 12.72534898728359 ], [ 101.676821584735123, 12.725529646851314 ], [ 101.677005613589074, 12.725527786172739 ], [ 101.677006561315309, 12.725618115941936 ], [ 101.677282604639018, 12.725615324664449 ], [ 101.677280708998936, 12.725434665166278 ], [ 101.677372723360634, 12.725433734690306 ], [ 101.677371775519049, 12.72534340494701 ], [ 101.677463789840985, 12.72534247444597 ], [ 101.67746284197419, 12.725252144708811 ], [ 101.67737082768474, 12.725253075203034 ], [ 101.677368932037993, 12.725072415713022 ], [ 101.677276917806225, 12.725073346161716 ], [ 101.677275970026258, 12.724983016408869 ], [ 101.677183955819672, 12.724983946818858 ], [ 101.677183008079496, 12.724893617058504 ] ], [ [ 101.678187579076607, 12.724160743362491 ], [ 101.67800355138651, 12.724162604665564 ], [ 101.677999759562667, 12.723801285840919 ], [ 101.677907745836592, 12.723802216417344 ], [ 101.677904902142657, 12.723531227271209 ], [ 101.677812888506722, 12.723532157795294 ], [ 101.677811940655801, 12.72344182807173 ], [ 101.677719927045032, 12.723442758557107 ], [ 101.677718979233873, 12.723352428826038 ], [ 101.6774429384553, 12.723355220070413 ], [ 101.677443886169044, 12.723445549821941 ], [ 101.67735187252913, 12.723446480179787 ], [ 101.677352820217692, 12.723536809937443 ], [ 101.677260806538015, 12.723537740270222 ], [ 101.677261754201382, 12.723628070034021 ], [ 101.677169740481943, 12.723629000341731 ], [ 101.677170688120114, 12.723719330111662 ], [ 101.677262701872024, 12.723718399797129 ], [ 101.67726459723518, 12.723899059321303 ], [ 101.677356611044758, 12.723898128961249 ], [ 101.677358506502003, 12.724078788469045 ], [ 101.67754253422919, 12.724076927626012 ], [ 101.677544429845511, 12.724257587103798 ], [ 101.677820471576496, 12.724254795559185 ], [ 101.677822367416823, 12.724435454993317 ], [ 101.677730353448837, 12.724436385553712 ], [ 101.67773319716656, 12.724707374720239 ], [ 101.677825211231976, 12.724706444139381 ], [ 101.67782615918496, 12.72479677385337 ], [ 101.677918173275572, 12.724795843233807 ], [ 101.677920069268325, 12.724976502646088 ], [ 101.678196111691292, 12.724973710555153 ], [ 101.678195163593841, 12.724883380869816 ], [ 101.678379191774425, 12.724881519330063 ], [ 101.678378243619292, 12.724791189657685 ], [ 101.678470257666163, 12.7247902588468 ], [ 101.678468361312824, 12.724609599513631 ], [ 101.678376347330911, 12.724610530310875 ], [ 101.678374451071704, 12.724429870961329 ], [ 101.678282437147445, 12.724430801713043 ], [ 101.678280540982342, 12.724250142347119 ], [ 101.678188527115751, 12.724251073053301 ], [ 101.678187579076607, 12.724160743362491 ] ], [ [ 101.673292856786162, 12.72249375368261 ], [ 101.673290964448782, 12.722313093550595 ], [ 101.673198950903341, 12.722314022385147 ], [ 101.673197058660008, 12.72213336223678 ], [ 101.673105045172221, 12.722134291025837 ], [ 101.673103153022936, 12.721953630861119 ], [ 101.67301113959283, 12.721954559604681 ], [ 101.673008301520866, 12.72168356933205 ], [ 101.673100314853571, 12.721682640608915 ], [ 101.673099368811663, 12.721592310523475 ], [ 101.67337540866869, 12.72158952418321 ], [ 101.673374462536643, 12.721499194117516 ], [ 101.673650502230785, 12.721496407510761 ], [ 101.673649556008613, 12.721406077464808 ], [ 101.67374156919297, 12.721405148538942 ], [ 101.673739676705523, 12.721224488458603 ], [ 101.673831689817661, 12.721223559514478 ], [ 101.673830743552386, 12.721133229480094 ], [ 101.673738730472706, 12.721134158417412 ], [ 101.67373778424718, 12.721043828375533 ], [ 101.67364577119271, 12.721044757274163 ], [ 101.673644825006917, 12.72095442722479 ], [ 101.673460798941065, 12.720956284912795 ], [ 101.673459852827492, 12.720865954849122 ], [ 101.673367839816123, 12.720866883638498 ], [ 101.673366893742298, 12.720776553567333 ], [ 101.673274880756111, 12.720777482318026 ], [ 101.673275826797479, 12.720867812396 ], [ 101.672907774650128, 12.720871527107226 ], [ 101.672908720568884, 12.720961857211746 ], [ 101.672816707481388, 12.720962785816669 ], [ 101.672818599275814, 12.721143446037273 ], [ 101.672542559774868, 12.721146231701608 ], [ 101.672543505585566, 12.721236561831306 ], [ 101.672451492371579, 12.721237490329132 ], [ 101.672452438157094, 12.721327820464957 ], [ 101.672176398374049, 12.721330605787584 ], [ 101.672178289772077, 12.721511266098013 ], [ 101.672086276431571, 12.72151219448874 ], [ 101.672091004891612, 12.721963845286865 ], [ 101.672183018394463, 12.721962916862111 ], [ 101.672184909894341, 12.722143577162967 ], [ 101.672276923454859, 12.722142648692717 ], [ 101.67227881504877, 12.722323308977224 ], [ 101.672462842277881, 12.72232145191386 ], [ 101.672463788150679, 12.722411782041474 ], [ 101.6725558017868, 12.722410853455166 ], [ 101.672557693619183, 12.722591513694734 ], [ 101.672649707312956, 12.722590585062928 ], [ 101.672652545213509, 12.722861575396735 ], [ 101.672284490005026, 12.722865289814337 ], [ 101.672282598323847, 12.722684629538037 ], [ 101.672190584568483, 12.72268555804912 ], [ 101.672187747198691, 12.722414567609118 ], [ 101.672003719860996, 12.722416424494806 ], [ 101.672002774150542, 12.722326094333164 ], [ 101.671818746848686, 12.722327951077713 ], [ 101.671819692494196, 12.722418281252967 ], [ 101.671727678799897, 12.722419209584224 ], [ 101.671728624420197, 12.722509539765598 ], [ 101.671544596944827, 12.722511396346079 ], [ 101.671545542507459, 12.722601726540379 ], [ 101.671453528726389, 12.722602654789601 ], [ 101.67145541980851, 12.722783315189753 ], [ 101.671363405955233, 12.722784243420699 ], [ 101.671364351474722, 12.722874573626559 ], [ 101.671456365360484, 12.722873645388807 ], [ 101.671460147641071, 12.723234966178183 ], [ 101.671552161649458, 12.723234037881333 ], [ 101.671554052898315, 12.72341469825831 ], [ 101.671738081023165, 12.723412841541746 ], [ 101.671739972431041, 12.723593501888772 ], [ 101.671831986547502, 12.723592573469054 ], [ 101.671834823811267, 12.723863563964045 ], [ 101.671926838017882, 12.723862635492031 ], [ 101.671929675444531, 12.724133625960453 ], [ 101.672849818084984, 12.724124339282408 ], [ 101.672858333680693, 12.7249373100382 ], [ 101.672766319157077, 12.724938238910756 ], [ 101.672768211526744, 12.725118899084801 ], [ 101.672676196930908, 12.725119827939084 ], [ 101.672679981627638, 12.725481148306194 ], [ 101.672771996353404, 12.725480219424684 ], [ 101.672773888810383, 12.725660879590523 ], [ 101.672865903593831, 12.725659950663507 ], [ 101.672866849865713, 12.725750280738595 ], [ 101.672958864674371, 12.725749351772881 ], [ 101.672960757304921, 12.725930011907383 ], [ 101.673052772171275, 12.725929082896169 ], [ 101.673054664895901, 12.726109743014321 ], [ 101.673146679819936, 12.726108813957596 ], [ 101.673149519058882, 12.72637980410927 ], [ 101.6732415340731, 12.726378875000229 ], [ 101.673242480533119, 12.726469205042614 ], [ 101.673334495572533, 12.726468275894874 ], [ 101.673335442072315, 12.726558605929762 ], [ 101.673427457136938, 12.726557676743322 ], [ 101.673428403676482, 12.726648006770716 ], [ 101.673520418766302, 12.726647077545577 ], [ 101.67352420512718, 12.727008397621089 ], [ 101.673616220339667, 12.727007468336815 ], [ 101.673617166980563, 12.727097798347172 ], [ 101.673709182218261, 12.727096869024198 ], [ 101.673710128898918, 12.727187199027064 ], [ 101.674170205140655, 12.727182551899734 ], [ 101.674169258297567, 12.727092221930922 ], [ 101.674353288678333, 12.727090362870356 ], [ 101.674352341777549, 12.72700003291448 ], [ 101.674444356924525, 12.72699910334317 ], [ 101.67444340999856, 12.726908773393424 ], [ 101.674535425105773, 12.726907843797028 ], [ 101.674534478154584, 12.726817513853405 ], [ 101.674626493222036, 12.726816584231928 ], [ 101.674624599276541, 12.726635924356263 ], [ 101.674992659213657, 12.726632205605931 ], [ 101.674993606312697, 12.726722535516865 ], [ 101.67517763630255, 12.726720675936718 ], [ 101.675178583473837, 12.726811005833337 ], [ 101.67508656845007, 12.72681193564617 ], [ 101.675094145822698, 12.727534574848992 ], [ 101.67537019165178, 12.727531785151299 ], [ 101.675371138953594, 12.727622115028131 ], [ 101.675463154247865, 12.727621185058299 ], [ 101.675462206913579, 12.727530855188279 ], [ 101.675646237415322, 12.727528995166557 ], [ 101.675645290023354, 12.72743866530948 ], [ 101.675829320430992, 12.727436805173808 ], [ 101.675828372981329, 12.727346475329679 ], [ 101.675920388141733, 12.727345545220816 ], [ 101.675916598285951, 12.726984225864713 ], [ 101.675824583255491, 12.726985155946315 ], [ 101.67582268843627, 12.726804496250526 ], [ 101.675730673463477, 12.726805426286607 ], [ 101.675729726097288, 12.726715096430876 ], [ 101.675637711149705, 12.726716026428248 ], [ 101.675636763823277, 12.726625696565014 ], [ 101.675360719034273, 12.72662848634533 ], [ 101.675358824598163, 12.726447826575928 ], [ 101.675450839470145, 12.726446896694675 ], [ 101.675447997773148, 12.726175907055882 ], [ 101.675355982998624, 12.726176836916697 ], [ 101.675355035813325, 12.726086507028912 ], [ 101.675263021063998, 12.726087436851019 ], [ 101.675262073918475, 12.725997106955743 ], [ 101.675170059194343, 12.725998036739147 ], [ 101.675169112088582, 12.725907706836372 ], [ 101.674893067969933, 12.725910495974798 ], [ 101.674889280009495, 12.7255491762751 ], [ 101.674981294593081, 12.725548246621432 ], [ 101.674978453601753, 12.725277256859915 ], [ 101.67488643911561, 12.725278186493142 ], [ 101.674884545222781, 12.725097526635087 ], [ 101.674516487465283, 12.725101244794624 ], [ 101.674515540659698, 12.725010914837322 ], [ 101.674331511802222, 12.725012773712134 ], [ 101.67433245854285, 12.725103103683059 ], [ 101.674240444070705, 12.725104033079447 ], [ 101.674241390786136, 12.725194363056499 ], [ 101.674149376274244, 12.725195292427811 ], [ 101.674151269661962, 12.725375952393481 ], [ 101.67405925507785, 12.725376881746525 ], [ 101.674060201750137, 12.725467211735145 ], [ 101.673876172495071, 12.725469070359182 ], [ 101.673875225887741, 12.725378740356938 ], [ 101.673783211281773, 12.725379669614313 ], [ 101.673780371600856, 12.725108679583055 ], [ 101.67387238610938, 12.725107750346108 ], [ 101.673871439531155, 12.725017420341132 ], [ 101.674239497362564, 12.725013703101713 ], [ 101.674238550661698, 12.724923373123289 ], [ 101.674330565068885, 12.724922443740526 ], [ 101.67432961834281, 12.724832113768233 ], [ 101.674421632710221, 12.724831184360392 ], [ 101.674418792478278, 12.724560194459842 ], [ 101.674326778208297, 12.72456112384725 ], [ 101.674324884821672, 12.724380463896505 ], [ 101.674140856389769, 12.724382322548419 ], [ 101.674139909772336, 12.724291992558397 ], [ 101.673955881376301, 12.724293851069143 ], [ 101.673956827928777, 12.724384181072779 ], [ 101.673772799438638, 12.724386039469596 ], [ 101.673773745933445, 12.724476369486174 ], [ 101.673681731645004, 12.724477298643567 ], [ 101.673682678114602, 12.724567628666264 ], [ 101.673314620758092, 12.72457134500419 ], [ 101.67331083544299, 12.724210024800335 ], [ 101.673586878081551, 12.724207237676431 ], [ 101.673585931673543, 12.724116907644182 ], [ 101.673769959997898, 12.72411504941577 ], [ 101.673769013532223, 12.724024719396457 ], [ 101.673953041762516, 12.724022861054117 ], [ 101.673951148723063, 12.723842201040684 ], [ 101.674043162762345, 12.723841271835306 ], [ 101.674040323160327, 12.723570281830456 ], [ 101.673948309218474, 12.7235712110154 ], [ 101.673946416251809, 12.723390550995127 ], [ 101.673854402367624, 12.72339148013457 ], [ 101.67385345592767, 12.723301150116598 ], [ 101.673485400448058, 12.72330486632829 ], [ 101.673484454145296, 12.723214536282395 ], [ 101.673576467993641, 12.723213607284107 ], [ 101.673574575344986, 12.723032947203885 ], [ 101.673666589121098, 12.723032018187329 ], [ 101.673665642775219, 12.722941688153005 ], [ 101.67357362903158, 12.722942617162747 ], [ 101.673571736426581, 12.722761957078422 ], [ 101.673479722740595, 12.722762886042664 ], [ 101.673477830229672, 12.722582225941986 ], [ 101.673385816601353, 12.722583154860732 ], [ 101.673384870389285, 12.722492824802559 ], [ 101.673292856786162, 12.72249375368261 ] ], [ [ 101.673486346758111, 12.723395196373499 ], [ 101.673394332837532, 12.723396125353522 ], [ 101.673393386559965, 12.723305795301503 ], [ 101.673485400448058, 12.72330486632829 ], [ 101.673486346758111, 12.723395196373499 ] ], [ [ 101.674437728595535, 12.72636679368056 ], [ 101.674436781720516, 12.726276463726023 ], [ 101.674252751939022, 12.726278322727774 ], [ 101.67424801799794, 12.725826672876716 ], [ 101.674432047454602, 12.725824813943076 ], [ 101.674432994293227, 12.725915143901032 ], [ 101.674525009043137, 12.725914214379566 ], [ 101.67452595592151, 12.726004544330028 ], [ 101.674617970696616, 12.726003614769859 ], [ 101.674619864540205, 12.726184274655111 ], [ 101.674527849700127, 12.7261852042289 ], [ 101.674529743507861, 12.726365864125036 ], [ 101.674437728595535, 12.72636679368056 ] ], [ [ 101.672938047659073, 12.723762090112775 ], [ 101.672937101514776, 12.723671760029449 ], [ 101.672845087453112, 12.723672688838588 ], [ 101.672842249161292, 12.723401698564093 ], [ 101.67321030497456, 12.723397983217914 ], [ 101.673211251194459, 12.723488313282866 ], [ 101.673303265162062, 12.723487384359807 ], [ 101.673304211421708, 12.723577714417264 ], [ 101.673120183414269, 12.723579572245121 ], [ 101.673121129616248, 12.723669902315516 ], [ 101.67302911556915, 12.723670831188423 ], [ 101.673030061745919, 12.723761161264939 ], [ 101.672938047659073, 12.723762090112775 ] ], [ [ 101.676829166229396, 12.726252285094841 ], [ 101.676828218517116, 12.726161955316796 ], [ 101.676644189179285, 12.726163815963256 ], [ 101.676643241539253, 12.72607348617089 ], [ 101.676459212237248, 12.726075346676154 ], [ 101.676454474471171, 12.725623697635898 ], [ 101.676362459971656, 12.725624627806612 ], [ 101.676360564981181, 12.72544396817209 ], [ 101.676268550539334, 12.725444898297281 ], [ 101.676267603087496, 12.725354568472177 ], [ 101.676175588670858, 12.725355498558663 ], [ 101.676174641258783, 12.725265168726057 ], [ 101.675990612468595, 12.725267028789737 ], [ 101.675986823153011, 12.724905709397957 ], [ 101.675894808876905, 12.724906639354698 ], [ 101.67589291432779, 12.72472597964107 ], [ 101.675800900109351, 12.724726909552297 ], [ 101.675799005654312, 12.724546249822307 ], [ 101.675430948967559, 12.724549969093827 ], [ 101.675431896061539, 12.72464029898642 ], [ 101.675247867609514, 12.724642158444485 ], [ 101.675248814645798, 12.724732488350025 ], [ 101.675156800376385, 12.724733418038038 ], [ 101.675157747387487, 12.724823747949713 ], [ 101.675249761689372, 12.724822818254882 ], [ 101.675251655798363, 12.72500347806254 ], [ 101.675343670157929, 12.725002548322195 ], [ 101.67534556436101, 12.72518320811349 ], [ 101.675529593188216, 12.725181348509883 ], [ 101.675531487550344, 12.725362008271183 ], [ 101.675715516478334, 12.725360148512763 ], [ 101.675720252835902, 12.725811797835906 ], [ 101.675812267451377, 12.725810867874788 ], [ 101.675813214777222, 12.725901197730551 ], [ 101.675905229417893, 12.725900267730726 ], [ 101.675907124156396, 12.726080927426565 ], [ 101.676091153545812, 12.726079067303992 ], [ 101.676092100990957, 12.726169397137257 ], [ 101.676276130416213, 12.726167536873486 ], [ 101.676277077933605, 12.726257866692432 ], [ 101.676185063192136, 12.726258796847077 ], [ 101.676188853204621, 12.726620116143287 ], [ 101.67628086807602, 12.726619185961379 ], [ 101.676282763190926, 12.726799845591742 ], [ 101.676374778120021, 12.726798915364306 ], [ 101.676375725720874, 12.726889245171654 ], [ 101.676467740675164, 12.726888314905509 ], [ 101.676468688315794, 12.726978644705348 ], [ 101.67656070329528, 12.726977714400492 ], [ 101.676559755622151, 12.726887384607471 ], [ 101.676651770561861, 12.726886454277542 ], [ 101.676650822863536, 12.726796124490653 ], [ 101.676834852656128, 12.726794263748749 ], [ 101.676833904900121, 12.726703933974807 ], [ 101.676925919752989, 12.726703003562838 ], [ 101.676923076431251, 12.726432014257361 ], [ 101.677015091179399, 12.726431083833949 ], [ 101.677013195603038, 12.726250424307182 ], [ 101.676829166229396, 12.726252285094841 ] ], [ [ 101.67279943982787, 12.728099791561545 ], [ 101.672707424160066, 12.728100720640462 ], [ 101.672706477763995, 12.728010390569548 ], [ 101.672798493399313, 12.728009461497438 ], [ 101.672797546978032, 12.727919131432646 ], [ 101.672889562573587, 12.727918202335449 ], [ 101.672887669687867, 12.727737542217424 ], [ 101.673255731737456, 12.727733825564139 ], [ 101.673250999000743, 12.727282175393269 ], [ 101.673158983661708, 12.727283104570393 ], [ 101.673158037168676, 12.727192774527358 ], [ 101.673066021854837, 12.727193703665781 ], [ 101.673065075401567, 12.727103373615254 ], [ 101.672973060112938, 12.727104302714974 ], [ 101.672970220894257, 12.726833312538867 ], [ 101.672878205695795, 12.726834241586269 ], [ 101.672875366640056, 12.726563251383585 ], [ 101.672783351531777, 12.726564180378674 ], [ 101.672782405226897, 12.726473850302936 ], [ 101.672690390143828, 12.726474779259323 ], [ 101.67268944387871, 12.726384449176093 ], [ 101.672597428820836, 12.726385378093784 ], [ 101.67259648259548, 12.726295048003067 ], [ 101.672504467562831, 12.726295976882058 ], [ 101.672500682864055, 12.725934656485119 ], [ 101.672408667954059, 12.725935585304988 ], [ 101.672405829603804, 12.72566459497968 ], [ 101.672313814783976, 12.725665523747244 ], [ 101.672312868714258, 12.725575193630636 ], [ 101.672220853919626, 12.725576122359502 ], [ 101.672219907889669, 12.725485792235403 ], [ 101.672035878343564, 12.725487649583862 ], [ 101.672034932385841, 12.725397319445468 ], [ 101.671850902875605, 12.725399176652758 ], [ 101.671849956990101, 12.725308846500068 ], [ 101.671757942256562, 12.725309775049075 ], [ 101.671756050572341, 12.725129114728038 ], [ 101.671664035896498, 12.725130043231545 ], [ 101.671662144306325, 12.724949382894161 ], [ 101.671570129688163, 12.724950311352172 ], [ 101.671569183936455, 12.724859981175653 ], [ 101.671293140135745, 12.724862766337942 ], [ 101.671295031451535, 12.725043426731123 ], [ 101.671203016771798, 12.725044355068386 ], [ 101.671204908051706, 12.725225015472436 ], [ 101.671112893299735, 12.725225943791415 ], [ 101.671115730176695, 12.725496934412774 ], [ 101.671023715320018, 12.725497862720271 ], [ 101.671024660927728, 12.725588192932827 ], [ 101.67111667581689, 12.725587264618524 ], [ 101.671117621464361, 12.725677594823591 ], [ 101.67120963637872, 12.7256766664706 ], [ 101.671208690698776, 12.725586336272334 ], [ 101.671300705573401, 12.725585407894256 ], [ 101.671299759868248, 12.72549507770211 ], [ 101.67139177470311, 12.725494149298941 ], [ 101.671393666185651, 12.725674809668943 ], [ 101.671485681078209, 12.725673881220278 ], [ 101.671483789530697, 12.725493220863884 ], [ 101.671667819164085, 12.725491363898103 ], [ 101.671671602548031, 12.72585268455372 ], [ 101.67121152776042, 12.72585732686508 ], [ 101.671212473462191, 12.725947657061292 ], [ 101.671028443431283, 12.725949513776209 ], [ 101.671029389075343, 12.726039843985342 ], [ 101.670937374016503, 12.726040772301765 ], [ 101.670938319635354, 12.726131102517019 ], [ 101.670754289430903, 12.726132959067796 ], [ 101.670755234992058, 12.726223289295973 ], [ 101.670663219846446, 12.72622421753033 ], [ 101.670664165382391, 12.726314547764618 ], [ 101.670756180560488, 12.726313619523465 ], [ 101.670758071719149, 12.726494279976393 ], [ 101.670850086954943, 12.726493351689742 ], [ 101.670851978207665, 12.726674012126335 ], [ 101.670943993501155, 12.726673083794184 ], [ 101.67094588484791, 12.726853744214432 ], [ 101.671129915543034, 12.726851887427241 ], [ 101.671131807048823, 12.727032547817547 ], [ 101.671223822450443, 12.727031619362508 ], [ 101.671226659861105, 12.72730260992242 ], [ 101.671318675352907, 12.727301681415076 ], [ 101.671321512926482, 12.727572671948428 ], [ 101.671505544083203, 12.727570814797234 ], [ 101.671506490020562, 12.72766114496004 ], [ 101.671690521213165, 12.727659287667656 ], [ 101.671695251333986, 12.728110938403393 ], [ 101.671787267081811, 12.728110009675337 ], [ 101.671788213160283, 12.728200339813625 ], [ 101.671880228933333, 12.728199411046866 ], [ 101.671881175051567, 12.728289741177671 ], [ 101.671973190849826, 12.728288812372211 ], [ 101.671974137007822, 12.728379142495521 ], [ 101.672250184456431, 12.728376355867344 ], [ 101.672251130719147, 12.728466685969556 ], [ 101.672343146553288, 12.728465757022894 ], [ 101.672347878138524, 12.728917407489664 ], [ 101.672439894127834, 12.728916478477073 ], [ 101.672440840499192, 12.72900680856157 ], [ 101.672716888520966, 12.729004021311995 ], [ 101.672715942052136, 12.72891369124792 ], [ 101.672807958012342, 12.728912762107738 ], [ 101.672807011518302, 12.728822432049785 ], [ 101.67289902743876, 12.728821502884514 ], [ 101.672896187902808, 12.728550512726979 ], [ 101.672988203718518, 12.728549583550231 ], [ 101.672986310665962, 12.728368923455401 ], [ 101.672894294915224, 12.728369852618533 ], [ 101.672892401956744, 12.728189192507351 ], [ 101.672800386263717, 12.728190121624971 ], [ 101.67279943982787, 12.728099791561545 ] ], [ [ 101.672241668419161, 12.727563384916655 ], [ 101.672242614616422, 12.727653715025022 ], [ 101.672334630158176, 12.727652786139618 ], [ 101.672335576395199, 12.727743116240497 ], [ 101.672151545239458, 12.727744973993023 ], [ 101.672150599067393, 12.727654643878532 ], [ 101.671966567947521, 12.727656501489871 ], [ 101.671965621847718, 12.727566171361087 ], [ 101.671781590763729, 12.727568028831229 ], [ 101.671780644736174, 12.727477698688148 ], [ 101.671872660249321, 12.727476769975828 ], [ 101.671871714196556, 12.727386439838872 ], [ 101.671963729669926, 12.727385511101463 ], [ 101.671962783591937, 12.727295180970627 ], [ 101.672146814451921, 12.727293323413734 ], [ 101.672149652902618, 12.727564313763361 ], [ 101.672241668419161, 12.727563384916655 ] ], [ [ 101.672043446267253, 12.726210290666399 ], [ 101.672044392290431, 12.726300620798638 ], [ 101.672228422421213, 12.72629876332768 ], [ 101.672233152971103, 12.726750413910562 ], [ 101.671773076777527, 12.726755057518899 ], [ 101.671771184860589, 12.726574397219746 ], [ 101.671679169665012, 12.726575325832123 ], [ 101.671676331941597, 12.726304335357854 ], [ 101.671584316836217, 12.726305263917929 ], [ 101.671582425121926, 12.726124603584713 ], [ 101.671674440162363, 12.72612367503825 ], [ 101.671673494283638, 12.726033344877422 ], [ 101.671765509284313, 12.726032416305868 ], [ 101.67176645519551, 12.726122746459891 ], [ 101.671950485240004, 12.726120889207506 ], [ 101.671951431223434, 12.726211219347235 ], [ 101.672043446267253, 12.726210290666399 ] ], [ [ 101.686142097826789, 12.693003609989837 ], [ 101.685866091722204, 12.693006403445908 ], [ 101.68586704007231, 12.693096732777631 ], [ 101.685499031700999, 12.693100456967821 ], [ 101.685498083480439, 12.693010127608744 ], [ 101.685590085551837, 12.693009196615739 ], [ 101.685587240836853, 12.692738208554916 ], [ 101.685679242803786, 12.692737277550627 ], [ 101.685678294547671, 12.692646948202492 ], [ 101.685586292613138, 12.692647879199942 ], [ 101.685585344396728, 12.692557549844286 ], [ 101.685493342487277, 12.692558480803095 ], [ 101.685495238862629, 12.692739139527399 ], [ 101.685219232896102, 12.692741932254039 ], [ 101.685220180997561, 12.692832261635683 ], [ 101.685036176918572, 12.692834123308099 ], [ 101.685037124962562, 12.692924452702735 ], [ 101.684945122879725, 12.692925383498077 ], [ 101.684946070898633, 12.69301571289887 ], [ 101.68485406877609, 12.693016643669241 ], [ 101.684855964771046, 12.693197302482451 ], [ 101.684763962576412, 12.693198233234691 ], [ 101.684764910552474, 12.693288562647107 ], [ 101.68485691277948, 12.693287631888028 ], [ 101.684857860795205, 12.693377961292928 ], [ 101.684949863047322, 12.693377030495203 ], [ 101.684950811102738, 12.693467359892578 ], [ 101.685134815649803, 12.693465498188045 ], [ 101.685135763777325, 12.693555827571068 ], [ 101.685227766072288, 12.693554896664253 ], [ 101.6852287142395, 12.693645226039752 ], [ 101.685320716559559, 12.693644295094295 ], [ 101.685321664766462, 12.693734624462271 ], [ 101.685505669449427, 12.693732762462261 ], [ 101.685506617728436, 12.693823091815881 ], [ 101.685598620091355, 12.693822160761329 ], [ 101.685599568410055, 12.693912490107424 ], [ 101.685691570798056, 12.693911559014229 ], [ 101.685692519156461, 12.694001888352799 ], [ 101.685784521569545, 12.694000957220958 ], [ 101.685783573178739, 12.693910627889222 ], [ 101.68596757791822, 12.693908765543798 ], [ 101.685965681028975, 12.69372810690564 ], [ 101.686057683322971, 12.693727175698896 ], [ 101.686056734856919, 12.693636846385633 ], [ 101.68614873711121, 12.693635915153925 ], [ 101.686147788620076, 12.69354558584682 ], [ 101.686239790834662, 12.693544654590143 ], [ 101.686235048326708, 12.693093008078568 ], [ 101.686143046274054, 12.69309393930104 ], [ 101.686142097826789, 12.693003609989837 ] ], [ [ 101.683786056864577, 12.696460330533876 ], [ 101.68387806030573, 12.696459399885443 ], [ 101.68387521660452, 12.696188411512788 ], [ 101.683783213260554, 12.696189342140711 ], [ 101.683782265407146, 12.696099012674958 ], [ 101.683690262088263, 12.696099943264237 ], [ 101.683689314274559, 12.696009613790968 ], [ 101.683597310980787, 12.6960105443416 ], [ 101.683596363206775, 12.695920214860813 ], [ 101.683412356662103, 12.695922075852975 ], [ 101.683411408960197, 12.695831746357836 ], [ 101.683319405709312, 12.695832676799364 ], [ 101.683318458047097, 12.695742347296711 ], [ 101.682950445100133, 12.695746068717382 ], [ 101.682951392632759, 12.695836398247367 ], [ 101.682767386050671, 12.695838258780498 ], [ 101.6827683335258, 12.695928588323467 ], [ 101.682584326849721, 12.695930448743011 ], [ 101.682587169124503, 12.696201437408801 ], [ 101.682679172563397, 12.696200507194442 ], [ 101.682680120035315, 12.696290836741507 ], [ 101.682772123499291, 12.696289906488502 ], [ 101.682773071010899, 12.696380236028054 ], [ 101.682221049923157, 12.696385817109881 ], [ 101.682222944579507, 12.696566476268911 ], [ 101.682314948177179, 12.696565546154476 ], [ 101.682316842927506, 12.696746205297112 ], [ 101.682408846582689, 12.696745275137204 ], [ 101.682409794001202, 12.696835604700667 ], [ 101.682501797681482, 12.696834674502114 ], [ 101.682502745139686, 12.696925004058063 ], [ 101.682594748845062, 12.696924073820863 ], [ 101.682595696342972, 12.697014403369298 ], [ 101.682779703796626, 12.697012542785792 ], [ 101.682780651366642, 12.69710287231988 ], [ 101.68287265511492, 12.697101941973573 ], [ 101.682873602724641, 12.697192271500144 ], [ 101.682965606498016, 12.697191341115188 ], [ 101.682966554147441, 12.697281670634249 ], [ 101.683058557945927, 12.697280740210648 ], [ 101.6830576102641, 12.697190410698422 ], [ 101.683241617774371, 12.697188549769436 ], [ 101.683238774578314, 12.696917561269665 ], [ 101.68314677092404, 12.696918491729562 ], [ 101.683145823239016, 12.696828162221436 ], [ 101.683605841275394, 12.696823509637953 ], [ 101.683604893435671, 12.696733180163312 ], [ 101.68369689698865, 12.696732249558005 ], [ 101.68369594912383, 12.696641920089519 ], [ 101.683787952637104, 12.696640989459235 ], [ 101.683786056864577, 12.696460330533876 ] ], [ [ 101.682774966056044, 12.696560895105106 ], [ 101.682774018529827, 12.696470565566921 ], [ 101.6828660220513, 12.696469635268439 ], [ 101.682866969609933, 12.696559964799793 ], [ 101.682774966056044, 12.696560895105106 ] ], [ [ 101.681653713967847, 12.712471920947992 ], [ 101.681651817261383, 12.712291261920219 ], [ 101.681559807956688, 12.712292192936554 ], [ 101.681556963049076, 12.712021204369282 ], [ 101.68164897225644, 12.712020273373438 ], [ 101.681645179018687, 12.711658955301493 ], [ 101.681553169941083, 12.711659886270017 ], [ 101.681551273430884, 12.71147922721628 ], [ 101.681459264410861, 12.711480158139299 ], [ 101.681457367994724, 12.71129949906917 ], [ 101.681365359032299, 12.711300429946677 ], [ 101.681363462710237, 12.711119770860158 ], [ 101.681455471607777, 12.71111883999631 ], [ 101.681452627082095, 12.710847851381891 ], [ 101.681728653439009, 12.710845058660697 ], [ 101.681730549976805, 12.711025717696684 ], [ 101.682190594083423, 12.71102106245605 ], [ 101.682189645648691, 12.710930732972548 ], [ 101.682373663175369, 12.710928870667001 ], [ 101.682370817720283, 12.710657882253379 ], [ 101.682462826375357, 12.71065695107332 ], [ 101.682461877872484, 12.710566621607576 ], [ 101.682553886487824, 12.7105656904025 ], [ 101.682552937959812, 12.710475360942905 ], [ 101.68282896366469, 12.710472567157071 ], [ 101.682829912290018, 12.710562896596171 ], [ 101.683013929454972, 12.710561033899371 ], [ 101.683012980764786, 12.71047070447394 ], [ 101.682920972218383, 12.710471635831428 ], [ 101.682918126288925, 12.710200647530526 ], [ 101.682826117832548, 12.710201578835672 ], [ 101.682822323491891, 12.709840261064233 ], [ 101.682638306816727, 12.709842123524318 ], [ 101.682636409819949, 12.709661464607169 ], [ 101.682268376641503, 12.709665189090517 ], [ 101.682269325006502, 12.70975551857676 ], [ 101.682177316661196, 12.709756449624809 ], [ 101.682178265001056, 12.709846779117198 ], [ 101.682086256616017, 12.709847710140231 ], [ 101.682087204930738, 12.709938039638766 ], [ 101.682363230161243, 12.709935246453636 ], [ 101.682365127007202, 12.710115905407672 ], [ 101.68227311853947, 12.710116836514894 ], [ 101.682275015349745, 12.71029749547986 ], [ 101.682090998262609, 12.710299357626077 ], [ 101.682090049918699, 12.710209028130276 ], [ 101.681998041396625, 12.710209959148781 ], [ 101.681998989708092, 12.710300288651412 ], [ 101.681630955417049, 12.710304012434261 ], [ 101.681631903606061, 12.710394341963529 ], [ 101.68153989498262, 12.710395272836445 ], [ 101.681540843146522, 12.710485602371858 ], [ 101.681264817135073, 12.71048839482 ], [ 101.681265765208934, 12.710578724375218 ], [ 101.680713712794429, 12.710584308452523 ], [ 101.680712764915214, 12.710493978856341 ], [ 101.680620756186357, 12.710494909417593 ], [ 101.680619808346862, 12.710404579813897 ], [ 101.680527799643144, 12.71040551033647 ], [ 101.680526851843382, 12.710315180725269 ], [ 101.680434843164832, 12.710316111209165 ], [ 101.680433895404789, 12.71022578159045 ], [ 101.680341886751364, 12.710226712035672 ], [ 101.68033999131805, 12.710046052782547 ], [ 101.680247982722221, 12.710046983182263 ], [ 101.680247035048936, 12.709956653547851 ], [ 101.680155026478246, 12.709957583908896 ], [ 101.680154078844694, 12.709867254266969 ], [ 101.679970061746303, 12.709869114879865 ], [ 101.679972904474212, 12.710140103844536 ], [ 101.680064913124355, 12.710139173533538 ], [ 101.680066808377646, 12.710319832826253 ], [ 101.680158817085371, 12.710318902469757 ], [ 101.680160712432709, 12.710499561746085 ], [ 101.68025272119803, 12.710498631344084 ], [ 101.680253668915071, 12.710588960974398 ], [ 101.680345677705532, 12.710588030533724 ], [ 101.680346625462306, 12.710678360156527 ], [ 101.680254616639402, 12.710679290604027 ], [ 101.680257459856179, 12.710950279488817 ], [ 101.679981433051751, 12.710953070701645 ], [ 101.679979537761241, 12.71077241140485 ], [ 101.679795519984921, 12.710774272026846 ], [ 101.679794572415474, 12.710683942363776 ], [ 101.679610554674866, 12.71068580284472 ], [ 101.679612449691277, 12.710866462197481 ], [ 101.679520440745151, 12.710867392403825 ], [ 101.679521388231848, 12.710957722086004 ], [ 101.679245361252399, 12.710960512534404 ], [ 101.67924630864907, 12.711050842236368 ], [ 101.679706353740556, 12.711046191295658 ], [ 101.679707301306735, 12.711136520962825 ], [ 101.679799310335596, 12.711135590672303 ], [ 101.679800257941494, 12.711225920331955 ], [ 101.679984276042205, 12.711224059641712 ], [ 101.679983328371421, 12.711133729995701 ], [ 101.680259355370495, 12.711130938741926 ], [ 101.680261250914, 12.711311597992296 ], [ 101.680353259963979, 12.711310667497012 ], [ 101.680354207779104, 12.711400997114348 ], [ 101.680446216854236, 12.711400066580389 ], [ 101.680447164709093, 12.711490396190216 ], [ 101.680539173809379, 12.711489465617575 ], [ 101.680544861286407, 12.712031443221214 ], [ 101.680636870574048, 12.712030512575764 ], [ 101.680637818544852, 12.712120842167145 ], [ 101.680729827857633, 12.712119911483015 ], [ 101.680730775868184, 12.712210241066892 ], [ 101.680822785206104, 12.712209310344081 ], [ 101.680825629378859, 12.712480299071125 ], [ 101.680733619943609, 12.712481229814417 ], [ 101.680737412146314, 12.712842548134882 ], [ 101.680829421711351, 12.712841617364276 ], [ 101.68083131792136, 12.71302227650675 ], [ 101.680923327543994, 12.713021345690635 ], [ 101.680929016543828, 12.71356332306069 ], [ 101.681021026353832, 12.713562392171751 ], [ 101.681021974578471, 12.713652721724207 ], [ 101.681205994241481, 12.713650859837104 ], [ 101.68120504595197, 12.713560530298304 ], [ 101.681573085060677, 12.713556806169114 ], [ 101.68157118824395, 12.713376147144096 ], [ 101.681755207624732, 12.71337428491567 ], [ 101.681751413819313, 12.713012966912066 ], [ 101.681659404262362, 12.713013898014891 ], [ 101.68165750746833, 12.712833238995325 ], [ 101.681749516960394, 12.712832307906163 ], [ 101.681745723330138, 12.712470989886146 ], [ 101.681653713967847, 12.712471920947992 ] ], [ [ 101.684231871904899, 12.712626497817618 ], [ 101.684139862674854, 12.712627429753214 ], [ 101.68413891342739, 12.712537100425518 ], [ 101.684046904222484, 12.712538032322422 ], [ 101.684045955014781, 12.712447702987205 ], [ 101.683953945835029, 12.712448634845419 ], [ 101.683947301812665, 12.71181632943191 ], [ 101.683855292852698, 12.711817261210426 ], [ 101.683854343768317, 12.711726931856068 ], [ 101.683762334833474, 12.711727863595893 ], [ 101.683761385788841, 12.71163753423402 ], [ 101.683669376879138, 12.71163846593516 ], [ 101.683668427874238, 12.711548136565765 ], [ 101.683576418989688, 12.711549068228218 ], [ 101.683572623172878, 12.711187750716466 ], [ 101.683480614410783, 12.711188682319728 ], [ 101.683481563321592, 12.711279011705527 ], [ 101.683389554519763, 12.71127994328377 ], [ 101.683384810200948, 12.710828296313778 ], [ 101.683292801554003, 12.710829227826002 ], [ 101.683291852744574, 12.710738898423116 ], [ 101.683199844122782, 12.710739829896658 ], [ 101.683197946590738, 12.710559171075172 ], [ 101.6831059380265, 12.710560102503198 ], [ 101.683106886756448, 12.710650431921113 ], [ 101.682922869541201, 12.710652294695281 ], [ 101.682923818213567, 12.71074262412618 ], [ 101.682831809562558, 12.710743555472321 ], [ 101.682832758209784, 12.710833884909372 ], [ 101.682740749519027, 12.710834816230493 ], [ 101.682741698141115, 12.71092514567369 ], [ 101.682649689410624, 12.710926076969793 ], [ 101.682651586611826, 12.7111067358678 ], [ 101.682559577809144, 12.711107667145717 ], [ 101.682560526388258, 12.711197996600527 ], [ 101.682284499839128, 12.711200790263664 ], [ 101.682285448328216, 12.711291119738281 ], [ 101.682101430527425, 12.711292982034776 ], [ 101.682102378958916, 12.711383311522374 ], [ 101.682010370015135, 12.711384242629673 ], [ 101.682011318421502, 12.711474572123418 ], [ 101.681827300447154, 12.71147643425612 ], [ 101.681828248795924, 12.711566763762841 ], [ 101.681920257819186, 12.711565832705586 ], [ 101.681923103006653, 12.711836821201157 ], [ 101.682015112119942, 12.711835890091558 ], [ 101.682021751373213, 12.71246819650948 ], [ 101.682113760706315, 12.712467265320216 ], [ 101.682114709232707, 12.712557594798923 ], [ 101.682206718590948, 12.712556663570977 ], [ 101.682207667157073, 12.712646993042169 ], [ 101.682299676540467, 12.712646061775535 ], [ 101.682298727941884, 12.712555732311172 ], [ 101.682758774587072, 12.71255107553432 ], [ 101.682757825833576, 12.712460746103428 ], [ 101.682941844375662, 12.71245888318337 ], [ 101.682940895564585, 12.712368553765458 ], [ 101.683032904792228, 12.712367622264477 ], [ 101.683033853635763, 12.712457951675557 ], [ 101.683125862888545, 12.712457020135888 ], [ 101.683126811771814, 12.712547349539447 ], [ 101.683218821049749, 12.712546417961091 ], [ 101.683222616785642, 12.712907735541156 ], [ 101.683130607377947, 12.712908667146843 ], [ 101.683129658465461, 12.71281833774602 ], [ 101.683037649082891, 12.71281926931302 ], [ 101.683036700210153, 12.712728939904679 ], [ 101.682852681488001, 12.712730802929446 ], [ 101.682853630295853, 12.712821132351452 ], [ 101.682761620891384, 12.712822063822884 ], [ 101.682762569674082, 12.71291239325104 ], [ 101.682670560229866, 12.712913324697448 ], [ 101.682669611479611, 12.712822995262462 ], [ 101.682577602060533, 12.712823926670183 ], [ 101.682578550778345, 12.712914256112001 ], [ 101.682394531853419, 12.712916118845536 ], [ 101.682395480513634, 12.713006448300339 ], [ 101.682487490012207, 12.713005516942662 ], [ 101.682489387419437, 12.713186175836546 ], [ 101.682949435127199, 12.71318151850202 ], [ 101.6829484862577, 12.71309118908958 ], [ 101.683040495744919, 12.713090257533938 ], [ 101.683039546850267, 12.712999928127649 ], [ 101.68405165037062, 12.712989678988244 ], [ 101.684050701126395, 12.712899349656446 ], [ 101.684234719788421, 12.712897485776095 ], [ 101.684233770486614, 12.712807156457286 ], [ 101.684325779774227, 12.712806224476164 ], [ 101.684324830447281, 12.712715895163507 ], [ 101.684232821192097, 12.712716827137793 ], [ 101.684231871904899, 12.712626497817618 ] ], [ [ 101.682752133465897, 12.711918769503731 ], [ 101.682749287380631, 12.711647781194653 ], [ 101.683117323267652, 12.711644055473087 ], [ 101.683119220910072, 12.711824714291827 ], [ 101.683027211884379, 12.711825645783664 ], [ 101.683028160684103, 12.711915975198846 ], [ 101.682752133465897, 12.711918769503731 ] ], [ [ 101.678721726328746, 12.71367598456089 ], [ 101.678719831509156, 12.713495325114053 ], [ 101.67862782154927, 12.71349625519972 ], [ 101.678625926823727, 12.713315595736505 ], [ 101.678349897095003, 12.713318385761429 ], [ 101.678351791625857, 12.713499045265571 ], [ 101.678167771640474, 12.713500905150184 ], [ 101.678168718851936, 12.713591234914873 ], [ 101.678076708815851, 12.713592164816211 ], [ 101.678077656002159, 12.71368249458704 ], [ 101.677893635843262, 12.713684354307782 ], [ 101.677896477251238, 12.713955343657076 ], [ 101.677988487431676, 12.713954413792171 ], [ 101.677992276207476, 12.714315732887712 ], [ 101.678084286510426, 12.714314802963671 ], [ 101.678087128266156, 12.714585792257683 ], [ 101.678179138659161, 12.714584862281319 ], [ 101.678181033264309, 12.714765521793606 ], [ 101.678273043714938, 12.714764591771738 ], [ 101.678273991060891, 12.714854921520034 ], [ 101.678366001536673, 12.714853991459485 ], [ 101.678366948922388, 12.71494432120028 ], [ 101.678458959423324, 12.714943391101047 ], [ 101.67845801200518, 12.714853061367075 ], [ 101.678734043366916, 12.714850270898674 ], [ 101.678733095858703, 12.714759941184484 ], [ 101.679009127057483, 12.714757150449801 ], [ 101.67900438913901, 12.714305501970935 ], [ 101.678912378908947, 12.714306432213577 ], [ 101.678910483857507, 12.714125772803603 ], [ 101.678818473685055, 12.714126703000741 ], [ 101.678813736346257, 12.713675054429723 ], [ 101.678721726328746, 12.71367598456089 ] ], [ [ 101.684890179792561, 12.713974912389489 ], [ 101.684888280566639, 12.713794253863316 ], [ 101.684796270965947, 12.713795186110781 ], [ 101.684794371834158, 12.713614527568202 ], [ 101.684702362291063, 12.713615459770136 ], [ 101.6846995137455, 12.71334447193062 ], [ 101.68460750429243, 12.713345404080185 ], [ 101.684606554824313, 12.713255074792142 ], [ 101.684054498147148, 12.713260666979529 ], [ 101.684055447420604, 12.713350996308588 ], [ 101.683871428404885, 12.713352860129868 ], [ 101.683872377620744, 12.713443189471915 ], [ 101.683780368069492, 12.713444121341606 ], [ 101.683781317260213, 12.713534450689805 ], [ 101.683413278852356, 12.713538177877323 ], [ 101.683412329791409, 12.713447848501787 ], [ 101.683320320203634, 12.713448780212188 ], [ 101.683321269232138, 12.713539109594564 ], [ 101.683137249969775, 12.71354097293346 ], [ 101.683138198940668, 12.713631302328814 ], [ 101.682586140783684, 12.713636891621929 ], [ 101.682587089567207, 12.713727221057594 ], [ 101.682311060292804, 12.713730015294566 ], [ 101.682312008986287, 12.713820344750037 ], [ 101.681851959887396, 12.713825001208646 ], [ 101.681854805524907, 12.714095989673426 ], [ 101.681762795585882, 12.714096920890062 ], [ 101.681764692649168, 12.714277579876821 ], [ 101.681672682637952, 12.714278511075257 ], [ 101.681671734135108, 12.714188181575389 ], [ 101.681487714155693, 12.714190043863024 ], [ 101.681486765725055, 12.714099714348816 ], [ 101.68121073579853, 12.714102507520838 ], [ 101.681211684131824, 12.714192837055531 ], [ 101.681119674109254, 12.714193768055981 ], [ 101.68112062241741, 12.714284097596824 ], [ 101.681028612355107, 12.714285028572242 ], [ 101.681029560638109, 12.714375358119225 ], [ 101.680845540426731, 12.714377219988139 ], [ 101.680846488652108, 12.714467549548097 ], [ 101.680754478503033, 12.714468480441589 ], [ 101.680755426703271, 12.714558810007684 ], [ 101.680203365460869, 12.714564394740545 ], [ 101.680204313473709, 12.714654724346925 ], [ 101.680020292936319, 12.71465658568331 ], [ 101.680021240891534, 12.71474691530265 ], [ 101.679745209933401, 12.71474970708875 ], [ 101.679746157798562, 12.714840036727884 ], [ 101.67947012667743, 12.714842828247706 ], [ 101.67947107445255, 12.714933157906632 ], [ 101.679195043168448, 12.714935949160173 ], [ 101.679195990853486, 12.715026278838881 ], [ 101.6789199594064, 12.715029069826135 ], [ 101.678920907001384, 12.715119399524633 ], [ 101.678460854281511, 12.715124050566937 ], [ 101.678461801721525, 12.715214380298855 ], [ 101.678001748657138, 12.715219030578707 ], [ 101.678002695942197, 12.715309360344049 ], [ 101.677726663918747, 12.715312150150073 ], [ 101.677728558316005, 12.715492809719615 ], [ 101.677636547562031, 12.715493739604872 ], [ 101.677637494739145, 12.715584069395437 ], [ 101.677729505525548, 12.715583139503364 ], [ 101.67773234719796, 12.715854128850504 ], [ 101.677824358074446, 12.71585319890611 ], [ 101.677829094503153, 12.716304847770239 ], [ 101.677737083464393, 12.716305777748735 ], [ 101.677738030739533, 12.716396107526331 ], [ 101.67764601966104, 12.716397037479776 ], [ 101.677648861432857, 12.716668026828916 ], [ 101.677556850249701, 12.716668956770956 ], [ 101.677557797489087, 12.716759286559457 ], [ 101.677465786266183, 12.716760216476448 ], [ 101.677466733480401, 12.716850546271079 ], [ 101.677374722217763, 12.716851476163027 ], [ 101.677375669406814, 12.716941805963794 ], [ 101.677283658104429, 12.716942735830692 ], [ 101.677287446803675, 12.717304055054203 ], [ 101.677195435364155, 12.717304984916506 ], [ 101.677197329692589, 12.717485644537796 ], [ 101.67728934119701, 12.717484714661856 ], [ 101.677290288404606, 12.717575044464656 ], [ 101.677474311456493, 12.717573184603532 ], [ 101.677475258736294, 12.717663514392013 ], [ 101.677751293356863, 12.717660724340856 ], [ 101.677752240741313, 12.717751054108193 ], [ 101.677936263850171, 12.717749193901106 ], [ 101.67793721130684, 12.717839523654121 ], [ 101.678121234451439, 12.717837663305914 ], [ 101.678122181980328, 12.717927993044604 ], [ 101.67839821673995, 12.717925202262817 ], [ 101.678399164373502, 12.71801553198036 ], [ 101.6786751991649, 12.718012740891284 ], [ 101.678676146903115, 12.718103070587679 ], [ 101.67941223961904, 12.718095626226628 ], [ 101.679413187624235, 12.718185955867757 ], [ 101.679505199213366, 12.71818502517239 ], [ 101.679506147258294, 12.718275354806005 ], [ 101.679690170479617, 12.718273493306011 ], [ 101.679691118596779, 12.7183638229253 ], [ 101.679783130228955, 12.718362892120668 ], [ 101.67978407838585, 12.718453221732448 ], [ 101.679876090043194, 12.718452290889125 ], [ 101.679877038239852, 12.718542620493395 ], [ 101.679969049922377, 12.718541689611374 ], [ 101.679969998158782, 12.718632019208131 ], [ 101.680062009866461, 12.718631088287419 ], [ 101.680062958142628, 12.718721417876672 ], [ 101.680154969875474, 12.71872048691726 ], [ 101.680155918191389, 12.718810816499001 ], [ 101.680339941700126, 12.718808954470914 ], [ 101.680340890088274, 12.718899284038317 ], [ 101.680432901864151, 12.718898352969639 ], [ 101.680431953443545, 12.718808023409062 ], [ 101.680800000344277, 12.71880429884294 ], [ 101.680799051801131, 12.718713969308983 ], [ 101.680891063475613, 12.718713038094602 ], [ 101.680890114907299, 12.718622708566791 ], [ 101.68107413816945, 12.718620846056067 ], [ 101.681073189543511, 12.718530516541231 ], [ 101.681257212711543, 12.718528653916684 ], [ 101.681256264027994, 12.718438324414818 ], [ 101.681532298627943, 12.71843553025945 ], [ 101.681531349854282, 12.718345200777387 ], [ 101.681715372819511, 12.71834333786145 ], [ 101.68171442398824, 12.718253008392358 ], [ 101.681898446859336, 12.718251145362602 ], [ 101.681897497970454, 12.71816081590649 ], [ 101.682081520747445, 12.718158952762913 ], [ 101.682080571800938, 12.718068623319777 ], [ 101.682264594483811, 12.718066760062385 ], [ 101.682263645479679, 12.717976430632225 ], [ 101.682447668068434, 12.717974567261018 ], [ 101.682446719006691, 12.717884237843837 ], [ 101.682630741501313, 12.717882374358817 ], [ 101.68262979238196, 12.717792044954615 ], [ 101.682721803585864, 12.717791113171135 ], [ 101.682720854441342, 12.717700783773083 ], [ 101.682904876762336, 12.717698920124178 ], [ 101.682903927560204, 12.717608590739106 ], [ 101.682811916435824, 12.717609522572658 ], [ 101.682810967273454, 12.717519193180069 ], [ 101.682718956174213, 12.717520124974921 ], [ 101.682717057936273, 12.717339466174025 ], [ 101.682625046894671, 12.717340397923342 ], [ 101.682624097819115, 12.717250068515035 ], [ 101.682532086802638, 12.717251000225659 ], [ 101.682530188738355, 12.717070341393329 ], [ 101.682438177779503, 12.717071273058417 ], [ 101.682437228790761, 12.716980943634399 ], [ 101.682345217857062, 12.716981875260791 ], [ 101.682343319966407, 12.716801216397032 ], [ 101.682251309090319, 12.716802147977898 ], [ 101.682249411293768, 12.716621489097738 ], [ 101.68215740047529, 12.716622420633074 ], [ 101.682156451620429, 12.71653209118514 ], [ 101.682064440827105, 12.716533022681782 ], [ 101.682063492011991, 12.71644269322633 ], [ 101.681971481243835, 12.71644362468427 ], [ 101.681968634939651, 12.716172636293324 ], [ 101.681692602883459, 12.716175430414497 ], [ 101.681698294973344, 12.716717407313167 ], [ 101.681790305860773, 12.716716475930335 ], [ 101.681791254600412, 12.716806805404222 ], [ 101.681883265512994, 12.716805873982688 ], [ 101.681887060674399, 12.717167191844082 ], [ 101.681795049631987, 12.717168123292934 ], [ 101.681795998408148, 12.717258452763405 ], [ 101.681703987325974, 12.717259384187221 ], [ 101.681704936076969, 12.71734971366384 ], [ 101.681428902689319, 12.717352507764565 ], [ 101.681429851350231, 12.717442837260982 ], [ 101.681153817799526, 12.717445631095394 ], [ 101.681154766370369, 12.717535960611611 ], [ 101.680878732656623, 12.717538754179692 ], [ 101.680879681137384, 12.717629083715714 ], [ 101.680695658560154, 12.71763094594875 ], [ 101.68069660698329, 12.717721275497739 ], [ 101.68042057296536, 12.717724068628762 ], [ 101.680419624639597, 12.71763373905929 ], [ 101.679775545236296, 12.71764025520182 ], [ 101.679776493334842, 12.717730584819071 ], [ 101.679684481929883, 12.717731515575927 ], [ 101.679681637753475, 12.71746052670165 ], [ 101.67995767165435, 12.717457734396902 ], [ 101.679956723512774, 12.717367404791252 ], [ 101.680140746011972, 12.717365543109063 ], [ 101.680139797812757, 12.717275213516379 ], [ 101.680323820217865, 12.717273351720369 ], [ 101.680322871961039, 12.717183022140654 ], [ 101.680414883120193, 12.717182091201675 ], [ 101.680412038296097, 12.7169111024789 ], [ 101.680320027234316, 12.716912033397405 ], [ 101.680318130786318, 12.716731374231815 ], [ 101.680226119782148, 12.716732305104797 ], [ 101.680225171601535, 12.716641975514149 ], [ 101.680133160622532, 12.716642906348438 ], [ 101.680127471886806, 12.716100928749245 ], [ 101.68003546109523, 12.716101859510715 ], [ 101.680034513030591, 12.716011529901634 ], [ 101.680310545286062, 12.716008737542102 ], [ 101.68031244161736, 12.716189396718633 ], [ 101.680404452419509, 12.716188465854742 ], [ 101.680405400628558, 12.716278795435157 ], [ 101.68049741145586, 12.716277864532579 ], [ 101.680504049350603, 12.716910171528534 ], [ 101.680596060397789, 12.716909240546302 ], [ 101.680597008730103, 12.716999570107591 ], [ 101.680689019802458, 12.716998639086665 ], [ 101.680689968174534, 12.717088968640441 ], [ 101.681150023589154, 12.717084313023671 ], [ 101.681149075054805, 12.716993983504031 ], [ 101.681333097104684, 12.716992121047914 ], [ 101.681332148512709, 12.716901791541245 ], [ 101.681424159494242, 12.716900860272213 ], [ 101.68142226226729, 12.716720201270487 ], [ 101.681330251350659, 12.71672113252586 ], [ 101.681327405662344, 12.716450143997653 ], [ 101.681235394835795, 12.716451075200673 ], [ 101.681231600816687, 12.716089757126177 ], [ 101.681323611513406, 12.716088825950466 ], [ 101.681322662994418, 12.715998496436958 ], [ 101.681690705578546, 12.715994771442803 ], [ 101.681689756937033, 12.715904441955928 ], [ 101.682609862561904, 12.715895127308361 ], [ 101.682608913603161, 12.715804797889108 ], [ 101.682700924093055, 12.715803866255937 ], [ 101.682699975109159, 12.715713536842836 ], [ 101.682791985559291, 12.715712605184628 ], [ 101.682791036550242, 12.715622275777674 ], [ 101.683159078147924, 12.71561854885355 ], [ 101.68316192558639, 12.715889536990366 ], [ 101.683345946536136, 12.715887673296123 ], [ 101.683344997317775, 12.715797343931534 ], [ 101.683529018173402, 12.715795480123505 ], [ 101.683529967456678, 12.715885809474424 ], [ 101.684726102727964, 12.715873691526712 ], [ 101.684727052440422, 12.71596402078808 ], [ 101.684819062827216, 12.715963088408376 ], [ 101.684820962338975, 12.716143746915389 ], [ 101.68491297278338, 12.716142814490142 ], [ 101.684912022991398, 12.716052485243818 ], [ 101.685004033396027, 12.716051552793546 ], [ 101.685004983220466, 12.716141882033034 ], [ 101.685189004072726, 12.716140017023225 ], [ 101.685187104301335, 12.715959358570915 ], [ 101.685095093943787, 12.715960291078074 ], [ 101.685094144101512, 12.715869961844056 ], [ 101.685186154426631, 12.715869029343732 ], [ 101.685184254699081, 12.715688370887321 ], [ 101.685276264951995, 12.715687438368811 ], [ 101.685274365188789, 12.715506779923336 ], [ 101.685366375369483, 12.715505847386641 ], [ 101.685361625927101, 12.715054201295178 ], [ 101.685269615908666, 12.71505513379768 ], [ 101.6852639170137, 12.714513158424319 ], [ 101.685171907182664, 12.714514090853925 ], [ 101.685170007674373, 12.714333432376993 ], [ 101.685077997900905, 12.714334364761063 ], [ 101.685076098486746, 12.714153706267711 ], [ 101.684984088770889, 12.714154638606246 ], [ 101.684982189450835, 12.713973980096487 ], [ 101.684890179792561, 12.713974912389489 ] ], [ [ 101.685182355000791, 12.715507712428167 ], [ 101.685181405162609, 12.715417383197565 ], [ 101.68527341531815, 12.715416450699575 ], [ 101.685274365188789, 12.715506779923336 ], [ 101.685182355000791, 12.715507712428167 ] ], [ [ 101.679847647535041, 12.715742402443022 ], [ 101.679663626160462, 12.715744263688316 ], [ 101.679662678254815, 12.715653934049199 ], [ 101.679846699564493, 12.715652072817551 ], [ 101.679847647535041, 12.715742402443022 ] ], [ [ 101.680304856467259, 12.715466759996103 ], [ 101.680305804585501, 12.71555708958881 ], [ 101.680213794003222, 12.715558020373054 ], [ 101.680214742096311, 12.715648349971906 ], [ 101.680122731474299, 12.715649280731116 ], [ 101.680123679542206, 12.715739610336108 ], [ 101.680031668880446, 12.715740541070277 ], [ 101.680029772816809, 12.715559881845953 ], [ 101.679937762212674, 12.715560812534607 ], [ 101.679936814224249, 12.715470482914597 ], [ 101.680304856467259, 12.715466759996103 ] ], [ [ 101.679844803645253, 12.715471413564563 ], [ 101.679843855696589, 12.715381083937041 ], [ 101.679935866243127, 12.715380153293898 ], [ 101.679936814224249, 12.715470482914597 ], [ 101.679844803645253, 12.715471413564563 ] ], [ [ 101.683066118660363, 12.715529151245237 ], [ 101.682790087548511, 12.715531946370037 ], [ 101.682789138554071, 12.715441616961714 ], [ 101.682973159237704, 12.715439753590706 ], [ 101.682972210185667, 12.715349424195367 ], [ 101.683064220484084, 12.715348492468904 ], [ 101.683066118660363, 12.715529151245237 ] ], [ [ 101.684078232174869, 12.71551890000087 ], [ 101.683710190999108, 12.715522628172168 ], [ 101.683709241680148, 12.715432298832182 ], [ 101.684077282726108, 12.715428570688223 ], [ 101.684078232174869, 12.71551890000087 ] ], [ [ 101.680487929369178, 12.715374568765935 ], [ 101.680395918866409, 12.715375499600251 ], [ 101.680394970730305, 12.715285170013001 ], [ 101.68048698120063, 12.715284239185511 ], [ 101.680487929369178, 12.715374568765935 ] ], [ [ 101.684536384265456, 12.715333580512226 ], [ 101.68444437408391, 12.715334512748482 ], [ 101.684442474963276, 12.715153854174458 ], [ 101.684166444569513, 12.715156650651045 ], [ 101.684164545672814, 12.714975992033267 ], [ 101.684256555746487, 12.71497505991994 ], [ 101.684255606276636, 12.714884730616863 ], [ 101.684347616310546, 12.714883798478512 ], [ 101.684349515322438, 12.715064457070307 ], [ 101.684625545575031, 12.715061660423064 ], [ 101.684626495189278, 12.715151989697427 ], [ 101.684534485079936, 12.715152921951875 ], [ 101.684536384265456, 12.715333580512226 ] ], [ [ 101.679755607673656, 12.724506235432056 ], [ 101.679571579971665, 12.72450809787383 ], [ 101.679570631423488, 12.724417768287413 ], [ 101.679478617594029, 12.724418699453645 ], [ 101.679475772090726, 12.724147710669813 ], [ 101.679383758351392, 12.724148641783685 ], [ 101.679382809897362, 12.724058312180881 ], [ 101.679290796183224, 12.724059243256049 ], [ 101.679288899361964, 12.723878584034741 ], [ 101.67919688570548, 12.723879515064377 ], [ 101.679195937338278, 12.723789185445874 ], [ 101.679103923706975, 12.723790116436801 ], [ 101.679102975379536, 12.723699786810787 ], [ 101.678918948160018, 12.723701648683338 ], [ 101.678917999904812, 12.723611319043 ], [ 101.678825986316596, 12.723612249924628 ], [ 101.678823141692163, 12.723341260979032 ], [ 101.678915155182963, 12.723340330117871 ], [ 101.678914206956932, 12.723250000474795 ], [ 101.67882219349859, 12.723250931329133 ], [ 101.678819348961667, 12.722979942375327 ], [ 101.678727335593464, 12.722980873177313 ], [ 101.678725439336915, 12.722800213857715 ], [ 101.67863342602638, 12.72280114461417 ], [ 101.67863247794152, 12.722710814946522 ], [ 101.678540464656152, 12.722711745664277 ], [ 101.678539516611039, 12.722621415989121 ], [ 101.678447503350867, 12.722622346668174 ], [ 101.678444659356728, 12.722351357618143 ], [ 101.678352646186667, 12.722352288244849 ], [ 101.678351698235673, 12.722261958553313 ], [ 101.678443711373248, 12.722261027933428 ], [ 101.678442763397072, 12.722170698248034 ], [ 101.678350750291955, 12.722171628861096 ], [ 101.678346958590026, 12.721810310085383 ], [ 101.678254945607506, 12.72181124063928 ], [ 101.678253997732725, 12.721720910936822 ], [ 101.677977958838838, 12.721723702386781 ], [ 101.677978906616218, 12.721814032109702 ], [ 101.677886893604537, 12.721814962536083 ], [ 101.677887841356736, 12.721905292265141 ], [ 101.677795828305293, 12.721906222666462 ], [ 101.677796776032309, 12.721996552401659 ], [ 101.677704762941119, 12.721997482777919 ], [ 101.677706658352065, 12.722178142259896 ], [ 101.67761464518864, 12.722179072617914 ], [ 101.677616540563804, 12.722359732110792 ], [ 101.677708553792172, 12.722358801739134 ], [ 101.67771044926144, 12.722539461215636 ], [ 101.677802462547447, 12.722538530798454 ], [ 101.677803410325495, 12.722628860528861 ], [ 101.677895423636699, 12.72262793007298 ], [ 101.677896371454494, 12.722718259795879 ], [ 101.677988384790893, 12.722717329301297 ], [ 101.677989332648451, 12.722807659016695 ], [ 101.678081346010018, 12.722806728483407 ], [ 101.678085137643023, 12.723168047310875 ], [ 101.678177151127215, 12.723167116718425 ], [ 101.678178099086168, 12.72325744641676 ], [ 101.678270112595527, 12.723256515785607 ], [ 101.67827295661354, 12.723527504856044 ], [ 101.678364970213039, 12.723526574172546 ], [ 101.678365918266095, 12.723616903854502 ], [ 101.678457931890776, 12.723615973132292 ], [ 101.678458879983594, 12.723706302806745 ], [ 101.678550893633471, 12.723705372045831 ], [ 101.67855278990595, 12.723886031379038 ], [ 101.678644803613466, 12.7238851005726 ], [ 101.678647648174277, 12.724156089546813 ], [ 101.678739661971932, 12.724155158688022 ], [ 101.678740610205949, 12.724245488337903 ], [ 101.678832624028786, 12.724244557440406 ], [ 101.678834520583621, 12.724425216724466 ], [ 101.679018548337325, 12.724423354806518 ], [ 101.679019496690628, 12.72451368443388 ], [ 101.679111510589038, 12.724512753420253 ], [ 101.679112458982118, 12.724603083040105 ], [ 101.679204472905695, 12.724602151987769 ], [ 101.679207318226119, 12.724873140822751 ], [ 101.679115304205098, 12.724874071895561 ], [ 101.679116252627338, 12.724964401512675 ], [ 101.679208266680831, 12.724963470433046 ], [ 101.679210163612154, 12.72514412965158 ], [ 101.679486205923766, 12.725141336180423 ], [ 101.679485257357015, 12.725051006591972 ], [ 101.679669285463348, 12.725049144132077 ], [ 101.67966833683893, 12.724958814556588 ], [ 101.679852364851115, 12.724956951982794 ], [ 101.679851416169043, 12.72486662242027 ], [ 101.679943430131715, 12.724865691092365 ], [ 101.679942481424462, 12.724775361535988 ], [ 101.680218523171277, 12.72477256738143 ], [ 101.680216625583782, 12.724591908307568 ], [ 101.679756556294066, 12.724596565004138 ], [ 101.679755607673656, 12.724506235432056 ] ], [ [ 101.690955959315431, 12.748151630402273 ], [ 101.690956913727163, 12.748241958980282 ], [ 101.690772870600028, 12.74824383262923 ], [ 101.690773824954007, 12.748334161220258 ], [ 101.690497760110716, 12.748336971474643 ], [ 101.690498714374399, 12.748427300085547 ], [ 101.689210410445128, 12.748440410900248 ], [ 101.68920945663703, 12.748350082193431 ], [ 101.688657326137502, 12.748355699156091 ], [ 101.68865637253198, 12.748265370407498 ], [ 101.688196263743762, 12.748270050296934 ], [ 101.688195310308274, 12.748179721513418 ], [ 101.687919245045123, 12.748182529043177 ], [ 101.687918291714581, 12.748092200238432 ], [ 101.687550204724772, 12.748095943136811 ], [ 101.687549251531706, 12.748005614303995 ], [ 101.687181164554957, 12.74800935666385 ], [ 101.687180211499381, 12.747919027802975 ], [ 101.686812124535734, 12.747922769624312 ], [ 101.686811171617649, 12.747832440735374 ], [ 101.686627128157014, 12.747834311440679 ], [ 101.686626175311318, 12.747743982537367 ], [ 101.686350110163119, 12.747746788335204 ], [ 101.686349157422356, 12.747656459410681 ], [ 101.686165114018735, 12.747658329769161 ], [ 101.686164161350376, 12.747568000830265 ], [ 101.685888096287698, 12.74757080610787 ], [ 101.685887143724273, 12.747480477147766 ], [ 101.685611078693412, 12.747483282117337 ], [ 101.685610126234906, 12.747392953136025 ], [ 101.685334061235849, 12.747395757797571 ], [ 101.68533310888229, 12.747305428795055 ], [ 101.685057043915052, 12.74730823314858 ], [ 101.685056091666411, 12.747217904124863 ], [ 101.68487204838344, 12.747219773520476 ], [ 101.684871096207189, 12.747129444482395 ], [ 101.684687052960058, 12.747131313736555 ], [ 101.684686100856212, 12.747040984684107 ], [ 101.684318014404369, 12.74704472278175 ], [ 101.684317062437984, 12.746954393701269 ], [ 101.684133019233286, 12.746956262544751 ], [ 101.6841339711346, 12.747046591638906 ], [ 101.683857906175135, 12.747049394685058 ], [ 101.683856954371436, 12.746959065570396 ], [ 101.683488867786664, 12.746962802490707 ], [ 101.683487916120427, 12.746872473348017 ], [ 101.68330387284928, 12.74687434160284 ], [ 101.683302921255432, 12.746784012445795 ], [ 101.683118878020139, 12.746785880559171 ], [ 101.683117926498682, 12.746695551387772 ], [ 101.683025904902607, 12.746696485389712 ], [ 101.683024953420983, 12.746606156210797 ], [ 101.682932931850146, 12.746607090173958 ], [ 101.68293198040837, 12.746516760987523 ], [ 101.682563894182124, 12.746520496493412 ], [ 101.682564845493744, 12.74661082570718 ], [ 101.682104737383909, 12.746615494404983 ], [ 101.682103786234961, 12.746525165157056 ], [ 101.681643678105246, 12.746529833022127 ], [ 101.681642727126302, 12.746439503739358 ], [ 101.681550705510986, 12.746440437209712 ], [ 101.68154975457189, 12.746350107919428 ], [ 101.681365711384444, 12.746351974750651 ], [ 101.68136476051771, 12.746261645446019 ], [ 101.681088695779394, 12.746264445432796 ], [ 101.681087745017578, 12.746174116106992 ], [ 101.680811680311152, 12.746176915785801 ], [ 101.680810729654254, 12.746086586438832 ], [ 101.680442643406991, 12.746090318869404 ], [ 101.680441692887541, 12.745999989494436 ], [ 101.680165628223079, 12.746002788461498 ], [ 101.68016467780852, 12.745912459065364 ], [ 101.679888613175976, 12.745915257724469 ], [ 101.679887662866349, 12.745824928307171 ], [ 101.679519576717624, 12.745828659378162 ], [ 101.679518626545416, 12.745738329932877 ], [ 101.677402129673709, 12.745759773516317 ], [ 101.677403079097573, 12.745850103118508 ], [ 101.677034992161225, 12.745853830739806 ], [ 101.677035941462236, 12.745944160368589 ], [ 101.676851897885228, 12.745946024001224 ], [ 101.676852847128458, 12.746036353642959 ], [ 101.676576781610706, 12.746039148872798 ], [ 101.676577730763597, 12.746129478534302 ], [ 101.676393686983573, 12.746131341874785 ], [ 101.676394636078683, 12.746221671549236 ], [ 101.676026548301067, 12.746225397874154 ], [ 101.676027497273296, 12.746315727575187 ], [ 101.675935475278138, 12.746316659083377 ], [ 101.675936424225142, 12.746406988790538 ], [ 101.675752380147884, 12.746408851724716 ], [ 101.675753329037079, 12.746499181444829 ], [ 101.675661306954979, 12.746500112870818 ], [ 101.675662255818935, 12.746590442597055 ], [ 101.675570233697016, 12.746591373997916 ], [ 101.67557118253572, 12.746681703730284 ], [ 101.67538713820494, 12.746683566449805 ], [ 101.675388086985848, 12.746773896195116 ], [ 101.67520404256085, 12.746775758800487 ], [ 101.675204991283962, 12.746866088558745 ], [ 101.675112969028007, 12.746867019820327 ], [ 101.675113917725866, 12.74695734958471 ], [ 101.675021895430078, 12.746958280821163 ], [ 101.675022844102685, 12.747048610591674 ], [ 101.674930821767063, 12.747049541802991 ], [ 101.674931770414418, 12.747139871579632 ], [ 101.674839748038977, 12.74714080276582 ], [ 101.674840696661064, 12.74723113254859 ], [ 101.674748674245805, 12.747232063709648 ], [ 101.67474962284264, 12.747322393498539 ], [ 101.674657600387562, 12.747323324634465 ], [ 101.674659497537988, 12.747503984223821 ], [ 101.674475452475804, 12.74750584642708 ], [ 101.674477349525205, 12.747686506040951 ], [ 101.674385326918113, 12.747687437108285 ], [ 101.674387223931546, 12.74786809673304 ], [ 101.674295201252093, 12.747869027782048 ], [ 101.674297098229573, 12.748049687417682 ], [ 101.674205075477744, 12.748050618448367 ], [ 101.674206023944862, 12.748140948271972 ], [ 101.6741140011532, 12.748141879277521 ], [ 101.674114949595065, 12.748232209107247 ], [ 101.674022926763584, 12.748233140087658 ], [ 101.674024823604057, 12.74841379975868 ], [ 101.673932800700214, 12.748414730720766 ], [ 101.67393469750472, 12.748595390402668 ], [ 101.673842674528501, 12.748596321346428 ], [ 101.673845519692236, 12.748867310884568 ], [ 101.673937542766083, 12.748866379920381 ], [ 101.673938491201113, 12.74895670975825 ], [ 101.674030514300227, 12.748955778755301 ], [ 101.674031462775076, 12.749046108585672 ], [ 101.674675624492821, 12.749039590622736 ], [ 101.67467657320276, 12.749129920404737 ], [ 101.674860619407383, 12.749128057828438 ], [ 101.674861568189698, 12.749218387596132 ], [ 101.675597752977183, 12.749210935958391 ], [ 101.675599651084411, 12.749391595382701 ], [ 101.675875720454798, 12.74938880045047 ], [ 101.675873822152283, 12.749208141067054 ], [ 101.675965845196075, 12.74920720937271 ], [ 101.675963946857607, 12.749026550000179 ], [ 101.676055969829036, 12.749025618287515 ], [ 101.676054071454615, 12.748844958925881 ], [ 101.676146094353655, 12.748844027194895 ], [ 101.676144195943309, 12.748663367844152 ], [ 101.676236218769972, 12.748662436094852 ], [ 101.676234320323672, 12.748481776755003 ], [ 101.676326343077974, 12.748480844987384 ], [ 101.67632539383321, 12.748390515323248 ], [ 101.676417416547665, 12.7483895835305 ], [ 101.676416467277647, 12.748299253872496 ], [ 101.676508489952283, 12.748298322054616 ], [ 101.676506591369034, 12.748117662750184 ], [ 101.676690636566235, 12.74811579904585 ], [ 101.67668873788196, 12.747935139765946 ], [ 101.676780760404554, 12.747934207879494 ], [ 101.676779811040802, 12.747843878245334 ], [ 101.676963855999048, 12.747842014390223 ], [ 101.676962906577486, 12.747751684769009 ], [ 101.677054929013124, 12.747750752800355 ], [ 101.677053979566338, 12.747660423185277 ], [ 101.677146001962143, 12.74765949119149 ], [ 101.677145052490104, 12.747569161582547 ], [ 101.677329097194757, 12.747567297512772 ], [ 101.677328147664923, 12.747476967916782 ], [ 101.677420169973772, 12.747476035840798 ], [ 101.677419220418699, 12.747385706250936 ], [ 101.677603264949454, 12.747383842016768 ], [ 101.677602315336571, 12.747293512439867 ], [ 101.677694337558464, 12.747292580281682 ], [ 101.677693387920343, 12.747202250710915 ], [ 101.677877432277185, 12.747200386312352 ], [ 101.677876482581269, 12.74711005675454 ], [ 101.678060526843865, 12.747108192241837 ], [ 101.678059577090167, 12.747017862696982 ], [ 101.678335643331749, 12.747015065708808 ], [ 101.678334693487727, 12.746924736183733 ], [ 101.678886825578758, 12.746919141385815 ], [ 101.678885875546783, 12.746828811900988 ], [ 101.679161941396231, 12.746826014091251 ], [ 101.679160991273932, 12.746735684626207 ], [ 101.680081209972442, 12.746726356585642 ], [ 101.680082160420127, 12.746816685982436 ], [ 101.680266204137354, 12.746814819977347 ], [ 101.68026810518478, 12.746995478741566 ], [ 101.680360127097515, 12.746994545677451 ], [ 101.680362028239216, 12.747175204425279 ], [ 101.680270006261395, 12.747176137503047 ], [ 101.680270956810645, 12.747266466882758 ], [ 101.679902868696232, 12.747270198901688 ], [ 101.679903819122615, 12.747360528308018 ], [ 101.679811797043243, 12.747361461239716 ], [ 101.679812747444373, 12.747451790652187 ], [ 101.679720725325154, 12.747452723558764 ], [ 101.67972167570106, 12.747543052977376 ], [ 101.679997742134475, 12.747540254141338 ], [ 101.6799986926153, 12.747630583538786 ], [ 101.680642847598961, 12.747624051755464 ], [ 101.680643798314875, 12.747714381104441 ], [ 101.681011886846548, 12.747710647926704 ], [ 101.681012837699924, 12.74780097724768 ], [ 101.681196881987049, 12.747799110453478 ], [ 101.681197832912801, 12.74788943976011 ], [ 101.681289855077964, 12.747888506308263 ], [ 101.681290806043563, 12.747978835607382 ], [ 101.681474850417061, 12.74797696859418 ], [ 101.681475801455036, 12.748067297878956 ], [ 101.681567823663372, 12.748066364317605 ], [ 101.681566872592839, 12.74797603503966 ], [ 101.682303049736305, 12.747968565453416 ], [ 101.682304001067166, 12.748058894676712 ], [ 101.682580067473083, 12.748056093034254 ], [ 101.682581018908877, 12.748146422236369 ], [ 101.682949107478009, 12.7481426862385 ], [ 101.682950059051279, 12.748233015412596 ], [ 101.683318147633699, 12.748229278876236 ], [ 101.683319099344445, 12.748319608022314 ], [ 101.68359516580216, 12.748316805264093 ], [ 101.683596117617853, 12.748407134388975 ], [ 101.683872184107443, 12.748404331322726 ], [ 101.683873136028055, 12.748494660426417 ], [ 101.684057180382993, 12.748492791542173 ], [ 101.684058132376009, 12.748583120631505 ], [ 101.68433419895122, 12.748580317045015 ], [ 101.684335151049169, 12.748670646113155 ], [ 101.684519195461206, 12.748668776882077 ], [ 101.684520147631545, 12.748759105935855 ], [ 101.684612169859136, 12.748758171265559 ], [ 101.684614074286856, 12.748938829357382 ], [ 101.684522051994179, 12.748939764041356 ], [ 101.684523004186445, 12.749030093093076 ], [ 101.684615026511665, 12.749029158402267 ], [ 101.684615978743793, 12.749119487446466 ], [ 101.684800023437418, 12.749117617955323 ], [ 101.684797166567677, 12.748846630861697 ], [ 101.68534929988725, 12.748841021744582 ], [ 101.685350252365112, 12.748931350735436 ], [ 101.685626319023825, 12.748928545725052 ], [ 101.685627271606634, 12.749018874694704 ], [ 101.685903338297152, 12.749016069376257 ], [ 101.685904290984908, 12.749106398324704 ], [ 101.685996313233005, 12.749105463147815 ], [ 101.685997265960609, 12.749195792088733 ], [ 101.686089288233944, 12.749194856873054 ], [ 101.686090241001409, 12.749285185806444 ], [ 101.686182263299955, 12.749284250551977 ], [ 101.68618416892194, 12.749464908403015 ], [ 101.686276191278267, 12.749463973102912 ], [ 101.686278096994585, 12.749644630937524 ], [ 101.686370119408707, 12.749643695591786 ], [ 101.686372025219384, 12.74982435340997 ], [ 101.686464047691274, 12.749823418018599 ], [ 101.686465000640126, 12.74991374691982 ], [ 101.68655702313724, 12.749912811489651 ], [ 101.686557976125954, 12.750003140383344 ], [ 101.686649998648306, 12.750002204914383 ], [ 101.686650951676896, 12.750092533800546 ], [ 101.686742974224472, 12.750091598292789 ], [ 101.686743927292909, 12.750181927171427 ], [ 101.686835949865724, 12.750180991624873 ], [ 101.686836902974036, 12.750271320495981 ], [ 101.686928925572076, 12.750270384910632 ], [ 101.686931785038539, 12.750541371499308 ], [ 101.686839762342856, 12.750542307105182 ], [ 101.68684166862532, 12.750722964841222 ], [ 101.686749645857219, 12.750723900428836 ], [ 101.686750598976872, 12.750814229302669 ], [ 101.686658576168909, 12.75081516486517 ], [ 101.68666048236507, 12.750995822624466 ], [ 101.68656845948469, 12.7509967581687 ], [ 101.686574178053448, 12.751538731471184 ], [ 101.686666201129128, 12.751537795885893 ], [ 101.686668107442344, 12.751718453634213 ], [ 101.68676013057582, 12.751717518003279 ], [ 101.686761083775949, 12.751807846869569 ], [ 101.686945130086059, 12.751805975498145 ], [ 101.686944176820816, 12.751715646645543 ], [ 101.686852153701963, 12.751716582340389 ], [ 101.686851200476596, 12.751626253480257 ], [ 101.686759177382996, 12.751627189136304 ], [ 101.686754411528668, 12.751175544791144 ], [ 101.686846434459497, 12.751174609169317 ], [ 101.686845481278041, 12.751084280305067 ], [ 101.686937504169023, 12.751083344658127 ], [ 101.686935597762925, 12.750902686941265 ], [ 101.687119643392748, 12.750900815578898 ], [ 101.687117736885725, 12.750720157886663 ], [ 101.687301782356087, 12.750718286423862 ], [ 101.687300829048439, 12.750627957590403 ], [ 101.687484874424442, 12.750626086013476 ], [ 101.687483921059027, 12.750535757193028 ], [ 101.687575943703493, 12.750534821363477 ], [ 101.687574990312839, 12.750444492549187 ], [ 101.687667012917444, 12.750443556694528 ], [ 101.687666059501566, 12.750353227886396 ], [ 101.687758082066296, 12.750352292006632 ], [ 101.687757128625208, 12.750261963204661 ], [ 101.687941173667625, 12.750260091362971 ], [ 101.687940220168741, 12.750169762574002 ], [ 101.688492354925046, 12.750164146323167 ], [ 101.688498077199839, 12.750706118800188 ], [ 101.688590099828886, 12.750705182605465 ], [ 101.688591053599524, 12.750795511342387 ], [ 101.68868307625381, 12.750794575108863 ], [ 101.688684030064309, 12.750884903838251 ], [ 101.688776052743819, 12.750883967565922 ], [ 101.688775098900763, 12.750793638843383 ], [ 101.689051166797697, 12.750790829855225 ], [ 101.689050212864331, 12.750700501152547 ], [ 101.689142235449438, 12.750699564766103 ], [ 101.689141281490848, 12.750609236069586 ], [ 101.689049258938255, 12.750610172449182 ], [ 101.689048305019526, 12.750519843745131 ], [ 101.688956282492171, 12.750520780085925 ], [ 101.688955328613318, 12.750430451374339 ], [ 101.688771283601753, 12.750432323946365 ], [ 101.688770329795304, 12.750341995220396 ], [ 101.68858628481955, 12.750343867650921 ], [ 101.688584377358808, 12.750163210169527 ], [ 101.688676399785251, 12.750162273983941 ], [ 101.688675446033315, 12.750071945249063 ], [ 101.688951513171077, 12.750069136521134 ], [ 101.688952467020655, 12.750159465235461 ], [ 101.690240779914433, 12.750146353940323 ], [ 101.690241734226987, 12.750236682558059 ], [ 101.69051780118653, 12.750233872159491 ], [ 101.690516846776319, 12.750143543562313 ], [ 101.690608869048972, 12.750142606705738 ], [ 101.690607914613537, 12.750052278114728 ], [ 101.69079195907176, 12.750050404319433 ], [ 101.690791004578571, 12.74996007574144 ], [ 101.690975048942391, 12.749958201832051 ], [ 101.690974094391422, 12.74986787326708 ], [ 101.691066116529797, 12.749866936271312 ], [ 101.691065161953631, 12.74977660771251 ], [ 101.691249206143283, 12.749774733638832 ], [ 101.69124825150935, 12.749684405093046 ], [ 101.691340273560641, 12.749683468015135 ], [ 101.69133836424966, 12.74950281093523 ], [ 101.691522408200086, 12.749500936710978 ], [ 101.691521453490495, 12.749410608183704 ], [ 101.691705497346518, 12.749408733845366 ], [ 101.69170454257916, 12.749318405331115 ], [ 101.691888586340767, 12.749316530878692 ], [ 101.691887631515655, 12.749226202377471 ], [ 101.692163697005483, 12.749223390479786 ], [ 101.692162742090062, 12.749133061998448 ], [ 101.69225476387281, 12.749132124642177 ], [ 101.692253808932179, 12.749041796167013 ], [ 101.692437852410549, 12.74903992137234 ], [ 101.692436897412179, 12.748949592910201 ], [ 101.692528919107829, 12.7489486554718 ], [ 101.69252605405903, 12.74867767010184 ], [ 101.692618075649733, 12.748676732652065 ], [ 101.69261712061558, 12.7485864042009 ], [ 101.692801163709888, 12.748584529219224 ], [ 101.692800208617982, 12.748494200781087 ], [ 101.692892230121601, 12.748493263249188 ], [ 101.692891275004484, 12.748402934817225 ], [ 101.692983296468228, 12.748401997260238 ], [ 101.692982341325902, 12.748311668834447 ], [ 101.693074362749769, 12.748310731252372 ], [ 101.693073407582247, 12.748220402832755 ], [ 101.693165428966225, 12.748219465225592 ], [ 101.693163518588094, 12.748038808398013 ], [ 101.693255539899667, 12.748037870772626 ], [ 101.693254584689058, 12.747947542364665 ], [ 101.693346605960755, 12.747946604714192 ], [ 101.69334374027531, 12.747675619506781 ], [ 101.693435761442046, 12.747674681844943 ], [ 101.693434806195697, 12.747584353447959 ], [ 101.6936188484421, 12.747582478042167 ], [ 101.693616937841242, 12.747401821273584 ], [ 101.693524916786785, 12.747402758978732 ], [ 101.693523961529877, 12.747312430586549 ], [ 101.693615982551805, 12.747311492888262 ], [ 101.693615027269715, 12.747221164502259 ], [ 101.693707048251753, 12.747220226778886 ], [ 101.693700361254656, 12.746587928105658 ], [ 101.693792382001604, 12.746586990398367 ], [ 101.693790471431953, 12.746406333642138 ], [ 101.693882492106496, 12.746405395916632 ], [ 101.693867208084839, 12.744960141877753 ], [ 101.693775187930839, 12.744961079493484 ], [ 101.693774232774359, 12.74487075110336 ], [ 101.693682212645584, 12.744871688680291 ], [ 101.693678392223134, 12.7445103750855 ], [ 101.69358637221714, 12.74451131260305 ], [ 101.693584462114984, 12.744330655787817 ], [ 101.693492442166715, 12.744331593259711 ], [ 101.693487667202334, 12.74387995117532 ], [ 101.693395647409375, 12.743880888580975 ], [ 101.693394692471017, 12.74379056015518 ], [ 101.693302672703268, 12.743791497522043 ], [ 101.693301717804772, 12.743701169088702 ], [ 101.693209698062219, 12.743702106416768 ], [ 101.693207788352296, 12.74352144953431 ], [ 101.693115768667454, 12.743522386816723 ], [ 101.693112904255173, 12.743251401467306 ], [ 101.693020884660584, 12.743252338697213 ], [ 101.693019929903684, 12.743162010239176 ], [ 101.692927910334291, 12.743162947430287 ], [ 101.692926000907534, 12.742982290498441 ], [ 101.692833981395864, 12.742983227643901 ], [ 101.692832072063482, 12.742802570695595 ], [ 101.692740052609537, 12.742803507795402 ], [ 101.692736234162865, 12.742442193863125 ], [ 101.692552195493192, 12.742444067912086 ], [ 101.692550286443947, 12.742263410914402 ], [ 101.692458267163161, 12.742264347877269 ], [ 101.692457312682052, 12.742174019370538 ], [ 101.692365293426462, 12.742174956294617 ], [ 101.692363384551285, 12.741994299265386 ], [ 101.69227136535342, 12.74199523614382 ], [ 101.692270410959367, 12.74190490762132 ], [ 101.692178391786683, 12.741905844460966 ], [ 101.692175528746048, 12.741634858868778 ], [ 101.692083509663604, 12.741635795655922 ], [ 101.692082555363896, 12.741545467116968 ], [ 101.691990536306662, 12.741546403865325 ], [ 101.691986719311259, 12.741185089675211 ], [ 101.691894700376778, 12.741186026364215 ], [ 101.691892791988096, 12.741005369251337 ], [ 101.691800773111339, 12.741006305894704 ], [ 101.691797910680833, 12.740735320199665 ], [ 101.691705891894301, 12.740736256790536 ], [ 101.691703029627334, 12.740465271068761 ], [ 101.691611010931041, 12.740466207607136 ], [ 101.691608148827569, 12.740195221858624 ], [ 101.691516130221501, 12.74019615834451 ], [ 101.691514222254213, 12.740015501161698 ], [ 101.691422203705841, 12.740016437601946 ], [ 101.691420295832913, 12.739835780402682 ], [ 101.691328277342265, 12.739836716797296 ], [ 101.691325415685355, 12.739565730972693 ], [ 101.691233397284932, 12.73956666731482 ], [ 101.691231489615333, 12.739386010081279 ], [ 101.691139471272621, 12.739386946377772 ], [ 101.69113851748132, 12.739296617753119 ], [ 101.691046499163789, 12.739297554010834 ], [ 101.691045545412351, 12.739207225378641 ], [ 101.690953527120016, 12.739208161597579 ], [ 101.690951619704123, 12.739027504317432 ], [ 101.690859601469498, 12.73902844049074 ], [ 101.690857694147951, 12.738847783194142 ], [ 101.690765675971022, 12.738848719321821 ], [ 101.690764722353748, 12.738758390665641 ], [ 101.690672704202029, 12.738759326754545 ], [ 101.690670797054494, 12.73857866942642 ], [ 101.690578778960472, 12.738579605469697 ], [ 101.690577825430196, 12.738489276797752 ], [ 101.69048580736137, 12.738490212802256 ], [ 101.690484853870956, 12.738399884122776 ], [ 101.690392835827296, 12.738400820088504 ], [ 101.690391882376716, 12.738310491401485 ], [ 101.690207846332484, 12.738312363223477 ], [ 101.690206892954251, 12.738222034522066 ], [ 101.690022856945745, 12.738223906202675 ], [ 101.69002190363986, 12.738133577486874 ], [ 101.689929885657136, 12.738134513272446 ], [ 101.689927979132392, 12.737953855825088 ], [ 101.689835961207365, 12.737954791565034 ], [ 101.689835007988478, 12.737864462833482 ], [ 101.689650972181497, 12.737866334203915 ], [ 101.689650019034971, 12.737776005457972 ], [ 101.689558001153003, 12.737776941088459 ], [ 101.689557048046296, 12.737686612334981 ], [ 101.689373012325447, 12.737688483486497 ], [ 101.689372059291088, 12.737598154718636 ], [ 101.689280041452193, 12.737599090239662 ], [ 101.689279088457667, 12.737508761464264 ], [ 101.689095052822935, 12.737510632396868 ], [ 101.689094099900771, 12.737420303607086 ], [ 101.688910064301751, 12.737422174398317 ], [ 101.688909111451935, 12.73733184559415 ], [ 101.688725075888684, 12.737333716244009 ], [ 101.6887241231112, 12.737243387425462 ], [ 101.688540087583689, 12.737245257933953 ], [ 101.688539134878539, 12.737154929101022 ], [ 101.688263081629913, 12.737157734603825 ], [ 101.688262129029624, 12.737067405749674 ], [ 101.68817011129795, 12.737068340846594 ], [ 101.688169158737495, 12.736978011984908 ], [ 101.688077141031016, 12.736978947043061 ], [ 101.688075235997076, 12.736798289303938 ], [ 101.687983218348293, 12.736799224316485 ], [ 101.687982265874808, 12.736708895439051 ], [ 101.687614195336593, 12.736712635142673 ], [ 101.687613243000456, 12.736622306237171 ], [ 101.687521225380124, 12.736623241076437 ], [ 101.68752027308382, 12.736532912163403 ], [ 101.687336237886214, 12.736534781732498 ], [ 101.687335285662257, 12.736444452805094 ], [ 101.687059232908496, 12.736447256898829 ], [ 101.687058280789373, 12.736356927950204 ], [ 101.686966263222672, 12.736357862577442 ], [ 101.686965311143382, 12.736267533621291 ], [ 101.68678127605304, 12.736269402766323 ], [ 101.686780324046069, 12.7361790737958 ], [ 101.686596288991495, 12.736180942799487 ], [ 101.686595337056858, 12.736090613814593 ], [ 101.686411302038053, 12.736092482676932 ], [ 101.686410350175748, 12.736002153677667 ], [ 101.68631833268789, 12.736003088054122 ], [ 101.68631738086539, 12.735912759047332 ], [ 101.686133345932731, 12.735914627690811 ], [ 101.686132394182593, 12.735824298669648 ], [ 101.686040376737793, 12.735825232936675 ], [ 101.686039425027474, 12.735734903907989 ], [ 101.68594740760787, 12.735735838136257 ], [ 101.685946455937355, 12.735645509100046 ], [ 101.685854438542961, 12.735646443289561 ], [ 101.685853486912265, 12.735556114245822 ], [ 101.685761469543067, 12.735557048396581 ], [ 101.68576051795219, 12.735466719345315 ], [ 101.685668500608188, 12.735467653457322 ], [ 101.685667549057115, 12.735377324398533 ], [ 101.685575531738309, 12.735378258471782 ], [ 101.685574580227083, 12.735287929405468 ], [ 101.685482562933458, 12.735288863439964 ], [ 101.685480659997936, 12.735108205291601 ], [ 101.685388642762021, 12.735109139280505 ], [ 101.685387691337723, 12.735018810198456 ], [ 101.685295674127005, 12.735019744148607 ], [ 101.68529281999551, 12.734748756877831 ], [ 101.685384837108728, 12.734747822948195 ], [ 101.685383885713676, 12.734657493863404 ], [ 101.685475902787076, 12.734656559908696 ], [ 101.685472097149955, 12.734295243590045 ], [ 101.685380080206585, 12.734296177517397 ], [ 101.685376274816477, 12.733934861160426 ], [ 101.685468291629832, 12.733933927260436 ], [ 101.685467340268076, 12.733843598176318 ], [ 101.68555935704164, 12.733842664251258 ], [ 101.685557454275056, 12.733662006094649 ], [ 101.685649470976273, 12.733661072151358 ], [ 101.685647568173934, 12.733480414005692 ], [ 101.68573958480286, 12.733479480044171 ], [ 101.685737681964753, 12.733298821909443 ], [ 101.68582969852136, 12.733297887929696 ], [ 101.685828747080777, 12.733207558868145 ], [ 101.685920763597565, 12.73320662486333 ], [ 101.6859198121318, 12.733116295807934 ], [ 101.686103845078435, 12.733114427716259 ], [ 101.686102893554988, 12.733024098673861 ], [ 101.686286926407377, 12.733022230468237 ], [ 101.686285974826234, 12.732931901438837 ], [ 101.686654040313272, 12.732928164672069 ], [ 101.686653088609432, 12.732837835669352 ], [ 101.686929137550422, 12.732835032779777 ], [ 101.6869281857564, 12.7327447037969 ], [ 101.687388267015919, 12.732740031710353 ], [ 101.687389218972442, 12.732830360659007 ], [ 101.687481235234898, 12.732829426139133 ], [ 101.68748409124585, 12.73310041296045 ], [ 101.687576107598488, 12.733099478388134 ], [ 101.687577059649271, 12.733189807320359 ], [ 101.687761092397608, 12.733187938066312 ], [ 101.68776204452071, 12.73327826698416 ], [ 101.687946077304773, 12.733276397588792 ], [ 101.687947029500194, 12.733366726492262 ], [ 101.688039045913754, 12.733365791739871 ], [ 101.688039998148994, 12.733456120635815 ], [ 101.68850008026952, 12.733451446360991 ], [ 101.68850103267458, 12.733541775222015 ], [ 101.688685065536561, 12.73353990527503 ], [ 101.688686018013939, 12.733630234121675 ], [ 101.68887005091166, 12.733628364033363 ], [ 101.688871003461358, 12.733718692865621 ], [ 101.688963019931734, 12.733717757766751 ], [ 101.688962067349536, 12.733627428941338 ], [ 101.689054083780078, 12.733626493817413 ], [ 101.689055036394791, 12.733716822635973 ], [ 101.689147052850529, 12.733715887473288 ], [ 101.689146100203317, 12.733625558661574 ], [ 101.689790214960979, 12.733619011677259 ], [ 101.689791167835693, 12.733709340441024 ], [ 101.69034326610884, 12.733703727454632 ], [ 101.690344219185889, 12.733794056176606 ], [ 101.69043623557161, 12.733793120560344 ], [ 101.690435282462062, 12.733702791845218 ], [ 101.690619315146535, 12.733700920530666 ], [ 101.690620268321098, 12.733791249232082 ], [ 101.690896317390383, 12.733788442000376 ], [ 101.690895364118319, 12.73369811331952 ], [ 101.691631494387394, 12.733690626019136 ], [ 101.691630540862661, 12.733600297392424 ], [ 101.691722557080823, 12.733599361343142 ], [ 101.69172351063807, 12.733689689962995 ], [ 101.69356383411224, 12.733670962139406 ], [ 101.69356287990496, 12.733580633656709 ], [ 101.693930944117895, 12.733576886587823 ], [ 101.693931898455162, 12.733667215043077 ], [ 101.695312138695982, 12.733653158884879 ], [ 101.695313093528114, 12.733743487236504 ], [ 101.69632526901303, 12.733733174748739 ], [ 101.696326224210011, 12.733823503024155 ], [ 101.696418240151658, 12.73382256532695 ], [ 101.696419195388472, 12.733912893594812 ], [ 101.696511211355272, 12.733911955858828 ], [ 101.696512166631933, 12.734002284119137 ], [ 101.696696198608521, 12.734000408537712 ], [ 101.696695243266845, 12.733910080291137 ], [ 101.696879275149072, 12.733908204595812 ], [ 101.696878319749743, 12.73381787636229 ], [ 101.696970335647336, 12.733816938473634 ], [ 101.696968424805704, 12.733636282018267 ], [ 101.697060440630949, 12.733635344111439 ], [ 101.697058529753704, 12.733454687667072 ], [ 101.697242561252182, 12.733452811785167 ], [ 101.697241605759558, 12.733362483575691 ], [ 101.697333621465276, 12.733361545593748 ], [ 101.697332665947499, 12.73327121739046 ], [ 101.697516697271922, 12.73326934134459 ], [ 101.697515741696492, 12.73317901315435 ], [ 101.698067835298488, 12.733173384292199 ], [ 101.69806879106892, 12.733263712441209 ], [ 101.698160806676057, 12.73326277417897 ], [ 101.698162718303948, 12.733443430461191 ], [ 101.698254733968724, 12.733442492153303 ], [ 101.698255689826183, 12.733532820286515 ], [ 101.698347705516127, 12.733531881939845 ], [ 101.698348661413419, 12.733622210065498 ], [ 101.698440677128531, 12.733621271680047 ], [ 101.69844163306567, 12.733711599798141 ], [ 101.69853364880592, 12.733710661373912 ], [ 101.698530780919, 12.733439677038193 ], [ 101.698438765276251, 12.733440615441804 ], [ 101.698436853453359, 12.733259959200813 ], [ 101.698528869031108, 12.73325902081095 ], [ 101.698526001254379, 12.73298803646494 ], [ 101.698618016727281, 12.732987098063788 ], [ 101.698617060783903, 12.732896769953953 ], [ 101.698525045343487, 12.732897708348235 ], [ 101.698521221773419, 12.732536395874552 ], [ 101.698613237083819, 12.73253545750776 ], [ 101.698611325277867, 12.732354801280549 ], [ 101.698703340515934, 12.732353862895602 ], [ 101.6987004727646, 12.732082878570266 ], [ 101.698792487897833, 12.732081940174032 ], [ 101.698791531962925, 12.731991612071084 ], [ 101.698975562142351, 12.731989735196652 ], [ 101.698972694186722, 12.731718750924953 ], [ 101.698880679198155, 12.731719689357497 ], [ 101.698868252576901, 12.730545424019457 ], [ 101.69896026714305, 12.730544485676269 ], [ 101.698958355400379, 12.73036382947388 ], [ 101.698866340899215, 12.730364767803323 ], [ 101.698862517632023, 12.730003455362827 ], [ 101.698954532003214, 12.730002517060878 ], [ 101.698952620348706, 12.729821860850263 ], [ 101.698860606042487, 12.729822799138462 ], [ 101.698856782951594, 12.729461486681512 ], [ 101.698764768767987, 12.729462424910317 ], [ 101.698761901624422, 12.72919144053979 ], [ 101.69866988753094, 12.72919237871608 ], [ 101.698666064905652, 12.728831066184952 ], [ 101.698574050934766, 12.728832004301857 ], [ 101.698571184140391, 12.728561019875691 ], [ 101.698479170259617, 12.728561957940082 ], [ 101.698478214708686, 12.728471629789787 ], [ 101.698018145357111, 12.728476319598951 ], [ 101.698017189975943, 12.728385991413608 ], [ 101.697925176116073, 12.72838692927289 ], [ 101.69792231011408, 12.728115944692135 ], [ 101.697830296344335, 12.728116882498906 ], [ 101.697828385778024, 12.727936226094567 ], [ 101.697552344619623, 12.727939039282296 ], [ 101.697551389444953, 12.727848711058483 ], [ 101.697459375743279, 12.72784964871707 ], [ 101.697458420608413, 12.727759320485708 ], [ 101.697182379556821, 12.727762133249495 ], [ 101.697181424526761, 12.72767180499684 ], [ 101.696905383506532, 12.72767461745299 ], [ 101.696904428581263, 12.727584289179037 ], [ 101.696720401262709, 12.727586163976602 ], [ 101.696718491564141, 12.727405507399173 ], [ 101.696074396172762, 12.727412068089894 ], [ 101.696073441561865, 12.727321739752085 ], [ 101.695981427937667, 12.727322676859181 ], [ 101.695980473366589, 12.727232348513818 ], [ 101.695612418926274, 12.727236096595822 ], [ 101.695611464492472, 12.727145768222309 ], [ 101.695427437293276, 12.727147642058233 ], [ 101.695426482931779, 12.727057313670308 ], [ 101.695150442175375, 12.727060124164414 ], [ 101.69514948791867, 12.726969795755208 ], [ 101.695057474351017, 12.72697073251593 ], [ 101.695056520134116, 12.726880404099177 ], [ 101.694872493041757, 12.726882277511217 ], [ 101.694871538897161, 12.726791949080052 ], [ 101.694503484754364, 12.726795695493998 ], [ 101.69450253074703, 12.726705367034697 ], [ 101.694226490160375, 12.726708176489716 ], [ 101.694225536257818, 12.726617848009139 ], [ 101.693949495702597, 12.726620657156564 ], [ 101.693948541904817, 12.726530328654723 ], [ 101.693856528404226, 12.726531264966553 ], [ 101.693855574646264, 12.726440936457166 ], [ 101.693763561170826, 12.72644187273025 ], [ 101.693762607452669, 12.726351544213314 ], [ 101.693486567079788, 12.726354352820641 ], [ 101.693485613466422, 12.72626402428244 ], [ 101.69339360002661, 12.726264960414243 ], [ 101.693392646453049, 12.726174631868497 ], [ 101.69330063303839, 12.726175567961551 ], [ 101.693299679504648, 12.726085239408265 ], [ 101.693207666115129, 12.726086175462573 ], [ 101.69320671262119, 12.725995846901736 ], [ 101.693298725978224, 12.725994910854293 ], [ 101.693296818947388, 12.725814253744286 ], [ 101.693204805655313, 12.725815189778015 ], [ 101.693205759134585, 12.725905518340218 ], [ 101.693113745802705, 12.725906454348918 ], [ 101.693114699256824, 12.725996782917296 ], [ 101.69302268588514, 12.725997718900967 ], [ 101.693021732463492, 12.725907390325728 ], [ 101.692837705763068, 12.725909262183686 ], [ 101.692835799071688, 12.725728605003725 ], [ 101.692743785775434, 12.725729540871157 ], [ 101.692741879178342, 12.725548883674739 ], [ 101.692557852693781, 12.725550755286502 ], [ 101.692556899471171, 12.725460426673548 ], [ 101.692464886250377, 12.725461362424742 ], [ 101.692463933067586, 12.725371033804247 ], [ 101.692371919871945, 12.725371969516697 ], [ 101.692370966728959, 12.725281640888662 ], [ 101.692278953558457, 12.725282576562366 ], [ 101.692278000455275, 12.72519224792679 ], [ 101.692185987309927, 12.725193183561752 ], [ 101.692185034246563, 12.725102854918633 ], [ 101.692093021126354, 12.725103790514853 ], [ 101.692092068102781, 12.725013461864192 ], [ 101.692000055007753, 12.725014397421667 ], [ 101.691999102023971, 12.724924068763467 ], [ 101.691907088954082, 12.724925004282198 ], [ 101.691906136010132, 12.724834675616457 ], [ 101.691814122965383, 12.72483561109645 ], [ 101.6918103113927, 12.72447429639921 ], [ 101.691994337215064, 12.72447242546219 ], [ 101.691991478417648, 12.724201439473202 ], [ 101.692083491220416, 12.72420050397743 ], [ 101.692082538270114, 12.724110175319922 ], [ 101.691990525499818, 12.72411111080884 ], [ 101.691988619686185, 12.723930453478054 ], [ 101.691896606973501, 12.723931388921372 ], [ 101.691895654110155, 12.723841060248098 ], [ 101.69198766679034, 12.723840124811636 ], [ 101.691985761020646, 12.723659467476743 ], [ 101.691893748405406, 12.723660402899494 ], [ 101.691889937083843, 12.72329908819407 ], [ 101.691981949569183, 12.723298152798741 ], [ 101.691980996724652, 12.723207824127526 ], [ 101.692073009170187, 12.723206888707173 ], [ 101.692072056300503, 12.723116560042129 ], [ 101.691888031467016, 12.723118430837244 ], [ 101.69188898427177, 12.723208759515998 ], [ 101.691796971811556, 12.723209694872589 ], [ 101.691796019039302, 12.723119366186982 ], [ 101.691611994161846, 12.723121236790806 ], [ 101.691612946869185, 12.723211565490127 ], [ 101.691520934387, 12.723212500751073 ], [ 101.691522839758676, 12.723393158161366 ], [ 101.691430827204243, 12.723394093404142 ], [ 101.691431779868594, 12.723484422115115 ], [ 101.691155742063856, 12.723487227672704 ], [ 101.691158599808645, 12.723758213863208 ], [ 101.691342625213963, 12.723756343482238 ], [ 101.691343577875159, 12.723846672197331 ], [ 101.691435590599298, 12.723845736952164 ], [ 101.691436543300284, 12.723936065659716 ], [ 101.69152855604959, 12.723935130375814 ], [ 101.691530461538505, 12.724115787775153 ], [ 101.691438448724256, 12.724116723072765 ], [ 101.691440354177516, 12.724297380483071 ], [ 101.691072302587472, 12.724301121409507 ], [ 101.69107134998707, 12.724210792677276 ], [ 101.690979337103741, 12.724211727822318 ], [ 101.690978384543143, 12.724121399082557 ], [ 101.690518320178924, 12.724126074295244 ], [ 101.690517367788033, 12.72403574552053 ], [ 101.690241329179031, 12.72403855024498 ], [ 101.690240376892888, 12.723948221449019 ], [ 101.690056351181909, 12.723950091092199 ], [ 101.690055398968028, 12.723859762281858 ], [ 101.689963386134025, 12.723860697048767 ], [ 101.689962433959948, 12.723770368230893 ], [ 101.68931834414424, 12.723776910658582 ], [ 101.689317392204799, 12.723686581792071 ], [ 101.689133366542222, 12.723688450756478 ], [ 101.689132414675058, 12.723598121875582 ], [ 101.688764363391996, 12.723601859394405 ], [ 101.688763411662038, 12.723511530485432 ], [ 101.689499513851274, 12.723504054992452 ], [ 101.689500465841022, 12.723594383846635 ], [ 101.689684491380063, 12.723592514640863 ], [ 101.689685443442087, 12.72368284348066 ], [ 101.689869469016813, 12.723680974133657 ], [ 101.689868516889845, 12.723590645307556 ], [ 101.689960529633737, 12.723589710593082 ], [ 101.689956721069223, 12.723228395309247 ], [ 101.689864708455218, 12.72322932999632 ], [ 101.689863756364858, 12.7231390011668 ], [ 101.689495705965498, 12.723142739568875 ], [ 101.689496657925957, 12.723233068425793 ], [ 101.688760556516087, 12.723240543754411 ], [ 101.68876150822409, 12.723330872665437 ], [ 101.688577482733479, 12.723332741192465 ], [ 101.688576531090419, 12.723242412267743 ], [ 101.687932441870117, 12.723248951060125 ], [ 101.68793339328586, 12.723339280032771 ], [ 101.687841380478361, 12.723340214025287 ], [ 101.68784042909509, 12.723249885045794 ], [ 101.687748416312743, 12.723250818999578 ], [ 101.687747464969263, 12.723160490012559 ], [ 101.687655452212084, 12.723161423927618 ], [ 101.687656403523093, 12.723251752921483 ], [ 101.687288352291318, 12.723255488290281 ], [ 101.687289303479758, 12.72334581731084 ], [ 101.687197290621043, 12.723346751080177 ], [ 101.687201095318017, 12.723708067182946 ], [ 101.68701706931887, 12.72370993468072 ], [ 101.687018020446459, 12.723800263718383 ], [ 101.686649968230512, 12.723803998358703 ], [ 101.686650919235518, 12.723894327423055 ], [ 101.686282866772672, 12.723898061580606 ], [ 101.686283817655067, 12.723988390671643 ], [ 101.686099791314817, 12.723990257572792 ], [ 101.686100742139601, 12.724080586676829 ], [ 101.685824702476964, 12.724083386809946 ], [ 101.685825653211623, 12.724173715933819 ], [ 101.685365586798653, 12.724178382218856 ], [ 101.685366537378243, 12.72426871137624 ], [ 101.684998483986391, 12.724272443857698 ], [ 101.684999434443384, 12.724362773041756 ], [ 101.684079300127465, 12.724372102081812 ], [ 101.684078349995232, 12.724281772829382 ], [ 101.683710296194192, 12.72428550352527 ], [ 101.68370934619918, 12.724195174244821 ], [ 101.683617332763134, 12.724196106832244 ], [ 101.683616382807884, 12.724105777544271 ], [ 101.68352436939702, 12.724106710092977 ], [ 101.683521519672553, 12.72383572220445 ], [ 101.6834295063518, 12.723836654700765 ], [ 101.683427606636968, 12.723655996091326 ], [ 101.683243580103436, 12.723657860960971 ], [ 101.683236931786226, 12.723025555710697 ], [ 101.683328944829327, 12.723024623339652 ], [ 101.683327045310904, 12.722843964704225 ], [ 101.683419058281743, 12.722843032314969 ], [ 101.68341810850103, 12.722752703003062 ], [ 101.683510121432093, 12.722751770588754 ], [ 101.683509171626213, 12.722661441282998 ], [ 101.683601184517499, 12.722660508843646 ], [ 101.683600234686452, 12.722570179544041 ], [ 101.683692247537962, 12.722569247079642 ], [ 101.683691297681733, 12.722478917786187 ], [ 101.683875323297912, 12.722477052775417 ], [ 101.683874373384057, 12.722386723494948 ], [ 101.684058398906075, 12.722384858370328 ], [ 101.684057448934567, 12.722294529102841 ], [ 101.684149461652154, 12.722293596499547 ], [ 101.684148511655479, 12.722203267238218 ], [ 101.684332537003783, 12.722201401949659 ], [ 101.684331586949483, 12.722111072701315 ], [ 101.684883662624216, 12.722105476111549 ], [ 101.68488271238239, 12.722015146903541 ], [ 101.685158750023703, 12.722012348198801 ], [ 101.68515779969178, 12.721922019010623 ], [ 101.685433837169896, 12.721919220039487 ], [ 101.68543288674789, 12.721828890871141 ], [ 101.685524899193496, 12.721827957823843 ], [ 101.685523948746322, 12.721737628661657 ], [ 101.685707973550691, 12.721735762485102 ], [ 101.685707023045893, 12.72164543333591 ], [ 101.685799035404642, 12.721644500206654 ], [ 101.685798084874676, 12.721554171063618 ], [ 101.685982109505318, 12.721552304723154 ], [ 101.685981158917727, 12.721461975593114 ], [ 101.686165183454179, 12.721460109138819 ], [ 101.686164232808963, 12.72136978002178 ], [ 101.68634825725124, 12.721367913453658 ], [ 101.686347306548399, 12.721277584349609 ], [ 101.686623343059551, 12.721274784278874 ], [ 101.686622392266628, 12.72118445519467 ], [ 101.686806416505917, 12.721182588335143 ], [ 101.686805465655368, 12.721092259263939 ], [ 101.686989489800453, 12.721090392290588 ], [ 101.68698853889228, 12.72100006323239 ], [ 101.687172562943189, 12.720998196145223 ], [ 101.687171611977405, 12.720907867100022 ], [ 101.68726362395941, 12.720906933515467 ], [ 101.687262672968473, 12.720816604476424 ], [ 101.687354684910702, 12.720815670866839 ], [ 101.687353733894611, 12.720725341833958 ], [ 101.687445745797064, 12.72072440819934 ], [ 101.68744479475582, 12.720634079172619 ], [ 101.687536806618482, 12.720633145512966 ], [ 101.687535855552099, 12.720542816492406 ], [ 101.687627867374985, 12.720541882807725 ], [ 101.687626916283435, 12.720451553793323 ], [ 101.68781093984235, 12.720449686342025 ], [ 101.687809037551332, 12.720269028338549 ], [ 101.687993060951115, 12.720267160787133 ], [ 101.687992109751647, 12.720176831798057 ], [ 101.68808412140811, 12.720175897981385 ], [ 101.688083170183504, 12.720085568998476 ], [ 101.688175181800176, 12.720084635156772 ], [ 101.688174230550416, 12.719994306180022 ], [ 101.688266242127312, 12.719993372313292 ], [ 101.688265290852414, 12.719903043342699 ], [ 101.68835730238952, 12.719902109450942 ], [ 101.688356351089467, 12.719811780486518 ], [ 101.688448362586797, 12.719810846569734 ], [ 101.688447411261606, 12.719720517611469 ], [ 101.68853942271916, 12.719719583669663 ], [ 101.688538471368801, 12.719629254717557 ], [ 101.688722494197052, 12.719627386752014 ], [ 101.68872059138846, 12.719446728873146 ], [ 101.688904614057563, 12.719444860807501 ], [ 101.688903662599316, 12.719354531880734 ], [ 101.688995673890432, 12.719353597806951 ], [ 101.688994722407045, 12.719263268886353 ], [ 101.689086733658385, 12.719262334787546 ], [ 101.689085782149846, 12.719172005873105 ], [ 101.689177793361395, 12.719171071749278 ], [ 101.689176841827731, 12.719080742841003 ], [ 101.689268852999504, 12.719079808692152 ], [ 101.689267901440701, 12.718989479790041 ], [ 101.689359912572684, 12.718988545616169 ], [ 101.689358960988741, 12.718898216720227 ], [ 101.689450972080934, 12.718897282521327 ], [ 101.689449068870076, 12.718716624741084 ], [ 101.689541079890034, 12.718715690524016 ], [ 101.689540128263118, 12.718625361639713 ], [ 101.689724150216179, 12.718623493123667 ], [ 101.689722246854473, 12.718442835380415 ], [ 101.689814257755103, 12.718441901088289 ], [ 101.68981330605277, 12.718351572222481 ], [ 101.68990531691361, 12.718350637905338 ], [ 101.689904365186152, 12.7182603090457 ], [ 101.689996376007215, 12.718259374703536 ], [ 101.689995424254619, 12.718169045850061 ], [ 101.690087435035892, 12.718168111482878 ], [ 101.690086483258156, 12.718077782635575 ], [ 101.690178493999653, 12.718076848243372 ], [ 101.690177542196778, 12.717986519402233 ], [ 101.690269552898513, 12.717985584985014 ], [ 101.690268601070485, 12.717895256150044 ], [ 101.690360611732444, 12.71789432170781 ], [ 101.690359659879277, 12.717803992879002 ], [ 101.690635691723827, 12.717801189381644 ], [ 101.69063473978062, 12.71771086057271 ], [ 101.690726750348361, 12.717709926016706 ], [ 101.690724846419002, 12.717529268410493 ], [ 101.690816856914509, 12.717528333836329 ], [ 101.690815904928357, 12.717438005039048 ], [ 101.690907915384088, 12.717437070439868 ], [ 101.690906011368838, 12.717256412856957 ], [ 101.690998021752335, 12.717255478239617 ], [ 101.690997069723238, 12.717165149453988 ], [ 101.691365111054139, 12.717161410693381 ], [ 101.691364158902545, 12.717071081934483 ], [ 101.691640189726456, 12.717068277549998 ], [ 101.691639237484821, 12.716977948810976 ], [ 101.691823257932541, 12.716976079075701 ], [ 101.691822305633323, 12.716885750349707 ], [ 101.691914315813747, 12.716884815441128 ], [ 101.691913363489405, 12.716794486721305 ], [ 101.692005373630039, 12.716793551787713 ], [ 101.692004421280572, 12.716703223074065 ], [ 101.692096431381415, 12.716702288115464 ], [ 101.692095479006824, 12.716611959407983 ], [ 101.692187489067891, 12.716611024424376 ], [ 101.692186536668174, 12.716520695723066 ], [ 101.692370556703438, 12.716518825673969 ], [ 101.692369604246124, 12.716428496985689 ], [ 101.69255362418717, 12.716426626822852 ], [ 101.692552671672289, 12.716336298147597 ], [ 101.692828701431537, 12.71633349268493 ], [ 101.692827748826602, 12.716243164029569 ], [ 101.692919758699247, 12.716242228818476 ], [ 101.692920711336626, 12.716332557466981 ], [ 101.693196741007938, 12.716329751621947 ], [ 101.693195788273201, 12.716239422994017 ], [ 101.693471817781173, 12.716236616882789 ], [ 101.69347086495641, 12.716146288274754 ], [ 101.693930913827515, 12.716141610819736 ], [ 101.693931866814538, 12.716231939393472 ], [ 101.694299905909247, 12.716228196828476 ], [ 101.694300859033419, 12.716318525374081 ], [ 101.694576888374812, 12.716315718095187 ], [ 101.694577841603675, 12.716406046619523 ], [ 101.694669851401926, 12.716405110789299 ], [ 101.694670804670579, 12.716495439306087 ], [ 101.694762814493956, 12.71649450343714 ], [ 101.694763767802385, 12.716584831946381 ], [ 101.694855777650886, 12.716583896038708 ], [ 101.694859591087791, 12.716945210041381 ], [ 101.694951601058776, 12.716944274074386 ], [ 101.694952554468799, 12.71703460256648 ], [ 101.695044564464894, 12.717033666560759 ], [ 101.695046471371825, 12.717214323529166 ], [ 101.695138481425502, 12.717213387477853 ], [ 101.69514134193831, 12.717484372904737 ], [ 101.695233352082013, 12.717483436800965 ], [ 101.695240027095807, 12.718115736058346 ], [ 101.695332037459394, 12.718114799874659 ], [ 101.695332991094588, 12.718205128330396 ], [ 101.695793042964681, 12.718200446899619 ], [ 101.69579399676951, 12.718290775320346 ], [ 101.695978017531104, 12.718288902511228 ], [ 101.695978971408181, 12.718379230917538 ], [ 101.69625500259292, 12.718376421444248 ], [ 101.696255956574717, 12.718466749829274 ], [ 101.696439977392757, 12.718464876674 ], [ 101.696440931446816, 12.718555205044613 ], [ 101.696716962716238, 12.718552395052084 ], [ 101.696717916874988, 12.718642723401409 ], [ 101.697177969006191, 12.718638039408804 ], [ 101.69717892333459, 12.718728367723099 ], [ 101.697362944200606, 12.718726493889234 ], [ 101.697363898601267, 12.718816822189108 ], [ 101.697823950800114, 12.718812137012382 ], [ 101.69782490537041, 12.718902465277216 ], [ 101.698008926263483, 12.718900590969694 ], [ 101.698009880906042, 12.718990919220104 ], [ 101.698101891374023, 12.718989982011669 ], [ 101.698102846056386, 12.719080310254524 ], [ 101.698746919353823, 12.719073748854999 ], [ 101.698747874270765, 12.719164077049067 ], [ 101.699023905671154, 12.719161264522027 ], [ 101.69902295065684, 12.719070936348581 ], [ 101.698930940229843, 12.719071873882589 ], [ 101.698929985255333, 12.718981545701586 ], [ 101.699021995649858, 12.718980608174451 ], [ 101.699021040650237, 12.718890279999636 ], [ 101.699113051004971, 12.7188893424475 ], [ 101.699114006037036, 12.718979670615443 ], [ 101.699390037154529, 12.718976857747199 ], [ 101.699389082025064, 12.718886529599883 ], [ 101.699757123282353, 12.718882778690217 ], [ 101.69975616803039, 12.718792450569714 ], [ 101.699848178293891, 12.718791512769499 ], [ 101.699847223016818, 12.718701184655185 ], [ 101.699939233240499, 12.718700246829973 ], [ 101.69993827793833, 12.718609918721853 ], [ 101.700030288122207, 12.71860898087165 ], [ 101.700029332794912, 12.71851865276972 ], [ 101.700397373327093, 12.718514901077731 ], [ 101.700396417877329, 12.71842457300262 ], [ 101.700488427959542, 12.718423635006829 ], [ 101.700489383441763, 12.718513963075063 ], [ 101.700673403649063, 12.718512086974119 ], [ 101.700672448101926, 12.718421758919641 ], [ 101.700948478260358, 12.718418944549841 ], [ 101.700947522623181, 12.718328616515318 ], [ 101.701223552618103, 12.718325801879343 ], [ 101.701222596890901, 12.71823547386477 ], [ 101.70149862672227, 12.71823265896262 ], [ 101.701495759292698, 12.717961674976699 ], [ 101.701587769124401, 12.717960736632886 ], [ 101.701586813296785, 12.71787040864309 ], [ 101.701770832873237, 12.717868531873627 ], [ 101.701769876988067, 12.717778203896906 ], [ 101.701861886732814, 12.717777265471256 ], [ 101.701860930822534, 12.717686937500728 ], [ 101.701952940527462, 12.717685999050088 ], [ 101.701951984592085, 12.717595671085757 ], [ 101.70204399425721, 12.717594732610138 ], [ 101.702042082343596, 12.717414076693188 ], [ 101.702134091936458, 12.717413138199463 ], [ 101.702133135958221, 12.71732281024684 ], [ 101.70231715505696, 12.717320933177554 ], [ 101.702316199021183, 12.71723060523801 ], [ 101.702500218025591, 12.717228728055026 ], [ 101.70249926193226, 12.717138400128567 ], [ 101.702775290286354, 12.717135584135754 ], [ 101.702774334103012, 12.717045256229254 ], [ 101.702866343507196, 12.717044317508135 ], [ 101.702865387298758, 12.716953989607834 ], [ 101.70304940602017, 12.716952112083771 ], [ 101.703048449754192, 12.716861784196551 ], [ 101.703232468381273, 12.716859906558801 ], [ 101.703231512057727, 12.716769578684664 ], [ 101.703691558334427, 12.716764884067091 ], [ 101.703690601855982, 12.716674556226694 ], [ 101.703782611056781, 12.716673617214475 ], [ 101.703781654553225, 12.716583289380276 ], [ 101.703965672867881, 12.716581411274017 ], [ 101.703963759753037, 12.716400755631112 ], [ 101.704055768834408, 12.716399816543957 ], [ 101.704054812255592, 12.716309488728365 ], [ 101.703686776015715, 12.716313244858252 ], [ 101.703685819574062, 12.716222917014427 ], [ 101.703593810528147, 12.716223855960354 ], [ 101.703592854126285, 12.716133528108964 ], [ 101.703408836077287, 12.716135405891466 ], [ 101.703405967110569, 12.715864422291865 ], [ 101.703313958172401, 12.71586536111467 ], [ 101.703313001897328, 12.715775033239881 ], [ 101.703405010803053, 12.71577409442396 ], [ 101.703404054502883, 12.715683766555369 ], [ 101.703496063368803, 12.715682827714476 ], [ 101.703495107043551, 12.715592499852084 ], [ 101.703403098210075, 12.715593438686096 ], [ 101.703402141924627, 12.715503110816138 ], [ 101.703310133116261, 12.715504049611406 ], [ 101.703309176870604, 12.715413721733876 ], [ 101.70321716808732, 12.715414660490397 ], [ 101.7032123871317, 12.714963021058056 ], [ 101.70339640436643, 12.714961143581997 ], [ 101.703395448132468, 12.714870815707242 ], [ 101.703303439551235, 12.714871754454316 ], [ 101.703298658654077, 12.714420115035852 ], [ 101.703206650227727, 12.714421053716645 ], [ 101.70320473798526, 12.714240397930697 ], [ 101.703296746346709, 12.714239459263672 ], [ 101.703297702496712, 12.714329787150103 ], [ 101.703389710883258, 12.714328848444334 ], [ 101.703382061629654, 12.713606225388768 ], [ 101.70329005350267, 12.713607164039459 ], [ 101.703288141327732, 12.713426508254953 ], [ 101.70338014938983, 12.713425569618028 ], [ 101.703378237179422, 12.713244913844548 ], [ 101.703470245169285, 12.713243975189538 ], [ 101.703468332923407, 12.713063319427087 ], [ 101.703376324998459, 12.71306425806833 ], [ 101.703374412846912, 12.712883602289368 ], [ 101.703282404979461, 12.712884540884982 ], [ 101.703277624891555, 12.712432901391175 ], [ 101.70336963259679, 12.712431962829983 ], [ 101.703367720548243, 12.712251307041436 ], [ 101.703275712907896, 12.712252245588859 ], [ 101.70327284498758, 12.711981261880249 ], [ 101.703180837437188, 12.71198220037517 ], [ 101.703177969680382, 12.71171121663974 ], [ 101.703085962219987, 12.711712155082159 ], [ 101.703081182934639, 12.711260515474997 ], [ 101.702989175629071, 12.711261453851144 ], [ 101.702987264031293, 12.71108079798972 ], [ 101.702895256783236, 12.711081736320253 ], [ 101.702893345279762, 12.710901080442321 ], [ 101.702985352462946, 12.71090014212556 ], [ 101.702975795062557, 12.709996862763656 ], [ 101.703067801914031, 12.709995924483881 ], [ 101.703063023327502, 12.709544284811669 ], [ 101.702971016638202, 12.709545223057027 ], [ 101.702968149671847, 12.709274239224834 ], [ 101.703060156263845, 12.709273301000128 ], [ 101.703059200590673, 12.709182973061578 ], [ 101.702967194031118, 12.709183911279402 ], [ 101.7029652827717, 12.709003255386481 ], [ 101.703057289266397, 12.709002317182424 ], [ 101.703043910820298, 12.707737725951665 ], [ 101.70295190477961, 12.707738664059352 ], [ 101.702949993755567, 12.707558008144524 ], [ 101.70285798777239, 12.707558946206603 ], [ 101.702857032303839, 12.707468618241279 ], [ 101.702949038254587, 12.707467680186081 ], [ 101.702940439076684, 12.706654728529303 ], [ 101.703032444728237, 12.706653790504218 ], [ 101.703031489268369, 12.706563462545816 ], [ 101.702939483649246, 12.706564400564019 ], [ 101.702936617411069, 12.706293416664051 ], [ 101.702844611881858, 12.706294354629764 ], [ 101.702823595537794, 12.704307139023674 ], [ 101.702731590714507, 12.704308076806131 ], [ 101.702726814931196, 12.703856436815045 ], [ 101.702634810262651, 12.703857374531255 ], [ 101.702633855160471, 12.703767046524103 ], [ 101.702541850516994, 12.703767984201603 ], [ 101.702540895454575, 12.703677656186883 ], [ 101.702632900065652, 12.703676718516263 ], [ 101.702621439501328, 12.702592782368832 ], [ 101.702529435279246, 12.702593719956861 ], [ 101.702527525352977, 12.702413063908944 ], [ 101.702435521188377, 12.702414001451382 ], [ 101.702424062637391, 12.701330065023816 ], [ 101.70224005506401, 12.701331939848052 ], [ 101.70223910029739, 12.70124161179421 ], [ 101.702147096532073, 12.701242549151711 ], [ 101.702148051266292, 12.701332877212435 ], [ 101.701964043648815, 12.701334751845724 ], [ 101.701963088979412, 12.701244423771243 ], [ 101.701687077595281, 12.701247235461857 ], [ 101.701688032167453, 12.701337563556983 ], [ 101.701504024476449, 12.701339437872033 ], [ 101.701503069969093, 12.701249109763149 ], [ 101.700951046914156, 12.701254731903251 ], [ 101.700952001227023, 12.701345060053409 ], [ 101.700307973768332, 12.701351617817011 ], [ 101.700308927861684, 12.701441946014626 ], [ 101.700492935808597, 12.701440072513249 ], [ 101.700495798327196, 12.701711057060731 ], [ 101.700403794260183, 12.701711993847962 ], [ 101.700405702577839, 12.701892650223281 ], [ 101.700313698438663, 12.701893586992439 ], [ 101.700317515032495, 12.702254899762371 ], [ 101.700409519301317, 12.70225396296571 ], [ 101.700414290371015, 12.702705603878348 ], [ 101.700506294794565, 12.702704667015473 ], [ 101.700507249062952, 12.702794995189073 ], [ 101.700599253511598, 12.702794058287489 ], [ 101.700610705694473, 12.70387799623478 ], [ 101.700702710524752, 12.703877059218843 ], [ 101.700709391680377, 12.704509356261115 ], [ 101.700801396730242, 12.704508419165204 ], [ 101.700806169366814, 12.704960059854768 ], [ 101.700898174571435, 12.704959122692632 ], [ 101.700903902172385, 12.705501091456256 ], [ 101.700995907564163, 12.705500154221019 ], [ 101.700999726241491, 12.705861466688903 ], [ 101.701091731755625, 12.705860529394315 ], [ 101.701095550680236, 12.706221841823735 ], [ 101.701187556316711, 12.7062209044698 ], [ 101.701189465887964, 12.706401560666645 ], [ 101.70128147158195, 12.706400623267113 ], [ 101.701284336091234, 12.706671607536611 ], [ 101.701376341875132, 12.706670670084604 ], [ 101.701379206547841, 12.706941654327307 ], [ 101.701471212421694, 12.706940716822825 ], [ 101.701472167359725, 12.707031044895476 ], [ 101.701380161453457, 12.707031982406839 ], [ 101.70138111636642, 12.707122310485685 ], [ 101.701565128236439, 12.707120435417361 ], [ 101.701568948221194, 12.707481747670869 ], [ 101.701476942160156, 12.707482685248465 ], [ 101.701483627189518, 12.70811498171391 ], [ 101.701391620894114, 12.70811591930782 ], [ 101.701392575895284, 12.708206247378454 ], [ 101.701208563217577, 12.708208122484521 ], [ 101.701210473112255, 12.708388778651249 ], [ 101.701118466697508, 12.708389716170279 ], [ 101.701120376556716, 12.708570372348026 ], [ 101.701304389508579, 12.708568497250612 ], [ 101.701305344514068, 12.708658825324704 ], [ 101.701213338009381, 12.708659762896213 ], [ 101.701214292989803, 12.708750090976494 ], [ 101.701122286445326, 12.708751028523038 ], [ 101.701127061295495, 12.709202668948583 ], [ 101.701035054581524, 12.709203606497674 ], [ 101.701046514582472, 12.710287543531706 ], [ 101.701138521685664, 12.710286605900068 ], [ 101.701146162533817, 12.711009230479622 ], [ 101.701238169889137, 12.711008292761109 ], [ 101.701239125060681, 12.711098620823588 ], [ 101.701423139814153, 12.711096745277249 ], [ 101.701426960833317, 12.711458057465309 ], [ 101.701334953330502, 12.711458995281918 ], [ 101.701340684885139, 12.712000963584741 ], [ 101.701156669468176, 12.712002839204962 ], [ 101.701157624688136, 12.712093167266792 ], [ 101.701341640169986, 12.712091291632811 ], [ 101.701342595462165, 12.712181619680202 ], [ 101.701434603224499, 12.712180681808555 ], [ 101.701438424596546, 12.712541993963745 ], [ 101.701530432481292, 12.712541056032723 ], [ 101.701533298684836, 12.712812040121285 ], [ 101.701625306659565, 12.712811102137779 ], [ 101.701627217563569, 12.712991758179635 ], [ 101.701719225595824, 12.712990820150509 ], [ 101.701727825319793, 12.713803772243052 ], [ 101.701819833636705, 12.71380283412015 ], [ 101.701823656057201, 12.714164146115952 ], [ 101.701915664496539, 12.714163207933668 ], [ 101.701917575815799, 12.714343863913696 ], [ 101.702009584312663, 12.714342925685793 ], [ 101.702011495726239, 12.714523581649322 ], [ 101.702103504280657, 12.714522643375801 ], [ 101.70210446003091, 12.714612971349656 ], [ 101.702012451444034, 12.714613909630058 ], [ 101.702017230143412, 12.715065549523475 ], [ 101.702109238892504, 12.715064611208662 ], [ 101.702113062114165, 12.715425923083538 ], [ 101.702021053235256, 12.715426861425875 ], [ 101.702027743929122, 12.716059157228708 ], [ 101.701935734815706, 12.71606009558735 ], [ 101.701936690626084, 12.716150423563324 ], [ 101.701844681472863, 12.716151361896983 ], [ 101.701845637258145, 12.716241689879158 ], [ 101.701753628065106, 12.716242628187837 ], [ 101.701754583825291, 12.716332956176203 ], [ 101.701662574592461, 12.7163338944599 ], [ 101.701663530327522, 12.716424222454464 ], [ 101.701571521054902, 12.716425160713177 ], [ 101.701572476764866, 12.716515488713933 ], [ 101.701480467452441, 12.716516426947663 ], [ 101.701481423137324, 12.71660675495462 ], [ 101.701297404425475, 12.71660863134025 ], [ 101.701298360052803, 12.716698959360276 ], [ 101.701114341246651, 12.716700835632215 ], [ 101.701115296816411, 12.716791163665313 ], [ 101.700931277915956, 12.71679303982355 ], [ 101.700933188947715, 12.716973695915209 ], [ 101.700749169888041, 12.716975571973505 ], [ 101.700750125350041, 12.717065900032065 ], [ 101.70056610619605, 12.717067775976654 ], [ 101.700567061600481, 12.717158104048286 ], [ 101.700383042352186, 12.717159979879172 ], [ 101.700383997699078, 12.717250307963869 ], [ 101.700199978356466, 12.717252183681047 ], [ 101.700200933645789, 12.717342511778815 ], [ 101.700016914208874, 12.717344387382287 ], [ 101.700017869440629, 12.717434715493125 ], [ 101.699741840132788, 12.717437528679966 ], [ 101.699742795274531, 12.717527856810742 ], [ 101.699374755964712, 12.717531607307908 ], [ 101.699375710983972, 12.7176219354655 ], [ 101.699283701105699, 12.717622873017001 ], [ 101.699282746118882, 12.717532544852535 ], [ 101.698638676992459, 12.717539106772664 ], [ 101.698637722240193, 12.717448778559397 ], [ 101.698453702488592, 12.717450653093177 ], [ 101.698452747808574, 12.71736032486548 ], [ 101.698360737954218, 12.717361262077699 ], [ 101.698359783314004, 12.717270933842444 ], [ 101.698175763648152, 12.717272808157544 ], [ 101.698174809080186, 12.717182479907864 ], [ 101.698082799268718, 12.717183417010743 ], [ 101.698081844740543, 12.717093088753503 ], [ 101.697897825160467, 12.717094962849925 ], [ 101.697896870704554, 12.717004634578259 ], [ 101.69780486093596, 12.7170055715718 ], [ 101.697803906519837, 12.716915243292583 ], [ 101.697711896776354, 12.716916180247386 ], [ 101.697710942400036, 12.716825851960612 ], [ 101.697618932681664, 12.716826788876682 ], [ 101.697617978345136, 12.716736460582352 ], [ 101.697525968651874, 12.71673739745969 ], [ 101.697525014355151, 12.716647069157805 ], [ 101.697433004686999, 12.716648005996408 ], [ 101.69743109618048, 12.716467349376849 ], [ 101.697339086569897, 12.716468286169846 ], [ 101.697338132360102, 12.716377957852169 ], [ 101.69715411318181, 12.716379831328839 ], [ 101.697152204914062, 12.71619917466395 ], [ 101.696968185836212, 12.716201047985695 ], [ 101.69696723177826, 12.71611071963849 ], [ 101.696875222260786, 12.716111656244694 ], [ 101.69687331423178, 12.715930999534491 ], [ 101.696781304771875, 12.7159319360951 ], [ 101.696780350800836, 12.7158416077321 ], [ 101.696596331923899, 12.715843480743997 ], [ 101.696595378025094, 12.715753152366576 ], [ 101.696503368608063, 12.715754088817866 ], [ 101.696502414749062, 12.715663760432898 ], [ 101.696318395957888, 12.715665633226152 ], [ 101.696316488391687, 12.715484976426694 ], [ 101.69613246970097, 12.715486849065039 ], [ 101.696131515993784, 12.715396520650543 ], [ 101.696039506669862, 12.715397456915056 ], [ 101.696038553002481, 12.71530712849302 ], [ 101.69594654370367, 12.715308064718801 ], [ 101.69594559007605, 12.715217736289212 ], [ 101.695761571521345, 12.71521960863147 ], [ 101.695760617965959, 12.715129280187467 ], [ 101.695576599446795, 12.715131152388555 ], [ 101.695575645963658, 12.71504082393013 ], [ 101.695391627480049, 12.715042695990045 ], [ 101.695390674069145, 12.714952367517212 ], [ 101.695298664848778, 12.714953303492514 ], [ 101.695297711477664, 12.71486297501213 ], [ 101.695113693079833, 12.714864846853432 ], [ 101.695112739780939, 12.714774518358636 ], [ 101.694744703027084, 12.714778261631466 ], [ 101.694743749865324, 12.714687933108532 ], [ 101.694467722320269, 12.714690740208042 ], [ 101.694466769263187, 12.714600411663836 ], [ 101.694098732563575, 12.714604153989706 ], [ 101.694097779643627, 12.71451382541737 ], [ 101.693913761314718, 12.714515696375427 ], [ 101.69391280846699, 12.714425367788687 ], [ 101.693636781015996, 12.714428173966251 ], [ 101.69363773376638, 12.714518502573577 ], [ 101.69234960433522, 12.714531594373694 ], [ 101.692350556638658, 12.714621923076349 ], [ 101.691706491157348, 12.714628466682752 ], [ 101.691705539081056, 12.714538137932109 ], [ 101.691613529729722, 12.714539072598731 ], [ 101.69161448177357, 12.71462940135623 ], [ 101.69143046298403, 12.714631270607606 ], [ 101.69143141497031, 12.71472159937813 ], [ 101.691155386633739, 12.714724403036808 ], [ 101.691156338529979, 12.714814731827207 ], [ 101.690972319537408, 12.714816600787405 ], [ 101.690971367706055, 12.714726271983293 ], [ 101.690787348749097, 12.714728140802345 ], [ 101.690789252289335, 12.714908798437285 ], [ 101.690605233173287, 12.714910667156301 ], [ 101.690606184889489, 12.715000995986456 ], [ 101.690514175288016, 12.715001930305025 ], [ 101.690515126979108, 12.715092259141342 ], [ 101.690423117337872, 12.715093193434903 ], [ 101.690424069003811, 12.715183522277391 ], [ 101.690240049634482, 12.715185390782633 ], [ 101.690241001242839, 12.715275719638136 ], [ 101.690148991514747, 12.715276653849816 ], [ 101.690149943097992, 12.715366982711489 ], [ 101.689965923554922, 12.715368851052968 ], [ 101.689966875080586, 12.715459179927658 ], [ 101.689874865265622, 12.715460114057457 ], [ 101.689875816766147, 12.715550442938314 ], [ 101.689691797049349, 12.715552311116024 ], [ 101.689692748492305, 12.715642640009893 ], [ 101.689600738590457, 12.715643574057806 ], [ 101.689601690008288, 12.71573390295784 ], [ 101.689325660161529, 12.715736704930954 ], [ 101.689326611489307, 12.715827033850854 ], [ 101.689234601493297, 12.715827967785014 ], [ 101.689235552795935, 12.715918296711079 ], [ 101.689143542760149, 12.715919230620225 ], [ 101.689144494037663, 12.71600955955245 ], [ 101.689052483962115, 12.716010493436583 ], [ 101.68905343521449, 12.716100822374976 ], [ 101.688869414976509, 12.716102690061344 ], [ 101.688870366171301, 12.716193019012749 ], [ 101.688778356008882, 12.716193952814988 ], [ 101.68877930717855, 12.716284281772555 ], [ 101.688595286766855, 12.716286149295131 ], [ 101.688596237878926, 12.71637647826571 ], [ 101.68850422762965, 12.716377411986052 ], [ 101.688505178716568, 12.716467740962791 ], [ 101.68841316842753, 12.716468674658111 ], [ 101.688414119489309, 12.716559003641013 ], [ 101.688230098824377, 12.716560870949758 ], [ 101.688231049828573, 12.71665119994567 ], [ 101.687955018678906, 12.716654000690339 ], [ 101.687955969593048, 12.716744329706104 ], [ 101.687771948725128, 12.71674619672358 ], [ 101.687772899581674, 12.716836525752349 ], [ 101.687312847121589, 12.71684119277262 ], [ 101.68731379782318, 12.716931521834928 ], [ 101.686945755593626, 12.716935254904936 ], [ 101.686946706172705, 12.717025583993935 ], [ 101.686302631762274, 12.717032115687507 ], [ 101.68630168141037, 12.716941786550613 ], [ 101.686209670783512, 12.716942719515389 ], [ 101.686208720471384, 12.71685239037097 ], [ 101.686116709869694, 12.716853323297038 ], [ 101.686118610436338, 12.717033981598874 ], [ 101.686026599762414, 12.717034914506756 ], [ 101.686028500293389, 12.717215572819535 ], [ 101.685568446489526, 12.717220236949363 ], [ 101.685570346725186, 12.717400895327804 ], [ 101.685478335877576, 12.717401828071848 ], [ 101.685479285973898, 12.717492157266882 ], [ 101.685387275086526, 12.717493089985895 ], [ 101.685388225157709, 12.71758341918709 ], [ 101.685296214230561, 12.717584351881076 ], [ 101.685297164276591, 12.71767468108842 ], [ 101.685205153309695, 12.717675613757377 ], [ 101.685207053358766, 12.717856272183688 ], [ 101.685115042319623, 12.717857204834454 ], [ 101.685116942333039, 12.718037863271709 ], [ 101.685024931221676, 12.718038795904285 ], [ 101.685025881206869, 12.718129125128723 ], [ 101.684933870055744, 12.718130057736264 ], [ 101.684935769983156, 12.718310716196765 ], [ 101.684843758759797, 12.718311648786111 ], [ 101.684846608608339, 12.718582636492245 ], [ 101.684938619929085, 12.71858170388238 ], [ 101.68493956992566, 12.718672033109552 ], [ 101.68512359261014, 12.718670167780543 ], [ 101.685125492755077, 12.718850826205477 ], [ 101.685217504151282, 12.718849893479488 ], [ 101.685219404390381, 12.719030551888013 ], [ 101.685311415844183, 12.719029619116474 ], [ 101.685315216539934, 12.719390935897954 ], [ 101.685223204956287, 12.719391868696848 ], [ 101.685224155116032, 12.719482197897342 ], [ 101.685132143492595, 12.719483130671202 ], [ 101.685133093627186, 12.719573459877855 ], [ 101.685041081963988, 12.719574392626681 ], [ 101.685042032073426, 12.719664721839489 ], [ 101.684950020370451, 12.719665654563279 ], [ 101.684950970454722, 12.719755983782239 ], [ 101.684766946961943, 12.719757849147872 ], [ 101.684767896988618, 12.719848178379824 ], [ 101.684675885198786, 12.719849111021668 ], [ 101.684676835200293, 12.719939440259774 ], [ 101.684492811533801, 12.719941305461514 ], [ 101.684493761477682, 12.720031634712612 ], [ 101.684401749601022, 12.72003256727251 ], [ 101.684402699519751, 12.720122896529753 ], [ 101.6843106876033, 12.720123829064612 ], [ 101.684311637496862, 12.720214158328011 ], [ 101.684127613577147, 12.720216023315777 ], [ 101.684128563413083, 12.720306352592166 ], [ 101.684036551409804, 12.720307285045072 ], [ 101.684037501220573, 12.720397614327615 ], [ 101.683853477127158, 12.720399479151471 ], [ 101.683854426880316, 12.720489808446997 ], [ 101.683762414790195, 12.720490740817949 ], [ 101.683763364518185, 12.720581070119627 ], [ 101.683671352388288, 12.720582002465537 ], [ 101.683672302091125, 12.720672331773365 ], [ 101.683488277744473, 12.72067419638323 ], [ 101.683489227389671, 12.720764525704039 ], [ 101.683397215172931, 12.720765457967993 ], [ 101.683398164792976, 12.720855787294953 ], [ 101.683306152536446, 12.720856719533863 ], [ 101.683307102131337, 12.720947048866973 ], [ 101.683123077531448, 12.720948913262832 ], [ 101.683124027068686, 12.721039242608928 ], [ 101.683032014725327, 12.721040174765877 ], [ 101.683032964237412, 12.721130504118117 ], [ 101.682940951854292, 12.721131436250021 ], [ 101.682942850835431, 12.72131209496612 ], [ 101.682758825917375, 12.721313959161625 ], [ 101.682760724797859, 12.721494617902316 ], [ 101.682668712262952, 12.721495549965919 ], [ 101.682669661681672, 12.721585879342069 ], [ 101.682577649107003, 12.721586811380625 ], [ 101.682578598500541, 12.721677140762926 ], [ 101.68248658588611, 12.721678072776436 ], [ 101.682487535254495, 12.721768402164882 ], [ 101.68239552260026, 12.721769334153343 ], [ 101.682396471943477, 12.721859663547939 ], [ 101.682304459249494, 12.721860595511352 ], [ 101.682305408567544, 12.721950924912093 ], [ 101.682213395833784, 12.721951856850458 ], [ 101.682214345126653, 12.722042186257349 ], [ 101.682122332353117, 12.722043118170665 ], [ 101.682123281620832, 12.722133447583701 ], [ 101.682031268807535, 12.722134379471971 ], [ 101.682032218050068, 12.722224708891151 ], [ 101.681848192336616, 12.722226572585711 ], [ 101.681849141521525, 12.722316902017869 ], [ 101.681757128621371, 12.722317833824158 ], [ 101.681758077781097, 12.722408163262465 ], [ 101.681574051893975, 12.722410026793058 ], [ 101.681575000996048, 12.722500356244337 ], [ 101.68148298800908, 12.722501287968644 ], [ 101.681483937085986, 12.722591617426069 ], [ 101.681299911025178, 12.722593480792698 ], [ 101.681300860044445, 12.722683810263094 ], [ 101.681116833889504, 12.722685673515855 ], [ 101.681117782851118, 12.722776002999225 ], [ 101.68093375660203, 12.722777866138118 ], [ 101.680935654417269, 12.722958525130117 ], [ 101.680475588342148, 12.722963182487693 ], [ 101.680474639593243, 12.722872852957897 ], [ 101.680290613177064, 12.722874715664098 ], [ 101.680289664500393, 12.722784386119967 ], [ 101.680197651313847, 12.722785317418415 ], [ 101.680196702676938, 12.722694987866772 ], [ 101.68028871583104, 12.722694056575151 ], [ 101.680286818514176, 12.722513397483468 ], [ 101.680194805425032, 12.722514328761442 ], [ 101.680193856810035, 12.722423999207747 ], [ 101.680285869866694, 12.722423067936598 ], [ 101.680282075349709, 12.722061749742283 ], [ 101.680374088269204, 12.722060818466561 ], [ 101.680371242360664, 12.721789829834117 ], [ 101.680463255175454, 12.721788898546997 ], [ 101.680460409235152, 12.721517909928874 ], [ 101.680552421945237, 12.721516978630355 ], [ 101.680550524623257, 12.721336319561841 ], [ 101.680642537261093, 12.721335388245093 ], [ 101.680637793921477, 12.720883740595974 ], [ 101.680729806389678, 12.720882809281482 ], [ 101.680728857711188, 12.720792479756435 ], [ 101.680636845275444, 12.720793411064099 ], [ 101.680634948005249, 12.720612751998292 ], [ 101.680726960376063, 12.720611820704287 ], [ 101.680726011719443, 12.720521491177182 ], [ 101.680633999381101, 12.720522422464363 ], [ 101.680631153552426, 12.72025143385847 ], [ 101.68053914130418, 12.720252365093295 ], [ 101.680537244186468, 12.720071706005628 ], [ 101.680445231995876, 12.720072637194924 ], [ 101.680442386471412, 12.719801648537812 ], [ 101.680350374370917, 12.71980257967475 ], [ 101.680348477456008, 12.719621920552939 ], [ 101.680256465413137, 12.719622851644353 ], [ 101.680254568592346, 12.71944219250615 ], [ 101.680162556607115, 12.719443123552042 ], [ 101.680161608240113, 12.719352793975087 ], [ 101.680069596280035, 12.719353724982277 ], [ 101.680067699632886, 12.719173065812669 ], [ 101.679975687730419, 12.719173996774337 ], [ 101.679974739450245, 12.71908366718168 ], [ 101.679790715688398, 12.719085528995745 ], [ 101.679789767480429, 12.718995199388756 ], [ 101.679697755621021, 12.718996130241155 ], [ 101.679696807452828, 12.718905800626656 ], [ 101.679604795618587, 12.718906731440361 ], [ 101.679603847490142, 12.718816401818353 ], [ 101.679511835681069, 12.718817332593362 ], [ 101.679510887592372, 12.718727002963846 ], [ 101.679234852218798, 12.71872979507717 ], [ 101.679233904234778, 12.718639465426495 ], [ 101.679141892461473, 12.718640396060373 ], [ 101.679140944517201, 12.718550066402194 ], [ 101.678772897480854, 12.718553788591695 ], [ 101.678771949673731, 12.718463458905541 ], [ 101.678311890876572, 12.718468110891212 ], [ 101.678310943239026, 12.718377781170267 ], [ 101.677942896199937, 12.718381502157849 ], [ 101.677941948699527, 12.718291172408932 ], [ 101.677573901673654, 12.718294892859305 ], [ 101.677574849044206, 12.718385222635494 ], [ 101.677390825422634, 12.718387082683096 ], [ 101.677391772735561, 12.718477412472241 ], [ 101.6772077490199, 12.718479272405995 ], [ 101.677208696275201, 12.718569602208094 ], [ 101.677024672465478, 12.718571462027999 ], [ 101.677025619663127, 12.718661791843051 ], [ 101.676749583796521, 12.71866458135433 ], [ 101.676741060156317, 12.717851612810199 ], [ 101.676649048478367, 12.717852542522197 ], [ 101.676647154481159, 12.717671882824568 ], [ 101.676555142860821, 12.717672812491065 ], [ 101.676559877746186, 12.71812446176409 ], [ 101.676467865956269, 12.7181253914328 ], [ 101.676468812922735, 12.71821572129217 ], [ 101.676192777411899, 12.718218510127524 ], [ 101.67619183054282, 12.718128180247705 ], [ 101.676099818723756, 12.718129109788935 ], [ 101.676098871894425, 12.718038779901617 ], [ 101.676006860100557, 12.718039709404158 ], [ 101.676004966528637, 12.717859049613841 ], [ 101.675912954792395, 12.717859979070882 ], [ 101.675910114586529, 12.717588989359832 ], [ 101.675818102940383, 12.717589918764562 ], [ 101.675816209571124, 12.717409258940146 ], [ 101.674528046669366, 12.717422267069363 ], [ 101.674527100450064, 12.717331937060743 ], [ 101.674343077126835, 12.7173337948414 ], [ 101.674344023281208, 12.717424124863641 ], [ 101.674252011576201, 12.717425053712979 ], [ 101.674251065454285, 12.717334723683924 ], [ 101.673791006982398, 12.717339367418532 ], [ 101.673790061030061, 12.717249037354751 ], [ 101.673606037655276, 12.717250894611896 ], [ 101.67360509177513, 12.717160564533808 ], [ 101.673421068436156, 12.717162421649865 ], [ 101.673420122628187, 12.717072091557476 ], [ 101.67332811098025, 12.717073020060896 ], [ 101.673327165212029, 12.716982689961014 ], [ 101.67314314195923, 12.716984546858631 ], [ 101.6731421962632, 12.716894216744455 ], [ 101.673050184658337, 12.71689514513865 ], [ 101.67304923900204, 12.716804815016982 ], [ 101.672957227422359, 12.716805743372506 ], [ 101.672956281805796, 12.716715413243344 ], [ 101.672772258689534, 12.716717269845176 ], [ 101.672771313145134, 12.716626939701719 ], [ 101.672495278513566, 12.716629724345047 ], [ 101.672494333073828, 12.716539394180487 ], [ 101.672310310014652, 12.716541250436427 ], [ 101.672309364647106, 12.716450920257568 ], [ 101.672033330101172, 12.716453704382062 ], [ 101.672032384838246, 12.716363374182105 ], [ 101.67175635032423, 12.716366157999392 ], [ 101.671755405165939, 12.716275827778336 ], [ 101.671479370683841, 12.716278611288416 ], [ 101.671478425630198, 12.71618828104627 ], [ 101.671202391180046, 12.716191064249147 ], [ 101.671201446231038, 12.716100733985904 ], [ 101.670741388830962, 12.716105371986041 ], [ 101.670742333617696, 12.716195702283297 ], [ 101.670466298993063, 12.716198484721399 ], [ 101.6704672436897, 12.716288815038371 ], [ 101.670191208902281, 12.716291597210086 ], [ 101.670192153508822, 12.716381927546784 ], [ 101.67010014186603, 12.716382854880424 ], [ 101.670101086447374, 12.716473185223236 ], [ 101.669733039673702, 12.71647689426633 ], [ 101.669733984132492, 12.716567224635655 ], [ 101.669641972388462, 12.716568151823564 ], [ 101.669643861262912, 12.716748812573766 ], [ 101.669551849446691, 12.716749739743401 ], [ 101.66955279386238, 12.716840070124279 ], [ 101.669460782006425, 12.716840997268848 ], [ 101.669461726396918, 12.716931327655837 ], [ 101.669369714501258, 12.716932254775339 ], [ 101.669370658866541, 12.717022585168442 ], [ 101.669278646931147, 12.717023512262875 ], [ 101.669283368704271, 12.717475164252146 ], [ 101.669191356599327, 12.717476091348697 ], [ 101.669195134018779, 12.717837412955005 ], [ 101.669103121776729, 12.71783834004688 ], [ 101.669105010465103, 12.718019000859526 ], [ 101.669012998150876, 12.718019927933124 ], [ 101.669013942473498, 12.718110258345222 ], [ 101.668921930119552, 12.718111185393749 ], [ 101.66892381872168, 12.718291846229487 ], [ 101.668555768973533, 12.718295554159255 ], [ 101.66855482479869, 12.718205223714543 ], [ 101.66846281237595, 12.718206150610511 ], [ 101.668461868240811, 12.718115820158316 ], [ 101.668277843438489, 12.718117673841046 ], [ 101.668276899375542, 12.718027343374576 ], [ 101.668184886995945, 12.718028270161341 ], [ 101.668183942972718, 12.717937939687394 ], [ 101.668091930618317, 12.717938866435491 ], [ 101.668090986634823, 12.717848535954067 ], [ 101.667998974305604, 12.717849462663498 ], [ 101.667997086425316, 12.717668801685006 ], [ 101.668089098689606, 12.717667874989164 ], [ 101.668088154727883, 12.717577544505687 ], [ 101.668180166952453, 12.717576617784772 ], [ 101.668179222965549, 12.717486287307407 ], [ 101.668087210773436, 12.71748721402153 ], [ 101.668086266826251, 12.717396883536685 ], [ 101.667994254659348, 12.717397810212145 ], [ 101.667993310751868, 12.717307479719823 ], [ 101.668085322886327, 12.717306553051161 ], [ 101.668083435028251, 12.717125892078057 ], [ 101.667991422958721, 12.717126818733131 ], [ 101.667992366851664, 12.717217149226819 ], [ 101.667900354742414, 12.717218075856819 ], [ 101.667897523182745, 12.71694708435332 ], [ 101.667805511163593, 12.716948010931068 ], [ 101.667804567357351, 12.716857680421741 ], [ 101.667712555363408, 12.716858606960828 ], [ 101.667710667837611, 12.716677945926536 ], [ 101.667618655901322, 12.716678872420166 ], [ 101.667616768469472, 12.716498211369554 ], [ 101.667524756590851, 12.716499137817728 ], [ 101.667522869252963, 12.716318476750795 ], [ 101.667614881066683, 12.716317550316207 ], [ 101.667612993692927, 12.716136889260133 ], [ 101.667428970188041, 12.716138742070266 ], [ 101.667429913806387, 12.716229072612233 ], [ 101.667337902010587, 12.716229998976294 ], [ 101.667336014846086, 12.716049337878088 ], [ 101.667151991362559, 12.716051190483443 ], [ 101.667151047856109, 12.715960859919729 ], [ 101.66705903613591, 12.715961786167812 ], [ 101.667058092669166, 12.715871455596625 ], [ 101.666966080974177, 12.715872381806056 ], [ 101.666965137547137, 12.715782051227391 ], [ 101.666873125877331, 12.71578297739816 ], [ 101.666872182490025, 12.715692646812018 ], [ 101.666780170845414, 12.715693572944131 ], [ 101.666779227497813, 12.715603242350518 ], [ 101.666595204251735, 12.71560509450557 ], [ 101.66659331770812, 12.715424433289126 ], [ 101.666501306139097, 12.71542535930527 ], [ 101.666498476475468, 12.715154367455106 ], [ 101.666590487947133, 12.715153441459336 ], [ 101.666588601476093, 12.71497278023606 ], [ 101.666680612875581, 12.714971854222007 ], [ 101.666670237446809, 12.713978217519854 ], [ 101.666578226404269, 12.713979143459202 ], [ 101.666576340121921, 12.713798482218168 ], [ 101.66648432913702, 12.713799408112072 ], [ 101.666482442948606, 12.713618746854724 ], [ 101.666574453868606, 12.713617820974401 ], [ 101.666570681449045, 12.713256498478668 ], [ 101.666478670658833, 12.713257424331827 ], [ 101.666477727604544, 12.713167093699401 ], [ 101.666385716839528, 12.71316801951391 ], [ 101.666386659861374, 12.713258350153129 ], [ 101.666294649056653, 12.713259275942574 ], [ 101.666295592053316, 12.713349606587904 ], [ 101.665835537758639, 12.713354235091193 ], [ 101.66583459492422, 12.713263904411914 ], [ 101.665650573220461, 12.713265755576643 ], [ 101.665651515989978, 12.713356086269499 ], [ 101.665559505094762, 12.713357011810864 ], [ 101.665560447839098, 12.713447342509827 ], [ 101.665192404055915, 12.713451044383849 ], [ 101.665193346677711, 12.713541375109278 ], [ 101.664733291623293, 12.713546001768908 ], [ 101.664734234090091, 12.713636332527592 ], [ 101.664458200873071, 12.713639108161413 ], [ 101.664459143249772, 12.713729438939774 ], [ 101.664367132130479, 12.713730364094115 ], [ 101.664368074481999, 12.71382069487858 ], [ 101.664000029802509, 12.713824395204481 ], [ 101.664000972031474, 12.713914726015398 ], [ 101.663632927106192, 12.713918425858676 ], [ 101.663633869212589, 12.71400875669605 ], [ 101.663541857930696, 12.714009681584001 ], [ 101.663540915856743, 12.713919350739841 ], [ 101.663264882064908, 12.713922125192182 ], [ 101.663265824041531, 12.71401245605669 ], [ 101.663173812730633, 12.7140133808172 ], [ 101.663174754682061, 12.714103711687805 ], [ 101.662714697856643, 12.714108335046346 ], [ 101.662715639653058, 12.714198665950178 ], [ 101.662163571028714, 12.714204212969694 ], [ 101.662164512637659, 12.714294543913528 ], [ 101.6614284204732, 12.714301938209543 ], [ 101.661427479123859, 12.71421160721148 ], [ 101.661243456075226, 12.714213455453308 ], [ 101.661241573528059, 12.714032793428016 ], [ 101.661149562057773, 12.714033717487585 ], [ 101.661146738388709, 12.713762724424194 ], [ 101.661054727008519, 12.713763648431572 ], [ 101.661053785832436, 12.713673317402298 ], [ 101.660961774477471, 12.713674241371034 ], [ 101.660960833341065, 12.713583910334304 ], [ 101.660776810674292, 12.713585758162647 ], [ 101.660774928553025, 12.713405096060027 ], [ 101.660682917273675, 12.713406019912858 ], [ 101.660681976256342, 12.713315688853745 ], [ 101.660589965002202, 12.713316612667942 ], [ 101.66058902402456, 12.713226281601369 ], [ 101.660497012795631, 12.71322720537693 ], [ 101.660498894693248, 12.713407867522935 ], [ 101.660590905987078, 12.713406943733828 ], [ 101.660591846979202, 12.713497274799032 ], [ 101.660683858298228, 12.713496350971287 ], [ 101.660685740369104, 12.713677013086091 ], [ 101.660777751745798, 12.713676089212933 ], [ 101.660782457211894, 12.714127744454123 ], [ 101.6608744687436, 12.714126820515222 ], [ 101.66087729220753, 12.714397813631409 ], [ 101.660785280578466, 12.71439873759064 ], [ 101.660786221715142, 12.714489068634784 ], [ 101.660326163298961, 12.714493687986883 ], [ 101.660325222324545, 12.714403356908861 ], [ 101.66004918728531, 12.714406128117449 ], [ 101.660048246415499, 12.714315797018426 ], [ 101.659956234753736, 12.714316720684119 ], [ 101.659955293923588, 12.714226389577634 ], [ 101.659679258992185, 12.714229160363235 ], [ 101.659678318266657, 12.714138829235743 ], [ 101.659586306640833, 12.714139752760445 ], [ 101.659590069456598, 12.714501077293406 ], [ 101.659682081212239, 12.714500153741607 ], [ 101.659684903497435, 12.714771147113833 ], [ 101.659776915343173, 12.714770223509852 ], [ 101.659782560303725, 12.715312210195234 ], [ 101.659690548263242, 12.715313133839857 ], [ 101.659693370743881, 12.715584127193649 ], [ 101.659601358598806, 12.715585050826729 ], [ 101.659604181047229, 12.715856044194704 ], [ 101.659512168797562, 12.715856967816237 ], [ 101.659516872860749, 12.716308623449731 ], [ 101.659424860441547, 12.716309547073264 ], [ 101.659426742052588, 12.716490209335428 ], [ 101.659334729561223, 12.716491132940639 ], [ 101.659335670345143, 12.716581464077469 ], [ 101.659151645275827, 12.716583311205838 ], [ 101.659152586002065, 12.716673642355529 ], [ 101.658968560838886, 12.716675489369972 ], [ 101.658969501507443, 12.716765820532528 ], [ 101.658877488882538, 12.716766743998718 ], [ 101.658878429525871, 12.716857075167361 ], [ 101.658786416861275, 12.716857998608456 ], [ 101.658787357479383, 12.716948329783188 ], [ 101.658695344775097, 12.716949253199184 ], [ 101.658696285367981, 12.717039584380004 ], [ 101.65860427262399, 12.717040507770903 ], [ 101.65860615376657, 12.717221170144036 ], [ 101.65851414095043, 12.717222093516606 ], [ 101.658515081500099, 12.717312424708924 ], [ 101.65833105578119, 12.717314271371997 ], [ 101.658331996273191, 12.717404602577171 ], [ 101.658239983370422, 12.717405525867672 ], [ 101.658240923837198, 12.717495857078934 ], [ 101.658148910894738, 12.717496780344334 ], [ 101.658149851336276, 12.717587111561686 ], [ 101.657873812368095, 12.717589881186978 ], [ 101.657874752719493, 12.717680212423947 ], [ 101.657322674393058, 12.71768575085464 ], [ 101.657323614556915, 12.717776082131543 ], [ 101.657139588325322, 12.717777928033678 ], [ 101.657140528431498, 12.717868259323431 ], [ 101.65686448893247, 12.717871027957898 ], [ 101.656862608922111, 12.717690365337104 ], [ 101.656770595806236, 12.717691288137985 ], [ 101.65677247575168, 12.717871950772309 ], [ 101.656680462563642, 12.71787287355485 ], [ 101.656679522619754, 12.717782542231262 ], [ 101.656587509456969, 12.717783464975165 ], [ 101.656586569552772, 12.717693133644131 ], [ 101.656218516959115, 12.71769682427397 ], [ 101.656217577191995, 12.717606492915193 ], [ 101.656125564057959, 12.717607415486212 ], [ 101.656124624330545, 12.717517084119983 ], [ 101.655848584982465, 12.717519851621519 ], [ 101.655847645359643, 12.717429520234317 ], [ 101.655663619156371, 12.71743136506246 ], [ 101.655662679605712, 12.717341033661047 ], [ 101.655478653438422, 12.717342878348182 ], [ 101.655474895567735, 12.716981552681599 ], [ 101.655566908525159, 12.716980630381018 ], [ 101.655564090100668, 12.716709636144204 ], [ 101.655656102953472, 12.716708713832043 ], [ 101.655655163460636, 12.716618382425171 ], [ 101.655563150640276, 12.716619304730568 ], [ 101.655562211187132, 12.716528973316247 ], [ 101.65565422397502, 12.716528051017612 ], [ 101.655653284496651, 12.716437719609372 ], [ 101.655745297244849, 12.716436797285636 ], [ 101.655744357741241, 12.716346465883481 ], [ 101.655836370449762, 12.716345543534638 ], [ 101.655835430920931, 12.716255212138561 ], [ 101.655927443589761, 12.716254289764617 ], [ 101.655926504035691, 12.716163958374619 ], [ 101.656018516664844, 12.716163035975573 ], [ 101.656017577085549, 12.716072704591658 ], [ 101.655925564488854, 12.716073626983944 ], [ 101.655924624949236, 12.715983295592583 ], [ 101.655832612377779, 12.715984217946232 ], [ 101.655829793899684, 12.715713223747763 ], [ 101.655737781418352, 12.715714146049256 ], [ 101.655736841972583, 12.71562381464164 ], [ 101.655644829516476, 12.715624736904502 ], [ 101.655642950711496, 12.715444074073689 ], [ 101.655550938313084, 12.715444996291163 ], [ 101.6555518776795, 12.715535327713678 ], [ 101.655459865241397, 12.715536249906046 ], [ 101.655462683286657, 12.71580724418977 ], [ 101.655370670743963, 12.715808166370566 ], [ 101.655371610074383, 12.71589849780387 ], [ 101.655279597491997, 12.715899419959561 ], [ 101.655280536797193, 12.715989751398952 ], [ 101.655372549412021, 12.715988829236496 ], [ 101.655376306834881, 12.716350154960168 ], [ 101.655284294090208, 12.716351077149669 ], [ 101.655285233431542, 12.716441408585645 ], [ 101.655193220647192, 12.71644233075004 ], [ 101.655194159963287, 12.716532662192096 ], [ 101.655010134308, 12.71653450643881 ], [ 101.655011073566399, 12.716624837893708 ], [ 101.654919060695462, 12.716625759976024 ], [ 101.654919999928623, 12.716716091436997 ], [ 101.65482798701801, 12.716717013494209 ], [ 101.654828926225946, 12.716807344961261 ], [ 101.654736913275642, 12.716808266993366 ], [ 101.654737852458354, 12.716898598466496 ], [ 101.654553826471144, 12.716900442448621 ], [ 101.65455476559616, 12.716990773934588 ], [ 101.65446275255924, 12.716991695884607 ], [ 101.654464630766029, 12.717172358868021 ], [ 101.654556643867849, 12.717171436904483 ], [ 101.654558522168458, 12.717352099871647 ], [ 101.655018587893778, 12.717347489508295 ], [ 101.655019527217206, 12.717437820957045 ], [ 101.655203553521673, 12.717435976575088 ], [ 101.65520449291725, 12.717526308009633 ], [ 101.655296506091105, 12.717525385764086 ], [ 101.655297445526372, 12.717615717191185 ], [ 101.655389458725466, 12.717614794907005 ], [ 101.655390398200439, 12.717705126326658 ], [ 101.655574424641841, 12.717703281649158 ], [ 101.655575364188948, 12.717793613054605 ], [ 101.655667377431271, 12.717792690661284 ], [ 101.655668317018083, 12.717883022059285 ], [ 101.655852343545973, 12.717881177163505 ], [ 101.65585328320492, 12.717971508547294 ], [ 101.656129323039934, 12.717968740944293 ], [ 101.656130262803501, 12.718059072307105 ], [ 101.656406302670817, 12.718056304396962 ], [ 101.656407242539004, 12.718146635738798 ], [ 101.65677529572406, 12.718142944718668 ], [ 101.656776235729325, 12.718233276032761 ], [ 101.656868249039988, 12.718232353191283 ], [ 101.656869189084929, 12.718322684497922 ], [ 101.65742126899174, 12.718317146739128 ], [ 101.657423149492899, 12.718497809269151 ], [ 101.657331136128249, 12.718498732322166 ], [ 101.657332076357221, 12.718589063592924 ], [ 101.65724006295288, 12.718589986620836 ], [ 101.657241003156599, 12.718680317897675 ], [ 101.657148989712567, 12.71868124090048 ], [ 101.657150870076805, 12.718861903465644 ], [ 101.65705885656061, 12.718862826450112 ], [ 101.657063557435421, 12.719314482884915 ], [ 101.657155571113961, 12.719313559866615 ], [ 101.657156511343075, 12.71940389114476 ], [ 101.657340538743355, 12.719402044998995 ], [ 101.657341479044646, 12.71949237626292 ], [ 101.657433492766401, 12.719491453135458 ], [ 101.657432552432638, 12.719401121878301 ], [ 101.65816866168656, 12.719393735765228 ], [ 101.658167721100313, 12.719303404561538 ], [ 101.658443761853761, 12.719300634263506 ], [ 101.65843905854409, 12.718848978336366 ], [ 101.658347045129162, 12.718849901767065 ], [ 101.658346104521399, 12.71875957057282 ], [ 101.658254091131695, 12.718760493964878 ], [ 101.658253150563638, 12.718670162763177 ], [ 101.65806912382746, 12.718672009438125 ], [ 101.658070064330602, 12.718762340653367 ], [ 101.657978050919198, 12.7187632639498 ], [ 101.657977110448527, 12.718672932727792 ], [ 101.657701070268303, 12.718675702405548 ], [ 101.657700129902267, 12.718585371162551 ], [ 101.657792143270441, 12.718584447975273 ], [ 101.657791202879153, 12.718494116738357 ], [ 101.65769918954345, 12.718495039918865 ], [ 101.657698249191867, 12.718404708674502 ], [ 101.657790262495112, 12.718403785500763 ], [ 101.657789322118305, 12.718313454262484 ], [ 101.658065361887253, 12.718310684570339 ], [ 101.658064421420306, 12.718220353351684 ], [ 101.658248447831838, 12.718218506744433 ], [ 101.658247507307195, 12.718128175538631 ], [ 101.658339520469639, 12.718127252193971 ], [ 101.658338579919757, 12.71803692099426 ], [ 101.658430593042524, 12.718035997624494 ], [ 101.658429652467419, 12.717945666430873 ], [ 101.65861367862631, 12.717943819609266 ], [ 101.658612737993508, 12.717853488428505 ], [ 101.658704751029646, 12.717852564976663 ], [ 101.658703810371634, 12.717762233801988 ], [ 101.658795823368052, 12.71776131032505 ], [ 101.658794882684816, 12.717670979156463 ], [ 101.658886895641544, 12.717670055654427 ], [ 101.658885954933083, 12.71757972449193 ], [ 101.658977967850134, 12.717578800964793 ], [ 101.658977027116435, 12.717488469808382 ], [ 101.659069039993781, 12.717487546256146 ], [ 101.659068099234858, 12.717397215105828 ], [ 101.659252124902906, 12.717395367919293 ], [ 101.659250243276958, 12.717214705643693 ], [ 101.659434268786228, 12.717212858356771 ], [ 101.659433327919174, 12.717122527231492 ], [ 101.659525340630509, 12.717121603547 ], [ 101.659524399738245, 12.717031272427812 ], [ 101.659616412409861, 12.717030348718222 ], [ 101.659614530582147, 12.716849686491345 ], [ 101.659706543181599, 12.716848762763437 ], [ 101.659705602246135, 12.716758431655748 ], [ 101.659797614805896, 12.716757507902743 ], [ 101.659796673845221, 12.716667176801145 ], [ 101.659888686365292, 12.716666253023043 ], [ 101.659887745379393, 12.716575921927538 ], [ 101.659979757859759, 12.716574998124345 ], [ 101.659977875844774, 12.716394335944832 ], [ 101.660069888252991, 12.71639341212332 ], [ 101.660068947223891, 12.716303081039317 ], [ 101.660160959592417, 12.716302157192713 ], [ 101.660160018538107, 12.716211826114796 ], [ 101.660252030866928, 12.716210902243104 ], [ 101.660250148715107, 12.716030240098773 ], [ 101.660342160971794, 12.716029316208761 ], [ 101.66034027878402, 12.715848654075254 ], [ 101.66052430314582, 12.715846806226732 ], [ 101.660522420857205, 12.715666144117597 ], [ 101.660614432962333, 12.715665220159087 ], [ 101.660613491796425, 12.715574889110272 ], [ 101.660797515920052, 12.715573041111217 ], [ 101.660796574696477, 12.715482710075269 ], [ 101.660980598726226, 12.715480861962302 ], [ 101.660981540014703, 12.715571192984697 ], [ 101.660889527970994, 12.715572117063887 ], [ 101.660895175659235, 12.716114103224571 ], [ 101.660987187897675, 12.71611317910472 ], [ 101.660990011936917, 12.716384172155511 ], [ 101.661082024265482, 12.716383247983462 ], [ 101.661088614171106, 12.717015565030639 ], [ 101.661180626719627, 12.717014640779277 ], [ 101.661183451170913, 12.717285633768917 ], [ 101.661275463809574, 12.717284709465359 ], [ 101.661276405340274, 12.717375040453764 ], [ 101.661184392669156, 12.7173759647641 ], [ 101.661188158734561, 12.717737288737995 ], [ 101.661372184329238, 12.717735440031227 ], [ 101.66137312592862, 12.717825771009441 ], [ 101.661741177160891, 12.717822073186341 ], [ 101.661739293709687, 12.717641411283465 ], [ 101.661831306434721, 12.717640486761569 ], [ 101.661830364687532, 12.717550155815887 ], [ 101.661922377372875, 12.717549231268903 ], [ 101.661920493835282, 12.717368569389045 ], [ 101.661828481214869, 12.717369493922469 ], [ 101.661827539489408, 12.717279162974737 ], [ 101.661735526894219, 12.717280087469515 ], [ 101.661730818537876, 12.716828432686711 ], [ 101.661822830970777, 12.716827508225828 ], [ 101.661821889288788, 12.716737177273997 ], [ 101.661729876888344, 12.716738101728099 ], [ 101.661728935246046, 12.716647770768809 ], [ 101.661636922870827, 12.716648695184263 ], [ 101.661635981268233, 12.716558364217509 ], [ 101.66154396891821, 12.71655928859432 ], [ 101.661543027355322, 12.716468957620105 ], [ 101.661451015030508, 12.716469881958266 ], [ 101.661450073507325, 12.716379550976587 ], [ 101.661542085799681, 12.716378626645202 ], [ 101.661541144251274, 12.716288295669624 ], [ 101.661633156503925, 12.71628737131315 ], [ 101.661632214930307, 12.716197040343665 ], [ 101.661540202710114, 12.716197964693359 ], [ 101.661534553615297, 12.715655978821429 ], [ 101.661442541582588, 12.715656903098589 ], [ 101.661441600124604, 12.715566572110767 ], [ 101.661349588117105, 12.715567496349282 ], [ 101.661348646698798, 12.715477165353999 ], [ 101.661164622727, 12.715479013721882 ], [ 101.661163681380856, 12.715388682712357 ], [ 101.660979657444983, 12.715390530939226 ], [ 101.660978716170987, 12.715300199915466 ], [ 101.66107072811009, 12.715299275824744 ], [ 101.661069786810884, 12.715208944807078 ], [ 101.661161798710296, 12.715208020691266 ], [ 101.661160857385866, 12.715117689679696 ], [ 101.661252869245587, 12.715116765538799 ], [ 101.661251927895947, 12.715026434533319 ], [ 101.661343939715962, 12.715025510367337 ], [ 101.661344881098046, 12.715115841366035 ], [ 101.66152890478125, 12.715113992924918 ], [ 101.661529846235482, 12.715204323909376 ], [ 101.661437834365046, 12.715205248152644 ], [ 101.661439717230337, 12.715385910133071 ], [ 101.661715753014633, 12.715383137267004 ], [ 101.661716694555494, 12.71547346823586 ], [ 101.66180870650156, 12.715472543876659 ], [ 101.661807764928227, 12.715382212914585 ], [ 101.661899776834588, 12.715381288530301 ], [ 101.661895068914376, 12.714929633743582 ], [ 101.662171104103194, 12.714926860501242 ], [ 101.66217016244353, 12.71483652956219 ], [ 101.662446197469777, 12.714833756053423 ], [ 101.662448080991084, 12.715014417890162 ], [ 101.662816127850931, 12.715010719378141 ], [ 101.662815185956859, 12.714920388487235 ], [ 101.662539150920196, 12.714923162398705 ], [ 101.662538209130716, 12.714832831486772 ], [ 101.662630220784393, 12.714831906888261 ], [ 101.662629278969703, 12.714741575982424 ], [ 101.662905313789906, 12.714738802016056 ], [ 101.662904371885119, 12.714648471129884 ], [ 101.66299638344492, 12.714647546417487 ], [ 101.662995441514909, 12.714557215537413 ], [ 101.663823544934772, 12.714548891753056 ], [ 101.663822602719961, 12.714458560933346 ], [ 101.664098636965406, 12.714455785785399 ], [ 101.664097694660498, 12.714365454985359 ], [ 101.664373728743328, 12.714362679571009 ], [ 101.664372786348309, 12.714272348790645 ], [ 101.664648820268539, 12.714269573109897 ], [ 101.664647877783409, 12.714179242349209 ], [ 101.664923911541024, 12.714176466402069 ], [ 101.664922968965797, 12.714086135661052 ], [ 101.665199002560783, 12.714083359447528 ], [ 101.665198059895474, 12.713993028726193 ], [ 101.665382082190959, 12.713991177771444 ], [ 101.665381139467996, 12.713900847063005 ], [ 101.665841194917519, 12.713896219152524 ], [ 101.665842137802727, 12.713986549827023 ], [ 101.666026159996647, 12.713984698426231 ], [ 101.666028988890503, 12.714255690404892 ], [ 101.665936977699829, 12.714256616141583 ], [ 101.665940749530066, 12.714617938797391 ], [ 101.665848738202328, 12.714618864529385 ], [ 101.665849681145573, 12.714709195198417 ], [ 101.665757669778131, 12.714710120905336 ], [ 101.66576049855405, 12.714981112928706 ], [ 101.665852510018865, 12.714980187201419 ], [ 101.665858167961318, 12.715522171188981 ], [ 101.665950179613588, 12.715521245389096 ], [ 101.665953951850142, 12.715882568006652 ], [ 101.666045963624981, 12.715881642147744 ], [ 101.666048792975957, 12.716152634083368 ], [ 101.666140804840893, 12.716151708172221 ], [ 101.666141748004861, 12.716242038809273 ], [ 101.666325771777878, 12.716240186877807 ], [ 101.666326715014009, 12.716330517500591 ], [ 101.666418726922089, 12.716329591480269 ], [ 101.666419670197939, 12.716419922095584 ], [ 101.66660369405723, 12.716418069945751 ], [ 101.666604637405243, 12.7165084005468 ], [ 101.666696649356467, 12.716507474417295 ], [ 101.666697592744185, 12.716597805010869 ], [ 101.66678960472062, 12.716596878842704 ], [ 101.666790548148057, 12.716687209428805 ], [ 101.666882560149688, 12.71668628322198 ], [ 101.66688350361683, 12.716776613800606 ], [ 101.667067527663207, 12.716774761277771 ], [ 101.667068471202541, 12.716865091842129 ], [ 101.667160483247301, 12.716864165526117 ], [ 101.667161426826354, 12.716954496082998 ], [ 101.66725343889631, 12.716953569728325 ], [ 101.667257213414899, 12.717314891921847 ], [ 101.667165201215113, 12.717315818303689 ], [ 101.667166144830446, 12.717406148857155 ], [ 101.66707413259094, 12.71740707521392 ], [ 101.667075076181092, 12.717497405773495 ], [ 101.666983063901867, 12.717498332105187 ], [ 101.666984951038998, 12.717678993235868 ], [ 101.666892938687596, 12.717679919549273 ], [ 101.666894825788845, 12.717860580690809 ], [ 101.666802813365265, 12.717861506985928 ], [ 101.666803756894325, 12.717951837562461 ], [ 101.666711744431026, 12.7179527638325 ], [ 101.666713631445987, 12.718133424997108 ], [ 101.666621618910497, 12.718134351248858 ], [ 101.666622562396398, 12.718224681836926 ], [ 101.666714574964345, 12.718223755578382 ], [ 101.666718349110397, 12.718585077896652 ], [ 101.666810361800941, 12.718584151579073 ], [ 101.666812248982438, 12.718764812720522 ], [ 101.666904261730622, 12.718763886357486 ], [ 101.666906149006095, 12.718944547482623 ], [ 101.667182187401906, 12.718941768161514 ], [ 101.667183131147922, 12.71903209870268 ], [ 101.667367156773764, 12.719030245648995 ], [ 101.667368100591958, 12.719120576175891 ], [ 101.667460113426458, 12.719119649594445 ], [ 101.66746105728437, 12.719209980113861 ], [ 101.667553070144066, 12.719209053493747 ], [ 101.667554014041713, 12.719299384005689 ], [ 101.667830052674645, 12.719296603933717 ], [ 101.66783099667694, 12.719386934424595 ], [ 101.668107035341905, 12.719384154045375 ], [ 101.668107979448862, 12.719474484515183 ], [ 101.668752069640192, 12.719467995800501 ], [ 101.668751125305988, 12.719377665378266 ], [ 101.668935150944634, 12.719375811186509 ], [ 101.668934206552777, 12.719285480777184 ], [ 101.669118232097432, 12.719283626471526 ], [ 101.669117287647907, 12.719193296075112 ], [ 101.669209300376892, 12.719192368881272 ], [ 101.669208355902157, 12.719102038490972 ], [ 101.669300368591394, 12.719101111272053 ], [ 101.669299424091477, 12.719010780887865 ], [ 101.669391436740995, 12.719009853643874 ], [ 101.669389547698003, 12.71882919288705 ], [ 101.669481560275344, 12.718828265624781 ], [ 101.669479671196484, 12.71864760487882 ], [ 101.669571683701619, 12.718646677598274 ], [ 101.669568850040463, 12.718375686494602 ], [ 101.669660862440935, 12.718374759202582 ], [ 101.669658973304905, 12.718194098476985 ], [ 101.6697509856332, 12.718193171166694 ], [ 101.669746262757968, 12.717741519374727 ], [ 101.669838274916685, 12.717740592066562 ], [ 101.669836385752546, 12.717559931358586 ], [ 101.669928397839072, 12.717559004032156 ], [ 101.669927453235445, 12.717468673683944 ], [ 101.670019465282266, 12.717467746332439 ], [ 101.670018520653443, 12.717377415990343 ], [ 101.66992650863908, 12.717378343335048 ], [ 101.669919896667977, 12.716746030873651 ], [ 101.670011908455137, 12.716745103576542 ], [ 101.670010963884437, 12.716654773228981 ], [ 101.670102975631877, 12.71665384590681 ], [ 101.670102031035981, 12.716563515565364 ], [ 101.670194042743688, 12.716562588218123 ], [ 101.670193098122624, 12.716472257882796 ], [ 101.670469133104774, 12.716469475670278 ], [ 101.670468188393599, 12.716379145354669 ], [ 101.67056020000733, 12.716378217893563 ], [ 101.670561144750948, 12.716468548202373 ], [ 101.671113214475383, 12.716462982725744 ], [ 101.671114159421023, 12.716553312993057 ], [ 101.67148220588841, 12.716549602010769 ], [ 101.671483150971127, 12.716639932250185 ], [ 101.671667174226116, 12.716638076554235 ], [ 101.67166811938101, 12.716728406779358 ], [ 101.671944154306331, 12.716725622976014 ], [ 101.671945099565889, 12.716815953180044 ], [ 101.672037111225563, 12.716815025175057 ], [ 101.67203805652484, 12.716905355371598 ], [ 101.672130068209711, 12.71690442732794 ], [ 101.672131013548722, 12.716994757516989 ], [ 101.67231503696155, 12.716992901320459 ], [ 101.672315982372751, 12.717083231495216 ], [ 101.672500005821391, 12.717081375157605 ], [ 101.672500951304784, 12.717171705318064 ], [ 101.672684974789263, 12.717169848839369 ], [ 101.672685920344833, 12.717260178985534 ], [ 101.672777932108602, 12.717259250691576 ], [ 101.672778877703934, 12.717349580830252 ], [ 101.672962901274573, 12.717347724133116 ], [ 101.672963846942082, 12.717438054257494 ], [ 101.673055858748953, 12.717437125854316 ], [ 101.673056804456195, 12.717527455971201 ], [ 101.673240828113038, 12.717525599055627 ], [ 101.673241773892457, 12.71761592915821 ], [ 101.673425797585111, 12.717614072101545 ], [ 101.673426743436721, 12.717704402189828 ], [ 101.673610767165201, 12.71770254499207 ], [ 101.673611713089016, 12.717792875066053 ], [ 101.673795736853293, 12.717791017727194 ], [ 101.6737966828493, 12.717881347786877 ], [ 101.674072718538525, 12.717878561519138 ], [ 101.674073664639181, 12.717968891557707 ], [ 101.674257688460543, 12.717967033872911 ], [ 101.674258634633389, 12.718057363897179 ], [ 101.674626682318575, 12.718053648117907 ], [ 101.674627628628571, 12.718143978114242 ], [ 101.674903664413392, 12.718141190924715 ], [ 101.674904610828037, 12.718231520899932 ], [ 101.675180646644733, 12.718228733403137 ], [ 101.675181593164041, 12.718319063357228 ], [ 101.675273605120836, 12.718318134121073 ], [ 101.675274551679877, 12.718408464067672 ], [ 101.675366563661854, 12.718407534792833 ], [ 101.675368456866707, 12.718588194670348 ], [ 101.675460468906323, 12.718587265350013 ], [ 101.675464255533271, 12.718948585069585 ], [ 101.675556267695455, 12.718947655690121 ], [ 101.675557214402858, 12.719037985611491 ], [ 101.67564922659021, 12.719037056193342 ], [ 101.6756511200918, 12.719217716020401 ], [ 101.675743132336805, 12.71921678655675 ], [ 101.675745025932443, 12.719397446367445 ], [ 101.675837038235088, 12.719396516858291 ], [ 101.675837985076299, 12.719486846755796 ], [ 101.675929997404126, 12.719485917207956 ], [ 101.675930944285085, 12.719576247097965 ], [ 101.676022956638093, 12.719575317511433 ], [ 101.676028638271546, 12.720117296796232 ], [ 101.67593662572375, 12.720118226423656 ], [ 101.675938519594894, 12.720298886193412 ], [ 101.675846506974878, 12.720299815802587 ], [ 101.67584745388892, 12.720390145693257 ], [ 101.675755441229157, 12.720391075277373 ], [ 101.675756388118003, 12.720481405174171 ], [ 101.675572362711705, 12.720483264260402 ], [ 101.675571415887788, 12.720392934349974 ], [ 101.675387390517272, 12.720394793295071 ], [ 101.675386443765561, 12.720304463370331 ], [ 101.675202418430871, 12.720306322174293 ], [ 101.675201471751379, 12.720215992235246 ], [ 101.674925433792126, 12.720218780181687 ], [ 101.674924487217311, 12.720128450221514 ], [ 101.674740461939663, 12.720130308679472 ], [ 101.674739515437068, 12.720039978704989 ], [ 101.674555490195218, 12.720041837021823 ], [ 101.674554543764827, 12.719951507033032 ], [ 101.67446253116546, 12.719952436136825 ], [ 101.674460638391452, 12.719771776143576 ], [ 101.674368625849738, 12.719772705201867 ], [ 101.674367679506105, 12.719682375197404 ], [ 101.674183654465764, 12.719684233204747 ], [ 101.674182708194351, 12.719593903185983 ], [ 101.673538620551128, 12.719600405159973 ], [ 101.673537674514236, 12.719510075092852 ], [ 101.672985599302464, 12.719515646929475 ], [ 101.672986545144568, 12.719605977037446 ], [ 101.672894532551325, 12.719606905572132 ], [ 101.672893586741708, 12.719516575457355 ], [ 101.672801574173661, 12.719517503953359 ], [ 101.672802519950835, 12.719607834074942 ], [ 101.672526482105695, 12.71961061939213 ], [ 101.672527427792744, 12.719700949533452 ], [ 101.672343402461351, 12.719702806265818 ], [ 101.672344348090732, 12.719793136420067 ], [ 101.672252335381671, 12.719794064745244 ], [ 101.672253280985871, 12.719884394905616 ], [ 101.672161268237062, 12.719885323205725 ], [ 101.672162213816065, 12.719975653372217 ], [ 101.671978188231691, 12.71997750989042 ], [ 101.671979133753055, 12.720067840069838 ], [ 101.671795108074647, 12.720069696474148 ], [ 101.671796999009317, 12.720250356858157 ], [ 101.671704986094284, 12.720251285026109 ], [ 101.671705931540046, 12.720341615223887 ], [ 101.67161391858528, 12.720342543366769 ], [ 101.671614864005861, 12.720432873570674 ], [ 101.671522851011332, 12.720433801688481 ], [ 101.671523796406717, 12.720524131898504 ], [ 101.671431783372469, 12.720525059991235 ], [ 101.671434619504836, 12.72079605063762 ], [ 101.671342606365911, 12.720796978718885 ], [ 101.671343551725442, 12.720887308939785 ], [ 101.671251538546784, 12.720888236995975 ], [ 101.671254374571589, 12.721159227674978 ], [ 101.671162361288253, 12.721160155719701 ], [ 101.671165197281098, 12.721431146412959 ], [ 101.671073183893071, 12.721432074446211 ], [ 101.671076019853942, 12.721703065153722 ], [ 101.670984006361252, 12.721703993175504 ], [ 101.670985896973235, 12.721884653657369 ], [ 101.670893883408326, 12.721885581660878 ], [ 101.670894828692752, 12.721975911907583 ], [ 101.670802815088109, 12.721976839886013 ], [ 101.670803760347326, 12.722067170138839 ], [ 101.670159664683908, 12.722073665142798 ], [ 101.67015871965198, 12.721983334842362 ], [ 101.66988267864177, 12.721986117916872 ], [ 101.669881733714519, 12.721895787595356 ], [ 101.669789720062397, 12.721896715216298 ], [ 101.669788775174894, 12.721806384887296 ], [ 101.669604747913752, 12.721808240019941 ], [ 101.669603803098454, 12.721717909676654 ], [ 101.669511789489476, 12.721718837188357 ], [ 101.669510844713898, 12.721628506837591 ], [ 101.669326817539059, 12.721630361751759 ], [ 101.669325872835699, 12.721540031386715 ], [ 101.669233859269852, 12.721540958789181 ], [ 101.669232914606241, 12.721450628416649 ], [ 101.669048887517675, 12.721452483112348 ], [ 101.669047942926269, 12.72136215272554 ], [ 101.668863915873587, 12.721364007280126 ], [ 101.668862971354386, 12.721273676879038 ], [ 101.668770957849617, 12.721274604101716 ], [ 101.66877001337015, 12.721184273693149 ], [ 101.668493972909673, 12.721187055149517 ], [ 101.668493028534868, 12.721096724719875 ], [ 101.668216988106437, 12.721099505868946 ], [ 101.66821604383631, 12.721009175418235 ], [ 101.667663962978196, 12.721014736814883 ], [ 101.667663018910133, 12.720924406322721 ], [ 101.667202951491021, 12.720929039909304 ], [ 101.667203895396753, 12.721019370435434 ], [ 101.666835841200921, 12.721023076758062 ], [ 101.666836784984014, 12.721113407310678 ], [ 101.666652757777612, 12.721115260294305 ], [ 101.666653701503037, 12.721205590859823 ], [ 101.666469674202659, 12.721207443729517 ], [ 101.666470617870402, 12.721297774307935 ], [ 101.666286590476048, 12.721299627063692 ], [ 101.666287534086109, 12.721389957655008 ], [ 101.666103506597793, 12.721391810296828 ], [ 101.666104450150158, 12.72148214090104 ], [ 101.665920422567879, 12.721483993428926 ], [ 101.665923253073728, 12.721754985278199 ], [ 101.665831239174295, 12.721755911514693 ], [ 101.665832182658264, 12.721846242136543 ], [ 101.665740168719111, 12.721847168347942 ], [ 101.665742055643918, 12.722027829603164 ], [ 101.665650041632546, 12.722028755796259 ], [ 101.665650985073356, 12.722119086429636 ], [ 101.665466956963911, 12.722120938733765 ], [ 101.665466013588045, 12.72203060808681 ], [ 101.665373999554916, 12.722031534184262 ], [ 101.665372112889884, 12.721850872874732 ], [ 101.665280098914451, 12.721851798926725 ], [ 101.665279155625285, 12.721761468264145 ], [ 101.665187141675062, 12.721762394277469 ], [ 101.66518619842563, 12.721672063607418 ], [ 101.665094184500617, 12.721672989582078 ], [ 101.665093241290904, 12.721582658904556 ], [ 101.665001227391116, 12.721583584840548 ], [ 101.665000284221136, 12.721493254155551 ], [ 101.664816256464718, 12.721495105918319 ], [ 101.664821915203788, 12.722037090099471 ], [ 101.664913929280445, 12.722036164193309 ], [ 101.664918645258155, 12.722487817624879 ], [ 101.665010659489923, 12.722486891652895 ], [ 101.665012545996731, 12.722667553007165 ], [ 101.665196574568398, 12.722665700940404 ], [ 101.665201291287104, 12.723117354246241 ], [ 101.665109276842529, 12.723118280329501 ], [ 101.665110220175549, 12.723208610995407 ], [ 101.665018205691254, 12.723209537053574 ], [ 101.665020092314109, 12.72339019839691 ], [ 101.664928077757608, 12.723391124436764 ], [ 101.664930907648881, 12.723662116467001 ], [ 101.664838892987703, 12.723663042495334 ], [ 101.664840779553202, 12.723843703858982 ], [ 101.664748764819805, 12.723844629869005 ], [ 101.664750651349365, 12.724025291243491 ], [ 101.664658636543749, 12.724026217235199 ], [ 101.664659579786942, 12.724116547928206 ], [ 101.664567564941606, 12.724117473894809 ], [ 101.664568508159562, 12.72420780459392 ], [ 101.664476493274492, 12.724208730535427 ], [ 101.664478379667216, 12.724389391945168 ], [ 101.664386364709927, 12.724390317868359 ], [ 101.664388251066711, 12.724570979288936 ], [ 101.664204221000475, 12.724572831066798 ], [ 101.66420516412478, 12.724663161789634 ], [ 101.664113149048319, 12.724664087637519 ], [ 101.6641140921474, 12.724754418366455 ], [ 101.663930061907735, 12.724756269980128 ], [ 101.663931947997725, 12.724936931463089 ], [ 101.663839932802063, 12.724937857235664 ], [ 101.663840875825457, 12.725028187982906 ], [ 101.663748860590061, 12.725029113730375 ], [ 101.663749803588217, 12.725119444483717 ], [ 101.663565773030712, 12.725121295896553 ], [ 101.663566715971172, 12.72521162666278 ], [ 101.663474700649061, 12.72521255232815 ], [ 101.663475643564283, 12.725302883100476 ], [ 101.663291612833348, 12.725304734349109 ], [ 101.663292555690859, 12.72539506513432 ], [ 101.663108524865962, 12.725396916268956 ], [ 101.663109467665763, 12.725487247067051 ], [ 101.662925436746917, 12.725489098087696 ], [ 101.662927322238332, 12.725669759708955 ], [ 101.662835306703045, 12.725670685185008 ], [ 101.662837192158506, 12.725851346817098 ], [ 101.662745176551027, 12.725852272274821 ], [ 101.662746119257136, 12.725942603096629 ], [ 101.662654103609924, 12.725943528529241 ], [ 101.662655046290794, 12.726033859357141 ], [ 101.662563030603863, 12.726034784764645 ], [ 101.662563973259495, 12.72612511559864 ], [ 101.662287926057743, 12.726127891650139 ], [ 101.662288868623193, 12.726218222503796 ], [ 101.662104837054144, 12.726220073058895 ], [ 101.662105779561855, 12.726310403925435 ], [ 101.661921747898873, 12.726312254366523 ], [ 101.66192269034886, 12.726402585245934 ], [ 101.661830674474004, 12.726403510425417 ], [ 101.661831616898766, 12.726493841310925 ], [ 101.661647585062354, 12.726495691587774 ], [ 101.661648527429406, 12.726586022486154 ], [ 101.661556511467836, 12.72658694758352 ], [ 101.661557453809635, 12.726677278488001 ], [ 101.661465437808346, 12.726678203560247 ], [ 101.661467322448686, 12.726858865380711 ], [ 101.661559338514948, 12.726857940294906 ], [ 101.661560280878476, 12.726948271197331 ], [ 101.661468264779728, 12.726949196289915 ], [ 101.661469207118017, 12.727039527198443 ], [ 101.66137719097955, 12.727040452265909 ], [ 101.661378133292587, 12.727130783180526 ], [ 101.661286117114386, 12.727131708222878 ], [ 101.661287059402184, 12.727222039143593 ], [ 101.66119504318425, 12.727222964160827 ], [ 101.66119598544681, 12.727313295087635 ], [ 101.661011952924241, 12.727315145039974 ], [ 101.661012895129076, 12.72740547597965 ], [ 101.660920878824413, 12.727406400914758 ], [ 101.66092182100401, 12.727496731860526 ], [ 101.660829804659642, 12.727497656770511 ], [ 101.660830746813986, 12.727587987722378 ], [ 101.660738730429884, 12.727588912607242 ], [ 101.660739672558975, 12.727679243565206 ], [ 101.660555639704071, 12.727681093252803 ], [ 101.660556581775438, 12.727771424223628 ], [ 101.660280532341275, 12.727774198536125 ], [ 101.660279590367395, 12.727683867544972 ], [ 101.660095557440059, 12.727685716913603 ], [ 101.660094615538384, 12.727595385908209 ], [ 101.659910582647072, 12.727597235135706 ], [ 101.659909640817602, 12.727506904116085 ], [ 101.659817624393568, 12.727507828675213 ], [ 101.659816682603832, 12.727417497648133 ], [ 101.659724666205051, 12.72741842216859 ], [ 101.659722782712279, 12.727237760098829 ], [ 101.659538750022946, 12.727239609016966 ], [ 101.659537808352383, 12.727149277967511 ], [ 101.659445792029345, 12.727150202371963 ], [ 101.659444850398515, 12.727059871315053 ], [ 101.65935283410073, 12.727060795680837 ], [ 101.659351892509619, 12.726970464616468 ], [ 101.659259876237073, 12.726971388943582 ], [ 101.659258934685695, 12.726881057871761 ], [ 101.65907490218386, 12.72688290641676 ], [ 101.659073960704688, 12.726792575330709 ], [ 101.658889928238878, 12.726794423734587 ], [ 101.658888986831911, 12.726704092634307 ], [ 101.658060840669862, 12.726712408812048 ], [ 101.65806178178444, 12.726802739973266 ], [ 101.657325651110725, 12.726810130016608 ], [ 101.65732471025602, 12.726719798801239 ], [ 101.657140677580216, 12.726721645979593 ], [ 101.657139736797731, 12.726631314750007 ], [ 101.657047720481458, 12.726632238284575 ], [ 101.657048661231457, 12.726722569520934 ], [ 101.656864628512267, 12.726724416507921 ], [ 101.656866509904035, 12.726905079005647 ], [ 101.656682477025967, 12.726906925892127 ], [ 101.656683417667722, 12.726997257153501 ], [ 101.656591401185352, 12.726998180555661 ], [ 101.656592341801854, 12.727088511823116 ], [ 101.656500325279765, 12.727089435200151 ], [ 101.656501265871015, 12.727179766473688 ], [ 101.65640924930922, 12.727180689825595 ], [ 101.656410189875203, 12.727271021105215 ], [ 101.656226156664928, 12.727272867726869 ], [ 101.656227097173172, 12.727363199019335 ], [ 101.656135080524692, 12.727364122289083 ], [ 101.656136021007697, 12.727454453587633 ], [ 101.655951987624078, 12.72745630004497 ], [ 101.655952928049331, 12.727546631356367 ], [ 101.655860911314178, 12.727547554543955 ], [ 101.655861851714164, 12.727637885861434 ], [ 101.65567781815723, 12.727639732154447 ], [ 101.655678758499462, 12.727730063484772 ], [ 101.655586741677652, 12.727730986590201 ], [ 101.655589562650292, 12.728001980597355 ], [ 101.65549754572379, 12.728002903691177 ], [ 101.655500366664, 12.728273897712477 ], [ 101.655592383687988, 12.728272974598365 ], [ 101.65559332404834, 12.728363305930669 ], [ 101.655685341097566, 12.728362382777894 ], [ 101.655683460319096, 12.728181720126134 ], [ 101.655775477296132, 12.728180796954991 ], [ 101.655773596481609, 12.728000134314023 ], [ 101.655865613386425, 12.727999211124512 ], [ 101.65586467295752, 12.727908879809766 ], [ 101.655956689822602, 12.72790795659512 ], [ 101.655955749368431, 12.727817625286459 ], [ 101.656047766193822, 12.727816702046677 ], [ 101.656046825714384, 12.727726370744099 ], [ 101.656138842500056, 12.727725447479186 ], [ 101.656137901995365, 12.727635116182682 ], [ 101.656229918741303, 12.727634192892639 ], [ 101.656228978211374, 12.727543861602221 ], [ 101.656413011616564, 12.727542014939978 ], [ 101.656412071028882, 12.727451683662409 ], [ 101.656504087688148, 12.727450760290203 ], [ 101.656503147075213, 12.727360429018717 ], [ 101.656687180307088, 12.727358582192153 ], [ 101.6566862396364, 12.727268250933514 ], [ 101.656870272774356, 12.727266403992909 ], [ 101.656869332045929, 12.727176072747117 ], [ 101.656961348571571, 12.727175149235734 ], [ 101.656960407817905, 12.727084817996028 ], [ 101.657052424303814, 12.727083894459515 ], [ 101.657051483524882, 12.726993563225891 ], [ 101.657603582093643, 12.726988021377638 ], [ 101.657604523067505, 12.727078352570656 ], [ 101.658340654347256, 12.727070961599374 ], [ 101.65834159558824, 12.72716129273755 ], [ 101.658801677565364, 12.727156672310054 ], [ 101.658802618976026, 12.727247003413687 ], [ 101.658986651781177, 12.727245155005882 ], [ 101.658987593264058, 12.727335486095289 ], [ 101.659079609688263, 12.72733456183677 ], [ 101.659080551210863, 12.727424892918721 ], [ 101.65917256766032, 12.727423968621531 ], [ 101.65917350922264, 12.727514299696026 ], [ 101.65926552569735, 12.727513375360168 ], [ 101.659266467299389, 12.72760370642721 ], [ 101.659450500292067, 12.727601857646263 ], [ 101.65945144196634, 12.727692188699072 ], [ 101.659543458484293, 12.727691264253981 ], [ 101.6595444001983, 12.727781595299332 ], [ 101.659728433277479, 12.727779746299914 ], [ 101.659730316857136, 12.72796040836147 ], [ 101.659822333450848, 12.727959483800369 ], [ 101.659823275284026, 12.728049814823349 ], [ 101.659731258657828, 12.728050739391229 ], [ 101.659735025932974, 12.728412063503411 ], [ 101.659919059438067, 12.728410214281563 ], [ 101.659918117543441, 12.728319883268092 ], [ 101.660746267665445, 12.728311560251784 ], [ 101.660745325485649, 12.728221229298606 ], [ 101.660837342097167, 12.728220304366305 ], [ 101.660836399892133, 12.728129973419222 ], [ 101.660928416463918, 12.728129048461797 ], [ 101.660927474233631, 12.728038717520811 ], [ 101.661019490765696, 12.728037792538267 ], [ 101.661017606261865, 12.727857130667793 ], [ 101.66120163917428, 12.727855280634122 ], [ 101.661199754569481, 12.727674618788027 ], [ 101.66138378732299, 12.727672768653882 ], [ 101.661382844966468, 12.727582437743363 ], [ 101.661474861299865, 12.727581512635226 ], [ 101.661472976543607, 12.727400850825697 ], [ 101.661657009058715, 12.727399000540849 ], [ 101.661656066626477, 12.727308669648616 ], [ 101.66174808284066, 12.727307744465126 ], [ 101.661747140383198, 12.727217413578991 ], [ 101.661931172724877, 12.727215563129885 ], [ 101.661930230209663, 12.727125232256626 ], [ 101.662206278570395, 12.727122456364096 ], [ 101.66220533596497, 12.727032125510489 ], [ 101.662389368104243, 12.727030274769554 ], [ 101.662388425441094, 12.726939943928828 ], [ 101.662480441467366, 12.726939018517299 ], [ 101.662479498778993, 12.726848687682672 ], [ 101.662663530744837, 12.726846836777495 ], [ 101.662662587998724, 12.726756505955747 ], [ 101.662754603938296, 12.726755580462099 ], [ 101.662753661166946, 12.726665249646448 ], [ 101.662845677066784, 12.726664324127688 ], [ 101.662844734270209, 12.726573993318134 ], [ 101.662936750130299, 12.726573067774263 ], [ 101.662935807308486, 12.726482736970807 ], [ 101.663303870546443, 12.726479034503519 ], [ 101.663302927601947, 12.726388703726512 ], [ 101.663394943360842, 12.726387778036745 ], [ 101.663394000391094, 12.726297447265834 ], [ 101.663578031822141, 12.726295595804181 ], [ 101.663577088794682, 12.726205265046156 ], [ 101.663761120131767, 12.726203413470502 ], [ 101.663760177046584, 12.726113082725362 ], [ 101.664036223900382, 12.726110305143044 ], [ 101.664035280725003, 12.726019974417575 ], [ 101.664127296295959, 12.726019048499804 ], [ 101.664126353095341, 12.725928717780434 ], [ 101.66421836862655, 12.725927791837558 ], [ 101.664217425400707, 12.725837461124291 ], [ 101.664309440892197, 12.725836535156303 ], [ 101.664308497641116, 12.725746204449143 ], [ 101.664400513092858, 12.725745278456049 ], [ 101.664399569816567, 12.72565494775499 ], [ 101.664491585228575, 12.725654021736794 ], [ 101.664490641927046, 12.725563691041835 ], [ 101.664582657299306, 12.725562764998536 ], [ 101.664581713972552, 12.72547243430968 ], [ 101.664673729305093, 12.725471508241274 ], [ 101.664672785953115, 12.725381177558521 ], [ 101.664856816531454, 12.725379325339617 ], [ 101.664855873121766, 12.725288994669754 ], [ 101.664947888367578, 12.725288068519257 ], [ 101.664946001504987, 12.725107407191052 ], [ 101.665038016678579, 12.725106481022236 ], [ 101.665035186341669, 12.724835489045166 ], [ 101.66512720141057, 12.724834562864823 ], [ 101.665126257946966, 12.724744232211226 ], [ 101.665218272976134, 12.724743306005783 ], [ 101.665217329487305, 12.724652975358284 ], [ 101.665401359458912, 12.724651122865311 ], [ 101.665402303012698, 12.724741453499231 ], [ 101.665494318020109, 12.724740527198126 ], [ 101.665492430854812, 12.724559865943172 ], [ 101.665584445790017, 12.724558939623757 ], [ 101.665583502185768, 12.724468609002042 ], [ 101.665675517081226, 12.724467682657529 ], [ 101.665674573451767, 12.724377352041921 ], [ 101.665582558588795, 12.72437827837965 ], [ 101.665580671416578, 12.724197617132807 ], [ 101.665672686214606, 12.724196690808657 ], [ 101.665669855413299, 12.723925698953641 ], [ 101.665761870106621, 12.72392477261797 ], [ 101.665759039273183, 12.723653780777166 ], [ 101.665851053861815, 12.723652854429979 ], [ 101.665847279388913, 12.723291531993162 ], [ 101.665939293840395, 12.723290605641248 ], [ 101.665936462964495, 12.723019613826828 ], [ 101.666028477311286, 12.723018687463398 ], [ 101.666026590032018, 12.722838026263947 ], [ 101.666118604306604, 12.722837099882213 ], [ 101.666116716991411, 12.72265643869361 ], [ 101.666208731193805, 12.722655512293578 ], [ 101.666207787514608, 12.722565181705038 ], [ 101.666299801677269, 12.722564255279909 ], [ 101.666296970585833, 12.72229326353057 ], [ 101.666388984643831, 12.722292337093931 ], [ 101.666387097220877, 12.722111675937867 ], [ 101.666479111206669, 12.72211074948293 ], [ 101.666477223747805, 12.721930088337716 ], [ 101.666569237661378, 12.721929161864479 ], [ 101.666568293910373, 12.721838831297637 ], [ 101.666660307784227, 12.72183790479931 ], [ 101.666659364007984, 12.721747574238575 ], [ 101.666751377842118, 12.721746647715161 ], [ 101.666750434040665, 12.721656317160537 ], [ 101.666934461622191, 12.72165446403165 ], [ 101.666933517763084, 12.721564133489926 ], [ 101.667209558983515, 12.72156135357787 ], [ 101.667208615034241, 12.721471023055839 ], [ 101.667300628727389, 12.721470096361523 ], [ 101.667301572709135, 12.72156042687676 ], [ 101.667669627539041, 12.721556719753517 ], [ 101.667671515784079, 12.721737380727589 ], [ 101.667763529538348, 12.721736453853488 ], [ 101.667765417877376, 12.721917114811243 ], [ 101.667857431689313, 12.721916187891676 ], [ 101.667861208584384, 12.722277509771802 ], [ 101.667953222518975, 12.722276582793171 ], [ 101.667957943963572, 12.722728235093978 ], [ 101.668049958053246, 12.722727308049491 ], [ 101.668048069388661, 12.722546647144812 ], [ 101.668232097416336, 12.722544792987375 ], [ 101.668230208650925, 12.72236413210714 ], [ 101.668322222588927, 12.722363204994188 ], [ 101.668320333787605, 12.722182544124811 ], [ 101.668412347653401, 12.72218161699357 ], [ 101.668409514408495, 12.721910625704767 ], [ 101.668317500640114, 12.721911552815619 ], [ 101.668314667557993, 12.721640561500276 ], [ 101.66859070854909, 12.721637780133241 ], [ 101.66859165299995, 12.721728110551982 ], [ 101.668775680355964, 12.7217262561343 ], [ 101.66877662487903, 12.721816586538766 ], [ 101.668868638578616, 12.721815659275308 ], [ 101.668869583141415, 12.721905989672292 ], [ 101.668961596866211, 12.721905062370157 ], [ 101.668962541468744, 12.721995392759663 ], [ 101.669054555218736, 12.721994465418845 ], [ 101.669055499861003, 12.722084795800868 ], [ 101.669147513636204, 12.722083868421375 ], [ 101.669148458318205, 12.722174198795917 ], [ 101.669332485911781, 12.722172343927692 ], [ 101.669333430665986, 12.722262674287952 ], [ 101.669425444484332, 12.722261746799221 ], [ 101.6694263892783, 12.722352077152001 ], [ 101.66961041695815, 12.722350222065289 ], [ 101.669611361824309, 12.722440552403787 ], [ 101.669795389540042, 12.722438697175953 ], [ 101.66979633447842, 12.722529027500174 ], [ 101.669980362230035, 12.72252717213121 ], [ 101.669981307240619, 12.722617502441144 ], [ 101.670441376654821, 12.7226128634268 ], [ 101.670440431481865, 12.722522533150867 ], [ 101.670808486752506, 12.722518821392717 ], [ 101.670807541456924, 12.722428491143308 ], [ 101.67089955522394, 12.72242756313087 ], [ 101.670898609903162, 12.722337232887579 ], [ 101.670990623630431, 12.722336304850057 ], [ 101.670989678284457, 12.722245974612891 ], [ 101.671081691971978, 12.722245046550292 ], [ 101.671080746600808, 12.72215471631924 ], [ 101.671264773889106, 12.722152860112004 ], [ 101.671262883038665, 12.72197219967506 ], [ 101.671354896606971, 12.721971271537228 ], [ 101.671353951160185, 12.721880941324535 ], [ 101.671537978210026, 12.721879084966835 ], [ 101.671534196235839, 12.721517764163654 ], [ 101.671626209619987, 12.721516835964202 ], [ 101.67162337311828, 12.721245845375048 ], [ 101.671715386397736, 12.721244917164128 ], [ 101.671714440879242, 12.72115458697318 ], [ 101.671806454118965, 12.721153658737185 ], [ 101.671804563038862, 12.72097299836685 ], [ 101.671896576206365, 12.720972070112587 ], [ 101.671895630644741, 12.720881739933196 ], [ 101.671987643772511, 12.72088081165386 ], [ 101.671984807033894, 12.720609821132006 ], [ 101.672076820057001, 12.720608892841206 ], [ 101.672075874459537, 12.720518562672694 ], [ 101.672167887442882, 12.720517634356822 ], [ 101.672166941820237, 12.720427304194434 ], [ 101.672258954763848, 12.720426375853492 ], [ 101.672258009116007, 12.720336045697218 ], [ 101.672350022019856, 12.720335117331206 ], [ 101.672349076346819, 12.720244787181061 ], [ 101.672441089210949, 12.72024385878998 ], [ 101.672440143512731, 12.720153528645952 ], [ 101.672532156337112, 12.720152600229802 ], [ 101.672531210613698, 12.720062270091898 ], [ 101.67280724894583, 12.720059484672607 ], [ 101.672806303132262, 12.719969154554441 ], [ 101.673082341301523, 12.719966368868695 ], [ 101.673081395397858, 12.719876038770272 ], [ 101.673633471345127, 12.719870466579001 ], [ 101.673634417443594, 12.719960796636576 ], [ 101.674002468059427, 12.719957081177659 ], [ 101.674003414295015, 12.720047411207313 ], [ 101.674095426963248, 12.720046482256086 ], [ 101.674096373238598, 12.720136812278245 ], [ 101.674188385932013, 12.720135883288336 ], [ 101.674189332247096, 12.720226213302999 ], [ 101.674281344965706, 12.720225284274399 ], [ 101.674282291320537, 12.720315614281569 ], [ 101.67437430406433, 12.720314685214284 ], [ 101.674375250458908, 12.720405015213963 ], [ 101.674467263227882, 12.720404086107989 ], [ 101.674469156103811, 12.720584746091665 ], [ 101.674561168930438, 12.720583816940195 ], [ 101.674563061900415, 12.720764476907515 ], [ 101.674931113393896, 12.720760759928366 ], [ 101.674932060019657, 12.72085108988375 ], [ 101.67511608578765, 12.720849231189288 ], [ 101.675117032485645, 12.720939561130363 ], [ 101.675393071180423, 12.72093677282915 ], [ 101.675394017983109, 12.721027102749105 ], [ 101.67631414681702, 12.721017806271538 ], [ 101.676313199689659, 12.720927476419734 ], [ 101.67649722530409, 12.720925616755322 ], [ 101.676496278119103, 12.720835286916467 ], [ 101.676588290882918, 12.720834357043262 ], [ 101.676587343672722, 12.720744027210536 ], [ 101.676771369113595, 12.720742167382131 ], [ 101.676770421845745, 12.720651837562359 ], [ 101.676954447192529, 12.720649977620077 ], [ 101.676953499867054, 12.720559647813255 ], [ 101.677045512497045, 12.720558717801119 ], [ 101.677044565146375, 12.72046838800043 ], [ 101.677136577736619, 12.720467457963233 ], [ 101.67713563036078, 12.720377128168682 ], [ 101.677319655454468, 12.720375268012297 ], [ 101.677318708020977, 12.720284938230694 ], [ 101.677502733020589, 12.720283077960445 ], [ 101.677501785529458, 12.720192748191801 ], [ 101.67768581043498, 12.720190887807689 ], [ 101.67768486288621, 12.720100558051994 ], [ 101.677868887697656, 12.720098697554024 ], [ 101.677867940091232, 12.720008367811285 ], [ 101.678051964808589, 12.72000650719945 ], [ 101.678051017144526, 12.719916177469671 ], [ 101.67841906636194, 12.719912455890791 ], [ 101.678418118575308, 12.71982212618761 ], [ 101.678786167546207, 12.719818404126025 ], [ 101.678787115462697, 12.719908733801917 ], [ 101.678879127719654, 12.719907803200018 ], [ 101.678887659588383, 12.720720770190882 ], [ 101.678795647039223, 12.720721700854186 ], [ 101.678797543025325, 12.72090236019161 ], [ 101.678889555639415, 12.720901429514663 ], [ 101.678893347828975, 12.721262748154009 ], [ 101.678985360565648, 12.721261817417892 ], [ 101.678986308663738, 12.721352147069197 ], [ 101.67889429589458, 12.72135307781214 ], [ 101.678895243967503, 12.721443407469584 ], [ 101.678987256769105, 12.721442476719815 ], [ 101.678988204881776, 12.721532806369755 ], [ 101.678896192047702, 12.721533737126341 ], [ 101.678898088229985, 12.721714396437809 ], [ 101.678990101128988, 12.721713465667575 ], [ 101.678993893710924, 12.722074784255012 ], [ 101.679085906732539, 12.722073853425606 ], [ 101.679089699561018, 12.722435171974805 ], [ 101.679181712705216, 12.722434241086225 ], [ 101.679184557500562, 12.722705229970467 ], [ 101.679276570734885, 12.722704299029541 ], [ 101.67927846736653, 12.722884958268638 ], [ 101.679370480658491, 12.722884027282181 ], [ 101.679371429017721, 12.722974356893879 ], [ 101.679463442334878, 12.722973425868716 ], [ 101.679464390733884, 12.723063755472905 ], [ 101.679556404076209, 12.723062824409036 ], [ 101.679557352514976, 12.723153154005715 ], [ 101.679649365882483, 12.72315222290314 ], [ 101.679650314361012, 12.723242552492312 ], [ 101.679742327753715, 12.723241621351027 ], [ 101.679743276272006, 12.723331950932689 ], [ 101.67992730310047, 12.723330088540825 ], [ 101.679928251690995, 12.723420418108155 ], [ 101.680112278555228, 12.723418555575103 ], [ 101.680113227218015, 12.723508885128094 ], [ 101.680205240671654, 12.723507953806919 ], [ 101.680206189374204, 12.723598283352404 ], [ 101.680942297000485, 12.723590831580566 ], [ 101.680941348038147, 12.723500502089701 ], [ 101.681125374806797, 12.72349863884156 ], [ 101.681124425786791, 12.723408309363665 ], [ 101.681308452461309, 12.723406446001647 ], [ 101.68130750338365, 12.72331611653672 ], [ 101.681491529964021, 12.723314253060829 ], [ 101.681490580828722, 12.723223923608879 ], [ 101.68167460731496, 12.723222060019111 ], [ 101.681673658122008, 12.723131730580139 ], [ 101.682041710876987, 12.723128003045336 ], [ 101.682042660199826, 12.723218332456987 ], [ 101.6821346734028, 12.723217400486751 ], [ 101.682137521512544, 12.723488388697119 ], [ 101.682229534805643, 12.723487456674505 ], [ 101.682231433646933, 12.72366811546433 ], [ 101.682139420288891, 12.723669047500604 ], [ 101.682140369688014, 12.723759376901324 ], [ 101.682048356290196, 12.723760308912549 ], [ 101.682049305664137, 12.723850638319409 ], [ 101.681865278781657, 12.723852502259863 ], [ 101.681866228097959, 12.723942831679706 ], [ 101.681682201121333, 12.723944695506281 ], [ 101.681683150379968, 12.724035024939097 ], [ 101.681499123309194, 12.724036888651792 ], [ 101.68150007251019, 12.724127218097587 ], [ 101.681408058931368, 12.724128149912938 ], [ 101.681409008107181, 12.724218479364872 ], [ 101.681501021718475, 12.724217547542693 ], [ 101.681501970934065, 12.724307876987115 ], [ 101.681593984570526, 12.724306945126221 ], [ 101.681595883088548, 12.724487603999355 ], [ 101.681779910469501, 12.724485740154593 ], [ 101.681786555967193, 12.725118046093383 ], [ 101.682338639298891, 12.72511245350694 ], [ 101.682337689725301, 12.725022124130149 ], [ 101.682521717379174, 12.725020259693231 ], [ 101.682520767747931, 12.724929930329422 ], [ 101.682980836592435, 12.724925268713257 ], [ 101.682981786386051, 12.725015598042905 ], [ 101.683073800165531, 12.725014665617179 ], [ 101.683075699839648, 12.725195324260756 ], [ 101.683351741329105, 12.72519252675125 ], [ 101.683352691274578, 12.725282856051511 ], [ 101.683536718962657, 12.725280990872067 ], [ 101.683537668980364, 12.725371320157976 ], [ 101.683629682845933, 12.725370387513587 ], [ 101.68363063290343, 12.725460716791979 ], [ 101.683814660677598, 12.725458851393865 ], [ 101.683816560944436, 12.725639509921249 ], [ 101.683908574885521, 12.725638577160691 ], [ 101.683909525062376, 12.725728906416524 ], [ 101.684001539028642, 12.725727973617241 ], [ 101.684005339939034, 12.726089290606373 ], [ 101.6841893681095, 12.726087424857454 ], [ 101.68419031842032, 12.726177754089351 ], [ 101.684374346626512, 12.726175888199201 ], [ 101.68437339625072, 12.726085558980975 ], [ 101.684465410310366, 12.726084625994899 ], [ 101.684466360718645, 12.726174955206289 ], [ 101.684834417014088, 12.72617122291574 ], [ 101.6848353675596, 12.726261552099094 ], [ 101.685019395728446, 12.726259685748808 ], [ 101.685020346346221, 12.726350014917804 ], [ 101.685572430872213, 12.726344415060534 ], [ 101.685573381692194, 12.726434744187815 ], [ 101.685757409874014, 12.726432877299919 ], [ 101.685758360766258, 12.726523206412834 ], [ 101.686770515600813, 12.726512936173988 ], [ 101.686771466857678, 12.726603265210962 ], [ 101.687415565155419, 12.726596727547403 ], [ 101.687414613671166, 12.726506398558334 ], [ 101.687598641625442, 12.726504530381131 ], [ 101.68759769008355, 12.726414201405069 ], [ 101.688057759678784, 12.726409530438202 ], [ 101.688056807981795, 12.726319201495679 ], [ 101.688148821846411, 12.726318267213481 ], [ 101.688147870124268, 12.726227938277125 ], [ 101.68823988394908, 12.72622700396988 ], [ 101.68823893220177, 12.726136675039687 ], [ 101.688330945986792, 12.726135740707401 ], [ 101.688329042449155, 12.725955082858642 ], [ 101.688421056161886, 12.72595414850816 ], [ 101.688420104371573, 12.725863819589602 ], [ 101.688512118044528, 12.725862885214077 ], [ 101.688510214420873, 12.725682227388603 ], [ 101.688694241614883, 12.72568035856928 ], [ 101.688693289749068, 12.725590029669208 ], [ 101.689245370960577, 12.725584422487005 ], [ 101.689246323021266, 12.725674751345988 ], [ 101.689522363625628, 12.725671947303848 ], [ 101.689523315791078, 12.725762276141598 ], [ 101.689707342889008, 12.72576040660703 ], [ 101.689708295126735, 12.725850735430395 ], [ 101.689892322260349, 12.725848865754571 ], [ 101.689893274570352, 12.725939194563551 ], [ 101.69007730173962, 12.725937324746473 ], [ 101.690078254121914, 12.726027653541065 ], [ 101.690170267728064, 12.726026718577844 ], [ 101.690171220150148, 12.726117047364898 ], [ 101.690263233781437, 12.726116112362932 ], [ 101.690264186243326, 12.72620644114245 ], [ 101.690540227190723, 12.726203635924666 ], [ 101.690541179757375, 12.726293964682945 ], [ 101.690725207083986, 12.726292094364602 ], [ 101.690726159722928, 12.726382423108491 ], [ 101.690910187085208, 12.726380552648886 ], [ 101.690911139796427, 12.726470881378384 ], [ 101.691003153499054, 12.726469946093893 ], [ 101.691004106250105, 12.726560274815853 ], [ 101.691188133698361, 12.726558404137489 ], [ 101.691189086521675, 12.726648732845055 ], [ 101.691373114005586, 12.726646862025422 ], [ 101.691374066901204, 12.726737190718596 ], [ 101.691466080664654, 12.726736255254091 ], [ 101.691467033600077, 12.726826583939724 ], [ 101.691651061169949, 12.726824712901328 ], [ 101.691652014177663, 12.726915041572569 ], [ 101.691836041783219, 12.726913170392899 ], [ 101.691836994863223, 12.727003499049742 ], [ 101.691929008687481, 12.727002563405215 ], [ 101.691929961807304, 12.727092892054518 ], [ 101.692206003333581, 12.727090084909017 ], [ 101.692206956558181, 12.727180413537068 ], [ 101.692482998115949, 12.72717760608397 ], [ 101.692483951445325, 12.727267934690763 ], [ 101.692667979178822, 12.72726606288219 ], [ 101.692668932580489, 12.727356391474586 ], [ 101.69285296034964, 12.727354519524731 ], [ 101.692853913823612, 12.727444848102722 ], [ 101.693037941628404, 12.727442976011581 ], [ 101.693038895174666, 12.727533304575173 ], [ 101.693222923015114, 12.72753143234274 ], [ 101.693223876633667, 12.72762176089193 ], [ 101.69359193235654, 12.727618016016917 ], [ 101.693592886112356, 12.727708344537984 ], [ 101.693960941847848, 12.727704599125245 ], [ 101.693961895740955, 12.727794927618179 ], [ 101.694145923629662, 12.727793054706732 ], [ 101.69414687759506, 12.727883383185258 ], [ 101.694238891560914, 12.727882446674831 ], [ 101.694239845566145, 12.727972775145815 ], [ 101.694331859557124, 12.727971838596634 ], [ 101.694332813602173, 12.728062167060072 ], [ 101.69442482761832, 12.728061230472132 ], [ 101.694423873540785, 12.727970902015556 ], [ 101.694975957288705, 12.727965281859337 ], [ 101.694976911561142, 12.728055610274733 ], [ 101.695344967376329, 12.728051862838587 ], [ 101.695345921786043, 12.728142191225842 ], [ 101.695529949714583, 12.728140317302678 ], [ 101.695530904196616, 12.728230645675515 ], [ 101.695714932160783, 12.728228771611043 ], [ 101.695715886715107, 12.728319099969466 ], [ 101.6958999147149, 12.728317225763687 ], [ 101.695900869341543, 12.728407554107694 ], [ 101.696544967337019, 12.728400993334722 ], [ 101.696545922198396, 12.728491321629976 ], [ 101.696637936200887, 12.728490384242248 ], [ 101.696638891102097, 12.728580712529951 ], [ 101.696822919150009, 12.728578837645072 ], [ 101.696823874123538, 12.728669165918351 ], [ 101.697099916237818, 12.728666353331217 ], [ 101.697100871316152, 12.728756681583207 ], [ 101.697192885372033, 12.7287557439835 ], [ 101.697193840490201, 12.728846072227935 ], [ 101.697377868644949, 12.7288441969191 ], [ 101.697379779033241, 12.729024853378434 ], [ 101.69756380728856, 12.729022977914539 ], [ 101.697565717836198, 12.72920363434365 ], [ 101.697657732017802, 12.729202696550116 ], [ 101.697660597991785, 12.729473681168033 ], [ 101.697752612263528, 12.729472743321994 ], [ 101.697757389196127, 12.729924384303793 ], [ 101.697665374761939, 12.729925322184185 ], [ 101.697667285521405, 12.730105978585849 ], [ 101.697575271014884, 12.730106916448088 ], [ 101.697577181738751, 12.730287572860746 ], [ 101.697485167159911, 12.730288510704826 ], [ 101.697486122500351, 12.730378838917 ], [ 101.697394107881678, 12.730379776736049 ], [ 101.697396018519626, 12.730560433172077 ], [ 101.697211989130281, 12.730562308741954 ], [ 101.697212944395275, 12.73065263697268 ], [ 101.697120929657103, 12.730653574716637 ], [ 101.697121884896944, 12.730743902953547 ], [ 101.697029870118925, 12.73074484067247 ], [ 101.697030825333627, 12.730835168915565 ], [ 101.69684679569059, 12.730837044271452 ], [ 101.696847750847652, 12.730927372527596 ], [ 101.696755735982634, 12.730928310164558 ], [ 101.696756691114544, 12.731018638426885 ], [ 101.696572661297481, 12.731020513618841 ], [ 101.696573616371737, 12.731110841894216 ], [ 101.696389586460327, 12.731112716972298 ], [ 101.696390541476944, 12.731203045260729 ], [ 101.696114496457298, 12.731205857659193 ], [ 101.696115451383761, 12.731296185967532 ], [ 101.695839406200577, 12.731298998099478 ], [ 101.695838451371586, 12.731208669770536 ], [ 101.69565442127778, 12.731210544351924 ], [ 101.695655376041771, 12.731300872694598 ], [ 101.695563360951354, 12.731301809944302 ], [ 101.695565270436376, 12.731482466641321 ], [ 101.695289224926142, 12.731485278240216 ], [ 101.695290179582173, 12.731575606608292 ], [ 101.695014133908415, 12.731578417940653 ], [ 101.695015088474307, 12.731668746328639 ], [ 101.694186950764461, 12.731677178664727 ], [ 101.694187905045212, 12.731767507113789 ], [ 101.694003874297351, 12.731769380629039 ], [ 101.694004828520448, 12.73185970909114 ], [ 101.693820797678271, 12.731861582492497 ], [ 101.6938217518437, 12.731951910967634 ], [ 101.693453689941336, 12.731955657414945 ], [ 101.69345464398414, 12.732045985916837 ], [ 101.693086581834478, 12.732049731881121 ], [ 101.693087535754614, 12.732140060409767 ], [ 101.692259395196558, 12.732148487024713 ], [ 101.692258441568896, 12.732058158434345 ], [ 101.692166425947192, 12.732059094558515 ], [ 101.692167379542354, 12.732149423155738 ], [ 101.691707301161387, 12.732154103332297 ], [ 101.691708254601394, 12.732244431963114 ], [ 101.691340191634737, 12.732248175557492 ], [ 101.691341144952077, 12.732338504215043 ], [ 101.691157113359793, 12.732340375834513 ], [ 101.69115616010744, 12.732250047163252 ], [ 101.690972128550854, 12.73225191864139 ], [ 101.690973081738207, 12.732342247326359 ], [ 101.690513002556045, 12.732346925497628 ], [ 101.690512049531179, 12.732256596778397 ], [ 101.690420033705266, 12.732257532310083 ], [ 101.690420986697646, 12.732347861036168 ], [ 101.690144939078479, 12.732350667460349 ], [ 101.6901439861836, 12.73226033871371 ], [ 101.68949987504341, 12.732266885872153 ], [ 101.689498922383351, 12.732176557076871 ], [ 101.689130858843583, 12.732180297580951 ], [ 101.689129906320815, 12.732089968757586 ], [ 101.688945874571999, 12.7320918388045 ], [ 101.688944922121564, 12.732001509966757 ], [ 101.688576858666096, 12.73200524965033 ], [ 101.688575906352952, 12.731914920784508 ], [ 101.688299858781988, 12.731917725191646 ], [ 101.688298906573664, 12.731827396304599 ], [ 101.688022859034319, 12.731830200404058 ], [ 101.6880219069308, 12.731739871495785 ], [ 101.687653843572562, 12.73174360982102 ], [ 101.687652891606362, 12.731653280884682 ], [ 101.686364669385725, 12.731666360907262 ], [ 101.686365620896979, 12.731756689939409 ], [ 101.685905541022592, 12.73176135989481 ], [ 101.685904589673811, 12.731671030828458 ], [ 101.684984429701657, 12.731680368278029 ], [ 101.684985380725479, 12.731770697412779 ], [ 101.68526142889138, 12.731767896492382 ], [ 101.685263331155923, 12.731948554718796 ], [ 101.684987282795049, 12.731951355680222 ], [ 101.684988233840798, 12.732041684812916 ], [ 101.684896217673383, 12.732042618409753 ], [ 101.684897168693951, 12.732132947548601 ], [ 101.684805152486732, 12.732133881120371 ], [ 101.684806103482103, 12.73222421026537 ], [ 101.684622070980751, 12.732226077326873 ], [ 101.684623021918426, 12.732316406484864 ], [ 101.684531005624308, 12.732317339974591 ], [ 101.684531956536787, 12.732407669138734 ], [ 101.68443994020285, 12.732408602603392 ], [ 101.684440891090148, 12.732498931773689 ], [ 101.684256858335345, 12.73250079862096 ], [ 101.684257809164947, 12.732591127804247 ], [ 101.684165792744082, 12.73259206118686 ], [ 101.684167694360241, 12.732772719565045 ], [ 101.684259710846106, 12.732771786168762 ], [ 101.684260661697635, 12.732862115349992 ], [ 101.68416864517927, 12.732863048753114 ], [ 101.684171497680211, 12.733134036313205 ], [ 101.68407948105704, 12.733134969704926 ], [ 101.684082333526234, 12.733405957279361 ], [ 101.683990316798258, 12.733406890659685 ], [ 101.683992218415924, 12.733587549052888 ], [ 101.683900201615643, 12.733588482414969 ], [ 101.683901152402939, 12.733678811617382 ], [ 101.683809135562825, 12.733679744954392 ], [ 101.68381103709433, 12.733860403370832 ], [ 101.683719020181911, 12.7338613366896 ], [ 101.683723773975998, 12.734312982752884 ], [ 101.68363175689376, 12.734313916073923 ], [ 101.683633658397525, 12.73449457450811 ], [ 101.683541641242982, 12.734495507810907 ], [ 101.683542591973321, 12.734585837033809 ], [ 101.683450574778959, 12.734586770311527 ], [ 101.683451525484102, 12.734677099540578 ], [ 101.683359508249936, 12.734678032793219 ], [ 101.683360458929869, 12.734768362028419 ], [ 101.683084407086028, 12.734771161615374 ], [ 101.683086308272792, 12.734951820124724 ], [ 101.683178325626372, 12.734950886947317 ], [ 101.683179276263218, 12.735041216194132 ], [ 101.683363311013522, 12.735039349729911 ], [ 101.683364261722673, 12.735129678962373 ], [ 101.683456279119369, 12.735128745675558 ], [ 101.68345913138819, 12.735399733348329 ], [ 101.683551148875097, 12.735398800009099 ], [ 101.683552099678494, 12.735489129225147 ], [ 101.683644117190596, 12.73548819584717 ], [ 101.683645068033798, 12.735578525055701 ], [ 101.68373708557111, 12.735577591638972 ], [ 101.683738987344455, 12.735758250040309 ], [ 101.683831004939478, 12.735757316577994 ], [ 101.683831955869607, 12.735847645770798 ], [ 101.68392397348984, 12.735846712269737 ], [ 101.683924924459788, 12.735937041455024 ], [ 101.684108959743341, 12.735935174343476 ], [ 101.684111812892084, 12.736206161854202 ], [ 101.684203830620419, 12.736205228230048 ], [ 101.684206683932473, 12.736476215714102 ], [ 101.684298701751032, 12.736475282037524 ], [ 101.684299652902169, 12.736565611190665 ], [ 101.684391670745924, 12.736564677475332 ], [ 101.68439262193688, 12.736655006620955 ], [ 101.684484639805845, 12.736654072866868 ], [ 101.684486542274698, 12.73683473114238 ], [ 101.684670578120745, 12.736832863511101 ], [ 101.684672480748887, 12.737013521756531 ], [ 101.684764498725968, 12.737012587879336 ], [ 101.684765450083503, 12.737102916994187 ], [ 101.684857468085781, 12.737101983078238 ], [ 101.684859370887835, 12.737282641292204 ], [ 101.684951388947823, 12.737281707330659 ], [ 101.684952340392329, 12.737372036429775 ], [ 101.685044358477526, 12.737371102429478 ], [ 101.685046261453465, 12.737551760611975 ], [ 101.685138279596387, 12.737550826566078 ], [ 101.685139231127835, 12.737641155649463 ], [ 101.685323267456752, 12.737639287448232 ], [ 101.685324219060547, 12.737729616517251 ], [ 101.685416237246557, 12.737728682361919 ], [ 101.68541718889017, 12.737819011423413 ], [ 101.685509207101376, 12.737818077229321 ], [ 101.685510158784808, 12.737908406283292 ], [ 101.685602177021224, 12.737907472050436 ], [ 101.685605032212948, 12.738178459187717 ], [ 101.685789068858924, 12.738176590585207 ], [ 101.685790020669145, 12.738266919615917 ], [ 101.685882039013677, 12.73826598525994 ], [ 101.685882990863732, 12.738356314283122 ], [ 101.685975009233474, 12.738355379888386 ], [ 101.685975961123347, 12.73844570890404 ], [ 101.685883942721091, 12.73844664330562 ], [ 101.685884894585769, 12.738536972327433 ], [ 101.685792876143694, 12.738537906703932 ], [ 101.685794779829962, 12.738718564759184 ], [ 101.685886798337066, 12.738717630369003 ], [ 101.685885846457765, 12.738627301348561 ], [ 101.686529975575169, 12.738620759771361 ], [ 101.686530927682085, 12.738711088743914 ], [ 101.686806983005951, 12.738708284711468 ], [ 101.686807935217715, 12.738798613662803 ], [ 101.687452064278332, 12.738792069755247 ], [ 101.687453016725044, 12.738882398657989 ], [ 101.68800512725818, 12.738876788308319 ], [ 101.688006079907296, 12.738967117169308 ], [ 101.688374153579772, 12.738963376270357 ], [ 101.688375106366252, 12.73905370510327 ], [ 101.688559143223614, 12.739051834448563 ], [ 101.688560096082455, 12.739142163267095 ], [ 101.688744132975572, 12.739140292471001 ], [ 101.688745085906774, 12.739230621275153 ], [ 101.688837104374869, 12.739229685822373 ], [ 101.688838057345905, 12.739320014618993 ], [ 101.688930075839195, 12.739319079127441 ], [ 101.688931028850078, 12.739409407916524 ], [ 101.689115065879733, 12.739407536823951 ], [ 101.689116018962963, 12.739497865598654 ], [ 101.689300056028358, 12.739495994364688 ], [ 101.68930100918395, 12.739586323125005 ], [ 101.689393027738177, 12.739585387453285 ], [ 101.689393980933616, 12.739675716206071 ], [ 101.689485999513039, 12.739674780495577 ], [ 101.689486952748325, 12.739765109240821 ], [ 101.689578971352944, 12.739764173491555 ], [ 101.689580877910501, 12.739944830966296 ], [ 101.689672896572844, 12.739943895171402 ], [ 101.689673849895115, 12.740034223900892 ], [ 101.689765868582654, 12.740033288067224 ], [ 101.689767775314209, 12.740213945510446 ], [ 101.689859794059473, 12.74021300963115 ], [ 101.689860747468757, 12.740303338344885 ], [ 101.689952766239202, 12.740302402426812 ], [ 101.689953719688333, 12.740392731133005 ], [ 101.690045738483988, 12.740391795176158 ], [ 101.690050506002081, 12.740843438662596 ], [ 101.690142524953004, 12.740842502639563 ], [ 101.690143478511118, 12.740932831327942 ], [ 101.690235497487237, 12.740931895266129 ], [ 101.690239311923023, 12.741293209985383 ], [ 101.690147292816803, 12.741294146074605 ], [ 101.690148246411539, 12.741384474759558 ], [ 101.690056227265487, 12.741385410823698 ], [ 101.69005527370328, 12.741295082131897 ], [ 101.689963254582409, 12.741296018157261 ], [ 101.689962301060049, 12.741205689457921 ], [ 101.689686243751098, 12.741208497321885 ], [ 101.6896871971759, 12.741298826041779 ], [ 101.689503158868263, 12.741300697805146 ], [ 101.68950411223534, 12.741391026538055 ], [ 101.688859977700332, 12.741397576752034 ], [ 101.688860930847071, 12.7414879055322 ], [ 101.688768911565973, 12.741488841156187 ], [ 101.688769864687501, 12.741579169942513 ], [ 101.68867784536657, 12.74158010554142 ], [ 101.688678798462902, 12.74167043433391 ], [ 101.688494759734013, 12.741672305449628 ], [ 101.688495712772621, 12.74176263425513 ], [ 101.688311673949414, 12.741764505256823 ], [ 101.688310720975863, 12.741674176437623 ], [ 101.688126682188425, 12.741676047297906 ], [ 101.688127635096919, 12.741766376130794 ], [ 101.687851576763293, 12.741769182202274 ], [ 101.687854435240013, 12.742040168758448 ], [ 101.687946454789454, 12.742039233412681 ], [ 101.687948360542222, 12.742219891099674 ], [ 101.688132399749236, 12.742218020284961 ], [ 101.688133352701655, 12.742308349113738 ], [ 101.688317391944452, 12.742306478157603 ], [ 101.688318344969232, 12.742396806972001 ], [ 101.688594403876095, 12.742394000277773 ], [ 101.688593450753729, 12.742303671483917 ], [ 101.688685470342165, 12.742302735862159 ], [ 101.688686423497074, 12.742393064649164 ], [ 101.688962482316086, 12.742390257571756 ], [ 101.688963435575872, 12.742480586337532 ], [ 101.689791611930303, 12.742472163319356 ], [ 101.689792565490137, 12.742562492022797 ], [ 101.690528722011848, 12.742555002669354 ], [ 101.690526814379069, 12.742374345371415 ], [ 101.690434794904533, 12.742375281638649 ], [ 101.690432887366114, 12.742194624324256 ], [ 101.690340867949303, 12.742195560545859 ], [ 101.69033896050523, 12.742014903215019 ], [ 101.690246941146157, 12.742015839390985 ], [ 101.69024503379643, 12.741835182043697 ], [ 101.690153014495081, 12.74183611817403 ], [ 101.690149200013593, 12.741474803443824 ], [ 101.690241219184855, 12.741473867340899 ], [ 101.690240265550273, 12.741383538663484 ], [ 101.690332284681688, 12.741382602535481 ], [ 101.690333238348785, 12.741472931206044 ], [ 101.690425257505396, 12.741471995039261 ], [ 101.690427164926632, 12.741652652364625 ], [ 101.690519184140967, 12.741651716152207 ], [ 101.690520137895078, 12.74174204480701 ], [ 101.690612157134623, 12.741741108555811 ], [ 101.690615018538509, 12.742012094495539 ], [ 101.690707037868293, 12.742011158191852 ], [ 101.690710853306143, 12.742372472741145 ], [ 101.690802872758695, 12.742371536378116 ], [ 101.690803826668997, 12.742461865006868 ], [ 101.690895846146745, 12.742460928605055 ], [ 101.690896800096908, 12.742551257226271 ], [ 101.690988819599852, 12.74255032078567 ], [ 101.690991681591868, 12.742821306624645 ], [ 101.69108370118505, 12.742820370131549 ], [ 101.691087517407084, 12.743181684546499 ], [ 101.691179537123062, 12.743180747994055 ], [ 101.691182399464097, 12.743451733777503 ], [ 101.691274419270329, 12.743450797172562 ], [ 101.691276327599383, 12.74363145434439 ], [ 101.691368347463353, 12.743630517693806 ], [ 101.691370255886781, 12.743811174849183 ], [ 101.691462275808462, 12.743810238152953 ], [ 101.691464184326264, 12.743990895291876 ], [ 101.691556204305698, 12.743989958550005 ], [ 101.69155715860812, 12.744080287111577 ], [ 101.691649178612735, 12.74407935033091 ], [ 101.691652041661555, 12.744350335990962 ], [ 101.691744061756452, 12.744349399157795 ], [ 101.691745016153234, 12.744439727702915 ], [ 101.691929056386115, 12.74443785392706 ], [ 101.691930010855287, 12.744528182457785 ], [ 101.692114051123909, 12.744526308540468 ], [ 101.69211596021438, 12.744706965572433 ], [ 101.692392020757509, 12.744704154415791 ], [ 101.692391066111028, 12.744613825920721 ], [ 101.692483086244863, 12.74461288881149 ], [ 101.692484040923901, 12.744703217299703 ], [ 101.692576061082946, 12.744702280151678 ], [ 101.692577015801845, 12.744792608632343 ], [ 101.6926690359861, 12.744791671445521 ], [ 101.692675719451358, 12.745423970742976 ], [ 101.692859760253327, 12.745422096177505 ], [ 101.692860715128475, 12.745512424632109 ], [ 101.693044755966199, 12.745510549925163 ], [ 101.693051440752981, 12.746142848992161 ], [ 101.692959420110057, 12.746143786409617 ], [ 101.692962285031072, 12.746414771734331 ], [ 101.692870264283187, 12.746415709140425 ], [ 101.692872174202122, 12.746596366033852 ], [ 101.692780153381847, 12.746597303421721 ], [ 101.692783018217611, 12.746868288777296 ], [ 101.692690997292388, 12.7468692261538 ], [ 101.692692907154495, 12.747049883067803 ], [ 101.692600886156853, 12.747050820426077 ], [ 101.692602795983206, 12.747231477351052 ], [ 101.69251077491316, 12.747232414691098 ], [ 101.692511729804806, 12.747322743159414 ], [ 101.692327687577645, 12.747324617757389 ], [ 101.692328642411525, 12.747414946238738 ], [ 101.692144600089975, 12.747416820722654 ], [ 101.692145554866116, 12.747507149217029 ], [ 101.692053533661806, 12.747508086417927 ], [ 101.692056397936568, 12.747779071917501 ], [ 101.691872355310721, 12.747780946264603 ], [ 101.691873310018565, 12.747871274776802 ], [ 101.691965331367683, 12.747870337612371 ], [ 101.691967240870426, 12.748050994620998 ], [ 101.691875219456222, 12.748051931799145 ], [ 101.691874264733727, 12.747961603288317 ], [ 101.691782243344733, 12.747962540427661 ], [ 101.691781288662099, 12.747872211909293 ], [ 101.691597245927198, 12.747874086078433 ], [ 101.691598200544732, 12.747964414610513 ], [ 101.691230114856822, 12.747968162592869 ], [ 101.691231069351517, 12.748058491151685 ], [ 101.691047026398508, 12.748060364964896 ], [ 101.691047980835464, 12.748150693536733 ], [ 101.690955959315431, 12.748151630402273 ] ], [ [ 101.692434032461009, 12.748678607519668 ], [ 101.692433077491955, 12.748588279054784 ], [ 101.692525099057434, 12.748587341643814 ], [ 101.69252605405903, 12.74867767010184 ], [ 101.692434032461009, 12.748678607519668 ] ], [ [ 101.69234105591913, 12.748589216433805 ], [ 101.692340100989952, 12.748498887961377 ], [ 101.692432122530221, 12.748497950589215 ], [ 101.692433077491955, 12.748588279054784 ], [ 101.69234105591913, 12.748589216433805 ] ], [ [ 101.692248079442351, 12.748499825301595 ], [ 101.692247124553049, 12.748409496821624 ], [ 101.692339146068093, 12.748408559488267 ], [ 101.692340100989952, 12.748498887961377 ], [ 101.692248079442351, 12.748499825301595 ] ], [ [ 101.665195631246405, 12.722575370277184 ], [ 101.665287645488888, 12.722574444202769 ], [ 101.665288588843339, 12.722664774859195 ], [ 101.665196574568398, 12.722665700940404 ], [ 101.665195631246405, 12.722575370277184 ] ], [ [ 101.692059262277311, 12.748050057410904 ], [ 101.692060217072225, 12.748140385907334 ], [ 101.691968195632811, 12.748141323124283 ], [ 101.691967240870426, 12.748050994620998 ], [ 101.692059262277311, 12.748050057410904 ] ], [ [ 101.692246169671051, 12.74831916834097 ], [ 101.692154148181203, 12.748320105635525 ], [ 101.692153193339095, 12.748229777147325 ], [ 101.692245214796401, 12.748228839859626 ], [ 101.692246169671051, 12.74831916834097 ] ], [ [ 101.682240928291392, 12.724571409372407 ], [ 101.681872873516397, 12.724575137599432 ], [ 101.681871924149007, 12.72448480818438 ], [ 101.682055951486163, 12.724482944148301 ], [ 101.682054052643366, 12.724302285343468 ], [ 101.682238079821389, 12.724300421207168 ], [ 101.682240928291392, 12.724571409372407 ] ], [ [ 101.682417359341486, 12.723846910055892 ], [ 101.682509372742572, 12.723845977910301 ], [ 101.682510322286191, 12.723936307282326 ], [ 101.682418308852633, 12.723937239434747 ], [ 101.682419258371084, 12.724027568812916 ], [ 101.682327244897749, 12.724028500940287 ], [ 101.682323446997657, 12.723667183396172 ], [ 101.682415460341105, 12.723666251296128 ], [ 101.682417359341486, 12.723846910055892 ] ], [ [ 101.688488324852841, 12.723604662198753 ], [ 101.688396311991838, 12.7236055964031 ], [ 101.688395360391766, 12.723515267466739 ], [ 101.688487373220312, 12.72351433326924 ], [ 101.688488324852841, 12.723604662198753 ] ], [ [ 101.68867235055292, 12.723602793694404 ], [ 101.68858033770654, 12.723603727962519 ], [ 101.688579386041539, 12.723513399039854 ], [ 101.688671398855448, 12.723512464778581 ], [ 101.68867235055292, 12.723602793694404 ] ], [ [ 101.679434993756217, 12.720263537424916 ], [ 101.679619018420482, 12.720261675688397 ], [ 101.679619966665626, 12.720352005299464 ], [ 101.679803991365645, 12.720350143421797 ], [ 101.679804939683009, 12.720440473018526 ], [ 101.679896952054548, 12.720439542025055 ], [ 101.679899797147812, 12.720710530790665 ], [ 101.679807784678871, 12.720711461804614 ], [ 101.679808733025411, 12.720801791398609 ], [ 101.679716720516709, 12.720802722387504 ], [ 101.679715772202641, 12.720712392786684 ], [ 101.679623759719121, 12.720713323736879 ], [ 101.679622811444801, 12.720622994128552 ], [ 101.679530798986448, 12.720623925040044 ], [ 101.679529850751891, 12.720533595424211 ], [ 101.679437838318719, 12.720534526297001 ], [ 101.679436890123938, 12.720444196673661 ], [ 101.67934487771592, 12.72044512750775 ], [ 101.679342033272704, 12.720174138613142 ], [ 101.679434045583307, 12.720173207799521 ], [ 101.679434993756217, 12.720263537424916 ] ], [ [ 101.685394875860652, 12.718215723576257 ], [ 101.685486887007713, 12.718214790802525 ], [ 101.685484036565214, 12.717943803231794 ], [ 101.685576047607569, 12.717942870446711 ], [ 101.6855741472842, 12.717762212076479 ], [ 101.68566615825435, 12.71776127927321 ], [ 101.685665208071171, 12.717670950093909 ], [ 101.68575721900153, 12.717670017265613 ], [ 101.685756268793199, 12.717579688092465 ], [ 101.68584827968381, 12.717578755239138 ], [ 101.685847329450326, 12.717488426072148 ], [ 101.685939340301161, 12.717487493193794 ], [ 101.685938390042551, 12.717397164032958 ], [ 101.686214422453816, 12.717394365227216 ], [ 101.686213472105138, 12.717304036086221 ], [ 101.686765536535532, 12.717298437655376 ], [ 101.686766487078955, 12.71738876675532 ], [ 101.686858497824218, 12.717387833565134 ], [ 101.686859448407404, 12.717478162657557 ], [ 101.68695145917782, 12.717477229428662 ], [ 101.686952409800782, 12.717567558513556 ], [ 101.687044420596337, 12.717566625245949 ], [ 101.687048223291143, 12.717927941551306 ], [ 101.686956212365757, 12.717928874846283 ], [ 101.686958113692128, 12.718109533008541 ], [ 101.686866102694509, 12.718110466285335 ], [ 101.686868003985197, 12.718291124458544 ], [ 101.686775992915358, 12.718292057717152 ], [ 101.686777894170376, 12.718472715901305 ], [ 101.686685883028304, 12.718473649141734 ], [ 101.68668683363434, 12.718563978239624 ], [ 101.686594822452491, 12.718564911455022 ], [ 101.686596723621548, 12.718745569662445 ], [ 101.686504712367466, 12.718746502859656 ], [ 101.686506613500853, 12.718927161078023 ], [ 101.686414602174537, 12.718928094257047 ], [ 101.686415552719737, 12.719018423372043 ], [ 101.686323541353644, 12.719019356526037 ], [ 101.686324491873705, 12.719109685647194 ], [ 101.686232480467837, 12.719110618776158 ], [ 101.686233430962744, 12.71920094790347 ], [ 101.685957396603911, 12.719203747119661 ], [ 101.68595644620639, 12.719113417971824 ], [ 101.685772423328871, 12.719115283942909 ], [ 101.685771473003584, 12.719024954780711 ], [ 101.685679461586332, 12.719025887711606 ], [ 101.685678511300807, 12.718935558541883 ], [ 101.685586499908709, 12.718936491434068 ], [ 101.685583649193404, 12.718665503900276 ], [ 101.685491637891374, 12.718666436740069 ], [ 101.685490687700025, 12.718576107553927 ], [ 101.685398676423134, 12.718577040355012 ], [ 101.685394875860652, 12.718215723576257 ] ], [ [ 101.66819432762756, 12.718931574863232 ], [ 101.668010302197345, 12.718933428477053 ], [ 101.668009358166429, 12.718843097996348 ], [ 101.667825332772082, 12.718844951469086 ], [ 101.667824388813358, 12.718754620974105 ], [ 101.667732376137749, 12.718755547655869 ], [ 101.667729544402519, 12.718484556146459 ], [ 101.667821556980726, 12.718483629485076 ], [ 101.66782250091768, 12.718573959982104 ], [ 101.668098538706147, 12.718571179786341 ], [ 101.668099482747735, 12.718661510262303 ], [ 101.668191495361825, 12.718660583459842 ], [ 101.66819432762756, 12.718931574863232 ] ], [ [ 101.692283627427798, 12.699536086467113 ], [ 101.692284578547486, 12.699626415276455 ], [ 101.692376582482296, 12.699625481454431 ], [ 101.692375631330194, 12.699535152651945 ], [ 101.692651642993454, 12.699532351015531 ], [ 101.692652594242773, 12.699622679797447 ], [ 101.692836602046455, 12.699620811867019 ], [ 101.69283565073232, 12.699530483098819 ], [ 101.693111662285688, 12.699527680985096 ], [ 101.693112613697039, 12.699618009732726 ], [ 101.69329662142745, 12.699616141484093 ], [ 101.69329757291095, 12.699706470217322 ], [ 101.693389576797571, 12.699705536038417 ], [ 101.693388625281671, 12.699615207312046 ], [ 101.693664636800349, 12.699612404604983 ], [ 101.693663685194551, 12.699522075898509 ], [ 101.693755688987039, 12.69952114160604 ], [ 101.69375283411641, 12.699250155503094 ], [ 101.693844837804349, 12.699249221199384 ], [ 101.693843886163052, 12.699158892503892 ], [ 101.693935889811257, 12.699157958175224 ], [ 101.693931131552716, 12.698706314721816 ], [ 101.693839128066529, 12.698707249016183 ], [ 101.693838176469214, 12.698616920316592 ], [ 101.69365416953967, 12.698618788796157 ], [ 101.693652266496656, 12.69843813136748 ], [ 101.693468259667398, 12.698439999692335 ], [ 101.693467308221699, 12.698349670963252 ], [ 101.693559311607572, 12.698348736823595 ], [ 101.693557408673328, 12.698168079377099 ], [ 101.693465405352256, 12.698169013503041 ], [ 101.693463502512117, 12.69798835604009 ], [ 101.693371499248514, 12.697989290120498 ], [ 101.693367693785817, 12.697627975158962 ], [ 101.693275690644512, 12.697628909180118 ], [ 101.693274739329539, 12.697538580431168 ], [ 101.693090733089733, 12.697540448364315 ], [ 101.693089781846908, 12.697450119600962 ], [ 101.692905775642572, 12.697451987393134 ], [ 101.692904824471881, 12.697361658615383 ], [ 101.692812821391129, 12.697362592456889 ], [ 101.692809016911227, 12.697001277311621 ], [ 101.692717013952759, 12.697002211093887 ], [ 101.69271320971967, 12.696640895910249 ], [ 101.692621206883459, 12.69664182963327 ], [ 101.692620255875909, 12.6965515008288 ], [ 101.692528253064765, 12.69655243451315 ], [ 101.692527302096934, 12.696462105701134 ], [ 101.692343296517492, 12.696463972960684 ], [ 101.692342345621782, 12.696373644134274 ], [ 101.69225034285347, 12.696374577709475 ], [ 101.692249391997478, 12.696284248875525 ], [ 101.692157389254234, 12.69628518241206 ], [ 101.692156438437976, 12.696194853570571 ], [ 101.692340443852331, 12.696192986479405 ], [ 101.69234139473339, 12.696283315307182 ], [ 101.692525400183243, 12.696281448075055 ], [ 101.692526351136422, 12.696371776888435 ], [ 101.692710356621788, 12.696369909515349 ], [ 101.692708454593145, 12.696189251915332 ], [ 101.692616451918951, 12.696190185604069 ], [ 101.692615500948023, 12.696099856796176 ], [ 101.692523498298868, 12.696100790446243 ], [ 101.692522547367673, 12.696010461630811 ], [ 101.692062534174042, 12.696015129369696 ], [ 101.692061583412155, 12.6959248005193 ], [ 101.691693572855016, 12.695928534110385 ], [ 101.691694523487314, 12.6960188629882 ], [ 101.691786526169977, 12.696017929631292 ], [ 101.691791279603336, 12.696469573975842 ], [ 101.691699276758669, 12.696470507367023 ], [ 101.691700227434922, 12.696560836240739 ], [ 101.691608224550535, 12.69656176960696 ], [ 101.691610125860194, 12.696742427366049 ], [ 101.691518122903702, 12.696743360714169 ], [ 101.691520024177848, 12.696924018484232 ], [ 101.691428021149221, 12.696924951814248 ], [ 101.691430873018177, 12.697195938484775 ], [ 101.691246866744564, 12.697197805090482 ], [ 101.691249718485011, 12.697468791795981 ], [ 101.691157715240024, 12.697469725071674 ], [ 101.691159616372133, 12.697650382885628 ], [ 101.691067613055012, 12.697651316143215 ], [ 101.691068563599643, 12.69774164505602 ], [ 101.690976560242802, 12.69774257828864 ], [ 101.690977510762352, 12.697832907207616 ], [ 101.690885507365792, 12.697833840415274 ], [ 101.690887408362059, 12.698014498264877 ], [ 101.690795404893365, 12.698015431454424 ], [ 101.690796355370082, 12.698105760385054 ], [ 101.690704351861669, 12.698106693549637 ], [ 101.690705302313305, 12.698197022486434 ], [ 101.690613298765157, 12.69819795562605 ], [ 101.690616150066759, 12.698468942452898 ], [ 101.690800157350168, 12.698467076100735 ], [ 101.690802058384122, 12.698647733954473 ], [ 101.69089406207965, 12.698646800716961 ], [ 101.690895012640027, 12.698737129635955 ], [ 101.691263027478513, 12.698733396340311 ], [ 101.691262076788533, 12.69864306744873 ], [ 101.691354080447425, 12.698642134052125 ], [ 101.691353129732363, 12.698551805166716 ], [ 101.69144513335155, 12.698550871745148 ], [ 101.691444182611392, 12.698460542865906 ], [ 101.691536186190859, 12.698459609419375 ], [ 101.691535235425619, 12.698369280546302 ], [ 101.691627238965353, 12.698368347074808 ], [ 101.69162628817503, 12.698278018207906 ], [ 101.691718291675045, 12.698277084711451 ], [ 101.691715439250828, 12.698006098127216 ], [ 101.691899446034455, 12.698004231079977 ], [ 101.691895642645491, 12.6976429156796 ], [ 101.691987645896688, 12.697641982135675 ], [ 101.691986695035368, 12.697551653290727 ], [ 101.69207869824686, 12.697550719721841 ], [ 101.692077747360443, 12.697460390883064 ], [ 101.692353756853748, 12.697457590006088 ], [ 101.692352805877462, 12.697367261187198 ], [ 101.69244480899485, 12.697366327504765 ], [ 101.692446711019556, 12.697546985128152 ], [ 101.692538714194413, 12.697546051400193 ], [ 101.692539665250166, 12.697636380204006 ], [ 101.692631668450105, 12.697635446437372 ], [ 101.692633570648354, 12.697816104029235 ], [ 101.692725573905776, 12.697815170217075 ], [ 101.692727476198144, 12.697995827792484 ], [ 101.693003486120844, 12.69799302612396 ], [ 101.693004437375222, 12.698083354890064 ], [ 101.693096440700543, 12.698082420930067 ], [ 101.693097391994655, 12.698172749688634 ], [ 101.693189395345044, 12.69817181568996 ], [ 101.693191298020068, 12.698352473191324 ], [ 101.69328330142794, 12.698351539147117 ], [ 101.693284252808837, 12.698441867889919 ], [ 101.693192249368565, 12.698442801940983 ], [ 101.693194152087557, 12.698623459438247 ], [ 101.69301014505541, 12.698625327472358 ], [ 101.693011096361076, 12.698715656233681 ], [ 101.692919092801617, 12.69871659020987 ], [ 101.692917190262406, 12.698535932672824 ], [ 101.692825186760416, 12.698536866603479 ], [ 101.692823284315324, 12.698356209049985 ], [ 101.692731280870802, 12.698357142935103 ], [ 101.692730329691656, 12.698266814150474 ], [ 101.692638326272217, 12.698267747996924 ], [ 101.692636424000696, 12.698087090411896 ], [ 101.692544420638754, 12.698088024212815 ], [ 101.692545371738447, 12.698178353012525 ], [ 101.692453368336771, 12.698179286788481 ], [ 101.692452417269479, 12.698088957981915 ], [ 101.692360413892871, 12.698089891719196 ], [ 101.692361364927763, 12.698180220532622 ], [ 101.692177358087775, 12.698182087925447 ], [ 101.692183064062107, 12.698724060873907 ], [ 101.691815049516563, 12.69872779544229 ], [ 101.691816000408295, 12.69881812429206 ], [ 101.691723996721194, 12.698819057861462 ], [ 101.691724947587858, 12.698909386717409 ], [ 101.691632943861023, 12.698910320261849 ], [ 101.691637698142159, 12.699361964565583 ], [ 101.691913709786775, 12.699359163733988 ], [ 101.69191466076218, 12.699449492572116 ], [ 101.692006664661477, 12.699448558891087 ], [ 101.69200761567663, 12.699538887721681 ], [ 101.692283627427798, 12.699536086467113 ] ], [ [ 101.692459074894373, 12.698721259613528 ], [ 101.692460026012952, 12.69881158841531 ], [ 101.692184015083484, 12.698814389696258 ], [ 101.692183064062107, 12.698724060873907 ], [ 101.692459074894373, 12.698721259613528 ] ], [ [ 101.692920044082214, 12.698806918977365 ], [ 101.692921946665393, 12.698987576510312 ], [ 101.692829943001385, 12.698988510475251 ], [ 101.692831845549065, 12.699169168019171 ], [ 101.692739841812909, 12.699170101966011 ], [ 101.692740793065326, 12.699260430743804 ], [ 101.692556785506241, 12.699262298555734 ], [ 101.692553931965392, 12.69899131217916 ], [ 101.692461928272081, 12.698992246016825 ], [ 101.692460026012952, 12.69881158841531 ], [ 101.692920044082214, 12.698806918977365 ] ], [ [ 101.692626913082648, 12.697183802445762 ], [ 101.692534910044714, 12.697184736178112 ], [ 101.692533959025596, 12.69709440737088 ], [ 101.69262596203113, 12.697093473645387 ], [ 101.692626913082648, 12.697183802445762 ] ], [ [ 101.68932714827568, 12.698391674316941 ], [ 101.689051137085514, 12.69839447224966 ], [ 101.689050187202525, 12.698304143190931 ], [ 101.688866179770628, 12.698306008306623 ], [ 101.688867129588829, 12.69839633737905 ], [ 101.688683122062869, 12.698398202381163 ], [ 101.688681222563403, 12.698217544208244 ], [ 101.688497215137801, 12.698219409055705 ], [ 101.688500064203552, 12.69849039635514 ], [ 101.688592068017215, 12.69848946392678 ], [ 101.688593017752851, 12.69857979301838 ], [ 101.68868502159161, 12.698578860551354 ], [ 101.688685971366937, 12.698669189635424 ], [ 101.688777975230778, 12.698668257129734 ], [ 101.688780824697901, 12.698939244357296 ], [ 101.688872828651654, 12.698938311799246 ], [ 101.688873778521071, 12.699028640866889 ], [ 101.68868977054143, 12.699030505964867 ], [ 101.688691670172588, 12.699211164125485 ], [ 101.68850766203407, 12.699213029123571 ], [ 101.688508611795811, 12.69930335821655 ], [ 101.688416607683166, 12.699304290674712 ], [ 101.688423255993271, 12.699936594354348 ], [ 101.688331251646474, 12.699937526828611 ], [ 101.688333151164656, 12.700118185030338 ], [ 101.688241146745725, 12.700119117486466 ], [ 101.688242096483378, 12.700209446593151 ], [ 101.688150092024713, 12.700210379024311 ], [ 101.688153890918855, 12.700571695471588 ], [ 101.688245895507166, 12.700570763013049 ], [ 101.688246845281384, 12.700661092116315 ], [ 101.688430854500865, 12.700659227090076 ], [ 101.688431804347232, 12.700749556178963 ], [ 101.688615813602269, 12.700747691011735 ], [ 101.68861676352077, 12.700838020086247 ], [ 101.688708768169718, 12.700837087448049 ], [ 101.688709718127939, 12.700927416515034 ], [ 101.688801722801998, 12.700926483838169 ], [ 101.688800772811362, 12.700836154778028 ], [ 101.688892777445687, 12.700835222076186 ], [ 101.688891827429956, 12.700744893022213 ], [ 101.688983832024533, 12.700743960295391 ], [ 101.688980981924004, 12.700472973149918 ], [ 101.689072986414047, 12.700472040411814 ], [ 101.689071086318791, 12.700291382325112 ], [ 101.689163090736699, 12.700290449568884 ], [ 101.689160240551459, 12.700019462454245 ], [ 101.689252244864832, 12.700018529686739 ], [ 101.689250344713088, 12.699837871620593 ], [ 101.689342348954327, 12.699836938834961 ], [ 101.689336648480321, 12.699294964661211 ], [ 101.689244644433529, 12.699295897405749 ], [ 101.689243694412539, 12.699205568367548 ], [ 101.689427702434003, 12.699203702860343 ], [ 101.689426752355502, 12.699113373835159 ], [ 101.689518756322855, 12.699112441040675 ], [ 101.689517806219285, 12.699022112021655 ], [ 101.689609810146905, 12.699021179202203 ], [ 101.689606009676197, 12.698659863146684 ], [ 101.689514005878195, 12.698660795938739 ], [ 101.689513055811204, 12.698570466916305 ], [ 101.689421052038298, 12.698571399669694 ], [ 101.689420102011042, 12.698481070639723 ], [ 101.689328098263218, 12.698482003354446 ], [ 101.68932714827568, 12.698391674316941 ] ], [ [ 101.689151690390844, 12.699206501073419 ], [ 101.689150740409573, 12.699116172027688 ], [ 101.689242744398882, 12.699115239328663 ], [ 101.689243694412539, 12.699205568367548 ], [ 101.689151690390844, 12.699206501073419 ] ], [ [ 101.690172287596027, 12.700009200261468 ], [ 101.690264291828882, 12.70000826714392 ], [ 101.690258589322596, 12.699466293389355 ], [ 101.690442597377469, 12.699464427141008 ], [ 101.69043784516613, 12.699012782395254 ], [ 101.690253837435321, 12.699014648575089 ], [ 101.690252887079822, 12.698924319610187 ], [ 101.690160883235848, 12.698925252645521 ], [ 101.690161833558932, 12.699015581617278 ], [ 101.690069829675224, 12.699016514627646 ], [ 101.69007077997324, 12.699106843605566 ], [ 101.689978776049799, 12.699107776590967 ], [ 101.689984477797083, 12.699649750485248 ], [ 101.689800469539378, 12.699651616442793 ], [ 101.689804270591367, 12.700012932413438 ], [ 101.689712266321905, 12.700013865371877 ], [ 101.689714166826988, 12.7001945233668 ], [ 101.689806171161266, 12.700193590394663 ], [ 101.689807121457207, 12.700283919384246 ], [ 101.689715117090515, 12.700284852363236 ], [ 101.689716067361346, 12.700375181358988 ], [ 101.689624062954934, 12.700376114313004 ], [ 101.689625013200683, 12.700466443314921 ], [ 101.689533008754537, 12.70046737624396 ], [ 101.68953395897519, 12.700557705252047 ], [ 101.689441954489325, 12.70055863815611 ], [ 101.68944385488777, 12.700739296183928 ], [ 101.689351850329757, 12.700740229069869 ], [ 101.68935565108481, 12.701101545144692 ], [ 101.689723669791533, 12.701097813300402 ], [ 101.689722719462139, 12.70100748431012 ], [ 101.689814724088109, 12.701006551276334 ], [ 101.689813773733633, 12.700916222292216 ], [ 101.689905778319869, 12.700915289233459 ], [ 101.689903877568042, 12.70073463127687 ], [ 101.689995882082144, 12.700733698199985 ], [ 101.689992080536683, 12.700372382306009 ], [ 101.690084084913821, 12.700371449224702 ], [ 101.690082184120186, 12.700190791287314 ], [ 101.690174188425189, 12.700189858187889 ], [ 101.690172287596027, 12.700009200261468 ] ], [ [ 101.687054582126422, 12.701034528446197 ], [ 101.687053632744281, 12.700944199256687 ], [ 101.687145637549975, 12.700943267152658 ], [ 101.687143738742819, 12.700762608785279 ], [ 101.68705173400194, 12.700763540875618 ], [ 101.687046037950367, 12.700221565716019 ], [ 101.686862028835606, 12.700223429719122 ], [ 101.686860130339866, 12.700042771299751 ], [ 101.686768125836352, 12.700043703239885 ], [ 101.686767176631847, 12.69995337402233 ], [ 101.686675172153414, 12.699954305923798 ], [ 101.686674222988657, 12.699863976698724 ], [ 101.686582218535321, 12.699864908561523 ], [ 101.686581269410269, 12.699774579328924 ], [ 101.686397260546485, 12.699776442945382 ], [ 101.686396311493567, 12.699686113698416 ], [ 101.68630430708312, 12.699687045452071 ], [ 101.686305256103637, 12.699777374705882 ], [ 101.68621325165347, 12.699778306434556 ], [ 101.686214200648891, 12.699868635694523 ], [ 101.686122196159019, 12.699869567398219 ], [ 101.686123145129329, 12.699959896664346 ], [ 101.686031140599738, 12.699960828343059 ], [ 101.686032089544952, 12.700051157615341 ], [ 101.685940084975641, 12.70005208926907 ], [ 101.685941982823181, 12.700232747825265 ], [ 101.685849978181736, 12.700233679460855 ], [ 101.685850927084076, 12.700324008744765 ], [ 101.685758922402911, 12.700324940355374 ], [ 101.685757973533001, 12.700234611064619 ], [ 101.685665968876933, 12.700235542636566 ], [ 101.685666917714428, 12.700325871934156 ], [ 101.685390903605196, 12.700328666479566 ], [ 101.685395647416172, 12.700780313059854 ], [ 101.685487652288629, 12.700779381542347 ], [ 101.685489549928988, 12.700960040156003 ], [ 101.685581554858942, 12.70095910859299 ], [ 101.6855825037225, 12.701049437891955 ], [ 101.685674508677565, 12.701048506290283 ], [ 101.685675457580842, 12.701138835581723 ], [ 101.685767462560989, 12.701137903941383 ], [ 101.685769360454302, 12.701318562508536 ], [ 101.685861365491988, 12.701317630822695 ], [ 101.685862314481994, 12.701407960098408 ], [ 101.685954319544791, 12.701407028373898 ], [ 101.68595621761159, 12.701587686909591 ], [ 101.686048222731884, 12.701586755139576 ], [ 101.686050120892745, 12.701767413658857 ], [ 101.686142126070564, 12.701766481843336 ], [ 101.686143075194366, 12.701856811095109 ], [ 101.686419090781229, 12.701854015437064 ], [ 101.68641719234644, 12.701673356973876 ], [ 101.686509197462627, 12.70167242503789 ], [ 101.686508248223774, 12.701582095812112 ], [ 101.686600253300227, 12.701581163851142 ], [ 101.686599304036278, 12.701490834631525 ], [ 101.68650729899224, 12.701491766585654 ], [ 101.68650445134152, 12.701220778902169 ], [ 101.686964476002387, 12.701216118915889 ], [ 101.686962577280994, 12.701035460525244 ], [ 101.687054582126422, 12.701034528446197 ] ], [ [ 101.689277899777906, 12.702457413312112 ], [ 101.6891858945894, 12.702458346264526 ], [ 101.689183043877321, 12.702187359199103 ], [ 101.689367054052497, 12.702185493303542 ], [ 101.689363252946194, 12.70182417726153 ], [ 101.689455257893144, 12.701823244293404 ], [ 101.689453357319067, 12.701642586281993 ], [ 101.689361352436933, 12.701643519236422 ], [ 101.689357551506262, 12.701282203178003 ], [ 101.689265546746469, 12.701283136073211 ], [ 101.689267447132337, 12.701463794117487 ], [ 101.68908343746115, 12.701465659839819 ], [ 101.689086287900366, 12.701736646942194 ], [ 101.688994282956557, 12.701737579776163 ], [ 101.688999983838102, 12.702279554003542 ], [ 101.688907978692484, 12.702280486846773 ], [ 101.688909878980041, 12.702461144930789 ], [ 101.688817873762275, 12.702462077755889 ], [ 101.688818823884603, 12.702552406803722 ], [ 101.688726818627117, 12.702553339603838 ], [ 101.688730619059939, 12.702914655815718 ], [ 101.688638613665475, 12.702915588611393 ], [ 101.688639563759551, 12.703005917669504 ], [ 101.688547558325354, 12.703006850440199 ], [ 101.688551358645171, 12.703368166693179 ], [ 101.688643364209028, 12.703367233895101 ], [ 101.688644314339697, 12.703457562949788 ], [ 101.68873631992868, 12.703456630113029 ], [ 101.688737270099068, 12.703546959160189 ], [ 101.688829275713147, 12.703546026284748 ], [ 101.688831176140724, 12.703726684363323 ], [ 101.688739170461815, 12.703727617252454 ], [ 101.688742971275076, 12.704088933428785 ], [ 101.689110994465551, 12.704085201571706 ], [ 101.689111944816844, 12.704175530586692 ], [ 101.689203950628581, 12.704174597535991 ], [ 101.689199198783214, 12.70372295248848 ], [ 101.68910719313358, 12.703723885504941 ], [ 101.689106242818866, 12.703633556486537 ], [ 101.689198248436099, 12.703632623476929 ], [ 101.689195397438638, 12.703361636438165 ], [ 101.689287402951294, 12.703360703417271 ], [ 101.689285502258073, 12.703180045401709 ], [ 101.689193496810248, 12.703180978408907 ], [ 101.689189695641289, 12.702819662342186 ], [ 101.689281700959455, 12.702818729362381 ], [ 101.689277899777906, 12.702457413312112 ] ], [ [ 101.691447286049197, 12.707494361505821 ], [ 101.691539292877621, 12.707493427405707 ], [ 101.691537389954576, 12.707312769781923 ], [ 101.691629396710809, 12.707311835663674 ], [ 101.691625590822881, 12.706950520435326 ], [ 101.691533584196335, 12.706951454526155 ], [ 101.691532632775079, 12.706861125710503 ], [ 101.691348619564891, 12.70686299378294 ], [ 101.691347668215812, 12.706772664952894 ], [ 101.690979641837259, 12.706776400688279 ], [ 101.690981544283304, 12.706957058402509 ], [ 101.6908895376055, 12.706957992270461 ], [ 101.690890488807071, 12.707048321133406 ], [ 101.690798482089519, 12.70704925497637 ], [ 101.690801335640899, 12.707320241581655 ], [ 101.690709328818741, 12.707321175413337 ], [ 101.690712182338743, 12.707592162033022 ], [ 101.690620175411979, 12.707593095853422 ], [ 101.690623028900589, 12.707864082487507 ], [ 101.690531021869205, 12.707865016296621 ], [ 101.690534826493447, 12.708226331826566 ], [ 101.690626833654562, 12.708225397990047 ], [ 101.690627784861363, 12.708315726863971 ], [ 101.690811799226466, 12.708313859081693 ], [ 101.690812750505458, 12.70840418794123 ], [ 101.690904757709461, 12.708403253995474 ], [ 101.690903806398026, 12.708312925142792 ], [ 101.691087820719204, 12.708311057169455 ], [ 101.691086869350244, 12.708220728329794 ], [ 101.691178876467418, 12.708219794302215 ], [ 101.691176973686609, 12.708039136634547 ], [ 101.691268980731593, 12.708038202588829 ], [ 101.691265175128152, 12.707676887272699 ], [ 101.691357182036072, 12.707675953222557 ], [ 101.691356230621096, 12.70758562439867 ], [ 101.691448237489283, 12.707584690323539 ], [ 101.691447286049197, 12.707494361505821 ] ], [ [ 101.696797970568497, 12.708795057291109 ], [ 101.696797017144803, 12.708704728880905 ], [ 101.696705010280226, 12.708705664892088 ], [ 101.696704056896294, 12.708615336474329 ], [ 101.696612050056814, 12.708616272446802 ], [ 101.696611096712658, 12.708525944021494 ], [ 101.696427083076557, 12.708527815857174 ], [ 101.696426129804593, 12.708437487417445 ], [ 101.696334123007972, 12.708438423280654 ], [ 101.696333169775784, 12.708348094833376 ], [ 101.696241163004245, 12.708349030657875 ], [ 101.696240209811819, 12.708258702203045 ], [ 101.696056196311602, 12.708260573742784 ], [ 101.696054290078493, 12.708079916803605 ], [ 101.695870276678647, 12.708081788188514 ], [ 101.695869323637964, 12.707991459704168 ], [ 101.695777316959465, 12.707992395341995 ], [ 101.695776363958544, 12.707902066850101 ], [ 101.69559235064439, 12.707903938016491 ], [ 101.695591397715674, 12.707813609510184 ], [ 101.695407384437047, 12.707815480535478 ], [ 101.695406431580508, 12.707725152014758 ], [ 101.695314424962632, 12.707726087472782 ], [ 101.695313472145855, 12.707635758944509 ], [ 101.695221465553061, 12.707636694363826 ], [ 101.695220512776061, 12.707546365828009 ], [ 101.695036499633332, 12.707548236557392 ], [ 101.695035546928523, 12.707457908007168 ], [ 101.694943540378588, 12.707458843317234 ], [ 101.694942587713527, 12.707368514759457 ], [ 101.694850581188689, 12.707369450030821 ], [ 101.694849628563404, 12.707279121465493 ], [ 101.694757622063648, 12.707280056698158 ], [ 101.694756669478124, 12.707189728125284 ], [ 101.694664663003479, 12.707190663319244 ], [ 101.694663710457704, 12.707100334738827 ], [ 101.694571704008155, 12.707101269894086 ], [ 101.694570751502141, 12.707010941306121 ], [ 101.694478745077674, 12.70701187642268 ], [ 101.694477792611437, 12.706921547827166 ], [ 101.694385786212067, 12.70692248290502 ], [ 101.694384833785563, 12.706832154301965 ], [ 101.694108814640771, 12.706834959323904 ], [ 101.694107862318887, 12.706744630699584 ], [ 101.694015855955058, 12.706745565636361 ], [ 101.694014903672922, 12.706655237004494 ], [ 101.693738884634712, 12.706658041603205 ], [ 101.693737932457196, 12.706567712950072 ], [ 101.693461913450292, 12.706570517241657 ], [ 101.693460961377383, 12.70648018856726 ], [ 101.69309293606193, 12.706483927149534 ], [ 101.69309198412607, 12.706393598447017 ], [ 101.69290797148922, 12.706395467533408 ], [ 101.692907019625522, 12.706305138816496 ], [ 101.692631000712581, 12.706307942186724 ], [ 101.692630048953504, 12.706217613448555 ], [ 101.692354030071883, 12.706220416511671 ], [ 101.692353078417398, 12.706130087752246 ], [ 101.692077059567126, 12.706132890508254 ], [ 101.692076108017233, 12.706042561727578 ], [ 101.691892095478607, 12.706044430058688 ], [ 101.691891144000905, 12.705954101263616 ], [ 101.691431112688264, 12.705958771499962 ], [ 101.691432064003834, 12.706049100329308 ], [ 101.691340057686915, 12.706050034287919 ], [ 101.691344814212556, 12.706501678458659 ], [ 101.691528827163339, 12.706499810441056 ], [ 101.691529778555278, 12.706590139259443 ], [ 101.69171379154163, 12.706588271100777 ], [ 101.691714743005761, 12.706678599904773 ], [ 101.691898756027655, 12.706676731605045 ], [ 101.691899707563948, 12.706767060394643 ], [ 101.69217572713913, 12.706764257685689 ], [ 101.692176678780044, 12.706854586454039 ], [ 101.692268685322873, 12.706853652147188 ], [ 101.692269637003548, 12.706943980907996 ], [ 101.692453650132094, 12.706942112185063 ], [ 101.692454601884947, 12.70703244093148 ], [ 101.692638615049049, 12.70703057206747 ], [ 101.692639566874064, 12.707120900799486 ], [ 101.692823580073707, 12.707119031794404 ], [ 101.692824531970913, 12.707209360512019 ], [ 101.693008545206112, 12.707207491365864 ], [ 101.69300949717551, 12.70729782006908 ], [ 101.69319351044625, 12.707295950781846 ], [ 101.693194462487824, 12.707386279470665 ], [ 101.69328646914461, 12.707385344772426 ], [ 101.693287421225961, 12.7074756734537 ], [ 101.69347143458242, 12.707473803947991 ], [ 101.693472386735962, 12.707564132614859 ], [ 101.693564393435622, 12.707563197807383 ], [ 101.693565345628912, 12.707653526466709 ], [ 101.693933372484011, 12.707649786890954 ], [ 101.69393432481435, 12.707740115522157 ], [ 101.694026331542219, 12.707739180541758 ], [ 101.694027283912305, 12.707829509165418 ], [ 101.694119290665284, 12.70782857414631 ], [ 101.694120243075147, 12.707918902762424 ], [ 101.694304256623951, 12.707917032614969 ], [ 101.694305209105991, 12.708007361216675 ], [ 101.694489222690351, 12.708005490928127 ], [ 101.694490175244582, 12.708095819515426 ], [ 101.694674188864454, 12.708093949085789 ], [ 101.69467514149089, 12.708184277658679 ], [ 101.694859155146304, 12.708182407087946 ], [ 101.694860107844931, 12.70827273564643 ], [ 101.694952114694075, 12.708271800306436 ], [ 101.694953067432451, 12.708362128857368 ], [ 101.695229088033145, 12.708359322625743 ], [ 101.695230040876154, 12.7084496511554 ], [ 101.695322047760826, 12.708448715674308 ], [ 101.695323000643612, 12.708539044196424 ], [ 101.695599021350873, 12.708536237541495 ], [ 101.695599974338279, 12.70862656604233 ], [ 101.695691981258477, 12.708625630420135 ], [ 101.695692934285645, 12.708715958913423 ], [ 101.695968955099488, 12.708713151835184 ], [ 101.695969908231291, 12.708803480307187 ], [ 101.696061915187002, 12.708802544543888 ], [ 101.696062868358581, 12.708892873008343 ], [ 101.696246882312835, 12.70889100137248 ], [ 101.696247835556619, 12.708981329822519 ], [ 101.696523856530291, 12.708978522109293 ], [ 101.696524809878696, 12.709068850538047 ], [ 101.69670882388931, 12.709066978556274 ], [ 101.696709777309934, 12.709157306970605 ], [ 101.696893791356061, 12.70915543484772 ], [ 101.69689474484889, 12.709245763247635 ], [ 101.697078758930516, 12.709243890983632 ], [ 101.697079712495551, 12.709334219369129 ], [ 101.697171719557801, 12.709333283182492 ], [ 101.697170765960337, 12.709242954803861 ], [ 101.69726277298281, 12.709242018592247 ], [ 101.69726181936025, 12.709151690219805 ], [ 101.69716981237022, 12.709152626424549 ], [ 101.697167905211984, 12.708971969663878 ], [ 101.696983891339627, 12.70897384195036 ], [ 101.696982937836381, 12.708883513555261 ], [ 101.696890930921626, 12.708884449643865 ], [ 101.696889977458156, 12.708794121241215 ], [ 101.696797970568497, 12.708795057291109 ] ], [ [ 101.685741898970306, 12.707461884284132 ], [ 101.685740949555466, 12.70737155504054 ], [ 101.685832956772657, 12.707370622928266 ], [ 101.685831057900046, 12.707189964452713 ], [ 101.685923065045074, 12.707189032322278 ], [ 101.685920216693688, 12.706918044624331 ], [ 101.685828209645933, 12.706918976734242 ], [ 101.685827260242519, 12.706828647493387 ], [ 101.685735253219903, 12.706829579564619 ], [ 101.685734303856222, 12.706739250316241 ], [ 101.685642296858717, 12.706740182348794 ], [ 101.685641347534769, 12.706649853092889 ], [ 101.685549340562389, 12.706650785086763 ], [ 101.685548391278175, 12.706560455823338 ], [ 101.685456384330919, 12.706561387778532 ], [ 101.685455435086453, 12.706471058507585 ], [ 101.685363428164294, 12.706471990424104 ], [ 101.685362478959561, 12.706381661145633 ], [ 101.685178465158216, 12.706383524869471 ], [ 101.685177516025618, 12.70629319557664 ], [ 101.685085509146418, 12.706294127383964 ], [ 101.685084560053568, 12.706203798083612 ], [ 101.684992553199478, 12.706204729852258 ], [ 101.684991604146362, 12.706114400544385 ], [ 101.684899597317383, 12.706115332274356 ], [ 101.684898648303999, 12.706025002958956 ], [ 101.684806641500145, 12.706025934650254 ], [ 101.684805692526496, 12.705935605327339 ], [ 101.684713685747766, 12.70593653697996 ], [ 101.684712736813836, 12.705846207649524 ], [ 101.684620730060232, 12.705847139263467 ], [ 101.684619781166035, 12.705756809925512 ], [ 101.684435767701743, 12.705758673044219 ], [ 101.684434818879723, 12.705668343691903 ], [ 101.684250805451057, 12.705670206669589 ], [ 101.684249856701172, 12.70557987730292 ], [ 101.683973836600686, 12.705582671510165 ], [ 101.683972887955377, 12.705492342122305 ], [ 101.683880881273026, 12.705493273454213 ], [ 101.683879932667452, 12.705402944058832 ], [ 101.683695919345681, 12.705404806613467 ], [ 101.683694022286147, 12.705224147793318 ], [ 101.683602015679156, 12.705225079009212 ], [ 101.683599170241877, 12.704954090753368 ], [ 101.683691176751594, 12.704953159557975 ], [ 101.683689279765062, 12.704772500731 ], [ 101.683781286202645, 12.704771569517444 ], [ 101.683780337687907, 12.70468124010976 ], [ 101.683872344085756, 12.704680308871204 ], [ 101.683871395545921, 12.704589979469675 ], [ 101.683963401904037, 12.704589048206119 ], [ 101.683961504781408, 12.704408389414681 ], [ 101.684053511067376, 12.704407458132961 ], [ 101.684052562484595, 12.70431712874305 ], [ 101.684144568730844, 12.704316197436333 ], [ 101.684143620122939, 12.704225868052573 ], [ 101.684235626329468, 12.704224936720856 ], [ 101.684234677696452, 12.704134607343255 ], [ 101.684418690022753, 12.70413274459799 ], [ 101.684415843973014, 12.703861756502091 ], [ 101.684047819680245, 12.703865481783252 ], [ 101.684046871141291, 12.703775152389241 ], [ 101.683862859015932, 12.703777014825157 ], [ 101.683861910549112, 12.703686685416793 ], [ 101.683677898459379, 12.70368854771171 ], [ 101.683676950064708, 12.703598218288995 ], [ 101.6835849440413, 12.703599149381873 ], [ 101.683583047338701, 12.703418490520722 ], [ 101.68339903539966, 12.703420352583645 ], [ 101.683399983682477, 12.703510682028229 ], [ 101.683123965621888, 12.703513474904378 ], [ 101.683124913814751, 12.703603804368777 ], [ 101.683032907747545, 12.703604735270666 ], [ 101.683033855915284, 12.703695064741217 ], [ 101.682941849808344, 12.703695995618105 ], [ 101.682942797950972, 12.703786325094804 ], [ 101.682850791804313, 12.703787255946692 ], [ 101.68285173992183, 12.70387758542954 ], [ 101.682759733735452, 12.703878516256426 ], [ 101.68276068182783, 12.703968845745424 ], [ 101.682576669368345, 12.703970707317362 ], [ 101.682577617403197, 12.70406103681934 ], [ 101.682117585964633, 12.704065690226269 ], [ 101.682119481732002, 12.704246349296485 ], [ 101.681567443375855, 12.704251932416261 ], [ 101.681568391075956, 12.704342261991322 ], [ 101.681384378167351, 12.704344122790236 ], [ 101.681385325809913, 12.704434452378269 ], [ 101.681293319312246, 12.704435382736802 ], [ 101.681296162186442, 12.704706371517293 ], [ 101.681388168781382, 12.704705441138273 ], [ 101.681389116453133, 12.704795770723576 ], [ 101.68175714288958, 12.704792048861833 ], [ 101.68176093416831, 12.70515336708694 ], [ 101.681668927440455, 12.705154297627443 ], [ 101.681669875245944, 12.705244627188842 ], [ 101.681761882006242, 12.705243696641507 ], [ 101.681762829851451, 12.705334026195393 ], [ 101.681854836636873, 12.70533309560939 ], [ 101.681863367864082, 12.706146061502137 ], [ 101.681771360786854, 12.706146992149606 ], [ 101.681772308705035, 12.706237321696655 ], [ 101.681680301588088, 12.706238252319116 ], [ 101.68168409320414, 12.706599570527802 ], [ 101.681776100450804, 12.706598639878026 ], [ 101.681780840297222, 12.707050287589359 ], [ 101.681872847698727, 12.707049356873597 ], [ 101.681873795722325, 12.707139686406984 ], [ 101.681965803148984, 12.707138755652549 ], [ 101.681966751212315, 12.707229085178421 ], [ 101.682058758664084, 12.707228154385314 ], [ 101.682057810568324, 12.707137824866274 ], [ 101.682425840172726, 12.707134101402755 ], [ 101.682424891954554, 12.707043771910351 ], [ 101.682608906648099, 12.707041910001211 ], [ 101.682607958372358, 12.706951580521784 ], [ 101.68297598754215, 12.706947856348741 ], [ 101.682975039143997, 12.706857526895964 ], [ 101.683343068067259, 12.706853802240804 ], [ 101.683342119546694, 12.706763472814675 ], [ 101.683434126726823, 12.706762541578117 ], [ 101.683433178181133, 12.706672212158134 ], [ 101.683525185321542, 12.706671280896572 ], [ 101.683523288187217, 12.70649062206823 ], [ 101.683707302316407, 12.706488759476922 ], [ 101.683708250944761, 12.706579088877765 ], [ 101.683800258030828, 12.706578157527519 ], [ 101.683801206698917, 12.706668486920847 ], [ 101.683985220913996, 12.706666624111161 ], [ 101.683987118401802, 12.706847282868425 ], [ 101.683895111233056, 12.706848214302857 ], [ 101.68390080367719, 12.707390190599254 ], [ 101.683808796306579, 12.707391122042853 ], [ 101.683807847580056, 12.707300792654996 ], [ 101.683715840234569, 12.707301724059919 ], [ 101.683713942868295, 12.707121065268485 ], [ 101.683621935580362, 12.707121996627897 ], [ 101.68362098694061, 12.707031667224316 ], [ 101.683068943254213, 12.707037254671141 ], [ 101.68306989169939, 12.707127584115725 ], [ 101.682977884360341, 12.707128515252251 ], [ 101.682978832780393, 12.707218844702981 ], [ 101.682794818015523, 12.707220706894176 ], [ 101.682795766378021, 12.707311036357885 ], [ 101.682703758952215, 12.707311967412553 ], [ 101.682702810622146, 12.707221637942014 ], [ 101.682334780975623, 12.707225361814947 ], [ 101.682335729175975, 12.707315691312813 ], [ 101.682151714244057, 12.707317553071896 ], [ 101.682152662386841, 12.707407882582741 ], [ 101.682060654877489, 12.707408813421349 ], [ 101.682061602995162, 12.707499142938344 ], [ 101.681969595446091, 12.707500073751941 ], [ 101.681971491638436, 12.707680732797535 ], [ 101.682063499252351, 12.707679801970276 ], [ 101.68206634369291, 12.707950790513056 ], [ 101.682158351396836, 12.707949859633462 ], [ 101.682161196000365, 12.708220848149596 ], [ 101.682253203794289, 12.70821991721767 ], [ 101.682255100297994, 12.708400576211346 ], [ 101.682347108149472, 12.708399645233913 ], [ 101.682349953057084, 12.708670633698809 ], [ 101.68244196099856, 12.708669702669038 ], [ 101.68244290934814, 12.708760032149137 ], [ 101.682534917314754, 12.708759101080691 ], [ 101.682537762504552, 12.709030089496393 ], [ 101.682629770561178, 12.709029158375607 ], [ 101.682630719004806, 12.709119487839311 ], [ 101.682722727086571, 12.709118556679845 ], [ 101.682724624060612, 12.709299215591535 ], [ 101.68281663219993, 12.709298284386563 ], [ 101.68281758073033, 12.70938861383455 ], [ 101.68327762147959, 12.70938395729781 ], [ 101.683278570179468, 12.70947428671095 ], [ 101.683554594638693, 12.709471492386244 ], [ 101.683555543443191, 12.709561821778202 ], [ 101.683463535264991, 12.709562753258449 ], [ 101.68346448404435, 12.709653082656557 ], [ 101.683280467601151, 12.709654945535178 ], [ 101.683283313788422, 12.709925933766392 ], [ 101.68346733042624, 12.709924070846766 ], [ 101.683470176873868, 12.710195059030825 ], [ 101.683562185279129, 12.710194127502739 ], [ 101.683563134142048, 12.710284456889219 ], [ 101.683655142572448, 12.710283525322451 ], [ 101.683657040385057, 12.710464184079701 ], [ 101.68374904887304, 12.710463252467409 ], [ 101.683750946779753, 12.710643911208258 ], [ 101.683842955325289, 12.71064297955045 ], [ 101.683845802337444, 12.710913967636085 ], [ 101.683937810973006, 12.710913035925921 ], [ 101.683938760024091, 12.711003365279597 ], [ 101.684030768684792, 12.71100243353075 ], [ 101.684032666873776, 12.711183092222379 ], [ 101.684124675592059, 12.711182160428008 ], [ 101.684126573875147, 12.711362819103231 ], [ 101.684218582650985, 12.711361887263337 ], [ 101.684221430227709, 12.71163287525054 ], [ 101.684313439093586, 12.711631943358283 ], [ 101.684314388332879, 12.711722272679147 ], [ 101.684406397223881, 12.711721340748204 ], [ 101.684408295789268, 12.711901999374208 ], [ 101.684500304737838, 12.711901067397742 ], [ 101.684501254063946, 12.711991396702878 ], [ 101.684593263037655, 12.711990464687721 ], [ 101.684596111157092, 12.712261452578522 ], [ 101.684688120220827, 12.712260520511 ], [ 101.684689069641053, 12.71235084979973 ], [ 101.684781078729912, 12.712349917693519 ], [ 101.684782977657136, 12.712530576255251 ], [ 101.684874986803578, 12.712529644103508 ], [ 101.68487593631059, 12.712619973376512 ], [ 101.684967945482171, 12.712619041186075 ], [ 101.684969844583009, 12.712799699716355 ], [ 101.685061853812172, 12.71279876748039 ], [ 101.685062803405998, 12.712889096737666 ], [ 101.685154812660301, 12.712888164463006 ], [ 101.685155762293888, 12.712978493712757 ], [ 101.685339780845467, 12.712976629054195 ], [ 101.685338831147007, 12.71288629981812 ], [ 101.68561485882222, 12.712883502611872 ], [ 101.685613909033734, 12.712793173395628 ], [ 101.68598194570194, 12.712789443368683 ], [ 101.685980045887348, 12.712608784988863 ], [ 101.686256073117093, 12.712605987175214 ], [ 101.686255123123416, 12.712515658004801 ], [ 101.686347132152932, 12.712514725343386 ], [ 101.686345232122648, 12.71233406701419 ], [ 101.686437241079972, 12.712333134334601 ], [ 101.68643629104335, 12.712242805175817 ], [ 101.686528299960912, 12.712241872471216 ], [ 101.686529250029963, 12.712332201623157 ], [ 101.686621258972664, 12.71233126887986 ], [ 101.686622209081477, 12.712421598024275 ], [ 101.686898235963028, 12.712418799582734 ], [ 101.686897285756885, 12.712328470458845 ], [ 101.68698929467034, 12.712327537588131 ], [ 101.686988344439058, 12.712237208470402 ], [ 101.687080353312751, 12.712236275574679 ], [ 101.687079403056345, 12.712145946463108 ], [ 101.68717141189029, 12.712145013542374 ], [ 101.68717236217914, 12.7122353426471 ], [ 101.687448388734396, 12.712232543673244 ], [ 101.687447438348229, 12.712142214589051 ], [ 101.687631455950282, 12.712140348460897 ], [ 101.687630505506519, 12.712050019389704 ], [ 101.687998540493098, 12.712046286778541 ], [ 101.687997589926894, 12.711955957734048 ], [ 101.688089598622824, 12.71195502450847 ], [ 101.688088648031481, 12.711864695470139 ], [ 101.688272665336484, 12.711862828937115 ], [ 101.688271714687588, 12.711772499911786 ], [ 101.688363723296675, 12.711771566604343 ], [ 101.688359920644501, 12.711410250523587 ], [ 101.688267912165173, 12.711411183803643 ], [ 101.688266961552856, 12.7113208547749 ], [ 101.688174953098667, 12.71132178801626 ], [ 101.688172101402941, 12.711050800905383 ], [ 101.688080093038749, 12.711051734094356 ], [ 101.688075340521024, 12.710600088861648 ], [ 101.688167348723042, 12.710599155706905 ], [ 101.688166398209006, 12.710508826665157 ], [ 101.688258406371247, 12.71050789348541 ], [ 101.688257455832101, 12.710417564449825 ], [ 101.688993520607184, 12.710410097920052 ], [ 101.688992569815852, 12.710319768938559 ], [ 101.689268593888471, 12.710316968484934 ], [ 101.689267643007128, 12.710226639523299 ], [ 101.689543666916578, 12.710223838803586 ], [ 101.689542715945237, 12.710133509861818 ], [ 101.689634723867982, 12.710132576231731 ], [ 101.689632821882427, 12.70995191835984 ], [ 101.689448806159376, 12.709953785560765 ], [ 101.689447855242435, 12.709863456610094 ], [ 101.689355847402382, 12.709864390155936 ], [ 101.689354896525202, 12.709774061197734 ], [ 101.689262888710246, 12.709774994704878 ], [ 101.689261937872828, 12.709684665739145 ], [ 101.689169930082997, 12.709685599207592 ], [ 101.689168979285327, 12.709595270234328 ], [ 101.689076971520606, 12.709596203664079 ], [ 101.689073168532857, 12.70923488773677 ], [ 101.688981160890563, 12.709235821107285 ], [ 101.688980210194345, 12.709145492116905 ], [ 101.688888202577161, 12.709146425448729 ], [ 101.688887251920704, 12.70905609645081 ], [ 101.689255282215782, 12.709052362959838 ], [ 101.689254331436914, 12.708962033988628 ], [ 101.68934633895995, 12.708961100543123 ], [ 101.689345388155971, 12.708870771578081 ], [ 101.68943739563926, 12.708869838107576 ], [ 101.689435493988356, 12.708689180189133 ], [ 101.689527501399468, 12.708688246700483 ], [ 101.689525599712994, 12.708507588793006 ], [ 101.689617607051915, 12.708506655286211 ], [ 101.689614754479777, 12.708235668440413 ], [ 101.689706761714092, 12.708234734922323 ], [ 101.689705810838916, 12.708144405979203 ], [ 101.689797818033483, 12.70814347243612 ], [ 101.689795916240243, 12.707962814561531 ], [ 101.689887923362619, 12.707961881000307 ], [ 101.689886972444555, 12.707871552068838 ], [ 101.689978979527183, 12.707870618482621 ], [ 101.689977077648138, 12.707689960631326 ], [ 101.690069084658589, 12.707689027026969 ], [ 101.69006718274396, 12.707508369186645 ], [ 101.690159189682234, 12.707507435564144 ], [ 101.690157287732035, 12.707326777734783 ], [ 101.690249294598118, 12.707325844094143 ], [ 101.690247392612349, 12.707145186275753 ], [ 101.690339399406255, 12.707144252616976 ], [ 101.690337497384917, 12.706963594809549 ], [ 101.690429504106646, 12.706962661132634 ], [ 101.690427602049738, 12.706782003336176 ], [ 101.69051960869929, 12.706781069641124 ], [ 101.690517706606798, 12.706600411855632 ], [ 101.690609713184188, 12.706599478142447 ], [ 101.690608762116511, 12.706509149255526 ], [ 101.690700768654139, 12.706508215517353 ], [ 101.69069791539772, 12.706237228873047 ], [ 101.690881928256488, 12.7062353613423 ], [ 101.690880025992456, 12.706054703603419 ], [ 101.690972032345982, 12.706053769803994 ], [ 101.690969178907594, 12.705782783211104 ], [ 101.690785166387741, 12.705784650737 ], [ 101.690786117461684, 12.705874979615688 ], [ 101.690694111158351, 12.705875913337733 ], [ 101.690695062207226, 12.705966242222587 ], [ 101.690603055864145, 12.705967175919648 ], [ 101.690604957918964, 12.706147833701008 ], [ 101.69051295150372, 12.706148767379936 ], [ 101.690513902509693, 12.706239096276446 ], [ 101.690421896054701, 12.706240029930385 ], [ 101.690423798023758, 12.706420687735053 ], [ 101.69033179149659, 12.706421621370859 ], [ 101.69033274245966, 12.706511950279015 ], [ 101.690240735892758, 12.706512883889836 ], [ 101.690242637776038, 12.706693541717806 ], [ 101.69015063113693, 12.706694475310487 ], [ 101.69015158205714, 12.706784804230296 ], [ 101.690059575378299, 12.706785737797986 ], [ 101.690062428085511, 12.707056724573865 ], [ 101.689970421302064, 12.707057658130271 ], [ 101.68997137218669, 12.707147987061045 ], [ 101.689879365363495, 12.707148920592461 ], [ 101.689880316223011, 12.707239249529398 ], [ 101.689788309360068, 12.707240183035823 ], [ 101.689789260194473, 12.707330511978933 ], [ 101.689697253291783, 12.707331445460371 ], [ 101.689699154917705, 12.707512103358232 ], [ 101.689607147942823, 12.707513036821526 ], [ 101.689608098734325, 12.707603365776279 ], [ 101.689516091719724, 12.707604299214582 ], [ 101.689517993259813, 12.707784957135738 ], [ 101.689241971977481, 12.707787757300688 ], [ 101.689242922661222, 12.707878086280788 ], [ 101.689058908371564, 12.707879952911908 ], [ 101.689059858997751, 12.707970281905018 ], [ 101.688967851809508, 12.707971215179663 ], [ 101.688968802410585, 12.708061544178936 ], [ 101.688876795182594, 12.708062477428589 ], [ 101.688877745758575, 12.708152806434029 ], [ 101.688785738490836, 12.708153739658684 ], [ 101.688786689041677, 12.708244068670286 ], [ 101.688694681734205, 12.708245001869944 ], [ 101.688695632259936, 12.70833533088771 ], [ 101.688603624912702, 12.708336264062373 ], [ 101.688604575413336, 12.708426593086303 ], [ 101.68851256802634, 12.708427526235967 ], [ 101.68851351850185, 12.708517855266063 ], [ 101.68842151107512, 12.70851878839073 ], [ 101.688423411983223, 12.708699446462555 ], [ 101.688239396978091, 12.708701312643749 ], [ 101.68824034737824, 12.708791641692327 ], [ 101.688148339832267, 12.708792574742002 ], [ 101.688149290207321, 12.708882903796743 ], [ 101.687781259820525, 12.708886635704372 ], [ 101.687782210073152, 12.708976964785816 ], [ 101.687598194770999, 12.708978830562247 ], [ 101.687599144966057, 12.709069159656694 ], [ 101.687231114144268, 12.709072890854793 ], [ 101.687232064216914, 12.709163219975931 ], [ 101.687048048697292, 12.709165085397597 ], [ 101.687048998712385, 12.709255414531736 ], [ 101.686864983098616, 12.709257279839703 ], [ 101.686865933056154, 12.709347608986842 ], [ 101.686681917348281, 12.709349474181108 ], [ 101.686682867248265, 12.709439803341255 ], [ 101.6864068435343, 12.709442600914331 ], [ 101.686407793344287, 12.709532930094314 ], [ 101.686039761493603, 12.70953665977326 ], [ 101.686040711181164, 12.709626988979924 ], [ 101.685948703167767, 12.709627921326886 ], [ 101.685949652830203, 12.709718250539703 ], [ 101.685857644777087, 12.709719182861656 ], [ 101.685858594414384, 12.709809512080632 ], [ 101.68576658632152, 12.709810444377579 ], [ 101.685771334455481, 12.7102620904964 ], [ 101.685863342710533, 12.710261158165256 ], [ 101.685865242080155, 12.710441816594322 ], [ 101.685957250392789, 12.710440884217645 ], [ 101.685958200120993, 12.710531213424309 ], [ 101.686050208458752, 12.710530281008946 ], [ 101.686051158226704, 12.710620610208087 ], [ 101.686143166589574, 12.710619677754032 ], [ 101.686144116397287, 12.710710006945652 ], [ 101.686236124785296, 12.710709074452907 ], [ 101.686238974349607, 12.710980062003131 ], [ 101.686422991298315, 12.710978196881046 ], [ 101.68642489117417, 12.711158855217075 ], [ 101.686608908223391, 12.711156989940225 ], [ 101.686610808258251, 12.711337648246149 ], [ 101.686702816836771, 12.711336715546263 ], [ 101.68670566704121, 12.711607702979501 ], [ 101.686153614876432, 12.711613298824206 ], [ 101.686151715122136, 12.711432640453964 ], [ 101.686059706467304, 12.711433572969586 ], [ 101.686057806807113, 12.711252914582928 ], [ 101.68596579820985, 12.711253847053015 ], [ 101.685964848423154, 12.711163517851821 ], [ 101.685872839851015, 12.711164450283217 ], [ 101.685871890104082, 12.711074121074498 ], [ 101.685779881557082, 12.711075053467201 ], [ 101.685777982150015, 12.710894395034032 ], [ 101.685685973660583, 12.710895327381207 ], [ 101.685685024000435, 12.710804998156759 ], [ 101.685593015536142, 12.710805930465245 ], [ 101.685587317923435, 12.710263955063146 ], [ 101.685495309646456, 12.710264887298743 ], [ 101.685494360102354, 12.710174558055828 ], [ 101.685402351850513, 12.710175490252741 ], [ 101.685401402346159, 12.710085161002302 ], [ 101.685217385885394, 12.710087025286899 ], [ 101.685213588200554, 12.709725708223599 ], [ 101.685121580088961, 12.709726640290775 ], [ 101.685118731999353, 12.709455652465605 ], [ 101.685026723977757, 12.709456584480419 ], [ 101.685025774661611, 12.709366255197155 ], [ 101.684749750650298, 12.709369051029997 ], [ 101.684750699869141, 12.709459380333778 ], [ 101.684474675694759, 12.70946217590051 ], [ 101.684475624823619, 12.70955250522411 ], [ 101.684383616718435, 12.709553437022832 ], [ 101.684382667622017, 12.709463107692395 ], [ 101.684014635258038, 12.709466834541466 ], [ 101.684012737346606, 12.70928617582385 ], [ 101.684104745383692, 12.709285244173024 ], [ 101.684102847436606, 12.709104585466347 ], [ 101.684194855401529, 12.709103653797346 ], [ 101.684193906406492, 12.709013324449817 ], [ 101.684285914331667, 12.709012392755806 ], [ 101.684284965311534, 12.70892206341443 ], [ 101.684468981075085, 12.70892019994454 ], [ 101.684469930160105, 12.709010529272245 ], [ 101.684745953847965, 12.709007733808065 ], [ 101.684746903037592, 12.709098063114572 ], [ 101.684838910951356, 12.70909713122265 ], [ 101.684837961729315, 12.709006801922978 ], [ 101.685113985329494, 12.709004006076647 ], [ 101.685113036017441, 12.708913676796806 ], [ 101.685481067252312, 12.708909948583214 ], [ 101.685480117817832, 12.708819619330043 ], [ 101.685572125575845, 12.708818687203872 ], [ 101.685571176116241, 12.708728357956852 ], [ 101.685387160657768, 12.708730222163675 ], [ 101.685385261890218, 12.708549563640235 ], [ 101.685293254214884, 12.7085504956822 ], [ 101.685292304874508, 12.708460166412614 ], [ 101.685200297224299, 12.708461098415894 ], [ 101.685197449344287, 12.708190110582528 ], [ 101.68510544178406, 12.708191042533452 ], [ 101.685104492537775, 12.708100713247454 ], [ 101.685196500065572, 12.708099781303369 ], [ 101.685195550794148, 12.708009452023525 ], [ 101.685103543298794, 12.708010383960774 ], [ 101.685101644842746, 12.707829725385363 ], [ 101.685193652273242, 12.707828793461792 ], [ 101.685192703023759, 12.707738464179899 ], [ 101.685560732542939, 12.707734736194542 ], [ 101.685558833806439, 12.707554077683417 ], [ 101.685650841103097, 12.707553145621151 ], [ 101.685649891713382, 12.707462816371402 ], [ 101.685741898970306, 12.707461884284132 ] ], [ [ 101.686987394215095, 12.712146879351989 ], [ 101.686986443998435, 12.712056550232889 ], [ 101.687078452807256, 12.712055617350851 ], [ 101.687079403056345, 12.712145946463108 ], [ 101.686987394215095, 12.712146879351989 ] ], [ [ 101.685107340298558, 12.708371701103392 ], [ 101.685015332666183, 12.708372633036149 ], [ 101.685016281901966, 12.708462962326932 ], [ 101.684740258863656, 12.70846575795465 ], [ 101.684741208009441, 12.708556087265261 ], [ 101.68446518480809, 12.708558882626892 ], [ 101.684466133863864, 12.708649211957331 ], [ 101.684190110499472, 12.708652007052867 ], [ 101.684188212589788, 12.70847134835029 ], [ 101.684096204851912, 12.708472279971444 ], [ 101.684095255940449, 12.708381950612292 ], [ 101.684187263645896, 12.708381018997976 ], [ 101.684186314709308, 12.708290689644981 ], [ 101.684646352964819, 12.708286031129918 ], [ 101.684645403873361, 12.708195701810419 ], [ 101.68510544178406, 12.708191042533452 ], [ 101.685107340298558, 12.708371701103392 ] ], [ [ 101.683999452784647, 12.708021564723991 ], [ 101.683996606279052, 12.707750576613728 ], [ 101.684088613764786, 12.707749645079105 ], [ 101.684091460367668, 12.708020633168859 ], [ 101.683999452784647, 12.708021564723991 ] ], [ [ 101.684811386477989, 12.706477581254582 ], [ 101.684812335495479, 12.706567910573396 ], [ 101.684720328489774, 12.70656884227388 ], [ 101.684721277482126, 12.706659171598846 ], [ 101.684629270436687, 12.706660103274325 ], [ 101.684630219403928, 12.706750432605446 ], [ 101.684538212318742, 12.706751364255924 ], [ 101.684536314456409, 12.706570705579322 ], [ 101.684444307428777, 12.706571637184283 ], [ 101.684441460787369, 12.706300649143747 ], [ 101.684533467717714, 12.706299717559295 ], [ 101.684532518819424, 12.706209388217916 ], [ 101.68471653259337, 12.706207524967169 ], [ 101.684717481556504, 12.706297854294871 ], [ 101.684809488464936, 12.706296922614902 ], [ 101.684810437467817, 12.706387251935087 ], [ 101.684902444401374, 12.706386320216438 ], [ 101.684903393443975, 12.706476649529099 ], [ 101.684811386477989, 12.706477581254582 ] ], [ [ 101.683519494006219, 12.706129304403339 ], [ 101.683427487060371, 12.706130235623899 ], [ 101.683425590078542, 12.705949576773687 ], [ 101.683333583190247, 12.70595050794874 ], [ 101.683332634742712, 12.705860178515776 ], [ 101.683424641598577, 12.705859247347554 ], [ 101.683422744660547, 12.705678588493239 ], [ 101.683330737869539, 12.705679519647793 ], [ 101.68332884102557, 12.705498860777077 ], [ 101.683512854470607, 12.705496998463468 ], [ 101.683519494006219, 12.706129304403339 ] ], [ [ 101.683236834292089, 12.705499791886126 ], [ 101.683234937542196, 12.70531913299901 ], [ 101.683326944210805, 12.705318201903626 ], [ 101.68332884102557, 12.705498860777077 ], [ 101.683236834292089, 12.705499791886126 ] ], [ [ 101.682310130328617, 12.704876794630485 ], [ 101.682312974382228, 12.705147783175351 ], [ 101.682220967698157, 12.705148713906869 ], [ 101.682224759742127, 12.705510031984442 ], [ 101.682132752921049, 12.70551096271145 ], [ 101.682131804931544, 12.705420633186252 ], [ 101.682039798135591, 12.705421563874594 ], [ 101.682037902243295, 12.705240904808482 ], [ 101.681853888759221, 12.705242766062334 ], [ 101.681848201646602, 12.704700788765651 ], [ 101.681940208197759, 12.704699858195625 ], [ 101.681939260338766, 12.704609528650613 ], [ 101.682031266850203, 12.704608598055581 ], [ 101.682033162640309, 12.704789257131258 ], [ 101.682125169209286, 12.704788326490728 ], [ 101.682126117147718, 12.704878656020711 ], [ 101.682310130328617, 12.704876794630485 ] ], [ [ 101.683229247467693, 12.704777156321262 ], [ 101.683231144129977, 12.704957815216577 ], [ 101.683323150668912, 12.704956884148526 ], [ 101.683324099043432, 12.705047213588328 ], [ 101.683048079307483, 12.705050006717471 ], [ 101.683047131030222, 12.704959677257168 ], [ 101.682863117901277, 12.704961539170419 ], [ 101.682862169696165, 12.704871209695773 ], [ 101.682770163153151, 12.704872140597814 ], [ 101.682769214987786, 12.70478181111565 ], [ 101.682861221498356, 12.704780880220442 ], [ 101.682859325124653, 12.704600221267729 ], [ 101.683043337994235, 12.704598359409134 ], [ 101.683044286242279, 12.704688688872169 ], [ 101.683136292698535, 12.704687757888289 ], [ 101.683137240986312, 12.704778087343808 ], [ 101.683229247467693, 12.704777156321262 ] ], [ [ 101.692014553943594, 12.708934016770851 ], [ 101.692012650461834, 12.708753359237512 ], [ 101.692104657700341, 12.70875242485037 ], [ 101.692102754183011, 12.708571767327999 ], [ 101.692194761349327, 12.708570832922726 ], [ 101.692191906030999, 12.708299846654615 ], [ 101.692283913092695, 12.708298912238066 ], [ 101.692282961302126, 12.708208583487512 ], [ 101.692374968324074, 12.708207649045978 ], [ 101.692370209319009, 12.707756005317252 ], [ 101.692462216171492, 12.707755070878155 ], [ 101.692461264360034, 12.707664742137213 ], [ 101.692553271172741, 12.707663807673132 ], [ 101.692552319336173, 12.707573478938363 ], [ 101.69246031255588, 12.707574413395587 ], [ 101.6924584089696, 12.707393755910287 ], [ 101.692274395516776, 12.707395624701789 ], [ 101.692273443799479, 12.707305295944398 ], [ 101.692181437094504, 12.707306230285528 ], [ 101.692180485416955, 12.7072159015206 ], [ 101.692088478737091, 12.707216835823035 ], [ 101.692089430382197, 12.707307164594823 ], [ 101.691905416935626, 12.707309033117884 ], [ 101.691907320118119, 12.707489690686828 ], [ 101.691815313318983, 12.707490624914309 ], [ 101.691816264888786, 12.707580953704605 ], [ 101.691724258049902, 12.7075818879071 ], [ 101.691728064272652, 12.707943203088886 ], [ 101.691636057296719, 12.707944137286955 ], [ 101.691637008838285, 12.708034466087545 ], [ 101.691452994799576, 12.708036334401873 ], [ 101.691454897774975, 12.708216992028419 ], [ 101.69136289067977, 12.70821792615153 ], [ 101.691365745100498, 12.708488912606775 ], [ 101.691273737900673, 12.708489846718603 ], [ 101.691276592290023, 12.708760833188261 ], [ 101.691184584985592, 12.708761767288802 ], [ 101.691185536430922, 12.708852096117505 ], [ 101.691093529086729, 12.708853030193056 ], [ 101.691094480506933, 12.708943359027931 ], [ 101.691002473122992, 12.708944293078494 ], [ 101.691004375920528, 12.709124950759895 ], [ 101.690912368464396, 12.709125884792316 ], [ 101.690916174017616, 12.709487200174319 ], [ 101.691100189182038, 12.709485332022807 ], [ 101.691101140653515, 12.709575660852892 ], [ 101.691469171024224, 12.70957192414029 ], [ 101.691468219423001, 12.709481595337623 ], [ 101.691560226964938, 12.70948066108671 ], [ 101.691559275338605, 12.70939033229021 ], [ 101.691651282840766, 12.709389398014308 ], [ 101.691650331189336, 12.709299069223977 ], [ 101.691834346106845, 12.709297200590344 ], [ 101.69183244269621, 12.709116543035053 ], [ 101.6919244500791, 12.709115608684179 ], [ 101.691922546632895, 12.708934951139861 ], [ 101.692014553943594, 12.708934016770851 ] ], [ [ 101.692664316896725, 12.709469447591768 ], [ 101.692756324343421, 12.709468512926861 ], [ 101.692754420254786, 12.709287855511432 ], [ 101.692846427629291, 12.709286920828392 ], [ 101.69284547556353, 12.709196592126512 ], [ 101.692937482898273, 12.70919565741848 ], [ 101.692935578723876, 12.709015000026376 ], [ 101.693027585986414, 12.709014065300218 ], [ 101.69302568177649, 12.708833407919098 ], [ 101.693117688966822, 12.708832473174809 ], [ 101.693114832609581, 12.708561487118573 ], [ 101.693206839695307, 12.708560552363016 ], [ 101.693205887558449, 12.708470223683094 ], [ 101.693297894604399, 12.708469288902554 ], [ 101.693295990287822, 12.708288631554375 ], [ 101.693387997261596, 12.708287696755708 ], [ 101.693387045081849, 12.708197368087452 ], [ 101.69347905201586, 12.708196433263801 ], [ 101.693476195423358, 12.707925447275505 ], [ 101.693292181742592, 12.707927316849801 ], [ 101.693291229624606, 12.707836988171952 ], [ 101.69319922280566, 12.707837922904481 ], [ 101.693198270727436, 12.707747594219088 ], [ 101.693014257132418, 12.707749463574901 ], [ 101.693015209145784, 12.707839792274015 ], [ 101.692831195456591, 12.707841661516181 ], [ 101.692833099375576, 12.708022318939785 ], [ 101.692741092455137, 12.708023253526822 ], [ 101.692742044393199, 12.708113582244453 ], [ 101.692650037432998, 12.708114516806504 ], [ 101.692652893193852, 12.708385502975872 ], [ 101.692560886129016, 12.708386437526649 ], [ 101.692561838031523, 12.708476766255263 ], [ 101.692469830926939, 12.708477700781057 ], [ 101.692471734689065, 12.70865835824994 ], [ 101.692379727512289, 12.708659292757602 ], [ 101.692380679371922, 12.708749621497875 ], [ 101.692288672155385, 12.708750555980551 ], [ 101.692290575831748, 12.708931213472756 ], [ 101.692198568543034, 12.708932147937299 ], [ 101.692200472183828, 12.709112805440482 ], [ 101.692108464822908, 12.709113739886892 ], [ 101.692110368428146, 12.709294397401047 ], [ 101.69201836099505, 12.709295331829326 ], [ 101.692020264564718, 12.709475989354457 ], [ 101.691928257059416, 12.709476923764601 ], [ 101.691930160593515, 12.709657581300707 ], [ 101.691838153016022, 12.709658515692713 ], [ 101.691841008274821, 12.70992950201231 ], [ 101.691749000592694, 12.709930436393037 ], [ 101.691749952327839, 12.71002076517172 ], [ 101.691841960042396, 12.710019830784139 ], [ 101.691844815389103, 12.710290817095526 ], [ 101.692212846563365, 12.710287079144461 ], [ 101.692211894644061, 12.710196750402105 ], [ 101.692303902386868, 12.710195815841574 ], [ 101.692302950442453, 12.710105487105391 ], [ 101.692394958145499, 12.710104552519871 ], [ 101.692394006175974, 12.710014223789857 ], [ 101.692486013839257, 12.710013289179345 ], [ 101.692484109857304, 12.709832631730984 ], [ 101.692576117448397, 12.709831697102336 ], [ 101.692574213430902, 12.709651039664953 ], [ 101.692666220949789, 12.709650105018175 ], [ 101.692664316896725, 12.709469447591768 ] ], [ [ 101.694243684561613, 12.710898811426119 ], [ 101.694242731877395, 12.710808482839445 ], [ 101.694334739686013, 12.710807547530234 ], [ 101.694332834274675, 12.710626890368557 ], [ 101.694424842011088, 12.710625955041218 ], [ 101.694421031146646, 12.710264640737101 ], [ 101.694513038745981, 12.710263705405362 ], [ 101.694512086015777, 12.710173376834481 ], [ 101.694604093575336, 12.710172441477756 ], [ 101.694603140820021, 12.710082112913057 ], [ 101.694695148339818, 12.710081177531345 ], [ 101.694694195559407, 12.709990848972822 ], [ 101.694786203039442, 12.709989913566124 ], [ 101.694781439085148, 12.709538270797562 ], [ 101.694873446395675, 12.709537335393334 ], [ 101.694872493594374, 12.70944700684443 ], [ 101.69496450086514, 12.70944607141522 ], [ 101.694963548038743, 12.709355742872495 ], [ 101.695055555269732, 12.709354807418299 ], [ 101.695054602418239, 12.709264478881753 ], [ 101.695146609609466, 12.709263543402576 ], [ 101.695144703863619, 12.709082886341164 ], [ 101.695236710982627, 12.709081950843867 ], [ 101.695233852321579, 12.708810965267201 ], [ 101.695049838270776, 12.708812836188763 ], [ 101.695048885463308, 12.708722507648114 ], [ 101.694956878459351, 12.708723443054268 ], [ 101.694955925691616, 12.708633114506066 ], [ 101.694771911726562, 12.708634985209114 ], [ 101.694772864429424, 12.708725313771041 ], [ 101.694680857403469, 12.708726249081661 ], [ 101.694681810081221, 12.708816577649761 ], [ 101.694589803015489, 12.708817512935401 ], [ 101.694590755668159, 12.70890784150968 ], [ 101.694498748562665, 12.708908776770336 ], [ 101.694499701190225, 12.708999105350797 ], [ 101.694407694044969, 12.709000040586469 ], [ 101.694408646647432, 12.709090369173104 ], [ 101.694316639462414, 12.709091304383795 ], [ 101.694317592039781, 12.709181632976611 ], [ 101.694225584814987, 12.709182568162316 ], [ 101.694227489926831, 12.709363225359613 ], [ 101.694135482629846, 12.709364160527198 ], [ 101.694136435164339, 12.709454489131682 ], [ 101.694044427827592, 12.70945542427428 ], [ 101.694046332853688, 12.709636081494912 ], [ 101.693954325444736, 12.709637016619389 ], [ 101.69395623043529, 12.709817673851008 ], [ 101.693864222954133, 12.709818608957358 ], [ 101.693867080397652, 12.710089594820237 ], [ 101.69368306521875, 12.710091464978555 ], [ 101.693684017649701, 12.710181793611868 ], [ 101.693592010016815, 12.710182728650116 ], [ 101.693590105227088, 12.710002071369091 ], [ 101.693498097651755, 12.710003006361772 ], [ 101.693497145300327, 12.709912677713373 ], [ 101.693589152843231, 12.709911742727549 ], [ 101.693587248097501, 12.709731085442421 ], [ 101.693679255568213, 12.709730150438469 ], [ 101.693678303173897, 12.709639821801737 ], [ 101.693770310604847, 12.709638886772799 ], [ 101.693768405773341, 12.709458229511005 ], [ 101.693860413132086, 12.709457294463942 ], [ 101.693857555842541, 12.709186308586693 ], [ 101.693949563096638, 12.709185373528367 ], [ 101.693947658208728, 12.70900471628717 ], [ 101.69413167256522, 12.709002846102424 ], [ 101.69412881509372, 12.708731860276663 ], [ 101.694220822163672, 12.708730925157104 ], [ 101.694216059695648, 12.708279282134786 ], [ 101.694032045872731, 12.708281152273445 ], [ 101.694031093465995, 12.708190823653208 ], [ 101.693755072773911, 12.708193628601798 ], [ 101.693756025083374, 12.708283957242614 ], [ 101.693664018138918, 12.708284892168654 ], [ 101.693665922714956, 12.708465549461959 ], [ 101.693573915698309, 12.708466484369872 ], [ 101.693576772520061, 12.70873747032528 ], [ 101.693484765398793, 12.708738405221929 ], [ 101.693485717654923, 12.708828733879219 ], [ 101.693393710493893, 12.708829668750885 ], [ 101.693395614963308, 12.709010326077136 ], [ 101.693303607730073, 12.709011260930675 ], [ 101.693304559943343, 12.709101589599635 ], [ 101.693212552670346, 12.709102524428186 ], [ 101.693214457053998, 12.709283181777767 ], [ 101.693122449708824, 12.70928411658819 ], [ 101.693125306241953, 12.709555102628013 ], [ 101.693033298792145, 12.709556037427165 ], [ 101.693035203119337, 12.709736694797341 ], [ 101.692943195597323, 12.709737629578365 ], [ 101.692944147739468, 12.709827958269283 ], [ 101.692852140177692, 12.709828893025316 ], [ 101.692853092294754, 12.70991922172241 ], [ 101.692761084693203, 12.709920156453455 ], [ 101.692762988884425, 12.710100813859302 ], [ 101.692670981210682, 12.710101748572217 ], [ 101.692674789551305, 12.710463063403134 ], [ 101.692582781740484, 12.71046399811163 ], [ 101.692583733811517, 12.710554326824504 ], [ 101.692859757319283, 12.710551522582904 ], [ 101.692860709494951, 12.710641851274524 ], [ 101.693044725195037, 12.710639981607162 ], [ 101.693045677442925, 12.710730310284385 ], [ 101.693229693178552, 12.710728440475911 ], [ 101.693228740865806, 12.710638111812406 ], [ 101.693320748690184, 12.710637176867257 ], [ 101.693322653387909, 12.710817834179856 ], [ 101.693414661269841, 12.710816899189137 ], [ 101.693415613662125, 12.710907227837554 ], [ 101.693507621569168, 12.710906292808129 ], [ 101.693508574001228, 12.710996621448997 ], [ 101.693140542199316, 12.711000361403048 ], [ 101.693142446825917, 12.711181018737612 ], [ 101.693326462871283, 12.711179148796852 ], [ 101.693325510489444, 12.71108882014363 ], [ 101.693601534405204, 12.711086015014191 ], [ 101.693602486884359, 12.711176343646834 ], [ 101.693878510831453, 12.711173538210163 ], [ 101.693877558254982, 12.711083209598101 ], [ 101.694061574118194, 12.71108133916146 ], [ 101.694060621484169, 12.710991010562429 ], [ 101.694152629372354, 12.710990075303192 ], [ 101.694151676713219, 12.710899746710345 ], [ 101.694243684561613, 12.710898811426119 ] ], [ [ 101.692510768271617, 12.71236183575898 ], [ 101.692602776770997, 12.712360900938339 ], [ 101.692600872343149, 12.712180243539272 ], [ 101.692692880770309, 12.71217930870049 ], [ 101.692691928534941, 12.712088980006786 ], [ 101.692783936922339, 12.712088045143009 ], [ 101.692777271252822, 12.711455744315936 ], [ 101.692685263092514, 12.711456679131711 ], [ 101.692684310915766, 12.711366350432534 ], [ 101.692592302780568, 12.711367285209599 ], [ 101.692591350643582, 12.711276956502878 ], [ 101.692499342533509, 12.711277891241238 ], [ 101.692498390436285, 12.71118756252698 ], [ 101.692406382351322, 12.711188497226633 ], [ 101.69240543029386, 12.711098168504829 ], [ 101.692313422233994, 12.711099103165775 ], [ 101.692312470216308, 12.711008774436433 ], [ 101.692036446090086, 12.711011578207593 ], [ 101.69203739801047, 12.711101906957508 ], [ 101.691945389921301, 12.711102841491048 ], [ 101.691944438033374, 12.71101251273428 ], [ 101.691852429969302, 12.711013447229117 ], [ 101.691850526280305, 12.710832789699825 ], [ 101.691942534279491, 12.7108318552187 ], [ 101.691941582413534, 12.710741526459884 ], [ 101.692125598325035, 12.710739657415795 ], [ 101.69212369448536, 12.710558999923528 ], [ 101.692031686598142, 12.710559934447785 ], [ 101.69203073472174, 12.710469605693772 ], [ 101.691938726859632, 12.710470540179323 ], [ 101.691937775022978, 12.710380211417769 ], [ 101.691753759341694, 12.71038208027962 ], [ 101.691752807577245, 12.710291751503672 ], [ 101.691568791931502, 12.710293620224418 ], [ 101.691567840239259, 12.710203291434077 ], [ 101.691475832437845, 12.710204225739824 ], [ 101.69147488078535, 12.710113896941943 ], [ 101.691382873009047, 12.710114831208987 ], [ 101.691381921396328, 12.710024502403567 ], [ 101.691289913645122, 12.710025436631907 ], [ 101.691288962072164, 12.709935107818954 ], [ 101.691104946612668, 12.709936976166388 ], [ 101.691103995111902, 12.70984664733904 ], [ 101.69091997968799, 12.709848515545378 ], [ 101.690919028259415, 12.709758186703642 ], [ 101.690827020568918, 12.709759120752189 ], [ 101.690828923368528, 12.709939778448687 ], [ 101.690644907835818, 12.709941646477649 ], [ 101.690643956497226, 12.709851317616035 ], [ 101.6904599410001, 12.709853185503903 ], [ 101.690458989733685, 12.709762856627902 ], [ 101.69036698200658, 12.709763790517213 ], [ 101.690366030779927, 12.709673461633678 ], [ 101.690182015368606, 12.709675329303055 ], [ 101.690181064214173, 12.709585000405136 ], [ 101.689905041139582, 12.709587801649803 ], [ 101.689905992196728, 12.709678130568275 ], [ 101.690090007651975, 12.709676263089976 ], [ 101.690091909917982, 12.709856920897471 ], [ 101.690275925473685, 12.709855053264382 ], [ 101.690277827898697, 12.710035711041733 ], [ 101.690369835730436, 12.710034777163717 ], [ 101.690370786986378, 12.710125106044515 ], [ 101.690462794843228, 12.7101241721278 ], [ 101.690467551394889, 12.710575816487276 ], [ 101.690559559406609, 12.710574882504453 ], [ 101.690561462143407, 12.710755540229751 ], [ 101.690653470212681, 12.710754606201377 ], [ 101.690657275903888, 12.711115921616354 ], [ 101.690749284095588, 12.711114987528717 ], [ 101.690750235569126, 12.711205316373897 ], [ 101.690842243785951, 12.711204382247558 ], [ 101.690847001425709, 12.711656026428944 ], [ 101.690939009797418, 12.711655092236493 ], [ 101.690941864566469, 12.711926078716555 ], [ 101.691033873028161, 12.711925144471691 ], [ 101.691036727960451, 12.712196130925038 ], [ 101.691128736512155, 12.712195196627759 ], [ 101.691130639901857, 12.712375854246195 ], [ 101.691222648511115, 12.712374919903358 ], [ 101.691228359050626, 12.712916892701127 ], [ 101.691320367847212, 12.712915958285306 ], [ 101.691321319661881, 12.713006287075689 ], [ 101.691413328483591, 12.713005352621163 ], [ 101.691414280338023, 12.713095681404006 ], [ 101.691598298024374, 12.713093812385683 ], [ 101.691600201884981, 12.713274469921892 ], [ 101.691968237429336, 12.713270731448137 ], [ 101.691969189500412, 12.713361060187797 ], [ 101.692061198400623, 12.713360125482863 ], [ 101.692059294200916, 12.713179468016573 ], [ 101.692151303028922, 12.713178533293494 ], [ 101.692150350907596, 12.713088204566178 ], [ 101.692242359695825, 12.713087269818102 ], [ 101.692238551154063, 12.71272595492942 ], [ 101.6923305598052, 12.71272502017691 ], [ 101.692329607655623, 12.712634691459886 ], [ 101.692421616266984, 12.712633756682381 ], [ 101.692419711924941, 12.71245309925999 ], [ 101.692511720464097, 12.712452164464345 ], [ 101.692510768271617, 12.71236183575898 ] ], [ [ 101.690318737120123, 12.713919852592962 ], [ 101.69031778558913, 12.713829523734045 ], [ 101.690593813150002, 12.713826721141134 ], [ 101.690592861528984, 12.713736392302087 ], [ 101.690684870668846, 12.713735458047587 ], [ 101.690683919022717, 12.713645129214711 ], [ 101.690959946301049, 12.713642326280628 ], [ 101.690953284301784, 12.713010024575237 ], [ 101.690861275443439, 12.713010958870482 ], [ 101.69085937214588, 12.712830301220505 ], [ 101.690767363345103, 12.712831235470192 ], [ 101.690763556967639, 12.712469920134618 ], [ 101.690671548289316, 12.712470854325042 ], [ 101.69067059674569, 12.712380525482585 ], [ 101.690578588092507, 12.712381459634301 ], [ 101.690575733602913, 12.712110473082269 ], [ 101.690483725039712, 12.712111407181578 ], [ 101.69048087071333, 12.711840420602833 ], [ 101.690388862240141, 12.711841354649728 ], [ 101.690384105338168, 12.711389710303878 ], [ 101.690292097019849, 12.711390644284666 ], [ 101.69029019437518, 12.711209986527837 ], [ 101.690198186114429, 12.711210920463074 ], [ 101.69019438104273, 12.710849604913797 ], [ 101.690102372904406, 12.710850538789776 ], [ 101.690100470477361, 12.710669880997333 ], [ 101.690008462396591, 12.710670814827763 ], [ 101.690007511226483, 12.710580485923666 ], [ 101.689823495107873, 12.710582353475273 ], [ 101.689824446213109, 12.710672682393074 ], [ 101.689364405626293, 12.710677350748988 ], [ 101.689365356576658, 12.71076767970035 ], [ 101.689181340225815, 12.710769546833468 ], [ 101.689182291118627, 12.710859875797842 ], [ 101.688722249951283, 12.710864543107503 ], [ 101.688724151434471, 12.711045201102683 ], [ 101.688632143114162, 12.711046134482761 ], [ 101.688633093834298, 12.711136463486172 ], [ 101.688725102187036, 12.711135530099249 ], [ 101.688727003714121, 12.711316188090326 ], [ 101.688819012124412, 12.711315254657855 ], [ 101.688822815396122, 12.711676570604405 ], [ 101.688914823928869, 12.711675637112698 ], [ 101.688917676556812, 12.711946624044888 ], [ 101.68900968517957, 12.711945690500782 ], [ 101.689013488915705, 12.712307006373397 ], [ 101.689105497660904, 12.712306072770046 ], [ 101.689107399637763, 12.712486730688552 ], [ 101.68919940844053, 12.712485797039648 ], [ 101.68920035947238, 12.712576125991028 ], [ 101.689384377120859, 12.712574258583963 ], [ 101.689383426024122, 12.712483929646282 ], [ 101.689843469854978, 12.712479260605411 ], [ 101.689844421113932, 12.712569589508846 ], [ 101.689752412329952, 12.712570523387578 ], [ 101.689754314804929, 12.712751181206091 ], [ 101.689478288214431, 12.712753982692261 ], [ 101.689479239365568, 12.712844311621041 ], [ 101.68929522153708, 12.712846179132908 ], [ 101.689298074839741, 12.713117165956238 ], [ 101.689390083854988, 12.713116232195684 ], [ 101.689394839668026, 12.713567876853306 ], [ 101.689486848838172, 12.713566943026652 ], [ 101.689489702511182, 12.713837929792465 ], [ 101.689581711771339, 12.713836995913406 ], [ 101.689585516900934, 12.714198311564182 ], [ 101.689677526283575, 12.714197377625863 ], [ 101.689679428957191, 12.714378035433446 ], [ 101.689771438397386, 12.714377101449571 ], [ 101.689774292560045, 12.714648088135263 ], [ 101.68986630209028, 12.71464715409898 ], [ 101.689865350662956, 12.714556825211282 ], [ 101.689957360153429, 12.714555891149988 ], [ 101.689956408700979, 12.714465562268456 ], [ 101.690048418151676, 12.714464628182153 ], [ 101.690045563740895, 12.71419364155401 ], [ 101.690137573086943, 12.7141927074564 ], [ 101.690135670118124, 12.714012049714585 ], [ 101.690227679391938, 12.714011115598819 ], [ 101.690226727886071, 12.713920786733734 ], [ 101.690318737120123, 12.713919852592962 ] ], [ [ 101.695430723643284, 12.718746162786834 ], [ 101.695429769931607, 12.718655834342069 ], [ 101.695337759380635, 12.718656770598811 ], [ 101.695336805708749, 12.7185664421465 ], [ 101.695060774109152, 12.718569250704908 ], [ 101.695059820541985, 12.71847892223132 ], [ 101.694599767891603, 12.718483602490306 ], [ 101.694598814494071, 12.718393273981718 ], [ 101.694414793447493, 12.718395145848504 ], [ 101.694415746780123, 12.718485474370816 ], [ 101.694323736213363, 12.718486410263266 ], [ 101.694322782913204, 12.718396081734095 ], [ 101.694230772371597, 12.718397017587815 ], [ 101.694229819111214, 12.718306689051094 ], [ 101.694045798070903, 12.718308560649206 ], [ 101.694046751266342, 12.718398889199648 ], [ 101.693954740702736, 12.718399824957762 ], [ 101.693953787539741, 12.718309496400456 ], [ 101.693585745341778, 12.718313239086783 ], [ 101.693586698374943, 12.718403567671528 ], [ 101.693494687774674, 12.718404503270296 ], [ 101.693497546820751, 12.71867548904101 ], [ 101.693589557518408, 12.718674553421662 ], [ 101.69359051058089, 12.718764882003669 ], [ 101.693682521303671, 12.718763946345591 ], [ 101.693684427515535, 12.718944603493835 ], [ 101.693592416727839, 12.718945539165631 ], [ 101.693597182223513, 12.719397182058556 ], [ 101.693689193173526, 12.719396246352456 ], [ 101.693691099488049, 12.719576903491115 ], [ 101.694795231095284, 12.719565672367283 ], [ 101.694796184653086, 12.719656000853249 ], [ 101.694888195605159, 12.719655064712232 ], [ 101.694887242014886, 12.719564736233131 ], [ 101.695071263832091, 12.719562863869209 ], [ 101.695072217487279, 12.719653192334581 ], [ 101.694980206549886, 12.719654128539343 ], [ 101.694982113817346, 12.71983478548176 ], [ 101.695534179721236, 12.719829167692742 ], [ 101.695533225889065, 12.71973883926306 ], [ 101.695441214955878, 12.719739775634046 ], [ 101.695439307378479, 12.719559118758903 ], [ 101.695623329107647, 12.719557246012513 ], [ 101.695618559967912, 12.719105603881307 ], [ 101.695526549269289, 12.71910654023611 ], [ 101.695523687970862, 12.718835554928575 ], [ 101.695615698572098, 12.718834618594366 ], [ 101.695614744788173, 12.718744290164015 ], [ 101.695430723643284, 12.718746162786834 ] ], [ [ 101.695530364436578, 12.719467853969904 ], [ 101.695438353600778, 12.719468790320299 ], [ 101.695437399830411, 12.719378461881009 ], [ 101.695529410633739, 12.719377525537485 ], [ 101.695530364436578, 12.719467853969904 ] ], [ [ 101.687147134429395, 12.727322161646702 ], [ 101.68714618298408, 12.72723183264258 ], [ 101.686962154436927, 12.727233700610373 ], [ 101.686961203063902, 12.727143371591881 ], [ 101.686409117441841, 12.727148974688776 ], [ 101.686408166271036, 12.727058645628544 ], [ 101.686224137736815, 12.727060513058687 ], [ 101.686226039955812, 12.727241171205835 ], [ 101.686134025612773, 12.72724210488675 ], [ 101.686140683382206, 12.727874408428088 ], [ 101.686232697952661, 12.727873474699283 ], [ 101.686233649124304, 12.727963803767038 ], [ 101.686509692889217, 12.72796100236873 ], [ 101.686508741620102, 12.727870673321503 ], [ 101.687244857744858, 12.727863201577408 ], [ 101.687243906223173, 12.727772872584243 ], [ 101.687335920673362, 12.727771938479551 ], [ 101.68733496912651, 12.727681609492539 ], [ 101.687426983536909, 12.727680675362798 ], [ 101.68742508040016, 12.727500017400413 ], [ 101.687333066054748, 12.727500951516465 ], [ 101.687331163012246, 12.727320293537653 ], [ 101.687147134429395, 12.727322161646702 ] ], [ [ 101.691956652137122, 12.729622093956868 ], [ 101.692232696392281, 12.729619286235444 ], [ 101.692233649822057, 12.72970961484431 ], [ 101.692601708856287, 12.729705870741736 ], [ 101.692600755296553, 12.729615542160296 ], [ 101.692692770004285, 12.729614606061766 ], [ 101.692691816419384, 12.729524277486501 ], [ 101.692783831087311, 12.729523341362931 ], [ 101.692781923874492, 12.729342684224058 ], [ 101.69268990927155, 12.729343620333914 ], [ 101.692688955708633, 12.729253291756596 ], [ 101.692596941130844, 12.729254227827694 ], [ 101.69259503409198, 12.729073570657279 ], [ 101.692503019571831, 12.729074506682768 ], [ 101.692501112627255, 12.728893849495901 ], [ 101.692409098164774, 12.728894785475777 ], [ 101.692407191314487, 12.728714128272454 ], [ 101.692315176909645, 12.728715064206719 ], [ 101.692314223527987, 12.728624735597172 ], [ 101.69213019476129, 12.728626607356306 ], [ 101.692128288149902, 12.728445950107734 ], [ 101.692220302471924, 12.728445014257828 ], [ 101.69221934914475, 12.728354685639369 ], [ 101.692127334855201, 12.728355621482418 ], [ 101.692125428287767, 12.728174964229733 ], [ 101.692033414055857, 12.728175900027171 ], [ 101.69203150758274, 12.727995242758032 ], [ 101.691939493408469, 12.727996178509869 ], [ 101.691938540215389, 12.727905849867417 ], [ 101.691846526066271, 12.727906785580501 ], [ 101.691843666628415, 12.727635799628464 ], [ 101.691751652569437, 12.72763673528909 ], [ 101.691750699470632, 12.727546406630186 ], [ 101.691198615157816, 12.727552019883049 ], [ 101.69119956806172, 12.727642348583084 ], [ 101.69101553983387, 12.727644219425935 ], [ 101.691016492680134, 12.727734548138992 ], [ 101.690464407625882, 12.727740159943226 ], [ 101.690465360284549, 12.727830488696711 ], [ 101.690189317561106, 12.727833294188823 ], [ 101.690190270129634, 12.727923622962178 ], [ 101.69000624154576, 12.727925493144486 ], [ 101.69000528904219, 12.727835164357426 ], [ 101.68991327477174, 12.727836099393887 ], [ 101.689914227242824, 12.7279264281878 ], [ 101.68973019861501, 12.727928298178741 ], [ 101.689733055877284, 12.728199284597471 ], [ 101.689825070292301, 12.728198349597392 ], [ 101.689826022760187, 12.728288678395414 ], [ 101.689918037200385, 12.728287743356592 ], [ 101.689920894745441, 12.728558729725997 ], [ 101.690104923798771, 12.728556859511563 ], [ 101.690105876393417, 12.728647188286292 ], [ 101.690473934542183, 12.728643447447268 ], [ 101.690472981817592, 12.728553118699951 ], [ 101.690657010783056, 12.72855124810277 ], [ 101.690656058000826, 12.728460919368466 ], [ 101.690840086872015, 12.728459048657406 ], [ 101.690841992573752, 12.728639706097916 ], [ 101.691118036020541, 12.728636899750994 ], [ 101.691117083068548, 12.728546571051643 ], [ 101.691209097503659, 12.72854563554573 ], [ 101.691208144526513, 12.728455306852551 ], [ 101.691484187690449, 12.728452500164005 ], [ 101.691485140765067, 12.728542828836625 ], [ 101.691761183960551, 12.728540021840454 ], [ 101.691762137139946, 12.728630350491821 ], [ 101.691854151556285, 12.728629414755785 ], [ 101.691857011235939, 12.728900400685214 ], [ 101.691672982201027, 12.728902272166524 ], [ 101.691673935377267, 12.728992600822011 ], [ 101.691581920816333, 12.728993536521672 ], [ 101.691580967672593, 12.728903207859336 ], [ 101.691396938593726, 12.728905079149266 ], [ 101.691395985522291, 12.728814750472532 ], [ 101.691211956479094, 12.728816621621167 ], [ 101.691212909485557, 12.728906950311609 ], [ 101.691120894920488, 12.728907885844936 ], [ 101.691121847901783, 12.728998214541548 ], [ 101.690477745513761, 12.729004762429708 ], [ 101.690481556602521, 12.729366077401188 ], [ 101.690573571381321, 12.729365142056874 ], [ 101.690575477034614, 12.729545799524798 ], [ 101.690667491871068, 12.729544864134882 ], [ 101.690669397618649, 12.72972552158636 ], [ 101.690853427399517, 12.729723650683423 ], [ 101.690854380349279, 12.729813979394425 ], [ 101.691038410165845, 12.729812108350187 ], [ 101.691039363187897, 12.729902437046798 ], [ 101.691131378117689, 12.729901501469977 ], [ 101.691130425063136, 12.729811172780217 ], [ 101.691222439953094, 12.72981023717835 ], [ 101.691220533800987, 12.72962957981048 ], [ 101.69131254861864, 12.729628644190425 ], [ 101.691313501723528, 12.729718972867849 ], [ 101.691497531401851, 12.729717101518329 ], [ 101.691498484579043, 12.729807430181356 ], [ 101.691866543977739, 12.729803687072113 ], [ 101.691865590670574, 12.729713358436509 ], [ 101.691957605469455, 12.729712422586307 ], [ 101.691956652137122, 12.729622093956868 ] ], [ [ 101.691767856370276, 12.729172322385647 ], [ 101.691765949930868, 12.728991665090446 ], [ 101.691857964477137, 12.728990729326989 ], [ 101.691859870981531, 12.729171386608479 ], [ 101.691767856370276, 12.729172322385647 ] ], [ [ 101.692707074657491, 12.73096953460853 ], [ 101.69270612096264, 12.730879206043541 ], [ 101.692890151265914, 12.730877333558757 ], [ 101.692889197513395, 12.7307870050068 ], [ 101.692981212621532, 12.730786068723415 ], [ 101.692982166406537, 12.730876397268514 ], [ 101.693442241999762, 12.730871715338772 ], [ 101.693441288052298, 12.730781386827971 ], [ 101.693533303116453, 12.730780450353178 ], [ 101.693532349143823, 12.730690121848548 ], [ 101.693624364168144, 12.730689185348714 ], [ 101.693621502196763, 12.730418199851302 ], [ 101.693713517116279, 12.730417263340149 ], [ 101.693716379185148, 12.73068824881698 ], [ 101.693808394194804, 12.730687312253346 ], [ 101.693809348264921, 12.730777640737395 ], [ 101.693901363299759, 12.730776704134996 ], [ 101.693902317409695, 12.730867032611497 ], [ 101.69408634752233, 12.730865159297277 ], [ 101.694085393347393, 12.730774830834504 ], [ 101.69436143836387, 12.730772020644498 ], [ 101.694360484098809, 12.730681692201619 ], [ 101.694452499057135, 12.730680755414678 ], [ 101.694449636208446, 12.730409770102522 ], [ 101.694633665908157, 12.730407896474114 ], [ 101.694634620248692, 12.730498224898462 ], [ 101.694818649984029, 12.730496351128727 ], [ 101.694817695578521, 12.730406022718105 ], [ 101.695093740029037, 12.730403211844845 ], [ 101.695092785533362, 12.730312883454127 ], [ 101.695184800303039, 12.730311946439437 ], [ 101.695180027772295, 12.729860304509904 ], [ 101.695088013165062, 12.729861241490273 ], [ 101.695086104269109, 12.729680584699937 ], [ 101.694994089719529, 12.72968152163468 ], [ 101.694992180917893, 12.729500864827871 ], [ 101.694624122906134, 12.729504612192954 ], [ 101.694625077173328, 12.729594940624155 ], [ 101.69453306261957, 12.729595877392544 ], [ 101.69453401686161, 12.729686205829925 ], [ 101.694442002268019, 12.72968714257328 ], [ 101.694443910709126, 12.729867799459701 ], [ 101.694259881369973, 12.729869672878161 ], [ 101.694260835536554, 12.729960001334069 ], [ 101.694168820823478, 12.729960938002312 ], [ 101.694167866689398, 12.729870609539544 ], [ 101.693615778451957, 12.729876228837973 ], [ 101.693617686337561, 12.73005688584516 ], [ 101.693341641924903, 12.730059695104899 ], [ 101.693342595781232, 12.730150023628044 ], [ 101.693250580929856, 12.730150959991017 ], [ 101.693249627106013, 12.730060631461011 ], [ 101.692881567757183, 12.73006437656648 ], [ 101.692882521451054, 12.730154705123919 ], [ 101.692790506563028, 12.730155641327396 ], [ 101.692791460231732, 12.730245969891003 ], [ 101.692699445303887, 12.730246906069441 ], [ 101.692700398947437, 12.730337234639228 ], [ 101.692516369004764, 12.73033910691411 ], [ 101.6925154154262, 12.730248778330614 ], [ 101.692423400476358, 12.730249714413349 ], [ 101.692422446937613, 12.730159385822306 ], [ 101.692146402141603, 12.730162193858545 ], [ 101.692147355582861, 12.730252522470158 ], [ 101.692055340603716, 12.730253458425294 ], [ 101.692056294019807, 12.730343787043079 ], [ 101.691964279000842, 12.73034472297317 ], [ 101.691966185790051, 12.730525380220396 ], [ 101.691782155600151, 12.730527252012305 ], [ 101.691781202266853, 12.730436923375322 ], [ 101.691689187193418, 12.730437859216572 ], [ 101.691688233899953, 12.73034753057205 ], [ 101.691228158585261, 12.730352209265508 ], [ 101.691229111716268, 12.730442537944304 ], [ 101.691137096598851, 12.730443473594148 ], [ 101.691138049704691, 12.730533802279112 ], [ 101.691046034547469, 12.730534737903911 ], [ 101.691049846914098, 12.730896052664331 ], [ 101.691141862201277, 12.730895117012118 ], [ 101.691143768493532, 12.73107577437451 ], [ 101.691235783838394, 12.731074838676687 ], [ 101.691236737028021, 12.731165167349999 ], [ 101.691880844464364, 12.731158616523992 ], [ 101.691878937637554, 12.73097795927265 ], [ 101.69197095289131, 12.730977023326464 ], [ 101.691968092608562, 12.730706037464879 ], [ 101.692060107757513, 12.730705101507361 ], [ 101.692062968137719, 12.730976087348379 ], [ 101.692246998608596, 12.730974215296504 ], [ 101.692247952148307, 12.731064543895091 ], [ 101.692523997897126, 12.731061735557445 ], [ 101.692523044259929, 12.730971406979423 ], [ 101.692707074657491, 12.73096953460853 ] ], [ [ 101.687180439623518, 12.730483676359515 ], [ 101.68718139133216, 12.730574005338983 ], [ 101.687089375860168, 12.730574939592042 ], [ 101.687090327543629, 12.730665268577665 ], [ 101.686998312031832, 12.730666202805667 ], [ 101.686999263690112, 12.730756531797448 ], [ 101.686815232579576, 12.73075840017143 ], [ 101.686814280986283, 12.730668071165962 ], [ 101.68663024991146, 12.730669939398652 ], [ 101.686629298390471, 12.730579610378813 ], [ 101.686261236283073, 12.730583346434006 ], [ 101.686262187674103, 12.730673675481217 ], [ 101.686078156511527, 12.730675543331088 ], [ 101.68607910784489, 12.730765872391292 ], [ 101.685987092220145, 12.730766806275218 ], [ 101.68599089749668, 12.73112812253656 ], [ 101.686082913251397, 12.731127188625273 ], [ 101.686083864621295, 12.731217517682055 ], [ 101.687648131885013, 12.731201636192708 ], [ 101.687646228047683, 12.731020978311122 ], [ 101.68773824363825, 12.731020043832434 ], [ 101.687734435921428, 12.730658728088423 ], [ 101.687642420460833, 12.730659662539734 ], [ 101.687640516711284, 12.730479004649931 ], [ 101.68754850130837, 12.730479939055648 ], [ 101.687549453146985, 12.730570268007737 ], [ 101.687273406796834, 12.730573071054025 ], [ 101.687272455055691, 12.730482742081403 ], [ 101.687180439623518, 12.730483676359515 ] ], [ [ 101.693293510590621, 12.73421574313188 ], [ 101.693201494269545, 12.73421667977162 ], [ 101.693198631927771, 12.733945694251496 ], [ 101.693106615696877, 12.733946630838751 ], [ 101.693105661630113, 12.733856302323813 ], [ 101.692553564285788, 12.733861921136096 ], [ 101.692554518157536, 12.73395224969218 ], [ 101.692186452984714, 12.733955994956279 ], [ 101.69218740673378, 12.734046323539113 ], [ 101.692095390389753, 12.734047259782219 ], [ 101.692097297844867, 12.73422791695954 ], [ 101.692189314253909, 12.734226980702719 ], [ 101.692191221803355, 12.734407637863582 ], [ 101.692283238270065, 12.734406701561136 ], [ 101.69228419208828, 12.734497030133687 ], [ 101.692376208580171, 12.734496093792474 ], [ 101.69237716243822, 12.734586422357477 ], [ 101.692469178955292, 12.734585485977499 ], [ 101.692470132853174, 12.734675814534958 ], [ 101.692562149395414, 12.734674878116211 ], [ 101.692563103333129, 12.734765206666129 ], [ 101.692655119900536, 12.734764270208613 ], [ 101.692656073878098, 12.734854598750989 ], [ 101.692748090470673, 12.734853662254702 ], [ 101.692749044488068, 12.734943990789533 ], [ 101.692841061105824, 12.734943054254478 ], [ 101.692842015163038, 12.735033382781767 ], [ 101.693026048441581, 12.735031509602198 ], [ 101.693027002571142, 12.735121838115083 ], [ 101.693119019231929, 12.735120901470571 ], [ 101.69312092757805, 12.735301558480568 ], [ 101.693028910852277, 12.735302495138802 ], [ 101.69303177332894, 12.735573480669235 ], [ 101.692939756498305, 12.735574417316124 ], [ 101.692940710639348, 12.735664745831759 ], [ 101.6931247443583, 12.735662872492341 ], [ 101.693126652792415, 12.735843529494117 ], [ 101.693310686612065, 12.735841655999607 ], [ 101.693312595205541, 12.736022312971201 ], [ 101.693496629125889, 12.736020439321594 ], [ 101.693498537878725, 12.736201096263006 ], [ 101.693682571899771, 12.736199222458303 ], [ 101.693683526352217, 12.736289550914261 ], [ 101.693775543384248, 12.736288613957173 ], [ 101.693773634421717, 12.736107957058294 ], [ 101.693681617454672, 12.73610889400166 ], [ 101.69368066301692, 12.736018565544331 ], [ 101.693588646075085, 12.73601950244892 ], [ 101.693585782903313, 12.73574851705224 ], [ 101.693493766051645, 12.735749453904337 ], [ 101.693489948721975, 12.735388140005059 ], [ 101.693397931993005, 12.7353890767978 ], [ 101.693395069170251, 12.735118091345564 ], [ 101.693303052531476, 12.735119028085812 ], [ 101.693293510590621, 12.73421574313188 ] ], [ [ 101.693599144936201, 12.737013115517287 ], [ 101.693598190457621, 12.736922787059957 ], [ 101.693690207724558, 12.736921850086764 ], [ 101.693688298724368, 12.736741193183759 ], [ 101.693596281522446, 12.736742130143231 ], [ 101.69359532706585, 12.736651801683843 ], [ 101.693319275513645, 12.736654612350181 ], [ 101.693320229872697, 12.736744940830148 ], [ 101.692952160903729, 12.736748687965877 ], [ 101.692951206674707, 12.73665835945847 ], [ 101.693135241108848, 12.73665648596816 ], [ 101.693134286822144, 12.736566157473785 ], [ 101.693226303995687, 12.736565220687613 ], [ 101.69322344108204, 12.736294235220958 ], [ 101.692855372733916, 12.736297982091838 ], [ 101.692856326901108, 12.736388310608842 ], [ 101.692764309763234, 12.736389247253634 ], [ 101.692765263905244, 12.736479575776814 ], [ 101.692673246727537, 12.736480512396545 ], [ 101.692674200844365, 12.736570840925898 ], [ 101.692490166401953, 12.73657271408333 ], [ 101.692491120461085, 12.736663042625713 ], [ 101.692307085924327, 12.736664915669195 ], [ 101.69230899393456, 12.736845572779332 ], [ 101.692216976590174, 12.736846509266911 ], [ 101.692217930573776, 12.736936837827809 ], [ 101.692401965320258, 12.736934964807016 ], [ 101.692402919376207, 12.737025293353513 ], [ 101.692678971538484, 12.737022483562374 ], [ 101.692679925699281, 12.737112812087615 ], [ 101.692587908286683, 12.737113748723434 ], [ 101.692589816565288, 12.737294405785574 ], [ 101.692681834042915, 12.737293469136036 ], [ 101.69268278822571, 12.737383797659216 ], [ 101.692774805728533, 12.737382860970904 ], [ 101.692775759951161, 12.737473189486545 ], [ 101.693051812513147, 12.737470379209517 ], [ 101.693050858192962, 12.737380050714455 ], [ 101.693142875666453, 12.737379113898468 ], [ 101.693141921321086, 12.737288785409577 ], [ 101.69323393875473, 12.737287848568533 ], [ 101.693232984384181, 12.73719752008582 ], [ 101.693417019164443, 12.737195646321693 ], [ 101.693416064736212, 12.737105317852011 ], [ 101.693508082082843, 12.737104380928931 ], [ 101.693507127629431, 12.737014052465428 ], [ 101.693599144936201, 12.737013115517287 ] ], [ [ 101.689032578205186, 12.740311760170863 ], [ 101.688940559361527, 12.740312695769678 ], [ 101.68893960627743, 12.740222366987442 ], [ 101.688847587458952, 12.740223302547479 ], [ 101.688846634414716, 12.740132973757715 ], [ 101.688754615621448, 12.740133909278981 ], [ 101.688753662617032, 12.740043580481681 ], [ 101.68866164384896, 12.74004451596417 ], [ 101.68866069088439, 12.739954187159341 ], [ 101.688568672141514, 12.739955122603059 ], [ 101.688567719216792, 12.739864793790689 ], [ 101.688475700499112, 12.739865729195632 ], [ 101.688474747614222, 12.739775400375732 ], [ 101.688290710221949, 12.739777271076148 ], [ 101.688288804604198, 12.739596613406908 ], [ 101.688012748656007, 12.739599419177015 ], [ 101.68801179595566, 12.739509090320828 ], [ 101.687827758685316, 12.739510960660921 ], [ 101.68782871132062, 12.739601289530798 ], [ 101.687644673955973, 12.739603159756886 ], [ 101.687646579118464, 12.739783817521968 ], [ 101.687554560360113, 12.739784752600816 ], [ 101.68755932323181, 12.740236397035758 ], [ 101.687743361066353, 12.740234526777689 ], [ 101.687745266396334, 12.740415184519488 ], [ 101.687837285367678, 12.740414249328873 ], [ 101.687838238076154, 12.740504578191896 ], [ 101.687930257072708, 12.740503642962512 ], [ 101.687931209821031, 12.740593971818004 ], [ 101.688023228842766, 12.740593036549843 ], [ 101.688024181630936, 12.740683365397807 ], [ 101.688116200677896, 12.740682430090871 ], [ 101.688117153505885, 12.740772758931307 ], [ 101.688301191642864, 12.740770888207962 ], [ 101.688302144543229, 12.740861217034009 ], [ 101.688578201791387, 12.740858410688997 ], [ 101.688577248793464, 12.740768081883491 ], [ 101.688669267829013, 12.740767146378145 ], [ 101.688668314805895, 12.740676817578796 ], [ 101.688760333801596, 12.740675882048372 ], [ 101.688759380753268, 12.740585553255183 ], [ 101.688851399709151, 12.740584617699684 ], [ 101.688850446635612, 12.740494288912659 ], [ 101.688942465551662, 12.740493353332075 ], [ 101.688941512452928, 12.740403024551219 ], [ 101.689033531329116, 12.74040208894556 ], [ 101.689032578205186, 12.740311760170863 ] ], [ [ 101.69129636682402, 12.745528354482952 ], [ 101.690928284562204, 12.745532101341695 ], [ 101.690927330370286, 12.74544177274311 ], [ 101.690559248121389, 12.745445519063406 ], [ 101.690560202183178, 12.745535847689405 ], [ 101.690468181570111, 12.745536784196482 ], [ 101.690469135606691, 12.745627112828647 ], [ 101.690561156252301, 12.745626176314714 ], [ 101.690562110328742, 12.745716504939342 ], [ 101.690654130999562, 12.74571556838662 ], [ 101.690656039239499, 12.745896225620106 ], [ 101.690748059968058, 12.745895289021735 ], [ 101.690749014131555, 12.7459856176306 ], [ 101.690841034885338, 12.745984680993432 ], [ 101.690841989088682, 12.746075009594756 ], [ 101.691026030639307, 12.746073136210899 ], [ 101.691026984915069, 12.746163464797828 ], [ 101.691119005711926, 12.746162528051133 ], [ 101.691118051403649, 12.746072199471058 ], [ 101.691302092910306, 12.746070325895554 ], [ 101.691303047283668, 12.746160654461923 ], [ 101.691487088826094, 12.746158780744944 ], [ 101.69148804327186, 12.746249109296913 ], [ 101.69167208485004, 12.746247235438462 ], [ 101.691673039368197, 12.74633756397604 ], [ 101.691857080982146, 12.746335689976107 ], [ 101.691855171823008, 12.746155032927698 ], [ 101.692039213277482, 12.746153158827426 ], [ 101.692032530995874, 12.745520859232373 ], [ 101.691940510500046, 12.745521796250484 ], [ 101.691939555950242, 12.745431467727304 ], [ 101.691479453523812, 12.745436152304485 ], [ 101.691478499143997, 12.745345823746341 ], [ 101.691386478669259, 12.745346760559107 ], [ 101.691387433016544, 12.745437089124106 ], [ 101.691295412501944, 12.745438025911783 ], [ 101.69129636682402, 12.745528354482952 ] ], [ [ 101.70228337347784, 12.696724271184607 ], [ 101.702375375608227, 12.69672333410754 ], [ 101.702378239021726, 12.696994318328338 ], [ 101.702286236794137, 12.696995255426051 ], [ 101.702288145708451, 12.697175911583592 ], [ 101.702380148000827, 12.697174974472118 ], [ 101.702382057009316, 12.697355630613162 ], [ 101.702290054652153, 12.697356567738398 ], [ 101.702292918122851, 12.697627551965478 ], [ 101.702200915661109, 12.69762848907955 ], [ 101.702202824613551, 12.697809145241278 ], [ 101.702110822079661, 12.697810082337293 ], [ 101.702115594427383, 12.69826172276405 ], [ 101.702023591724142, 12.698262659862653 ], [ 101.702025500649881, 12.698443316042331 ], [ 101.701933497874478, 12.698444253122881 ], [ 101.701935406764832, 12.698624909313581 ], [ 101.701843403917266, 12.698625846376077 ], [ 101.701844358341077, 12.69871617447728 ], [ 101.701752355453763, 12.698717111514839 ], [ 101.701756173092846, 12.699078423940337 ], [ 101.701664170068554, 12.699079360973601 ], [ 101.701665124464313, 12.699169689085146 ], [ 101.701573121400273, 12.699170626093466 ], [ 101.701575030149002, 12.699351282328262 ], [ 101.701483027012799, 12.699352219318524 ], [ 101.701487798851247, 12.699803859927945 ], [ 101.701395795545665, 12.699804796920782 ], [ 101.701398658639704, 12.700075781298866 ], [ 101.701306655229558, 12.700076718280519 ], [ 101.701308563930866, 12.700257374542911 ], [ 101.701124556958874, 12.700259248438281 ], [ 101.701126465559938, 12.700439904725446 ], [ 101.700758451268527, 12.70044365218935 ], [ 101.700759405450455, 12.70053398035942 ], [ 101.700851409066743, 12.700533043534303 ], [ 101.700856180248621, 12.700984684340002 ], [ 101.700764176470287, 12.700985621199514 ], [ 101.700765130696297, 12.70107594936548 ], [ 101.70113314589517, 12.701072201708989 ], [ 101.701132191539529, 12.700981873570536 ], [ 101.701408202764284, 12.700979062514659 ], [ 101.701409157217171, 12.701069390632476 ], [ 101.702513201843502, 12.701058143462321 ], [ 101.702511292167259, 12.700877487391141 ], [ 101.7026032957735, 12.700876549933874 ], [ 101.702594702302676, 12.700063597641627 ], [ 101.702686705609892, 12.700062660214479 ], [ 101.702687660442976, 12.700152988242804 ], [ 101.702871667100183, 12.700151113279281 ], [ 101.702870712202284, 12.70006078526472 ], [ 101.702778708909761, 12.70006172275551 ], [ 101.702777754051624, 12.699971394733382 ], [ 101.702869757311746, 12.699970457249474 ], [ 101.70286880242854, 12.699880129233547 ], [ 101.702960805648885, 12.699879191724703 ], [ 101.702961760564492, 12.699969519733749 ], [ 101.703237770278619, 12.699966706995644 ], [ 101.703238725298803, 12.700057034983358 ], [ 101.703514735043953, 12.700054221938217 ], [ 101.703513779926567, 12.699963893971161 ], [ 101.70369778632174, 12.699962018462401 ], [ 101.703695875979392, 12.699781362553768 ], [ 101.703603872850294, 12.699782300310291 ], [ 101.703602917722563, 12.699691972348065 ], [ 101.703326908388348, 12.69969478540605 ], [ 101.70332595336518, 12.699604457422488 ], [ 101.703233950271482, 12.69960539503796 ], [ 101.703232995288076, 12.699515067046828 ], [ 101.703140992219417, 12.699516004623595 ], [ 101.703139082339504, 12.69933534862551 ], [ 101.7030470793283, 12.699336286156695 ], [ 101.703045169542605, 12.699155630142107 ], [ 101.703137172488994, 12.699154692624688 ], [ 101.703135262667914, 12.698974036621129 ], [ 101.703227265542139, 12.698973099085663 ], [ 101.703226310610233, 12.698882771089744 ], [ 101.703318313444697, 12.698881833529343 ], [ 101.703317358487737, 12.698791505539624 ], [ 101.703225355685674, 12.69879244309314 ], [ 101.703223445858626, 12.698611787097876 ], [ 101.703131443114003, 12.698612724605805 ], [ 101.703130488243914, 12.698522396600262 ], [ 101.703222490956122, 12.698521459099215 ], [ 101.703216761695614, 12.6979794910929 ], [ 101.703308764206056, 12.69797855360134 ], [ 101.703306854446595, 12.697797897607531 ], [ 101.703582861739378, 12.697795084983262 ], [ 101.703584771693258, 12.697975740935766 ], [ 101.703676774174269, 12.697974803316944 ], [ 101.703677729194652, 12.698065131285285 ], [ 101.703861734199421, 12.698063255938424 ], [ 101.703859824036428, 12.697882600028597 ], [ 101.703767821602526, 12.697883537704165 ], [ 101.70376591153375, 12.697702881777833 ], [ 101.703857913902866, 12.697701944116037 ], [ 101.70385600379872, 12.69752128820074 ], [ 101.70376400149442, 12.697522225848763 ], [ 101.703760181504023, 12.697160913982419 ], [ 101.70385218367872, 12.697159976361933 ], [ 101.703849318665974, 12.696888992475648 ], [ 101.703941320736121, 12.696888054844008 ], [ 101.703939410699604, 12.696707398930164 ], [ 101.703847408694244, 12.696708336548035 ], [ 101.703845498751946, 12.696527680617686 ], [ 101.703937500692518, 12.696526743013584 ], [ 101.703938455692381, 12.696617070972216 ], [ 101.704030457657979, 12.696616133329419 ], [ 101.704028547600814, 12.696435477425247 ], [ 101.704120549494263, 12.696434539764411 ], [ 101.704119594444307, 12.696344211818184 ], [ 101.704027592583259, 12.696345149472133 ], [ 101.704024727574748, 12.696074165608691 ], [ 101.703932725803526, 12.696075103210175 ], [ 101.703930815899426, 12.695894447284021 ], [ 101.70402281760586, 12.695893509696308 ], [ 101.704018042812379, 12.69544186990338 ], [ 101.704110044349477, 12.69544093231829 ], [ 101.704110999325849, 12.695531260271355 ], [ 101.704203000887986, 12.695530322647569 ], [ 101.704202045879214, 12.695439994701388 ], [ 101.704386048916618, 12.695438119372163 ], [ 101.704387003990192, 12.695528447304572 ], [ 101.70447900553026, 12.695527509585361 ], [ 101.704479960643567, 12.695617837510198 ], [ 101.704663963766393, 12.695615961962572 ], [ 101.704664918951863, 12.695706289872952 ], [ 101.70484892211006, 12.695704414184313 ], [ 101.704849877367664, 12.695794742080233 ], [ 101.704941878968128, 12.695793804181314 ], [ 101.704942834265481, 12.695884132069661 ], [ 101.705126837509098, 12.695882256162617 ], [ 101.705127792878628, 12.695972584036504 ], [ 101.705219794521781, 12.695971646028378 ], [ 101.705220749931058, 12.696061973894693 ], [ 101.705680758198454, 12.696057283342471 ], [ 101.705679802627202, 12.695966955510601 ], [ 101.706231812110786, 12.69596132583955 ], [ 101.706232767876415, 12.696051653630072 ], [ 101.706324769463635, 12.696050715233339 ], [ 101.70632381366562, 12.695960387449706 ], [ 101.706415815213077, 12.695959449028054 ], [ 101.706416771043493, 12.696049776804797 ], [ 101.70650877261599, 12.69604883834444 ], [ 101.706510684363707, 12.696229493882083 ], [ 101.706602685993616, 12.696228555376134 ], [ 101.706603641910917, 12.696318883137037 ], [ 101.706879646853707, 12.696316067407649 ], [ 101.706880602875557, 12.696406395147195 ], [ 101.70724860949241, 12.696402640368422 ], [ 101.70724956565121, 12.696492968079706 ], [ 101.707617572279801, 12.696489212764387 ], [ 101.707618528575566, 12.696579540447409 ], [ 101.7077105302467, 12.696578601532154 ], [ 101.707709573918535, 12.696488273856028 ], [ 101.707801575549894, 12.696487334915862 ], [ 101.707802531910446, 12.696577662585092 ], [ 101.708722548142831, 12.696568271364852 ], [ 101.708723504834722, 12.696658598964429 ], [ 101.708815506449824, 12.696657659660548 ], [ 101.708814549725545, 12.696567332067865 ], [ 101.708998552868849, 12.696565453378462 ], [ 101.708999509657929, 12.69665578095735 ], [ 101.709827523729516, 12.696647325218297 ], [ 101.709828480817549, 12.696737652734404 ], [ 101.710656494583532, 12.696729194356541 ], [ 101.710657451970491, 12.696819521809848 ], [ 101.711209461010341, 12.696813881418347 ], [ 101.711210418599066, 12.696904208829549 ], [ 101.711578424607708, 12.696900447904701 ], [ 101.711579382333397, 12.696990775287603 ], [ 101.711947388353579, 12.696987013826149 ], [ 101.711948346216246, 12.697077341180742 ], [ 101.712408353737445, 12.697072638603629 ], [ 101.712409311769477, 12.697162965923004 ], [ 101.712777317783178, 12.697159203261069 ], [ 101.712778275952203, 12.697249530552128 ], [ 101.713054280482183, 12.697246708200925 ], [ 101.713055238755771, 12.697337035470577 ], [ 101.713331243316517, 12.697334212812335 ], [ 101.713332201694683, 12.697424540060574 ], [ 101.713608206286182, 12.697421717095288 ], [ 101.71360916476894, 12.697512044322114 ], [ 101.713977170917147, 12.697508279895382 ], [ 101.713978129536883, 12.69759860709388 ], [ 101.714254134167732, 12.697595783419061 ], [ 101.714255092892031, 12.697686110596141 ], [ 101.714439096007141, 12.697684227973369 ], [ 101.714440054803617, 12.697774555135942 ], [ 101.714532056382495, 12.69777361376992 ], [ 101.714533015218777, 12.697863940924899 ], [ 101.714809020008275, 12.697861116615227 ], [ 101.714809978949134, 12.697951443748778 ], [ 101.714901980563269, 12.69795050224168 ], [ 101.714902939543919, 12.698040829367633 ], [ 101.715086942814821, 12.698038946244168 ], [ 101.715087901867648, 12.698129273355606 ], [ 101.715179903524415, 12.698128331739237 ], [ 101.715180862617046, 12.69821865884308 ], [ 101.715364865973228, 12.698216775501074 ], [ 101.715365825138036, 12.698307102590405 ], [ 101.715457826837437, 12.69830616086476 ], [ 101.715458786042049, 12.698396487946491 ], [ 101.715550787766475, 12.698395546182121 ], [ 101.715551747010863, 12.698485873256251 ], [ 101.715643748760286, 12.69848493145315 ], [ 101.715644708044465, 12.698575258519682 ], [ 101.715736709818927, 12.698574316677849 ], [ 101.715738628474256, 12.698754970795022 ], [ 101.715830630306129, 12.698754028907544 ], [ 101.715831589677279, 12.698844355958189 ], [ 101.71592359153415, 12.698843414031979 ], [ 101.71592455094509, 12.698933741075022 ], [ 101.716016552826986, 12.698932799110079 ], [ 101.716017512277716, 12.699023126145521 ], [ 101.716109514184623, 12.699022184141846 ], [ 101.716110473675158, 12.699112511169686 ], [ 101.716202475607076, 12.699111569127279 ], [ 101.716203435137388, 12.699201896147517 ], [ 101.716295437094317, 12.699200954066374 ], [ 101.716297356241938, 12.699381608090967 ], [ 101.716389358256279, 12.699380665964172 ], [ 101.716392237130364, 12.69965164697517 ], [ 101.71657624133131, 12.699649762584626 ], [ 101.716578160747275, 12.699830416560864 ], [ 101.716394156416712, 12.699832300979079 ], [ 101.716396075732632, 12.700012954980251 ], [ 101.716304073491443, 12.700013897155461 ], [ 101.716300235018821, 12.699652589122714 ], [ 101.716208232899874, 12.699653531238443 ], [ 101.716205354220207, 12.699382550185941 ], [ 101.715929348110677, 12.699385376279967 ], [ 101.715928388662775, 12.699295049240344 ], [ 101.715284374375386, 12.699301642297712 ], [ 101.715281496756518, 12.699030661029523 ], [ 101.715189494783104, 12.69903160274685 ], [ 101.715187576472275, 12.698850948550806 ], [ 101.715003572632924, 12.69885283186235 ], [ 101.715002613553395, 12.698762504749473 ], [ 101.714910611655043, 12.698763446350611 ], [ 101.714909652615304, 12.698673119230135 ], [ 101.714633646973127, 12.6986759438219 ], [ 101.71463268803798, 12.698585616679999 ], [ 101.714540686174885, 12.698586558140047 ], [ 101.714541645077631, 12.69867688528886 ], [ 101.714449643174746, 12.698677826724001 ], [ 101.71445060205248, 12.69876815387904 ], [ 101.714358600109819, 12.698769095289277 ], [ 101.714359558962528, 12.698859422450543 ], [ 101.714267556980076, 12.698860363835877 ], [ 101.714268515807774, 12.698950691003372 ], [ 101.7140845117559, 12.698952573692413 ], [ 101.714085470526172, 12.699042900873049 ], [ 101.713809464295778, 12.69904572468872 ], [ 101.713808505622708, 12.698955397487351 ], [ 101.713716503563546, 12.698956338688697 ], [ 101.713715544930267, 12.698866011479737 ], [ 101.713807546957028, 12.698865070285304 ], [ 101.713806588298723, 12.698774743082566 ], [ 101.713714586304363, 12.698775684270091 ], [ 101.713712669074724, 12.698595029848741 ], [ 101.713804671004283, 12.698594088675039 ], [ 101.713803712368133, 12.698503761470249 ], [ 101.713711710470974, 12.698504702637042 ], [ 101.713710751874615, 12.698414375424656 ], [ 101.713618750002482, 12.698415316552726 ], [ 101.713617791445898, 12.698324989332747 ], [ 101.713985798760518, 12.69832122465723 ], [ 101.713984840081721, 12.698230897464205 ], [ 101.714076841859523, 12.698229956222697 ], [ 101.714075883155715, 12.698139629035902 ], [ 101.713983881410314, 12.698140570270498 ], [ 101.713982922746283, 12.698050243076107 ], [ 101.713798919298142, 12.69805212543603 ], [ 101.713797960706302, 12.697961798227135 ], [ 101.713521955575899, 12.697964621507682 ], [ 101.713520997088636, 12.697874294277367 ], [ 101.713428995396143, 12.697875235300344 ], [ 101.713428036948656, 12.697784908062436 ], [ 101.713060030234445, 12.697788671808569 ], [ 101.713061946877588, 12.697969326338978 ], [ 101.713153948632012, 12.697968385436345 ], [ 101.713154906997062, 12.698058712693612 ], [ 101.713338910548572, 12.698056830779089 ], [ 101.713339868985798, 12.698147158021852 ], [ 101.71343187078287, 12.69814621700996 ], [ 101.713432829259887, 12.69823654424513 ], [ 101.7133408274304, 12.698237485263929 ], [ 101.71334370280853, 12.698508466986061 ], [ 101.713527706654517, 12.698506584875181 ], [ 101.713528665193465, 12.698596912100705 ], [ 101.713620667137775, 12.698595970990631 ], [ 101.713622584302612, 12.698776625425801 ], [ 101.713162574183158, 12.698781330727099 ], [ 101.713160657342343, 12.698600676222837 ], [ 101.712976653372493, 12.698602558093004 ], [ 101.71297569502795, 12.698512230826029 ], [ 101.712699689115027, 12.698515053371942 ], [ 101.712698730875076, 12.698424726083555 ], [ 101.712514726961032, 12.698426607607937 ], [ 101.712513768793272, 12.698336280305053 ], [ 101.7123297649145, 12.698338161688357 ], [ 101.712328806818917, 12.698247834370971 ], [ 101.71214480297543, 12.698249715613201 ], [ 101.712143844952038, 12.69815938828132 ], [ 101.711959841143837, 12.698161269382478 ], [ 101.711958883192622, 12.698070942036098 ], [ 101.711866881309859, 12.698071882532052 ], [ 101.71186592339842, 12.697981555178082 ], [ 101.711773921540683, 12.697982495635314 ], [ 101.71177296366902, 12.69789216827375 ], [ 101.711496958148714, 12.697894989433843 ], [ 101.711496000381644, 12.697804662050883 ], [ 101.71057598182513, 12.697814063780896 ], [ 101.710575024389442, 12.697723736328216 ], [ 101.710207016889925, 12.69772749610182 ], [ 101.710206059591201, 12.697637168620847 ], [ 101.709930053986341, 12.697639988096304 ], [ 101.709929096792195, 12.697549660593941 ], [ 101.709377085577799, 12.697555298644479 ], [ 101.709376128585419, 12.697464971100032 ], [ 101.709100122975912, 12.697467789675123 ], [ 101.70910107987109, 12.697558117240266 ], [ 101.708825074098044, 12.697560935549731 ], [ 101.708826030903396, 12.697651263134889 ], [ 101.708642026953044, 12.697653141862595 ], [ 101.708642983700969, 12.697743469460859 ], [ 101.707906967345608, 12.697750983154299 ], [ 101.707907923841702, 12.697841310807053 ], [ 101.707815921731708, 12.697842249882465 ], [ 101.707817834681208, 12.698022905199712 ], [ 101.707909836855976, 12.69802196611051 ], [ 101.70791174989975, 12.698202621411225 ], [ 101.708003752131958, 12.698201682276416 ], [ 101.708004708697288, 12.698292009918854 ], [ 101.708188713204422, 12.698290131539997 ], [ 101.708189669841929, 12.698380459167957 ], [ 101.70837367438439, 12.698378580648045 ], [ 101.70837463109406, 12.698468908261527 ], [ 101.708466633386635, 12.698467968946947 ], [ 101.708467590136081, 12.69855829655285 ], [ 101.708927601650458, 12.698553599468235 ], [ 101.708928558569283, 12.698643927038965 ], [ 101.709204565486658, 12.69864110838571 ], [ 101.709205522510061, 12.698731435935054 ], [ 101.709665534053627, 12.698726737508803 ], [ 101.709666491246409, 12.698817065022968 ], [ 101.710678516349844, 12.698806725609447 ], [ 101.710677558800626, 12.698716398171198 ], [ 101.710769561006089, 12.698715458040516 ], [ 101.710768603431831, 12.698625130608484 ], [ 101.710860605597546, 12.698624190452891 ], [ 101.710859647998262, 12.698533863027077 ], [ 101.711043652242736, 12.698531982634249 ], [ 101.711042694586027, 12.69844165522156 ], [ 101.7111346966648, 12.698440714984324 ], [ 101.711133738983065, 12.698350387577856 ], [ 101.711777753101089, 12.698343805074709 ], [ 101.711778711009629, 12.698434132432844 ], [ 101.712054717046755, 12.698431310862121 ], [ 101.712055675059887, 12.698521638198855 ], [ 101.712331681127793, 12.698518816321071 ], [ 101.712332639245503, 12.698609143636403 ], [ 101.712516643318693, 12.698607262211652 ], [ 101.712517601508594, 12.698697589512488 ], [ 101.71270160561707, 12.698695707946658 ], [ 101.712702563879148, 12.698786035232994 ], [ 101.712794565954709, 12.698785094395445 ], [ 101.712795524256578, 12.698875421674185 ], [ 101.712887526357164, 12.698874480797913 ], [ 101.712889443047857, 12.699055135339524 ], [ 101.712797440882454, 12.699056076229612 ], [ 101.712798399206477, 12.699146403506298 ], [ 101.712706397001298, 12.699147344371472 ], [ 101.71270543870969, 12.699057017087879 ], [ 101.712245427735127, 12.699061720901975 ], [ 101.712246385864717, 12.699152048220105 ], [ 101.711602369963543, 12.699158632271857 ], [ 101.711603327873689, 12.699248959637645 ], [ 101.711235318495369, 12.699252721280567 ], [ 101.711236276283287, 12.69934304867329 ], [ 101.711604285791211, 12.699339287002747 ], [ 101.711605243716107, 12.699429614367162 ], [ 101.712157257951091, 12.699423970865382 ], [ 101.712158216077796, 12.699514298187678 ], [ 101.712526225549823, 12.699510535189168 ], [ 101.712527183813521, 12.699600862483154 ], [ 101.712619186195482, 12.699599921647071 ], [ 101.71262014449897, 12.699690248933464 ], [ 101.712804149305555, 12.699688367152032 ], [ 101.712805107681234, 12.699778694423925 ], [ 101.712897110105871, 12.699777753478571 ], [ 101.712898068521326, 12.699868080742869 ], [ 101.713082073413247, 12.699866198742891 ], [ 101.713083031900908, 12.699956525992688 ], [ 101.713267036828128, 12.699954643851612 ], [ 101.713267995387966, 12.700044971086909 ], [ 101.713359997872914, 12.700044029961731 ], [ 101.713360956472542, 12.700134357189434 ], [ 101.713544961485098, 12.700132474829802 ], [ 101.713545920156932, 12.700222802042997 ], [ 101.713821927717575, 12.700219978244172 ], [ 101.713822886494015, 12.700310305435956 ], [ 101.713914889031869, 12.70030936409913 ], [ 101.713915847848099, 12.700399691283314 ], [ 101.714007850410994, 12.700398749907757 ], [ 101.714008809267, 12.700489077084347 ], [ 101.714192814435421, 12.70048719422395 ], [ 101.714193773363633, 12.700577521386029 ], [ 101.714285775969174, 12.700576579901186 ], [ 101.71428673493719, 12.700666907055673 ], [ 101.714470740190933, 12.700665023976704 ], [ 101.71447169923114, 12.70075535111668 ], [ 101.714655704520155, 12.700753467896599 ], [ 101.714656663632567, 12.700843795022063 ], [ 101.714840668956853, 12.700841911660872 ], [ 101.714841628141471, 12.700932238771827 ], [ 101.714933630824945, 12.700931297036584 ], [ 101.714934590049353, 12.701021624139944 ], [ 101.715394603517922, 12.701016914951845 ], [ 101.71539556291178, 12.701107242019942 ], [ 101.715671571001479, 12.701104416104476 ], [ 101.715672530499944, 12.701194743151145 ], [ 101.715764533214141, 12.701193801108763 ], [ 101.715765492752396, 12.701284128147831 ], [ 101.715949498223452, 12.701282243953768 ], [ 101.715950457833927, 12.701372570978322 ], [ 101.716134463340225, 12.701370686643136 ], [ 101.716135423022919, 12.701461013653169 ], [ 101.71641143132419, 12.701458186890969 ], [ 101.716412391111476, 12.701548513879565 ], [ 101.716504393896187, 12.701547571554938 ], [ 101.716505353723292, 12.701637898535932 ], [ 101.716689359335376, 12.701636013777367 ], [ 101.716690319234672, 12.701726340743843 ], [ 101.717426341646586, 12.701718800381302 ], [ 101.717425381487999, 12.701628473470178 ], [ 101.717517384223811, 12.701627530788576 ], [ 101.717518344414813, 12.701717857692781 ], [ 101.71770234992907, 12.701715972220262 ], [ 101.717701389673238, 12.7016256453299 ], [ 101.717793392386866, 12.701624702552827 ], [ 101.717794352675114, 12.70171502943627 ], [ 101.71797835814499, 12.701713143772814 ], [ 101.717979318505428, 12.701803470641726 ], [ 101.718071321261704, 12.701802527755342 ], [ 101.718072281661946, 12.701892854616649 ], [ 101.718164284443233, 12.701891911691522 ], [ 101.718165244883295, 12.70198223854522 ], [ 101.718257247689579, 12.701981295581346 ], [ 101.718258208169445, 12.702071622427436 ], [ 101.718442213824645, 12.702069736390367 ], [ 101.718443174376745, 12.702160063221932 ], [ 101.718535177225661, 12.702159120148735 ], [ 101.718536137817551, 12.702249446972692 ], [ 101.718628140691493, 12.702248503860755 ], [ 101.718629101323188, 12.702338830677101 ], [ 101.718813107113704, 12.702336944343902 ], [ 101.718814067817618, 12.702427271145714 ], [ 101.718906070734192, 12.702426327924451 ], [ 101.718907031477926, 12.702516654718663 ], [ 101.718999034419511, 12.702515711458648 ], [ 101.718999995203063, 12.702606038245246 ], [ 101.719276004080641, 12.702603208253489 ], [ 101.719276964968842, 12.702693535018632 ], [ 101.719460970915065, 12.702691648184482 ], [ 101.719461931875458, 12.702781974935089 ], [ 101.719553934869893, 12.702781031463349 ], [ 101.719554895870104, 12.702871358206341 ], [ 101.71964689888955, 12.70287041469585 ], [ 101.71964785992958, 12.702960741431237 ], [ 101.719739862974038, 12.702959797881995 ], [ 101.719740824053886, 12.703050124609769 ], [ 101.71992483018542, 12.703048237401955 ], [ 101.71992675249696, 12.70322889082774 ], [ 101.720018755616451, 12.703227947162238 ], [ 101.720019716815742, 12.703318273867177 ], [ 101.720203723097342, 12.70331638642684 ], [ 101.720204684368866, 12.703406713117243 ], [ 101.72029668753099, 12.703405769342407 ], [ 101.720297648842333, 12.703496096025194 ], [ 101.720389652029453, 12.703495152211605 ], [ 101.720390613380602, 12.703585478886778 ], [ 101.720482616592761, 12.703584535034432 ], [ 101.720483577983714, 12.703674861701995 ], [ 101.720667584450638, 12.70367297388796 ], [ 101.720669507384429, 12.703853627193316 ], [ 101.720761510671622, 12.703852683224705 ], [ 101.720762472182031, 12.703943009869425 ], [ 101.720854475494235, 12.703942065862053 ], [ 101.720855437044477, 12.70403239249916 ], [ 101.720947440381693, 12.70403144845303 ], [ 101.720948401971754, 12.704121775082527 ], [ 101.721316415376208, 12.704117998551995 ], [ 101.721317377103347, 12.704208325153084 ], [ 101.721409380468359, 12.704207380933951 ], [ 101.72141034223533, 12.704297707527425 ], [ 101.721502345625368, 12.704296763269529 ], [ 101.72150330743213, 12.704387089855393 ], [ 101.721779317655063, 12.704384256869938 ], [ 101.721780279566474, 12.704474583434315 ], [ 101.722056289820003, 12.704471750141598 ], [ 101.722057251836091, 12.704562076684502 ], [ 101.722241258699583, 12.704560187649674 ], [ 101.722242220787905, 12.704650514178029 ], [ 101.72270223797905, 12.704645790999269 ], [ 101.722703200236893, 12.704736117492272 ], [ 101.722795203685322, 12.704735172754093 ], [ 101.72279616598297, 12.704825499239478 ], [ 101.722888169456411, 12.704824554462537 ], [ 101.722890094138776, 12.705005207417379 ], [ 101.722982097669643, 12.705004262594739 ], [ 101.722983060054361, 12.705094589064201 ], [ 101.723075063610239, 12.705093644202794 ], [ 101.723076026034789, 12.705183970664635 ], [ 101.722984022446497, 12.705184915532977 ], [ 101.722984984846036, 12.705275242001065 ], [ 101.722892981217925, 12.705276186844506 ], [ 101.722895868363736, 12.705547166265466 ], [ 101.722803864630933, 12.705548111097876 ], [ 101.72280578936703, 12.705728764055621 ], [ 101.722897793164648, 12.705727819209343 ], [ 101.72289683076049, 12.705637492737745 ], [ 101.723080838268686, 12.705635602963554 ], [ 101.723078913352893, 12.705454950046045 ], [ 101.723170917031041, 12.705454005125066 ], [ 101.723169954551835, 12.705363678672219 ], [ 101.723261958190136, 12.705362733726343 ], [ 101.723257145743204, 12.704911101486486 ], [ 101.723349149212012, 12.704910156543455 ], [ 101.723348186712442, 12.704819830100362 ], [ 101.723624196977127, 12.704816995101087 ], [ 101.723626122178203, 12.704997647944978 ], [ 101.723718125649782, 12.704996702867685 ], [ 101.723720050945346, 12.705177355694959 ], [ 101.723812054474351, 12.705176410571964 ], [ 101.723813017165668, 12.705266736977636 ], [ 101.723997024266282, 12.70526484662228 ], [ 101.723997987029847, 12.705355173013396 ], [ 101.724181994165647, 12.705353282516835 ], [ 101.72418295700146, 12.705443608893388 ], [ 101.724826981970224, 12.70543699110415 ], [ 101.724827945040403, 12.705527317431457 ], [ 101.724919948610122, 12.705526371898726 ], [ 101.724918985507543, 12.705436045578361 ], [ 101.725655013539068, 12.705428480226066 ], [ 101.725654050184545, 12.705338153960538 ], [ 101.726022063892643, 12.705334370548186 ], [ 101.726021100415849, 12.705244044309733 ], [ 101.726297110521784, 12.70524120643706 ], [ 101.72629614695515, 12.705150880218754 ], [ 101.726480153590515, 12.705148988158363 ], [ 101.726479189966469, 12.705058661953256 ], [ 101.726203180099546, 12.705061499975262 ], [ 101.726202216580177, 12.704971173748644 ], [ 101.725558193524705, 12.70497779463731 ], [ 101.725557230239673, 12.704887468361413 ], [ 101.725373223650479, 12.704889359743529 ], [ 101.725372260437695, 12.704799033453064 ], [ 101.725188253883687, 12.704800924693975 ], [ 101.725187290743165, 12.704710598388948 ], [ 101.725003284224314, 12.704712489488662 ], [ 101.72500232115604, 12.704622163169063 ], [ 101.724818314672362, 12.704624054127576 ], [ 101.72481735167635, 12.704533727793416 ], [ 101.724725348455792, 12.704534673217989 ], [ 101.724724385499613, 12.704444346876206 ], [ 101.724540379101128, 12.704446237615986 ], [ 101.724539416217169, 12.704355911259643 ], [ 101.724447413039229, 12.704356856574847 ], [ 101.724446450195117, 12.704266530210878 ], [ 101.724354447042174, 12.704267475487317 ], [ 101.724353484237895, 12.704177149115726 ], [ 101.724261481109949, 12.704178094353399 ], [ 101.724260518345488, 12.704087767974185 ], [ 101.724168515242553, 12.704088713173089 ], [ 101.724166589800717, 12.703908060398726 ], [ 101.724074586755208, 12.703909005551933 ], [ 101.724073624077818, 12.703818679156786 ], [ 101.723981621057291, 12.703819624271226 ], [ 101.723980658419734, 12.703729297868458 ], [ 101.723888655424233, 12.703730242944131 ], [ 101.723886730236174, 12.703549590122666 ], [ 101.723794727298085, 12.70355053515264 ], [ 101.723793764747583, 12.703460208733942 ], [ 101.723701761834491, 12.703461153725152 ], [ 101.723699836820572, 12.703280500871829 ], [ 101.72379183966882, 12.703279555894492 ], [ 101.723789914619715, 12.7030989030523 ], [ 101.723881917395744, 12.703097958057011 ], [ 101.723880954849889, 12.703007631641821 ], [ 101.723972957586085, 12.70300668662164 ], [ 101.723971995015233, 12.702916360212701 ], [ 101.724156000400569, 12.702914470090736 ], [ 101.724155037772292, 12.702824143694988 ], [ 101.725075063930049, 12.70281469124499 ], [ 101.725076026882448, 12.702905017571355 ], [ 101.725260032089849, 12.702903126685568 ], [ 101.725259069072635, 12.702812800373083 ], [ 101.725811084322416, 12.702807126993552 ], [ 101.72581204753412, 12.702897453264395 ], [ 101.725996052622861, 12.702895561869397 ], [ 101.725995089346341, 12.702805235612438 ], [ 101.726087091847191, 12.702804289874145 ], [ 101.726088055156126, 12.702894616124166 ], [ 101.726180057681944, 12.7028936703471 ], [ 101.726179094340608, 12.702803344104023 ], [ 101.726363099305189, 12.702801452468307 ], [ 101.726362135906442, 12.702711126238434 ], [ 101.726638143200447, 12.702708288566997 ], [ 101.726639106696439, 12.702798614776045 ], [ 101.726731109145348, 12.702797668814974 ], [ 101.726730145616955, 12.702707342612872 ], [ 101.727098155208751, 12.70270355847811 ], [ 101.727099118866789, 12.702793884652433 ], [ 101.727283123682994, 12.702791992380215 ], [ 101.727284087413295, 12.702882318539963 ], [ 101.727376089842664, 12.702881372349173 ], [ 101.727375126079977, 12.702791046196365 ], [ 101.727559130851645, 12.702789153733191 ], [ 101.727560094679177, 12.702879479872109 ], [ 101.727652097086306, 12.702878533585839 ], [ 101.72765113322636, 12.702788207453867 ], [ 101.727743135593641, 12.702787261142721 ], [ 101.727744099486003, 12.702877587267746 ], [ 101.727928104263114, 12.702875694536077 ], [ 101.727929068227724, 12.702966020646528 ], [ 101.728021070637567, 12.702965074226009 ], [ 101.728022034641995, 12.703055400328822 ], [ 101.728114037076836, 12.703054453869534 ], [ 101.728113073039992, 12.702964127773665 ], [ 101.72829707782256, 12.702962234773503 ], [ 101.728298041924234, 12.703052560855474 ], [ 101.728574049139652, 12.703049721095692 ], [ 101.728575013345989, 12.703140047156134 ], [ 101.728667015768693, 12.703139100498943 ], [ 101.728667980014862, 12.703229426551751 ], [ 101.728851984902832, 12.703227533127992 ], [ 101.728850056288252, 12.703046881049479 ], [ 101.728942058656273, 12.703045934303759 ], [ 101.728941094327709, 12.702955608270424 ], [ 101.729033096655883, 12.702954661499827 ], [ 101.729032132302351, 12.702864335472755 ], [ 101.729216136871599, 12.702862441849982 ], [ 101.729215172460655, 12.702772115836124 ], [ 101.729307174701731, 12.702771168983949 ], [ 101.72930813914509, 12.702861494990856 ], [ 101.729400141411148, 12.702860548099906 ], [ 101.729399176935374, 12.70277022209995 ], [ 101.729491179161599, 12.702769275184124 ], [ 101.729492143669788, 12.702859601177131 ], [ 101.729952154851574, 12.702854866085879 ], [ 101.729953119529242, 12.702945192043444 ], [ 101.730413130687396, 12.702940456121805 ], [ 101.730414095534542, 12.703030782043919 ], [ 101.730598100010624, 12.703028887438581 ], [ 101.730599064930047, 12.703119213346101 ], [ 101.730691067189355, 12.70311826598874 ], [ 101.730690102237517, 12.70302794008817 ], [ 101.730782104456978, 12.703026992705938 ], [ 101.73078306944123, 12.703117318599553 ], [ 101.730967073922685, 12.703115423725702 ], [ 101.730968038979185, 12.703205749604725 ], [ 101.731336047982595, 12.703201959447297 ], [ 101.731337013176173, 12.703292285297813 ], [ 101.731521017698114, 12.70329039001423 ], [ 101.731521982963955, 12.70338071585015 ], [ 101.731613985246184, 12.703379768153663 ], [ 101.731616881185531, 12.703650745636445 ], [ 101.731524878806056, 12.703651693353798 ], [ 101.731525844101625, 12.703742019186974 ], [ 101.731433841682303, 12.703742966879457 ], [ 101.731434806952876, 12.703833292718906 ], [ 101.731342804493721, 12.703834240386513 ], [ 101.731343769739325, 12.70392456623223 ], [ 101.731435772230896, 12.703923618557667 ], [ 101.731436737516361, 12.704013944395737 ], [ 101.731620742542049, 12.704012048937212 ], [ 101.731621707899762, 12.704102374760691 ], [ 101.73171371043388, 12.704101426976731 ], [ 101.731714675831441, 12.704191752792568 ], [ 101.731990683486444, 12.704188909228845 ], [ 101.731991648988682, 12.704279235023124 ], [ 101.732451661760408, 12.704274495078902 ], [ 101.732452627432167, 12.704364820837705 ], [ 101.73263663255365, 12.704362924623297 ], [ 101.732637598297671, 12.704453250367504 ], [ 101.732821603454241, 12.704451354011864 ], [ 101.732822569270539, 12.704541679741466 ], [ 101.732914571870069, 12.704540731508942 ], [ 101.732915537726228, 12.704631057230896 ], [ 101.733007540350741, 12.704630108959586 ], [ 101.733008506246748, 12.704720434673893 ], [ 101.733284514172951, 12.704717589648105 ], [ 101.733285480173635, 12.704807915340849 ], [ 101.733377482833248, 12.704806966928299 ], [ 101.733378448873793, 12.704897292613401 ], [ 101.733470451558389, 12.704896344162062 ], [ 101.733472383726607, 12.705076995516272 ], [ 101.733748391930263, 12.705074149929509 ], [ 101.733749358122779, 12.705164475584702 ], [ 101.733933363619528, 12.705162578353782 ], [ 101.73393432988432, 12.705252903994372 ], [ 101.734026332653968, 12.705251955324204 ], [ 101.734027298958623, 12.70534228095714 ], [ 101.734119301753225, 12.705341332248182 ], [ 101.73411833541617, 12.705251006622207 ], [ 101.734486346390554, 12.705247211495905 ], [ 101.734487312857297, 12.705337537094028 ], [ 101.73457931561471, 12.705336588225911 ], [ 101.734578349115552, 12.705246262634754 ], [ 101.734670351833103, 12.70524531374177 ], [ 101.73467131836469, 12.705335639325964 ], [ 101.735131332002936, 12.705330894348768 ], [ 101.735132298704045, 12.705421219897454 ], [ 101.735592312318332, 12.705416474089652 ], [ 101.735593279188976, 12.705506799602826 ], [ 101.735777284647412, 12.705504901042957 ], [ 101.735778251590347, 12.705595226541512 ], [ 101.735962257083855, 12.705593327840381 ], [ 101.735963224099066, 12.705683653324316 ], [ 101.736055226867094, 12.705682703919038 ], [ 101.736056193922153, 12.705773029395319 ], [ 101.736240199500671, 12.70577113047533 ], [ 101.736241166628048, 12.705861455936992 ], [ 101.736333169438552, 12.70586050642228 ], [ 101.736334136605763, 12.705950831876283 ], [ 101.73651814226929, 12.705948932737428 ], [ 101.736519109508805, 12.706039258176816 ], [ 101.736703115207391, 12.706037358896692 ], [ 101.736702147903046, 12.705947033471247 ], [ 101.736794150708732, 12.705946083790407 ], [ 101.736795118045507, 12.706036409208881 ], [ 101.736887120876176, 12.70603545948924 ], [ 101.736886153506987, 12.705945134077732 ], [ 101.737070159081156, 12.705943234556889 ], [ 101.737072093956655, 12.706123885351339 ], [ 101.737256099630713, 12.706121985675287 ], [ 101.737257067144483, 12.706212311057541 ], [ 101.73734907000275, 12.706211361164796 ], [ 101.737348102456579, 12.70612103578951 ], [ 101.737624110889442, 12.706118185941188 ], [ 101.737623143253444, 12.706027860586129 ], [ 101.737715146017081, 12.706026910579993 ], [ 101.737714178356114, 12.705936585231219 ], [ 101.737806181079876, 12.705935635200225 ], [ 101.737807148773271, 12.706025960542027 ], [ 101.738083156997149, 12.70602311023713 ], [ 101.73808412479525, 12.706113435557326 ], [ 101.738176127554055, 12.706112485385056 ], [ 101.738175159723525, 12.70602216007183 ], [ 101.738267162442483, 12.706021209874701 ], [ 101.738268130305414, 12.706111535180954 ], [ 101.738360133049312, 12.706110584945016 ], [ 101.738361100952133, 12.706200910243611 ], [ 101.738453103721014, 12.70619995996887 ], [ 101.738454071663696, 12.706290285259803 ], [ 101.738822082794371, 12.706286483814612 ], [ 101.738823050874188, 12.706376809076962 ], [ 101.739283064781958, 12.706372056519358 ], [ 101.739282096540038, 12.706281731291881 ], [ 101.739466101986125, 12.706279830059961 ], [ 101.739465133686821, 12.706189504845749 ], [ 101.739649139038264, 12.706187603500446 ], [ 101.739650107402412, 12.706277928700704 ], [ 101.740294126124525, 12.706271272940576 ], [ 101.740295094723081, 12.706361598091304 ], [ 101.740479100070004, 12.706359696145102 ], [ 101.740478131406604, 12.706269371008327 ], [ 101.740662136658855, 12.70626746894875 ], [ 101.740661167938086, 12.706177143825249 ], [ 101.741121180776105, 12.706172388154126 ], [ 101.741122149658963, 12.706262713242729 ], [ 101.741582162472611, 12.70625795674089 ], [ 101.741583131525033, 12.706348281793906 ], [ 101.741859139220978, 12.706345427489866 ], [ 101.741860108378134, 12.706435752521248 ], [ 101.741952110960938, 12.70643480101592 ], [ 101.74195308015797, 12.706525126039638 ], [ 101.742413093122209, 12.706520368000584 ], [ 101.74241406248882, 12.706610692988697 ], [ 101.742506065091703, 12.706609741278402 ], [ 101.742507034498175, 12.706700066258845 ], [ 101.742599037126027, 12.706699114509734 ], [ 101.742600006572388, 12.706789439482506 ], [ 101.742692009225195, 12.706788487694578 ], [ 101.742697826254641, 12.707330437474885 ], [ 101.742789829094519, 12.707329485613219 ], [ 101.742792737807264, 12.707600460473151 ], [ 101.742884740736955, 12.707599508558692 ], [ 101.742883771126145, 12.707509183613052 ], [ 101.742975774015932, 12.707508231673742 ], [ 101.742974804380168, 12.707417906734403 ], [ 101.743066807230079, 12.707416954770242 ], [ 101.74306486791609, 12.70723630490347 ], [ 101.743156870693682, 12.707235352921446 ], [ 101.74315590101547, 12.707145027994011 ], [ 101.743339906483413, 12.707143123948427 ], [ 101.743338936747818, 12.707052799034281 ], [ 101.743614944796491, 12.707049942748105 ], [ 101.743613974971083, 12.706959617854233 ], [ 101.744073988074106, 12.706954856775514 ], [ 101.744075928056603, 12.707135506492703 ], [ 101.744443938663991, 12.707131697000808 ], [ 101.744442968539332, 12.707041372170508 ], [ 101.744626973733375, 12.707039467247531 ], [ 101.744626003551332, 12.706949142430524 ], [ 101.745086016243647, 12.706944379600927 ], [ 101.745085045906961, 12.70685405481818 ], [ 101.745269050866767, 12.706852149477486 ], [ 101.745267110086132, 12.706671499937896 ], [ 101.745727122030672, 12.706666736098974 ], [ 101.745726151489464, 12.706576411363107 ], [ 101.745818153823549, 12.706575458506817 ], [ 101.745817183257373, 12.706485133777253 ], [ 101.745909185551554, 12.706484180896119 ], [ 101.745908214960437, 12.706393856172863 ], [ 101.746184221700901, 12.706390997359444 ], [ 101.746185192389277, 12.706481322061723 ], [ 101.746277194653572, 12.706480369053262 ], [ 101.746279136117593, 12.706661018441769 ], [ 101.746371138439258, 12.70666006538749 ], [ 101.746372109214889, 12.70675039007372 ], [ 101.746556113900652, 12.706748483855664 ], [ 101.746557084748602, 12.706838808527223 ], [ 101.746649087112687, 12.706837855363453 ], [ 101.74665005800054, 12.706928180027329 ], [ 101.746834062771129, 12.706926273590298 ], [ 101.746835033731301, 12.707016598239496 ], [ 101.746927036137805, 12.707015644966233 ], [ 101.746928978145391, 12.707196294248588 ], [ 101.747020980609278, 12.707195340929502 ], [ 101.747021951656706, 12.707285665562651 ], [ 101.747573966477532, 12.707279944937632 ], [ 101.747574937726981, 12.70737026952812 ], [ 101.747942947587688, 12.707366455113425 ], [ 101.747941004836903, 12.70718580598774 ], [ 101.748033007218552, 12.707184852318475 ], [ 101.748033978622615, 12.70727517687466 ], [ 101.748309985819958, 12.707272315654865 ], [ 101.748309014318622, 12.707181991119668 ], [ 101.748585021351374, 12.70717912963436 ], [ 101.74858404976024, 12.707088805119472 ], [ 101.748768054346513, 12.707086897317424 ], [ 101.748769026002478, 12.707177221818311 ], [ 101.748953030623682, 12.707175313874927 ], [ 101.748954002351979, 12.707265638361127 ], [ 101.749046004683777, 12.707264684334683 ], [ 101.749046976451964, 12.707355008813197 ], [ 101.749322983499752, 12.707352146521856 ], [ 101.749322011634291, 12.707261822064345 ], [ 101.749506016230555, 12.70725991372495 ], [ 101.74950698816086, 12.707350238168454 ], [ 101.749690992792054, 12.707348329687713 ], [ 101.749690020796905, 12.707258005258213 ], [ 101.749874025333312, 12.707256096664137 ], [ 101.74987499739332, 12.707346421079638 ], [ 101.750151004239086, 12.707343557928761 ], [ 101.75015003208182, 12.707253233534271 ], [ 101.750242034316358, 12.70725227909398 ], [ 101.750240089959433, 12.707071630316944 ], [ 101.750424094276369, 12.707069721368869 ], [ 101.750423122044296, 12.706979396993331 ], [ 101.750607126266445, 12.706977487931933 ], [ 101.750608098563362, 12.707067812293465 ], [ 101.750700100695639, 12.707066857708009 ], [ 101.750699128366293, 12.706976533353481 ], [ 101.751159138753266, 12.706971759983734 ], [ 101.75115816626932, 12.706881435663544 ], [ 101.75134217030687, 12.706879526106819 ], [ 101.751341197765541, 12.706789201799953 ], [ 101.751617203668459, 12.706786337247138 ], [ 101.75161623103736, 12.706696012960604 ], [ 101.751892236775632, 12.706693148142316 ], [ 101.75189320950399, 12.706783472407826 ], [ 101.752353219080106, 12.706778697038983 ], [ 101.752352246189645, 12.706688372808511 ], [ 101.752536249902832, 12.706686462452161 ], [ 101.752535276955015, 12.706596138235021 ], [ 101.752719280573416, 12.706594227765358 ], [ 101.752718307568259, 12.706503903561552 ], [ 101.752994312842404, 12.706501037639347 ], [ 101.75299528594482, 12.706591361822122 ], [ 101.753087287720305, 12.706590406444047 ], [ 101.75308826086264, 12.706680730619123 ], [ 101.753180262663037, 12.706679775202204 ], [ 101.753181235845275, 12.706770099369587 ], [ 101.753273237670641, 12.706769143913821 ], [ 101.753274210892783, 12.706859468073507 ], [ 101.753366212743046, 12.706858512578899 ], [ 101.753367186005121, 12.706948836730882 ], [ 101.755483227238784, 12.706926851407705 ], [ 101.755482253231051, 12.706836527417043 ], [ 101.755942261508054, 12.706831745805735 ], [ 101.755943235677904, 12.706922069761308 ], [ 101.756035237343227, 12.706921113336531 ], [ 101.756034263140961, 12.706830789387975 ], [ 101.75621826638428, 12.706828876456957 ], [ 101.756217292124674, 12.706738552521749 ], [ 101.75640129527315, 12.706736639477436 ], [ 101.756400320956203, 12.706646315555579 ], [ 101.75658432400985, 12.706644402397979 ], [ 101.756583349635576, 12.70655407848947 ], [ 101.755755335949743, 12.706562686632795 ], [ 101.75575631003224, 12.70665301060447 ], [ 101.755572306843618, 12.706654923189092 ], [ 101.755571332825966, 12.706564599203384 ], [ 101.755387329672189, 12.706566511646642 ], [ 101.75538635572687, 12.706476187646215 ], [ 101.755294354171141, 12.70647714381308 ], [ 101.755290458594487, 12.706115847776429 ], [ 101.755382460020527, 12.706114891637629 ], [ 101.755381486112697, 12.706024567633765 ], [ 101.755657490248566, 12.706021699047431 ], [ 101.755658464253656, 12.706112023030242 ], [ 101.756210472517466, 12.706106284956038 ], [ 101.756211446724564, 12.706196608896061 ], [ 101.756487450852489, 12.706193739408187 ], [ 101.756486476548119, 12.706103415489222 ], [ 101.756578477876687, 12.70610245893662 ], [ 101.756579452213458, 12.706192782848566 ], [ 101.7567634549129, 12.706190869633833 ], [ 101.756766378162737, 12.706461841323426 ], [ 101.756858379598469, 12.706460884647251 ], [ 101.756857405141929, 12.70637056075843 ], [ 101.757133409306846, 12.706367690559983 ], [ 101.75713243476055, 12.706277366691534 ], [ 101.757224436101438, 12.706276409902078 ], [ 101.757225410680135, 12.706366733763502 ], [ 101.757593416098317, 12.706362906259278 ], [ 101.757594390814205, 12.706453230091931 ], [ 101.757870394896301, 12.706450359108469 ], [ 101.757871369716952, 12.706540682919364 ], [ 101.757963371095059, 12.706539725854192 ], [ 101.757961421396431, 12.706359078245752 ], [ 101.758053422702204, 12.706358121162793 ], [ 101.758051472968759, 12.706177473565647 ], [ 101.757775469223446, 12.706180344676895 ], [ 101.757774494465238, 12.706090020856228 ], [ 101.757682493234213, 12.706090977822624 ], [ 101.757681518515909, 12.706000653994243 ], [ 101.75758951730981, 12.706001610921792 ], [ 101.757588542631439, 12.705911287085701 ], [ 101.757404540261533, 12.705913200831255 ], [ 101.757403565655508, 12.705822876980438 ], [ 101.757311564491729, 12.705823833798446 ], [ 101.757312539065325, 12.705914157656292 ], [ 101.757220537861627, 12.705915114449496 ], [ 101.757219563320433, 12.70582479058463 ], [ 101.757127562141633, 12.705825747338981 ], [ 101.757125613146599, 12.705645099593154 ], [ 101.757309615367006, 12.705643186080701 ], [ 101.757310589925609, 12.705733509939918 ], [ 101.757402591056973, 12.705732553128929 ], [ 101.757400641882427, 12.705551905423848 ], [ 101.757492642941472, 12.705550948595072 ], [ 101.757491668333031, 12.705460624748522 ], [ 101.757767671367858, 12.705457754092283 ], [ 101.757766696669677, 12.705367430266113 ], [ 101.757950698590548, 12.705365516350186 ], [ 101.757948749087035, 12.705184868723876 ], [ 101.758040749971371, 12.705183911732217 ], [ 101.758037825675146, 12.704912940308665 ], [ 101.758129826454748, 12.704911983306246 ], [ 101.758128851671913, 12.704821659504045 ], [ 101.758312853143778, 12.704819745417772 ], [ 101.75831187830363, 12.704729421628931 ], [ 101.758495879680652, 12.7047275074294 ], [ 101.758494904783177, 12.704637183653917 ], [ 101.758586905428004, 12.704636226513434 ], [ 101.758584955590763, 12.704455578974459 ], [ 101.758768956728261, 12.704453664626113 ], [ 101.758767981756066, 12.704363340869648 ], [ 101.758951982798706, 12.704361426408047 ], [ 101.758951007769198, 12.70427110266494 ], [ 101.759227009179611, 12.704268230754924 ], [ 101.759226034060362, 12.704177907032205 ], [ 101.759318034483087, 12.70417694967224 ], [ 101.759316084202297, 12.703996302238799 ], [ 101.759408084552675, 12.703995344861065 ], [ 101.759409059721733, 12.704085668571102 ], [ 101.759501060097008, 12.704084711154513 ], [ 101.759502035305971, 12.704175034856837 ], [ 101.759594035706172, 12.704174077401396 ], [ 101.759590134785682, 12.703812782616085 ], [ 101.759866135552258, 12.703809910143141 ], [ 101.759865160243677, 12.703719586466175 ], [ 101.760141160845421, 12.703716713727895 ], [ 101.760140185447113, 12.703626390071326 ], [ 101.760232185600273, 12.703625432435279 ], [ 101.760230234761366, 12.703444785134144 ], [ 101.759862234362984, 12.70344861543116 ], [ 101.75986028381341, 12.703267968071048 ], [ 101.759676283698809, 12.703269883000505 ], [ 101.759674333308908, 12.703089235609532 ], [ 101.759306333248858, 12.703093065030354 ], [ 101.759304383148276, 12.702912417580421 ], [ 101.758936383227379, 12.702916246435876 ], [ 101.758934433416101, 12.702735598926983 ], [ 101.758566433634385, 12.702739427217084 ], [ 101.75856448411237, 12.702558779649245 ], [ 101.758196484469835, 12.702562607374002 ], [ 101.758194535237109, 12.702381959747225 ], [ 101.758010535500446, 12.702383873390582 ], [ 101.75800858642738, 12.702203225732962 ], [ 101.757640587123277, 12.702207052581647 ], [ 101.757638638339472, 12.702026404865094 ], [ 101.757270639174564, 12.702030231148482 ], [ 101.757268690680021, 12.701849583373008 ], [ 101.756900691654337, 12.701853409091106 ], [ 101.756898743449071, 12.701672761256724 ], [ 101.75653074456261, 12.701676586409548 ], [ 101.756528796646577, 12.701495938516256 ], [ 101.75634479728798, 12.701497850873677 ], [ 101.756342849531563, 12.701317202949564 ], [ 101.755974850983606, 12.701321027226433 ], [ 101.755972903516437, 12.701140379243425 ], [ 101.755604905107731, 12.701144202955062 ], [ 101.755602957929796, 12.700963554913164 ], [ 101.75523495966037, 12.700967378059582 ], [ 101.75523301277164, 12.700786729958809 ], [ 101.75486501464151, 12.700790552540022 ], [ 101.754863068041999, 12.700609904380375 ], [ 101.754679069061581, 12.700611815452021 ], [ 101.754677122621658, 12.700431167261566 ], [ 101.754309124830101, 12.700434988966943 ], [ 101.754307178679383, 12.700254340717633 ], [ 101.753939181027135, 12.700258161857843 ], [ 101.753937235165608, 12.700077513549678 ], [ 101.753569237652698, 12.700081334124738 ], [ 101.753567292080348, 12.699900685757727 ], [ 101.753199294706789, 12.699904505767652 ], [ 101.753197349423615, 12.699723857341807 ], [ 101.75301335082149, 12.699725767127836 ], [ 101.753011405697876, 12.699545118671203 ], [ 101.752643408662976, 12.699548937805407 ], [ 101.752641463828525, 12.699368289289948 ], [ 101.752273466932976, 12.699372107859055 ], [ 101.752271522387687, 12.699191459284778 ], [ 101.751903525631533, 12.699195277288803 ], [ 101.751901581375392, 12.699014628655716 ], [ 101.751533584758633, 12.699018446094673 ], [ 101.751531640791626, 12.698837797402781 ], [ 101.751347642567922, 12.698839705903358 ], [ 101.75134569876046, 12.698659057180699 ], [ 101.750977702482416, 12.698662873744052 ], [ 101.750975758964074, 12.698482224962603 ], [ 101.750607762825467, 12.698486040960931 ], [ 101.750605819596245, 12.698305392120698 ], [ 101.750237823597089, 12.698309207554008 ], [ 101.750235880656973, 12.698128558654998 ], [ 101.749867884797268, 12.698132373523309 ], [ 101.749865942146272, 12.697951724565534 ], [ 101.749681944301102, 12.697953631780816 ], [ 101.749680001809608, 12.697772982792284 ], [ 101.74931200628869, 12.697776796785115 ], [ 101.749310064086288, 12.697596147737828 ], [ 101.748942068704849, 12.697599961165698 ], [ 101.748940126791524, 12.697419312059663 ], [ 101.748572131549594, 12.697423124922585 ], [ 101.748570189925346, 12.697242475757806 ], [ 101.748202194822923, 12.697246288055798 ], [ 101.748200253487738, 12.697065638832285 ], [ 101.747832258524838, 12.697069450565357 ], [ 101.747830317478716, 12.696888801283118 ], [ 101.747646320081984, 12.696890706930818 ], [ 101.747644379195336, 12.696710057617851 ], [ 101.747276384571322, 12.696713868475584 ], [ 101.747274443973723, 12.696533219103904 ], [ 101.746906449489273, 12.696537029396758 ], [ 101.746904509180695, 12.696356379966371 ], [ 101.74653651483581, 12.696360189694358 ], [ 101.746534574816266, 12.696179540205272 ], [ 101.746166580610975, 12.696183349368411 ], [ 101.746164640880451, 12.696002699820635 ], [ 101.745980643862538, 12.696004604183397 ], [ 101.74597870429146, 12.695823954604903 ], [ 101.745610710425126, 12.695827762892822 ], [ 101.745608771143054, 12.695647113255653 ], [ 101.745240777416313, 12.695650920978762 ], [ 101.745238838423248, 12.695470271282918 ], [ 101.744870844836143, 12.695474078441229 ], [ 101.744868906132069, 12.695293428686725 ], [ 101.7445009126846, 12.695297235280252 ], [ 101.744498974269518, 12.695116585467085 ], [ 101.744314977630538, 12.695118488545077 ], [ 101.744313039374873, 12.694937838701213 ], [ 101.743945046266447, 12.694941644419643 ], [ 101.743943108299746, 12.694760994517138 ], [ 101.743575115330984, 12.694764799670821 ], [ 101.743573177653246, 12.694584149709678 ], [ 101.743205184824149, 12.694587954298635 ], [ 101.743203247435375, 12.694407304278865 ], [ 101.74283525474597, 12.694411108303109 ], [ 101.742833317646159, 12.694230458224709 ], [ 101.742649321386239, 12.694232360018084 ], [ 101.742647384445803, 12.694051709909013 ], [ 101.742279392095512, 12.694055513058274 ], [ 101.742277455444011, 12.693874862890588 ], [ 101.741909463233441, 12.693878665475173 ], [ 101.741907526870875, 12.693698015248886 ], [ 101.74153953480004, 12.69370181726881 ], [ 101.741537598726396, 12.693521166983929 ], [ 101.74116960679531, 12.693524968439208 ], [ 101.741167671010572, 12.693344318095738 ], [ 101.740983675129812, 12.693346218604658 ], [ 101.740981739504448, 12.693165568230524 ], [ 101.740613747912548, 12.693169368810942 ], [ 101.740611812576063, 12.692988718378237 ], [ 101.74024382112394, 12.692992518394046 ], [ 101.740241886076362, 12.692811867902769 ], [ 101.739873894764045, 12.692815667353985 ], [ 101.739871960005331, 12.692635016804148 ], [ 101.739503968832807, 12.692638815690785 ], [ 101.739502034362971, 12.692458165082396 ], [ 101.739318038861526, 12.692460064307022 ], [ 101.739316104551037, 12.692279413667992 ], [ 101.738948113717768, 12.692283211679882 ], [ 101.738946179696143, 12.692102560982306 ], [ 101.738578189002695, 12.692106358429664 ], [ 101.738576255269933, 12.691925707673553 ], [ 101.738208264716334, 12.691929504556384 ], [ 101.738206331272423, 12.691748853741744 ], [ 101.737838340858687, 12.691752650060065 ], [ 101.737836407703597, 12.691571999186912 ], [ 101.737652412581568, 12.691573897127411 ], [ 101.737650479585795, 12.691393246223631 ], [ 101.737282489511401, 12.691397041667326 ], [ 101.73728055680445, 12.691216390705037 ], [ 101.736912566869933, 12.691220185584262 ], [ 101.736910634451803, 12.691039534563476 ], [ 101.736542644657192, 12.691043328878239 ], [ 101.736540712527869, 12.690862677798959 ], [ 101.736172722873178, 12.690866471549283 ], [ 101.736170791032649, 12.69068582041152 ], [ 101.735986796290163, 12.690687717068053 ], [ 101.735984864608923, 12.690507065899679 ], [ 101.73561687529363, 12.690510858775495 ], [ 101.735614943901197, 12.690330207548655 ], [ 101.735246954725852, 12.690333999860069 ], [ 101.735245023622184, 12.690153348574757 ], [ 101.734877034586788, 12.69015714032178 ], [ 101.734875103771898, 12.689976488978019 ], [ 101.734507114876493, 12.689980280160665 ], [ 101.734505184350368, 12.689799628758447 ], [ 101.734321189987526, 12.689801524131173 ], [ 101.734319259620648, 12.68962087269837 ], [ 101.733951271064726, 12.689624663006631 ], [ 101.733949340986612, 12.689444011515386 ], [ 101.733581352570667, 12.689447801259311 ], [ 101.73357942278129, 12.689267149709638 ], [ 101.733211434505378, 12.689270938889241 ], [ 101.733209505004737, 12.689090287281143 ], [ 101.732841516868845, 12.68909407589644 ], [ 101.732839587656926, 12.688913424229925 ], [ 101.732471599661082, 12.688917212280934 ], [ 101.732469670737885, 12.688736560556015 ], [ 101.732285676824858, 12.688738454362953 ], [ 101.732283748060894, 12.688557802607463 ], [ 101.731915760404618, 12.688561589784225 ], [ 101.731913831929361, 12.688380937970338 ], [ 101.731545844413148, 12.688384724582848 ], [ 101.731543916226585, 12.688204072710574 ], [ 101.731175928850462, 12.688207858758842 ], [ 101.731174000952592, 12.68802720682819 ], [ 101.73080601371656, 12.688030992312234 ], [ 101.730804086107383, 12.687850340323207 ], [ 101.73062009257427, 12.687852232846698 ], [ 101.730618165124284, 12.687671580827116 ], [ 101.730250178227891, 12.687675365437038 ], [ 101.730248251066584, 12.687494713359099 ], [ 101.729880264310324, 12.687498497404832 ], [ 101.729878337437668, 12.687317845268538 ], [ 101.729510350821542, 12.6873216287501 ], [ 101.729508424237551, 12.687140976555462 ], [ 101.729140437761572, 12.687144759472867 ], [ 101.729138511466232, 12.686964107219891 ], [ 101.728954518313174, 12.686965998460089 ], [ 101.728952592176995, 12.686785346176576 ], [ 101.728584606040727, 12.68678912821998 ], [ 101.728582680193199, 12.686608475878138 ], [ 101.728214694197121, 12.686612257357423 ], [ 101.728212768638201, 12.686431604957265 ], [ 101.727844782782327, 12.686435385872445 ], [ 101.727842857512016, 12.686254733413975 ], [ 101.72747487179636, 12.686258513765065 ], [ 101.727472946814672, 12.686077861248293 ], [ 101.727288954041768, 12.686079751205368 ], [ 101.727287029219227, 12.685899098658073 ], [ 101.726919043843353, 12.685902878135277 ], [ 101.726917119309405, 12.685722225529698 ], [ 101.726549134073764, 12.685726004442854 ], [ 101.726547209828396, 12.685545351778984 ], [ 101.726179224733016, 12.6855491301281 ], [ 101.726177300776229, 12.685368477405961 ], [ 101.72580931582111, 12.685372255191057 ], [ 101.725807392152902, 12.685191602410642 ], [ 101.725623399760309, 12.68519349108475 ], [ 101.72562147625122, 12.685012838273835 ], [ 101.725253491635968, 12.685016615185168 ], [ 101.72525156841543, 12.684835962315997 ], [ 101.724883583940468, 12.684839738663346 ], [ 101.724881661008496, 12.684659085735927 ], [ 101.724513676673823, 12.684662861519309 ], [ 101.724511754030402, 12.684482208533646 ], [ 101.724143769836061, 12.684485983753072 ], [ 101.724141847481164, 12.684305330709176 ], [ 101.723957855468981, 12.684307218100477 ], [ 101.723955933273174, 12.684126565026096 ], [ 101.723587949418771, 12.684130339371878 ], [ 101.723586027511502, 12.683949686239274 ], [ 101.723218043797445, 12.68395346002114 ], [ 101.72321612217867, 12.683772806830321 ], [ 101.722848138605002, 12.683776580048288 ], [ 101.722846217274736, 12.683595926799262 ], [ 101.722478233841429, 12.683599699453342 ], [ 101.722476312799671, 12.683419046146115 ], [ 101.722292321168013, 12.683420932254773 ], [ 101.722290400285303, 12.683240278917081 ], [ 101.721922417192019, 12.683244050697635 ], [ 101.721920496597804, 12.683063397301755 ], [ 101.721552513644909, 12.683067168518463 ], [ 101.721550593339188, 12.682886515064402 ], [ 101.721182610526711, 12.682890285717274 ], [ 101.721180690509456, 12.682709632205039 ], [ 101.72081270783741, 12.6827134022941 ], [ 101.720810788108608, 12.6825327487237 ], [ 101.720626796857616, 12.682534633549874 ], [ 101.720624877287847, 12.682353979949026 ], [ 101.720256894955909, 12.682357749164673 ], [ 101.720254975674578, 12.682177095505669 ], [ 101.719886993483101, 12.682180864157541 ], [ 101.719885074490236, 12.682000210440394 ], [ 101.719517092439204, 12.682003978528497 ], [ 101.719515173734777, 12.681823324753212 ], [ 101.719147191824248, 12.681827092277565 ], [ 101.719145273408245, 12.681646438444153 ], [ 101.718961282538004, 12.681648321988003 ], [ 101.718959364281005, 12.681467668124155 ], [ 101.718591382710642, 12.68147143477522 ], [ 101.718589464742053, 12.681290780853256 ], [ 101.718221483312206, 12.681294546940611 ], [ 101.718219565632026, 12.68111389296053 ], [ 101.717851584342696, 12.681117658484188 ], [ 101.717849666950926, 12.680937004446006 ], [ 101.717481685802142, 12.68094076940598 ], [ 101.717479768698752, 12.680760115309704 ], [ 101.717295778209419, 12.680761997571398 ], [ 101.717293861265006, 12.680581343444704 ], [ 101.716925880456458, 12.680585107531508 ], [ 101.716923963800426, 12.680404453346735 ], [ 101.716555983132452, 12.680408216869894 ], [ 101.716554066764786, 12.68022756262704 ], [ 101.7161860862374, 12.680231325586576 ], [ 101.716184170158087, 12.680050671285654 ], [ 101.715816189771317, 12.680054433681574 ], [ 101.715814273980357, 12.679873779322588 ], [ 101.715446293734175, 12.679877541154907 ], [ 101.715444378231567, 12.679696886737869 ], [ 101.715260388193556, 12.67969876743577 ], [ 101.715258472849911, 12.67951811298834 ], [ 101.714890492944065, 12.679521873947632 ], [ 101.714888577888729, 12.67934121944216 ], [ 101.714520598123528, 12.679344979837893 ], [ 101.71451868335653, 12.679164325274382 ], [ 101.714150703731974, 12.679168085106568 ], [ 101.714148789253301, 12.678987430485034 ], [ 101.713780809769403, 12.678991189753686 ], [ 101.71377889557904, 12.678810535074135 ], [ 101.713594905922179, 12.678812414490229 ], [ 101.713592991890721, 12.678631759780302 ], [ 101.713225012747245, 12.678635518176048 ], [ 101.713223099004082, 12.67845486340811 ], [ 101.712855120001294, 12.678458621240365 ], [ 101.712853206546441, 12.678277966414425 ], [ 101.71248522768434, 12.678281723683201 ], [ 101.712483314517769, 12.678101068799275 ], [ 101.712115335796398, 12.678104825504583 ], [ 101.712113422918094, 12.677924170562669 ], [ 101.711929433642524, 12.677926048697122 ], [ 101.711927520923098, 12.677745393724852 ], [ 101.711559542542233, 12.677749149557373 ], [ 101.711557630111059, 12.677568494527128 ], [ 101.711189651870924, 12.677572249796222 ], [ 101.711187739728018, 12.677391594708013 ], [ 101.710819761628656, 12.677395349413702 ], [ 101.710817849773989, 12.677214694267532 ], [ 101.710449871815399, 12.677218448409823 ], [ 101.71044796024897, 12.677037793205702 ], [ 101.71026397135482, 12.677039670058679 ], [ 101.71026205994724, 12.67685901482422 ], [ 101.709894082329214, 12.676862768093839 ], [ 101.709892171209859, 12.676682112801442 ], [ 101.709524193732648, 12.676685865507704 ], [ 101.709522282901517, 12.676505210157377 ], [ 101.709154305565107, 12.676508962300298 ], [ 101.709152395022187, 12.676328306892046 ], [ 101.708784417826607, 12.67633205847164 ], [ 101.708782507571883, 12.676151403005472 ], [ 101.708598519059265, 12.676153278577123 ], [ 101.708596608963362, 12.675972623080636 ], [ 101.70822863210843, 12.675976373787677 ], [ 101.708226722300722, 12.675795718233282 ], [ 101.707858745586648, 12.675799468377035 ], [ 101.707856836067123, 12.675618812764743 ], [ 101.707488859493907, 12.675622562345222 ], [ 101.707486950262563, 12.675441906675038 ], [ 101.707118973830248, 12.675445655692258 ], [ 101.707117064887058, 12.675264999964199 ], [ 101.706933076756073, 12.675266874254696 ], [ 101.706931167971689, 12.675086218496327 ], [ 101.706563191880079, 12.675089966641115 ], [ 101.706561283383849, 12.674909310824876 ], [ 101.706193307433153, 12.674913058406444 ], [ 101.706191399225062, 12.674732402532346 ], [ 101.70582342341531, 12.674736149550704 ], [ 101.705821515495344, 12.674555493618749 ], [ 101.705453539826522, 12.674559240073917 ], [ 101.705451632194695, 12.674378584084115 ], [ 101.70526764444547, 12.674380457093619 ], [ 101.705265736972436, 12.674199801073534 ], [ 101.704897761644389, 12.674203546656383 ], [ 101.704895854459451, 12.674022890578463 ], [ 101.704527879272391, 12.674026635598164 ], [ 101.704525972375549, 12.673845979462413 ], [ 101.704157997329474, 12.673849723918975 ], [ 101.704156090720744, 12.673669067725406 ], [ 101.703788115815669, 12.673672811618845 ], [ 101.703786209495021, 12.673492155367459 ], [ 101.703602222127685, 12.673494027096126 ], [ 101.703600315965801, 12.673313370814476 ], [ 101.703232341401574, 12.67331711383572 ], [ 101.703230435527757, 12.673136457496266 ], [ 101.702862461104559, 12.673140199954425 ], [ 101.702860555518825, 12.672959543557178 ], [ 101.702492581236669, 12.672963285452266 ], [ 101.702490675938989, 12.672782628997235 ], [ 101.702122701797876, 12.672786370329266 ], [ 101.70212079678825, 12.672605713816457 ], [ 101.70193680980293, 12.672607584264449 ], [ 101.701934904952026, 12.672426927721389 ], [ 101.701566931151859, 12.672430668181345 ], [ 101.70156502658898, 12.672250011580516 ], [ 101.701197052929899, 12.672253751477456 ], [ 101.701195148655074, 12.67207309481887 ], [ 101.700827175137078, 12.672076834152806 ], [ 101.700825271150265, 12.671896177436469 ], [ 101.700457297773383, 12.671899916207417 ], [ 101.700455394074595, 12.67171925943334 ], [ 101.700087420838827, 12.671722997641313 ], [ 101.70008551742805, 12.671542340809493 ], [ 101.699901530895431, 12.671544209695494 ], [ 101.699899627643333, 12.67136355283345 ], [ 101.699531654748611, 12.671367290169492 ], [ 101.69952975178451, 12.67118663324972 ], [ 101.699161779030916, 12.671190370022828 ], [ 101.699159876354813, 12.671009713045342 ], [ 101.698791903742404, 12.671013449255527 ], [ 101.698790001354283, 12.670832792220331 ], [ 101.69842202888303, 12.670836527867614 ], [ 101.698420126782892, 12.670655870774716 ], [ 101.698236140632531, 12.670657738380401 ], [ 101.698234238691043, 12.670477081257291 ], [ 101.697866266560894, 12.670480816032759 ], [ 101.69786436490736, 12.670300158851957 ], [ 101.697496392918424, 12.67030389306456 ], [ 101.69749449155286, 12.670123235826081 ], [ 101.697126519705137, 12.670126969475831 ], [ 101.697124618627498, 12.66994631217967 ], [ 101.696756646921017, 12.669950045266583 ], [ 101.696754746131319, 12.66976938791276 ], [ 101.696570760363372, 12.66977125423829 ], [ 101.696568859732309, 12.66959059685427 ], [ 101.696200888367002, 12.669594329069486 ], [ 101.696198988023852, 12.669413671627819 ], [ 101.695831016799801, 12.669417403280239 ], [ 101.695829116744576, 12.669236745780912 ], [ 101.69546114566181, 12.66924047687055 ], [ 101.695459245894483, 12.669059819313588 ], [ 101.695091274953015, 12.669063549840452 ], [ 101.6950893754736, 12.668882892225859 ], [ 101.694905390088167, 12.668884757271394 ], [ 101.694903490767359, 12.668704099626627 ], [ 101.694535520167108, 12.668707829281916 ], [ 101.694533621134198, 12.668527171579525 ], [ 101.694165650675274, 12.668530900672081 ], [ 101.694163751930233, 12.668350242912078 ], [ 101.693795781612636, 12.668353971441922 ], [ 101.693793883155465, 12.668173313624314 ], [ 101.693425912979222, 12.668177041591452 ], [ 101.693424014809906, 12.667996383716247 ], [ 101.693240029807129, 12.667998247481949 ], [ 101.693238131796392, 12.667817589576581 ], [ 101.692870161961466, 12.667821316672265 ], [ 101.692868264238584, 12.66764065870931 ], [ 101.692500294545027, 12.667644385242333 ], [ 101.69249839711, 12.667463727221802 ], [ 101.692130427557842, 12.667467453192176 ], [ 101.692128530410642, 12.667286795114071 ], [ 101.691760560999867, 12.667290520521812 ], [ 101.691758664140494, 12.667109862386143 ], [ 101.691574679520471, 12.667111724872177 ], [ 101.691572782819634, 12.66693106670637 ], [ 101.691204813750275, 12.666934791242772 ], [ 101.691202917337264, 12.666754133019412 ], [ 101.690834948409318, 12.666757856993218 ], [ 101.69083305228412, 12.666577198712316 ], [ 101.690465083497614, 12.66658092212354 ], [ 101.690463187660214, 12.6664002637851 ], [ 101.690095219015177, 12.666403986633762 ], [ 101.690093323465561, 12.666223328237791 ], [ 101.689909339228407, 12.666225189444313 ], [ 101.689907443837313, 12.666044531018223 ], [ 101.689539475533749, 12.666048252995667 ], [ 101.689537580430425, 12.665867594512052 ], [ 101.68916961226833, 12.665871315926967 ], [ 101.68916771745279, 12.66569065738585 ], [ 101.688799749432206, 12.665694378238252 ], [ 101.688797854904422, 12.66551371963963 ], [ 101.68842988702535, 12.665517439929534 ], [ 101.688427992785321, 12.665336781273419 ], [ 101.688244008931164, 12.665338641200593 ], [ 101.688242114849629, 12.665157982514371 ], [ 101.687874147312101, 12.665161701933174 ], [ 101.687872253518307, 12.664981043189467 ], [ 101.687504286122305, 12.664984762045814 ], [ 101.687502392616253, 12.664804103244636 ], [ 101.687134425361805, 12.664807821538536 ], [ 101.687132532143465, 12.664627162679887 ], [ 101.6867645650306, 12.664630880411359 ], [ 101.686762672099988, 12.664450221495251 ], [ 101.686578688628941, 12.66445208014324 ], [ 101.686576795856794, 12.664271421197039 ], [ 101.686208829085544, 12.664275138057532 ], [ 101.686206936601096, 12.664094479053889 ], [ 101.685838969971442, 12.664098195351988 ], [ 101.685837077774693, 12.663917536290901 ], [ 101.68546911128665, 12.663921252026626 ], [ 101.685467219377571, 12.663740592908107 ], [ 101.685099253031154, 12.663744308081471 ], [ 101.685097361409774, 12.663563648905523 ], [ 101.684821386767126, 12.663566434911376 ], [ 101.684819495368799, 12.663385775691689 ], [ 101.684635512366455, 12.663387632842937 ], [ 101.684634566742844, 12.6632973032184 ], [ 101.684542575263023, 12.663298231739597 ], [ 101.684541629679032, 12.663207902107539 ], [ 101.684265655292677, 12.663210687460264 ], [ 101.684263764340443, 12.663030028153102 ], [ 101.683895798648223, 12.663033741457877 ], [ 101.683893907983645, 12.662853082093307 ], [ 101.683525942433107, 12.662856794835792 ], [ 101.683524052056171, 12.662676135413827 ], [ 101.683156086647315, 12.662679847594028 ], [ 101.683154196558021, 12.662499188114685 ], [ 101.682970213939029, 12.662501043987101 ], [ 101.682969268969941, 12.662410714232744 ], [ 101.682877277681811, 12.662411642114531 ], [ 101.682876332752329, 12.66232131235266 ], [ 101.682600358941059, 12.662324095787181 ], [ 101.682598469297801, 12.662143436220413 ], [ 101.682230504372441, 12.662147146967651 ], [ 101.682228615016783, 12.661966487343514 ], [ 101.681860650233162, 12.661970197528522 ], [ 101.681858761165117, 12.661789537847028 ], [ 101.681490796523235, 12.661793247469822 ], [ 101.681488907742789, 12.661612587730978 ], [ 101.681304925507305, 12.661614442324721 ], [ 101.681303981192627, 12.661524112440624 ], [ 101.681211990096259, 12.661525039683085 ], [ 101.681211045821172, 12.661434709791479 ], [ 101.680935072585214, 12.661437491308041 ], [ 101.680933184250733, 12.66125683148182 ], [ 101.680565220092475, 12.661260539671838 ], [ 101.68056333204558, 12.661079879788295 ], [ 101.680195368029104, 12.661083587416151 ], [ 101.680193480269779, 12.660902927475279 ], [ 101.679825516395113, 12.660906634540991 ], [ 101.679823628923344, 12.660725974542805 ], [ 101.679639647071482, 12.66072782785804 ], [ 101.679638703411129, 12.660637497844277 ], [ 101.679546712506578, 12.660638424447489 ], [ 101.679545768885816, 12.660548094426222 ], [ 101.679269796225327, 12.660550874025065 ], [ 101.679267909199467, 12.660370213939554 ], [ 101.678899945808539, 12.660373919572681 ], [ 101.678898059070235, 12.660193259429876 ], [ 101.678530095821145, 12.660196964500907 ], [ 101.678528209370356, 12.660016304300811 ], [ 101.678160246263133, 12.660020008809767 ], [ 101.678158360099886, 12.65983934855239 ], [ 101.677974378631774, 12.659841200589273 ], [ 101.67797343562566, 12.659750870445928 ], [ 101.67788144491297, 12.659751796409973 ], [ 101.677880501946461, 12.659661466259125 ], [ 101.677604529861611, 12.65966424394049 ], [ 101.677603586999268, 12.659573913768508 ], [ 101.677511596322049, 12.659574839592041 ], [ 101.677510653499283, 12.659484509412563 ], [ 101.677234681520844, 12.6594872866724 ], [ 101.677232796090948, 12.659306626270491 ], [ 101.676864833609486, 12.65931032878502 ], [ 101.67686294846709, 12.659129668325859 ], [ 101.676494986127551, 12.659133370278376 ], [ 101.676493101272641, 12.658952709761969 ], [ 101.676309120188378, 12.658954560520664 ], [ 101.676308177836432, 12.658864230247811 ], [ 101.676216187315688, 12.658865155572769 ], [ 101.676215245003306, 12.658774825292417 ], [ 101.675939273494294, 12.658777601056549 ], [ 101.67593833128609, 12.658687270755077 ], [ 101.675846340800817, 12.658688195939542 ], [ 101.675845398632177, 12.658597865630574 ], [ 101.675569427229618, 12.658600640973226 ], [ 101.67556754310796, 12.658419980312374 ], [ 101.675199581394381, 12.658423680270722 ], [ 101.675197697560165, 12.65824301955265 ], [ 101.674829735988553, 12.658246718949057 ], [ 101.674827852441794, 12.658066058173773 ], [ 101.674643871741523, 12.65806790765444 ], [ 101.674642930043646, 12.657977577252156 ], [ 101.674550939714905, 12.657978501938109 ], [ 101.674549998056591, 12.657888171528331 ], [ 101.674274027123587, 12.657890945375472 ], [ 101.674273085569425, 12.657800614944588 ], [ 101.674181095276182, 12.657801539490062 ], [ 101.674180153761569, 12.657711209051691 ], [ 101.673904182935075, 12.657713982477402 ], [ 101.673902300121455, 12.657533321557757 ], [ 101.673534339176001, 12.657537018960246 ], [ 101.673532456649809, 12.657356357983421 ], [ 101.673164495846379, 12.657360054824036 ], [ 101.673162613607602, 12.657179393790026 ], [ 101.67297863329145, 12.657181241992832 ], [ 101.672977692247557, 12.657090911461196 ], [ 101.672885702110847, 12.657091835508224 ], [ 101.672884761106516, 12.657001504969097 ], [ 101.672608790749706, 12.657004276899489 ], [ 101.672607849849499, 12.656913946339268 ], [ 101.67251585974833, 12.656914870245835 ], [ 101.672514918887686, 12.65682453967813 ], [ 101.672238948637414, 12.656827311187143 ], [ 101.67223706713169, 12.656646650008865 ], [ 101.671869106954588, 12.656650344855819 ], [ 101.67186722573625, 12.656469683620392 ], [ 101.671499265701215, 12.656473377905543 ], [ 101.671497384770262, 12.656292716612967 ], [ 101.67131340483833, 12.65629456353807 ], [ 101.67131246444832, 12.656204232877156 ], [ 101.671220474503741, 12.65620515628534 ], [ 101.671219534153295, 12.656114825616948 ], [ 101.670943564372848, 12.65611759563083 ], [ 101.670942624126539, 12.656027264941354 ], [ 101.670850634217473, 12.656028188209092 ], [ 101.670849694010712, 12.655937857512136 ], [ 101.670573724336847, 12.655940627104691 ], [ 101.670571844138834, 12.655759965667935 ], [ 101.670203884730341, 12.655763657959678 ], [ 101.670202004819672, 12.655582996465801 ], [ 101.669834045553301, 12.655586688195809 ], [ 101.669832165929975, 12.65540602664483 ], [ 101.669464206805756, 12.655409717813111 ], [ 101.669462327469773, 12.655229056205027 ], [ 101.669278347993256, 12.655230901571727 ], [ 101.669277408400731, 12.655140570753071 ], [ 101.669185418683867, 12.655141493382063 ], [ 101.669184479130891, 12.655051162555935 ], [ 101.668908510033617, 12.655053930232278 ], [ 101.668906631143145, 12.654873268537195 ], [ 101.668538672503473, 12.654876958274048 ], [ 101.668536793900316, 12.654696296521887 ], [ 101.668168835402838, 12.654699985697073 ], [ 101.668166957086981, 12.654519323887833 ], [ 101.667798998731712, 12.654523012501361 ], [ 101.667798059713803, 12.654432681568553 ], [ 101.667706070139133, 12.654433603635873 ], [ 101.667705131160758, 12.654343272695593 ], [ 101.667245183340043, 12.654347882522655 ], [ 101.667243305727922, 12.654167220572127 ], [ 101.666875347599046, 12.654170907808741 ], [ 101.666873470274226, 12.653990245801165 ], [ 101.666505512287614, 12.653993932476171 ], [ 101.666504573765195, 12.653903601444203 ], [ 101.666412584282696, 12.653904523026902 ], [ 101.666411645799826, 12.653814191987465 ], [ 101.665951698440011, 12.653818799391443 ], [ 101.665949821818856, 12.653638137242639 ], [ 101.66558186405878, 12.653641822540836 ], [ 101.665579987724882, 12.653461160335016 ], [ 101.665212030107099, 12.653464845071648 ], [ 101.665211092080142, 12.653374513940571 ], [ 101.665119102689872, 12.653375435038683 ], [ 101.665118164702449, 12.653285103900139 ], [ 101.664106281286251, 12.653295233812287 ], [ 101.664104406043336, 12.653114571383902 ], [ 101.662816554058949, 12.653127458261347 ], [ 101.662814679748905, 12.652946795640347 ], [ 101.661710806264651, 12.652957836426893 ], [ 101.661708932758316, 12.652777173640487 ], [ 101.660605059006599, 12.65278820969918 ], [ 101.660603186303959, 12.652607546747436 ], [ 101.658211457947303, 12.652631442194682 ], [ 101.658213328971328, 12.652812105498544 ], [ 101.656189553586458, 12.652832308281926 ], [ 101.656191423219013, 12.653012971880768 ], [ 101.655455503513878, 12.653020314651268 ], [ 101.655457372658802, 12.653200978355592 ], [ 101.654721451975036, 12.653208319205216 ], [ 101.6547233206323, 12.653388983014986 ], [ 101.653987398970031, 12.653396321943678 ], [ 101.653989267139636, 12.653576985858869 ], [ 101.653437325202404, 12.653582488804865 ], [ 101.653439193013455, 12.653763152798419 ], [ 101.652703269509914, 12.653770488392331 ], [ 101.652705136833276, 12.653951152491258 ], [ 101.6523371746501, 12.653954819581301 ], [ 101.652339041744014, 12.654135483731542 ], [ 101.652155060480013, 12.654137317113335 ], [ 101.652158794496117, 12.654498645459695 ], [ 101.652250785260875, 12.654497728757638 ], [ 101.652252652376774, 12.654678392913235 ], [ 101.652344643198887, 12.654677476165965 ], [ 101.652346510408208, 12.65485814030534 ], [ 101.652438501287691, 12.654857223512852 ], [ 101.652440368590433, 12.655037887635995 ], [ 101.652532359527271, 12.655036970798296 ], [ 101.652534226923436, 12.655217634905219 ], [ 101.652626217917657, 12.655216718022295 ], [ 101.652628085407258, 12.655397382112991 ], [ 101.65272007645882, 12.655396465184852 ], [ 101.652724745470493, 12.655848125365933 ], [ 101.652816736676314, 12.655847208372311 ], [ 101.652819538266741, 12.65611820445254 ], [ 101.652911529562218, 12.656117287406939 ], [ 101.652912463472418, 12.656207619425572 ], [ 101.653004454792949, 12.656206702341503 ], [ 101.653007256663713, 12.656477698373051 ], [ 101.653375222261232, 12.656474029638593 ], [ 101.653376156361759, 12.656564361620726 ], [ 101.653468147775385, 12.656563444351073 ], [ 101.653469081915418, 12.65665377632577 ], [ 101.653561073354126, 12.656652859017647 ], [ 101.653562007533651, 12.65674319098491 ], [ 101.653653998997441, 12.656742273638319 ], [ 101.653655867442737, 12.656922937557288 ], [ 101.653563875914372, 12.656923854917396 ], [ 101.653564810115554, 12.65701418688262 ], [ 101.653472818547669, 12.657015104217768 ], [ 101.65347375272377, 12.657105436189068 ], [ 101.653381761116378, 12.657106353499262 ], [ 101.653383629425647, 12.657287017453339 ], [ 101.653475621097627, 12.657286100129634 ], [ 101.653477489500332, 12.657466764067477 ], [ 101.653569481229695, 12.657465846698546 ], [ 101.653571349725851, 12.657646510620159 ], [ 101.653663341512583, 12.657645593205997 ], [ 101.653665210102204, 12.657826257111379 ], [ 101.65375720194632, 12.657825339651986 ], [ 101.653758136284253, 12.6579156715969 ], [ 101.653850128153422, 12.657914754099037 ], [ 101.65385199691552, 12.658095417973311 ], [ 101.653943988842087, 12.658094500430215 ], [ 101.653944923266266, 12.658184832359572 ], [ 101.654036915217915, 12.658183914778 ], [ 101.654038784152505, 12.658364578621169 ], [ 101.654130776161523, 12.658363660994361 ], [ 101.654132645189563, 12.658544324821294 ], [ 101.654224637255965, 12.658543407149253 ], [ 101.654226506377483, 12.658724070959952 ], [ 101.654318498501254, 12.658723153242679 ], [ 101.654319433105144, 12.65881348514025 ], [ 101.654411425253983, 12.658812567384492 ], [ 101.654413294548021, 12.65899323116408 ], [ 101.654597278953261, 12.65899139553038 ], [ 101.654598213675698, 12.659081727405635 ], [ 101.654690205899797, 12.659080809534448 ], [ 101.654691140661754, 12.659171141402261 ], [ 101.654783132910921, 12.659170223492595 ], [ 101.654785002521095, 12.659350887212668 ], [ 101.654968987126978, 12.659349051271132 ], [ 101.654970856895218, 12.659529714961447 ], [ 101.655062849251934, 12.659528796929576 ], [ 101.655064719113653, 12.659709460603652 ], [ 101.655156711527752, 12.659708542526543 ], [ 101.655157646501749, 12.659798874355797 ], [ 101.655249638940916, 12.659797956240205 ], [ 101.655250573954433, 12.659888288062021 ], [ 101.655342566418696, 12.659887369907944 ], [ 101.65534443653199, 12.660068033536016 ], [ 101.655436429053623, 12.660067115336696 ], [ 101.65543829926041, 12.660247778948523 ], [ 101.65553029183944, 12.660246860703959 ], [ 101.655531226985957, 12.660337192502093 ], [ 101.655623219590069, 12.660336274219043 ], [ 101.655625089969391, 12.660516937799745 ], [ 101.655717082630872, 12.66051601947145 ], [ 101.655718953103687, 12.660696683035907 ], [ 101.655810945822566, 12.660695764662362 ], [ 101.65581188110211, 12.660786096436812 ], [ 101.655903873846057, 12.660785178024781 ], [ 101.655907615165688, 12.661146505088723 ], [ 101.655815622292508, 12.661147423527805 ], [ 101.65581749293105, 12.661328087069219 ], [ 101.655725499986048, 12.661329005490101 ], [ 101.655728305901107, 12.661600000817414 ], [ 101.655820298943027, 12.661599082376245 ], [ 101.655821234294805, 12.661689414143895 ], [ 101.655913227361793, 12.66168849566424 ], [ 101.65591509815161, 12.661869159183968 ], [ 101.65600709127601, 12.661868240659061 ], [ 101.656008026714048, 12.661958572411145 ], [ 101.65610001986353, 12.661957653847747 ], [ 101.656102826317948, 12.662228649079626 ], [ 101.655918839817929, 12.662230486215275 ], [ 101.655919775252571, 12.662320817971407 ], [ 101.655827781959417, 12.6623217364984 ], [ 101.655828717368962, 12.662412068260613 ], [ 101.655736724036288, 12.662412986762641 ], [ 101.655737659420751, 12.662503318530936 ], [ 101.655553672669114, 12.662505155453335 ], [ 101.655554607996166, 12.662595487234471 ], [ 101.655370621151022, 12.66259732404348 ], [ 101.65537155642069, 12.662687655837464 ], [ 101.655463549879187, 12.66268673744206 ], [ 101.655464485188389, 12.662777069228598 ], [ 101.655648472148329, 12.662775232329084 ], [ 101.655647536774524, 12.662684900556068 ], [ 101.655923517063329, 12.662682144989114 ], [ 101.65592258159981, 12.662591813235705 ], [ 101.656014574982663, 12.662590894656692 ], [ 101.656013639494049, 12.662500562909372 ], [ 101.656105632837367, 12.662499644305393 ], [ 101.65610469732367, 12.662409312564151 ], [ 101.656196690627453, 12.662408393935209 ], [ 101.656195755088675, 12.662318062200054 ], [ 101.656379741609967, 12.662316224860511 ], [ 101.656378806013791, 12.662225893138196 ], [ 101.656562792441576, 12.662224055685275 ], [ 101.656561856788016, 12.662133723975815 ], [ 101.656653849958758, 12.662132805208527 ], [ 101.656652914280102, 12.662042473505149 ], [ 101.6570208867616, 12.662038798145783 ], [ 101.65702182256949, 12.6621291298221 ], [ 101.657205808831492, 12.662127291938527 ], [ 101.657206744711218, 12.662217623600627 ], [ 101.657298737863684, 12.662216704604484 ], [ 101.657299673782944, 12.66230703625914 ], [ 101.657391666960493, 12.662306117224503 ], [ 101.657393538885302, 12.662486780518247 ], [ 101.657485532120234, 12.662485861438347 ], [ 101.657486468125782, 12.662576193077435 ], [ 101.657578461385825, 12.662575273959037 ], [ 101.657579397430894, 12.662665605590677 ], [ 101.657671390716004, 12.662664686433784 ], [ 101.657673262892473, 12.66284534968149 ], [ 101.657765256234967, 12.662844430479336 ], [ 101.657766192366353, 12.6629347620954 ], [ 101.657858185733943, 12.66293384285475 ], [ 101.657860058083003, 12.663114506071301 ], [ 101.657952051507962, 12.663113586785386 ], [ 101.657952987725665, 12.663203918385877 ], [ 101.658044981175721, 12.663202999061461 ], [ 101.658045917432943, 12.663293330654502 ], [ 101.658137910908067, 12.663292411291593 ], [ 101.658139783508844, 12.663473074462095 ], [ 101.658231777041365, 12.663472155053917 ], [ 101.658232713384891, 12.663562486631379 ], [ 101.658324706942494, 12.663561567184701 ], [ 101.658326579715876, 12.663742230324047 ], [ 101.658418573330891, 12.663741310832103 ], [ 101.658420446197809, 12.66392197395519 ], [ 101.658512439870208, 12.663921054417974 ], [ 101.658515249321738, 12.664192049077201 ], [ 101.65860724308385, 12.664191129487945 ], [ 101.65860911615232, 12.664371792577155 ], [ 101.658701109971815, 12.664370872942627 ], [ 101.658702983133836, 12.664551536015573 ], [ 101.658794977010743, 12.664550616335774 ], [ 101.658795913634904, 12.664640947864459 ], [ 101.659071895319144, 12.664638188614346 ], [ 101.659072832047485, 12.664728520122036 ], [ 101.65916482596009, 12.664727600301759 ], [ 101.65916576272798, 12.664817931802002 ], [ 101.659257756665667, 12.664817011943219 ], [ 101.659258693473092, 12.66490734343601 ], [ 101.659350687435861, 12.664906423538723 ], [ 101.659351624282834, 12.664996755024061 ], [ 101.6594436182707, 12.664995835088272 ], [ 101.659444555157222, 12.665086166566155 ], [ 101.659536549170156, 12.665085246591856 ], [ 101.659537486096227, 12.665175578062291 ], [ 101.65981346818856, 12.665172817928669 ], [ 101.659815342256309, 12.665353480826864 ], [ 101.659907336337241, 12.665352560705307 ], [ 101.659908273414288, 12.66544289214661 ], [ 101.660000267520317, 12.665441971986544 ], [ 101.660001204636899, 12.665532303420395 ], [ 101.660185192891888, 12.665530462991514 ], [ 101.660187067276041, 12.665711125830082 ], [ 101.660279061457302, 12.665710205554488 ], [ 101.660279998692545, 12.665800536965975 ], [ 101.660371992898916, 12.665799616651874 ], [ 101.660372930173708, 12.665889948055908 ], [ 101.660648912846298, 12.665887186902856 ], [ 101.660649850225283, 12.66597751828589 ], [ 101.660741844467339, 12.665976597831289 ], [ 101.660743719311654, 12.666157260581759 ], [ 101.660835713611093, 12.666156340081873 ], [ 101.660834776152996, 12.666066008713754 ], [ 101.660926770412885, 12.666065088188907 ], [ 101.660927707903298, 12.66615541955025 ], [ 101.66101970218827, 12.666154498986888 ], [ 101.661020639718231, 12.666244830340778 ], [ 101.661112634028285, 12.666243909738906 ], [ 101.661113571597809, 12.666334241085339 ], [ 101.661205565932931, 12.66633332044495 ], [ 101.661206503542019, 12.666423651783926 ], [ 101.661298497902223, 12.666422731105026 ], [ 101.661299435550873, 12.666513062436543 ], [ 101.661391429936145, 12.66651214171913 ], [ 101.661395180732342, 12.666873467011289 ], [ 101.661303186217779, 12.666874387755811 ], [ 101.661304123902596, 12.666964719083929 ], [ 101.661212129348456, 12.666965639803486 ], [ 101.661213067008205, 12.667055971137698 ], [ 101.661121072414517, 12.667056891832296 ], [ 101.661123885340189, 12.667327885851181 ], [ 101.661215880030852, 12.667326965136253 ], [ 101.661217755415464, 12.667507627798551 ], [ 101.661309750163525, 12.667506707038335 ], [ 101.661311625641744, 12.66768736968436 ], [ 101.661403620447203, 12.667686448878849 ], [ 101.661404558229492, 12.66777678019406 ], [ 101.661496553060033, 12.66777585935003 ], [ 101.661497490881885, 12.667866190657788 ], [ 101.661681480585912, 12.667864348860947 ], [ 101.661685232204263, 12.668225674030957 ], [ 101.66177722717471, 12.668224753057814 ], [ 101.661778165129718, 12.66831508434184 ], [ 101.661686170126956, 12.668316005321758 ], [ 101.661687108056881, 12.668406336611881 ], [ 101.661871098119832, 12.668404494606737 ], [ 101.661873912146987, 12.668675488432349 ], [ 101.661965907264573, 12.668674567361832 ], [ 101.661969659531451, 12.669035892426004 ], [ 101.66187766428456, 12.669036813523636 ], [ 101.661879540396768, 12.669217476065196 ], [ 101.661971535708332, 12.669216554954007 ], [ 101.661972473807623, 12.66930688621699 ], [ 101.662064469144255, 12.669305965067277 ], [ 101.662066345429224, 12.669486627577639 ], [ 101.662158340823254, 12.669485706382627 ], [ 101.662159279008932, 12.669576037630009 ], [ 101.662343269839951, 12.669574195131183 ], [ 101.662344208097522, 12.669664526364329 ], [ 101.662436203534483, 12.669663605060517 ], [ 101.662438080135999, 12.6698442675112 ], [ 101.662530075630386, 12.669843346162088 ], [ 101.662531952325523, 12.67002400859649 ], [ 101.662623947877336, 12.670023087202068 ], [ 101.66262582466608, 12.670203749620191 ], [ 101.662717820275304, 12.670202828180461 ], [ 101.662718758712884, 12.670293159381719 ], [ 101.662810754347177, 12.670292237903462 ], [ 101.662811692824334, 12.670382569097264 ], [ 101.662903688483723, 12.670381647580477 ], [ 101.66290462700043, 12.670471978766813 ], [ 101.662996622684915, 12.6704710572115 ], [ 101.662998499804743, 12.670651719568568 ], [ 101.663090495546626, 12.670650797967944 ], [ 101.663091434149734, 12.67074112913868 ], [ 101.663183429916728, 12.670740207499524 ], [ 101.663186245866484, 12.671011200987296 ], [ 101.662726266474166, 12.671015808967297 ], [ 101.662727204976903, 12.671106140162433 ], [ 101.662635209044382, 12.671107061669964 ], [ 101.662636147522036, 12.671197392871198 ], [ 101.662544151549952, 12.671198314353759 ], [ 101.662545090002524, 12.671288645561093 ], [ 101.662085109871754, 12.671293252531548 ], [ 101.662083233297182, 12.671112590048407 ], [ 101.66199123731397, 12.671113511333688 ], [ 101.661990299069871, 12.671023180084322 ], [ 101.661714311173782, 12.671025943729335 ], [ 101.661715249320892, 12.671116274999042 ], [ 101.661807245325818, 12.671115353809006 ], [ 101.661808183512491, 12.67120568507125 ], [ 101.661900179542528, 12.671204763842692 ], [ 101.661901117768778, 12.671295095097479 ], [ 101.661993113823883, 12.671294173830388 ], [ 101.661994052089696, 12.671384505077716 ], [ 101.662638024499103, 12.671378055271624 ], [ 101.662638962998486, 12.671468386470812 ], [ 101.662730959060326, 12.67146746493616 ], [ 101.662730020528613, 12.671377133743754 ], [ 101.663281996553621, 12.671371603909758 ], [ 101.663281057835164, 12.67128127275735 ], [ 101.663465049720884, 12.671279429238911 ], [ 101.663464110945, 12.671189098099388 ], [ 101.663832094500194, 12.67118541070864 ], [ 101.663831155602224, 12.671095079595567 ], [ 101.664015147271684, 12.67109323572326 ], [ 101.664016086234312, 12.671183566822766 ], [ 101.664384069615636, 12.671179878670019 ], [ 101.664387826055929, 12.671541202952691 ], [ 101.664479822012481, 12.671540280807992 ], [ 101.664480761172996, 12.671630611870174 ], [ 101.664664753128989, 12.671628767471949 ], [ 101.6646638139038, 12.671538436423338 ], [ 101.664847805766158, 12.671536591911684 ], [ 101.664848745056005, 12.671626922946723 ], [ 101.665032736954018, 12.671625078294497 ], [ 101.665033676315801, 12.671715409315285 ], [ 101.665401660154174, 12.671711719602666 ], [ 101.665403539158135, 12.671892381587902 ], [ 101.665311543144739, 12.671893304077258 ], [ 101.665312482625254, 12.671983635075645 ], [ 101.665220486572295, 12.671984557540034 ], [ 101.665221426027713, 12.672074888544527 ], [ 101.665129429935163, 12.67207581098395 ], [ 101.665130369365514, 12.67216614199455 ], [ 101.665038373233372, 12.672167064409008 ], [ 101.665040252051142, 12.67234772644173 ], [ 101.665132248247957, 12.672346804013701 ], [ 101.66513318770005, 12.67243713502225 ], [ 101.665225183921933, 12.672436212555681 ], [ 101.665227062912535, 12.672616874557175 ], [ 101.665043070332175, 12.672618719485708 ], [ 101.665048707089923, 12.673160705555285 ], [ 101.665232700058326, 12.673158860545314 ], [ 101.665230820980739, 12.67297819855199 ], [ 101.665414813790804, 12.672976353442145 ], [ 101.665413874198208, 12.672886022458037 ], [ 101.665781859601992, 12.672882331884445 ], [ 101.665782799323935, 12.672972662841403 ], [ 101.665874795689092, 12.67297174011183 ], [ 101.665875735450612, 12.673062071061322 ], [ 101.666059728223843, 12.673060225493336 ], [ 101.666060668057298, 12.673150556428565 ], [ 101.666152664465372, 12.673149633590155 ], [ 101.666153604338419, 12.673239964517915 ], [ 101.666245600771575, 12.673239041640956 ], [ 101.666247480604099, 12.673419703480858 ], [ 101.666339477094681, 12.673418780558567 ], [ 101.666340417054144, 12.673509111470706 ], [ 101.666432413569808, 12.673508188509873 ], [ 101.666433353568877, 12.67359851941454 ], [ 101.666525350109637, 12.67359759641516 ], [ 101.666526290148283, 12.673687927312358 ], [ 101.666710283272707, 12.67368608120475 ], [ 101.666711223383288, 12.673776412087685 ], [ 101.666895216543381, 12.673774565839469 ], [ 101.666896156725898, 12.673864896708141 ], [ 101.667080149921645, 12.673863050319316 ], [ 101.667082030437783, 12.674043712027457 ], [ 101.667174027089473, 12.674042788771827 ], [ 101.66717496739075, 12.674133119618084 ], [ 101.667266964067508, 12.674132196323907 ], [ 101.667267904408391, 12.674222527162685 ], [ 101.667175907699303, 12.674223450463659 ], [ 101.667176848015103, 12.674313781308552 ], [ 101.667268844756535, 12.674312858000789 ], [ 101.667269785111927, 12.674403188838211 ], [ 101.667361781878455, 12.674402265491898 ], [ 101.667362722273438, 12.674492596321848 ], [ 101.667178728668461, 12.674494442996297 ], [ 101.667179669006032, 12.674584773839147 ], [ 101.667087672160307, 12.674585697135525 ], [ 101.667089552792518, 12.674766358832768 ], [ 101.666997555874872, 12.674767282110972 ], [ 101.667000376780564, 12.675038274672101 ], [ 101.667092373795242, 12.675037351373524 ], [ 101.667093314143983, 12.675127682219077 ], [ 101.667185311183758, 12.675126758881952 ], [ 101.66718625157209, 12.675217089720034 ], [ 101.667278248636947, 12.675216166344352 ], [ 101.667280129500099, 12.675396828004891 ], [ 101.667372126622368, 12.675395904583867 ], [ 101.667374007579227, 12.675576566228099 ], [ 101.667466004758936, 12.675575642761729 ], [ 101.667467885809486, 12.675756304389651 ], [ 101.667559883046621, 12.675755380877936 ], [ 101.667560823615119, 12.675845711684081 ], [ 101.667652820877365, 12.675844788133812 ], [ 101.667654702100833, 12.676025449730474 ], [ 101.667746699420491, 12.676024526134855 ], [ 101.667747640075461, 12.676114856925372 ], [ 101.667839637420215, 12.676113933291202 ], [ 101.667841518816587, 12.676294594856605 ], [ 101.667933516218781, 12.67629367117708 ], [ 101.667934456960197, 12.67638400195197 ], [ 101.668026454387473, 12.67638307823389 ], [ 101.668027395168494, 12.6764734090013 ], [ 101.668211390065963, 12.676471561456264 ], [ 101.668212330918934, 12.676561892209408 ], [ 101.668396325852058, 12.676560044523733 ], [ 101.668395384934385, 12.676469713784179 ], [ 101.668579379773789, 12.676467865985041 ], [ 101.668578438798704, 12.676377535258395 ], [ 101.668670436175162, 12.676376611317975 ], [ 101.668672318197309, 12.676557272756991 ], [ 101.668764315631208, 12.676556348771218 ], [ 101.668767138815909, 12.676827340904243 ], [ 101.668859136339591, 12.676826416866319 ], [ 101.668861018563717, 12.677007078271336 ], [ 101.668953016144826, 12.677006154188057 ], [ 101.668953957300133, 12.677096484882748 ], [ 101.669045954906323, 12.677095560760909 ], [ 101.669048778512831, 12.677366552820507 ], [ 101.66914077620882, 12.677365628646509 ], [ 101.669141717457848, 12.677455959324885 ], [ 101.669233715178919, 12.677455035112326 ], [ 101.669234656467566, 12.677545365783221 ], [ 101.669326654213734, 12.677544441532099 ], [ 101.669327595541972, 12.677634772195516 ], [ 101.669419593313236, 12.677633847905829 ], [ 101.669420534681095, 12.677724178561769 ], [ 101.669512532477427, 12.677723254233522 ], [ 101.669514415299631, 12.677903915529756 ], [ 101.669330419570301, 12.677905764181677 ], [ 101.669331360927586, 12.677996094842369 ], [ 101.669239363019685, 12.677997019127472 ], [ 101.669240304351888, 12.678087349794282 ], [ 101.669056308449598, 12.678089198282789 ], [ 101.669057249724361, 12.678179528962509 ], [ 101.668965251729972, 12.678180453165908 ], [ 101.668966192979653, 12.67827078385174 ], [ 101.66869019885587, 12.678273556291719 ], [ 101.668692081182897, 12.678454217702122 ], [ 101.668784079296117, 12.678453293573639 ], [ 101.668785020502881, 12.67854362427102 ], [ 101.668877018641183, 12.678542700103973 ], [ 101.668877959887553, 12.678633030793875 ], [ 101.668969958050951, 12.678632106588266 ], [ 101.668971840630164, 12.678812767952438 ], [ 101.668879842402049, 12.678813692171644 ], [ 101.668880783670204, 12.678904022859504 ], [ 101.668788785402469, 12.678904947053736 ], [ 101.668789726645528, 12.678995277747712 ], [ 101.668881724945592, 12.678994353546685 ], [ 101.668885490119806, 12.679355676288589 ], [ 101.668793491690323, 12.679356600516801 ], [ 101.668795374256277, 12.679537261897257 ], [ 101.668703375754831, 12.67953818610729 ], [ 101.668704317016335, 12.679628516803291 ], [ 101.668612318475269, 12.679629440988348 ], [ 101.668613259711691, 12.679719771690465 ], [ 101.668705258285101, 12.679718847498611 ], [ 101.668706199561143, 12.679809178193251 ], [ 101.668798198159649, 12.679808253962833 ], [ 101.668799139475297, 12.67989858464999 ], [ 101.668891138098914, 12.679897660381004 ], [ 101.668892079454167, 12.679987991060687 ], [ 101.668984078102866, 12.679987066753132 ], [ 101.668985019497754, 12.680077397425338 ], [ 101.669077018171549, 12.680076473079209 ], [ 101.669078901047797, 12.680257134407988 ], [ 101.669170899779061, 12.680256210016495 ], [ 101.669171841260422, 12.680346540673064 ], [ 101.669263840016768, 12.680345616243002 ], [ 101.669264781537763, 12.680435946892095 ], [ 101.669356780319205, 12.680435022423465 ], [ 101.669357721879805, 12.680525353065075 ], [ 101.669449720686345, 12.68052442855787 ], [ 101.669450662286565, 12.680614759192004 ], [ 101.6695426611182, 12.68061383464623 ], [ 101.66954360275804, 12.68070416527288 ], [ 101.669635601614772, 12.680703240688535 ], [ 101.669636543294232, 12.68079357130771 ], [ 101.66972854217606, 12.680792646684795 ], [ 101.669730425621466, 12.6809733079075 ], [ 101.669914423492784, 12.680971458539149 ], [ 101.669915365291089, 12.681061789135882 ], [ 101.670007364248207, 12.681060864397244 ], [ 101.670008306086146, 12.681151194986498 ], [ 101.67010030506836, 12.681150270209288 ], [ 101.670102188830754, 12.681330931372154 ], [ 101.670194187870408, 12.681330006549565 ], [ 101.670195129794863, 12.681420337123177 ], [ 101.670287128859613, 12.681419412262017 ], [ 101.670288070823688, 12.681509742828146 ], [ 101.670380069913534, 12.68150881792841 ], [ 101.670381011917229, 12.681599148487058 ], [ 101.670473011032172, 12.681598223548741 ], [ 101.670473953075501, 12.68168855409991 ], [ 101.67056595221554, 12.681687629123022 ], [ 101.670566894298474, 12.681777959666707 ], [ 101.670658893463624, 12.681777034651244 ], [ 101.670659835586193, 12.681867365187442 ], [ 101.670751834776425, 12.681866440133399 ], [ 101.670752776938613, 12.681956770662117 ], [ 101.670844776153956, 12.681955845569496 ], [ 101.670845718355764, 12.682046176090731 ], [ 101.670937717596189, 12.682045250959534 ], [ 101.670938659837631, 12.68213558147329 ], [ 101.671030659103153, 12.682134656303509 ], [ 101.671031601384229, 12.68222498680978 ], [ 101.671123600674846, 12.682224061601424 ], [ 101.671124542995543, 12.682314392100208 ], [ 101.671216542311257, 12.682313466853275 ], [ 101.671217484671587, 12.682403797344572 ], [ 101.671309484012397, 12.682402872059058 ], [ 101.671310426412347, 12.682493202542878 ], [ 101.671494425136885, 12.682491351862904 ], [ 101.671493482672219, 12.682401021392689 ], [ 101.671677481302964, 12.68239917059921 ], [ 101.671678423832347, 12.682489501055816 ], [ 101.671770423169193, 12.682488575604605 ], [ 101.671772308314516, 12.682669236502166 ], [ 101.671864307708802, 12.682668311005568 ], [ 101.67186713557841, 12.682939302326391 ], [ 101.672051134539359, 12.682937451197034 ], [ 101.67205207724183, 12.683027781622336 ], [ 101.671776078692403, 12.683030558289111 ], [ 101.671781734477264, 12.683572540949074 ], [ 101.671873734195202, 12.683571615384441 ], [ 101.671874676883803, 12.683661945818574 ], [ 101.671966676626838, 12.683661020215359 ], [ 101.671970447583448, 12.684022341917871 ], [ 101.67215444730661, 12.684020490561656 ], [ 101.672156332957982, 12.684201151381608 ], [ 101.672340332781545, 12.684199299871043 ], [ 101.672338447000698, 12.684018639078312 ], [ 101.672246447157292, 12.684019564835875 ], [ 101.672245504310126, 12.683929234431682 ], [ 101.67242950392496, 12.68392738289838 ], [ 101.672428561020354, 12.683837052507117 ], [ 101.672520560784491, 12.6838361266996 ], [ 101.672518674932334, 12.683655465928634 ], [ 101.67261067462448, 12.683654540102944 ], [ 101.672609731676928, 12.683564209723247 ], [ 101.67251773201717, 12.683565135542128 ], [ 101.672514903315275, 12.683294144378523 ], [ 101.672606902877959, 12.683293218580062 ], [ 101.672604074144402, 12.683022227430735 ], [ 101.672696073602722, 12.683021301620906 ], [ 101.672695130673716, 12.682930971243241 ], [ 101.672787130092416, 12.682930045408442 ], [ 101.6727861871383, 12.682839715036899 ], [ 101.672878186517366, 12.682838789177124 ], [ 101.672877243538167, 12.682748458811703 ], [ 101.673337240162539, 12.682743829070175 ], [ 101.673338183303542, 12.682834159401557 ], [ 101.673430182638967, 12.682833233351106 ], [ 101.673431125819604, 12.682923563674999 ], [ 101.673523125180111, 12.682922637585962 ], [ 101.673524068400383, 12.683012967902362 ], [ 101.673616067785986, 12.68301204177474 ], [ 101.673617011045906, 12.683102372083653 ], [ 101.67352501162793, 12.683103298218084 ], [ 101.673527841354215, 12.683374289161156 ], [ 101.673435841831889, 12.683375215284237 ], [ 101.673437728287695, 12.683555875923155 ], [ 101.673345728693377, 12.683556802028066 ], [ 101.673348558334553, 12.683827793001761 ], [ 101.673532557710132, 12.683825940719309 ], [ 101.673533501003135, 12.683916271028892 ], [ 101.67362550071239, 12.683915344833183 ], [ 101.673628330732129, 12.684186335737422 ], [ 101.673720330531211, 12.68418540948951 ], [ 101.673721273918019, 12.68427573978275 ], [ 101.673813273742198, 12.684274813496245 ], [ 101.673814217168655, 12.684365143781996 ], [ 101.6739982168599, 12.68436329110002 ], [ 101.674000103864131, 12.684543951642238 ], [ 101.674092103763584, 12.684543025239954 ], [ 101.674093047308972, 12.684633355503232 ], [ 101.674185047233507, 12.684632429062358 ], [ 101.674185990818543, 12.684722759318142 ], [ 101.674277990768161, 12.684721832838671 ], [ 101.674278934392845, 12.684812163086965 ], [ 101.674370934367573, 12.684811236568903 ], [ 101.674371878031891, 12.684901566809705 ], [ 101.674463878031716, 12.68490064025305 ], [ 101.674464821735668, 12.684990970486357 ], [ 101.674556821760589, 12.684990043891107 ], [ 101.674557765504204, 12.685080374116922 ], [ 101.674649765554193, 12.685079447483075 ], [ 101.674650709337442, 12.685169777701399 ], [ 101.674742709412541, 12.685168851028958 ], [ 101.674743653235439, 12.685259181239788 ], [ 101.674927653428554, 12.685257327785926 ], [ 101.674928597323458, 12.685347657982451 ], [ 101.67502059744146, 12.68534673120103 ], [ 101.675021541376026, 12.68543706139006 ], [ 101.675205541654947, 12.685435207718239 ], [ 101.675206485661519, 12.685525537892962 ], [ 101.675298485822438, 12.68552461100256 ], [ 101.675299429868659, 12.685614941169792 ], [ 101.675483430233385, 12.685613087280005 ], [ 101.67548437435164, 12.685703417432928 ], [ 101.675668374751993, 12.685701563402368 ], [ 101.675669318942255, 12.685791893540983 ], [ 101.675853319378234, 12.685790039369651 ], [ 101.675854263640517, 12.685880369493956 ], [ 101.676406264967994, 12.685874806176201 ], [ 101.676408153902855, 12.686055466340987 ], [ 101.67650015416335, 12.686054538996476 ], [ 101.676502987717356, 12.686325529218095 ], [ 101.676594988067706, 12.686324601821349 ], [ 101.676595932632651, 12.686414931887043 ], [ 101.676687933008068, 12.686414004451693 ], [ 101.676688877612662, 12.686504334509889 ], [ 101.676780878013176, 12.686503407035937 ], [ 101.676781822657432, 12.686593737086634 ], [ 101.676873823083042, 12.686592809574075 ], [ 101.676874767766932, 12.686683139617271 ], [ 101.676966768217639, 12.686682212066106 ], [ 101.676967712941192, 12.686772542101805 ], [ 101.677151713885507, 12.686770686890481 ], [ 101.677152658681095, 12.686861016911863 ], [ 101.67724465917469, 12.686860089251697 ], [ 101.67724560400994, 12.68695041926558 ], [ 101.677429605040032, 12.68694856383625 ], [ 101.677430549947303, 12.687038893835814 ], [ 101.677522550483801, 12.687037966066645 ], [ 101.677523495430734, 12.687128296058708 ], [ 101.677615495992313, 12.687127368250936 ], [ 101.677616440978909, 12.6872176982355 ], [ 101.677708441565585, 12.687216770389114 ], [ 101.677709386591829, 12.687307100366175 ], [ 101.677801387203601, 12.687306172481184 ], [ 101.677803277342704, 12.687486832419625 ], [ 101.677895278011931, 12.687485904489202 ], [ 101.67789622312479, 12.68757623445058 ], [ 101.677988223819114, 12.68757530648155 ], [ 101.67799200447287, 12.687936626292956 ], [ 101.677900003649043, 12.687937554289265 ], [ 101.677901893954882, 12.688118214204515 ], [ 101.677993894843468, 12.688117286194569 ], [ 101.677992949654524, 12.688026956244105 ], [ 101.678084950503447, 12.688026028209185 ], [ 101.678085895724763, 12.688116358152829 ], [ 101.678177896598768, 12.688115430079295 ], [ 101.678179787128016, 12.688296089950898 ], [ 101.67827178805949, 12.688295161831935 ], [ 101.678270842758849, 12.688204831903297 ], [ 101.67836284365066, 12.68820390375936 ], [ 101.678361898324923, 12.688113573836855 ], [ 101.678637900859528, 12.688110789234752 ], [ 101.678638846282382, 12.688201119136796 ], [ 101.678914848848521, 12.688198334228099 ], [ 101.678915794375797, 12.68828866410899 ], [ 101.679007795248992, 12.688287735735683 ], [ 101.679008740815931, 12.688378065609072 ], [ 101.679192742605181, 12.688376208753439 ], [ 101.679193688244169, 12.6884665386125 ], [ 101.679377690069018, 12.688464681616049 ], [ 101.679378635780068, 12.688555011460782 ], [ 101.679562637640515, 12.688553154323515 ], [ 101.679563583423601, 12.688643484153916 ], [ 101.679747585319646, 12.688641626875826 ], [ 101.679748531174781, 12.688731956691901 ], [ 101.67984053214424, 12.688731027998342 ], [ 101.679841478039023, 12.688821357806912 ], [ 101.679933479033579, 12.688820429074735 ], [ 101.679934424968053, 12.688910758875798 ], [ 101.680118427000039, 12.688908901302408 ], [ 101.680119373006562, 12.68899923108914 ], [ 101.680303375074146, 12.688997373374928 ], [ 101.680304321152704, 12.689087703147322 ], [ 101.680488323255886, 12.689085845292281 ], [ 101.680489269406507, 12.689176175050346 ], [ 101.680581270479536, 12.689175246068308 ], [ 101.680582216669833, 12.689265575818863 ], [ 101.680766218858764, 12.689263717745749 ], [ 101.680767165121111, 12.689354047481967 ], [ 101.68095116734564, 12.689352189268021 ], [ 101.680952113680036, 12.689442518989901 ], [ 101.681136115940149, 12.689440660635123 ], [ 101.681137062346579, 12.689530990342666 ], [ 101.68132106464229, 12.689529131847049 ], [ 101.681322011120798, 12.689619461540257 ], [ 101.681414012290077, 12.689618532237924 ], [ 101.681414958808261, 12.689708861923624 ], [ 101.681598961189707, 12.689707003209916 ], [ 101.68159990777994, 12.689797332881273 ], [ 101.681875911394556, 12.689794544551756 ], [ 101.681877804791199, 12.68997520385145 ], [ 101.682153808534423, 12.68997241519479 ], [ 101.682154755340832, 12.690062744823122 ], [ 101.682246756606375, 12.69006181520048 ], [ 101.682247703452461, 12.690152144821297 ], [ 101.682431706026406, 12.690150285466959 ], [ 101.682432652944556, 12.690240615073435 ], [ 101.682524654252958, 12.690239685341737 ], [ 101.682525601210784, 12.690330014940701 ], [ 101.682709603870464, 12.690328155368253 ], [ 101.682710550900353, 12.69041848495287 ], [ 101.682894553595602, 12.690416625239566 ], [ 101.682895500697569, 12.690506954809843 ], [ 101.683171504782848, 12.690504164980911 ], [ 101.683172451989265, 12.690594494530002 ], [ 101.683264453368793, 12.690593564516595 ], [ 101.683265400614886, 12.69068389405817 ], [ 101.683449403416844, 12.690682033922297 ], [ 101.683450350735001, 12.690772363449526 ], [ 101.683542352157403, 12.690771433327056 ], [ 101.68354329951525, 12.690861762846771 ], [ 101.683819303835833, 12.690858972268071 ], [ 101.683820251298116, 12.690949301766597 ], [ 101.683912252756087, 12.69094837150327 ], [ 101.683913200258075, 12.691038700994277 ], [ 101.684097203216893, 12.691036840358548 ], [ 101.684098150790931, 12.691127169835205 ], [ 101.684282153785304, 12.691125309058608 ], [ 101.684283101431419, 12.691215638520912 ], [ 101.684375102950042, 12.691214708078078 ], [ 101.684376050635848, 12.691305037532866 ], [ 101.684468052179554, 12.691304107051398 ], [ 101.68446899990505, 12.691394436498662 ], [ 101.684561001473824, 12.691393505978557 ], [ 101.684561949239011, 12.691483835418305 ], [ 101.684285944413617, 12.691486626903727 ], [ 101.684284996745589, 12.691396297443472 ], [ 101.683916990339014, 12.691400018951487 ], [ 101.683918885423296, 12.691580677925993 ], [ 101.683826883738632, 12.691581608237167 ], [ 101.683828778787344, 12.691762267222611 ], [ 101.683920780536781, 12.691761336897772 ], [ 101.68392172810448, 12.691851666382636 ], [ 101.684105731646227, 12.691849805623878 ], [ 101.684104784013755, 12.691759476152685 ], [ 101.684196785741293, 12.691758545732441 ], [ 101.684195838083738, 12.691668216267397 ], [ 101.684747848101253, 12.691662633119124 ], [ 101.684748795953126, 12.691752962543147 ], [ 101.684840797629548, 12.691752031900297 ], [ 101.684841745521098, 12.691842361316802 ], [ 101.685025748916786, 12.691840499922021 ], [ 101.685026696880414, 12.691930829324169 ], [ 101.685210700311657, 12.691928967788508 ], [ 101.685208804262132, 12.69174830901088 ], [ 101.685484809159874, 12.691745516509906 ], [ 101.685483861048908, 12.691655187140581 ], [ 101.685575862634494, 12.691654256250159 ], [ 101.685576810777832, 12.691744585612646 ], [ 101.685944817176647, 12.6917408617056 ], [ 101.685945765456836, 12.691831191040045 ], [ 101.686037767070658, 12.691830259976937 ], [ 101.68603966371775, 12.692010918630102 ], [ 101.686223667053014, 12.69200905638113 ], [ 101.686224615452289, 12.692099385693009 ], [ 101.686500620497526, 12.692096592060514 ], [ 101.686501569001294, 12.692186921351187 ], [ 101.686685572393003, 12.692185058756831 ], [ 101.686686520968834, 12.692275388033135 ], [ 101.686870524396099, 12.692273525297892 ], [ 101.686871473044022, 12.692363854559829 ], [ 101.687147478227246, 12.692361060197921 ], [ 101.687148426979633, 12.692451389438647 ], [ 101.687240428725147, 12.69245045791423 ], [ 101.687242326316635, 12.692631116379948 ], [ 101.687334328119604, 12.692630184810044 ], [ 101.687337174658836, 12.692901172482973 ], [ 101.687245172758708, 12.69290210407341 ], [ 101.687246121587336, 12.692992433303196 ], [ 101.68706211770035, 12.692994296402343 ], [ 101.687063066471524, 12.693084625645131 ], [ 101.686787060489038, 12.693087420075848 ], [ 101.686788009170343, 12.693177749338483 ], [ 101.686696007129171, 12.693178680758624 ], [ 101.686695058480254, 12.693088351489147 ], [ 101.686603056464165, 12.693089282870639 ], [ 101.6866059023357, 12.693360270697543 ], [ 101.686789906554907, 12.6933584078617 ], [ 101.686790855258167, 12.693448737122283 ], [ 101.686974859512929, 12.69344687414554 ], [ 101.686975808288267, 12.693537203391756 ], [ 101.687067810437071, 12.693536271848835 ], [ 101.687068759252099, 12.693626601087525 ], [ 101.687160761425986, 12.69362566950595 ], [ 101.687161710280733, 12.693715998737117 ], [ 101.687253712479688, 12.6937150671169 ], [ 101.687254661374141, 12.693805396340538 ], [ 101.687346663598177, 12.693804464681671 ], [ 101.687347612532335, 12.693894793897782 ], [ 101.687623619257764, 12.693891998709807 ], [ 101.6876245682964, 12.693982327904706 ], [ 101.687808572808251, 12.693980464273338 ], [ 101.687809521918979, 12.694070793453868 ], [ 101.68808552872909, 12.694067997747727 ], [ 101.68808647794431, 12.69415832690704 ], [ 101.688270482512607, 12.694156462930222 ], [ 101.688271431799919, 12.694246792075155 ], [ 101.688455436403743, 12.694244927957419 ], [ 101.68845638576316, 12.694335257087978 ], [ 101.688824395012588, 12.694331528443437 ], [ 101.688825344508899, 12.694421857545928 ], [ 101.688917346835353, 12.694420925298427 ], [ 101.688916397306656, 12.694330596202784 ], [ 101.689100401872849, 12.694328731626058 ], [ 101.689101351466334, 12.694419060708 ], [ 101.689193353770861, 12.694418128365079 ], [ 101.689194303404037, 12.694508457439497 ], [ 101.689470310370865, 12.694505660199338 ], [ 101.689471260108562, 12.694595989252525 ], [ 101.689839269424795, 12.694592259126274 ], [ 101.689840219299384, 12.69468258815138 ], [ 101.689932221642536, 12.694681655533447 ], [ 101.689934121478444, 12.694862313567914 ], [ 101.690026123879065, 12.694861380904474 ], [ 101.690028023809035, 12.695042038922503 ], [ 101.690120026267138, 12.695041106213552 ], [ 101.690127626538953, 12.695763738203546 ], [ 101.690219629248887, 12.695762805407982 ], [ 101.690220579348193, 12.695853134396803 ], [ 101.690404584810921, 12.695851268696542 ], [ 101.690406485161091, 12.696031926644737 ], [ 101.690314482368592, 12.696032859524475 ], [ 101.690316382683235, 12.696213517483638 ], [ 101.69022437981863, 12.696214450345266 ], [ 101.690226280097747, 12.696395108315397 ], [ 101.690134277161022, 12.696396041158911 ], [ 101.690137127537426, 12.696667028129532 ], [ 101.689861118391747, 12.696669826530862 ], [ 101.68986206843465, 12.696760155540256 ], [ 101.689770065339047, 12.696761088283919 ], [ 101.689771015356868, 12.696851417299476 ], [ 101.689679012221561, 12.696852350018183 ], [ 101.689680912214357, 12.697033008060945 ], [ 101.689588909006929, 12.697033940761532 ], [ 101.689592708950755, 12.697395256866258 ], [ 101.68940870225471, 12.697397122226782 ], [ 101.689409652194172, 12.69748745126495 ], [ 101.689317648802785, 12.697488383904338 ], [ 101.689318598717136, 12.697578712948676 ], [ 101.689134591847605, 12.697580578145701 ], [ 101.689137441440181, 12.697851565315698 ], [ 101.689321448504131, 12.697849700077581 ], [ 101.689322398447771, 12.697940029119183 ], [ 101.689414402001162, 12.697939096445554 ], [ 101.689415351984522, 12.698029425479625 ], [ 101.689599359134178, 12.698027560023213 ], [ 101.689600309189657, 12.6981178890429 ], [ 101.689784316374841, 12.698116023445527 ], [ 101.689785266502454, 12.698206352450834 ], [ 101.689877270116483, 12.698205419597571 ], [ 101.689878220283788, 12.698295748595344 ], [ 101.690430242008645, 12.698290150766503 ], [ 101.690425490273128, 12.697838505976319 ], [ 101.690333486832643, 12.69783943899308 ], [ 101.690331586254459, 12.697658781058522 ], [ 101.690423589630157, 12.697657848055462 ], [ 101.690422639319664, 12.69756751909401 ], [ 101.690606645984275, 12.697565653006148 ], [ 101.690605695616284, 12.697475324057713 ], [ 101.690697698905211, 12.697474390972912 ], [ 101.690696748512153, 12.697384062030647 ], [ 101.690788751761346, 12.697383128920881 ], [ 101.690785900528866, 12.697112142110539 ], [ 101.690877903673552, 12.697111208989515 ], [ 101.690876002823714, 12.696930551126245 ], [ 101.690968005896266, 12.696929617987113 ], [ 101.690967055449917, 12.696839289061305 ], [ 101.691059058482764, 12.696838355897212 ], [ 101.691058108011333, 12.696748026977568 ], [ 101.691150111004447, 12.696747093788517 ], [ 101.691148210018795, 12.696566435960893 ], [ 101.690964204154838, 12.696568302279779 ], [ 101.690961352925626, 12.696297315492094 ], [ 101.691053355764069, 12.69629638236912 ], [ 101.691052405336592, 12.69620605344538 ], [ 101.69096040253055, 12.696206986561503 ], [ 101.690958501762324, 12.696026328698267 ], [ 101.690774496257859, 12.696028194807671 ], [ 101.690773545949526, 12.695937865861321 ], [ 101.690589540480573, 12.695939731829775 ], [ 101.690586689793889, 12.69566874494552 ], [ 101.690678692434844, 12.695667811997753 ], [ 101.690677742188186, 12.69557748304182 ], [ 101.691045752549186, 12.695573750960063 ], [ 101.691046702925419, 12.695664079888587 ], [ 101.691138705529752, 12.695663146781769 ], [ 101.691139655945719, 12.695753475702757 ], [ 101.691323661197217, 12.695751609379981 ], [ 101.691321760243042, 12.695570951564736 ], [ 101.691229757685747, 12.695571884728322 ], [ 101.691228807252031, 12.695481555812821 ], [ 101.691044802180272, 12.695483422030856 ], [ 101.6910429014644, 12.695302764170389 ], [ 101.690950898982322, 12.695303697217987 ], [ 101.69094899836054, 12.695123039341084 ], [ 101.691041000777815, 12.695122106307192 ], [ 101.691040050445523, 12.695031777374567 ], [ 101.691684066934769, 12.69502524529465 ], [ 101.691685017493839, 12.695115574179299 ], [ 101.692237031536237, 12.695109973971983 ], [ 101.692237982296987, 12.69520030281482 ], [ 101.692974000869143, 12.695192834035577 ], [ 101.692974951896389, 12.695283162822873 ], [ 101.693066954217343, 12.69528222907547 ], [ 101.693066003157696, 12.695191900295033 ], [ 101.693158005438931, 12.695190966522675 ], [ 101.693156103276834, 12.695010308973464 ], [ 101.693248105485949, 12.695009375183014 ], [ 101.693247154383499, 12.694919046414244 ], [ 101.693339156552895, 12.694918112598845 ], [ 101.693338205425363, 12.694827783836249 ], [ 101.693430207555039, 12.6948268499959 ], [ 101.693429256402439, 12.694736521239477 ], [ 101.693797264718256, 12.694732785587446 ], [ 101.693798216000403, 12.694823114316433 ], [ 101.694258226392222, 12.694818444001413 ], [ 101.694259177843676, 12.694908772695415 ], [ 101.694811190266321, 12.69490316722656 ], [ 101.694812141919471, 12.694993495878704 ], [ 101.695272152232008, 12.694988823745621 ], [ 101.695273104054465, 12.695079152362771 ], [ 101.696653134377939, 12.695065131089304 ], [ 101.696654086693655, 12.695155459602791 ], [ 101.697666108238082, 12.695145172711431 ], [ 101.697667060917468, 12.695235501148682 ], [ 101.698127070578792, 12.695230823982282 ], [ 101.698128023427486, 12.695321152384494 ], [ 101.698588033067267, 12.695316474388521 ], [ 101.698588986085284, 12.695406802755697 ], [ 101.699232999499372, 12.695400252177258 ], [ 101.699233952751484, 12.695490580495639 ], [ 101.699877966032489, 12.695484028310439 ], [ 101.699878919518696, 12.695574356580014 ], [ 101.700706936356951, 12.695565929989757 ], [ 101.70070789014207, 12.695656258196765 ], [ 101.701351903053776, 12.695649702352656 ], [ 101.701350949041895, 12.695559374193797 ], [ 101.701534952600028, 12.695557500822954 ], [ 101.701546402005249, 12.696641438519014 ], [ 101.701822408453594, 12.696638627976508 ], [ 101.701823362715658, 12.696728956092761 ], [ 101.702007367042583, 12.696727082224935 ], [ 101.702005458396201, 12.696546426019268 ], [ 101.702097460483841, 12.696545489051397 ], [ 101.702099369195025, 12.696726145243307 ], [ 101.702191371340106, 12.696725208229861 ], [ 101.702192325739134, 12.69681553631791 ], [ 101.702284327909268, 12.696814599265773 ], [ 101.70228337347784, 12.696724271184607 ] ], [ [ 101.66318249128129, 12.670649876335569 ], [ 101.663274487008707, 12.670648954671448 ], [ 101.663275425676474, 12.670739285828621 ], [ 101.663183429916728, 12.670740207499524 ], [ 101.66318249128129, 12.670649876335569 ] ], [ [ 101.701533044468718, 12.695376844530701 ], [ 101.701625046171969, 12.695375907811325 ], [ 101.701626954368066, 12.695556564089818 ], [ 101.701534952600028, 12.695557500822954 ], [ 101.701533044468718, 12.695376844530701 ] ], [ [ 101.743797010351912, 12.706867388637662 ], [ 101.743613005153151, 12.70686929295967 ], [ 101.743612035342679, 12.706778968064423 ], [ 101.743704037913375, 12.706778015926318 ], [ 101.743703068077949, 12.706687691037372 ], [ 101.743795070608755, 12.706686738874424 ], [ 101.743797010351912, 12.706867388637662 ] ], [ [ 101.757035560955345, 12.705826704061506 ], [ 101.756943559761552, 12.705827660752199 ], [ 101.756942585325106, 12.705737336865583 ], [ 101.756850584156226, 12.705738293517426 ], [ 101.756849609759698, 12.705647969623108 ], [ 101.75703361202514, 12.705646056301633 ], [ 101.757035560955345, 12.705826704061506 ] ], [ [ 101.723064477429233, 12.704100053077303 ], [ 101.722972474229948, 12.704100997862435 ], [ 101.722970549630929, 12.703920344907747 ], [ 101.72306255276537, 12.703919400136487 ], [ 101.723063515093585, 12.704009726607239 ], [ 101.723247521405085, 12.704007836955361 ], [ 101.723248483805563, 12.70409816341156 ], [ 101.7231564806211, 12.704099108260348 ], [ 101.723157442996566, 12.704189434722792 ], [ 101.72306543977227, 12.704190379546688 ], [ 101.723064477429233, 12.704100053077303 ] ], [ [ 101.718530374377167, 12.70170748601868 ], [ 101.718438371690283, 12.701708429057263 ], [ 101.718437411175188, 12.701618102222271 ], [ 101.718345408513329, 12.701619045222104 ], [ 101.718343487570138, 12.701438391536229 ], [ 101.718435490167167, 12.701437448550237 ], [ 101.718434529674255, 12.701347121713196 ], [ 101.718526532231493, 12.701346178702305 ], [ 101.718527492756806, 12.701436505532428 ], [ 101.718619495339055, 12.701435562482791 ], [ 101.718620455904173, 12.701525889305305 ], [ 101.718712458511433, 12.701524946216924 ], [ 101.718713419116369, 12.70161527303183 ], [ 101.718805421748641, 12.701614329904702 ], [ 101.718806382393382, 12.701704656712 ], [ 101.719174392978118, 12.701700883857567 ], [ 101.719175353759894, 12.701791210636486 ], [ 101.719359359072698, 12.70178932400448 ], [ 101.719361280788092, 12.701969977532562 ], [ 101.719453283498211, 12.701969034154972 ], [ 101.719454244399415, 12.702059360911056 ], [ 101.719638249862285, 12.70205747404656 ], [ 101.71964017181655, 12.702238127528977 ], [ 101.719456166224035, 12.702240014421177 ], [ 101.719455205308023, 12.702149687666457 ], [ 101.719179196961008, 12.702152517745299 ], [ 101.719178236149617, 12.702062190969123 ], [ 101.718902227833254, 12.702065020740772 ], [ 101.718901267126512, 12.701974693943137 ], [ 101.718809264371984, 12.701975637129785 ], [ 101.71880830370506, 12.701885310324542 ], [ 101.718624298238666, 12.701887196588508 ], [ 101.718623337643947, 12.701796869768739 ], [ 101.718531334932067, 12.701797812846062 ], [ 101.718530374377167, 12.70170748601868 ] ], [ [ 101.718156601188994, 12.701169296837254 ], [ 101.718064598666999, 12.701170239707009 ], [ 101.718066519371362, 12.701350893438528 ], [ 101.717974516777161, 12.701351836290307 ], [ 101.717973556453686, 12.701261509417968 ], [ 101.717789551307902, 12.701263395012212 ], [ 101.717788591056632, 12.701173068125346 ], [ 101.717696588505063, 12.701174010867817 ], [ 101.717693707892877, 12.700903030182344 ], [ 101.717969715233764, 12.700900201921758 ], [ 101.717970675527653, 12.70099052879684 ], [ 101.718062677992236, 12.700989585972749 ], [ 101.718063638325916, 12.701079912840219 ], [ 101.71815564081551, 12.701078969977386 ], [ 101.718156601188994, 12.701169296837254 ] ], [ [ 101.716583919172564, 12.700372378473141 ], [ 101.716215909704133, 12.700376147348313 ], [ 101.716213030847115, 12.700105166312246 ], [ 101.71639703540167, 12.700103281979803 ], [ 101.716397995078097, 12.700193608978676 ], [ 101.716489997376684, 12.700192666757808 ], [ 101.716488077966417, 12.700012012773216 ], [ 101.716580080192813, 12.700011070534364 ], [ 101.716581039926666, 12.700101397520083 ], [ 101.716673042178073, 12.700100455242495 ], [ 101.716674001951716, 12.700190782220615 ], [ 101.716581999667909, 12.700191724505119 ], [ 101.716583919172564, 12.700372378473141 ] ], [ [ 101.69005462590259, 12.697571250887945 ], [ 101.689870619150142, 12.697573116594022 ], [ 101.689869669041357, 12.697482787590781 ], [ 101.690053675729004, 12.697480921898403 ], [ 101.69005462590259, 12.697571250887945 ] ], [ [ 101.702373466702667, 12.69654267795692 ], [ 101.702189462564135, 12.696544552051718 ], [ 101.702188508187177, 12.696454223961618 ], [ 101.702372512260894, 12.696452349880584 ], [ 101.702373466702667, 12.69654267795692 ] ], [ [ 101.663454723584536, 12.670285786666721 ], [ 101.663362728000919, 12.670286708367211 ], [ 101.66336178933706, 12.67019637721342 ], [ 101.663453784888333, 12.67019545551971 ], [ 101.663454723584536, 12.670285786666721 ] ], [ [ 101.698905029346761, 12.699197785493718 ], [ 101.698813026062297, 12.699198721547482 ], [ 101.698811119287271, 12.699018064897377 ], [ 101.698351103078963, 12.699022744620187 ], [ 101.698350149864481, 12.698932416259753 ], [ 101.698442153088422, 12.698931480385699 ], [ 101.698437386964116, 12.698479838607616 ], [ 101.698345383902208, 12.698480774447312 ], [ 101.698344430731765, 12.698390446082769 ], [ 101.697976418540279, 12.698394189095898 ], [ 101.697977371581104, 12.698484517487923 ], [ 101.697793365376498, 12.698486388817328 ], [ 101.697792412400489, 12.698396060411559 ], [ 101.69770040931958, 12.698396996021668 ], [ 101.697699456383319, 12.69830666760835 ], [ 101.697791459431812, 12.698305732005114 ], [ 101.697790506470483, 12.698215403597983 ], [ 101.697882509479243, 12.698214467969798 ], [ 101.697880603513809, 12.698033811167223 ], [ 101.697788600569851, 12.698034746781666 ], [ 101.697787647630534, 12.697944418372481 ], [ 101.697695644711644, 12.697945353948237 ], [ 101.697694691812075, 12.697855025531503 ], [ 101.697602688918252, 12.697855961068573 ], [ 101.697600783205942, 12.697675304219308 ], [ 101.69750878036956, 12.697676239710823 ], [ 101.697507827556834, 12.697585911278299 ], [ 101.697415824745519, 12.697586846731131 ], [ 101.697414871972512, 12.69749651829105 ], [ 101.69695485796791, 12.697501195043653 ], [ 101.696953905364239, 12.697410866568543 ], [ 101.696861902573701, 12.697411801816751 ], [ 101.696862855144971, 12.697502130298728 ], [ 101.696678849477081, 12.697504000713437 ], [ 101.696679801990882, 12.697594329208462 ], [ 101.69658779911353, 12.697595264374959 ], [ 101.696588751602263, 12.697685592876169 ], [ 101.696680754512002, 12.697684657702803 ], [ 101.696684564669923, 12.698045971673332 ], [ 101.696500558583878, 12.698047842043188 ], [ 101.696499606098186, 12.697957513537844 ], [ 101.696315600047583, 12.697959383766701 ], [ 101.696313695227857, 12.697778726726503 ], [ 101.696129689277512, 12.697780596800634 ], [ 101.69613159396765, 12.697961253868296 ], [ 101.696223597011297, 12.697960318833404 ], [ 101.696224549399773, 12.698050647359347 ], [ 101.69631655246846, 12.698049712285776 ], [ 101.696317504896683, 12.698140040804168 ], [ 101.696501511076889, 12.698138170547844 ], [ 101.696502463577232, 12.698228499051817 ], [ 101.696594466688737, 12.698227563869066 ], [ 101.696595419228828, 12.698317892365484 ], [ 101.696779425494626, 12.698316021890797 ], [ 101.696780378106865, 12.6984063503728 ], [ 101.696872381261144, 12.698405415080863 ], [ 101.69686952334925, 12.698134429653404 ], [ 101.697145532476483, 12.698131623648504 ], [ 101.69714743793817, 12.698312280559616 ], [ 101.697239441030703, 12.69831134514728 ], [ 101.697240393804961, 12.698401673594944 ], [ 101.697332396922562, 12.698400738143924 ], [ 101.697333349736553, 12.698491066584037 ], [ 101.697517356014544, 12.698489195572806 ], [ 101.697519261794156, 12.6986698524235 ], [ 101.697427258594033, 12.698670787958761 ], [ 101.697429164338203, 12.698851444820463 ], [ 101.697337161065917, 12.698852380337645 ], [ 101.697341925392749, 12.699304022514267 ], [ 101.697525932254024, 12.699302151379394 ], [ 101.69752688520623, 12.699392479798924 ], [ 101.697618888658255, 12.699391544176891 ], [ 101.697620794649481, 12.699572201000167 ], [ 101.697528791132626, 12.699573136635944 ], [ 101.697529744106845, 12.699663465053428 ], [ 101.697437740550257, 12.699664400664252 ], [ 101.697438693499393, 12.699754729087923 ], [ 101.697346689903057, 12.699755664673795 ], [ 101.69734764282714, 12.699845993103651 ], [ 101.697439646455877, 12.699845057510908 ], [ 101.697441552390885, 12.700025714354823 ], [ 101.697533556077104, 12.70002477871652 ], [ 101.697535462106273, 12.700205435543966 ], [ 101.697627465849976, 12.700204499860103 ], [ 101.697626512799303, 12.700114171453592 ], [ 101.697994527571083, 12.70011042842741 ], [ 101.697988808643473, 12.699568458138865 ], [ 101.698080812123621, 12.699567522343992 ], [ 101.698079858962316, 12.699477193967045 ], [ 101.698723882890931, 12.699470642560065 ], [ 101.698722929510112, 12.699380314230533 ], [ 101.698814932866711, 12.699379378194845 ], [ 101.698813979460851, 12.699289049871505 ], [ 101.698905982777688, 12.699288113810868 ], [ 101.698905029346761, 12.699197785493718 ] ], [ [ 101.700234098230524, 12.703068790281428 ], [ 101.700231235672987, 12.702797805702849 ], [ 101.700139231194967, 12.702798742477116 ], [ 101.700137322924846, 12.702618086074223 ], [ 101.699677300748704, 12.702622769399394 ], [ 101.699676346786731, 12.702532441162546 ], [ 101.699584342361888, 12.702533377725224 ], [ 101.699583388439663, 12.702443049480815 ], [ 101.699491384039888, 12.702443986004788 ], [ 101.699488522414569, 12.702173001246832 ], [ 101.699304513787453, 12.702174874158054 ], [ 101.699305467590392, 12.702265202425137 ], [ 101.699213463233392, 12.702266138839885 ], [ 101.699216324589017, 12.702537123657658 ], [ 101.699124320127424, 12.702538060061196 ], [ 101.699125273894921, 12.702628388339292 ], [ 101.698849260368874, 12.702631197379565 ], [ 101.698850214046445, 12.7027215256776 ], [ 101.698666204927548, 12.702723398225718 ], [ 101.698667158547636, 12.702813726536814 ], [ 101.698575153944745, 12.702814662770004 ], [ 101.698577061142132, 12.702995319403882 ], [ 101.698761070470226, 12.702993446878182 ], [ 101.698762977826647, 12.70317410348183 ], [ 101.698854982544503, 12.703173167157491 ], [ 101.698856889995128, 12.703353823744662 ], [ 101.698948894770481, 12.70335288737475 ], [ 101.698949848539229, 12.703443215660434 ], [ 101.699041853339651, 12.703442279251814 ], [ 101.699042807148146, 12.703532607529946 ], [ 101.699134811973664, 12.703531671082626 ], [ 101.699133858132726, 12.70344134281137 ], [ 101.699317867696863, 12.703439469834988 ], [ 101.699318821602617, 12.703529798092497 ], [ 101.69941082640608, 12.703528861549685 ], [ 101.699413688264684, 12.70379984629748 ], [ 101.699321683363962, 12.703800782860913 ], [ 101.699322637299105, 12.703891111115681 ], [ 101.699046622455626, 12.703893920635618 ], [ 101.699047576300856, 12.703984248910324 ], [ 101.698863566303643, 12.703986121778206 ], [ 101.698864520091391, 12.704076450065974 ], [ 101.698772515049342, 12.704077386459041 ], [ 101.698773468812007, 12.704167714752998 ], [ 101.699509509202016, 12.704160222662198 ], [ 101.699508555180003, 12.704069894423228 ], [ 101.699784570107809, 12.70406708438458 ], [ 101.699783615995898, 12.703976756165554 ], [ 101.699875620924715, 12.703975819429214 ], [ 101.699870850313218, 12.703524178358185 ], [ 101.699962855072613, 12.703523241624394 ], [ 101.699963809212633, 12.703613569833095 ], [ 101.700331828306375, 12.703609822552133 ], [ 101.700326102798442, 12.7030678534547 ], [ 101.700234098230524, 12.703068790281428 ] ], [ [ 101.698458863606902, 12.709229844943374 ], [ 101.698459817658431, 12.709320173225816 ], [ 101.697815768787976, 12.709326728984358 ], [ 101.697819584159376, 12.709688042299673 ], [ 101.697911591292623, 12.709687105830792 ], [ 101.69791254518627, 12.709777434151041 ], [ 101.698188566639288, 12.709774624532706 ], [ 101.69818952063757, 12.709864952831655 ], [ 101.69828152780633, 12.709864016221648 ], [ 101.698282481844387, 12.709954344513038 ], [ 101.698558503403902, 12.709951534471321 ], [ 101.698559457546608, 12.710041862741416 ], [ 101.698651464750867, 12.710040925990276 ], [ 101.698652418933349, 12.710131254252813 ], [ 101.698928440599346, 12.710128443787699 ], [ 101.698929394886491, 12.710218772028931 ], [ 101.699021402126235, 12.710217835136657 ], [ 101.699022356453156, 12.710308163370334 ], [ 101.699206370975489, 12.710306289476499 ], [ 101.69920732537463, 12.710396617695741 ], [ 101.699299332657205, 12.710395680694178 ], [ 101.699301241542386, 12.710576337116864 ], [ 101.699393248882501, 12.710575400069708 ], [ 101.699392294403793, 12.71048507186558 ], [ 101.699484301704132, 12.710484134793447 ], [ 101.699483347200328, 12.71039380659551 ], [ 101.699391339932447, 12.710394743660769 ], [ 101.699383704426054, 12.709672117997638 ], [ 101.699291697410288, 12.709673054976054 ], [ 101.699288834313919, 12.709402070320461 ], [ 101.699196827388107, 12.709403007246411 ], [ 101.699194918758778, 12.709222350792178 ], [ 101.698458863606902, 12.709229844943374 ] ], [ [ 101.697270402227488, 12.709964645547146 ], [ 101.697178394945553, 12.709965581813709 ], [ 101.697177441296716, 12.709875253439877 ], [ 101.697085434039863, 12.709876189667726 ], [ 101.697084480430789, 12.709785861286338 ], [ 101.696992473199046, 12.709786797475472 ], [ 101.696991519629748, 12.709696469086532 ], [ 101.696807505209094, 12.709698341355523 ], [ 101.696806551712001, 12.70960801295216 ], [ 101.696714544523104, 12.70960894903202 ], [ 101.696713591065787, 12.709518620621109 ], [ 101.696437569552344, 12.70952142864901 ], [ 101.696438522912374, 12.709611757080525 ], [ 101.696346515694103, 12.709612693033002 ], [ 101.696348422371273, 12.709793349907713 ], [ 101.696256415080811, 12.709794285842076 ], [ 101.696261181739942, 12.710245928051211 ], [ 101.696353189192592, 12.710244992082515 ], [ 101.696354142578855, 12.710335320515425 ], [ 101.696538157526987, 12.710333448468756 ], [ 101.696539110985483, 12.710423776887247 ], [ 101.696907140923443, 12.710420032384265 ], [ 101.696906187335202, 12.710329703993244 ], [ 101.697182209614311, 12.710326895302209 ], [ 101.69718411699273, 12.710507552042353 ], [ 101.697368131938518, 12.710505679394947 ], [ 101.697370039476041, 12.710686336104878 ], [ 101.697738069539014, 12.710682590372933 ], [ 101.697737115636826, 12.710592262045786 ], [ 101.697829123101783, 12.710591325540049 ], [ 101.6978281691745, 12.710500997219091 ], [ 101.697920176599681, 12.710500060688377 ], [ 101.697917314764595, 12.710229075742008 ], [ 101.69782530743673, 12.710230012252113 ], [ 101.697824353538806, 12.710139683928416 ], [ 101.697732346236037, 12.710140620399804 ], [ 101.697731392377904, 12.710050292068553 ], [ 101.697271355916115, 12.710054973913429 ], [ 101.697270402227488, 12.709964645547146 ] ], [ [ 101.695283411791053, 12.713508047724225 ], [ 101.695375420492255, 12.713507111858748 ], [ 101.695377327086661, 12.713687768825638 ], [ 101.695469335845431, 12.713686832914576 ], [ 101.695471242534083, 12.713867489865002 ], [ 101.695563251350393, 12.713866553908353 ], [ 101.695564204738162, 12.713956882375676 ], [ 101.695656213579582, 12.713955946380306 ], [ 101.695657167007141, 12.714046274840074 ], [ 101.695933193584736, 12.714043466642226 ], [ 101.695932240059832, 12.713953138203051 ], [ 101.696024248871922, 12.713952202080254 ], [ 101.696023295321922, 12.713861873647257 ], [ 101.696115304094207, 12.713860937499469 ], [ 101.696113396951318, 12.713680280645157 ], [ 101.696205405651384, 12.713679344479244 ], [ 101.696202544894746, 12.713408359213243 ], [ 101.696110536292011, 12.713409295358559 ], [ 101.696107675698741, 12.7131383100658 ], [ 101.696199684204132, 12.713137373941082 ], [ 101.696200637760327, 12.71322770236582 ], [ 101.696292646290843, 12.71322676620238 ], [ 101.696290739120897, 12.713046109365953 ], [ 101.696474756030113, 12.713044236970976 ], [ 101.696469987909225, 12.712592594936595 ], [ 101.696285971324443, 12.712594467262905 ], [ 101.696285017787162, 12.712504138840242 ], [ 101.69591698465932, 12.71250788308315 ], [ 101.695915077866303, 12.71232722618084 ], [ 101.69573106138813, 12.71232909808371 ], [ 101.695729154754247, 12.712148441151204 ], [ 101.695545138376488, 12.712150312899201 ], [ 101.695544185135418, 12.712059984418191 ], [ 101.695268160611093, 12.712062791780705 ], [ 101.695269113754833, 12.712153120282304 ], [ 101.695177105532935, 12.712154056012968 ], [ 101.695178058651564, 12.712244384520751 ], [ 101.695086050389904, 12.712245320226426 ], [ 101.695091769061051, 12.712787291299932 ], [ 101.695183777517371, 12.712786355553074 ], [ 101.69518473068733, 12.712876684056067 ], [ 101.694816696688278, 12.712880426879813 ], [ 101.694817649735825, 12.712970755409573 ], [ 101.694725641185272, 12.712971691042737 ], [ 101.694726594207694, 12.713062019578675 ], [ 101.694634585617379, 12.713062955186848 ], [ 101.694638397650621, 12.713424269351208 ], [ 101.694730406370724, 12.713423333715587 ], [ 101.694731359429809, 12.713513662248104 ], [ 101.695099394366636, 12.713509919359609 ], [ 101.695098441177777, 12.713419590854544 ], [ 101.695282458537292, 12.713417719232888 ], [ 101.695283411791053, 12.713508047724225 ] ], [ [ 101.69536874764286, 12.712874812453064 ], [ 101.695367794408, 12.712784483963802 ], [ 101.695643819688939, 12.712781676340985 ], [ 101.695644773021115, 12.712872004809654 ], [ 101.695828789903288, 12.712870132888106 ], [ 101.695826883116467, 12.712689475977543 ], [ 101.695918891481668, 12.71268853998272 ], [ 101.695921751770214, 12.712959525326941 ], [ 101.696013760225398, 12.712958589279665 ], [ 101.696016620677312, 12.713229574597129 ], [ 101.695372560655642, 12.713236126403276 ], [ 101.695370654134578, 12.713055469429539 ], [ 101.695278645595607, 12.713056405260694 ], [ 101.695277692378525, 12.712966076765937 ], [ 101.695185683864651, 12.712967012558375 ], [ 101.69518473068733, 12.712876684056067 ], [ 101.69536874764286, 12.712874812453064 ] ], [ [ 101.698880336702672, 12.714284479345636 ], [ 101.698972345409629, 12.714283542175917 ], [ 101.698970436181654, 12.714102885754381 ], [ 101.699062444816363, 12.714101948566549 ], [ 101.699060535552888, 12.713921292156021 ], [ 101.699152544115364, 12.71392035495008 ], [ 101.69915158946219, 12.713830026750664 ], [ 101.699243597984875, 12.713829089519738 ], [ 101.699239779315874, 12.713467776742718 ], [ 101.699331787701425, 12.713466839507436 ], [ 101.69932892367946, 12.7131958549381 ], [ 101.699420931960347, 12.713194917691585 ], [ 101.699409476144353, 12.712110979435121 ], [ 101.699501484028573, 12.712110042239248 ], [ 101.699497665528554, 12.711748729492683 ], [ 101.699589673275668, 12.711747792292455 ], [ 101.699581081788438, 12.710934838634508 ], [ 101.699489074333272, 12.710935775772862 ], [ 101.699486210733738, 12.710664791187266 ], [ 101.699302195995998, 12.710666665327183 ], [ 101.699306013883898, 12.711027978161605 ], [ 101.699214006374262, 12.711028915211287 ], [ 101.699214960832151, 12.711119243425051 ], [ 101.699122953282725, 12.711120180449758 ], [ 101.699125816603186, 12.711391165107578 ], [ 101.699033808949096, 12.711392102121051 ], [ 101.6990347633715, 12.711482430345828 ], [ 101.698942755677635, 12.711483367334329 ], [ 101.698945618891599, 12.711754352025173 ], [ 101.698853611093071, 12.711755289002442 ], [ 101.698854565479976, 12.711845617238229 ], [ 101.698762557641643, 12.711846554190517 ], [ 101.698764466372609, 12.71202721067378 ], [ 101.698672458462056, 12.712028147607963 ], [ 101.698674367157523, 12.712208804102232 ], [ 101.69858235917475, 12.712209741018309 ], [ 101.69858426783469, 12.712390397523588 ], [ 101.698400251717359, 12.712392271287671 ], [ 101.698403114567711, 12.712663256081683 ], [ 101.698311106400695, 12.712664192936563 ], [ 101.698312060666396, 12.712754521206735 ], [ 101.69822005245959, 12.712755458036632 ], [ 101.698222915203417, 12.713026442863661 ], [ 101.698130906891947, 12.713027379682316 ], [ 101.698131861122121, 12.713117707963496 ], [ 101.698039852770876, 12.71311864475717 ], [ 101.698041761188378, 12.713299301331212 ], [ 101.697949752764885, 12.713300238106772 ], [ 101.69795166114686, 12.71348089469182 ], [ 101.697859652651147, 12.713481831449268 ], [ 101.697861560997609, 12.713662488045316 ], [ 101.697769552429662, 12.713663424784649 ], [ 101.697770506581463, 12.713753753088518 ], [ 101.697678497973712, 12.713754689802862 ], [ 101.69768136037581, 12.714025674730971 ], [ 101.697589351663396, 12.71402661143407 ], [ 101.69759030577967, 12.714116939748942 ], [ 101.697498297027465, 12.71411787642705 ], [ 101.697500205217139, 12.714298533068478 ], [ 101.697592214034245, 12.714297596376628 ], [ 101.697593168172531, 12.714387924689444 ], [ 101.697685177014748, 12.714386987958866 ], [ 101.69768803957102, 12.714657972872597 ], [ 101.697780048503233, 12.714657036089552 ], [ 101.697781002735795, 12.714747364385889 ], [ 101.697873011693119, 12.714746427564114 ], [ 101.697874920245155, 12.71492708414099 ], [ 101.697966929260019, 12.714926147273616 ], [ 101.697967883579494, 12.715016475554158 ], [ 101.698059892619469, 12.715015538648046 ], [ 101.698061801345375, 12.715196195193339 ], [ 101.698153810442903, 12.715195258241629 ], [ 101.698154764849306, 12.715285586506374 ], [ 101.698246773971945, 12.71528464951593 ], [ 101.698247728418153, 12.715374977773122 ], [ 101.698431746706291, 12.715373103682909 ], [ 101.698429837691435, 12.715192447195335 ], [ 101.69852184675959, 12.715191510116183 ], [ 101.698519937709207, 12.71501085363961 ], [ 101.698611946705114, 12.715009916542344 ], [ 101.698610992158493, 12.714919588309904 ], [ 101.698703001114609, 12.71491865118765 ], [ 101.698700137421454, 12.714647666506837 ], [ 101.698792146272893, 12.714646729373344 ], [ 101.698791191690745, 12.714556401151906 ], [ 101.698883200502394, 12.714555463993428 ], [ 101.698880336702672, 12.714284479345636 ] ], [ [ 101.708291052877627, 12.716627566583103 ], [ 101.708290094783905, 12.716537239086584 ], [ 101.708106077161531, 12.716539120187965 ], [ 101.708105119140058, 12.716448792676969 ], [ 101.707829092748582, 12.716451614069381 ], [ 101.707828134831857, 12.716361286537008 ], [ 101.707644117265588, 12.71636316729218 ], [ 101.707643159421139, 12.716272839745329 ], [ 101.707091106740194, 12.71627848120478 ], [ 101.707093979711544, 12.716549463967372 ], [ 101.70700197080825, 12.716550404119779 ], [ 101.707005801410034, 12.716911714487891 ], [ 101.707189819468894, 12.716909834096063 ], [ 101.707190777202669, 12.717000161672591 ], [ 101.707282786253501, 12.716999221421988 ], [ 101.70728374402708, 12.717089548990934 ], [ 101.707835798372045, 12.717083906776796 ], [ 101.707836756347731, 12.717174234303686 ], [ 101.707928765411893, 12.717173293816243 ], [ 101.707929723427398, 12.717263621335549 ], [ 101.708021732516642, 12.717262680809347 ], [ 101.708022690571966, 12.717353008321076 ], [ 101.708114699686291, 12.717352067756108 ], [ 101.708115657781448, 12.717442395260253 ], [ 101.708299676052903, 12.717440514020934 ], [ 101.708300634220336, 12.717530841510598 ], [ 101.708484652527204, 12.717528960130023 ], [ 101.708485610766928, 12.71761928760521 ], [ 101.708761638269308, 12.717616465274663 ], [ 101.708762596613767, 12.717706792728471 ], [ 101.708854605798933, 12.717705851880995 ], [ 101.708853647422018, 12.717615524434082 ], [ 101.709037665705338, 12.71761364265733 ], [ 101.709033832011784, 12.717252332918036 ], [ 101.709125841012565, 12.717251392009457 ], [ 101.709121048899235, 12.716799754854415 ], [ 101.708845022361572, 12.716802577381076 ], [ 101.708844064058383, 12.716712249927314 ], [ 101.708660046394655, 12.716714131438639 ], [ 101.708659088163742, 12.716623803970398 ], [ 101.708291052877627, 12.716627566583103 ] ], [ [ 101.708777931127699, 12.719152031896149 ], [ 101.70859391169661, 12.719153913716248 ], [ 101.708592953299103, 12.719063586259614 ], [ 101.70850094360496, 12.719064527114961 ], [ 101.7084999852473, 12.71897419965074 ], [ 101.708315965901804, 12.718976081252032 ], [ 101.70831500761642, 12.718885753773334 ], [ 101.70822299796508, 12.718886694519281 ], [ 101.708223956217992, 12.718977022004879 ], [ 101.708039936828285, 12.718978903414957 ], [ 101.708038978640289, 12.718888575915567 ], [ 101.707946968966823, 12.718889516565907 ], [ 101.707946010818659, 12.718799189058934 ], [ 101.707761991514559, 12.718801070250215 ], [ 101.707761033438672, 12.718710742728765 ], [ 101.707577014170013, 12.718712623778782 ], [ 101.707578930199304, 12.718893278848574 ], [ 101.707486920489004, 12.718894219339566 ], [ 101.70748979449084, 12.719165201959809 ], [ 101.707397784675805, 12.719166142439621 ], [ 101.707400658646577, 12.719437125074379 ], [ 101.707308648726766, 12.719438065543004 ], [ 101.707311522666487, 12.71970904819227 ], [ 101.707403532683671, 12.719708107702964 ], [ 101.707402574663931, 12.719617780160785 ], [ 101.707494584641296, 12.7196168396465 ], [ 101.707493626596474, 12.719526512110534 ], [ 101.707585636533977, 12.719525571571269 ], [ 101.707584678464059, 12.719435244041513 ], [ 101.707952718010617, 12.719431481593343 ], [ 101.707954634417504, 12.719612136597004 ], [ 101.708046644350645, 12.719611195891492 ], [ 101.708047602597588, 12.719701523385401 ], [ 101.708231622506673, 12.719699641864972 ], [ 101.708232580825921, 12.719789969344401 ], [ 101.708324590801865, 12.719789028529483 ], [ 101.708322674105801, 12.719608373583736 ], [ 101.708414684009469, 12.719607432750742 ], [ 101.708413725640028, 12.719517105283741 ], [ 101.708505735503849, 12.719516164425773 ], [ 101.708506693905747, 12.719606491885875 ], [ 101.70859870379465, 12.719605550989144 ], [ 101.708596786933313, 12.719424896082044 ], [ 101.708688796749925, 12.719423955167233 ], [ 101.708689755209363, 12.719514282614231 ], [ 101.708781765051071, 12.719513341660651 ], [ 101.708787516157301, 12.72005530628684 ], [ 101.708879526186408, 12.720054365259999 ], [ 101.708884319139983, 12.720506002395142 ], [ 101.708976329324017, 12.720505061301937 ], [ 101.708978246621982, 12.720685716137398 ], [ 101.709254277324632, 12.720682892625147 ], [ 101.709245648839541, 12.719869946030258 ], [ 101.709337658766856, 12.719869004857859 ], [ 101.709335741341903, 12.719688350065255 ], [ 101.709151721609771, 12.719690232350581 ], [ 101.709150762973266, 12.719599904939448 ], [ 101.708966743276548, 12.719601787083494 ], [ 101.708963867606087, 12.719330804804596 ], [ 101.708871857844059, 12.719331745808118 ], [ 101.708870899334443, 12.719241418373548 ], [ 101.708778889597482, 12.719242359338303 ], [ 101.708777931127699, 12.719152031896149 ] ], [ [ 101.705104237259803, 12.71982193808819 ], [ 101.704920216784885, 12.719823817455159 ], [ 101.704919259634252, 12.719733489727588 ], [ 101.704367198227587, 12.719739127022253 ], [ 101.704377725147054, 12.720732732442437 ], [ 101.704469735757002, 12.720731792897244 ], [ 101.704470692826291, 12.720822120651716 ], [ 101.704654714089017, 12.720820241451932 ], [ 101.704653756954784, 12.720729913711235 ], [ 101.704745767542633, 12.720728974070422 ], [ 101.704744810383303, 12.720638646335928 ], [ 101.704928831471989, 12.720636766972451 ], [ 101.704927874255077, 12.720546439251049 ], [ 101.705019884755927, 12.72054549952839 ], [ 101.705017013051986, 12.720274516380739 ], [ 101.704925002648537, 12.72027545608273 ], [ 101.704923088281006, 12.720094800633758 ], [ 101.705015098619512, 12.720093860945543 ], [ 101.705016055832075, 12.720184188663483 ], [ 101.705108066195706, 12.720183248936506 ], [ 101.705106151713025, 12.720002593513717 ], [ 101.705198162004365, 12.720001653768644 ], [ 101.705199119274482, 12.720091981473496 ], [ 101.705291129590918, 12.720091041689662 ], [ 101.705294001542839, 12.720362024779424 ], [ 101.705754053501522, 12.72035732527883 ], [ 101.705753096014533, 12.720266997617376 ], [ 101.70593711668154, 12.720265117607811 ], [ 101.705936159136982, 12.720174789959456 ], [ 101.706212189984853, 12.720171969726737 ], [ 101.706211232350284, 12.720081642098371 ], [ 101.706487263034475, 12.720078821599477 ], [ 101.706484389882817, 12.719807838772303 ], [ 101.705840318864944, 12.71981441934545 ], [ 101.705839361389678, 12.719724091686777 ], [ 101.705379310604002, 12.719728791105574 ], [ 101.705380267916965, 12.7198191187987 ], [ 101.705196247486214, 12.7198209983569 ], [ 101.705197204741609, 12.719911326063116 ], [ 101.705105194482726, 12.719912265801296 ], [ 101.705104237259803, 12.71982193808819 ] ], [ [ 101.696665986359221, 12.722437450445879 ], [ 101.696665031924638, 12.722347122118455 ], [ 101.696573020138004, 12.722348059071066 ], [ 101.696572065743254, 12.722257730736089 ], [ 101.696112006862322, 12.722262414986634 ], [ 101.696112961094741, 12.722352743355945 ], [ 101.696020949264067, 12.722353680117283 ], [ 101.696025720373854, 12.722805321987899 ], [ 101.696209744352558, 12.722803448364678 ], [ 101.69621069866146, 12.722893776723014 ], [ 101.696302710672285, 12.722892839856717 ], [ 101.696301756330911, 12.722802511505247 ], [ 101.696577792221902, 12.722799700735676 ], [ 101.696576837790431, 12.722709372404124 ], [ 101.696668849706953, 12.722708435424041 ], [ 101.696669804170881, 12.722798763748726 ], [ 101.697037851893441, 12.72279501548212 ], [ 101.697038806494589, 12.722885343778646 ], [ 101.697130818439348, 12.722884406625424 ], [ 101.697131773080301, 12.722974734914398 ], [ 101.697315797012735, 12.722972860498579 ], [ 101.697313887608274, 12.72279220394743 ], [ 101.69768193512526, 12.72278845478818 ], [ 101.697677161093168, 12.722336813535707 ], [ 101.697217102490313, 12.72234149973332 ], [ 101.697216147868275, 12.722251171446421 ], [ 101.697032124440682, 12.722253045688579 ], [ 101.697033078997791, 12.722343373989213 ], [ 101.69675704370394, 12.722346185133961 ], [ 101.69675799817098, 12.722436513454518 ], [ 101.696665986359221, 12.722437450445879 ] ], [ [ 101.707584673758717, 12.728107624966366 ], [ 101.70749266072896, 12.72810856612881 ], [ 101.70748978463584, 12.727837583691516 ], [ 101.707397771696165, 12.727838524801378 ], [ 101.707395854402577, 12.727657869825961 ], [ 101.707303841520471, 12.727658810890144 ], [ 101.707301924321342, 12.727478155898195 ], [ 101.707209911496847, 12.727479096916696 ], [ 101.707208952940803, 12.727388769412798 ], [ 101.707024927334686, 12.727390651340341 ], [ 101.707025885825757, 12.727480978858027 ], [ 101.706841860125181, 12.727482860671795 ], [ 101.706848569314232, 12.72811515337292 ], [ 101.70703259546957, 12.728113271462638 ], [ 101.707034512576968, 12.728293926486355 ], [ 101.70712652570856, 12.728292985469587 ], [ 101.707129401522394, 12.728563967979332 ], [ 101.707221414744069, 12.728563026909988 ], [ 101.707222373395894, 12.728653354404969 ], [ 101.707682439556137, 12.728648648545358 ], [ 101.707683398377768, 12.728738976005179 ], [ 101.707867424855237, 12.728737093424282 ], [ 101.707868383749215, 12.728827420869621 ], [ 101.708052410262184, 12.728825538147355 ], [ 101.70805049235166, 12.728644883283572 ], [ 101.708142505532109, 12.728643941888389 ], [ 101.708140587586101, 12.728463287035655 ], [ 101.708048574470624, 12.728464228417042 ], [ 101.708047615541147, 12.728373900982749 ], [ 101.707955602450781, 12.728374842325346 ], [ 101.70795464356118, 12.728284514883475 ], [ 101.707770617423307, 12.728286397459193 ], [ 101.70776965860604, 12.728196070002841 ], [ 101.707585632503637, 12.728197952437199 ], [ 101.707584673758717, 12.728107624966366 ] ], [ [ 101.701897074267166, 12.729791818785779 ], [ 101.701621032032108, 12.729794636616878 ], [ 101.70162198879791, 12.729884964523091 ], [ 101.701437960539451, 12.729886842931428 ], [ 101.701438917247614, 12.729977170850718 ], [ 101.701254888894766, 12.729979049145227 ], [ 101.701253932251589, 12.729888721212175 ], [ 101.701161918096631, 12.729889660304702 ], [ 101.701162874707322, 12.729979988244633 ], [ 101.700978846310363, 12.72998186634775 ], [ 101.700979802863429, 12.73007219430075 ], [ 101.70070376011536, 12.730075011236821 ], [ 101.700705673048603, 12.730255667182034 ], [ 101.700613658719575, 12.730256606110686 ], [ 101.70061461516471, 12.730346934089143 ], [ 101.700798643880418, 12.730345056186188 ], [ 101.700799600397914, 12.730435384150201 ], [ 101.700983629149192, 12.730433506105891 ], [ 101.700984585739008, 12.730523834055461 ], [ 101.701076600136119, 12.730522894978579 ], [ 101.701077556765782, 12.730613222920583 ], [ 101.701169571188032, 12.730612283804922 ], [ 101.701170527857542, 12.730702611739366 ], [ 101.701262542304917, 12.730701672584923 ], [ 101.701263499014274, 12.7307920005118 ], [ 101.701355513486803, 12.73079106131858 ], [ 101.701356470236007, 12.730881389237888 ], [ 101.70144848473366, 12.730880450005888 ], [ 101.701449441522712, 12.730970777917634 ], [ 101.701541456045504, 12.73096983864685 ], [ 101.701542412874403, 12.731060166551028 ], [ 101.701634427422334, 12.731059227241467 ], [ 101.70163538429108, 12.731149555138078 ], [ 101.701819413429874, 12.731147676409487 ], [ 101.701818456496142, 12.731057348526635 ], [ 101.7020945000517, 12.731054530215133 ], [ 101.702093543027843, 12.730964202352236 ], [ 101.702185557499163, 12.730963262858149 ], [ 101.702186514555507, 12.731053590714161 ], [ 101.702278529051966, 12.73105265118129 ], [ 101.702279486148157, 12.731142979029734 ], [ 101.702555529690841, 12.731140160219068 ], [ 101.702554572497178, 12.731049832391273 ], [ 101.702646586964207, 12.731048892730799 ], [ 101.702643715329842, 12.730777909263946 ], [ 101.702551700960285, 12.730778848903775 ], [ 101.702548829489629, 12.730507865410098 ], [ 101.702640843761699, 12.730506925790923 ], [ 101.702639886587022, 12.730416597965208 ], [ 101.702363843846214, 12.73041941670639 ], [ 101.70236288677637, 12.730329088859344 ], [ 101.70199482981559, 12.7303328467068 ], [ 101.701993872883065, 12.730242518831538 ], [ 101.702361929713888, 12.730238761011609 ], [ 101.702360972658767, 12.73014843316319 ], [ 101.702452986815587, 12.730147493635345 ], [ 101.702452029735326, 12.730057165793124 ], [ 101.702544043852299, 12.730056226240261 ], [ 101.702541172558171, 12.729785242730129 ], [ 101.702449158538684, 12.729786182262341 ], [ 101.70244820148784, 12.729695854417379 ], [ 101.701896117411252, 12.729701490899524 ], [ 101.701897074267166, 12.729791818785779 ] ], [ [ 101.701996743702708, 12.730513502455263 ], [ 101.701904729379137, 12.730514441851144 ], [ 101.701905686301231, 12.730604769731229 ], [ 101.701813671937813, 12.73060570910209 ], [ 101.701814628834782, 12.730696036988371 ], [ 101.701722614431517, 12.730696976334213 ], [ 101.701721657567049, 12.73060664844105 ], [ 101.701629643188937, 12.730607587748111 ], [ 101.701626772737129, 12.730336604043872 ], [ 101.701534758449128, 12.730337543298392 ], [ 101.701533801679076, 12.730247215388726 ], [ 101.701717830182744, 12.730245336861547 ], [ 101.701716873355053, 12.730155008964958 ], [ 101.701808887563359, 12.730154069660401 ], [ 101.701809844423536, 12.730244397550109 ], [ 101.701901858656981, 12.730243458206774 ], [ 101.70190281555702, 12.730333786088917 ], [ 101.70199482981559, 12.7303328467068 ], [ 101.701996743702708, 12.730513502455263 ] ], [ [ 101.701453268752445, 12.73133208955776 ], [ 101.701452311933977, 12.731241761648757 ], [ 101.701360297306351, 12.731242700908281 ], [ 101.701359340527731, 12.731152372991708 ], [ 101.701175311315396, 12.731154251401289 ], [ 101.701174354609122, 12.731063923470277 ], [ 101.701082340024413, 12.731064862620336 ], [ 101.701081383357987, 12.730974534681758 ], [ 101.700897354231515, 12.730976412872414 ], [ 101.700896397637422, 12.730886084919391 ], [ 101.70080438309563, 12.730887023959989 ], [ 101.700803426541398, 12.730796695999405 ], [ 101.700711412024745, 12.73079763500122 ], [ 101.700710455510347, 12.730707307033075 ], [ 101.700618441018847, 12.730708245996114 ], [ 101.700617484544296, 12.7306179180204 ], [ 101.700525470077935, 12.730618856944663 ], [ 101.700524513643231, 12.730528528961386 ], [ 101.700432499202009, 12.730529467846871 ], [ 101.700430586419614, 12.730348811864504 ], [ 101.700338572036031, 12.730349750704336 ], [ 101.700337615688341, 12.730259422705243 ], [ 101.700245601329897, 12.730260361506296 ], [ 101.700246557645102, 12.730350689512267 ], [ 101.699970514428202, 12.730353505744663 ], [ 101.699971470653281, 12.730443833770575 ], [ 101.69978744174027, 12.730445711113099 ], [ 101.69978839790771, 12.730536039152076 ], [ 101.699880412400375, 12.73053510048989 ], [ 101.699881368607649, 12.730625428521305 ], [ 101.699973383125453, 12.73062448982034 ], [ 101.699974339372574, 12.730714817844197 ], [ 101.700066353915517, 12.73071387910446 ], [ 101.700068266496785, 12.730894535136356 ], [ 101.700160281097368, 12.730893596350963 ], [ 101.700162193773025, 12.731074252366364 ], [ 101.700254208431232, 12.731073313535317 ], [ 101.700255164812575, 12.731163641535113 ], [ 101.700347179495949, 12.731162702665287 ], [ 101.700349092345675, 12.73134335864907 ], [ 101.700441107086675, 12.731342419733586 ], [ 101.700443020030789, 12.731523075700869 ], [ 101.700535034829429, 12.731522136739732 ], [ 101.700535991345021, 12.731612464715463 ], [ 101.700628006168785, 12.731611525715545 ], [ 101.700629919286996, 12.731792181651201 ], [ 101.700813949042484, 12.731790303528141 ], [ 101.700814905677603, 12.731880631481188 ], [ 101.700998935468675, 12.731878753216753 ], [ 101.700997978768569, 12.731788425277468 ], [ 101.701182008465224, 12.731786546899183 ], [ 101.701181051707465, 12.731696218972974 ], [ 101.701273066512286, 12.731695279742857 ], [ 101.701272109729388, 12.731604951822835 ], [ 101.70145613925196, 12.731603073280652 ], [ 101.70145422557826, 12.731422417466076 ], [ 101.701546240263525, 12.731421478160891 ], [ 101.701545283405224, 12.731331150259457 ], [ 101.701453268752445, 12.73133208955776 ] ], [ [ 101.717639387645377, 12.713099042139882 ], [ 101.717547380791487, 12.713099985700373 ], [ 101.717545458618261, 12.712919332050138 ], [ 101.717453451821854, 12.712920275564937 ], [ 101.717452490778768, 12.712829948731869 ], [ 101.717268477228643, 12.712831835652066 ], [ 101.717269438206841, 12.712922162498971 ], [ 101.716993417728901, 12.712924992661129 ], [ 101.716994378617173, 12.713015319528107 ], [ 101.71690237174397, 12.713016262858707 ], [ 101.716901410888127, 12.71292593598481 ], [ 101.716349369688245, 12.712931595257997 ], [ 101.716357055184687, 12.713654210562048 ], [ 101.71644906232936, 12.713653267374145 ], [ 101.716450023082118, 12.713743594277149 ], [ 101.7167260445691, 12.713740764501544 ], [ 101.716727005426591, 12.713831091383108 ], [ 101.716819012606578, 12.713830148053948 ], [ 101.716818051716643, 12.713739821179301 ], [ 101.717002065989533, 12.713737934439251 ], [ 101.717001105042115, 12.713647607577757 ], [ 101.717093112135032, 12.71364666416687 ], [ 101.717094073114907, 12.713736991021444 ], [ 101.717278087343431, 12.713735104090267 ], [ 101.717279048395582, 12.713825430930317 ], [ 101.717555069780261, 12.713822600273875 ], [ 101.717554108630779, 12.713732273454589 ], [ 101.717646115711759, 12.713731329845654 ], [ 101.717639387645377, 12.713099042139882 ] ], [ [ 101.712542644824538, 12.71839080919368 ], [ 101.712540725363567, 12.718210154862412 ], [ 101.712448716278743, 12.718211097025954 ], [ 101.7124477565918, 12.718120769852383 ], [ 101.712263738464927, 12.718122654070056 ], [ 101.712262778850274, 12.718032326881982 ], [ 101.712078760758786, 12.718034210958372 ], [ 101.712077801216438, 12.717943883755799 ], [ 101.711985792192067, 12.71794482573929 ], [ 101.711984832689552, 12.717854498529126 ], [ 101.711892823690263, 12.717855440473844 ], [ 101.711890904772261, 12.717674786037648 ], [ 101.711798895830512, 12.717675727936687 ], [ 101.711797936415039, 12.717585400710652 ], [ 101.711705927498357, 12.717586342570922 ], [ 101.711704968122717, 12.717496015337296 ], [ 101.711152914662392, 12.717501665788305 ], [ 101.711153873843315, 12.717591993063362 ], [ 101.710877846916176, 12.7175948178794 ], [ 101.710878806007102, 12.717685145174485 ], [ 101.710142733617147, 12.717692676670412 ], [ 101.710143692455816, 12.717783004020033 ], [ 101.710051683341419, 12.717783945320528 ], [ 101.710052642155006, 12.717874272676362 ], [ 101.709868623839185, 12.717876155195563 ], [ 101.70987054135864, 12.718056809932785 ], [ 101.709962550585161, 12.718055868675316 ], [ 101.709965427017039, 12.718326850755295 ], [ 101.710057436333528, 12.718325909445257 ], [ 101.710058395191368, 12.718416236796978 ], [ 101.710242413867164, 12.718414354067493 ], [ 101.710243372797294, 12.718504681404724 ], [ 101.710519400853045, 12.718501857050777 ], [ 101.710520359887923, 12.718592184366617 ], [ 101.710612369257532, 12.718591242844665 ], [ 101.710613328332244, 12.718681570152917 ], [ 101.710705337726935, 12.718680628592194 ], [ 101.710706296841494, 12.718770955892856 ], [ 101.710798306261267, 12.718770014293357 ], [ 101.710796387974639, 12.718589359705156 ], [ 101.710888397322123, 12.718588418087601 ], [ 101.710886479000095, 12.718407763510459 ], [ 101.710978488275288, 12.718406821874845 ], [ 101.710977529092887, 12.718316494592147 ], [ 101.711161547556216, 12.718314611239121 ], [ 101.711160588316289, 12.718224283969553 ], [ 101.711252597504426, 12.718223342252145 ], [ 101.711251638239418, 12.718133014988792 ], [ 101.711711683907168, 12.718128305958272 ], [ 101.711712643334465, 12.718218633187096 ], [ 101.711804652478349, 12.71821769127849 ], [ 101.711805611945479, 12.718308018499719 ], [ 101.711897621114417, 12.718307076552337 ], [ 101.711900499657489, 12.718578058191211 ], [ 101.711992508916424, 12.71857711619124 ], [ 101.711995387623276, 12.718848097803223 ], [ 101.712087396972208, 12.718847155750664 ], [ 101.712088356588382, 12.71893748294638 ], [ 101.712548403384574, 12.718932772171039 ], [ 101.712549363170439, 12.719023099331533 ], [ 101.712825391256942, 12.719020272463178 ], [ 101.712824431373733, 12.71892994532341 ], [ 101.712916440688659, 12.718929002977131 ], [ 101.712914520879451, 12.718748348709354 ], [ 101.712822511629412, 12.718749291041817 ], [ 101.71282059191465, 12.718568636757482 ], [ 101.712728582722164, 12.718569579044258 ], [ 101.712727622908304, 12.718479251894154 ], [ 101.712635613740886, 12.718480194142156 ], [ 101.712634653966873, 12.718389866984458 ], [ 101.712542644824538, 12.71839080919368 ] ], [ [ 101.712491909832238, 12.722275819126992 ], [ 101.712490949813073, 12.722185491984277 ], [ 101.712214918229364, 12.722188319195492 ], [ 101.712212998407992, 12.72200766486656 ], [ 101.711660935430871, 12.722013318345436 ], [ 101.711661895143052, 12.722103645551686 ], [ 101.711201842296816, 12.722108355942005 ], [ 101.711202801854057, 12.722198683182093 ], [ 101.710466716656626, 12.722206218204237 ], [ 101.710465757359131, 12.722115890908917 ], [ 101.710005704033307, 12.722120599227241 ], [ 101.710004744905518, 12.722030271896724 ], [ 101.709912734250693, 12.722031213457857 ], [ 101.7099108160822, 12.721850558780968 ], [ 101.709818805484929, 12.72185150029642 ], [ 101.709814010355089, 12.721399863557691 ], [ 101.709721999912773, 12.721400805006763 ], [ 101.709721040941389, 12.721310477650057 ], [ 101.709813051351233, 12.721309536207885 ], [ 101.709808256442642, 12.720857899448585 ], [ 101.709900266682794, 12.720856958009046 ], [ 101.709899307690748, 12.720766630662034 ], [ 101.709991317891038, 12.72076568919752 ], [ 101.70999035887391, 12.720675361856722 ], [ 101.710082369034382, 12.720674420367239 ], [ 101.710079491929818, 12.720403438361432 ], [ 101.709987481866733, 12.72040437983021 ], [ 101.709975974501845, 12.719320451662457 ], [ 101.709883964820918, 12.719321393016545 ], [ 101.709883005954239, 12.719231065657874 ], [ 101.709790996298409, 12.719232006973197 ], [ 101.709790037471578, 12.719141679606937 ], [ 101.709606018202692, 12.719143562128165 ], [ 101.709606976964594, 12.719233889508221 ], [ 101.709698986635203, 12.719232948256643 ], [ 101.709699945436938, 12.719323275629115 ], [ 101.709791955132616, 12.719322334338766 ], [ 101.709795790543225, 12.719683643794195 ], [ 101.709703780717703, 12.719684585112146 ], [ 101.709711451633225, 12.720407204045307 ], [ 101.709619441540653, 12.720408145386598 ], [ 101.709624235940225, 12.720859782232044 ], [ 101.709532225677947, 12.72086072357596 ], [ 101.70953702009956, 12.721312360438773 ], [ 101.70944500966759, 12.721313301785317 ], [ 101.709447886311665, 12.721584283915474 ], [ 101.709631907363033, 12.721582401149112 ], [ 101.709635743251425, 12.721943710591185 ], [ 101.709727753895905, 12.721942769132585 ], [ 101.70972967194929, 12.722123423835709 ], [ 101.70991369334601, 12.722121540795273 ], [ 101.709915611558756, 12.72230219546805 ], [ 101.710099633055847, 12.7223003122725 ], [ 101.71010059223822, 12.722390639594053 ], [ 101.710192603008167, 12.722389697941562 ], [ 101.710193562230387, 12.722480025255532 ], [ 101.710469594593363, 12.722477200086077 ], [ 101.710470553920374, 12.722567527378652 ], [ 101.710746586314372, 12.72256470190159 ], [ 101.710745626889945, 12.722474374629723 ], [ 101.711205680570032, 12.722469664898242 ], [ 101.711204720990665, 12.722379337660213 ], [ 101.711388742346102, 12.722377453558284 ], [ 101.711387782709181, 12.722287126333375 ], [ 101.712031856993462, 12.722280531020836 ], [ 101.712030897136657, 12.722190203843585 ], [ 101.712122907686691, 12.722189261535478 ], [ 101.712123867575983, 12.72227958870582 ], [ 101.712491909832238, 12.722275819126992 ] ], [ [ 101.718160760738201, 12.736129522133419 ], [ 101.718344790940876, 12.736127631195384 ], [ 101.718345754119866, 12.736217957802959 ], [ 101.718437769242612, 12.736217012279148 ], [ 101.71843584282702, 12.736036359077165 ], [ 101.718527857877348, 12.736035413535292 ], [ 101.718526894648164, 12.735945086940193 ], [ 101.718618909658574, 12.735944141373329 ], [ 101.718617946404265, 12.735853814784466 ], [ 101.718986006241963, 12.73585003222559 ], [ 101.718986969626286, 12.735940358786758 ], [ 101.719078984599705, 12.735939413060335 ], [ 101.719078021182881, 12.735849086506091 ], [ 101.71917003611641, 12.735848140754685 ], [ 101.719163292178337, 12.735215854904251 ], [ 101.719071277472338, 12.735216800607185 ], [ 101.719070314114731, 12.735126474047451 ], [ 101.719162328788229, 12.735125528351444 ], [ 101.719159438662302, 12.734854548688894 ], [ 101.719067424086319, 12.734855494364126 ], [ 101.719066460758313, 12.734765167801646 ], [ 101.718882431649149, 12.734767059042536 ], [ 101.71888339491214, 12.734857385618866 ], [ 101.718607351095372, 12.734860222261657 ], [ 101.718608314268266, 12.734950548858077 ], [ 101.718516299615388, 12.734951494348776 ], [ 101.718517262763172, 12.735041820951434 ], [ 101.718425248070375, 12.73504276641715 ], [ 101.718427174323168, 12.73522341963424 ], [ 101.718519189080965, 12.735222474154678 ], [ 101.71852015225096, 12.735312800755271 ], [ 101.718612167033868, 12.735311855236871 ], [ 101.718615056685763, 12.735582835013764 ], [ 101.718523041805355, 12.735583780552933 ], [ 101.718524005004952, 12.735674107150775 ], [ 101.718431990084639, 12.735675052664954 ], [ 101.718429100605562, 12.735404072848588 ], [ 101.718245070937741, 12.735405963739677 ], [ 101.718243144785376, 12.73522531049764 ], [ 101.718151130005367, 12.735226255881472 ], [ 101.718150166972777, 12.735135929252502 ], [ 101.717782107908789, 12.735139710441047 ], [ 101.717781145013632, 12.7350493837837 ], [ 101.717689130261633, 12.735050328994141 ], [ 101.717688167406365, 12.734960002329183 ], [ 101.717504137945184, 12.734961892640491 ], [ 101.717503175162321, 12.734871565961008 ], [ 101.717411160453125, 12.734872511061875 ], [ 101.717410197710151, 12.734782184374787 ], [ 101.717318183026094, 12.734783129436822 ], [ 101.717317220323011, 12.734692802742126 ], [ 101.71722520566405, 12.734693747765334 ], [ 101.717224243000871, 12.734603421063026 ], [ 101.717132228366992, 12.734604366047407 ], [ 101.717130303127831, 12.734423712626896 ], [ 101.717038288551578, 12.734424657565526 ], [ 101.717036363407004, 12.734244004128428 ], [ 101.716944348888347, 12.734244949021313 ], [ 101.716942423838361, 12.734064295567624 ], [ 101.716850409377301, 12.734065240414765 ], [ 101.716849446895907, 12.733974913679974 ], [ 101.716757432459971, 12.733975858488286 ], [ 101.716756470018453, 12.733885531745885 ], [ 101.716664455607614, 12.733886476515373 ], [ 101.716662530811774, 12.733705823014676 ], [ 101.716478502097914, 12.733707712430256 ], [ 101.716477539776079, 12.733617385665042 ], [ 101.715649410490101, 12.733625886393531 ], [ 101.71565037251942, 12.733716213220999 ], [ 101.715558358084849, 12.733717157593771 ], [ 101.715557396088016, 12.733626830759388 ], [ 101.715281352837437, 12.73362966366552 ], [ 101.715280390945495, 12.733539336809697 ], [ 101.715096362139803, 12.733541225240424 ], [ 101.715094438508089, 12.733360571499066 ], [ 101.715002424159152, 12.73336151565274 ], [ 101.71500146238688, 12.733271188774117 ], [ 101.714909448063054, 12.733272132888972 ], [ 101.714906562888061, 12.733001152228237 ], [ 101.714814548654331, 12.733002096290445 ], [ 101.714810701987787, 12.732640788705533 ], [ 101.714718687876669, 12.73264173270818 ], [ 101.714711956722198, 12.732009444359754 ], [ 101.714619942831135, 12.732010388282099 ], [ 101.714618981299694, 12.731920061365521 ], [ 101.714526967433756, 12.731921005249053 ], [ 101.714525044458028, 12.73174035140001 ], [ 101.714433030649673, 12.731741295237812 ], [ 101.714432069205387, 12.731650968305349 ], [ 101.714524082981242, 12.731650024474462 ], [ 101.714523121511846, 12.731559697548226 ], [ 101.71443110776849, 12.731560641372202 ], [ 101.714427262094787, 12.731199333632741 ], [ 101.714335248474015, 12.731200277397164 ], [ 101.71433332574648, 12.731019623509486 ], [ 101.714425339302267, 12.73101867975889 ], [ 101.714423416539319, 12.73083802588229 ], [ 101.714515430022729, 12.730837082113622 ], [ 101.714522160049853, 12.731469370621303 ], [ 101.714798201138123, 12.731466538978708 ], [ 101.714799162697602, 12.731556865884889 ], [ 101.71498319011782, 12.731554977949829 ], [ 101.714982228493355, 12.731464651057474 ], [ 101.715074242159872, 12.731463707049004 ], [ 101.71507328051031, 12.73137338016288 ], [ 101.715257307756204, 12.731371492064074 ], [ 101.715256346049046, 12.731281165191094 ], [ 101.715348359628422, 12.731280221100754 ], [ 101.715345474453798, 12.731009240498436 ], [ 101.715253460971908, 12.73101018456803 ], [ 101.715251537624098, 12.730829530815887 ], [ 101.715159524199805, 12.730830474839751 ], [ 101.71515760094654, 12.730649821071035 ], [ 101.715065587579829, 12.73065076504917 ], [ 101.715062702852833, 12.730379784370204 ], [ 101.715246729383935, 12.730377896423525 ], [ 101.715245767758077, 12.730287569542991 ], [ 101.715521807401814, 12.730284737404489 ], [ 101.715520845685887, 12.730194410544016 ], [ 101.715796885165631, 12.730191578139182 ], [ 101.715798808799832, 12.730372231817942 ], [ 101.715890822009939, 12.730371287605369 ], [ 101.715891783870617, 12.730461614436802 ], [ 101.716075810333635, 12.730459725902129 ], [ 101.716074848407985, 12.73036939908453 ], [ 101.716166861595923, 12.730368454776267 ], [ 101.716163975765838, 12.730097474340097 ], [ 101.716071962675358, 12.730098418627609 ], [ 101.716067153268867, 12.729646784519021 ], [ 101.716159166196888, 12.729645840266091 ], [ 101.716158204305287, 12.729555513449235 ], [ 101.716342230074176, 12.729553624861531 ], [ 101.716344153994726, 12.729734278466889 ], [ 101.71643616693305, 12.72973333411136 ], [ 101.716439052966805, 12.730004314493499 ], [ 101.716347039931023, 12.730005258869788 ], [ 101.716348963925512, 12.730185912468286 ], [ 101.716440977026295, 12.730184968078166 ], [ 101.716443863170952, 12.730455948450009 ], [ 101.716535876361803, 12.730455004007236 ], [ 101.716536838457301, 12.73054533078956 ], [ 101.716996904463031, 12.730540608062626 ], [ 101.716994979954535, 12.730359954566479 ], [ 101.71708699306852, 12.730359009939237 ], [ 101.717086030792871, 12.730268683197055 ], [ 101.716994017711386, 12.730269627817377 ], [ 101.716991131026276, 12.729998647565949 ], [ 101.716899118034846, 12.729999592133616 ], [ 101.716893345059262, 12.729457631570718 ], [ 101.716801332255372, 12.729458576064973 ], [ 101.716800370151148, 12.729368249295167 ], [ 101.716616344586143, 12.729370138174152 ], [ 101.716615382554295, 12.729279811389825 ], [ 101.716431357024689, 12.729281700127393 ], [ 101.716430395065203, 12.729191373328542 ], [ 101.716614420529822, 12.729189484604806 ], [ 101.716613458512754, 12.729099157819107 ], [ 101.716705471201493, 12.729098213416316 ], [ 101.716703547124567, 12.728917559856692 ], [ 101.716979584951488, 12.728914726498472 ], [ 101.716978622826659, 12.728824399738386 ], [ 101.716886610257561, 12.728825344216101 ], [ 101.716885648172621, 12.728735017448409 ], [ 101.716701623077213, 12.728736906294321 ], [ 101.716700661064635, 12.728646579512107 ], [ 101.716792673583555, 12.728645635112017 ], [ 101.716788825477238, 12.728284328003967 ], [ 101.716512788288114, 12.728287161025532 ], [ 101.716511826377484, 12.728196834226051 ], [ 101.716419813998797, 12.728197778495867 ], [ 101.716420775876955, 12.728288105302267 ], [ 101.716144738599112, 12.728290937941125 ], [ 101.716145700387202, 12.728381264767595 ], [ 101.716237712853044, 12.728380320579618 ], [ 101.716239636516377, 12.728560974216663 ], [ 101.716331649039788, 12.728560029982955 ], [ 101.716333572797666, 12.728740683603419 ], [ 101.716425585378659, 12.728739739323986 ], [ 101.716427509231082, 12.728920392927863 ], [ 101.716335496585131, 12.728921337221134 ], [ 101.716336458489963, 12.729011664028967 ], [ 101.716244445804136, 12.729012608297262 ], [ 101.716243483931805, 12.728922281482511 ], [ 101.716059458602928, 12.728924169909583 ], [ 101.716057535010378, 12.728743516250361 ], [ 101.715965522399827, 12.72874446040222 ], [ 101.715963598901823, 12.72856380672642 ], [ 101.715871586348854, 12.728564750832554 ], [ 101.71586966294538, 12.72838409714017 ], [ 101.715777650449979, 12.72838504120058 ], [ 101.715775727141036, 12.728204387491619 ], [ 101.715683714703218, 12.728205331506302 ], [ 101.715682753092338, 12.728115004643877 ], [ 101.715590740679602, 12.728115948619751 ], [ 101.715583048318408, 12.727393333640311 ], [ 101.715491036158156, 12.727394277528971 ], [ 101.715489113206729, 12.727213623763415 ], [ 101.715397101104031, 12.72721456760635 ], [ 101.715396139671896, 12.727124240715629 ], [ 101.715304127594294, 12.727125184519759 ], [ 101.71530316620202, 12.727034857621433 ], [ 101.715119142089605, 12.727036745120193 ], [ 101.715118180769693, 12.726946418207357 ], [ 101.71502616873488, 12.726947361901988 ], [ 101.715025207454829, 12.726857034981549 ], [ 101.714933195445113, 12.726857978637376 ], [ 101.714932234204937, 12.726767651709336 ], [ 101.714840222220289, 12.726768595326362 ], [ 101.714839261019989, 12.726678268390719 ], [ 101.714747249060451, 12.726679211968943 ], [ 101.714746287900013, 12.726588885025704 ], [ 101.713918180223942, 12.726597375732522 ], [ 101.713917219363196, 12.726507048726381 ], [ 101.713825207394734, 12.726507991971898 ], [ 101.713826168222994, 12.726598318984951 ], [ 101.713366108107465, 12.726603034768772 ], [ 101.713365147441607, 12.726512707721163 ], [ 101.71318112340866, 12.726514593797651 ], [ 101.713180162815135, 12.726424266735537 ], [ 101.712996138817601, 12.726426152670658 ], [ 101.712995178296438, 12.726335825594038 ], [ 101.712903166319066, 12.726336768506858 ], [ 101.71290220583775, 12.726246441422644 ], [ 101.712810193885488, 12.726247384296665 ], [ 101.712809233444034, 12.726157057204857 ], [ 101.712717221516854, 12.726158000040083 ], [ 101.712716261115261, 12.726067672940676 ], [ 101.712624249213192, 12.726068615737107 ], [ 101.712622328497119, 12.725887961522426 ], [ 101.712530316652618, 12.725888904273155 ], [ 101.712528396031033, 12.725708250041908 ], [ 101.7124363842441, 12.725709192746933 ], [ 101.712435423976871, 12.725618865623375 ], [ 101.712527435731317, 12.72561792292526 ], [ 101.712524554876495, 12.725346941571193 ], [ 101.712616566526137, 12.725345998861917 ], [ 101.712614645928198, 12.725165344636258 ], [ 101.712706657505521, 12.725164401908911 ], [ 101.712704736872183, 12.724983747694328 ], [ 101.712796748377158, 12.724982804948914 ], [ 101.712793867385088, 12.72471182364262 ], [ 101.712885878785272, 12.72471088088605 ], [ 101.71288011680565, 12.724168918296389 ], [ 101.712972128003599, 12.72416797554939 ], [ 101.712967326394633, 12.72371634007369 ], [ 101.71305933742282, 12.723715397329356 ], [ 101.713056456448641, 12.723444416056434 ], [ 101.713148467372037, 12.723443473300948 ], [ 101.713144626046628, 12.723082164955084 ], [ 101.713052615253105, 12.723083107682934 ], [ 101.713048774175718, 12.722721799298455 ], [ 101.712956763504693, 12.722722741966789 ], [ 101.712954843075238, 12.722542087756617 ], [ 101.712862832461752, 12.722543030379253 ], [ 101.712861872290574, 12.72245270326623 ], [ 101.712769861702185, 12.722453645850081 ], [ 101.712768901570854, 12.72236331872946 ], [ 101.712676891007547, 12.722364261274524 ], [ 101.712678811212641, 12.722544915528895 ], [ 101.712770821840891, 12.72254397297001 ], [ 101.712772742140473, 12.722724627207818 ], [ 101.712864752826277, 12.722723684603242 ], [ 101.712871474334662, 12.7233559743656 ], [ 101.712779463421569, 12.723356917018538 ], [ 101.712784264558152, 12.723808552577047 ], [ 101.712692253475325, 12.723809495232647 ], [ 101.712695134148461, 12.724080476580248 ], [ 101.712603122960843, 12.724081419224692 ], [ 101.712608884311621, 12.72462338194282 ], [ 101.712516872921782, 12.724624324596833 ], [ 101.712519753599409, 12.724895305967365 ], [ 101.712427742104765, 12.724896248610218 ], [ 101.71243158298175, 12.725257557122282 ], [ 101.712339571349816, 12.725258499760882 ], [ 101.712341491767646, 12.725439154026617 ], [ 101.712249480063377, 12.725440096647146 ], [ 101.71225236064808, 12.725711078061323 ], [ 101.712160348838992, 12.72571202067069 ], [ 101.712161309016167, 12.725802347814286 ], [ 101.711977285310894, 12.725804232951173 ], [ 101.711978245430515, 12.725894560107896 ], [ 101.711702209719803, 12.725897387594802 ], [ 101.71170316974937, 12.725987714771556 ], [ 101.710599025852574, 12.725999021932228 ], [ 101.710599985499783, 12.726089349191154 ], [ 101.71041596134873, 12.726091233285324 ], [ 101.710416920938343, 12.726181560557372 ], [ 101.710140884558996, 12.726184386480174 ], [ 101.710142803565503, 12.726365041063625 ], [ 101.709958779145808, 12.726366924880331 ], [ 101.709959738595174, 12.726457252184831 ], [ 101.710511811960629, 12.726451600310638 ], [ 101.710510852316389, 12.726361273047553 ], [ 101.710694876647565, 12.726359388848195 ], [ 101.710693916945743, 12.726269061598225 ], [ 101.711614037834096, 12.726259638757194 ], [ 101.71161307781486, 12.726169311575589 ], [ 101.71234917373431, 12.726161771062113 ], [ 101.712350134013377, 12.726252098188464 ], [ 101.712442146002559, 12.726251155473879 ], [ 101.712443106321473, 12.726341482592634 ], [ 101.712535118335765, 12.726340539839256 ], [ 101.712537039060706, 12.726521194060894 ], [ 101.712629051132552, 12.726520251261809 ], [ 101.712630011538579, 12.726610578364689 ], [ 101.712537999434247, 12.726611521170684 ], [ 101.712538959815177, 12.726701848279786 ], [ 101.712354935519386, 12.726703733809925 ], [ 101.712355895842734, 12.726794060932161 ], [ 101.712079859246245, 12.726796889008922 ], [ 101.712080819479553, 12.726887216151189 ], [ 101.711896794980007, 12.726889101390068 ], [ 101.711897755155718, 12.726979428545464 ], [ 101.711713730561712, 12.726981313670596 ], [ 101.711714690679827, 12.727071640839121 ], [ 101.711622678339268, 12.72707258336076 ], [ 101.711623638432314, 12.727162910535506 ], [ 101.711439613664083, 12.727164795496925 ], [ 101.711440573699534, 12.727255122684793 ], [ 101.711348561271876, 12.727256065124575 ], [ 101.711349521282216, 12.727346392318664 ], [ 101.711257508814683, 12.727347334733459 ], [ 101.71125846879994, 12.727437661933763 ], [ 101.71116645629256, 12.727438604323574 ], [ 101.711168376220229, 12.727619258735942 ], [ 101.711076363640487, 12.727620201107669 ], [ 101.711077323582927, 12.727710528319728 ], [ 101.710985310963309, 12.727711470666467 ], [ 101.710987230805344, 12.727892125102338 ], [ 101.710895218113393, 12.727893067430998 ], [ 101.710896178012987, 12.727983394654807 ], [ 101.710804165281189, 12.727984336958478 ], [ 101.710806085037547, 12.728164991417847 ], [ 101.710714072233401, 12.728165933703432 ], [ 101.710715032090164, 12.728256260938991 ], [ 101.710623019246157, 12.728257203199586 ], [ 101.710625898763269, 12.72852818492286 ], [ 101.710349859894592, 12.728531011575418 ], [ 101.710350819650927, 12.728621338835845 ], [ 101.710718871591013, 12.728617569874366 ], [ 101.710717911704734, 12.728527242641551 ], [ 101.710809924638824, 12.728526300328351 ], [ 101.710808964727434, 12.728435973101753 ], [ 101.711085003387979, 12.728433145991502 ], [ 101.711083083392438, 12.728252491577678 ], [ 101.711267108999294, 12.728250606705663 ], [ 101.71126614894763, 12.728160279511529 ], [ 101.711358161707494, 12.728159337034592 ], [ 101.7113600818832, 12.72833999140836 ], [ 101.711452094700647, 12.728339048885715 ], [ 101.711453054832049, 12.728429376064666 ], [ 101.71172909333761, 12.728426548284657 ], [ 101.71172813310875, 12.728336221126428 ], [ 101.711820145896695, 12.728335278476212 ], [ 101.711816304925165, 12.727973969864042 ], [ 101.711724292267149, 12.727974912486633 ], [ 101.711723332075209, 12.72788458532497 ], [ 101.711539306802024, 12.727886470460662 ], [ 101.711540266928992, 12.727976797636135 ], [ 101.711264228866426, 12.727979625121206 ], [ 101.711262308814753, 12.727798970728134 ], [ 101.711354321444688, 12.727798028278814 ], [ 101.711353361397428, 12.727707701088155 ], [ 101.7115373865702, 12.727705816107651 ], [ 101.711538346682431, 12.727796143284499 ], [ 101.711630359290226, 12.727795200739504 ], [ 101.711628439008209, 12.727614546398934 ], [ 101.711720451543655, 12.727613603835859 ], [ 101.711719491381231, 12.727523276671453 ], [ 101.711995528845847, 12.727520448811605 ], [ 101.711994568593369, 12.727430121667227 ], [ 101.712178593467911, 12.727428236281687 ], [ 101.712175712559855, 12.727157254885888 ], [ 101.712359737209979, 12.727155369414236 ], [ 101.712357816511599, 12.726974715174567 ], [ 101.712541841002263, 12.726972829602982 ], [ 101.712540880599178, 12.726882502495936 ], [ 101.712632892800954, 12.72688155966922 ], [ 101.712631932372773, 12.726791232568395 ], [ 101.712723944534687, 12.726790289716696 ], [ 101.712724904995355, 12.726880616810613 ], [ 101.713092953699089, 12.726876845057296 ], [ 101.713093914297062, 12.72696717212289 ], [ 101.713369950844751, 12.726964342952337 ], [ 101.713370911547543, 12.727054669996518 ], [ 101.713554935940721, 12.727052783709548 ], [ 101.713553014412611, 12.72687212964815 ], [ 101.713645026533143, 12.726871186470655 ], [ 101.713645987326004, 12.726961513494784 ], [ 101.713830011609886, 12.726959627030302 ], [ 101.713829050752082, 12.726869300019994 ], [ 101.714565147332323, 12.726861752941804 ], [ 101.714566108449972, 12.726952079896813 ], [ 101.714658120521733, 12.726951136361624 ], [ 101.71465908167923, 12.727041463309034 ], [ 101.714751093776087, 12.727040519735045 ], [ 101.714753977390416, 12.727311500552419 ], [ 101.714569952994424, 12.727313387709987 ], [ 101.71456899184723, 12.727223060757723 ], [ 101.71447697967065, 12.72722400428176 ], [ 101.714476018563303, 12.7271336773219 ], [ 101.714015957731931, 12.727138394429179 ], [ 101.714021723512289, 12.727680356385441 ], [ 101.714757822312961, 12.727672808299303 ], [ 101.714755899836916, 12.727492154427232 ], [ 101.714847912088786, 12.727491210786786 ], [ 101.714846950829354, 12.727400883856633 ], [ 101.714938963041348, 12.72739994019121 ], [ 101.714939924333251, 12.727490267114449 ], [ 101.715031936570341, 12.727489323410222 ], [ 101.715033859241302, 12.727669977240803 ], [ 101.715217883823243, 12.727668089709015 ], [ 101.715222690954747, 12.728119724204326 ], [ 101.715130678505076, 12.728120668020741 ], [ 101.715133562775222, 12.728391648730437 ], [ 101.71522557532235, 12.728390704893277 ], [ 101.715226536792997, 12.728481031788224 ], [ 101.71531854936525, 12.728480087912256 ], [ 101.715319510875773, 12.7285704147996 ], [ 101.71541152347308, 12.728569470884825 ], [ 101.715417292886372, 12.729111432152976 ], [ 101.715877356736684, 12.729106711893225 ], [ 101.715882165596511, 12.729558346091579 ], [ 101.715790152678792, 12.7295592902419 ], [ 101.715791114440449, 12.729649617086425 ], [ 101.715607088517871, 12.72965150530522 ], [ 101.715608050221945, 12.72974183216289 ], [ 101.715424024204822, 12.72974372026793 ], [ 101.715424985851314, 12.729834047138754 ], [ 101.715332972799175, 12.729834991150343 ], [ 101.71533393442057, 12.729925318027391 ], [ 101.714965882008173, 12.729929093782449 ], [ 101.714966843507, 12.730019420686471 ], [ 101.714690804022624, 12.73002225218859 ], [ 101.714691765431368, 12.730112579112671 ], [ 101.714507739006535, 12.730114466635095 ], [ 101.714508700357698, 12.730204793572312 ], [ 101.714416687101703, 12.730205737292593 ], [ 101.714417648427769, 12.730296064236038 ], [ 101.71423362182864, 12.73029795159473 ], [ 101.714235544372968, 12.730478605507207 ], [ 101.714143530997347, 12.730479549152532 ], [ 101.71414449224811, 12.730569876114657 ], [ 101.714052478832599, 12.730570819734996 ], [ 101.714054401291293, 12.730751473671008 ], [ 101.71396238780342, 12.730752417273273 ], [ 101.71396527144941, 12.731023398192884 ], [ 101.713873257856676, 12.731024341783982 ], [ 101.713878063918614, 12.731475976670831 ], [ 101.713970077673807, 12.73147503304517 ], [ 101.713972000215293, 12.731655686981282 ], [ 101.714064014028082, 12.731654743309898 ], [ 101.714066897993177, 12.731925724188184 ], [ 101.714158911896078, 12.731924780464162 ], [ 101.714160834641405, 12.732105434365758 ], [ 101.714252848601902, 12.73210449059601 ], [ 101.714253810018135, 12.732194817538865 ], [ 101.714345824003729, 12.732193873730301 ], [ 101.714352554351791, 12.732826162262693 ], [ 101.714260540138724, 12.732827106119647 ], [ 101.714259578670763, 12.732736779181593 ], [ 101.714167564482793, 12.732737722999733 ], [ 101.714166603054721, 12.732647396054082 ], [ 101.713706532166583, 12.732652114631643 ], [ 101.71370845470517, 12.732832768591377 ], [ 101.71361644044039, 12.732833712225002 ], [ 101.713617401688268, 12.732924039210751 ], [ 101.713709415985548, 12.732923095570216 ], [ 101.713711338568444, 12.73310374952583 ], [ 101.713803352923335, 12.733102805839573 ], [ 101.713806236950575, 12.733373786747114 ], [ 101.713898251395577, 12.73337284300821 ], [ 101.713899212785279, 12.733463169969106 ], [ 101.713991227255363, 12.733462226191387 ], [ 101.713992188684955, 12.733552553144683 ], [ 101.714268232148427, 12.733549721599349 ], [ 101.714267270621349, 12.73345939466679 ], [ 101.714359285061889, 12.733458450761448 ], [ 101.714357361964915, 12.733277796908094 ], [ 101.714541390693853, 12.733275909029341 ], [ 101.714542352303653, 12.733366235942537 ], [ 101.714634366689523, 12.733365291948386 ], [ 101.714633405047238, 12.733274965042106 ], [ 101.714725419393233, 12.733274021022966 ], [ 101.714727342750194, 12.733454674821013 ], [ 101.714819357153786, 12.733453730756144 ], [ 101.714820318875852, 12.733544057647221 ], [ 101.714912333304568, 12.733543113543529 ], [ 101.714914256835854, 12.733723767309801 ], [ 101.715006271322167, 12.733722823160372 ], [ 101.715007233131416, 12.733813150035568 ], [ 101.7148232040864, 12.73381503831634 ], [ 101.714822242342152, 12.733724711427321 ], [ 101.714638213332577, 12.733726599566646 ], [ 101.714639175011811, 12.733816926469494 ], [ 101.714547160463439, 12.733817870498209 ], [ 101.714548122117563, 12.733908197407287 ], [ 101.714456107529301, 12.733909141411008 ], [ 101.714458992438509, 12.73418012215485 ], [ 101.714551007124285, 12.734179178130388 ], [ 101.714551968807967, 12.734269505036719 ], [ 101.71464398351884, 12.734268560973439 ], [ 101.714644945242398, 12.734358887872165 ], [ 101.714920989428194, 12.734356055470128 ], [ 101.714920027607121, 12.734265728592142 ], [ 101.715012042288436, 12.734264784401228 ], [ 101.715011080442252, 12.734174457529466 ], [ 101.715103095083677, 12.734173513313557 ], [ 101.715101171348465, 12.733992859581811 ], [ 101.715193185917499, 12.733991915347826 ], [ 101.715192224028499, 12.733901588487836 ], [ 101.715468267593735, 12.733898755615183 ], [ 101.715469229580236, 12.733989082454427 ], [ 101.715745273176466, 12.733986249273862 ], [ 101.715749121586441, 12.734347556540973 ], [ 101.715657106931758, 12.734348500994068 ], [ 101.715658069020222, 12.734438827816044 ], [ 101.715566054325649, 12.734439772244144 ], [ 101.715567978459788, 12.734620425899873 ], [ 101.715659993219361, 12.734619481457939 ], [ 101.715660955330009, 12.734709808277858 ], [ 101.715752970114693, 12.734708863797097 ], [ 101.715754894423185, 12.734889517421038 ], [ 101.715938924100385, 12.734887628336127 ], [ 101.715939886330716, 12.734977955133235 ], [ 101.716031901190732, 12.734977010535998 ], [ 101.716029014424393, 12.734706030163368 ], [ 101.716305058667544, 12.734703196242453 ], [ 101.716304096329381, 12.734612869470956 ], [ 101.716396111029809, 12.73461192477375 ], [ 101.716398998163982, 12.734882905065431 ], [ 101.716491012954521, 12.73488196031556 ], [ 101.716493900252757, 12.735152940580308 ], [ 101.716585915133408, 12.735151995777775 ], [ 101.716586877613437, 12.735242322524398 ], [ 101.716678892519198, 12.735241377683039 ], [ 101.71668081756647, 12.735422031160386 ], [ 101.716772832529841, 12.735421086273277 ], [ 101.716773795097069, 12.735511413004001 ], [ 101.716865810085551, 12.735510468078063 ], [ 101.716867735307204, 12.735691121523615 ], [ 101.716959750353283, 12.735690176551925 ], [ 101.716960713007722, 12.735780503266751 ], [ 101.717052728078926, 12.735779558256231 ], [ 101.717054653474975, 12.735960211669987 ], [ 101.717146668603789, 12.735959266613715 ], [ 101.717147631345412, 12.736049593312638 ], [ 101.717331661645844, 12.736047703090517 ], [ 101.717330698839206, 12.735957376405432 ], [ 101.717514729045035, 12.735955486069503 ], [ 101.717513766180801, 12.735865159397573 ], [ 101.717421751114088, 12.735866104574571 ], [ 101.717420788289743, 12.735775777895034 ], [ 101.717328773248127, 12.735776723033199 ], [ 101.717325884916974, 12.735505742969703 ], [ 101.717233869965483, 12.735506688055196 ], [ 101.717231944513387, 12.735326034662256 ], [ 101.717600004014955, 12.73532225418418 ], [ 101.717600966867309, 12.735412580853312 ], [ 101.717692981756713, 12.735411635647097 ], [ 101.717693944648985, 12.735501962308618 ], [ 101.717785959563486, 12.735501017063569 ], [ 101.717787885435229, 12.735681670370711 ], [ 101.71787990040734, 12.735680725079908 ], [ 101.71788086338681, 12.735771051725527 ], [ 101.718064893373835, 12.735769161034343 ], [ 101.718066819485003, 12.735949814295831 ], [ 101.718158834532431, 12.735948868888528 ], [ 101.718160760738201, 12.736129522133419 ] ], [ [ 101.714336209848867, 12.73129060433997 ], [ 101.714244196188204, 12.731291548079406 ], [ 101.714243234845839, 12.731201221129687 ], [ 101.714335248474015, 12.731200277397164 ], [ 101.714336209848867, 12.73129060433997 ] ], [ [ 101.714331403048504, 12.730838969619064 ], [ 101.714329480380073, 12.730658315725899 ], [ 101.714421493805901, 12.730657372002952 ], [ 101.714420532450291, 12.730567045062253 ], [ 101.714512545836243, 12.730566101314324 ], [ 101.714513507224353, 12.730656428248109 ], [ 101.714605520635402, 12.730655484461366 ], [ 101.714606482063388, 12.730745811387552 ], [ 101.714422455168915, 12.730747698942965 ], [ 101.714423416539319, 12.73083802588229 ], [ 101.714331403048504, 12.730838969619064 ] ], [ [ 101.714444568557468, 12.732825218373833 ], [ 101.714446491645546, 12.733005872220227 ], [ 101.71453850590882, 12.733004928285641 ], [ 101.714540429091457, 12.73318558211546 ], [ 101.714356400427519, 12.733187469980386 ], [ 101.714352554351791, 12.732826162262693 ], [ 101.714444568557468, 12.732825218373833 ] ], [ [ 101.717139929619506, 12.735326979701997 ], [ 101.717138004261997, 12.735146326292472 ], [ 101.717230019090877, 12.73514538126657 ], [ 101.717231944513387, 12.735326034662256 ], [ 101.717139929619506, 12.735326979701997 ] ], [ [ 101.716484276184133, 12.734249673007124 ], [ 101.716486200938704, 12.734430326527256 ], [ 101.716578215559338, 12.734429381780069 ], [ 101.716579177980208, 12.734519708532185 ], [ 101.716395148666535, 12.734521598008483 ], [ 101.716394186310652, 12.734431271242528 ], [ 101.716302171675238, 12.734432215925899 ], [ 101.716300247050683, 12.734251562378098 ], [ 101.716484276184133, 12.734249673007124 ] ], [ [ 101.717998460662997, 12.729536621830984 ], [ 101.717906447915396, 12.729537566714903 ], [ 101.717900673017553, 12.728995606588166 ], [ 101.717992685570252, 12.728994661745778 ], [ 101.717991723080686, 12.728904335062509 ], [ 101.71808373559351, 12.728903390195152 ], [ 101.718082773078848, 12.728813063518118 ], [ 101.717622710603223, 12.728817787501365 ], [ 101.71762367295544, 12.728908114213008 ], [ 101.717439647848437, 12.728910003596894 ], [ 101.7174406101431, 12.729000330321693 ], [ 101.717164572329651, 12.729003164179082 ], [ 101.717166496746231, 12.729183817668138 ], [ 101.717074484061982, 12.729184762237319 ], [ 101.71707544624887, 12.729275088987741 ], [ 101.71698343352476, 12.729276033531947 ], [ 101.716985357855748, 12.72945668704457 ], [ 101.717077370644859, 12.729455742486524 ], [ 101.71707929507042, 12.729636395982553 ], [ 101.717171307917098, 12.729635451378774 ], [ 101.717173232437233, 12.729816104858227 ], [ 101.71726524534148, 12.729815160208709 ], [ 101.717271019274293, 12.730357120589058 ], [ 101.717363032366094, 12.730356175866126 ], [ 101.717364957134521, 12.73053682930691 ], [ 101.717917035919811, 12.730531160216399 ], [ 101.71791799851006, 12.730621486894234 ], [ 101.718010011647536, 12.730620541927253 ], [ 101.718010974277675, 12.730710868597477 ], [ 101.718102987440247, 12.730709923591675 ], [ 101.71810491278768, 12.730890576916224 ], [ 101.718472965623903, 12.730886796518639 ], [ 101.718469114438761, 12.730525489977563 ], [ 101.718377101370763, 12.730526435097115 ], [ 101.718374213157077, 12.730255455163329 ], [ 101.718282200179161, 12.730256400230212 ], [ 101.718280274805338, 12.730075746923738 ], [ 101.71818826188499, 12.73007669194488 ], [ 101.71818633660574, 12.729896038621821 ], [ 101.71809432374296, 12.729896983597222 ], [ 101.718092398558298, 12.729716330257567 ], [ 101.718000385753101, 12.729717275187229 ], [ 101.717998460662997, 12.729536621830984 ] ], [ [ 101.718839551275693, 12.739374659485392 ], [ 101.718931567499283, 12.739373713559663 ], [ 101.718930603866198, 12.739283387017679 ], [ 101.718838587675108, 12.739284332936485 ], [ 101.718834733346839, 12.738923026733971 ], [ 101.718742717278417, 12.738923972593158 ], [ 101.718741753747366, 12.738833646033891 ], [ 101.718649737704055, 12.738834591854237 ], [ 101.718648774212923, 12.738744265287355 ], [ 101.718464742169132, 12.738746156818436 ], [ 101.718462815339109, 12.738565503654918 ], [ 101.718370799371144, 12.738566449358734 ], [ 101.718368872635722, 12.738385796178624 ], [ 101.718552904434233, 12.738383904766765 ], [ 101.71855194101262, 12.738293578189527 ], [ 101.718920004390753, 12.738289795010493 ], [ 101.718919040846487, 12.738199468460261 ], [ 101.719011056640014, 12.738198522592633 ], [ 101.719010093070636, 12.738108196048639 ], [ 101.71919412457045, 12.738106304231479 ], [ 101.719190270106893, 12.737744998104045 ], [ 101.719098254490731, 12.737745944000881 ], [ 101.719095363818312, 12.737474964377316 ], [ 101.718727301669745, 12.737478747562406 ], [ 101.71872826508978, 12.737569074131981 ], [ 101.718544233906073, 12.73757096554688 ], [ 101.718545197268497, 12.737661292129616 ], [ 101.718269150339893, 12.737664129033361 ], [ 101.718270113612178, 12.73775445563618 ], [ 101.717994066519452, 12.737757292273448 ], [ 101.717995029701598, 12.737847618896346 ], [ 101.717810998204442, 12.737849509842116 ], [ 101.717810035087311, 12.737759183205375 ], [ 101.717718019360134, 12.737760128623464 ], [ 101.71771609321307, 12.737579475334075 ], [ 101.717808108875232, 12.737578529929829 ], [ 101.717807145780284, 12.737488203291027 ], [ 101.717991177017382, 12.737486312400629 ], [ 101.717990213864823, 12.737395985774985 ], [ 101.718266260567432, 12.737393149220786 ], [ 101.718265297324749, 12.737302822615218 ], [ 101.718357312844986, 12.737301877040247 ], [ 101.718356349577178, 12.737211550440914 ], [ 101.718448365057512, 12.73721060484095 ], [ 101.718447401764607, 12.737120278247859 ], [ 101.718539417205022, 12.737119332622902 ], [ 101.718537490576395, 12.7369386794485 ], [ 101.718445475201008, 12.736939625059611 ], [ 101.718446438479106, 12.737029951654078 ], [ 101.718354423063801, 12.737030897240194 ], [ 101.718355386316787, 12.7371212238409 ], [ 101.718171355398965, 12.73712311493124 ], [ 101.718172318594341, 12.737213441545101 ], [ 101.717988287581903, 12.737215332521629 ], [ 101.717989250719654, 12.737305659148646 ], [ 101.7178052196126, 12.737307550011357 ], [ 101.717806182692755, 12.737397876651535 ], [ 101.717714167095608, 12.737398822041934 ], [ 101.717715130150651, 12.737489148688349 ], [ 101.717531098869159, 12.737491039387251 ], [ 101.717533024871372, 12.7376716927057 ], [ 101.717441009154513, 12.737672638021118 ], [ 101.717443898115803, 12.737943618014407 ], [ 101.717351882294025, 12.737944563318671 ], [ 101.717352845263406, 12.738034889988649 ], [ 101.717444861117698, 12.738033944677461 ], [ 101.717448713199261, 12.738395251322812 ], [ 101.717540729176193, 12.738394305952026 ], [ 101.717541692247593, 12.738484632604724 ], [ 101.71763370824965, 12.738483687195098 ], [ 101.717634671360955, 12.738574013840189 ], [ 101.717726687388122, 12.73857306839172 ], [ 101.717727650539331, 12.738663395029207 ], [ 101.717819666591609, 12.7386624495419 ], [ 101.717820629782736, 12.738752776171774 ], [ 101.718096677992733, 12.738749939497575 ], [ 101.718097641288793, 12.738840266105994 ], [ 101.718465705595236, 12.738836483399165 ], [ 101.718466669028757, 12.738926809979207 ], [ 101.71855868511939, 12.738925864215778 ], [ 101.718560612073645, 12.739106517359952 ], [ 101.718652628221889, 12.739105571550756 ], [ 101.718654555270774, 12.739286224678334 ], [ 101.718470522836824, 12.739288116292503 ], [ 101.718469559373702, 12.73919778971521 ], [ 101.71837754317815, 12.73919873546749 ], [ 101.718376579754946, 12.739108408882586 ], [ 101.717824482621239, 12.739114082684402 ], [ 101.717828335578119, 12.739475389186039 ], [ 101.717920351915623, 12.739474443604514 ], [ 101.717921315205857, 12.739564770221286 ], [ 101.718473413270573, 12.739559096020262 ], [ 101.718475340263424, 12.739739749168667 ], [ 101.718383323872771, 12.739740694962485 ], [ 101.718385250830195, 12.739921348121991 ], [ 101.71829323436711, 12.739922293897735 ], [ 101.718294197824406, 12.740012620483382 ], [ 101.718202181321402, 12.740013566234126 ], [ 101.718203144753573, 12.740103892826005 ], [ 101.718111128210666, 12.740104838551751 ], [ 101.718112091617726, 12.740195165149869 ], [ 101.717928058444656, 12.740197056519436 ], [ 101.717929021794092, 12.740287383130713 ], [ 101.717837005163943, 12.740288328774533 ], [ 101.717837968488254, 12.740378655392043 ], [ 101.717653935140717, 12.740380546597763 ], [ 101.717655861681465, 12.740561199858405 ], [ 101.717747878423964, 12.740560254257664 ], [ 101.717746915117374, 12.740469927634608 ], [ 101.718022965202934, 12.74046709066161 ], [ 101.71802200180619, 12.740376764058633 ], [ 101.718298051727572, 12.740373926819085 ], [ 101.718297088240675, 12.740283600236189 ], [ 101.718481121419572, 12.74028170859739 ], [ 101.718479194337917, 12.740101055457231 ], [ 101.718571210851223, 12.740100109603791 ], [ 101.718570247288994, 12.740009783039607 ], [ 101.718846296686976, 12.740006945308535 ], [ 101.718839551275693, 12.739374659485392 ] ], [ [ 101.718185804106611, 12.73847801406705 ], [ 101.718184840807638, 12.738387687462806 ], [ 101.718276856725396, 12.738386741836674 ], [ 101.718277820056869, 12.738477068433994 ], [ 101.718185804106611, 12.73847801406705 ] ], [ [ 101.725578941952932, 12.715546910709419 ], [ 101.725577977832572, 12.715456584506827 ], [ 101.725669984918085, 12.715455637987773 ], [ 101.725668056634717, 12.715274985594414 ], [ 101.725944077652088, 12.715272145887761 ], [ 101.725943113424179, 12.715181819710878 ], [ 101.725759099484904, 12.715183712866619 ], [ 101.725758135329315, 12.715093386675166 ], [ 101.725574121425268, 12.715095279689599 ], [ 101.725573157341984, 12.715004953483577 ], [ 101.725297136527615, 12.715007792745473 ], [ 101.725298100513555, 12.715098118972319 ], [ 101.724838065512401, 12.715102850473036 ], [ 101.724837101688678, 12.715012524211494 ], [ 101.724009038511454, 12.715021038843338 ], [ 101.724008074987168, 12.714930712518667 ], [ 101.723732053891979, 12.71493355013504 ], [ 101.723733017318921, 12.715023876480522 ], [ 101.723272981849803, 12.715028605238688 ], [ 101.723272018585092, 12.714938278858527 ], [ 101.723180011501469, 12.714939224507653 ], [ 101.72317904827662, 12.714848898119874 ], [ 101.723271055327785, 12.714847952477685 ], [ 101.723270092077897, 12.714757626096148 ], [ 101.723362099089215, 12.714756680429039 ], [ 101.723360172546776, 12.714576027677786 ], [ 101.723452179485776, 12.714575081992688 ], [ 101.723449289630381, 12.714304102881473 ], [ 101.723357282788683, 12.714305048545762 ], [ 101.723355356320369, 12.714124395787653 ], [ 101.722895322325286, 12.714129123561936 ], [ 101.722896285393517, 12.714219449976008 ], [ 101.722712271678731, 12.714221340876604 ], [ 101.722718049854407, 12.714763299429841 ], [ 101.722626042791234, 12.714764244873956 ], [ 101.722627005814005, 12.714854571304027 ], [ 101.722534998710969, 12.714855516723222 ], [ 101.722535961708701, 12.714945843159542 ], [ 101.722351947415504, 12.714947733916221 ], [ 101.722350984482659, 12.714857407466038 ], [ 101.722166970224734, 12.714859298081427 ], [ 101.722167933092678, 12.714949624545474 ], [ 101.721891911552873, 12.714952460250426 ], [ 101.721892874330891, 12.715042786734585 ], [ 101.721800867103696, 12.71504373191279 ], [ 101.721804718160044, 12.715405037870296 ], [ 101.721896725517027, 12.71540409266437 ], [ 101.721899613984419, 12.715675072104506 ], [ 101.721991621431329, 12.715674126845924 ], [ 101.721993547178201, 12.715854779788721 ], [ 101.722085554682607, 12.715853834484417 ], [ 101.722086517599607, 12.715944160947855 ], [ 101.722270532651095, 12.715942270229805 ], [ 101.722271495640385, 12.716032596678692 ], [ 101.7231915707778, 12.716023141107518 ], [ 101.723190607464019, 12.715932814727967 ], [ 101.723558637181682, 12.715929031635165 ], [ 101.723559600625265, 12.716019357986971 ], [ 101.724571682094265, 12.716008951777036 ], [ 101.724572645902199, 12.716099278051852 ], [ 101.724848668062663, 12.716096439304726 ], [ 101.724847704157384, 12.716006113050728 ], [ 101.725123726153754, 12.716003274037684 ], [ 101.725122762158534, 12.715912947803821 ], [ 101.725214769443397, 12.715912001409365 ], [ 101.725213805423138, 12.715821675181754 ], [ 101.725397819905695, 12.715819782311135 ], [ 101.725395891757657, 12.715639129881618 ], [ 101.725487898922907, 12.715638183412402 ], [ 101.725486934827558, 12.715547857203555 ], [ 101.725578941952932, 12.715546910709419 ] ], [ [ 101.723551893284139, 12.715296747153305 ], [ 101.723459886092982, 12.715297692925747 ], [ 101.723458922741131, 12.715207366561515 ], [ 101.723550929899858, 12.715206420796008 ], [ 101.723551893284139, 12.715296747153305 ] ], [ [ 101.730743886991462, 12.716668091705701 ], [ 101.73055987272113, 12.716669988411011 ], [ 101.73056083869767, 12.716760314228841 ], [ 101.730468831518905, 12.716761262540658 ], [ 101.730474627339561, 12.71730321747493 ], [ 101.731026671468911, 12.717297526875752 ], [ 101.731032468725388, 12.717839481534957 ], [ 101.731124476248979, 12.717838532948516 ], [ 101.731125442516856, 12.717928858715689 ], [ 101.731585480185601, 12.717924115270733 ], [ 101.73158451375545, 12.717833789538334 ], [ 101.731676521234448, 12.717832840760707 ], [ 101.731670722614979, 12.717290886393643 ], [ 101.731578715330699, 12.717291835129531 ], [ 101.731577748952603, 12.717201509392329 ], [ 101.731669756204425, 12.7172005606634 ], [ 101.731665890636535, 12.716839257735543 ], [ 101.731573883514514, 12.716840206436645 ], [ 101.73157291717358, 12.71674988069601 ], [ 101.730744853032917, 12.716758417509618 ], [ 101.730743886991462, 12.716668091705701 ] ], [ [ 101.73139953241737, 12.717745361251 ], [ 101.731398566067, 12.717655035503318 ], [ 101.731306558630592, 12.71765598417144 ], [ 101.731305592320126, 12.717565658416119 ], [ 101.731489607120551, 12.717563761061918 ], [ 101.731491539878775, 12.717744412544057 ], [ 101.73139953241737, 12.717745361251 ] ], [ [ 101.73139276812087, 12.717113081002802 ], [ 101.731391801822525, 12.717022755250314 ], [ 101.731299794613307, 12.717023703869746 ], [ 101.731298828354852, 12.716933378109616 ], [ 101.73148284270097, 12.716931480852798 ], [ 101.731484775355113, 12.71711213234455 ], [ 101.73139276812087, 12.717113081002802 ] ], [ [ 101.730655743940616, 12.71703034331366 ], [ 101.730654777909308, 12.716940017504847 ], [ 101.730746785138109, 12.7169390691154 ], [ 101.730747751201861, 12.71702939491726 ], [ 101.730655743940616, 12.71703034331366 ] ], [ [ 101.729004439314778, 12.717499038659993 ], [ 101.728912431750118, 12.717499986485768 ], [ 101.728915328150237, 12.717770964294042 ], [ 101.729099343466871, 12.717769068568929 ], [ 101.729098377927826, 12.717678742647424 ], [ 101.729466408342134, 12.717674950842628 ], [ 101.729467374010994, 12.717765276736333 ], [ 101.729651389238484, 12.717763380628851 ], [ 101.729650423504722, 12.717673054749049 ], [ 101.729926446192891, 12.717670210369707 ], [ 101.729924514552934, 12.717489558649758 ], [ 101.72983250706254, 12.717490506794164 ], [ 101.729829609755697, 12.717219529188233 ], [ 101.729737602355243, 12.71722047727992 ], [ 101.729735670919382, 12.717039825525294 ], [ 101.729827678254935, 12.717038877447511 ], [ 101.729826712515703, 12.71694855157612 ], [ 101.729458683258699, 12.716952343668284 ], [ 101.729459648868129, 12.71704266956748 ], [ 101.729367641502861, 12.71704361751782 ], [ 101.729366675925874, 12.716953291611672 ], [ 101.727802550131671, 12.716969401774421 ], [ 101.727804480189704, 12.717150053822284 ], [ 101.727896487713664, 12.717149106406653 ], [ 101.727897452786266, 12.717239432422607 ], [ 101.727805445229862, 12.717240379845187 ], [ 101.727806410277438, 12.717330705867397 ], [ 101.727714402681144, 12.717331653265061 ], [ 101.727716332733678, 12.717512305321325 ], [ 101.727624325065051, 12.717513252701018 ], [ 101.727625290069994, 12.717603578735066 ], [ 101.727717297771079, 12.717602631348427 ], [ 101.727718262815898, 12.717692957374842 ], [ 101.727902278260672, 12.717691062492079 ], [ 101.727903243377824, 12.717781388503916 ], [ 101.727995251121527, 12.71778044100779 ], [ 101.727993320829754, 12.71759978899733 ], [ 101.728085328501123, 12.717598841483236 ], [ 101.728086293675759, 12.717689167481863 ], [ 101.728546332083539, 12.717684429398707 ], [ 101.72854536674663, 12.717594103434822 ], [ 101.728729381992864, 12.717592207992409 ], [ 101.72872745121154, 12.717411556090369 ], [ 101.728819458758608, 12.717410608335266 ], [ 101.728818493346623, 12.717320282390171 ], [ 101.729002508353588, 12.717318386798274 ], [ 101.729004439314778, 12.717499038659993 ] ], [ [ 101.728177336165075, 12.717597893937279 ], [ 101.728174440588376, 12.71732691595812 ], [ 101.728358455699279, 12.717325020812302 ], [ 101.728360386206134, 12.717505672771308 ], [ 101.72826837858949, 12.717506620374042 ], [ 101.728269343821609, 12.71759694635946 ], [ 101.728177336165075, 12.717597893937279 ] ], [ [ 101.729371503885062, 12.71740492113554 ], [ 101.729370538278374, 12.717314595232139 ], [ 101.729462545740986, 12.717313647260948 ], [ 101.729463511380132, 12.717403973157397 ], [ 101.729555518867798, 12.717403025147393 ], [ 101.729556484546819, 12.717493351036209 ], [ 101.729280461964223, 12.717496194991483 ], [ 101.729281427553317, 12.717586520900459 ], [ 101.729189419978468, 12.717587468828778 ], [ 101.729187488872611, 12.717406816996233 ], [ 101.729371503885062, 12.71740492113554 ] ], [ [ 101.728544401417167, 12.717503777470245 ], [ 101.728542470780511, 12.717323125539037 ], [ 101.728634478309971, 12.717322177854609 ], [ 101.728636409011543, 12.71750282977192 ], [ 101.728544401417167, 12.717503777470245 ] ], [ [ 101.729648492059482, 12.717492402987387 ], [ 101.729647526348003, 12.717402077105525 ], [ 101.729739533820805, 12.717401129031797 ], [ 101.729740499564741, 12.717491454906709 ], [ 101.729648492059482, 12.717492402987387 ] ], [ [ 101.728909535416818, 12.717229008671318 ], [ 101.72890856998724, 12.717138682731793 ], [ 101.729000577422099, 12.717137734933818 ], [ 101.729001542884134, 12.71722806086639 ], [ 101.728909535416818, 12.717229008671318 ] ], [ [ 101.72918555779647, 12.717226165160946 ], [ 101.729183626750043, 12.717045513322908 ], [ 101.729275634130161, 12.717044565436296 ], [ 101.729277565241503, 12.717225217260429 ], [ 101.72918555779647, 12.717226165160946 ] ], [ [ 101.729461580109287, 12.717223321363814 ], [ 101.729460614484992, 12.717132995465992 ], [ 101.729552621875285, 12.71713204747684 ], [ 101.729553587532024, 12.717222373367711 ], [ 101.729461580109287, 12.717223321363814 ] ], [ [ 101.727988495230221, 12.717148158959157 ], [ 101.72798753013258, 12.717057832949463 ], [ 101.728171545078482, 12.717055937972782 ], [ 101.728172510241009, 12.717146263968583 ], [ 101.727988495230221, 12.717148158959157 ] ], [ [ 101.728632547638099, 12.717141525934554 ], [ 101.728631582313312, 12.717051199973499 ], [ 101.728723589737982, 12.717050252278053 ], [ 101.728724555095241, 12.717140578232165 ], [ 101.728632547638099, 12.717141525934554 ] ], [ [ 101.726098777479621, 12.7211423988294 ], [ 101.726099742229636, 12.721232724954046 ], [ 101.726007733096637, 12.721233672044832 ], [ 101.726006768379094, 12.721143345913241 ], [ 101.725914759271163, 12.721144292965208 ], [ 101.725912829923246, 12.72096364068609 ], [ 101.725360775509344, 12.720969322245285 ], [ 101.725363668958025, 12.72124030078788 ], [ 101.725271659765681, 12.721241247623681 ], [ 101.725272624230954, 12.721331573810112 ], [ 101.724904587257598, 12.721335360862343 ], [ 101.724903622922184, 12.721245034648149 ], [ 101.724535585960027, 12.721248821162646 ], [ 101.724536550165581, 12.721339147404596 ], [ 101.724352531575079, 12.721341040484484 ], [ 101.724351567434454, 12.72125071422866 ], [ 101.724167548879223, 12.721252607167177 ], [ 101.724166584810931, 12.721162280896788 ], [ 101.723706538455417, 12.721167012650611 ], [ 101.723700755175287, 12.720625054805771 ], [ 101.723608746076721, 12.7206260010193 ], [ 101.723606818440913, 12.720445348384992 ], [ 101.723514809399859, 12.720446294552774 ], [ 101.723513845625519, 12.720355968227656 ], [ 101.723421836609518, 12.720356914356634 ], [ 101.723420872875053, 12.720266588023891 ], [ 101.723328863884092, 12.720267534114063 ], [ 101.723329827586099, 12.720357860453742 ], [ 101.723145809517021, 12.720359752552339 ], [ 101.723146773161503, 12.720450078905202 ], [ 101.723054764083386, 12.720451024913627 ], [ 101.723059582254677, 12.72090265670232 ], [ 101.723151591495096, 12.720901710659216 ], [ 101.723152555184043, 12.72099203700796 ], [ 101.72324456444953, 12.720991090926054 ], [ 101.723245528178339, 12.721081417267174 ], [ 101.723429546752001, 12.721079524993865 ], [ 101.723430510553158, 12.721169851320431 ], [ 101.723522519861319, 12.72116890512903 ], [ 101.723526375269969, 12.721530210400687 ], [ 101.723618384700586, 12.72152926414967 ], [ 101.723620312514299, 12.721709916767511 ], [ 101.723712322002442, 12.721708970470743 ], [ 101.723713285952883, 12.7217992967717 ], [ 101.723897304971828, 12.721797404068676 ], [ 101.723898268994617, 12.721887730355066 ], [ 101.723990278525434, 12.721886783948804 ], [ 101.723989314470174, 12.721796457669351 ], [ 101.724725390190073, 12.721788885327269 ], [ 101.724726354505037, 12.721879211551222 ], [ 101.724818363969135, 12.721878264858086 ], [ 101.724817399621685, 12.721787938641075 ], [ 101.724909409045893, 12.721786991923002 ], [ 101.724907480308318, 12.721606339500799 ], [ 101.724999489660178, 12.721605392764733 ], [ 101.72499756088736, 12.721424740353658 ], [ 101.725089570166858, 12.721423793599596 ], [ 101.725090534582023, 12.721514119798538 ], [ 101.725182543886589, 12.721513173005663 ], [ 101.725181579438953, 12.721422846813665 ], [ 101.725273588703629, 12.721421899995857 ], [ 101.725277446668528, 12.721783204731977 ], [ 101.725645484172489, 12.721779417030957 ], [ 101.725646448812114, 12.721869743185504 ], [ 101.725738458202031, 12.721868796173624 ], [ 101.725737493529934, 12.721778470026017 ], [ 101.726013521557761, 12.721775628819946 ], [ 101.726011592041047, 12.721594976564321 ], [ 101.726103601303876, 12.721594029445768 ], [ 101.726104566090996, 12.721684355566978 ], [ 101.726196575378879, 12.721683408409607 ], [ 101.726197540205874, 12.721773734523195 ], [ 101.726381558824315, 12.721771840098942 ], [ 101.726382523723657, 12.721862166197957 ], [ 101.726566542377341, 12.721860271632318 ], [ 101.726567507349046, 12.721950597716763 ], [ 101.726659516697211, 12.721949650379186 ], [ 101.726658551693063, 12.72185932430169 ], [ 101.726750561001353, 12.721858376939187 ], [ 101.726749595972151, 12.721768050867951 ], [ 101.726933614501547, 12.721766156061207 ], [ 101.726926859050408, 12.721133873640541 ], [ 101.726742840975518, 12.721135768350065 ], [ 101.726741876005676, 12.721045442273335 ], [ 101.726373839896681, 12.72104923128213 ], [ 101.726374804736665, 12.721139557386635 ], [ 101.726098777479621, 12.7211423988294 ] ], [ [ 101.728956850564074, 12.721654978867042 ], [ 101.728955884770585, 12.72156465296116 ], [ 101.728863875737858, 12.721565601067798 ], [ 101.728862909984244, 12.721475275154278 ], [ 101.728586882938927, 12.721478119262112 ], [ 101.728585917290133, 12.721387793327059 ], [ 101.728493908292634, 12.72138874129231 ], [ 101.728492942683729, 12.72129841534962 ], [ 101.72830892473138, 12.721300311170603 ], [ 101.728309890275369, 12.721390637127188 ], [ 101.728217881255588, 12.721391584996818 ], [ 101.728218846774524, 12.721481910959668 ], [ 101.728126837714882, 12.72148285880437 ], [ 101.728128768710093, 12.721663510741903 ], [ 101.728220777834693, 12.721662562883303 ], [ 101.728221743375897, 12.721752888844092 ], [ 101.728129734218854, 12.721753836709642 ], [ 101.728133596328092, 12.722115140573717 ], [ 101.728041587033758, 12.722116088435181 ], [ 101.728043518068006, 12.722296740376995 ], [ 101.728319546123544, 12.722293896655293 ], [ 101.728320511749189, 12.722384222604328 ], [ 101.728780558522246, 12.722379482395899 ], [ 101.728779592734256, 12.722289156481608 ], [ 101.728963611326563, 12.722287260189008 ], [ 101.728964577179482, 12.722377586089397 ], [ 101.729056586496938, 12.722376637888335 ], [ 101.729055620611561, 12.722286311994894 ], [ 101.729147629889141, 12.722285363768904 ], [ 101.729145698075726, 12.722104711993863 ], [ 101.729053688863075, 12.722105660205953 ], [ 101.729048859621827, 12.721654030721581 ], [ 101.728956850564074, 12.721654978867042 ] ], [ [ 101.725301227512062, 12.732623289385488 ], [ 101.72529929679942, 12.732442637169735 ], [ 101.72520728356487, 12.732443584802388 ], [ 101.725206318252177, 12.732353258686533 ], [ 101.724562225630123, 12.732359891173259 ], [ 101.724563190715358, 12.732450217337687 ], [ 101.724379164120165, 12.732452112060654 ], [ 101.724380129147832, 12.732542438238273 ], [ 101.724012075738486, 12.732546227329129 ], [ 101.724013040643598, 12.73263655353381 ], [ 101.723921027240223, 12.732637500733704 ], [ 101.723921992120253, 12.732727826944638 ], [ 101.72382997867696, 12.732728774119566 ], [ 101.723830943531908, 12.73281910033675 ], [ 101.723922957007673, 12.732818153154881 ], [ 101.723923921902539, 12.73290847936444 ], [ 101.724107948896844, 12.73290658489112 ], [ 101.724108913864086, 12.732996911086117 ], [ 101.725029048715555, 12.732987436735929 ], [ 101.725030014015189, 12.73307776286085 ], [ 101.725306054423484, 12.733074919912854 ], [ 101.725307019828023, 12.733165246016263 ], [ 101.725491046794787, 12.733163350544199 ], [ 101.725492977756119, 12.7333440027212 ], [ 101.725861031860575, 12.733340211338687 ], [ 101.72585716944765, 12.732978907093008 ], [ 101.725765156062664, 12.732979854958726 ], [ 101.725764190510475, 12.732889528888647 ], [ 101.725672177150557, 12.732890476715518 ], [ 101.725671211638286, 12.732800150637809 ], [ 101.725579198303436, 12.732801098425833 ], [ 101.725578232831083, 12.7327107723405 ], [ 101.725486219521301, 12.73271172008968 ], [ 101.725485254088866, 12.732621393996714 ], [ 101.725301227512062, 12.732623289385488 ] ], [ [ 101.744617461154519, 12.7147180272543 ], [ 101.744985482509961, 12.714714214777212 ], [ 101.744983540688992, 12.714533565301222 ], [ 101.745075545944289, 12.714532612116294 ], [ 101.74507457501258, 12.714442287384262 ], [ 101.744890564559398, 12.71444419370828 ], [ 101.744889593700037, 12.714353868961576 ], [ 101.744613578061561, 12.714356728187735 ], [ 101.744608724363417, 12.713905104339068 ], [ 101.744516719297863, 12.713906057315802 ], [ 101.744515748613082, 12.71381573253702 ], [ 101.744423743572497, 12.713816685474914 ], [ 101.744422772927621, 12.713726360688455 ], [ 101.744514777935763, 12.713725407757549 ], [ 101.744512836603548, 12.713544758196544 ], [ 101.744420831660278, 12.713545711113472 ], [ 101.744418890422821, 12.713365061535745 ], [ 101.744234880643646, 12.713366967246088 ], [ 101.744232939565819, 12.713186317637657 ], [ 101.74395692503569, 12.713189175922365 ], [ 101.743959836371701, 12.713460150396873 ], [ 101.743775826452975, 12.713462055802685 ], [ 101.743774856065045, 12.713371730964562 ], [ 101.743590846181348, 12.713373636228994 ], [ 101.743592786834895, 12.713554285932501 ], [ 101.743500781816962, 12.713555238530912 ], [ 101.743501752122498, 12.713645563388623 ], [ 101.743409747064646, 12.713646515962171 ], [ 101.743411687633227, 12.713827165689503 ], [ 101.743503692755951, 12.713826213101985 ], [ 101.743504663083897, 12.71391653795763 ], [ 101.74405669385807, 12.713910821721688 ], [ 101.744054752820375, 12.713730172093552 ], [ 101.744146757858402, 12.713729219290055 ], [ 101.744149669523452, 12.714000193710268 ], [ 101.744057664388109, 12.714001146534729 ], [ 101.74406251715034, 12.714452770589617 ], [ 101.744246527737971, 12.714450864838962 ], [ 101.744247498377703, 12.714541189633904 ], [ 101.744155493055189, 12.714542142532144 ], [ 101.744159375559036, 12.714903441732988 ], [ 101.744435391893504, 12.714900582858839 ], [ 101.744434421159028, 12.714810258080622 ], [ 101.744618431946435, 12.714808352019224 ], [ 101.744617461154519, 12.7147180272543 ] ], [ [ 101.743962747774901, 12.713731124865198 ], [ 101.743960806831964, 12.713550475220332 ], [ 101.744052811812566, 12.713549522462664 ], [ 101.744054752820375, 12.713730172093552 ], [ 101.743962747774901, 12.713731124865198 ] ], [ [ 101.74183922235342, 12.730194071761399 ], [ 101.741833396331657, 12.729652122521395 ], [ 101.741557363450227, 12.729654981942748 ], [ 101.741558334337753, 12.729745306838746 ], [ 101.74146632332986, 12.729746259922392 ], [ 101.741467294192361, 12.729836584824687 ], [ 101.741559305232727, 12.72983563173406 ], [ 101.741560276135161, 12.729925956628684 ], [ 101.741652287200566, 12.729925003499183 ], [ 101.741653258142946, 12.730015328386138 ], [ 101.741745269233363, 12.73001437521776 ], [ 101.74174624021569, 12.730104700097042 ], [ 101.741470206824602, 12.730107559527443 ], [ 101.741469235939732, 12.730017234627214 ], [ 101.741193202578927, 12.730020093749621 ], [ 101.741192231798976, 12.729929768827759 ], [ 101.741100220696282, 12.729930721797793 ], [ 101.741099249956264, 12.729840396868259 ], [ 101.740915227793451, 12.729842302698682 ], [ 101.740914257125866, 12.729751977754502 ], [ 101.740730234998196, 12.729753883443392 ], [ 101.740731205600795, 12.729844208401531 ], [ 101.740639194493269, 12.729845161205114 ], [ 101.740643076848372, 12.730206461058717 ], [ 101.740735088085827, 12.730205508227215 ], [ 101.740738000027946, 12.73047648308926 ], [ 101.740830011355413, 12.730475530204924 ], [ 101.740830982050198, 12.730565855150582 ], [ 101.740922993402677, 12.730564902227369 ], [ 101.740923964137409, 12.730655227165359 ], [ 101.741199998247581, 12.730652368183405 ], [ 101.741200969087231, 12.730742693099767 ], [ 101.741477003227715, 12.730739833809807 ], [ 101.741476032290592, 12.730649508914389 ], [ 101.741660054948625, 12.730647602575567 ], [ 101.741659083954005, 12.730557277693425 ], [ 101.741751095239323, 12.730556324483151 ], [ 101.741750124219678, 12.730465999607304 ], [ 101.741842135465063, 12.730465046372119 ], [ 101.741840193383169, 12.730284396632328 ], [ 101.741932204556122, 12.730283443379211 ], [ 101.741931233493872, 12.730193118515267 ], [ 101.74183922235342, 12.730194071761399 ] ], [ [ 101.751477542540044, 12.736507775814177 ], [ 101.751476567607497, 12.736417451718898 ], [ 101.751568580244978, 12.736416494665292 ], [ 101.751567605287406, 12.736326170576332 ], [ 101.751751630474899, 12.736324256387398 ], [ 101.75175065545983, 12.736233932311761 ], [ 101.751842668009843, 12.73623297517644 ], [ 101.751841692969748, 12.736142651107127 ], [ 101.752025717982278, 12.736140736754773 ], [ 101.7520247428847, 12.736050412698788 ], [ 101.751748705452158, 12.736053284158428 ], [ 101.751747730459556, 12.73596296008073 ], [ 101.751655717999569, 12.735963917163117 ], [ 101.751654743046956, 12.735873593077716 ], [ 101.7514707181695, 12.735875507132757 ], [ 101.751469743289391, 12.735785183032659 ], [ 101.751377730871937, 12.735786140005308 ], [ 101.751376756031803, 12.735695815897511 ], [ 101.751284743639346, 12.735696772831247 ], [ 101.751283768839215, 12.735606448715755 ], [ 101.751191756471783, 12.735607405610578 ], [ 101.751190781711628, 12.735517081487387 ], [ 101.751098769369207, 12.735518038343294 ], [ 101.751097794649056, 12.735427714212411 ], [ 101.751005782331632, 12.735428671029403 ], [ 101.751004807651469, 12.735338346890828 ], [ 101.750544746114556, 12.735343130462153 ], [ 101.750546695157396, 12.73552377880867 ], [ 101.750638707544738, 12.735522822144208 ], [ 101.750640656682521, 12.735703470473965 ], [ 101.750548644230165, 12.735704427152433 ], [ 101.750550593332889, 12.735885075493444 ], [ 101.750458580808029, 12.735886032154017 ], [ 101.750461504420784, 12.736157004681385 ], [ 101.750369491790948, 12.736157961331063 ], [ 101.750371440838535, 12.736338609693206 ], [ 101.75027942813621, 12.736339566324984 ], [ 101.750282351666243, 12.736610538884049 ], [ 101.750190338858914, 12.736611495504928 ], [ 101.75019326235882, 12.736882468078813 ], [ 101.750285275263664, 12.736881511436916 ], [ 101.750286249811097, 12.736971835619832 ], [ 101.750470275663332, 12.736969922226303 ], [ 101.750471250283269, 12.737060246394515 ], [ 101.750747289102947, 12.737057376043875 ], [ 101.750748263827887, 12.737147700190388 ], [ 101.750932289735246, 12.737145786449725 ], [ 101.750931314945305, 12.737055462317224 ], [ 101.751115340757693, 12.737053548462926 ], [ 101.751113391070248, 12.73687290022389 ], [ 101.751205403900187, 12.736871943262885 ], [ 101.751203454177698, 12.736691295035103 ], [ 101.751295466935161, 12.736690338056205 ], [ 101.751294492052637, 12.736600013948289 ], [ 101.751386504770096, 12.736599056944483 ], [ 101.75138552986256, 12.736508732842884 ], [ 101.751477542540044, 12.736507775814177 ] ], [ [ 101.742454763687121, 12.74464127022206 ], [ 101.74227073105645, 12.744643179172456 ], [ 101.74226975874231, 12.744552854431888 ], [ 101.742085726146826, 12.744554763240592 ], [ 101.742084753905203, 12.74446443848537 ], [ 101.741624672448481, 12.744469209913401 ], [ 101.741623700376962, 12.744378885122575 ], [ 101.741531684095747, 12.744379839305404 ], [ 101.741532656134751, 12.744470164103214 ], [ 101.7409805580956, 12.744475888571525 ], [ 101.740981529946922, 12.744566213410534 ], [ 101.740521447879757, 12.744570982957574 ], [ 101.74052241957591, 12.744661307830796 ], [ 101.7400623371596, 12.744666076614436 ], [ 101.740061365626076, 12.744575751706318 ], [ 101.739877332672393, 12.744577658982291 ], [ 101.739876361211387, 12.74448733405953 ], [ 101.739600311822471, 12.744490194713066 ], [ 101.739599340466512, 12.74439986976868 ], [ 101.739415307568336, 12.744401776697424 ], [ 101.739414336284881, 12.744311451738399 ], [ 101.73923030342192, 12.744313358525467 ], [ 101.739229332210968, 12.744223033551796 ], [ 101.739045299383235, 12.744224940197183 ], [ 101.739044328244788, 12.744134615208873 ], [ 101.738584246207566, 12.744139381228672 ], [ 101.738587159157362, 12.744410356296163 ], [ 101.738771192189787, 12.744408449942188 ], [ 101.738772163253017, 12.744498774949358 ], [ 101.738864179790554, 12.744497821717498 ], [ 101.738865150893773, 12.744588146717005 ], [ 101.73914120055926, 12.744585286808906 ], [ 101.739142171767512, 12.744675611786796 ], [ 101.739326204905595, 12.744673705007783 ], [ 101.73932717618635, 12.744764029971032 ], [ 101.739603225935127, 12.744761169542086 ], [ 101.739604197320929, 12.74485149448372 ], [ 101.739788230514534, 12.744849587357475 ], [ 101.739789201972854, 12.74493991228446 ], [ 101.740709367818582, 12.744930374667476 ], [ 101.74071033960962, 12.745020699523982 ], [ 101.740894372754283, 12.745018791603432 ], [ 101.740895344617854, 12.745109116445292 ], [ 101.741171394376465, 12.745106254304021 ], [ 101.741172366345069, 12.745196579124253 ], [ 101.741356399545225, 12.745194670856444 ], [ 101.741357371586346, 12.74528499566202 ], [ 101.741633421428176, 12.745282132999858 ], [ 101.741634393574344, 12.745372457783802 ], [ 101.74181842682998, 12.745370549168729 ], [ 101.74181939904868, 12.745460873938017 ], [ 101.742003432339487, 12.745458965181239 ], [ 101.74200246005573, 12.745368640425919 ], [ 101.742094476657414, 12.745367686006615 ], [ 101.742093504348603, 12.745277361257587 ], [ 101.742185520910283, 12.745276406813334 ], [ 101.74218357625, 12.745095757327181 ], [ 101.742275592739176, 12.745094802864964 ], [ 101.74227462038769, 12.745004478127838 ], [ 101.742366636836863, 12.745003523640667 ], [ 101.742364692091257, 12.744822874178324 ], [ 101.742456708467913, 12.744821919673191 ], [ 101.742454763687121, 12.74464127022206 ] ], [ [ 101.760897652664354, 12.705605847140397 ], [ 101.760989653470503, 12.70560488909509 ], [ 101.760986725949763, 12.70533391835643 ], [ 101.760894725240846, 12.705334876380645 ], [ 101.760892773662732, 12.705154229204043 ], [ 101.760800773011141, 12.70515518718237 ], [ 101.760799797265776, 12.705064863586003 ], [ 101.760891797884952, 12.705063905614708 ], [ 101.760886919108714, 12.704612287657728 ], [ 101.760978919558312, 12.704611329689758 ], [ 101.760977943793179, 12.704521006103327 ], [ 101.761069944202859, 12.70452004811056 ], [ 101.761068968412829, 12.704429724530474 ], [ 101.761160968782562, 12.704428766512912 ], [ 101.761159992967634, 12.704338442939171 ], [ 101.761251993297464, 12.704337484896815 ], [ 101.761251017457639, 12.704247161329418 ], [ 101.761343017747535, 12.704246203262263 ], [ 101.761340090175892, 12.703975232577044 ], [ 101.76097208936018, 12.70397906457033 ], [ 101.760971113647642, 12.703888740979089 ], [ 101.760879113457349, 12.703889698890819 ], [ 101.760880089137473, 12.703980022489088 ], [ 101.760788088907262, 12.703980980376025 ], [ 101.760789064562488, 12.704071303980637 ], [ 101.760697064292344, 12.704072261842775 ], [ 101.760699015560505, 12.704252909064 ], [ 101.760607015218028, 12.704253866908372 ], [ 101.760607990830962, 12.704344190524983 ], [ 101.760515990448567, 12.704345148344562 ], [ 101.760516966036604, 12.704435471967512 ], [ 101.760424965614263, 12.704436429762296 ], [ 101.76042691674806, 12.704617077020197 ], [ 101.760334916253385, 12.704618034797212 ], [ 101.760335891799116, 12.704708358432161 ], [ 101.760243891264537, 12.704709316184378 ], [ 101.760244866785371, 12.704799639825668 ], [ 101.760152866210859, 12.704800597553087 ], [ 101.760154817210235, 12.704981244847659 ], [ 101.760062816563391, 12.704982202557309 ], [ 101.760063792041933, 12.705072526210595 ], [ 101.759971791355156, 12.705073483895442 ], [ 101.759972766808787, 12.705163807555069 ], [ 101.759880766082077, 12.705164765215116 ], [ 101.759882716947047, 12.705345412546363 ], [ 101.759790716148004, 12.705346370188639 ], [ 101.759791691559343, 12.705436693860257 ], [ 101.759607689873889, 12.70543860906338 ], [ 101.759608665227901, 12.705528932748367 ], [ 101.759516664341504, 12.705529890309212 ], [ 101.759517639670605, 12.705620214000541 ], [ 101.759425638744275, 12.705621171536583 ], [ 101.759426614048479, 12.705711495234246 ], [ 101.759334613082231, 12.705712452745487 ], [ 101.759335588361509, 12.705802776449493 ], [ 101.759151586341645, 12.705804691390535 ], [ 101.75915256156361, 12.70589501510791 ], [ 101.759060560509994, 12.705895972537711 ], [ 101.759061535707048, 12.705986296261422 ], [ 101.758601530164313, 12.705991082968117 ], [ 101.758602505206767, 12.706081406726261 ], [ 101.758418502872303, 12.706083321200177 ], [ 101.758419477857444, 12.706173644971686 ], [ 101.758235475428123, 12.706175559332328 ], [ 101.758236450355923, 12.706265883117196 ], [ 101.758788457748352, 12.706260139611153 ], [ 101.758787482626033, 12.706169815868433 ], [ 101.758879483799419, 12.706168858513044 ], [ 101.758878508652188, 12.706078534776662 ], [ 101.759522516428746, 12.706071832446856 ], [ 101.759521541062099, 12.705981508758967 ], [ 101.760073547240381, 12.705975762705634 ], [ 101.760072571686734, 12.705885439059223 ], [ 101.760808579244539, 12.70587777592853 ], [ 101.76080955505752, 12.705968099518707 ], [ 101.760993556936683, 12.705966183403676 ], [ 101.760995508714842, 12.706146830553843 ], [ 101.761179510693637, 12.706144914283367 ], [ 101.76118048665883, 12.706235237843361 ], [ 101.761272487669359, 12.706234279653346 ], [ 101.761273463674485, 12.706324603205621 ], [ 101.761549466758282, 12.7063217284235 ], [ 101.761548490655912, 12.706231404892321 ], [ 101.761456489667907, 12.706232363177827 ], [ 101.76145160943085, 12.705780745476469 ], [ 101.761267607756466, 12.705782661881672 ], [ 101.761266631796431, 12.705692338325273 ], [ 101.761082630156849, 12.705694254589099 ], [ 101.761083606052054, 12.705784578159559 ], [ 101.760991605188565, 12.705785536250756 ], [ 101.760990629325789, 12.705695212673266 ], [ 101.760898628487212, 12.705696170725606 ], [ 101.760897652664354, 12.705605847140397 ] ], [ [ 101.761600052588349, 12.719509915914136 ], [ 101.761601029762957, 12.719600239351228 ], [ 101.761693035551545, 12.719599280024941 ], [ 101.761694012766142, 12.719689603454309 ], [ 101.761970030184187, 12.71968672526315 ], [ 101.761969052872217, 12.719596401854883 ], [ 101.761877047106182, 12.719597361276767 ], [ 101.761873138063351, 12.719236067608671 ], [ 101.761781132419614, 12.719237026970557 ], [ 101.761778200813765, 12.71896605669116 ], [ 101.761686195259855, 12.718967016000082 ], [ 101.761685218105399, 12.718876692565207 ], [ 101.761409201495965, 12.7188795702797 ], [ 101.761410178553078, 12.718969893735673 ], [ 101.760674133671003, 12.718977566295253 ], [ 101.760675110476001, 12.719067889806784 ], [ 101.76058310479948, 12.719068848740378 ], [ 101.760584081579523, 12.719159172258252 ], [ 101.760308064407525, 12.719162048888933 ], [ 101.760307087724826, 12.719071725349968 ], [ 101.760123076304168, 12.719073642930375 ], [ 101.760124052921952, 12.719163966483398 ], [ 101.760032047167897, 12.719164925232837 ], [ 101.760034976968953, 12.719435895908859 ], [ 101.760126982820367, 12.719434937138336 ], [ 101.76012893612355, 12.719615584238188 ], [ 101.760220942032362, 12.719614625421743 ], [ 101.760223872140827, 12.719885596045268 ], [ 101.760315878139494, 12.719884637175872 ], [ 101.760316854889794, 12.719974960708642 ], [ 101.760408860913401, 12.719974001800347 ], [ 101.760409837703676, 12.720064325325399 ], [ 101.760501843752223, 12.720063366378211 ], [ 101.760500866929505, 12.719973042860188 ], [ 101.760592872938091, 12.719972083888161 ], [ 101.760589942417624, 12.719701113351052 ], [ 101.76068194832132, 12.719700154368251 ], [ 101.760682925186416, 12.719790477874279 ], [ 101.760774931115066, 12.719789518852579 ], [ 101.760775908020136, 12.71987984235089 ], [ 101.761327943628956, 12.719874087509334 ], [ 101.761324035274839, 12.719512793680718 ], [ 101.761600052588349, 12.719509915914136 ] ], [ [ 101.772573212910672, 12.721653597960259 ], [ 101.772665218582063, 12.721652634672655 ], [ 101.772662274854099, 12.721381666945677 ], [ 101.772202246908563, 12.721386482959092 ], [ 101.772203227981379, 12.72147680557074 ], [ 101.771927211026124, 12.721479694817543 ], [ 101.771928192009113, 12.721570017449681 ], [ 101.771376157700203, 12.721575795125172 ], [ 101.771375176911974, 12.72148547245069 ], [ 101.771283171199883, 12.721486435278003 ], [ 101.771285132718958, 12.721667080640401 ], [ 101.771469144265438, 12.72166515492567 ], [ 101.771470125101203, 12.721755477591717 ], [ 101.771562130895603, 12.721754514679493 ], [ 101.771563111771357, 12.721844837337795 ], [ 101.771839129206654, 12.721841948388722 ], [ 101.771841091175588, 12.722022593660913 ], [ 101.771933097037177, 12.722021630600031 ], [ 101.771934078065414, 12.722111953228035 ], [ 101.772026083951928, 12.722110990128222 ], [ 101.772028046095969, 12.722291635368046 ], [ 101.772120052039853, 12.722290672222245 ], [ 101.772121033155656, 12.722380994834065 ], [ 101.772213039124452, 12.722380031649333 ], [ 101.772218926172457, 12.722921967263421 ], [ 101.772402938476972, 12.722920040713628 ], [ 101.772404901016515, 12.723100685884573 ], [ 101.772680919611474, 12.723097795778479 ], [ 101.772676994173011, 12.722736505518556 ], [ 101.77276900022639, 12.722735542114355 ], [ 101.772768018853185, 12.722645219554714 ], [ 101.772676012832264, 12.722646182951854 ], [ 101.772670124946231, 12.722104247537169 ], [ 101.772578119112538, 12.722105210860077 ], [ 101.77257713785707, 12.722014888281491 ], [ 101.772485132048288, 12.722015851565464 ], [ 101.772484150832838, 12.721925528979128 ], [ 101.772576156609148, 12.721924565702214 ], [ 101.772573212910672, 12.721653597960259 ] ], [ [ 101.764492705205939, 12.757148737400106 ], [ 101.764491724024609, 12.757058414439738 ], [ 101.764399704941397, 12.757059377516004 ], [ 101.764397742666446, 12.756878731579121 ], [ 101.764213704607656, 12.75688065760761 ], [ 101.764214685676251, 12.756970980590479 ], [ 101.764122666603015, 12.756971943563821 ], [ 101.764123647646571, 12.757062266553039 ], [ 101.764031628533246, 12.757063229501457 ], [ 101.764032609551776, 12.75715355249703 ], [ 101.763940590398363, 12.757154515420527 ], [ 101.763941571391854, 12.757244838422446 ], [ 101.763849552198366, 12.757245801321021 ], [ 101.763850533166831, 12.75733612432929 ], [ 101.763758513933254, 12.75733708720294 ], [ 101.76375949487668, 12.757427410217559 ], [ 101.763575456321817, 12.757429335883053 ], [ 101.763580360826282, 12.757880951016167 ], [ 101.76376439970673, 12.757879025280284 ], [ 101.763765380695332, 12.757969348290757 ], [ 101.763857400156837, 12.757968385367832 ], [ 101.763856419135678, 12.757878062364394 ], [ 101.764132477377345, 12.757875173424949 ], [ 101.764133458496175, 12.757965496407266 ], [ 101.764317497351442, 12.757963570273736 ], [ 101.764318478542918, 12.75805389324128 ], [ 101.764594536867051, 12.758051003780132 ], [ 101.764592574296259, 12.757870357886596 ], [ 101.764684593657449, 12.757869394683034 ], [ 101.76468361235078, 12.75777907174227 ], [ 101.764775631671895, 12.757778108513786 ], [ 101.764771706390263, 12.757416816772 ], [ 101.764679687199404, 12.757417779972318 ], [ 101.764678705930379, 12.757327457028103 ], [ 101.764586686764531, 12.757328420189417 ], [ 101.76458472431419, 12.757147774284835 ], [ 101.764492705205939, 12.757148737400106 ] ], [ [ 101.783458754249494, 12.741051128339857 ], [ 101.783457767630154, 12.740960806727442 ], [ 101.783365755843974, 12.740961775203839 ], [ 101.783364769264722, 12.740871453583647 ], [ 101.78318074573464, 12.740873390426504 ], [ 101.783179759227991, 12.740783068791448 ], [ 101.783087747484103, 12.740784037157912 ], [ 101.783086761017529, 12.740693715515077 ], [ 101.782994749298567, 12.740694683842536 ], [ 101.782993762872096, 12.74060436219192 ], [ 101.782901751178073, 12.740605330480378 ], [ 101.782900764791677, 12.740515008821985 ], [ 101.782808753122595, 12.740515977071434 ], [ 101.78279889000045, 12.739612760378668 ], [ 101.782614867289723, 12.739614696640084 ], [ 101.782615853502833, 12.73970501832664 ], [ 101.7825238421036, 12.739705986416567 ], [ 101.78252877312022, 12.740157594874425 ], [ 101.782436761550869, 12.740158562967864 ], [ 101.782438733945526, 12.740339206360348 ], [ 101.782346722303586, 12.74034017443604 ], [ 101.782347708479762, 12.740430496138332 ], [ 101.782255696797733, 12.740431464189196 ], [ 101.782257669107793, 12.74061210760588 ], [ 101.782165657353161, 12.740613075638995 ], [ 101.782166643487045, 12.740703397353387 ], [ 101.782442678825731, 12.74070049313703 ], [ 101.782443665064719, 12.740790814829474 ], [ 101.78262768865099, 12.740788878511474 ], [ 101.782628674962567, 12.740879200189054 ], [ 101.782720686776855, 12.740878231975092 ], [ 101.78272167312852, 12.740968553644896 ], [ 101.782905696799389, 12.740966617107039 ], [ 101.782906683223658, 12.741056938761981 ], [ 101.782998695080238, 12.74105597043809 ], [ 101.782999681544595, 12.741146292085251 ], [ 101.783183705300061, 12.741144355327538 ], [ 101.783184691837008, 12.741234676959834 ], [ 101.783460727510899, 12.74123177156261 ], [ 101.783461714152978, 12.741322093172954 ], [ 101.783553726061641, 12.741321124636285 ], [ 101.783554712743793, 12.741411446238848 ], [ 101.783646724677396, 12.741410477663173 ], [ 101.783647711399638, 12.741500799257953 ], [ 101.783739723358167, 12.741499830643267 ], [ 101.783741696890431, 12.741680473816587 ], [ 101.783833708906414, 12.741679505155805 ], [ 101.783834695716408, 12.741769826734338 ], [ 101.783650671611866, 12.741771764038159 ], [ 101.783652645124576, 12.741952407221511 ], [ 101.783836669359175, 12.741950469889332 ], [ 101.783835682534004, 12.741860148312178 ], [ 101.783927694607428, 12.741859179605298 ], [ 101.783921773620477, 12.741317250170425 ], [ 101.78382976174214, 12.741318218834769 ], [ 101.783828774970004, 12.741227897252784 ], [ 101.783736763116607, 12.741228865878117 ], [ 101.783735776384574, 12.741138544288351 ], [ 101.783551752720044, 12.74114048142909 ], [ 101.783550766060614, 12.741050159824455 ], [ 101.783458754249494, 12.741051128339857 ] ], [ [ 101.780889320637655, 12.741710486468515 ], [ 101.78088734912123, 12.741529842855886 ], [ 101.780795336927895, 12.741530810481059 ], [ 101.780794351213558, 12.741440488666631 ], [ 101.780702339045163, 12.741441456252806 ], [ 101.780701353370901, 12.741351134430602 ], [ 101.780609341227461, 12.741352101977773 ], [ 101.780608355593287, 12.741261780147797 ], [ 101.780516343474787, 12.74126274765597 ], [ 101.780515357880688, 12.741172425818222 ], [ 101.780331333686007, 12.741174360724647 ], [ 101.780330348164497, 12.741084038872048 ], [ 101.780238336088317, 12.741085006270303 ], [ 101.780237350606896, 12.740994684409932 ], [ 101.779869302356545, 12.740998553655441 ], [ 101.779867331676485, 12.740817909875991 ], [ 101.779683307635963, 12.740819844278919 ], [ 101.779681337116216, 12.740639200468387 ], [ 101.779497313175455, 12.740641134715325 ], [ 101.779496327991964, 12.740550812794869 ], [ 101.779128280149692, 12.740554680877423 ], [ 101.779127295103791, 12.740464358927962 ], [ 101.77894327120228, 12.740466292763582 ], [ 101.778942286228983, 12.740375970799276 ], [ 101.778206190580448, 12.740383704808446 ], [ 101.778205205874798, 12.740293382786842 ], [ 101.778021181952042, 12.740295315955811 ], [ 101.77802019731898, 12.74020499391937 ], [ 101.777744161475653, 12.740207893412229 ], [ 101.777743176947695, 12.740117571353869 ], [ 101.777375129180783, 12.740121436869218 ], [ 101.7773770979842, 12.740302081041829 ], [ 101.777469110002286, 12.74030111469672 ], [ 101.777470094447864, 12.740391436774923 ], [ 101.777562106490905, 12.740390470390821 ], [ 101.777563090976543, 12.740480792461257 ], [ 101.777931139203119, 12.740476926577392 ], [ 101.777932123826375, 12.740567248618843 ], [ 101.778208160014444, 12.740564348849587 ], [ 101.778209144742775, 12.74065467086912 ], [ 101.778393168895363, 12.740652737515877 ], [ 101.778394153696283, 12.740743059520568 ], [ 101.778854214107938, 12.740738225543518 ], [ 101.77885519907899, 12.740828547512141 ], [ 101.779407271518394, 12.74082274564392 ], [ 101.779408256692079, 12.740913067569387 ], [ 101.779592280843033, 12.740911133343809 ], [ 101.779593266089307, 12.741001455254429 ], [ 101.779777290275035, 12.740999520887023 ], [ 101.779778275593898, 12.741089842782792 ], [ 101.779962299814372, 12.741087908273553 ], [ 101.779963285205824, 12.741178230154471 ], [ 101.780147309461057, 12.741176295503399 ], [ 101.780148294925098, 12.741266617369469 ], [ 101.780240307073882, 12.741265649988971 ], [ 101.78024326360898, 12.741536615561801 ], [ 101.780335275847719, 12.741535648128144 ], [ 101.780337246973986, 12.741716291825751 ], [ 101.780245234670204, 12.741717259273569 ], [ 101.780244249135805, 12.741626937418028 ], [ 101.780152236856978, 12.741627904826844 ], [ 101.780151251362668, 12.741537582963538 ], [ 101.779967226847333, 12.741539517671251 ], [ 101.779969197713484, 12.741720161425501 ], [ 101.780153222358877, 12.741718226689466 ], [ 101.780154207868335, 12.741808548551393 ], [ 101.780062195516905, 12.741809515942451 ], [ 101.780063181001424, 12.741899837810768 ], [ 101.779971168609904, 12.741900805176982 ], [ 101.779976095983443, 12.742352414543618 ], [ 101.78025213362298, 12.742349512243004 ], [ 101.780251148035589, 12.7422591903923 ], [ 101.780343160534457, 12.742258222902 ], [ 101.780342174922126, 12.742167901057684 ], [ 101.780526199832096, 12.742165965995477 ], [ 101.780524228500084, 12.741985322333097 ], [ 101.780616240878686, 12.741984354768274 ], [ 101.780614269511915, 12.741803711117297 ], [ 101.780706281817928, 12.741802743534718 ], [ 101.780705296113368, 12.741712421715276 ], [ 101.780889320637655, 12.741710486468515 ] ], [ [ 101.786888738963228, 12.760165324912643 ], [ 101.786612683586412, 12.760168238132385 ], [ 101.786609715804886, 12.75989727441349 ], [ 101.786517697428479, 12.759898245401509 ], [ 101.786515719010524, 12.75971760290459 ], [ 101.786423700691643, 12.759718573846452 ], [ 101.78642172236917, 12.759537931332579 ], [ 101.786237685838898, 12.759539873092011 ], [ 101.786236696754159, 12.759449551819847 ], [ 101.786144678510212, 12.759450522644521 ], [ 101.786143689465632, 12.759360201364563 ], [ 101.786051671246653, 12.759361172150179 ], [ 101.786052660258662, 12.759451493437229 ], [ 101.785960641999537, 12.75945246419797 ], [ 101.785961630986577, 12.759542785491426 ], [ 101.785777594380434, 12.759544726931207 ], [ 101.785779572247023, 12.759725369544425 ], [ 101.785687553867433, 12.759726340230555 ], [ 101.785688542779553, 12.759816661543219 ], [ 101.785596524359832, 12.759817632204481 ], [ 101.785598502141681, 12.759998274841927 ], [ 101.785690520626531, 12.759997304166477 ], [ 101.785692498503849, 12.760177946786969 ], [ 101.785784517046253, 12.760176976065367 ], [ 101.785785506028844, 12.760267297367479 ], [ 101.785877524596216, 12.760266326606811 ], [ 101.785879502649323, 12.760446969194772 ], [ 101.785971521274234, 12.760445998387947 ], [ 101.785972510344735, 12.760536319673795 ], [ 101.786064528994629, 12.760535348827906 ], [ 101.786065518105275, 12.760625670105968 ], [ 101.786157536780152, 12.760624699221012 ], [ 101.786159515089324, 12.760805341760868 ], [ 101.786251533821741, 12.760804370829756 ], [ 101.786252523020281, 12.760894692091549 ], [ 101.786436560527491, 12.760892750119218 ], [ 101.786437549798748, 12.76098307136613 ], [ 101.786621587340747, 12.76098112925173 ], [ 101.786620598004347, 12.760890808019012 ], [ 101.786712616731407, 12.760889836920953 ], [ 101.786711627370039, 12.760799515694645 ], [ 101.786803646056924, 12.760798544571719 ], [ 101.786802656670588, 12.760708223351813 ], [ 101.786986693956464, 12.760706281024241 ], [ 101.786984715076287, 12.76052563861075 ], [ 101.787076733642721, 12.760524667413206 ], [ 101.787074754727769, 12.760344025011147 ], [ 101.786890717717569, 12.760345967345868 ], [ 101.786888738963228, 12.760165324912643 ] ], [ [ 101.783502750818954, 12.770318206626952 ], [ 101.782766571499863, 12.770325971206484 ], [ 101.782767560224016, 12.770416292672223 ], [ 101.782583515253251, 12.770418233511338 ], [ 101.782584503919793, 12.770508554990563 ], [ 101.782492481390463, 12.770509525369219 ], [ 101.782496436002049, 12.770870811307539 ], [ 101.782588458661763, 12.770869840900538 ], [ 101.782589447366192, 12.770960162376301 ], [ 101.782681470050932, 12.770959191930217 ], [ 101.782684436307477, 12.771230156332095 ], [ 101.782776459082427, 12.771229185832752 ], [ 101.782777447882353, 12.771319507291572 ], [ 101.782869470682314, 12.771318536753144 ], [ 101.782872437225393, 12.771589501104193 ], [ 101.782964460115551, 12.771588530512506 ], [ 101.782963471227674, 12.771498209069936 ], [ 101.783239539754888, 12.771495297124156 ], [ 101.783238550776815, 12.771404975702159 ], [ 101.783422596358534, 12.771403034259164 ], [ 101.783420618294727, 12.771222391441453 ], [ 101.783512641009025, 12.771221420686141 ], [ 101.783510662910373, 12.77104077787984 ], [ 101.783602685551898, 12.771039807106707 ], [ 101.783595762217217, 12.770407557312481 ], [ 101.783503739803848, 12.770408528035986 ], [ 101.783502750818954, 12.770318206626952 ] ], [ [ 101.790422171594869, 12.721466123555981 ], [ 101.790514175797682, 12.721465154085976 ], [ 101.790513188250642, 12.721374832885175 ], [ 101.790605192413395, 12.721373863390406 ], [ 101.790597292050805, 12.720651293816013 ], [ 101.790505288147685, 12.720652263253935 ], [ 101.790504300668985, 12.720561942046924 ], [ 101.790412296790748, 12.720562911445874 ], [ 101.790411309352095, 12.720472590231067 ], [ 101.790319305498699, 12.720473559591044 ], [ 101.790318318100105, 12.720383238368445 ], [ 101.790134310435434, 12.720385176978597 ], [ 101.79013233579083, 12.720204534502905 ], [ 101.790224339562045, 12.720203565227969 ], [ 101.790222364882922, 12.720022922763734 ], [ 101.790130361176594, 12.720023892024455 ], [ 101.790126412039257, 12.719662607059281 ], [ 101.790218415615769, 12.719661637826976 ], [ 101.790214466470104, 12.719300352879184 ], [ 101.790030459569124, 12.719302291255088 ], [ 101.790031446779238, 12.719392612507285 ], [ 101.789847439782974, 12.71939455076995 ], [ 101.789848426935777, 12.719484872035663 ], [ 101.789756423393811, 12.719485841126311 ], [ 101.789758397657309, 12.719666483669874 ], [ 101.789850401264175, 12.719665514565017 ], [ 101.789852375622957, 12.719846157091611 ], [ 101.789944379287149, 12.719845187940688 ], [ 101.789948328225606, 12.720206472957186 ], [ 101.790040332012012, 12.720205503745976 ], [ 101.79004329389295, 12.720476467479793 ], [ 101.789951290009171, 12.720477436712315 ], [ 101.789952277285551, 12.720567757962648 ], [ 101.789860273361739, 12.720568727170409 ], [ 101.789863235139052, 12.720839690938572 ], [ 101.789587223029955, 12.720842598434603 ], [ 101.789586235860625, 12.720752277157928 ], [ 101.789494231841516, 12.720753246252434 ], [ 101.789495218978402, 12.720843567536216 ], [ 101.789403214919261, 12.720844536605965 ], [ 101.789404202031278, 12.720934857896161 ], [ 101.789312197932091, 12.720935826941146 ], [ 101.789313185019239, 12.721026148237755 ], [ 101.789221180880006, 12.721027117257973 ], [ 101.789230064713834, 12.721840008960333 ], [ 101.789322069145172, 12.721839039876185 ], [ 101.789323056308248, 12.721929361165897 ], [ 101.789691074087543, 12.72192548448221 ], [ 101.78969008679465, 12.721835163220913 ], [ 101.78978209118803, 12.721834193977426 ], [ 101.789774192858559, 12.721111623919056 ], [ 101.789866196984704, 12.721110654700531 ], [ 101.78986817158642, 12.721291297205056 ], [ 101.789960175769892, 12.721290327940459 ], [ 101.789965112569362, 12.721741934154174 ], [ 101.790333129876416, 12.72173805663502 ], [ 101.790332142371511, 12.72164773542208 ], [ 101.790424146646828, 12.721646765969727 ], [ 101.790422171594869, 12.721466123555981 ] ], [ [ 101.792090103861725, 12.722532521125999 ], [ 101.792089115671729, 12.722442200054317 ], [ 101.791997111241017, 12.722443170144265 ], [ 101.791996123091081, 12.72235284906478 ], [ 101.791812114271792, 12.722354789134855 ], [ 101.791813102356798, 12.722445110228557 ], [ 101.791629093442182, 12.722447050185375 ], [ 101.791630081469876, 12.72253737129261 ], [ 101.791446072459948, 12.722539311136167 ], [ 101.791447060430329, 12.722629632256927 ], [ 101.79135505588151, 12.722630602138009 ], [ 101.791358019740812, 12.722901565517475 ], [ 101.791450024387018, 12.722900595615068 ], [ 101.791451012387768, 12.722990916733067 ], [ 101.791543017058828, 12.722989946791682 ], [ 101.791544005099652, 12.723080267901885 ], [ 101.791636009795567, 12.723079297921517 ], [ 101.791637985964911, 12.723259940125635 ], [ 101.791729990718181, 12.723258970099181 ], [ 101.791731966982837, 12.723439612286317 ], [ 101.791915976596385, 12.723437672109357 ], [ 101.791917953021297, 12.723618314265298 ], [ 101.792009957881589, 12.723617344114789 ], [ 101.792010946137907, 12.723707665184614 ], [ 101.792102951023068, 12.723706694995125 ], [ 101.792104927623413, 12.723887337118487 ], [ 101.79238094242811, 12.72388442631612 ], [ 101.792379954026742, 12.723794105276113 ], [ 101.792471958913978, 12.723793134952022 ], [ 101.792468005254676, 12.723431850813549 ], [ 101.792376000497299, 12.723432821109196 ], [ 101.792373035430003, 12.723161857976761 ], [ 101.79228103076241, 12.723162828219204 ], [ 101.792275101027784, 12.722620901893045 ], [ 101.792183096547333, 12.722621872060955 ], [ 101.792182108317292, 12.722531550997068 ], [ 101.792090103861725, 12.722532521125999 ] ], [ [ 101.792593621088372, 12.726501795069318 ], [ 101.792591643722588, 12.726321153057095 ], [ 101.792775655277168, 12.726319211851301 ], [ 101.792774666540737, 12.726228890858376 ], [ 101.792866672274158, 12.726227920214772 ], [ 101.792865683512858, 12.726137599228268 ], [ 101.792957689206219, 12.726136628559898 ], [ 101.792956700420035, 12.726046307579818 ], [ 101.793140711719005, 12.726044366161666 ], [ 101.793139722875495, 12.72595404519512 ], [ 101.793323734079124, 12.725952103663682 ], [ 101.793321756285039, 12.725771461756969 ], [ 101.793413761810484, 12.725770490957659 ], [ 101.793412772892395, 12.725680170010381 ], [ 101.793504778377795, 12.725679199186308 ], [ 101.793503789434823, 12.725588878245453 ], [ 101.793595794880133, 12.725587907396616 ], [ 101.793594805912292, 12.725497586462184 ], [ 101.793686811317556, 12.725496615588581 ], [ 101.793685822324846, 12.725406294660576 ], [ 101.793869833047623, 12.725404352831976 ], [ 101.793868843997586, 12.725314031917506 ], [ 101.793960849315098, 12.725313060962502 ], [ 101.793959860240193, 12.725222740054457 ], [ 101.794051865517631, 12.725221769074693 ], [ 101.794049887325727, 12.725041127270767 ], [ 101.793957882113219, 12.725042098236301 ], [ 101.793956893061122, 12.724951777326186 ], [ 101.793864887873482, 12.724952748252729 ], [ 101.793863898861474, 12.724862427334809 ], [ 101.79377189369869, 12.724863398222361 ], [ 101.793770904726742, 12.724773077296639 ], [ 101.793678899588812, 12.724774048145202 ], [ 101.793677910656939, 12.724683727211676 ], [ 101.793585905543878, 12.724684698021248 ], [ 101.793586894443294, 12.724775018961891 ], [ 101.793402884129435, 12.724776960499641 ], [ 101.793403872971524, 12.724867281453822 ], [ 101.793311867770726, 12.724868252181999 ], [ 101.793312856587946, 12.724958573142603 ], [ 101.793128846098611, 12.724960514517555 ], [ 101.793129834858505, 12.725050835491695 ], [ 101.792945824273829, 12.725052776753369 ], [ 101.792946812976382, 12.725143097741041 ], [ 101.792762802296366, 12.725145038889437 ], [ 101.792763790941592, 12.725235359890643 ], [ 101.792671785557729, 12.725236330424142 ], [ 101.792672774178087, 12.725326651431772 ], [ 101.792580768754135, 12.725327621940501 ], [ 101.792581757349623, 12.72541794295455 ], [ 101.792397746414011, 12.725419883890604 ], [ 101.792398734952158, 12.725510204918185 ], [ 101.792214723921205, 12.725512145740954 ], [ 101.792215712402026, 12.725602466782064 ], [ 101.792123706842688, 12.725603437152744 ], [ 101.792125683762194, 12.725784079247122 ], [ 101.792033678130309, 12.725785049600141 ], [ 101.792034666568995, 12.725875370653407 ], [ 101.79194266089705, 12.725876340981657 ], [ 101.791943649310866, 12.725966662041342 ], [ 101.792035655015269, 12.72596569170598 ], [ 101.79203763193064, 12.726146333809051 ], [ 101.792405654932068, 12.726142452091938 ], [ 101.792406643531024, 12.726232773113997 ], [ 101.792498649294856, 12.72623180259791 ], [ 101.792499637933872, 12.726322123612174 ], [ 101.792407632137582, 12.72632309413537 ], [ 101.792408620751743, 12.726413415156049 ], [ 101.792316614915364, 12.726414385654477 ], [ 101.792317603504657, 12.726504706681581 ], [ 101.792225597628217, 12.726505677155243 ], [ 101.792226586192641, 12.726595998188765 ], [ 101.79241059800286, 12.726594057195339 ], [ 101.792409609373507, 12.726503736176038 ], [ 101.792593621088372, 12.726501795069318 ] ], [ [ 101.793865876893108, 12.72504306916996 ], [ 101.793681866430077, 12.725045010941649 ], [ 101.793680877475381, 12.72495469001019 ], [ 101.793864887873482, 12.724952748252729 ], [ 101.793865876893108, 12.72504306916996 ] ], [ [ 101.792404666340715, 12.726052131069187 ], [ 101.79258867773089, 12.726050190033577 ], [ 101.792589666387187, 12.726140511042107 ], [ 101.792405654932068, 12.726142452091938 ], [ 101.792404666340715, 12.726052131069187 ] ], [ [ 101.792861728543656, 12.72577631527535 ], [ 101.792860739820355, 12.725685994285399 ], [ 101.792952745351357, 12.725685023652586 ], [ 101.792953734107115, 12.725775344635432 ], [ 101.792861728543656, 12.72577631527535 ] ], [ [ 101.793133789974078, 12.725412119381346 ], [ 101.793132801183788, 12.725321798409967 ], [ 101.793224806562108, 12.725320827709977 ], [ 101.793223817746963, 12.725230506745021 ], [ 101.793315823085223, 12.725229536020271 ], [ 101.793316811932854, 12.725319856978112 ], [ 101.793408817295969, 12.725318886214369 ], [ 101.793409806183675, 12.725409207164409 ], [ 101.793317800788074, 12.725410177935265 ], [ 101.793319778521351, 12.725590819847495 ], [ 101.793227773053204, 12.725591790600701 ], [ 101.793228761898774, 12.725682111562897 ], [ 101.793136756390567, 12.725683082291338 ], [ 101.793135767577482, 12.725592761322028 ], [ 101.792951756603188, 12.725594702669056 ], [ 101.792950767862635, 12.725504381684834 ], [ 101.793042773321105, 12.725503411034371 ], [ 101.793041784555669, 12.725413090056573 ], [ 101.793133789974078, 12.725412119381346 ] ], [ [ 101.79340683954338, 12.72513824431222 ], [ 101.793590850116971, 12.725136302717559 ], [ 101.7935918390544, 12.72522662365475 ], [ 101.793499833738949, 12.725227594475131 ], [ 101.793500822651495, 12.725317915418749 ], [ 101.793408817295969, 12.725318886214369 ], [ 101.79340683954338, 12.72513824431222 ] ], [ [ 101.793271289450146, 12.729565912284258 ], [ 101.793639316992397, 12.729562027828186 ], [ 101.793638327690005, 12.729471706924128 ], [ 101.793730334524071, 12.729470735737504 ], [ 101.793729345196809, 12.729380414839873 ], [ 101.7938213519908, 12.729379443628476 ], [ 101.793819373294127, 12.729198801845365 ], [ 101.794003386729386, 12.729196859355374 ], [ 101.794001407933209, 12.729016217597962 ], [ 101.793909401284338, 12.729017188844672 ], [ 101.793908411930133, 12.728926867957815 ], [ 101.793724398674541, 12.728928810341351 ], [ 101.793722420118854, 12.728748168537111 ], [ 101.793538406962753, 12.728750110764643 ], [ 101.793539396171823, 12.728840431681338 ], [ 101.793263376283207, 12.728843344804835 ], [ 101.793262387171552, 12.728753023866803 ], [ 101.793446400373284, 12.728751081830582 ], [ 101.793445411204289, 12.728660760906086 ], [ 101.793169391487709, 12.728663673891248 ], [ 101.793168402423746, 12.728573352944718 ], [ 101.793260408971051, 12.728572381988664 ], [ 101.79325744172732, 12.728301419166275 ], [ 101.793349448169607, 12.728300448199672 ], [ 101.793348459071098, 12.728210127264612 ], [ 101.793532471867906, 12.728208185249981 ], [ 101.793531482712055, 12.728117864328457 ], [ 101.793807501752823, 12.728114951088726 ], [ 101.793806512507146, 12.728024630187853 ], [ 101.793898518806373, 12.72802365905129 ], [ 101.793897529535826, 12.727933338156838 ], [ 101.793989535794978, 12.727932366995507 ], [ 101.793988546499563, 12.727842046107483 ], [ 101.793896540272868, 12.727843017261698 ], [ 101.79389456176979, 12.727662375469347 ], [ 101.79380255560045, 12.727663346577451 ], [ 101.793801566392773, 12.727573025673122 ], [ 101.79361755409623, 12.727574967779457 ], [ 101.793618543238949, 12.727665288698011 ], [ 101.793434530847037, 12.727667230691047 ], [ 101.793435519932416, 12.727757551623135 ], [ 101.793343513692577, 12.727758522578938 ], [ 101.793344502753072, 12.727848843517455 ], [ 101.793252496473158, 12.72784981444849 ], [ 101.793255463602847, 12.728120777281232 ], [ 101.793163457217901, 12.728121748201726 ], [ 101.793164446243878, 12.728212069151702 ], [ 101.792704414042774, 12.728216923311463 ], [ 101.792706391792748, 12.728397565280474 ], [ 101.792522378729203, 12.728399506749636 ], [ 101.792523367550643, 12.72848982774733 ], [ 101.792339354391729, 12.728491769103174 ], [ 101.792340343155828, 12.728582090114399 ], [ 101.792432349771559, 12.728581119445309 ], [ 101.792434327387483, 12.728761761451468 ], [ 101.792342320706794, 12.728762732134784 ], [ 101.792341331927503, 12.728672411124938 ], [ 101.79215731860829, 12.728674352381685 ], [ 101.792158307322637, 12.728764673405751 ], [ 101.791974293908069, 12.728766614549176 ], [ 101.791976271229615, 12.728947256623679 ], [ 101.791792257654748, 12.728949197668003 ], [ 101.791793246261975, 12.729039518718439 ], [ 101.791885253085695, 12.729038548205107 ], [ 101.791886241732982, 12.729128869247743 ], [ 101.791794234876804, 12.729129839768179 ], [ 101.791795223499221, 12.729220160817233 ], [ 101.791887230387871, 12.729219190289685 ], [ 101.791889207720473, 12.729399832371504 ], [ 101.791981214666507, 12.729398861797851 ], [ 101.791982203376662, 12.729489182830616 ], [ 101.792074210347579, 12.729488212217962 ], [ 101.792075199097809, 12.729578533242927 ], [ 101.792167206093609, 12.729577562591279 ], [ 101.792165228535751, 12.729396920554883 ], [ 101.792257235458962, 12.729395949885568 ], [ 101.792256246658965, 12.729305628873441 ], [ 101.792348253542102, 12.72930465817935 ], [ 101.792349242374598, 12.729394979184363 ], [ 101.792441249282632, 12.729394008451274 ], [ 101.792442238155175, 12.729484329448486 ], [ 101.792534245088078, 12.729483358676399 ], [ 101.792532267285594, 12.729302716695507 ], [ 101.792440260417649, 12.729303687453374 ], [ 101.792439271560298, 12.729213366454781 ], [ 101.792531278395757, 12.729212395704025 ], [ 101.792530289513522, 12.729122074711857 ], [ 101.792622296308906, 12.729121103936327 ], [ 101.792621307401788, 12.729030782950579 ], [ 101.792529300638876, 12.729031753718994 ], [ 101.792527322912406, 12.728851111731199 ], [ 101.792711336300712, 12.728849170190925 ], [ 101.792712325225096, 12.728939491170943 ], [ 101.792804331940332, 12.728938520345865 ], [ 101.792802354034194, 12.728757878399362 ], [ 101.793078373939423, 12.728754965775483 ], [ 101.793081341102322, 12.729025928630195 ], [ 101.793173347819632, 12.729024957670459 ], [ 101.793174336921609, 12.729115278613534 ], [ 101.793082330171828, 12.729116249580381 ], [ 101.793084308333661, 12.72929689147869 ], [ 101.792992301511319, 12.729297862427876 ], [ 101.792994279638592, 12.729478504337649 ], [ 101.793086286525892, 12.729477533374235 ], [ 101.793085297425975, 12.729387212426808 ], [ 101.793177304273186, 12.729386241438622 ], [ 101.793178293405575, 12.729476562378938 ], [ 101.793270300277669, 12.729475591351749 ], [ 101.793271289450146, 12.729565912284258 ] ], [ [ 101.793172358725243, 12.72893463672669 ], [ 101.793264365402479, 12.728933665742179 ], [ 101.793265354529339, 12.729023986678836 ], [ 101.793173347819632, 12.729024957670459 ], [ 101.793172358725243, 12.72893463672669 ] ], [ [ 101.792904255741334, 12.738060935052674 ], [ 101.792903266016665, 12.737970614149516 ], [ 101.79281125605246, 12.737971585685806 ], [ 101.792810266367894, 12.737881264774845 ], [ 101.792718256428586, 12.737882236272117 ], [ 101.79271627714725, 12.737701594433895 ], [ 101.792532257375839, 12.737703537304265 ], [ 101.792529288705865, 12.737432574499083 ], [ 101.792437278906263, 12.737433545865068 ], [ 101.792435299895942, 12.737252903977273 ], [ 101.792343290153738, 12.737253875297128 ], [ 101.792342300692496, 12.737163554345083 ], [ 101.792250290975176, 12.73716452562592 ], [ 101.792249301554023, 12.737074204666072 ], [ 101.792157291861628, 12.73707517590789 ], [ 101.792155313107131, 12.736894533971903 ], [ 101.792063303472105, 12.736895505167594 ], [ 101.792060335494867, 12.7366245422371 ], [ 101.791968325949739, 12.736625513379554 ], [ 101.791967336671689, 12.73653519239423 ], [ 101.791875327151487, 12.736536163497666 ], [ 101.791874337913526, 12.736445842504542 ], [ 101.791782328418208, 12.736446813568966 ], [ 101.791781339220364, 12.736356492568044 ], [ 101.791689329749943, 12.736357463593452 ], [ 101.791688340592188, 12.736267142584726 ], [ 101.791504321693552, 12.736269084525608 ], [ 101.791499376343722, 12.735817479400536 ], [ 101.79140736704548, 12.735818450287576 ], [ 101.791406378030814, 12.735728129253378 ], [ 101.791314368757469, 12.735729100101405 ], [ 101.791312390815918, 12.735548458016728 ], [ 101.791220381599985, 12.735549428818633 ], [ 101.791219392673085, 12.73545910776815 ], [ 101.791127383482049, 12.735460078531046 ], [ 101.791126394595253, 12.73536975747276 ], [ 101.791034385429114, 12.735370728196648 ], [ 101.791032407743302, 12.735190086063795 ], [ 101.790848389518203, 12.735192027387425 ], [ 101.79084641199276, 12.73501138522338 ], [ 101.790570384793099, 12.735014296926918 ], [ 101.79057137345454, 12.735104618030604 ], [ 101.790387355218471, 12.735106559021 ], [ 101.79038933243416, 12.73528720125473 ], [ 101.790297323239741, 12.735288171716284 ], [ 101.79029831182649, 12.735378492839219 ], [ 101.790206302591969, 12.735379463275979 ], [ 101.79020729115382, 12.735469784405327 ], [ 101.790023272597026, 12.73547172519735 ], [ 101.790024261101465, 12.735562046340217 ], [ 101.789932251779192, 12.735563016695478 ], [ 101.789933240258719, 12.735653337844766 ], [ 101.789841230896343, 12.735654308175226 ], [ 101.789842219350987, 12.735744629330922 ], [ 101.789934228745878, 12.735743658993357 ], [ 101.789935217240597, 12.735833980141262 ], [ 101.790211245477138, 12.735831068915823 ], [ 101.790210256884905, 12.735740747789235 ], [ 101.790302266249412, 12.735739777324051 ], [ 101.790300289022767, 12.735559135083021 ], [ 101.790576316875686, 12.735556223538689 ], [ 101.790577305582701, 12.735646544638234 ], [ 101.790669314884312, 12.735645574052542 ], [ 101.790672281148431, 12.735916537325711 ], [ 101.79058027174932, 12.735917507932722 ], [ 101.790581260486732, 12.736007829029504 ], [ 101.790397241600729, 12.736009770162024 ], [ 101.790398230280729, 12.736100091272329 ], [ 101.790306220793852, 12.736101061797836 ], [ 101.790308198111646, 12.736281704030585 ], [ 101.790216188552179, 12.736282674538405 ], [ 101.790219154488341, 12.736553637903661 ], [ 101.790311164145308, 12.73655266737453 ], [ 101.790312152838396, 12.736642988487796 ], [ 101.790956220451974, 12.73663619384075 ], [ 101.790964132090025, 12.737358762324044 ], [ 101.791240161733313, 12.737355849683274 ], [ 101.791241150819772, 12.737446170719254 ], [ 101.791517180492178, 12.737443257769986 ], [ 101.791518169683727, 12.737533578783951 ], [ 101.791610179591842, 12.737532607729936 ], [ 101.791611168823493, 12.7376229287361 ], [ 101.791703178756492, 12.737621957643066 ], [ 101.791704168028247, 12.737712278641432 ], [ 101.791612158062733, 12.737713249741573 ], [ 101.791614136564021, 12.737893891750447 ], [ 101.791706146594535, 12.737892920636085 ], [ 101.791708125191221, 12.73807356262798 ], [ 101.791800135279146, 12.738072591467489 ], [ 101.791801124621401, 12.738162912455287 ], [ 101.791985144839444, 12.73816097002436 ], [ 101.791986134254302, 12.738251290997255 ], [ 101.792170154506948, 12.738249348424468 ], [ 101.792171143994409, 12.738339669382443 ], [ 101.792263154141835, 12.738338698041076 ], [ 101.792268101855669, 12.738790302785048 ], [ 101.792360112158022, 12.738789331376214 ], [ 101.792361101756086, 12.738879652315827 ], [ 101.792453112083336, 12.73887868086797 ], [ 101.792454101721518, 12.738969001799777 ], [ 101.793006163720406, 12.738963172399815 ], [ 101.793004184061587, 12.738782530620851 ], [ 101.793096194303118, 12.738781558956726 ], [ 101.793092234946712, 12.738420275418957 ], [ 101.793276255146921, 12.738418332051877 ], [ 101.793274275384334, 12.738237690307299 ], [ 101.793182265353025, 12.73823866199257 ], [ 101.793181275515636, 12.738148341112129 ], [ 101.793089265509238, 12.738149312758374 ], [ 101.793088275711952, 12.738058991870137 ], [ 101.792904255741334, 12.738060935052674 ] ], [ [ 101.790324017747778, 12.737726841793126 ], [ 101.790323028963556, 12.737636520688149 ], [ 101.790139008862013, 12.737638461885044 ], [ 101.79013802015038, 12.737548140765163 ], [ 101.789954000083469, 12.737550081820217 ], [ 101.789953011444453, 12.737459760685429 ], [ 101.78976899141216, 12.737461701598637 ], [ 101.789770968567808, 12.737642343895931 ], [ 101.789862978652735, 12.737641373441074 ], [ 101.789865944540679, 12.737912336860518 ], [ 101.789957954715533, 12.737911366352435 ], [ 101.789958943392534, 12.738001687483765 ], [ 101.790050953592299, 12.738000716936666 ], [ 101.790054908506264, 12.738362001426655 ], [ 101.790146918828441, 12.738361030819227 ], [ 101.790145930056056, 12.738270709704871 ], [ 101.79032995061263, 12.738268768408496 ], [ 101.790330939450016, 12.738359089508638 ], [ 101.790422949749427, 12.738358118805479 ], [ 101.790423938626915, 12.738448439897825 ], [ 101.79051594895121, 12.73844746915565 ], [ 101.790516937868802, 12.738537790240199 ], [ 101.790424927511992, 12.738538760989481 ], [ 101.790425916404686, 12.738629082080449 ], [ 101.790517926793996, 12.73862811132406 ], [ 101.790519904667164, 12.738808753489707 ], [ 101.790427894212854, 12.73880972426031 ], [ 101.790428883128328, 12.738900045349205 ], [ 101.790336872633901, 12.738901016094999 ], [ 101.790337861524463, 12.738991337190306 ], [ 101.790429872051391, 12.738990366437406 ], [ 101.790431849920324, 12.73917100861174 ], [ 101.790523860504649, 12.739170037812711 ], [ 101.79052484948302, 12.739260358891736 ], [ 101.790616860092271, 12.739259388053691 ], [ 101.790617849110731, 12.739349709124918 ], [ 101.790709859744908, 12.73934873824785 ], [ 101.790711837869637, 12.739529380374016 ], [ 101.790803848561211, 12.739528409450823 ], [ 101.790806815902812, 12.739799372613573 ], [ 101.790714805113723, 12.739800343558089 ], [ 101.790715794210271, 12.739890664618065 ], [ 101.790439761699886, 12.739893577281444 ], [ 101.790442728742548, 12.740164540521185 ], [ 101.790534739684475, 12.740163569643988 ], [ 101.790535728746391, 12.740253890715412 ], [ 101.790627739713216, 12.740252919799195 ], [ 101.790629717924872, 12.74043356192576 ], [ 101.790721728949137, 12.74043259096341 ], [ 101.790722718098863, 12.740522912018548 ], [ 101.790814729148025, 12.740521941017178 ], [ 101.790815718337882, 12.74061226206452 ], [ 101.790999740478426, 12.740610319951815 ], [ 101.790996772736648, 12.74033935685036 ], [ 101.791088783698001, 12.740338385767455 ], [ 101.791085815927076, 12.740067422681109 ], [ 101.79126983763193, 12.740065480462199 ], [ 101.791271816268335, 12.740246122492026 ], [ 101.791363827174379, 12.740245151320481 ], [ 101.791364816536472, 12.740335472327248 ], [ 101.791456827467442, 12.740334501116683 ], [ 101.791457816869652, 12.740424822115648 ], [ 101.791641838773799, 12.740422879584548 ], [ 101.791642828248627, 12.740513200568605 ], [ 101.791734839221803, 12.740512229248074 ], [ 101.791735828736734, 12.740602550224329 ], [ 101.791919850725321, 12.740600607473297 ], [ 101.791920840312883, 12.740690928434644 ], [ 101.79201285132828, 12.740689957004143 ], [ 101.792011861708204, 12.740599636049907 ], [ 101.792195883651189, 12.740597693107377 ], [ 101.792194893973715, 12.740507372166668 ], [ 101.79237891582126, 12.740505429110694 ], [ 101.792373967222787, 12.740053824467907 ], [ 101.792281956465345, 12.740054795976299 ], [ 101.792280966800973, 12.739964475038557 ], [ 101.792188956068429, 12.73996544650792 ], [ 101.79218697682748, 12.739784804616143 ], [ 101.792094966152362, 12.739785776039369 ], [ 101.792093976575799, 12.739695455085334 ], [ 101.792001965925593, 12.739696426469537 ], [ 101.792000976389147, 12.739606105507702 ], [ 101.791908965763824, 12.739607076852881 ], [ 101.791906986778727, 12.739426434912914 ], [ 101.791998997339022, 12.739425463581954 ], [ 101.791999986860276, 12.739515784545175 ], [ 101.792091997445468, 12.739514813175193 ], [ 101.792092987006839, 12.73960513413061 ], [ 101.792369018814341, 12.739602219807848 ], [ 101.792367039504171, 12.739421577938987 ], [ 101.792275028974288, 12.739422549397597 ], [ 101.792274039363107, 12.739332228455023 ], [ 101.792182028858122, 12.739333199874608 ], [ 101.792180049723584, 12.739152557973158 ], [ 101.79208803927601, 12.739153529346614 ], [ 101.792087049752652, 12.739063208387744 ], [ 101.79199503932999, 12.739064179722174 ], [ 101.791994049846735, 12.738973858755502 ], [ 101.791810029043617, 12.738975801314407 ], [ 101.791808050229918, 12.738795159350548 ], [ 101.791716039881976, 12.738796130567918 ], [ 101.791715050519031, 12.738705809577839 ], [ 101.791623040195987, 12.738706780756187 ], [ 101.791621061557905, 12.738526138759745 ], [ 101.791529051292272, 12.73852710989196 ], [ 101.791528062017136, 12.738436788885593 ], [ 101.791436051776415, 12.73843775997879 ], [ 101.791435062541382, 12.738347438964626 ], [ 101.791343052325558, 12.7383484100188 ], [ 101.791342063130614, 12.738258088996835 ], [ 101.791250052939688, 12.738259060011993 ], [ 101.791247085498, 12.737988096920628 ], [ 101.791063065288384, 12.737990038812566 ], [ 101.791061087161921, 12.737809396719769 ], [ 101.790969077110717, 12.737810367603656 ], [ 101.790968088091375, 12.737720046549114 ], [ 101.790876078065097, 12.737721017393984 ], [ 101.790874100114223, 12.737540375268619 ], [ 101.790782090145328, 12.737541346067369 ], [ 101.790781101213781, 12.737451024996536 ], [ 101.790689091269797, 12.73745199575627 ], [ 101.790688102378354, 12.737361674677645 ], [ 101.790596092459282, 12.737362645398361 ], [ 101.790595103607927, 12.737272324311938 ], [ 101.790503093713752, 12.737273294993644 ], [ 101.790502104902515, 12.737182973899424 ], [ 101.790410095033224, 12.737183944542112 ], [ 101.790409106262089, 12.737093623440094 ], [ 101.790317096417709, 12.73709459404377 ], [ 101.79031610768665, 12.737004272933955 ], [ 101.790224097867181, 12.737005243498619 ], [ 101.790223109176225, 12.736914922381008 ], [ 101.790131099381654, 12.736915892906657 ], [ 101.790129122087535, 12.736735250655155 ], [ 101.789853092853278, 12.736738161998032 ], [ 101.789852104315102, 12.736647840849928 ], [ 101.789760094587663, 12.736648811226639 ], [ 101.789759106089576, 12.736558490070738 ], [ 101.789667096387021, 12.736559460408436 ], [ 101.789666107929037, 12.736469139244745 ], [ 101.789574098251407, 12.736470109543431 ], [ 101.789573109833498, 12.736379788371945 ], [ 101.78948110018078, 12.736380758631622 ], [ 101.789479123432756, 12.736200116272368 ], [ 101.789387113837435, 12.736201086485934 ], [ 101.789386125507306, 12.736110765298164 ], [ 101.789294115936883, 12.736111735472722 ], [ 101.789292139364406, 12.735931093080913 ], [ 101.78920012985138, 12.735932063209358 ], [ 101.789196176927533, 12.735570778389034 ], [ 101.789104167536905, 12.735571748457167 ], [ 101.789110096773257, 12.73611367572612 ], [ 101.789202106358871, 12.736112705615373 ], [ 101.789203094623986, 12.736203026817346 ], [ 101.789111085005899, 12.736203996935195 ], [ 101.789113061493936, 12.736384639351275 ], [ 101.789297080852535, 12.736382699055262 ], [ 101.789298069172943, 12.736473020248061 ], [ 101.789390078873367, 12.736472050045087 ], [ 101.789394032360903, 12.736833334780963 ], [ 101.789486042183711, 12.736832364517673 ], [ 101.789487030607091, 12.736922685692809 ], [ 101.78976306012747, 12.736919774690186 ], [ 101.78976404865594, 12.737010095843321 ], [ 101.789948068363216, 12.737008155001163 ], [ 101.789949056964275, 12.737098476139398 ], [ 101.790041066839024, 12.737097505663352 ], [ 101.790043044128922, 12.737278147923538 ], [ 101.790135054061068, 12.737277177401378 ], [ 101.790136042749921, 12.737367498523327 ], [ 101.790228052706979, 12.737366527962148 ], [ 101.790229041435921, 12.737456849076306 ], [ 101.790321051417877, 12.737455878476116 ], [ 101.790322040186908, 12.737546199582477 ], [ 101.790506060193067, 12.737544258272159 ], [ 101.790507049034701, 12.737634579363615 ], [ 101.790599059058891, 12.737633608653487 ], [ 101.790600047940615, 12.737723929737147 ], [ 101.790692057989702, 12.737722958988002 ], [ 101.790694035840957, 12.737903601139037 ], [ 101.790786045947442, 12.73790263034377 ], [ 101.790787034916974, 12.737992951411146 ], [ 101.790879045048385, 12.73799198057686 ], [ 101.790880034058006, 12.738082301636439 ], [ 101.790972044214314, 12.738081330763137 ], [ 101.790973033264038, 12.738171651814913 ], [ 101.791065043445229, 12.738170680902593 ], [ 101.791067021632472, 12.738351322989864 ], [ 101.790975011386266, 12.7383522939164 ], [ 101.79097402232135, 12.738261972866002 ], [ 101.790882012100028, 12.738262943753519 ], [ 101.790881023075215, 12.738172622695322 ], [ 101.790697002674804, 12.738174564360408 ], [ 101.790696013722581, 12.738084243287309 ], [ 101.790511993356802, 12.738086184810543 ], [ 101.790510015605179, 12.737905542633841 ], [ 101.790418005475885, 12.737906513333382 ], [ 101.790416027819646, 12.737725871139705 ], [ 101.790324017747778, 12.737726841793126 ] ], [ [ 101.791814976210844, 12.739427406211961 ], [ 101.791813986762207, 12.739337085233833 ], [ 101.791721976219222, 12.739338056493855 ], [ 101.791720986810674, 12.739247735507927 ], [ 101.791905007824028, 12.739245792970184 ], [ 101.791906986778727, 12.739426434912914 ], [ 101.791814976210844, 12.739427406211961 ] ], [ [ 101.791159031871103, 12.73835035203142 ], [ 101.791160021008636, 12.73844067306691 ], [ 101.791068010737504, 12.738441644032463 ], [ 101.791067021632472, 12.738351322989864 ], [ 101.791159031871103, 12.73835035203142 ] ], [ [ 101.791252031272151, 12.738439702069446 ], [ 101.791253020449787, 12.738530023097137 ], [ 101.791345030738213, 12.738529052060658 ], [ 101.791346019955938, 12.738619373080548 ], [ 101.791438030269276, 12.738618402005047 ], [ 101.79144000879252, 12.738799044028541 ], [ 101.791347998414182, 12.738800015118262 ], [ 101.791347009181251, 12.738709694099748 ], [ 101.791254998827824, 12.73871066515045 ], [ 101.791254009634997, 12.73862034412414 ], [ 101.791161999306468, 12.738621315135818 ], [ 101.791160021008636, 12.73844067306691 ], [ 101.791252031272151, 12.738439702069446 ] ], [ [ 101.790168673742585, 12.740348095160297 ], [ 101.789984651660347, 12.740350036655876 ], [ 101.789983662785886, 12.740259715542505 ], [ 101.789891651765871, 12.740260686235318 ], [ 101.789890662931512, 12.74017036511415 ], [ 101.789798651936422, 12.740171335767942 ], [ 101.789797663142153, 12.740081014638982 ], [ 101.789705652171989, 12.740081985253752 ], [ 101.789704663417837, 12.739991664116998 ], [ 101.78961265247257, 12.739992634692749 ], [ 101.789613641194208, 12.740082955836609 ], [ 101.789521630208853, 12.740083926387548 ], [ 101.789522618905593, 12.740174247537821 ], [ 101.789338596847074, 12.740176188558165 ], [ 101.789344528796832, 12.74071811553055 ], [ 101.789252517561124, 12.740719086035469 ], [ 101.789254494873433, 12.740899728368278 ], [ 101.789162483565121, 12.740900698855487 ], [ 101.789164460842784, 12.74108134119974 ], [ 101.789256472216124, 12.741080370698326 ], [ 101.789257460898867, 12.741170691862312 ], [ 101.789901540527239, 12.741163897408983 ], [ 101.789900551616924, 12.741073576294722 ], [ 101.789992562929513, 12.741072605537967 ], [ 101.789991573994271, 12.740982284430123 ], [ 101.790175596531668, 12.740980342835069 ], [ 101.790173618553951, 12.740799700645733 ], [ 101.790449652107981, 12.740796788056404 ], [ 101.79044866303299, 12.740706466982019 ], [ 101.790356651888416, 12.740707437869938 ], [ 101.790354673826243, 12.740526795704877 ], [ 101.790170651644345, 12.740528737356543 ], [ 101.790168673742585, 12.740348095160297 ] ], [ [ 101.788528288610479, 12.741810703563049 ], [ 101.788526311666502, 12.741630061130421 ], [ 101.788618323288063, 12.74162909080982 ], [ 101.788615357831503, 12.741358127176996 ], [ 101.788707369347932, 12.741357156845783 ], [ 101.78870440386217, 12.741086193228046 ], [ 101.788796415273481, 12.741085222886221 ], [ 101.788794438255906, 12.740904580485147 ], [ 101.7888864495946, 12.740903610125608 ], [ 101.788880518528998, 12.740361682948425 ], [ 101.788972529665045, 12.740360712599584 ], [ 101.788970552638901, 12.740180070215867 ], [ 101.789062563702331, 12.740179099849316 ], [ 101.789055644122428, 12.739546851534271 ], [ 101.78914765495071, 12.739545881185522 ], [ 101.789145677931188, 12.73936523881779 ], [ 101.789237688686868, 12.739364268451332 ], [ 101.789233734608942, 12.739002983735984 ], [ 101.789141723983292, 12.739003954074024 ], [ 101.789142712458869, 12.739094275261001 ], [ 101.789050701793116, 12.739095245574234 ], [ 101.789051690243809, 12.739185566767626 ], [ 101.788683647374839, 12.739189447729839 ], [ 101.788682659054189, 12.739099126508041 ], [ 101.788590648350493, 12.73910009666171 ], [ 101.788591636638628, 12.73919041789061 ], [ 101.788499625894829, 12.739191388019467 ], [ 101.788500614158067, 12.739281709254778 ], [ 101.788408603374151, 12.739282679358826 ], [ 101.788412556372961, 12.739643964321566 ], [ 101.788320545451441, 12.739644934422104 ], [ 101.788327463264025, 12.740277183130017 ], [ 101.788419474413118, 12.740276212979767 ], [ 101.78842243940133, 12.740547176680067 ], [ 101.788514450640349, 12.740546206476605 ], [ 101.788520381016781, 12.741088133815946 ], [ 101.788428369582704, 12.741089104062016 ], [ 101.788430346370546, 12.741269746517139 ], [ 101.788338334863852, 12.7412707167455 ], [ 101.788340311617048, 12.741451359212057 ], [ 101.788248300037736, 12.741452329422701 ], [ 101.788257195510226, 12.742265220551946 ], [ 101.788533231103244, 12.742262309632537 ], [ 101.788532242589511, 12.742171988420026 ], [ 101.788440230765275, 12.742172958751315 ], [ 101.7884362769163, 12.741811673865932 ], [ 101.788528288610479, 12.741810703563049 ] ], [ [ 101.788513462270842, 12.740455885250963 ], [ 101.788605473469758, 12.740454915022685 ], [ 101.788606461871765, 12.740545236241223 ], [ 101.788514450640349, 12.740546206476605 ], [ 101.788513462270842, 12.740455885250963 ] ], [ [ 101.788601519937615, 12.740093630141621 ], [ 101.78860053157355, 12.740003308919626 ], [ 101.788692542602334, 12.740002338694941 ], [ 101.788693530998898, 12.740092659909832 ], [ 101.788601519937615, 12.740093630141621 ] ], [ [ 101.792032645325705, 12.742496375943782 ], [ 101.792124656983745, 12.742495404339156 ], [ 101.792123667179155, 12.742405083405851 ], [ 101.792307690407412, 12.742403140115055 ], [ 101.792306700545382, 12.742312819195277 ], [ 101.792398712115599, 12.742311847509111 ], [ 101.792397722228671, 12.742221526595754 ], [ 101.792673756796162, 12.742218611367061 ], [ 101.792672766819294, 12.74212829047435 ], [ 101.792764778294057, 12.742127318674722 ], [ 101.792763788292277, 12.74203699778843 ], [ 101.792855799726937, 12.742036025964 ], [ 101.792854809700245, 12.741945705084129 ], [ 101.792946821094787, 12.741944733234888 ], [ 101.792945831043184, 12.741854412361437 ], [ 101.793037842397609, 12.741853440487391 ], [ 101.793036852321094, 12.741763119620362 ], [ 101.793128863635403, 12.741762147721511 ], [ 101.793125893353945, 12.741491185137622 ], [ 101.792113769551278, 12.741501874034771 ], [ 101.792112779830305, 12.741411553093865 ], [ 101.791744734713149, 12.741415438979557 ], [ 101.791743745129821, 12.74132511800952 ], [ 101.791559722590662, 12.741327060746638 ], [ 101.79156170163489, 12.741507702714463 ], [ 101.791469690288892, 12.741508674049363 ], [ 101.791471669298474, 12.741689316028642 ], [ 101.791379657879858, 12.741690287345842 ], [ 101.791380647363539, 12.741780608341555 ], [ 101.791288635904806, 12.74178157963394 ], [ 101.791289625363575, 12.74187190063607 ], [ 101.791105602358272, 12.741873843139309 ], [ 101.791106591759629, 12.741964164154966 ], [ 101.790830557097152, 12.741967077691744 ], [ 101.790829567793352, 12.741876756654765 ], [ 101.790645544712078, 12.741878698838804 ], [ 101.790646533950863, 12.741969019889998 ], [ 101.790278487567107, 12.741972903903466 ], [ 101.790280465807342, 12.742153546060631 ], [ 101.790188454127374, 12.74215451699841 ], [ 101.790191421447162, 12.742425480250292 ], [ 101.790375444994552, 12.742423538300178 ], [ 101.790376434181368, 12.742513859368547 ], [ 101.790468445976188, 12.742512888338501 ], [ 101.790469435203107, 12.742603209399071 ], [ 101.790561447022853, 12.742602238329996 ], [ 101.790563425564514, 12.74278288043485 ], [ 101.7906554374417, 12.742781909319644 ], [ 101.790656426756442, 12.742872230363927 ], [ 101.790748438658539, 12.742871259209689 ], [ 101.790749428013385, 12.742961580246179 ], [ 101.790933451859829, 12.742959637827722 ], [ 101.79093444128732, 12.7430499588493 ], [ 101.791210477097522, 12.743047044960873 ], [ 101.791209487572488, 12.742956723960621 ], [ 101.791393511342932, 12.742954781222943 ], [ 101.791392521760457, 12.742864460236211 ], [ 101.791484533601761, 12.742863488826597 ], [ 101.791483543994374, 12.742773167846286 ], [ 101.791759579375153, 12.742770253447233 ], [ 101.791758589677826, 12.742679932487562 ], [ 101.791850601423704, 12.742678960964477 ], [ 101.791849611701451, 12.742588640011219 ], [ 101.792033635105369, 12.742586696883512 ], [ 101.792032645325705, 12.742496375943782 ] ], [ [ 101.789938135548098, 12.744505778150838 ], [ 101.789846122992316, 12.744506749145664 ], [ 101.789845133833509, 12.744416428049865 ], [ 101.789753121302653, 12.744417399005659 ], [ 101.789752132183949, 12.744327077902062 ], [ 101.789660119678004, 12.744328048818828 ], [ 101.789658141528434, 12.744147406595356 ], [ 101.789290091688898, 12.744151289886318 ], [ 101.789291080629809, 12.744241611026814 ], [ 101.789199068118421, 12.744242581776842 ], [ 101.789200057034392, 12.744332902923752 ], [ 101.789108044482902, 12.74433387364896 ], [ 101.789110022272595, 12.744514515954911 ], [ 101.788925997016719, 12.74451645733796 ], [ 101.788926985857927, 12.744606778504105 ], [ 101.788742960506639, 12.744608719773648 ], [ 101.788743949290392, 12.744699040953311 ], [ 101.788651936570858, 12.744700011547291 ], [ 101.788653914096074, 12.744880653918743 ], [ 101.788745926880665, 12.744879683310554 ], [ 101.788746915687199, 12.74497000448814 ], [ 101.788838928496716, 12.744969033840924 ], [ 101.788839917343367, 12.745059355010717 ], [ 101.78893193017781, 12.745058384324469 ], [ 101.788932919064564, 12.74514870548647 ], [ 101.789024931923947, 12.74514773476119 ], [ 101.789025920850804, 12.745238055915397 ], [ 101.789117933735128, 12.745237085151087 ], [ 101.789118922702102, 12.745327406297504 ], [ 101.789210935611351, 12.74532643549416 ], [ 101.789211924618456, 12.745416756632777 ], [ 101.789395950479204, 12.745414814916099 ], [ 101.789396939558941, 12.745505136039821 ], [ 101.789672978390684, 12.745502223204026 ], [ 101.789671989213375, 12.745411902101619 ], [ 101.789579976309568, 12.745412873071709 ], [ 101.789576019806361, 12.745051588626751 ], [ 101.789668032580067, 12.745050617685076 ], [ 101.78966704344073, 12.744960296579215 ], [ 101.789759056174319, 12.744959325612719 ], [ 101.789758067010055, 12.744869004513271 ], [ 101.789850079703513, 12.744868033521954 ], [ 101.789849090514323, 12.744777712428917 ], [ 101.789941103167678, 12.744776741412775 ], [ 101.789938135548098, 12.744505778150838 ] ], [ [ 101.791538973711482, 12.747831141679503 ], [ 101.791536993668331, 12.74765049979421 ], [ 101.791813034317741, 12.747647584243424 ], [ 101.791810064017255, 12.74737662147429 ], [ 101.791718050572641, 12.747377593335157 ], [ 101.791714090408533, 12.747016309604858 ], [ 101.791069996994224, 12.747023111537729 ], [ 101.791072966422817, 12.747294074485774 ], [ 101.790980952949937, 12.747295046084062 ], [ 101.790984912164333, 12.747656330033546 ], [ 101.791168939362734, 12.747654386748172 ], [ 101.791169929250387, 12.747744707719599 ], [ 101.791261942870719, 12.747743736021905 ], [ 101.79126392273389, 12.747924377948467 ], [ 101.791171909048501, 12.747925349660379 ], [ 101.791172898958948, 12.748015670629735 ], [ 101.790988871500318, 12.748017613971975 ], [ 101.79098986135331, 12.748107934954852 ], [ 101.790897847580069, 12.748108906585177 ], [ 101.790902796796345, 12.748560511524738 ], [ 101.791086824660553, 12.748558568161073 ], [ 101.791087814591663, 12.748648889132694 ], [ 101.79154788428184, 12.748644030129098 ], [ 101.791545904101895, 12.748463388256251 ], [ 101.791637917952059, 12.74846241637394 ], [ 101.791633957553245, 12.748101132648381 ], [ 101.791449930105557, 12.748103076324197 ], [ 101.791448940089907, 12.748012755376861 ], [ 101.791356926387181, 12.748013727159755 ], [ 101.791355936411676, 12.747923406204617 ], [ 101.79144795008186, 12.74792243442883 ], [ 101.791446960081416, 12.747832113480111 ], [ 101.791538973711482, 12.747831141679503 ] ], [ [ 101.7880157112359, 12.753830217190625 ], [ 101.788014721978186, 12.753739896016857 ], [ 101.788106738011848, 12.753738924968259 ], [ 101.788105748729194, 12.753648603800901 ], [ 101.788197764722725, 12.75364763272745 ], [ 101.788196775415102, 12.753557311566505 ], [ 101.788288791368501, 12.753556340468204 ], [ 101.788285823393565, 12.75328537700252 ], [ 101.788193807537823, 12.753286348079516 ], [ 101.788192818260569, 12.753196026915809 ], [ 101.78782475489183, 12.7531999108759 ], [ 101.787825744038898, 12.753290232068016 ], [ 101.787733728145184, 12.753291202985263 ], [ 101.787735706397001, 12.753471845381618 ], [ 101.787643690430613, 12.75347281628112 ], [ 101.787645668647698, 12.753653458688902 ], [ 101.787461636561972, 12.753655400420451 ], [ 101.787462625616811, 12.753745721637504 ], [ 101.787370609530015, 12.753746692462453 ], [ 101.787371598559886, 12.753837013685917 ], [ 101.787279582432959, 12.753837984486013 ], [ 101.787280571437876, 12.753928305715881 ], [ 101.787188555270802, 12.753929276491121 ], [ 101.787190533238331, 12.754109918962982 ], [ 101.787098516998569, 12.75411088972047 ], [ 101.787100494931352, 12.754291532203766 ], [ 101.787192511236199, 12.754290561432082 ], [ 101.787193500246516, 12.754380882665592 ], [ 101.786917451211565, 12.754383794906085 ], [ 101.786918440131828, 12.7544741161602 ], [ 101.786826423739114, 12.754475086850222 ], [ 101.786827412634423, 12.754565408110743 ], [ 101.786735396201578, 12.754566378775911 ], [ 101.786737373949848, 12.754747021309072 ], [ 101.786645357444314, 12.754747991956481 ], [ 101.786646346297289, 12.754838313229122 ], [ 101.786554329751624, 12.754839283851675 ], [ 101.786557296258408, 12.755110247686742 ], [ 101.786465279607498, 12.755111218298628 ], [ 101.786467257251516, 12.755291860866079 ], [ 101.786651290675948, 12.755289919581958 ], [ 101.78665227957444, 12.75538024085045 ], [ 101.786744296307816, 12.755379270153361 ], [ 101.786743307376781, 12.755288948891966 ], [ 101.786927340755682, 12.755287007416118 ], [ 101.786928329751831, 12.755377328663318 ], [ 101.786836313033618, 12.755378299424319 ], [ 101.786838290983567, 12.75555894193084 ], [ 101.787022324542605, 12.755557000348496 ], [ 101.787023313594062, 12.755647321586522 ], [ 101.787115330394741, 12.755646350740321 ], [ 101.78711730858555, 12.755826993200108 ], [ 101.78720932544374, 12.755826022307751 ], [ 101.787210314583078, 12.75591634352951 ], [ 101.787394348341806, 12.755914401634731 ], [ 101.787395337553846, 12.756004722841599 ], [ 101.78757937134732, 12.756002780804799 ], [ 101.787578382070194, 12.755912459612126 ], [ 101.787486365209801, 12.755913430639408 ], [ 101.787485375972807, 12.755823109438944 ], [ 101.787761426433548, 12.755820196282539 ], [ 101.787759447787039, 12.755639553922137 ], [ 101.787851464526995, 12.755638582820287 ], [ 101.787850475182566, 12.755548261646151 ], [ 101.78794249188239, 12.75554729051945 ], [ 101.787940513151199, 12.755366648183299 ], [ 101.788032529778334, 12.75536567703884 ], [ 101.788031540391572, 12.755275355876828 ], [ 101.788123556978562, 12.755274384707516 ], [ 101.788121578162716, 12.755093742395623 ], [ 101.788305611183716, 12.755091799989536 ], [ 101.788304621722091, 12.755001478846754 ], [ 101.788396638188644, 12.755000507602885 ], [ 101.788395648702064, 12.754910186466509 ], [ 101.788487665128471, 12.754909215197788 ], [ 101.788486675616937, 12.754818894067823 ], [ 101.788578692003213, 12.754817922774247 ], [ 101.788576712937797, 12.754637280526453 ], [ 101.78866872925137, 12.754636309215128 ], [ 101.78866576061256, 12.754365345859554 ], [ 101.788757776820901, 12.754364374537584 ], [ 101.78875678725727, 12.754274053424778 ], [ 101.788848803425466, 12.754273082077956 ], [ 101.788847813836881, 12.754182760971563 ], [ 101.789031846085422, 12.75418081819627 ], [ 101.789030856439325, 12.754090497103391 ], [ 101.78912287251967, 12.754089525674919 ], [ 101.789119903529311, 12.753818562413445 ], [ 101.789211919504396, 12.753817590974332 ], [ 101.7892099401504, 12.753636948810762 ], [ 101.789393971947604, 12.753635005865101 ], [ 101.78939298221691, 12.753544684796486 ], [ 101.789484998071572, 12.753543713282834 ], [ 101.78948400831591, 12.753453392220635 ], [ 101.78957602413044, 12.753452420682141 ], [ 101.789571075303343, 12.75300081539628 ], [ 101.789663090947556, 12.752999843861357 ], [ 101.789664080730333, 12.753090164912805 ], [ 101.789848112061051, 12.753088221732904 ], [ 101.789846132372929, 12.752907579657732 ], [ 101.78993814796182, 12.752906608034069 ], [ 101.789937158096606, 12.752816287002549 ], [ 101.790121189186493, 12.752814343673588 ], [ 101.790119209348674, 12.752633701636901 ], [ 101.790211224817142, 12.752632729938709 ], [ 101.790210234877094, 12.752542408926434 ], [ 101.790118219441169, 12.752543380617519 ], [ 101.790116239648938, 12.752362738576684 ], [ 101.790300270383, 12.75236079519099 ], [ 101.790298290490995, 12.752180153175813 ], [ 101.790390305781543, 12.752179181449259 ], [ 101.790392285738662, 12.752359823450224 ], [ 101.790484301086693, 12.752358851677506 ], [ 101.790481331064825, 12.752087888696346 ], [ 101.790573346307639, 12.752086916913006 ], [ 101.790572356283008, 12.751996595925007 ], [ 101.790664371485676, 12.751995624116827 ], [ 101.790662391394122, 12.751814982152975 ], [ 101.790478361111326, 12.75181692570896 ], [ 101.790477371142018, 12.751726604711781 ], [ 101.790293340893911, 12.751728548125771 ], [ 101.790294330798147, 12.751818869137164 ], [ 101.790202315630154, 12.75181984080335 ], [ 101.790205285290781, 12.75209080385469 ], [ 101.790021254736772, 12.752092747133856 ], [ 101.79002422427051, 12.75236371022161 ], [ 101.789748178089638, 12.752366624964711 ], [ 101.789749167851781, 12.752456946013897 ], [ 101.789657152410427, 12.752457917538139 ], [ 101.789659131892435, 12.752638559648645 ], [ 101.789475100856748, 12.75264050262971 ], [ 101.789476090544056, 12.752730823698132 ], [ 101.789384074982294, 12.752731795147845 ], [ 101.789385064644634, 12.752822116222687 ], [ 101.789477080238953, 12.752821144765866 ], [ 101.789479059651541, 12.753001786899258 ], [ 101.789295028325128, 12.753003729809365 ], [ 101.789296017977733, 12.753094050889231 ], [ 101.789204002270594, 12.753095022303464 ], [ 101.789204991898245, 12.753185343389742 ], [ 101.78911297615096, 12.753186314779128 ], [ 101.789113965753657, 12.753276635871819 ], [ 101.789021949966241, 12.753277607236361 ], [ 101.789022939543983, 12.753367928335464 ], [ 101.789114955363942, 12.753366956963818 ], [ 101.78911594498183, 12.753457278055128 ], [ 101.78883989740153, 12.753460192095522 ], [ 101.788840886929378, 12.753550513207445 ], [ 101.789024918722262, 12.753548570531592 ], [ 101.789025908322785, 12.753638891628624 ], [ 101.788933892397594, 12.753639862989624 ], [ 101.788934881973177, 12.753730184093065 ], [ 101.78884286600784, 12.753731155429223 ], [ 101.788841876464815, 12.753640834318679 ], [ 101.788749860524433, 12.753641805615784 ], [ 101.788750850034916, 12.753732126733428 ], [ 101.788658834054402, 12.753733098005686 ], [ 101.788660813033061, 12.753913740253106 ], [ 101.788568796979845, 12.753914711507615 ], [ 101.788570775923787, 12.754095353766472 ], [ 101.788478759797883, 12.754096325003234 ], [ 101.788479749248694, 12.754186646138727 ], [ 101.788387733082658, 12.75418761735064 ], [ 101.788388722508515, 12.754277938492546 ], [ 101.788112673867232, 12.754280851957873 ], [ 101.788113663203021, 12.754371173120388 ], [ 101.787837614395769, 12.754374086319448 ], [ 101.787838603641518, 12.754464407502574 ], [ 101.787746587324705, 12.754465378512123 ], [ 101.787747576545499, 12.754555699701656 ], [ 101.78765556018854, 12.754556670686354 ], [ 101.787657538587794, 12.754737313077547 ], [ 101.787749555009839, 12.754736342078653 ], [ 101.787751533504562, 12.75491698445288 ], [ 101.787659517017403, 12.754917955465976 ], [ 101.787660506243597, 12.755008276659151 ], [ 101.787476473181428, 12.75501021860368 ], [ 101.787475484020334, 12.754919897396306 ], [ 101.787383467510423, 12.754920868313539 ], [ 101.787384456638961, 12.755011189528012 ], [ 101.787292440088891, 12.755012160420392 ], [ 101.787293429192488, 12.755102481641272 ], [ 101.787201412602286, 12.755103452508797 ], [ 101.787199434467794, 12.754922810052143 ], [ 101.787291450992896, 12.754921839198817 ], [ 101.787290461904504, 12.754831517976552 ], [ 101.787382478389461, 12.75483054709837 ], [ 101.787379511072132, 12.754559583448724 ], [ 101.787563543823993, 12.754557641639098 ], [ 101.787562554668298, 12.754467320435362 ], [ 101.787654571000303, 12.75446634948972 ], [ 101.787653581819654, 12.754376028292393 ], [ 101.787745598111513, 12.754375057321896 ], [ 101.787744608905896, 12.754284736130979 ], [ 101.78783662515761, 12.754283765135632 ], [ 101.787834646704084, 12.754103122765923 ], [ 101.787926662883109, 12.754102151752821 ], [ 101.787923695162092, 12.753831188214377 ], [ 101.7880157112359, 12.753830217190625 ] ], [ [ 101.789207960826758, 12.753456306644431 ], [ 101.789208950484777, 12.753546627727943 ], [ 101.789116934607307, 12.753547599145744 ], [ 101.78911594498183, 12.753457278055128 ], [ 101.789207960826758, 12.753456306644431 ] ], [ [ 101.787287494684833, 12.754560554305613 ], [ 101.787286505626781, 12.754470233080582 ], [ 101.787378521981552, 12.754469262230792 ], [ 101.787379511072132, 12.754559583448724 ], [ 101.787287494684833, 12.754560554305613 ] ], [ [ 101.787206358071273, 12.755555058638329 ], [ 101.78711434131074, 12.755556029509391 ], [ 101.787113352234314, 12.755465708277764 ], [ 101.787205368962304, 12.755464737413806 ], [ 101.787206358071273, 12.755555058638329 ] ], [ [ 101.789228745240095, 12.755353049252994 ], [ 101.78922775543019, 12.755262728183311 ], [ 101.789319771918457, 12.755261756598591 ], [ 101.78931680243663, 12.754990793406703 ], [ 101.789408818819666, 12.754989821811337 ], [ 101.789406839137982, 12.75480917969416 ], [ 101.789590871751059, 12.754807236435987 ], [ 101.789589881856514, 12.754716915390572 ], [ 101.789681898119113, 12.754715943720662 ], [ 101.789680908199614, 12.754625622681658 ], [ 101.789772924422067, 12.7546246509869 ], [ 101.789771934477628, 12.754534329954311 ], [ 101.789863950659935, 12.754533358234704 ], [ 101.789859990827907, 12.754172074125847 ], [ 101.790044022909342, 12.754170130647621 ], [ 101.790043032905245, 12.754079809632888 ], [ 101.790135048902016, 12.754078837852951 ], [ 101.790134058872951, 12.753988516844633 ], [ 101.79022607482959, 12.753987545039854 ], [ 101.790225084775571, 12.753897224037953 ], [ 101.790317100692079, 12.753896252208326 ], [ 101.790314130477995, 12.753625289219787 ], [ 101.790222114659144, 12.753626261028096 ], [ 101.790221124635522, 12.753535940023426 ], [ 101.790037093040098, 12.753537883529978 ], [ 101.790038082998635, 12.75362820454886 ], [ 101.78994606715699, 12.753629176261319 ], [ 101.789947057090572, 12.753719497286609 ], [ 101.789855041208781, 12.753720468974221 ], [ 101.789856031117424, 12.753810790005932 ], [ 101.789764015195487, 12.753811761668697 ], [ 101.789765994970438, 12.753992403744249 ], [ 101.789673978975827, 12.753993375389273 ], [ 101.789675958716074, 12.754174017476272 ], [ 101.789491926573859, 12.754175960698886 ], [ 101.789492916390287, 12.754266281755555 ], [ 101.789308884152604, 12.754268224864573 ], [ 101.789310863678025, 12.754448867004252 ], [ 101.789218847482701, 12.754449838525041 ], [ 101.78921983722428, 12.75454015960095 ], [ 101.789127820988796, 12.754541131096886 ], [ 101.789129800429606, 12.754721773260835 ], [ 101.789037784121447, 12.754722744739027 ], [ 101.789038773820693, 12.754813065827065 ], [ 101.788946757472374, 12.754814037280406 ], [ 101.788947747146665, 12.75490435837486 ], [ 101.788855730758215, 12.754905329803352 ], [ 101.788856720407551, 12.754995650904213 ], [ 101.78876470397897, 12.754996622307855 ], [ 101.788766683235323, 12.755177264521709 ], [ 101.788674666734039, 12.755178235907604 ], [ 101.788678625207652, 12.755539520355425 ], [ 101.788402575267625, 12.755542434406598 ], [ 101.788404554354699, 12.75572307666897 ], [ 101.788312537627732, 12.755724047969652 ], [ 101.788313527150095, 12.755814369106902 ], [ 101.788221510382982, 12.755815340382728 ], [ 101.788222499880391, 12.755905661526395 ], [ 101.788130483073147, 12.755906632777368 ], [ 101.788131472545587, 12.755996953927436 ], [ 101.788591556668706, 12.755992097317497 ], [ 101.788590567033495, 12.755901776202938 ], [ 101.78877460056448, 12.755899833349472 ], [ 101.788773610871758, 12.755809512248421 ], [ 101.78886562759331, 12.755808540780855 ], [ 101.78886265846306, 12.755537577494868 ], [ 101.789046691688057, 12.755535634506488 ], [ 101.789045701928075, 12.75544531342398 ], [ 101.789137718496633, 12.75544434188896 ], [ 101.789136728711682, 12.755354020812865 ], [ 101.789228745240095, 12.755353049252994 ] ], [ [ 101.793290351808082, 12.756484438760479 ], [ 101.793293325876732, 12.756755401000046 ], [ 101.793385342583974, 12.756754427888401 ], [ 101.793386333987954, 12.756844748626429 ], [ 101.79347835072015, 12.75684377547571 ], [ 101.793477359283614, 12.7567534547448 ], [ 101.79356937597565, 12.756752481569244 ], [ 101.7935673930603, 12.756571840119577 ], [ 101.79365940967962, 12.756570866926289 ], [ 101.793658418200792, 12.756480546207532 ], [ 101.793842451351509, 12.756478599739316 ], [ 101.793843442895422, 12.756568920443842 ], [ 101.794119492662119, 12.756566000480491 ], [ 101.79411850102052, 12.75647567979731 ], [ 101.794302534095152, 12.756473733009523 ], [ 101.79430154239607, 12.756383412339883 ], [ 101.794393558889425, 12.75638243890517 ], [ 101.794394550621064, 12.756472759567695 ], [ 101.794486567139359, 12.756471786093908 ], [ 101.794485575375163, 12.756381465438501 ], [ 101.794577591853297, 12.756380491939874 ], [ 101.794575608282642, 12.756199850641224 ], [ 101.794483591869607, 12.756200824125617 ], [ 101.794482600128248, 12.756110503468134 ], [ 101.794390583740167, 12.756111476913455 ], [ 101.794389592038968, 12.756021156248165 ], [ 101.794205559305055, 12.756023103028701 ], [ 101.794206550941155, 12.756113423708225 ], [ 101.793930501685608, 12.756116343660704 ], [ 101.793931493231653, 12.756206664360889 ], [ 101.793563427320862, 12.756210557211938 ], [ 101.793561444496788, 12.756029915753968 ], [ 101.79346942806518, 12.756030888872612 ], [ 101.793462488648387, 12.755398643698129 ], [ 101.793370472437033, 12.755399616735016 ], [ 101.793368489880081, 12.755218975236136 ], [ 101.792908409034709, 12.755223839870121 ], [ 101.792901471464148, 12.754591594353286 ], [ 101.792809455500105, 12.754592567134432 ], [ 101.792808464481567, 12.754502246336431 ], [ 101.792624432595758, 12.754504191788643 ], [ 101.792626414510252, 12.754684833412398 ], [ 101.792534398490844, 12.754685806104797 ], [ 101.792535389426945, 12.754776126922749 ], [ 101.792351357300234, 12.754778072225916 ], [ 101.792352348178838, 12.754868393057402 ], [ 101.792168315956616, 12.754870338246979 ], [ 101.792169306777723, 12.754960659091996 ], [ 101.791893258289718, 12.754963576658044 ], [ 101.791894249020771, 12.7550538975237 ], [ 101.791618200366699, 12.755056814823501 ], [ 101.791619191007726, 12.755147135709796 ], [ 101.791527174741944, 12.755148108086265 ], [ 101.791528165358017, 12.755238428978975 ], [ 101.791620181656342, 12.755237456595397 ], [ 101.791622162976395, 12.755418098364528 ], [ 101.791714179332217, 12.755417125934775 ], [ 101.791717151466955, 12.755688088561955 ], [ 101.791625135013476, 12.755689061013035 ], [ 101.791627116409543, 12.755869702775252 ], [ 101.791719132928122, 12.755868730309949 ], [ 101.791720123670103, 12.755959051182909 ], [ 101.792180206311755, 12.755954188341512 ], [ 101.792179215407018, 12.755863867504109 ], [ 101.79227123187998, 12.755862894847072 ], [ 101.792270240950302, 12.755772574016085 ], [ 101.792362257383104, 12.755771601334205 ], [ 101.792361266428458, 12.755681280509636 ], [ 101.792729331953495, 12.755677389491012 ], [ 101.792730323038342, 12.755767710287129 ], [ 101.792822339433144, 12.755766737445473 ], [ 101.792824321690745, 12.755947379021411 ], [ 101.792732305230842, 12.755948351877294 ], [ 101.792733296338497, 12.756038672671338 ], [ 101.792825312830956, 12.756037699808342 ], [ 101.792826303978771, 12.756128020594582 ], [ 101.792734287453769, 12.75612899346469 ], [ 101.792735278576629, 12.756219314257352 ], [ 101.792367212270364, 12.756223205446668 ], [ 101.792368203270627, 12.756313526267084 ], [ 101.792276186642496, 12.756314498991633 ], [ 101.792280150589363, 12.756675782294829 ], [ 101.792372167347708, 12.756674809541837 ], [ 101.792373158385985, 12.756765130358794 ], [ 101.792649208713058, 12.756762211886725 ], [ 101.792650199856595, 12.756852532681661 ], [ 101.792742216649629, 12.756851559786607 ], [ 101.792739243144155, 12.756580597421078 ], [ 101.792831259831914, 12.756579624515409 ], [ 101.792830268646085, 12.756489303732627 ], [ 101.792922285293685, 12.75648833080211 ], [ 101.792921294082902, 12.75639801002575 ], [ 101.793105327290206, 12.756396064083074 ], [ 101.793107309849603, 12.756576705606649 ], [ 101.793199326506951, 12.75657573257315 ], [ 101.793198335190894, 12.756485411818822 ], [ 101.793290351808082, 12.756484438760479 ] ], [ [ 101.792540344221521, 12.755227731002137 ], [ 101.79263236043623, 12.755226758267064 ], [ 101.792633351450505, 12.755317079073755 ], [ 101.792725367690139, 12.755316106299617 ], [ 101.792727349806611, 12.7554967478967 ], [ 101.792635333501863, 12.755497720685062 ], [ 101.792634342472383, 12.755407399879756 ], [ 101.792542326192574, 12.755408372629052 ], [ 101.792540344221521, 12.755227731002137 ] ], [ [ 101.788516364266172, 12.757528527665896 ], [ 101.788700398984304, 12.757526584620665 ], [ 101.788699409187458, 12.757436263524962 ], [ 101.788791426502584, 12.757435291961512 ], [ 101.78879043668077, 12.757344970872216 ], [ 101.78888245395575, 12.757343999283908 ], [ 101.788881464108968, 12.757253678201025 ], [ 101.78906549857102, 12.757251734942736 ], [ 101.789063518770021, 12.757071092803308 ], [ 101.789155535924536, 12.75707012114043 ], [ 101.789154546002891, 12.756979800076781 ], [ 101.789062528880919, 12.756980771732559 ], [ 101.789060549125495, 12.75680012958898 ], [ 101.788968532061048, 12.756801101198588 ], [ 101.788966552401106, 12.756620459038043 ], [ 101.788874535394157, 12.756621430601486 ], [ 101.788872555829698, 12.756440788423966 ], [ 101.788780538880275, 12.756441759941248 ], [ 101.788779549142006, 12.756351438844348 ], [ 101.788503498345818, 12.756354353183141 ], [ 101.788504487986458, 12.756444674301347 ], [ 101.788320454019257, 12.756446617048296 ], [ 101.788321443602371, 12.756536938180018 ], [ 101.788137409539715, 12.756538880813336 ], [ 101.788138399065303, 12.756629201958564 ], [ 101.787862347816699, 12.756632115690158 ], [ 101.787863337252233, 12.756722436855998 ], [ 101.787679302983435, 12.756724379198138 ], [ 101.787680292361443, 12.756814700377484 ], [ 101.787496257997176, 12.756816642605987 ], [ 101.787497247317646, 12.756906963798846 ], [ 101.787405230091579, 12.75690793487226 ], [ 101.787406219387094, 12.756998256071524 ], [ 101.787222184847067, 12.757000198136671 ], [ 101.787227131112942, 12.757451804193602 ], [ 101.787319148549528, 12.757450833141512 ], [ 101.787323105829074, 12.757812117946214 ], [ 101.7874151233883, 12.757811146833768 ], [ 101.787417102138718, 12.757991789217774 ], [ 101.787509119755484, 12.75799081805917 ], [ 101.787510109174633, 12.758081139243037 ], [ 101.787786162077026, 12.758078225554154 ], [ 101.787785172560191, 12.757987904391591 ], [ 101.787969207725382, 12.757985961786725 ], [ 101.787968218151036, 12.75789564063767 ], [ 101.788060235689684, 12.757894669294398 ], [ 101.788059246090356, 12.757804348151748 ], [ 101.788243281079772, 12.757802405383519 ], [ 101.788242291422932, 12.757712084254383 ], [ 101.788426326316852, 12.757710141372511 ], [ 101.788425336602486, 12.757619820256886 ], [ 101.788517354005506, 12.757618848775111 ], [ 101.788516364266172, 12.757528527665896 ] ], [ [ 101.792247605671108, 12.762096003662217 ], [ 101.792246614249351, 12.762005682871855 ], [ 101.792338632936406, 12.762004709731242 ], [ 101.792337641489681, 12.761914388947307 ], [ 101.792429660136577, 12.761913415781837 ], [ 101.792428668664897, 12.761823095004313 ], [ 101.792612705870724, 12.761821148591684 ], [ 101.792611714341504, 12.761730827827694 ], [ 101.792887769995531, 12.761727907990306 ], [ 101.792896694911661, 12.762540794649251 ], [ 101.792988713740911, 12.762539821242161 ], [ 101.792984746905191, 12.762178538318002 ], [ 101.793076765596552, 12.762177564907395 ], [ 101.793074782159181, 12.761996923455388 ], [ 101.793166800777811, 12.761995950027035 ], [ 101.793165809037959, 12.76190562930711 ], [ 101.793257827616415, 12.761904655853899 ], [ 101.793256835851608, 12.761814335140391 ], [ 101.79334885438989, 12.761813361662323 ], [ 101.793347862600115, 12.761723040955241 ], [ 101.793439881098209, 12.761722067452315 ], [ 101.793436905676856, 12.761451105348257 ], [ 101.793528924069633, 12.761450131834707 ], [ 101.793525948619049, 12.761179169745763 ], [ 101.79361796690651, 12.761178196221584 ], [ 101.793616975072311, 12.761087875531002 ], [ 101.793708993319612, 12.761086901981969 ], [ 101.793708001460431, 12.760996581297809 ], [ 101.793892037867096, 12.76099463411807 ], [ 101.793893029791406, 12.761084954787998 ], [ 101.794077066232774, 12.761083007466151 ], [ 101.794078058229815, 12.761173328121156 ], [ 101.794446131151503, 12.761169433065369 ], [ 101.794448115428963, 12.761350074316372 ], [ 101.794540133705496, 12.76134910045827 ], [ 101.794542118078525, 12.76152974169227 ], [ 101.794634136412583, 12.761528767787963 ], [ 101.79463512864308, 12.761619088396808 ], [ 101.794727147002092, 12.761618114453411 ], [ 101.794731116130464, 12.761979396853398 ], [ 101.794823134612116, 12.761978422849561 ], [ 101.794818173057877, 12.761526819883436 ], [ 101.794726154739024, 12.761527793851684 ], [ 101.794724170235739, 12.761347152646152 ], [ 101.794632151974426, 12.761348126568196 ], [ 101.794629175374254, 12.761077164733356 ], [ 101.794445139024191, 12.76107911243883 ], [ 101.794444146904496, 12.760988791811599 ], [ 101.794352128750617, 12.760989765609265 ], [ 101.794351136671082, 12.760899444974225 ], [ 101.794167100405645, 12.76090139245942 ], [ 101.794166108398855, 12.760811071809453 ], [ 101.793982072168092, 12.760813019152542 ], [ 101.793981080234047, 12.760722698487651 ], [ 101.793889062139826, 12.760723672104129 ], [ 101.793887078359674, 12.76054303075804 ], [ 101.793979096388767, 12.760542057155794 ], [ 101.793977112573913, 12.760361415821167 ], [ 101.794069130530275, 12.760360442201186 ], [ 101.794066154767378, 12.760089480215411 ], [ 101.794158172618438, 12.760088506584809 ], [ 101.794156188749426, 12.75990786527173 ], [ 101.794248206527755, 12.759906891623398 ], [ 101.794239279200738, 12.759094005744325 ], [ 101.794055244222605, 12.759095952880934 ], [ 101.794054252400542, 12.759005632210012 ], [ 101.793962234932607, 12.759006605723254 ], [ 101.793960251376433, 12.7588259643651 ], [ 101.793868233966023, 12.758826937832147 ], [ 101.793863275371535, 12.758375334389083 ], [ 101.79395529261916, 12.758374360957612 ], [ 101.793948350678477, 12.757742116158067 ], [ 101.793856333658752, 12.757743089539728 ], [ 101.793855342015945, 12.757652768844196 ], [ 101.793947359003084, 12.757651795469647 ], [ 101.793946367335323, 12.757561474780541 ], [ 101.793854350380713, 12.75756244814797 ], [ 101.793853358753111, 12.757472127451056 ], [ 101.79394537567515, 12.757471154090739 ], [ 101.793943392377656, 12.757290512709062 ], [ 101.794127426068698, 12.757288565921018 ], [ 101.794128417778765, 12.757378886597971 ], [ 101.794220434645425, 12.757377913148895 ], [ 101.794221426395652, 12.75746823381804 ], [ 101.794313443287265, 12.757467260329886 ], [ 101.794314435077652, 12.757557580991223 ], [ 101.794222418153481, 12.757558554486492 ], [ 101.794223409918914, 12.757648875154251 ], [ 101.794407443824767, 12.757646928117518 ], [ 101.79440843566293, 12.757737248770358 ], [ 101.794500452636996, 12.757736275196933 ], [ 101.794501444515319, 12.757826595841962 ], [ 101.794593461514339, 12.757825622229461 ], [ 101.794592469603444, 12.757735301591552 ], [ 101.794684486562304, 12.757734327954205 ], [ 101.794683494626469, 12.757644007322721 ], [ 101.79477551154514, 12.757643033660536 ], [ 101.794773527631193, 12.757462392409728 ], [ 101.794865544477148, 12.757461418729816 ], [ 101.794864552499035, 12.757371098110491 ], [ 101.795048586103007, 12.757369150669026 ], [ 101.795047594067398, 12.75727883006325 ], [ 101.795139610825402, 12.757277856301696 ], [ 101.795137626711906, 12.7570972151023 ], [ 101.795229643397192, 12.757096241323026 ], [ 101.795227659249022, 12.756915600135098 ], [ 101.795319675861592, 12.756914626338101 ], [ 101.795315707526356, 12.756553343982418 ], [ 101.795407724001109, 12.756552370181941 ], [ 101.795405739814058, 12.756371729014184 ], [ 101.795497756216079, 12.756370755195993 ], [ 101.795494779894938, 12.75609979346053 ], [ 101.795586796191699, 12.756098819631738 ], [ 101.795584811950548, 12.755918178485542 ], [ 101.7954927957189, 12.755919152300097 ], [ 101.795486843373453, 12.755377228802184 ], [ 101.795394827329474, 12.755378202542063 ], [ 101.795392843340323, 12.755197561356319 ], [ 101.795300827353856, 12.755198535050008 ], [ 101.79529785152485, 12.754927573244844 ], [ 101.795205835628423, 12.754928546885221 ], [ 101.795203851845557, 12.754747905664084 ], [ 101.795295867676913, 12.754746932037943 ], [ 101.795292891962077, 12.754475970222405 ], [ 101.795200876228378, 12.754476943827187 ], [ 101.7951998843712, 12.754386623213502 ], [ 101.795291900072357, 12.754385649615839 ], [ 101.795288924448855, 12.754114687792001 ], [ 101.795380940044751, 12.754113714183745 ], [ 101.795379948152913, 12.75402339358153 ], [ 101.795471963708664, 12.754022419948441 ], [ 101.795469979882753, 12.753841778756184 ], [ 101.795561995365787, 12.753840805105382 ], [ 101.795561003431715, 12.753750484515335 ], [ 101.79574503430986, 12.753748537132122 ], [ 101.795744042318304, 12.753658216555619 ], [ 101.795283965228563, 12.753663084738431 ], [ 101.79528495705739, 12.75375340535053 ], [ 101.795192941584077, 12.753754378898362 ], [ 101.795193933387978, 12.753844699516886 ], [ 101.79510191787449, 12.753845673039889 ], [ 101.795102909653465, 12.753935993664838 ], [ 101.795010894099818, 12.753936967163007 ], [ 101.795012877615491, 12.754117608425071 ], [ 101.794920861989155, 12.754118581905525 ], [ 101.794921853725839, 12.754208902542638 ], [ 101.794829838059357, 12.75420987599826 ], [ 101.79483182149049, 12.754390517284648 ], [ 101.794739805751291, 12.754391490722551 ], [ 101.794740797445726, 12.754481811371825 ], [ 101.794648781666368, 12.7544827847849 ], [ 101.794649773335863, 12.754573105440596 ], [ 101.794373725854484, 12.754576025509451 ], [ 101.794374717433953, 12.754666346185809 ], [ 101.79391463798342, 12.754671212363775 ], [ 101.793915629407749, 12.754761533075019 ], [ 101.793731597509193, 12.754763479336768 ], [ 101.793732588876026, 12.754853800061554 ], [ 101.793640572882794, 12.754854773151616 ], [ 101.793641564224686, 12.754945093882823 ], [ 101.793549548191294, 12.754946066948049 ], [ 101.793551530832801, 12.755126708422617 ], [ 101.793827579105468, 12.755123789088401 ], [ 101.79382658768327, 12.755033468372806 ], [ 101.794194651810116, 12.755029575508299 ], [ 101.794195643362528, 12.75511989619543 ], [ 101.794287659407772, 12.755118922892304 ], [ 101.794289642600503, 12.755299564250262 ], [ 101.794381658703244, 12.755298590900944 ], [ 101.794382650343579, 12.755388911571769 ], [ 101.79447466647126, 12.755387938183384 ], [ 101.794475658151754, 12.755478258846402 ], [ 101.794659690449365, 12.755476311959537 ], [ 101.794660682202576, 12.755566632607623 ], [ 101.79475269837252, 12.755565659109141 ], [ 101.794754681966864, 12.755746300389008 ], [ 101.794846698194306, 12.755745326844337 ], [ 101.794847690035425, 12.755835647476118 ], [ 101.794939706287821, 12.755834673892371 ], [ 101.794940698169114, 12.75592499451634 ], [ 101.795124730716154, 12.755923047238745 ], [ 101.795126714631778, 12.756103688456134 ], [ 101.795034698296959, 12.756104662125143 ], [ 101.795037674129816, 12.756375623967392 ], [ 101.795129690562305, 12.756374650277026 ], [ 101.795130682554358, 12.756464970882607 ], [ 101.795038666089326, 12.756465944580095 ], [ 101.79504263400348, 12.756827227023971 ], [ 101.794858600790164, 12.756829174380014 ], [ 101.794859592722617, 12.756919495003491 ], [ 101.794675559413747, 12.75692144224594 ], [ 101.794676551288703, 12.757011762882961 ], [ 101.794492517884294, 12.75701371001181 ], [ 101.794493509701752, 12.757104030662372 ], [ 101.793849392318762, 12.757110844656472 ], [ 101.793850383915924, 12.757201165356156 ], [ 101.793758367083939, 12.757202138663164 ], [ 101.793759358656175, 12.757292459369271 ], [ 101.793667341784015, 12.757293432651435 ], [ 101.793668333331311, 12.757383753363968 ], [ 101.79348429949907, 12.757385699846647 ], [ 101.793485290988855, 12.757476020572716 ], [ 101.793393274028773, 12.75747699377323 ], [ 101.793395256966036, 12.75765763523752 ], [ 101.793303239933238, 12.757658608420305 ], [ 101.793304231380716, 12.757748929158524 ], [ 101.793120197227182, 12.757750875442442 ], [ 101.793121188617164, 12.757841196194198 ], [ 101.792845137232149, 12.757844115401708 ], [ 101.792846128532062, 12.757934436174112 ], [ 101.792754111355961, 12.757935409186475 ], [ 101.792756093913468, 12.758116050743428 ], [ 101.79294012838831, 12.758114104658297 ], [ 101.792941119743588, 12.758204425421514 ], [ 101.793033137002155, 12.75820345232389 ], [ 101.793034128397593, 12.7582937730793 ], [ 101.792942111106484, 12.758294746184037 ], [ 101.792943102476968, 12.758385066945866 ], [ 101.793035119800649, 12.758384093834017 ], [ 101.793036111211308, 12.758474414588042 ], [ 101.793128128559943, 12.758473441437118 ], [ 101.793129120010761, 12.758563762183343 ], [ 101.79322113738435, 12.75856278899334 ], [ 101.793223120373938, 12.75874343046948 ], [ 101.793407155228522, 12.758741483965137 ], [ 101.793408146799848, 12.758831804687938 ], [ 101.7935001642483, 12.758830831380706 ], [ 101.793501155859786, 12.758921152095706 ], [ 101.793593173333178, 12.758920178749399 ], [ 101.793594164984825, 12.759010499456588 ], [ 101.793686182483185, 12.7590095260712 ], [ 101.793687174175005, 12.759099846770585 ], [ 101.79377919169832, 12.759098873346119 ], [ 101.793782166917083, 12.759369835418774 ], [ 101.793966202136247, 12.759367888431255 ], [ 101.793968185783726, 12.759548529781101 ], [ 101.794060203447003, 12.759547556225167 ], [ 101.794063179072964, 12.759818518223401 ], [ 101.793971161311973, 12.759819491800684 ], [ 101.793973145035523, 12.760000133143615 ], [ 101.793881127201814, 12.760001106703166 ], [ 101.793882119042436, 12.760091427380708 ], [ 101.793790101168554, 12.760092400915408 ], [ 101.793792084807492, 12.760273042282648 ], [ 101.793424012975379, 12.760276936158704 ], [ 101.793425996384244, 12.760457577580093 ], [ 101.793333978342076, 12.760458550983415 ], [ 101.793335961716224, 12.760639192416267 ], [ 101.793243943601311, 12.760640165801853 ], [ 101.793244935267239, 12.760730486524354 ], [ 101.793152917112153, 12.760731459885086 ], [ 101.793153908753126, 12.760821780614007 ], [ 101.79306189055788, 12.760822753949883 ], [ 101.793062882173871, 12.760913074685231 ], [ 101.792878845695427, 12.760915021275304 ], [ 101.792879837253906, 12.761005342024184 ], [ 101.792787818970695, 12.761006315278379 ], [ 101.79278881050422, 12.761096636033679 ], [ 101.792696792180848, 12.761097609263022 ], [ 101.792697783689405, 12.761187930024741 ], [ 101.792605765325874, 12.761188903229224 ], [ 101.792606756809462, 12.761279223997368 ], [ 101.792514738405757, 12.761280197176996 ], [ 101.792515729864391, 12.761370517951557 ], [ 101.792423711420497, 12.761371491106326 ], [ 101.792424702854177, 12.761461811887306 ], [ 101.792332684370123, 12.761462785017217 ], [ 101.792333675778821, 12.761553105804619 ], [ 101.792241657254607, 12.761554078909672 ], [ 101.792242648638336, 12.761644399703492 ], [ 101.792150630073948, 12.761645372783684 ], [ 101.792151621432723, 12.761735693583926 ], [ 101.792059602828147, 12.761736666639257 ], [ 101.792060594161967, 12.761826987445918 ], [ 101.791876556864892, 12.761828933474893 ], [ 101.791879530716528, 12.762099895933385 ], [ 101.791511455640318, 12.762103787693006 ], [ 101.791510464479103, 12.76201346684576 ], [ 101.791418445723622, 12.762014439698623 ], [ 101.791416463489142, 12.761833797987842 ], [ 101.791508482179495, 12.761832825149195 ], [ 101.791506499910284, 12.76165218344986 ], [ 101.791322462652246, 12.761654129066745 ], [ 101.791321471594188, 12.761563808201821 ], [ 101.791137434370881, 12.761565753676608 ], [ 101.791139416364345, 12.761746395434198 ], [ 101.791231435044935, 12.761745422698572 ], [ 101.791239363583358, 12.762467989644385 ], [ 101.791147344642212, 12.762468962436879 ], [ 101.791148335711142, 12.762559283309098 ], [ 101.791424392609485, 12.762556364814371 ], [ 101.791423401442842, 12.762466043963476 ], [ 101.791699458175032, 12.762463125202316 ], [ 101.791698466918277, 12.762372804372063 ], [ 101.791882504636604, 12.762370858385649 ], [ 101.791881513322309, 12.76228053756892 ], [ 101.792065550945082, 12.762278591468835 ], [ 101.792064559573248, 12.762188270665634 ], [ 101.792156578340666, 12.762187297574744 ], [ 101.792155586943863, 12.762096976777965 ], [ 101.792247605671108, 12.762096003662217 ] ], [ [ 101.795310747278577, 12.756101741022242 ], [ 101.795218730958979, 12.756102714755166 ], [ 101.795216746978241, 12.755922073552016 ], [ 101.79530876323274, 12.75592109983333 ], [ 101.795310747278577, 12.756101741022242 ] ], [ [ 101.795029738727735, 12.755653059040894 ], [ 101.794937722548056, 12.75565403264236 ], [ 101.794935738838745, 12.755473391389581 ], [ 101.79502775495331, 12.755472417802352 ], [ 101.795028746836721, 12.755562738421968 ], [ 101.795120762976225, 12.755561764795669 ], [ 101.795121754899796, 12.755652085407474 ], [ 101.79521377106424, 12.7556511117421 ], [ 101.795214763027971, 12.755741432346099 ], [ 101.795030730626351, 12.755743379659128 ], [ 101.795029738727735, 12.755653059040894 ] ], [ [ 101.792509781226642, 12.760828593293807 ], [ 101.792508789813638, 12.760738272515095 ], [ 101.792600808021959, 12.760737299378141 ], [ 101.792599816583987, 12.760646978605847 ], [ 101.792691834752148, 12.760646005444041 ], [ 101.792689851833885, 12.760465363911599 ], [ 101.7927818699293, 12.760464390732047 ], [ 101.792779886976334, 12.760283749211069 ], [ 101.792963923014099, 12.760281802784512 ], [ 101.792961939961287, 12.760101161289217 ], [ 101.793053957903638, 12.760100188042214 ], [ 101.793052966356086, 12.76000986730064 ], [ 101.793144984258262, 12.76000889402879 ], [ 101.793143001120839, 12.759828252557794 ], [ 101.79323501895027, 12.759827279268201 ], [ 101.793232044203506, 12.759556317077863 ], [ 101.792863973230851, 12.75956020995908 ], [ 101.79286496467526, 12.759650530718339 ], [ 101.792496893450675, 12.759654423116562 ], [ 101.79249788477243, 12.759744743903576 ], [ 101.792313849049393, 12.759746689925121 ], [ 101.792311866543727, 12.759566048321949 ], [ 101.792587919921516, 12.759563129284357 ], [ 101.792586928582409, 12.75947280850307 ], [ 101.792862981794059, 12.759469889199128 ], [ 101.792861990364869, 12.759379568438487 ], [ 101.792954008054309, 12.759378595280356 ], [ 101.792953016600165, 12.759288274526133 ], [ 101.793045034249459, 12.759287301343152 ], [ 101.793043051298852, 12.759106659846861 ], [ 101.792951033714687, 12.759107633015617 ], [ 101.792949050859619, 12.758926991502332 ], [ 101.792857033332979, 12.758927964624895 ], [ 101.79285604194942, 12.758837643860101 ], [ 101.792764024447735, 12.758838616943589 ], [ 101.792761050440348, 12.758567654623722 ], [ 101.79266903302873, 12.75856862765391 ], [ 101.792667050460295, 12.758387986089643 ], [ 101.792575033106189, 12.758388959073644 ], [ 101.792571068190782, 12.758027675908362 ], [ 101.792479050959301, 12.758028648831953 ], [ 101.792478059782013, 12.757938328031791 ], [ 101.792386042575501, 12.757939300916307 ], [ 101.792385051438387, 12.757848980108344 ], [ 101.792108999870862, 12.757851898548795 ], [ 101.792108008839023, 12.757761577718801 ], [ 101.792015991667213, 12.757762550461251 ], [ 101.792011036784785, 12.757310946265365 ], [ 101.791919019768144, 12.757311918940301 ], [ 101.791918028847022, 12.75722159809194 ], [ 101.79173399485606, 12.757223543331715 ], [ 101.791733004007654, 12.75713322246844 ], [ 101.791456953061854, 12.757136140067082 ], [ 101.791457943812588, 12.757226460951685 ], [ 101.791365926782888, 12.757227433427754 ], [ 101.791374843588599, 12.758040321422051 ], [ 101.791006774221785, 12.758044211262654 ], [ 101.79100578356541, 12.757953890348734 ], [ 101.790913766237281, 12.757954862721872 ], [ 101.79091079441146, 12.757683899954628 ], [ 101.790818777173385, 12.757684872274483 ], [ 101.790816796059289, 12.75750423041198 ], [ 101.790908813232249, 12.757503258106343 ], [ 101.790906832083436, 12.757322616255289 ], [ 101.79081481497559, 12.757323588546711 ], [ 101.790813824445138, 12.757233267613037 ], [ 101.790721807362246, 12.757234239865396 ], [ 101.790720816871954, 12.757143918923925 ], [ 101.790536782748475, 12.757145863318542 ], [ 101.790537773173668, 12.757236184274227 ], [ 101.790445756067982, 12.757237156430708 ], [ 101.790447736876033, 12.757417798354217 ], [ 101.790539754046833, 12.757416826183526 ], [ 101.79054074449482, 12.757507147137137 ], [ 101.790356710080502, 12.757509091460774 ], [ 101.790357700470963, 12.757599412427908 ], [ 101.790265683219857, 12.757600384548889 ], [ 101.790266673585364, 12.757690705522439 ], [ 101.789990621688773, 12.757693621714948 ], [ 101.789992602247253, 12.757874263702606 ], [ 101.789900584868079, 12.757875235717062 ], [ 101.789901575126152, 12.757965556716963 ], [ 101.790085609941997, 12.757963612641868 ], [ 101.790086600272787, 12.75805393362686 ], [ 101.790178617701883, 12.758052961534267 ], [ 101.790177627338537, 12.75796264055638 ], [ 101.790269644727474, 12.757961668438933 ], [ 101.790268654339172, 12.757871347467459 ], [ 101.790452689029124, 12.757869403150892 ], [ 101.790454669943571, 12.758050045064715 ], [ 101.790546687342271, 12.758049072844276 ], [ 101.790547677843435, 12.758139393793046 ], [ 101.790639695267089, 12.758138421533536 ], [ 101.790642666913868, 12.758409384354374 ], [ 101.790550649392543, 12.758410356635203 ], [ 101.790555602126346, 12.758861961358296 ], [ 101.790647619810485, 12.758860989041931 ], [ 101.790649601022324, 12.759041630912114 ], [ 101.79092565422448, 12.759038713728589 ], [ 101.790926644939489, 12.759129034641319 ], [ 101.791110680434713, 12.759127089678264 ], [ 101.791111671222438, 12.759217410576086 ], [ 101.791203688991203, 12.759216438039504 ], [ 101.791204679819089, 12.759306758929526 ], [ 101.791388715398966, 12.759304813746253 ], [ 101.791389706299583, 12.759395134621363 ], [ 101.791481724110668, 12.75939416197467 ], [ 101.791483705999809, 12.759574803708597 ], [ 101.791575723868434, 12.759573831015722 ], [ 101.791577705853101, 12.759754472732661 ], [ 101.79166972377925, 12.759753499993598 ], [ 101.791673687970047, 12.760114783390742 ], [ 101.791765706018836, 12.760113810591275 ], [ 101.791778590902311, 12.7612879814631 ], [ 101.792054646273129, 12.761285062595585 ], [ 101.79205365498494, 12.76119474178477 ], [ 101.792145673394103, 12.761193768772102 ], [ 101.792144682080945, 12.761103447967715 ], [ 101.792236700449934, 12.761102474930187 ], [ 101.792235709111822, 12.761012154132215 ], [ 101.792327727440636, 12.761011181069829 ], [ 101.792326736077555, 12.760920860278278 ], [ 101.79241875436621, 12.760919887191038 ], [ 101.792417762978161, 12.760829566405903 ], [ 101.792509781226642, 12.760828593293807 ] ], [ [ 101.789193158575415, 12.760502321046525 ], [ 101.78882508496261, 12.760506208585957 ], [ 101.78882607505021, 12.760596529651043 ], [ 101.788642038133105, 12.760598473243153 ], [ 101.788645008246093, 12.76086943647687 ], [ 101.788184915331954, 12.760874295004227 ], [ 101.788183925449545, 12.760783973891506 ], [ 101.787263739377565, 12.760793688477538 ], [ 101.787264728934318, 12.760884009661257 ], [ 101.787172710252818, 12.760884980951129 ], [ 101.787174689323976, 12.761065623330699 ], [ 101.786990651807912, 12.761067565842927 ], [ 101.786992630779167, 12.761248208248121 ], [ 101.788004837458246, 12.76123752269217 ], [ 101.788005827313512, 12.761327843815634 ], [ 101.788373902372058, 12.761323957171415 ], [ 101.788374892365169, 12.761414278265788 ], [ 101.788558929914032, 12.761412334737653 ], [ 101.788557939855778, 12.761322013657487 ], [ 101.788649958586248, 12.761321041852568 ], [ 101.788647978427406, 12.761140399704363 ], [ 101.788739997085145, 12.761139427881679 ], [ 101.788739006984542, 12.76104910681364 ], [ 101.789199099996509, 12.761044247256184 ], [ 101.789198109740681, 12.760953926222973 ], [ 101.789290128287718, 12.760952954222674 ], [ 101.789286167210051, 12.760591670111317 ], [ 101.789194148793271, 12.760592642083202 ], [ 101.789193158575415, 12.760502321046525 ] ], [ [ 101.796080928881253, 12.72565200317003 ], [ 101.795712907745894, 12.725655889845321 ], [ 101.795714887213137, 12.725836531383365 ], [ 101.795990903270862, 12.725833616381996 ], [ 101.795991893113296, 12.725923937128623 ], [ 101.796083898483118, 12.725922965390627 ], [ 101.796082908608227, 12.725832644651115 ], [ 101.796174913937975, 12.725831672888361 ], [ 101.796175903845338, 12.72592199362075 ], [ 101.796267909199955, 12.725921021818994 ], [ 101.796268899147407, 12.726011342543572 ], [ 101.796360904526864, 12.726010370702818 ], [ 101.79635991454694, 12.725920049985362 ], [ 101.796543925218103, 12.725918106222466 ], [ 101.79654491526297, 12.726008426925677 ], [ 101.796452909898733, 12.726009398830188 ], [ 101.796453899918717, 12.72609971953983 ], [ 101.796637910704533, 12.726097775684693 ], [ 101.796638900797078, 12.726188096379403 ], [ 101.796730906211039, 12.726187124396896 ], [ 101.796731896343672, 12.726277445083795 ], [ 101.796455879981551, 12.72628036095705 ], [ 101.796456870024386, 12.726370681664621 ], [ 101.796640881005004, 12.726368737766757 ], [ 101.796642861243384, 12.726549379151345 ], [ 101.79682687232345, 12.726547435097475 ], [ 101.796828852722157, 12.726728076450815 ], [ 101.796920858315715, 12.726727104361816 ], [ 101.796917887631665, 12.72645614235214 ], [ 101.797193904074419, 12.726453225957966 ], [ 101.797192913764221, 12.72636290530806 ], [ 101.797376924623052, 12.726360960900129 ], [ 101.797375934255527, 12.726270640263781 ], [ 101.797467939641052, 12.726269668019125 ], [ 101.797466949248658, 12.726179347389206 ], [ 101.797558954594109, 12.72617837511979 ], [ 101.797557964176875, 12.726088054496309 ], [ 101.797741974779981, 12.726086109876094 ], [ 101.797739993838462, 12.725905468655554 ], [ 101.797924004281242, 12.725903523936328 ], [ 101.797923013756971, 12.725813203339269 ], [ 101.798015018934464, 12.725812230938963 ], [ 101.798014028385339, 12.725721910348343 ], [ 101.798106033522757, 12.725720937923283 ], [ 101.798104052382428, 12.725540296754222 ], [ 101.798288062504525, 12.725538351836976 ], [ 101.79828509065635, 12.725267390120955 ], [ 101.798193085696496, 12.725268362574138 ], [ 101.79819209512813, 12.725178041993622 ], [ 101.798284100055511, 12.725177069547566 ], [ 101.798273203949009, 12.724183543194727 ], [ 101.798181199378746, 12.724184515562403 ], [ 101.798179218432395, 12.724003874384115 ], [ 101.79808721391943, 12.724004846705666 ], [ 101.79808226184916, 12.723553243712237 ], [ 101.797898253125027, 12.72355518818847 ], [ 101.797896272480074, 12.723374546957766 ], [ 101.797436250861097, 12.723379407519355 ], [ 101.797437241017462, 12.72346972817067 ], [ 101.797345236638378, 12.7234707001945 ], [ 101.797346226769889, 12.723561020852253 ], [ 101.797254222350716, 12.723561992851332 ], [ 101.79725620257166, 12.723742634179011 ], [ 101.797164198079955, 12.723743606160465 ], [ 101.797165188169373, 12.723833926830393 ], [ 101.796981179098211, 12.72383587071193 ], [ 101.796983159170054, 12.724016512078206 ], [ 101.796891154558111, 12.724017483985413 ], [ 101.796892144572993, 12.724107804674635 ], [ 101.796800139920975, 12.72410877655709 ], [ 101.796801129911017, 12.724199097252745 ], [ 101.79661712051923, 12.724201040936277 ], [ 101.796618110451945, 12.724291361645488 ], [ 101.796526105712161, 12.724292333446565 ], [ 101.796527095620036, 12.724382654162204 ], [ 101.796435090840177, 12.724383625938533 ], [ 101.796436080723183, 12.724473946660602 ], [ 101.796344075903264, 12.724474918412177 ], [ 101.796345065761415, 12.724565239140681 ], [ 101.796069051158597, 12.724568154225517 ], [ 101.796070040926963, 12.724658474974689 ], [ 101.795978036011675, 12.724659446613007 ], [ 101.795977046275766, 12.724569125856712 ], [ 101.795885041385333, 12.724570097456038 ], [ 101.795884051689512, 12.724479776691933 ], [ 101.795792046823934, 12.724480748252262 ], [ 101.795791057168174, 12.724390427480349 ], [ 101.79569905232745, 12.724391399001682 ], [ 101.795697073103696, 12.724210757441549 ], [ 101.795605068320285, 12.724211728916771 ], [ 101.795604078752291, 12.72412140812855 ], [ 101.795512073993734, 12.724122379564783 ], [ 101.795510094945499, 12.723941737972028 ], [ 101.795602099639126, 12.723940766550033 ], [ 101.795601110093941, 12.723850445759741 ], [ 101.795509105432785, 12.723851417174618 ], [ 101.795504157983359, 12.723399813177206 ], [ 101.79532014896283, 12.72340175584015 ], [ 101.795319159560691, 12.723311435024359 ], [ 101.795227155071473, 12.723312406300908 ], [ 101.795228144441154, 12.723402727123817 ], [ 101.795136139911875, 12.723403698375611 ], [ 101.795137129256702, 12.723494019204944 ], [ 101.795045124687348, 12.723494990431986 ], [ 101.79504611400732, 12.723585311267751 ], [ 101.794954109397906, 12.723586282470036 ], [ 101.794955098693009, 12.72367660331223 ], [ 101.794863094043521, 12.723677574489761 ], [ 101.794865072591648, 12.723858216186306 ], [ 101.794681063140004, 12.723860158474221 ], [ 101.794683041588698, 12.724040800196473 ], [ 101.794591036786542, 12.724041771306853 ], [ 101.794592025989829, 12.724132092174059 ], [ 101.794500021147613, 12.724133063259686 ], [ 101.79450101032603, 12.724223384133321 ], [ 101.794317000553832, 12.724225326223179 ], [ 101.794317989674951, 12.724315647110359 ], [ 101.794225984744969, 12.724316618114592 ], [ 101.794226973841219, 12.724406939008192 ], [ 101.794134968871191, 12.72440790998767 ], [ 101.794137936108172, 12.724678872685679 ], [ 101.794229941175615, 12.724677901684855 ], [ 101.794231919436555, 12.724858543465842 ], [ 101.794323924561311, 12.724857572418912 ], [ 101.794324913735664, 12.724947893301257 ], [ 101.79441691888529, 12.724946922215336 ], [ 101.794415929678465, 12.724856601340106 ], [ 101.794599939889977, 12.724854659086869 ], [ 101.794600929161717, 12.724944979947869 ], [ 101.79469293428852, 12.724944008766322 ], [ 101.794694912919752, 12.725124650472004 ], [ 101.794510902528671, 12.725126592831691 ], [ 101.794512881060456, 12.725307234563083 ], [ 101.794604886324748, 12.725306263384946 ], [ 101.794605875634502, 12.725396584242491 ], [ 101.794053843739974, 12.725402410875862 ], [ 101.794055821992728, 12.725583052674269 ], [ 101.793963816585418, 12.72558402368249 ], [ 101.79396480569072, 12.725674344587775 ], [ 101.793872800243349, 12.725675315571237 ], [ 101.793876756610786, 12.726036599213923 ], [ 101.794060767757685, 12.726034657158205 ], [ 101.794061756933488, 12.726124978052923 ], [ 101.794153762527998, 12.726124006970128 ], [ 101.794154751743889, 12.726214327857042 ], [ 101.794246757363254, 12.726213356735258 ], [ 101.794245768114919, 12.72612303585546 ], [ 101.794429779265926, 12.726121093530482 ], [ 101.794428789960236, 12.726030772664229 ], [ 101.794520795491863, 12.726029801461038 ], [ 101.794519806161333, 12.725939480601209 ], [ 101.794611811652885, 12.725938509373258 ], [ 101.794609832949661, 12.725757867665763 ], [ 101.794701838368667, 12.725756896420165 ], [ 101.794698870273507, 12.725485933875097 ], [ 101.794790875587495, 12.725484962618976 ], [ 101.794791864977427, 12.7255752834609 ], [ 101.794975875647538, 12.725573340838789 ], [ 101.794974886192676, 12.725483020011096 ], [ 101.795158896767418, 12.725481077275708 ], [ 101.795157907255245, 12.725390756461559 ], [ 101.795341917734632, 12.725388813612904 ], [ 101.795340928165132, 12.7252984928123 ], [ 101.795432933360942, 12.725297521347274 ], [ 101.795431943766573, 12.725207200553095 ], [ 101.795523948922323, 12.725206229063314 ], [ 101.795522959303085, 12.725115908275566 ], [ 101.795706969526819, 12.725113965214613 ], [ 101.795705979850254, 12.725023644440418 ], [ 101.795981995031369, 12.725020729631275 ], [ 101.795983974586889, 12.725201371136265 ], [ 101.796075979696965, 12.725200399455229 ], [ 101.796076969518609, 12.725290720199569 ], [ 101.795984964376046, 12.725291691887728 ], [ 101.795985954172835, 12.725382012638498 ], [ 101.796077959347841, 12.725381040943219 ], [ 101.79607993902917, 12.725561682428451 ], [ 101.796171944261516, 12.725560710687054 ], [ 101.7961739240382, 12.725741352155282 ], [ 101.796081918740938, 12.725742323910918 ], [ 101.796080928881253, 12.72565200317003 ] ], [ [ 101.795981005265034, 12.724930408877743 ], [ 101.796257020280265, 12.724927493803088 ], [ 101.796258010144001, 12.725017814535256 ], [ 101.795981995031369, 12.725020729631275 ], [ 101.795981005265034, 12.724930408877743 ] ], [ [ 101.795332022381899, 12.724485605575794 ], [ 101.795240017470661, 12.724486576944878 ], [ 101.795239028009703, 12.724396256130252 ], [ 101.79533103288847, 12.724395284768287 ], [ 101.795332022381899, 12.724485605575794 ] ], [ [ 101.794227974822959, 12.732898071572617 ], [ 101.794319982845778, 12.732897099924273 ], [ 101.794320972664536, 12.732987420752284 ], [ 101.794412980712224, 12.732986449064926 ], [ 101.79441496043755, 12.733167090704645 ], [ 101.794506968542592, 12.733166118971161 ], [ 101.794508948363315, 12.733346760593882 ], [ 101.794600956525755, 12.733345788814264 ], [ 101.794601946480014, 12.733436109617475 ], [ 101.794877971019147, 12.733433194065894 ], [ 101.794876980967416, 12.733342873284034 ], [ 101.794968989099431, 12.733341901376829 ], [ 101.79496799902283, 12.733251580601397 ], [ 101.795060007114728, 12.733250608669415 ], [ 101.795059017013259, 12.733160287900414 ], [ 101.795243033109273, 12.733158343954992 ], [ 101.795241052799156, 12.732977702443382 ], [ 101.795793100514743, 12.732971869927024 ], [ 101.79579211017618, 12.7328815492129 ], [ 101.795976125955519, 12.732879604799852 ], [ 101.795975135559601, 12.732789284099278 ], [ 101.796067143405352, 12.73278831185203 ], [ 101.796066152984551, 12.732697991157881 ], [ 101.796158160790227, 12.732697018885856 ], [ 101.796157170344529, 12.732606698198142 ], [ 101.796433193618412, 12.732603781212063 ], [ 101.796432203082887, 12.732513460545018 ], [ 101.796616218495771, 12.7325115157424 ], [ 101.796615227902876, 12.732421195088907 ], [ 101.796707235565421, 12.732420222646878 ], [ 101.796706244947643, 12.732329901999817 ], [ 101.796890260184909, 12.732327957034322 ], [ 101.796889269509776, 12.732237636400816 ], [ 101.797073284651617, 12.732235691321986 ], [ 101.797072293919129, 12.732145370702032 ], [ 101.797164301446145, 12.7321443981219 ], [ 101.797163310688788, 12.73205407750838 ], [ 101.797255318175701, 12.732053104903477 ], [ 101.797254327393475, 12.731962784296385 ], [ 101.797438342279506, 12.731960839005147 ], [ 101.79743735143991, 12.731870518411617 ], [ 101.797621366230516, 12.73186857300705 ], [ 101.797620375333565, 12.731778252427079 ], [ 101.797712382684963, 12.731777279684081 ], [ 101.797711391763144, 12.73168695911054 ], [ 101.797803399074439, 12.731685986342777 ], [ 101.797802408127751, 12.731595665775668 ], [ 101.797894415398943, 12.731594692983133 ], [ 101.7978934244274, 12.731504372422464 ], [ 101.797985431658489, 12.731503399605161 ], [ 101.797984440662063, 12.731413079050926 ], [ 101.798076447853063, 12.731412106208859 ], [ 101.798075456831768, 12.73132178566105 ], [ 101.798167463982665, 12.73132081279422 ], [ 101.798164490867052, 12.731049851168041 ], [ 101.798256497912888, 12.731048878290693 ], [ 101.798255506857089, 12.730958557754375 ], [ 101.798347513862822, 12.730957584852264 ], [ 101.798345531709131, 12.730776943791813 ], [ 101.79843753864229, 12.730775970872063 ], [ 101.798435556454095, 12.7305953298231 ], [ 101.798343549585908, 12.730596302728598 ], [ 101.798341567493139, 12.730415661662619 ], [ 101.798249560682308, 12.730416634521976 ], [ 101.798250551692391, 12.730506955062438 ], [ 101.798066537982891, 12.730508900699732 ], [ 101.798067528935633, 12.730599221253753 ], [ 101.797975522036978, 12.730600194031691 ], [ 101.797976512964865, 12.730690514592146 ], [ 101.797424471218136, 12.730696350632844 ], [ 101.797427443462794, 12.730967312438308 ], [ 101.797243429291413, 12.730969257572823 ], [ 101.797245410695993, 12.731149898801508 ], [ 101.797153403533912, 12.731150871335176 ], [ 101.797154394215141, 12.731241191955606 ], [ 101.797062387012957, 12.73124216446451 ], [ 101.797063377669318, 12.731332485091366 ], [ 101.796787355919676, 12.73133540244809 ], [ 101.796788346486196, 12.731425723095633 ], [ 101.7966963391886, 12.731426695491212 ], [ 101.79669732973025, 12.731517016145178 ], [ 101.79651331504725, 12.731518960854908 ], [ 101.796514305531545, 12.731609281522429 ], [ 101.796422298146155, 12.731610253836573 ], [ 101.79641833638459, 12.731248971133859 ], [ 101.796326329121513, 12.731249943387629 ], [ 101.796324348351362, 12.731069302017886 ], [ 101.795772305002913, 12.731075134785339 ], [ 101.79577428538326, 12.731255776240525 ], [ 101.795682278066906, 12.731256748271052 ], [ 101.795685248597053, 12.731527710470015 ], [ 101.795777256010865, 12.731526738418129 ], [ 101.795778246235272, 12.731617059142613 ], [ 101.795870253673954, 12.731616087051714 ], [ 101.79587124393845, 12.731706407768391 ], [ 101.796055258857947, 12.731704463476675 ], [ 101.796056249195047, 12.731794784178419 ], [ 101.796332271614631, 12.731791867480288 ], [ 101.796333262056791, 12.731882188159975 ], [ 101.796241254558723, 12.731883160431702 ], [ 101.796242244976014, 12.731973481117828 ], [ 101.796058229892054, 12.731975425579837 ], [ 101.796059220251976, 12.73206574627951 ], [ 101.795967212666113, 12.732066718469795 ], [ 101.795968203001152, 12.732157039175897 ], [ 101.795876195375186, 12.73215801134141 ], [ 101.795875205072619, 12.732067690628186 ], [ 101.795783197471508, 12.732068662754685 ], [ 101.795785178019287, 12.73224930419468 ], [ 101.795693170345601, 12.732250276303523 ], [ 101.795694160598416, 12.732340597029602 ], [ 101.795602152884655, 12.732341569113672 ], [ 101.795596211676838, 12.731799644704111 ], [ 101.795412196616283, 12.731801588691139 ], [ 101.795411206506586, 12.731711267939554 ], [ 101.795135183956148, 12.731714183659543 ], [ 101.795136173968402, 12.73180450443248 ], [ 101.795044166403883, 12.731805476282473 ], [ 101.795045156391254, 12.731895797061837 ], [ 101.794953148786647, 12.731896768887056 ], [ 101.794957108682269, 12.732258052026074 ], [ 101.79514112414374, 12.732256108286801 ], [ 101.795142114201639, 12.732346429055596 ], [ 101.795234121953456, 12.732345457130998 ], [ 101.795235112051458, 12.732435777891983 ], [ 101.795327119828144, 12.732434805928374 ], [ 101.795328109966235, 12.73252512668155 ], [ 101.795512125561771, 12.73252318264441 ], [ 101.795513115772437, 12.732613503382657 ], [ 101.795421107945984, 12.732614475424294 ], [ 101.795422098131766, 12.732704796168965 ], [ 101.795330090265224, 12.732705768185827 ], [ 101.795331080426138, 12.732796088936933 ], [ 101.795147064605231, 12.7327980328892 ], [ 101.795148054708775, 12.732888353653845 ], [ 101.794872030822916, 12.732891269364387 ], [ 101.794873020836604, 12.732981590149699 ], [ 101.794781012826945, 12.732982561996536 ], [ 101.794779032872142, 12.732801920410989 ], [ 101.79487104081683, 12.732800948578387 ], [ 101.794870050818361, 12.732710627791691 ], [ 101.794778042906159, 12.732711599617177 ], [ 101.794776062997016, 12.732530958027487 ], [ 101.794684055142184, 12.732531929806843 ], [ 101.794682075328438, 12.732351288200158 ], [ 101.794406051913228, 12.732354203304158 ], [ 101.794407041718841, 12.732444524129196 ], [ 101.794223026005682, 12.732446467386625 ], [ 101.794227974822959, 12.732898071572617 ] ], [ [ 101.795786168304573, 12.732339624913637 ], [ 101.795787158597491, 12.732429945631909 ], [ 101.795695150858833, 12.732430917754991 ], [ 101.795694160598416, 12.732340597029602 ], [ 101.795786168304573, 12.732339624913637 ] ], [ [ 101.794782002815737, 12.733072882788276 ], [ 101.794689994765989, 12.733073854610334 ], [ 101.794689004809669, 12.732983533811478 ], [ 101.794781012826945, 12.732982561996536 ], [ 101.794782002815737, 12.733072882788276 ] ], [ [ 101.794597986708638, 12.733074826400497 ], [ 101.794505978643656, 12.733075798158763 ], [ 101.794504988752323, 12.732985477345675 ], [ 101.79459699678479, 12.732984505594521 ], [ 101.794597986708638, 12.733074826400497 ] ], [ [ 101.79461283647889, 12.734429638407189 ], [ 101.794611846440958, 12.734339317611576 ], [ 101.794519837921129, 12.734340289469474 ], [ 101.794517857933059, 12.734159647861949 ], [ 101.794425849470599, 12.734160619673712 ], [ 101.794424859520475, 12.734070298861795 ], [ 101.794332851082899, 12.734071270634546 ], [ 101.794333841000551, 12.734161591453578 ], [ 101.794057815544718, 12.734164506601783 ], [ 101.794058805372487, 12.734254827441472 ], [ 101.79369077119496, 12.734258713887611 ], [ 101.79368978149715, 12.734168393019463 ], [ 101.793505764427735, 12.734170336036909 ], [ 101.793504774802528, 12.73408001515384 ], [ 101.793412766288895, 12.734080986607596 ], [ 101.793410787126263, 12.733900344825164 ], [ 101.79295074476903, 12.73390520154434 ], [ 101.792951734184086, 12.733995522471471 ], [ 101.792859725657337, 12.733996493726718 ], [ 101.792863683263647, 12.734357777456776 ], [ 101.792955691920355, 12.734356806173071 ], [ 101.792956681373425, 12.734447127096749 ], [ 101.793048690055031, 12.734446155774036 ], [ 101.793050669048966, 12.734626797605086 ], [ 101.793234686519341, 12.734624854835507 ], [ 101.793235676092692, 12.734715175735772 ], [ 101.793419693597642, 12.73471323282436 ], [ 101.793422662558299, 12.734984195478328 ], [ 101.793330653712147, 12.734985166971326 ], [ 101.793332632992289, 12.735165808751409 ], [ 101.793424641903414, 12.735164837244186 ], [ 101.793425631587382, 12.73525515812608 ], [ 101.793517640523419, 12.735254186579841 ], [ 101.79351863024749, 12.735344507453929 ], [ 101.794070683898937, 12.735338677463862 ], [ 101.794068704068479, 12.735158035800373 ], [ 101.794160712918782, 12.735157064037933 ], [ 101.794155763313242, 12.734705459902695 ], [ 101.794247771993469, 12.734704488143933 ], [ 101.7942467820627, 12.734614167321931 ], [ 101.794430799335345, 12.734612223722934 ], [ 101.794429809347179, 12.734521902914471 ], [ 101.794521817939611, 12.734520931074242 ], [ 101.794520827926561, 12.734430610272202 ], [ 101.79461283647889, 12.734429638407189 ] ], [ [ 101.79426757220638, 12.736510904438958 ], [ 101.794175562876248, 12.736511876340034 ], [ 101.794174572825838, 12.73642155552473 ], [ 101.79408256352059, 12.736422527386786 ], [ 101.794076623572863, 12.735880602437758 ], [ 101.793984614454985, 12.735881574225218 ], [ 101.793983624522824, 12.735791253390847 ], [ 101.793891615429843, 12.735792225139289 ], [ 101.793892605329518, 12.735882545980772 ], [ 101.793708587055747, 12.73588448939617 ], [ 101.793709576898038, 12.735974810251196 ], [ 101.793525558528856, 12.735976753553208 ], [ 101.793526548313764, 12.736067074421767 ], [ 101.793434539085268, 12.736068046032031 ], [ 101.793438498170914, 12.736429329527832 ], [ 101.793622516880276, 12.736427386218489 ], [ 101.793623506735699, 12.736517707076484 ], [ 101.793715516111462, 12.736516735366839 ], [ 101.793717495910101, 12.736697377066525 ], [ 101.793809505343276, 12.736696405310747 ], [ 101.793810495286507, 12.73678672615244 ], [ 101.793718485820833, 12.736787697915334 ], [ 101.793719475739181, 12.73687801876345 ], [ 101.793443447199053, 12.736880933882036 ], [ 101.793441467564989, 12.736700292142427 ], [ 101.793349458101417, 12.736701263770584 ], [ 101.793347478562751, 12.736520622013984 ], [ 101.793255469156577, 12.736521593596004 ], [ 101.793253489713322, 12.736340951822415 ], [ 101.792793442893313, 12.736345809182815 ], [ 101.792798390746, 12.736797413789429 ], [ 101.792890400287703, 12.736796442345598 ], [ 101.792891389913549, 12.736886763257735 ], [ 101.792983399480136, 12.736885791774887 ], [ 101.792984389146085, 12.736976112679221 ], [ 101.793076398737568, 12.736975141157352 ], [ 101.793078378157276, 12.737155782949724 ], [ 101.793170387806157, 12.737154811381725 ], [ 101.793172367321276, 12.737335453157105 ], [ 101.793264377027555, 12.737334481542966 ], [ 101.793265366829019, 12.73742480242251 ], [ 101.793357376560209, 12.737423830769353 ], [ 101.793358366401776, 12.73751415164109 ], [ 101.793450376157836, 12.737513179948914 ], [ 101.793449386283783, 12.737422859084287 ], [ 101.793633405708107, 12.737420915618433 ], [ 101.793632415776656, 12.737330594767347 ], [ 101.793816435105569, 12.737328651188092 ], [ 101.793813465161818, 12.737057688673373 ], [ 101.794273512863526, 12.737052829273583 ], [ 101.794271532614061, 12.736872187664805 ], [ 101.794363542066577, 12.73687121570336 ], [ 101.794360571651922, 12.736600253306358 ], [ 101.794268562296892, 12.736601225246456 ], [ 101.79426757220638, 12.736510904438958 ] ], [ [ 101.800486766038688, 12.741413331521862 ], [ 101.800487758725822, 12.74150365181405 ], [ 101.800579769358393, 12.741502677344053 ], [ 101.800578776638744, 12.741412357058996 ], [ 101.800854808393211, 12.741409433478893 ], [ 101.800852822781707, 12.741228792949506 ], [ 101.800944833286266, 12.741227818373236 ], [ 101.800941854828679, 12.740956857595361 ], [ 101.80075783400703, 12.740958806673188 ], [ 101.800756841268097, 12.740868486398247 ], [ 101.800664830878347, 12.740869460882152 ], [ 101.80066383817956, 12.740779140599392 ], [ 101.800571827814679, 12.740780115044245 ], [ 101.800572820480966, 12.740870435334145 ], [ 101.800388799663324, 12.740872384142374 ], [ 101.800389792272199, 12.740962704445844 ], [ 101.800297781819438, 12.740963678809218 ], [ 101.800298774403444, 12.741053999119124 ], [ 101.800206763910552, 12.741054973457711 ], [ 101.800207756469661, 12.741145293774062 ], [ 101.800023735395982, 12.741147242369751 ], [ 101.800022742901888, 12.741056922039141 ], [ 101.79993073238613, 12.741057896281978 ], [ 101.79992676261601, 12.740696614924106 ], [ 101.800018773001739, 12.740695640709788 ], [ 101.800017780545758, 12.740605320375723 ], [ 101.800109790891355, 12.740604346136619 ], [ 101.800105821013616, 12.740243064821964 ], [ 101.799921800574865, 12.740245013211208 ], [ 101.799920808189512, 12.740154692866557 ], [ 101.799736787785292, 12.740156641113883 ], [ 101.799737780105644, 12.740246961472797 ], [ 101.799553759605914, 12.740248909606724 ], [ 101.79955574413944, 12.740429550350994 ], [ 101.799463733813141, 12.740430524384342 ], [ 101.799465718312135, 12.740611165140107 ], [ 101.79937370791319, 12.7406121391558 ], [ 101.799374700141598, 12.740702459539778 ], [ 101.799466710573057, 12.740701485516956 ], [ 101.799467702841596, 12.740791805893108 ], [ 101.799559713297953, 12.740790831831241 ], [ 101.799562690246859, 12.741061792934165 ], [ 101.799378669131485, 12.741063741068762 ], [ 101.799379661398007, 12.741154061449281 ], [ 101.799287650796387, 12.741155035475831 ], [ 101.79929459664784, 12.741787278170003 ], [ 101.799478618298622, 12.741785329985175 ], [ 101.799479610658622, 12.741875650353036 ], [ 101.79966363234395, 12.741873702026277 ], [ 101.799662639918921, 12.741783381672677 ], [ 101.7999386722922, 12.741780458964538 ], [ 101.799936687269948, 12.741599818298047 ], [ 101.800028697980778, 12.741598844012426 ], [ 101.800027705448571, 12.741508523685273 ], [ 101.800119716119269, 12.741507549374862 ], [ 101.800117731012705, 12.741326908732745 ], [ 101.800301752201179, 12.741324960044698 ], [ 101.800302744815667, 12.741415280351839 ], [ 101.800486766038688, 12.741413331521862 ] ], [ [ 101.798852401936728, 12.743417915487349 ], [ 101.798944413389293, 12.743416941442188 ], [ 101.79894242880799, 12.743236300643746 ], [ 101.799310474281896, 12.743232404200899 ], [ 101.79930848947096, 12.743051763456714 ], [ 101.799492512032117, 12.743049815072276 ], [ 101.799491519573053, 12.742959494713407 ], [ 101.799583530809684, 12.742958520480432 ], [ 101.799581545849378, 12.742777879774879 ], [ 101.799673557013364, 12.74277690552424 ], [ 101.799671572018497, 12.742596264830178 ], [ 101.799579560919554, 12.742597239066555 ], [ 101.79957856846606, 12.742506918711356 ], [ 101.799486557392001, 12.742507892908684 ], [ 101.799485564978667, 12.742417572545666 ], [ 101.799393553929477, 12.742418546703941 ], [ 101.799392561556274, 12.742328226333104 ], [ 101.799300550531996, 12.742329200452328 ], [ 101.799299558198911, 12.742238880073671 ], [ 101.799115536192531, 12.742240828202108 ], [ 101.799114543932106, 12.742150507808502 ], [ 101.799022532949976, 12.742151481817709 ], [ 101.799021540729683, 12.742061161416284 ], [ 101.79883751880763, 12.742063109324693 ], [ 101.798836526659983, 12.741972788908319 ], [ 101.798744515720031, 12.741973762807515 ], [ 101.798743523612515, 12.741883442383324 ], [ 101.798651512697447, 12.741884416243474 ], [ 101.798650520630062, 12.741794095811461 ], [ 101.798558509739905, 12.741795069632566 ], [ 101.798557517712652, 12.741704749192735 ], [ 101.798465506847378, 12.741705722974794 ], [ 101.798464514860257, 12.741615402527149 ], [ 101.798372504019881, 12.741616376270164 ], [ 101.79837151207289, 12.741526055814697 ], [ 101.798003468765273, 12.74152995043907 ], [ 101.798005452406798, 12.741710591406319 ], [ 101.797913441495822, 12.741711564996869 ], [ 101.797919392408119, 12.742253487924781 ], [ 101.798103414612598, 12.742251540626256 ], [ 101.798106390366655, 12.742522502038128 ], [ 101.797922367967089, 12.742524449379404 ], [ 101.797923359835323, 12.742614769862898 ], [ 101.797739337340261, 12.742616717090744 ], [ 101.797740329151068, 12.742707037587792 ], [ 101.797648317859611, 12.742708011160959 ], [ 101.797652285048969, 12.743069293170747 ], [ 101.797744296470498, 12.743068319569081 ], [ 101.797745288319391, 12.743158640062674 ], [ 101.797837299765817, 12.743157666421963 ], [ 101.797838291654841, 12.743247986907743 ], [ 101.798022314589872, 12.743246039516301 ], [ 101.798025290497762, 12.743517000926731 ], [ 101.798117302051395, 12.743516027161748 ], [ 101.798119286093097, 12.743696668084331 ], [ 101.798211297704171, 12.743695694273173 ], [ 101.79821030564699, 12.743605373819356 ], [ 101.798302317217903, 12.743604399983401 ], [ 101.798304301404926, 12.743785040876093 ], [ 101.798396313033265, 12.743784066993962 ], [ 101.798395320903438, 12.74369374655509 ], [ 101.798671355645197, 12.743690824738534 ], [ 101.79867036342543, 12.743600504320352 ], [ 101.79885438648347, 12.743598556297286 ], [ 101.798852401936728, 12.743417915487349 ] ], [ [ 101.798116310041962, 12.743425706699423 ], [ 101.798208321555478, 12.743424732909643 ], [ 101.798209313597425, 12.743515053364845 ], [ 101.798117302051395, 12.743516027161748 ], [ 101.798116310041962, 12.743425706699423 ] ], [ [ 101.795350015052037, 12.742912981478099 ], [ 101.795442026598877, 12.742912008688727 ], [ 101.795441035585711, 12.742821688015008 ], [ 101.795533047092405, 12.74282071520083 ], [ 101.795532056054327, 12.742730394533542 ], [ 101.795624067520919, 12.742729421694564 ], [ 101.795627040755491, 12.743000383672999 ], [ 101.795811063860896, 12.74299843785656 ], [ 101.795814037359079, 12.743269399786056 ], [ 101.795998060629145, 12.743267453799209 ], [ 101.796000043129382, 12.7434480950536 ], [ 101.796368089838282, 12.743444202639862 ], [ 101.796367098454297, 12.743353882041497 ], [ 101.796459110079979, 12.743352908865376 ], [ 101.796458118671083, 12.743262588273438 ], [ 101.796550130256634, 12.74326161507252 ], [ 101.796548147396635, 12.743080973900812 ], [ 101.796456135876113, 12.743081947087489 ], [ 101.796453161740786, 12.742810985303384 ], [ 101.795901093043099, 12.742816823624914 ], [ 101.795902084218838, 12.742907144263032 ], [ 101.795810072710069, 12.742908117212012 ], [ 101.795808090431223, 12.742727475920841 ], [ 101.795716078979879, 12.742728448823664 ], [ 101.795710132521108, 12.742186524890846 ], [ 101.79561812125722, 12.742187497719028 ], [ 101.795617130239918, 12.742097177054022 ], [ 101.795341096500167, 12.742100095325689 ], [ 101.795340105587997, 12.74200977463863 ], [ 101.795156083121825, 12.742011719979244 ], [ 101.795157073968952, 12.742102040680537 ], [ 101.795065062691918, 12.74210301331008 ], [ 101.795064071877306, 12.742012692601669 ], [ 101.794972060625184, 12.742013665192177 ], [ 101.79497998709509, 12.742736230897064 ], [ 101.795071998607327, 12.742735258249613 ], [ 101.795072989482804, 12.742825578952496 ], [ 101.795165001019953, 12.742824606266007 ], [ 101.795165991935562, 12.742914926961083 ], [ 101.795073980365899, 12.74291589965469 ], [ 101.795074971256625, 12.74300622035619 ], [ 101.794798936404462, 12.743009138266837 ], [ 101.794801908829598, 12.743280100431253 ], [ 101.794893920552141, 12.743279127804939 ], [ 101.794897884022248, 12.743640410652681 ], [ 101.795081907704656, 12.743638465247342 ], [ 101.795082898656233, 12.743728785943311 ], [ 101.795358934220317, 12.743725867574526 ], [ 101.795357943171183, 12.74363554689991 ], [ 101.795541966777492, 12.743633601175333 ], [ 101.795538002396896, 12.743272318526914 ], [ 101.795630014058574, 12.743271345645217 ], [ 101.795629022949939, 12.7431810249885 ], [ 101.795537011320775, 12.743181997863079 ], [ 101.795536020252271, 12.743091677198553 ], [ 101.795444008648019, 12.74309265003409 ], [ 101.795443017619633, 12.743002329361751 ], [ 101.795351006040292, 12.743003302158243 ], [ 101.795350015052037, 12.742912981478099 ] ], [ [ 101.796777786891255, 12.74723377302602 ], [ 101.796869799884931, 12.747232799415936 ], [ 101.796868808018559, 12.747142478882216 ], [ 101.796960820972089, 12.747141505247324 ], [ 101.796959829080805, 12.747051184720037 ], [ 101.79705184199419, 12.747050211060333 ], [ 101.797052833918002, 12.7471405315805 ], [ 101.797144846856298, 12.747139557881743 ], [ 101.797143854899957, 12.747049237368701 ], [ 101.797235867798122, 12.747048263645134 ], [ 101.797234875816869, 12.746957943138526 ], [ 101.79705085007798, 12.746959890539479 ], [ 101.797049858169402, 12.746869570017932 ], [ 101.797141871010126, 12.746868596340542 ], [ 101.797140879076636, 12.746778275825427 ], [ 101.797232891877215, 12.746777302123231 ], [ 101.797231899918813, 12.74668698161455 ], [ 101.797323912679246, 12.746686007887545 ], [ 101.797322920695933, 12.746595687385293 ], [ 101.797414933416235, 12.746594713633481 ], [ 101.79741394140801, 12.746504393137664 ], [ 101.797597966760705, 12.746502445552498 ], [ 101.79759697469504, 12.746412125070236 ], [ 101.797504962055029, 12.746413098871662 ], [ 101.79750397002951, 12.746322778381584 ], [ 101.797411957414411, 12.746323752143955 ], [ 101.797410965429023, 12.746233431646059 ], [ 101.797318952838822, 12.746234405369375 ], [ 101.797317960893594, 12.746144084863666 ], [ 101.797225948328304, 12.746145058547928 ], [ 101.797224956423207, 12.746054738034404 ], [ 101.797132943882815, 12.746055711679615 ], [ 101.797131952017864, 12.745965391158276 ], [ 101.797039939502397, 12.745966364764428 ], [ 101.797038947677578, 12.745876044235274 ], [ 101.796762910183048, 12.74587896484079 ], [ 101.796760926751389, 12.745698323737676 ], [ 101.796392876912265, 12.745702217374379 ], [ 101.796393868494192, 12.74579253795477 ], [ 101.796485880997921, 12.745791564586366 ], [ 101.79648687261998, 12.745881885158942 ], [ 101.79657888514862, 12.745880911751488 ], [ 101.796579876810824, 12.74597123231626 ], [ 101.796671889364362, 12.74597025886975 ], [ 101.796674864494221, 12.746241220538533 ], [ 101.796490839184386, 12.746243167442351 ], [ 101.796487864249656, 12.745972205730837 ], [ 101.796211826520519, 12.745975125782989 ], [ 101.796212818060241, 12.74606544637555 ], [ 101.79602879280435, 12.746067392931581 ], [ 101.796029784286645, 12.74615771353769 ], [ 101.795845758935272, 12.746159659980238 ], [ 101.795846750360113, 12.746249980599901 ], [ 101.795754737640479, 12.746250953780399 ], [ 101.795757711863118, 12.746521915656594 ], [ 101.795849724680323, 12.746520942454735 ], [ 101.795850716135618, 12.74661126307163 ], [ 101.795942728977721, 12.746610289830722 ], [ 101.795943720473161, 12.746700610439804 ], [ 101.795851707598516, 12.746701583687837 ], [ 101.795852699069044, 12.746791904303347 ], [ 101.795760686154253, 12.746792877526568 ], [ 101.795761677599856, 12.746883198148508 ], [ 101.795577651682407, 12.746885144513394 ], [ 101.795578643070556, 12.746975465148884 ], [ 101.795486630067884, 12.746976438290545 ], [ 101.795487621431135, 12.747066758932464 ], [ 101.795579634466321, 12.747065785783679 ], [ 101.795581617280703, 12.747246427051198 ], [ 101.795673630373329, 12.747245453856245 ], [ 101.79567462182446, 12.747335774481853 ], [ 101.795766634942026, 12.747334801247844 ], [ 101.795768617932168, 12.747515442482735 ], [ 101.795952644274564, 12.747513495890439 ], [ 101.795954627425274, 12.74769413709409 ], [ 101.796138653867331, 12.747692190345576 ], [ 101.796139645519162, 12.747782510932117 ], [ 101.7962316587613, 12.74778153750284 ], [ 101.796230667076941, 12.747691216923419 ], [ 101.796414693473324, 12.747689269983297 ], [ 101.79641370173151, 12.747598949417428 ], [ 101.79650571488574, 12.747597975906586 ], [ 101.796504723119028, 12.747507655347146 ], [ 101.796596736233127, 12.747506681811496 ], [ 101.79659574444149, 12.747416361258482 ], [ 101.796687757515457, 12.747415387698023 ], [ 101.796686765698894, 12.747325067151444 ], [ 101.796778778732715, 12.747324093566171 ], [ 101.796777786891255, 12.74723377302602 ] ], [ [ 101.795960577060086, 12.748236060688432 ], [ 101.79595958543527, 12.748145740091104 ], [ 101.796051598822743, 12.748144766697212 ], [ 101.796048623896326, 12.747873804922438 ], [ 101.795956610606424, 12.747874778294968 ], [ 101.795955619012048, 12.747784457694875 ], [ 101.795771592474495, 12.747786404329892 ], [ 101.795770600952778, 12.747696083714867 ], [ 101.795678587705112, 12.747697056977351 ], [ 101.795677596223527, 12.747606736354513 ], [ 101.795585583000772, 12.747607709577947 ], [ 101.795584591559333, 12.747517388947298 ], [ 101.795492578361504, 12.747518362131677 ], [ 101.79549158696021, 12.747428041493217 ], [ 101.795215547418621, 12.747430960833396 ], [ 101.795214556122531, 12.747340640172892 ], [ 101.794846503423997, 12.747344532150921 ], [ 101.794844521114854, 12.747163890770887 ], [ 101.794752507986232, 12.747164863671324 ], [ 101.794751516875607, 12.74707454297315 ], [ 101.794659503771925, 12.74707551583454 ], [ 101.794658512701417, 12.746985195128559 ], [ 101.794474486536288, 12.746987140741307 ], [ 101.794473495538455, 12.7468968200204 ], [ 101.794381482477007, 12.746897792771756 ], [ 101.794380491519291, 12.746807472043042 ], [ 101.794288478482756, 12.74680844475535 ], [ 101.794287487565185, 12.746718124018827 ], [ 101.794195474553575, 12.74671909669209 ], [ 101.794196465438631, 12.746809417435731 ], [ 101.794104452386861, 12.746810390084175 ], [ 101.794105443246991, 12.746900710834236 ], [ 101.794013430155104, 12.746901683457867 ], [ 101.794014420990308, 12.746992004214354 ], [ 101.794106434114724, 12.74699103158361 ], [ 101.794109406763553, 12.747261993827575 ], [ 101.794017393541566, 12.747262966479667 ], [ 101.794019375280428, 12.747443607986419 ], [ 101.793927361985766, 12.747444580620806 ], [ 101.79392934369001, 12.747625222139025 ], [ 101.793837330322702, 12.747626194755711 ], [ 101.7938383211537, 12.747716515520896 ], [ 101.793746307746247, 12.747717488112764 ], [ 101.793748289366007, 12.747898129655294 ], [ 101.79365627588588, 12.747899102229455 ], [ 101.793657266674643, 12.747989423006798 ], [ 101.793749280187299, 12.747988450425522 ], [ 101.793750271016179, 12.748078771195059 ], [ 101.793842284553747, 12.748077798574732 ], [ 101.793843275422788, 12.748168119336464 ], [ 101.793935288985281, 12.748167146677087 ], [ 101.793936279894453, 12.748257467431008 ], [ 101.794028293481873, 12.74825649473258 ], [ 101.794029284431176, 12.748346815478698 ], [ 101.794121298043521, 12.74834584274122 ], [ 101.79412228903297, 12.748436163479527 ], [ 101.794214302670227, 12.748435190702994 ], [ 101.794215293699807, 12.748525511433499 ], [ 101.794399321016584, 12.748523565770389 ], [ 101.794400312118839, 12.74861388648597 ], [ 101.794492325798345, 12.748612913599393 ], [ 101.794493316940731, 12.748703234307166 ], [ 101.795137412711952, 12.748696423157099 ], [ 101.795136421341837, 12.748606102499149 ], [ 101.795412462174909, 12.74860318297714 ], [ 101.795411470714811, 12.74851286233986 ], [ 101.795595497833745, 12.74851091584641 ], [ 101.795594506316206, 12.748420595222674 ], [ 101.795686519831705, 12.748419621935165 ], [ 101.795685528289241, 12.74832930131786 ], [ 101.795777541764622, 12.748328328005531 ], [ 101.795776550197246, 12.748238007394653 ], [ 101.795960577060086, 12.748236060688432 ] ], [ [ 101.794574428139484, 12.747708733636328 ], [ 101.794482414792881, 12.747709706483672 ], [ 101.794481423734183, 12.747619385768292 ], [ 101.794573437048243, 12.747618412928064 ], [ 101.794574428139484, 12.747708733636328 ] ], [ [ 101.798571693490729, 12.751370006877904 ], [ 101.798570700688387, 12.751279686504251 ], [ 101.798294657703877, 12.751282609925184 ], [ 101.798293665006753, 12.751192289529458 ], [ 101.798201650695887, 12.751193263932088 ], [ 101.798198672747873, 12.750922302719383 ], [ 101.798106658527004, 12.750923277068692 ], [ 101.798105665925434, 12.75083295665595 ], [ 101.798013651729477, 12.750833930966193 ], [ 101.798011666614286, 12.750653290124374 ], [ 101.797919652475784, 12.750654264388421 ], [ 101.79791865996215, 12.750563943959351 ], [ 101.797826645848573, 12.750564918184333 ], [ 101.797825653375099, 12.750474597747445 ], [ 101.797641625190153, 12.750476546087331 ], [ 101.797642617598555, 12.75056686653847 ], [ 101.797458589318083, 12.750568814764843 ], [ 101.797459581669045, 12.750659135229538 ], [ 101.797367567484841, 12.75066010930194 ], [ 101.797368559810877, 12.750750429773065 ], [ 101.797276545586513, 12.750751403820647 ], [ 101.797279522512696, 12.751022365251256 ], [ 101.797371536834675, 12.751021391182302 ], [ 101.797373521555286, 12.751202032118336 ], [ 101.79746553593472, 12.751201058003192 ], [ 101.797466528338987, 12.751291378463044 ], [ 101.797558542743332, 12.751290404308831 ], [ 101.797559535187744, 12.751380724760871 ], [ 101.797743564038669, 12.751378776342369 ], [ 101.797744556555784, 12.751469096779465 ], [ 101.797928585441326, 12.751467148218937 ], [ 101.797929578031145, 12.75155746864109 ], [ 101.798021592495019, 12.751556494305785 ], [ 101.798022585124983, 12.751646814720122 ], [ 101.798114599613783, 12.751645840345747 ], [ 101.798115592283921, 12.751736160752268 ], [ 101.798207606797632, 12.751735186338824 ], [ 101.798208599507916, 12.751825506737523 ], [ 101.798392628577588, 12.751823557800545 ], [ 101.79839362136056, 12.7519138781843 ], [ 101.798669665005534, 12.75191095451787 ], [ 101.798670657893766, 12.752001274879554 ], [ 101.798762672459389, 12.752000300253059 ], [ 101.798761679538615, 12.751909979898501 ], [ 101.798853694064078, 12.751909005247191 ], [ 101.798852701118392, 12.751818684899073 ], [ 101.798944715603696, 12.751817710222946 ], [ 101.798942729670102, 12.751637069538885 ], [ 101.798850715249884, 12.75163804420076 ], [ 101.798849722327049, 12.751547723850564 ], [ 101.798757707931756, 12.751548698473366 ], [ 101.798755722174036, 12.751368057756647 ], [ 101.798571693490729, 12.751370006877904 ] ], [ [ 101.798306570663527, 12.752366454619926 ], [ 101.798305577874984, 12.752276134232499 ], [ 101.798213563173647, 12.752277108720648 ], [ 101.798212570425264, 12.752186788325409 ], [ 101.798120555748838, 12.752187762774485 ], [ 101.798119563040615, 12.752097442371424 ], [ 101.798027548389115, 12.752098416781429 ], [ 101.798026555721052, 12.752008096370551 ], [ 101.797934541094477, 12.752009070741485 ], [ 101.797933548466574, 12.751918750322789 ], [ 101.797749519255646, 12.751920698954573 ], [ 101.797748526700445, 12.751830378520934 ], [ 101.797656512116092, 12.75183135278178 ], [ 101.797655519601037, 12.751741032340327 ], [ 101.797563505041623, 12.751742006562111 ], [ 101.797562512566728, 12.751651686112833 ], [ 101.797470498032226, 12.751652660295546 ], [ 101.797468513170372, 12.751472019380678 ], [ 101.79728448420866, 12.751473967621768 ], [ 101.797283491854245, 12.751383647149048 ], [ 101.797191477394506, 12.751384621214559 ], [ 101.797190485080236, 12.751294300734019 ], [ 101.797098470645437, 12.751295274760459 ], [ 101.797097478371313, 12.75120495427211 ], [ 101.797005463961426, 12.751205928259482 ], [ 101.797004471727462, 12.751115607763316 ], [ 101.796820442949922, 12.751117555627983 ], [ 101.796819450788647, 12.751027235116878 ], [ 101.79672743642098, 12.751028208994178 ], [ 101.796725452186365, 12.750847567955651 ], [ 101.796633437876167, 12.750848541786759 ], [ 101.796632445802828, 12.750758221259339 ], [ 101.796540431517542, 12.750759195051383 ], [ 101.796539439484349, 12.750668874516146 ], [ 101.796447425223988, 12.750669848269128 ], [ 101.79644643323094, 12.750579527726078 ], [ 101.796354418995506, 12.750580501439995 ], [ 101.796353427042618, 12.750490180889132 ], [ 101.796169398613984, 12.750492128206899 ], [ 101.79616840673377, 12.750401807641099 ], [ 101.795984378339782, 12.750403754816862 ], [ 101.795983386532242, 12.750313434236128 ], [ 101.795799358172872, 12.750315381269884 ], [ 101.795798366438021, 12.750225060674222 ], [ 101.795614338113268, 12.750227007565973 ], [ 101.795613346451105, 12.750136686955381 ], [ 101.795337304004491, 12.750139607032093 ], [ 101.795336312447546, 12.750049286399449 ], [ 101.794324156581908, 12.750059990809685 ], [ 101.794325147780938, 12.750150311520619 ], [ 101.794233133533155, 12.750151284464296 ], [ 101.794232142366639, 12.750060963746241 ], [ 101.793680056915335, 12.750066800694853 ], [ 101.79367906595165, 12.749976479933412 ], [ 101.793587051715676, 12.749977452639277 ], [ 101.793586060792109, 12.749887131870029 ], [ 101.793494046581088, 12.749888104536836 ], [ 101.793492064821848, 12.749707462982041 ], [ 101.793400050668282, 12.749708435602683 ], [ 101.793404014087017, 12.750069718737963 ], [ 101.793496028370726, 12.75006874608887 ], [ 101.793498010190802, 12.75024938763813 ], [ 101.79359002453198, 12.750248414942863 ], [ 101.793591015485958, 12.750338735709345 ], [ 101.793683029852076, 12.750337762975022 ], [ 101.7936840208462, 12.750428083733699 ], [ 101.793776035237244, 12.750427110960322 ], [ 101.793777026271499, 12.75051743171119 ], [ 101.794053069496613, 12.750514513178064 ], [ 101.794054060636086, 12.750604833906891 ], [ 101.794146075061775, 12.750603860991518 ], [ 101.794145083889759, 12.750513540269806 ], [ 101.794605155741408, 12.750508675249385 ], [ 101.794604164414309, 12.750418354562564 ], [ 101.795248264459289, 12.750411542242258 ], [ 101.795249256014145, 12.750501862879256 ], [ 101.795617313145414, 12.75049796939361 ], [ 101.79561830483803, 12.750588290001438 ], [ 101.795802333423069, 12.750586343052728 ], [ 101.795803325188373, 12.750676663645624 ], [ 101.79598735380803, 12.750674716554906 ], [ 101.795988345646009, 12.750765037132872 ], [ 101.796080359976969, 12.750764063532477 ], [ 101.796081351855094, 12.750854384102629 ], [ 101.796173366210979, 12.750853410463177 ], [ 101.796175350055151, 12.751034051587162 ], [ 101.796359378874214, 12.751032104183938 ], [ 101.796361362878997, 12.751212745276673 ], [ 101.796453377342175, 12.751211771512905 ], [ 101.796454369388528, 12.751302092051116 ], [ 101.796638398357132, 12.7513001444135 ], [ 101.796639390476187, 12.751390464936778 ], [ 101.796823419479409, 12.751388517157146 ], [ 101.796824411671153, 12.751478837665475 ], [ 101.796916426193874, 12.751477863720623 ], [ 101.796917418425778, 12.751568184221142 ], [ 101.797009432973425, 12.751567210237225 ], [ 101.79701042524546, 12.751657530729931 ], [ 101.797102439818048, 12.751656556706941 ], [ 101.797103432130243, 12.751746877191833 ], [ 101.797195446727756, 12.751745903129777 ], [ 101.797197431440068, 12.751926544083236 ], [ 101.797289446095036, 12.751925569974988 ], [ 101.797290438495168, 12.752015890443555 ], [ 101.797474467847337, 12.752013942116976 ], [ 101.797475460320157, 12.752104262570604 ], [ 101.797659489706945, 12.752102314101993 ], [ 101.797660482252454, 12.752192634540682 ], [ 101.797752496966964, 12.752191660251333 ], [ 101.797753489552662, 12.752281980682204 ], [ 101.797845504292084, 12.752281006353783 ], [ 101.797846496917913, 12.752371326776839 ], [ 101.798030526439007, 12.752369378009911 ], [ 101.798031519137538, 12.752459698418019 ], [ 101.798215548693264, 12.752457749509057 ], [ 101.798216541464498, 12.752548069902222 ], [ 101.798308556263464, 12.752547095392698 ], [ 101.798309549074858, 12.752637415778043 ], [ 101.798493578715025, 12.752635466648893 ], [ 101.798494571599122, 12.752725787019298 ], [ 101.798586586440308, 12.752724812399675 ], [ 101.798587579364593, 12.75281513276226 ], [ 101.798679594230705, 12.752814158103563 ], [ 101.798680587195122, 12.752904478458328 ], [ 101.798864616969581, 12.752902529030841 ], [ 101.79886263091818, 12.75272188834913 ], [ 101.798770616099844, 12.752722863064591 ], [ 101.798769623118119, 12.75263254271557 ], [ 101.798585593523669, 12.752634492036401 ], [ 101.798584600614646, 12.752544171672433 ], [ 101.798492585838531, 12.752545146277802 ], [ 101.798491592969683, 12.752454825906012 ], [ 101.798399578218493, 12.75245580047231 ], [ 101.798398585389776, 12.752365480092704 ], [ 101.798306570663527, 12.752366454619926 ] ], [ [ 101.797111370901959, 12.752469441046063 ], [ 101.797112363282693, 12.752559761524729 ], [ 101.797388407930981, 12.75255683905038 ], [ 101.797386422981859, 12.752376198135101 ], [ 101.797294408171808, 12.752377172310915 ], [ 101.797293415741223, 12.752286851845112 ], [ 101.797201400956084, 12.752287825981856 ], [ 101.797199416182835, 12.75210718503393 ], [ 101.797015386719892, 12.752109133183087 ], [ 101.797014394409771, 12.752018812693843 ], [ 101.796922379699424, 12.752019786713376 ], [ 101.79692138742945, 12.751929466216314 ], [ 101.796829372744028, 12.751930440196784 ], [ 101.796828380514214, 12.751840119691904 ], [ 101.796736365853704, 12.751841093633306 ], [ 101.796735373664063, 12.751750773120616 ], [ 101.796643359028479, 12.751751747022949 ], [ 101.79664236687897, 12.751661426502441 ], [ 101.796550352268326, 12.75166240036571 ], [ 101.796549360158991, 12.751572079837389 ], [ 101.796457345573245, 12.751573053661589 ], [ 101.796456353504055, 12.751482733125457 ], [ 101.796364338943249, 12.751483706910591 ], [ 101.79636334691422, 12.751393386366646 ], [ 101.796271332378339, 12.751394360112714 ], [ 101.796270340389455, 12.751304039560953 ], [ 101.796086311359929, 12.751305986943018 ], [ 101.796085319443733, 12.751215666376323 ], [ 101.795809275939973, 12.751218587188484 ], [ 101.79581026775854, 12.75130890777654 ], [ 101.795718253209529, 12.751309881323827 ], [ 101.79571924500317, 12.751400201918313 ], [ 101.795627230413999, 12.751401175440778 ], [ 101.79562921395906, 12.751581816641908 ], [ 101.7955371992972, 12.751582790146664 ], [ 101.795540174574242, 12.751853751964537 ], [ 101.79563218933373, 12.751852778438421 ], [ 101.795633181140516, 12.751943099035877 ], [ 101.795725195924931, 12.751942125470691 ], [ 101.795726187771862, 12.752032446060337 ], [ 101.795818202581188, 12.752031472456089 ], [ 101.795820186362974, 12.752212113619057 ], [ 101.795912201229783, 12.752211139968626 ], [ 101.795913193164637, 12.752301460541949 ], [ 101.796097222940489, 12.752299513131002 ], [ 101.796098214948032, 12.752389833689397 ], [ 101.79628224475853, 12.752387886136425 ], [ 101.796281252685901, 12.752297565592272 ], [ 101.796557297246906, 12.752294644044582 ], [ 101.796558289417163, 12.752384964567367 ], [ 101.796926348855408, 12.75238106869471 ], [ 101.796927341163453, 12.752471389188315 ], [ 101.797111370901959, 12.752469441046063 ] ], [ [ 101.798776574150239, 12.753264785144184 ], [ 101.798775581122797, 12.753174464799313 ], [ 101.798591551137832, 12.753176414205674 ], [ 101.798590558183093, 12.753086093845857 ], [ 101.798498543211721, 12.753087068493988 ], [ 101.798497550297142, 12.752996748126352 ], [ 101.798313520396647, 12.752998697312515 ], [ 101.798312527554771, 12.752908376929934 ], [ 101.798128497688879, 12.752910325974055 ], [ 101.798129490465669, 12.753000646370888 ], [ 101.798037475488755, 12.753001620852151 ], [ 101.7980404537672, 12.75327258205988 ], [ 101.798132468841743, 12.753271607557236 ], [ 101.798133461649002, 12.753361927951305 ], [ 101.79822547674847, 12.753360953409587 ], [ 101.798226469595903, 12.753451273795831 ], [ 101.798318484720312, 12.753450299215038 ], [ 101.79831947760789, 12.753540619593469 ], [ 101.798135447286384, 12.753542568737357 ], [ 101.798136440116508, 12.753632889129348 ], [ 101.797860394479471, 12.753635812626939 ], [ 101.797861387219569, 12.753726133039617 ], [ 101.797769371959447, 12.753727107482041 ], [ 101.797773342865852, 12.754088389154328 ], [ 101.797865358256161, 12.754087414683402 ], [ 101.797866351034344, 12.754177735092616 ], [ 101.797958366449592, 12.754176760582615 ], [ 101.797959359267949, 12.754267080984013 ], [ 101.798051374708109, 12.754266106434935 ], [ 101.798054353306526, 12.754537067613601 ], [ 101.798146368836711, 12.754536093011192 ], [ 101.798147361750651, 12.754626413395572 ], [ 101.798055346187908, 12.754627388005108 ], [ 101.798056339076894, 12.754717708395917 ], [ 101.797964323474005, 12.754718682980625 ], [ 101.797967302089049, 12.754989644170294 ], [ 101.797875286380901, 12.754990618744426 ], [ 101.797876279235254, 12.755080939146721 ], [ 101.797968294975973, 12.755079964565464 ], [ 101.797970280772674, 12.755260605353728 ], [ 101.798062296570876, 12.755259630726266 ], [ 101.79806428246313, 12.755440271497513 ], [ 101.798156298318816, 12.755439296823846 ], [ 101.798157291308925, 12.755529617201303 ], [ 101.798249307189536, 12.755528642488551 ], [ 101.79824732115182, 12.755348001747196 ], [ 101.7983393369597, 12.755347027016745 ], [ 101.798338343919738, 12.755256706652153 ], [ 101.798430359687458, 12.755255731896876 ], [ 101.798428373565272, 12.755075091179874 ], [ 101.798520389260261, 12.755074116406899 ], [ 101.798519396178051, 12.754983796054487 ], [ 101.79861141183288, 12.754982821256682 ], [ 101.798609425626211, 12.754802180564038 ], [ 101.798701441208337, 12.754801205748535 ], [ 101.798700448083878, 12.754710885408304 ], [ 101.79879246362583, 12.754709910567978 ], [ 101.798790477334691, 12.754529269899695 ], [ 101.798882492803912, 12.754528295041672 ], [ 101.79888050647817, 12.754347654384869 ], [ 101.798696475662283, 12.754349604040451 ], [ 101.798695482575937, 12.754259283696756 ], [ 101.79860346718911, 12.754260258469493 ], [ 101.798602474142911, 12.754169938117982 ], [ 101.798510458781024, 12.754170912851636 ], [ 101.798505493827136, 12.75371931104806 ], [ 101.798689524217863, 12.753717361620069 ], [ 101.798690517258493, 12.753807681967915 ], [ 101.79896656288507, 12.753804757564923 ], [ 101.798965569746812, 12.753714437238465 ], [ 101.799149600061327, 12.753712487490976 ], [ 101.799146620497012, 12.753441526550212 ], [ 101.799054605441185, 12.753442501418544 ], [ 101.799053612300852, 12.753352181096444 ], [ 101.798869582231447, 12.753354130723004 ], [ 101.798868589163831, 12.753263810385954 ], [ 101.798776574150239, 12.753264785144184 ] ], [ [ 101.798413478620333, 12.753720285714129 ], [ 101.798412485684977, 12.75362996534421 ], [ 101.79850450085921, 12.753628990685266 ], [ 101.798505493827136, 12.75371931104806 ], [ 101.798413478620333, 12.753720285714129 ] ], [ [ 101.796670149943139, 12.754190400815126 ], [ 101.796669157588056, 12.754100080313297 ], [ 101.796577142098727, 12.754101054368865 ], [ 101.796575157476482, 12.753920413348888 ], [ 101.796943219127698, 12.753916516991893 ], [ 101.796942226697823, 12.753826196509358 ], [ 101.796574165176779, 12.753830092837866 ], [ 101.796573172884706, 12.753739772326146 ], [ 101.79648115751796, 12.753740746321277 ], [ 101.796480165266033, 12.753650425801744 ], [ 101.796388149924212, 12.7536513997578 ], [ 101.796387157712445, 12.753561079230456 ], [ 101.79629514239555, 12.753562053147444 ], [ 101.796296134574774, 12.753652373681911 ], [ 101.796020088480802, 12.753655295262538 ], [ 101.79602108057, 12.753745615817678 ], [ 101.796113095974817, 12.753744641982296 ], [ 101.796114088104176, 12.75383496252962 ], [ 101.796206103533919, 12.753833988655172 ], [ 101.796208087880572, 12.754014629733504 ], [ 101.796116072385729, 12.754015603622197 ], [ 101.79611706453791, 12.754105924167449 ], [ 101.795933033460301, 12.754107871863226 ], [ 101.795934025555013, 12.754198192422026 ], [ 101.795842009972233, 12.754199166229112 ], [ 101.795844986204415, 12.754470127922721 ], [ 101.795937001884838, 12.754469154094275 ], [ 101.795940970431175, 12.754830436314258 ], [ 101.796032986234181, 12.754829462425379 ], [ 101.79603596282152, 12.755100424061736 ], [ 101.796127978714537, 12.755099450119541 ], [ 101.796131947734452, 12.755460732263185 ], [ 101.796223963750066, 12.755459758260551 ], [ 101.796222971451115, 12.755369437732798 ], [ 101.796407003394407, 12.755367489645911 ], [ 101.796406011037973, 12.755277169131713 ], [ 101.796498026965651, 12.755276195047459 ], [ 101.796496042210535, 12.755095554031227 ], [ 101.796588058065495, 12.755094579929267 ], [ 101.796584088516425, 12.754733297916987 ], [ 101.796492072791665, 12.754734271990461 ], [ 101.796486118891778, 12.754192348908559 ], [ 101.796670149943139, 12.754190400815126 ] ], [ [ 101.797700190319404, 12.755805451520851 ], [ 101.797697211791615, 12.755534490285735 ], [ 101.797605195865302, 12.75553546480676 ], [ 101.797602217503723, 12.75526450354405 ], [ 101.797510201667436, 12.755265478011744 ], [ 101.797507223472053, 12.754994516721428 ], [ 101.797415207725805, 12.754995491135798 ], [ 101.797413222365392, 12.754814850257878 ], [ 101.797229190980232, 12.754816798962263 ], [ 101.797230183591537, 12.754907119415813 ], [ 101.797138167854982, 12.754908093727201 ], [ 101.797139160441333, 12.754998414187185 ], [ 101.797047144664617, 12.754999388473745 ], [ 101.797050122371772, 12.755270349870919 ], [ 101.79714213824613, 12.755269375562991 ], [ 101.797151072071784, 12.756082259653041 ], [ 101.797243088231497, 12.756081285249047 ], [ 101.797246066408121, 12.756352246578571 ], [ 101.797338082657873, 12.756351272121245 ], [ 101.797339075431196, 12.756441592555912 ], [ 101.797523107972935, 12.756439643531147 ], [ 101.797524100819004, 12.756529963950873 ], [ 101.797984182202811, 12.756525090794094 ], [ 101.797983189193999, 12.756434770409992 ], [ 101.7981672216291, 12.756432820937833 ], [ 101.798166228562792, 12.756342500567293 ], [ 101.797982196192805, 12.7563444500252 ], [ 101.797981203199228, 12.756254129639718 ], [ 101.797889187035352, 12.756255104313613 ], [ 101.797887201136163, 12.756074463526316 ], [ 101.79779518502977, 12.756075438154001 ], [ 101.797792206335757, 12.755804476946496 ], [ 101.797700190319404, 12.755805451520851 ] ], [ [ 101.796705601788986, 12.77415316598068 ], [ 101.796704607815926, 12.774062845617621 ], [ 101.796336516956629, 12.77406674768849 ], [ 101.79633850464954, 12.774247388470902 ], [ 101.796522550224836, 12.774245437470983 ], [ 101.796524538078629, 12.774426078222138 ], [ 101.796616560920043, 12.774425102659928 ], [ 101.796619542855666, 12.774696063760091 ], [ 101.796527519916438, 12.774697039343668 ], [ 101.796529507846401, 12.774877680087892 ], [ 101.796621530850842, 12.774876704490067 ], [ 101.796625506932571, 12.775237985941709 ], [ 101.796533483797703, 12.775238961568023 ], [ 101.79653547181907, 12.775419602303934 ], [ 101.796627495019138, 12.775418626663374 ], [ 101.796628489073839, 12.775508947023166 ], [ 101.796536465841172, 12.775509922670848 ], [ 101.79653944795318, 12.775780883767435 ], [ 101.796447424615081, 12.77578185940448 ], [ 101.796448418635038, 12.775872179775742 ], [ 101.796356395256709, 12.775873155387906 ], [ 101.796357389251682, 12.775963475765602 ], [ 101.796265365833136, 12.775964451352877 ], [ 101.796266359803113, 12.776054771737 ], [ 101.796634453562064, 12.776050869167365 ], [ 101.796635447670084, 12.77614118952231 ], [ 101.797187588275648, 12.776135334664891 ], [ 101.797188582586941, 12.776225654976397 ], [ 101.79737262945973, 12.776223703086949 ], [ 101.797354731848344, 12.774597937630286 ], [ 101.797262709002652, 12.774598913462771 ], [ 101.797261714795894, 12.774508593145915 ], [ 101.797169691975185, 12.774509568939273 ], [ 101.797168697808644, 12.774419248614603 ], [ 101.796984652209574, 12.774421200091057 ], [ 101.79698266402977, 12.774240559411131 ], [ 101.796890641284023, 12.774241535087111 ], [ 101.796889647238132, 12.774151214738984 ], [ 101.796705601788986, 12.77415316598068 ] ], [ [ 101.801188814717236, 12.729933885633679 ], [ 101.801189806728573, 12.730024205949446 ], [ 101.801281813165659, 12.730023232098175 ], [ 101.801283797276184, 12.73020387271337 ], [ 101.801559816736514, 12.730200950925424 ], [ 101.801557832431115, 12.730020310353034 ], [ 101.801649838837676, 12.730019336374214 ], [ 101.801648846663923, 12.729929016094117 ], [ 101.801556840289834, 12.729929990065804 ], [ 101.80155485603018, 12.729749349489268 ], [ 101.801462849713417, 12.7297503234148 ], [ 101.801460865549217, 12.729569682821227 ], [ 101.801368859289795, 12.729570656700606 ], [ 101.801367867251599, 12.729480336395653 ], [ 101.801275861017032, 12.729481310236009 ], [ 101.801273877028507, 12.729300669609758 ], [ 101.800905852273786, 12.729304564595255 ], [ 101.800908827878288, 12.729575525619186 ], [ 101.800816821573122, 12.729576499307246 ], [ 101.8008158297298, 12.729486178959492 ], [ 101.800723823449488, 12.729487152608533 ], [ 101.800722831646269, 12.729396832252956 ], [ 101.800630825390812, 12.729397805862973 ], [ 101.800629833627696, 12.729307485499577 ], [ 101.80044582115886, 12.729309432609691 ], [ 101.800446812857018, 12.729399752987353 ], [ 101.800262800292742, 12.729401699984187 ], [ 101.800264783582008, 12.72958234076596 ], [ 101.80017277722348, 12.72958331423081 ], [ 101.800173768847074, 12.729673634627794 ], [ 101.800265775238088, 12.729672661155814 ], [ 101.800267758573099, 12.729853301933442 ], [ 101.80035976502144, 12.729852328415316 ], [ 101.800360756732857, 12.729942648795962 ], [ 101.800452763206053, 12.729941675238818 ], [ 101.800453754957573, 12.730031995611641 ], [ 101.800545761455624, 12.730031022015476 ], [ 101.800546753247247, 12.730121342380478 ], [ 101.80073076628544, 12.730119395078219 ], [ 101.800731758149652, 12.730209715428266 ], [ 101.800823764689795, 12.730208741722173 ], [ 101.800825748506028, 12.730389382405933 ], [ 101.800917755103512, 12.730388408653685 ], [ 101.800916763159108, 12.730298088319284 ], [ 101.801008769716475, 12.730297114542278 ], [ 101.801009761693365, 12.730387434869547 ], [ 101.801101768275615, 12.730386461053518 ], [ 101.80109879227038, 12.730115500091037 ], [ 101.801006785785589, 12.730116473885664 ], [ 101.801002818015263, 12.72975519256415 ], [ 101.801094824370139, 12.729754218798055 ], [ 101.801096808305005, 12.729934859445926 ], [ 101.801188814717236, 12.729933885633679 ] ], [ [ 101.801602810166841, 12.742485478294356 ], [ 101.801694821065553, 12.742484503362867 ], [ 101.801693827871873, 12.742394183171017 ], [ 101.801785838730453, 12.742393208214741 ], [ 101.801784845511889, 12.742302888029339 ], [ 101.80187685633031, 12.742301913048278 ], [ 101.801875863086877, 12.742211592869319 ], [ 101.801967873865152, 12.742210617863472 ], [ 101.801966880596822, 12.742120297690954 ], [ 101.802058891334966, 12.742119322660326 ], [ 101.802056904756157, 12.741938682327493 ], [ 101.802148915421668, 12.741937707279218 ], [ 101.802145935513124, 12.741666746796183 ], [ 101.801961914369571, 12.741668696818001 ], [ 101.80195992793206, 12.741488056463981 ], [ 101.801867917413873, 12.741489031412742 ], [ 101.801866924239064, 12.741398711227554 ], [ 101.801682903244824, 12.741400661015055 ], [ 101.801681910142662, 12.741310340814907 ], [ 101.80149788918294, 12.741312290460471 ], [ 101.801496896153438, 12.741221970245366 ], [ 101.801128854272491, 12.741225869124948 ], [ 101.80112984717195, 12.741316189368588 ], [ 101.801037836650139, 12.74131716401582 ], [ 101.801040815296759, 12.741588124764002 ], [ 101.801132825916099, 12.741587150095363 ], [ 101.801133818846054, 12.74167747033624 ], [ 101.801041808194213, 12.741678445012012 ], [ 101.801042801099285, 12.741768765259325 ], [ 101.800950790407299, 12.741769739910312 ], [ 101.800957740728762, 12.742401981672112 ], [ 101.800865729801558, 12.74240295634111 ], [ 101.800866722702608, 12.742493276597161 ], [ 101.800774711735258, 12.742494251241373 ], [ 101.800775704611439, 12.742584571503865 ], [ 101.80086771561129, 12.742583596852523 ], [ 101.800868708527588, 12.742673917107194 ], [ 101.800776697495209, 12.742674891765667 ], [ 101.800778683285671, 12.742855532287198 ], [ 101.800686672180646, 12.742856506928016 ], [ 101.800687665054795, 12.742946827194874 ], [ 101.800779676192334, 12.742945852546924 ], [ 101.800780669106615, 12.743036172805962 ], [ 101.801056702571032, 12.74303324864918 ], [ 101.801055709559208, 12.742942928411539 ], [ 101.801239731765648, 12.742940978828345 ], [ 101.801238738696426, 12.742850658604285 ], [ 101.801330749755707, 12.742849683771938 ], [ 101.801329756661573, 12.742759363554317 ], [ 101.801421767680694, 12.742758388697185 ], [ 101.801420774561691, 12.742668068486006 ], [ 101.80151278554068, 12.742667093604087 ], [ 101.801511792396781, 12.742576773399355 ], [ 101.801603803335624, 12.742575798492648 ], [ 101.801602810166841, 12.742485478294356 ] ], [ [ 101.81015879490117, 12.742304353578835 ], [ 101.810154810238188, 12.741943075434127 ], [ 101.810246820263956, 12.741942097569908 ], [ 101.810243831749517, 12.741671138975583 ], [ 101.810335841670096, 12.74167016110091 ], [ 101.810334845481407, 12.741579841575243 ], [ 101.810426855361825, 12.741578863675812 ], [ 101.810425859148282, 12.741488544156608 ], [ 101.810517868988541, 12.741487566232422 ], [ 101.810516872750142, 12.741397246719684 ], [ 101.810608882550241, 12.741396268770735 ], [ 101.810607886286974, 12.741305949264461 ], [ 101.810699896046913, 12.741304971290754 ], [ 101.810697903478314, 12.741124332290452 ], [ 101.810789913165593, 12.741123354299143 ], [ 101.810787920562575, 12.740942715310382 ], [ 101.810879930177165, 12.740941737301476 ], [ 101.810878933854639, 12.740851417813216 ], [ 101.810970943429083, 12.740850439779555 ], [ 101.810967954409847, 12.740579481332102 ], [ 101.811059963879117, 12.740578503287997 ], [ 101.811058967522172, 12.740488183811287 ], [ 101.811150976951282, 12.740487205742429 ], [ 101.811145995118792, 12.740035608384296 ], [ 101.810961976577985, 12.740037564418509 ], [ 101.810962972864175, 12.740127883905837 ], [ 101.810870963549789, 12.740128861882233 ], [ 101.810871959811109, 12.740219181376027 ], [ 101.810779950456578, 12.74022015932767 ], [ 101.810781942937169, 12.740400798327498 ], [ 101.810689933509948, 12.740401776261544 ], [ 101.810692922190697, 12.740672734777572 ], [ 101.810600912658316, 12.740673712701176 ], [ 101.810602905085389, 12.740854351722716 ], [ 101.810510895480348, 12.740855329628719 ], [ 101.810511891672846, 12.74094564914561 ], [ 101.810419882027645, 12.740946627026855 ], [ 101.810420878195288, 12.74103694655021 ], [ 101.810328868509927, 12.741037924406701 ], [ 101.810329864652701, 12.741128243936521 ], [ 101.81023785492718, 12.741129221768247 ], [ 101.810239847170692, 12.741309860840126 ], [ 101.810147837372497, 12.74131083865425 ], [ 101.81014982958159, 12.741491477737677 ], [ 101.810057819710721, 12.741492455534198 ], [ 101.810058815794235, 12.74158277508203 ], [ 101.809966805883207, 12.741583752853789 ], [ 101.809968798008157, 12.74176439196169 ], [ 101.809876788024468, 12.741765369715845 ], [ 101.809877784065904, 12.74185568927591 ], [ 101.809969794082107, 12.7418547115146 ], [ 101.809970790163703, 12.741945031066816 ], [ 101.809878780114985, 12.741946008835283 ], [ 101.809894717940665, 12.743391121691172 ], [ 101.809986728509614, 12.74339014380821 ], [ 101.809988720940538, 12.74357078288843 ], [ 101.810080731566856, 12.743569804959236 ], [ 101.81008770554368, 12.744202041668109 ], [ 101.810271727228596, 12.744200085613762 ], [ 101.810269734495463, 12.74401944658617 ], [ 101.810361745261403, 12.744018468525422 ], [ 101.810354770708827, 12.743386231957148 ], [ 101.810262760170488, 12.743387209967798 ], [ 101.810255786220395, 12.742754973315519 ], [ 101.810163775902026, 12.742755951244149 ], [ 101.810161783478733, 12.742575312180097 ], [ 101.81006977321772, 12.742576290062496 ], [ 101.8100667847377, 12.742305331439763 ], [ 101.81015879490117, 12.742304353578835 ] ], [ [ 101.794905695556153, 12.735962175677475 ], [ 101.794899754081825, 12.735420251092012 ], [ 101.794991762961146, 12.735419279021105 ], [ 101.794989782465578, 12.735238637501325 ], [ 101.79508179127231, 12.73523766541275 ], [ 101.795078820488541, 12.734966703149256 ], [ 101.79517082919017, 12.734965731050133 ], [ 101.795169838911633, 12.73487541030137 ], [ 101.795261847573173, 12.734874438177462 ], [ 101.795260857269753, 12.734784117435131 ], [ 101.795352865891189, 12.734783145286443 ], [ 101.795351875562886, 12.734692824550535 ], [ 101.79544388414422, 12.734691852377066 ], [ 101.795442893791019, 12.734601531647586 ], [ 101.79553490233225, 12.734600559449333 ], [ 101.795532921583714, 12.734419918002542 ], [ 101.795808946966787, 12.734417001259102 ], [ 101.795807956506465, 12.734326680556025 ], [ 101.795899964919784, 12.73432570825153 ], [ 101.795898974434564, 12.734235387554889 ], [ 101.796082991173378, 12.734233442864443 ], [ 101.796082000630804, 12.734143122181349 ], [ 101.796266017274192, 12.734141177377545 ], [ 101.796265026674234, 12.734050856708002 ], [ 101.796357034952024, 12.734049884265371 ], [ 101.796356044327183, 12.733959563602259 ], [ 101.796540060794939, 12.73395761863555 ], [ 101.796539070112729, 12.733867297985986 ], [ 101.796723086485059, 12.733865352905928 ], [ 101.79672209574548, 12.733775032269918 ], [ 101.796998120149397, 12.733772114431957 ], [ 101.796997129319976, 12.733681793816622 ], [ 101.797365161621983, 12.733677902947928 ], [ 101.797364170670207, 12.7335875823604 ], [ 101.79745617869419, 12.733586609570606 ], [ 101.797455187717532, 12.733496288989507 ], [ 101.797731211646308, 12.733493370450113 ], [ 101.797730220579808, 12.733403049889697 ], [ 101.797822228508352, 12.733402076986565 ], [ 101.797821237416969, 12.733311756432579 ], [ 101.798005253186233, 12.733309810544872 ], [ 101.798004262037495, 12.733219490004446 ], [ 101.798188277711304, 12.733217544003402 ], [ 101.798187286505197, 12.733127223476542 ], [ 101.798279294298212, 12.7331262504353 ], [ 101.798278303067235, 12.733035929914873 ], [ 101.798462318565385, 12.733033983750955 ], [ 101.798461327277067, 12.73294366324409 ], [ 101.79855333498223, 12.73294269012141 ], [ 101.79855234366903, 12.732852369620979 ], [ 101.79864435133409, 12.732851396473535 ], [ 101.798643359996021, 12.732761075979543 ], [ 101.798827375238318, 12.732759129603219 ], [ 101.798826383842894, 12.732668809122785 ], [ 101.798918391420131, 12.732667835893908 ], [ 101.798917399999837, 12.732577515419914 ], [ 101.799101415066474, 12.732575568880732 ], [ 101.799100423588825, 12.732485248420303 ], [ 101.799192431078225, 12.732484275109998 ], [ 101.799191439575708, 12.732393954656004 ], [ 101.799283447025005, 12.732392981320933 ], [ 101.799281463977863, 12.732212340425134 ], [ 101.799373471354571, 12.732211367072425 ], [ 101.799372479809946, 12.732121046630619 ], [ 101.799464487146551, 12.732120073253144 ], [ 101.799463495577058, 12.732029752817775 ], [ 101.799555502873545, 12.732028779415536 ], [ 101.799553519692452, 12.731848138556984 ], [ 101.79964552691635, 12.731847165137113 ], [ 101.799644535304751, 12.731756844713928 ], [ 101.799736542488546, 12.731755871269296 ], [ 101.799734559223239, 12.731575230435114 ], [ 101.79982656633446, 12.731574256972843 ], [ 101.799823591396176, 12.731303295737781 ], [ 101.799915598402322, 12.731302322265011 ], [ 101.799892792073749, 12.729224952753631 ], [ 101.799984798325241, 12.729223979412964 ], [ 101.799983806804704, 12.729133658998267 ], [ 101.800351831604516, 12.729129765345263 ], [ 101.800350839961681, 12.729039444958394 ], [ 101.800442846110101, 12.729038471472562 ], [ 101.800441854442425, 12.728948151092139 ], [ 101.800625866651458, 12.728946204039074 ], [ 101.800624874926456, 12.728855883672219 ], [ 101.80080888704002, 12.72885393650588 ], [ 101.800807895257705, 12.728763616152602 ], [ 101.800991907275829, 12.728761668872989 ], [ 101.800989923604135, 12.728581028192892 ], [ 101.801081929536821, 12.728580054519522 ], [ 101.801079945830665, 12.728399413850926 ], [ 101.801263957543242, 12.728397466437071 ], [ 101.801264949457462, 12.728487786757448 ], [ 101.801540967066586, 12.728484865376137 ], [ 101.801539975054951, 12.728394545077162 ], [ 101.801631980876934, 12.728393571226757 ], [ 101.801630988840444, 12.728303250934223 ], [ 101.801722994622324, 12.72830227705907 ], [ 101.801719026422731, 12.72794099591057 ], [ 101.801627020770738, 12.727941969757186 ], [ 101.801623052823047, 12.727580688569097 ], [ 101.801531047293324, 12.727581662355291 ], [ 101.801530055357929, 12.727491342049406 ], [ 101.801438049853061, 12.727492315796587 ], [ 101.801437057957756, 12.727401995482879 ], [ 101.801345052477728, 12.727402969191047 ], [ 101.801346044340548, 12.727493289511884 ], [ 101.801254038820431, 12.727494263195304 ], [ 101.80125503065841, 12.727584583522587 ], [ 101.801163025098191, 12.727585557181259 ], [ 101.80116500873207, 12.727766197848021 ], [ 101.801073003099276, 12.727767171489075 ], [ 101.801073994895177, 12.727857491828555 ], [ 101.801166000560428, 12.727856518180369 ], [ 101.801169967950159, 12.728217799502847 ], [ 101.800985956352221, 12.728219746824402 ], [ 101.800984964558296, 12.728129426480551 ], [ 101.800892958780366, 12.728130400086371 ], [ 101.800888991810822, 12.727769118675537 ], [ 101.800704980491886, 12.727771065734471 ], [ 101.80070398883349, 12.727680745365772 ], [ 101.800611983195068, 12.727681718840282 ], [ 101.800612974820979, 12.727772039216115 ], [ 101.800520969142454, 12.727773012665875 ], [ 101.800524935592421, 12.728134294190822 ], [ 101.800616941400833, 12.728133320712537 ], [ 101.800617933064856, 12.728223641084913 ], [ 101.800525927223973, 12.728224614570331 ], [ 101.800532868858227, 12.728856857207562 ], [ 101.799980832288838, 12.72886269775003 ], [ 101.799982815291798, 12.729043338582882 ], [ 101.799890809105264, 12.729044311909288 ], [ 101.799887834709679, 12.728773350637587 ], [ 101.799795828612957, 12.72877432391072 ], [ 101.799793845785629, 12.728593683045208 ], [ 101.799885851817407, 12.728592709786334 ], [ 101.799879903323458, 12.728050787215999 ], [ 101.79997190915276, 12.728049813968024 ], [ 101.799969926317445, 12.727869173119979 ], [ 101.800061932074172, 12.727868199854379 ], [ 101.80005994920441, 12.727687559017834 ], [ 101.800151954888577, 12.727686585734611 ], [ 101.800150963432657, 12.727596265322434 ], [ 101.80024296907672, 12.727595292014463 ], [ 101.800241977595945, 12.727504971608724 ], [ 101.800425988796277, 12.727503024911398 ], [ 101.800424997258176, 12.727412704519233 ], [ 101.800517002814431, 12.727411731129877 ], [ 101.800516011251489, 12.727321410744153 ], [ 101.80060801676764, 12.727320437330052 ], [ 101.800607025179858, 12.727230116950764 ], [ 101.800515019696164, 12.727231090357735 ], [ 101.800511053551077, 12.72686980880516 ], [ 101.800603058904883, 12.726868835426714 ], [ 101.800601075813134, 12.726688194660547 ], [ 101.80069308109438, 12.726687221264486 ], [ 101.800691097968183, 12.72650658050982 ], [ 101.800783103176855, 12.726505607096145 ], [ 101.800781120016211, 12.726324966352978 ], [ 101.800873125152322, 12.726323992921687 ], [ 101.800870150371125, 12.726053031823156 ], [ 101.800962155402217, 12.726052058381386 ], [ 101.80095818900412, 12.725690776935538 ], [ 101.800866184102887, 12.725691750348782 ], [ 101.800864201014519, 12.725511109607449 ], [ 101.800680191319074, 12.725513056309769 ], [ 101.800678208391062, 12.725332415537148 ], [ 101.800494198794993, 12.725334362083441 ], [ 101.800492216027337, 12.725153721279529 ], [ 101.800308206530659, 12.725155667669791 ], [ 101.800306223923329, 12.724975026834596 ], [ 101.799938205098229, 12.724978919175571 ], [ 101.799936222781128, 12.724798278280566 ], [ 101.79975221345272, 12.724800224231288 ], [ 101.799750231295945, 12.724619583305001 ], [ 101.799382212807402, 12.724623474766915 ], [ 101.799380230940827, 12.724442833780834 ], [ 101.799196221780704, 12.724444779292032 ], [ 101.79919424007447, 12.724264138274675 ], [ 101.799010231013739, 12.724266083629871 ], [ 101.799009240236956, 12.724175763105899 ], [ 101.798917235727615, 12.724176735728559 ], [ 101.798916244990949, 12.724086415196773 ], [ 101.798640231514625, 12.724089332852131 ], [ 101.798651128965787, 12.725082858899009 ], [ 101.798559124101345, 12.725083831465442 ], [ 101.798581911912478, 12.727161204002849 ], [ 101.798489906293639, 12.727162176701315 ], [ 101.798497833173528, 12.72788474103354 ], [ 101.798405827287283, 12.727885713757134 ], [ 101.798411772572237, 12.728427637020053 ], [ 101.798503778653341, 12.728426664253703 ], [ 101.798510715393022, 12.729058907979134 ], [ 101.798418709084586, 12.729059880795374 ], [ 101.79842465496364, 12.729601804004419 ], [ 101.798516661466948, 12.729600831145424 ], [ 101.798518643552512, 12.729781472195329 ], [ 101.798610650113147, 12.729780499290193 ], [ 101.798612632294152, 12.729961140323081 ], [ 101.798704638912128, 12.729960167371804 ], [ 101.798714550599001, 12.730863372423535 ], [ 101.798622543656222, 12.730864345446083 ], [ 101.79862650841433, 12.731225627475943 ], [ 101.798534501334004, 12.731226600495106 ], [ 101.798536483693795, 12.731407241520149 ], [ 101.79844447654088, 12.731408214521672 ], [ 101.798447450040257, 12.731679176075428 ], [ 101.798355442782267, 12.731680149066442 ], [ 101.798356433931474, 12.731770469590106 ], [ 101.798264426633395, 12.731771442556353 ], [ 101.798266408889688, 12.731952083615859 ], [ 101.798082394140721, 12.731954029481175 ], [ 101.798083385215335, 12.732044350024143 ], [ 101.797991377796947, 12.732045322916088 ], [ 101.797992368846678, 12.73213564346549 ], [ 101.797900361388187, 12.732136616332667 ], [ 101.797901352413049, 12.732226936888503 ], [ 101.797717337408258, 12.732228882541426 ], [ 101.797718328375765, 12.732319203110823 ], [ 101.797626320829465, 12.732320175896563 ], [ 101.797627311772104, 12.732410496472394 ], [ 101.797443296591666, 12.732412441962447 ], [ 101.797444287476949, 12.732502762551837 ], [ 101.797168264551743, 12.732505680569075 ], [ 101.797169255347171, 12.732596001179145 ], [ 101.796985239960662, 12.732597946378744 ], [ 101.796986230698735, 12.732688267002368 ], [ 101.7967102074644, 12.732691184583921 ], [ 101.796711198112632, 12.732781505228221 ], [ 101.796527182520038, 12.732783450137356 ], [ 101.796528173110886, 12.732873770795207 ], [ 101.79634415742288, 12.732875715591005 ], [ 101.796345147956373, 12.732966036262409 ], [ 101.795977116359069, 12.73296992549974 ], [ 101.795979097188976, 12.733150566897438 ], [ 101.79579508121472, 12.733152511353207 ], [ 101.79579607157612, 12.733242832065258 ], [ 101.79570406354506, 12.733243804252416 ], [ 101.795705053881591, 12.733334124970899 ], [ 101.795613045810455, 12.733335097133281 ], [ 101.795614036122089, 12.733425417858193 ], [ 101.795430019892009, 12.733427362101503 ], [ 101.795431010146274, 12.733517682839961 ], [ 101.79533900198733, 12.733518654920889 ], [ 101.795339992216725, 12.733608975665774 ], [ 101.795247984017678, 12.733609947721925 ], [ 101.795249964434305, 12.733790589223862 ], [ 101.79506594788343, 12.733792533268936 ], [ 101.795066938038175, 12.733882854033105 ], [ 101.794974929718833, 12.733883826014916 ], [ 101.794975919848696, 12.733974146785506 ], [ 101.794791903122203, 12.733976090667664 ], [ 101.794792893194696, 12.734066411451803 ], [ 101.794700884787559, 12.734067383352151 ], [ 101.794705835101638, 12.734518987298074 ], [ 101.794521817939611, 12.734520931074242 ], [ 101.794526768118942, 12.734972535074064 ], [ 101.794434759364052, 12.734973506949876 ], [ 101.794437729465457, 12.735244469362835 ], [ 101.794345720605477, 12.735245441228093 ], [ 101.79434869067785, 12.735516403656183 ], [ 101.794256681712781, 12.735517375510888 ], [ 101.794260641785783, 12.735878658767131 ], [ 101.794168632683125, 12.735879630618395 ], [ 101.794169622687903, 12.735969951437847 ], [ 101.794261631823048, 12.735968979579464 ], [ 101.794262621867929, 12.736059300391105 ], [ 101.794354631027971, 12.736058328493703 ], [ 101.794356611205529, 12.736238970100684 ], [ 101.794448620422955, 12.736237998157145 ], [ 101.794451590843835, 12.736508960541086 ], [ 101.794543600151158, 12.736507988544295 ], [ 101.794544590339157, 12.736598309330446 ], [ 101.794636599671378, 12.736597337294629 ], [ 101.79463758989948, 12.736687658072968 ], [ 101.794729599256584, 12.736686685998134 ], [ 101.794732570084051, 12.736957648307664 ], [ 101.794824579531038, 12.736956676179569 ], [ 101.794829531224792, 12.737408279979377 ], [ 101.794737521615318, 12.737409252143058 ], [ 101.794739502281075, 12.737589893672384 ], [ 101.794831511955564, 12.737588921494465 ], [ 101.794832502332355, 12.737679242250971 ], [ 101.794924512031727, 12.737678270034033 ], [ 101.794922531220763, 12.737497628534562 ], [ 101.795014540847532, 12.737496656299948 ], [ 101.795012560001979, 12.737316014811947 ], [ 101.795104569556145, 12.73731504255966 ], [ 101.795103579112293, 12.737224721821743 ], [ 101.795563626606494, 12.737219860117294 ], [ 101.795564617212833, 12.737310180819616 ], [ 101.795840645715543, 12.737307263392706 ], [ 101.795841636427014, 12.737397584072982 ], [ 101.796117664958714, 12.73739466633754 ], [ 101.796118655775302, 12.737484986995764 ], [ 101.796210665303136, 12.737484014346348 ], [ 101.796211656159841, 12.737574334996761 ], [ 101.796303665712585, 12.737573362308316 ], [ 101.796304656609379, 12.737663682950915 ], [ 101.796396666187007, 12.737662710223441 ], [ 101.796395675257699, 12.737572389587964 ], [ 101.798051845767986, 12.73755487516538 ], [ 101.798050854261291, 12.737464554657434 ], [ 101.798234872989568, 12.737462607986576 ], [ 101.798233881425489, 12.737372287492185 ], [ 101.798325890745701, 12.737371314116023 ], [ 101.798324899156725, 12.737280993628069 ], [ 101.798508917709313, 12.737279046794274 ], [ 101.798509909363275, 12.737369367267975 ], [ 101.798601918660651, 12.737368393796089 ], [ 101.798600926974174, 12.737278073329517 ], [ 101.798692936231419, 12.737277099832848 ], [ 101.798693927950396, 12.737367420292294 ], [ 101.798969955773913, 12.737364499589475 ], [ 101.798968963957449, 12.737274179151413 ], [ 101.799337000818824, 12.737270284462801 ], [ 101.799337992765274, 12.73736060487235 ], [ 101.799614020428791, 12.73735768349948 ], [ 101.799615012480373, 12.737448003886954 ], [ 101.799707021718817, 12.737447030025054 ], [ 101.799708013810516, 12.737537350404702 ], [ 101.799800023073828, 12.737536376503765 ], [ 101.799801015205645, 12.737626696875592 ], [ 101.799985033774405, 12.737624748963738 ], [ 101.799986025978853, 12.737715069320613 ], [ 101.800078035284301, 12.737714095309691 ], [ 101.800079027528881, 12.737804415658751 ], [ 101.800263046181911, 12.737802467526921 ], [ 101.800264038499108, 12.737892787861027 ], [ 101.800356047846691, 12.737891813740118 ], [ 101.800357040204005, 12.737982134066399 ], [ 101.800449049576471, 12.737981159906449 ], [ 101.800450041973903, 12.738071480224907 ], [ 101.800542051371252, 12.73807050602592 ], [ 101.800543043808815, 12.738160826336555 ], [ 101.800635053231048, 12.738159852098528 ], [ 101.800636045708742, 12.738250172401338 ], [ 101.80072805515583, 12.738249198124272 ], [ 101.800729047673656, 12.738339518419259 ], [ 101.800821057145626, 12.738338544103149 ], [ 101.800822049703584, 12.738428864390313 ], [ 101.800914059200423, 12.738427890035158 ], [ 101.800915051798498, 12.738518210314499 ], [ 101.80109907083434, 12.738516261494199 ], [ 101.801100063505046, 12.738606581758582 ], [ 101.801192073044021, 12.738605607293433 ], [ 101.801193065754845, 12.738695927549992 ], [ 101.801285075318717, 12.738694953045799 ], [ 101.801286068069686, 12.73878527329453 ], [ 101.801378077658413, 12.738784298751295 ], [ 101.801379070449514, 12.738874618992204 ], [ 101.801471080063124, 12.738873644409919 ], [ 101.801472072894356, 12.738963964643004 ], [ 101.801656092163711, 12.738962015368438 ], [ 101.801657085067561, 12.73905233558656 ], [ 101.801749094723306, 12.739051360894276 ], [ 101.801750087667301, 12.739141681104577 ], [ 101.801842097347915, 12.739140706373245 ], [ 101.801843090332042, 12.739231026575714 ], [ 101.801935100037539, 12.739230051805338 ], [ 101.801936093061784, 12.739320371999977 ], [ 101.802028102792164, 12.739319397190558 ], [ 101.802029095856554, 12.739409717377374 ], [ 101.802121105611803, 12.7394087425289 ], [ 101.802123091828463, 12.739589382886189 ], [ 101.802215101641096, 12.739588407991535 ], [ 101.80221609479338, 12.739678728162001 ], [ 101.802308104630896, 12.739677753228296 ], [ 101.802309097823297, 12.739768073390939 ], [ 101.802401107685697, 12.739767098418186 ], [ 101.802402100918243, 12.739857418572999 ], [ 101.802494110805512, 12.739856443561198 ], [ 101.802500070556036, 12.740398364432739 ], [ 101.802592080630717, 12.740397389346203 ], [ 101.802597047461845, 12.740848990017787 ], [ 101.802689057691438, 12.740848014863648 ], [ 101.802692037979185, 12.741118975236891 ], [ 101.802784048298676, 12.741118000029422 ], [ 101.802793983412201, 12.74202120115724 ], [ 101.802701972767608, 12.742022176436082 ], [ 101.802702966288422, 12.742112496552195 ], [ 101.802610955603669, 12.742113471806258 ], [ 101.802611949099585, 12.742203791928821 ], [ 101.802519938374701, 12.742204767158103 ], [ 101.802520931845734, 12.742295087287108 ], [ 101.802428921080704, 12.742296062491606 ], [ 101.802429914526854, 12.742386382627057 ], [ 101.802337903721678, 12.742387357806772 ], [ 101.802338897142945, 12.742477677948667 ], [ 101.802246886297638, 12.7424786531036 ], [ 101.802247879694036, 12.742568973251942 ], [ 101.802155868808555, 12.742569948382089 ], [ 101.802156862180055, 12.742660268536877 ], [ 101.802064851254471, 12.742661243642241 ], [ 101.802065844601074, 12.742751563803472 ], [ 101.80197383363533, 12.742752538884048 ], [ 101.801974826957064, 12.742842859051729 ], [ 101.801882815951174, 12.742843834107521 ], [ 101.801883809248025, 12.742934154281638 ], [ 101.80179179820199, 12.742935129312645 ], [ 101.801792791473943, 12.743025449493206 ], [ 101.801700780387776, 12.743026424499428 ], [ 101.801701773634832, 12.743116744686438 ], [ 101.801609762508519, 12.743117719667872 ], [ 101.801610755730707, 12.743208039861326 ], [ 101.801518744564248, 12.743209014817969 ], [ 101.801519737761538, 12.743299335017863 ], [ 101.801427726554948, 12.743300309949722 ], [ 101.80142871972734, 12.743390630156057 ], [ 101.801336708480591, 12.743391605063131 ], [ 101.801337701628114, 12.743481925275908 ], [ 101.801245690341233, 12.743482900158194 ], [ 101.801246683463845, 12.743573220377415 ], [ 101.801154672136818, 12.743574195234912 ], [ 101.801155665234546, 12.743664515460575 ], [ 101.801063653867374, 12.74366549029328 ], [ 101.801064646940219, 12.743755810525382 ], [ 101.800972635532901, 12.743756785333296 ], [ 101.800973628580849, 12.743847105571847 ], [ 101.800881617133399, 12.743848080354971 ], [ 101.800882610156449, 12.743938400599959 ], [ 101.80079059866884, 12.743939375358293 ], [ 101.800791591667007, 12.74402969560972 ], [ 101.800607568603908, 12.744031645044881 ], [ 101.800609554493022, 12.744212285574196 ], [ 101.800517542885004, 12.744213260258155 ], [ 101.800518535808465, 12.744303580528909 ], [ 101.800426524160301, 12.744304555188073 ], [ 101.800428509965087, 12.744485195741767 ], [ 101.800336498244263, 12.744486170383267 ], [ 101.800337491125575, 12.744576490666208 ], [ 101.800153467596019, 12.744578439867704 ], [ 101.800155453251421, 12.744759080460039 ], [ 101.80006344141016, 12.744760055027156 ], [ 101.800064434216779, 12.744850375329415 ], [ 101.799972422335387, 12.744851349871739 ], [ 101.799973415117108, 12.74494167018044 ], [ 101.799881403195556, 12.744942644697968 ], [ 101.79988239595238, 12.745032965013108 ], [ 101.799790383990697, 12.74503393950584 ], [ 101.799791376722624, 12.745124259827417 ], [ 101.799699364720794, 12.745125234295353 ], [ 101.79970035742781, 12.745215554623369 ], [ 101.799608345385835, 12.745216529066509 ], [ 101.799609338067967, 12.745306849400961 ], [ 101.799517325985846, 12.745307823819305 ], [ 101.799518318643081, 12.745398144160189 ], [ 101.799426306520814, 12.745399118553735 ], [ 101.799428291793092, 12.745579759247702 ], [ 101.799336279598165, 12.745580733623576 ], [ 101.799337272213208, 12.74567105397665 ], [ 101.799245259978122, 12.745672028327725 ], [ 101.799246252568281, 12.745762348687235 ], [ 101.799154240293063, 12.745763323013508 ], [ 101.799156225431162, 12.745943963744718 ], [ 101.799064213083284, 12.745944938053322 ], [ 101.799065205631237, 12.746035258425017 ], [ 101.798973193243214, 12.746036232708816 ], [ 101.798975178296942, 12.746216873464387 ], [ 101.798883165836259, 12.746217847730515 ], [ 101.79888415834202, 12.746308168114391 ], [ 101.79879214584119, 12.746309142355718 ], [ 101.798793138322054, 12.74639946274603 ], [ 101.798701125781079, 12.746400436962555 ], [ 101.798702118237031, 12.7464907573593 ], [ 101.798518093067159, 12.746492705710809 ], [ 101.798519085465685, 12.746583026121117 ], [ 101.79824304755617, 12.74658594843028 ], [ 101.798244039864741, 12.746676268861279 ], [ 101.798152027180464, 12.746677242907596 ], [ 101.798153019464138, 12.746767563345031 ], [ 101.79796899400769, 12.746769511356126 ], [ 101.797969986233909, 12.746859831807118 ], [ 101.797785960681949, 12.746861779704737 ], [ 101.797786952850743, 12.74695210016929 ], [ 101.797602927203258, 12.746954047953428 ], [ 101.797603919314597, 12.747044368431544 ], [ 101.797511906446914, 12.747045342282838 ], [ 101.79751289853337, 12.747135662767382 ], [ 101.797328872710068, 12.747137610388426 ], [ 101.797329864739069, 12.747227930886531 ], [ 101.797237851783478, 12.747228904656277 ], [ 101.797238843787568, 12.74731922516081 ], [ 101.797146830791846, 12.747320198905749 ], [ 101.797148814757819, 12.747500839926991 ], [ 101.797056801689408, 12.747501813654241 ], [ 101.797057793651291, 12.747592134170947 ], [ 101.797241819845567, 12.747590186670262 ], [ 101.797240827818626, 12.747499866167805 ], [ 101.797424853917363, 12.747497918553632 ], [ 101.797423861832968, 12.747407598064731 ], [ 101.797515874838396, 12.747406624216868 ], [ 101.797514882729104, 12.747316303734399 ], [ 101.797606895694372, 12.747315329861729 ], [ 101.797605903560182, 12.747225009385691 ], [ 101.797789929402825, 12.747223061558802 ], [ 101.79778893721118, 12.747132741096323 ], [ 101.798064975820438, 12.747129819137868 ], [ 101.798063983538825, 12.747039498696074 ], [ 101.798340021981957, 12.74703657647161 ], [ 101.798341014361156, 12.747126896892025 ], [ 101.798525040016855, 12.747124948568468 ], [ 101.798526032468729, 12.747215268973939 ], [ 101.798618045317681, 12.74721429475713 ], [ 101.798622015331432, 12.747575576343589 ], [ 101.798714028302868, 12.747574602066342 ], [ 101.798716013420517, 12.747755242841167 ], [ 101.798624000384024, 12.74775621713267 ], [ 101.798625985467098, 12.747936857918985 ], [ 101.798717998568648, 12.747935883613227 ], [ 101.79872891742815, 12.748929407810092 ], [ 101.798820930879913, 12.748928433393997 ], [ 101.798825894465324, 12.749380035238358 ], [ 101.798917908072141, 12.74937906075469 ], [ 101.798920886412418, 12.74965002183162 ], [ 101.799012900109219, 12.749649047294627 ], [ 101.799013892937097, 12.749739367645091 ], [ 101.799105906658809, 12.749738393069032 ], [ 101.799107892402475, 12.749919033753628 ], [ 101.799199906181641, 12.749918059131369 ], [ 101.799201892020847, 12.750098699798945 ], [ 101.799293905857468, 12.750097725130487 ], [ 101.799295891792227, 12.750278365781039 ], [ 101.799387905686288, 12.750277391066383 ], [ 101.799388898697643, 12.750367711383493 ], [ 101.799480912616616, 12.750366736629768 ], [ 101.799481905668131, 12.750457056939057 ], [ 101.799573919612016, 12.750456082146263 ], [ 101.79957491270369, 12.750546402447727 ], [ 101.799666926672487, 12.750545427615863 ], [ 101.799667919804307, 12.750635747909509 ], [ 101.79985194778412, 12.750633798135693 ], [ 101.799852940988643, 12.750724118414384 ], [ 101.799944954999646, 12.750723143472436 ], [ 101.799945948244329, 12.750813463743304 ], [ 101.80012997630854, 12.750811513749321 ], [ 101.800131962950928, 12.750992154260457 ], [ 101.8003159911148, 12.750990204110179 ], [ 101.800316984512506, 12.751080524350451 ], [ 101.800408998615538, 12.751079549220266 ], [ 101.800409992053403, 12.751169869452712 ], [ 101.800502006181347, 12.751168894283451 ], [ 101.800502999659386, 12.751259214508073 ], [ 101.800595013812242, 12.751258239299739 ], [ 101.800596007330441, 12.751348559516538 ], [ 101.800688021508208, 12.751347584269128 ], [ 101.800689015066567, 12.751437904478101 ], [ 101.800873043464307, 12.751435953873189 ], [ 101.800874037095369, 12.751526274067205 ], [ 101.801150079732409, 12.751523347898859 ], [ 101.801151073468716, 12.751613668070783 ], [ 101.801243087698339, 12.751612692610315 ], [ 101.801244081474806, 12.751703012774414 ], [ 101.801520124215571, 12.751700086179943 ], [ 101.801521118097284, 12.751790406321943 ], [ 101.801889175108315, 12.751786503720226 ], [ 101.801888181096444, 12.751696183606763 ], [ 101.802164223677011, 12.751693256341468 ], [ 101.802165217786495, 12.751783576433521 ], [ 101.802349246200464, 12.751781624749331 ], [ 101.802350240382665, 12.751871944826419 ], [ 101.803178368160701, 12.751863160602104 ], [ 101.803179362643391, 12.75195348061426 ], [ 101.803271376835326, 12.751952504422475 ], [ 101.803272371358176, 12.7520428244268 ], [ 101.803640428179776, 12.75203891931166 ], [ 101.803641422840428, 12.752129239286734 ], [ 101.803825451270512, 12.752127286523217 ], [ 101.803826446003868, 12.752217606483317 ], [ 101.803918460239998, 12.752216630046501 ], [ 101.803919455013528, 12.752306949998767 ], [ 101.80401146927457, 12.752305973522866 ], [ 101.804013458909623, 12.752486613411044 ], [ 101.804105473228105, 12.752485636888915 ], [ 101.804106468089628, 12.75257595682482 ], [ 101.804198482433009, 12.752574980263603 ], [ 101.804200472244048, 12.752755620119064 ], [ 101.804292486644883, 12.752754643511615 ], [ 101.804297461468778, 12.753206243102444 ], [ 101.804389476024696, 12.753205266427342 ], [ 101.804394451202185, 12.753656865965157 ], [ 101.804302436483553, 12.753657842675967 ], [ 101.804304426542913, 12.753838482500528 ], [ 101.80421241175155, 12.753839459193676 ], [ 101.804214401776363, 12.754020099029754 ], [ 101.804030372040557, 12.754022052348766 ], [ 101.80403136699934, 12.75411237228005 ], [ 101.80393935208744, 12.754113348898773 ], [ 101.803940347021282, 12.754203668836503 ], [ 101.803756317109503, 12.754205621992378 ], [ 101.803757311985905, 12.754295941943703 ], [ 101.803481266963317, 12.754298871459309 ], [ 101.803482261749707, 12.754389191431359 ], [ 101.803390246694377, 12.754390167879802 ], [ 101.803391241455856, 12.754480487858299 ], [ 101.803207211257188, 12.754482440673609 ], [ 101.803208205961212, 12.75457276066569 ], [ 101.803116190817875, 12.754573737032558 ], [ 101.803117185496987, 12.754664057031087 ], [ 101.803025170313461, 12.75466503337314 ], [ 101.803026164967662, 12.754755353378119 ], [ 101.802842134512645, 12.754757305980652 ], [ 101.802843129109377, 12.754847625999213 ], [ 101.802751113837886, 12.754848602259688 ], [ 101.802752108409678, 12.754938922284698 ], [ 101.803028154298943, 12.754935993385995 ], [ 101.80302715962948, 12.754845673382404 ], [ 101.803119174878091, 12.754844697026073 ], [ 101.803118180183716, 12.754754377028927 ], [ 101.803302210592932, 12.754752424234683 ], [ 101.803301215841103, 12.754662104251121 ], [ 101.803393231001706, 12.754661127813213 ], [ 101.803392236224965, 12.754570807836101 ], [ 101.803576266458208, 12.754568854878709 ], [ 101.803575271623998, 12.754478534915183 ], [ 101.804311391991178, 12.754470721864697 ], [ 101.804313382187985, 12.754651361676796 ], [ 101.804405397264617, 12.754650384887423 ], [ 101.804407387557049, 12.754831024682472 ], [ 101.804499402691135, 12.754830047846864 ], [ 101.804502388284703, 12.755101007512819 ], [ 101.804594403508801, 12.755100030623831 ], [ 101.804595398754472, 12.755190350503955 ], [ 101.804687414003496, 12.755189373575872 ], [ 101.804688409289355, 12.755279693448163 ], [ 101.804780424563276, 12.755278716480982 ], [ 101.804782415223016, 12.755459356209199 ], [ 101.804874430554392, 12.755458379195776 ], [ 101.804875425928259, 12.755548699051703 ], [ 101.80496744128456, 12.755547721999189 ], [ 101.804968436698616, 12.755638041847279 ], [ 101.805060452079829, 12.755637064755668 ], [ 101.805062442995947, 12.755817704435483 ], [ 101.805246473865665, 12.755815750127823 ], [ 101.805247469400285, 12.755906069952403 ], [ 101.805339484856219, 12.755905092743497 ], [ 101.805341476013467, 12.756085732376295 ], [ 101.805525507032655, 12.756083777834041 ], [ 101.80552650268784, 12.75617409763511 ], [ 101.805618518218523, 12.756173120308905 ], [ 101.805619513913911, 12.756263440102137 ], [ 101.805803545017454, 12.756261485339566 ], [ 101.805804540785573, 12.756351805117818 ], [ 101.805896556358434, 12.756350827681457 ], [ 101.805897552166755, 12.756441147451868 ], [ 101.805989567764527, 12.756440169976404 ], [ 101.805990563613022, 12.756530489738978 ], [ 101.806358626057943, 12.756526579488979 ], [ 101.806359622044312, 12.756616899222273 ], [ 101.806819700091268, 12.756612010655028 ], [ 101.806820696248039, 12.756702330351892 ], [ 101.807740852094284, 12.756692550749205 ], [ 101.807739855612013, 12.756602231123836 ], [ 101.808660010368243, 12.756592448397052 ], [ 101.808659013568089, 12.756502128842513 ], [ 101.808843044362462, 12.756500171927991 ], [ 101.808842047504854, 12.756409852387062 ], [ 101.809118093541414, 12.756406916797076 ], [ 101.809117096593795, 12.756316597276918 ], [ 101.809301127181485, 12.756314640071455 ], [ 101.809300130176425, 12.756224320564913 ], [ 101.809576175902933, 12.756221384538525 ], [ 101.809575178807876, 12.756131065052754 ], [ 101.809851224367875, 12.756128128760244 ], [ 101.809850227182807, 12.756037809295249 ], [ 101.810034257452799, 12.756035851621446 ], [ 101.810033260210275, 12.755945532170065 ], [ 101.810401320528229, 12.75594161646764 ], [ 101.810400323163165, 12.755851297044199 ], [ 101.810676368223639, 12.755848359953337 ], [ 101.810674373321149, 12.75566772114732 ], [ 101.810766388260916, 12.755666742067442 ], [ 101.810765390788603, 12.755576422670551 ], [ 101.810857405688154, 12.755575443565879 ], [ 101.810856408190958, 12.755485124175454 ], [ 101.810948423050291, 12.755484145045987 ], [ 101.810946428013764, 12.755303506277377 ], [ 101.811038442800353, 12.755302527130276 ], [ 101.811037445261022, 12.755212207752091 ], [ 101.811129460007422, 12.755211228580196 ], [ 101.81112746488661, 12.755030589836068 ], [ 101.811219479560251, 12.75502961064654 ], [ 101.811218481978784, 12.754939291280596 ], [ 101.811310496612222, 12.754938312066272 ], [ 101.811307503816096, 12.754667353985766 ], [ 101.811399518344246, 12.754666374760973 ], [ 101.81139652551937, 12.754395416695708 ], [ 101.811488539942232, 12.754394437460444 ], [ 101.811485547088623, 12.754123479410428 ], [ 101.811577561406182, 12.754122500164696 ], [ 101.811568582965805, 12.753309626041681 ], [ 101.811476568941146, 12.753310605222975 ], [ 101.811467591413702, 12.752497730979419 ], [ 101.811375577674241, 12.752498710064325 ], [ 101.811374580242003, 12.752408390693308 ], [ 101.811282566527424, 12.752409369739109 ], [ 101.811280571751013, 12.752228730980677 ], [ 101.811188558093875, 12.752229709980211 ], [ 101.811186563413131, 12.75204907120469 ], [ 101.811094549813419, 12.752050050157967 ], [ 101.811085574421838, 12.751237175569415 ], [ 101.811177587728707, 12.751236196680569 ], [ 101.811176590468705, 12.751145877285536 ], [ 101.8112686037354, 12.751144898371912 ], [ 101.811267606450514, 12.751054578983346 ], [ 101.811359619677006, 12.751053600044941 ], [ 101.811358622367237, 12.750963280662845 ], [ 101.8115426487322, 12.750961322704526 ], [ 101.811541651365019, 12.750871003336057 ], [ 101.811725677634286, 12.750869045264295 ], [ 101.811724680209679, 12.750778725909456 ], [ 101.812828836791766, 12.750766974881824 ], [ 101.812829834606788, 12.750857294150723 ], [ 101.813197886685927, 12.75085337609077 ], [ 101.813198884638737, 12.750943695330317 ], [ 101.813382910697428, 12.750941736094369 ], [ 101.813383908722997, 12.751032055318895 ], [ 101.813475921773374, 12.751031075645843 ], [ 101.813476919839133, 12.751121394862514 ], [ 101.813844972094216, 12.751117475822241 ], [ 101.813845970297777, 12.751207795009559 ], [ 101.814214022560435, 12.751203875429558 ], [ 101.814215020901813, 12.751294194587516 ], [ 101.814399047052234, 12.751292234591537 ], [ 101.814400045466328, 12.751382553734464 ], [ 101.814584071651197, 12.751380593596382 ], [ 101.814585070138023, 12.751470912724288 ], [ 101.814677083251496, 12.751469932600163 ], [ 101.814678081778538, 12.751560251720207 ], [ 101.814770094916881, 12.751559271556976 ], [ 101.814771093484126, 12.751649590669155 ], [ 101.814955119802903, 12.751647630232528 ], [ 101.814956118442865, 12.751737949329678 ], [ 101.815324171118604, 12.751734028044439 ], [ 101.815323172348471, 12.751643708975964 ], [ 101.815691224771385, 12.751639787208328 ], [ 101.815694221495221, 12.751910744325627 ], [ 101.816062274185953, 12.751906821960858 ], [ 101.816063273239379, 12.751997140969891 ], [ 101.81624729960383, 12.751995179581504 ], [ 101.816248298730002, 12.752085498575497 ], [ 101.81634031193326, 12.752084517826216 ], [ 101.816341311099649, 12.752174836812346 ], [ 101.816433324327775, 12.752173856023951 ], [ 101.816435322748617, 12.752354493979784 ], [ 101.816527336034142, 12.752353513145101 ], [ 101.816528335288623, 12.752443832114803 ], [ 101.816804375196824, 12.752440889397565 ], [ 101.81680537455658, 12.752531208345061 ], [ 101.816989401188792, 12.752529246359501 ], [ 101.816990400621307, 12.752619565291951 ], [ 101.817082413958445, 12.752618584244081 ], [ 101.817083413431149, 12.752708903168667 ], [ 101.81717542679317, 12.752707922081678 ], [ 101.817176426306091, 12.752798240998395 ], [ 101.817360453072183, 12.752796278714232 ], [ 101.817361452657849, 12.752886597615909 ], [ 101.817453466061934, 12.752885616418732 ], [ 101.817454465687817, 12.752975935312543 ], [ 101.817546479116771, 12.752974954076246 ], [ 101.817547478782856, 12.753065272962184 ], [ 101.817731505682843, 12.753063310379408 ], [ 101.817732505421688, 12.753153629250303 ], [ 101.817824518892706, 12.75315264790382 ], [ 101.817825518671768, 12.753242966766845 ], [ 101.817917532167655, 12.753241985381239 ], [ 101.817918531986933, 12.753332304236398 ], [ 101.818102559020787, 12.753330341354994 ], [ 101.81810355891281, 12.753420660195104 ], [ 101.818195572450762, 12.753419678699304 ], [ 101.818196572383016, 12.753509997531548 ], [ 101.818288585945837, 12.753509015996629 ], [ 101.818289585918308, 12.753599334820999 ], [ 101.818381599505997, 12.753598353246952 ], [ 101.818382599518671, 12.753688672063451 ], [ 101.818566626736128, 12.753686708805162 ], [ 101.818567626821562, 12.753777027606612 ], [ 101.819027694893606, 12.753772118865921 ], [ 101.819028695149441, 12.753862437630785 ], [ 101.819304735998188, 12.753859491981466 ], [ 101.819305736359311, 12.753949810724098 ], [ 101.81939774999276, 12.753948828769916 ], [ 101.819402752076286, 12.75440042243679 ], [ 101.819310738280137, 12.754401404426874 ], [ 101.819312739102202, 12.754582041903133 ], [ 101.819220725233265, 12.754583023875625 ], [ 101.819222726020953, 12.754763661363473 ], [ 101.819130712079243, 12.754764643318376 ], [ 101.819131712452048, 12.754854962068439 ], [ 101.819039698470135, 12.754855943998571 ], [ 101.819040698818071, 12.754946262755118 ], [ 101.818948684795927, 12.754947244660483 ], [ 101.818949685119009, 12.755037563423517 ], [ 101.818857671056648, 12.755038545304107 ], [ 101.818858671354832, 12.755128864073628 ], [ 101.818674643142003, 12.755130827753316 ], [ 101.818675643382775, 12.755221146536503 ], [ 101.818583629232293, 12.755222128335596 ], [ 101.818584629448196, 12.755312447125265 ], [ 101.818400601059125, 12.755314410641956 ], [ 101.818401601217602, 12.75540472944529 ], [ 101.818217572732749, 12.755406692848529 ], [ 101.8182185728338, 12.755497011665526 ], [ 101.817942529951324, 12.755499956552278 ], [ 101.817943529962406, 12.755590275390114 ], [ 101.817851515620362, 12.755591256962305 ], [ 101.817852515606575, 12.755681575806616 ], [ 101.817668486834336, 12.755683538869496 ], [ 101.817669486763123, 12.755773857727469 ], [ 101.817577472332971, 12.755774839218157 ], [ 101.817578472236875, 12.755865158082614 ], [ 101.817394443288421, 12.755867120982472 ], [ 101.817395443134913, 12.755957439860587 ], [ 101.817303428616626, 12.755958421269767 ], [ 101.817306428104459, 12.756229377921478 ], [ 101.817214413480869, 12.756230359320229 ], [ 101.817216413112675, 12.75641099709892 ], [ 101.817124398416311, 12.756411978480061 ], [ 101.817127397823896, 12.756682935164427 ], [ 101.817035383022215, 12.756683916535138 ], [ 101.817038382401179, 12.756954873234786 ], [ 101.816946367494168, 12.756955854595068 ], [ 101.816958365309759, 12.758039681417378 ], [ 101.817050380607412, 12.758038699971012 ], [ 101.817054380254945, 12.758399975527572 ], [ 101.816962364827063, 12.758400957002635 ], [ 101.816966364467106, 12.758762232576803 ], [ 101.817058380025216, 12.758761251073041 ], [ 101.817060379956374, 12.758941888841617 ], [ 101.817152395571924, 12.758940907291544 ], [ 101.817162396013515, 12.759844096021087 ], [ 101.817346427872792, 12.759842132681566 ], [ 101.817347428024263, 12.759932451536358 ], [ 101.817439443974948, 12.759931469811477 ], [ 101.817441444366011, 12.76011210750463 ], [ 101.81753346037415, 12.760111125733433 ], [ 101.817534460613771, 12.760201444571795 ], [ 101.81762647664678, 12.760200462761457 ], [ 101.817629477509328, 12.760471419250861 ], [ 101.817721493632362, 12.760470437387029 ], [ 101.817725495020071, 12.760831712667814 ], [ 101.817817511265673, 12.760830730743317 ], [ 101.817823513772808, 12.761372643600643 ], [ 101.817547464426809, 12.761375589407404 ], [ 101.817550465490882, 12.761646545891292 ], [ 101.817642482044903, 12.761645563966145 ], [ 101.817644482857773, 12.761826201604249 ], [ 101.817736499469262, 12.761825219632781 ], [ 101.817738500377956, 12.762005857253762 ], [ 101.8178305170469, 12.762004875235974 ], [ 101.817831517545315, 12.762095194038247 ], [ 101.817923534239171, 12.762094211981312 ], [ 101.817924534777831, 12.762184530775716 ], [ 101.818016551496555, 12.762183548679634 ], [ 101.818018552662025, 12.762364186252009 ], [ 101.818202586206738, 12.762362221935234 ], [ 101.818200584910997, 12.762181584391568 ], [ 101.81810856820762, 12.762182566551585 ], [ 101.818106567007703, 12.762001928990793 ], [ 101.818198583645952, 12.762000946845131 ], [ 101.818196582411616, 12.761820309295913 ], [ 101.81930078069044, 12.761808521226673 ], [ 101.819301781694563, 12.761898839915483 ], [ 101.819669847672131, 12.761894909507363 ], [ 101.819670848814184, 12.761985228166758 ], [ 101.820130931276196, 12.761980314401413 ], [ 101.820131932588765, 12.762070633024203 ], [ 101.820407982071529, 12.762067684359828 ], [ 101.820408983489457, 12.762158002960378 ], [ 101.820777049489223, 12.762154070931578 ], [ 101.82077805104511, 12.762244389502698 ], [ 101.820870067558417, 12.762243406408395 ], [ 101.820871069154549, 12.762333724971642 ], [ 101.821147118746069, 12.762330775475355 ], [ 101.821144113687609, 12.762059819848201 ], [ 101.820960080829678, 12.762061786167918 ], [ 101.820959079224025, 12.761971467609776 ], [ 101.820867062816092, 12.761972450714499 ], [ 101.820866061250683, 12.761882132148481 ], [ 101.820682028476924, 12.761884098247648 ], [ 101.820681026984332, 12.761793779666569 ], [ 101.820496994244976, 12.7617957456235 ], [ 101.820495992825187, 12.76170542702736 ], [ 101.82031196012025, 12.761707392842055 ], [ 101.820310958773263, 12.761617074230859 ], [ 101.819942893401475, 12.761621005447902 ], [ 101.819941892192446, 12.76153068680728 ], [ 101.819757859525595, 12.761532652209633 ], [ 101.819756858389354, 12.761442333553955 ], [ 101.819480809429209, 12.761445281396188 ], [ 101.819479808398356, 12.76135496271827 ], [ 101.819203759466802, 12.76135791025126 ], [ 101.819202758541309, 12.761267591551109 ], [ 101.819018725947018, 12.761269556398906 ], [ 101.819017725094312, 12.761179237683706 ], [ 101.818925708818227, 12.761180220052475 ], [ 101.818924708005767, 12.761089901329399 ], [ 101.818832691754565, 12.761090883659024 ], [ 101.81883169098235, 12.761000564928079 ], [ 101.818739674756031, 12.761001547218555 ], [ 101.818738674024047, 12.760911228479733 ], [ 101.818646657822612, 12.760912210731068 ], [ 101.818645657130872, 12.760821891984378 ], [ 101.818553640954335, 12.760822874196569 ], [ 101.818552640302826, 12.760732555442006 ], [ 101.818368607991843, 12.760734519756133 ], [ 101.818366606842119, 12.760553882216213 ], [ 101.818274590740231, 12.760554864310974 ], [ 101.818273590209444, 12.760464545532798 ], [ 101.818181574132439, 12.760465527588417 ], [ 101.818180573641897, 12.760375208802369 ], [ 101.818088557589789, 12.760376190818846 ], [ 101.818087557139464, 12.760285872024927 ], [ 101.817995541112253, 12.760286854002262 ], [ 101.817994540702173, 12.760196535200473 ], [ 101.817902524699818, 12.760197517138666 ], [ 101.817901524329983, 12.760107198329006 ], [ 101.817809508352539, 12.760108180228062 ], [ 101.817807507700977, 12.759927542592314 ], [ 101.817715491780973, 12.75992852444505 ], [ 101.81771349122522, 12.759747886792175 ], [ 101.817621475362671, 12.759748868598598 ], [ 101.817618474684267, 12.759477912092562 ], [ 101.817526458911729, 12.759478893845491 ], [ 101.817515457373148, 12.758485386524381 ], [ 101.817423441951064, 12.758486368166418 ], [ 101.817417441698424, 12.757944455003773 ], [ 101.81750945692518, 12.757943473404792 ], [ 101.817504456762848, 12.757491879119398 ], [ 101.817412441698863, 12.757492860682508 ], [ 101.817411441721973, 12.757402541816173 ], [ 101.8175034567534, 12.75740156026024 ], [ 101.817502456751612, 12.757311241400393 ], [ 101.817410441752756, 12.75731222294915 ], [ 101.817409441791199, 12.757221904081431 ], [ 101.817501456757512, 12.757220922539846 ], [ 101.817496456902049, 12.75676932822673 ], [ 101.817588471697945, 12.756768346689068 ], [ 101.817585471779068, 12.756497390114408 ], [ 101.817677486469634, 12.756496408566315 ], [ 101.817675486496981, 12.756315770860766 ], [ 101.817767501114758, 12.756314789295072 ], [ 101.8177665011074, 12.75622447044843 ], [ 101.817858515684961, 12.756223488857962 ], [ 101.817856515628137, 12.756042851176954 ], [ 101.817948530132938, 12.756041869568879 ], [ 101.817947530083501, 12.755951550734514 ], [ 101.818131559004968, 12.755949587436863 ], [ 101.818129558798887, 12.755768949794753 ], [ 101.818405601928276, 12.755766004651692 ], [ 101.81840460173909, 12.755675685851131 ], [ 101.818496616067648, 12.755674704080048 ], [ 101.818497616289378, 12.755765022873433 ], [ 101.818681644988587, 12.755763059221056 ], [ 101.818680644701772, 12.75567274044203 ], [ 101.819048701877875, 12.755668812782561 ], [ 101.81904970229489, 12.755759131532875 ], [ 101.819141716602275, 12.755758149530946 ], [ 101.81914271705952, 12.755848468273385 ], [ 101.819234731391788, 12.755847486232325 ], [ 101.819236732394373, 12.756028123700764 ], [ 101.819328746784066, 12.756027141613393 ], [ 101.819332749011593, 12.756388416513232 ], [ 101.81951677802833, 12.756386452185186 ], [ 101.819515777394813, 12.756296133475628 ], [ 101.819607791859127, 12.756295151270853 ], [ 101.819606791200755, 12.756204832567784 ], [ 101.819790820041234, 12.756202868076736 ], [ 101.819789819325436, 12.756112549387332 ], [ 101.819881833701601, 12.756111567101058 ], [ 101.819880832960948, 12.756021248418143 ], [ 101.820064861625156, 12.756019283764102 ], [ 101.820059857711527, 12.755567690410945 ], [ 101.819967843545996, 12.755568672718034 ], [ 101.819966842818857, 12.755478354038139 ], [ 101.819690800373877, 12.755481300746149 ], [ 101.819689799752055, 12.755390982044023 ], [ 101.819505771482099, 12.755392946341905 ], [ 101.819504770933051, 12.755302627624724 ], [ 101.819412756819105, 12.755303609718558 ], [ 101.81941075580913, 12.755122972267749 ], [ 101.819502769857991, 12.755121990188274 ], [ 101.819501769331964, 12.755031671469013 ], [ 101.819593783340594, 12.755030689364766 ], [ 101.819592782789698, 12.754940370651987 ], [ 101.819684796758111, 12.754939388522974 ], [ 101.81968279561427, 12.754758751109703 ], [ 101.819774809509909, 12.754757768963099 ], [ 101.819766804981285, 12.754035219339743 ], [ 101.819674791346003, 12.754036201428898 ], [ 101.819673790847034, 12.75394588271568 ], [ 101.819581777236607, 12.753946864765707 ], [ 101.81958077677784, 12.753856546044611 ], [ 101.819488763192297, 12.753857528055512 ], [ 101.819487762773761, 12.753767209326542 ], [ 101.819211722068701, 12.753770155146011 ], [ 101.819210721755454, 12.753679836394811 ], [ 101.819118708204286, 12.753680818263559 ], [ 101.819117707931269, 12.75359049950449 ], [ 101.819025694404971, 12.753591481334114 ], [ 101.819024694172157, 12.753501162567169 ], [ 101.818840667161638, 12.753503126116215 ], [ 101.818839667001583, 12.753412807334215 ], [ 101.81865564002544, 12.753414770741115 ], [ 101.818654639938146, 12.753324451944069 ], [ 101.818562626471106, 12.753325433592426 ], [ 101.818561626424028, 12.753235114787508 ], [ 101.818377599532013, 12.753237077974017 ], [ 101.818376599557695, 12.753146759154054 ], [ 101.818284586132719, 12.753147740692214 ], [ 101.818283586198618, 12.753057421864378 ], [ 101.818191572798497, 12.753058403363413 ], [ 101.818190572904626, 12.752968084527707 ], [ 101.818098559529375, 12.752969065987621 ], [ 101.818097559675707, 12.752878747144045 ], [ 101.818005546325324, 12.752879728564837 ], [ 101.81800354670608, 12.752699090861251 ], [ 101.81791153341311, 12.752700072235745 ], [ 101.817910533647549, 12.752609753375737 ], [ 101.817818520379433, 12.752610734711107 ], [ 101.817817520654074, 12.752520415843232 ], [ 101.817725507410842, 12.752521397139482 ], [ 101.817723508048218, 12.752340759387298 ], [ 101.817631494862383, 12.752341740637254 ], [ 101.817630495225117, 12.752251421752948 ], [ 101.817538482064165, 12.752252402963784 ], [ 101.817537482467102, 12.75216208407161 ], [ 101.817445469331005, 12.752163065243327 ], [ 101.817444469774173, 12.752072746343279 ], [ 101.817352456662931, 12.75207372747588 ], [ 101.817351457146302, 12.75198340856797 ], [ 101.817259444059957, 12.751984389661452 ], [ 101.817258444583516, 12.751894070745672 ], [ 101.817166431522026, 12.751895051800034 ], [ 101.817165432085815, 12.751804732876391 ], [ 101.817073419049194, 12.751805713891635 ], [ 101.817071420264824, 12.751625076027912 ], [ 101.816979407285615, 12.751626056996871 ], [ 101.816977408597012, 12.751445419116029 ], [ 101.8168853956752, 12.751446400038695 ], [ 101.816884396374945, 12.751356081090062 ], [ 101.81660835766111, 12.751359023644891 ], [ 101.816607358466129, 12.751268704674045 ], [ 101.816515345578708, 12.751269685454597 ], [ 101.816514346423929, 12.751179366475888 ], [ 101.816422333561391, 12.751180347217328 ], [ 101.816421334446815, 12.751090028230749 ], [ 101.816145295910772, 12.751092970241906 ], [ 101.816144296901484, 12.751002651233122 ], [ 101.816052284073336, 12.751003631832452 ], [ 101.816051285104237, 12.750913312815802 ], [ 101.815959272300972, 12.750914293376024 ], [ 101.815958273372075, 12.750823974351508 ], [ 101.815866260593666, 12.750824954872618 ], [ 101.815865261704971, 12.75073463584024 ], [ 101.81568123619023, 12.750736596772294 ], [ 101.815680237374266, 12.750646277724881 ], [ 101.815588224637935, 12.750647258135826 ], [ 101.815587225862174, 12.750556939080553 ], [ 101.815403200431575, 12.750558899792289 ], [ 101.815402201728546, 12.750468580721977 ], [ 101.815310189034292, 12.750469561022767 ], [ 101.81530919037148, 12.750379241944593 ], [ 101.815217177702081, 12.750380222206275 ], [ 101.815216179079457, 12.750289903120242 ], [ 101.815124166434941, 12.750290883342812 ], [ 101.815123167852505, 12.750200564248917 ], [ 101.815031155232845, 12.750201544432379 ], [ 101.815030156690625, 12.750111225330622 ], [ 101.814754118883272, 12.750114165667874 ], [ 101.814753120446312, 12.750023846543916 ], [ 101.81466110786107, 12.750024826585289 ], [ 101.814660109464299, 12.749934507453476 ], [ 101.81420004658581, 12.749939407145426 ], [ 101.814199048359356, 12.749849087977081 ], [ 101.814107035793214, 12.74985006781249 ], [ 101.814106037606962, 12.749759748636281 ], [ 101.813737987395868, 12.74976366762988 ], [ 101.813736989347419, 12.749673348424318 ], [ 101.813644976808021, 12.74967432808571 ], [ 101.81364397879976, 12.74958400887229 ], [ 101.813091903597737, 12.749589886126953 ], [ 101.813090905792322, 12.749499566869851 ], [ 101.811802729704226, 12.749513275892578 ], [ 101.811803727054183, 12.749603595249951 ], [ 101.81161970171118, 12.749605553185098 ], [ 101.811620699003726, 12.749695872556099 ], [ 101.811436673565041, 12.749697830377817 ], [ 101.811437670800188, 12.749788149762448 ], [ 101.811345658036814, 12.749789128632559 ], [ 101.811346655247078, 12.749879448023659 ], [ 101.811254642443529, 12.749880426868994 ], [ 101.811255639628925, 12.749970746266561 ], [ 101.811163626785188, 12.749971725087113 ], [ 101.8111646239457, 12.750062044491145 ], [ 101.811072611061775, 12.750063023286922 ], [ 101.81107360819739, 12.750153342697418 ], [ 101.81098159527329, 12.750154321468413 ], [ 101.810982592384022, 12.750244640885382 ], [ 101.810890579419734, 12.750245619631595 ], [ 101.810891576505583, 12.750335939055027 ], [ 101.810707550488985, 12.750337896465957 ], [ 101.810706553468194, 12.750247577028206 ], [ 101.810614540480927, 12.750248555678603 ], [ 101.810622516601256, 12.750971111218471 ], [ 101.810530503346072, 12.750972089894189 ], [ 101.810540473859803, 12.751875284328285 ], [ 101.810632487440373, 12.751874305580989 ], [ 101.81063547884132, 12.752145263876239 ], [ 101.810727492511845, 12.752144285075527 ], [ 101.810733475715608, 12.752686201604385 ], [ 101.810825489573716, 12.752685222728779 ], [ 101.810828481376532, 12.752956180962384 ], [ 101.810920495324609, 12.752955202033357 ], [ 101.810930468823543, 12.753858396028773 ], [ 101.810838454550037, 12.753859375029384 ], [ 101.810839451909487, 12.753949694432277 ], [ 101.810747437595765, 12.753950673408099 ], [ 101.810748434930332, 12.754040992817457 ], [ 101.810840449276569, 12.754040013834476 ], [ 101.810844438821491, 12.754401291436343 ], [ 101.810752424345054, 12.75440227044796 ], [ 101.810754419098345, 12.754582909259051 ], [ 101.810662404549163, 12.75458388825303 ], [ 101.810665396638839, 12.754854846485953 ], [ 101.810573381984383, 12.754855825469457 ], [ 101.810575376684, 12.755036464302261 ], [ 101.810483361956784, 12.755037443268129 ], [ 101.810484359285525, 12.755127762690648 ], [ 101.810392344518107, 12.755128741631721 ], [ 101.81039334182195, 12.755219061060705 ], [ 101.810209312199063, 12.75522101886131 ], [ 101.810211306699529, 12.755401657745832 ], [ 101.809935262012516, 12.755404594250042 ], [ 101.809936259176581, 12.755494913712729 ], [ 101.80956819935659, 12.755498828632959 ], [ 101.809569196398115, 12.75558914812358 ], [ 101.809293151355149, 12.755592083999714 ], [ 101.809294148306662, 12.755682403511107 ], [ 101.809110118174686, 12.755684360616403 ], [ 101.80911111506876, 12.755774680141409 ], [ 101.808927084841073, 12.755776637133202 ], [ 101.808928081677692, 12.755866956671824 ], [ 101.808375990615801, 12.75587282692323 ], [ 101.808376987264779, 12.755963146504079 ], [ 101.807272803924619, 12.755974883641665 ], [ 101.807273800190615, 12.756065203307633 ], [ 101.807089769461811, 12.756067159064168 ], [ 101.807088773260901, 12.7559768393839 ], [ 101.80662869646784, 12.755981728180293 ], [ 101.806627700437332, 12.755891408463594 ], [ 101.806535685088335, 12.755892386119861 ], [ 101.806534689098029, 12.755802066395322 ], [ 101.806258643102865, 12.755804999150957 ], [ 101.806257647217834, 12.755714679404287 ], [ 101.806165631903383, 12.75571565691844 ], [ 101.80616463605854, 12.755625337163931 ], [ 101.805980605471831, 12.755627292082087 ], [ 101.805979609699719, 12.755536972312591 ], [ 101.805887594427446, 12.755537949716592 ], [ 101.805886598695537, 12.75544762993926 ], [ 101.805702568193169, 12.755449584637114 ], [ 101.805701572533991, 12.755359264844795 ], [ 101.805609557303896, 12.75536024213865 ], [ 101.80560856168492, 12.75526992233849 ], [ 101.805516546479737, 12.755270899593246 ], [ 101.805515550900935, 12.755180579785254 ], [ 101.805423535720664, 12.755181557000908 ], [ 101.80542254018205, 12.755091237185075 ], [ 101.80533052502669, 12.755092214361634 ], [ 101.805329529528265, 12.755001894537967 ], [ 101.805237514397817, 12.75500287167543 ], [ 101.80523651893958, 12.754912551843926 ], [ 101.805144503834015, 12.754913528942293 ], [ 101.805142513005563, 12.754732889262916 ], [ 101.805050497957467, 12.754733866315044 ], [ 101.80504850722464, 12.754553226618611 ], [ 101.804956492234027, 12.754554203624499 ], [ 101.804952510990205, 12.754192924194749 ], [ 101.804860496122132, 12.754193901140113 ], [ 101.804840592386881, 12.752387503682366 ], [ 101.804748578162034, 12.752388480452918 ], [ 101.804747583087988, 12.752298160565617 ], [ 101.804655568888037, 12.752299137297081 ], [ 101.804654573854179, 12.752208817401948 ], [ 101.804562559679127, 12.752209794094323 ], [ 101.804560569699404, 12.752029154287696 ], [ 101.804376541456548, 12.752031107548046 ], [ 101.804374551637537, 12.751850467710076 ], [ 101.804190523494313, 12.751852420814084 ], [ 101.804189528661325, 12.751762100879777 ], [ 101.804005500552634, 12.751764053841722 ], [ 101.804004505792363, 12.751673733892444 ], [ 101.803912491759107, 12.75167471031836 ], [ 101.80391149703901, 12.751584390361247 ], [ 101.803635454991039, 12.75158731942591 ], [ 101.803634460376202, 12.751496999446687 ], [ 101.803174390306296, 12.751501880546563 ], [ 101.803173395861776, 12.751411560530945 ], [ 101.802713325763762, 12.751416440796552 ], [ 101.802712331489559, 12.751326120744553 ], [ 101.802068233259632, 12.751332951724832 ], [ 101.802067239220818, 12.75124263162218 ], [ 101.801607168990387, 12.751247509899844 ], [ 101.801606175121904, 12.751157189760827 ], [ 101.801422147041407, 12.751159140834023 ], [ 101.801421153245627, 12.751068820680043 ], [ 101.801237125199705, 12.7510707716112 ], [ 101.801236131476628, 12.75098045144226 ], [ 101.801144117474749, 12.750981426852789 ], [ 101.801143123791832, 12.750891106676024 ], [ 101.801051109814878, 12.750892082047478 ], [ 101.801050116172135, 12.750801761862888 ], [ 101.80077407429313, 12.750804687764205 ], [ 101.800773080755604, 12.750714367557523 ], [ 101.800589052863216, 12.750716317984425 ], [ 101.800588059398393, 12.750625997762786 ], [ 101.800496045473295, 12.750626972921197 ], [ 101.800495052048632, 12.750536652691729 ], [ 101.800311024240628, 12.750538602898459 ], [ 101.800310030888681, 12.750448282654038 ], [ 101.800218017005776, 12.75044925770236 ], [ 101.800217023693975, 12.750358937450118 ], [ 101.800125009835995, 12.750359912459363 ], [ 101.800124016564354, 12.750269592199297 ], [ 101.800032002731271, 12.750270567169474 ], [ 101.80003100949979, 12.750180246901582 ], [ 101.799938995691619, 12.75018122183269 ], [ 101.799938002500298, 12.75009090155698 ], [ 101.799845988717053, 12.750091876449014 ], [ 101.799844995565891, 12.750001556165479 ], [ 101.799752981807544, 12.750002531018445 ], [ 101.799751988696542, 12.749912210727087 ], [ 101.799659974963106, 12.749913185540983 ], [ 101.799657988829026, 12.749732544941939 ], [ 101.79975000249739, 12.749731570142302 ], [ 101.799745037132908, 12.749279968668226 ], [ 101.799837050630984, 12.749278993872302 ], [ 101.799835064473498, 12.749098353292087 ], [ 101.79974305104048, 12.749099328073749 ], [ 101.799742058005691, 12.749009007775474 ], [ 101.799650044597598, 12.74900998251807 ], [ 101.79964905160297, 12.748919662211975 ], [ 101.799465024828976, 12.748921611587095 ], [ 101.799464031907036, 12.748831291266047 ], [ 101.799372018541135, 12.748832265898571 ], [ 101.799373011430546, 12.748922586226747 ], [ 101.799280998024486, 12.748923560834466 ], [ 101.799280005167617, 12.748833240499161 ], [ 101.799187991786468, 12.748834215067811 ], [ 101.799171114938574, 12.747298769140603 ], [ 101.799263127766707, 12.747297794693139 ], [ 101.799257171562843, 12.746755872596232 ], [ 101.799349184188202, 12.746754898159612 ], [ 101.799347198782812, 12.746574257469367 ], [ 101.79943921133551, 12.746573283015072 ], [ 101.799438218611726, 12.746482962676044 ], [ 101.799530231124265, 12.746481988196948 ], [ 101.799528245634519, 12.74630134753107 ], [ 101.799620258074398, 12.746300373034304 ], [ 101.799618272550077, 12.746119732379919 ], [ 101.799710284917282, 12.74611875786548 ], [ 101.79970929213404, 12.746028437544384 ], [ 101.799801304461099, 12.74602746300515 ], [ 101.799800311652945, 12.745937142690487 ], [ 101.799892323939858, 12.74593616812645 ], [ 101.799891331106821, 12.745845847818229 ], [ 101.799983343353574, 12.745844873229393 ], [ 101.799982350495625, 12.745754552927608 ], [ 101.800074362702247, 12.745753578313975 ], [ 101.800073369819387, 12.745663258018636 ], [ 101.800165381985877, 12.745662283380202 ], [ 101.800163396177993, 12.745481642801701 ], [ 101.800255408271795, 12.745480668145605 ], [ 101.800254415346771, 12.745390347862452 ], [ 101.800346427400427, 12.745389373181556 ], [ 101.800345434450506, 12.745299052904839 ], [ 101.800437446464016, 12.745298078199152 ], [ 101.800436453489198, 12.745207757928874 ], [ 101.800528465462563, 12.745206783198393 ], [ 101.800527472462846, 12.745116462934554 ], [ 101.800711496321668, 12.745114513392068 ], [ 101.800709510215029, 12.744933872890851 ], [ 101.800801522067957, 12.744932898085983 ], [ 101.800800528993562, 12.744842577841466 ], [ 101.80098455261151, 12.744840628150218 ], [ 101.800983559479675, 12.744750307919279 ], [ 101.801351606493981, 12.744746408182197 ], [ 101.801352599755887, 12.744836728384605 ], [ 101.801444611522925, 12.744835753363384 ], [ 101.801445604824963, 12.744926073557965 ], [ 101.801537616616898, 12.744925098497685 ], [ 101.801538609959096, 12.745015418684437 ], [ 101.801630621775914, 12.745014443585097 ], [ 101.801631615158257, 12.745104763764024 ], [ 101.801723626999973, 12.745103788625622 ], [ 101.801724620422476, 12.745194108796722 ], [ 101.801816632289075, 12.745193133619258 ], [ 101.801817625751724, 12.74528345378253 ], [ 101.801909637643206, 12.745282478566004 ], [ 101.801910631146001, 12.74537279872145 ], [ 101.802002643062394, 12.74537182346586 ], [ 101.802000655999407, 12.745191183168547 ], [ 101.801908644148043, 12.745192158409866 ], [ 101.80190765066051, 12.745101838253035 ], [ 101.801815638834057, 12.745102813455292 ], [ 101.801813651946915, 12.744922173125286 ], [ 101.801629628401187, 12.744924123405477 ], [ 101.801627641674642, 12.744743483044166 ], [ 101.80144361822849, 12.744745433168115 ], [ 101.8014426249417, 12.744655112972152 ], [ 101.801350613239705, 12.7446560879791 ], [ 101.801347633522639, 12.744385127365662 ], [ 101.801439645127061, 12.744384152380114 ], [ 101.801438651870782, 12.744293832181384 ], [ 101.801530663435059, 12.744292857171045 ], [ 101.801529670153883, 12.744202536978761 ], [ 101.801621681678029, 12.744201561943632 ], [ 101.801620688371969, 12.744111241757787 ], [ 101.801712699855955, 12.74411026669787 ], [ 101.801711706524998, 12.744019946518469 ], [ 101.801803717968838, 12.744018971433766 ], [ 101.801802724612998, 12.743928651260809 ], [ 101.801986747412769, 12.743926701009894 ], [ 101.801985753999503, 12.743836380850516 ], [ 101.802077765355449, 12.743835405684306 ], [ 101.802076771917299, 12.743745085531373 ], [ 101.802168783233085, 12.74374411034038 ], [ 101.802167789770039, 12.743653790193893 ], [ 101.802351812313702, 12.743651839730406 ], [ 101.802350818793258, 12.743561519597497 ], [ 101.802442830021121, 12.743560544325005 ], [ 101.802441836475793, 12.743470224198543 ], [ 101.802533847663511, 12.743469248901265 ], [ 101.8025328540933, 12.743378928781249 ], [ 101.802624865240873, 12.743377953459188 ], [ 101.802623871645764, 12.743287633345613 ], [ 101.802715882753191, 12.743286657998766 ], [ 101.802714889133199, 12.743196337891646 ], [ 101.802806900200494, 12.743195362520012 ], [ 101.802805906555605, 12.743105042419332 ], [ 101.80289791758274, 12.743104067022916 ], [ 101.802896923912982, 12.743013746928682 ], [ 101.802988934899972, 12.743012771507484 ], [ 101.80298794120533, 12.742922451419698 ], [ 101.803079952152174, 12.742921475973716 ], [ 101.803077964720757, 12.742740835810345 ], [ 101.80316997559494, 12.74273986034672 ], [ 101.80316898185815, 12.742649540271133 ], [ 101.803260992692202, 12.742648564782726 ], [ 101.803258011430088, 12.742377604573242 ], [ 101.803350022158952, 12.742376629074332 ], [ 101.803348034624008, 12.742195988945491 ], [ 101.803440045280226, 12.742195013428939 ], [ 101.803439051491694, 12.742104693370621 ], [ 101.803531062107766, 12.74210371782929 ], [ 101.803528080690413, 12.741832757671609 ], [ 101.803436070171884, 12.741833733191523 ], [ 101.803434082663486, 12.741653093068663 ], [ 101.803342072202341, 12.741654068542381 ], [ 101.80334107849211, 12.741563748472776 ], [ 101.803249068055862, 12.741564723907437 ], [ 101.803244099781708, 12.74111312351334 ], [ 101.803152089500344, 12.741114098880393 ], [ 101.803136192825207, 12.739668977388892 ], [ 101.803044183056357, 12.739669952609809 ], [ 101.803042196174331, 12.73948931239665 ], [ 101.802950186462851, 12.73949028757138 ], [ 101.8029491930658, 12.739399967456624 ], [ 101.802857183379203, 12.739400942592303 ], [ 101.802855196672979, 12.739220302346441 ], [ 101.802763187043766, 12.739221277435931 ], [ 101.802762193734594, 12.739130957304829 ], [ 101.802670184130264, 12.739131932355273 ], [ 101.802669190861224, 12.739041612216335 ], [ 101.802577181281762, 12.739042587227729 ], [ 101.802576188052868, 12.738952267080967 ], [ 101.802392168936066, 12.738954216993749 ], [ 101.802391175779803, 12.738863896832019 ], [ 101.802299166242449, 12.738864871733407 ], [ 101.802298173126331, 12.738774551563854 ], [ 101.802206163613846, 12.738775526426197 ], [ 101.80220517053786, 12.73868520624881 ], [ 101.802113161050258, 12.738686181072106 ], [ 101.802112168014403, 12.738595860886894 ], [ 101.801928149081334, 12.738597810423483 ], [ 101.801926163162491, 12.738417170022444 ], [ 101.801834153749525, 12.738418144728602 ], [ 101.801833160834065, 12.738327824519914 ], [ 101.801741151445952, 12.738328799187025 ], [ 101.80174015857061, 12.738238478970509 ], [ 101.801556139836563, 12.738240428194738 ], [ 101.801555147033838, 12.738150107963257 ], [ 101.801463137687875, 12.738151082520375 ], [ 101.801462144925296, 12.738060762281071 ], [ 101.801370135604202, 12.738061736799144 ], [ 101.801368150166894, 12.737881096304198 ], [ 101.80127614090317, 12.737882070776093 ], [ 101.80127514822847, 12.737791750520451 ], [ 101.801183138989629, 12.737792724953307 ], [ 101.801182146355046, 12.737702404689832 ], [ 101.800906118690278, 12.737705327775554 ], [ 101.800905126160828, 12.737615007489991 ], [ 101.80081311695649, 12.737615981780952 ], [ 101.800812124467157, 12.737525661487567 ], [ 101.800628106100618, 12.737527609959498 ], [ 101.800627113683902, 12.737437289651158 ], [ 101.8005351045217, 12.737438263832129 ], [ 101.800534112145115, 12.737347943515962 ], [ 101.800350093862832, 12.737349891767922 ], [ 101.800349101558865, 12.737259571436804 ], [ 101.800257092438784, 12.737260545507793 ], [ 101.800256100174934, 12.737170225168853 ], [ 101.800072081976921, 12.737172173200847 ], [ 101.800071089785703, 12.737081852846952 ], [ 101.799887071622194, 12.737083800737059 ], [ 101.79988607950358, 12.736993480368211 ], [ 101.799702061374589, 12.736995428116433 ], [ 101.799701069328606, 12.736905107732637 ], [ 101.799609060285178, 12.736906081551759 ], [ 101.799608068279298, 12.736815761160141 ], [ 101.799424050234578, 12.736817708688411 ], [ 101.799423058301329, 12.736727388281841 ], [ 101.799147031274572, 12.736730309313566 ], [ 101.799146039446427, 12.736639988884924 ], [ 101.798778003434094, 12.736643883118699 ], [ 101.798777011743567, 12.736553562660854 ], [ 101.798040939613173, 12.736561349539947 ], [ 101.798039948190237, 12.736471029024397 ], [ 101.797947939172161, 12.736472002233583 ], [ 101.797948930562583, 12.736562322756258 ], [ 101.797488885195463, 12.736567188359251 ], [ 101.797487893967528, 12.736476867800951 ], [ 101.796751821244143, 12.736484651049681 ], [ 101.796750830283813, 12.736394330433706 ], [ 101.796566812091825, 12.736396275912593 ], [ 101.796564830323973, 12.736215634650087 ], [ 101.797024875421855, 12.736210770784803 ], [ 101.797025866464466, 12.736301091380792 ], [ 101.797485911534494, 12.736296226682283 ], [ 101.79748492032941, 12.736205906121914 ], [ 101.797760947182553, 12.736202986941324 ], [ 101.797759955887585, 12.736112666401638 ], [ 101.797851964790908, 12.736111693284759 ], [ 101.797852956118376, 12.736202013817325 ], [ 101.797944965046582, 12.736201040661415 ], [ 101.797945956414168, 12.736291361186165 ], [ 101.798129974312715, 12.736289414764386 ], [ 101.798130965752904, 12.736379735274191 ], [ 101.798499001588596, 12.736375842019275 ], [ 101.798498010018406, 12.736285521537972 ], [ 101.798590018925807, 12.736284548151611 ], [ 101.798589027330749, 12.736194227676743 ], [ 101.798681036198005, 12.736193254265604 ], [ 101.798679052965767, 12.73601261332805 ], [ 101.798771061760419, 12.736011639899262 ], [ 101.798770070123226, 12.735921319436578 ], [ 101.798678061361073, 12.735922292858243 ], [ 101.798676078174537, 12.735741651916548 ], [ 101.79849206075734, 12.735743598635656 ], [ 101.798491069240484, 12.735653278149515 ], [ 101.798215043155054, 12.735656197967531 ], [ 101.798214051743301, 12.735565877459322 ], [ 101.798122043065419, 12.735566850661066 ], [ 101.798123034444671, 12.735657171176396 ], [ 101.798031025726686, 12.735658144353359 ], [ 101.798032017081056, 12.735748464875128 ], [ 101.797940008322954, 12.735749438027314 ], [ 101.79794099965244, 12.735839758555517 ], [ 101.79784899085422, 12.735840731682924 ], [ 101.797849982158851, 12.735931052217561 ], [ 101.797665964474561, 12.735932998390915 ], [ 101.797664973234944, 12.735842677842028 ], [ 101.797572964413874, 12.735843650873727 ], [ 101.79757197321436, 12.735753330317024 ], [ 101.797663982002931, 12.73575235729245 ], [ 101.797658034770791, 12.735210433980479 ], [ 101.797382008967148, 12.735213352830252 ], [ 101.797381017885925, 12.735123032254469 ], [ 101.797197000710412, 12.735124977980563 ], [ 101.797196009701793, 12.735034657389841 ], [ 101.796827975389363, 12.735038548430715 ], [ 101.796828966268009, 12.735128869049934 ], [ 101.796736957638387, 12.735129841737521 ], [ 101.7967399302225, 12.735400803612389 ], [ 101.796923947669129, 12.735398858162576 ], [ 101.796926920516739, 12.735669819988491 ], [ 101.796742902875152, 12.735671765481039 ], [ 101.796740921099101, 12.735491124235965 ], [ 101.796648912331875, 12.735492096920142 ], [ 101.796647921487775, 12.735401776289443 ], [ 101.796095868919551, 12.735407611681817 ], [ 101.796096859568678, 12.735497932355241 ], [ 101.796004850748176, 12.735498904816097 ], [ 101.796007822643773, 12.735769866853584 ], [ 101.795915813718153, 12.735770839303902 ], [ 101.795916804332748, 12.735861159988803 ], [ 101.795824795367039, 12.735862132414333 ], [ 101.795828757771517, 12.736223415175509 ], [ 101.795920766867212, 12.736222442721495 ], [ 101.795921757519849, 12.736312763402941 ], [ 101.796197784858762, 12.736309845828115 ], [ 101.796198775616517, 12.736400166487511 ], [ 101.795646720675208, 12.736406001392737 ], [ 101.79564573011244, 12.736315680690627 ], [ 101.795461711802787, 12.736317625389555 ], [ 101.795460721312637, 12.736227304672511 ], [ 101.795184693888572, 12.736230221460268 ], [ 101.795183703503511, 12.736139900721177 ], [ 101.795091694379437, 12.736140872912834 ], [ 101.795090704034479, 12.736050552165933 ], [ 101.794998694935288, 12.736051524318569 ], [ 101.794997704630447, 12.735961203563864 ], [ 101.794905695556153, 12.735962175677475 ] ], [ [ 101.796290784746759, 12.736399193891639 ], [ 101.796291775544617, 12.736489514543221 ], [ 101.796199766381861, 12.736490487146213 ], [ 101.796198775616517, 12.736400166487511 ], [ 101.796290784746759, 12.736399193891639 ] ], [ [ 101.804850036044783, 12.744889975064734 ], [ 101.804942047554334, 12.744888998823185 ], [ 101.804940058486352, 12.744708358975883 ], [ 101.805032069923243, 12.744707382716697 ], [ 101.805031075368177, 12.744617062799151 ], [ 101.804939063963815, 12.744618039051193 ], [ 101.804937074941634, 12.744437399199743 ], [ 101.804845063594655, 12.744438375405574 ], [ 101.80484406912754, 12.744348055471667 ], [ 101.804752057805459, 12.744349031638432 ], [ 101.804751063378504, 12.744258711696691 ], [ 101.804475029463987, 12.744261639984009 ], [ 101.804476023793384, 12.744351959947178 ], [ 101.804292001080512, 12.74435391199339 ], [ 101.804292995352512, 12.744444231970149 ], [ 101.804108972544057, 12.744446183902941 ], [ 101.804109966758659, 12.744536503893292 ], [ 101.804017955310457, 12.744537479818945 ], [ 101.804019943697512, 12.744718119811855 ], [ 101.803927932176649, 12.74471909571986 ], [ 101.803928926349116, 12.744809415722418 ], [ 101.803560880059209, 12.744813319063748 ], [ 101.803561874109221, 12.744903639094174 ], [ 101.803469862485144, 12.744904614856834 ], [ 101.803470856510273, 12.744994934893707 ], [ 101.803378844846037, 12.744995910631577 ], [ 101.803382820892779, 12.745357190800721 ], [ 101.803566844473778, 12.745355239235936 ], [ 101.803567838569592, 12.745445559262212 ], [ 101.803659850381152, 12.74544458342479 ], [ 101.803660844517125, 12.745534903443236 ], [ 101.804212915421374, 12.745529047705379 ], [ 101.804211921090271, 12.745438727729775 ], [ 101.804303932848413, 12.745437751668863 ], [ 101.804302938492427, 12.74534743169971 ], [ 101.804394950210423, 12.74534645561401 ], [ 101.804393955829553, 12.745256135651308 ], [ 101.804669990840111, 12.745253207224071 ], [ 101.804668996369315, 12.745162887282104 ], [ 101.804761007991715, 12.745161911082981 ], [ 101.804759019007975, 12.744981271211254 ], [ 101.8048510305577, 12.744980294994491 ], [ 101.804850036044783, 12.744889975064734 ] ], [ [ 101.813605062452496, 12.746061559008746 ], [ 101.813697073690804, 12.746060579633973 ], [ 101.813696075956429, 12.745970260400021 ], [ 101.813788087154549, 12.745969281000487 ], [ 101.813787089395305, 12.745878961773013 ], [ 101.813971111703523, 12.745877002892488 ], [ 101.813967120482985, 12.745515726032977 ], [ 101.813231032106955, 12.745523560559503 ], [ 101.813230034581125, 12.745433241285573 ], [ 101.813138023532176, 12.745434220450553 ], [ 101.813139021025478, 12.745524539731649 ], [ 101.812862987735102, 12.745527477056525 ], [ 101.812864982549556, 12.745708115659621 ], [ 101.812772971372411, 12.745709094718388 ], [ 101.812773968758606, 12.745799414026058 ], [ 101.812681957541272, 12.74580039306006 ], [ 101.81268395227157, 12.745981031687654 ], [ 101.812591940981548, 12.745982010704052 ], [ 101.812592938325665, 12.746072330023974 ], [ 101.812408915657599, 12.746074287975315 ], [ 101.812409912944332, 12.74616460730887 ], [ 101.812317901566274, 12.74616558624381 ], [ 101.812319896097662, 12.746346224923165 ], [ 101.812411907540735, 12.746345245973902 ], [ 101.812413902167805, 12.746525884636165 ], [ 101.812505913668275, 12.746524905640648 ], [ 101.812510900532516, 12.746976502248376 ], [ 101.812602912187955, 12.746975523185116 ], [ 101.812603909616286, 12.747065842497424 ], [ 101.812787932969258, 12.747063884260788 ], [ 101.81278693547587, 12.746973564962804 ], [ 101.812878947108331, 12.746972585803753 ], [ 101.812876952079463, 12.746791947220043 ], [ 101.8133370098017, 12.746787051017471 ], [ 101.813336012136133, 12.746696731760396 ], [ 101.813428023625079, 12.746695752431258 ], [ 101.813426028251868, 12.746515113929362 ], [ 101.813518039668111, 12.746514134582622 ], [ 101.813515046568185, 12.746243176846079 ], [ 101.81360705787921, 12.746242197488904 ], [ 101.813605062452496, 12.746061559008746 ] ], [ [ 101.811311757442013, 12.746718268923232 ], [ 101.811309763564921, 12.746537630091879 ], [ 101.811585798318987, 12.746534694158997 ], [ 101.811583804277362, 12.746354055367835 ], [ 101.811491792765381, 12.746355034029738 ], [ 101.811490795788558, 12.746264714625957 ], [ 101.811398784301446, 12.74626569324877 ], [ 101.811397787364811, 12.74617537383714 ], [ 101.810937729977056, 12.746180266436482 ], [ 101.810938726751061, 12.746270585883908 ], [ 101.810754703677347, 12.746272542714463 ], [ 101.810755700393969, 12.746362862175513 ], [ 101.810663688813094, 12.746363840550059 ], [ 101.810664685504861, 12.746454160017574 ], [ 101.810388650618791, 12.746457094971094 ], [ 101.810392637072027, 12.746818372920135 ], [ 101.810300625297941, 12.746819351202745 ], [ 101.810303615120617, 12.747090309678725 ], [ 101.810395626992289, 12.747089331374644 ], [ 101.810396623647677, 12.747179650858097 ], [ 101.810488635544218, 12.747178672514931 ], [ 101.810490628942986, 12.747359311465443 ], [ 101.810674652843218, 12.747357354654678 ], [ 101.810675649619142, 12.747447674114582 ], [ 101.810859673553821, 12.747445717161778 ], [ 101.81085867671284, 12.747355397716191 ], [ 101.810950688636169, 12.747354419199048 ], [ 101.810949691770332, 12.747264099759926 ], [ 101.811041703653473, 12.747263121218012 ], [ 101.81103970987968, 12.747082482352011 ], [ 101.811131721690131, 12.747081503792483 ], [ 101.811130724782188, 12.746991184365601 ], [ 101.811222736552466, 12.746990205781303 ], [ 101.811219745776981, 12.746719247517984 ], [ 101.811311757442013, 12.746718268923232 ] ], [ [ 101.808651384318068, 12.747469192165385 ], [ 101.808835408589317, 12.747467236617592 ], [ 101.808834412463938, 12.747376917014577 ], [ 101.809202460784547, 12.747373005564416 ], [ 101.809196483412165, 12.746831088103489 ], [ 101.809104471538646, 12.746832065971004 ], [ 101.809103475369199, 12.746741746384604 ], [ 101.809011463520534, 12.746742724213036 ], [ 101.809010467391275, 12.746652404618791 ], [ 101.808826443736066, 12.746654360165554 ], [ 101.808825447679496, 12.74656404055631 ], [ 101.808365388570294, 12.746568928828676 ], [ 101.808364392683998, 12.746478609182979 ], [ 101.808272380871742, 12.746479586734512 ], [ 101.808273376725523, 12.746569906387361 ], [ 101.808181364873107, 12.746570883914115 ], [ 101.808180369051854, 12.746480564254114 ], [ 101.807812321695806, 12.746484474013224 ], [ 101.807811326012299, 12.746394154323927 ], [ 101.807535290512561, 12.746397086286546 ], [ 101.807534294934271, 12.746306766575106 ], [ 101.807350271294624, 12.746308721042908 ], [ 101.807351266807871, 12.746399040768647 ], [ 101.807259254944057, 12.7464000179618 ], [ 101.807262241432099, 12.746670977156311 ], [ 101.807354253393498, 12.746669999941711 ], [ 101.807355248937313, 12.746760319664681 ], [ 101.807447260923581, 12.746759342410998 ], [ 101.807449252099204, 12.746939981840564 ], [ 101.807541264142884, 12.746939004540652 ], [ 101.807544251061216, 12.747209963658362 ], [ 101.807636263194837, 12.74720898630507 ], [ 101.807638254576986, 12.747389625699112 ], [ 101.807730266768019, 12.747388648299589 ], [ 101.807731262503083, 12.747478967988421 ], [ 101.807823274718999, 12.747477990549815 ], [ 101.807824270494223, 12.747568310230807 ], [ 101.807916282735022, 12.747567332753116 ], [ 101.807920266042558, 12.74792861144156 ], [ 101.808012278405798, 12.747927633903331 ], [ 101.80801327428432, 12.748017953566563 ], [ 101.808197299052949, 12.748015998380005 ], [ 101.808196303109355, 12.747925678731079 ], [ 101.808288315449673, 12.747924701097048 ], [ 101.808287319481224, 12.747834381454581 ], [ 101.808379331781367, 12.74783340379577 ], [ 101.808378335788021, 12.747743084159762 ], [ 101.808470348047976, 12.747742106476171 ], [ 101.808469352029761, 12.747651786846623 ], [ 101.808561364249556, 12.747650809138252 ], [ 101.808560368206457, 12.747560489515166 ], [ 101.808652380386064, 12.747559511782015 ], [ 101.808651384318068, 12.747469192165385 ] ], [ [ 101.802382058241577, 12.754762186927829 ], [ 101.802380069396477, 12.754581546817255 ], [ 101.802472084600865, 12.754580570705997 ], [ 101.802475067977596, 12.754851530849407 ], [ 101.802659098558749, 12.754849578488212 ], [ 101.802657109503116, 12.754668938421846 ], [ 101.802565094281448, 12.754669914604143 ], [ 101.802564099797621, 12.754579594562788 ], [ 101.802656114986746, 12.75457861838763 ], [ 101.802655120478008, 12.754488298352715 ], [ 101.802747135626944, 12.754487322152741 ], [ 101.802746141093294, 12.754397002124271 ], [ 101.802838156202057, 12.754396025899487 ], [ 101.802837161643481, 12.75430570587746 ], [ 101.80292917671207, 12.754304729627863 ], [ 101.802928182128596, 12.754214409612286 ], [ 101.803020197156997, 12.754213433337876 ], [ 101.803018207947829, 12.754032793318927 ], [ 101.802926192984515, 12.75403376957906 ], [ 101.802925198423935, 12.753943449561406 ], [ 101.802833183485518, 12.753944425782453 ], [ 101.802832188965112, 12.75385410575697 ], [ 101.802740174051635, 12.753855081938928 ], [ 101.80273917957139, 12.75376476190562 ], [ 101.802463134882771, 12.753767690238385 ], [ 101.80246412926536, 12.75385801029311 ], [ 101.802372114321358, 12.75385898634727 ], [ 101.802373108679035, 12.75394930640844 ], [ 101.802281093694859, 12.75395028243779 ], [ 101.802282088027624, 12.754040602505405 ], [ 101.80219007300326, 12.754041578509943 ], [ 101.802191067311114, 12.754131898583999 ], [ 101.802099052246575, 12.754132874563723 ], [ 101.802101040820077, 12.754313514724036 ], [ 101.801917010537935, 12.754315466616173 ], [ 101.801918004771039, 12.754405786709567 ], [ 101.801641959192963, 12.75440871432955 ], [ 101.801642953336042, 12.754499034443656 ], [ 101.801550938095545, 12.754500010260216 ], [ 101.801551932213727, 12.754590330380765 ], [ 101.801367901644753, 12.754592281932304 ], [ 101.801372872024572, 12.755043882596009 ], [ 101.801464887475603, 12.755042906800545 ], [ 101.801465881606987, 12.755133226924075 ], [ 101.801557897082958, 12.75513225108952 ], [ 101.80155889125453, 12.755222571205225 ], [ 101.801742922248664, 12.755220619425991 ], [ 101.801743916492967, 12.75531093952673 ], [ 101.802111978519875, 12.755307035556283 ], [ 101.802110984145386, 12.755216715484085 ], [ 101.802202999600496, 12.755215739418729 ], [ 101.802202005201082, 12.755125419352973 ], [ 101.802294020616017, 12.755124443262799 ], [ 101.802293026191677, 12.755034123203489 ], [ 101.802201010809299, 12.755035099286529 ], [ 101.802199022048626, 12.754854459151559 ], [ 101.802291037365904, 12.754853483082794 ], [ 101.802290042964472, 12.75476316302141 ], [ 101.802382058241577, 12.754762186927829 ] ], [ [ 101.8024939642916, 12.756567611613008 ], [ 101.802491975076194, 12.756386971544398 ], [ 101.802583990923935, 12.756385995258443 ], [ 101.802582996295129, 12.756295675230234 ], [ 101.802675012102682, 12.756294698919461 ], [ 101.802673022802864, 12.756114058875244 ], [ 101.802581007060411, 12.756115035171746 ], [ 101.802580012454484, 12.756024715141463 ], [ 101.802487996736943, 12.756025691398868 ], [ 101.802487002171219, 12.755935371360756 ], [ 101.802302970778342, 12.755937323765428 ], [ 101.802301976285349, 12.755847003712351 ], [ 101.802025929236493, 12.755849932058291 ], [ 101.802026923631828, 12.755940252132781 ], [ 101.801934907901071, 12.755941228191322 ], [ 101.801935902271495, 12.756031548272254 ], [ 101.801843886500549, 12.756032524305974 ], [ 101.801844880846062, 12.756122844393353 ], [ 101.801752865034928, 12.756123820402253 ], [ 101.801753859355514, 12.756214140496072 ], [ 101.801661843504206, 12.756215116480154 ], [ 101.801662837799867, 12.756305436580414 ], [ 101.801570821908385, 12.756306412539677 ], [ 101.801572810457486, 12.756487052752396 ], [ 101.801480794493258, 12.756488028693973 ], [ 101.801482783007785, 12.75666866891819 ], [ 101.801390766970826, 12.756669644842077 ], [ 101.801392755450735, 12.756850285077798 ], [ 101.801484771552808, 12.756849309139643 ], [ 101.801485765836759, 12.756939629249329 ], [ 101.801577781963744, 12.756938653272076 ], [ 101.801578776287869, 12.757028973373938 ], [ 101.801670792439793, 12.757027997357595 ], [ 101.801671786804107, 12.75711831745163 ], [ 101.802039851465665, 12.75711441303814 ], [ 101.802038856971137, 12.757024092972651 ], [ 101.802130873084906, 12.757023116796518 ], [ 101.802129878565452, 12.756932796737473 ], [ 101.802221894639018, 12.75693182053652 ], [ 101.802220900094653, 12.756841500483921 ], [ 101.802312916128031, 12.75684052425815 ], [ 101.802310926997066, 12.756659884165144 ], [ 101.802402942957727, 12.756658907921688 ], [ 101.802401948371127, 12.756568587881285 ], [ 101.8024939642916, 12.756567611613008 ] ], [ [ 101.804002047831005, 12.759803503623768 ], [ 101.804000057024197, 12.759622863833465 ], [ 101.803908040118912, 12.759623840855834 ], [ 101.803904058727184, 12.759262561238357 ], [ 101.803812041944511, 12.759263538200202 ], [ 101.803807065539416, 12.758811938627069 ], [ 101.803715048911911, 12.758812915521245 ], [ 101.803713058468432, 12.758632275672863 ], [ 101.80362104189841, 12.758633252520795 ], [ 101.803619051550584, 12.758452612655365 ], [ 101.803527035038044, 12.75845358945706 ], [ 101.803526039908135, 12.758363269516162 ], [ 101.803434023420522, 12.758364246278752 ], [ 101.803432033248725, 12.758183606380609 ], [ 101.803340016818581, 12.758184583096957 ], [ 101.803339021776694, 12.758094263139707 ], [ 101.803247005371475, 12.758095239816958 ], [ 101.803245015375708, 12.757914599886098 ], [ 101.803337031715827, 12.757913623223127 ], [ 101.803336036696834, 12.7578233032638 ], [ 101.80342805299675, 12.757822326576006 ], [ 101.803427057952845, 12.757732006623124 ], [ 101.803611090464656, 12.75773005316594 ], [ 101.803612085573675, 12.757820373104543 ], [ 101.803888134381822, 12.757817442657652 ], [ 101.803889129596143, 12.757907762574137 ], [ 101.804165178433252, 12.757904831818186 ], [ 101.804164183121259, 12.757814511923124 ], [ 101.803980150635937, 12.757816465778101 ], [ 101.803979155396689, 12.757726145868064 ], [ 101.803795122945942, 12.757728099580921 ], [ 101.80379412777944, 12.757637779655907 ], [ 101.803702111575163, 12.757638756457258 ], [ 101.803701116448863, 12.757548436524409 ], [ 101.803517084082529, 12.757550390016952 ], [ 101.803516089028975, 12.757460070069131 ], [ 101.802963991942093, 12.75746592973691 ], [ 101.802962997091498, 12.757375609745562 ], [ 101.802870980916197, 12.757376586237863 ], [ 101.802866006940448, 12.756924986235054 ], [ 101.802958022952964, 12.756924009778443 ], [ 101.802957028148157, 12.756833689782942 ], [ 101.803049044120499, 12.756832713301518 ], [ 101.80304804929078, 12.756742393312461 ], [ 101.803140065222934, 12.756741416806213 ], [ 101.803139070368289, 12.756651096823605 ], [ 101.803231086260269, 12.756650120292541 ], [ 101.803230091380698, 12.756559800316378 ], [ 101.803322107232489, 12.756558823760498 ], [ 101.803321112327993, 12.756468503790787 ], [ 101.803413128139596, 12.756467527210084 ], [ 101.803412133210188, 12.756377207246818 ], [ 101.803504148981617, 12.756376230641303 ], [ 101.803503154027283, 12.756285910684483 ], [ 101.803595169758509, 12.75628493405415 ], [ 101.803594174779263, 12.756194614103782 ], [ 101.803686190470316, 12.756193637448636 ], [ 101.803684200469633, 12.756012997560095 ], [ 101.80396024730166, 12.756010067445768 ], [ 101.803958257136202, 12.755829427597298 ], [ 101.803774226052681, 12.755831381010244 ], [ 101.803773231046506, 12.755741061070696 ], [ 101.803681215525842, 12.755742037722094 ], [ 101.803680220559855, 12.755651717774708 ], [ 101.803588205064102, 12.755652694387011 ], [ 101.803587210138289, 12.755562374431797 ], [ 101.803403179189004, 12.755564327546262 ], [ 101.803402184335923, 12.755474007576074 ], [ 101.802482029456996, 12.755483771159808 ], [ 101.802481034937045, 12.755393451117543 ], [ 101.802573050426744, 12.755392474910099 ], [ 101.802572055881868, 12.755302154874276 ], [ 101.802664071331378, 12.755301178642016 ], [ 101.802661087644893, 12.755030218551811 ], [ 101.802569072293039, 12.755031194762658 ], [ 101.802570066815022, 12.755121514800559 ], [ 101.802386036023321, 12.755123467140669 ], [ 101.80239299743512, 12.755755707486495 ], [ 101.802853075496387, 12.755750826146754 ], [ 101.802854070177062, 12.755841146157696 ], [ 101.803038101413236, 12.755839193383839 ], [ 101.803037106667475, 12.755748873387175 ], [ 101.803313153366858, 12.755745944008151 ], [ 101.803314148210291, 12.755836263983401 ], [ 101.803406163794037, 12.755835287452678 ], [ 101.803407158677629, 12.7559256074201 ], [ 101.80331514306134, 12.755926583957962 ], [ 101.803318127660319, 12.756197543877487 ], [ 101.803226111938727, 12.756198520404814 ], [ 101.803227106787773, 12.756288840383743 ], [ 101.80304307525661, 12.756290793356806 ], [ 101.803044070048173, 12.756381113349322 ], [ 101.802952054238588, 12.756382089795059 ], [ 101.802953049005239, 12.756472409794016 ], [ 101.802861033155466, 12.756473386214935 ], [ 101.802862027897206, 12.756563706220348 ], [ 101.802770012007244, 12.756564682616444 ], [ 101.802772001448503, 12.75674532263946 ], [ 101.80267998548581, 12.756746299017884 ], [ 101.802680980185329, 12.756836619035491 ], [ 101.802588964182448, 12.756837595389088 ], [ 101.80259095353928, 12.757018235436504 ], [ 101.802498937463668, 12.75701921177242 ], [ 101.802500926785896, 12.757199851831338 ], [ 101.802408910637538, 12.757200828149575 ], [ 101.802411894580473, 12.75747178825417 ], [ 101.802503910826488, 12.757470811914526 ], [ 101.802505900225043, 12.75765145196652 ], [ 101.802597916528541, 12.75765047558064 ], [ 101.802598911271815, 12.757740795598464 ], [ 101.802690927600224, 12.757739819173485 ], [ 101.802691922383701, 12.757830139183477 ], [ 101.802783938737036, 12.757829162719402 ], [ 101.802784933560687, 12.757919482721562 ], [ 101.802876949938963, 12.757918506218388 ], [ 101.802877944802802, 12.758008826212718 ], [ 101.802969961205989, 12.758007849670447 ], [ 101.802970956110016, 12.75809816965695 ], [ 101.803062972538143, 12.758097193075578 ], [ 101.803063967482359, 12.758187513054246 ], [ 101.803155983935397, 12.758186536433778 ], [ 101.803156978919802, 12.758276856404612 ], [ 101.803248995397766, 12.758275879745046 ], [ 101.803252975541952, 12.758637159592915 ], [ 101.803344992142513, 12.758636182872827 ], [ 101.803352953057754, 12.759358742478218 ], [ 101.803444969911169, 12.75935776566905 ], [ 101.803446960281434, 12.759538405549193 ], [ 101.803538977192318, 12.759537428693781 ], [ 101.803539972421461, 12.759627748625677 ], [ 101.803631989357285, 12.759626771731162 ], [ 101.80363397990358, 12.75980741157859 ], [ 101.803725996896887, 12.759806434637833 ], [ 101.803738936615588, 12.760980593485764 ], [ 101.803830954024576, 12.760979616420213 ], [ 101.803831949473562, 12.761069936319602 ], [ 101.803739932032002, 12.761070913392297 ], [ 101.803752873140212, 12.762245072114183 ], [ 101.803844891005127, 12.76224409494866 ], [ 101.803845886561007, 12.762334414838355 ], [ 101.803937904450862, 12.762333437633718 ], [ 101.803936908862411, 12.762243117751167 ], [ 101.804028926712064, 12.762242140521703 ], [ 101.804019966466569, 12.761429261611823 ], [ 101.803927948910029, 12.761430238777017 ], [ 101.803916003268881, 12.760346400057552 ], [ 101.803823986095466, 12.760347377105083 ], [ 101.803821995327297, 12.760166737294531 ], [ 101.80391401243557, 12.760165760261277 ], [ 101.803910030860592, 12.759804480660421 ], [ 101.804002047831005, 12.759803503623768 ] ], [ [ 101.81334266981473, 12.763949658592836 ], [ 101.812790563328377, 12.763955541723799 ], [ 101.812791562196495, 12.764045860905862 ], [ 101.81288357999594, 12.764044880456812 ], [ 101.812889573560952, 12.764586795491663 ], [ 101.812981591548166, 12.764585814967649 ], [ 101.812987585584381, 12.76512772993456 ], [ 101.813079603759391, 12.765126749335586 ], [ 101.813085598266838, 12.765668664234557 ], [ 101.813177616629645, 12.765667683560613 ], [ 101.813183611608324, 12.766209598391637 ], [ 101.813275630158927, 12.766208617642729 ], [ 101.813277628611601, 12.766389255899858 ], [ 101.813369647219702, 12.76638827510464 ], [ 101.813370646490114, 12.766478594225001 ], [ 101.813646702366185, 12.766475651625965 ], [ 101.813645702998045, 12.766385332527101 ], [ 101.813737721575492, 12.766384351603961 ], [ 101.813730725984996, 12.765752117942665 ], [ 101.81363870763559, 12.765753098815642 ], [ 101.813634710454181, 12.765391822393841 ], [ 101.813542692227415, 12.765392803206177 ], [ 101.81353769608593, 12.764941207627498 ], [ 101.813445678014375, 12.764942188372027 ], [ 101.813441681369383, 12.76458091186794 ], [ 101.813349663420468, 12.764581892551833 ], [ 101.81334266981473, 12.763949658592836 ] ] ] } }
]
}
