{
  "type": "FeatureCollection",
  "features": [
    {
      "type": "Feature",
      "properties": {
        "transect_id": "T015",
        "group": "PROJECT_37_STC",
        "year": 2017,
        "edge_position_m_from_inland": 1695.0,
        "edge_change_relative_2023_m": 20.0,
        "ndvi_threshold": 0.32,
        "threshold_spread_m": 10.0,
        "single_scene_edge_range_m": 20.0,
        "source_scene_ids": [
          "S2A_MSIL2A_20170226T033711_R061_T47PNL_20210208T171543",
          "S2A_MSIL2A_20170318T033531_R061_T47PNL_20210208T232716",
          "S2A_MSIL2A_20170427T033541_R061_T47PNL_20210209T105916"
        ],
        "source_dates": [
          "2017-02-26",
          "2017-03-18",
          "2017-04-27"
        ]
      },
      "geometry": {
        "type": "Point",
        "coordinates": [
          99.22294601397483,
          9.336765218239576
        ]
      }
    },
    {
      "type": "Feature",
      "properties": {
        "transect_id": "T015",
        "group": "PROJECT_37_STC",
        "year": 2018,
        "edge_position_m_from_inland": 1695.0,
        "edge_change_relative_2023_m": 20.0,
        "ndvi_threshold": 0.32,
        "threshold_spread_m": 0.0,
        "single_scene_edge_range_m": 10.0,
        "source_scene_ids": [
          "S2A_MSIL2A_20180201T033951_R061_T47PNL_20201013T174450",
          "S2B_MSIL2A_20180226T033709_R061_T47PNL_20201104T151958",
          "S2B_MSIL2A_20180328T033739_R061_T47PNL_20201013T153849"
        ],
        "source_dates": [
          "2018-02-01",
          "2018-02-26",
          "2018-03-28"
        ]
      },
      "geometry": {
        "type": "Point",
        "coordinates": [
          99.22294601397483,
          9.336765218239576
        ]
      }
    },
    {
      "type": "Feature",
      "properties": {
        "transect_id": "T015",
        "group": "PROJECT_37_STC",
        "year": 2019,
        "edge_position_m_from_inland": 1695.0,
        "edge_change_relative_2023_m": 20.0,
        "ndvi_threshold": 0.32,
        "threshold_spread_m": 0.0,
        "single_scene_edge_range_m": 0.0,
        "source_scene_ids": [
          "S2B_MSIL2A_20190211T033859_R061_T47PNL_20201007T155504",
          "S2B_MSIL2A_20190323T033719_R061_T47PNL_20201007T094740",
          "S2A_MSIL2A_20190417T033541_R061_T47PNL_20201007T030425"
        ],
        "source_dates": [
          "2019-02-11",
          "2019-03-23",
          "2019-04-17"
        ]
      },
      "geometry": {
        "type": "Point",
        "coordinates": [
          99.22294601397483,
          9.336765218239576
        ]
      }
    },
    {
      "type": "Feature",
      "properties": {
        "transect_id": "T015",
        "group": "PROJECT_37_STC",
        "year": 2020,
        "edge_position_m_from_inland": 1695.0,
        "edge_change_relative_2023_m": 20.0,
        "ndvi_threshold": 0.32,
        "threshold_spread_m": 0.0,
        "single_scene_edge_range_m": 0.0,
        "source_scene_ids": [
          "S2B_MSIL2A_20200226T033719_R061_T47PNL_20200928T132439",
          "S2A_MSIL2A_20200322T033531_R061_T47PNL_20201014T231526",
          "S2A_MSIL2A_20200411T033531_R061_T47PNL_20200923T010425"
        ],
        "source_dates": [
          "2020-02-26",
          "2020-03-22",
          "2020-04-11"
        ]
      },
      "geometry": {
        "type": "Point",
        "coordinates": [
          99.22294601397483,
          9.336765218239576
        ]
      }
    },
    {
      "type": "Feature",
      "properties": {
        "transect_id": "T015",
        "group": "PROJECT_37_STC",
        "year": 2021,
        "edge_position_m_from_inland": 1695.0,
        "edge_change_relative_2023_m": 20.0,
        "ndvi_threshold": 0.32,
        "threshold_spread_m": 10.0,
        "single_scene_edge_range_m": 10.0,
        "source_scene_ids": [
          "S2B_MSIL2A_20210220T033759_R061_T47PNL_20210220T151603",
          "S2B_MSIL2A_20210312T033539_R061_T47PNL_20210312T160153",
          "S2A_MSIL2A_20210426T033531_R061_T47PNL_20210426T132640"
        ],
        "source_dates": [
          "2021-02-20",
          "2021-03-12",
          "2021-04-26"
        ]
      },
      "geometry": {
        "type": "Point",
        "coordinates": [
          99.22294601397483,
          9.336765218239576
        ]
      }
    },
    {
      "type": "Feature",
      "properties": {
        "transect_id": "T015",
        "group": "PROJECT_37_STC",
        "year": 2022,
        "edge_position_m_from_inland": 1675.0,
        "edge_change_relative_2023_m": 0.0,
        "ndvi_threshold": 0.32,
        "threshold_spread_m": 20.0,
        "single_scene_edge_range_m": 10.0,
        "source_scene_ids": [
          "S2B_MSIL2A_20220205T033929_R061_T47PNL_20220218T223728",
          "S2A_MSIL2A_20220312T033541_R061_T47PNL_20220312T201539",
          "S2A_MSIL2A_20220421T033541_R061_T47PNL_20220421T215159"
        ],
        "source_dates": [
          "2022-02-05",
          "2022-03-12",
          "2022-04-21"
        ]
      },
      "geometry": {
        "type": "Point",
        "coordinates": [
          99.2228445428125,
          9.336915439595018
        ]
      }
    },
    {
      "type": "Feature",
      "properties": {
        "transect_id": "T015",
        "group": "PROJECT_37_STC",
        "year": 2023,
        "edge_position_m_from_inland": 1675.0,
        "edge_change_relative_2023_m": 0.0,
        "ndvi_threshold": 0.32,
        "threshold_spread_m": 10.0,
        "single_scene_edge_range_m": 20.0,
        "source_scene_ids": [
          "S2B_MSIL2A_20230210T033859_R061_T47PNL_20230211T035717",
          "S2B_MSIL2A_20230312T033539_R061_T47PNL_20230312T103608",
          "S2A_MSIL2A_20230406T033541_R061_T47PNL_20230406T112615"
        ],
        "source_dates": [
          "2023-02-10",
          "2023-03-12",
          "2023-04-06"
        ]
      },
      "geometry": {
        "type": "Point",
        "coordinates": [
          99.2228445428125,
          9.336915439595018
        ]
      }
    },
    {
      "type": "Feature",
      "properties": {
        "transect_id": "T015",
        "group": "PROJECT_37_STC",
        "year": 2024,
        "edge_position_m_from_inland": 1665.0,
        "edge_change_relative_2023_m": -10.0,
        "ndvi_threshold": 0.32,
        "threshold_spread_m": 0.0,
        "single_scene_edge_range_m": 30.0,
        "source_scene_ids": [
          "S2B_MSIL2A_20240225T033729_R061_T47PNL_20240225T081626",
          "S2A_MSIL2A_20240321T033541_R061_T47PNL_20240321T091105",
          "S2A_MSIL2A_20240420T033541_R061_T47PNL_20240420T101326"
        ],
        "source_dates": [
          "2024-02-25",
          "2024-03-21",
          "2024-04-20"
        ]
      },
      "geometry": {
        "type": "Point",
        "coordinates": [
          99.22279380723133,
          9.33699055027274
        ]
      }
    },
    {
      "type": "Feature",
      "properties": {
        "transect_id": "T015",
        "group": "PROJECT_37_STC",
        "year": 2025,
        "edge_position_m_from_inland": 1675.0,
        "edge_change_relative_2023_m": 0.0,
        "ndvi_threshold": 0.32,
        "threshold_spread_m": 10.0,
        "single_scene_edge_range_m": 0.0,
        "source_scene_ids": [
          "S2C_MSIL2A_20250214T033901_R061_T47PNL_20250214T090512",
          "S2C_MSIL2A_20250316T033601_R061_T47PNL_20250316T090315",
          "S2A_MSIL2A_20250407T034201_R061_T47PNL_20250407T083514"
        ],
        "source_dates": [
          "2025-02-14",
          "2025-03-16",
          "2025-04-07"
        ]
      },
      "geometry": {
        "type": "Point",
        "coordinates": [
          99.2228445428125,
          9.336915439595018
        ]
      }
    },
    {
      "type": "Feature",
      "properties": {
        "transect_id": "T015",
        "group": "PROJECT_37_STC",
        "year": 2026,
        "edge_position_m_from_inland": 1675.0,
        "edge_change_relative_2023_m": 0.0,
        "ndvi_threshold": 0.32,
        "threshold_spread_m": 20.0,
        "single_scene_edge_range_m": 10.0,
        "source_scene_ids": [
          "S2C_MSIL2A_20260301T033701_R061_T47PNL_20260301T091613",
          "S2B_MSIL2A_20260405T033539_R061_T47PNL_20260405T072236",
          "S2C_MSIL2A_20260430T033541_R061_T47PNL_20260430T081812"
        ],
        "source_dates": [
          "2026-03-01",
          "2026-04-05",
          "2026-04-30"
        ]
      },
      "geometry": {
        "type": "Point",
        "coordinates": [
          99.2228445428125,
          9.336915439595018
        ]
      }
    },
    {
      "type": "Feature",
      "properties": {
        "transect_id": "T016",
        "group": "PROJECT_37_STC",
        "year": 2017,
        "edge_position_m_from_inland": 1645.0,
        "edge_change_relative_2023_m": 10.0,
        "ndvi_threshold": 0.32,
        "threshold_spread_m": 0.0,
        "single_scene_edge_range_m": 10.0,
        "source_scene_ids": [
          "S2A_MSIL2A_20170226T033711_R061_T47PNL_20210208T171543",
          "S2A_MSIL2A_20170318T033531_R061_T47PNL_20210208T232716",
          "S2A_MSIL2A_20170427T033541_R061_T47PNL_20210209T105916"
        ],
        "source_dates": [
          "2017-02-26",
          "2017-03-18",
          "2017-04-27"
        ]
      },
      "geometry": {
        "type": "Point",
        "coordinates": [
          99.22314895580024,
          9.33740634899568
        ]
      }
    },
    {
      "type": "Feature",
      "properties": {
        "transect_id": "T016",
        "group": "PROJECT_37_STC",
        "year": 2018,
        "edge_position_m_from_inland": 1655.0,
        "edge_change_relative_2023_m": 20.0,
        "ndvi_threshold": 0.32,
        "threshold_spread_m": 0.0,
        "single_scene_edge_range_m": 10.0,
        "source_scene_ids": [
          "S2A_MSIL2A_20180201T033951_R061_T47PNL_20201013T174450",
          "S2B_MSIL2A_20180226T033709_R061_T47PNL_20201104T151958",
          "S2B_MSIL2A_20180328T033739_R061_T47PNL_20201013T153849"
        ],
        "source_dates": [
          "2018-02-01",
          "2018-02-26",
          "2018-03-28"
        ]
      },
      "geometry": {
        "type": "Point",
        "coordinates": [
          99.22317644193627,
          9.33732011872705
        ]
      }
    },
    {
      "type": "Feature",
      "properties": {
        "transect_id": "T016",
        "group": "PROJECT_37_STC",
        "year": 2019,
        "edge_position_m_from_inland": 1655.0,
        "edge_change_relative_2023_m": 20.0,
        "ndvi_threshold": 0.32,
        "threshold_spread_m": 0.0,
        "single_scene_edge_range_m": 10.0,
        "source_scene_ids": [
          "S2B_MSIL2A_20190211T033859_R061_T47PNL_20201007T155504",
          "S2B_MSIL2A_20190323T033719_R061_T47PNL_20201007T094740",
          "S2A_MSIL2A_20190417T033541_R061_T47PNL_20201007T030425"
        ],
        "source_dates": [
          "2019-02-11",
          "2019-03-23",
          "2019-04-17"
        ]
      },
      "geometry": {
        "type": "Point",
        "coordinates": [
          99.22317644193627,
          9.33732011872705
        ]
      }
    },
    {
      "type": "Feature",
      "properties": {
        "transect_id": "T016",
        "group": "PROJECT_37_STC",
        "year": 2020,
        "edge_position_m_from_inland": 1645.0,
        "edge_change_relative_2023_m": 10.0,
        "ndvi_threshold": 0.32,
        "threshold_spread_m": 10.0,
        "single_scene_edge_range_m": 10.0,
        "source_scene_ids": [
          "S2B_MSIL2A_20200226T033719_R061_T47PNL_20200928T132439",
          "S2A_MSIL2A_20200322T033531_R061_T47PNL_20201014T231526",
          "S2A_MSIL2A_20200411T033531_R061_T47PNL_20200923T010425"
        ],
        "source_dates": [
          "2020-02-26",
          "2020-03-22",
          "2020-04-11"
        ]
      },
      "geometry": {
        "type": "Point",
        "coordinates": [
          99.22314895580024,
          9.33740634899568
        ]
      }
    },
    {
      "type": "Feature",
      "properties": {
        "transect_id": "T016",
        "group": "PROJECT_37_STC",
        "year": 2021,
        "edge_position_m_from_inland": 1655.0,
        "edge_change_relative_2023_m": 20.0,
        "ndvi_threshold": 0.32,
        "threshold_spread_m": 0.0,
        "single_scene_edge_range_m": 10.0,
        "source_scene_ids": [
          "S2B_MSIL2A_20210220T033759_R061_T47PNL_20210220T151603",
          "S2B_MSIL2A_20210312T033539_R061_T47PNL_20210312T160153",
          "S2A_MSIL2A_20210426T033531_R061_T47PNL_20210426T132640"
        ],
        "source_dates": [
          "2021-02-20",
          "2021-03-12",
          "2021-04-26"
        ]
      },
      "geometry": {
        "type": "Point",
        "coordinates": [
          99.22317644193627,
          9.33732011872705
        ]
      }
    },
    {
      "type": "Feature",
      "properties": {
        "transect_id": "T016",
        "group": "PROJECT_37_STC",
        "year": 2022,
        "edge_position_m_from_inland": 1635.0,
        "edge_change_relative_2023_m": 0.0,
        "ndvi_threshold": 0.32,
        "threshold_spread_m": 0.0,
        "single_scene_edge_range_m": 10.0,
        "source_scene_ids": [
          "S2B_MSIL2A_20220205T033929_R061_T47PNL_20220218T223728",
          "S2A_MSIL2A_20220312T033541_R061_T47PNL_20220312T201539",
          "S2A_MSIL2A_20220421T033541_R061_T47PNL_20220421T215159"
        ],
        "source_dates": [
          "2022-02-05",
          "2022-03-12",
          "2022-04-21"
        ]
      },
      "geometry": {
        "type": "Point",
        "coordinates": [
          99.2231214696642,
          9.337492579264312
        ]
      }
    },
    {
      "type": "Feature",
      "properties": {
        "transect_id": "T016",
        "group": "PROJECT_37_STC",
        "year": 2023,
        "edge_position_m_from_inland": 1635.0,
        "edge_change_relative_2023_m": 0.0,
        "ndvi_threshold": 0.32,
        "threshold_spread_m": 0.0,
        "single_scene_edge_range_m": 20.0,
        "source_scene_ids": [
          "S2B_MSIL2A_20230210T033859_R061_T47PNL_20230211T035717",
          "S2B_MSIL2A_20230312T033539_R061_T47PNL_20230312T103608",
          "S2A_MSIL2A_20230406T033541_R061_T47PNL_20230406T112615"
        ],
        "source_dates": [
          "2023-02-10",
          "2023-03-12",
          "2023-04-06"
        ]
      },
      "geometry": {
        "type": "Point",
        "coordinates": [
          99.2231214696642,
          9.337492579264312
        ]
      }
    },
    {
      "type": "Feature",
      "properties": {
        "transect_id": "T016",
        "group": "PROJECT_37_STC",
        "year": 2024,
        "edge_position_m_from_inland": 1635.0,
        "edge_change_relative_2023_m": 0.0,
        "ndvi_threshold": 0.32,
        "threshold_spread_m": 0.0,
        "single_scene_edge_range_m": 10.0,
        "source_scene_ids": [
          "S2B_MSIL2A_20240225T033729_R061_T47PNL_20240225T081626",
          "S2A_MSIL2A_20240321T033541_R061_T47PNL_20240321T091105",
          "S2A_MSIL2A_20240420T033541_R061_T47PNL_20240420T101326"
        ],
        "source_dates": [
          "2024-02-25",
          "2024-03-21",
          "2024-04-20"
        ]
      },
      "geometry": {
        "type": "Point",
        "coordinates": [
          99.2231214696642,
          9.337492579264312
        ]
      }
    },
    {
      "type": "Feature",
      "properties": {
        "transect_id": "T016",
        "group": "PROJECT_37_STC",
        "year": 2025,
        "edge_position_m_from_inland": 1635.0,
        "edge_change_relative_2023_m": 0.0,
        "ndvi_threshold": 0.32,
        "threshold_spread_m": 0.0,
        "single_scene_edge_range_m": 0.0,
        "source_scene_ids": [
          "S2C_MSIL2A_20250214T033901_R061_T47PNL_20250214T090512",
          "S2C_MSIL2A_20250316T033601_R061_T47PNL_20250316T090315",
          "S2A_MSIL2A_20250407T034201_R061_T47PNL_20250407T083514"
        ],
        "source_dates": [
          "2025-02-14",
          "2025-03-16",
          "2025-04-07"
        ]
      },
      "geometry": {
        "type": "Point",
        "coordinates": [
          99.2231214696642,
          9.337492579264312
        ]
      }
    },
    {
      "type": "Feature",
      "properties": {
        "transect_id": "T016",
        "group": "PROJECT_37_STC",
        "year": 2026,
        "edge_position_m_from_inland": 1635.0,
        "edge_change_relative_2023_m": 0.0,
        "ndvi_threshold": 0.32,
        "threshold_spread_m": 0.0,
        "single_scene_edge_range_m": 0.0,
        "source_scene_ids": [
          "S2C_MSIL2A_20260301T033701_R061_T47PNL_20260301T091613",
          "S2B_MSIL2A_20260405T033539_R061_T47PNL_20260405T072236",
          "S2C_MSIL2A_20260430T033541_R061_T47PNL_20260430T081812"
        ],
        "source_dates": [
          "2026-03-01",
          "2026-04-05",
          "2026-04-30"
        ]
      },
      "geometry": {
        "type": "Point",
        "coordinates": [
          99.2231214696642,
          9.337492579264312
        ]
      }
    },
    {
      "type": "Feature",
      "properties": {
        "transect_id": "T017",
        "group": "PROJECT_37_STC",
        "year": 2017,
        "edge_position_m_from_inland": 1575.0,
        "edge_change_relative_2023_m": 0.0,
        "ndvi_threshold": 0.32,
        "threshold_spread_m": 0.0,
        "single_scene_edge_range_m": 0.0,
        "source_scene_ids": [
          "S2A_MSIL2A_20170226T033711_R061_T47PNL_20210208T171543",
          "S2A_MSIL2A_20170318T033531_R061_T47PNL_20210208T232716",
          "S2A_MSIL2A_20170427T033541_R061_T47PNL_20210209T105916"
        ],
        "source_dates": [
          "2017-02-26",
          "2017-03-18",
          "2017-04-27"
        ]
      },
      "geometry": {
        "type": "Point",
        "coordinates": [
          99.22400023227895,
          9.338563142278737
        ]
      }
    },
    {
      "type": "Feature",
      "properties": {
        "transect_id": "T017",
        "group": "PROJECT_37_STC",
        "year": 2018,
        "edge_position_m_from_inland": 1585.0,
        "edge_change_relative_2023_m": 10.0,
        "ndvi_threshold": 0.32,
        "threshold_spread_m": 0.0,
        "single_scene_edge_range_m": 10.0,
        "source_scene_ids": [
          "S2A_MSIL2A_20180201T033951_R061_T47PNL_20201013T174450",
          "S2B_MSIL2A_20180226T033709_R061_T47PNL_20201104T151958",
          "S2B_MSIL2A_20180328T033739_R061_T47PNL_20201013T153849"
        ],
        "source_dates": [
          "2018-02-01",
          "2018-02-26",
          "2018-03-28"
        ]
      },
      "geometry": {
        "type": "Point",
        "coordinates": [
          99.22406157230503,
          9.33849629031748
        ]
      }
    },
    {
      "type": "Feature",
      "properties": {
        "transect_id": "T017",
        "group": "PROJECT_37_STC",
        "year": 2019,
        "edge_position_m_from_inland": 1585.0,
        "edge_change_relative_2023_m": 10.0,
        "ndvi_threshold": 0.32,
        "threshold_spread_m": 0.0,
        "single_scene_edge_range_m": 10.0,
        "source_scene_ids": [
          "S2B_MSIL2A_20190211T033859_R061_T47PNL_20201007T155504",
          "S2B_MSIL2A_20190323T033719_R061_T47PNL_20201007T094740",
          "S2A_MSIL2A_20190417T033541_R061_T47PNL_20201007T030425"
        ],
        "source_dates": [
          "2019-02-11",
          "2019-03-23",
          "2019-04-17"
        ]
      },
      "geometry": {
        "type": "Point",
        "coordinates": [
          99.22406157230503,
          9.33849629031748
        ]
      }
    },
    {
      "type": "Feature",
      "properties": {
        "transect_id": "T017",
        "group": "PROJECT_37_STC",
        "year": 2020,
        "edge_position_m_from_inland": 1575.0,
        "edge_change_relative_2023_m": 0.0,
        "ndvi_threshold": 0.32,
        "threshold_spread_m": 0.0,
        "single_scene_edge_range_m": 0.0,
        "source_scene_ids": [
          "S2B_MSIL2A_20200226T033719_R061_T47PNL_20200928T132439",
          "S2A_MSIL2A_20200322T033531_R061_T47PNL_20201014T231526",
          "S2A_MSIL2A_20200411T033531_R061_T47PNL_20200923T010425"
        ],
        "source_dates": [
          "2020-02-26",
          "2020-03-22",
          "2020-04-11"
        ]
      },
      "geometry": {
        "type": "Point",
        "coordinates": [
          99.22400023227895,
          9.338563142278737
        ]
      }
    },
    {
      "type": "Feature",
      "properties": {
        "transect_id": "T017",
        "group": "PROJECT_37_STC",
        "year": 2021,
        "edge_position_m_from_inland": 1585.0,
        "edge_change_relative_2023_m": 10.0,
        "ndvi_threshold": 0.32,
        "threshold_spread_m": 10.0,
        "single_scene_edge_range_m": 20.0,
        "source_scene_ids": [
          "S2B_MSIL2A_20210220T033759_R061_T47PNL_20210220T151603",
          "S2B_MSIL2A_20210312T033539_R061_T47PNL_20210312T160153",
          "S2A_MSIL2A_20210426T033531_R061_T47PNL_20210426T132640"
        ],
        "source_dates": [
          "2021-02-20",
          "2021-03-12",
          "2021-04-26"
        ]
      },
      "geometry": {
        "type": "Point",
        "coordinates": [
          99.22406157230503,
          9.33849629031748
        ]
      }
    },
    {
      "type": "Feature",
      "properties": {
        "transect_id": "T017",
        "group": "PROJECT_37_STC",
        "year": 2022,
        "edge_position_m_from_inland": 1575.0,
        "edge_change_relative_2023_m": 0.0,
        "ndvi_threshold": 0.32,
        "threshold_spread_m": 170.0,
        "single_scene_edge_range_m": 10.0,
        "source_scene_ids": [
          "S2B_MSIL2A_20220205T033929_R061_T47PNL_20220218T223728",
          "S2A_MSIL2A_20220312T033541_R061_T47PNL_20220312T201539",
          "S2A_MSIL2A_20220421T033541_R061_T47PNL_20220421T215159"
        ],
        "source_dates": [
          "2022-02-05",
          "2022-03-12",
          "2022-04-21"
        ]
      },
      "geometry": {
        "type": "Point",
        "coordinates": [
          99.22400023227895,
          9.338563142278737
        ]
      }
    },
    {
      "type": "Feature",
      "properties": {
        "transect_id": "T017",
        "group": "PROJECT_37_STC",
        "year": 2023,
        "edge_position_m_from_inland": 1575.0,
        "edge_change_relative_2023_m": 0.0,
        "ndvi_threshold": 0.32,
        "threshold_spread_m": 0.0,
        "single_scene_edge_range_m": 10.0,
        "source_scene_ids": [
          "S2B_MSIL2A_20230210T033859_R061_T47PNL_20230211T035717",
          "S2B_MSIL2A_20230312T033539_R061_T47PNL_20230312T103608",
          "S2A_MSIL2A_20230406T033541_R061_T47PNL_20230406T112615"
        ],
        "source_dates": [
          "2023-02-10",
          "2023-03-12",
          "2023-04-06"
        ]
      },
      "geometry": {
        "type": "Point",
        "coordinates": [
          99.22400023227895,
          9.338563142278737
        ]
      }
    },
    {
      "type": "Feature",
      "properties": {
        "transect_id": "T017",
        "group": "PROJECT_37_STC",
        "year": 2024,
        "edge_position_m_from_inland": 1575.0,
        "edge_change_relative_2023_m": 0.0,
        "ndvi_threshold": 0.32,
        "threshold_spread_m": 0.0,
        "single_scene_edge_range_m": 0.0,
        "source_scene_ids": [
          "S2B_MSIL2A_20240225T033729_R061_T47PNL_20240225T081626",
          "S2A_MSIL2A_20240321T033541_R061_T47PNL_20240321T091105",
          "S2A_MSIL2A_20240420T033541_R061_T47PNL_20240420T101326"
        ],
        "source_dates": [
          "2024-02-25",
          "2024-03-21",
          "2024-04-20"
        ]
      },
      "geometry": {
        "type": "Point",
        "coordinates": [
          99.22400023227895,
          9.338563142278737
        ]
      }
    },
    {
      "type": "Feature",
      "properties": {
        "transect_id": "T017",
        "group": "PROJECT_37_STC",
        "year": 2025,
        "edge_position_m_from_inland": 1575.0,
        "edge_change_relative_2023_m": 0.0,
        "ndvi_threshold": 0.32,
        "threshold_spread_m": 0.0,
        "single_scene_edge_range_m": 0.0,
        "source_scene_ids": [
          "S2C_MSIL2A_20250214T033901_R061_T47PNL_20250214T090512",
          "S2C_MSIL2A_20250316T033601_R061_T47PNL_20250316T090315",
          "S2A_MSIL2A_20250407T034201_R061_T47PNL_20250407T083514"
        ],
        "source_dates": [
          "2025-02-14",
          "2025-03-16",
          "2025-04-07"
        ]
      },
      "geometry": {
        "type": "Point",
        "coordinates": [
          99.22400023227895,
          9.338563142278737
        ]
      }
    },
    {
      "type": "Feature",
      "properties": {
        "transect_id": "T017",
        "group": "PROJECT_37_STC",
        "year": 2026,
        "edge_position_m_from_inland": 1575.0,
        "edge_change_relative_2023_m": 0.0,
        "ndvi_threshold": 0.32,
        "threshold_spread_m": 0.0,
        "single_scene_edge_range_m": 0.0,
        "source_scene_ids": [
          "S2C_MSIL2A_20260301T033701_R061_T47PNL_20260301T091613",
          "S2B_MSIL2A_20260405T033539_R061_T47PNL_20260405T072236",
          "S2C_MSIL2A_20260430T033541_R061_T47PNL_20260430T081812"
        ],
        "source_dates": [
          "2026-03-01",
          "2026-04-05",
          "2026-04-30"
        ]
      },
      "geometry": {
        "type": "Point",
        "coordinates": [
          99.22400023227895,
          9.338563142278737
        ]
      }
    },
    {
      "type": "Feature",
      "properties": {
        "transect_id": "T018",
        "group": "PROJECT_37_STC",
        "year": 2017,
        "edge_position_m_from_inland": 1285.0,
        "edge_change_relative_2023_m": -80.0,
        "ndvi_threshold": 0.32,
        "threshold_spread_m": 0.0,
        "single_scene_edge_range_m": 530.0,
        "source_scene_ids": [
          "S2A_MSIL2A_20170226T033711_R061_T47PNL_20210208T171543",
          "S2A_MSIL2A_20170318T033531_R061_T47PNL_20210208T232716",
          "S2A_MSIL2A_20170427T033541_R061_T47PNL_20210209T105916"
        ],
        "source_dates": [
          "2017-02-26",
          "2017-03-18",
          "2017-04-27"
        ]
      },
      "geometry": {
        "type": "Point",
        "coordinates": [
          99.22220551976363,
          9.340278890913586
        ]
      }
    },
    {
      "type": "Feature",
      "properties": {
        "transect_id": "T018",
        "group": "PROJECT_37_STC",
        "year": 2018,
        "edge_position_m_from_inland": 1395.0,
        "edge_change_relative_2023_m": 30.0,
        "ndvi_threshold": 0.32,
        "threshold_spread_m": 0.0,
        "single_scene_edge_range_m": 10.0,
        "source_scene_ids": [
          "S2A_MSIL2A_20180201T033951_R061_T47PNL_20201013T174450",
          "S2B_MSIL2A_20180226T033709_R061_T47PNL_20201104T151958",
          "S2B_MSIL2A_20180328T033739_R061_T47PNL_20201013T153849"
        ],
        "source_dates": [
          "2018-02-01",
          "2018-02-26",
          "2018-03-28"
        ]
      },
      "geometry": {
        "type": "Point",
        "coordinates": [
          99.22316928935429,
          9.340007603096145
        ]
      }
    },
    {
      "type": "Feature",
      "properties": {
        "transect_id": "T018",
        "group": "PROJECT_37_STC",
        "year": 2019,
        "edge_position_m_from_inland": 1395.0,
        "edge_change_relative_2023_m": 30.0,
        "ndvi_threshold": 0.32,
        "threshold_spread_m": 0.0,
        "single_scene_edge_range_m": 0.0,
        "source_scene_ids": [
          "S2B_MSIL2A_20190211T033859_R061_T47PNL_20201007T155504",
          "S2B_MSIL2A_20190323T033719_R061_T47PNL_20201007T094740",
          "S2A_MSIL2A_20190417T033541_R061_T47PNL_20201007T030425"
        ],
        "source_dates": [
          "2019-02-11",
          "2019-03-23",
          "2019-04-17"
        ]
      },
      "geometry": {
        "type": "Point",
        "coordinates": [
          99.22316928935429,
          9.340007603096145
        ]
      }
    },
    {
      "type": "Feature",
      "properties": {
        "transect_id": "T018",
        "group": "PROJECT_37_STC",
        "year": 2020,
        "edge_position_m_from_inland": 1395.0,
        "edge_change_relative_2023_m": 30.0,
        "ndvi_threshold": 0.32,
        "threshold_spread_m": 0.0,
        "single_scene_edge_range_m": 10.0,
        "source_scene_ids": [
          "S2B_MSIL2A_20200226T033719_R061_T47PNL_20200928T132439",
          "S2A_MSIL2A_20200322T033531_R061_T47PNL_20201014T231526",
          "S2A_MSIL2A_20200411T033531_R061_T47PNL_20200923T010425"
        ],
        "source_dates": [
          "2020-02-26",
          "2020-03-22",
          "2020-04-11"
        ]
      },
      "geometry": {
        "type": "Point",
        "coordinates": [
          99.22316928935429,
          9.340007603096145
        ]
      }
    },
    {
      "type": "Feature",
      "properties": {
        "transect_id": "T018",
        "group": "PROJECT_37_STC",
        "year": 2021,
        "edge_position_m_from_inland": 1395.0,
        "edge_change_relative_2023_m": 30.0,
        "ndvi_threshold": 0.32,
        "threshold_spread_m": 0.0,
        "single_scene_edge_range_m": 320.0,
        "source_scene_ids": [
          "S2B_MSIL2A_20210220T033759_R061_T47PNL_20210220T151603",
          "S2B_MSIL2A_20210312T033539_R061_T47PNL_20210312T160153",
          "S2A_MSIL2A_20210426T033531_R061_T47PNL_20210426T132640"
        ],
        "source_dates": [
          "2021-02-20",
          "2021-03-12",
          "2021-04-26"
        ]
      },
      "geometry": {
        "type": "Point",
        "coordinates": [
          99.22316928935429,
          9.340007603096145
        ]
      }
    },
    {
      "type": "Feature",
      "properties": {
        "transect_id": "T018",
        "group": "PROJECT_37_STC",
        "year": 2022,
        "edge_position_m_from_inland": 1365.0,
        "edge_change_relative_2023_m": 0.0,
        "ndvi_threshold": 0.32,
        "threshold_spread_m": 10.0,
        "single_scene_edge_range_m": 30.0,
        "source_scene_ids": [
          "S2B_MSIL2A_20220205T033929_R061_T47PNL_20220218T223728",
          "S2A_MSIL2A_20220312T033541_R061_T47PNL_20220312T201539",
          "S2A_MSIL2A_20220421T033541_R061_T47PNL_20220421T215159"
        ],
        "source_dates": [
          "2022-02-05",
          "2022-03-12",
          "2022-04-21"
        ]
      },
      "geometry": {
        "type": "Point",
        "coordinates": [
          99.22290644310229,
          9.34008159068272
        ]
      }
    },
    {
      "type": "Feature",
      "properties": {
        "transect_id": "T018",
        "group": "PROJECT_37_STC",
        "year": 2023,
        "edge_position_m_from_inland": 1365.0,
        "edge_change_relative_2023_m": 0.0,
        "ndvi_threshold": 0.32,
        "threshold_spread_m": 10.0,
        "single_scene_edge_range_m": 0.0,
        "source_scene_ids": [
          "S2B_MSIL2A_20230210T033859_R061_T47PNL_20230211T035717",
          "S2B_MSIL2A_20230312T033539_R061_T47PNL_20230312T103608",
          "S2A_MSIL2A_20230406T033541_R061_T47PNL_20230406T112615"
        ],
        "source_dates": [
          "2023-02-10",
          "2023-03-12",
          "2023-04-06"
        ]
      },
      "geometry": {
        "type": "Point",
        "coordinates": [
          99.22290644310229,
          9.34008159068272
        ]
      }
    },
    {
      "type": "Feature",
      "properties": {
        "transect_id": "T018",
        "group": "PROJECT_37_STC",
        "year": 2024,
        "edge_position_m_from_inland": 1365.0,
        "edge_change_relative_2023_m": 0.0,
        "ndvi_threshold": 0.32,
        "threshold_spread_m": 10.0,
        "single_scene_edge_range_m": 30.0,
        "source_scene_ids": [
          "S2B_MSIL2A_20240225T033729_R061_T47PNL_20240225T081626",
          "S2A_MSIL2A_20240321T033541_R061_T47PNL_20240321T091105",
          "S2A_MSIL2A_20240420T033541_R061_T47PNL_20240420T101326"
        ],
        "source_dates": [
          "2024-02-25",
          "2024-03-21",
          "2024-04-20"
        ]
      },
      "geometry": {
        "type": "Point",
        "coordinates": [
          99.22290644310229,
          9.34008159068272
        ]
      }
    },
    {
      "type": "Feature",
      "properties": {
        "transect_id": "T018",
        "group": "PROJECT_37_STC",
        "year": 2025,
        "edge_position_m_from_inland": 1365.0,
        "edge_change_relative_2023_m": 0.0,
        "ndvi_threshold": 0.32,
        "threshold_spread_m": 30.0,
        "single_scene_edge_range_m": 20.0,
        "source_scene_ids": [
          "S2C_MSIL2A_20250214T033901_R061_T47PNL_20250214T090512",
          "S2C_MSIL2A_20250316T033601_R061_T47PNL_20250316T090315",
          "S2A_MSIL2A_20250407T034201_R061_T47PNL_20250407T083514"
        ],
        "source_dates": [
          "2025-02-14",
          "2025-03-16",
          "2025-04-07"
        ]
      },
      "geometry": {
        "type": "Point",
        "coordinates": [
          99.22290644310229,
          9.34008159068272
        ]
      }
    },
    {
      "type": "Feature",
      "properties": {
        "transect_id": "T018",
        "group": "PROJECT_37_STC",
        "year": 2026,
        "edge_position_m_from_inland": 1385.0,
        "edge_change_relative_2023_m": 20.0,
        "ndvi_threshold": 0.32,
        "threshold_spread_m": 20.0,
        "single_scene_edge_range_m": 20.0,
        "source_scene_ids": [
          "S2C_MSIL2A_20260301T033701_R061_T47PNL_20260301T091613",
          "S2B_MSIL2A_20260405T033539_R061_T47PNL_20260405T072236",
          "S2C_MSIL2A_20260430T033541_R061_T47PNL_20260430T081812"
        ],
        "source_dates": [
          "2026-03-01",
          "2026-04-05",
          "2026-04-30"
        ]
      },
      "geometry": {
        "type": "Point",
        "coordinates": [
          99.22308167393696,
          9.340032265625004
        ]
      }
    },
    {
      "type": "Feature",
      "properties": {
        "transect_id": "T019",
        "group": "PROJECT_37_STC",
        "year": 2017,
        "edge_position_m_from_inland": 385.0,
        "edge_change_relative_2023_m": -970.0,
        "ndvi_threshold": 0.32,
        "threshold_spread_m": 0.0,
        "single_scene_edge_range_m": 1100.0,
        "source_scene_ids": [
          "S2A_MSIL2A_20170226T033711_R061_T47PNL_20210208T171543",
          "S2A_MSIL2A_20170318T033531_R061_T47PNL_20210208T232716",
          "S2A_MSIL2A_20170427T033541_R061_T47PNL_20210209T105916"
        ],
        "source_dates": [
          "2017-02-26",
          "2017-03-18",
          "2017-04-27"
        ]
      },
      "geometry": {
        "type": "Point",
        "coordinates": [
          99.21583811108428,
          9.346160100613334
        ]
      }
    },
    {
      "type": "Feature",
      "properties": {
        "transect_id": "T019",
        "group": "PROJECT_37_STC",
        "year": 2018,
        "edge_position_m_from_inland": 1405.0,
        "edge_change_relative_2023_m": 50.0,
        "ndvi_threshold": 0.32,
        "threshold_spread_m": 0.0,
        "single_scene_edge_range_m": 20.0,
        "source_scene_ids": [
          "S2A_MSIL2A_20180201T033951_R061_T47PNL_20201013T174450",
          "S2B_MSIL2A_20180226T033709_R061_T47PNL_20201104T151958",
          "S2B_MSIL2A_20180328T033739_R061_T47PNL_20201013T153849"
        ],
        "source_dates": [
          "2018-02-01",
          "2018-02-26",
          "2018-03-28"
        ]
      },
      "geometry": {
        "type": "Point",
        "coordinates": [
          99.2236013095742,
          9.34109431764687
        ]
      }
    },
    {
      "type": "Feature",
      "properties": {
        "transect_id": "T019",
        "group": "PROJECT_37_STC",
        "year": 2019,
        "edge_position_m_from_inland": 1405.0,
        "edge_change_relative_2023_m": 50.0,
        "ndvi_threshold": 0.32,
        "threshold_spread_m": 0.0,
        "single_scene_edge_range_m": 10.0,
        "source_scene_ids": [
          "S2B_MSIL2A_20190211T033859_R061_T47PNL_20201007T155504",
          "S2B_MSIL2A_20190323T033719_R061_T47PNL_20201007T094740",
          "S2A_MSIL2A_20190417T033541_R061_T47PNL_20201007T030425"
        ],
        "source_dates": [
          "2019-02-11",
          "2019-03-23",
          "2019-04-17"
        ]
      },
      "geometry": {
        "type": "Point",
        "coordinates": [
          99.2236013095742,
          9.34109431764687
        ]
      }
    },
    {
      "type": "Feature",
      "properties": {
        "transect_id": "T019",
        "group": "PROJECT_37_STC",
        "year": 2020,
        "edge_position_m_from_inland": 1405.0,
        "edge_change_relative_2023_m": 50.0,
        "ndvi_threshold": 0.32,
        "threshold_spread_m": 0.0,
        "single_scene_edge_range_m": 0.0,
        "source_scene_ids": [
          "S2B_MSIL2A_20200226T033719_R061_T47PNL_20200928T132439",
          "S2A_MSIL2A_20200322T033531_R061_T47PNL_20201014T231526",
          "S2A_MSIL2A_20200411T033531_R061_T47PNL_20200923T010425"
        ],
        "source_dates": [
          "2020-02-26",
          "2020-03-22",
          "2020-04-11"
        ]
      },
      "geometry": {
        "type": "Point",
        "coordinates": [
          99.2236013095742,
          9.34109431764687
        ]
      }
    },
    {
      "type": "Feature",
      "properties": {
        "transect_id": "T019",
        "group": "PROJECT_37_STC",
        "year": 2021,
        "edge_position_m_from_inland": 1405.0,
        "edge_change_relative_2023_m": 50.0,
        "ndvi_threshold": 0.32,
        "threshold_spread_m": 10.0,
        "single_scene_edge_range_m": 50.0,
        "source_scene_ids": [
          "S2B_MSIL2A_20210220T033759_R061_T47PNL_20210220T151603",
          "S2B_MSIL2A_20210312T033539_R061_T47PNL_20210312T160153",
          "S2A_MSIL2A_20210426T033531_R061_T47PNL_20210426T132640"
        ],
        "source_dates": [
          "2021-02-20",
          "2021-03-12",
          "2021-04-26"
        ]
      },
      "geometry": {
        "type": "Point",
        "coordinates": [
          99.2236013095742,
          9.34109431764687
        ]
      }
    },
    {
      "type": "Feature",
      "properties": {
        "transect_id": "T019",
        "group": "PROJECT_37_STC",
        "year": 2022,
        "edge_position_m_from_inland": 1355.0,
        "edge_change_relative_2023_m": 0.0,
        "ndvi_threshold": 0.32,
        "threshold_spread_m": 30.0,
        "single_scene_edge_range_m": 30.0,
        "source_scene_ids": [
          "S2B_MSIL2A_20220205T033929_R061_T47PNL_20220218T223728",
          "S2A_MSIL2A_20220312T033541_R061_T47PNL_20220312T201539",
          "S2A_MSIL2A_20220421T033541_R061_T47PNL_20220421T215159"
        ],
        "source_dates": [
          "2022-02-05",
          "2022-03-12",
          "2022-04-21"
        ]
      },
      "geometry": {
        "type": "Point",
        "coordinates": [
          99.22322076062862,
          9.341342640341306
        ]
      }
    },
    {
      "type": "Feature",
      "properties": {
        "transect_id": "T019",
        "group": "PROJECT_37_STC",
        "year": 2023,
        "edge_position_m_from_inland": 1355.0,
        "edge_change_relative_2023_m": 0.0,
        "ndvi_threshold": 0.32,
        "threshold_spread_m": 0.0,
        "single_scene_edge_range_m": 10.0,
        "source_scene_ids": [
          "S2B_MSIL2A_20230210T033859_R061_T47PNL_20230211T035717",
          "S2B_MSIL2A_20230312T033539_R061_T47PNL_20230312T103608",
          "S2A_MSIL2A_20230406T033541_R061_T47PNL_20230406T112615"
        ],
        "source_dates": [
          "2023-02-10",
          "2023-03-12",
          "2023-04-06"
        ]
      },
      "geometry": {
        "type": "Point",
        "coordinates": [
          99.22322076062862,
          9.341342640341306
        ]
      }
    },
    {
      "type": "Feature",
      "properties": {
        "transect_id": "T019",
        "group": "PROJECT_37_STC",
        "year": 2024,
        "edge_position_m_from_inland": 1355.0,
        "edge_change_relative_2023_m": 0.0,
        "ndvi_threshold": 0.32,
        "threshold_spread_m": 30.0,
        "single_scene_edge_range_m": 30.0,
        "source_scene_ids": [
          "S2B_MSIL2A_20240225T033729_R061_T47PNL_20240225T081626",
          "S2A_MSIL2A_20240321T033541_R061_T47PNL_20240321T091105",
          "S2A_MSIL2A_20240420T033541_R061_T47PNL_20240420T101326"
        ],
        "source_dates": [
          "2024-02-25",
          "2024-03-21",
          "2024-04-20"
        ]
      },
      "geometry": {
        "type": "Point",
        "coordinates": [
          99.22322076062862,
          9.341342640341306
        ]
      }
    },
    {
      "type": "Feature",
      "properties": {
        "transect_id": "T019",
        "group": "PROJECT_37_STC",
        "year": 2025,
        "edge_position_m_from_inland": 1355.0,
        "edge_change_relative_2023_m": 0.0,
        "ndvi_threshold": 0.32,
        "threshold_spread_m": 30.0,
        "single_scene_edge_range_m": 30.0,
        "source_scene_ids": [
          "S2C_MSIL2A_20250214T033901_R061_T47PNL_20250214T090512",
          "S2C_MSIL2A_20250316T033601_R061_T47PNL_20250316T090315",
          "S2A_MSIL2A_20250407T034201_R061_T47PNL_20250407T083514"
        ],
        "source_dates": [
          "2025-02-14",
          "2025-03-16",
          "2025-04-07"
        ]
      },
      "geometry": {
        "type": "Point",
        "coordinates": [
          99.22322076062862,
          9.341342640341306
        ]
      }
    },
    {
      "type": "Feature",
      "properties": {
        "transect_id": "T019",
        "group": "PROJECT_37_STC",
        "year": 2026,
        "edge_position_m_from_inland": 1385.0,
        "edge_change_relative_2023_m": 30.0,
        "ndvi_threshold": 0.32,
        "threshold_spread_m": 30.0,
        "single_scene_edge_range_m": 30.0,
        "source_scene_ids": [
          "S2C_MSIL2A_20260301T033701_R061_T47PNL_20260301T091613",
          "S2B_MSIL2A_20260405T033539_R061_T47PNL_20260405T072236",
          "S2C_MSIL2A_20260430T033541_R061_T47PNL_20260430T081812"
        ],
        "source_dates": [
          "2026-03-01",
          "2026-04-05",
          "2026-04-30"
        ]
      },
      "geometry": {
        "type": "Point",
        "coordinates": [
          99.22344908999597,
          9.341193646724646
        ]
      }
    },
    {
      "type": "Feature",
      "properties": {
        "transect_id": "T020",
        "group": "PROJECT_37_STC",
        "year": 2017,
        "edge_position_m_from_inland": 965.0,
        "edge_change_relative_2023_m": -430.0,
        "ndvi_threshold": 0.32,
        "threshold_spread_m": 0.0,
        "single_scene_edge_range_m": 470.0,
        "source_scene_ids": [
          "S2A_MSIL2A_20170226T033711_R061_T47PNL_20210208T171543",
          "S2A_MSIL2A_20170318T033531_R061_T47PNL_20210208T232716",
          "S2A_MSIL2A_20170427T033541_R061_T47PNL_20210209T105916"
        ],
        "source_dates": [
          "2017-02-26",
          "2017-03-18",
          "2017-04-27"
        ]
      },
      "geometry": {
        "type": "Point",
        "coordinates": [
          99.22255504385733,
          9.34524957113449
        ]
      }
    },
    {
      "type": "Feature",
      "properties": {
        "transect_id": "T020",
        "group": "PROJECT_37_STC",
        "year": 2018,
        "edge_position_m_from_inland": 1435.0,
        "edge_change_relative_2023_m": 40.0,
        "ndvi_threshold": 0.32,
        "threshold_spread_m": 10.0,
        "single_scene_edge_range_m": 20.0,
        "source_scene_ids": [
          "S2A_MSIL2A_20180201T033951_R061_T47PNL_20201013T174450",
          "S2B_MSIL2A_20180226T033709_R061_T47PNL_20201104T151958",
          "S2B_MSIL2A_20180328T033739_R061_T47PNL_20201013T153849"
        ],
        "source_dates": [
          "2018-02-01",
          "2018-02-26",
          "2018-03-28"
        ]
      },
      "geometry": {
        "type": "Point",
        "coordinates": [
          99.22477148544195,
          9.34161288102843
        ]
      }
    },
    {
      "type": "Feature",
      "properties": {
        "transect_id": "T020",
        "group": "PROJECT_37_STC",
        "year": 2019,
        "edge_position_m_from_inland": 1445.0,
        "edge_change_relative_2023_m": 50.0,
        "ndvi_threshold": 0.32,
        "threshold_spread_m": 10.0,
        "single_scene_edge_range_m": 10.0,
        "source_scene_ids": [
          "S2B_MSIL2A_20190211T033859_R061_T47PNL_20201007T155504",
          "S2B_MSIL2A_20190323T033719_R061_T47PNL_20201007T094740",
          "S2A_MSIL2A_20190417T033541_R061_T47PNL_20201007T030425"
        ],
        "source_dates": [
          "2019-02-11",
          "2019-03-23",
          "2019-04-17"
        ]
      },
      "geometry": {
        "type": "Point",
        "coordinates": [
          99.22481864377355,
          9.341535504643195
        ]
      }
    },
    {
      "type": "Feature",
      "properties": {
        "transect_id": "T020",
        "group": "PROJECT_37_STC",
        "year": 2020,
        "edge_position_m_from_inland": 1435.0,
        "edge_change_relative_2023_m": 40.0,
        "ndvi_threshold": 0.32,
        "threshold_spread_m": 0.0,
        "single_scene_edge_range_m": 0.0,
        "source_scene_ids": [
          "S2B_MSIL2A_20200226T033719_R061_T47PNL_20200928T132439",
          "S2A_MSIL2A_20200322T033531_R061_T47PNL_20201014T231526",
          "S2A_MSIL2A_20200411T033531_R061_T47PNL_20200923T010425"
        ],
        "source_dates": [
          "2020-02-26",
          "2020-03-22",
          "2020-04-11"
        ]
      },
      "geometry": {
        "type": "Point",
        "coordinates": [
          99.22477148544195,
          9.34161288102843
        ]
      }
    },
    {
      "type": "Feature",
      "properties": {
        "transect_id": "T020",
        "group": "PROJECT_37_STC",
        "year": 2021,
        "edge_position_m_from_inland": 1435.0,
        "edge_change_relative_2023_m": 40.0,
        "ndvi_threshold": 0.32,
        "threshold_spread_m": 10.0,
        "single_scene_edge_range_m": 190.0,
        "source_scene_ids": [
          "S2B_MSIL2A_20210220T033759_R061_T47PNL_20210220T151603",
          "S2B_MSIL2A_20210312T033539_R061_T47PNL_20210312T160153",
          "S2A_MSIL2A_20210426T033531_R061_T47PNL_20210426T132640"
        ],
        "source_dates": [
          "2021-02-20",
          "2021-03-12",
          "2021-04-26"
        ]
      },
      "geometry": {
        "type": "Point",
        "coordinates": [
          99.22477148544195,
          9.34161288102843
        ]
      }
    },
    {
      "type": "Feature",
      "properties": {
        "transect_id": "T020",
        "group": "PROJECT_37_STC",
        "year": 2022,
        "edge_position_m_from_inland": 1415.0,
        "edge_change_relative_2023_m": 20.0,
        "ndvi_threshold": 0.32,
        "threshold_spread_m": 40.0,
        "single_scene_edge_range_m": 40.0,
        "source_scene_ids": [
          "S2B_MSIL2A_20220205T033929_R061_T47PNL_20220218T223728",
          "S2A_MSIL2A_20220312T033541_R061_T47PNL_20220312T201539",
          "S2A_MSIL2A_20220421T033541_R061_T47PNL_20220421T215159"
        ],
        "source_dates": [
          "2022-02-05",
          "2022-03-12",
          "2022-04-21"
        ]
      },
      "geometry": {
        "type": "Point",
        "coordinates": [
          99.22467716877878,
          9.3417676337989
        ]
      }
    },
    {
      "type": "Feature",
      "properties": {
        "transect_id": "T020",
        "group": "PROJECT_37_STC",
        "year": 2023,
        "edge_position_m_from_inland": 1395.0,
        "edge_change_relative_2023_m": 0.0,
        "ndvi_threshold": 0.32,
        "threshold_spread_m": 20.0,
        "single_scene_edge_range_m": 10.0,
        "source_scene_ids": [
          "S2B_MSIL2A_20230210T033859_R061_T47PNL_20230211T035717",
          "S2B_MSIL2A_20230312T033539_R061_T47PNL_20230312T103608",
          "S2A_MSIL2A_20230406T033541_R061_T47PNL_20230406T112615"
        ],
        "source_dates": [
          "2023-02-10",
          "2023-03-12",
          "2023-04-06"
        ]
      },
      "geometry": {
        "type": "Point",
        "coordinates": [
          99.2245828521156,
          9.34192238656937
        ]
      }
    },
    {
      "type": "Feature",
      "properties": {
        "transect_id": "T020",
        "group": "PROJECT_37_STC",
        "year": 2024,
        "edge_position_m_from_inland": 1395.0,
        "edge_change_relative_2023_m": 0.0,
        "ndvi_threshold": 0.32,
        "threshold_spread_m": 20.0,
        "single_scene_edge_range_m": 40.0,
        "source_scene_ids": [
          "S2B_MSIL2A_20240225T033729_R061_T47PNL_20240225T081626",
          "S2A_MSIL2A_20240321T033541_R061_T47PNL_20240321T091105",
          "S2A_MSIL2A_20240420T033541_R061_T47PNL_20240420T101326"
        ],
        "source_dates": [
          "2024-02-25",
          "2024-03-21",
          "2024-04-20"
        ]
      },
      "geometry": {
        "type": "Point",
        "coordinates": [
          99.2245828521156,
          9.34192238656937
        ]
      }
    },
    {
      "type": "Feature",
      "properties": {
        "transect_id": "T020",
        "group": "PROJECT_37_STC",
        "year": 2025,
        "edge_position_m_from_inland": 1395.0,
        "edge_change_relative_2023_m": 0.0,
        "ndvi_threshold": 0.32,
        "threshold_spread_m": 30.0,
        "single_scene_edge_range_m": 10.0,
        "source_scene_ids": [
          "S2C_MSIL2A_20250214T033901_R061_T47PNL_20250214T090512",
          "S2C_MSIL2A_20250316T033601_R061_T47PNL_20250316T090315",
          "S2A_MSIL2A_20250407T034201_R061_T47PNL_20250407T083514"
        ],
        "source_dates": [
          "2025-02-14",
          "2025-03-16",
          "2025-04-07"
        ]
      },
      "geometry": {
        "type": "Point",
        "coordinates": [
          99.2245828521156,
          9.34192238656937
        ]
      }
    },
    {
      "type": "Feature",
      "properties": {
        "transect_id": "T020",
        "group": "PROJECT_37_STC",
        "year": 2026,
        "edge_position_m_from_inland": 1395.0,
        "edge_change_relative_2023_m": 0.0,
        "ndvi_threshold": 0.32,
        "threshold_spread_m": 30.0,
        "single_scene_edge_range_m": 10.0,
        "source_scene_ids": [
          "S2C_MSIL2A_20260301T033701_R061_T47PNL_20260301T091613",
          "S2B_MSIL2A_20260405T033539_R061_T47PNL_20260405T072236",
          "S2C_MSIL2A_20260430T033541_R061_T47PNL_20260430T081812"
        ],
        "source_dates": [
          "2026-03-01",
          "2026-04-05",
          "2026-04-30"
        ]
      },
      "geometry": {
        "type": "Point",
        "coordinates": [
          99.2245828521156,
          9.34192238656937
        ]
      }
    },
    {
      "type": "Feature",
      "properties": {
        "transect_id": "T021",
        "group": "PROJECT_37_STC",
        "year": 2017,
        "edge_position_m_from_inland": 1455.0,
        "edge_change_relative_2023_m": 10.0,
        "ndvi_threshold": 0.32,
        "threshold_spread_m": 0.0,
        "single_scene_edge_range_m": 70.0,
        "source_scene_ids": [
          "S2A_MSIL2A_20170226T033711_R061_T47PNL_20210208T171543",
          "S2A_MSIL2A_20170318T033531_R061_T47PNL_20210208T232716",
          "S2A_MSIL2A_20170427T033541_R061_T47PNL_20210209T105916"
        ],
        "source_dates": [
          "2017-02-26",
          "2017-03-18",
          "2017-04-27"
        ]
      },
      "geometry": {
        "type": "Point",
        "coordinates": [
          99.22564485379372,
          9.341926511183884
        ]
      }
    },
    {
      "type": "Feature",
      "properties": {
        "transect_id": "T021",
        "group": "PROJECT_37_STC",
        "year": 2018,
        "edge_position_m_from_inland": 1455.0,
        "edge_change_relative_2023_m": 10.0,
        "ndvi_threshold": 0.32,
        "threshold_spread_m": 20.0,
        "single_scene_edge_range_m": 40.0,
        "source_scene_ids": [
          "S2A_MSIL2A_20180201T033951_R061_T47PNL_20201013T174450",
          "S2B_MSIL2A_20180226T033709_R061_T47PNL_20201104T151958",
          "S2B_MSIL2A_20180328T033739_R061_T47PNL_20201013T153849"
        ],
        "source_dates": [
          "2018-02-01",
          "2018-02-26",
          "2018-03-28"
        ]
      },
      "geometry": {
        "type": "Point",
        "coordinates": [
          99.22564485379372,
          9.341926511183884
        ]
      }
    },
    {
      "type": "Feature",
      "properties": {
        "transect_id": "T021",
        "group": "PROJECT_37_STC",
        "year": 2019,
        "edge_position_m_from_inland": 1475.0,
        "edge_change_relative_2023_m": 30.0,
        "ndvi_threshold": 0.32,
        "threshold_spread_m": 20.0,
        "single_scene_edge_range_m": 40.0,
        "source_scene_ids": [
          "S2B_MSIL2A_20190211T033859_R061_T47PNL_20201007T155504",
          "S2B_MSIL2A_20190323T033719_R061_T47PNL_20201007T094740",
          "S2A_MSIL2A_20190417T033541_R061_T47PNL_20201007T030425"
        ],
        "source_dates": [
          "2019-02-11",
          "2019-03-23",
          "2019-04-17"
        ]
      },
      "geometry": {
        "type": "Point",
        "coordinates": [
          99.22573917022915,
          9.341771758215872
        ]
      }
    },
    {
      "type": "Feature",
      "properties": {
        "transect_id": "T021",
        "group": "PROJECT_37_STC",
        "year": 2020,
        "edge_position_m_from_inland": 1485.0,
        "edge_change_relative_2023_m": 40.0,
        "ndvi_threshold": 0.32,
        "threshold_spread_m": 30.0,
        "single_scene_edge_range_m": 30.0,
        "source_scene_ids": [
          "S2B_MSIL2A_20200226T033719_R061_T47PNL_20200928T132439",
          "S2A_MSIL2A_20200322T033531_R061_T47PNL_20201014T231526",
          "S2A_MSIL2A_20200411T033531_R061_T47PNL_20200923T010425"
        ],
        "source_dates": [
          "2020-02-26",
          "2020-03-22",
          "2020-04-11"
        ]
      },
      "geometry": {
        "type": "Point",
        "coordinates": [
          99.22578632844684,
          9.341694381731868
        ]
      }
    },
    {
      "type": "Feature",
      "properties": {
        "transect_id": "T021",
        "group": "PROJECT_37_STC",
        "year": 2021,
        "edge_position_m_from_inland": 1475.0,
        "edge_change_relative_2023_m": 30.0,
        "ndvi_threshold": 0.32,
        "threshold_spread_m": 20.0,
        "single_scene_edge_range_m": 80.0,
        "source_scene_ids": [
          "S2B_MSIL2A_20210220T033759_R061_T47PNL_20210220T151603",
          "S2B_MSIL2A_20210312T033539_R061_T47PNL_20210312T160153",
          "S2A_MSIL2A_20210426T033531_R061_T47PNL_20210426T132640"
        ],
        "source_dates": [
          "2021-02-20",
          "2021-03-12",
          "2021-04-26"
        ]
      },
      "geometry": {
        "type": "Point",
        "coordinates": [
          99.22573917022915,
          9.341771758215872
        ]
      }
    },
    {
      "type": "Feature",
      "properties": {
        "transect_id": "T021",
        "group": "PROJECT_37_STC",
        "year": 2022,
        "edge_position_m_from_inland": 1445.0,
        "edge_change_relative_2023_m": 0.0,
        "ndvi_threshold": 0.32,
        "threshold_spread_m": 0.0,
        "single_scene_edge_range_m": 20.0,
        "source_scene_ids": [
          "S2B_MSIL2A_20220205T033929_R061_T47PNL_20220218T223728",
          "S2A_MSIL2A_20220312T033541_R061_T47PNL_20220312T201539",
          "S2A_MSIL2A_20220421T033541_R061_T47PNL_20220421T215159"
        ],
        "source_dates": [
          "2022-02-05",
          "2022-03-12",
          "2022-04-21"
        ]
      },
      "geometry": {
        "type": "Point",
        "coordinates": [
          99.22559769557603,
          9.342003887667888
        ]
      }
    },
    {
      "type": "Feature",
      "properties": {
        "transect_id": "T021",
        "group": "PROJECT_37_STC",
        "year": 2023,
        "edge_position_m_from_inland": 1445.0,
        "edge_change_relative_2023_m": 0.0,
        "ndvi_threshold": 0.32,
        "threshold_spread_m": 20.0,
        "single_scene_edge_range_m": 20.0,
        "source_scene_ids": [
          "S2B_MSIL2A_20230210T033859_R061_T47PNL_20230211T035717",
          "S2B_MSIL2A_20230312T033539_R061_T47PNL_20230312T103608",
          "S2A_MSIL2A_20230406T033541_R061_T47PNL_20230406T112615"
        ],
        "source_dates": [
          "2023-02-10",
          "2023-03-12",
          "2023-04-06"
        ]
      },
      "geometry": {
        "type": "Point",
        "coordinates": [
          99.22559769557603,
          9.342003887667888
        ]
      }
    },
    {
      "type": "Feature",
      "properties": {
        "transect_id": "T021",
        "group": "PROJECT_37_STC",
        "year": 2024,
        "edge_position_m_from_inland": 1445.0,
        "edge_change_relative_2023_m": 0.0,
        "ndvi_threshold": 0.32,
        "threshold_spread_m": 10.0,
        "single_scene_edge_range_m": 20.0,
        "source_scene_ids": [
          "S2B_MSIL2A_20240225T033729_R061_T47PNL_20240225T081626",
          "S2A_MSIL2A_20240321T033541_R061_T47PNL_20240321T091105",
          "S2A_MSIL2A_20240420T033541_R061_T47PNL_20240420T101326"
        ],
        "source_dates": [
          "2024-02-25",
          "2024-03-21",
          "2024-04-20"
        ]
      },
      "geometry": {
        "type": "Point",
        "coordinates": [
          99.22559769557603,
          9.342003887667888
        ]
      }
    },
    {
      "type": "Feature",
      "properties": {
        "transect_id": "T021",
        "group": "PROJECT_37_STC",
        "year": 2025,
        "edge_position_m_from_inland": 1445.0,
        "edge_change_relative_2023_m": 0.0,
        "ndvi_threshold": 0.32,
        "threshold_spread_m": 20.0,
        "single_scene_edge_range_m": 0.0,
        "source_scene_ids": [
          "S2C_MSIL2A_20250214T033901_R061_T47PNL_20250214T090512",
          "S2C_MSIL2A_20250316T033601_R061_T47PNL_20250316T090315",
          "S2A_MSIL2A_20250407T034201_R061_T47PNL_20250407T083514"
        ],
        "source_dates": [
          "2025-02-14",
          "2025-03-16",
          "2025-04-07"
        ]
      },
      "geometry": {
        "type": "Point",
        "coordinates": [
          99.22559769557603,
          9.342003887667888
        ]
      }
    },
    {
      "type": "Feature",
      "properties": {
        "transect_id": "T021",
        "group": "PROJECT_37_STC",
        "year": 2026,
        "edge_position_m_from_inland": 1445.0,
        "edge_change_relative_2023_m": 0.0,
        "ndvi_threshold": 0.32,
        "threshold_spread_m": 10.0,
        "single_scene_edge_range_m": 20.0,
        "source_scene_ids": [
          "S2C_MSIL2A_20260301T033701_R061_T47PNL_20260301T091613",
          "S2B_MSIL2A_20260405T033539_R061_T47PNL_20260405T072236",
          "S2C_MSIL2A_20260430T033541_R061_T47PNL_20260430T081812"
        ],
        "source_dates": [
          "2026-03-01",
          "2026-04-05",
          "2026-04-30"
        ]
      },
      "geometry": {
        "type": "Point",
        "coordinates": [
          99.22559769557603,
          9.342003887667888
        ]
      }
    },
    {
      "type": "Feature",
      "properties": {
        "transect_id": "T022",
        "group": "PROJECT_37_STC",
        "year": 2017,
        "edge_position_m_from_inland": 1515.0,
        "edge_change_relative_2023_m": 70.0,
        "ndvi_threshold": 0.32,
        "threshold_spread_m": 10.0,
        "single_scene_edge_range_m": 10.0,
        "source_scene_ids": [
          "S2A_MSIL2A_20170226T033711_R061_T47PNL_20210208T171543",
          "S2A_MSIL2A_20170318T033531_R061_T47PNL_20210208T232716",
          "S2A_MSIL2A_20170427T033541_R061_T47PNL_20210209T105916"
        ],
        "source_dates": [
          "2017-02-26",
          "2017-03-18",
          "2017-04-27"
        ]
      },
      "geometry": {
        "type": "Point",
        "coordinates": [
          99.22670685616094,
          9.34193063284386
        ]
      }
    },
    {
      "type": "Feature",
      "properties": {
        "transect_id": "T022",
        "group": "PROJECT_37_STC",
        "year": 2018,
        "edge_position_m_from_inland": 1515.0,
        "edge_change_relative_2023_m": 70.0,
        "ndvi_threshold": 0.32,
        "threshold_spread_m": 0.0,
        "single_scene_edge_range_m": 10.0,
        "source_scene_ids": [
          "S2A_MSIL2A_20180201T033951_R061_T47PNL_20201013T174450",
          "S2B_MSIL2A_20180226T033709_R061_T47PNL_20201104T151958",
          "S2B_MSIL2A_20180328T033739_R061_T47PNL_20201013T153849"
        ],
        "source_dates": [
          "2018-02-01",
          "2018-02-26",
          "2018-03-28"
        ]
      },
      "geometry": {
        "type": "Point",
        "coordinates": [
          99.22670685616094,
          9.34193063284386
        ]
      }
    },
    {
      "type": "Feature",
      "properties": {
        "transect_id": "T022",
        "group": "PROJECT_37_STC",
        "year": 2019,
        "edge_position_m_from_inland": 1515.0,
        "edge_change_relative_2023_m": 70.0,
        "ndvi_threshold": 0.32,
        "threshold_spread_m": 0.0,
        "single_scene_edge_range_m": 10.0,
        "source_scene_ids": [
          "S2B_MSIL2A_20190211T033859_R061_T47PNL_20201007T155504",
          "S2B_MSIL2A_20190323T033719_R061_T47PNL_20201007T094740",
          "S2A_MSIL2A_20190417T033541_R061_T47PNL_20201007T030425"
        ],
        "source_dates": [
          "2019-02-11",
          "2019-03-23",
          "2019-04-17"
        ]
      },
      "geometry": {
        "type": "Point",
        "coordinates": [
          99.22670685616094,
          9.34193063284386
        ]
      }
    },
    {
      "type": "Feature",
      "properties": {
        "transect_id": "T022",
        "group": "PROJECT_37_STC",
        "year": 2020,
        "edge_position_m_from_inland": 1515.0,
        "edge_change_relative_2023_m": 70.0,
        "ndvi_threshold": 0.32,
        "threshold_spread_m": 0.0,
        "single_scene_edge_range_m": 0.0,
        "source_scene_ids": [
          "S2B_MSIL2A_20200226T033719_R061_T47PNL_20200928T132439",
          "S2A_MSIL2A_20200322T033531_R061_T47PNL_20201014T231526",
          "S2A_MSIL2A_20200411T033531_R061_T47PNL_20200923T010425"
        ],
        "source_dates": [
          "2020-02-26",
          "2020-03-22",
          "2020-04-11"
        ]
      },
      "geometry": {
        "type": "Point",
        "coordinates": [
          99.22670685616094,
          9.34193063284386
        ]
      }
    },
    {
      "type": "Feature",
      "properties": {
        "transect_id": "T022",
        "group": "PROJECT_37_STC",
        "year": 2021,
        "edge_position_m_from_inland": 1515.0,
        "edge_change_relative_2023_m": 70.0,
        "ndvi_threshold": 0.32,
        "threshold_spread_m": 10.0,
        "single_scene_edge_range_m": 110.0,
        "source_scene_ids": [
          "S2B_MSIL2A_20210220T033759_R061_T47PNL_20210220T151603",
          "S2B_MSIL2A_20210312T033539_R061_T47PNL_20210312T160153",
          "S2A_MSIL2A_20210426T033531_R061_T47PNL_20210426T132640"
        ],
        "source_dates": [
          "2021-02-20",
          "2021-03-12",
          "2021-04-26"
        ]
      },
      "geometry": {
        "type": "Point",
        "coordinates": [
          99.22670685616094,
          9.34193063284386
        ]
      }
    },
    {
      "type": "Feature",
      "properties": {
        "transect_id": "T022",
        "group": "PROJECT_37_STC",
        "year": 2022,
        "edge_position_m_from_inland": 1465.0,
        "edge_change_relative_2023_m": 20.0,
        "ndvi_threshold": 0.32,
        "threshold_spread_m": 60.0,
        "single_scene_edge_range_m": 60.0,
        "source_scene_ids": [
          "S2B_MSIL2A_20220205T033929_R061_T47PNL_20220218T223728",
          "S2A_MSIL2A_20220312T033541_R061_T47PNL_20220312T201539",
          "S2A_MSIL2A_20220421T033541_R061_T47PNL_20220421T215159"
        ],
        "source_dates": [
          "2022-02-05",
          "2022-03-12",
          "2022-04-21"
        ]
      },
      "geometry": {
        "type": "Point",
        "coordinates": [
          99.22647106564195,
          9.342317515757717
        ]
      }
    },
    {
      "type": "Feature",
      "properties": {
        "transect_id": "T022",
        "group": "PROJECT_37_STC",
        "year": 2023,
        "edge_position_m_from_inland": 1445.0,
        "edge_change_relative_2023_m": 0.0,
        "ndvi_threshold": 0.32,
        "threshold_spread_m": 20.0,
        "single_scene_edge_range_m": 20.0,
        "source_scene_ids": [
          "S2B_MSIL2A_20230210T033859_R061_T47PNL_20230211T035717",
          "S2B_MSIL2A_20230312T033539_R061_T47PNL_20230312T103608",
          "S2A_MSIL2A_20230406T033541_R061_T47PNL_20230406T112615"
        ],
        "source_dates": [
          "2023-02-10",
          "2023-03-12",
          "2023-04-06"
        ]
      },
      "geometry": {
        "type": "Point",
        "coordinates": [
          99.22637674943435,
          9.34247226892326
        ]
      }
    },
    {
      "type": "Feature",
      "properties": {
        "transect_id": "T022",
        "group": "PROJECT_37_STC",
        "year": 2024,
        "edge_position_m_from_inland": 1445.0,
        "edge_change_relative_2023_m": 0.0,
        "ndvi_threshold": 0.32,
        "threshold_spread_m": 50.0,
        "single_scene_edge_range_m": 60.0,
        "source_scene_ids": [
          "S2B_MSIL2A_20240225T033729_R061_T47PNL_20240225T081626",
          "S2A_MSIL2A_20240321T033541_R061_T47PNL_20240321T091105",
          "S2A_MSIL2A_20240420T033541_R061_T47PNL_20240420T101326"
        ],
        "source_dates": [
          "2024-02-25",
          "2024-03-21",
          "2024-04-20"
        ]
      },
      "geometry": {
        "type": "Point",
        "coordinates": [
          99.22637674943435,
          9.34247226892326
        ]
      }
    },
    {
      "type": "Feature",
      "properties": {
        "transect_id": "T022",
        "group": "PROJECT_37_STC",
        "year": 2025,
        "edge_position_m_from_inland": 1445.0,
        "edge_change_relative_2023_m": 0.0,
        "ndvi_threshold": 0.32,
        "threshold_spread_m": 60.0,
        "single_scene_edge_range_m": 60.0,
        "source_scene_ids": [
          "S2C_MSIL2A_20250214T033901_R061_T47PNL_20250214T090512",
          "S2C_MSIL2A_20250316T033601_R061_T47PNL_20250316T090315",
          "S2A_MSIL2A_20250407T034201_R061_T47PNL_20250407T083514"
        ],
        "source_dates": [
          "2025-02-14",
          "2025-03-16",
          "2025-04-07"
        ]
      },
      "geometry": {
        "type": "Point",
        "coordinates": [
          99.22637674943435,
          9.34247226892326
        ]
      }
    },
    {
      "type": "Feature",
      "properties": {
        "transect_id": "T022",
        "group": "PROJECT_37_STC",
        "year": 2026,
        "edge_position_m_from_inland": 1445.0,
        "edge_change_relative_2023_m": 0.0,
        "ndvi_threshold": 0.32,
        "threshold_spread_m": 60.0,
        "single_scene_edge_range_m": 60.0,
        "source_scene_ids": [
          "S2C_MSIL2A_20260301T033701_R061_T47PNL_20260301T091613",
          "S2B_MSIL2A_20260405T033539_R061_T47PNL_20260405T072236",
          "S2C_MSIL2A_20260430T033541_R061_T47PNL_20260430T081812"
        ],
        "source_dates": [
          "2026-03-01",
          "2026-04-05",
          "2026-04-30"
        ]
      },
      "geometry": {
        "type": "Point",
        "coordinates": [
          99.22637674943435,
          9.34247226892326
        ]
      }
    },
    {
      "type": "Feature",
      "properties": {
        "transect_id": "T023",
        "group": "PROJECT_37_STC",
        "year": 2017,
        "edge_position_m_from_inland": 1485.0,
        "edge_change_relative_2023_m": 0.0,
        "ndvi_threshold": 0.32,
        "threshold_spread_m": 0.0,
        "single_scene_edge_range_m": 0.0,
        "source_scene_ids": [
          "S2A_MSIL2A_20170226T033711_R061_T47PNL_20210208T171543",
          "S2A_MSIL2A_20170318T033531_R061_T47PNL_20210208T232716",
          "S2A_MSIL2A_20170427T033541_R061_T47PNL_20210209T105916"
        ],
        "source_dates": [
          "2017-02-26",
          "2017-03-18",
          "2017-04-27"
        ]
      },
      "geometry": {
        "type": "Point",
        "coordinates": [
          99.2273460941979,
          9.342632122966576
        ]
      }
    },
    {
      "type": "Feature",
      "properties": {
        "transect_id": "T023",
        "group": "PROJECT_37_STC",
        "year": 2018,
        "edge_position_m_from_inland": 1495.0,
        "edge_change_relative_2023_m": 10.0,
        "ndvi_threshold": 0.32,
        "threshold_spread_m": 0.0,
        "single_scene_edge_range_m": 0.0,
        "source_scene_ids": [
          "S2A_MSIL2A_20180201T033951_R061_T47PNL_20201013T174450",
          "S2B_MSIL2A_20180226T033709_R061_T47PNL_20201104T151958",
          "S2B_MSIL2A_20180328T033739_R061_T47PNL_20201013T153849"
        ],
        "source_dates": [
          "2018-02-01",
          "2018-02-26",
          "2018-03-28"
        ]
      },
      "geometry": {
        "type": "Point",
        "coordinates": [
          99.22739215006311,
          9.342554094165296
        ]
      }
    },
    {
      "type": "Feature",
      "properties": {
        "transect_id": "T023",
        "group": "PROJECT_37_STC",
        "year": 2019,
        "edge_position_m_from_inland": 1495.0,
        "edge_change_relative_2023_m": 10.0,
        "ndvi_threshold": 0.32,
        "threshold_spread_m": 0.0,
        "single_scene_edge_range_m": 10.0,
        "source_scene_ids": [
          "S2B_MSIL2A_20190211T033859_R061_T47PNL_20201007T155504",
          "S2B_MSIL2A_20190323T033719_R061_T47PNL_20201007T094740",
          "S2A_MSIL2A_20190417T033541_R061_T47PNL_20201007T030425"
        ],
        "source_dates": [
          "2019-02-11",
          "2019-03-23",
          "2019-04-17"
        ]
      },
      "geometry": {
        "type": "Point",
        "coordinates": [
          99.22739215006311,
          9.342554094165296
        ]
      }
    },
    {
      "type": "Feature",
      "properties": {
        "transect_id": "T023",
        "group": "PROJECT_37_STC",
        "year": 2020,
        "edge_position_m_from_inland": 1485.0,
        "edge_change_relative_2023_m": 0.0,
        "ndvi_threshold": 0.32,
        "threshold_spread_m": 10.0,
        "single_scene_edge_range_m": 10.0,
        "source_scene_ids": [
          "S2B_MSIL2A_20200226T033719_R061_T47PNL_20200928T132439",
          "S2A_MSIL2A_20200322T033531_R061_T47PNL_20201014T231526",
          "S2A_MSIL2A_20200411T033531_R061_T47PNL_20200923T010425"
        ],
        "source_dates": [
          "2020-02-26",
          "2020-03-22",
          "2020-04-11"
        ]
      },
      "geometry": {
        "type": "Point",
        "coordinates": [
          99.2273460941979,
          9.342632122966576
        ]
      }
    },
    {
      "type": "Feature",
      "properties": {
        "transect_id": "T023",
        "group": "PROJECT_37_STC",
        "year": 2021,
        "edge_position_m_from_inland": 1495.0,
        "edge_change_relative_2023_m": 10.0,
        "ndvi_threshold": 0.32,
        "threshold_spread_m": 0.0,
        "single_scene_edge_range_m": 100.0,
        "source_scene_ids": [
          "S2B_MSIL2A_20210220T033759_R061_T47PNL_20210220T151603",
          "S2B_MSIL2A_20210312T033539_R061_T47PNL_20210312T160153",
          "S2A_MSIL2A_20210426T033531_R061_T47PNL_20210426T132640"
        ],
        "source_dates": [
          "2021-02-20",
          "2021-03-12",
          "2021-04-26"
        ]
      },
      "geometry": {
        "type": "Point",
        "coordinates": [
          99.22739215006311,
          9.342554094165296
        ]
      }
    },
    {
      "type": "Feature",
      "properties": {
        "transect_id": "T023",
        "group": "PROJECT_37_STC",
        "year": 2022,
        "edge_position_m_from_inland": 1475.0,
        "edge_change_relative_2023_m": -10.0,
        "ndvi_threshold": 0.32,
        "threshold_spread_m": 10.0,
        "single_scene_edge_range_m": 20.0,
        "source_scene_ids": [
          "S2B_MSIL2A_20220205T033929_R061_T47PNL_20220218T223728",
          "S2A_MSIL2A_20220312T033541_R061_T47PNL_20220312T201539",
          "S2A_MSIL2A_20220421T033541_R061_T47PNL_20220421T215159"
        ],
        "source_dates": [
          "2022-02-05",
          "2022-03-12",
          "2022-04-21"
        ]
      },
      "geometry": {
        "type": "Point",
        "coordinates": [
          99.22730003833267,
          9.342710151767857
        ]
      }
    },
    {
      "type": "Feature",
      "properties": {
        "transect_id": "T023",
        "group": "PROJECT_37_STC",
        "year": 2023,
        "edge_position_m_from_inland": 1485.0,
        "edge_change_relative_2023_m": 0.0,
        "ndvi_threshold": 0.32,
        "threshold_spread_m": 10.0,
        "single_scene_edge_range_m": 20.0,
        "source_scene_ids": [
          "S2B_MSIL2A_20230210T033859_R061_T47PNL_20230211T035717",
          "S2B_MSIL2A_20230312T033539_R061_T47PNL_20230312T103608",
          "S2A_MSIL2A_20230406T033541_R061_T47PNL_20230406T112615"
        ],
        "source_dates": [
          "2023-02-10",
          "2023-03-12",
          "2023-04-06"
        ]
      },
      "geometry": {
        "type": "Point",
        "coordinates": [
          99.2273460941979,
          9.342632122966576
        ]
      }
    },
    {
      "type": "Feature",
      "properties": {
        "transect_id": "T023",
        "group": "PROJECT_37_STC",
        "year": 2024,
        "edge_position_m_from_inland": 1475.0,
        "edge_change_relative_2023_m": -10.0,
        "ndvi_threshold": 0.32,
        "threshold_spread_m": 10.0,
        "single_scene_edge_range_m": 10.0,
        "source_scene_ids": [
          "S2B_MSIL2A_20240225T033729_R061_T47PNL_20240225T081626",
          "S2A_MSIL2A_20240321T033541_R061_T47PNL_20240321T091105",
          "S2A_MSIL2A_20240420T033541_R061_T47PNL_20240420T101326"
        ],
        "source_dates": [
          "2024-02-25",
          "2024-03-21",
          "2024-04-20"
        ]
      },
      "geometry": {
        "type": "Point",
        "coordinates": [
          99.22730003833267,
          9.342710151767857
        ]
      }
    },
    {
      "type": "Feature",
      "properties": {
        "transect_id": "T023",
        "group": "PROJECT_37_STC",
        "year": 2025,
        "edge_position_m_from_inland": 1485.0,
        "edge_change_relative_2023_m": 0.0,
        "ndvi_threshold": 0.32,
        "threshold_spread_m": 0.0,
        "single_scene_edge_range_m": 0.0,
        "source_scene_ids": [
          "S2C_MSIL2A_20250214T033901_R061_T47PNL_20250214T090512",
          "S2C_MSIL2A_20250316T033601_R061_T47PNL_20250316T090315",
          "S2A_MSIL2A_20250407T034201_R061_T47PNL_20250407T083514"
        ],
        "source_dates": [
          "2025-02-14",
          "2025-03-16",
          "2025-04-07"
        ]
      },
      "geometry": {
        "type": "Point",
        "coordinates": [
          99.2273460941979,
          9.342632122966576
        ]
      }
    },
    {
      "type": "Feature",
      "properties": {
        "transect_id": "T023",
        "group": "PROJECT_37_STC",
        "year": 2026,
        "edge_position_m_from_inland": 1485.0,
        "edge_change_relative_2023_m": 0.0,
        "ndvi_threshold": 0.32,
        "threshold_spread_m": 10.0,
        "single_scene_edge_range_m": 10.0,
        "source_scene_ids": [
          "S2C_MSIL2A_20260301T033701_R061_T47PNL_20260301T091613",
          "S2B_MSIL2A_20260405T033539_R061_T47PNL_20260405T072236",
          "S2C_MSIL2A_20260430T033541_R061_T47PNL_20260430T081812"
        ],
        "source_dates": [
          "2026-03-01",
          "2026-04-05",
          "2026-04-30"
        ]
      },
      "geometry": {
        "type": "Point",
        "coordinates": [
          99.2273460941979,
          9.342632122966576
        ]
      }
    },
    {
      "type": "Feature",
      "properties": {
        "transect_id": "T024",
        "group": "PROJECT_37_STC",
        "year": 2017,
        "edge_position_m_from_inland": 1475.0,
        "edge_change_relative_2023_m": -130.0,
        "ndvi_threshold": 0.32,
        "threshold_spread_m": 0.0,
        "single_scene_edge_range_m": 0.0,
        "source_scene_ids": [
          "S2A_MSIL2A_20170226T033711_R061_T47PNL_20210208T171543",
          "S2A_MSIL2A_20170318T033531_R061_T47PNL_20210208T232716",
          "S2A_MSIL2A_20170427T033541_R061_T47PNL_20210209T105916"
        ],
        "source_dates": [
          "2017-02-26",
          "2017-03-18",
          "2017-04-27"
        ]
      },
      "geometry": {
        "type": "Point",
        "coordinates": [
          99.2282363238836,
          9.342987483901863
        ]
      }
    },
    {
      "type": "Feature",
      "properties": {
        "transect_id": "T024",
        "group": "PROJECT_37_STC",
        "year": 2018,
        "edge_position_m_from_inland": 1485.0,
        "edge_change_relative_2023_m": -120.0,
        "ndvi_threshold": 0.32,
        "threshold_spread_m": 10.0,
        "single_scene_edge_range_m": 10.0,
        "source_scene_ids": [
          "S2A_MSIL2A_20180201T033951_R061_T47PNL_20201013T174450",
          "S2B_MSIL2A_20180226T033709_R061_T47PNL_20201104T151958",
          "S2B_MSIL2A_20180328T033739_R061_T47PNL_20201013T153849"
        ],
        "source_dates": [
          "2018-02-01",
          "2018-02-26",
          "2018-03-28"
        ]
      },
      "geometry": {
        "type": "Point",
        "coordinates": [
          99.22825312923742,
          9.34289858883921
        ]
      }
    },
    {
      "type": "Feature",
      "properties": {
        "transect_id": "T024",
        "group": "PROJECT_37_STC",
        "year": 2019,
        "edge_position_m_from_inland": 1475.0,
        "edge_change_relative_2023_m": -130.0,
        "ndvi_threshold": 0.32,
        "threshold_spread_m": 0.0,
        "single_scene_edge_range_m": 10.0,
        "source_scene_ids": [
          "S2B_MSIL2A_20190211T033859_R061_T47PNL_20201007T155504",
          "S2B_MSIL2A_20190323T033719_R061_T47PNL_20201007T094740",
          "S2A_MSIL2A_20190417T033541_R061_T47PNL_20201007T030425"
        ],
        "source_dates": [
          "2019-02-11",
          "2019-03-23",
          "2019-04-17"
        ]
      },
      "geometry": {
        "type": "Point",
        "coordinates": [
          99.2282363238836,
          9.342987483901863
        ]
      }
    },
    {
      "type": "Feature",
      "properties": {
        "transect_id": "T024",
        "group": "PROJECT_37_STC",
        "year": 2020,
        "edge_position_m_from_inland": 1475.0,
        "edge_change_relative_2023_m": -130.0,
        "ndvi_threshold": 0.32,
        "threshold_spread_m": 0.0,
        "single_scene_edge_range_m": 0.0,
        "source_scene_ids": [
          "S2B_MSIL2A_20200226T033719_R061_T47PNL_20200928T132439",
          "S2A_MSIL2A_20200322T033531_R061_T47PNL_20201014T231526",
          "S2A_MSIL2A_20200411T033531_R061_T47PNL_20200923T010425"
        ],
        "source_dates": [
          "2020-02-26",
          "2020-03-22",
          "2020-04-11"
        ]
      },
      "geometry": {
        "type": "Point",
        "coordinates": [
          99.2282363238836,
          9.342987483901863
        ]
      }
    },
    {
      "type": "Feature",
      "properties": {
        "transect_id": "T024",
        "group": "PROJECT_37_STC",
        "year": 2021,
        "edge_position_m_from_inland": 1485.0,
        "edge_change_relative_2023_m": -120.0,
        "ndvi_threshold": 0.32,
        "threshold_spread_m": 0.0,
        "single_scene_edge_range_m": 90.0,
        "source_scene_ids": [
          "S2B_MSIL2A_20210220T033759_R061_T47PNL_20210220T151603",
          "S2B_MSIL2A_20210312T033539_R061_T47PNL_20210312T160153",
          "S2A_MSIL2A_20210426T033531_R061_T47PNL_20210426T132640"
        ],
        "source_dates": [
          "2021-02-20",
          "2021-03-12",
          "2021-04-26"
        ]
      },
      "geometry": {
        "type": "Point",
        "coordinates": [
          99.22825312923742,
          9.34289858883921
        ]
      }
    },
    {
      "type": "Feature",
      "properties": {
        "transect_id": "T024",
        "group": "PROJECT_37_STC",
        "year": 2022,
        "edge_position_m_from_inland": 1455.0,
        "edge_change_relative_2023_m": -150.0,
        "ndvi_threshold": 0.32,
        "threshold_spread_m": 10.0,
        "single_scene_edge_range_m": 150.0,
        "source_scene_ids": [
          "S2B_MSIL2A_20220205T033929_R061_T47PNL_20220218T223728",
          "S2A_MSIL2A_20220312T033541_R061_T47PNL_20220312T201539",
          "S2A_MSIL2A_20220421T033541_R061_T47PNL_20220421T215159"
        ],
        "source_dates": [
          "2022-02-05",
          "2022-03-12",
          "2022-04-21"
        ]
      },
      "geometry": {
        "type": "Point",
        "coordinates": [
          99.22820271317599,
          9.34316527402717
        ]
      }
    },
    {
      "type": "Feature",
      "properties": {
        "transect_id": "T024",
        "group": "PROJECT_37_STC",
        "year": 2023,
        "edge_position_m_from_inland": 1605.0,
        "edge_change_relative_2023_m": 0.0,
        "ndvi_threshold": 0.32,
        "threshold_spread_m": 10.0,
        "single_scene_edge_range_m": 10.0,
        "source_scene_ids": [
          "S2B_MSIL2A_20230210T033859_R061_T47PNL_20230211T035717",
          "S2B_MSIL2A_20230312T033539_R061_T47PNL_20230312T103608",
          "S2A_MSIL2A_20230406T033541_R061_T47PNL_20230406T112615"
        ],
        "source_dates": [
          "2023-02-10",
          "2023-03-12",
          "2023-04-06"
        ]
      },
      "geometry": {
        "type": "Point",
        "coordinates": [
          99.22845479348311,
          9.34183184808737
        ]
      }
    },
    {
      "type": "Feature",
      "properties": {
        "transect_id": "T024",
        "group": "PROJECT_37_STC",
        "year": 2024,
        "edge_position_m_from_inland": 1605.0,
        "edge_change_relative_2023_m": 0.0,
        "ndvi_threshold": 0.32,
        "threshold_spread_m": 10.0,
        "single_scene_edge_range_m": 10.0,
        "source_scene_ids": [
          "S2B_MSIL2A_20240225T033729_R061_T47PNL_20240225T081626",
          "S2A_MSIL2A_20240321T033541_R061_T47PNL_20240321T091105",
          "S2A_MSIL2A_20240420T033541_R061_T47PNL_20240420T101326"
        ],
        "source_dates": [
          "2024-02-25",
          "2024-03-21",
          "2024-04-20"
        ]
      },
      "geometry": {
        "type": "Point",
        "coordinates": [
          99.22845479348311,
          9.34183184808737
        ]
      }
    },
    {
      "type": "Feature",
      "properties": {
        "transect_id": "T024",
        "group": "PROJECT_37_STC",
        "year": 2025,
        "edge_position_m_from_inland": 1615.0,
        "edge_change_relative_2023_m": 10.0,
        "ndvi_threshold": 0.32,
        "threshold_spread_m": 0.0,
        "single_scene_edge_range_m": 0.0,
        "source_scene_ids": [
          "S2C_MSIL2A_20250214T033901_R061_T47PNL_20250214T090512",
          "S2C_MSIL2A_20250316T033601_R061_T47PNL_20250316T090315",
          "S2A_MSIL2A_20250407T034201_R061_T47PNL_20250407T083514"
        ],
        "source_dates": [
          "2025-02-14",
          "2025-03-16",
          "2025-04-07"
        ]
      },
      "geometry": {
        "type": "Point",
        "coordinates": [
          99.22847159883692,
          9.341742953024717
        ]
      }
    },
    {
      "type": "Feature",
      "properties": {
        "transect_id": "T024",
        "group": "PROJECT_37_STC",
        "year": 2026,
        "edge_position_m_from_inland": 1615.0,
        "edge_change_relative_2023_m": 10.0,
        "ndvi_threshold": 0.32,
        "threshold_spread_m": 0.0,
        "single_scene_edge_range_m": 0.0,
        "source_scene_ids": [
          "S2C_MSIL2A_20260301T033701_R061_T47PNL_20260301T091613",
          "S2B_MSIL2A_20260405T033539_R061_T47PNL_20260405T072236",
          "S2C_MSIL2A_20260430T033541_R061_T47PNL_20260430T081812"
        ],
        "source_dates": [
          "2026-03-01",
          "2026-04-05",
          "2026-04-30"
        ]
      },
      "geometry": {
        "type": "Point",
        "coordinates": [
          99.22847159883692,
          9.341742953024717
        ]
      }
    },
    {
      "type": "Feature",
      "properties": {
        "transect_id": "T025",
        "group": "PROJECT_37_STC",
        "year": 2017,
        "edge_position_m_from_inland": 1495.0,
        "edge_change_relative_2023_m": -190.0,
        "ndvi_threshold": 0.32,
        "threshold_spread_m": 0.0,
        "single_scene_edge_range_m": 210.0,
        "source_scene_ids": [
          "S2A_MSIL2A_20170226T033711_R061_T47PNL_20210208T171543",
          "S2A_MSIL2A_20170318T033531_R061_T47PNL_20210208T232716",
          "S2A_MSIL2A_20170427T033541_R061_T47PNL_20210209T105916"
        ],
        "source_dates": [
          "2017-02-26",
          "2017-03-18",
          "2017-04-27"
        ]
      },
      "geometry": {
        "type": "Point",
        "coordinates": [
          99.22916496329904,
          9.342976605057931
        ]
      }
    },
    {
      "type": "Feature",
      "properties": {
        "transect_id": "T025",
        "group": "PROJECT_37_STC",
        "year": 2018,
        "edge_position_m_from_inland": 1705.0,
        "edge_change_relative_2023_m": 20.0,
        "ndvi_threshold": 0.32,
        "threshold_spread_m": 0.0,
        "single_scene_edge_range_m": 10.0,
        "source_scene_ids": [
          "S2A_MSIL2A_20180201T033951_R061_T47PNL_20201013T174450",
          "S2B_MSIL2A_20180226T033709_R061_T47PNL_20201104T151958",
          "S2B_MSIL2A_20180328T033739_R061_T47PNL_20201013T153849"
        ],
        "source_dates": [
          "2018-02-01",
          "2018-02-26",
          "2018-03-28"
        ]
      },
      "geometry": {
        "type": "Point",
        "coordinates": [
          99.22951787108734,
          9.341109807980857
        ]
      }
    },
    {
      "type": "Feature",
      "properties": {
        "transect_id": "T025",
        "group": "PROJECT_37_STC",
        "year": 2019,
        "edge_position_m_from_inland": 1705.0,
        "edge_change_relative_2023_m": 20.0,
        "ndvi_threshold": 0.32,
        "threshold_spread_m": 0.0,
        "single_scene_edge_range_m": 10.0,
        "source_scene_ids": [
          "S2B_MSIL2A_20190211T033859_R061_T47PNL_20201007T155504",
          "S2B_MSIL2A_20190323T033719_R061_T47PNL_20201007T094740",
          "S2A_MSIL2A_20190417T033541_R061_T47PNL_20201007T030425"
        ],
        "source_dates": [
          "2019-02-11",
          "2019-03-23",
          "2019-04-17"
        ]
      },
      "geometry": {
        "type": "Point",
        "coordinates": [
          99.22951787108734,
          9.341109807980857
        ]
      }
    },
    {
      "type": "Feature",
      "properties": {
        "transect_id": "T025",
        "group": "PROJECT_37_STC",
        "year": 2020,
        "edge_position_m_from_inland": 1705.0,
        "edge_change_relative_2023_m": 20.0,
        "ndvi_threshold": 0.32,
        "threshold_spread_m": 0.0,
        "single_scene_edge_range_m": 0.0,
        "source_scene_ids": [
          "S2B_MSIL2A_20200226T033719_R061_T47PNL_20200928T132439",
          "S2A_MSIL2A_20200322T033531_R061_T47PNL_20201014T231526",
          "S2A_MSIL2A_20200411T033531_R061_T47PNL_20200923T010425"
        ],
        "source_dates": [
          "2020-02-26",
          "2020-03-22",
          "2020-04-11"
        ]
      },
      "geometry": {
        "type": "Point",
        "coordinates": [
          99.22951787108734,
          9.341109807980857
        ]
      }
    },
    {
      "type": "Feature",
      "properties": {
        "transect_id": "T025",
        "group": "PROJECT_37_STC",
        "year": 2021,
        "edge_position_m_from_inland": 1705.0,
        "edge_change_relative_2023_m": 20.0,
        "ndvi_threshold": 0.32,
        "threshold_spread_m": 0.0,
        "single_scene_edge_range_m": 50.0,
        "source_scene_ids": [
          "S2B_MSIL2A_20210220T033759_R061_T47PNL_20210220T151603",
          "S2B_MSIL2A_20210312T033539_R061_T47PNL_20210312T160153",
          "S2A_MSIL2A_20210426T033531_R061_T47PNL_20210426T132640"
        ],
        "source_dates": [
          "2021-02-20",
          "2021-03-12",
          "2021-04-26"
        ]
      },
      "geometry": {
        "type": "Point",
        "coordinates": [
          99.22951787108734,
          9.341109807980857
        ]
      }
    },
    {
      "type": "Feature",
      "properties": {
        "transect_id": "T025",
        "group": "PROJECT_37_STC",
        "year": 2022,
        "edge_position_m_from_inland": 1495.0,
        "edge_change_relative_2023_m": -190.0,
        "ndvi_threshold": 0.32,
        "threshold_spread_m": 200.0,
        "single_scene_edge_range_m": 210.0,
        "source_scene_ids": [
          "S2B_MSIL2A_20220205T033929_R061_T47PNL_20220218T223728",
          "S2A_MSIL2A_20220312T033541_R061_T47PNL_20220312T201539",
          "S2A_MSIL2A_20220421T033541_R061_T47PNL_20220421T215159"
        ],
        "source_dates": [
          "2022-02-05",
          "2022-03-12",
          "2022-04-21"
        ]
      },
      "geometry": {
        "type": "Point",
        "coordinates": [
          99.22916496329904,
          9.342976605057931
        ]
      }
    },
    {
      "type": "Feature",
      "properties": {
        "transect_id": "T025",
        "group": "PROJECT_37_STC",
        "year": 2023,
        "edge_position_m_from_inland": 1685.0,
        "edge_change_relative_2023_m": 0.0,
        "ndvi_threshold": 0.32,
        "threshold_spread_m": 200.0,
        "single_scene_edge_range_m": 200.0,
        "source_scene_ids": [
          "S2B_MSIL2A_20230210T033859_R061_T47PNL_20230211T035717",
          "S2B_MSIL2A_20230312T033539_R061_T47PNL_20230312T103608",
          "S2A_MSIL2A_20230406T033541_R061_T47PNL_20230406T112615"
        ],
        "source_dates": [
          "2023-02-10",
          "2023-03-12",
          "2023-04-06"
        ]
      },
      "geometry": {
        "type": "Point",
        "coordinates": [
          99.22948426082178,
          9.341287598178672
        ]
      }
    },
    {
      "type": "Feature",
      "properties": {
        "transect_id": "T025",
        "group": "PROJECT_37_STC",
        "year": 2024,
        "edge_position_m_from_inland": 1495.0,
        "edge_change_relative_2023_m": -190.0,
        "ndvi_threshold": 0.32,
        "threshold_spread_m": 200.0,
        "single_scene_edge_range_m": 200.0,
        "source_scene_ids": [
          "S2B_MSIL2A_20240225T033729_R061_T47PNL_20240225T081626",
          "S2A_MSIL2A_20240321T033541_R061_T47PNL_20240321T091105",
          "S2A_MSIL2A_20240420T033541_R061_T47PNL_20240420T101326"
        ],
        "source_dates": [
          "2024-02-25",
          "2024-03-21",
          "2024-04-20"
        ]
      },
      "geometry": {
        "type": "Point",
        "coordinates": [
          99.22916496329904,
          9.342976605057931
        ]
      }
    },
    {
      "type": "Feature",
      "properties": {
        "transect_id": "T025",
        "group": "PROJECT_37_STC",
        "year": 2025,
        "edge_position_m_from_inland": 1695.0,
        "edge_change_relative_2023_m": 10.0,
        "ndvi_threshold": 0.32,
        "threshold_spread_m": 200.0,
        "single_scene_edge_range_m": 200.0,
        "source_scene_ids": [
          "S2C_MSIL2A_20250214T033901_R061_T47PNL_20250214T090512",
          "S2C_MSIL2A_20250316T033601_R061_T47PNL_20250316T090315",
          "S2A_MSIL2A_20250407T034201_R061_T47PNL_20250407T083514"
        ],
        "source_dates": [
          "2025-02-14",
          "2025-03-16",
          "2025-04-07"
        ]
      },
      "geometry": {
        "type": "Point",
        "coordinates": [
          99.22950106595455,
          9.341198703079764
        ]
      }
    },
    {
      "type": "Feature",
      "properties": {
        "transect_id": "T025",
        "group": "PROJECT_37_STC",
        "year": 2026,
        "edge_position_m_from_inland": 1675.0,
        "edge_change_relative_2023_m": -10.0,
        "ndvi_threshold": 0.32,
        "threshold_spread_m": 200.0,
        "single_scene_edge_range_m": 200.0,
        "source_scene_ids": [
          "S2C_MSIL2A_20260301T033701_R061_T47PNL_20260301T091613",
          "S2B_MSIL2A_20260405T033539_R061_T47PNL_20260405T072236",
          "S2C_MSIL2A_20260430T033541_R061_T47PNL_20260430T081812"
        ],
        "source_dates": [
          "2026-03-01",
          "2026-04-05",
          "2026-04-30"
        ]
      },
      "geometry": {
        "type": "Point",
        "coordinates": [
          99.229467455689,
          9.341376493277581
        ]
      }
    },
    {
      "type": "Feature",
      "properties": {
        "transect_id": "T026",
        "group": "PROJECT_37_STC",
        "year": 2017,
        "edge_position_m_from_inland": 1755.0,
        "edge_change_relative_2023_m": 0.0,
        "ndvi_threshold": 0.32,
        "threshold_spread_m": 0.0,
        "single_scene_edge_range_m": 10.0,
        "source_scene_ids": [
          "S2A_MSIL2A_20170226T033711_R061_T47PNL_20210208T171543",
          "S2A_MSIL2A_20170318T033531_R061_T47PNL_20210208T232716",
          "S2A_MSIL2A_20170427T033541_R061_T47PNL_20210209T105916"
        ],
        "source_dates": [
          "2017-02-26",
          "2017-03-18",
          "2017-04-27"
        ]
      },
      "geometry": {
        "type": "Point",
        "coordinates": [
          99.23049692051137,
          9.340832240549162
        ]
      }
    },
    {
      "type": "Feature",
      "properties": {
        "transect_id": "T026",
        "group": "PROJECT_37_STC",
        "year": 2018,
        "edge_position_m_from_inland": 1765.0,
        "edge_change_relative_2023_m": 10.0,
        "ndvi_threshold": 0.32,
        "threshold_spread_m": 0.0,
        "single_scene_edge_range_m": 10.0,
        "source_scene_ids": [
          "S2A_MSIL2A_20180201T033951_R061_T47PNL_20201013T174450",
          "S2B_MSIL2A_20180226T033709_R061_T47PNL_20201104T151958",
          "S2B_MSIL2A_20180328T033739_R061_T47PNL_20201013T153849"
        ],
        "source_dates": [
          "2018-02-01",
          "2018-02-26",
          "2018-03-28"
        ]
      },
      "geometry": {
        "type": "Point",
        "coordinates": [
          99.23051372542311,
          9.340743345414019
        ]
      }
    },
    {
      "type": "Feature",
      "properties": {
        "transect_id": "T026",
        "group": "PROJECT_37_STC",
        "year": 2019,
        "edge_position_m_from_inland": 1765.0,
        "edge_change_relative_2023_m": 10.0,
        "ndvi_threshold": 0.32,
        "threshold_spread_m": 0.0,
        "single_scene_edge_range_m": 10.0,
        "source_scene_ids": [
          "S2B_MSIL2A_20190211T033859_R061_T47PNL_20201007T155504",
          "S2B_MSIL2A_20190323T033719_R061_T47PNL_20201007T094740",
          "S2A_MSIL2A_20190417T033541_R061_T47PNL_20201007T030425"
        ],
        "source_dates": [
          "2019-02-11",
          "2019-03-23",
          "2019-04-17"
        ]
      },
      "geometry": {
        "type": "Point",
        "coordinates": [
          99.23051372542311,
          9.340743345414019
        ]
      }
    },
    {
      "type": "Feature",
      "properties": {
        "transect_id": "T026",
        "group": "PROJECT_37_STC",
        "year": 2020,
        "edge_position_m_from_inland": 1765.0,
        "edge_change_relative_2023_m": 10.0,
        "ndvi_threshold": 0.32,
        "threshold_spread_m": 0.0,
        "single_scene_edge_range_m": 0.0,
        "source_scene_ids": [
          "S2B_MSIL2A_20200226T033719_R061_T47PNL_20200928T132439",
          "S2A_MSIL2A_20200322T033531_R061_T47PNL_20201014T231526",
          "S2A_MSIL2A_20200411T033531_R061_T47PNL_20200923T010425"
        ],
        "source_dates": [
          "2020-02-26",
          "2020-03-22",
          "2020-04-11"
        ]
      },
      "geometry": {
        "type": "Point",
        "coordinates": [
          99.23051372542311,
          9.340743345414019
        ]
      }
    },
    {
      "type": "Feature",
      "properties": {
        "transect_id": "T026",
        "group": "PROJECT_37_STC",
        "year": 2021,
        "edge_position_m_from_inland": 1765.0,
        "edge_change_relative_2023_m": 10.0,
        "ndvi_threshold": 0.32,
        "threshold_spread_m": 0.0,
        "single_scene_edge_range_m": 10.0,
        "source_scene_ids": [
          "S2B_MSIL2A_20210220T033759_R061_T47PNL_20210220T151603",
          "S2B_MSIL2A_20210312T033539_R061_T47PNL_20210312T160153",
          "S2A_MSIL2A_20210426T033531_R061_T47PNL_20210426T132640"
        ],
        "source_dates": [
          "2021-02-20",
          "2021-03-12",
          "2021-04-26"
        ]
      },
      "geometry": {
        "type": "Point",
        "coordinates": [
          99.23051372542311,
          9.340743345414019
        ]
      }
    },
    {
      "type": "Feature",
      "properties": {
        "transect_id": "T026",
        "group": "PROJECT_37_STC",
        "year": 2022,
        "edge_position_m_from_inland": 1755.0,
        "edge_change_relative_2023_m": 0.0,
        "ndvi_threshold": 0.32,
        "threshold_spread_m": 260.0,
        "single_scene_edge_range_m": 280.0,
        "source_scene_ids": [
          "S2B_MSIL2A_20220205T033929_R061_T47PNL_20220218T223728",
          "S2A_MSIL2A_20220312T033541_R061_T47PNL_20220312T201539",
          "S2A_MSIL2A_20220421T033541_R061_T47PNL_20220421T215159"
        ],
        "source_dates": [
          "2022-02-05",
          "2022-03-12",
          "2022-04-21"
        ]
      },
      "geometry": {
        "type": "Point",
        "coordinates": [
          99.23049692051137,
          9.340832240549162
        ]
      }
    },
    {
      "type": "Feature",
      "properties": {
        "transect_id": "T026",
        "group": "PROJECT_37_STC",
        "year": 2023,
        "edge_position_m_from_inland": 1755.0,
        "edge_change_relative_2023_m": 0.0,
        "ndvi_threshold": 0.32,
        "threshold_spread_m": 270.0,
        "single_scene_edge_range_m": 20.0,
        "source_scene_ids": [
          "S2B_MSIL2A_20230210T033859_R061_T47PNL_20230211T035717",
          "S2B_MSIL2A_20230312T033539_R061_T47PNL_20230312T103608",
          "S2A_MSIL2A_20230406T033541_R061_T47PNL_20230406T112615"
        ],
        "source_dates": [
          "2023-02-10",
          "2023-03-12",
          "2023-04-06"
        ]
      },
      "geometry": {
        "type": "Point",
        "coordinates": [
          99.23049692051137,
          9.340832240549162
        ]
      }
    },
    {
      "type": "Feature",
      "properties": {
        "transect_id": "T026",
        "group": "PROJECT_37_STC",
        "year": 2024,
        "edge_position_m_from_inland": 1485.0,
        "edge_change_relative_2023_m": -270.0,
        "ndvi_threshold": 0.32,
        "threshold_spread_m": 270.0,
        "single_scene_edge_range_m": 270.0,
        "source_scene_ids": [
          "S2B_MSIL2A_20240225T033729_R061_T47PNL_20240225T081626",
          "S2A_MSIL2A_20240321T033541_R061_T47PNL_20240321T091105",
          "S2A_MSIL2A_20240420T033541_R061_T47PNL_20240420T101326"
        ],
        "source_dates": [
          "2024-02-25",
          "2024-03-21",
          "2024-04-20"
        ]
      },
      "geometry": {
        "type": "Point",
        "coordinates": [
          99.23004318789465,
          9.343232409198025
        ]
      }
    },
    {
      "type": "Feature",
      "properties": {
        "transect_id": "T026",
        "group": "PROJECT_37_STC",
        "year": 2025,
        "edge_position_m_from_inland": 1755.0,
        "edge_change_relative_2023_m": 0.0,
        "ndvi_threshold": 0.32,
        "threshold_spread_m": 0.0,
        "single_scene_edge_range_m": 0.0,
        "source_scene_ids": [
          "S2C_MSIL2A_20250214T033901_R061_T47PNL_20250214T090512",
          "S2C_MSIL2A_20250316T033601_R061_T47PNL_20250316T090315",
          "S2A_MSIL2A_20250407T034201_R061_T47PNL_20250407T083514"
        ],
        "source_dates": [
          "2025-02-14",
          "2025-03-16",
          "2025-04-07"
        ]
      },
      "geometry": {
        "type": "Point",
        "coordinates": [
          99.23049692051137,
          9.340832240549162
        ]
      }
    },
    {
      "type": "Feature",
      "properties": {
        "transect_id": "T026",
        "group": "PROJECT_37_STC",
        "year": 2026,
        "edge_position_m_from_inland": 1755.0,
        "edge_change_relative_2023_m": 0.0,
        "ndvi_threshold": 0.32,
        "threshold_spread_m": 270.0,
        "single_scene_edge_range_m": 10.0,
        "source_scene_ids": [
          "S2C_MSIL2A_20260301T033701_R061_T47PNL_20260301T091613",
          "S2B_MSIL2A_20260405T033539_R061_T47PNL_20260405T072236",
          "S2C_MSIL2A_20260430T033541_R061_T47PNL_20260430T081812"
        ],
        "source_dates": [
          "2026-03-01",
          "2026-04-05",
          "2026-04-30"
        ]
      },
      "geometry": {
        "type": "Point",
        "coordinates": [
          99.23049692051137,
          9.340832240549162
        ]
      }
    },
    {
      "type": "Feature",
      "properties": {
        "transect_id": "T027",
        "group": "PROJECT_37_STC",
        "year": 2017,
        "edge_position_m_from_inland": 1495.0,
        "edge_change_relative_2023_m": 30.0,
        "ndvi_threshold": 0.32,
        "threshold_spread_m": 0.0,
        "single_scene_edge_range_m": 20.0,
        "source_scene_ids": [
          "S2A_MSIL2A_20170226T033711_R061_T47PNL_20210208T171543",
          "S2A_MSIL2A_20170318T033531_R061_T47PNL_20210208T232716",
          "S2A_MSIL2A_20170427T033541_R061_T47PNL_20210209T105916"
        ],
        "source_dates": [
          "2017-02-26",
          "2017-03-18",
          "2017-04-27"
        ]
      },
      "geometry": {
        "type": "Point",
        "coordinates": [
          99.23087350442542,
          9.343487292337777
        ]
      }
    },
    {
      "type": "Feature",
      "properties": {
        "transect_id": "T027",
        "group": "PROJECT_37_STC",
        "year": 2018,
        "edge_position_m_from_inland": 1495.0,
        "edge_change_relative_2023_m": 30.0,
        "ndvi_threshold": 0.32,
        "threshold_spread_m": 10.0,
        "single_scene_edge_range_m": 10.0,
        "source_scene_ids": [
          "S2A_MSIL2A_20180201T033951_R061_T47PNL_20201013T174450",
          "S2B_MSIL2A_20180226T033709_R061_T47PNL_20201104T151958",
          "S2B_MSIL2A_20180328T033739_R061_T47PNL_20201013T153849"
        ],
        "source_dates": [
          "2018-02-01",
          "2018-02-26",
          "2018-03-28"
        ]
      },
      "geometry": {
        "type": "Point",
        "coordinates": [
          99.23087350442542,
          9.343487292337777
        ]
      }
    },
    {
      "type": "Feature",
      "properties": {
        "transect_id": "T027",
        "group": "PROJECT_37_STC",
        "year": 2019,
        "edge_position_m_from_inland": 1505.0,
        "edge_change_relative_2023_m": 40.0,
        "ndvi_threshold": 0.32,
        "threshold_spread_m": 10.0,
        "single_scene_edge_range_m": 10.0,
        "source_scene_ids": [
          "S2B_MSIL2A_20190211T033859_R061_T47PNL_20201007T155504",
          "S2B_MSIL2A_20190323T033719_R061_T47PNL_20201007T094740",
          "S2A_MSIL2A_20190417T033541_R061_T47PNL_20201007T030425"
        ],
        "source_dates": [
          "2019-02-11",
          "2019-03-23",
          "2019-04-17"
        ]
      },
      "geometry": {
        "type": "Point",
        "coordinates": [
          99.23091856912995,
          9.343408694673503
        ]
      }
    },
    {
      "type": "Feature",
      "properties": {
        "transect_id": "T027",
        "group": "PROJECT_37_STC",
        "year": 2020,
        "edge_position_m_from_inland": 1495.0,
        "edge_change_relative_2023_m": 30.0,
        "ndvi_threshold": 0.32,
        "threshold_spread_m": 0.0,
        "single_scene_edge_range_m": 0.0,
        "source_scene_ids": [
          "S2B_MSIL2A_20200226T033719_R061_T47PNL_20200928T132439",
          "S2A_MSIL2A_20200322T033531_R061_T47PNL_20201014T231526",
          "S2A_MSIL2A_20200411T033531_R061_T47PNL_20200923T010425"
        ],
        "source_dates": [
          "2020-02-26",
          "2020-03-22",
          "2020-04-11"
        ]
      },
      "geometry": {
        "type": "Point",
        "coordinates": [
          99.23087350442542,
          9.343487292337777
        ]
      }
    },
    {
      "type": "Feature",
      "properties": {
        "transect_id": "T027",
        "group": "PROJECT_37_STC",
        "year": 2021,
        "edge_position_m_from_inland": 1505.0,
        "edge_change_relative_2023_m": 40.0,
        "ndvi_threshold": 0.32,
        "threshold_spread_m": 10.0,
        "single_scene_edge_range_m": 50.0,
        "source_scene_ids": [
          "S2B_MSIL2A_20210220T033759_R061_T47PNL_20210220T151603",
          "S2B_MSIL2A_20210312T033539_R061_T47PNL_20210312T160153",
          "S2A_MSIL2A_20210426T033531_R061_T47PNL_20210426T132640"
        ],
        "source_dates": [
          "2021-02-20",
          "2021-03-12",
          "2021-04-26"
        ]
      },
      "geometry": {
        "type": "Point",
        "coordinates": [
          99.23091856912995,
          9.343408694673503
        ]
      }
    },
    {
      "type": "Feature",
      "properties": {
        "transect_id": "T027",
        "group": "PROJECT_37_STC",
        "year": 2022,
        "edge_position_m_from_inland": 1475.0,
        "edge_change_relative_2023_m": 10.0,
        "ndvi_threshold": 0.32,
        "threshold_spread_m": 20.0,
        "single_scene_edge_range_m": 40.0,
        "source_scene_ids": [
          "S2B_MSIL2A_20220205T033929_R061_T47PNL_20220218T223728",
          "S2A_MSIL2A_20220312T033541_R061_T47PNL_20220312T201539",
          "S2A_MSIL2A_20220421T033541_R061_T47PNL_20220421T215159"
        ],
        "source_dates": [
          "2022-02-05",
          "2022-03-12",
          "2022-04-21"
        ]
      },
      "geometry": {
        "type": "Point",
        "coordinates": [
          99.23078337501633,
          9.343644487666326
        ]
      }
    },
    {
      "type": "Feature",
      "properties": {
        "transect_id": "T027",
        "group": "PROJECT_37_STC",
        "year": 2023,
        "edge_position_m_from_inland": 1465.0,
        "edge_change_relative_2023_m": 0.0,
        "ndvi_threshold": 0.32,
        "threshold_spread_m": 10.0,
        "single_scene_edge_range_m": 10.0,
        "source_scene_ids": [
          "S2B_MSIL2A_20230210T033859_R061_T47PNL_20230211T035717",
          "S2B_MSIL2A_20230312T033539_R061_T47PNL_20230312T103608",
          "S2A_MSIL2A_20230406T033541_R061_T47PNL_20230406T112615"
        ],
        "source_dates": [
          "2023-02-10",
          "2023-03-12",
          "2023-04-06"
        ]
      },
      "geometry": {
        "type": "Point",
        "coordinates": [
          99.23073831031179,
          9.3437230853306
        ]
      }
    },
    {
      "type": "Feature",
      "properties": {
        "transect_id": "T027",
        "group": "PROJECT_37_STC",
        "year": 2024,
        "edge_position_m_from_inland": 1475.0,
        "edge_change_relative_2023_m": 10.0,
        "ndvi_threshold": 0.32,
        "threshold_spread_m": 30.0,
        "single_scene_edge_range_m": 30.0,
        "source_scene_ids": [
          "S2B_MSIL2A_20240225T033729_R061_T47PNL_20240225T081626",
          "S2A_MSIL2A_20240321T033541_R061_T47PNL_20240321T091105",
          "S2A_MSIL2A_20240420T033541_R061_T47PNL_20240420T101326"
        ],
        "source_dates": [
          "2024-02-25",
          "2024-03-21",
          "2024-04-20"
        ]
      },
      "geometry": {
        "type": "Point",
        "coordinates": [
          99.23078337501633,
          9.343644487666326
        ]
      }
    },
    {
      "type": "Feature",
      "properties": {
        "transect_id": "T027",
        "group": "PROJECT_37_STC",
        "year": 2025,
        "edge_position_m_from_inland": 1475.0,
        "edge_change_relative_2023_m": 10.0,
        "ndvi_threshold": 0.32,
        "threshold_spread_m": 0.0,
        "single_scene_edge_range_m": 20.0,
        "source_scene_ids": [
          "S2C_MSIL2A_20250214T033901_R061_T47PNL_20250214T090512",
          "S2C_MSIL2A_20250316T033601_R061_T47PNL_20250316T090315",
          "S2A_MSIL2A_20250407T034201_R061_T47PNL_20250407T083514"
        ],
        "source_dates": [
          "2025-02-14",
          "2025-03-16",
          "2025-04-07"
        ]
      },
      "geometry": {
        "type": "Point",
        "coordinates": [
          99.23078337501633,
          9.343644487666326
        ]
      }
    },
    {
      "type": "Feature",
      "properties": {
        "transect_id": "T027",
        "group": "PROJECT_37_STC",
        "year": 2026,
        "edge_position_m_from_inland": 1475.0,
        "edge_change_relative_2023_m": 10.0,
        "ndvi_threshold": 0.32,
        "threshold_spread_m": 10.0,
        "single_scene_edge_range_m": 10.0,
        "source_scene_ids": [
          "S2C_MSIL2A_20260301T033701_R061_T47PNL_20260301T091613",
          "S2B_MSIL2A_20260405T033539_R061_T47PNL_20260405T072236",
          "S2C_MSIL2A_20260430T033541_R061_T47PNL_20260430T081812"
        ],
        "source_dates": [
          "2026-03-01",
          "2026-04-05",
          "2026-04-30"
        ]
      },
      "geometry": {
        "type": "Point",
        "coordinates": [
          99.23078337501633,
          9.343644487666326
        ]
      }
    },
    {
      "type": "Feature",
      "properties": {
        "transect_id": "T028",
        "group": "PROJECT_37_STC",
        "year": 2017,
        "edge_position_m_from_inland": 1505.0,
        "edge_change_relative_2023_m": 20.0,
        "ndvi_threshold": 0.32,
        "threshold_spread_m": 0.0,
        "single_scene_edge_range_m": 10.0,
        "source_scene_ids": [
          "S2A_MSIL2A_20170226T033711_R061_T47PNL_20210208T171543",
          "S2A_MSIL2A_20170318T033531_R061_T47PNL_20210208T232716",
          "S2A_MSIL2A_20170427T033541_R061_T47PNL_20210209T105916"
        ],
        "source_dates": [
          "2017-02-26",
          "2017-03-18",
          "2017-04-27"
        ]
      },
      "geometry": {
        "type": "Point",
        "coordinates": [
          99.23170992182243,
          9.343856279830513
        ]
      }
    },
    {
      "type": "Feature",
      "properties": {
        "transect_id": "T028",
        "group": "PROJECT_37_STC",
        "year": 2018,
        "edge_position_m_from_inland": 1515.0,
        "edge_change_relative_2023_m": 30.0,
        "ndvi_threshold": 0.32,
        "threshold_spread_m": 0.0,
        "single_scene_edge_range_m": 0.0,
        "source_scene_ids": [
          "S2A_MSIL2A_20180201T033951_R061_T47PNL_20201013T174450",
          "S2B_MSIL2A_20180226T033709_R061_T47PNL_20201104T151958",
          "S2B_MSIL2A_20180328T033739_R061_T47PNL_20201013T153849"
        ],
        "source_dates": [
          "2018-02-01",
          "2018-02-26",
          "2018-03-28"
        ]
      },
      "geometry": {
        "type": "Point",
        "coordinates": [
          99.23175498640214,
          9.343777682070748
        ]
      }
    },
    {
      "type": "Feature",
      "properties": {
        "transect_id": "T028",
        "group": "PROJECT_37_STC",
        "year": 2019,
        "edge_position_m_from_inland": 1515.0,
        "edge_change_relative_2023_m": 30.0,
        "ndvi_threshold": 0.32,
        "threshold_spread_m": 0.0,
        "single_scene_edge_range_m": 10.0,
        "source_scene_ids": [
          "S2B_MSIL2A_20190211T033859_R061_T47PNL_20201007T155504",
          "S2B_MSIL2A_20190323T033719_R061_T47PNL_20201007T094740",
          "S2A_MSIL2A_20190417T033541_R061_T47PNL_20201007T030425"
        ],
        "source_dates": [
          "2019-02-11",
          "2019-03-23",
          "2019-04-17"
        ]
      },
      "geometry": {
        "type": "Point",
        "coordinates": [
          99.23175498640214,
          9.343777682070748
        ]
      }
    },
    {
      "type": "Feature",
      "properties": {
        "transect_id": "T028",
        "group": "PROJECT_37_STC",
        "year": 2020,
        "edge_position_m_from_inland": 1515.0,
        "edge_change_relative_2023_m": 30.0,
        "ndvi_threshold": 0.32,
        "threshold_spread_m": 10.0,
        "single_scene_edge_range_m": 0.0,
        "source_scene_ids": [
          "S2B_MSIL2A_20200226T033719_R061_T47PNL_20200928T132439",
          "S2A_MSIL2A_20200322T033531_R061_T47PNL_20201014T231526",
          "S2A_MSIL2A_20200411T033531_R061_T47PNL_20200923T010425"
        ],
        "source_dates": [
          "2020-02-26",
          "2020-03-22",
          "2020-04-11"
        ]
      },
      "geometry": {
        "type": "Point",
        "coordinates": [
          99.23175498640214,
          9.343777682070748
        ]
      }
    },
    {
      "type": "Feature",
      "properties": {
        "transect_id": "T028",
        "group": "PROJECT_37_STC",
        "year": 2021,
        "edge_position_m_from_inland": 1515.0,
        "edge_change_relative_2023_m": 30.0,
        "ndvi_threshold": 0.32,
        "threshold_spread_m": 0.0,
        "single_scene_edge_range_m": 0.0,
        "source_scene_ids": [
          "S2B_MSIL2A_20210220T033759_R061_T47PNL_20210220T151603",
          "S2B_MSIL2A_20210312T033539_R061_T47PNL_20210312T160153",
          "S2A_MSIL2A_20210426T033531_R061_T47PNL_20210426T132640"
        ],
        "source_dates": [
          "2021-02-20",
          "2021-03-12",
          "2021-04-26"
        ]
      },
      "geometry": {
        "type": "Point",
        "coordinates": [
          99.23175498640214,
          9.343777682070748
        ]
      }
    },
    {
      "type": "Feature",
      "properties": {
        "transect_id": "T028",
        "group": "PROJECT_37_STC",
        "year": 2022,
        "edge_position_m_from_inland": 1505.0,
        "edge_change_relative_2023_m": 20.0,
        "ndvi_threshold": 0.32,
        "threshold_spread_m": 10.0,
        "single_scene_edge_range_m": 40.0,
        "source_scene_ids": [
          "S2B_MSIL2A_20220205T033929_R061_T47PNL_20220218T223728",
          "S2A_MSIL2A_20220312T033541_R061_T47PNL_20220312T201539",
          "S2A_MSIL2A_20220421T033541_R061_T47PNL_20220421T215159"
        ],
        "source_dates": [
          "2022-02-05",
          "2022-03-12",
          "2022-04-21"
        ]
      },
      "geometry": {
        "type": "Point",
        "coordinates": [
          99.23170992182243,
          9.343856279830513
        ]
      }
    },
    {
      "type": "Feature",
      "properties": {
        "transect_id": "T028",
        "group": "PROJECT_37_STC",
        "year": 2023,
        "edge_position_m_from_inland": 1485.0,
        "edge_change_relative_2023_m": 0.0,
        "ndvi_threshold": 0.32,
        "threshold_spread_m": 20.0,
        "single_scene_edge_range_m": 30.0,
        "source_scene_ids": [
          "S2B_MSIL2A_20230210T033859_R061_T47PNL_20230211T035717",
          "S2B_MSIL2A_20230312T033539_R061_T47PNL_20230312T103608",
          "S2A_MSIL2A_20230406T033541_R061_T47PNL_20230406T112615"
        ],
        "source_dates": [
          "2023-02-10",
          "2023-03-12",
          "2023-04-06"
        ]
      },
      "geometry": {
        "type": "Point",
        "coordinates": [
          99.23161979266303,
          9.344013475350048
        ]
      }
    },
    {
      "type": "Feature",
      "properties": {
        "transect_id": "T028",
        "group": "PROJECT_37_STC",
        "year": 2024,
        "edge_position_m_from_inland": 1485.0,
        "edge_change_relative_2023_m": 0.0,
        "ndvi_threshold": 0.32,
        "threshold_spread_m": 20.0,
        "single_scene_edge_range_m": 40.0,
        "source_scene_ids": [
          "S2B_MSIL2A_20240225T033729_R061_T47PNL_20240225T081626",
          "S2A_MSIL2A_20240321T033541_R061_T47PNL_20240321T091105",
          "S2A_MSIL2A_20240420T033541_R061_T47PNL_20240420T101326"
        ],
        "source_dates": [
          "2024-02-25",
          "2024-03-21",
          "2024-04-20"
        ]
      },
      "geometry": {
        "type": "Point",
        "coordinates": [
          99.23161979266303,
          9.344013475350048
        ]
      }
    },
    {
      "type": "Feature",
      "properties": {
        "transect_id": "T028",
        "group": "PROJECT_37_STC",
        "year": 2025,
        "edge_position_m_from_inland": 1485.0,
        "edge_change_relative_2023_m": 0.0,
        "ndvi_threshold": 0.32,
        "threshold_spread_m": 20.0,
        "single_scene_edge_range_m": 20.0,
        "source_scene_ids": [
          "S2C_MSIL2A_20250214T033901_R061_T47PNL_20250214T090512",
          "S2C_MSIL2A_20250316T033601_R061_T47PNL_20250316T090315",
          "S2A_MSIL2A_20250407T034201_R061_T47PNL_20250407T083514"
        ],
        "source_dates": [
          "2025-02-14",
          "2025-03-16",
          "2025-04-07"
        ]
      },
      "geometry": {
        "type": "Point",
        "coordinates": [
          99.23161979266303,
          9.344013475350048
        ]
      }
    },
    {
      "type": "Feature",
      "properties": {
        "transect_id": "T028",
        "group": "PROJECT_37_STC",
        "year": 2026,
        "edge_position_m_from_inland": 1495.0,
        "edge_change_relative_2023_m": 10.0,
        "ndvi_threshold": 0.32,
        "threshold_spread_m": 20.0,
        "single_scene_edge_range_m": 30.0,
        "source_scene_ids": [
          "S2C_MSIL2A_20260301T033701_R061_T47PNL_20260301T091613",
          "S2B_MSIL2A_20260405T033539_R061_T47PNL_20260405T072236",
          "S2C_MSIL2A_20260430T033541_R061_T47PNL_20260430T081812"
        ],
        "source_dates": [
          "2026-03-01",
          "2026-04-05",
          "2026-04-30"
        ]
      },
      "geometry": {
        "type": "Point",
        "coordinates": [
          99.23166485724273,
          9.34393487759028
        ]
      }
    },
    {
      "type": "Feature",
      "properties": {
        "transect_id": "T029",
        "group": "PROJECT_37_STC",
        "year": 2017,
        "edge_position_m_from_inland": 1505.0,
        "edge_change_relative_2023_m": 20.0,
        "ndvi_threshold": 0.32,
        "threshold_spread_m": 0.0,
        "single_scene_edge_range_m": 20.0,
        "source_scene_ids": [
          "S2A_MSIL2A_20170226T033711_R061_T47PNL_20210208T171543",
          "S2A_MSIL2A_20170318T033531_R061_T47PNL_20210208T232716",
          "S2A_MSIL2A_20170427T033541_R061_T47PNL_20210209T105916"
        ],
        "source_dates": [
          "2017-02-26",
          "2017-03-18",
          "2017-04-27"
        ]
      },
      "geometry": {
        "type": "Point",
        "coordinates": [
          99.2325012765068,
          9.344303863164724
        ]
      }
    },
    {
      "type": "Feature",
      "properties": {
        "transect_id": "T029",
        "group": "PROJECT_37_STC",
        "year": 2018,
        "edge_position_m_from_inland": 1505.0,
        "edge_change_relative_2023_m": 20.0,
        "ndvi_threshold": 0.32,
        "threshold_spread_m": 0.0,
        "single_scene_edge_range_m": 10.0,
        "source_scene_ids": [
          "S2A_MSIL2A_20180201T033951_R061_T47PNL_20201013T174450",
          "S2B_MSIL2A_20180226T033709_R061_T47PNL_20201104T151958",
          "S2B_MSIL2A_20180328T033739_R061_T47PNL_20201013T153849"
        ],
        "source_dates": [
          "2018-02-01",
          "2018-02-26",
          "2018-03-28"
        ]
      },
      "geometry": {
        "type": "Point",
        "coordinates": [
          99.2325012765068,
          9.344303863164724
        ]
      }
    },
    {
      "type": "Feature",
      "properties": {
        "transect_id": "T029",
        "group": "PROJECT_37_STC",
        "year": 2019,
        "edge_position_m_from_inland": 1505.0,
        "edge_change_relative_2023_m": 20.0,
        "ndvi_threshold": 0.32,
        "threshold_spread_m": 0.0,
        "single_scene_edge_range_m": 10.0,
        "source_scene_ids": [
          "S2B_MSIL2A_20190211T033859_R061_T47PNL_20201007T155504",
          "S2B_MSIL2A_20190323T033719_R061_T47PNL_20201007T094740",
          "S2A_MSIL2A_20190417T033541_R061_T47PNL_20201007T030425"
        ],
        "source_dates": [
          "2019-02-11",
          "2019-03-23",
          "2019-04-17"
        ]
      },
      "geometry": {
        "type": "Point",
        "coordinates": [
          99.2325012765068,
          9.344303863164724
        ]
      }
    },
    {
      "type": "Feature",
      "properties": {
        "transect_id": "T029",
        "group": "PROJECT_37_STC",
        "year": 2020,
        "edge_position_m_from_inland": 1505.0,
        "edge_change_relative_2023_m": 20.0,
        "ndvi_threshold": 0.32,
        "threshold_spread_m": 0.0,
        "single_scene_edge_range_m": 0.0,
        "source_scene_ids": [
          "S2B_MSIL2A_20200226T033719_R061_T47PNL_20200928T132439",
          "S2A_MSIL2A_20200322T033531_R061_T47PNL_20201014T231526",
          "S2A_MSIL2A_20200411T033531_R061_T47PNL_20200923T010425"
        ],
        "source_dates": [
          "2020-02-26",
          "2020-03-22",
          "2020-04-11"
        ]
      },
      "geometry": {
        "type": "Point",
        "coordinates": [
          99.2325012765068,
          9.344303863164724
        ]
      }
    },
    {
      "type": "Feature",
      "properties": {
        "transect_id": "T029",
        "group": "PROJECT_37_STC",
        "year": 2021,
        "edge_position_m_from_inland": 1505.0,
        "edge_change_relative_2023_m": 20.0,
        "ndvi_threshold": 0.32,
        "threshold_spread_m": 0.0,
        "single_scene_edge_range_m": 0.0,
        "source_scene_ids": [
          "S2B_MSIL2A_20210220T033759_R061_T47PNL_20210220T151603",
          "S2B_MSIL2A_20210312T033539_R061_T47PNL_20210312T160153",
          "S2A_MSIL2A_20210426T033531_R061_T47PNL_20210426T132640"
        ],
        "source_dates": [
          "2021-02-20",
          "2021-03-12",
          "2021-04-26"
        ]
      },
      "geometry": {
        "type": "Point",
        "coordinates": [
          99.2325012765068,
          9.344303863164724
        ]
      }
    },
    {
      "type": "Feature",
      "properties": {
        "transect_id": "T029",
        "group": "PROJECT_37_STC",
        "year": 2022,
        "edge_position_m_from_inland": 1485.0,
        "edge_change_relative_2023_m": 0.0,
        "ndvi_threshold": 0.32,
        "threshold_spread_m": 0.0,
        "single_scene_edge_range_m": 30.0,
        "source_scene_ids": [
          "S2B_MSIL2A_20220205T033929_R061_T47PNL_20220218T223728",
          "S2A_MSIL2A_20220312T033541_R061_T47PNL_20220312T201539",
          "S2A_MSIL2A_20220421T033541_R061_T47PNL_20220421T215159"
        ],
        "source_dates": [
          "2022-02-05",
          "2022-03-12",
          "2022-04-21"
        ]
      },
      "geometry": {
        "type": "Point",
        "coordinates": [
          99.2324111475971,
          9.34446105887523
        ]
      }
    },
    {
      "type": "Feature",
      "properties": {
        "transect_id": "T029",
        "group": "PROJECT_37_STC",
        "year": 2023,
        "edge_position_m_from_inland": 1485.0,
        "edge_change_relative_2023_m": 0.0,
        "ndvi_threshold": 0.32,
        "threshold_spread_m": 10.0,
        "single_scene_edge_range_m": 20.0,
        "source_scene_ids": [
          "S2B_MSIL2A_20230210T033859_R061_T47PNL_20230211T035717",
          "S2B_MSIL2A_20230312T033539_R061_T47PNL_20230312T103608",
          "S2A_MSIL2A_20230406T033541_R061_T47PNL_20230406T112615"
        ],
        "source_dates": [
          "2023-02-10",
          "2023-03-12",
          "2023-04-06"
        ]
      },
      "geometry": {
        "type": "Point",
        "coordinates": [
          99.2324111475971,
          9.34446105887523
        ]
      }
    },
    {
      "type": "Feature",
      "properties": {
        "transect_id": "T029",
        "group": "PROJECT_37_STC",
        "year": 2024,
        "edge_position_m_from_inland": 1485.0,
        "edge_change_relative_2023_m": 0.0,
        "ndvi_threshold": 0.32,
        "threshold_spread_m": 10.0,
        "single_scene_edge_range_m": 10.0,
        "source_scene_ids": [
          "S2B_MSIL2A_20240225T033729_R061_T47PNL_20240225T081626",
          "S2A_MSIL2A_20240321T033541_R061_T47PNL_20240321T091105",
          "S2A_MSIL2A_20240420T033541_R061_T47PNL_20240420T101326"
        ],
        "source_dates": [
          "2024-02-25",
          "2024-03-21",
          "2024-04-20"
        ]
      },
      "geometry": {
        "type": "Point",
        "coordinates": [
          99.2324111475971,
          9.34446105887523
        ]
      }
    },
    {
      "type": "Feature",
      "properties": {
        "transect_id": "T029",
        "group": "PROJECT_37_STC",
        "year": 2025,
        "edge_position_m_from_inland": 1485.0,
        "edge_change_relative_2023_m": 0.0,
        "ndvi_threshold": 0.32,
        "threshold_spread_m": 10.0,
        "single_scene_edge_range_m": 0.0,
        "source_scene_ids": [
          "S2C_MSIL2A_20250214T033901_R061_T47PNL_20250214T090512",
          "S2C_MSIL2A_20250316T033601_R061_T47PNL_20250316T090315",
          "S2A_MSIL2A_20250407T034201_R061_T47PNL_20250407T083514"
        ],
        "source_dates": [
          "2025-02-14",
          "2025-03-16",
          "2025-04-07"
        ]
      },
      "geometry": {
        "type": "Point",
        "coordinates": [
          99.2324111475971,
          9.34446105887523
        ]
      }
    },
    {
      "type": "Feature",
      "properties": {
        "transect_id": "T029",
        "group": "PROJECT_37_STC",
        "year": 2026,
        "edge_position_m_from_inland": 1485.0,
        "edge_change_relative_2023_m": 0.0,
        "ndvi_threshold": 0.32,
        "threshold_spread_m": 0.0,
        "single_scene_edge_range_m": 10.0,
        "source_scene_ids": [
          "S2C_MSIL2A_20260301T033701_R061_T47PNL_20260301T091613",
          "S2B_MSIL2A_20260405T033539_R061_T47PNL_20260405T072236",
          "S2C_MSIL2A_20260430T033541_R061_T47PNL_20260430T081812"
        ],
        "source_dates": [
          "2026-03-01",
          "2026-04-05",
          "2026-04-30"
        ]
      },
      "geometry": {
        "type": "Point",
        "coordinates": [
          99.2324111475971,
          9.34446105887523
        ]
      }
    },
    {
      "type": "Feature",
      "properties": {
        "transect_id": "T030",
        "group": "PROJECT_37_STC",
        "year": 2017,
        "edge_position_m_from_inland": 1385.0,
        "edge_change_relative_2023_m": -90.0,
        "ndvi_threshold": 0.32,
        "threshold_spread_m": 0.0,
        "single_scene_edge_range_m": 100.0,
        "source_scene_ids": [
          "S2A_MSIL2A_20170226T033711_R061_T47PNL_20210208T171543",
          "S2A_MSIL2A_20170318T033531_R061_T47PNL_20210208T232716",
          "S2A_MSIL2A_20170427T033541_R061_T47PNL_20210209T105916"
        ],
        "source_dates": [
          "2017-02-26",
          "2017-03-18",
          "2017-04-27"
        ]
      },
      "geometry": {
        "type": "Point",
        "coordinates": [
          99.23275186122342,
          9.345694620084714
        ]
      }
    },
    {
      "type": "Feature",
      "properties": {
        "transect_id": "T030",
        "group": "PROJECT_37_STC",
        "year": 2018,
        "edge_position_m_from_inland": 1485.0,
        "edge_change_relative_2023_m": 10.0,
        "ndvi_threshold": 0.32,
        "threshold_spread_m": 0.0,
        "single_scene_edge_range_m": 20.0,
        "source_scene_ids": [
          "S2A_MSIL2A_20180201T033951_R061_T47PNL_20201013T174450",
          "S2B_MSIL2A_20180226T033709_R061_T47PNL_20201104T151958",
          "S2B_MSIL2A_20180328T033739_R061_T47PNL_20201013T153849"
        ],
        "source_dates": [
          "2018-02-01",
          "2018-02-26",
          "2018-03-28"
        ]
      },
      "geometry": {
        "type": "Point",
        "coordinates": [
          99.23320250452308,
          9.344908640577358
        ]
      }
    },
    {
      "type": "Feature",
      "properties": {
        "transect_id": "T030",
        "group": "PROJECT_37_STC",
        "year": 2019,
        "edge_position_m_from_inland": 1485.0,
        "edge_change_relative_2023_m": 10.0,
        "ndvi_threshold": 0.32,
        "threshold_spread_m": 20.0,
        "single_scene_edge_range_m": 20.0,
        "source_scene_ids": [
          "S2B_MSIL2A_20190211T033859_R061_T47PNL_20201007T155504",
          "S2B_MSIL2A_20190323T033719_R061_T47PNL_20201007T094740",
          "S2A_MSIL2A_20190417T033541_R061_T47PNL_20201007T030425"
        ],
        "source_dates": [
          "2019-02-11",
          "2019-03-23",
          "2019-04-17"
        ]
      },
      "geometry": {
        "type": "Point",
        "coordinates": [
          99.23320250452308,
          9.344908640577358
        ]
      }
    },
    {
      "type": "Feature",
      "properties": {
        "transect_id": "T030",
        "group": "PROJECT_37_STC",
        "year": 2020,
        "edge_position_m_from_inland": 1485.0,
        "edge_change_relative_2023_m": 10.0,
        "ndvi_threshold": 0.32,
        "threshold_spread_m": 0.0,
        "single_scene_edge_range_m": 0.0,
        "source_scene_ids": [
          "S2B_MSIL2A_20200226T033719_R061_T47PNL_20200928T132439",
          "S2A_MSIL2A_20200322T033531_R061_T47PNL_20201014T231526",
          "S2A_MSIL2A_20200411T033531_R061_T47PNL_20200923T010425"
        ],
        "source_dates": [
          "2020-02-26",
          "2020-03-22",
          "2020-04-11"
        ]
      },
      "geometry": {
        "type": "Point",
        "coordinates": [
          99.23320250452308,
          9.344908640577358
        ]
      }
    },
    {
      "type": "Feature",
      "properties": {
        "transect_id": "T030",
        "group": "PROJECT_37_STC",
        "year": 2021,
        "edge_position_m_from_inland": 1485.0,
        "edge_change_relative_2023_m": 10.0,
        "ndvi_threshold": 0.32,
        "threshold_spread_m": 0.0,
        "single_scene_edge_range_m": 0.0,
        "source_scene_ids": [
          "S2B_MSIL2A_20210220T033759_R061_T47PNL_20210220T151603",
          "S2B_MSIL2A_20210312T033539_R061_T47PNL_20210312T160153",
          "S2A_MSIL2A_20210426T033531_R061_T47PNL_20210426T132640"
        ],
        "source_dates": [
          "2021-02-20",
          "2021-03-12",
          "2021-04-26"
        ]
      },
      "geometry": {
        "type": "Point",
        "coordinates": [
          99.23320250452308,
          9.344908640577358
        ]
      }
    },
    {
      "type": "Feature",
      "properties": {
        "transect_id": "T030",
        "group": "PROJECT_37_STC",
        "year": 2022,
        "edge_position_m_from_inland": 1485.0,
        "edge_change_relative_2023_m": 10.0,
        "ndvi_threshold": 0.32,
        "threshold_spread_m": 10.0,
        "single_scene_edge_range_m": 10.0,
        "source_scene_ids": [
          "S2B_MSIL2A_20220205T033929_R061_T47PNL_20220218T223728",
          "S2A_MSIL2A_20220312T033541_R061_T47PNL_20220312T201539",
          "S2A_MSIL2A_20220421T033541_R061_T47PNL_20220421T215159"
        ],
        "source_dates": [
          "2022-02-05",
          "2022-03-12",
          "2022-04-21"
        ]
      },
      "geometry": {
        "type": "Point",
        "coordinates": [
          99.23320250452308,
          9.344908640577358
        ]
      }
    },
    {
      "type": "Feature",
      "properties": {
        "transect_id": "T030",
        "group": "PROJECT_37_STC",
        "year": 2023,
        "edge_position_m_from_inland": 1475.0,
        "edge_change_relative_2023_m": 0.0,
        "ndvi_threshold": 0.32,
        "threshold_spread_m": 10.0,
        "single_scene_edge_range_m": 20.0,
        "source_scene_ids": [
          "S2B_MSIL2A_20230210T033859_R061_T47PNL_20230211T035717",
          "S2B_MSIL2A_20230312T033539_R061_T47PNL_20230312T103608",
          "S2A_MSIL2A_20230406T033541_R061_T47PNL_20230406T112615"
        ],
        "source_dates": [
          "2023-02-10",
          "2023-03-12",
          "2023-04-06"
        ]
      },
      "geometry": {
        "type": "Point",
        "coordinates": [
          99.23315744019311,
          9.344987238528095
        ]
      }
    },
    {
      "type": "Feature",
      "properties": {
        "transect_id": "T030",
        "group": "PROJECT_37_STC",
        "year": 2024,
        "edge_position_m_from_inland": 1475.0,
        "edge_change_relative_2023_m": 0.0,
        "ndvi_threshold": 0.32,
        "threshold_spread_m": 20.0,
        "single_scene_edge_range_m": 20.0,
        "source_scene_ids": [
          "S2B_MSIL2A_20240225T033729_R061_T47PNL_20240225T081626",
          "S2A_MSIL2A_20240321T033541_R061_T47PNL_20240321T091105",
          "S2A_MSIL2A_20240420T033541_R061_T47PNL_20240420T101326"
        ],
        "source_dates": [
          "2024-02-25",
          "2024-03-21",
          "2024-04-20"
        ]
      },
      "geometry": {
        "type": "Point",
        "coordinates": [
          99.23315744019311,
          9.344987238528095
        ]
      }
    },
    {
      "type": "Feature",
      "properties": {
        "transect_id": "T030",
        "group": "PROJECT_37_STC",
        "year": 2025,
        "edge_position_m_from_inland": 1485.0,
        "edge_change_relative_2023_m": 10.0,
        "ndvi_threshold": 0.32,
        "threshold_spread_m": 10.0,
        "single_scene_edge_range_m": 0.0,
        "source_scene_ids": [
          "S2C_MSIL2A_20250214T033901_R061_T47PNL_20250214T090512",
          "S2C_MSIL2A_20250316T033601_R061_T47PNL_20250316T090315",
          "S2A_MSIL2A_20250407T034201_R061_T47PNL_20250407T083514"
        ],
        "source_dates": [
          "2025-02-14",
          "2025-03-16",
          "2025-04-07"
        ]
      },
      "geometry": {
        "type": "Point",
        "coordinates": [
          99.23320250452308,
          9.344908640577358
        ]
      }
    },
    {
      "type": "Feature",
      "properties": {
        "transect_id": "T030",
        "group": "PROJECT_37_STC",
        "year": 2026,
        "edge_position_m_from_inland": 1475.0,
        "edge_change_relative_2023_m": 0.0,
        "ndvi_threshold": 0.32,
        "threshold_spread_m": 10.0,
        "single_scene_edge_range_m": 0.0,
        "source_scene_ids": [
          "S2C_MSIL2A_20260301T033701_R061_T47PNL_20260301T091613",
          "S2B_MSIL2A_20260405T033539_R061_T47PNL_20260405T072236",
          "S2C_MSIL2A_20260430T033541_R061_T47PNL_20260430T081812"
        ],
        "source_dates": [
          "2026-03-01",
          "2026-04-05",
          "2026-04-30"
        ]
      },
      "geometry": {
        "type": "Point",
        "coordinates": [
          99.23315744019311,
          9.344987238528095
        ]
      }
    },
    {
      "type": "Feature",
      "properties": {
        "transect_id": "T031",
        "group": "PROJECT_37_STC",
        "year": 2017,
        "edge_position_m_from_inland": 1345.0,
        "edge_change_relative_2023_m": -140.0,
        "ndvi_threshold": 0.32,
        "threshold_spread_m": 0.0,
        "single_scene_edge_range_m": 150.0,
        "source_scene_ids": [
          "S2A_MSIL2A_20170226T033711_R061_T47PNL_20210208T171543",
          "S2A_MSIL2A_20170318T033531_R061_T47PNL_20210208T232716",
          "S2A_MSIL2A_20170427T033541_R061_T47PNL_20210209T105916"
        ],
        "source_dates": [
          "2017-02-26",
          "2017-03-18",
          "2017-04-27"
        ]
      },
      "geometry": {
        "type": "Point",
        "coordinates": [
          99.23331076205876,
          9.346425567540958
        ]
      }
    },
    {
      "type": "Feature",
      "properties": {
        "transect_id": "T031",
        "group": "PROJECT_37_STC",
        "year": 2018,
        "edge_position_m_from_inland": 1495.0,
        "edge_change_relative_2023_m": 10.0,
        "ndvi_threshold": 0.32,
        "threshold_spread_m": 0.0,
        "single_scene_edge_range_m": 0.0,
        "source_scene_ids": [
          "S2A_MSIL2A_20180201T033951_R061_T47PNL_20201013T174450",
          "S2B_MSIL2A_20180226T033709_R061_T47PNL_20201104T151958",
          "S2B_MSIL2A_20180328T033739_R061_T47PNL_20201013T153849"
        ],
        "source_dates": [
          "2018-02-01",
          "2018-02-26",
          "2018-03-28"
        ]
      },
      "geometry": {
        "type": "Point",
        "coordinates": [
          99.23403723279267,
          9.345276612382442
        ]
      }
    },
    {
      "type": "Feature",
      "properties": {
        "transect_id": "T031",
        "group": "PROJECT_37_STC",
        "year": 2019,
        "edge_position_m_from_inland": 1495.0,
        "edge_change_relative_2023_m": 10.0,
        "ndvi_threshold": 0.32,
        "threshold_spread_m": 0.0,
        "single_scene_edge_range_m": 0.0,
        "source_scene_ids": [
          "S2B_MSIL2A_20190211T033859_R061_T47PNL_20201007T155504",
          "S2B_MSIL2A_20190323T033719_R061_T47PNL_20201007T094740",
          "S2A_MSIL2A_20190417T033541_R061_T47PNL_20201007T030425"
        ],
        "source_dates": [
          "2019-02-11",
          "2019-03-23",
          "2019-04-17"
        ]
      },
      "geometry": {
        "type": "Point",
        "coordinates": [
          99.23403723279267,
          9.345276612382442
        ]
      }
    },
    {
      "type": "Feature",
      "properties": {
        "transect_id": "T031",
        "group": "PROJECT_37_STC",
        "year": 2020,
        "edge_position_m_from_inland": 1495.0,
        "edge_change_relative_2023_m": 10.0,
        "ndvi_threshold": 0.32,
        "threshold_spread_m": 0.0,
        "single_scene_edge_range_m": 0.0,
        "source_scene_ids": [
          "S2B_MSIL2A_20200226T033719_R061_T47PNL_20200928T132439",
          "S2A_MSIL2A_20200322T033531_R061_T47PNL_20201014T231526",
          "S2A_MSIL2A_20200411T033531_R061_T47PNL_20200923T010425"
        ],
        "source_dates": [
          "2020-02-26",
          "2020-03-22",
          "2020-04-11"
        ]
      },
      "geometry": {
        "type": "Point",
        "coordinates": [
          99.23403723279267,
          9.345276612382442
        ]
      }
    },
    {
      "type": "Feature",
      "properties": {
        "transect_id": "T031",
        "group": "PROJECT_37_STC",
        "year": 2021,
        "edge_position_m_from_inland": 1495.0,
        "edge_change_relative_2023_m": 10.0,
        "ndvi_threshold": 0.32,
        "threshold_spread_m": 0.0,
        "single_scene_edge_range_m": 0.0,
        "source_scene_ids": [
          "S2B_MSIL2A_20210220T033759_R061_T47PNL_20210220T151603",
          "S2B_MSIL2A_20210312T033539_R061_T47PNL_20210312T160153",
          "S2A_MSIL2A_20210426T033531_R061_T47PNL_20210426T132640"
        ],
        "source_dates": [
          "2021-02-20",
          "2021-03-12",
          "2021-04-26"
        ]
      },
      "geometry": {
        "type": "Point",
        "coordinates": [
          99.23403723279267,
          9.345276612382442
        ]
      }
    },
    {
      "type": "Feature",
      "properties": {
        "transect_id": "T031",
        "group": "PROJECT_37_STC",
        "year": 2022,
        "edge_position_m_from_inland": 1485.0,
        "edge_change_relative_2023_m": 0.0,
        "ndvi_threshold": 0.32,
        "threshold_spread_m": 0.0,
        "single_scene_edge_range_m": 10.0,
        "source_scene_ids": [
          "S2B_MSIL2A_20220205T033929_R061_T47PNL_20220218T223728",
          "S2A_MSIL2A_20220312T033541_R061_T47PNL_20220312T201539",
          "S2A_MSIL2A_20220421T033541_R061_T47PNL_20220421T215159"
        ],
        "source_dates": [
          "2022-02-05",
          "2022-03-12",
          "2022-04-21"
        ]
      },
      "geometry": {
        "type": "Point",
        "coordinates": [
          99.23398880141042,
          9.345353209393009
        ]
      }
    },
    {
      "type": "Feature",
      "properties": {
        "transect_id": "T031",
        "group": "PROJECT_37_STC",
        "year": 2023,
        "edge_position_m_from_inland": 1485.0,
        "edge_change_relative_2023_m": 0.0,
        "ndvi_threshold": 0.32,
        "threshold_spread_m": 0.0,
        "single_scene_edge_range_m": 10.0,
        "source_scene_ids": [
          "S2B_MSIL2A_20230210T033859_R061_T47PNL_20230211T035717",
          "S2B_MSIL2A_20230312T033539_R061_T47PNL_20230312T103608",
          "S2A_MSIL2A_20230406T033541_R061_T47PNL_20230406T112615"
        ],
        "source_dates": [
          "2023-02-10",
          "2023-03-12",
          "2023-04-06"
        ]
      },
      "geometry": {
        "type": "Point",
        "coordinates": [
          99.23398880141042,
          9.345353209393009
        ]
      }
    },
    {
      "type": "Feature",
      "properties": {
        "transect_id": "T031",
        "group": "PROJECT_37_STC",
        "year": 2024,
        "edge_position_m_from_inland": 1485.0,
        "edge_change_relative_2023_m": 0.0,
        "ndvi_threshold": 0.32,
        "threshold_spread_m": 0.0,
        "single_scene_edge_range_m": 10.0,
        "source_scene_ids": [
          "S2B_MSIL2A_20240225T033729_R061_T47PNL_20240225T081626",
          "S2A_MSIL2A_20240321T033541_R061_T47PNL_20240321T091105",
          "S2A_MSIL2A_20240420T033541_R061_T47PNL_20240420T101326"
        ],
        "source_dates": [
          "2024-02-25",
          "2024-03-21",
          "2024-04-20"
        ]
      },
      "geometry": {
        "type": "Point",
        "coordinates": [
          99.23398880141042,
          9.345353209393009
        ]
      }
    },
    {
      "type": "Feature",
      "properties": {
        "transect_id": "T031",
        "group": "PROJECT_37_STC",
        "year": 2025,
        "edge_position_m_from_inland": 1495.0,
        "edge_change_relative_2023_m": 10.0,
        "ndvi_threshold": 0.32,
        "threshold_spread_m": 10.0,
        "single_scene_edge_range_m": 10.0,
        "source_scene_ids": [
          "S2C_MSIL2A_20250214T033901_R061_T47PNL_20250214T090512",
          "S2C_MSIL2A_20250316T033601_R061_T47PNL_20250316T090315",
          "S2A_MSIL2A_20250407T034201_R061_T47PNL_20250407T083514"
        ],
        "source_dates": [
          "2025-02-14",
          "2025-03-16",
          "2025-04-07"
        ]
      },
      "geometry": {
        "type": "Point",
        "coordinates": [
          99.23403723279267,
          9.345276612382442
        ]
      }
    },
    {
      "type": "Feature",
      "properties": {
        "transect_id": "T031",
        "group": "PROJECT_37_STC",
        "year": 2026,
        "edge_position_m_from_inland": 1485.0,
        "edge_change_relative_2023_m": 0.0,
        "ndvi_threshold": 0.32,
        "threshold_spread_m": 0.0,
        "single_scene_edge_range_m": 10.0,
        "source_scene_ids": [
          "S2C_MSIL2A_20260301T033701_R061_T47PNL_20260301T091613",
          "S2B_MSIL2A_20260405T033539_R061_T47PNL_20260405T072236",
          "S2C_MSIL2A_20260430T033541_R061_T47PNL_20260430T081812"
        ],
        "source_dates": [
          "2026-03-01",
          "2026-04-05",
          "2026-04-30"
        ]
      },
      "geometry": {
        "type": "Point",
        "coordinates": [
          99.23398880141042,
          9.345353209393009
        ]
      }
    },
    {
      "type": "Feature",
      "properties": {
        "transect_id": "T032",
        "group": "PROJECT_37_STC",
        "year": 2017,
        "edge_position_m_from_inland": 1225.0,
        "edge_change_relative_2023_m": -250.0,
        "ndvi_threshold": 0.32,
        "threshold_spread_m": 0.0,
        "single_scene_edge_range_m": 260.0,
        "source_scene_ids": [
          "S2A_MSIL2A_20170226T033711_R061_T47PNL_20210208T171543",
          "S2A_MSIL2A_20170318T033531_R061_T47PNL_20210208T232716",
          "S2A_MSIL2A_20170427T033541_R061_T47PNL_20210209T105916"
        ],
        "source_dates": [
          "2017-02-26",
          "2017-03-18",
          "2017-04-27"
        ]
      },
      "geometry": {
        "type": "Point",
        "coordinates": [
          99.23292454649402,
          9.347573688926335
        ]
      }
    },
    {
      "type": "Feature",
      "properties": {
        "transect_id": "T032",
        "group": "PROJECT_37_STC",
        "year": 2018,
        "edge_position_m_from_inland": 1495.0,
        "edge_change_relative_2023_m": 20.0,
        "ndvi_threshold": 0.32,
        "threshold_spread_m": 0.0,
        "single_scene_edge_range_m": 0.0,
        "source_scene_ids": [
          "S2A_MSIL2A_20180201T033951_R061_T47PNL_20201013T174450",
          "S2B_MSIL2A_20180226T033709_R061_T47PNL_20201104T151958",
          "S2B_MSIL2A_20180328T033739_R061_T47PNL_20201013T153849"
        ],
        "source_dates": [
          "2018-02-01",
          "2018-02-26",
          "2018-03-28"
        ]
      },
      "geometry": {
        "type": "Point",
        "coordinates": [
          99.23469413850214,
          9.345878143956218
        ]
      }
    },
    {
      "type": "Feature",
      "properties": {
        "transect_id": "T032",
        "group": "PROJECT_37_STC",
        "year": 2019,
        "edge_position_m_from_inland": 1495.0,
        "edge_change_relative_2023_m": 20.0,
        "ndvi_threshold": 0.32,
        "threshold_spread_m": 0.0,
        "single_scene_edge_range_m": 0.0,
        "source_scene_ids": [
          "S2B_MSIL2A_20190211T033859_R061_T47PNL_20201007T155504",
          "S2B_MSIL2A_20190323T033719_R061_T47PNL_20201007T094740",
          "S2A_MSIL2A_20190417T033541_R061_T47PNL_20201007T030425"
        ],
        "source_dates": [
          "2019-02-11",
          "2019-03-23",
          "2019-04-17"
        ]
      },
      "geometry": {
        "type": "Point",
        "coordinates": [
          99.23469413850214,
          9.345878143956218
        ]
      }
    },
    {
      "type": "Feature",
      "properties": {
        "transect_id": "T032",
        "group": "PROJECT_37_STC",
        "year": 2020,
        "edge_position_m_from_inland": 1495.0,
        "edge_change_relative_2023_m": 20.0,
        "ndvi_threshold": 0.32,
        "threshold_spread_m": 0.0,
        "single_scene_edge_range_m": 0.0,
        "source_scene_ids": [
          "S2B_MSIL2A_20200226T033719_R061_T47PNL_20200928T132439",
          "S2A_MSIL2A_20200322T033531_R061_T47PNL_20201014T231526",
          "S2A_MSIL2A_20200411T033531_R061_T47PNL_20200923T010425"
        ],
        "source_dates": [
          "2020-02-26",
          "2020-03-22",
          "2020-04-11"
        ]
      },
      "geometry": {
        "type": "Point",
        "coordinates": [
          99.23469413850214,
          9.345878143956218
        ]
      }
    },
    {
      "type": "Feature",
      "properties": {
        "transect_id": "T032",
        "group": "PROJECT_37_STC",
        "year": 2021,
        "edge_position_m_from_inland": 1495.0,
        "edge_change_relative_2023_m": 20.0,
        "ndvi_threshold": 0.32,
        "threshold_spread_m": 0.0,
        "single_scene_edge_range_m": 0.0,
        "source_scene_ids": [
          "S2B_MSIL2A_20210220T033759_R061_T47PNL_20210220T151603",
          "S2B_MSIL2A_20210312T033539_R061_T47PNL_20210312T160153",
          "S2A_MSIL2A_20210426T033531_R061_T47PNL_20210426T132640"
        ],
        "source_dates": [
          "2021-02-20",
          "2021-03-12",
          "2021-04-26"
        ]
      },
      "geometry": {
        "type": "Point",
        "coordinates": [
          99.23469413850214,
          9.345878143956218
        ]
      }
    },
    {
      "type": "Feature",
      "properties": {
        "transect_id": "T032",
        "group": "PROJECT_37_STC",
        "year": 2022,
        "edge_position_m_from_inland": 1465.0,
        "edge_change_relative_2023_m": -10.0,
        "ndvi_threshold": 0.32,
        "threshold_spread_m": 20.0,
        "single_scene_edge_range_m": 40.0,
        "source_scene_ids": [
          "S2B_MSIL2A_20220205T033929_R061_T47PNL_20220218T223728",
          "S2A_MSIL2A_20220312T033541_R061_T47PNL_20220312T201539",
          "S2A_MSIL2A_20220421T033541_R061_T47PNL_20220421T215159"
        ],
        "source_dates": [
          "2022-02-05",
          "2022-03-12",
          "2022-04-21"
        ]
      },
      "geometry": {
        "type": "Point",
        "coordinates": [
          99.23449751716791,
          9.346066537841788
        ]
      }
    },
    {
      "type": "Feature",
      "properties": {
        "transect_id": "T032",
        "group": "PROJECT_37_STC",
        "year": 2023,
        "edge_position_m_from_inland": 1475.0,
        "edge_change_relative_2023_m": 0.0,
        "ndvi_threshold": 0.32,
        "threshold_spread_m": 20.0,
        "single_scene_edge_range_m": 30.0,
        "source_scene_ids": [
          "S2B_MSIL2A_20230210T033859_R061_T47PNL_20230211T035717",
          "S2B_MSIL2A_20230312T033539_R061_T47PNL_20230312T103608",
          "S2A_MSIL2A_20230406T033541_R061_T47PNL_20230406T112615"
        ],
        "source_dates": [
          "2023-02-10",
          "2023-03-12",
          "2023-04-06"
        ]
      },
      "geometry": {
        "type": "Point",
        "coordinates": [
          99.23456305761265,
          9.346003739879931
        ]
      }
    },
    {
      "type": "Feature",
      "properties": {
        "transect_id": "T032",
        "group": "PROJECT_37_STC",
        "year": 2024,
        "edge_position_m_from_inland": 1475.0,
        "edge_change_relative_2023_m": 0.0,
        "ndvi_threshold": 0.32,
        "threshold_spread_m": 0.0,
        "single_scene_edge_range_m": 20.0,
        "source_scene_ids": [
          "S2B_MSIL2A_20240225T033729_R061_T47PNL_20240225T081626",
          "S2A_MSIL2A_20240321T033541_R061_T47PNL_20240321T091105",
          "S2A_MSIL2A_20240420T033541_R061_T47PNL_20240420T101326"
        ],
        "source_dates": [
          "2024-02-25",
          "2024-03-21",
          "2024-04-20"
        ]
      },
      "geometry": {
        "type": "Point",
        "coordinates": [
          99.23456305761265,
          9.346003739879931
        ]
      }
    },
    {
      "type": "Feature",
      "properties": {
        "transect_id": "T032",
        "group": "PROJECT_37_STC",
        "year": 2025,
        "edge_position_m_from_inland": 1475.0,
        "edge_change_relative_2023_m": 0.0,
        "ndvi_threshold": 0.32,
        "threshold_spread_m": 10.0,
        "single_scene_edge_range_m": 0.0,
        "source_scene_ids": [
          "S2C_MSIL2A_20250214T033901_R061_T47PNL_20250214T090512",
          "S2C_MSIL2A_20250316T033601_R061_T47PNL_20250316T090315",
          "S2A_MSIL2A_20250407T034201_R061_T47PNL_20250407T083514"
        ],
        "source_dates": [
          "2025-02-14",
          "2025-03-16",
          "2025-04-07"
        ]
      },
      "geometry": {
        "type": "Point",
        "coordinates": [
          99.23456305761265,
          9.346003739879931
        ]
      }
    },
    {
      "type": "Feature",
      "properties": {
        "transect_id": "T032",
        "group": "PROJECT_37_STC",
        "year": 2026,
        "edge_position_m_from_inland": 1475.0,
        "edge_change_relative_2023_m": 0.0,
        "ndvi_threshold": 0.32,
        "threshold_spread_m": 0.0,
        "single_scene_edge_range_m": 0.0,
        "source_scene_ids": [
          "S2C_MSIL2A_20260301T033701_R061_T47PNL_20260301T091613",
          "S2B_MSIL2A_20260405T033539_R061_T47PNL_20260405T072236",
          "S2C_MSIL2A_20260430T033541_R061_T47PNL_20260430T081812"
        ],
        "source_dates": [
          "2026-03-01",
          "2026-04-05",
          "2026-04-30"
        ]
      },
      "geometry": {
        "type": "Point",
        "coordinates": [
          99.23456305761265,
          9.346003739879931
        ]
      }
    },
    {
      "type": "Feature",
      "properties": {
        "transect_id": "T033",
        "group": "PROJECT_37_STC",
        "year": 2018,
        "edge_position_m_from_inland": 1575.0,
        "edge_change_relative_2023_m": 20.0,
        "ndvi_threshold": 0.32,
        "threshold_spread_m": 0.0,
        "single_scene_edge_range_m": 10.0,
        "source_scene_ids": [
          "S2A_MSIL2A_20180201T033951_R061_T47PNL_20201013T174450",
          "S2B_MSIL2A_20180226T033709_R061_T47PNL_20201104T151958",
          "S2B_MSIL2A_20180328T033739_R061_T47PNL_20201013T153849"
        ],
        "source_dates": [
          "2018-02-01",
          "2018-02-26",
          "2018-03-28"
        ]
      },
      "geometry": {
        "type": "Point",
        "coordinates": [
          99.23585074188185,
          9.346026706991859
        ]
      }
    },
    {
      "type": "Feature",
      "properties": {
        "transect_id": "T033",
        "group": "PROJECT_37_STC",
        "year": 2019,
        "edge_position_m_from_inland": 1575.0,
        "edge_change_relative_2023_m": 20.0,
        "ndvi_threshold": 0.32,
        "threshold_spread_m": 0.0,
        "single_scene_edge_range_m": 20.0,
        "source_scene_ids": [
          "S2B_MSIL2A_20190211T033859_R061_T47PNL_20201007T155504",
          "S2B_MSIL2A_20190323T033719_R061_T47PNL_20201007T094740",
          "S2A_MSIL2A_20190417T033541_R061_T47PNL_20201007T030425"
        ],
        "source_dates": [
          "2019-02-11",
          "2019-03-23",
          "2019-04-17"
        ]
      },
      "geometry": {
        "type": "Point",
        "coordinates": [
          99.23585074188185,
          9.346026706991859
        ]
      }
    },
    {
      "type": "Feature",
      "properties": {
        "transect_id": "T033",
        "group": "PROJECT_37_STC",
        "year": 2020,
        "edge_position_m_from_inland": 1575.0,
        "edge_change_relative_2023_m": 20.0,
        "ndvi_threshold": 0.32,
        "threshold_spread_m": 0.0,
        "single_scene_edge_range_m": 0.0,
        "source_scene_ids": [
          "S2B_MSIL2A_20200226T033719_R061_T47PNL_20200928T132439",
          "S2A_MSIL2A_20200322T033531_R061_T47PNL_20201014T231526",
          "S2A_MSIL2A_20200411T033531_R061_T47PNL_20200923T010425"
        ],
        "source_dates": [
          "2020-02-26",
          "2020-03-22",
          "2020-04-11"
        ]
      },
      "geometry": {
        "type": "Point",
        "coordinates": [
          99.23585074188185,
          9.346026706991859
        ]
      }
    },
    {
      "type": "Feature",
      "properties": {
        "transect_id": "T033",
        "group": "PROJECT_37_STC",
        "year": 2021,
        "edge_position_m_from_inland": 1575.0,
        "edge_change_relative_2023_m": 20.0,
        "ndvi_threshold": 0.32,
        "threshold_spread_m": 0.0,
        "single_scene_edge_range_m": 20.0,
        "source_scene_ids": [
          "S2B_MSIL2A_20210220T033759_R061_T47PNL_20210220T151603",
          "S2B_MSIL2A_20210312T033539_R061_T47PNL_20210312T160153",
          "S2A_MSIL2A_20210426T033531_R061_T47PNL_20210426T132640"
        ],
        "source_dates": [
          "2021-02-20",
          "2021-03-12",
          "2021-04-26"
        ]
      },
      "geometry": {
        "type": "Point",
        "coordinates": [
          99.23585074188185,
          9.346026706991859
        ]
      }
    },
    {
      "type": "Feature",
      "properties": {
        "transect_id": "T033",
        "group": "PROJECT_37_STC",
        "year": 2022,
        "edge_position_m_from_inland": 1555.0,
        "edge_change_relative_2023_m": 0.0,
        "ndvi_threshold": 0.32,
        "threshold_spread_m": 0.0,
        "single_scene_edge_range_m": 20.0,
        "source_scene_ids": [
          "S2B_MSIL2A_20220205T033929_R061_T47PNL_20220218T223728",
          "S2A_MSIL2A_20220312T033541_R061_T47PNL_20220312T201539",
          "S2A_MSIL2A_20220421T033541_R061_T47PNL_20220421T215159"
        ],
        "source_dates": [
          "2022-02-05",
          "2022-03-12",
          "2022-04-21"
        ]
      },
      "geometry": {
        "type": "Point",
        "coordinates": [
          99.23571966098712,
          9.346152303144718
        ]
      }
    },
    {
      "type": "Feature",
      "properties": {
        "transect_id": "T033",
        "group": "PROJECT_37_STC",
        "year": 2023,
        "edge_position_m_from_inland": 1555.0,
        "edge_change_relative_2023_m": 0.0,
        "ndvi_threshold": 0.32,
        "threshold_spread_m": 140.0,
        "single_scene_edge_range_m": 20.0,
        "source_scene_ids": [
          "S2B_MSIL2A_20230210T033859_R061_T47PNL_20230211T035717",
          "S2B_MSIL2A_20230312T033539_R061_T47PNL_20230312T103608",
          "S2A_MSIL2A_20230406T033541_R061_T47PNL_20230406T112615"
        ],
        "source_dates": [
          "2023-02-10",
          "2023-03-12",
          "2023-04-06"
        ]
      },
      "geometry": {
        "type": "Point",
        "coordinates": [
          99.23571966098712,
          9.346152303144718
        ]
      }
    },
    {
      "type": "Feature",
      "properties": {
        "transect_id": "T033",
        "group": "PROJECT_37_STC",
        "year": 2024,
        "edge_position_m_from_inland": 1555.0,
        "edge_change_relative_2023_m": 0.0,
        "ndvi_threshold": 0.32,
        "threshold_spread_m": 140.0,
        "single_scene_edge_range_m": 140.0,
        "source_scene_ids": [
          "S2B_MSIL2A_20240225T033729_R061_T47PNL_20240225T081626",
          "S2A_MSIL2A_20240321T033541_R061_T47PNL_20240321T091105",
          "S2A_MSIL2A_20240420T033541_R061_T47PNL_20240420T101326"
        ],
        "source_dates": [
          "2024-02-25",
          "2024-03-21",
          "2024-04-20"
        ]
      },
      "geometry": {
        "type": "Point",
        "coordinates": [
          99.23571966098712,
          9.346152303144718
        ]
      }
    },
    {
      "type": "Feature",
      "properties": {
        "transect_id": "T033",
        "group": "PROJECT_37_STC",
        "year": 2025,
        "edge_position_m_from_inland": 1555.0,
        "edge_change_relative_2023_m": 0.0,
        "ndvi_threshold": 0.32,
        "threshold_spread_m": 0.0,
        "single_scene_edge_range_m": 0.0,
        "source_scene_ids": [
          "S2C_MSIL2A_20250214T033901_R061_T47PNL_20250214T090512",
          "S2C_MSIL2A_20250316T033601_R061_T47PNL_20250316T090315",
          "S2A_MSIL2A_20250407T034201_R061_T47PNL_20250407T083514"
        ],
        "source_dates": [
          "2025-02-14",
          "2025-03-16",
          "2025-04-07"
        ]
      },
      "geometry": {
        "type": "Point",
        "coordinates": [
          99.23571966098712,
          9.346152303144718
        ]
      }
    },
    {
      "type": "Feature",
      "properties": {
        "transect_id": "T033",
        "group": "PROJECT_37_STC",
        "year": 2026,
        "edge_position_m_from_inland": 1555.0,
        "edge_change_relative_2023_m": 0.0,
        "ndvi_threshold": 0.32,
        "threshold_spread_m": 0.0,
        "single_scene_edge_range_m": 0.0,
        "source_scene_ids": [
          "S2C_MSIL2A_20260301T033701_R061_T47PNL_20260301T091613",
          "S2B_MSIL2A_20260405T033539_R061_T47PNL_20260405T072236",
          "S2C_MSIL2A_20260430T033541_R061_T47PNL_20260430T081812"
        ],
        "source_dates": [
          "2026-03-01",
          "2026-04-05",
          "2026-04-30"
        ]
      },
      "geometry": {
        "type": "Point",
        "coordinates": [
          99.23571966098712,
          9.346152303144718
        ]
      }
    },
    {
      "type": "Feature",
      "properties": {
        "transect_id": "T034",
        "group": "PROJECT_37_STC",
        "year": 2018,
        "edge_position_m_from_inland": 1595.0,
        "edge_change_relative_2023_m": 560.0,
        "ndvi_threshold": 0.32,
        "threshold_spread_m": 0.0,
        "single_scene_edge_range_m": 540.0,
        "source_scene_ids": [
          "S2A_MSIL2A_20180201T033951_R061_T47PNL_20201013T174450",
          "S2B_MSIL2A_20180226T033709_R061_T47PNL_20201104T151958",
          "S2B_MSIL2A_20180328T033739_R061_T47PNL_20201013T153849"
        ],
        "source_dates": [
          "2018-02-01",
          "2018-02-26",
          "2018-03-28"
        ]
      },
      "geometry": {
        "type": "Point",
        "coordinates": [
          99.23635966007416,
          9.346090259143033
        ]
      }
    },
    {
      "type": "Feature",
      "properties": {
        "transect_id": "T034",
        "group": "PROJECT_37_STC",
        "year": 2019,
        "edge_position_m_from_inland": 1595.0,
        "edge_change_relative_2023_m": 560.0,
        "ndvi_threshold": 0.32,
        "threshold_spread_m": 0.0,
        "single_scene_edge_range_m": 540.0,
        "source_scene_ids": [
          "S2B_MSIL2A_20190211T033859_R061_T47PNL_20201007T155504",
          "S2B_MSIL2A_20190323T033719_R061_T47PNL_20201007T094740",
          "S2A_MSIL2A_20190417T033541_R061_T47PNL_20201007T030425"
        ],
        "source_dates": [
          "2019-02-11",
          "2019-03-23",
          "2019-04-17"
        ]
      },
      "geometry": {
        "type": "Point",
        "coordinates": [
          99.23635966007416,
          9.346090259143033
        ]
      }
    },
    {
      "type": "Feature",
      "properties": {
        "transect_id": "T034",
        "group": "PROJECT_37_STC",
        "year": 2020,
        "edge_position_m_from_inland": 1595.0,
        "edge_change_relative_2023_m": 560.0,
        "ndvi_threshold": 0.32,
        "threshold_spread_m": 530.0,
        "single_scene_edge_range_m": 0.0,
        "source_scene_ids": [
          "S2B_MSIL2A_20200226T033719_R061_T47PNL_20200928T132439",
          "S2A_MSIL2A_20200322T033531_R061_T47PNL_20201014T231526",
          "S2A_MSIL2A_20200411T033531_R061_T47PNL_20200923T010425"
        ],
        "source_dates": [
          "2020-02-26",
          "2020-03-22",
          "2020-04-11"
        ]
      },
      "geometry": {
        "type": "Point",
        "coordinates": [
          99.23635966007416,
          9.346090259143033
        ]
      }
    },
    {
      "type": "Feature",
      "properties": {
        "transect_id": "T034",
        "group": "PROJECT_37_STC",
        "year": 2021,
        "edge_position_m_from_inland": 1595.0,
        "edge_change_relative_2023_m": 560.0,
        "ndvi_threshold": 0.32,
        "threshold_spread_m": 0.0,
        "single_scene_edge_range_m": 10.0,
        "source_scene_ids": [
          "S2B_MSIL2A_20210220T033759_R061_T47PNL_20210220T151603",
          "S2B_MSIL2A_20210312T033539_R061_T47PNL_20210312T160153",
          "S2A_MSIL2A_20210426T033531_R061_T47PNL_20210426T132640"
        ],
        "source_dates": [
          "2021-02-20",
          "2021-03-12",
          "2021-04-26"
        ]
      },
      "geometry": {
        "type": "Point",
        "coordinates": [
          99.23635966007416,
          9.346090259143033
        ]
      }
    },
    {
      "type": "Feature",
      "properties": {
        "transect_id": "T034",
        "group": "PROJECT_37_STC",
        "year": 2022,
        "edge_position_m_from_inland": 1035.0,
        "edge_change_relative_2023_m": 0.0,
        "ndvi_threshold": 0.32,
        "threshold_spread_m": 10.0,
        "single_scene_edge_range_m": 0.0,
        "source_scene_ids": [
          "S2B_MSIL2A_20220205T033929_R061_T47PNL_20220218T223728",
          "S2A_MSIL2A_20220312T033541_R061_T47PNL_20220312T201539",
          "S2A_MSIL2A_20220421T033541_R061_T47PNL_20220421T215159"
        ],
        "source_dates": [
          "2022-02-05",
          "2022-03-12",
          "2022-04-21"
        ]
      },
      "geometry": {
        "type": "Point",
        "coordinates": [
          99.23500239881251,
          9.350972694406465
        ]
      }
    },
    {
      "type": "Feature",
      "properties": {
        "transect_id": "T034",
        "group": "PROJECT_37_STC",
        "year": 2023,
        "edge_position_m_from_inland": 1035.0,
        "edge_change_relative_2023_m": 0.0,
        "ndvi_threshold": 0.32,
        "threshold_spread_m": 10.0,
        "single_scene_edge_range_m": 0.0,
        "source_scene_ids": [
          "S2B_MSIL2A_20230210T033859_R061_T47PNL_20230211T035717",
          "S2B_MSIL2A_20230312T033539_R061_T47PNL_20230312T103608",
          "S2A_MSIL2A_20230406T033541_R061_T47PNL_20230406T112615"
        ],
        "source_dates": [
          "2023-02-10",
          "2023-03-12",
          "2023-04-06"
        ]
      },
      "geometry": {
        "type": "Point",
        "coordinates": [
          99.23500239881251,
          9.350972694406465
        ]
      }
    },
    {
      "type": "Feature",
      "properties": {
        "transect_id": "T034",
        "group": "PROJECT_37_STC",
        "year": 2024,
        "edge_position_m_from_inland": 1035.0,
        "edge_change_relative_2023_m": 0.0,
        "ndvi_threshold": 0.32,
        "threshold_spread_m": 10.0,
        "single_scene_edge_range_m": 0.0,
        "source_scene_ids": [
          "S2B_MSIL2A_20240225T033729_R061_T47PNL_20240225T081626",
          "S2A_MSIL2A_20240321T033541_R061_T47PNL_20240321T091105",
          "S2A_MSIL2A_20240420T033541_R061_T47PNL_20240420T101326"
        ],
        "source_dates": [
          "2024-02-25",
          "2024-03-21",
          "2024-04-20"
        ]
      },
      "geometry": {
        "type": "Point",
        "coordinates": [
          99.23500239881251,
          9.350972694406465
        ]
      }
    },
    {
      "type": "Feature",
      "properties": {
        "transect_id": "T034",
        "group": "PROJECT_37_STC",
        "year": 2025,
        "edge_position_m_from_inland": 1065.0,
        "edge_change_relative_2023_m": 30.0,
        "ndvi_threshold": 0.32,
        "threshold_spread_m": 30.0,
        "single_scene_edge_range_m": 0.0,
        "source_scene_ids": [
          "S2C_MSIL2A_20250214T033901_R061_T47PNL_20250214T090512",
          "S2C_MSIL2A_20250316T033601_R061_T47PNL_20250316T090315",
          "S2A_MSIL2A_20250407T034201_R061_T47PNL_20250407T083514"
        ],
        "source_dates": [
          "2025-02-14",
          "2025-03-16",
          "2025-04-07"
        ]
      },
      "geometry": {
        "type": "Point",
        "coordinates": [
          99.23507510923724,
          9.350711135374496
        ]
      }
    },
    {
      "type": "Feature",
      "properties": {
        "transect_id": "T034",
        "group": "PROJECT_37_STC",
        "year": 2026,
        "edge_position_m_from_inland": 1045.0,
        "edge_change_relative_2023_m": 10.0,
        "ndvi_threshold": 0.32,
        "threshold_spread_m": 30.0,
        "single_scene_edge_range_m": 20.0,
        "source_scene_ids": [
          "S2C_MSIL2A_20260301T033701_R061_T47PNL_20260301T091613",
          "S2B_MSIL2A_20260405T033539_R061_T47PNL_20260405T072236",
          "S2C_MSIL2A_20260430T033541_R061_T47PNL_20260430T081812"
        ],
        "source_dates": [
          "2026-03-01",
          "2026-04-05",
          "2026-04-30"
        ]
      },
      "geometry": {
        "type": "Point",
        "coordinates": [
          99.23502663562076,
          9.350885508062476
        ]
      }
    },
    {
      "type": "Feature",
      "properties": {
        "transect_id": "T035",
        "group": "PROJECT_37_STC",
        "year": 2018,
        "edge_position_m_from_inland": 1415.0,
        "edge_change_relative_2023_m": 20.0,
        "ndvi_threshold": 0.32,
        "threshold_spread_m": 10.0,
        "single_scene_edge_range_m": 20.0,
        "source_scene_ids": [
          "S2A_MSIL2A_20180201T033951_R061_T47PNL_20201013T174450",
          "S2B_MSIL2A_20180226T033709_R061_T47PNL_20201104T151958",
          "S2B_MSIL2A_20180328T033739_R061_T47PNL_20201013T153849"
        ],
        "source_dates": [
          "2018-02-01",
          "2018-02-26",
          "2018-03-28"
        ]
      },
      "geometry": {
        "type": "Point",
        "coordinates": [
          99.23680123463888,
          9.347900332107411
        ]
      }
    },
    {
      "type": "Feature",
      "properties": {
        "transect_id": "T035",
        "group": "PROJECT_37_STC",
        "year": 2019,
        "edge_position_m_from_inland": 1415.0,
        "edge_change_relative_2023_m": 20.0,
        "ndvi_threshold": 0.32,
        "threshold_spread_m": 10.0,
        "single_scene_edge_range_m": 10.0,
        "source_scene_ids": [
          "S2B_MSIL2A_20190211T033859_R061_T47PNL_20201007T155504",
          "S2B_MSIL2A_20190323T033719_R061_T47PNL_20201007T094740",
          "S2A_MSIL2A_20190417T033541_R061_T47PNL_20201007T030425"
        ],
        "source_dates": [
          "2019-02-11",
          "2019-03-23",
          "2019-04-17"
        ]
      },
      "geometry": {
        "type": "Point",
        "coordinates": [
          99.23680123463888,
          9.347900332107411
        ]
      }
    },
    {
      "type": "Feature",
      "properties": {
        "transect_id": "T035",
        "group": "PROJECT_37_STC",
        "year": 2020,
        "edge_position_m_from_inland": 1395.0,
        "edge_change_relative_2023_m": 0.0,
        "ndvi_threshold": 0.32,
        "threshold_spread_m": 10.0,
        "single_scene_edge_range_m": 20.0,
        "source_scene_ids": [
          "S2B_MSIL2A_20200226T033719_R061_T47PNL_20200928T132439",
          "S2A_MSIL2A_20200322T033531_R061_T47PNL_20201014T231526",
          "S2A_MSIL2A_20200411T033531_R061_T47PNL_20200923T010425"
        ],
        "source_dates": [
          "2020-02-26",
          "2020-03-22",
          "2020-04-11"
        ]
      },
      "geometry": {
        "type": "Point",
        "coordinates": [
          99.23675276143197,
          9.34807470490285
        ]
      }
    },
    {
      "type": "Feature",
      "properties": {
        "transect_id": "T035",
        "group": "PROJECT_37_STC",
        "year": 2021,
        "edge_position_m_from_inland": 1415.0,
        "edge_change_relative_2023_m": 20.0,
        "ndvi_threshold": 0.32,
        "threshold_spread_m": 0.0,
        "single_scene_edge_range_m": 20.0,
        "source_scene_ids": [
          "S2B_MSIL2A_20210220T033759_R061_T47PNL_20210220T151603",
          "S2B_MSIL2A_20210312T033539_R061_T47PNL_20210312T160153",
          "S2A_MSIL2A_20210426T033531_R061_T47PNL_20210426T132640"
        ],
        "source_dates": [
          "2021-02-20",
          "2021-03-12",
          "2021-04-26"
        ]
      },
      "geometry": {
        "type": "Point",
        "coordinates": [
          99.23680123463888,
          9.347900332107411
        ]
      }
    },
    {
      "type": "Feature",
      "properties": {
        "transect_id": "T035",
        "group": "PROJECT_37_STC",
        "year": 2022,
        "edge_position_m_from_inland": 1395.0,
        "edge_change_relative_2023_m": 0.0,
        "ndvi_threshold": 0.32,
        "threshold_spread_m": 0.0,
        "single_scene_edge_range_m": 0.0,
        "source_scene_ids": [
          "S2B_MSIL2A_20220205T033929_R061_T47PNL_20220218T223728",
          "S2A_MSIL2A_20220312T033541_R061_T47PNL_20220312T201539",
          "S2A_MSIL2A_20220421T033541_R061_T47PNL_20220421T215159"
        ],
        "source_dates": [
          "2022-02-05",
          "2022-03-12",
          "2022-04-21"
        ]
      },
      "geometry": {
        "type": "Point",
        "coordinates": [
          99.23675276143197,
          9.34807470490285
        ]
      }
    },
    {
      "type": "Feature",
      "properties": {
        "transect_id": "T035",
        "group": "PROJECT_37_STC",
        "year": 2023,
        "edge_position_m_from_inland": 1395.0,
        "edge_change_relative_2023_m": 0.0,
        "ndvi_threshold": 0.32,
        "threshold_spread_m": 0.0,
        "single_scene_edge_range_m": 0.0,
        "source_scene_ids": [
          "S2B_MSIL2A_20230210T033859_R061_T47PNL_20230211T035717",
          "S2B_MSIL2A_20230312T033539_R061_T47PNL_20230312T103608",
          "S2A_MSIL2A_20230406T033541_R061_T47PNL_20230406T112615"
        ],
        "source_dates": [
          "2023-02-10",
          "2023-03-12",
          "2023-04-06"
        ]
      },
      "geometry": {
        "type": "Point",
        "coordinates": [
          99.23675276143197,
          9.34807470490285
        ]
      }
    },
    {
      "type": "Feature",
      "properties": {
        "transect_id": "T035",
        "group": "PROJECT_37_STC",
        "year": 2024,
        "edge_position_m_from_inland": 1395.0,
        "edge_change_relative_2023_m": 0.0,
        "ndvi_threshold": 0.32,
        "threshold_spread_m": 10.0,
        "single_scene_edge_range_m": 0.0,
        "source_scene_ids": [
          "S2B_MSIL2A_20240225T033729_R061_T47PNL_20240225T081626",
          "S2A_MSIL2A_20240321T033541_R061_T47PNL_20240321T091105",
          "S2A_MSIL2A_20240420T033541_R061_T47PNL_20240420T101326"
        ],
        "source_dates": [
          "2024-02-25",
          "2024-03-21",
          "2024-04-20"
        ]
      },
      "geometry": {
        "type": "Point",
        "coordinates": [
          99.23675276143197,
          9.34807470490285
        ]
      }
    },
    {
      "type": "Feature",
      "properties": {
        "transect_id": "T035",
        "group": "PROJECT_37_STC",
        "year": 2025,
        "edge_position_m_from_inland": 1395.0,
        "edge_change_relative_2023_m": 0.0,
        "ndvi_threshold": 0.32,
        "threshold_spread_m": 0.0,
        "single_scene_edge_range_m": 0.0,
        "source_scene_ids": [
          "S2C_MSIL2A_20250214T033901_R061_T47PNL_20250214T090512",
          "S2C_MSIL2A_20250316T033601_R061_T47PNL_20250316T090315",
          "S2A_MSIL2A_20250407T034201_R061_T47PNL_20250407T083514"
        ],
        "source_dates": [
          "2025-02-14",
          "2025-03-16",
          "2025-04-07"
        ]
      },
      "geometry": {
        "type": "Point",
        "coordinates": [
          99.23675276143197,
          9.34807470490285
        ]
      }
    },
    {
      "type": "Feature",
      "properties": {
        "transect_id": "T035",
        "group": "PROJECT_37_STC",
        "year": 2026,
        "edge_position_m_from_inland": 1395.0,
        "edge_change_relative_2023_m": 0.0,
        "ndvi_threshold": 0.32,
        "threshold_spread_m": 0.0,
        "single_scene_edge_range_m": 0.0,
        "source_scene_ids": [
          "S2C_MSIL2A_20260301T033701_R061_T47PNL_20260301T091613",
          "S2B_MSIL2A_20260405T033539_R061_T47PNL_20260405T072236",
          "S2C_MSIL2A_20260430T033541_R061_T47PNL_20260430T081812"
        ],
        "source_dates": [
          "2026-03-01",
          "2026-04-05",
          "2026-04-30"
        ]
      },
      "geometry": {
        "type": "Point",
        "coordinates": [
          99.23675276143197,
          9.34807470490285
        ]
      }
    },
    {
      "type": "Feature",
      "properties": {
        "transect_id": "T036",
        "group": "PROJECT_37_STC",
        "year": 2018,
        "edge_position_m_from_inland": 1495.0,
        "edge_change_relative_2023_m": 10.0,
        "ndvi_threshold": 0.32,
        "threshold_spread_m": 0.0,
        "single_scene_edge_range_m": 10.0,
        "source_scene_ids": [
          "S2A_MSIL2A_20180201T033951_R061_T47PNL_20201013T174450",
          "S2B_MSIL2A_20180226T033709_R061_T47PNL_20201104T151958",
          "S2B_MSIL2A_20180328T033739_R061_T47PNL_20201013T153849"
        ],
        "source_dates": [
          "2018-02-01",
          "2018-02-26",
          "2018-03-28"
        ]
      },
      "geometry": {
        "type": "Point",
        "coordinates": [
          99.2378729640971,
          9.347443557065644
        ]
      }
    },
    {
      "type": "Feature",
      "properties": {
        "transect_id": "T036",
        "group": "PROJECT_37_STC",
        "year": 2019,
        "edge_position_m_from_inland": 1495.0,
        "edge_change_relative_2023_m": 10.0,
        "ndvi_threshold": 0.32,
        "threshold_spread_m": 0.0,
        "single_scene_edge_range_m": 10.0,
        "source_scene_ids": [
          "S2B_MSIL2A_20190211T033859_R061_T47PNL_20201007T155504",
          "S2B_MSIL2A_20190323T033719_R061_T47PNL_20201007T094740",
          "S2A_MSIL2A_20190417T033541_R061_T47PNL_20201007T030425"
        ],
        "source_dates": [
          "2019-02-11",
          "2019-03-23",
          "2019-04-17"
        ]
      },
      "geometry": {
        "type": "Point",
        "coordinates": [
          99.2378729640971,
          9.347443557065644
        ]
      }
    },
    {
      "type": "Feature",
      "properties": {
        "transect_id": "T036",
        "group": "PROJECT_37_STC",
        "year": 2020,
        "edge_position_m_from_inland": 1495.0,
        "edge_change_relative_2023_m": 10.0,
        "ndvi_threshold": 0.32,
        "threshold_spread_m": 10.0,
        "single_scene_edge_range_m": 0.0,
        "source_scene_ids": [
          "S2B_MSIL2A_20200226T033719_R061_T47PNL_20200928T132439",
          "S2A_MSIL2A_20200322T033531_R061_T47PNL_20201014T231526",
          "S2A_MSIL2A_20200411T033531_R061_T47PNL_20200923T010425"
        ],
        "source_dates": [
          "2020-02-26",
          "2020-03-22",
          "2020-04-11"
        ]
      },
      "geometry": {
        "type": "Point",
        "coordinates": [
          99.2378729640971,
          9.347443557065644
        ]
      }
    },
    {
      "type": "Feature",
      "properties": {
        "transect_id": "T036",
        "group": "PROJECT_37_STC",
        "year": 2021,
        "edge_position_m_from_inland": 1495.0,
        "edge_change_relative_2023_m": 10.0,
        "ndvi_threshold": 0.32,
        "threshold_spread_m": 10.0,
        "single_scene_edge_range_m": 10.0,
        "source_scene_ids": [
          "S2B_MSIL2A_20210220T033759_R061_T47PNL_20210220T151603",
          "S2B_MSIL2A_20210312T033539_R061_T47PNL_20210312T160153",
          "S2A_MSIL2A_20210426T033531_R061_T47PNL_20210426T132640"
        ],
        "source_dates": [
          "2021-02-20",
          "2021-03-12",
          "2021-04-26"
        ]
      },
      "geometry": {
        "type": "Point",
        "coordinates": [
          99.2378729640971,
          9.347443557065644
        ]
      }
    },
    {
      "type": "Feature",
      "properties": {
        "transect_id": "T036",
        "group": "PROJECT_37_STC",
        "year": 2022,
        "edge_position_m_from_inland": 1485.0,
        "edge_change_relative_2023_m": 0.0,
        "ndvi_threshold": 0.32,
        "threshold_spread_m": 0.0,
        "single_scene_edge_range_m": 10.0,
        "source_scene_ids": [
          "S2B_MSIL2A_20220205T033929_R061_T47PNL_20220218T223728",
          "S2A_MSIL2A_20220312T033541_R061_T47PNL_20220312T201539",
          "S2A_MSIL2A_20220421T033541_R061_T47PNL_20220421T215159"
        ],
        "source_dates": [
          "2022-02-05",
          "2022-03-12",
          "2022-04-21"
        ]
      },
      "geometry": {
        "type": "Point",
        "coordinates": [
          99.23784872769845,
          9.347530743517074
        ]
      }
    },
    {
      "type": "Feature",
      "properties": {
        "transect_id": "T036",
        "group": "PROJECT_37_STC",
        "year": 2023,
        "edge_position_m_from_inland": 1485.0,
        "edge_change_relative_2023_m": 0.0,
        "ndvi_threshold": 0.32,
        "threshold_spread_m": 20.0,
        "single_scene_edge_range_m": 10.0,
        "source_scene_ids": [
          "S2B_MSIL2A_20230210T033859_R061_T47PNL_20230211T035717",
          "S2B_MSIL2A_20230312T033539_R061_T47PNL_20230312T103608",
          "S2A_MSIL2A_20230406T033541_R061_T47PNL_20230406T112615"
        ],
        "source_dates": [
          "2023-02-10",
          "2023-03-12",
          "2023-04-06"
        ]
      },
      "geometry": {
        "type": "Point",
        "coordinates": [
          99.23784872769845,
          9.347530743517074
        ]
      }
    },
    {
      "type": "Feature",
      "properties": {
        "transect_id": "T036",
        "group": "PROJECT_37_STC",
        "year": 2024,
        "edge_position_m_from_inland": 1485.0,
        "edge_change_relative_2023_m": 0.0,
        "ndvi_threshold": 0.32,
        "threshold_spread_m": 0.0,
        "single_scene_edge_range_m": 0.0,
        "source_scene_ids": [
          "S2B_MSIL2A_20240225T033729_R061_T47PNL_20240225T081626",
          "S2A_MSIL2A_20240321T033541_R061_T47PNL_20240321T091105",
          "S2A_MSIL2A_20240420T033541_R061_T47PNL_20240420T101326"
        ],
        "source_dates": [
          "2024-02-25",
          "2024-03-21",
          "2024-04-20"
        ]
      },
      "geometry": {
        "type": "Point",
        "coordinates": [
          99.23784872769845,
          9.347530743517074
        ]
      }
    },
    {
      "type": "Feature",
      "properties": {
        "transect_id": "T036",
        "group": "PROJECT_37_STC",
        "year": 2025,
        "edge_position_m_from_inland": 1485.0,
        "edge_change_relative_2023_m": 0.0,
        "ndvi_threshold": 0.32,
        "threshold_spread_m": 10.0,
        "single_scene_edge_range_m": 0.0,
        "source_scene_ids": [
          "S2C_MSIL2A_20250214T033901_R061_T47PNL_20250214T090512",
          "S2C_MSIL2A_20250316T033601_R061_T47PNL_20250316T090315",
          "S2A_MSIL2A_20250407T034201_R061_T47PNL_20250407T083514"
        ],
        "source_dates": [
          "2025-02-14",
          "2025-03-16",
          "2025-04-07"
        ]
      },
      "geometry": {
        "type": "Point",
        "coordinates": [
          99.23784872769845,
          9.347530743517074
        ]
      }
    },
    {
      "type": "Feature",
      "properties": {
        "transect_id": "T036",
        "group": "PROJECT_37_STC",
        "year": 2026,
        "edge_position_m_from_inland": 1485.0,
        "edge_change_relative_2023_m": 0.0,
        "ndvi_threshold": 0.32,
        "threshold_spread_m": 0.0,
        "single_scene_edge_range_m": 0.0,
        "source_scene_ids": [
          "S2C_MSIL2A_20260301T033701_R061_T47PNL_20260301T091613",
          "S2B_MSIL2A_20260405T033539_R061_T47PNL_20260405T072236",
          "S2C_MSIL2A_20260430T033541_R061_T47PNL_20260430T081812"
        ],
        "source_dates": [
          "2026-03-01",
          "2026-04-05",
          "2026-04-30"
        ]
      },
      "geometry": {
        "type": "Point",
        "coordinates": [
          99.23784872769845,
          9.347530743517074
        ]
      }
    },
    {
      "type": "Feature",
      "properties": {
        "transect_id": "T038",
        "group": "PROJECT_37_STC",
        "year": 2017,
        "edge_position_m_from_inland": 585.0,
        "edge_change_relative_2023_m": -850.0,
        "ndvi_threshold": 0.32,
        "threshold_spread_m": 0.0,
        "single_scene_edge_range_m": 900.0,
        "source_scene_ids": [
          "S2A_MSIL2A_20170226T033711_R061_T47PNL_20210208T171543",
          "S2A_MSIL2A_20170318T033531_R061_T47PNL_20210208T232716",
          "S2A_MSIL2A_20170427T033541_R061_T47PNL_20210209T105916"
        ],
        "source_dates": [
          "2017-02-26",
          "2017-03-18",
          "2017-04-27"
        ]
      },
      "geometry": {
        "type": "Point",
        "coordinates": [
          99.23078847436864,
          9.348657717125127
        ]
      }
    },
    {
      "type": "Feature",
      "properties": {
        "transect_id": "T038",
        "group": "PROJECT_37_STC",
        "year": 2018,
        "edge_position_m_from_inland": 1485.0,
        "edge_change_relative_2023_m": 50.0,
        "ndvi_threshold": 0.32,
        "threshold_spread_m": 0.0,
        "single_scene_edge_range_m": 20.0,
        "source_scene_ids": [
          "S2A_MSIL2A_20180201T033951_R061_T47PNL_20201013T174450",
          "S2B_MSIL2A_20180226T033709_R061_T47PNL_20201104T151958",
          "S2B_MSIL2A_20180328T033739_R061_T47PNL_20201013T153849"
        ],
        "source_dates": [
          "2018-02-01",
          "2018-02-26",
          "2018-03-28"
        ]
      },
      "geometry": {
        "type": "Point",
        "coordinates": [
          99.23898135107224,
          9.348427884843451
        ]
      }
    },
    {
      "type": "Feature",
      "properties": {
        "transect_id": "T038",
        "group": "PROJECT_37_STC",
        "year": 2019,
        "edge_position_m_from_inland": 1485.0,
        "edge_change_relative_2023_m": 50.0,
        "ndvi_threshold": 0.32,
        "threshold_spread_m": 0.0,
        "single_scene_edge_range_m": 0.0,
        "source_scene_ids": [
          "S2B_MSIL2A_20190211T033859_R061_T47PNL_20201007T155504",
          "S2B_MSIL2A_20190323T033719_R061_T47PNL_20201007T094740",
          "S2A_MSIL2A_20190417T033541_R061_T47PNL_20201007T030425"
        ],
        "source_dates": [
          "2019-02-11",
          "2019-03-23",
          "2019-04-17"
        ]
      },
      "geometry": {
        "type": "Point",
        "coordinates": [
          99.23898135107224,
          9.348427884843451
        ]
      }
    },
    {
      "type": "Feature",
      "properties": {
        "transect_id": "T038",
        "group": "PROJECT_37_STC",
        "year": 2020,
        "edge_position_m_from_inland": 1485.0,
        "edge_change_relative_2023_m": 50.0,
        "ndvi_threshold": 0.32,
        "threshold_spread_m": 0.0,
        "single_scene_edge_range_m": 20.0,
        "source_scene_ids": [
          "S2B_MSIL2A_20200226T033719_R061_T47PNL_20200928T132439",
          "S2A_MSIL2A_20200322T033531_R061_T47PNL_20201014T231526",
          "S2A_MSIL2A_20200411T033531_R061_T47PNL_20200923T010425"
        ],
        "source_dates": [
          "2020-02-26",
          "2020-03-22",
          "2020-04-11"
        ]
      },
      "geometry": {
        "type": "Point",
        "coordinates": [
          99.23898135107224,
          9.348427884843451
        ]
      }
    },
    {
      "type": "Feature",
      "properties": {
        "transect_id": "T038",
        "group": "PROJECT_37_STC",
        "year": 2021,
        "edge_position_m_from_inland": 1465.0,
        "edge_change_relative_2023_m": 30.0,
        "ndvi_threshold": 0.32,
        "threshold_spread_m": 0.0,
        "single_scene_edge_range_m": 20.0,
        "source_scene_ids": [
          "S2B_MSIL2A_20210220T033759_R061_T47PNL_20210220T151603",
          "S2B_MSIL2A_20210312T033539_R061_T47PNL_20210312T160153",
          "S2A_MSIL2A_20210426T033531_R061_T47PNL_20210426T132640"
        ],
        "source_dates": [
          "2021-02-20",
          "2021-03-12",
          "2021-04-26"
        ]
      },
      "geometry": {
        "type": "Point",
        "coordinates": [
          99.23879928714548,
          9.348432992227488
        ]
      }
    },
    {
      "type": "Feature",
      "properties": {
        "transect_id": "T038",
        "group": "PROJECT_37_STC",
        "year": 2022,
        "edge_position_m_from_inland": 1445.0,
        "edge_change_relative_2023_m": 10.0,
        "ndvi_threshold": 0.32,
        "threshold_spread_m": 30.0,
        "single_scene_edge_range_m": 40.0,
        "source_scene_ids": [
          "S2B_MSIL2A_20220205T033929_R061_T47PNL_20220218T223728",
          "S2A_MSIL2A_20220312T033541_R061_T47PNL_20220312T201539",
          "S2A_MSIL2A_20220421T033541_R061_T47PNL_20220421T215159"
        ],
        "source_dates": [
          "2022-02-05",
          "2022-03-12",
          "2022-04-21"
        ]
      },
      "geometry": {
        "type": "Point",
        "coordinates": [
          99.23861722321874,
          9.348438099611526
        ]
      }
    },
    {
      "type": "Feature",
      "properties": {
        "transect_id": "T038",
        "group": "PROJECT_37_STC",
        "year": 2023,
        "edge_position_m_from_inland": 1435.0,
        "edge_change_relative_2023_m": 0.0,
        "ndvi_threshold": 0.32,
        "threshold_spread_m": 10.0,
        "single_scene_edge_range_m": 20.0,
        "source_scene_ids": [
          "S2B_MSIL2A_20230210T033859_R061_T47PNL_20230211T035717",
          "S2B_MSIL2A_20230312T033539_R061_T47PNL_20230312T103608",
          "S2A_MSIL2A_20230406T033541_R061_T47PNL_20230406T112615"
        ],
        "source_dates": [
          "2023-02-10",
          "2023-03-12",
          "2023-04-06"
        ]
      },
      "geometry": {
        "type": "Point",
        "coordinates": [
          99.23852619125537,
          9.348440653303545
        ]
      }
    },
    {
      "type": "Feature",
      "properties": {
        "transect_id": "T038",
        "group": "PROJECT_37_STC",
        "year": 2024,
        "edge_position_m_from_inland": 1435.0,
        "edge_change_relative_2023_m": 0.0,
        "ndvi_threshold": 0.32,
        "threshold_spread_m": 10.0,
        "single_scene_edge_range_m": 10.0,
        "source_scene_ids": [
          "S2B_MSIL2A_20240225T033729_R061_T47PNL_20240225T081626",
          "S2A_MSIL2A_20240321T033541_R061_T47PNL_20240321T091105",
          "S2A_MSIL2A_20240420T033541_R061_T47PNL_20240420T101326"
        ],
        "source_dates": [
          "2024-02-25",
          "2024-03-21",
          "2024-04-20"
        ]
      },
      "geometry": {
        "type": "Point",
        "coordinates": [
          99.23852619125537,
          9.348440653303545
        ]
      }
    },
    {
      "type": "Feature",
      "properties": {
        "transect_id": "T038",
        "group": "PROJECT_37_STC",
        "year": 2025,
        "edge_position_m_from_inland": 1445.0,
        "edge_change_relative_2023_m": 10.0,
        "ndvi_threshold": 0.32,
        "threshold_spread_m": 10.0,
        "single_scene_edge_range_m": 0.0,
        "source_scene_ids": [
          "S2C_MSIL2A_20250214T033901_R061_T47PNL_20250214T090512",
          "S2C_MSIL2A_20250316T033601_R061_T47PNL_20250316T090315",
          "S2A_MSIL2A_20250407T034201_R061_T47PNL_20250407T083514"
        ],
        "source_dates": [
          "2025-02-14",
          "2025-03-16",
          "2025-04-07"
        ]
      },
      "geometry": {
        "type": "Point",
        "coordinates": [
          99.23861722321874,
          9.348438099611526
        ]
      }
    },
    {
      "type": "Feature",
      "properties": {
        "transect_id": "T038",
        "group": "PROJECT_37_STC",
        "year": 2026,
        "edge_position_m_from_inland": 1445.0,
        "edge_change_relative_2023_m": 10.0,
        "ndvi_threshold": 0.32,
        "threshold_spread_m": 40.0,
        "single_scene_edge_range_m": 40.0,
        "source_scene_ids": [
          "S2C_MSIL2A_20260301T033701_R061_T47PNL_20260301T091613",
          "S2B_MSIL2A_20260405T033539_R061_T47PNL_20260405T072236",
          "S2C_MSIL2A_20260430T033541_R061_T47PNL_20260430T081812"
        ],
        "source_dates": [
          "2026-03-01",
          "2026-04-05",
          "2026-04-30"
        ]
      },
      "geometry": {
        "type": "Point",
        "coordinates": [
          99.23861722321874,
          9.348438099611526
        ]
      }
    },
    {
      "type": "Feature",
      "properties": {
        "transect_id": "T043",
        "group": "CONTROL_RANK_1",
        "year": 2017,
        "edge_position_m_from_inland": 1065.0,
        "edge_change_relative_2023_m": -270.0,
        "ndvi_threshold": 0.32,
        "threshold_spread_m": 0.0,
        "single_scene_edge_range_m": null,
        "source_scene_ids": [
          "S2A_MSIL2A_20170226T033711_R061_T47PNL_20210208T171543",
          "S2A_MSIL2A_20170318T033531_R061_T47PNL_20210208T232716",
          "S2A_MSIL2A_20170427T033541_R061_T47PNL_20210209T105916"
        ],
        "source_dates": [
          "2017-02-26",
          "2017-03-18",
          "2017-04-27"
        ]
      },
      "geometry": {
        "type": "Point",
        "coordinates": [
          99.23769152241354,
          9.35494150401077
        ]
      }
    },
    {
      "type": "Feature",
      "properties": {
        "transect_id": "T043",
        "group": "CONTROL_RANK_1",
        "year": 2018,
        "edge_position_m_from_inland": 1345.0,
        "edge_change_relative_2023_m": 10.0,
        "ndvi_threshold": 0.32,
        "threshold_spread_m": 10.0,
        "single_scene_edge_range_m": 10.0,
        "source_scene_ids": [
          "S2A_MSIL2A_20180201T033951_R061_T47PNL_20201013T174450",
          "S2B_MSIL2A_20180226T033709_R061_T47PNL_20201104T151958",
          "S2B_MSIL2A_20180328T033739_R061_T47PNL_20201013T153849"
        ],
        "source_dates": [
          "2018-02-01",
          "2018-02-26",
          "2018-03-28"
        ]
      },
      "geometry": {
        "type": "Point",
        "coordinates": [
          99.2396929367209,
          9.353372233418657
        ]
      }
    },
    {
      "type": "Feature",
      "properties": {
        "transect_id": "T043",
        "group": "CONTROL_RANK_1",
        "year": 2019,
        "edge_position_m_from_inland": 1345.0,
        "edge_change_relative_2023_m": 10.0,
        "ndvi_threshold": 0.32,
        "threshold_spread_m": 10.0,
        "single_scene_edge_range_m": 10.0,
        "source_scene_ids": [
          "S2B_MSIL2A_20190211T033859_R061_T47PNL_20201007T155504",
          "S2B_MSIL2A_20190323T033719_R061_T47PNL_20201007T094740",
          "S2A_MSIL2A_20190417T033541_R061_T47PNL_20201007T030425"
        ],
        "source_dates": [
          "2019-02-11",
          "2019-03-23",
          "2019-04-17"
        ]
      },
      "geometry": {
        "type": "Point",
        "coordinates": [
          99.2396929367209,
          9.353372233418657
        ]
      }
    },
    {
      "type": "Feature",
      "properties": {
        "transect_id": "T043",
        "group": "CONTROL_RANK_1",
        "year": 2020,
        "edge_position_m_from_inland": 1345.0,
        "edge_change_relative_2023_m": 10.0,
        "ndvi_threshold": 0.32,
        "threshold_spread_m": 0.0,
        "single_scene_edge_range_m": 0.0,
        "source_scene_ids": [
          "S2B_MSIL2A_20200226T033719_R061_T47PNL_20200928T132439",
          "S2A_MSIL2A_20200322T033531_R061_T47PNL_20201014T231526",
          "S2A_MSIL2A_20200411T033531_R061_T47PNL_20200923T010425"
        ],
        "source_dates": [
          "2020-02-26",
          "2020-03-22",
          "2020-04-11"
        ]
      },
      "geometry": {
        "type": "Point",
        "coordinates": [
          99.2396929367209,
          9.353372233418657
        ]
      }
    },
    {
      "type": "Feature",
      "properties": {
        "transect_id": "T043",
        "group": "CONTROL_RANK_1",
        "year": 2021,
        "edge_position_m_from_inland": 1345.0,
        "edge_change_relative_2023_m": 10.0,
        "ndvi_threshold": 0.32,
        "threshold_spread_m": 0.0,
        "single_scene_edge_range_m": 0.0,
        "source_scene_ids": [
          "S2B_MSIL2A_20210220T033759_R061_T47PNL_20210220T151603",
          "S2B_MSIL2A_20210312T033539_R061_T47PNL_20210312T160153",
          "S2A_MSIL2A_20210426T033531_R061_T47PNL_20210426T132640"
        ],
        "source_dates": [
          "2021-02-20",
          "2021-03-12",
          "2021-04-26"
        ]
      },
      "geometry": {
        "type": "Point",
        "coordinates": [
          99.2396929367209,
          9.353372233418657
        ]
      }
    },
    {
      "type": "Feature",
      "properties": {
        "transect_id": "T043",
        "group": "CONTROL_RANK_1",
        "year": 2022,
        "edge_position_m_from_inland": 1335.0,
        "edge_change_relative_2023_m": 0.0,
        "ndvi_threshold": 0.32,
        "threshold_spread_m": 10.0,
        "single_scene_edge_range_m": 30.0,
        "source_scene_ids": [
          "S2B_MSIL2A_20220205T033929_R061_T47PNL_20220218T223728",
          "S2A_MSIL2A_20220312T033541_R061_T47PNL_20220312T201539",
          "S2A_MSIL2A_20220421T033541_R061_T47PNL_20220421T215159"
        ],
        "source_dates": [
          "2022-02-05",
          "2022-03-12",
          "2022-04-21"
        ]
      },
      "geometry": {
        "type": "Point",
        "coordinates": [
          99.23962145763849,
          9.353428278796947
        ]
      }
    },
    {
      "type": "Feature",
      "properties": {
        "transect_id": "T043",
        "group": "CONTROL_RANK_1",
        "year": 2023,
        "edge_position_m_from_inland": 1335.0,
        "edge_change_relative_2023_m": 0.0,
        "ndvi_threshold": 0.32,
        "threshold_spread_m": 20.0,
        "single_scene_edge_range_m": 30.0,
        "source_scene_ids": [
          "S2B_MSIL2A_20230210T033859_R061_T47PNL_20230211T035717",
          "S2B_MSIL2A_20230312T033539_R061_T47PNL_20230312T103608",
          "S2A_MSIL2A_20230406T033541_R061_T47PNL_20230406T112615"
        ],
        "source_dates": [
          "2023-02-10",
          "2023-03-12",
          "2023-04-06"
        ]
      },
      "geometry": {
        "type": "Point",
        "coordinates": [
          99.23962145763849,
          9.353428278796947
        ]
      }
    },
    {
      "type": "Feature",
      "properties": {
        "transect_id": "T043",
        "group": "CONTROL_RANK_1",
        "year": 2024,
        "edge_position_m_from_inland": 1335.0,
        "edge_change_relative_2023_m": 0.0,
        "ndvi_threshold": 0.32,
        "threshold_spread_m": 20.0,
        "single_scene_edge_range_m": 10.0,
        "source_scene_ids": [
          "S2B_MSIL2A_20240225T033729_R061_T47PNL_20240225T081626",
          "S2A_MSIL2A_20240321T033541_R061_T47PNL_20240321T091105",
          "S2A_MSIL2A_20240420T033541_R061_T47PNL_20240420T101326"
        ],
        "source_dates": [
          "2024-02-25",
          "2024-03-21",
          "2024-04-20"
        ]
      },
      "geometry": {
        "type": "Point",
        "coordinates": [
          99.23962145763849,
          9.353428278796947
        ]
      }
    },
    {
      "type": "Feature",
      "properties": {
        "transect_id": "T043",
        "group": "CONTROL_RANK_1",
        "year": 2025,
        "edge_position_m_from_inland": 1335.0,
        "edge_change_relative_2023_m": 0.0,
        "ndvi_threshold": 0.32,
        "threshold_spread_m": 10.0,
        "single_scene_edge_range_m": 10.0,
        "source_scene_ids": [
          "S2C_MSIL2A_20250214T033901_R061_T47PNL_20250214T090512",
          "S2C_MSIL2A_20250316T033601_R061_T47PNL_20250316T090315",
          "S2A_MSIL2A_20250407T034201_R061_T47PNL_20250407T083514"
        ],
        "source_dates": [
          "2025-02-14",
          "2025-03-16",
          "2025-04-07"
        ]
      },
      "geometry": {
        "type": "Point",
        "coordinates": [
          99.23962145763849,
          9.353428278796947
        ]
      }
    },
    {
      "type": "Feature",
      "properties": {
        "transect_id": "T043",
        "group": "CONTROL_RANK_1",
        "year": 2026,
        "edge_position_m_from_inland": 1335.0,
        "edge_change_relative_2023_m": 0.0,
        "ndvi_threshold": 0.32,
        "threshold_spread_m": 10.0,
        "single_scene_edge_range_m": 20.0,
        "source_scene_ids": [
          "S2C_MSIL2A_20260301T033701_R061_T47PNL_20260301T091613",
          "S2B_MSIL2A_20260405T033539_R061_T47PNL_20260405T072236",
          "S2C_MSIL2A_20260430T033541_R061_T47PNL_20260430T081812"
        ],
        "source_dates": [
          "2026-03-01",
          "2026-04-05",
          "2026-04-30"
        ]
      },
      "geometry": {
        "type": "Point",
        "coordinates": [
          99.23962145763849,
          9.353428278796947
        ]
      }
    },
    {
      "type": "Feature",
      "properties": {
        "transect_id": "T044",
        "group": "CONTROL_RANK_1",
        "year": 2018,
        "edge_position_m_from_inland": 1375.0,
        "edge_change_relative_2023_m": 20.0,
        "ndvi_threshold": 0.32,
        "threshold_spread_m": 0.0,
        "single_scene_edge_range_m": 10.0,
        "source_scene_ids": [
          "S2A_MSIL2A_20180201T033951_R061_T47PNL_20201013T174450",
          "S2B_MSIL2A_20180226T033709_R061_T47PNL_20201104T151958",
          "S2B_MSIL2A_20180328T033739_R061_T47PNL_20201013T153849"
        ],
        "source_dates": [
          "2018-02-01",
          "2018-02-26",
          "2018-03-28"
        ]
      },
      "geometry": {
        "type": "Point",
        "coordinates": [
          99.24047167596297,
          9.353914015229597
        ]
      }
    },
    {
      "type": "Feature",
      "properties": {
        "transect_id": "T044",
        "group": "CONTROL_RANK_1",
        "year": 2019,
        "edge_position_m_from_inland": 1375.0,
        "edge_change_relative_2023_m": 20.0,
        "ndvi_threshold": 0.32,
        "threshold_spread_m": 0.0,
        "single_scene_edge_range_m": 20.0,
        "source_scene_ids": [
          "S2B_MSIL2A_20190211T033859_R061_T47PNL_20201007T155504",
          "S2B_MSIL2A_20190323T033719_R061_T47PNL_20201007T094740",
          "S2A_MSIL2A_20190417T033541_R061_T47PNL_20201007T030425"
        ],
        "source_dates": [
          "2019-02-11",
          "2019-03-23",
          "2019-04-17"
        ]
      },
      "geometry": {
        "type": "Point",
        "coordinates": [
          99.24047167596297,
          9.353914015229597
        ]
      }
    },
    {
      "type": "Feature",
      "properties": {
        "transect_id": "T044",
        "group": "CONTROL_RANK_1",
        "year": 2020,
        "edge_position_m_from_inland": 1375.0,
        "edge_change_relative_2023_m": 20.0,
        "ndvi_threshold": 0.32,
        "threshold_spread_m": 0.0,
        "single_scene_edge_range_m": 0.0,
        "source_scene_ids": [
          "S2B_MSIL2A_20200226T033719_R061_T47PNL_20200928T132439",
          "S2A_MSIL2A_20200322T033531_R061_T47PNL_20201014T231526",
          "S2A_MSIL2A_20200411T033531_R061_T47PNL_20200923T010425"
        ],
        "source_dates": [
          "2020-02-26",
          "2020-03-22",
          "2020-04-11"
        ]
      },
      "geometry": {
        "type": "Point",
        "coordinates": [
          99.24047167596297,
          9.353914015229597
        ]
      }
    },
    {
      "type": "Feature",
      "properties": {
        "transect_id": "T044",
        "group": "CONTROL_RANK_1",
        "year": 2021,
        "edge_position_m_from_inland": 1375.0,
        "edge_change_relative_2023_m": 20.0,
        "ndvi_threshold": 0.32,
        "threshold_spread_m": 0.0,
        "single_scene_edge_range_m": 0.0,
        "source_scene_ids": [
          "S2B_MSIL2A_20210220T033759_R061_T47PNL_20210220T151603",
          "S2B_MSIL2A_20210312T033539_R061_T47PNL_20210312T160153",
          "S2A_MSIL2A_20210426T033531_R061_T47PNL_20210426T132640"
        ],
        "source_dates": [
          "2021-02-20",
          "2021-03-12",
          "2021-04-26"
        ]
      },
      "geometry": {
        "type": "Point",
        "coordinates": [
          99.24047167596297,
          9.353914015229597
        ]
      }
    },
    {
      "type": "Feature",
      "properties": {
        "transect_id": "T044",
        "group": "CONTROL_RANK_1",
        "year": 2022,
        "edge_position_m_from_inland": 1355.0,
        "edge_change_relative_2023_m": 0.0,
        "ndvi_threshold": 0.32,
        "threshold_spread_m": 10.0,
        "single_scene_edge_range_m": 10.0,
        "source_scene_ids": [
          "S2B_MSIL2A_20220205T033929_R061_T47PNL_20220218T223728",
          "S2A_MSIL2A_20220312T033541_R061_T47PNL_20220312T201539",
          "S2A_MSIL2A_20220421T033541_R061_T47PNL_20220421T215159"
        ],
        "source_dates": [
          "2022-02-05",
          "2022-03-12",
          "2022-04-21"
        ]
      },
      "geometry": {
        "type": "Point",
        "coordinates": [
          99.24032871770058,
          9.35402610621172
        ]
      }
    },
    {
      "type": "Feature",
      "properties": {
        "transect_id": "T044",
        "group": "CONTROL_RANK_1",
        "year": 2023,
        "edge_position_m_from_inland": 1355.0,
        "edge_change_relative_2023_m": 0.0,
        "ndvi_threshold": 0.32,
        "threshold_spread_m": 0.0,
        "single_scene_edge_range_m": 20.0,
        "source_scene_ids": [
          "S2B_MSIL2A_20230210T033859_R061_T47PNL_20230211T035717",
          "S2B_MSIL2A_20230312T033539_R061_T47PNL_20230312T103608",
          "S2A_MSIL2A_20230406T033541_R061_T47PNL_20230406T112615"
        ],
        "source_dates": [
          "2023-02-10",
          "2023-03-12",
          "2023-04-06"
        ]
      },
      "geometry": {
        "type": "Point",
        "coordinates": [
          99.24032871770058,
          9.35402610621172
        ]
      }
    },
    {
      "type": "Feature",
      "properties": {
        "transect_id": "T044",
        "group": "CONTROL_RANK_1",
        "year": 2024,
        "edge_position_m_from_inland": 1355.0,
        "edge_change_relative_2023_m": 0.0,
        "ndvi_threshold": 0.32,
        "threshold_spread_m": 10.0,
        "single_scene_edge_range_m": 10.0,
        "source_scene_ids": [
          "S2B_MSIL2A_20240225T033729_R061_T47PNL_20240225T081626",
          "S2A_MSIL2A_20240321T033541_R061_T47PNL_20240321T091105",
          "S2A_MSIL2A_20240420T033541_R061_T47PNL_20240420T101326"
        ],
        "source_dates": [
          "2024-02-25",
          "2024-03-21",
          "2024-04-20"
        ]
      },
      "geometry": {
        "type": "Point",
        "coordinates": [
          99.24032871770058,
          9.35402610621172
        ]
      }
    },
    {
      "type": "Feature",
      "properties": {
        "transect_id": "T044",
        "group": "CONTROL_RANK_1",
        "year": 2025,
        "edge_position_m_from_inland": 1355.0,
        "edge_change_relative_2023_m": 0.0,
        "ndvi_threshold": 0.32,
        "threshold_spread_m": 10.0,
        "single_scene_edge_range_m": 10.0,
        "source_scene_ids": [
          "S2C_MSIL2A_20250214T033901_R061_T47PNL_20250214T090512",
          "S2C_MSIL2A_20250316T033601_R061_T47PNL_20250316T090315",
          "S2A_MSIL2A_20250407T034201_R061_T47PNL_20250407T083514"
        ],
        "source_dates": [
          "2025-02-14",
          "2025-03-16",
          "2025-04-07"
        ]
      },
      "geometry": {
        "type": "Point",
        "coordinates": [
          99.24032871770058,
          9.35402610621172
        ]
      }
    },
    {
      "type": "Feature",
      "properties": {
        "transect_id": "T044",
        "group": "CONTROL_RANK_1",
        "year": 2026,
        "edge_position_m_from_inland": 1365.0,
        "edge_change_relative_2023_m": 10.0,
        "ndvi_threshold": 0.32,
        "threshold_spread_m": 10.0,
        "single_scene_edge_range_m": 10.0,
        "source_scene_ids": [
          "S2C_MSIL2A_20260301T033701_R061_T47PNL_20260301T091613",
          "S2B_MSIL2A_20260405T033539_R061_T47PNL_20260405T072236",
          "S2C_MSIL2A_20260430T033541_R061_T47PNL_20260430T081812"
        ],
        "source_dates": [
          "2026-03-01",
          "2026-04-05",
          "2026-04-30"
        ]
      },
      "geometry": {
        "type": "Point",
        "coordinates": [
          99.24040019683177,
          9.353970060720659
        ]
      }
    },
    {
      "type": "Feature",
      "properties": {
        "transect_id": "T045",
        "group": "CONTROL_RANK_1",
        "year": 2017,
        "edge_position_m_from_inland": 1155.0,
        "edge_change_relative_2023_m": -260.0,
        "ndvi_threshold": 0.32,
        "threshold_spread_m": 0.0,
        "single_scene_edge_range_m": null,
        "source_scene_ids": [
          "S2A_MSIL2A_20170226T033711_R061_T47PNL_20210208T171543",
          "S2A_MSIL2A_20170318T033531_R061_T47PNL_20210208T232716",
          "S2A_MSIL2A_20170427T033541_R061_T47PNL_20210209T105916"
        ],
        "source_dates": [
          "2017-02-26",
          "2017-03-18",
          "2017-04-27"
        ]
      },
      "geometry": {
        "type": "Point",
        "coordinates": [
          99.2401399202622,
          9.356340498604782
        ]
      }
    },
    {
      "type": "Feature",
      "properties": {
        "transect_id": "T045",
        "group": "CONTROL_RANK_1",
        "year": 2018,
        "edge_position_m_from_inland": 1425.0,
        "edge_change_relative_2023_m": 10.0,
        "ndvi_threshold": 0.32,
        "threshold_spread_m": 0.0,
        "single_scene_edge_range_m": 10.0,
        "source_scene_ids": [
          "S2A_MSIL2A_20180201T033951_R061_T47PNL_20201013T174450",
          "S2B_MSIL2A_20180226T033709_R061_T47PNL_20201104T151958",
          "S2B_MSIL2A_20180328T033739_R061_T47PNL_20201013T153849"
        ],
        "source_dates": [
          "2018-02-01",
          "2018-02-26",
          "2018-03-28"
        ]
      },
      "geometry": {
        "type": "Point",
        "coordinates": [
          99.24160707890213,
          9.354380754981612
        ]
      }
    },
    {
      "type": "Feature",
      "properties": {
        "transect_id": "T045",
        "group": "CONTROL_RANK_1",
        "year": 2019,
        "edge_position_m_from_inland": 1425.0,
        "edge_change_relative_2023_m": 10.0,
        "ndvi_threshold": 0.32,
        "threshold_spread_m": 0.0,
        "single_scene_edge_range_m": 10.0,
        "source_scene_ids": [
          "S2B_MSIL2A_20190211T033859_R061_T47PNL_20201007T155504",
          "S2B_MSIL2A_20190323T033719_R061_T47PNL_20201007T094740",
          "S2A_MSIL2A_20190417T033541_R061_T47PNL_20201007T030425"
        ],
        "source_dates": [
          "2019-02-11",
          "2019-03-23",
          "2019-04-17"
        ]
      },
      "geometry": {
        "type": "Point",
        "coordinates": [
          99.24160707890213,
          9.354380754981612
        ]
      }
    },
    {
      "type": "Feature",
      "properties": {
        "transect_id": "T045",
        "group": "CONTROL_RANK_1",
        "year": 2020,
        "edge_position_m_from_inland": 1425.0,
        "edge_change_relative_2023_m": 10.0,
        "ndvi_threshold": 0.32,
        "threshold_spread_m": 0.0,
        "single_scene_edge_range_m": 0.0,
        "source_scene_ids": [
          "S2B_MSIL2A_20200226T033719_R061_T47PNL_20200928T132439",
          "S2A_MSIL2A_20200322T033531_R061_T47PNL_20201014T231526",
          "S2A_MSIL2A_20200411T033531_R061_T47PNL_20200923T010425"
        ],
        "source_dates": [
          "2020-02-26",
          "2020-03-22",
          "2020-04-11"
        ]
      },
      "geometry": {
        "type": "Point",
        "coordinates": [
          99.24160707890213,
          9.354380754981612
        ]
      }
    },
    {
      "type": "Feature",
      "properties": {
        "transect_id": "T045",
        "group": "CONTROL_RANK_1",
        "year": 2021,
        "edge_position_m_from_inland": 1425.0,
        "edge_change_relative_2023_m": 10.0,
        "ndvi_threshold": 0.32,
        "threshold_spread_m": 0.0,
        "single_scene_edge_range_m": 0.0,
        "source_scene_ids": [
          "S2B_MSIL2A_20210220T033759_R061_T47PNL_20210220T151603",
          "S2B_MSIL2A_20210312T033539_R061_T47PNL_20210312T160153",
          "S2A_MSIL2A_20210426T033531_R061_T47PNL_20210426T132640"
        ],
        "source_dates": [
          "2021-02-20",
          "2021-03-12",
          "2021-04-26"
        ]
      },
      "geometry": {
        "type": "Point",
        "coordinates": [
          99.24160707890213,
          9.354380754981612
        ]
      }
    },
    {
      "type": "Feature",
      "properties": {
        "transect_id": "T045",
        "group": "CONTROL_RANK_1",
        "year": 2022,
        "edge_position_m_from_inland": 1415.0,
        "edge_change_relative_2023_m": 0.0,
        "ndvi_threshold": 0.32,
        "threshold_spread_m": 0.0,
        "single_scene_edge_range_m": 10.0,
        "source_scene_ids": [
          "S2B_MSIL2A_20220205T033929_R061_T47PNL_20220218T223728",
          "S2A_MSIL2A_20220312T033541_R061_T47PNL_20220312T201539",
          "S2A_MSIL2A_20220421T033541_R061_T47PNL_20220421T215159"
        ],
        "source_dates": [
          "2022-02-05",
          "2022-03-12",
          "2022-04-21"
        ]
      },
      "geometry": {
        "type": "Point",
        "coordinates": [
          99.24155273969325,
          9.354453338078766
        ]
      }
    },
    {
      "type": "Feature",
      "properties": {
        "transect_id": "T045",
        "group": "CONTROL_RANK_1",
        "year": 2023,
        "edge_position_m_from_inland": 1415.0,
        "edge_change_relative_2023_m": 0.0,
        "ndvi_threshold": 0.32,
        "threshold_spread_m": 10.0,
        "single_scene_edge_range_m": 20.0,
        "source_scene_ids": [
          "S2B_MSIL2A_20230210T033859_R061_T47PNL_20230211T035717",
          "S2B_MSIL2A_20230312T033539_R061_T47PNL_20230312T103608",
          "S2A_MSIL2A_20230406T033541_R061_T47PNL_20230406T112615"
        ],
        "source_dates": [
          "2023-02-10",
          "2023-03-12",
          "2023-04-06"
        ]
      },
      "geometry": {
        "type": "Point",
        "coordinates": [
          99.24155273969325,
          9.354453338078766
        ]
      }
    },
    {
      "type": "Feature",
      "properties": {
        "transect_id": "T045",
        "group": "CONTROL_RANK_1",
        "year": 2024,
        "edge_position_m_from_inland": 1415.0,
        "edge_change_relative_2023_m": 0.0,
        "ndvi_threshold": 0.32,
        "threshold_spread_m": 10.0,
        "single_scene_edge_range_m": 0.0,
        "source_scene_ids": [
          "S2B_MSIL2A_20240225T033729_R061_T47PNL_20240225T081626",
          "S2A_MSIL2A_20240321T033541_R061_T47PNL_20240321T091105",
          "S2A_MSIL2A_20240420T033541_R061_T47PNL_20240420T101326"
        ],
        "source_dates": [
          "2024-02-25",
          "2024-03-21",
          "2024-04-20"
        ]
      },
      "geometry": {
        "type": "Point",
        "coordinates": [
          99.24155273969325,
          9.354453338078766
        ]
      }
    },
    {
      "type": "Feature",
      "properties": {
        "transect_id": "T045",
        "group": "CONTROL_RANK_1",
        "year": 2025,
        "edge_position_m_from_inland": 1415.0,
        "edge_change_relative_2023_m": 0.0,
        "ndvi_threshold": 0.32,
        "threshold_spread_m": 10.0,
        "single_scene_edge_range_m": 10.0,
        "source_scene_ids": [
          "S2C_MSIL2A_20250214T033901_R061_T47PNL_20250214T090512",
          "S2C_MSIL2A_20250316T033601_R061_T47PNL_20250316T090315",
          "S2A_MSIL2A_20250407T034201_R061_T47PNL_20250407T083514"
        ],
        "source_dates": [
          "2025-02-14",
          "2025-03-16",
          "2025-04-07"
        ]
      },
      "geometry": {
        "type": "Point",
        "coordinates": [
          99.24155273969325,
          9.354453338078766
        ]
      }
    },
    {
      "type": "Feature",
      "properties": {
        "transect_id": "T045",
        "group": "CONTROL_RANK_1",
        "year": 2026,
        "edge_position_m_from_inland": 1415.0,
        "edge_change_relative_2023_m": 0.0,
        "ndvi_threshold": 0.32,
        "threshold_spread_m": 0.0,
        "single_scene_edge_range_m": 0.0,
        "source_scene_ids": [
          "S2C_MSIL2A_20260301T033701_R061_T47PNL_20260301T091613",
          "S2B_MSIL2A_20260405T033539_R061_T47PNL_20260405T072236",
          "S2C_MSIL2A_20260430T033541_R061_T47PNL_20260430T081812"
        ],
        "source_dates": [
          "2026-03-01",
          "2026-04-05",
          "2026-04-30"
        ]
      },
      "geometry": {
        "type": "Point",
        "coordinates": [
          99.24155273969325,
          9.354453338078766
        ]
      }
    },
    {
      "type": "Feature",
      "properties": {
        "transect_id": "T046",
        "group": "CONTROL_RANK_1",
        "year": 2018,
        "edge_position_m_from_inland": 1465.0,
        "edge_change_relative_2023_m": 10.0,
        "ndvi_threshold": 0.32,
        "threshold_spread_m": 0.0,
        "single_scene_edge_range_m": 0.0,
        "source_scene_ids": [
          "S2A_MSIL2A_20180201T033951_R061_T47PNL_20201013T174450",
          "S2B_MSIL2A_20180226T033709_R061_T47PNL_20201104T151958",
          "S2B_MSIL2A_20180328T033739_R061_T47PNL_20201013T153849"
        ],
        "source_dates": [
          "2018-02-01",
          "2018-02-26",
          "2018-03-28"
        ]
      },
      "geometry": {
        "type": "Point",
        "coordinates": [
          99.24255525396903,
          9.354630107067162
        ]
      }
    },
    {
      "type": "Feature",
      "properties": {
        "transect_id": "T046",
        "group": "CONTROL_RANK_1",
        "year": 2019,
        "edge_position_m_from_inland": 1465.0,
        "edge_change_relative_2023_m": 10.0,
        "ndvi_threshold": 0.32,
        "threshold_spread_m": 0.0,
        "single_scene_edge_range_m": 20.0,
        "source_scene_ids": [
          "S2B_MSIL2A_20190211T033859_R061_T47PNL_20201007T155504",
          "S2B_MSIL2A_20190323T033719_R061_T47PNL_20201007T094740",
          "S2A_MSIL2A_20190417T033541_R061_T47PNL_20201007T030425"
        ],
        "source_dates": [
          "2019-02-11",
          "2019-03-23",
          "2019-04-17"
        ]
      },
      "geometry": {
        "type": "Point",
        "coordinates": [
          99.24255525396903,
          9.354630107067162
        ]
      }
    },
    {
      "type": "Feature",
      "properties": {
        "transect_id": "T046",
        "group": "CONTROL_RANK_1",
        "year": 2020,
        "edge_position_m_from_inland": 1465.0,
        "edge_change_relative_2023_m": 10.0,
        "ndvi_threshold": 0.32,
        "threshold_spread_m": 0.0,
        "single_scene_edge_range_m": 10.0,
        "source_scene_ids": [
          "S2B_MSIL2A_20200226T033719_R061_T47PNL_20200928T132439",
          "S2A_MSIL2A_20200322T033531_R061_T47PNL_20201014T231526",
          "S2A_MSIL2A_20200411T033531_R061_T47PNL_20200923T010425"
        ],
        "source_dates": [
          "2020-02-26",
          "2020-03-22",
          "2020-04-11"
        ]
      },
      "geometry": {
        "type": "Point",
        "coordinates": [
          99.24255525396903,
          9.354630107067162
        ]
      }
    },
    {
      "type": "Feature",
      "properties": {
        "transect_id": "T046",
        "group": "CONTROL_RANK_1",
        "year": 2021,
        "edge_position_m_from_inland": 1465.0,
        "edge_change_relative_2023_m": 10.0,
        "ndvi_threshold": 0.32,
        "threshold_spread_m": 10.0,
        "single_scene_edge_range_m": 10.0,
        "source_scene_ids": [
          "S2B_MSIL2A_20210220T033759_R061_T47PNL_20210220T151603",
          "S2B_MSIL2A_20210312T033539_R061_T47PNL_20210312T160153",
          "S2A_MSIL2A_20210426T033531_R061_T47PNL_20210426T132640"
        ],
        "source_dates": [
          "2021-02-20",
          "2021-03-12",
          "2021-04-26"
        ]
      },
      "geometry": {
        "type": "Point",
        "coordinates": [
          99.24255525396903,
          9.354630107067162
        ]
      }
    },
    {
      "type": "Feature",
      "properties": {
        "transect_id": "T046",
        "group": "CONTROL_RANK_1",
        "year": 2022,
        "edge_position_m_from_inland": 1455.0,
        "edge_change_relative_2023_m": 0.0,
        "ndvi_threshold": 0.32,
        "threshold_spread_m": 0.0,
        "single_scene_edge_range_m": 10.0,
        "source_scene_ids": [
          "S2B_MSIL2A_20220205T033929_R061_T47PNL_20220218T223728",
          "S2A_MSIL2A_20220312T033541_R061_T47PNL_20220312T201539",
          "S2A_MSIL2A_20220421T033541_R061_T47PNL_20220421T215159"
        ],
        "source_dates": [
          "2022-02-05",
          "2022-03-12",
          "2022-04-21"
        ]
      },
      "geometry": {
        "type": "Point",
        "coordinates": [
          99.24250091483364,
          9.354702690272289
        ]
      }
    },
    {
      "type": "Feature",
      "properties": {
        "transect_id": "T046",
        "group": "CONTROL_RANK_1",
        "year": 2023,
        "edge_position_m_from_inland": 1455.0,
        "edge_change_relative_2023_m": 0.0,
        "ndvi_threshold": 0.32,
        "threshold_spread_m": 20.0,
        "single_scene_edge_range_m": 20.0,
        "source_scene_ids": [
          "S2B_MSIL2A_20230210T033859_R061_T47PNL_20230211T035717",
          "S2B_MSIL2A_20230312T033539_R061_T47PNL_20230312T103608",
          "S2A_MSIL2A_20230406T033541_R061_T47PNL_20230406T112615"
        ],
        "source_dates": [
          "2023-02-10",
          "2023-03-12",
          "2023-04-06"
        ]
      },
      "geometry": {
        "type": "Point",
        "coordinates": [
          99.24250091483364,
          9.354702690272289
        ]
      }
    },
    {
      "type": "Feature",
      "properties": {
        "transect_id": "T046",
        "group": "CONTROL_RANK_1",
        "year": 2024,
        "edge_position_m_from_inland": 1455.0,
        "edge_change_relative_2023_m": 0.0,
        "ndvi_threshold": 0.32,
        "threshold_spread_m": 20.0,
        "single_scene_edge_range_m": 0.0,
        "source_scene_ids": [
          "S2B_MSIL2A_20240225T033729_R061_T47PNL_20240225T081626",
          "S2A_MSIL2A_20240321T033541_R061_T47PNL_20240321T091105",
          "S2A_MSIL2A_20240420T033541_R061_T47PNL_20240420T101326"
        ],
        "source_dates": [
          "2024-02-25",
          "2024-03-21",
          "2024-04-20"
        ]
      },
      "geometry": {
        "type": "Point",
        "coordinates": [
          99.24250091483364,
          9.354702690272289
        ]
      }
    },
    {
      "type": "Feature",
      "properties": {
        "transect_id": "T046",
        "group": "CONTROL_RANK_1",
        "year": 2025,
        "edge_position_m_from_inland": 1455.0,
        "edge_change_relative_2023_m": 0.0,
        "ndvi_threshold": 0.32,
        "threshold_spread_m": 0.0,
        "single_scene_edge_range_m": 0.0,
        "source_scene_ids": [
          "S2C_MSIL2A_20250214T033901_R061_T47PNL_20250214T090512",
          "S2C_MSIL2A_20250316T033601_R061_T47PNL_20250316T090315",
          "S2A_MSIL2A_20250407T034201_R061_T47PNL_20250407T083514"
        ],
        "source_dates": [
          "2025-02-14",
          "2025-03-16",
          "2025-04-07"
        ]
      },
      "geometry": {
        "type": "Point",
        "coordinates": [
          99.24250091483364,
          9.354702690272289
        ]
      }
    },
    {
      "type": "Feature",
      "properties": {
        "transect_id": "T046",
        "group": "CONTROL_RANK_1",
        "year": 2026,
        "edge_position_m_from_inland": 1455.0,
        "edge_change_relative_2023_m": 0.0,
        "ndvi_threshold": 0.32,
        "threshold_spread_m": 0.0,
        "single_scene_edge_range_m": 0.0,
        "source_scene_ids": [
          "S2C_MSIL2A_20260301T033701_R061_T47PNL_20260301T091613",
          "S2B_MSIL2A_20260405T033539_R061_T47PNL_20260405T072236",
          "S2C_MSIL2A_20260430T033541_R061_T47PNL_20260430T081812"
        ],
        "source_dates": [
          "2026-03-01",
          "2026-04-05",
          "2026-04-30"
        ]
      },
      "geometry": {
        "type": "Point",
        "coordinates": [
          99.24250091483364,
          9.354702690272289
        ]
      }
    },
    {
      "type": "Feature",
      "properties": {
        "transect_id": "T047",
        "group": "CONTROL_RANK_1",
        "year": 2018,
        "edge_position_m_from_inland": 1485.0,
        "edge_change_relative_2023_m": 20.0,
        "ndvi_threshold": 0.32,
        "threshold_spread_m": 0.0,
        "single_scene_edge_range_m": 0.0,
        "source_scene_ids": [
          "S2A_MSIL2A_20180201T033951_R061_T47PNL_20201013T174450",
          "S2B_MSIL2A_20180226T033709_R061_T47PNL_20201104T151958",
          "S2B_MSIL2A_20180328T033739_R061_T47PNL_20201013T153849"
        ],
        "source_dates": [
          "2018-02-01",
          "2018-02-26",
          "2018-03-28"
        ]
      },
      "geometry": {
        "type": "Point",
        "coordinates": [
          99.24339475256008,
          9.355024623336767
        ]
      }
    },
    {
      "type": "Feature",
      "properties": {
        "transect_id": "T047",
        "group": "CONTROL_RANK_1",
        "year": 2019,
        "edge_position_m_from_inland": 1485.0,
        "edge_change_relative_2023_m": 20.0,
        "ndvi_threshold": 0.32,
        "threshold_spread_m": 0.0,
        "single_scene_edge_range_m": 20.0,
        "source_scene_ids": [
          "S2B_MSIL2A_20190211T033859_R061_T47PNL_20201007T155504",
          "S2B_MSIL2A_20190323T033719_R061_T47PNL_20201007T094740",
          "S2A_MSIL2A_20190417T033541_R061_T47PNL_20201007T030425"
        ],
        "source_dates": [
          "2019-02-11",
          "2019-03-23",
          "2019-04-17"
        ]
      },
      "geometry": {
        "type": "Point",
        "coordinates": [
          99.24339475256008,
          9.355024623336767
        ]
      }
    },
    {
      "type": "Feature",
      "properties": {
        "transect_id": "T047",
        "group": "CONTROL_RANK_1",
        "year": 2020,
        "edge_position_m_from_inland": 1485.0,
        "edge_change_relative_2023_m": 20.0,
        "ndvi_threshold": 0.32,
        "threshold_spread_m": 0.0,
        "single_scene_edge_range_m": 0.0,
        "source_scene_ids": [
          "S2B_MSIL2A_20200226T033719_R061_T47PNL_20200928T132439",
          "S2A_MSIL2A_20200322T033531_R061_T47PNL_20201014T231526",
          "S2A_MSIL2A_20200411T033531_R061_T47PNL_20200923T010425"
        ],
        "source_dates": [
          "2020-02-26",
          "2020-03-22",
          "2020-04-11"
        ]
      },
      "geometry": {
        "type": "Point",
        "coordinates": [
          99.24339475256008,
          9.355024623336767
        ]
      }
    },
    {
      "type": "Feature",
      "properties": {
        "transect_id": "T047",
        "group": "CONTROL_RANK_1",
        "year": 2021,
        "edge_position_m_from_inland": 1485.0,
        "edge_change_relative_2023_m": 20.0,
        "ndvi_threshold": 0.32,
        "threshold_spread_m": 0.0,
        "single_scene_edge_range_m": 0.0,
        "source_scene_ids": [
          "S2B_MSIL2A_20210220T033759_R061_T47PNL_20210220T151603",
          "S2B_MSIL2A_20210312T033539_R061_T47PNL_20210312T160153",
          "S2A_MSIL2A_20210426T033531_R061_T47PNL_20210426T132640"
        ],
        "source_dates": [
          "2021-02-20",
          "2021-03-12",
          "2021-04-26"
        ]
      },
      "geometry": {
        "type": "Point",
        "coordinates": [
          99.24339475256008,
          9.355024623336767
        ]
      }
    },
    {
      "type": "Feature",
      "properties": {
        "transect_id": "T047",
        "group": "CONTROL_RANK_1",
        "year": 2022,
        "edge_position_m_from_inland": 1475.0,
        "edge_change_relative_2023_m": 10.0,
        "ndvi_threshold": 0.32,
        "threshold_spread_m": 0.0,
        "single_scene_edge_range_m": 20.0,
        "source_scene_ids": [
          "S2B_MSIL2A_20220205T033929_R061_T47PNL_20220218T223728",
          "S2A_MSIL2A_20220312T033541_R061_T47PNL_20220312T201539",
          "S2A_MSIL2A_20220421T033541_R061_T47PNL_20220421T215159"
        ],
        "source_dates": [
          "2022-02-05",
          "2022-03-12",
          "2022-04-21"
        ]
      },
      "geometry": {
        "type": "Point",
        "coordinates": [
          99.24334041349822,
          9.355097206649866
        ]
      }
    },
    {
      "type": "Feature",
      "properties": {
        "transect_id": "T047",
        "group": "CONTROL_RANK_1",
        "year": 2023,
        "edge_position_m_from_inland": 1465.0,
        "edge_change_relative_2023_m": 0.0,
        "ndvi_threshold": 0.32,
        "threshold_spread_m": 10.0,
        "single_scene_edge_range_m": 20.0,
        "source_scene_ids": [
          "S2B_MSIL2A_20230210T033859_R061_T47PNL_20230211T035717",
          "S2B_MSIL2A_20230312T033539_R061_T47PNL_20230312T103608",
          "S2A_MSIL2A_20230406T033541_R061_T47PNL_20230406T112615"
        ],
        "source_dates": [
          "2023-02-10",
          "2023-03-12",
          "2023-04-06"
        ]
      },
      "geometry": {
        "type": "Point",
        "coordinates": [
          99.24328607443634,
          9.355169789962963
        ]
      }
    },
    {
      "type": "Feature",
      "properties": {
        "transect_id": "T047",
        "group": "CONTROL_RANK_1",
        "year": 2024,
        "edge_position_m_from_inland": 1475.0,
        "edge_change_relative_2023_m": 10.0,
        "ndvi_threshold": 0.32,
        "threshold_spread_m": 10.0,
        "single_scene_edge_range_m": 10.0,
        "source_scene_ids": [
          "S2B_MSIL2A_20240225T033729_R061_T47PNL_20240225T081626",
          "S2A_MSIL2A_20240321T033541_R061_T47PNL_20240321T091105",
          "S2A_MSIL2A_20240420T033541_R061_T47PNL_20240420T101326"
        ],
        "source_dates": [
          "2024-02-25",
          "2024-03-21",
          "2024-04-20"
        ]
      },
      "geometry": {
        "type": "Point",
        "coordinates": [
          99.24334041349822,
          9.355097206649866
        ]
      }
    },
    {
      "type": "Feature",
      "properties": {
        "transect_id": "T047",
        "group": "CONTROL_RANK_1",
        "year": 2025,
        "edge_position_m_from_inland": 1475.0,
        "edge_change_relative_2023_m": 10.0,
        "ndvi_threshold": 0.32,
        "threshold_spread_m": 0.0,
        "single_scene_edge_range_m": 0.0,
        "source_scene_ids": [
          "S2C_MSIL2A_20250214T033901_R061_T47PNL_20250214T090512",
          "S2C_MSIL2A_20250316T033601_R061_T47PNL_20250316T090315",
          "S2A_MSIL2A_20250407T034201_R061_T47PNL_20250407T083514"
        ],
        "source_dates": [
          "2025-02-14",
          "2025-03-16",
          "2025-04-07"
        ]
      },
      "geometry": {
        "type": "Point",
        "coordinates": [
          99.24334041349822,
          9.355097206649866
        ]
      }
    },
    {
      "type": "Feature",
      "properties": {
        "transect_id": "T047",
        "group": "CONTROL_RANK_1",
        "year": 2026,
        "edge_position_m_from_inland": 1475.0,
        "edge_change_relative_2023_m": 10.0,
        "ndvi_threshold": 0.32,
        "threshold_spread_m": 0.0,
        "single_scene_edge_range_m": 0.0,
        "source_scene_ids": [
          "S2C_MSIL2A_20260301T033701_R061_T47PNL_20260301T091613",
          "S2B_MSIL2A_20260405T033539_R061_T47PNL_20260405T072236",
          "S2C_MSIL2A_20260430T033541_R061_T47PNL_20260430T081812"
        ],
        "source_dates": [
          "2026-03-01",
          "2026-04-05",
          "2026-04-30"
        ]
      },
      "geometry": {
        "type": "Point",
        "coordinates": [
          99.24334041349822,
          9.355097206649866
        ]
      }
    },
    {
      "type": "Feature",
      "properties": {
        "transect_id": "T049",
        "group": "CONTROL_RANK_3",
        "year": 2018,
        "edge_position_m_from_inland": 1485.0,
        "edge_change_relative_2023_m": 10.0,
        "ndvi_threshold": 0.32,
        "threshold_spread_m": 0.0,
        "single_scene_edge_range_m": 10.0,
        "source_scene_ids": [
          "S2A_MSIL2A_20180201T033951_R061_T47PNL_20201013T174450",
          "S2B_MSIL2A_20180226T033709_R061_T47PNL_20201104T151958",
          "S2B_MSIL2A_20180328T033739_R061_T47PNL_20201013T153849"
        ],
        "source_dates": [
          "2018-02-01",
          "2018-02-26",
          "2018-03-28"
        ]
      },
      "geometry": {
        "type": "Point",
        "coordinates": [
          99.24511140619255,
          9.35569746567314
        ]
      }
    },
    {
      "type": "Feature",
      "properties": {
        "transect_id": "T049",
        "group": "CONTROL_RANK_3",
        "year": 2019,
        "edge_position_m_from_inland": 1485.0,
        "edge_change_relative_2023_m": 10.0,
        "ndvi_threshold": 0.32,
        "threshold_spread_m": 0.0,
        "single_scene_edge_range_m": 10.0,
        "source_scene_ids": [
          "S2B_MSIL2A_20190211T033859_R061_T47PNL_20201007T155504",
          "S2B_MSIL2A_20190323T033719_R061_T47PNL_20201007T094740",
          "S2A_MSIL2A_20190417T033541_R061_T47PNL_20201007T030425"
        ],
        "source_dates": [
          "2019-02-11",
          "2019-03-23",
          "2019-04-17"
        ]
      },
      "geometry": {
        "type": "Point",
        "coordinates": [
          99.24511140619255,
          9.35569746567314
        ]
      }
    },
    {
      "type": "Feature",
      "properties": {
        "transect_id": "T049",
        "group": "CONTROL_RANK_3",
        "year": 2020,
        "edge_position_m_from_inland": 1485.0,
        "edge_change_relative_2023_m": 10.0,
        "ndvi_threshold": 0.32,
        "threshold_spread_m": 0.0,
        "single_scene_edge_range_m": 0.0,
        "source_scene_ids": [
          "S2B_MSIL2A_20200226T033719_R061_T47PNL_20200928T132439",
          "S2A_MSIL2A_20200322T033531_R061_T47PNL_20201014T231526",
          "S2A_MSIL2A_20200411T033531_R061_T47PNL_20200923T010425"
        ],
        "source_dates": [
          "2020-02-26",
          "2020-03-22",
          "2020-04-11"
        ]
      },
      "geometry": {
        "type": "Point",
        "coordinates": [
          99.24511140619255,
          9.35569746567314
        ]
      }
    },
    {
      "type": "Feature",
      "properties": {
        "transect_id": "T049",
        "group": "CONTROL_RANK_3",
        "year": 2021,
        "edge_position_m_from_inland": 1485.0,
        "edge_change_relative_2023_m": 10.0,
        "ndvi_threshold": 0.32,
        "threshold_spread_m": 0.0,
        "single_scene_edge_range_m": 10.0,
        "source_scene_ids": [
          "S2B_MSIL2A_20210220T033759_R061_T47PNL_20210220T151603",
          "S2B_MSIL2A_20210312T033539_R061_T47PNL_20210312T160153",
          "S2A_MSIL2A_20210426T033531_R061_T47PNL_20210426T132640"
        ],
        "source_dates": [
          "2021-02-20",
          "2021-03-12",
          "2021-04-26"
        ]
      },
      "geometry": {
        "type": "Point",
        "coordinates": [
          99.24511140619255,
          9.35569746567314
        ]
      }
    },
    {
      "type": "Feature",
      "properties": {
        "transect_id": "T049",
        "group": "CONTROL_RANK_3",
        "year": 2022,
        "edge_position_m_from_inland": 1475.0,
        "edge_change_relative_2023_m": 0.0,
        "ndvi_threshold": 0.32,
        "threshold_spread_m": 0.0,
        "single_scene_edge_range_m": 10.0,
        "source_scene_ids": [
          "S2B_MSIL2A_20220205T033929_R061_T47PNL_20220218T223728",
          "S2A_MSIL2A_20220312T033541_R061_T47PNL_20220312T201539",
          "S2A_MSIL2A_20220421T033541_R061_T47PNL_20220421T215159"
        ],
        "source_dates": [
          "2022-02-05",
          "2022-03-12",
          "2022-04-21"
        ]
      },
      "geometry": {
        "type": "Point",
        "coordinates": [
          99.24508792342975,
          9.35578485538811
        ]
      }
    },
    {
      "type": "Feature",
      "properties": {
        "transect_id": "T049",
        "group": "CONTROL_RANK_3",
        "year": 2023,
        "edge_position_m_from_inland": 1475.0,
        "edge_change_relative_2023_m": 0.0,
        "ndvi_threshold": 0.32,
        "threshold_spread_m": 10.0,
        "single_scene_edge_range_m": 10.0,
        "source_scene_ids": [
          "S2B_MSIL2A_20230210T033859_R061_T47PNL_20230211T035717",
          "S2B_MSIL2A_20230312T033539_R061_T47PNL_20230312T103608",
          "S2A_MSIL2A_20230406T033541_R061_T47PNL_20230406T112615"
        ],
        "source_dates": [
          "2023-02-10",
          "2023-03-12",
          "2023-04-06"
        ]
      },
      "geometry": {
        "type": "Point",
        "coordinates": [
          99.24508792342975,
          9.35578485538811
        ]
      }
    },
    {
      "type": "Feature",
      "properties": {
        "transect_id": "T049",
        "group": "CONTROL_RANK_3",
        "year": 2024,
        "edge_position_m_from_inland": 1475.0,
        "edge_change_relative_2023_m": 0.0,
        "ndvi_threshold": 0.32,
        "threshold_spread_m": 0.0,
        "single_scene_edge_range_m": 0.0,
        "source_scene_ids": [
          "S2B_MSIL2A_20240225T033729_R061_T47PNL_20240225T081626",
          "S2A_MSIL2A_20240321T033541_R061_T47PNL_20240321T091105",
          "S2A_MSIL2A_20240420T033541_R061_T47PNL_20240420T101326"
        ],
        "source_dates": [
          "2024-02-25",
          "2024-03-21",
          "2024-04-20"
        ]
      },
      "geometry": {
        "type": "Point",
        "coordinates": [
          99.24508792342975,
          9.35578485538811
        ]
      }
    },
    {
      "type": "Feature",
      "properties": {
        "transect_id": "T049",
        "group": "CONTROL_RANK_3",
        "year": 2025,
        "edge_position_m_from_inland": 1475.0,
        "edge_change_relative_2023_m": 0.0,
        "ndvi_threshold": 0.32,
        "threshold_spread_m": 0.0,
        "single_scene_edge_range_m": 0.0,
        "source_scene_ids": [
          "S2C_MSIL2A_20250214T033901_R061_T47PNL_20250214T090512",
          "S2C_MSIL2A_20250316T033601_R061_T47PNL_20250316T090315",
          "S2A_MSIL2A_20250407T034201_R061_T47PNL_20250407T083514"
        ],
        "source_dates": [
          "2025-02-14",
          "2025-03-16",
          "2025-04-07"
        ]
      },
      "geometry": {
        "type": "Point",
        "coordinates": [
          99.24508792342975,
          9.35578485538811
        ]
      }
    },
    {
      "type": "Feature",
      "properties": {
        "transect_id": "T049",
        "group": "CONTROL_RANK_3",
        "year": 2026,
        "edge_position_m_from_inland": 1475.0,
        "edge_change_relative_2023_m": 0.0,
        "ndvi_threshold": 0.32,
        "threshold_spread_m": 0.0,
        "single_scene_edge_range_m": 0.0,
        "source_scene_ids": [
          "S2C_MSIL2A_20260301T033701_R061_T47PNL_20260301T091613",
          "S2B_MSIL2A_20260405T033539_R061_T47PNL_20260405T072236",
          "S2C_MSIL2A_20260430T033541_R061_T47PNL_20260430T081812"
        ],
        "source_dates": [
          "2026-03-01",
          "2026-04-05",
          "2026-04-30"
        ]
      },
      "geometry": {
        "type": "Point",
        "coordinates": [
          99.24508792342975,
          9.35578485538811
        ]
      }
    },
    {
      "type": "Feature",
      "properties": {
        "transect_id": "T050",
        "group": "CONTROL_RANK_3",
        "year": 2018,
        "edge_position_m_from_inland": 1495.0,
        "edge_change_relative_2023_m": 10.0,
        "ndvi_threshold": 0.32,
        "threshold_spread_m": 0.0,
        "single_scene_edge_range_m": 10.0,
        "source_scene_ids": [
          "S2A_MSIL2A_20180201T033951_R061_T47PNL_20201013T174450",
          "S2B_MSIL2A_20180226T033709_R061_T47PNL_20201104T151958",
          "S2B_MSIL2A_20180328T033739_R061_T47PNL_20201013T153849"
        ],
        "source_dates": [
          "2018-02-01",
          "2018-02-26",
          "2018-03-28"
        ]
      },
      "geometry": {
        "type": "Point",
        "coordinates": [
          99.24601479420691,
          9.355843299259574
        ]
      }
    },
    {
      "type": "Feature",
      "properties": {
        "transect_id": "T050",
        "group": "CONTROL_RANK_3",
        "year": 2019,
        "edge_position_m_from_inland": 1495.0,
        "edge_change_relative_2023_m": 10.0,
        "ndvi_threshold": 0.32,
        "threshold_spread_m": 0.0,
        "single_scene_edge_range_m": 10.0,
        "source_scene_ids": [
          "S2B_MSIL2A_20190211T033859_R061_T47PNL_20201007T155504",
          "S2B_MSIL2A_20190323T033719_R061_T47PNL_20201007T094740",
          "S2A_MSIL2A_20190417T033541_R061_T47PNL_20201007T030425"
        ],
        "source_dates": [
          "2019-02-11",
          "2019-03-23",
          "2019-04-17"
        ]
      },
      "geometry": {
        "type": "Point",
        "coordinates": [
          99.24601479420691,
          9.355843299259574
        ]
      }
    },
    {
      "type": "Feature",
      "properties": {
        "transect_id": "T050",
        "group": "CONTROL_RANK_3",
        "year": 2020,
        "edge_position_m_from_inland": 1495.0,
        "edge_change_relative_2023_m": 10.0,
        "ndvi_threshold": 0.32,
        "threshold_spread_m": 0.0,
        "single_scene_edge_range_m": 0.0,
        "source_scene_ids": [
          "S2B_MSIL2A_20200226T033719_R061_T47PNL_20200928T132439",
          "S2A_MSIL2A_20200322T033531_R061_T47PNL_20201014T231526",
          "S2A_MSIL2A_20200411T033531_R061_T47PNL_20200923T010425"
        ],
        "source_dates": [
          "2020-02-26",
          "2020-03-22",
          "2020-04-11"
        ]
      },
      "geometry": {
        "type": "Point",
        "coordinates": [
          99.24601479420691,
          9.355843299259574
        ]
      }
    },
    {
      "type": "Feature",
      "properties": {
        "transect_id": "T050",
        "group": "CONTROL_RANK_3",
        "year": 2021,
        "edge_position_m_from_inland": 1495.0,
        "edge_change_relative_2023_m": 10.0,
        "ndvi_threshold": 0.32,
        "threshold_spread_m": 0.0,
        "single_scene_edge_range_m": 10.0,
        "source_scene_ids": [
          "S2B_MSIL2A_20210220T033759_R061_T47PNL_20210220T151603",
          "S2B_MSIL2A_20210312T033539_R061_T47PNL_20210312T160153",
          "S2A_MSIL2A_20210426T033531_R061_T47PNL_20210426T132640"
        ],
        "source_dates": [
          "2021-02-20",
          "2021-03-12",
          "2021-04-26"
        ]
      },
      "geometry": {
        "type": "Point",
        "coordinates": [
          99.24601479420691,
          9.355843299259574
        ]
      }
    },
    {
      "type": "Feature",
      "properties": {
        "transect_id": "T050",
        "group": "CONTROL_RANK_3",
        "year": 2022,
        "edge_position_m_from_inland": 1485.0,
        "edge_change_relative_2023_m": 0.0,
        "ndvi_threshold": 0.32,
        "threshold_spread_m": 0.0,
        "single_scene_edge_range_m": 10.0,
        "source_scene_ids": [
          "S2B_MSIL2A_20220205T033929_R061_T47PNL_20220218T223728",
          "S2A_MSIL2A_20220312T033541_R061_T47PNL_20220312T201539",
          "S2A_MSIL2A_20220421T033541_R061_T47PNL_20220421T215159"
        ],
        "source_dates": [
          "2022-02-05",
          "2022-03-12",
          "2022-04-21"
        ]
      },
      "geometry": {
        "type": "Point",
        "coordinates": [
          99.24599131165117,
          9.355930689026389
        ]
      }
    },
    {
      "type": "Feature",
      "properties": {
        "transect_id": "T050",
        "group": "CONTROL_RANK_3",
        "year": 2023,
        "edge_position_m_from_inland": 1485.0,
        "edge_change_relative_2023_m": 0.0,
        "ndvi_threshold": 0.32,
        "threshold_spread_m": 0.0,
        "single_scene_edge_range_m": 10.0,
        "source_scene_ids": [
          "S2B_MSIL2A_20230210T033859_R061_T47PNL_20230211T035717",
          "S2B_MSIL2A_20230312T033539_R061_T47PNL_20230312T103608",
          "S2A_MSIL2A_20230406T033541_R061_T47PNL_20230406T112615"
        ],
        "source_dates": [
          "2023-02-10",
          "2023-03-12",
          "2023-04-06"
        ]
      },
      "geometry": {
        "type": "Point",
        "coordinates": [
          99.24599131165117,
          9.355930689026389
        ]
      }
    },
    {
      "type": "Feature",
      "properties": {
        "transect_id": "T050",
        "group": "CONTROL_RANK_3",
        "year": 2024,
        "edge_position_m_from_inland": 1485.0,
        "edge_change_relative_2023_m": 0.0,
        "ndvi_threshold": 0.32,
        "threshold_spread_m": 0.0,
        "single_scene_edge_range_m": 0.0,
        "source_scene_ids": [
          "S2B_MSIL2A_20240225T033729_R061_T47PNL_20240225T081626",
          "S2A_MSIL2A_20240321T033541_R061_T47PNL_20240321T091105",
          "S2A_MSIL2A_20240420T033541_R061_T47PNL_20240420T101326"
        ],
        "source_dates": [
          "2024-02-25",
          "2024-03-21",
          "2024-04-20"
        ]
      },
      "geometry": {
        "type": "Point",
        "coordinates": [
          99.24599131165117,
          9.355930689026389
        ]
      }
    },
    {
      "type": "Feature",
      "properties": {
        "transect_id": "T050",
        "group": "CONTROL_RANK_3",
        "year": 2025,
        "edge_position_m_from_inland": 1485.0,
        "edge_change_relative_2023_m": 0.0,
        "ndvi_threshold": 0.32,
        "threshold_spread_m": 0.0,
        "single_scene_edge_range_m": 0.0,
        "source_scene_ids": [
          "S2C_MSIL2A_20250214T033901_R061_T47PNL_20250214T090512",
          "S2C_MSIL2A_20250316T033601_R061_T47PNL_20250316T090315",
          "S2A_MSIL2A_20250407T034201_R061_T47PNL_20250407T083514"
        ],
        "source_dates": [
          "2025-02-14",
          "2025-03-16",
          "2025-04-07"
        ]
      },
      "geometry": {
        "type": "Point",
        "coordinates": [
          99.24599131165117,
          9.355930689026389
        ]
      }
    },
    {
      "type": "Feature",
      "properties": {
        "transect_id": "T050",
        "group": "CONTROL_RANK_3",
        "year": 2026,
        "edge_position_m_from_inland": 1485.0,
        "edge_change_relative_2023_m": 0.0,
        "ndvi_threshold": 0.32,
        "threshold_spread_m": 0.0,
        "single_scene_edge_range_m": 0.0,
        "source_scene_ids": [
          "S2C_MSIL2A_20260301T033701_R061_T47PNL_20260301T091613",
          "S2B_MSIL2A_20260405T033539_R061_T47PNL_20260405T072236",
          "S2C_MSIL2A_20260430T033541_R061_T47PNL_20260430T081812"
        ],
        "source_dates": [
          "2026-03-01",
          "2026-04-05",
          "2026-04-30"
        ]
      },
      "geometry": {
        "type": "Point",
        "coordinates": [
          99.24599131165117,
          9.355930689026389
        ]
      }
    },
    {
      "type": "Feature",
      "properties": {
        "transect_id": "T051",
        "group": "CONTROL_RANK_3",
        "year": 2018,
        "edge_position_m_from_inland": 1515.0,
        "edge_change_relative_2023_m": 20.0,
        "ndvi_threshold": 0.32,
        "threshold_spread_m": 0.0,
        "single_scene_edge_range_m": 0.0,
        "source_scene_ids": [
          "S2A_MSIL2A_20180201T033951_R061_T47PNL_20201013T174450",
          "S2B_MSIL2A_20180226T033709_R061_T47PNL_20201104T151958",
          "S2B_MSIL2A_20180328T033739_R061_T47PNL_20201013T153849"
        ],
        "source_dates": [
          "2018-02-01",
          "2018-02-26",
          "2018-03-28"
        ]
      },
      "geometry": {
        "type": "Point",
        "coordinates": [
          99.24694166527554,
          9.355901740708717
        ]
      }
    },
    {
      "type": "Feature",
      "properties": {
        "transect_id": "T051",
        "group": "CONTROL_RANK_3",
        "year": 2019,
        "edge_position_m_from_inland": 1515.0,
        "edge_change_relative_2023_m": 20.0,
        "ndvi_threshold": 0.32,
        "threshold_spread_m": 0.0,
        "single_scene_edge_range_m": 10.0,
        "source_scene_ids": [
          "S2B_MSIL2A_20190211T033859_R061_T47PNL_20201007T155504",
          "S2B_MSIL2A_20190323T033719_R061_T47PNL_20201007T094740",
          "S2A_MSIL2A_20190417T033541_R061_T47PNL_20201007T030425"
        ],
        "source_dates": [
          "2019-02-11",
          "2019-03-23",
          "2019-04-17"
        ]
      },
      "geometry": {
        "type": "Point",
        "coordinates": [
          99.24694166527554,
          9.355901740708717
        ]
      }
    },
    {
      "type": "Feature",
      "properties": {
        "transect_id": "T051",
        "group": "CONTROL_RANK_3",
        "year": 2020,
        "edge_position_m_from_inland": 1515.0,
        "edge_change_relative_2023_m": 20.0,
        "ndvi_threshold": 0.32,
        "threshold_spread_m": 0.0,
        "single_scene_edge_range_m": 10.0,
        "source_scene_ids": [
          "S2B_MSIL2A_20200226T033719_R061_T47PNL_20200928T132439",
          "S2A_MSIL2A_20200322T033531_R061_T47PNL_20201014T231526",
          "S2A_MSIL2A_20200411T033531_R061_T47PNL_20200923T010425"
        ],
        "source_dates": [
          "2020-02-26",
          "2020-03-22",
          "2020-04-11"
        ]
      },
      "geometry": {
        "type": "Point",
        "coordinates": [
          99.24694166527554,
          9.355901740708717
        ]
      }
    },
    {
      "type": "Feature",
      "properties": {
        "transect_id": "T051",
        "group": "CONTROL_RANK_3",
        "year": 2021,
        "edge_position_m_from_inland": 1515.0,
        "edge_change_relative_2023_m": 20.0,
        "ndvi_threshold": 0.32,
        "threshold_spread_m": 0.0,
        "single_scene_edge_range_m": 0.0,
        "source_scene_ids": [
          "S2B_MSIL2A_20210220T033759_R061_T47PNL_20210220T151603",
          "S2B_MSIL2A_20210312T033539_R061_T47PNL_20210312T160153",
          "S2A_MSIL2A_20210426T033531_R061_T47PNL_20210426T132640"
        ],
        "source_dates": [
          "2021-02-20",
          "2021-03-12",
          "2021-04-26"
        ]
      },
      "geometry": {
        "type": "Point",
        "coordinates": [
          99.24694166527554,
          9.355901740708717
        ]
      }
    },
    {
      "type": "Feature",
      "properties": {
        "transect_id": "T051",
        "group": "CONTROL_RANK_3",
        "year": 2022,
        "edge_position_m_from_inland": 1495.0,
        "edge_change_relative_2023_m": 0.0,
        "ndvi_threshold": 0.32,
        "threshold_spread_m": 0.0,
        "single_scene_edge_range_m": 20.0,
        "source_scene_ids": [
          "S2B_MSIL2A_20220205T033929_R061_T47PNL_20220218T223728",
          "S2A_MSIL2A_20220312T033541_R061_T47PNL_20220312T201539",
          "S2A_MSIL2A_20220421T033541_R061_T47PNL_20220421T215159"
        ],
        "source_dates": [
          "2022-02-05",
          "2022-03-12",
          "2022-04-21"
        ]
      },
      "geometry": {
        "type": "Point",
        "coordinates": [
          99.24689470057821,
          9.356076520346
        ]
      }
    },
    {
      "type": "Feature",
      "properties": {
        "transect_id": "T051",
        "group": "CONTROL_RANK_3",
        "year": 2023,
        "edge_position_m_from_inland": 1495.0,
        "edge_change_relative_2023_m": 0.0,
        "ndvi_threshold": 0.32,
        "threshold_spread_m": 0.0,
        "single_scene_edge_range_m": 20.0,
        "source_scene_ids": [
          "S2B_MSIL2A_20230210T033859_R061_T47PNL_20230211T035717",
          "S2B_MSIL2A_20230312T033539_R061_T47PNL_20230312T103608",
          "S2A_MSIL2A_20230406T033541_R061_T47PNL_20230406T112615"
        ],
        "source_dates": [
          "2023-02-10",
          "2023-03-12",
          "2023-04-06"
        ]
      },
      "geometry": {
        "type": "Point",
        "coordinates": [
          99.24689470057821,
          9.356076520346
        ]
      }
    },
    {
      "type": "Feature",
      "properties": {
        "transect_id": "T051",
        "group": "CONTROL_RANK_3",
        "year": 2024,
        "edge_position_m_from_inland": 1495.0,
        "edge_change_relative_2023_m": 0.0,
        "ndvi_threshold": 0.32,
        "threshold_spread_m": 0.0,
        "single_scene_edge_range_m": 10.0,
        "source_scene_ids": [
          "S2B_MSIL2A_20240225T033729_R061_T47PNL_20240225T081626",
          "S2A_MSIL2A_20240321T033541_R061_T47PNL_20240321T091105",
          "S2A_MSIL2A_20240420T033541_R061_T47PNL_20240420T101326"
        ],
        "source_dates": [
          "2024-02-25",
          "2024-03-21",
          "2024-04-20"
        ]
      },
      "geometry": {
        "type": "Point",
        "coordinates": [
          99.24689470057821,
          9.356076520346
        ]
      }
    },
    {
      "type": "Feature",
      "properties": {
        "transect_id": "T051",
        "group": "CONTROL_RANK_3",
        "year": 2025,
        "edge_position_m_from_inland": 1495.0,
        "edge_change_relative_2023_m": 0.0,
        "ndvi_threshold": 0.32,
        "threshold_spread_m": 10.0,
        "single_scene_edge_range_m": 0.0,
        "source_scene_ids": [
          "S2C_MSIL2A_20250214T033901_R061_T47PNL_20250214T090512",
          "S2C_MSIL2A_20250316T033601_R061_T47PNL_20250316T090315",
          "S2A_MSIL2A_20250407T034201_R061_T47PNL_20250407T083514"
        ],
        "source_dates": [
          "2025-02-14",
          "2025-03-16",
          "2025-04-07"
        ]
      },
      "geometry": {
        "type": "Point",
        "coordinates": [
          99.24689470057821,
          9.356076520346
        ]
      }
    },
    {
      "type": "Feature",
      "properties": {
        "transect_id": "T051",
        "group": "CONTROL_RANK_3",
        "year": 2026,
        "edge_position_m_from_inland": 1495.0,
        "edge_change_relative_2023_m": 0.0,
        "ndvi_threshold": 0.32,
        "threshold_spread_m": 0.0,
        "single_scene_edge_range_m": 0.0,
        "source_scene_ids": [
          "S2C_MSIL2A_20260301T033701_R061_T47PNL_20260301T091613",
          "S2B_MSIL2A_20260405T033539_R061_T47PNL_20260405T072236",
          "S2C_MSIL2A_20260430T033541_R061_T47PNL_20260430T081812"
        ],
        "source_dates": [
          "2026-03-01",
          "2026-04-05",
          "2026-04-30"
        ]
      },
      "geometry": {
        "type": "Point",
        "coordinates": [
          99.24689470057821,
          9.356076520346
        ]
      }
    },
    {
      "type": "Feature",
      "properties": {
        "transect_id": "T052",
        "group": "CONTROL_RANK_3",
        "year": 2018,
        "edge_position_m_from_inland": 1485.0,
        "edge_change_relative_2023_m": 20.0,
        "ndvi_threshold": 0.32,
        "threshold_spread_m": 0.0,
        "single_scene_edge_range_m": 10.0,
        "source_scene_ids": [
          "S2A_MSIL2A_20180201T033951_R061_T47PNL_20201013T174450",
          "S2B_MSIL2A_20180226T033709_R061_T47PNL_20201104T151958",
          "S2B_MSIL2A_20180328T033739_R061_T47PNL_20201013T153849"
        ],
        "source_dates": [
          "2018-02-01",
          "2018-02-26",
          "2018-03-28"
        ]
      },
      "geometry": {
        "type": "Point",
        "coordinates": [
          99.24775112592748,
          9.356397129087735
        ]
      }
    },
    {
      "type": "Feature",
      "properties": {
        "transect_id": "T052",
        "group": "CONTROL_RANK_3",
        "year": 2019,
        "edge_position_m_from_inland": 1485.0,
        "edge_change_relative_2023_m": 20.0,
        "ndvi_threshold": 0.32,
        "threshold_spread_m": 10.0,
        "single_scene_edge_range_m": 10.0,
        "source_scene_ids": [
          "S2B_MSIL2A_20190211T033859_R061_T47PNL_20201007T155504",
          "S2B_MSIL2A_20190323T033719_R061_T47PNL_20201007T094740",
          "S2A_MSIL2A_20190417T033541_R061_T47PNL_20201007T030425"
        ],
        "source_dates": [
          "2019-02-11",
          "2019-03-23",
          "2019-04-17"
        ]
      },
      "geometry": {
        "type": "Point",
        "coordinates": [
          99.24775112592748,
          9.356397129087735
        ]
      }
    },
    {
      "type": "Feature",
      "properties": {
        "transect_id": "T052",
        "group": "CONTROL_RANK_3",
        "year": 2020,
        "edge_position_m_from_inland": 1475.0,
        "edge_change_relative_2023_m": 10.0,
        "ndvi_threshold": 0.32,
        "threshold_spread_m": 0.0,
        "single_scene_edge_range_m": 0.0,
        "source_scene_ids": [
          "S2B_MSIL2A_20200226T033719_R061_T47PNL_20200928T132439",
          "S2A_MSIL2A_20200322T033531_R061_T47PNL_20201014T231526",
          "S2A_MSIL2A_20200411T033531_R061_T47PNL_20200923T010425"
        ],
        "source_dates": [
          "2020-02-26",
          "2020-03-22",
          "2020-04-11"
        ]
      },
      "geometry": {
        "type": "Point",
        "coordinates": [
          99.24772764378591,
          9.356484518958187
        ]
      }
    },
    {
      "type": "Feature",
      "properties": {
        "transect_id": "T052",
        "group": "CONTROL_RANK_3",
        "year": 2021,
        "edge_position_m_from_inland": 1475.0,
        "edge_change_relative_2023_m": 10.0,
        "ndvi_threshold": 0.32,
        "threshold_spread_m": 10.0,
        "single_scene_edge_range_m": 10.0,
        "source_scene_ids": [
          "S2B_MSIL2A_20210220T033759_R061_T47PNL_20210220T151603",
          "S2B_MSIL2A_20210312T033539_R061_T47PNL_20210312T160153",
          "S2A_MSIL2A_20210426T033531_R061_T47PNL_20210426T132640"
        ],
        "source_dates": [
          "2021-02-20",
          "2021-03-12",
          "2021-04-26"
        ]
      },
      "geometry": {
        "type": "Point",
        "coordinates": [
          99.24772764378591,
          9.356484518958187
        ]
      }
    },
    {
      "type": "Feature",
      "properties": {
        "transect_id": "T052",
        "group": "CONTROL_RANK_3",
        "year": 2022,
        "edge_position_m_from_inland": 1465.0,
        "edge_change_relative_2023_m": 0.0,
        "ndvi_threshold": 0.32,
        "threshold_spread_m": 10.0,
        "single_scene_edge_range_m": 10.0,
        "source_scene_ids": [
          "S2B_MSIL2A_20220205T033929_R061_T47PNL_20220218T223728",
          "S2A_MSIL2A_20220312T033541_R061_T47PNL_20220312T201539",
          "S2A_MSIL2A_20220421T033541_R061_T47PNL_20220421T215159"
        ],
        "source_dates": [
          "2022-02-05",
          "2022-03-12",
          "2022-04-21"
        ]
      },
      "geometry": {
        "type": "Point",
        "coordinates": [
          99.24770416164432,
          9.35657190882864
        ]
      }
    },
    {
      "type": "Feature",
      "properties": {
        "transect_id": "T052",
        "group": "CONTROL_RANK_3",
        "year": 2023,
        "edge_position_m_from_inland": 1465.0,
        "edge_change_relative_2023_m": 0.0,
        "ndvi_threshold": 0.32,
        "threshold_spread_m": 0.0,
        "single_scene_edge_range_m": 10.0,
        "source_scene_ids": [
          "S2B_MSIL2A_20230210T033859_R061_T47PNL_20230211T035717",
          "S2B_MSIL2A_20230312T033539_R061_T47PNL_20230312T103608",
          "S2A_MSIL2A_20230406T033541_R061_T47PNL_20230406T112615"
        ],
        "source_dates": [
          "2023-02-10",
          "2023-03-12",
          "2023-04-06"
        ]
      },
      "geometry": {
        "type": "Point",
        "coordinates": [
          99.24770416164432,
          9.35657190882864
        ]
      }
    },
    {
      "type": "Feature",
      "properties": {
        "transect_id": "T052",
        "group": "CONTROL_RANK_3",
        "year": 2024,
        "edge_position_m_from_inland": 1465.0,
        "edge_change_relative_2023_m": 0.0,
        "ndvi_threshold": 0.32,
        "threshold_spread_m": 580.0,
        "single_scene_edge_range_m": 10.0,
        "source_scene_ids": [
          "S2B_MSIL2A_20240225T033729_R061_T47PNL_20240225T081626",
          "S2A_MSIL2A_20240321T033541_R061_T47PNL_20240321T091105",
          "S2A_MSIL2A_20240420T033541_R061_T47PNL_20240420T101326"
        ],
        "source_dates": [
          "2024-02-25",
          "2024-03-21",
          "2024-04-20"
        ]
      },
      "geometry": {
        "type": "Point",
        "coordinates": [
          99.24770416164432,
          9.35657190882864
        ]
      }
    },
    {
      "type": "Feature",
      "properties": {
        "transect_id": "T052",
        "group": "CONTROL_RANK_3",
        "year": 2025,
        "edge_position_m_from_inland": 1475.0,
        "edge_change_relative_2023_m": 10.0,
        "ndvi_threshold": 0.32,
        "threshold_spread_m": 0.0,
        "single_scene_edge_range_m": 0.0,
        "source_scene_ids": [
          "S2C_MSIL2A_20250214T033901_R061_T47PNL_20250214T090512",
          "S2C_MSIL2A_20250316T033601_R061_T47PNL_20250316T090315",
          "S2A_MSIL2A_20250407T034201_R061_T47PNL_20250407T083514"
        ],
        "source_dates": [
          "2025-02-14",
          "2025-03-16",
          "2025-04-07"
        ]
      },
      "geometry": {
        "type": "Point",
        "coordinates": [
          99.24772764378591,
          9.356484518958187
        ]
      }
    },
    {
      "type": "Feature",
      "properties": {
        "transect_id": "T052",
        "group": "CONTROL_RANK_3",
        "year": 2026,
        "edge_position_m_from_inland": 1465.0,
        "edge_change_relative_2023_m": 0.0,
        "ndvi_threshold": 0.32,
        "threshold_spread_m": 10.0,
        "single_scene_edge_range_m": 10.0,
        "source_scene_ids": [
          "S2C_MSIL2A_20260301T033701_R061_T47PNL_20260301T091613",
          "S2B_MSIL2A_20260405T033539_R061_T47PNL_20260405T072236",
          "S2C_MSIL2A_20260430T033541_R061_T47PNL_20260430T081812"
        ],
        "source_dates": [
          "2026-03-01",
          "2026-04-05",
          "2026-04-30"
        ]
      },
      "geometry": {
        "type": "Point",
        "coordinates": [
          99.24770416164432,
          9.35657190882864
        ]
      }
    },
    {
      "type": "Feature",
      "properties": {
        "transect_id": "T053",
        "group": "CONTROL_RANK_3",
        "year": 2018,
        "edge_position_m_from_inland": 1485.0,
        "edge_change_relative_2023_m": 10.0,
        "ndvi_threshold": 0.32,
        "threshold_spread_m": 0.0,
        "single_scene_edge_range_m": 0.0,
        "source_scene_ids": [
          "S2A_MSIL2A_20180201T033951_R061_T47PNL_20201013T174450",
          "S2B_MSIL2A_20180226T033709_R061_T47PNL_20201104T151958",
          "S2B_MSIL2A_20180328T033739_R061_T47PNL_20201013T153849"
        ],
        "source_dates": [
          "2018-02-01",
          "2018-02-26",
          "2018-03-28"
        ]
      },
      "geometry": {
        "type": "Point",
        "coordinates": [
          99.24863103474482,
          9.356630345795507
        ]
      }
    },
    {
      "type": "Feature",
      "properties": {
        "transect_id": "T053",
        "group": "CONTROL_RANK_3",
        "year": 2019,
        "edge_position_m_from_inland": 1485.0,
        "edge_change_relative_2023_m": 10.0,
        "ndvi_threshold": 0.32,
        "threshold_spread_m": 0.0,
        "single_scene_edge_range_m": 10.0,
        "source_scene_ids": [
          "S2B_MSIL2A_20190211T033859_R061_T47PNL_20201007T155504",
          "S2B_MSIL2A_20190323T033719_R061_T47PNL_20201007T094740",
          "S2A_MSIL2A_20190417T033541_R061_T47PNL_20201007T030425"
        ],
        "source_dates": [
          "2019-02-11",
          "2019-03-23",
          "2019-04-17"
        ]
      },
      "geometry": {
        "type": "Point",
        "coordinates": [
          99.24863103474482,
          9.356630345795507
        ]
      }
    },
    {
      "type": "Feature",
      "properties": {
        "transect_id": "T053",
        "group": "CONTROL_RANK_3",
        "year": 2020,
        "edge_position_m_from_inland": 1485.0,
        "edge_change_relative_2023_m": 10.0,
        "ndvi_threshold": 0.32,
        "threshold_spread_m": 0.0,
        "single_scene_edge_range_m": 10.0,
        "source_scene_ids": [
          "S2B_MSIL2A_20200226T033719_R061_T47PNL_20200928T132439",
          "S2A_MSIL2A_20200322T033531_R061_T47PNL_20201014T231526",
          "S2A_MSIL2A_20200411T033531_R061_T47PNL_20200923T010425"
        ],
        "source_dates": [
          "2020-02-26",
          "2020-03-22",
          "2020-04-11"
        ]
      },
      "geometry": {
        "type": "Point",
        "coordinates": [
          99.24863103474482,
          9.356630345795507
        ]
      }
    },
    {
      "type": "Feature",
      "properties": {
        "transect_id": "T053",
        "group": "CONTROL_RANK_3",
        "year": 2021,
        "edge_position_m_from_inland": 1485.0,
        "edge_change_relative_2023_m": 10.0,
        "ndvi_threshold": 0.32,
        "threshold_spread_m": 0.0,
        "single_scene_edge_range_m": 10.0,
        "source_scene_ids": [
          "S2B_MSIL2A_20210220T033759_R061_T47PNL_20210220T151603",
          "S2B_MSIL2A_20210312T033539_R061_T47PNL_20210312T160153",
          "S2A_MSIL2A_20210426T033531_R061_T47PNL_20210426T132640"
        ],
        "source_dates": [
          "2021-02-20",
          "2021-03-12",
          "2021-04-26"
        ]
      },
      "geometry": {
        "type": "Point",
        "coordinates": [
          99.24863103474482,
          9.356630345795507
        ]
      }
    },
    {
      "type": "Feature",
      "properties": {
        "transect_id": "T053",
        "group": "CONTROL_RANK_3",
        "year": 2022,
        "edge_position_m_from_inland": 1475.0,
        "edge_change_relative_2023_m": 0.0,
        "ndvi_threshold": 0.32,
        "threshold_spread_m": 10.0,
        "single_scene_edge_range_m": 20.0,
        "source_scene_ids": [
          "S2B_MSIL2A_20220205T033929_R061_T47PNL_20220218T223728",
          "S2A_MSIL2A_20220312T033541_R061_T47PNL_20220312T201539",
          "S2A_MSIL2A_20220421T033541_R061_T47PNL_20220421T215159"
        ],
        "source_dates": [
          "2022-02-05",
          "2022-03-12",
          "2022-04-21"
        ]
      },
      "geometry": {
        "type": "Point",
        "coordinates": [
          99.24860755281036,
          9.356717735717751
        ]
      }
    },
    {
      "type": "Feature",
      "properties": {
        "transect_id": "T053",
        "group": "CONTROL_RANK_3",
        "year": 2023,
        "edge_position_m_from_inland": 1475.0,
        "edge_change_relative_2023_m": 0.0,
        "ndvi_threshold": 0.32,
        "threshold_spread_m": 10.0,
        "single_scene_edge_range_m": 20.0,
        "source_scene_ids": [
          "S2B_MSIL2A_20230210T033859_R061_T47PNL_20230211T035717",
          "S2B_MSIL2A_20230312T033539_R061_T47PNL_20230312T103608",
          "S2A_MSIL2A_20230406T033541_R061_T47PNL_20230406T112615"
        ],
        "source_dates": [
          "2023-02-10",
          "2023-03-12",
          "2023-04-06"
        ]
      },
      "geometry": {
        "type": "Point",
        "coordinates": [
          99.24860755281036,
          9.356717735717751
        ]
      }
    },
    {
      "type": "Feature",
      "properties": {
        "transect_id": "T053",
        "group": "CONTROL_RANK_3",
        "year": 2024,
        "edge_position_m_from_inland": 1475.0,
        "edge_change_relative_2023_m": 0.0,
        "ndvi_threshold": 0.32,
        "threshold_spread_m": 530.0,
        "single_scene_edge_range_m": 10.0,
        "source_scene_ids": [
          "S2B_MSIL2A_20240225T033729_R061_T47PNL_20240225T081626",
          "S2A_MSIL2A_20240321T033541_R061_T47PNL_20240321T091105",
          "S2A_MSIL2A_20240420T033541_R061_T47PNL_20240420T101326"
        ],
        "source_dates": [
          "2024-02-25",
          "2024-03-21",
          "2024-04-20"
        ]
      },
      "geometry": {
        "type": "Point",
        "coordinates": [
          99.24860755281036,
          9.356717735717751
        ]
      }
    },
    {
      "type": "Feature",
      "properties": {
        "transect_id": "T053",
        "group": "CONTROL_RANK_3",
        "year": 2025,
        "edge_position_m_from_inland": 1475.0,
        "edge_change_relative_2023_m": 0.0,
        "ndvi_threshold": 0.32,
        "threshold_spread_m": 0.0,
        "single_scene_edge_range_m": 0.0,
        "source_scene_ids": [
          "S2C_MSIL2A_20250214T033901_R061_T47PNL_20250214T090512",
          "S2C_MSIL2A_20250316T033601_R061_T47PNL_20250316T090315",
          "S2A_MSIL2A_20250407T034201_R061_T47PNL_20250407T083514"
        ],
        "source_dates": [
          "2025-02-14",
          "2025-03-16",
          "2025-04-07"
        ]
      },
      "geometry": {
        "type": "Point",
        "coordinates": [
          99.24860755281036,
          9.356717735717751
        ]
      }
    },
    {
      "type": "Feature",
      "properties": {
        "transect_id": "T053",
        "group": "CONTROL_RANK_3",
        "year": 2026,
        "edge_position_m_from_inland": 1475.0,
        "edge_change_relative_2023_m": 0.0,
        "ndvi_threshold": 0.32,
        "threshold_spread_m": 0.0,
        "single_scene_edge_range_m": 0.0,
        "source_scene_ids": [
          "S2C_MSIL2A_20260301T033701_R061_T47PNL_20260301T091613",
          "S2B_MSIL2A_20260405T033539_R061_T47PNL_20260405T072236",
          "S2C_MSIL2A_20260430T033541_R061_T47PNL_20260430T081812"
        ],
        "source_dates": [
          "2026-03-01",
          "2026-04-05",
          "2026-04-30"
        ]
      },
      "geometry": {
        "type": "Point",
        "coordinates": [
          99.24860755281036,
          9.356717735717751
        ]
      }
    },
    {
      "type": "Feature",
      "properties": {
        "transect_id": "T054",
        "group": "CONTROL_RANK_2",
        "year": 2018,
        "edge_position_m_from_inland": 1495.0,
        "edge_change_relative_2023_m": 60.0,
        "ndvi_threshold": 0.32,
        "threshold_spread_m": 0.0,
        "single_scene_edge_range_m": 0.0,
        "source_scene_ids": [
          "S2A_MSIL2A_20180201T033951_R061_T47PNL_20201013T174450",
          "S2B_MSIL2A_20180226T033709_R061_T47PNL_20201104T151958",
          "S2B_MSIL2A_20180328T033739_R061_T47PNL_20201013T153849"
        ],
        "source_dates": [
          "2018-02-01",
          "2018-02-26",
          "2018-03-28"
        ]
      },
      "geometry": {
        "type": "Point",
        "coordinates": [
          99.24952652297941,
          9.356787412758257
        ]
      }
    },
    {
      "type": "Feature",
      "properties": {
        "transect_id": "T054",
        "group": "CONTROL_RANK_2",
        "year": 2019,
        "edge_position_m_from_inland": 1415.0,
        "edge_change_relative_2023_m": -20.0,
        "ndvi_threshold": 0.32,
        "threshold_spread_m": 40.0,
        "single_scene_edge_range_m": 40.0,
        "source_scene_ids": [
          "S2B_MSIL2A_20190211T033859_R061_T47PNL_20201007T155504",
          "S2B_MSIL2A_20190323T033719_R061_T47PNL_20201007T094740",
          "S2A_MSIL2A_20190417T033541_R061_T47PNL_20201007T030425"
        ],
        "source_dates": [
          "2019-02-11",
          "2019-03-23",
          "2019-04-17"
        ]
      },
      "geometry": {
        "type": "Point",
        "coordinates": [
          99.24927945209048,
          9.357468121337028
        ]
      }
    },
    {
      "type": "Feature",
      "properties": {
        "transect_id": "T054",
        "group": "CONTROL_RANK_2",
        "year": 2020,
        "edge_position_m_from_inland": 1425.0,
        "edge_change_relative_2023_m": -10.0,
        "ndvi_threshold": 0.32,
        "threshold_spread_m": 10.0,
        "single_scene_edge_range_m": 10.0,
        "source_scene_ids": [
          "S2B_MSIL2A_20200226T033719_R061_T47PNL_20200928T132439",
          "S2A_MSIL2A_20200322T033531_R061_T47PNL_20201014T231526",
          "S2A_MSIL2A_20200411T033531_R061_T47PNL_20200923T010425"
        ],
        "source_dates": [
          "2020-02-26",
          "2020-03-22",
          "2020-04-11"
        ]
      },
      "geometry": {
        "type": "Point",
        "coordinates": [
          99.24931033595159,
          9.357383032764682
        ]
      }
    },
    {
      "type": "Feature",
      "properties": {
        "transect_id": "T054",
        "group": "CONTROL_RANK_2",
        "year": 2021,
        "edge_position_m_from_inland": 1455.0,
        "edge_change_relative_2023_m": 20.0,
        "ndvi_threshold": 0.32,
        "threshold_spread_m": 20.0,
        "single_scene_edge_range_m": 30.0,
        "source_scene_ids": [
          "S2B_MSIL2A_20210220T033759_R061_T47PNL_20210220T151603",
          "S2B_MSIL2A_20210312T033539_R061_T47PNL_20210312T160153",
          "S2A_MSIL2A_20210426T033531_R061_T47PNL_20210426T132640"
        ],
        "source_dates": [
          "2021-02-20",
          "2021-03-12",
          "2021-04-26"
        ]
      },
      "geometry": {
        "type": "Point",
        "coordinates": [
          99.24940298753495,
          9.357127767047642
        ]
      }
    },
    {
      "type": "Feature",
      "properties": {
        "transect_id": "T054",
        "group": "CONTROL_RANK_2",
        "year": 2022,
        "edge_position_m_from_inland": 1435.0,
        "edge_change_relative_2023_m": 0.0,
        "ndvi_threshold": 0.32,
        "threshold_spread_m": 0.0,
        "single_scene_edge_range_m": 0.0,
        "source_scene_ids": [
          "S2B_MSIL2A_20220205T033929_R061_T47PNL_20220218T223728",
          "S2A_MSIL2A_20220312T033541_R061_T47PNL_20220312T201539",
          "S2A_MSIL2A_20220421T033541_R061_T47PNL_20220421T215159"
        ],
        "source_dates": [
          "2022-02-05",
          "2022-03-12",
          "2022-04-21"
        ]
      },
      "geometry": {
        "type": "Point",
        "coordinates": [
          99.24934121981272,
          9.357297944192336
        ]
      }
    },
    {
      "type": "Feature",
      "properties": {
        "transect_id": "T054",
        "group": "CONTROL_RANK_2",
        "year": 2023,
        "edge_position_m_from_inland": 1435.0,
        "edge_change_relative_2023_m": 0.0,
        "ndvi_threshold": 0.32,
        "threshold_spread_m": 0.0,
        "single_scene_edge_range_m": 50.0,
        "source_scene_ids": [
          "S2B_MSIL2A_20230210T033859_R061_T47PNL_20230211T035717",
          "S2B_MSIL2A_20230312T033539_R061_T47PNL_20230312T103608",
          "S2A_MSIL2A_20230406T033541_R061_T47PNL_20230406T112615"
        ],
        "source_dates": [
          "2023-02-10",
          "2023-03-12",
          "2023-04-06"
        ]
      },
      "geometry": {
        "type": "Point",
        "coordinates": [
          99.24934121981272,
          9.357297944192336
        ]
      }
    },
    {
      "type": "Feature",
      "properties": {
        "transect_id": "T054",
        "group": "CONTROL_RANK_2",
        "year": 2024,
        "edge_position_m_from_inland": 965.0,
        "edge_change_relative_2023_m": -470.0,
        "ndvi_threshold": 0.32,
        "threshold_spread_m": 0.0,
        "single_scene_edge_range_m": 0.0,
        "source_scene_ids": [
          "S2B_MSIL2A_20240225T033729_R061_T47PNL_20240225T081626",
          "S2A_MSIL2A_20240321T033541_R061_T47PNL_20240321T091105",
          "S2A_MSIL2A_20240420T033541_R061_T47PNL_20240420T101326"
        ],
        "source_dates": [
          "2024-02-25",
          "2024-03-21",
          "2024-04-20"
        ]
      },
      "geometry": {
        "type": "Point",
        "coordinates": [
          99.24788967834023,
          9.361297107092621
        ]
      }
    },
    {
      "type": "Feature",
      "properties": {
        "transect_id": "T054",
        "group": "CONTROL_RANK_2",
        "year": 2025,
        "edge_position_m_from_inland": 965.0,
        "edge_change_relative_2023_m": -470.0,
        "ndvi_threshold": 0.32,
        "threshold_spread_m": 10.0,
        "single_scene_edge_range_m": 0.0,
        "source_scene_ids": [
          "S2C_MSIL2A_20250214T033901_R061_T47PNL_20250214T090512",
          "S2C_MSIL2A_20250316T033601_R061_T47PNL_20250316T090315",
          "S2A_MSIL2A_20250407T034201_R061_T47PNL_20250407T083514"
        ],
        "source_dates": [
          "2025-02-14",
          "2025-03-16",
          "2025-04-07"
        ]
      },
      "geometry": {
        "type": "Point",
        "coordinates": [
          99.24788967834023,
          9.361297107092621
        ]
      }
    },
    {
      "type": "Feature",
      "properties": {
        "transect_id": "T054",
        "group": "CONTROL_RANK_2",
        "year": 2026,
        "edge_position_m_from_inland": 965.0,
        "edge_change_relative_2023_m": -470.0,
        "ndvi_threshold": 0.32,
        "threshold_spread_m": 440.0,
        "single_scene_edge_range_m": 0.0,
        "source_scene_ids": [
          "S2C_MSIL2A_20260301T033701_R061_T47PNL_20260301T091613",
          "S2B_MSIL2A_20260405T033539_R061_T47PNL_20260405T072236",
          "S2C_MSIL2A_20260430T033541_R061_T47PNL_20260430T081812"
        ],
        "source_dates": [
          "2026-03-01",
          "2026-04-05",
          "2026-04-30"
        ]
      },
      "geometry": {
        "type": "Point",
        "coordinates": [
          99.24788967834023,
          9.361297107092621
        ]
      }
    },
    {
      "type": "Feature",
      "properties": {
        "transect_id": "T055",
        "group": "CONTROL_RANK_2",
        "year": 2018,
        "edge_position_m_from_inland": 1435.0,
        "edge_change_relative_2023_m": -10.0,
        "ndvi_threshold": 0.32,
        "threshold_spread_m": 240.0,
        "single_scene_edge_range_m": 30.0,
        "source_scene_ids": [
          "S2A_MSIL2A_20180201T033951_R061_T47PNL_20201013T174450",
          "S2B_MSIL2A_20180226T033709_R061_T47PNL_20201104T151958",
          "S2B_MSIL2A_20180328T033739_R061_T47PNL_20201013T153849"
        ],
        "source_dates": [
          "2018-02-01",
          "2018-02-26",
          "2018-03-28"
        ]
      },
      "geometry": {
        "type": "Point",
        "coordinates": [
          99.25016553905118,
          9.35762813162569
        ]
      }
    },
    {
      "type": "Feature",
      "properties": {
        "transect_id": "T055",
        "group": "CONTROL_RANK_2",
        "year": 2019,
        "edge_position_m_from_inland": 1465.0,
        "edge_change_relative_2023_m": 20.0,
        "ndvi_threshold": 0.32,
        "threshold_spread_m": 40.0,
        "single_scene_edge_range_m": 40.0,
        "source_scene_ids": [
          "S2B_MSIL2A_20190211T033859_R061_T47PNL_20201007T155504",
          "S2B_MSIL2A_20190323T033719_R061_T47PNL_20201007T094740",
          "S2A_MSIL2A_20190417T033541_R061_T47PNL_20201007T030425"
        ],
        "source_dates": [
          "2019-02-11",
          "2019-03-23",
          "2019-04-17"
        ]
      },
      "geometry": {
        "type": "Point",
        "coordinates": [
          99.25026761506696,
          9.357376436605264
        ]
      }
    },
    {
      "type": "Feature",
      "properties": {
        "transect_id": "T055",
        "group": "CONTROL_RANK_2",
        "year": 2020,
        "edge_position_m_from_inland": 1425.0,
        "edge_change_relative_2023_m": -20.0,
        "ndvi_threshold": 0.32,
        "threshold_spread_m": 30.0,
        "single_scene_edge_range_m": 30.0,
        "source_scene_ids": [
          "S2B_MSIL2A_20200226T033719_R061_T47PNL_20200928T132439",
          "S2A_MSIL2A_20200322T033531_R061_T47PNL_20201014T231526",
          "S2A_MSIL2A_20200411T033531_R061_T47PNL_20200923T010425"
        ],
        "source_dates": [
          "2020-02-26",
          "2020-03-22",
          "2020-04-11"
        ]
      },
      "geometry": {
        "type": "Point",
        "coordinates": [
          99.25013151371259,
          9.357712029965832
        ]
      }
    },
    {
      "type": "Feature",
      "properties": {
        "transect_id": "T055",
        "group": "CONTROL_RANK_2",
        "year": 2021,
        "edge_position_m_from_inland": 1435.0,
        "edge_change_relative_2023_m": -10.0,
        "ndvi_threshold": 0.32,
        "threshold_spread_m": 30.0,
        "single_scene_edge_range_m": 240.0,
        "source_scene_ids": [
          "S2B_MSIL2A_20210220T033759_R061_T47PNL_20210220T151603",
          "S2B_MSIL2A_20210312T033539_R061_T47PNL_20210312T160153",
          "S2A_MSIL2A_20210426T033531_R061_T47PNL_20210426T132640"
        ],
        "source_dates": [
          "2021-02-20",
          "2021-03-12",
          "2021-04-26"
        ]
      },
      "geometry": {
        "type": "Point",
        "coordinates": [
          99.25016553905118,
          9.35762813162569
        ]
      }
    },
    {
      "type": "Feature",
      "properties": {
        "transect_id": "T055",
        "group": "CONTROL_RANK_2",
        "year": 2022,
        "edge_position_m_from_inland": 1445.0,
        "edge_change_relative_2023_m": 0.0,
        "ndvi_threshold": 0.32,
        "threshold_spread_m": 20.0,
        "single_scene_edge_range_m": 260.0,
        "source_scene_ids": [
          "S2B_MSIL2A_20220205T033929_R061_T47PNL_20220218T223728",
          "S2A_MSIL2A_20220312T033541_R061_T47PNL_20220312T201539",
          "S2A_MSIL2A_20220421T033541_R061_T47PNL_20220421T215159"
        ],
        "source_dates": [
          "2022-02-05",
          "2022-03-12",
          "2022-04-21"
        ]
      },
      "geometry": {
        "type": "Point",
        "coordinates": [
          99.25019956438977,
          9.357544233285548
        ]
      }
    },
    {
      "type": "Feature",
      "properties": {
        "transect_id": "T055",
        "group": "CONTROL_RANK_2",
        "year": 2023,
        "edge_position_m_from_inland": 1445.0,
        "edge_change_relative_2023_m": 0.0,
        "ndvi_threshold": 0.32,
        "threshold_spread_m": 290.0,
        "single_scene_edge_range_m": 50.0,
        "source_scene_ids": [
          "S2B_MSIL2A_20230210T033859_R061_T47PNL_20230211T035717",
          "S2B_MSIL2A_20230312T033539_R061_T47PNL_20230312T103608",
          "S2A_MSIL2A_20230406T033541_R061_T47PNL_20230406T112615"
        ],
        "source_dates": [
          "2023-02-10",
          "2023-03-12",
          "2023-04-06"
        ]
      },
      "geometry": {
        "type": "Point",
        "coordinates": [
          99.25019956438977,
          9.357544233285548
        ]
      }
    },
    {
      "type": "Feature",
      "properties": {
        "transect_id": "T055",
        "group": "CONTROL_RANK_2",
        "year": 2024,
        "edge_position_m_from_inland": 1005.0,
        "edge_change_relative_2023_m": -440.0,
        "ndvi_threshold": 0.32,
        "threshold_spread_m": 10.0,
        "single_scene_edge_range_m": 10.0,
        "source_scene_ids": [
          "S2B_MSIL2A_20240225T033729_R061_T47PNL_20240225T081626",
          "S2A_MSIL2A_20240321T033541_R061_T47PNL_20240321T091105",
          "S2A_MSIL2A_20240420T033541_R061_T47PNL_20240420T101326"
        ],
        "source_dates": [
          "2024-02-25",
          "2024-03-21",
          "2024-04-20"
        ]
      },
      "geometry": {
        "type": "Point",
        "coordinates": [
          99.2487024494918,
          9.361235760251795
        ]
      }
    },
    {
      "type": "Feature",
      "properties": {
        "transect_id": "T055",
        "group": "CONTROL_RANK_2",
        "year": 2025,
        "edge_position_m_from_inland": 1005.0,
        "edge_change_relative_2023_m": -440.0,
        "ndvi_threshold": 0.32,
        "threshold_spread_m": 0.0,
        "single_scene_edge_range_m": 0.0,
        "source_scene_ids": [
          "S2C_MSIL2A_20250214T033901_R061_T47PNL_20250214T090512",
          "S2C_MSIL2A_20250316T033601_R061_T47PNL_20250316T090315",
          "S2A_MSIL2A_20250407T034201_R061_T47PNL_20250407T083514"
        ],
        "source_dates": [
          "2025-02-14",
          "2025-03-16",
          "2025-04-07"
        ]
      },
      "geometry": {
        "type": "Point",
        "coordinates": [
          99.2487024494918,
          9.361235760251795
        ]
      }
    },
    {
      "type": "Feature",
      "properties": {
        "transect_id": "T055",
        "group": "CONTROL_RANK_2",
        "year": 2026,
        "edge_position_m_from_inland": 1005.0,
        "edge_change_relative_2023_m": -440.0,
        "ndvi_threshold": 0.32,
        "threshold_spread_m": 0.0,
        "single_scene_edge_range_m": 0.0,
        "source_scene_ids": [
          "S2C_MSIL2A_20260301T033701_R061_T47PNL_20260301T091613",
          "S2B_MSIL2A_20260405T033539_R061_T47PNL_20260405T072236",
          "S2C_MSIL2A_20260430T033541_R061_T47PNL_20260430T081812"
        ],
        "source_dates": [
          "2026-03-01",
          "2026-04-05",
          "2026-04-30"
        ]
      },
      "geometry": {
        "type": "Point",
        "coordinates": [
          99.2487024494918,
          9.361235760251795
        ]
      }
    },
    {
      "type": "Feature",
      "properties": {
        "transect_id": "T056",
        "group": "CONTROL_RANK_2",
        "year": 2017,
        "edge_position_m_from_inland": 825.0,
        "edge_change_relative_2023_m": -640.0,
        "ndvi_threshold": 0.32,
        "threshold_spread_m": 0.0,
        "single_scene_edge_range_m": 640.0,
        "source_scene_ids": [
          "S2A_MSIL2A_20170226T033711_R061_T47PNL_20210208T171543",
          "S2A_MSIL2A_20170318T033531_R061_T47PNL_20210208T232716",
          "S2A_MSIL2A_20170427T033541_R061_T47PNL_20210209T105916"
        ],
        "source_dates": [
          "2017-02-26",
          "2017-03-18",
          "2017-04-27"
        ]
      },
      "geometry": {
        "type": "Point",
        "coordinates": [
          99.25084893231528,
          9.363388282789343
        ]
      }
    },
    {
      "type": "Feature",
      "properties": {
        "transect_id": "T056",
        "group": "CONTROL_RANK_2",
        "year": 2018,
        "edge_position_m_from_inland": 1195.0,
        "edge_change_relative_2023_m": -270.0,
        "ndvi_threshold": 0.32,
        "threshold_spread_m": 0.0,
        "single_scene_edge_range_m": 290.0,
        "source_scene_ids": [
          "S2A_MSIL2A_20180201T033951_R061_T47PNL_20201013T174450",
          "S2B_MSIL2A_20180226T033709_R061_T47PNL_20201104T151958",
          "S2B_MSIL2A_20180328T033739_R061_T47PNL_20201013T153849"
        ],
        "source_dates": [
          "2018-02-01",
          "2018-02-26",
          "2018-03-28"
        ]
      },
      "geometry": {
        "type": "Point",
        "coordinates": [
          99.25107436050804,
          9.360049194330925
        ]
      }
    },
    {
      "type": "Feature",
      "properties": {
        "transect_id": "T056",
        "group": "CONTROL_RANK_2",
        "year": 2019,
        "edge_position_m_from_inland": 1465.0,
        "edge_change_relative_2023_m": 0.0,
        "ndvi_threshold": 0.32,
        "threshold_spread_m": 280.0,
        "single_scene_edge_range_m": 290.0,
        "source_scene_ids": [
          "S2B_MSIL2A_20190211T033859_R061_T47PNL_20201007T155504",
          "S2B_MSIL2A_20190323T033719_R061_T47PNL_20201007T094740",
          "S2A_MSIL2A_20190417T033541_R061_T47PNL_20201007T030425"
        ],
        "source_dates": [
          "2019-02-11",
          "2019-03-23",
          "2019-04-17"
        ]
      },
      "geometry": {
        "type": "Point",
        "coordinates": [
          99.25123886216223,
          9.35761256221262
        ]
      }
    },
    {
      "type": "Feature",
      "properties": {
        "transect_id": "T056",
        "group": "CONTROL_RANK_2",
        "year": 2020,
        "edge_position_m_from_inland": 1155.0,
        "edge_change_relative_2023_m": -310.0,
        "ndvi_threshold": 0.32,
        "threshold_spread_m": 310.0,
        "single_scene_edge_range_m": 320.0,
        "source_scene_ids": [
          "S2B_MSIL2A_20200226T033719_R061_T47PNL_20200928T132439",
          "S2A_MSIL2A_20200322T033531_R061_T47PNL_20201014T231526",
          "S2A_MSIL2A_20200411T033531_R061_T47PNL_20200923T010425"
        ],
        "source_dates": [
          "2020-02-26",
          "2020-03-22",
          "2020-04-11"
        ]
      },
      "geometry": {
        "type": "Point",
        "coordinates": [
          99.2510499898926,
          9.36041017686697
        ]
      }
    },
    {
      "type": "Feature",
      "properties": {
        "transect_id": "T056",
        "group": "CONTROL_RANK_2",
        "year": 2021,
        "edge_position_m_from_inland": 1465.0,
        "edge_change_relative_2023_m": 0.0,
        "ndvi_threshold": 0.32,
        "threshold_spread_m": 10.0,
        "single_scene_edge_range_m": 10.0,
        "source_scene_ids": [
          "S2B_MSIL2A_20210220T033759_R061_T47PNL_20210220T151603",
          "S2B_MSIL2A_20210312T033539_R061_T47PNL_20210312T160153",
          "S2A_MSIL2A_20210426T033531_R061_T47PNL_20210426T132640"
        ],
        "source_dates": [
          "2021-02-20",
          "2021-03-12",
          "2021-04-26"
        ]
      },
      "geometry": {
        "type": "Point",
        "coordinates": [
          99.25123886216223,
          9.35761256221262
        ]
      }
    },
    {
      "type": "Feature",
      "properties": {
        "transect_id": "T056",
        "group": "CONTROL_RANK_2",
        "year": 2022,
        "edge_position_m_from_inland": 1165.0,
        "edge_change_relative_2023_m": -300.0,
        "ndvi_threshold": 0.32,
        "threshold_spread_m": 300.0,
        "single_scene_edge_range_m": 310.0,
        "source_scene_ids": [
          "S2B_MSIL2A_20220205T033929_R061_T47PNL_20220218T223728",
          "S2A_MSIL2A_20220312T033541_R061_T47PNL_20220312T201539",
          "S2A_MSIL2A_20220421T033541_R061_T47PNL_20220421T215159"
        ],
        "source_dates": [
          "2022-02-05",
          "2022-03-12",
          "2022-04-21"
        ]
      },
      "geometry": {
        "type": "Point",
        "coordinates": [
          99.25105608254647,
          9.36031993123296
        ]
      }
    },
    {
      "type": "Feature",
      "properties": {
        "transect_id": "T056",
        "group": "CONTROL_RANK_2",
        "year": 2023,
        "edge_position_m_from_inland": 1465.0,
        "edge_change_relative_2023_m": 0.0,
        "ndvi_threshold": 0.32,
        "threshold_spread_m": 310.0,
        "single_scene_edge_range_m": 330.0,
        "source_scene_ids": [
          "S2B_MSIL2A_20230210T033859_R061_T47PNL_20230211T035717",
          "S2B_MSIL2A_20230312T033539_R061_T47PNL_20230312T103608",
          "S2A_MSIL2A_20230406T033541_R061_T47PNL_20230406T112615"
        ],
        "source_dates": [
          "2023-02-10",
          "2023-03-12",
          "2023-04-06"
        ]
      },
      "geometry": {
        "type": "Point",
        "coordinates": [
          99.25123886216223,
          9.35761256221262
        ]
      }
    },
    {
      "type": "Feature",
      "properties": {
        "transect_id": "T056",
        "group": "CONTROL_RANK_2",
        "year": 2024,
        "edge_position_m_from_inland": 1145.0,
        "edge_change_relative_2023_m": -320.0,
        "ndvi_threshold": 0.32,
        "threshold_spread_m": 310.0,
        "single_scene_edge_range_m": 0.0,
        "source_scene_ids": [
          "S2B_MSIL2A_20240225T033729_R061_T47PNL_20240225T081626",
          "S2A_MSIL2A_20240321T033541_R061_T47PNL_20240321T091105",
          "S2A_MSIL2A_20240420T033541_R061_T47PNL_20240420T101326"
        ],
        "source_dates": [
          "2024-02-25",
          "2024-03-21",
          "2024-04-20"
        ]
      },
      "geometry": {
        "type": "Point",
        "coordinates": [
          99.25104389723874,
          9.360500422500982
        ]
      }
    },
    {
      "type": "Feature",
      "properties": {
        "transect_id": "T056",
        "group": "CONTROL_RANK_2",
        "year": 2025,
        "edge_position_m_from_inland": 1165.0,
        "edge_change_relative_2023_m": -300.0,
        "ndvi_threshold": 0.32,
        "threshold_spread_m": 0.0,
        "single_scene_edge_range_m": 300.0,
        "source_scene_ids": [
          "S2C_MSIL2A_20250214T033901_R061_T47PNL_20250214T090512",
          "S2C_MSIL2A_20250316T033601_R061_T47PNL_20250316T090315",
          "S2A_MSIL2A_20250407T034201_R061_T47PNL_20250407T083514"
        ],
        "source_dates": [
          "2025-02-14",
          "2025-03-16",
          "2025-04-07"
        ]
      },
      "geometry": {
        "type": "Point",
        "coordinates": [
          99.25105608254647,
          9.36031993123296
        ]
      }
    },
    {
      "type": "Feature",
      "properties": {
        "transect_id": "T056",
        "group": "CONTROL_RANK_2",
        "year": 2026,
        "edge_position_m_from_inland": 1145.0,
        "edge_change_relative_2023_m": -320.0,
        "ndvi_threshold": 0.32,
        "threshold_spread_m": 20.0,
        "single_scene_edge_range_m": 20.0,
        "source_scene_ids": [
          "S2C_MSIL2A_20260301T033701_R061_T47PNL_20260301T091613",
          "S2B_MSIL2A_20260405T033539_R061_T47PNL_20260405T072236",
          "S2C_MSIL2A_20260430T033541_R061_T47PNL_20260430T081812"
        ],
        "source_dates": [
          "2026-03-01",
          "2026-04-05",
          "2026-04-30"
        ]
      },
      "geometry": {
        "type": "Point",
        "coordinates": [
          99.25104389723874,
          9.360500422500982
        ]
      }
    },
    {
      "type": "Feature",
      "properties": {
        "transect_id": "T057",
        "group": "CONTROL_RANK_2",
        "year": 2018,
        "edge_position_m_from_inland": 1445.0,
        "edge_change_relative_2023_m": -30.0,
        "ndvi_threshold": 0.32,
        "threshold_spread_m": 240.0,
        "single_scene_edge_range_m": 260.0,
        "source_scene_ids": [
          "S2A_MSIL2A_20180201T033951_R061_T47PNL_20201013T174450",
          "S2B_MSIL2A_20180226T033709_R061_T47PNL_20201104T151958",
          "S2B_MSIL2A_20180328T033739_R061_T47PNL_20201013T153849"
        ],
        "source_dates": [
          "2018-02-01",
          "2018-02-26",
          "2018-03-28"
        ]
      },
      "geometry": {
        "type": "Point",
        "coordinates": [
          99.25213534295682,
          9.357853562631593
        ]
      }
    },
    {
      "type": "Feature",
      "properties": {
        "transect_id": "T057",
        "group": "CONTROL_RANK_2",
        "year": 2019,
        "edge_position_m_from_inland": 1235.0,
        "edge_change_relative_2023_m": -240.0,
        "ndvi_threshold": 0.32,
        "threshold_spread_m": 0.0,
        "single_scene_edge_range_m": 260.0,
        "source_scene_ids": [
          "S2B_MSIL2A_20190211T033859_R061_T47PNL_20201007T155504",
          "S2B_MSIL2A_20190323T033719_R061_T47PNL_20201007T094740",
          "S2A_MSIL2A_20190417T033541_R061_T47PNL_20201007T030425"
        ],
        "source_dates": [
          "2019-02-11",
          "2019-03-23",
          "2019-04-17"
        ]
      },
      "geometry": {
        "type": "Point",
        "coordinates": [
          99.25200740214164,
          9.359748721138235
        ]
      }
    },
    {
      "type": "Feature",
      "properties": {
        "transect_id": "T057",
        "group": "CONTROL_RANK_2",
        "year": 2020,
        "edge_position_m_from_inland": 1215.0,
        "edge_change_relative_2023_m": -260.0,
        "ndvi_threshold": 0.32,
        "threshold_spread_m": 290.0,
        "single_scene_edge_range_m": 280.0,
        "source_scene_ids": [
          "S2B_MSIL2A_20200226T033719_R061_T47PNL_20200928T132439",
          "S2A_MSIL2A_20200322T033531_R061_T47PNL_20201014T231526",
          "S2A_MSIL2A_20200411T033531_R061_T47PNL_20200923T010425"
        ],
        "source_dates": [
          "2020-02-26",
          "2020-03-22",
          "2020-04-11"
        ]
      },
      "geometry": {
        "type": "Point",
        "coordinates": [
          99.2519952173021,
          9.359929212424582
        ]
      }
    },
    {
      "type": "Feature",
      "properties": {
        "transect_id": "T057",
        "group": "CONTROL_RANK_2",
        "year": 2021,
        "edge_position_m_from_inland": 1235.0,
        "edge_change_relative_2023_m": -240.0,
        "ndvi_threshold": 0.32,
        "threshold_spread_m": 280.0,
        "single_scene_edge_range_m": 0.0,
        "source_scene_ids": [
          "S2B_MSIL2A_20210220T033759_R061_T47PNL_20210220T151603",
          "S2B_MSIL2A_20210312T033539_R061_T47PNL_20210312T160153",
          "S2A_MSIL2A_20210426T033531_R061_T47PNL_20210426T132640"
        ],
        "source_dates": [
          "2021-02-20",
          "2021-03-12",
          "2021-04-26"
        ]
      },
      "geometry": {
        "type": "Point",
        "coordinates": [
          99.25200740214164,
          9.359748721138235
        ]
      }
    },
    {
      "type": "Feature",
      "properties": {
        "transect_id": "T057",
        "group": "CONTROL_RANK_2",
        "year": 2022,
        "edge_position_m_from_inland": 1475.0,
        "edge_change_relative_2023_m": 0.0,
        "ndvi_threshold": 0.32,
        "threshold_spread_m": 10.0,
        "single_scene_edge_range_m": 280.0,
        "source_scene_ids": [
          "S2B_MSIL2A_20220205T033929_R061_T47PNL_20220218T223728",
          "S2A_MSIL2A_20220312T033541_R061_T47PNL_20220312T201539",
          "S2A_MSIL2A_20220421T033541_R061_T47PNL_20220421T215159"
        ],
        "source_dates": [
          "2022-02-05",
          "2022-03-12",
          "2022-04-21"
        ]
      },
      "geometry": {
        "type": "Point",
        "coordinates": [
          99.25215362021613,
          9.357582825702073
        ]
      }
    },
    {
      "type": "Feature",
      "properties": {
        "transect_id": "T057",
        "group": "CONTROL_RANK_2",
        "year": 2023,
        "edge_position_m_from_inland": 1475.0,
        "edge_change_relative_2023_m": 0.0,
        "ndvi_threshold": 0.32,
        "threshold_spread_m": 290.0,
        "single_scene_edge_range_m": 300.0,
        "source_scene_ids": [
          "S2B_MSIL2A_20230210T033859_R061_T47PNL_20230211T035717",
          "S2B_MSIL2A_20230312T033539_R061_T47PNL_20230312T103608",
          "S2A_MSIL2A_20230406T033541_R061_T47PNL_20230406T112615"
        ],
        "source_dates": [
          "2023-02-10",
          "2023-03-12",
          "2023-04-06"
        ]
      },
      "geometry": {
        "type": "Point",
        "coordinates": [
          99.25215362021613,
          9.357582825702073
        ]
      }
    },
    {
      "type": "Feature",
      "properties": {
        "transect_id": "T057",
        "group": "CONTROL_RANK_2",
        "year": 2024,
        "edge_position_m_from_inland": 1165.0,
        "edge_change_relative_2023_m": -310.0,
        "ndvi_threshold": 0.32,
        "threshold_spread_m": 100.0,
        "single_scene_edge_range_m": 90.0,
        "source_scene_ids": [
          "S2B_MSIL2A_20240225T033729_R061_T47PNL_20240225T081626",
          "S2A_MSIL2A_20240321T033541_R061_T47PNL_20240321T091105",
          "S2A_MSIL2A_20240420T033541_R061_T47PNL_20240420T101326"
        ],
        "source_dates": [
          "2024-02-25",
          "2024-03-21",
          "2024-04-20"
        ]
      },
      "geometry": {
        "type": "Point",
        "coordinates": [
          99.25196475520325,
          9.36038044064045
        ]
      }
    },
    {
      "type": "Feature",
      "properties": {
        "transect_id": "T057",
        "group": "CONTROL_RANK_2",
        "year": 2025,
        "edge_position_m_from_inland": 1435.0,
        "edge_change_relative_2023_m": -40.0,
        "ndvi_threshold": 0.32,
        "threshold_spread_m": 300.0,
        "single_scene_edge_range_m": 0.0,
        "source_scene_ids": [
          "S2C_MSIL2A_20250214T033901_R061_T47PNL_20250214T090512",
          "S2C_MSIL2A_20250316T033601_R061_T47PNL_20250316T090315",
          "S2A_MSIL2A_20250407T034201_R061_T47PNL_20250407T083514"
        ],
        "source_dates": [
          "2025-02-14",
          "2025-03-16",
          "2025-04-07"
        ]
      },
      "geometry": {
        "type": "Point",
        "coordinates": [
          99.25212925053705,
          9.357943808274767
        ]
      }
    },
    {
      "type": "Feature",
      "properties": {
        "transect_id": "T057",
        "group": "CONTROL_RANK_2",
        "year": 2026,
        "edge_position_m_from_inland": 1165.0,
        "edge_change_relative_2023_m": -310.0,
        "ndvi_threshold": 0.32,
        "threshold_spread_m": 80.0,
        "single_scene_edge_range_m": 80.0,
        "source_scene_ids": [
          "S2C_MSIL2A_20260301T033701_R061_T47PNL_20260301T091613",
          "S2B_MSIL2A_20260405T033539_R061_T47PNL_20260405T072236",
          "S2C_MSIL2A_20260430T033541_R061_T47PNL_20260430T081812"
        ],
        "source_dates": [
          "2026-03-01",
          "2026-04-05",
          "2026-04-30"
        ]
      },
      "geometry": {
        "type": "Point",
        "coordinates": [
          99.25196475520325,
          9.36038044064045
        ]
      }
    },
    {
      "type": "Feature",
      "properties": {
        "transect_id": "T058",
        "group": "CONTROL_RANK_2",
        "year": 2017,
        "edge_position_m_from_inland": 675.0,
        "edge_change_relative_2023_m": -800.0,
        "ndvi_threshold": 0.32,
        "threshold_spread_m": 0.0,
        "single_scene_edge_range_m": 810.0,
        "source_scene_ids": [
          "S2A_MSIL2A_20170226T033711_R061_T47PNL_20210208T171543",
          "S2A_MSIL2A_20170318T033531_R061_T47PNL_20210208T232716",
          "S2A_MSIL2A_20170427T033541_R061_T47PNL_20210209T105916"
        ],
        "source_dates": [
          "2017-02-26",
          "2017-03-18",
          "2017-04-27"
        ]
      },
      "geometry": {
        "type": "Point",
        "coordinates": [
          99.25257491101428,
          9.364862984674941
        ]
      }
    },
    {
      "type": "Feature",
      "properties": {
        "transect_id": "T058",
        "group": "CONTROL_RANK_2",
        "year": 2018,
        "edge_position_m_from_inland": 1485.0,
        "edge_change_relative_2023_m": 10.0,
        "ndvi_threshold": 0.32,
        "threshold_spread_m": 0.0,
        "single_scene_edge_range_m": 10.0,
        "source_scene_ids": [
          "S2A_MSIL2A_20180201T033951_R061_T47PNL_20201013T174450",
          "S2B_MSIL2A_20180226T033709_R061_T47PNL_20201104T151958",
          "S2B_MSIL2A_20180328T033739_R061_T47PNL_20201013T153849"
        ],
        "source_dates": [
          "2018-02-01",
          "2018-02-26",
          "2018-03-28"
        ]
      },
      "geometry": {
        "type": "Point",
        "coordinates": [
          99.25306837805418,
          9.357553086837594
        ]
      }
    },
    {
      "type": "Feature",
      "properties": {
        "transect_id": "T058",
        "group": "CONTROL_RANK_2",
        "year": 2019,
        "edge_position_m_from_inland": 1495.0,
        "edge_change_relative_2023_m": 20.0,
        "ndvi_threshold": 0.32,
        "threshold_spread_m": 10.0,
        "single_scene_edge_range_m": 10.0,
        "source_scene_ids": [
          "S2B_MSIL2A_20190211T033859_R061_T47PNL_20201007T155504",
          "S2B_MSIL2A_20190323T033719_R061_T47PNL_20201007T094740",
          "S2A_MSIL2A_20190417T033541_R061_T47PNL_20201007T030425"
        ],
        "source_dates": [
          "2019-02-11",
          "2019-03-23",
          "2019-04-17"
        ]
      },
      "geometry": {
        "type": "Point",
        "coordinates": [
          99.25307447023987,
          9.357462841185281
        ]
      }
    },
    {
      "type": "Feature",
      "properties": {
        "transect_id": "T058",
        "group": "CONTROL_RANK_2",
        "year": 2020,
        "edge_position_m_from_inland": 1485.0,
        "edge_change_relative_2023_m": 10.0,
        "ndvi_threshold": 0.32,
        "threshold_spread_m": 10.0,
        "single_scene_edge_range_m": 10.0,
        "source_scene_ids": [
          "S2B_MSIL2A_20200226T033719_R061_T47PNL_20200928T132439",
          "S2A_MSIL2A_20200322T033531_R061_T47PNL_20201014T231526",
          "S2A_MSIL2A_20200411T033531_R061_T47PNL_20200923T010425"
        ],
        "source_dates": [
          "2020-02-26",
          "2020-03-22",
          "2020-04-11"
        ]
      },
      "geometry": {
        "type": "Point",
        "coordinates": [
          99.25306837805418,
          9.357553086837594
        ]
      }
    },
    {
      "type": "Feature",
      "properties": {
        "transect_id": "T058",
        "group": "CONTROL_RANK_2",
        "year": 2021,
        "edge_position_m_from_inland": 1495.0,
        "edge_change_relative_2023_m": 20.0,
        "ndvi_threshold": 0.32,
        "threshold_spread_m": 10.0,
        "single_scene_edge_range_m": 40.0,
        "source_scene_ids": [
          "S2B_MSIL2A_20210220T033759_R061_T47PNL_20210220T151603",
          "S2B_MSIL2A_20210312T033539_R061_T47PNL_20210312T160153",
          "S2A_MSIL2A_20210426T033531_R061_T47PNL_20210426T132640"
        ],
        "source_dates": [
          "2021-02-20",
          "2021-03-12",
          "2021-04-26"
        ]
      },
      "geometry": {
        "type": "Point",
        "coordinates": [
          99.25307447023987,
          9.357462841185281
        ]
      }
    },
    {
      "type": "Feature",
      "properties": {
        "transect_id": "T058",
        "group": "CONTROL_RANK_2",
        "year": 2022,
        "edge_position_m_from_inland": 1475.0,
        "edge_change_relative_2023_m": 0.0,
        "ndvi_threshold": 0.32,
        "threshold_spread_m": 0.0,
        "single_scene_edge_range_m": 0.0,
        "source_scene_ids": [
          "S2B_MSIL2A_20220205T033929_R061_T47PNL_20220218T223728",
          "S2A_MSIL2A_20220312T033541_R061_T47PNL_20220312T201539",
          "S2A_MSIL2A_20220421T033541_R061_T47PNL_20220421T215159"
        ],
        "source_dates": [
          "2022-02-05",
          "2022-03-12",
          "2022-04-21"
        ]
      },
      "geometry": {
        "type": "Point",
        "coordinates": [
          99.25306228586851,
          9.357643332489907
        ]
      }
    },
    {
      "type": "Feature",
      "properties": {
        "transect_id": "T058",
        "group": "CONTROL_RANK_2",
        "year": 2023,
        "edge_position_m_from_inland": 1475.0,
        "edge_change_relative_2023_m": 0.0,
        "ndvi_threshold": 0.32,
        "threshold_spread_m": 0.0,
        "single_scene_edge_range_m": 10.0,
        "source_scene_ids": [
          "S2B_MSIL2A_20230210T033859_R061_T47PNL_20230211T035717",
          "S2B_MSIL2A_20230312T033539_R061_T47PNL_20230312T103608",
          "S2A_MSIL2A_20230406T033541_R061_T47PNL_20230406T112615"
        ],
        "source_dates": [
          "2023-02-10",
          "2023-03-12",
          "2023-04-06"
        ]
      },
      "geometry": {
        "type": "Point",
        "coordinates": [
          99.25306228586851,
          9.357643332489907
        ]
      }
    },
    {
      "type": "Feature",
      "properties": {
        "transect_id": "T058",
        "group": "CONTROL_RANK_2",
        "year": 2024,
        "edge_position_m_from_inland": 1475.0,
        "edge_change_relative_2023_m": 0.0,
        "ndvi_threshold": 0.32,
        "threshold_spread_m": 0.0,
        "single_scene_edge_range_m": 0.0,
        "source_scene_ids": [
          "S2B_MSIL2A_20240225T033729_R061_T47PNL_20240225T081626",
          "S2A_MSIL2A_20240321T033541_R061_T47PNL_20240321T091105",
          "S2A_MSIL2A_20240420T033541_R061_T47PNL_20240420T101326"
        ],
        "source_dates": [
          "2024-02-25",
          "2024-03-21",
          "2024-04-20"
        ]
      },
      "geometry": {
        "type": "Point",
        "coordinates": [
          99.25306228586851,
          9.357643332489907
        ]
      }
    },
    {
      "type": "Feature",
      "properties": {
        "transect_id": "T058",
        "group": "CONTROL_RANK_2",
        "year": 2025,
        "edge_position_m_from_inland": 1475.0,
        "edge_change_relative_2023_m": 0.0,
        "ndvi_threshold": 0.32,
        "threshold_spread_m": 10.0,
        "single_scene_edge_range_m": 0.0,
        "source_scene_ids": [
          "S2C_MSIL2A_20250214T033901_R061_T47PNL_20250214T090512",
          "S2C_MSIL2A_20250316T033601_R061_T47PNL_20250316T090315",
          "S2A_MSIL2A_20250407T034201_R061_T47PNL_20250407T083514"
        ],
        "source_dates": [
          "2025-02-14",
          "2025-03-16",
          "2025-04-07"
        ]
      },
      "geometry": {
        "type": "Point",
        "coordinates": [
          99.25306228586851,
          9.357643332489907
        ]
      }
    },
    {
      "type": "Feature",
      "properties": {
        "transect_id": "T058",
        "group": "CONTROL_RANK_2",
        "year": 2026,
        "edge_position_m_from_inland": 1475.0,
        "edge_change_relative_2023_m": 0.0,
        "ndvi_threshold": 0.32,
        "threshold_spread_m": 10.0,
        "single_scene_edge_range_m": 0.0,
        "source_scene_ids": [
          "S2C_MSIL2A_20260301T033701_R061_T47PNL_20260301T091613",
          "S2B_MSIL2A_20260405T033539_R061_T47PNL_20260405T072236",
          "S2C_MSIL2A_20260430T033541_R061_T47PNL_20260430T081812"
        ],
        "source_dates": [
          "2026-03-01",
          "2026-04-05",
          "2026-04-30"
        ]
      },
      "geometry": {
        "type": "Point",
        "coordinates": [
          99.25306228586851,
          9.357643332489907
        ]
      }
    }
  ]
}
