{"type":"FeatureCollection","name":"krabi_published_dsas_points_1990_2019","crs":{"type":"name","properties":{"name":"urn:ogc:def:crs:OGC:1.3:CRS84"}},"features":[{"type":"Feature","id":1,"properties":{"OBJECTID":718,"TransectID":767,"BaselineID":16,"GroupID":1,"TransOrder":767,"Azimuth":329.74,"ShrCount":13,"TCD":576091.87,"SHAPE_Leng":300.0,"SCE":71.47,"NSM":-40.11,"EPR":-1.43,"EPRunc":1.51,"LRR":-1.8,"LR2":0.64,"LSE":14.37,"LCI90":0.74,"WLR":-1.8,"WR2":0.64,"WSE":0.48,"WCI90":0.74,"Shape_Le_1":300.000043661,"ORIG_FID":663,"txt_OBJECTID_1":"663","txt_OBJECTID":"718","txt_TransectID":"767","txt_BaselineID":"16","txt_GroupID":"1","txt_TransOrder":"767","txt_Azimuth":"329.740000000000009","txt_ShrCount":"13","txt_TCD":"576091.869999999995343","txt_SHAPE_Leng":"300.000000000000000","txt_SCE":"71.469999999999999","txt_NSM":"-40.109999999999999","txt_EPR":"-1.430000000000000","txt_EPRunc":"1.510000000000000","txt_LRR":"-1.800000000000000","txt_LR2":"0.640000000000000","txt_LSE":"14.369999999999999","txt_LCI90":"0.740000000000000","txt_WLR":"-1.800000000000000","txt_WR2":"0.640000000000000","txt_WSE":"0.480000000000000","txt_WCI90":"0.740000000000000","txt_Shape_Length":"300.000043661365112","source_feature_index":1,"published_primary_rate_field":"LRR","published_primary_rate_m_per_year":-1.8,"dashboard_rate_class":"RETREAT","dashboard_classification_note":"Display convention only; source numeric value is preserved. Not an official DMCR class.","published_period":"1990-2019","published_dataset":"Shoreline ThaiCoast / Krabi_Points"},"geometry":{"type":"Point","coordinates":[98.73750178251551,8.238500735883724]}},{"type":"Feature","id":2,"properties":{"OBJECTID":724,"TransectID":773,"BaselineID":16,"GroupID":1,"TransOrder":773,"Azimuth":114.17,"ShrCount":14,"TCD":579091.87,"SHAPE_Leng":299.999999999,"SCE":105.95,"NSM":39.77,"EPR":1.42,"EPRunc":1.51,"LRR":-0.29,"LR2":0.01,"LSE":29.33,"LCI90":1.45,"WLR":-0.29,"WR2":0.01,"WSE":0.98,"WCI90":1.45,"Shape_Le_1":300.000038135,"ORIG_FID":664,"txt_OBJECTID_1":"664","txt_OBJECTID":"724","txt_TransectID":"773","txt_BaselineID":"16","txt_GroupID":"1","txt_TransOrder":"773","txt_Azimuth":"114.170000000000002","txt_ShrCount":"14","txt_TCD":"579091.869999999995343","txt_SHAPE_Leng":"299.999999999000011","txt_SCE":"105.950000000000003","txt_NSM":"39.770000000000003","txt_EPR":"1.420000000000000","txt_EPRunc":"1.510000000000000","txt_LRR":"-0.290000000000000","txt_LR2":"0.010000000000000","txt_LSE":"29.329999999999998","txt_LCI90":"1.450000000000000","txt_WLR":"-0.290000000000000","txt_WR2":"0.010000000000000","txt_WSE":"0.980000000000000","txt_WCI90":"1.450000000000000","txt_Shape_Length":"300.000038135264674","source_feature_index":2,"published_primary_rate_field":"LRR","published_primary_rate_m_per_year":-0.29,"dashboard_rate_class":"RELATIVELY_STABLE","dashboard_classification_note":"Display convention only; source numeric value is preserved. Not an official DMCR class.","published_period":"1990-2019","published_dataset":"Shoreline ThaiCoast / Krabi_Points"},"geometry":{"type":"Point","coordinates":[98.73884913955779,8.23534629216197]}},{"type":"Feature","id":3,"properties":{"OBJECTID":729,"TransectID":778,"BaselineID":16,"GroupID":1,"TransOrder":778,"Azimuth":17.22,"ShrCount":7,"TCD":581591.87,"SHAPE_Leng":299.999999998,"SCE":46.95,"NSM":-35.23,"EPR":-1.26,"EPRunc":1.51,"LRR":-0.73,"LR2":0.35,"LSE":12.88,"LCI90":0.9,"WLR":-0.73,"WR2":0.35,"WSE":0.43,"WCI90":0.9,"Shape_Le_1":300.00008994,"ORIG_FID":665,"txt_OBJECTID_1":"665","txt_OBJECTID":"729","txt_TransectID":"778","txt_BaselineID":"16","txt_GroupID":"1","txt_TransOrder":"778","txt_Azimuth":"17.219999999999999","txt_ShrCount":"7","txt_TCD":"581591.869999999995343","txt_SHAPE_Leng":"299.999999998000021","txt_SCE":"46.950000000000003","txt_NSM":"-35.229999999999997","txt_EPR":"-1.260000000000000","txt_EPRunc":"1.510000000000000","txt_LRR":"-0.730000000000000","txt_LR2":"0.350000000000000","txt_LSE":"12.880000000000001","txt_LCI90":"0.900000000000000","txt_WLR":"-0.730000000000000","txt_WR2":"0.350000000000000","txt_WSE":"0.430000000000000","txt_WCI90":"0.900000000000000","txt_Shape_Length":"300.000089940343344","source_feature_index":3,"published_primary_rate_field":"LRR","published_primary_rate_m_per_year":-0.73,"dashboard_rate_class":"RETREAT","dashboard_classification_note":"Display convention only; source numeric value is preserved. Not an official DMCR class.","published_period":"1990-2019","published_dataset":"Shoreline ThaiCoast / Krabi_Points"},"geometry":{"type":"Point","coordinates":[98.74297008376493,8.215131654219695]}},{"type":"Feature","id":4,"properties":{"OBJECTID":735,"TransectID":784,"BaselineID":16,"GroupID":1,"TransOrder":784,"Azimuth":128.94,"ShrCount":8,"TCD":584591.87,"SHAPE_Leng":300.000000004,"SCE":102.78,"NSM":36.73,"EPR":1.31,"EPRunc":1.51,"LRR":0.13,"LR2":0.0,"LSE":37.39,"LCI90":2.49,"WLR":0.13,"WR2":0.0,"WSE":1.25,"WCI90":2.49,"Shape_Le_1":300.0000317,"ORIG_FID":666,"txt_OBJECTID_1":"666","txt_OBJECTID":"735","txt_TransectID":"784","txt_BaselineID":"16","txt_GroupID":"1","txt_TransOrder":"784","txt_Azimuth":"128.939999999999998","txt_ShrCount":"8","txt_TCD":"584591.869999999995343","txt_SHAPE_Leng":"300.000000004000015","txt_SCE":"102.780000000000001","txt_NSM":"36.729999999999997","txt_EPR":"1.310000000000000","txt_EPRunc":"1.510000000000000","txt_LRR":"0.130000000000000","txt_LR2":"0.000000000000000","txt_LSE":"37.390000000000001","txt_LCI90":"2.490000000000000","txt_WLR":"0.130000000000000","txt_WR2":"0.000000000000000","txt_WSE":"1.250000000000000","txt_WCI90":"2.490000000000000","txt_Shape_Length":"300.000031700345573","source_feature_index":4,"published_primary_rate_field":"LRR","published_primary_rate_m_per_year":0.13,"dashboard_rate_class":"RELATIVELY_STABLE","dashboard_classification_note":"Display convention only; source numeric value is preserved. Not an official DMCR class.","published_period":"1990-2019","published_dataset":"Shoreline ThaiCoast / Krabi_Points"},"geometry":{"type":"Point","coordinates":[98.74494286349424,8.212394123653917]}},{"type":"Feature","id":5,"properties":{"OBJECTID":769,"TransectID":818,"BaselineID":16,"GroupID":1,"TransOrder":818,"Azimuth":306.69,"ShrCount":9,"TCD":601591.87,"SHAPE_Leng":300.000000003,"SCE":73.49,"NSM":-26.34,"EPR":-0.96,"EPRunc":1.54,"LRR":-0.35,"LR2":0.03,"LSE":23.94,"LCI90":1.41,"WLR":-0.35,"WR2":0.03,"WSE":0.8,"WCI90":1.41,"Shape_Le_1":300.000036318,"ORIG_FID":667,"txt_OBJECTID_1":"667","txt_OBJECTID":"769","txt_TransectID":"818","txt_BaselineID":"16","txt_GroupID":"1","txt_TransOrder":"818","txt_Azimuth":"306.689999999999998","txt_ShrCount":"9","txt_TCD":"601591.869999999995343","txt_SHAPE_Leng":"300.000000003000025","txt_SCE":"73.489999999999995","txt_NSM":"-26.340000000000000","txt_EPR":"-0.960000000000000","txt_EPRunc":"1.540000000000000","txt_LRR":"-0.350000000000000","txt_LR2":"0.030000000000000","txt_LSE":"23.940000000000001","txt_LCI90":"1.410000000000000","txt_WLR":"-0.350000000000000","txt_WR2":"0.030000000000000","txt_WSE":"0.800000000000000","txt_WCI90":"1.410000000000000","txt_Shape_Length":"300.000036317515139","source_feature_index":5,"published_primary_rate_field":"LRR","published_primary_rate_m_per_year":-0.35,"dashboard_rate_class":"RELATIVELY_STABLE","dashboard_classification_note":"Display convention only; source numeric value is preserved. Not an official DMCR class.","published_period":"1990-2019","published_dataset":"Shoreline ThaiCoast / Krabi_Points"},"geometry":{"type":"Point","coordinates":[98.74724022434951,8.142383653441495]}},{"type":"Feature","id":6,"properties":{"OBJECTID":0,"TransectID":287,"BaselineID":6,"GroupID":1,"TransOrder":287,"Azimuth":6.67,"ShrCount":8,"TCD":184279.36,"SHAPE_Leng":0.0,"SCE":49.51,"NSM":29.55,"EPR":1.06,"EPRunc":1.52,"LRR":-0.24,"LR2":0.02,"LSE":18.11,"LCI90":1.34,"WLR":-0.24,"WR2":0.02,"WSE":0.6,"WCI90":1.34,"Shape_Le_1":499.999991144,"ORIG_FID":668,"txt_OBJECTID_1":"668","txt_OBJECTID":"","txt_TransectID":"287","txt_BaselineID":"6","txt_GroupID":"1","txt_TransOrder":"287","txt_Azimuth":"6.670000000000000","txt_ShrCount":"8","txt_TCD":"184279.359999999986030","txt_SHAPE_Leng":"","txt_SCE":"49.509999999999998","txt_NSM":"29.550000000000001","txt_EPR":"1.060000000000000","txt_EPRunc":"1.520000000000000","txt_LRR":"-0.240000000000000","txt_LR2":"0.020000000000000","txt_LSE":"18.109999999999999","txt_LCI90":"1.340000000000000","txt_WLR":"-0.240000000000000","txt_WR2":"0.020000000000000","txt_WSE":"0.600000000000000","txt_WCI90":"1.340000000000000","txt_Shape_Length":"499.999991143586612","source_feature_index":6,"published_primary_rate_field":"LRR","published_primary_rate_m_per_year":-0.24,"dashboard_rate_class":"RELATIVELY_STABLE","dashboard_classification_note":"Display convention only; source numeric value is preserved. Not an official DMCR class.","published_period":"1990-2019","published_dataset":"Shoreline ThaiCoast / Krabi_Points"},"geometry":{"type":"Point","coordinates":[99.0720194610486,7.693984771039976]}},{"type":"Feature","id":7,"properties":{"OBJECTID":0,"TransectID":288,"BaselineID":6,"GroupID":1,"TransOrder":288,"Azimuth":0.74,"ShrCount":12,"TCD":184779.36,"SHAPE_Leng":0.0,"SCE":55.14,"NSM":24.38,"EPR":0.87,"EPRunc":1.52,"LRR":1.03,"LR2":0.5,"LSE":10.45,"LCI90":0.59,"WLR":1.03,"WR2":0.5,"WSE":0.35,"WCI90":0.59,"Shape_Le_1":500.000044019,"ORIG_FID":669,"txt_OBJECTID_1":"669","txt_OBJECTID":"","txt_TransectID":"288","txt_BaselineID":"6","txt_GroupID":"1","txt_TransOrder":"288","txt_Azimuth":"0.740000000000000","txt_ShrCount":"12","txt_TCD":"184779.359999999986030","txt_SHAPE_Leng":"","txt_SCE":"55.140000000000001","txt_NSM":"24.379999999999999","txt_EPR":"0.870000000000000","txt_EPRunc":"1.520000000000000","txt_LRR":"1.030000000000000","txt_LR2":"0.500000000000000","txt_LSE":"10.449999999999999","txt_LCI90":"0.590000000000000","txt_WLR":"1.030000000000000","txt_WR2":"0.500000000000000","txt_WSE":"0.350000000000000","txt_WCI90":"0.590000000000000","txt_Shape_Length":"500.000044018703989","source_feature_index":7,"published_primary_rate_field":"LRR","published_primary_rate_m_per_year":1.03,"dashboard_rate_class":"ACCRETION","dashboard_classification_note":"Display convention only; source numeric value is preserved. Not an official DMCR class.","published_period":"1990-2019","published_dataset":"Shoreline ThaiCoast / Krabi_Points"},"geometry":{"type":"Point","coordinates":[99.07535409531206,7.694195157048444]}},{"type":"Feature","id":8,"properties":{"OBJECTID":0,"TransectID":289,"BaselineID":6,"GroupID":1,"TransOrder":289,"Azimuth":25.46,"ShrCount":12,"TCD":185279.36,"SHAPE_Leng":0.0,"SCE":79.91,"NSM":38.8,"EPR":1.39,"EPRunc":1.52,"LRR":1.43,"LR2":0.45,"LSE":15.95,"LCI90":0.9,"WLR":1.43,"WR2":0.45,"WSE":0.53,"WCI90":0.9,"Shape_Le_1":500.00002814,"ORIG_FID":670,"txt_OBJECTID_1":"670","txt_OBJECTID":"","txt_TransectID":"289","txt_BaselineID":"6","txt_GroupID":"1","txt_TransOrder":"289","txt_Azimuth":"25.460000000000001","txt_ShrCount":"12","txt_TCD":"185279.359999999986030","txt_SHAPE_Leng":"","txt_SCE":"79.909999999999997","txt_NSM":"38.799999999999997","txt_EPR":"1.390000000000000","txt_EPRunc":"1.520000000000000","txt_LRR":"1.430000000000000","txt_LR2":"0.450000000000000","txt_LSE":"15.949999999999999","txt_LCI90":"0.900000000000000","txt_WLR":"1.430000000000000","txt_WR2":"0.450000000000000","txt_WSE":"0.530000000000000","txt_WCI90":"0.900000000000000","txt_Shape_Length":"500.000028139836161","source_feature_index":8,"published_primary_rate_field":"LRR","published_primary_rate_m_per_year":1.43,"dashboard_rate_class":"ACCRETION","dashboard_classification_note":"Display convention only; source numeric value is preserved. Not an official DMCR class.","published_period":"1990-2019","published_dataset":"Shoreline ThaiCoast / Krabi_Points"},"geometry":{"type":"Point","coordinates":[99.07734514189714,7.694110097163282]}},{"type":"Feature","id":9,"properties":{"OBJECTID":0,"TransectID":290,"BaselineID":6,"GroupID":1,"TransOrder":290,"Azimuth":21.27,"ShrCount":13,"TCD":185779.36,"SHAPE_Leng":0.0,"SCE":49.48,"NSM":8.96,"EPR":0.32,"EPRunc":1.52,"LRR":0.54,"LR2":0.17,"LSE":11.62,"LCI90":0.64,"WLR":0.54,"WR2":0.17,"WSE":0.39,"WCI90":0.64,"Shape_Le_1":500.000094317,"ORIG_FID":671,"txt_OBJECTID_1":"671","txt_OBJECTID":"","txt_TransectID":"290","txt_BaselineID":"6","txt_GroupID":"1","txt_TransOrder":"290","txt_Azimuth":"21.270000000000000","txt_ShrCount":"13","txt_TCD":"185779.359999999986030","txt_SHAPE_Leng":"","txt_SCE":"49.479999999999997","txt_NSM":"8.960000000000001","txt_EPR":"0.320000000000000","txt_EPRunc":"1.520000000000000","txt_LRR":"0.540000000000000","txt_LR2":"0.170000000000000","txt_LSE":"11.619999999999999","txt_LCI90":"0.640000000000000","txt_WLR":"0.540000000000000","txt_WR2":"0.170000000000000","txt_WSE":"0.390000000000000","txt_WCI90":"0.640000000000000","txt_Shape_Length":"500.000094317461446","source_feature_index":9,"published_primary_rate_field":"LRR","published_primary_rate_m_per_year":0.54,"dashboard_rate_class":"ACCRETION","dashboard_classification_note":"Display convention only; source numeric value is preserved. Not an official DMCR class.","published_period":"1990-2019","published_dataset":"Shoreline ThaiCoast / Krabi_Points"},"geometry":{"type":"Point","coordinates":[99.08043676922739,7.691556966981109]}},{"type":"Feature","id":10,"properties":{"OBJECTID":0,"TransectID":291,"BaselineID":6,"GroupID":1,"TransOrder":291,"Azimuth":13.42,"ShrCount":13,"TCD":186279.36,"SHAPE_Leng":0.0,"SCE":59.99,"NSM":1.65,"EPR":0.06,"EPRunc":1.52,"LRR":-0.27,"LR2":0.02,"LSE":17.38,"LCI90":0.95,"WLR":-0.27,"WR2":0.02,"WSE":0.58,"WCI90":0.95,"Shape_Le_1":499.999920397,"ORIG_FID":672,"txt_OBJECTID_1":"672","txt_OBJECTID":"","txt_TransectID":"291","txt_BaselineID":"6","txt_GroupID":"1","txt_TransOrder":"291","txt_Azimuth":"13.420000000000000","txt_ShrCount":"13","txt_TCD":"186279.359999999986030","txt_SHAPE_Leng":"","txt_SCE":"59.990000000000002","txt_NSM":"1.650000000000000","txt_EPR":"0.060000000000000","txt_EPRunc":"1.520000000000000","txt_LRR":"-0.270000000000000","txt_LR2":"0.020000000000000","txt_LSE":"17.379999999999999","txt_LCI90":"0.950000000000000","txt_WLR":"-0.270000000000000","txt_WR2":"0.020000000000000","txt_WSE":"0.580000000000000","txt_WCI90":"0.950000000000000","txt_Shape_Length":"499.999920396756465","source_feature_index":10,"published_primary_rate_field":"LRR","published_primary_rate_m_per_year":-0.27,"dashboard_rate_class":"RELATIVELY_STABLE","dashboard_classification_note":"Display convention only; source numeric value is preserved. Not an official DMCR class.","published_period":"1990-2019","published_dataset":"Shoreline ThaiCoast / Krabi_Points"},"geometry":{"type":"Point","coordinates":[99.08468330224407,7.691275606481467]}},{"type":"Feature","id":11,"properties":{"OBJECTID":0,"TransectID":292,"BaselineID":6,"GroupID":1,"TransOrder":292,"Azimuth":0.83,"ShrCount":13,"TCD":186779.36,"SHAPE_Leng":0.0,"SCE":37.43,"NSM":22.84,"EPR":0.82,"EPRunc":1.52,"LRR":0.45,"LR2":0.14,"LSE":11.15,"LCI90":0.61,"WLR":0.45,"WR2":0.14,"WSE":0.37,"WCI90":0.61,"Shape_Le_1":499.999932968,"ORIG_FID":673,"txt_OBJECTID_1":"673","txt_OBJECTID":"","txt_TransectID":"292","txt_BaselineID":"6","txt_GroupID":"1","txt_TransOrder":"292","txt_Azimuth":"0.830000000000000","txt_ShrCount":"13","txt_TCD":"186779.359999999986030","txt_SHAPE_Leng":"","txt_SCE":"37.430000000000000","txt_NSM":"22.840000000000000","txt_EPR":"0.820000000000000","txt_EPRunc":"1.520000000000000","txt_LRR":"0.450000000000000","txt_LR2":"0.140000000000000","txt_LSE":"11.150000000000000","txt_LCI90":"0.610000000000000","txt_WLR":"0.450000000000000","txt_WR2":"0.140000000000000","txt_WSE":"0.370000000000000","txt_WCI90":"0.610000000000000","txt_Shape_Length":"499.999932967744257","source_feature_index":11,"published_primary_rate_field":"LRR","published_primary_rate_m_per_year":0.45,"dashboard_rate_class":"RELATIVELY_STABLE","dashboard_classification_note":"Display convention only; source numeric value is preserved. Not an official DMCR class.","published_period":"1990-2019","published_dataset":"Shoreline ThaiCoast / Krabi_Points"},"geometry":{"type":"Point","coordinates":[99.0885608897743,7.689656023598476]}},{"type":"Feature","id":12,"properties":{"OBJECTID":0,"TransectID":293,"BaselineID":6,"GroupID":1,"TransOrder":293,"Azimuth":343.86,"ShrCount":13,"TCD":187279.36,"SHAPE_Leng":0.0,"SCE":48.87,"NSM":8.74,"EPR":0.31,"EPRunc":1.52,"LRR":0.25,"LR2":0.02,"LSE":15.43,"LCI90":0.84,"WLR":0.25,"WR2":0.02,"WSE":0.51,"WCI90":0.84,"Shape_Le_1":499.999960949,"ORIG_FID":674,"txt_OBJECTID_1":"674","txt_OBJECTID":"","txt_TransectID":"293","txt_BaselineID":"6","txt_GroupID":"1","txt_TransOrder":"293","txt_Azimuth":"343.860000000000014","txt_ShrCount":"13","txt_TCD":"187279.359999999986030","txt_SHAPE_Leng":"","txt_SCE":"48.869999999999997","txt_NSM":"8.740000000000000","txt_EPR":"0.310000000000000","txt_EPRunc":"1.520000000000000","txt_LRR":"0.250000000000000","txt_LR2":"0.020000000000000","txt_LSE":"15.430000000000000","txt_LCI90":"0.840000000000000","txt_WLR":"0.250000000000000","txt_WR2":"0.020000000000000","txt_WSE":"0.510000000000000","txt_WCI90":"0.840000000000000","txt_Shape_Length":"499.999960949487672","source_feature_index":12,"published_primary_rate_field":"LRR","published_primary_rate_m_per_year":0.25,"dashboard_rate_class":"RELATIVELY_STABLE","dashboard_classification_note":"Display convention only; source numeric value is preserved. Not an official DMCR class.","published_period":"1990-2019","published_dataset":"Shoreline ThaiCoast / Krabi_Points"},"geometry":{"type":"Point","coordinates":[99.0925279444401,7.691205178636151]}},{"type":"Feature","id":13,"properties":{"OBJECTID":0,"TransectID":294,"BaselineID":6,"GroupID":1,"TransOrder":294,"Azimuth":351.72,"ShrCount":13,"TCD":187779.36,"SHAPE_Leng":0.0,"SCE":60.96,"NSM":23.84,"EPR":0.85,"EPRunc":1.52,"LRR":0.47,"LR2":0.1,"LSE":14.08,"LCI90":0.77,"WLR":0.47,"WR2":0.1,"WSE":0.47,"WCI90":0.77,"Shape_Le_1":500.000067238,"ORIG_FID":675,"txt_OBJECTID_1":"675","txt_OBJECTID":"","txt_TransectID":"294","txt_BaselineID":"6","txt_GroupID":"1","txt_TransOrder":"294","txt_Azimuth":"351.720000000000027","txt_ShrCount":"13","txt_TCD":"187779.359999999986030","txt_SHAPE_Leng":"","txt_SCE":"60.960000000000001","txt_NSM":"23.840000000000000","txt_EPR":"0.850000000000000","txt_EPRunc":"1.520000000000000","txt_LRR":"0.470000000000000","txt_LR2":"0.100000000000000","txt_LSE":"14.080000000000000","txt_LCI90":"0.770000000000000","txt_WLR":"0.470000000000000","txt_WR2":"0.100000000000000","txt_WSE":"0.470000000000000","txt_WCI90":"0.770000000000000","txt_Shape_Length":"500.000067238241456","source_feature_index":13,"published_primary_rate_field":"LRR","published_primary_rate_m_per_year":0.47,"dashboard_rate_class":"RELATIVELY_STABLE","dashboard_classification_note":"Display convention only; source numeric value is preserved. Not an official DMCR class.","published_period":"1990-2019","published_dataset":"Shoreline ThaiCoast / Krabi_Points"},"geometry":{"type":"Point","coordinates":[99.09593163469974,7.691702406048647]}},{"type":"Feature","id":14,"properties":{"OBJECTID":0,"TransectID":295,"BaselineID":6,"GroupID":1,"TransOrder":295,"Azimuth":322.16,"ShrCount":13,"TCD":188279.36,"SHAPE_Leng":0.0,"SCE":62.59,"NSM":-24.49,"EPR":-0.88,"EPRunc":1.52,"LRR":-0.62,"LR2":0.1,"LSE":18.06,"LCI90":0.99,"WLR":-0.62,"WR2":0.1,"WSE":0.6,"WCI90":0.99,"Shape_Le_1":500.000014134,"ORIG_FID":676,"txt_OBJECTID_1":"676","txt_OBJECTID":"","txt_TransectID":"295","txt_BaselineID":"6","txt_GroupID":"1","txt_TransOrder":"295","txt_Azimuth":"322.160000000000025","txt_ShrCount":"13","txt_TCD":"188279.359999999986030","txt_SHAPE_Leng":"","txt_SCE":"62.590000000000003","txt_NSM":"-24.489999999999998","txt_EPR":"-0.880000000000000","txt_EPRunc":"1.520000000000000","txt_LRR":"-0.620000000000000","txt_LR2":"0.100000000000000","txt_LSE":"18.059999999999999","txt_LCI90":"0.990000000000000","txt_WLR":"-0.620000000000000","txt_WR2":"0.100000000000000","txt_WSE":"0.600000000000000","txt_WCI90":"0.990000000000000","txt_Shape_Length":"500.000014133760828","source_feature_index":14,"published_primary_rate_field":"LRR","published_primary_rate_m_per_year":-0.62,"dashboard_rate_class":"RETREAT","dashboard_classification_note":"Display convention only; source numeric value is preserved. Not an official DMCR class.","published_period":"1990-2019","published_dataset":"Shoreline ThaiCoast / Krabi_Points"},"geometry":{"type":"Point","coordinates":[99.10071327345516,7.69266697807838]}},{"type":"Feature","id":15,"properties":{"OBJECTID":0,"TransectID":296,"BaselineID":6,"GroupID":1,"TransOrder":296,"Azimuth":294.41,"ShrCount":13,"TCD":188779.36,"SHAPE_Leng":0.0,"SCE":33.77,"NSM":-8.37,"EPR":-0.3,"EPRunc":1.52,"LRR":0.25,"LR2":0.06,"LSE":9.52,"LCI90":0.52,"WLR":0.25,"WR2":0.06,"WSE":0.32,"WCI90":0.52,"Shape_Le_1":500.000045076,"ORIG_FID":677,"txt_OBJECTID_1":"677","txt_OBJECTID":"","txt_TransectID":"296","txt_BaselineID":"6","txt_GroupID":"1","txt_TransOrder":"296","txt_Azimuth":"294.410000000000025","txt_ShrCount":"13","txt_TCD":"188779.359999999986030","txt_SHAPE_Leng":"","txt_SCE":"33.770000000000003","txt_NSM":"-8.369999999999999","txt_EPR":"-0.300000000000000","txt_EPRunc":"1.520000000000000","txt_LRR":"0.250000000000000","txt_LR2":"0.060000000000000","txt_LSE":"9.520000000000000","txt_LCI90":"0.520000000000000","txt_WLR":"0.250000000000000","txt_WR2":"0.060000000000000","txt_WSE":"0.320000000000000","txt_WCI90":"0.520000000000000","txt_Shape_Length":"500.000045075820083","source_feature_index":15,"published_primary_rate_field":"LRR","published_primary_rate_m_per_year":0.25,"dashboard_rate_class":"RELATIVELY_STABLE","dashboard_classification_note":"Display convention only; source numeric value is preserved. Not an official DMCR class.","published_period":"1990-2019","published_dataset":"Shoreline ThaiCoast / Krabi_Points"},"geometry":{"type":"Point","coordinates":[99.10312575886785,7.697230634277152]}},{"type":"Feature","id":16,"properties":{"OBJECTID":0,"TransectID":297,"BaselineID":6,"GroupID":1,"TransOrder":297,"Azimuth":299.41,"ShrCount":13,"TCD":189279.36,"SHAPE_Leng":0.0,"SCE":34.1,"NSM":-5.05,"EPR":-0.18,"EPRunc":1.52,"LRR":-0.13,"LR2":0.02,"LSE":10.16,"LCI90":0.56,"WLR":-0.13,"WR2":0.02,"WSE":0.34,"WCI90":0.56,"Shape_Le_1":500.00001062,"ORIG_FID":678,"txt_OBJECTID_1":"678","txt_OBJECTID":"","txt_TransectID":"297","txt_BaselineID":"6","txt_GroupID":"1","txt_TransOrder":"297","txt_Azimuth":"299.410000000000025","txt_ShrCount":"13","txt_TCD":"189279.359999999986030","txt_SHAPE_Leng":"","txt_SCE":"34.100000000000001","txt_NSM":"-5.050000000000000","txt_EPR":"-0.180000000000000","txt_EPRunc":"1.520000000000000","txt_LRR":"-0.130000000000000","txt_LR2":"0.020000000000000","txt_LSE":"10.160000000000000","txt_LCI90":"0.560000000000000","txt_WLR":"-0.130000000000000","txt_WR2":"0.020000000000000","txt_WSE":"0.340000000000000","txt_WCI90":"0.560000000000000","txt_Shape_Length":"500.000010620156445","source_feature_index":16,"published_primary_rate_field":"LRR","published_primary_rate_m_per_year":-0.13,"dashboard_rate_class":"RELATIVELY_STABLE","dashboard_classification_note":"Display convention only; source numeric value is preserved. Not an official DMCR class.","published_period":"1990-2019","published_dataset":"Shoreline ThaiCoast / Krabi_Points"},"geometry":{"type":"Point","coordinates":[99.10459110674273,7.700576248688658]}},{"type":"Feature","id":17,"properties":{"OBJECTID":0,"TransectID":298,"BaselineID":6,"GroupID":1,"TransOrder":298,"Azimuth":299.69,"ShrCount":13,"TCD":189779.36,"SHAPE_Leng":0.0,"SCE":76.58,"NSM":9.83,"EPR":0.35,"EPRunc":1.52,"LRR":0.63,"LR2":0.1,"LSE":19.03,"LCI90":1.04,"WLR":0.63,"WR2":0.1,"WSE":0.63,"WCI90":1.04,"Shape_Le_1":500.000069122,"ORIG_FID":679,"txt_OBJECTID_1":"679","txt_OBJECTID":"","txt_TransectID":"298","txt_BaselineID":"6","txt_GroupID":"1","txt_TransOrder":"298","txt_Azimuth":"299.689999999999998","txt_ShrCount":"13","txt_TCD":"189779.359999999986030","txt_SHAPE_Leng":"","txt_SCE":"76.579999999999998","txt_NSM":"9.830000000000000","txt_EPR":"0.350000000000000","txt_EPRunc":"1.520000000000000","txt_LRR":"0.630000000000000","txt_LR2":"0.100000000000000","txt_LSE":"19.030000000000001","txt_LCI90":"1.040000000000000","txt_WLR":"0.630000000000000","txt_WR2":"0.100000000000000","txt_WSE":"0.630000000000000","txt_WCI90":"1.040000000000000","txt_Shape_Length":"500.000069122136551","source_feature_index":17,"published_primary_rate_field":"LRR","published_primary_rate_m_per_year":0.63,"dashboard_rate_class":"ACCRETION","dashboard_classification_note":"Display convention only; source numeric value is preserved. Not an official DMCR class.","published_period":"1990-2019","published_dataset":"Shoreline ThaiCoast / Krabi_Points"},"geometry":{"type":"Point","coordinates":[99.10682115607878,7.7037493849041025]}},{"type":"Feature","id":18,"properties":{"OBJECTID":0,"TransectID":299,"BaselineID":6,"GroupID":1,"TransOrder":299,"Azimuth":291.64,"ShrCount":13,"TCD":190279.36,"SHAPE_Leng":0.0,"SCE":43.97,"NSM":-19.08,"EPR":-0.68,"EPRunc":1.52,"LRR":-0.1,"LR2":0.01,"LSE":12.27,"LCI90":0.67,"WLR":-0.1,"WR2":0.01,"WSE":0.41,"WCI90":0.67,"Shape_Le_1":500.000003077,"ORIG_FID":680,"txt_OBJECTID_1":"680","txt_OBJECTID":"","txt_TransectID":"299","txt_BaselineID":"6","txt_GroupID":"1","txt_TransOrder":"299","txt_Azimuth":"291.639999999999986","txt_ShrCount":"13","txt_TCD":"190279.359999999986030","txt_SHAPE_Leng":"","txt_SCE":"43.969999999999999","txt_NSM":"-19.079999999999998","txt_EPR":"-0.680000000000000","txt_EPRunc":"1.520000000000000","txt_LRR":"-0.100000000000000","txt_LR2":"0.010000000000000","txt_LSE":"12.270000000000000","txt_LCI90":"0.670000000000000","txt_WLR":"-0.100000000000000","txt_WR2":"0.010000000000000","txt_WSE":"0.410000000000000","txt_WCI90":"0.670000000000000","txt_Shape_Length":"500.000003076759697","source_feature_index":18,"published_primary_rate_field":"LRR","published_primary_rate_m_per_year":-0.1,"dashboard_rate_class":"RELATIVELY_STABLE","dashboard_classification_note":"Display convention only; source numeric value is preserved. Not an official DMCR class.","published_period":"1990-2019","published_dataset":"Shoreline ThaiCoast / Krabi_Points"},"geometry":{"type":"Point","coordinates":[99.10823202486586,7.7069862988136535]}},{"type":"Feature","id":19,"properties":{"OBJECTID":0,"TransectID":300,"BaselineID":6,"GroupID":1,"TransOrder":300,"Azimuth":267.9,"ShrCount":13,"TCD":190779.36,"SHAPE_Leng":0.0,"SCE":41.54,"NSM":-8.58,"EPR":-0.31,"EPRunc":1.52,"LRR":-0.31,"LR2":0.05,"LSE":13.78,"LCI90":0.75,"WLR":-0.31,"WR2":0.05,"WSE":0.46,"WCI90":0.75,"Shape_Le_1":499.999991053,"ORIG_FID":681,"txt_OBJECTID_1":"681","txt_OBJECTID":"","txt_TransectID":"300","txt_BaselineID":"6","txt_GroupID":"1","txt_TransOrder":"300","txt_Azimuth":"267.899999999999977","txt_ShrCount":"13","txt_TCD":"190779.359999999986030","txt_SHAPE_Leng":"","txt_SCE":"41.539999999999999","txt_NSM":"-8.580000000000000","txt_EPR":"-0.310000000000000","txt_EPRunc":"1.520000000000000","txt_LRR":"-0.310000000000000","txt_LR2":"0.050000000000000","txt_LSE":"13.779999999999999","txt_LCI90":"0.750000000000000","txt_WLR":"-0.310000000000000","txt_WR2":"0.050000000000000","txt_WSE":"0.460000000000000","txt_WCI90":"0.750000000000000","txt_Shape_Length":"499.999991053360986","source_feature_index":19,"published_primary_rate_field":"LRR","published_primary_rate_m_per_year":-0.31,"dashboard_rate_class":"RELATIVELY_STABLE","dashboard_classification_note":"Display convention only; source numeric value is preserved. Not an official DMCR class.","published_period":"1990-2019","published_dataset":"Shoreline ThaiCoast / Krabi_Points"},"geometry":{"type":"Point","coordinates":[99.1098911103392,7.711920891839881]}},{"type":"Feature","id":20,"properties":{"OBJECTID":0,"TransectID":301,"BaselineID":6,"GroupID":1,"TransOrder":301,"Azimuth":257.99,"ShrCount":13,"TCD":191279.36,"SHAPE_Leng":0.0,"SCE":69.34,"NSM":32.23,"EPR":1.15,"EPRunc":1.52,"LRR":0.66,"LR2":0.07,"LSE":24.03,"LCI90":1.32,"WLR":0.66,"WR2":0.07,"WSE":0.8,"WCI90":1.32,"Shape_Le_1":499.999901081,"ORIG_FID":682,"txt_OBJECTID_1":"682","txt_OBJECTID":"","txt_TransectID":"301","txt_BaselineID":"6","txt_GroupID":"1","txt_TransOrder":"301","txt_Azimuth":"257.990000000000009","txt_ShrCount":"13","txt_TCD":"191279.359999999986030","txt_SHAPE_Leng":"","txt_SCE":"69.340000000000003","txt_NSM":"32.229999999999997","txt_EPR":"1.150000000000000","txt_EPRunc":"1.520000000000000","txt_LRR":"0.660000000000000","txt_LR2":"0.070000000000000","txt_LSE":"24.030000000000001","txt_LCI90":"1.320000000000000","txt_WLR":"0.660000000000000","txt_WR2":"0.070000000000000","txt_WSE":"0.800000000000000","txt_WCI90":"1.320000000000000","txt_Shape_Length":"499.999901081196128","source_feature_index":20,"published_primary_rate_field":"LRR","published_primary_rate_m_per_year":0.66,"dashboard_rate_class":"ACCRETION","dashboard_classification_note":"Display convention only; source numeric value is preserved. Not an official DMCR class.","published_period":"1990-2019","published_dataset":"Shoreline ThaiCoast / Krabi_Points"},"geometry":{"type":"Point","coordinates":[99.10808738220767,7.715267909809308]}},{"type":"Feature","id":21,"properties":{"OBJECTID":0,"TransectID":302,"BaselineID":6,"GroupID":1,"TransOrder":302,"Azimuth":272.88,"ShrCount":13,"TCD":191779.36,"SHAPE_Leng":0.0,"SCE":86.18,"NSM":-9.46,"EPR":-0.34,"EPRunc":1.52,"LRR":0.38,"LR2":0.03,"LSE":22.15,"LCI90":1.21,"WLR":0.38,"WR2":0.03,"WSE":0.74,"WCI90":1.21,"Shape_Le_1":500.000078707,"ORIG_FID":683,"txt_OBJECTID_1":"683","txt_OBJECTID":"","txt_TransectID":"302","txt_BaselineID":"6","txt_GroupID":"1","txt_TransOrder":"302","txt_Azimuth":"272.879999999999995","txt_ShrCount":"13","txt_TCD":"191779.359999999986030","txt_SHAPE_Leng":"","txt_SCE":"86.180000000000007","txt_NSM":"-9.460000000000001","txt_EPR":"-0.340000000000000","txt_EPRunc":"1.520000000000000","txt_LRR":"0.380000000000000","txt_LR2":"0.030000000000000","txt_LSE":"22.149999999999999","txt_LCI90":"1.210000000000000","txt_WLR":"0.380000000000000","txt_WR2":"0.030000000000000","txt_WSE":"0.740000000000000","txt_WCI90":"1.210000000000000","txt_Shape_Length":"500.000078706769216","source_feature_index":21,"published_primary_rate_field":"LRR","published_primary_rate_m_per_year":0.38,"dashboard_rate_class":"RELATIVELY_STABLE","dashboard_classification_note":"Display convention only; source numeric value is preserved. Not an official DMCR class.","published_period":"1990-2019","published_dataset":"Shoreline ThaiCoast / Krabi_Points"},"geometry":{"type":"Point","coordinates":[99.1085773958995,7.717884644079668]}},{"type":"Feature","id":22,"properties":{"OBJECTID":0,"TransectID":304,"BaselineID":6,"GroupID":1,"TransOrder":304,"Azimuth":266.56,"ShrCount":11,"TCD":192779.36,"SHAPE_Leng":0.0,"SCE":79.03,"NSM":60.45,"EPR":2.16,"EPRunc":1.52,"LRR":0.14,"LR2":0.0,"LSE":23.93,"LCI90":1.34,"WLR":0.14,"WR2":0.0,"WSE":0.8,"WCI90":1.34,"Shape_Le_1":499.999965622,"ORIG_FID":685,"txt_OBJECTID_1":"685","txt_OBJECTID":"","txt_TransectID":"304","txt_BaselineID":"6","txt_GroupID":"1","txt_TransOrder":"304","txt_Azimuth":"266.560000000000002","txt_ShrCount":"11","txt_TCD":"192779.359999999986030","txt_SHAPE_Leng":"","txt_SCE":"79.030000000000001","txt_NSM":"60.450000000000003","txt_EPR":"2.160000000000000","txt_EPRunc":"1.520000000000000","txt_LRR":"0.140000000000000","txt_LR2":"0.000000000000000","txt_LSE":"23.930000000000000","txt_LCI90":"1.340000000000000","txt_WLR":"0.140000000000000","txt_WR2":"0.000000000000000","txt_WSE":"0.800000000000000","txt_WCI90":"1.340000000000000","txt_Shape_Length":"499.999965621863453","source_feature_index":22,"published_primary_rate_field":"LRR","published_primary_rate_m_per_year":0.14,"dashboard_rate_class":"RELATIVELY_STABLE","dashboard_classification_note":"Display convention only; source numeric value is preserved. Not an official DMCR class.","published_period":"1990-2019","published_dataset":"Shoreline ThaiCoast / Krabi_Points"},"geometry":{"type":"Point","coordinates":[99.1084404989864,7.723964546134617]}},{"type":"Feature","id":23,"properties":{"OBJECTID":0,"TransectID":1030,"BaselineID":20,"GroupID":1,"TransOrder":1030,"Azimuth":276.07,"ShrCount":13,"TCD":784005.83,"SHAPE_Leng":0.0,"SCE":34.94,"NSM":-16.02,"EPR":-0.57,"EPRunc":1.52,"LRR":0.05,"LR2":0.0,"LSE":11.2,"LCI90":0.61,"WLR":0.05,"WR2":0.0,"WSE":0.37,"WCI90":0.61,"Shape_Le_1":499.999948395,"ORIG_FID":686,"txt_OBJECTID_1":"686","txt_OBJECTID":"","txt_TransectID":"1030","txt_BaselineID":"20","txt_GroupID":"1","txt_TransOrder":"1030","txt_Azimuth":"276.069999999999993","txt_ShrCount":"13","txt_TCD":"784005.829999999958090","txt_SHAPE_Leng":"","txt_SCE":"34.939999999999998","txt_NSM":"-16.020000000000000","txt_EPR":"-0.570000000000000","txt_EPRunc":"1.520000000000000","txt_LRR":"0.050000000000000","txt_LR2":"0.000000000000000","txt_LSE":"11.199999999999999","txt_LCI90":"0.610000000000000","txt_WLR":"0.050000000000000","txt_WR2":"0.000000000000000","txt_WSE":"0.370000000000000","txt_WCI90":"0.610000000000000","txt_Shape_Length":"499.999948395169724","source_feature_index":23,"published_primary_rate_field":"LRR","published_primary_rate_m_per_year":0.05,"dashboard_rate_class":"RELATIVELY_STABLE","dashboard_classification_note":"Display convention only; source numeric value is preserved. Not an official DMCR class.","published_period":"1990-2019","published_dataset":"Shoreline ThaiCoast / Krabi_Points"},"geometry":{"type":"Point","coordinates":[99.11169576058509,7.72914084996188]}},{"type":"Feature","id":24,"properties":{"OBJECTID":0,"TransectID":1031,"BaselineID":20,"GroupID":1,"TransOrder":1031,"Azimuth":282.63,"ShrCount":13,"TCD":784505.83,"SHAPE_Leng":0.0,"SCE":34.88,"NSM":-13.43,"EPR":-0.48,"EPRunc":1.52,"LRR":0.12,"LR2":0.01,"LSE":9.54,"LCI90":0.52,"WLR":0.12,"WR2":0.01,"WSE":0.32,"WCI90":0.52,"Shape_Le_1":500.000011812,"ORIG_FID":687,"txt_OBJECTID_1":"687","txt_OBJECTID":"","txt_TransectID":"1031","txt_BaselineID":"20","txt_GroupID":"1","txt_TransOrder":"1031","txt_Azimuth":"282.629999999999995","txt_ShrCount":"13","txt_TCD":"784505.829999999958090","txt_SHAPE_Leng":"","txt_SCE":"34.880000000000003","txt_NSM":"-13.430000000000000","txt_EPR":"-0.480000000000000","txt_EPRunc":"1.520000000000000","txt_LRR":"0.120000000000000","txt_LR2":"0.010000000000000","txt_LSE":"9.539999999999999","txt_LCI90":"0.520000000000000","txt_WLR":"0.120000000000000","txt_WR2":"0.010000000000000","txt_WSE":"0.320000000000000","txt_WCI90":"0.520000000000000","txt_Shape_Length":"500.000011811961542","source_feature_index":24,"published_primary_rate_field":"LRR","published_primary_rate_m_per_year":0.12,"dashboard_rate_class":"RELATIVELY_STABLE","dashboard_classification_note":"Display convention only; source numeric value is preserved. Not an official DMCR class.","published_period":"1990-2019","published_dataset":"Shoreline ThaiCoast / Krabi_Points"},"geometry":{"type":"Point","coordinates":[99.11296780436486,7.731876791923606]}},{"type":"Feature","id":25,"properties":{"OBJECTID":0,"TransectID":1032,"BaselineID":20,"GroupID":1,"TransOrder":1032,"Azimuth":257.79,"ShrCount":13,"TCD":785005.83,"SHAPE_Leng":0.0,"SCE":23.35,"NSM":0.7,"EPR":0.02,"EPRunc":1.52,"LRR":-0.32,"LR2":0.15,"LSE":7.76,"LCI90":0.42,"WLR":-0.32,"WR2":0.15,"WSE":0.26,"WCI90":0.42,"Shape_Le_1":499.999955101,"ORIG_FID":688,"txt_OBJECTID_1":"688","txt_OBJECTID":"","txt_TransectID":"1032","txt_BaselineID":"20","txt_GroupID":"1","txt_TransOrder":"1032","txt_Azimuth":"257.790000000000020","txt_ShrCount":"13","txt_TCD":"785005.829999999958090","txt_SHAPE_Leng":"","txt_SCE":"23.350000000000001","txt_NSM":"0.700000000000000","txt_EPR":"0.020000000000000","txt_EPRunc":"1.520000000000000","txt_LRR":"-0.320000000000000","txt_LR2":"0.150000000000000","txt_LSE":"7.760000000000000","txt_LCI90":"0.420000000000000","txt_WLR":"-0.320000000000000","txt_WR2":"0.150000000000000","txt_WSE":"0.260000000000000","txt_WCI90":"0.420000000000000","txt_Shape_Length":"499.999955100729494","source_feature_index":25,"published_primary_rate_field":"LRR","published_primary_rate_m_per_year":-0.32,"dashboard_rate_class":"RELATIVELY_STABLE","dashboard_classification_note":"Display convention only; source numeric value is preserved. Not an official DMCR class.","published_period":"1990-2019","published_dataset":"Shoreline ThaiCoast / Krabi_Points"},"geometry":{"type":"Point","coordinates":[99.11327817430379,7.737061319593907]}},{"type":"Feature","id":26,"properties":{"OBJECTID":0,"TransectID":1033,"BaselineID":20,"GroupID":1,"TransOrder":1033,"Azimuth":275.91,"ShrCount":13,"TCD":785505.83,"SHAPE_Leng":0.0,"SCE":207.05,"NSM":145.74,"EPR":5.21,"EPRunc":1.52,"LRR":6.34,"LR2":0.76,"LSE":35.62,"LCI90":1.95,"WLR":6.34,"WR2":0.76,"WSE":1.19,"WCI90":1.95,"Shape_Le_1":499.999968874,"ORIG_FID":689,"txt_OBJECTID_1":"689","txt_OBJECTID":"","txt_TransectID":"1033","txt_BaselineID":"20","txt_GroupID":"1","txt_TransOrder":"1033","txt_Azimuth":"275.910000000000025","txt_ShrCount":"13","txt_TCD":"785505.829999999958090","txt_SHAPE_Leng":"","txt_SCE":"207.050000000000011","txt_NSM":"145.740000000000009","txt_EPR":"5.210000000000000","txt_EPRunc":"1.520000000000000","txt_LRR":"6.340000000000000","txt_LR2":"0.760000000000000","txt_LSE":"35.619999999999997","txt_LCI90":"1.950000000000000","txt_WLR":"6.340000000000000","txt_WR2":"0.760000000000000","txt_WSE":"1.190000000000000","txt_WCI90":"1.950000000000000","txt_Shape_Length":"499.999968873593559","source_feature_index":26,"published_primary_rate_field":"LRR","published_primary_rate_m_per_year":6.34,"dashboard_rate_class":"STRONG_ACCRETION","dashboard_classification_note":"Display convention only; source numeric value is preserved. Not an official DMCR class.","published_period":"1990-2019","published_dataset":"Shoreline ThaiCoast / Krabi_Points"},"geometry":{"type":"Point","coordinates":[99.11129611159869,7.740053831046218]}},{"type":"Feature","id":27,"properties":{"OBJECTID":0,"TransectID":1034,"BaselineID":20,"GroupID":1,"TransOrder":1034,"Azimuth":298.51,"ShrCount":13,"TCD":786005.83,"SHAPE_Leng":0.0,"SCE":35.84,"NSM":7.96,"EPR":0.28,"EPRunc":1.52,"LRR":0.39,"LR2":0.12,"LSE":10.25,"LCI90":0.56,"WLR":0.39,"WR2":0.12,"WSE":0.34,"WCI90":0.56,"Shape_Le_1":499.99992326,"ORIG_FID":690,"txt_OBJECTID_1":"690","txt_OBJECTID":"","txt_TransectID":"1034","txt_BaselineID":"20","txt_GroupID":"1","txt_TransOrder":"1034","txt_Azimuth":"298.509999999999991","txt_ShrCount":"13","txt_TCD":"786005.829999999958090","txt_SHAPE_Leng":"","txt_SCE":"35.840000000000003","txt_NSM":"7.960000000000000","txt_EPR":"0.280000000000000","txt_EPRunc":"1.520000000000000","txt_LRR":"0.390000000000000","txt_LR2":"0.120000000000000","txt_LSE":"10.250000000000000","txt_LCI90":"0.560000000000000","txt_WLR":"0.390000000000000","txt_WR2":"0.120000000000000","txt_WSE":"0.340000000000000","txt_WCI90":"0.560000000000000","txt_Shape_Length":"499.999923260086973","source_feature_index":27,"published_primary_rate_field":"LRR","published_primary_rate_m_per_year":0.39,"dashboard_rate_class":"RELATIVELY_STABLE","dashboard_classification_note":"Display convention only; source numeric value is preserved. Not an official DMCR class.","published_period":"1990-2019","published_dataset":"Shoreline ThaiCoast / Krabi_Points"},"geometry":{"type":"Point","coordinates":[99.11372728981377,7.7419698295969495]}},{"type":"Feature","id":28,"properties":{"OBJECTID":0,"TransectID":1035,"BaselineID":20,"GroupID":1,"TransOrder":1035,"Azimuth":285.16,"ShrCount":13,"TCD":786505.83,"SHAPE_Leng":0.0,"SCE":34.31,"NSM":-3.37,"EPR":-0.12,"EPRunc":1.52,"LRR":-0.06,"LR2":0.0,"LSE":12.9,"LCI90":0.71,"WLR":-0.06,"WR2":0.0,"WSE":0.43,"WCI90":0.71,"Shape_Le_1":500.000034307,"ORIG_FID":691,"txt_OBJECTID_1":"691","txt_OBJECTID":"","txt_TransectID":"1035","txt_BaselineID":"20","txt_GroupID":"1","txt_TransOrder":"1035","txt_Azimuth":"285.160000000000025","txt_ShrCount":"13","txt_TCD":"786505.829999999958090","txt_SHAPE_Leng":"","txt_SCE":"34.310000000000002","txt_NSM":"-3.370000000000000","txt_EPR":"-0.120000000000000","txt_EPRunc":"1.520000000000000","txt_LRR":"-0.060000000000000","txt_LR2":"0.000000000000000","txt_LSE":"12.900000000000000","txt_LCI90":"0.710000000000000","txt_WLR":"-0.060000000000000","txt_WR2":"0.000000000000000","txt_WSE":"0.430000000000000","txt_WCI90":"0.710000000000000","txt_Shape_Length":"500.000034306635371","source_feature_index":28,"published_primary_rate_field":"LRR","published_primary_rate_m_per_year":-0.06,"dashboard_rate_class":"RELATIVELY_STABLE","dashboard_classification_note":"Display convention only; source numeric value is preserved. Not an official DMCR class.","published_period":"1990-2019","published_dataset":"Shoreline ThaiCoast / Krabi_Points"},"geometry":{"type":"Point","coordinates":[99.11492450030288,7.746476242352101]}},{"type":"Feature","id":29,"properties":{"OBJECTID":0,"TransectID":1036,"BaselineID":20,"GroupID":1,"TransOrder":1036,"Azimuth":271.51,"ShrCount":13,"TCD":787005.83,"SHAPE_Leng":0.0,"SCE":33.97,"NSM":-23.53,"EPR":-0.84,"EPRunc":1.52,"LRR":-0.42,"LR2":0.21,"LSE":8.01,"LCI90":0.44,"WLR":-0.42,"WR2":0.21,"WSE":0.27,"WCI90":0.44,"Shape_Le_1":499.999955787,"ORIG_FID":692,"txt_OBJECTID_1":"692","txt_OBJECTID":"","txt_TransectID":"1036","txt_BaselineID":"20","txt_GroupID":"1","txt_TransOrder":"1036","txt_Azimuth":"271.509999999999991","txt_ShrCount":"13","txt_TCD":"787005.829999999958090","txt_SHAPE_Leng":"","txt_SCE":"33.969999999999999","txt_NSM":"-23.530000000000001","txt_EPR":"-0.840000000000000","txt_EPRunc":"1.520000000000000","txt_LRR":"-0.420000000000000","txt_LR2":"0.210000000000000","txt_LSE":"8.010000000000000","txt_LCI90":"0.440000000000000","txt_WLR":"-0.420000000000000","txt_WR2":"0.210000000000000","txt_WSE":"0.270000000000000","txt_WCI90":"0.440000000000000","txt_Shape_Length":"499.999955786717351","source_feature_index":29,"published_primary_rate_field":"LRR","published_primary_rate_m_per_year":-0.42,"dashboard_rate_class":"RELATIVELY_STABLE","dashboard_classification_note":"Display convention only; source numeric value is preserved. Not an official DMCR class.","published_period":"1990-2019","published_dataset":"Shoreline ThaiCoast / Krabi_Points"},"geometry":{"type":"Point","coordinates":[99.1161721234766,7.750969028414255]}},{"type":"Feature","id":30,"properties":{"OBJECTID":0,"TransectID":1037,"BaselineID":20,"GroupID":1,"TransOrder":1037,"Azimuth":223.98,"ShrCount":13,"TCD":787505.83,"SHAPE_Leng":0.0,"SCE":49.12,"NSM":-16.83,"EPR":-0.6,"EPRunc":1.52,"LRR":-1.0,"LR2":0.37,"LSE":12.96,"LCI90":0.71,"WLR":-1.0,"WR2":0.37,"WSE":0.43,"WCI90":0.71,"Shape_Le_1":499.99996235,"ORIG_FID":693,"txt_OBJECTID_1":"693","txt_OBJECTID":"","txt_TransectID":"1037","txt_BaselineID":"20","txt_GroupID":"1","txt_TransOrder":"1037","txt_Azimuth":"223.979999999999990","txt_ShrCount":"13","txt_TCD":"787505.829999999958090","txt_SHAPE_Leng":"","txt_SCE":"49.119999999999997","txt_NSM":"-16.829999999999998","txt_EPR":"-0.600000000000000","txt_EPRunc":"1.520000000000000","txt_LRR":"-1.000000000000000","txt_LR2":"0.370000000000000","txt_LSE":"12.960000000000001","txt_LCI90":"0.710000000000000","txt_WLR":"-1.000000000000000","txt_WR2":"0.370000000000000","txt_WSE":"0.430000000000000","txt_WCI90":"0.710000000000000","txt_Shape_Length":"499.999962349853490","source_feature_index":30,"published_primary_rate_field":"LRR","published_primary_rate_m_per_year":-1.0,"dashboard_rate_class":"RETREAT","dashboard_classification_note":"Display convention only; source numeric value is preserved. Not an official DMCR class.","published_period":"1990-2019","published_dataset":"Shoreline ThaiCoast / Krabi_Points"},"geometry":{"type":"Point","coordinates":[99.11450692683455,7.756019462640234]}},{"type":"Feature","id":31,"properties":{"OBJECTID":0,"TransectID":1046,"BaselineID":20,"GroupID":1,"TransOrder":1046,"Azimuth":330.5,"ShrCount":13,"TCD":792005.83,"SHAPE_Leng":0.0,"SCE":136.15,"NSM":99.58,"EPR":3.56,"EPRunc":1.52,"LRR":3.31,"LR2":0.6,"LSE":26.67,"LCI90":1.46,"WLR":3.31,"WR2":0.6,"WSE":0.89,"WCI90":1.46,"Shape_Le_1":499.999924295,"ORIG_FID":694,"txt_OBJECTID_1":"694","txt_OBJECTID":"","txt_TransectID":"1046","txt_BaselineID":"20","txt_GroupID":"1","txt_TransOrder":"1046","txt_Azimuth":"330.500000000000000","txt_ShrCount":"13","txt_TCD":"792005.829999999958090","txt_SHAPE_Leng":"","txt_SCE":"136.150000000000006","txt_NSM":"99.579999999999998","txt_EPR":"3.560000000000000","txt_EPRunc":"1.520000000000000","txt_LRR":"3.310000000000000","txt_LR2":"0.600000000000000","txt_LSE":"26.670000000000002","txt_LCI90":"1.460000000000000","txt_WLR":"3.310000000000000","txt_WR2":"0.600000000000000","txt_WSE":"0.890000000000000","txt_WCI90":"1.460000000000000","txt_Shape_Length":"499.999924294572793","source_feature_index":31,"published_primary_rate_field":"LRR","published_primary_rate_m_per_year":3.31,"dashboard_rate_class":"STRONG_ACCRETION","dashboard_classification_note":"Display convention only; source numeric value is preserved. Not an official DMCR class.","published_period":"1990-2019","published_dataset":"Shoreline ThaiCoast / Krabi_Points"},"geometry":{"type":"Point","coordinates":[99.11277250663127,7.760650359537039]}},{"type":"Feature","id":32,"properties":{"OBJECTID":0,"TransectID":212,"BaselineID":4,"GroupID":1,"TransOrder":212,"Azimuth":328.23,"ShrCount":13,"TCD":136127.85,"SHAPE_Leng":0.0,"SCE":67.82,"NSM":4.7,"EPR":0.17,"EPRunc":1.52,"LRR":0.61,"LR2":0.12,"LSE":16.48,"LCI90":0.9,"WLR":0.61,"WR2":0.12,"WSE":0.55,"WCI90":0.9,"Shape_Le_1":500.000013161,"ORIG_FID":695,"txt_OBJECTID_1":"695","txt_OBJECTID":"","txt_TransectID":"212","txt_BaselineID":"4","txt_GroupID":"1","txt_TransOrder":"212","txt_Azimuth":"328.230000000000018","txt_ShrCount":"13","txt_TCD":"136127.850000000005821","txt_SHAPE_Leng":"","txt_SCE":"67.819999999999993","txt_NSM":"4.700000000000000","txt_EPR":"0.170000000000000","txt_EPRunc":"1.520000000000000","txt_LRR":"0.610000000000000","txt_LR2":"0.120000000000000","txt_LSE":"16.480000000000000","txt_LCI90":"0.900000000000000","txt_WLR":"0.610000000000000","txt_WR2":"0.120000000000000","txt_WSE":"0.550000000000000","txt_WCI90":"0.900000000000000","txt_Shape_Length":"500.000013160760773","source_feature_index":32,"published_primary_rate_field":"LRR","published_primary_rate_m_per_year":0.61,"dashboard_rate_class":"ACCRETION","dashboard_classification_note":"Display convention only; source numeric value is preserved. Not an official DMCR class.","published_period":"1990-2019","published_dataset":"Shoreline ThaiCoast / Krabi_Points"},"geometry":{"type":"Point","coordinates":[99.11934245724316,7.767516877930117]}},{"type":"Feature","id":33,"properties":{"OBJECTID":0,"TransectID":213,"BaselineID":4,"GroupID":1,"TransOrder":213,"Azimuth":314.51,"ShrCount":13,"TCD":136627.85,"SHAPE_Leng":0.0,"SCE":39.51,"NSM":8.07,"EPR":0.29,"EPRunc":1.52,"LRR":0.47,"LR2":0.18,"LSE":10.12,"LCI90":0.55,"WLR":0.47,"WR2":0.18,"WSE":0.34,"WCI90":0.55,"Shape_Le_1":499.99997022,"ORIG_FID":696,"txt_OBJECTID_1":"696","txt_OBJECTID":"","txt_TransectID":"213","txt_BaselineID":"4","txt_GroupID":"1","txt_TransOrder":"213","txt_Azimuth":"314.509999999999991","txt_ShrCount":"13","txt_TCD":"136627.850000000005821","txt_SHAPE_Leng":"","txt_SCE":"39.509999999999998","txt_NSM":"8.070000000000000","txt_EPR":"0.290000000000000","txt_EPRunc":"1.520000000000000","txt_LRR":"0.470000000000000","txt_LR2":"0.180000000000000","txt_LSE":"10.119999999999999","txt_LCI90":"0.550000000000000","txt_WLR":"0.470000000000000","txt_WR2":"0.180000000000000","txt_WSE":"0.340000000000000","txt_WCI90":"0.550000000000000","txt_Shape_Length":"499.999970219781972","source_feature_index":33,"published_primary_rate_field":"LRR","published_primary_rate_m_per_year":0.47,"dashboard_rate_class":"RELATIVELY_STABLE","dashboard_classification_note":"Display convention only; source numeric value is preserved. Not an official DMCR class.","published_period":"1990-2019","published_dataset":"Shoreline ThaiCoast / Krabi_Points"},"geometry":{"type":"Point","coordinates":[99.12327755780109,7.769249141545783]}},{"type":"Feature","id":34,"properties":{"OBJECTID":0,"TransectID":217,"BaselineID":4,"GroupID":1,"TransOrder":217,"Azimuth":287.6,"ShrCount":13,"TCD":138627.85,"SHAPE_Leng":0.0,"SCE":30.28,"NSM":8.81,"EPR":0.32,"EPRunc":1.52,"LRR":0.09,"LR2":0.01,"LSE":9.7,"LCI90":0.53,"WLR":0.09,"WR2":0.01,"WSE":0.32,"WCI90":0.53,"Shape_Le_1":499.999979105,"ORIG_FID":697,"txt_OBJECTID_1":"697","txt_OBJECTID":"","txt_TransectID":"217","txt_BaselineID":"4","txt_GroupID":"1","txt_TransOrder":"217","txt_Azimuth":"287.600000000000023","txt_ShrCount":"13","txt_TCD":"138627.850000000005821","txt_SHAPE_Leng":"","txt_SCE":"30.280000000000001","txt_NSM":"8.810000000000000","txt_EPR":"0.320000000000000","txt_EPRunc":"1.520000000000000","txt_LRR":"0.090000000000000","txt_LR2":"0.010000000000000","txt_LSE":"9.699999999999999","txt_LCI90":"0.530000000000000","txt_WLR":"0.090000000000000","txt_WR2":"0.010000000000000","txt_WSE":"0.320000000000000","txt_WCI90":"0.530000000000000","txt_Shape_Length":"499.999979105288446","source_feature_index":34,"published_primary_rate_field":"LRR","published_primary_rate_m_per_year":0.09,"dashboard_rate_class":"RELATIVELY_STABLE","dashboard_classification_note":"Display convention only; source numeric value is preserved. Not an official DMCR class.","published_period":"1990-2019","published_dataset":"Shoreline ThaiCoast / Krabi_Points"},"geometry":{"type":"Point","coordinates":[99.1292605669219,7.782904943614668]}},{"type":"Feature","id":35,"properties":{"OBJECTID":0,"TransectID":215,"BaselineID":4,"GroupID":1,"TransOrder":215,"Azimuth":291.18,"ShrCount":13,"TCD":137627.85,"SHAPE_Leng":0.0,"SCE":45.03,"NSM":8.86,"EPR":0.32,"EPRunc":1.52,"LRR":0.44,"LR2":0.09,"LSE":14.1,"LCI90":0.77,"WLR":0.44,"WR2":0.09,"WSE":0.47,"WCI90":0.77,"Shape_Le_1":499.999946896,"ORIG_FID":698,"txt_OBJECTID_1":"698","txt_OBJECTID":"","txt_TransectID":"215","txt_BaselineID":"4","txt_GroupID":"1","txt_TransOrder":"215","txt_Azimuth":"291.180000000000007","txt_ShrCount":"13","txt_TCD":"137627.850000000005821","txt_SHAPE_Leng":"","txt_SCE":"45.030000000000001","txt_NSM":"8.859999999999999","txt_EPR":"0.320000000000000","txt_EPRunc":"1.520000000000000","txt_LRR":"0.440000000000000","txt_LR2":"0.090000000000000","txt_LSE":"14.100000000000000","txt_LCI90":"0.770000000000000","txt_WLR":"0.440000000000000","txt_WR2":"0.090000000000000","txt_WSE":"0.470000000000000","txt_WCI90":"0.770000000000000","txt_Shape_Length":"499.999946896264589","source_feature_index":35,"published_primary_rate_field":"LRR","published_primary_rate_m_per_year":0.44,"dashboard_rate_class":"RELATIVELY_STABLE","dashboard_classification_note":"Display convention only; source numeric value is preserved. Not an official DMCR class.","published_period":"1990-2019","published_dataset":"Shoreline ThaiCoast / Krabi_Points"},"geometry":{"type":"Point","coordinates":[99.12774365851304,7.7759760563387115]}},{"type":"Feature","id":36,"properties":{"OBJECTID":0,"TransectID":216,"BaselineID":4,"GroupID":1,"TransOrder":216,"Azimuth":282.16,"ShrCount":13,"TCD":138127.85,"SHAPE_Leng":0.0,"SCE":159.42,"NSM":11.21,"EPR":0.4,"EPRunc":1.52,"LRR":2.42,"LR2":0.24,"LSE":42.92,"LCI90":2.35,"WLR":2.42,"WR2":0.24,"WSE":1.43,"WCI90":2.35,"Shape_Le_1":499.999968189,"ORIG_FID":699,"txt_OBJECTID_1":"699","txt_OBJECTID":"","txt_TransectID":"216","txt_BaselineID":"4","txt_GroupID":"1","txt_TransOrder":"216","txt_Azimuth":"282.160000000000025","txt_ShrCount":"13","txt_TCD":"138127.850000000005821","txt_SHAPE_Leng":"","txt_SCE":"159.419999999999987","txt_NSM":"11.210000000000001","txt_EPR":"0.400000000000000","txt_EPRunc":"1.520000000000000","txt_LRR":"2.420000000000000","txt_LR2":"0.240000000000000","txt_LSE":"42.920000000000002","txt_LCI90":"2.350000000000000","txt_WLR":"2.420000000000000","txt_WR2":"0.240000000000000","txt_WSE":"1.430000000000000","txt_WCI90":"2.350000000000000","txt_Shape_Length":"499.999968188953460","source_feature_index":36,"published_primary_rate_field":"LRR","published_primary_rate_m_per_year":2.42,"dashboard_rate_class":"STRONG_ACCRETION","dashboard_classification_note":"Display convention only; source numeric value is preserved. Not an official DMCR class.","published_period":"1990-2019","published_dataset":"Shoreline ThaiCoast / Krabi_Points"},"geometry":{"type":"Point","coordinates":[99.1274046602188,7.779436320849486]}},{"type":"Feature","id":37,"properties":{"OBJECTID":0,"TransectID":214,"BaselineID":4,"GroupID":1,"TransOrder":214,"Azimuth":303.58,"ShrCount":13,"TCD":137127.85,"SHAPE_Leng":0.0,"SCE":136.0,"NSM":115.75,"EPR":4.14,"EPRunc":1.52,"LRR":1.83,"LR2":0.25,"LSE":31.36,"LCI90":1.72,"WLR":1.83,"WR2":0.25,"WSE":1.05,"WCI90":1.72,"Shape_Le_1":500.000046437,"ORIG_FID":700,"txt_OBJECTID_1":"700","txt_OBJECTID":"","txt_TransectID":"214","txt_BaselineID":"4","txt_GroupID":"1","txt_TransOrder":"214","txt_Azimuth":"303.579999999999984","txt_ShrCount":"13","txt_TCD":"137127.850000000005821","txt_SHAPE_Leng":"","txt_SCE":"136.000000000000000","txt_NSM":"115.750000000000000","txt_EPR":"4.140000000000000","txt_EPRunc":"1.520000000000000","txt_LRR":"1.830000000000000","txt_LR2":"0.250000000000000","txt_LSE":"31.359999999999999","txt_LCI90":"1.720000000000000","txt_WLR":"1.830000000000000","txt_WR2":"0.250000000000000","txt_WSE":"1.050000000000000","txt_WCI90":"1.720000000000000","txt_Shape_Length":"500.000046436668811","source_feature_index":37,"published_primary_rate_field":"LRR","published_primary_rate_m_per_year":1.83,"dashboard_rate_class":"ACCRETION","dashboard_classification_note":"Display convention only; source numeric value is preserved. Not an official DMCR class.","published_period":"1990-2019","published_dataset":"Shoreline ThaiCoast / Krabi_Points"},"geometry":{"type":"Point","coordinates":[99.12493514014693,7.773154033910156]}},{"type":"Feature","id":38,"properties":{"OBJECTID":9,"TransectID":9,"BaselineID":1,"GroupID":1,"TransOrder":9,"Azimuth":163.69,"ShrCount":7,"TCD":4000.0,"SHAPE_Leng":499.999999997,"SCE":120.65,"NSM":-44.22,"EPR":-1.82,"EPRunc":1.74,"LRR":0.97,"LR2":0.07,"LSE":41.14,"LCI90":3.12,"WLR":0.97,"WR2":0.07,"WSE":1.37,"WCI90":3.12,"Shape_Le_1":499.999980648,"ORIG_FID":1,"txt_OBJECTID_1":"1","txt_OBJECTID":"9","txt_TransectID":"9","txt_BaselineID":"1","txt_GroupID":"1","txt_TransOrder":"9","txt_Azimuth":"163.689999999999998","txt_ShrCount":"7","txt_TCD":"4000.000000000000000","txt_SHAPE_Leng":"499.999999996999975","txt_SCE":"120.650000000000006","txt_NSM":"-44.219999999999999","txt_EPR":"-1.820000000000000","txt_EPRunc":"1.740000000000000","txt_LRR":"0.970000000000000","txt_LR2":"0.070000000000000","txt_LSE":"41.140000000000001","txt_LCI90":"3.120000000000000","txt_WLR":"0.970000000000000","txt_WR2":"0.070000000000000","txt_WSE":"1.370000000000000","txt_WCI90":"3.120000000000000","txt_Shape_Length":"499.999980647659299","source_feature_index":38,"published_primary_rate_field":"LRR","published_primary_rate_m_per_year":0.97,"dashboard_rate_class":"ACCRETION","dashboard_classification_note":"Display convention only; source numeric value is preserved. Not an official DMCR class.","published_period":"1990-2019","published_dataset":"Shoreline ThaiCoast / Krabi_Points"},"geometry":{"type":"Point","coordinates":[99.03501878913598,7.65194628766394]}},{"type":"Feature","id":39,"properties":{"OBJECTID":10,"TransectID":10,"BaselineID":1,"GroupID":1,"TransOrder":10,"Azimuth":141.9,"ShrCount":5,"TCD":4500.0,"SHAPE_Leng":499.999999998,"SCE":62.98,"NSM":-60.71,"EPR":-2.49,"EPRunc":1.74,"LRR":-1.28,"LR2":0.28,"LSE":27.49,"LCI90":2.8,"WLR":-1.28,"WR2":0.28,"WSE":0.92,"WCI90":2.8,"Shape_Le_1":499.999972655,"ORIG_FID":2,"txt_OBJECTID_1":"2","txt_OBJECTID":"10","txt_TransectID":"10","txt_BaselineID":"1","txt_GroupID":"1","txt_TransOrder":"10","txt_Azimuth":"141.900000000000006","txt_ShrCount":"5","txt_TCD":"4500.000000000000000","txt_SHAPE_Leng":"499.999999998000021","txt_SCE":"62.979999999999997","txt_NSM":"-60.710000000000001","txt_EPR":"-2.490000000000000","txt_EPRunc":"1.740000000000000","txt_LRR":"-1.280000000000000","txt_LR2":"0.280000000000000","txt_LSE":"27.489999999999998","txt_LCI90":"2.800000000000000","txt_WLR":"-1.280000000000000","txt_WR2":"0.280000000000000","txt_WSE":"0.920000000000000","txt_WCI90":"2.800000000000000","txt_Shape_Length":"499.999972655028898","source_feature_index":39,"published_primary_rate_field":"LRR","published_primary_rate_m_per_year":-1.28,"dashboard_rate_class":"RETREAT","dashboard_classification_note":"Display convention only; source numeric value is preserved. Not an official DMCR class.","published_period":"1990-2019","published_dataset":"Shoreline ThaiCoast / Krabi_Points"},"geometry":{"type":"Point","coordinates":[99.0312845998103,7.648211606413551]}},{"type":"Feature","id":40,"properties":{"OBJECTID":11,"TransectID":11,"BaselineID":1,"GroupID":1,"TransOrder":11,"Azimuth":149.64,"ShrCount":6,"TCD":5000.0,"SHAPE_Leng":499.999999997,"SCE":110.79,"NSM":-81.84,"EPR":-3.36,"EPRunc":1.74,"LRR":-1.95,"LR2":0.22,"LSE":46.07,"LCI90":3.89,"WLR":-1.95,"WR2":0.22,"WSE":1.54,"WCI90":3.89,"Shape_Le_1":499.999971557,"ORIG_FID":3,"txt_OBJECTID_1":"3","txt_OBJECTID":"11","txt_TransectID":"11","txt_BaselineID":"1","txt_GroupID":"1","txt_TransOrder":"11","txt_Azimuth":"149.639999999999986","txt_ShrCount":"6","txt_TCD":"5000.000000000000000","txt_SHAPE_Leng":"499.999999996999975","txt_SCE":"110.790000000000006","txt_NSM":"-81.840000000000003","txt_EPR":"-3.360000000000000","txt_EPRunc":"1.740000000000000","txt_LRR":"-1.950000000000000","txt_LR2":"0.220000000000000","txt_LSE":"46.070000000000000","txt_LCI90":"3.890000000000000","txt_WLR":"-1.950000000000000","txt_WR2":"0.220000000000000","txt_WSE":"1.540000000000000","txt_WCI90":"3.890000000000000","txt_Shape_Length":"499.999971557001913","source_feature_index":40,"published_primary_rate_field":"LRR","published_primary_rate_m_per_year":-1.95,"dashboard_rate_class":"RETREAT","dashboard_classification_note":"Display convention only; source numeric value is preserved. Not an official DMCR class.","published_period":"1990-2019","published_dataset":"Shoreline ThaiCoast / Krabi_Points"},"geometry":{"type":"Point","coordinates":[99.02767838115761,7.646384083749418]}},{"type":"Feature","id":41,"properties":{"OBJECTID":12,"TransectID":12,"BaselineID":1,"GroupID":1,"TransOrder":12,"Azimuth":86.74,"ShrCount":5,"TCD":5500.0,"SHAPE_Leng":499.999999998,"SCE":64.3,"NSM":-15.95,"EPR":-0.7,"EPRunc":1.86,"LRR":0.53,"LR2":0.04,"LSE":29.57,"LCI90":3.52,"WLR":0.53,"WR2":0.04,"WSE":0.99,"WCI90":3.52,"Shape_Le_1":500.000047158,"ORIG_FID":4,"txt_OBJECTID_1":"4","txt_OBJECTID":"12","txt_TransectID":"12","txt_BaselineID":"1","txt_GroupID":"1","txt_TransOrder":"12","txt_Azimuth":"86.739999999999995","txt_ShrCount":"5","txt_TCD":"5500.000000000000000","txt_SHAPE_Leng":"499.999999998000021","txt_SCE":"64.299999999999997","txt_NSM":"-15.949999999999999","txt_EPR":"-0.700000000000000","txt_EPRunc":"1.860000000000000","txt_LRR":"0.530000000000000","txt_LR2":"0.040000000000000","txt_LSE":"29.570000000000000","txt_LCI90":"3.520000000000000","txt_WLR":"0.530000000000000","txt_WR2":"0.040000000000000","txt_WSE":"0.990000000000000","txt_WCI90":"3.520000000000000","txt_Shape_Length":"500.000047158271059","source_feature_index":41,"published_primary_rate_field":"LRR","published_primary_rate_m_per_year":0.53,"dashboard_rate_class":"ACCRETION","dashboard_classification_note":"Display convention only; source numeric value is preserved. Not an official DMCR class.","published_period":"1990-2019","published_dataset":"Shoreline ThaiCoast / Krabi_Points"},"geometry":{"type":"Point","coordinates":[99.02462821440875,7.642919083695498]}},{"type":"Feature","id":42,"properties":{"OBJECTID":13,"TransectID":13,"BaselineID":1,"GroupID":1,"TransOrder":13,"Azimuth":62.87,"ShrCount":7,"TCD":6000.0,"SHAPE_Leng":500.0,"SCE":41.7,"NSM":-3.56,"EPR":-0.15,"EPRunc":1.74,"LRR":0.51,"LR2":0.16,"LSE":14.2,"LCI90":1.08,"WLR":0.51,"WR2":0.16,"WSE":0.47,"WCI90":1.08,"Shape_Le_1":499.999980829,"ORIG_FID":5,"txt_OBJECTID_1":"5","txt_OBJECTID":"13","txt_TransectID":"13","txt_BaselineID":"1","txt_GroupID":"1","txt_TransOrder":"13","txt_Azimuth":"62.869999999999997","txt_ShrCount":"7","txt_TCD":"6000.000000000000000","txt_SHAPE_Leng":"500.000000000000000","txt_SCE":"41.700000000000003","txt_NSM":"-3.560000000000000","txt_EPR":"-0.150000000000000","txt_EPRunc":"1.740000000000000","txt_LRR":"0.510000000000000","txt_LR2":"0.160000000000000","txt_LSE":"14.199999999999999","txt_LCI90":"1.080000000000000","txt_WLR":"0.510000000000000","txt_WR2":"0.160000000000000","txt_WSE":"0.470000000000000","txt_WCI90":"1.080000000000000","txt_Shape_Length":"499.999980829223830","source_feature_index":42,"published_primary_rate_field":"LRR","published_primary_rate_m_per_year":0.51,"dashboard_rate_class":"ACCRETION","dashboard_classification_note":"Display convention only; source numeric value is preserved. Not an official DMCR class.","published_period":"1990-2019","published_dataset":"Shoreline ThaiCoast / Krabi_Points"},"geometry":{"type":"Point","coordinates":[99.02710884453862,7.638107259071753]}},{"type":"Feature","id":43,"properties":{"OBJECTID":14,"TransectID":14,"BaselineID":1,"GroupID":1,"TransOrder":14,"Azimuth":67.05,"ShrCount":7,"TCD":6500.0,"SHAPE_Leng":499.999999999,"SCE":48.15,"NSM":8.91,"EPR":0.37,"EPRunc":1.74,"LRR":0.75,"LR2":0.26,"LSE":15.01,"LCI90":1.14,"WLR":0.75,"WR2":0.26,"WSE":0.5,"WCI90":1.14,"Shape_Le_1":499.999927384,"ORIG_FID":6,"txt_OBJECTID_1":"6","txt_OBJECTID":"14","txt_TransectID":"14","txt_BaselineID":"1","txt_GroupID":"1","txt_TransOrder":"14","txt_Azimuth":"67.049999999999997","txt_ShrCount":"7","txt_TCD":"6500.000000000000000","txt_SHAPE_Leng":"499.999999999000011","txt_SCE":"48.149999999999999","txt_NSM":"8.910000000000000","txt_EPR":"0.370000000000000","txt_EPRunc":"1.740000000000000","txt_LRR":"0.750000000000000","txt_LR2":"0.260000000000000","txt_LSE":"15.010000000000000","txt_LCI90":"1.140000000000000","txt_WLR":"0.750000000000000","txt_WR2":"0.260000000000000","txt_WSE":"0.500000000000000","txt_WCI90":"1.140000000000000","txt_Shape_Length":"499.999927384221337","source_feature_index":43,"published_primary_rate_field":"LRR","published_primary_rate_m_per_year":0.75,"dashboard_rate_class":"ACCRETION","dashboard_classification_note":"Display convention only; source numeric value is preserved. Not an official DMCR class.","published_period":"1990-2019","published_dataset":"Shoreline ThaiCoast / Krabi_Points"},"geometry":{"type":"Point","coordinates":[99.02891993852558,7.634149412623746]}},{"type":"Feature","id":44,"properties":{"OBJECTID":15,"TransectID":15,"BaselineID":1,"GroupID":1,"TransOrder":15,"Azimuth":76.87,"ShrCount":6,"TCD":7000.0,"SHAPE_Leng":500.000000002,"SCE":42.09,"NSM":4.83,"EPR":0.2,"EPRunc":1.74,"LRR":0.57,"LR2":0.17,"LSE":16.12,"LCI90":1.36,"WLR":0.57,"WR2":0.17,"WSE":0.54,"WCI90":1.36,"Shape_Le_1":499.999965756,"ORIG_FID":7,"txt_OBJECTID_1":"7","txt_OBJECTID":"15","txt_TransectID":"15","txt_BaselineID":"1","txt_GroupID":"1","txt_TransOrder":"15","txt_Azimuth":"76.870000000000005","txt_ShrCount":"6","txt_TCD":"7000.000000000000000","txt_SHAPE_Leng":"500.000000001999979","txt_SCE":"42.090000000000003","txt_NSM":"4.830000000000000","txt_EPR":"0.200000000000000","txt_EPRunc":"1.740000000000000","txt_LRR":"0.570000000000000","txt_LR2":"0.170000000000000","txt_LSE":"16.120000000000001","txt_LCI90":"1.360000000000000","txt_WLR":"0.570000000000000","txt_WR2":"0.170000000000000","txt_WSE":"0.540000000000000","txt_WCI90":"1.360000000000000","txt_Shape_Length":"499.999965755787400","source_feature_index":44,"published_primary_rate_field":"LRR","published_primary_rate_m_per_year":0.57,"dashboard_rate_class":"ACCRETION","dashboard_classification_note":"Display convention only; source numeric value is preserved. Not an official DMCR class.","published_period":"1990-2019","published_dataset":"Shoreline ThaiCoast / Krabi_Points"},"geometry":{"type":"Point","coordinates":[99.03044316860505,7.63032104824727]}},{"type":"Feature","id":45,"properties":{"OBJECTID":16,"TransectID":16,"BaselineID":1,"GroupID":1,"TransOrder":16,"Azimuth":111.87,"ShrCount":7,"TCD":7500.0,"SHAPE_Leng":500.000000002,"SCE":38.06,"NSM":-7.42,"EPR":-0.3,"EPRunc":1.74,"LRR":0.26,"LR2":0.04,"LSE":15.38,"LCI90":1.17,"WLR":0.26,"WR2":0.04,"WSE":0.51,"WCI90":1.17,"Shape_Le_1":500.000011644,"ORIG_FID":8,"txt_OBJECTID_1":"8","txt_OBJECTID":"16","txt_TransectID":"16","txt_BaselineID":"1","txt_GroupID":"1","txt_TransOrder":"16","txt_Azimuth":"111.870000000000005","txt_ShrCount":"7","txt_TCD":"7500.000000000000000","txt_SHAPE_Leng":"500.000000001999979","txt_SCE":"38.060000000000002","txt_NSM":"-7.420000000000000","txt_EPR":"-0.300000000000000","txt_EPRunc":"1.740000000000000","txt_LRR":"0.260000000000000","txt_LR2":"0.040000000000000","txt_LSE":"15.380000000000001","txt_LCI90":"1.170000000000000","txt_WLR":"0.260000000000000","txt_WR2":"0.040000000000000","txt_WSE":"0.510000000000000","txt_WCI90":"1.170000000000000","txt_Shape_Length":"500.000011643598498","source_feature_index":45,"published_primary_rate_field":"LRR","published_primary_rate_m_per_year":0.26,"dashboard_rate_class":"RELATIVELY_STABLE","dashboard_classification_note":"Display convention only; source numeric value is preserved. Not an official DMCR class.","published_period":"1990-2019","published_dataset":"Shoreline ThaiCoast / Krabi_Points"},"geometry":{"type":"Point","coordinates":[99.03091899704421,7.627248405248607]}},{"type":"Feature","id":46,"properties":{"OBJECTID":17,"TransectID":17,"BaselineID":1,"GroupID":1,"TransOrder":17,"Azimuth":121.74,"ShrCount":6,"TCD":8000.0,"SHAPE_Leng":500.0,"SCE":38.87,"NSM":-0.64,"EPR":-0.03,"EPRunc":1.74,"LRR":0.28,"LR2":0.05,"LSE":16.44,"LCI90":1.33,"WLR":0.28,"WR2":0.05,"WSE":0.55,"WCI90":1.33,"Shape_Le_1":499.999958864,"ORIG_FID":9,"txt_OBJECTID_1":"9","txt_OBJECTID":"17","txt_TransectID":"17","txt_BaselineID":"1","txt_GroupID":"1","txt_TransOrder":"17","txt_Azimuth":"121.739999999999995","txt_ShrCount":"6","txt_TCD":"8000.000000000000000","txt_SHAPE_Leng":"500.000000000000000","txt_SCE":"38.869999999999997","txt_NSM":"-0.640000000000000","txt_EPR":"-0.030000000000000","txt_EPRunc":"1.740000000000000","txt_LRR":"0.280000000000000","txt_LR2":"0.050000000000000","txt_LSE":"16.440000000000001","txt_LCI90":"1.330000000000000","txt_WLR":"0.280000000000000","txt_WR2":"0.050000000000000","txt_WSE":"0.550000000000000","txt_WCI90":"1.330000000000000","txt_Shape_Length":"499.999958863956579","source_feature_index":46,"published_primary_rate_field":"LRR","published_primary_rate_m_per_year":0.28,"dashboard_rate_class":"RELATIVELY_STABLE","dashboard_classification_note":"Display convention only; source numeric value is preserved. Not an official DMCR class.","published_period":"1990-2019","published_dataset":"Shoreline ThaiCoast / Krabi_Points"},"geometry":{"type":"Point","coordinates":[99.02795187533037,7.625136954684231]}},{"type":"Feature","id":47,"properties":{"OBJECTID":18,"TransectID":18,"BaselineID":1,"GroupID":1,"TransOrder":18,"Azimuth":85.59,"ShrCount":7,"TCD":8500.0,"SHAPE_Leng":500.0,"SCE":49.3,"NSM":-28.28,"EPR":-1.16,"EPRunc":1.74,"LRR":-0.12,"LR2":0.01,"LSE":19.92,"LCI90":1.51,"WLR":-0.12,"WR2":0.01,"WSE":0.66,"WCI90":1.51,"Shape_Le_1":499.999995275,"ORIG_FID":10,"txt_OBJECTID_1":"10","txt_OBJECTID":"18","txt_TransectID":"18","txt_BaselineID":"1","txt_GroupID":"1","txt_TransOrder":"18","txt_Azimuth":"85.590000000000003","txt_ShrCount":"7","txt_TCD":"8500.000000000000000","txt_SHAPE_Leng":"500.000000000000000","txt_SCE":"49.299999999999997","txt_NSM":"-28.280000000000001","txt_EPR":"-1.160000000000000","txt_EPRunc":"1.740000000000000","txt_LRR":"-0.120000000000000","txt_LR2":"0.010000000000000","txt_LSE":"19.920000000000002","txt_LCI90":"1.510000000000000","txt_WLR":"-0.120000000000000","txt_WR2":"0.010000000000000","txt_WSE":"0.660000000000000","txt_WCI90":"1.510000000000000","txt_Shape_Length":"499.999995275007450","source_feature_index":47,"published_primary_rate_field":"LRR","published_primary_rate_m_per_year":-0.12,"dashboard_rate_class":"RELATIVELY_STABLE","dashboard_classification_note":"Display convention only; source numeric value is preserved. Not an official DMCR class.","published_period":"1990-2019","published_dataset":"Shoreline ThaiCoast / Krabi_Points"},"geometry":{"type":"Point","coordinates":[99.026797679979,7.6198394403845064]}},{"type":"Feature","id":48,"properties":{"OBJECTID":19,"TransectID":19,"BaselineID":1,"GroupID":1,"TransOrder":19,"Azimuth":70.11,"ShrCount":6,"TCD":9000.0,"SHAPE_Leng":500.000000002,"SCE":40.99,"NSM":-19.38,"EPR":-0.8,"EPRunc":1.74,"LRR":0.18,"LR2":0.02,"LSE":16.77,"LCI90":1.36,"WLR":0.18,"WR2":0.02,"WSE":0.56,"WCI90":1.36,"Shape_Le_1":500.00004016,"ORIG_FID":11,"txt_OBJECTID_1":"11","txt_OBJECTID":"19","txt_TransectID":"19","txt_BaselineID":"1","txt_GroupID":"1","txt_TransOrder":"19","txt_Azimuth":"70.109999999999999","txt_ShrCount":"6","txt_TCD":"9000.000000000000000","txt_SHAPE_Leng":"500.000000001999979","txt_SCE":"40.990000000000002","txt_NSM":"-19.379999999999999","txt_EPR":"-0.800000000000000","txt_EPRunc":"1.740000000000000","txt_LRR":"0.180000000000000","txt_LR2":"0.020000000000000","txt_LSE":"16.770000000000000","txt_LCI90":"1.360000000000000","txt_WLR":"0.180000000000000","txt_WR2":"0.020000000000000","txt_WSE":"0.560000000000000","txt_WCI90":"1.360000000000000","txt_Shape_Length":"500.000040160178401","source_feature_index":48,"published_primary_rate_field":"LRR","published_primary_rate_m_per_year":0.18,"dashboard_rate_class":"RELATIVELY_STABLE","dashboard_classification_note":"Display convention only; source numeric value is preserved. Not an official DMCR class.","published_period":"1990-2019","published_dataset":"Shoreline ThaiCoast / Krabi_Points"},"geometry":{"type":"Point","coordinates":[99.0283801013477,7.614982472872777]}},{"type":"Feature","id":49,"properties":{"OBJECTID":20,"TransectID":20,"BaselineID":1,"GroupID":1,"TransOrder":20,"Azimuth":69.64,"ShrCount":7,"TCD":9500.0,"SHAPE_Leng":499.999999997,"SCE":38.09,"NSM":-19.17,"EPR":-0.79,"EPRunc":1.74,"LRR":-0.01,"LR2":0.0,"LSE":14.73,"LCI90":1.12,"WLR":-0.01,"WR2":0.0,"WSE":0.49,"WCI90":1.12,"Shape_Le_1":499.999971492,"ORIG_FID":12,"txt_OBJECTID_1":"12","txt_OBJECTID":"20","txt_TransectID":"20","txt_BaselineID":"1","txt_GroupID":"1","txt_TransOrder":"20","txt_Azimuth":"69.640000000000001","txt_ShrCount":"7","txt_TCD":"9500.000000000000000","txt_SHAPE_Leng":"499.999999996999975","txt_SCE":"38.090000000000003","txt_NSM":"-19.170000000000002","txt_EPR":"-0.790000000000000","txt_EPRunc":"1.740000000000000","txt_LRR":"-0.010000000000000","txt_LR2":"0.000000000000000","txt_LSE":"14.730000000000000","txt_LCI90":"1.120000000000000","txt_WLR":"-0.010000000000000","txt_WR2":"0.000000000000000","txt_WSE":"0.490000000000000","txt_WCI90":"1.120000000000000","txt_Shape_Length":"499.999971492216730","source_feature_index":49,"published_primary_rate_field":"LRR","published_primary_rate_m_per_year":-0.01,"dashboard_rate_class":"RELATIVELY_STABLE","dashboard_classification_note":"Display convention only; source numeric value is preserved. Not an official DMCR class.","published_period":"1990-2019","published_dataset":"Shoreline ThaiCoast / Krabi_Points"},"geometry":{"type":"Point","coordinates":[99.0300035966162,7.610753822287783]}},{"type":"Feature","id":50,"properties":{"OBJECTID":21,"TransectID":21,"BaselineID":1,"GroupID":1,"TransOrder":21,"Azimuth":72.76,"ShrCount":7,"TCD":10000.0,"SHAPE_Leng":500.000000002,"SCE":36.89,"NSM":-17.37,"EPR":-0.71,"EPRunc":1.74,"LRR":-0.01,"LR2":0.0,"LSE":13.71,"LCI90":1.04,"WLR":-0.01,"WR2":0.0,"WSE":0.46,"WCI90":1.04,"Shape_Le_1":500.000018733,"ORIG_FID":13,"txt_OBJECTID_1":"13","txt_OBJECTID":"21","txt_TransectID":"21","txt_BaselineID":"1","txt_GroupID":"1","txt_TransOrder":"21","txt_Azimuth":"72.760000000000005","txt_ShrCount":"7","txt_TCD":"10000.000000000000000","txt_SHAPE_Leng":"500.000000001999979","txt_SCE":"36.890000000000001","txt_NSM":"-17.370000000000001","txt_EPR":"-0.710000000000000","txt_EPRunc":"1.740000000000000","txt_LRR":"-0.010000000000000","txt_LR2":"0.000000000000000","txt_LSE":"13.710000000000001","txt_LCI90":"1.040000000000000","txt_WLR":"-0.010000000000000","txt_WR2":"0.000000000000000","txt_WSE":"0.460000000000000","txt_WCI90":"1.040000000000000","txt_Shape_Length":"500.000018733134141","source_feature_index":50,"published_primary_rate_field":"LRR","published_primary_rate_m_per_year":-0.01,"dashboard_rate_class":"RELATIVELY_STABLE","dashboard_classification_note":"Display convention only; source numeric value is preserved. Not an official DMCR class.","published_period":"1990-2019","published_dataset":"Shoreline ThaiCoast / Krabi_Points"},"geometry":{"type":"Point","coordinates":[99.03148842506722,7.606634227051203]}},{"type":"Feature","id":51,"properties":{"OBJECTID":22,"TransectID":22,"BaselineID":1,"GroupID":1,"TransOrder":22,"Azimuth":83.47,"ShrCount":6,"TCD":10500.0,"SHAPE_Leng":500.000000001,"SCE":37.39,"NSM":-10.81,"EPR":-0.44,"EPRunc":1.74,"LRR":0.04,"LR2":0.0,"LSE":15.29,"LCI90":1.29,"WLR":0.04,"WR2":0.0,"WSE":0.51,"WCI90":1.29,"Shape_Le_1":500.000038637,"ORIG_FID":14,"txt_OBJECTID_1":"14","txt_OBJECTID":"22","txt_TransectID":"22","txt_BaselineID":"1","txt_GroupID":"1","txt_TransOrder":"22","txt_Azimuth":"83.469999999999999","txt_ShrCount":"6","txt_TCD":"10500.000000000000000","txt_SHAPE_Leng":"500.000000000999989","txt_SCE":"37.390000000000001","txt_NSM":"-10.810000000000000","txt_EPR":"-0.440000000000000","txt_EPRunc":"1.740000000000000","txt_LRR":"0.040000000000000","txt_LR2":"0.000000000000000","txt_LSE":"15.289999999999999","txt_LCI90":"1.290000000000000","txt_WLR":"0.040000000000000","txt_WR2":"0.000000000000000","txt_WSE":"0.510000000000000","txt_WCI90":"1.290000000000000","txt_Shape_Length":"500.000038637350201","source_feature_index":51,"published_primary_rate_field":"LRR","published_primary_rate_m_per_year":0.04,"dashboard_rate_class":"RELATIVELY_STABLE","dashboard_classification_note":"Display convention only; source numeric value is preserved. Not an official DMCR class.","published_period":"1990-2019","published_dataset":"Shoreline ThaiCoast / Krabi_Points"},"geometry":{"type":"Point","coordinates":[99.03254515200166,7.60270074064035]}},{"type":"Feature","id":52,"properties":{"OBJECTID":23,"TransectID":23,"BaselineID":1,"GroupID":1,"TransOrder":23,"Azimuth":102.87,"ShrCount":7,"TCD":11000.0,"SHAPE_Leng":499.999999999,"SCE":41.21,"NSM":-13.94,"EPR":-0.57,"EPRunc":1.74,"LRR":0.41,"LR2":0.12,"LSE":13.38,"LCI90":1.01,"WLR":0.41,"WR2":0.12,"WSE":0.45,"WCI90":1.01,"Shape_Le_1":500.000044643,"ORIG_FID":15,"txt_OBJECTID_1":"15","txt_OBJECTID":"23","txt_TransectID":"23","txt_BaselineID":"1","txt_GroupID":"1","txt_TransOrder":"23","txt_Azimuth":"102.870000000000005","txt_ShrCount":"7","txt_TCD":"11000.000000000000000","txt_SHAPE_Leng":"499.999999999000011","txt_SCE":"41.210000000000001","txt_NSM":"-13.940000000000000","txt_EPR":"-0.570000000000000","txt_EPRunc":"1.740000000000000","txt_LRR":"0.410000000000000","txt_LR2":"0.120000000000000","txt_LSE":"13.380000000000001","txt_LCI90":"1.010000000000000","txt_WLR":"0.410000000000000","txt_WR2":"0.120000000000000","txt_WSE":"0.450000000000000","txt_WCI90":"1.010000000000000","txt_Shape_Length":"500.000044642844045","source_feature_index":52,"published_primary_rate_field":"LRR","published_primary_rate_m_per_year":0.41,"dashboard_rate_class":"RELATIVELY_STABLE","dashboard_classification_note":"Display convention only; source numeric value is preserved. Not an official DMCR class.","published_period":"1990-2019","published_dataset":"Shoreline ThaiCoast / Krabi_Points"},"geometry":{"type":"Point","coordinates":[99.03244877975322,7.599039111156082]}},{"type":"Feature","id":53,"properties":{"OBJECTID":24,"TransectID":24,"BaselineID":1,"GroupID":1,"TransOrder":24,"Azimuth":102.44,"ShrCount":6,"TCD":11500.0,"SHAPE_Leng":499.999999998,"SCE":35.26,"NSM":14.38,"EPR":0.59,"EPRunc":1.74,"LRR":0.8,"LR2":0.49,"LSE":10.39,"LCI90":0.88,"WLR":0.8,"WR2":0.49,"WSE":0.35,"WCI90":0.88,"Shape_Le_1":499.999988518,"ORIG_FID":16,"txt_OBJECTID_1":"16","txt_OBJECTID":"24","txt_TransectID":"24","txt_BaselineID":"1","txt_GroupID":"1","txt_TransOrder":"24","txt_Azimuth":"102.439999999999998","txt_ShrCount":"6","txt_TCD":"11500.000000000000000","txt_SHAPE_Leng":"499.999999998000021","txt_SCE":"35.259999999999998","txt_NSM":"14.380000000000001","txt_EPR":"0.590000000000000","txt_EPRunc":"1.740000000000000","txt_LRR":"0.800000000000000","txt_LR2":"0.490000000000000","txt_LSE":"10.390000000000001","txt_LCI90":"0.880000000000000","txt_WLR":"0.800000000000000","txt_WR2":"0.490000000000000","txt_WSE":"0.350000000000000","txt_WCI90":"0.880000000000000","txt_Shape_Length":"499.999988518406838","source_feature_index":53,"published_primary_rate_field":"LRR","published_primary_rate_m_per_year":0.8,"dashboard_rate_class":"ACCRETION","dashboard_classification_note":"Display convention only; source numeric value is preserved. Not an official DMCR class.","published_period":"1990-2019","published_dataset":"Shoreline ThaiCoast / Krabi_Points"},"geometry":{"type":"Point","coordinates":[99.0306482737351,7.59499553847914]}},{"type":"Feature","id":54,"properties":{"OBJECTID":25,"TransectID":25,"BaselineID":1,"GroupID":1,"TransOrder":25,"Azimuth":93.15,"ShrCount":7,"TCD":12000.0,"SHAPE_Leng":500.0,"SCE":44.86,"NSM":-19.26,"EPR":-0.79,"EPRunc":1.74,"LRR":0.45,"LR2":0.1,"LSE":16.01,"LCI90":1.21,"WLR":0.45,"WR2":0.1,"WSE":0.53,"WCI90":1.21,"Shape_Le_1":500.000017771,"ORIG_FID":17,"txt_OBJECTID_1":"17","txt_OBJECTID":"25","txt_TransectID":"25","txt_BaselineID":"1","txt_GroupID":"1","txt_TransOrder":"25","txt_Azimuth":"93.150000000000006","txt_ShrCount":"7","txt_TCD":"12000.000000000000000","txt_SHAPE_Leng":"500.000000000000000","txt_SCE":"44.859999999999999","txt_NSM":"-19.260000000000002","txt_EPR":"-0.790000000000000","txt_EPRunc":"1.740000000000000","txt_LRR":"0.450000000000000","txt_LR2":"0.100000000000000","txt_LSE":"16.010000000000002","txt_LCI90":"1.210000000000000","txt_WLR":"0.450000000000000","txt_WR2":"0.100000000000000","txt_WSE":"0.530000000000000","txt_WCI90":"1.210000000000000","txt_Shape_Length":"500.000017770947920","source_feature_index":54,"published_primary_rate_field":"LRR","published_primary_rate_m_per_year":0.45,"dashboard_rate_class":"RELATIVELY_STABLE","dashboard_classification_note":"Display convention only; source numeric value is preserved. Not an official DMCR class.","published_period":"1990-2019","published_dataset":"Shoreline ThaiCoast / Krabi_Points"},"geometry":{"type":"Point","coordinates":[99.0305505432164,7.590317259831619]}},{"type":"Feature","id":55,"properties":{"OBJECTID":26,"TransectID":26,"BaselineID":1,"GroupID":1,"TransOrder":26,"Azimuth":96.62,"ShrCount":6,"TCD":12500.0,"SHAPE_Leng":499.999999998,"SCE":42.33,"NSM":-16.71,"EPR":-0.69,"EPRunc":1.74,"LRR":0.09,"LR2":0.0,"LSE":18.43,"LCI90":1.56,"WLR":0.09,"WR2":0.0,"WSE":0.61,"WCI90":1.56,"Shape_Le_1":499.999999142,"ORIG_FID":18,"txt_OBJECTID_1":"18","txt_OBJECTID":"26","txt_TransectID":"26","txt_BaselineID":"1","txt_GroupID":"1","txt_TransOrder":"26","txt_Azimuth":"96.620000000000005","txt_ShrCount":"6","txt_TCD":"12500.000000000000000","txt_SHAPE_Leng":"499.999999998000021","txt_SCE":"42.329999999999998","txt_NSM":"-16.710000000000001","txt_EPR":"-0.690000000000000","txt_EPRunc":"1.740000000000000","txt_LRR":"0.090000000000000","txt_LR2":"0.000000000000000","txt_LSE":"18.430000000000000","txt_LCI90":"1.560000000000000","txt_WLR":"0.090000000000000","txt_WR2":"0.000000000000000","txt_WSE":"0.610000000000000","txt_WCI90":"1.560000000000000","txt_Shape_Length":"499.999999141580076","source_feature_index":55,"published_primary_rate_field":"LRR","published_primary_rate_m_per_year":0.09,"dashboard_rate_class":"RELATIVELY_STABLE","dashboard_classification_note":"Display convention only; source numeric value is preserved. Not an official DMCR class.","published_period":"1990-2019","published_dataset":"Shoreline ThaiCoast / Krabi_Points"},"geometry":{"type":"Point","coordinates":[99.03015355325931,7.586511576458998]}},{"type":"Feature","id":56,"properties":{"OBJECTID":27,"TransectID":27,"BaselineID":1,"GroupID":1,"TransOrder":27,"Azimuth":87.62,"ShrCount":7,"TCD":13000.0,"SHAPE_Leng":500.000000003,"SCE":49.31,"NSM":-3.52,"EPR":-0.14,"EPRunc":1.74,"LRR":0.64,"LR2":0.19,"LSE":15.43,"LCI90":1.17,"WLR":0.64,"WR2":0.19,"WSE":0.51,"WCI90":1.17,"Shape_Le_1":499.999995066,"ORIG_FID":19,"txt_OBJECTID_1":"19","txt_OBJECTID":"27","txt_TransectID":"27","txt_BaselineID":"1","txt_GroupID":"1","txt_TransOrder":"27","txt_Azimuth":"87.620000000000005","txt_ShrCount":"7","txt_TCD":"13000.000000000000000","txt_SHAPE_Leng":"500.000000003000025","txt_SCE":"49.310000000000002","txt_NSM":"-3.520000000000000","txt_EPR":"-0.140000000000000","txt_EPRunc":"1.740000000000000","txt_LRR":"0.640000000000000","txt_LR2":"0.190000000000000","txt_LSE":"15.430000000000000","txt_LCI90":"1.170000000000000","txt_WLR":"0.640000000000000","txt_WR2":"0.190000000000000","txt_WSE":"0.510000000000000","txt_WCI90":"1.170000000000000","txt_Shape_Length":"499.999995066436952","source_feature_index":56,"published_primary_rate_field":"LRR","published_primary_rate_m_per_year":0.64,"dashboard_rate_class":"ACCRETION","dashboard_classification_note":"Display convention only; source numeric value is preserved. Not an official DMCR class.","published_period":"1990-2019","published_dataset":"Shoreline ThaiCoast / Krabi_Points"},"geometry":{"type":"Point","coordinates":[99.02958665746912,7.581827455058779]}},{"type":"Feature","id":57,"properties":{"OBJECTID":28,"TransectID":28,"BaselineID":1,"GroupID":1,"TransOrder":28,"Azimuth":74.72,"ShrCount":6,"TCD":13500.0,"SHAPE_Leng":500.000000004,"SCE":42.98,"NSM":-22.44,"EPR":-0.92,"EPRunc":1.74,"LRR":-0.13,"LR2":0.01,"LSE":16.95,"LCI90":1.43,"WLR":-0.13,"WR2":0.01,"WSE":0.57,"WCI90":1.43,"Shape_Le_1":500.000024386,"ORIG_FID":20,"txt_OBJECTID_1":"20","txt_OBJECTID":"28","txt_TransectID":"28","txt_BaselineID":"1","txt_GroupID":"1","txt_TransOrder":"28","txt_Azimuth":"74.719999999999999","txt_ShrCount":"6","txt_TCD":"13500.000000000000000","txt_SHAPE_Leng":"500.000000004000015","txt_SCE":"42.979999999999997","txt_NSM":"-22.440000000000001","txt_EPR":"-0.920000000000000","txt_EPRunc":"1.740000000000000","txt_LRR":"-0.130000000000000","txt_LR2":"0.010000000000000","txt_LSE":"16.949999999999999","txt_LCI90":"1.430000000000000","txt_WLR":"-0.130000000000000","txt_WR2":"0.010000000000000","txt_WSE":"0.570000000000000","txt_WCI90":"1.430000000000000","txt_Shape_Length":"500.000024385501433","source_feature_index":57,"published_primary_rate_field":"LRR","published_primary_rate_m_per_year":-0.13,"dashboard_rate_class":"RELATIVELY_STABLE","dashboard_classification_note":"Display convention only; source numeric value is preserved. Not an official DMCR class.","published_period":"1990-2019","published_dataset":"Shoreline ThaiCoast / Krabi_Points"},"geometry":{"type":"Point","coordinates":[99.03057776513968,7.577005647344277]}},{"type":"Feature","id":58,"properties":{"OBJECTID":29,"TransectID":29,"BaselineID":1,"GroupID":1,"TransOrder":29,"Azimuth":78.13,"ShrCount":7,"TCD":14000.0,"SHAPE_Leng":500.000000001,"SCE":42.05,"NSM":-6.87,"EPR":-0.28,"EPRunc":1.74,"LRR":0.4,"LR2":0.09,"LSE":15.5,"LCI90":1.17,"WLR":0.4,"WR2":0.09,"WSE":0.52,"WCI90":1.17,"Shape_Le_1":500.000024022,"ORIG_FID":21,"txt_OBJECTID_1":"21","txt_OBJECTID":"29","txt_TransectID":"29","txt_BaselineID":"1","txt_GroupID":"1","txt_TransOrder":"29","txt_Azimuth":"78.129999999999995","txt_ShrCount":"7","txt_TCD":"14000.000000000000000","txt_SHAPE_Leng":"500.000000000999989","txt_SCE":"42.049999999999997","txt_NSM":"-6.870000000000000","txt_EPR":"-0.280000000000000","txt_EPRunc":"1.740000000000000","txt_LRR":"0.400000000000000","txt_LR2":"0.090000000000000","txt_LSE":"15.500000000000000","txt_LCI90":"1.170000000000000","txt_WLR":"0.400000000000000","txt_WR2":"0.090000000000000","txt_WSE":"0.520000000000000","txt_WCI90":"1.170000000000000","txt_Shape_Length":"500.000024022439618","source_feature_index":58,"published_primary_rate_field":"LRR","published_primary_rate_m_per_year":0.4,"dashboard_rate_class":"RELATIVELY_STABLE","dashboard_classification_note":"Display convention only; source numeric value is preserved. Not an official DMCR class.","published_period":"1990-2019","published_dataset":"Shoreline ThaiCoast / Krabi_Points"},"geometry":{"type":"Point","coordinates":[99.0319800519856,7.572879699301944]}},{"type":"Feature","id":59,"properties":{"OBJECTID":30,"TransectID":30,"BaselineID":1,"GroupID":1,"TransOrder":30,"Azimuth":79.19,"ShrCount":6,"TCD":14500.0,"SHAPE_Leng":499.999999999,"SCE":43.68,"NSM":-28.94,"EPR":-1.19,"EPRunc":1.74,"LRR":-0.39,"LR2":0.07,"LSE":17.51,"LCI90":1.48,"WLR":-0.39,"WR2":0.07,"WSE":0.58,"WCI90":1.48,"Shape_Le_1":500.000027506,"ORIG_FID":22,"txt_OBJECTID_1":"22","txt_OBJECTID":"30","txt_TransectID":"30","txt_BaselineID":"1","txt_GroupID":"1","txt_TransOrder":"30","txt_Azimuth":"79.189999999999998","txt_ShrCount":"6","txt_TCD":"14500.000000000000000","txt_SHAPE_Leng":"499.999999999000011","txt_SCE":"43.680000000000000","txt_NSM":"-28.940000000000001","txt_EPR":"-1.190000000000000","txt_EPRunc":"1.740000000000000","txt_LRR":"-0.390000000000000","txt_LR2":"0.070000000000000","txt_LSE":"17.510000000000002","txt_LCI90":"1.480000000000000","txt_WLR":"-0.390000000000000","txt_WR2":"0.070000000000000","txt_WSE":"0.580000000000000","txt_WCI90":"1.480000000000000","txt_Shape_Length":"500.000027505857929","source_feature_index":59,"published_primary_rate_field":"LRR","published_primary_rate_m_per_year":-0.39,"dashboard_rate_class":"RELATIVELY_STABLE","dashboard_classification_note":"Display convention only; source numeric value is preserved. Not an official DMCR class.","published_period":"1990-2019","published_dataset":"Shoreline ThaiCoast / Krabi_Points"},"geometry":{"type":"Point","coordinates":[99.03237346665182,7.568463677461401]}},{"type":"Feature","id":60,"properties":{"OBJECTID":31,"TransectID":31,"BaselineID":1,"GroupID":1,"TransOrder":31,"Azimuth":65.84,"ShrCount":6,"TCD":15000.0,"SHAPE_Leng":500.000000003,"SCE":36.43,"NSM":-8.94,"EPR":-0.39,"EPRunc":1.86,"LRR":0.21,"LR2":0.02,"LSE":14.43,"LCI90":1.55,"WLR":0.21,"WR2":0.02,"WSE":0.48,"WCI90":1.55,"Shape_Le_1":500.000029266,"ORIG_FID":23,"txt_OBJECTID_1":"23","txt_OBJECTID":"31","txt_TransectID":"31","txt_BaselineID":"1","txt_GroupID":"1","txt_TransOrder":"31","txt_Azimuth":"65.840000000000003","txt_ShrCount":"6","txt_TCD":"15000.000000000000000","txt_SHAPE_Leng":"500.000000003000025","txt_SCE":"36.430000000000000","txt_NSM":"-8.940000000000000","txt_EPR":"-0.390000000000000","txt_EPRunc":"1.860000000000000","txt_LRR":"0.210000000000000","txt_LR2":"0.020000000000000","txt_LSE":"14.430000000000000","txt_LCI90":"1.550000000000000","txt_WLR":"0.210000000000000","txt_WR2":"0.020000000000000","txt_WSE":"0.480000000000000","txt_WCI90":"1.550000000000000","txt_Shape_Length":"500.000029265598641","source_feature_index":60,"published_primary_rate_field":"LRR","published_primary_rate_m_per_year":0.21,"dashboard_rate_class":"RELATIVELY_STABLE","dashboard_classification_note":"Display convention only; source numeric value is preserved. Not an official DMCR class.","published_period":"1990-2019","published_dataset":"Shoreline ThaiCoast / Krabi_Points"},"geometry":{"type":"Point","coordinates":[99.03380673716197,7.5636499917977895]}},{"type":"Feature","id":61,"properties":{"OBJECTID":32,"TransectID":32,"BaselineID":1,"GroupID":1,"TransOrder":32,"Azimuth":64.1,"ShrCount":6,"TCD":15500.0,"SHAPE_Leng":500.000000002,"SCE":32.49,"NSM":-22.44,"EPR":-0.92,"EPRunc":1.74,"LRR":-0.18,"LR2":0.02,"LSE":15.08,"LCI90":1.22,"WLR":-0.18,"WR2":0.02,"WSE":0.5,"WCI90":1.22,"Shape_Le_1":500.000045851,"ORIG_FID":24,"txt_OBJECTID_1":"24","txt_OBJECTID":"32","txt_TransectID":"32","txt_BaselineID":"1","txt_GroupID":"1","txt_TransOrder":"32","txt_Azimuth":"64.099999999999994","txt_ShrCount":"6","txt_TCD":"15500.000000000000000","txt_SHAPE_Leng":"500.000000001999979","txt_SCE":"32.490000000000002","txt_NSM":"-22.440000000000001","txt_EPR":"-0.920000000000000","txt_EPRunc":"1.740000000000000","txt_LRR":"-0.180000000000000","txt_LR2":"0.020000000000000","txt_LSE":"15.080000000000000","txt_LCI90":"1.220000000000000","txt_WLR":"-0.180000000000000","txt_WR2":"0.020000000000000","txt_WSE":"0.500000000000000","txt_WCI90":"1.220000000000000","txt_Shape_Length":"500.000045851046991","source_feature_index":61,"published_primary_rate_field":"LRR","published_primary_rate_m_per_year":-0.18,"dashboard_rate_class":"RELATIVELY_STABLE","dashboard_classification_note":"Display convention only; source numeric value is preserved. Not an official DMCR class.","published_period":"1990-2019","published_dataset":"Shoreline ThaiCoast / Krabi_Points"},"geometry":{"type":"Point","coordinates":[99.03619389585607,7.559817005875472]}},{"type":"Feature","id":62,"properties":{"OBJECTID":33,"TransectID":33,"BaselineID":1,"GroupID":1,"TransOrder":33,"Azimuth":63.79,"ShrCount":7,"TCD":16000.0,"SHAPE_Leng":499.999999999,"SCE":70.37,"NSM":-70.37,"EPR":-2.89,"EPRunc":1.74,"LRR":-0.97,"LR2":0.23,"LSE":21.17,"LCI90":1.6,"WLR":-0.97,"WR2":0.23,"WSE":0.71,"WCI90":1.6,"Shape_Le_1":500.000051899,"ORIG_FID":25,"txt_OBJECTID_1":"25","txt_OBJECTID":"33","txt_TransectID":"33","txt_BaselineID":"1","txt_GroupID":"1","txt_TransOrder":"33","txt_Azimuth":"63.789999999999999","txt_ShrCount":"7","txt_TCD":"16000.000000000000000","txt_SHAPE_Leng":"499.999999999000011","txt_SCE":"70.370000000000005","txt_NSM":"-70.370000000000005","txt_EPR":"-2.890000000000000","txt_EPRunc":"1.740000000000000","txt_LRR":"-0.970000000000000","txt_LR2":"0.230000000000000","txt_LSE":"21.170000000000002","txt_LCI90":"1.600000000000000","txt_WLR":"-0.970000000000000","txt_WR2":"0.230000000000000","txt_WSE":"0.710000000000000","txt_WCI90":"1.600000000000000","txt_Shape_Length":"500.000051898547895","source_feature_index":62,"published_primary_rate_field":"LRR","published_primary_rate_m_per_year":-0.97,"dashboard_rate_class":"RETREAT","dashboard_classification_note":"Display convention only; source numeric value is preserved. Not an official DMCR class.","published_period":"1990-2019","published_dataset":"Shoreline ThaiCoast / Krabi_Points"},"geometry":{"type":"Point","coordinates":[99.03770112462337,7.555641996422086]}},{"type":"Feature","id":63,"properties":{"OBJECTID":34,"TransectID":34,"BaselineID":1,"GroupID":1,"TransOrder":34,"Azimuth":57.96,"ShrCount":7,"TCD":16500.0,"SHAPE_Leng":500.000000003,"SCE":31.13,"NSM":-23.46,"EPR":-0.96,"EPRunc":1.74,"LRR":-0.25,"LR2":0.05,"LSE":12.32,"LCI90":0.93,"WLR":-0.25,"WR2":0.05,"WSE":0.41,"WCI90":0.93,"Shape_Le_1":500.000075933,"ORIG_FID":26,"txt_OBJECTID_1":"26","txt_OBJECTID":"34","txt_TransectID":"34","txt_BaselineID":"1","txt_GroupID":"1","txt_TransOrder":"34","txt_Azimuth":"57.960000000000001","txt_ShrCount":"7","txt_TCD":"16500.000000000000000","txt_SHAPE_Leng":"500.000000003000025","txt_SCE":"31.129999999999999","txt_NSM":"-23.460000000000001","txt_EPR":"-0.960000000000000","txt_EPRunc":"1.740000000000000","txt_LRR":"-0.250000000000000","txt_LR2":"0.050000000000000","txt_LSE":"12.320000000000000","txt_LCI90":"0.930000000000000","txt_WLR":"-0.250000000000000","txt_WR2":"0.050000000000000","txt_WSE":"0.410000000000000","txt_WCI90":"0.930000000000000","txt_Shape_Length":"500.000075932789116","source_feature_index":63,"published_primary_rate_field":"LRR","published_primary_rate_m_per_year":-0.25,"dashboard_rate_class":"RELATIVELY_STABLE","dashboard_classification_note":"Display convention only; source numeric value is preserved. Not an official DMCR class.","published_period":"1990-2019","published_dataset":"Shoreline ThaiCoast / Krabi_Points"},"geometry":{"type":"Point","coordinates":[99.04020188868806,7.551718485936499]}},{"type":"Feature","id":64,"properties":{"OBJECTID":35,"TransectID":35,"BaselineID":1,"GroupID":1,"TransOrder":35,"Azimuth":59.58,"ShrCount":6,"TCD":17000.0,"SHAPE_Leng":500.0,"SCE":55.65,"NSM":-1.02,"EPR":-0.04,"EPRunc":1.74,"LRR":0.76,"LR2":0.21,"LSE":18.67,"LCI90":1.58,"WLR":0.76,"WR2":0.21,"WSE":0.62,"WCI90":1.58,"Shape_Le_1":499.999995903,"ORIG_FID":27,"txt_OBJECTID_1":"27","txt_OBJECTID":"35","txt_TransectID":"35","txt_BaselineID":"1","txt_GroupID":"1","txt_TransOrder":"35","txt_Azimuth":"59.579999999999998","txt_ShrCount":"6","txt_TCD":"17000.000000000000000","txt_SHAPE_Leng":"500.000000000000000","txt_SCE":"55.649999999999999","txt_NSM":"-1.020000000000000","txt_EPR":"-0.040000000000000","txt_EPRunc":"1.740000000000000","txt_LRR":"0.760000000000000","txt_LR2":"0.210000000000000","txt_LSE":"18.670000000000002","txt_LCI90":"1.580000000000000","txt_WLR":"0.760000000000000","txt_WR2":"0.210000000000000","txt_WSE":"0.620000000000000","txt_WCI90":"1.580000000000000","txt_Shape_Length":"499.999995903363185","source_feature_index":64,"published_primary_rate_field":"LRR","published_primary_rate_m_per_year":0.76,"dashboard_rate_class":"ACCRETION","dashboard_classification_note":"Display convention only; source numeric value is preserved. Not an official DMCR class.","published_period":"1990-2019","published_dataset":"Shoreline ThaiCoast / Krabi_Points"},"geometry":{"type":"Point","coordinates":[99.04245992321128,7.548032979188643]}},{"type":"Feature","id":65,"properties":{"OBJECTID":36,"TransectID":36,"BaselineID":1,"GroupID":1,"TransOrder":36,"Azimuth":65.2,"ShrCount":7,"TCD":17500.0,"SHAPE_Leng":500.000000001,"SCE":35.48,"NSM":-7.93,"EPR":-0.33,"EPRunc":1.74,"LRR":0.14,"LR2":0.01,"LSE":13.36,"LCI90":1.01,"WLR":0.14,"WR2":0.01,"WSE":0.45,"WCI90":1.01,"Shape_Le_1":499.999979037,"ORIG_FID":28,"txt_OBJECTID_1":"28","txt_OBJECTID":"36","txt_TransectID":"36","txt_BaselineID":"1","txt_GroupID":"1","txt_TransOrder":"36","txt_Azimuth":"65.200000000000003","txt_ShrCount":"7","txt_TCD":"17500.000000000000000","txt_SHAPE_Leng":"500.000000000999989","txt_SCE":"35.479999999999997","txt_NSM":"-7.930000000000000","txt_EPR":"-0.330000000000000","txt_EPRunc":"1.740000000000000","txt_LRR":"0.140000000000000","txt_LR2":"0.010000000000000","txt_LSE":"13.359999999999999","txt_LCI90":"1.010000000000000","txt_WLR":"0.140000000000000","txt_WR2":"0.010000000000000","txt_WSE":"0.450000000000000","txt_WCI90":"1.010000000000000","txt_Shape_Length":"499.999979036670197","source_feature_index":65,"published_primary_rate_field":"LRR","published_primary_rate_m_per_year":0.14,"dashboard_rate_class":"RELATIVELY_STABLE","dashboard_classification_note":"Display convention only; source numeric value is preserved. Not an official DMCR class.","published_period":"1990-2019","published_dataset":"Shoreline ThaiCoast / Krabi_Points"},"geometry":{"type":"Point","coordinates":[99.0444722708734,7.54448019418751]}},{"type":"Feature","id":66,"properties":{"OBJECTID":37,"TransectID":37,"BaselineID":1,"GroupID":1,"TransOrder":37,"Azimuth":69.53,"ShrCount":6,"TCD":18000.0,"SHAPE_Leng":500.0,"SCE":30.28,"NSM":-5.06,"EPR":-0.21,"EPRunc":1.74,"LRR":0.29,"LR2":0.08,"LSE":12.67,"LCI90":1.03,"WLR":0.29,"WR2":0.08,"WSE":0.42,"WCI90":1.03,"Shape_Le_1":499.999989996,"ORIG_FID":29,"txt_OBJECTID_1":"29","txt_OBJECTID":"37","txt_TransectID":"37","txt_BaselineID":"1","txt_GroupID":"1","txt_TransOrder":"37","txt_Azimuth":"69.530000000000001","txt_ShrCount":"6","txt_TCD":"18000.000000000000000","txt_SHAPE_Leng":"500.000000000000000","txt_SCE":"30.280000000000001","txt_NSM":"-5.060000000000000","txt_EPR":"-0.210000000000000","txt_EPRunc":"1.740000000000000","txt_LRR":"0.290000000000000","txt_LR2":"0.080000000000000","txt_LSE":"12.670000000000000","txt_LCI90":"1.030000000000000","txt_WLR":"0.290000000000000","txt_WR2":"0.080000000000000","txt_WSE":"0.420000000000000","txt_WCI90":"1.030000000000000","txt_Shape_Length":"499.999989996119837","source_feature_index":66,"published_primary_rate_field":"LRR","published_primary_rate_m_per_year":0.29,"dashboard_rate_class":"RELATIVELY_STABLE","dashboard_classification_note":"Display convention only; source numeric value is preserved. Not an official DMCR class.","published_period":"1990-2019","published_dataset":"Shoreline ThaiCoast / Krabi_Points"},"geometry":{"type":"Point","coordinates":[99.04598121124069,7.540414569771676]}},{"type":"Feature","id":67,"properties":{"OBJECTID":38,"TransectID":38,"BaselineID":1,"GroupID":1,"TransOrder":38,"Azimuth":70.28,"ShrCount":7,"TCD":18500.0,"SHAPE_Leng":500.0,"SCE":42.23,"NSM":0.32,"EPR":0.01,"EPRunc":1.74,"LRR":0.56,"LR2":0.2,"LSE":13.32,"LCI90":1.01,"WLR":0.56,"WR2":0.2,"WSE":0.44,"WCI90":1.01,"Shape_Le_1":499.999975935,"ORIG_FID":30,"txt_OBJECTID_1":"30","txt_OBJECTID":"38","txt_TransectID":"38","txt_BaselineID":"1","txt_GroupID":"1","txt_TransOrder":"38","txt_Azimuth":"70.280000000000001","txt_ShrCount":"7","txt_TCD":"18500.000000000000000","txt_SHAPE_Leng":"500.000000000000000","txt_SCE":"42.229999999999997","txt_NSM":"0.320000000000000","txt_EPR":"0.010000000000000","txt_EPRunc":"1.740000000000000","txt_LRR":"0.560000000000000","txt_LR2":"0.200000000000000","txt_LSE":"13.320000000000000","txt_LCI90":"1.010000000000000","txt_WLR":"0.560000000000000","txt_WR2":"0.200000000000000","txt_WSE":"0.440000000000000","txt_WCI90":"1.010000000000000","txt_Shape_Length":"499.999975935223233","source_feature_index":67,"published_primary_rate_field":"LRR","published_primary_rate_m_per_year":0.56,"dashboard_rate_class":"ACCRETION","dashboard_classification_note":"Display convention only; source numeric value is preserved. Not an official DMCR class.","published_period":"1990-2019","published_dataset":"Shoreline ThaiCoast / Krabi_Points"},"geometry":{"type":"Point","coordinates":[99.04755410999088,7.536218690585735]}},{"type":"Feature","id":68,"properties":{"OBJECTID":39,"TransectID":39,"BaselineID":1,"GroupID":1,"TransOrder":39,"Azimuth":69.51,"ShrCount":6,"TCD":19000.0,"SHAPE_Leng":500.000000001,"SCE":36.26,"NSM":-11.59,"EPR":-0.48,"EPRunc":1.74,"LRR":0.22,"LR2":0.03,"LSE":15.11,"LCI90":1.22,"WLR":0.22,"WR2":0.03,"WSE":0.5,"WCI90":1.22,"Shape_Le_1":500.000013418,"ORIG_FID":31,"txt_OBJECTID_1":"31","txt_OBJECTID":"39","txt_TransectID":"39","txt_BaselineID":"1","txt_GroupID":"1","txt_TransOrder":"39","txt_Azimuth":"69.510000000000005","txt_ShrCount":"6","txt_TCD":"19000.000000000000000","txt_SHAPE_Leng":"500.000000000999989","txt_SCE":"36.259999999999998","txt_NSM":"-11.590000000000000","txt_EPR":"-0.480000000000000","txt_EPRunc":"1.740000000000000","txt_LRR":"0.220000000000000","txt_LR2":"0.030000000000000","txt_LSE":"15.109999999999999","txt_LCI90":"1.220000000000000","txt_WLR":"0.220000000000000","txt_WR2":"0.030000000000000","txt_WSE":"0.500000000000000","txt_WCI90":"1.220000000000000","txt_Shape_Length":"500.000013418028345","source_feature_index":68,"published_primary_rate_field":"LRR","published_primary_rate_m_per_year":0.22,"dashboard_rate_class":"RELATIVELY_STABLE","dashboard_classification_note":"Display convention only; source numeric value is preserved. Not an official DMCR class.","published_period":"1990-2019","published_dataset":"Shoreline ThaiCoast / Krabi_Points"},"geometry":{"type":"Point","coordinates":[99.04902915066154,7.531925342265419]}},{"type":"Feature","id":69,"properties":{"OBJECTID":40,"TransectID":40,"BaselineID":1,"GroupID":1,"TransOrder":40,"Azimuth":66.81,"ShrCount":7,"TCD":19500.0,"SHAPE_Leng":500.0,"SCE":58.85,"NSM":-14.19,"EPR":-0.58,"EPRunc":1.74,"LRR":0.78,"LR2":0.19,"LSE":18.75,"LCI90":1.42,"WLR":0.78,"WR2":0.19,"WSE":0.62,"WCI90":1.42,"Shape_Le_1":500.000010463,"ORIG_FID":32,"txt_OBJECTID_1":"32","txt_OBJECTID":"40","txt_TransectID":"40","txt_BaselineID":"1","txt_GroupID":"1","txt_TransOrder":"40","txt_Azimuth":"66.810000000000002","txt_ShrCount":"7","txt_TCD":"19500.000000000000000","txt_SHAPE_Leng":"500.000000000000000","txt_SCE":"58.850000000000001","txt_NSM":"-14.190000000000000","txt_EPR":"-0.580000000000000","txt_EPRunc":"1.740000000000000","txt_LRR":"0.780000000000000","txt_LR2":"0.190000000000000","txt_LSE":"18.750000000000000","txt_LCI90":"1.420000000000000","txt_WLR":"0.780000000000000","txt_WR2":"0.190000000000000","txt_WSE":"0.620000000000000","txt_WCI90":"1.420000000000000","txt_Shape_Length":"500.000010462631394","source_feature_index":69,"published_primary_rate_field":"LRR","published_primary_rate_m_per_year":0.78,"dashboard_rate_class":"ACCRETION","dashboard_classification_note":"Display convention only; source numeric value is preserved. Not an official DMCR class.","published_period":"1990-2019","published_dataset":"Shoreline ThaiCoast / Krabi_Points"},"geometry":{"type":"Point","coordinates":[99.05076163585485,7.527656304313401]}},{"type":"Feature","id":70,"properties":{"OBJECTID":41,"TransectID":41,"BaselineID":1,"GroupID":1,"TransOrder":41,"Azimuth":59.48,"ShrCount":6,"TCD":20000.0,"SHAPE_Leng":499.999999999,"SCE":38.3,"NSM":-4.34,"EPR":-0.18,"EPRunc":1.75,"LRR":0.49,"LR2":0.17,"LSE":13.78,"LCI90":1.17,"WLR":0.49,"WR2":0.17,"WSE":0.46,"WCI90":1.17,"Shape_Le_1":500.000071924,"ORIG_FID":33,"txt_OBJECTID_1":"33","txt_OBJECTID":"41","txt_TransectID":"41","txt_BaselineID":"1","txt_GroupID":"1","txt_TransOrder":"41","txt_Azimuth":"59.479999999999997","txt_ShrCount":"6","txt_TCD":"20000.000000000000000","txt_SHAPE_Leng":"499.999999999000011","txt_SCE":"38.299999999999997","txt_NSM":"-4.340000000000000","txt_EPR":"-0.180000000000000","txt_EPRunc":"1.750000000000000","txt_LRR":"0.490000000000000","txt_LR2":"0.170000000000000","txt_LSE":"13.779999999999999","txt_LCI90":"1.170000000000000","txt_WLR":"0.490000000000000","txt_WR2":"0.170000000000000","txt_WSE":"0.460000000000000","txt_WCI90":"1.170000000000000","txt_Shape_Length":"500.000071923542009","source_feature_index":70,"published_primary_rate_field":"LRR","published_primary_rate_m_per_year":0.49,"dashboard_rate_class":"RELATIVELY_STABLE","dashboard_classification_note":"Display convention only; source numeric value is preserved. Not an official DMCR class.","published_period":"1990-2019","published_dataset":"Shoreline ThaiCoast / Krabi_Points"},"geometry":{"type":"Point","coordinates":[99.0527007421476,7.523410631864977]}},{"type":"Feature","id":71,"properties":{"OBJECTID":42,"TransectID":42,"BaselineID":1,"GroupID":1,"TransOrder":42,"Azimuth":57.87,"ShrCount":5,"TCD":20500.0,"SHAPE_Leng":499.999999997,"SCE":27.21,"NSM":-11.42,"EPR":-0.47,"EPRunc":1.75,"LRR":0.23,"LR2":0.06,"LSE":12.49,"LCI90":1.27,"WLR":0.23,"WR2":0.06,"WSE":0.42,"WCI90":1.27,"Shape_Le_1":500.000032634,"ORIG_FID":34,"txt_OBJECTID_1":"34","txt_OBJECTID":"42","txt_TransectID":"42","txt_BaselineID":"1","txt_GroupID":"1","txt_TransOrder":"42","txt_Azimuth":"57.869999999999997","txt_ShrCount":"5","txt_TCD":"20500.000000000000000","txt_SHAPE_Leng":"499.999999996999975","txt_SCE":"27.210000000000001","txt_NSM":"-11.420000000000000","txt_EPR":"-0.470000000000000","txt_EPRunc":"1.750000000000000","txt_LRR":"0.230000000000000","txt_LR2":"0.060000000000000","txt_LSE":"12.490000000000000","txt_LCI90":"1.270000000000000","txt_WLR":"0.230000000000000","txt_WR2":"0.060000000000000","txt_WSE":"0.420000000000000","txt_WCI90":"1.270000000000000","txt_Shape_Length":"500.000032634397940","source_feature_index":71,"published_primary_rate_field":"LRR","published_primary_rate_m_per_year":0.23,"dashboard_rate_class":"RELATIVELY_STABLE","dashboard_classification_note":"Display convention only; source numeric value is preserved. Not an official DMCR class.","published_period":"1990-2019","published_dataset":"Shoreline ThaiCoast / Krabi_Points"},"geometry":{"type":"Point","coordinates":[99.05531734396146,7.519908705857759]}},{"type":"Feature","id":72,"properties":{"OBJECTID":43,"TransectID":43,"BaselineID":1,"GroupID":1,"TransOrder":43,"Azimuth":64.56,"ShrCount":6,"TCD":21000.0,"SHAPE_Leng":499.999999998,"SCE":31.78,"NSM":-7.36,"EPR":-0.3,"EPRunc":1.75,"LRR":0.31,"LR2":0.11,"LSE":11.18,"LCI90":0.95,"WLR":0.31,"WR2":0.11,"WSE":0.37,"WCI90":0.95,"Shape_Le_1":500.000044335,"ORIG_FID":35,"txt_OBJECTID_1":"35","txt_OBJECTID":"43","txt_TransectID":"43","txt_BaselineID":"1","txt_GroupID":"1","txt_TransOrder":"43","txt_Azimuth":"64.560000000000002","txt_ShrCount":"6","txt_TCD":"21000.000000000000000","txt_SHAPE_Leng":"499.999999998000021","txt_SCE":"31.780000000000001","txt_NSM":"-7.360000000000000","txt_EPR":"-0.300000000000000","txt_EPRunc":"1.750000000000000","txt_LRR":"0.310000000000000","txt_LR2":"0.110000000000000","txt_LSE":"11.180000000000000","txt_LCI90":"0.950000000000000","txt_WLR":"0.310000000000000","txt_WR2":"0.110000000000000","txt_WSE":"0.370000000000000","txt_WCI90":"0.950000000000000","txt_Shape_Length":"500.000044335307336","source_feature_index":72,"published_primary_rate_field":"LRR","published_primary_rate_m_per_year":0.31,"dashboard_rate_class":"RELATIVELY_STABLE","dashboard_classification_note":"Display convention only; source numeric value is preserved. Not an official DMCR class.","published_period":"1990-2019","published_dataset":"Shoreline ThaiCoast / Krabi_Points"},"geometry":{"type":"Point","coordinates":[99.05721980838402,7.51625560857941]}},{"type":"Feature","id":73,"properties":{"OBJECTID":44,"TransectID":44,"BaselineID":1,"GroupID":1,"TransOrder":44,"Azimuth":65.12,"ShrCount":5,"TCD":21500.0,"SHAPE_Leng":500.000000001,"SCE":18.79,"NSM":-10.28,"EPR":-0.42,"EPRunc":1.75,"LRR":-0.02,"LR2":0.0,"LSE":9.24,"LCI90":0.89,"WLR":-0.02,"WR2":0.0,"WSE":0.31,"WCI90":0.89,"Shape_Le_1":499.999944342,"ORIG_FID":36,"txt_OBJECTID_1":"36","txt_OBJECTID":"44","txt_TransectID":"44","txt_BaselineID":"1","txt_GroupID":"1","txt_TransOrder":"44","txt_Azimuth":"65.120000000000005","txt_ShrCount":"5","txt_TCD":"21500.000000000000000","txt_SHAPE_Leng":"500.000000000999989","txt_SCE":"18.789999999999999","txt_NSM":"-10.279999999999999","txt_EPR":"-0.420000000000000","txt_EPRunc":"1.750000000000000","txt_LRR":"-0.020000000000000","txt_LR2":"0.000000000000000","txt_LSE":"9.240000000000000","txt_LCI90":"0.890000000000000","txt_WLR":"-0.020000000000000","txt_WR2":"0.000000000000000","txt_WSE":"0.310000000000000","txt_WCI90":"0.890000000000000","txt_Shape_Length":"499.999944341541834","source_feature_index":73,"published_primary_rate_field":"LRR","published_primary_rate_m_per_year":-0.02,"dashboard_rate_class":"RELATIVELY_STABLE","dashboard_classification_note":"Display convention only; source numeric value is preserved. Not an official DMCR class.","published_period":"1990-2019","published_dataset":"Shoreline ThaiCoast / Krabi_Points"},"geometry":{"type":"Point","coordinates":[99.05895767444935,7.512231643835872]}},{"type":"Feature","id":74,"properties":{"OBJECTID":45,"TransectID":45,"BaselineID":1,"GroupID":1,"TransOrder":45,"Azimuth":62.34,"ShrCount":6,"TCD":22000.0,"SHAPE_Leng":500.000000002,"SCE":36.8,"NSM":-36.8,"EPR":-1.51,"EPRunc":1.75,"LRR":-0.81,"LR2":0.42,"LSE":11.94,"LCI90":1.01,"WLR":-0.81,"WR2":0.42,"WSE":0.4,"WCI90":1.01,"Shape_Le_1":500.000014516,"ORIG_FID":37,"txt_OBJECTID_1":"37","txt_OBJECTID":"45","txt_TransectID":"45","txt_BaselineID":"1","txt_GroupID":"1","txt_TransOrder":"45","txt_Azimuth":"62.340000000000003","txt_ShrCount":"6","txt_TCD":"22000.000000000000000","txt_SHAPE_Leng":"500.000000001999979","txt_SCE":"36.799999999999997","txt_NSM":"-36.799999999999997","txt_EPR":"-1.510000000000000","txt_EPRunc":"1.750000000000000","txt_LRR":"-0.810000000000000","txt_LR2":"0.420000000000000","txt_LSE":"11.940000000000000","txt_LCI90":"1.010000000000000","txt_WLR":"-0.810000000000000","txt_WR2":"0.420000000000000","txt_WSE":"0.400000000000000","txt_WCI90":"1.010000000000000","txt_Shape_Length":"500.000014516125077","source_feature_index":74,"published_primary_rate_field":"LRR","published_primary_rate_m_per_year":-0.81,"dashboard_rate_class":"RETREAT","dashboard_classification_note":"Display convention only; source numeric value is preserved. Not an official DMCR class.","published_period":"1990-2019","published_dataset":"Shoreline ThaiCoast / Krabi_Points"},"geometry":{"type":"Point","coordinates":[99.06095517977874,7.50822032381087]}},{"type":"Feature","id":75,"properties":{"OBJECTID":46,"TransectID":46,"BaselineID":1,"GroupID":1,"TransOrder":46,"Azimuth":58.44,"ShrCount":5,"TCD":22500.0,"SHAPE_Leng":499.999999999,"SCE":26.63,"NSM":-26.03,"EPR":-1.07,"EPRunc":1.75,"LRR":-0.34,"LR2":0.14,"LSE":11.64,"LCI90":1.12,"WLR":-0.34,"WR2":0.14,"WSE":0.39,"WCI90":1.12,"Shape_Le_1":499.999987198,"ORIG_FID":38,"txt_OBJECTID_1":"38","txt_OBJECTID":"46","txt_TransectID":"46","txt_BaselineID":"1","txt_GroupID":"1","txt_TransOrder":"46","txt_Azimuth":"58.439999999999998","txt_ShrCount":"5","txt_TCD":"22500.000000000000000","txt_SHAPE_Leng":"499.999999999000011","txt_SCE":"26.629999999999999","txt_NSM":"-26.030000000000001","txt_EPR":"-1.070000000000000","txt_EPRunc":"1.750000000000000","txt_LRR":"-0.340000000000000","txt_LR2":"0.140000000000000","txt_LSE":"11.640000000000001","txt_LCI90":"1.120000000000000","txt_WLR":"-0.340000000000000","txt_WR2":"0.140000000000000","txt_WSE":"0.390000000000000","txt_WCI90":"1.120000000000000","txt_Shape_Length":"499.999987197931205","source_feature_index":75,"published_primary_rate_field":"LRR","published_primary_rate_m_per_year":-0.34,"dashboard_rate_class":"RELATIVELY_STABLE","dashboard_classification_note":"Display convention only; source numeric value is preserved. Not an official DMCR class.","published_period":"1990-2019","published_dataset":"Shoreline ThaiCoast / Krabi_Points"},"geometry":{"type":"Point","coordinates":[99.06317403007785,7.504207543229741]}},{"type":"Feature","id":76,"properties":{"OBJECTID":47,"TransectID":47,"BaselineID":1,"GroupID":1,"TransOrder":47,"Azimuth":58.87,"ShrCount":5,"TCD":23000.0,"SHAPE_Leng":500.000000001,"SCE":35.08,"NSM":2.45,"EPR":0.1,"EPRunc":1.75,"LRR":0.78,"LR2":0.48,"LSE":10.77,"LCI90":1.1,"WLR":0.78,"WR2":0.48,"WSE":0.36,"WCI90":1.1,"Shape_Le_1":500.000016399,"ORIG_FID":39,"txt_OBJECTID_1":"39","txt_OBJECTID":"47","txt_TransectID":"47","txt_BaselineID":"1","txt_GroupID":"1","txt_TransOrder":"47","txt_Azimuth":"58.869999999999997","txt_ShrCount":"5","txt_TCD":"23000.000000000000000","txt_SHAPE_Leng":"500.000000000999989","txt_SCE":"35.079999999999998","txt_NSM":"2.450000000000000","txt_EPR":"0.100000000000000","txt_EPRunc":"1.750000000000000","txt_LRR":"0.780000000000000","txt_LR2":"0.480000000000000","txt_LSE":"10.770000000000000","txt_LCI90":"1.100000000000000","txt_WLR":"0.780000000000000","txt_WR2":"0.480000000000000","txt_WSE":"0.360000000000000","txt_WCI90":"1.100000000000000","txt_Shape_Length":"500.000016398865682","source_feature_index":76,"published_primary_rate_field":"LRR","published_primary_rate_m_per_year":0.78,"dashboard_rate_class":"ACCRETION","dashboard_classification_note":"Display convention only; source numeric value is preserved. Not an official DMCR class.","published_period":"1990-2019","published_dataset":"Shoreline ThaiCoast / Krabi_Points"},"geometry":{"type":"Point","coordinates":[99.06562545320986,7.500619006878978]}},{"type":"Feature","id":77,"properties":{"OBJECTID":48,"TransectID":48,"BaselineID":1,"GroupID":1,"TransOrder":48,"Azimuth":32.13,"ShrCount":6,"TCD":23500.0,"SHAPE_Leng":499.999999998,"SCE":38.57,"NSM":-29.09,"EPR":-1.2,"EPRunc":1.75,"LRR":-0.19,"LR2":0.02,"LSE":16.69,"LCI90":1.41,"WLR":-0.19,"WR2":0.02,"WSE":0.56,"WCI90":1.41,"Shape_Le_1":500.000005967,"ORIG_FID":40,"txt_OBJECTID_1":"40","txt_OBJECTID":"48","txt_TransectID":"48","txt_BaselineID":"1","txt_GroupID":"1","txt_TransOrder":"48","txt_Azimuth":"32.130000000000003","txt_ShrCount":"6","txt_TCD":"23500.000000000000000","txt_SHAPE_Leng":"499.999999998000021","txt_SCE":"38.570000000000000","txt_NSM":"-29.090000000000000","txt_EPR":"-1.200000000000000","txt_EPRunc":"1.750000000000000","txt_LRR":"-0.190000000000000","txt_LR2":"0.020000000000000","txt_LSE":"16.690000000000001","txt_LCI90":"1.410000000000000","txt_WLR":"-0.190000000000000","txt_WR2":"0.020000000000000","txt_WSE":"0.560000000000000","txt_WCI90":"1.410000000000000","txt_Shape_Length":"500.000005967186610","source_feature_index":77,"published_primary_rate_field":"LRR","published_primary_rate_m_per_year":-0.19,"dashboard_rate_class":"RELATIVELY_STABLE","dashboard_classification_note":"Display convention only; source numeric value is preserved. Not an official DMCR class.","published_period":"1990-2019","published_dataset":"Shoreline ThaiCoast / Krabi_Points"},"geometry":{"type":"Point","coordinates":[99.06836857016685,7.496087812786543]}},{"type":"Feature","id":78,"properties":{"OBJECTID":49,"TransectID":49,"BaselineID":1,"GroupID":1,"TransOrder":49,"Azimuth":30.12,"ShrCount":6,"TCD":24000.0,"SHAPE_Leng":499.999999993,"SCE":34.85,"NSM":-34.85,"EPR":-1.43,"EPRunc":1.75,"LRR":-1.02,"LR2":0.68,"LSE":8.72,"LCI90":0.74,"WLR":-1.02,"WR2":0.68,"WSE":0.29,"WCI90":0.74,"Shape_Le_1":500.000086527,"ORIG_FID":41,"txt_OBJECTID_1":"41","txt_OBJECTID":"49","txt_TransectID":"49","txt_BaselineID":"1","txt_GroupID":"1","txt_TransOrder":"49","txt_Azimuth":"30.120000000000001","txt_ShrCount":"6","txt_TCD":"24000.000000000000000","txt_SHAPE_Leng":"499.999999993000017","txt_SCE":"34.850000000000001","txt_NSM":"-34.850000000000001","txt_EPR":"-1.430000000000000","txt_EPRunc":"1.750000000000000","txt_LRR":"-1.020000000000000","txt_LR2":"0.680000000000000","txt_LSE":"8.720000000000001","txt_LCI90":"0.740000000000000","txt_WLR":"-1.020000000000000","txt_WR2":"0.680000000000000","txt_WSE":"0.290000000000000","txt_WCI90":"0.740000000000000","txt_Shape_Length":"500.000086527339249","source_feature_index":78,"published_primary_rate_field":"LRR","published_primary_rate_m_per_year":-1.02,"dashboard_rate_class":"RETREAT","dashboard_classification_note":"Display convention only; source numeric value is preserved. Not an official DMCR class.","published_period":"1990-2019","published_dataset":"Shoreline ThaiCoast / Krabi_Points"},"geometry":{"type":"Point","coordinates":[99.07225170154113,7.496180493952827]}},{"type":"Feature","id":79,"properties":{"OBJECTID":50,"TransectID":50,"BaselineID":1,"GroupID":1,"TransOrder":50,"Azimuth":64.18,"ShrCount":6,"TCD":24500.0,"SHAPE_Leng":499.999999999,"SCE":27.91,"NSM":-8.69,"EPR":-0.36,"EPRunc":1.75,"LRR":0.16,"LR2":0.03,"LSE":11.25,"LCI90":0.95,"WLR":0.16,"WR2":0.03,"WSE":0.37,"WCI90":0.95,"Shape_Le_1":500.000033184,"ORIG_FID":42,"txt_OBJECTID_1":"42","txt_OBJECTID":"50","txt_TransectID":"50","txt_BaselineID":"1","txt_GroupID":"1","txt_TransOrder":"50","txt_Azimuth":"64.180000000000007","txt_ShrCount":"6","txt_TCD":"24500.000000000000000","txt_SHAPE_Leng":"499.999999999000011","txt_SCE":"27.910000000000000","txt_NSM":"-8.690000000000000","txt_EPR":"-0.360000000000000","txt_EPRunc":"1.750000000000000","txt_LRR":"0.160000000000000","txt_LR2":"0.030000000000000","txt_LSE":"11.250000000000000","txt_LCI90":"0.950000000000000","txt_WLR":"0.160000000000000","txt_WR2":"0.030000000000000","txt_WSE":"0.370000000000000","txt_WCI90":"0.950000000000000","txt_Shape_Length":"500.000033183886728","source_feature_index":79,"published_primary_rate_field":"LRR","published_primary_rate_m_per_year":0.16,"dashboard_rate_class":"RELATIVELY_STABLE","dashboard_classification_note":"Display convention only; source numeric value is preserved. Not an official DMCR class.","published_period":"1990-2019","published_dataset":"Shoreline ThaiCoast / Krabi_Points"},"geometry":{"type":"Point","coordinates":[99.07378657139947,7.493396372014672]}},{"type":"Feature","id":80,"properties":{"OBJECTID":51,"TransectID":51,"BaselineID":1,"GroupID":1,"TransOrder":51,"Azimuth":55.73,"ShrCount":6,"TCD":25000.0,"SHAPE_Leng":499.999999997,"SCE":30.14,"NSM":-26.49,"EPR":-1.09,"EPRunc":1.75,"LRR":-0.22,"LR2":0.03,"LSE":14.49,"LCI90":1.23,"WLR":-0.22,"WR2":0.03,"WSE":0.48,"WCI90":1.23,"Shape_Le_1":500.000001716,"ORIG_FID":43,"txt_OBJECTID_1":"43","txt_OBJECTID":"51","txt_TransectID":"51","txt_BaselineID":"1","txt_GroupID":"1","txt_TransOrder":"51","txt_Azimuth":"55.729999999999997","txt_ShrCount":"6","txt_TCD":"25000.000000000000000","txt_SHAPE_Leng":"499.999999996999975","txt_SCE":"30.140000000000001","txt_NSM":"-26.489999999999998","txt_EPR":"-1.090000000000000","txt_EPRunc":"1.750000000000000","txt_LRR":"-0.220000000000000","txt_LR2":"0.030000000000000","txt_LSE":"14.490000000000000","txt_LCI90":"1.230000000000000","txt_WLR":"-0.220000000000000","txt_WR2":"0.030000000000000","txt_WSE":"0.480000000000000","txt_WCI90":"1.230000000000000","txt_Shape_Length":"500.000001716276188","source_feature_index":80,"published_primary_rate_field":"LRR","published_primary_rate_m_per_year":-0.22,"dashboard_rate_class":"RELATIVELY_STABLE","dashboard_classification_note":"Display convention only; source numeric value is preserved. Not an official DMCR class.","published_period":"1990-2019","published_dataset":"Shoreline ThaiCoast / Krabi_Points"},"geometry":{"type":"Point","coordinates":[99.07538441096219,7.488881906055443]}},{"type":"Feature","id":81,"properties":{"OBJECTID":52,"TransectID":52,"BaselineID":1,"GroupID":1,"TransOrder":52,"Azimuth":30.47,"ShrCount":6,"TCD":25500.0,"SHAPE_Leng":500.000000002,"SCE":39.18,"NSM":-14.63,"EPR":-0.6,"EPRunc":1.75,"LRR":0.1,"LR2":0.01,"LSE":15.5,"LCI90":1.31,"WLR":0.1,"WR2":0.01,"WSE":0.52,"WCI90":1.31,"Shape_Le_1":499.999956807,"ORIG_FID":44,"txt_OBJECTID_1":"44","txt_OBJECTID":"52","txt_TransectID":"52","txt_BaselineID":"1","txt_GroupID":"1","txt_TransOrder":"52","txt_Azimuth":"30.469999999999999","txt_ShrCount":"6","txt_TCD":"25500.000000000000000","txt_SHAPE_Leng":"500.000000001999979","txt_SCE":"39.180000000000000","txt_NSM":"-14.630000000000001","txt_EPR":"-0.600000000000000","txt_EPRunc":"1.750000000000000","txt_LRR":"0.100000000000000","txt_LR2":"0.010000000000000","txt_LSE":"15.500000000000000","txt_LCI90":"1.310000000000000","txt_WLR":"0.100000000000000","txt_WR2":"0.010000000000000","txt_WSE":"0.520000000000000","txt_WCI90":"1.310000000000000","txt_Shape_Length":"499.999956806653302","source_feature_index":81,"published_primary_rate_field":"LRR","published_primary_rate_m_per_year":0.1,"dashboard_rate_class":"RELATIVELY_STABLE","dashboard_classification_note":"Display convention only; source numeric value is preserved. Not an official DMCR class.","published_period":"1990-2019","published_dataset":"Shoreline ThaiCoast / Krabi_Points"},"geometry":{"type":"Point","coordinates":[99.07928516237965,7.485681258654528]}},{"type":"Feature","id":82,"properties":{"OBJECTID":53,"TransectID":53,"BaselineID":1,"GroupID":1,"TransOrder":53,"Azimuth":32.65,"ShrCount":6,"TCD":26000.0,"SHAPE_Leng":499.999999999,"SCE":26.15,"NSM":-15.61,"EPR":-0.64,"EPRunc":1.75,"LRR":-0.05,"LR2":0.0,"LSE":11.43,"LCI90":0.97,"WLR":-0.05,"WR2":0.0,"WSE":0.38,"WCI90":0.97,"Shape_Le_1":500.000023344,"ORIG_FID":45,"txt_OBJECTID_1":"45","txt_OBJECTID":"53","txt_TransectID":"53","txt_BaselineID":"1","txt_GroupID":"1","txt_TransOrder":"53","txt_Azimuth":"32.649999999999999","txt_ShrCount":"6","txt_TCD":"26000.000000000000000","txt_SHAPE_Leng":"499.999999999000011","txt_SCE":"26.149999999999999","txt_NSM":"-15.609999999999999","txt_EPR":"-0.640000000000000","txt_EPRunc":"1.750000000000000","txt_LRR":"-0.050000000000000","txt_LR2":"0.000000000000000","txt_LSE":"11.430000000000000","txt_LCI90":"0.970000000000000","txt_WLR":"-0.050000000000000","txt_WR2":"0.000000000000000","txt_WSE":"0.380000000000000","txt_WCI90":"0.970000000000000","txt_Shape_Length":"500.000023343932071","source_feature_index":82,"published_primary_rate_field":"LRR","published_primary_rate_m_per_year":-0.05,"dashboard_rate_class":"RELATIVELY_STABLE","dashboard_classification_note":"Display convention only; source numeric value is preserved. Not an official DMCR class.","published_period":"1990-2019","published_dataset":"Shoreline ThaiCoast / Krabi_Points"},"geometry":{"type":"Point","coordinates":[99.0829278780317,7.4842020175301185]}},{"type":"Feature","id":83,"properties":{"OBJECTID":54,"TransectID":54,"BaselineID":1,"GroupID":1,"TransOrder":54,"Azimuth":45.6,"ShrCount":5,"TCD":26500.0,"SHAPE_Leng":500.0,"SCE":45.79,"NSM":-43.14,"EPR":-1.78,"EPRunc":1.75,"LRR":-1.39,"LR2":0.83,"LSE":8.79,"LCI90":0.84,"WLR":-1.39,"WR2":0.83,"WSE":0.29,"WCI90":0.84,"Shape_Le_1":499.999977651,"ORIG_FID":46,"txt_OBJECTID_1":"46","txt_OBJECTID":"54","txt_TransectID":"54","txt_BaselineID":"1","txt_GroupID":"1","txt_TransOrder":"54","txt_Azimuth":"45.600000000000001","txt_ShrCount":"5","txt_TCD":"26500.000000000000000","txt_SHAPE_Leng":"500.000000000000000","txt_SCE":"45.789999999999999","txt_NSM":"-43.140000000000001","txt_EPR":"-1.780000000000000","txt_EPRunc":"1.750000000000000","txt_LRR":"-1.390000000000000","txt_LR2":"0.830000000000000","txt_LSE":"8.789999999999999","txt_LCI90":"0.840000000000000","txt_WLR":"-1.390000000000000","txt_WR2":"0.830000000000000","txt_WSE":"0.290000000000000","txt_WCI90":"0.840000000000000","txt_Shape_Length":"499.999977650889548","source_feature_index":83,"published_primary_rate_field":"LRR","published_primary_rate_m_per_year":-1.39,"dashboard_rate_class":"RETREAT","dashboard_classification_note":"Display convention only; source numeric value is preserved. Not an official DMCR class.","published_period":"1990-2019","published_dataset":"Shoreline ThaiCoast / Krabi_Points"},"geometry":{"type":"Point","coordinates":[99.08535975383143,7.481861943958361]}},{"type":"Feature","id":84,"properties":{"OBJECTID":55,"TransectID":55,"BaselineID":1,"GroupID":1,"TransOrder":55,"Azimuth":61.86,"ShrCount":5,"TCD":27000.0,"SHAPE_Leng":500.0,"SCE":24.22,"NSM":-0.1,"EPR":-0.0,"EPRunc":1.75,"LRR":0.35,"LR2":0.17,"LSE":10.2,"LCI90":1.04,"WLR":0.35,"WR2":0.17,"WSE":0.34,"WCI90":1.04,"Shape_Le_1":499.999967757,"ORIG_FID":47,"txt_OBJECTID_1":"47","txt_OBJECTID":"55","txt_TransectID":"55","txt_BaselineID":"1","txt_GroupID":"1","txt_TransOrder":"55","txt_Azimuth":"61.859999999999999","txt_ShrCount":"5","txt_TCD":"27000.000000000000000","txt_SHAPE_Leng":"500.000000000000000","txt_SCE":"24.219999999999999","txt_NSM":"-0.100000000000000","txt_EPR":"-0.000000000000000","txt_EPRunc":"1.750000000000000","txt_LRR":"0.350000000000000","txt_LR2":"0.170000000000000","txt_LSE":"10.199999999999999","txt_LCI90":"1.040000000000000","txt_WLR":"0.350000000000000","txt_WR2":"0.170000000000000","txt_WSE":"0.340000000000000","txt_WCI90":"1.040000000000000","txt_Shape_Length":"499.999967757333764","source_feature_index":84,"published_primary_rate_field":"LRR","published_primary_rate_m_per_year":0.35,"dashboard_rate_class":"RELATIVELY_STABLE","dashboard_classification_note":"Display convention only; source numeric value is preserved. Not an official DMCR class.","published_period":"1990-2019","published_dataset":"Shoreline ThaiCoast / Krabi_Points"},"geometry":{"type":"Point","coordinates":[99.08784880850978,7.479232557116782]}},{"type":"Feature","id":85,"properties":{"OBJECTID":56,"TransectID":56,"BaselineID":1,"GroupID":1,"TransOrder":56,"Azimuth":65.44,"ShrCount":6,"TCD":27500.0,"SHAPE_Leng":500.0,"SCE":78.3,"NSM":30.48,"EPR":1.25,"EPRunc":1.75,"LRR":1.69,"LR2":0.48,"LSE":22.14,"LCI90":1.87,"WLR":1.69,"WR2":0.48,"WSE":0.74,"WCI90":1.87,"Shape_Le_1":500.000018535,"ORIG_FID":48,"txt_OBJECTID_1":"48","txt_OBJECTID":"56","txt_TransectID":"56","txt_BaselineID":"1","txt_GroupID":"1","txt_TransOrder":"56","txt_Azimuth":"65.439999999999998","txt_ShrCount":"6","txt_TCD":"27500.000000000000000","txt_SHAPE_Leng":"500.000000000000000","txt_SCE":"78.299999999999997","txt_NSM":"30.480000000000000","txt_EPR":"1.250000000000000","txt_EPRunc":"1.750000000000000","txt_LRR":"1.690000000000000","txt_LR2":"0.480000000000000","txt_LSE":"22.140000000000001","txt_LCI90":"1.870000000000000","txt_WLR":"1.690000000000000","txt_WR2":"0.480000000000000","txt_WSE":"0.740000000000000","txt_WCI90":"1.870000000000000","txt_Shape_Length":"500.000018535168465","source_feature_index":85,"published_primary_rate_field":"LRR","published_primary_rate_m_per_year":1.69,"dashboard_rate_class":"ACCRETION","dashboard_classification_note":"Display convention only; source numeric value is preserved. Not an official DMCR class.","published_period":"1990-2019","published_dataset":"Shoreline ThaiCoast / Krabi_Points"},"geometry":{"type":"Point","coordinates":[99.08886730694428,7.475131821990887]}},{"type":"Feature","id":86,"properties":{"OBJECTID":57,"TransectID":57,"BaselineID":1,"GroupID":1,"TransOrder":57,"Azimuth":38.04,"ShrCount":5,"TCD":28000.0,"SHAPE_Leng":499.999999999,"SCE":23.34,"NSM":-15.08,"EPR":-0.62,"EPRunc":1.75,"LRR":-0.07,"LR2":0.01,"LSE":11.46,"LCI90":1.1,"WLR":-0.07,"WR2":0.01,"WSE":0.38,"WCI90":1.1,"Shape_Le_1":500.000013709,"ORIG_FID":49,"txt_OBJECTID_1":"49","txt_OBJECTID":"57","txt_TransectID":"57","txt_BaselineID":"1","txt_GroupID":"1","txt_TransOrder":"57","txt_Azimuth":"38.039999999999999","txt_ShrCount":"5","txt_TCD":"28000.000000000000000","txt_SHAPE_Leng":"499.999999999000011","txt_SCE":"23.340000000000000","txt_NSM":"-15.080000000000000","txt_EPR":"-0.620000000000000","txt_EPRunc":"1.750000000000000","txt_LRR":"-0.070000000000000","txt_LR2":"0.010000000000000","txt_LSE":"11.460000000000001","txt_LCI90":"1.100000000000000","txt_WLR":"-0.070000000000000","txt_WR2":"0.010000000000000","txt_WSE":"0.380000000000000","txt_WCI90":"1.100000000000000","txt_Shape_Length":"500.000013708510835","source_feature_index":86,"published_primary_rate_field":"LRR","published_primary_rate_m_per_year":-0.07,"dashboard_rate_class":"RELATIVELY_STABLE","dashboard_classification_note":"Display convention only; source numeric value is preserved. Not an official DMCR class.","published_period":"1990-2019","published_dataset":"Shoreline ThaiCoast / Krabi_Points"},"geometry":{"type":"Point","coordinates":[99.0916163253454,7.471601428380387]}},{"type":"Feature","id":87,"properties":{"OBJECTID":58,"TransectID":58,"BaselineID":1,"GroupID":1,"TransOrder":58,"Azimuth":20.43,"ShrCount":5,"TCD":28500.0,"SHAPE_Leng":500.000000002,"SCE":32.5,"NSM":-25.44,"EPR":-1.05,"EPRunc":1.75,"LRR":-0.37,"LR2":0.11,"LSE":13.83,"LCI90":1.41,"WLR":-0.37,"WR2":0.11,"WSE":0.46,"WCI90":1.41,"Shape_Le_1":500.000017217,"ORIG_FID":50,"txt_OBJECTID_1":"50","txt_OBJECTID":"58","txt_TransectID":"58","txt_BaselineID":"1","txt_GroupID":"1","txt_TransOrder":"58","txt_Azimuth":"20.430000000000000","txt_ShrCount":"5","txt_TCD":"28500.000000000000000","txt_SHAPE_Leng":"500.000000001999979","txt_SCE":"32.500000000000000","txt_NSM":"-25.440000000000001","txt_EPR":"-1.050000000000000","txt_EPRunc":"1.750000000000000","txt_LRR":"-0.370000000000000","txt_LR2":"0.110000000000000","txt_LSE":"13.830000000000000","txt_LCI90":"1.410000000000000","txt_WLR":"-0.370000000000000","txt_WR2":"0.110000000000000","txt_WSE":"0.460000000000000","txt_WCI90":"1.410000000000000","txt_Shape_Length":"500.000017216734932","source_feature_index":87,"published_primary_rate_field":"LRR","published_primary_rate_m_per_year":-0.37,"dashboard_rate_class":"RELATIVELY_STABLE","dashboard_classification_note":"Display convention only; source numeric value is preserved. Not an official DMCR class.","published_period":"1990-2019","published_dataset":"Shoreline ThaiCoast / Krabi_Points"},"geometry":{"type":"Point","coordinates":[99.0958219516677,7.469511347232829]}},{"type":"Feature","id":88,"properties":{"OBJECTID":59,"TransectID":59,"BaselineID":1,"GroupID":1,"TransOrder":59,"Azimuth":349.07,"ShrCount":5,"TCD":29000.0,"SHAPE_Leng":500.000000004,"SCE":43.15,"NSM":-39.73,"EPR":-1.64,"EPRunc":1.75,"LRR":-1.31,"LR2":0.73,"LSE":10.72,"LCI90":1.09,"WLR":-1.31,"WR2":0.73,"WSE":0.36,"WCI90":1.09,"Shape_Le_1":499.999941473,"ORIG_FID":51,"txt_OBJECTID_1":"51","txt_OBJECTID":"59","txt_TransectID":"59","txt_BaselineID":"1","txt_GroupID":"1","txt_TransOrder":"59","txt_Azimuth":"349.069999999999993","txt_ShrCount":"5","txt_TCD":"29000.000000000000000","txt_SHAPE_Leng":"500.000000004000015","txt_SCE":"43.149999999999999","txt_NSM":"-39.729999999999997","txt_EPR":"-1.640000000000000","txt_EPRunc":"1.750000000000000","txt_LRR":"-1.310000000000000","txt_LR2":"0.730000000000000","txt_LSE":"10.720000000000001","txt_LCI90":"1.090000000000000","txt_WLR":"-1.310000000000000","txt_WR2":"0.730000000000000","txt_WSE":"0.360000000000000","txt_WCI90":"1.090000000000000","txt_Shape_Length":"499.999941472949558","source_feature_index":88,"published_primary_rate_field":"LRR","published_primary_rate_m_per_year":-1.31,"dashboard_rate_class":"RETREAT","dashboard_classification_note":"Display convention only; source numeric value is preserved. Not an official DMCR class.","published_period":"1990-2019","published_dataset":"Shoreline ThaiCoast / Krabi_Points"},"geometry":{"type":"Point","coordinates":[99.1007529999283,7.468442051128867]}},{"type":"Feature","id":89,"properties":{"OBJECTID":60,"TransectID":60,"BaselineID":1,"GroupID":1,"TransOrder":60,"Azimuth":301.03,"ShrCount":6,"TCD":29500.0,"SHAPE_Leng":500.0,"SCE":34.72,"NSM":-29.68,"EPR":-1.22,"EPRunc":1.75,"LRR":-1.32,"LR2":0.95,"LSE":3.93,"LCI90":0.33,"WLR":-1.32,"WR2":0.95,"WSE":0.13,"WCI90":0.33,"Shape_Le_1":500.000015856,"ORIG_FID":52,"txt_OBJECTID_1":"52","txt_OBJECTID":"60","txt_TransectID":"60","txt_BaselineID":"1","txt_GroupID":"1","txt_TransOrder":"60","txt_Azimuth":"301.029999999999973","txt_ShrCount":"6","txt_TCD":"29500.000000000000000","txt_SHAPE_Leng":"500.000000000000000","txt_SCE":"34.719999999999999","txt_NSM":"-29.680000000000000","txt_EPR":"-1.220000000000000","txt_EPRunc":"1.750000000000000","txt_LRR":"-1.320000000000000","txt_LR2":"0.950000000000000","txt_LSE":"3.930000000000000","txt_LCI90":"0.330000000000000","txt_WLR":"-1.320000000000000","txt_WR2":"0.950000000000000","txt_WSE":"0.130000000000000","txt_WCI90":"0.330000000000000","txt_Shape_Length":"500.000015856049060","source_feature_index":89,"published_primary_rate_field":"LRR","published_primary_rate_m_per_year":-1.32,"dashboard_rate_class":"RETREAT","dashboard_classification_note":"Display convention only; source numeric value is preserved. Not an official DMCR class.","published_period":"1990-2019","published_dataset":"Shoreline ThaiCoast / Krabi_Points"},"geometry":{"type":"Point","coordinates":[99.10539281761855,7.471780491311817]}},{"type":"Feature","id":90,"properties":{"OBJECTID":61,"TransectID":61,"BaselineID":1,"GroupID":1,"TransOrder":61,"Azimuth":295.4,"ShrCount":5,"TCD":30000.0,"SHAPE_Leng":499.999999998,"SCE":27.54,"NSM":-24.56,"EPR":-1.01,"EPRunc":1.75,"LRR":-0.97,"LR2":0.91,"LSE":4.18,"LCI90":0.43,"WLR":-0.97,"WR2":0.91,"WSE":0.14,"WCI90":0.43,"Shape_Le_1":500.000022914,"ORIG_FID":53,"txt_OBJECTID_1":"53","txt_OBJECTID":"61","txt_TransectID":"61","txt_BaselineID":"1","txt_GroupID":"1","txt_TransOrder":"61","txt_Azimuth":"295.399999999999977","txt_ShrCount":"5","txt_TCD":"30000.000000000000000","txt_SHAPE_Leng":"499.999999998000021","txt_SCE":"27.539999999999999","txt_NSM":"-24.559999999999999","txt_EPR":"-1.010000000000000","txt_EPRunc":"1.750000000000000","txt_LRR":"-0.970000000000000","txt_LR2":"0.910000000000000","txt_LSE":"4.180000000000000","txt_LCI90":"0.430000000000000","txt_WLR":"-0.970000000000000","txt_WR2":"0.910000000000000","txt_WSE":"0.140000000000000","txt_WCI90":"0.430000000000000","txt_Shape_Length":"500.000022913664509","source_feature_index":90,"published_primary_rate_field":"LRR","published_primary_rate_m_per_year":-0.97,"dashboard_rate_class":"RETREAT","dashboard_classification_note":"Display convention only; source numeric value is preserved. Not an official DMCR class.","published_period":"1990-2019","published_dataset":"Shoreline ThaiCoast / Krabi_Points"},"geometry":{"type":"Point","coordinates":[99.10638599784627,7.476351149585355]}},{"type":"Feature","id":91,"properties":{"OBJECTID":62,"TransectID":62,"BaselineID":1,"GroupID":1,"TransOrder":62,"Azimuth":298.88,"ShrCount":5,"TCD":30500.0,"SHAPE_Leng":499.999999998,"SCE":46.31,"NSM":-46.31,"EPR":-1.91,"EPRunc":1.75,"LRR":-1.7,"LR2":0.96,"LSE":5.05,"LCI90":0.48,"WLR":-1.7,"WR2":0.96,"WSE":0.17,"WCI90":0.48,"Shape_Le_1":499.999989156,"ORIG_FID":54,"txt_OBJECTID_1":"54","txt_OBJECTID":"62","txt_TransectID":"62","txt_BaselineID":"1","txt_GroupID":"1","txt_TransOrder":"62","txt_Azimuth":"298.879999999999995","txt_ShrCount":"5","txt_TCD":"30500.000000000000000","txt_SHAPE_Leng":"499.999999998000021","txt_SCE":"46.310000000000002","txt_NSM":"-46.310000000000002","txt_EPR":"-1.910000000000000","txt_EPRunc":"1.750000000000000","txt_LRR":"-1.700000000000000","txt_LR2":"0.960000000000000","txt_LSE":"5.050000000000000","txt_LCI90":"0.480000000000000","txt_WLR":"-1.700000000000000","txt_WR2":"0.960000000000000","txt_WSE":"0.170000000000000","txt_WCI90":"0.480000000000000","txt_Shape_Length":"499.999989155989340","source_feature_index":91,"published_primary_rate_field":"LRR","published_primary_rate_m_per_year":-1.7,"dashboard_rate_class":"RETREAT","dashboard_classification_note":"Display convention only; source numeric value is preserved. Not an official DMCR class.","published_period":"1990-2019","published_dataset":"Shoreline ThaiCoast / Krabi_Points"},"geometry":{"type":"Point","coordinates":[99.10897673727902,7.4792917811188815]}},{"type":"Feature","id":92,"properties":{"OBJECTID":63,"TransectID":63,"BaselineID":1,"GroupID":1,"TransOrder":63,"Azimuth":286.74,"ShrCount":7,"TCD":31000.0,"SHAPE_Leng":500.000000002,"SCE":40.4,"NSM":-32.99,"EPR":-1.36,"EPRunc":1.74,"LRR":-1.33,"LR2":0.9,"LSE":5.36,"LCI90":0.41,"WLR":-1.33,"WR2":0.9,"WSE":0.18,"WCI90":0.41,"Shape_Le_1":499.999961885,"ORIG_FID":55,"txt_OBJECTID_1":"55","txt_OBJECTID":"63","txt_TransectID":"63","txt_BaselineID":"1","txt_GroupID":"1","txt_TransOrder":"63","txt_Azimuth":"286.740000000000009","txt_ShrCount":"7","txt_TCD":"31000.000000000000000","txt_SHAPE_Leng":"500.000000001999979","txt_SCE":"40.399999999999999","txt_NSM":"-32.990000000000002","txt_EPR":"-1.360000000000000","txt_EPRunc":"1.740000000000000","txt_LRR":"-1.330000000000000","txt_LR2":"0.900000000000000","txt_LSE":"5.360000000000000","txt_LCI90":"0.410000000000000","txt_WLR":"-1.330000000000000","txt_WR2":"0.900000000000000","txt_WSE":"0.180000000000000","txt_WCI90":"0.410000000000000","txt_Shape_Length":"499.999961884617562","source_feature_index":92,"published_primary_rate_field":"LRR","published_primary_rate_m_per_year":-1.33,"dashboard_rate_class":"RETREAT","dashboard_classification_note":"Display convention only; source numeric value is preserved. Not an official DMCR class.","published_period":"1990-2019","published_dataset":"Shoreline ThaiCoast / Krabi_Points"},"geometry":{"type":"Point","coordinates":[99.11032871468258,7.483578049314851]}},{"type":"Feature","id":93,"properties":{"OBJECTID":64,"TransectID":64,"BaselineID":1,"GroupID":1,"TransOrder":64,"Azimuth":282.65,"ShrCount":6,"TCD":31500.0,"SHAPE_Leng":499.999999998,"SCE":47.3,"NSM":-43.56,"EPR":-1.79,"EPRunc":1.74,"LRR":-1.54,"LR2":0.89,"LSE":7.29,"LCI90":0.59,"WLR":-1.54,"WR2":0.89,"WSE":0.24,"WCI90":0.59,"Shape_Le_1":499.99993137,"ORIG_FID":56,"txt_OBJECTID_1":"56","txt_OBJECTID":"64","txt_TransectID":"64","txt_BaselineID":"1","txt_GroupID":"1","txt_TransOrder":"64","txt_Azimuth":"282.649999999999977","txt_ShrCount":"6","txt_TCD":"31500.000000000000000","txt_SHAPE_Leng":"499.999999998000021","txt_SCE":"47.299999999999997","txt_NSM":"-43.560000000000002","txt_EPR":"-1.790000000000000","txt_EPRunc":"1.740000000000000","txt_LRR":"-1.540000000000000","txt_LR2":"0.890000000000000","txt_LSE":"7.290000000000000","txt_LCI90":"0.590000000000000","txt_WLR":"-1.540000000000000","txt_WR2":"0.890000000000000","txt_WSE":"0.240000000000000","txt_WCI90":"0.590000000000000","txt_Shape_Length":"499.999931369870751","source_feature_index":93,"published_primary_rate_field":"LRR","published_primary_rate_m_per_year":-1.54,"dashboard_rate_class":"RETREAT","dashboard_classification_note":"Display convention only; source numeric value is preserved. Not an official DMCR class.","published_period":"1990-2019","published_dataset":"Shoreline ThaiCoast / Krabi_Points"},"geometry":{"type":"Point","coordinates":[99.1115784040582,7.4877637470246645]}},{"type":"Feature","id":94,"properties":{"OBJECTID":65,"TransectID":65,"BaselineID":1,"GroupID":1,"TransOrder":65,"Azimuth":270.35,"ShrCount":7,"TCD":32000.0,"SHAPE_Leng":500.0,"SCE":17.28,"NSM":-8.63,"EPR":-0.35,"EPRunc":1.74,"LRR":-0.38,"LR2":0.45,"LSE":5.08,"LCI90":0.39,"WLR":-0.38,"WR2":0.45,"WSE":0.17,"WCI90":0.39,"Shape_Le_1":500.000015047,"ORIG_FID":57,"txt_OBJECTID_1":"57","txt_OBJECTID":"65","txt_TransectID":"65","txt_BaselineID":"1","txt_GroupID":"1","txt_TransOrder":"65","txt_Azimuth":"270.350000000000023","txt_ShrCount":"7","txt_TCD":"32000.000000000000000","txt_SHAPE_Leng":"500.000000000000000","txt_SCE":"17.280000000000001","txt_NSM":"-8.630000000000001","txt_EPR":"-0.350000000000000","txt_EPRunc":"1.740000000000000","txt_LRR":"-0.380000000000000","txt_LR2":"0.450000000000000","txt_LSE":"5.080000000000000","txt_LCI90":"0.390000000000000","txt_WLR":"-0.380000000000000","txt_WR2":"0.450000000000000","txt_WSE":"0.170000000000000","txt_WCI90":"0.390000000000000","txt_Shape_Length":"500.000015047241050","source_feature_index":94,"published_primary_rate_field":"LRR","published_primary_rate_m_per_year":-0.38,"dashboard_rate_class":"RELATIVELY_STABLE","dashboard_classification_note":"Display convention only; source numeric value is preserved. Not an official DMCR class.","published_period":"1990-2019","published_dataset":"Shoreline ThaiCoast / Krabi_Points"},"geometry":{"type":"Point","coordinates":[99.11222523800684,7.492215337972525]}},{"type":"Feature","id":95,"properties":{"OBJECTID":66,"TransectID":66,"BaselineID":1,"GroupID":1,"TransOrder":66,"Azimuth":252.49,"ShrCount":6,"TCD":32500.0,"SHAPE_Leng":500.000000003,"SCE":17.89,"NSM":-11.12,"EPR":-0.46,"EPRunc":1.74,"LRR":-0.51,"LR2":0.71,"LSE":4.33,"LCI90":0.35,"WLR":-0.51,"WR2":0.71,"WSE":0.14,"WCI90":0.35,"Shape_Le_1":499.999989586,"ORIG_FID":58,"txt_OBJECTID_1":"58","txt_OBJECTID":"66","txt_TransectID":"66","txt_BaselineID":"1","txt_GroupID":"1","txt_TransOrder":"66","txt_Azimuth":"252.490000000000009","txt_ShrCount":"6","txt_TCD":"32500.000000000000000","txt_SHAPE_Leng":"500.000000003000025","txt_SCE":"17.890000000000001","txt_NSM":"-11.119999999999999","txt_EPR":"-0.460000000000000","txt_EPRunc":"1.740000000000000","txt_LRR":"-0.510000000000000","txt_LR2":"0.710000000000000","txt_LSE":"4.330000000000000","txt_LCI90":"0.350000000000000","txt_WLR":"-0.510000000000000","txt_WR2":"0.710000000000000","txt_WSE":"0.140000000000000","txt_WCI90":"0.350000000000000","txt_Shape_Length":"499.999989586203071","source_feature_index":95,"published_primary_rate_field":"LRR","published_primary_rate_m_per_year":-0.51,"dashboard_rate_class":"RETREAT","dashboard_classification_note":"Display convention only; source numeric value is preserved. Not an official DMCR class.","published_period":"1990-2019","published_dataset":"Shoreline ThaiCoast / Krabi_Points"},"geometry":{"type":"Point","coordinates":[99.11158138566724,7.497307301258168]}},{"type":"Feature","id":96,"properties":{"OBJECTID":67,"TransectID":67,"BaselineID":1,"GroupID":1,"TransOrder":67,"Azimuth":247.22,"ShrCount":7,"TCD":33000.0,"SHAPE_Leng":499.999999999,"SCE":23.72,"NSM":-20.48,"EPR":-0.84,"EPRunc":1.74,"LRR":-0.6,"LR2":0.57,"LSE":6.19,"LCI90":0.47,"WLR":-0.6,"WR2":0.57,"WSE":0.21,"WCI90":0.47,"Shape_Le_1":500.000007897,"ORIG_FID":59,"txt_OBJECTID_1":"59","txt_OBJECTID":"67","txt_TransectID":"67","txt_BaselineID":"1","txt_GroupID":"1","txt_TransOrder":"67","txt_Azimuth":"247.219999999999999","txt_ShrCount":"7","txt_TCD":"33000.000000000000000","txt_SHAPE_Leng":"499.999999999000011","txt_SCE":"23.719999999999999","txt_NSM":"-20.480000000000000","txt_EPR":"-0.840000000000000","txt_EPRunc":"1.740000000000000","txt_LRR":"-0.600000000000000","txt_LR2":"0.570000000000000","txt_LSE":"6.190000000000000","txt_LCI90":"0.470000000000000","txt_WLR":"-0.600000000000000","txt_WR2":"0.570000000000000","txt_WSE":"0.210000000000000","txt_WCI90":"0.470000000000000","txt_Shape_Length":"500.000007896969635","source_feature_index":96,"published_primary_rate_field":"LRR","published_primary_rate_m_per_year":-0.6,"dashboard_rate_class":"RETREAT","dashboard_classification_note":"Display convention only; source numeric value is preserved. Not an official DMCR class.","published_period":"1990-2019","published_dataset":"Shoreline ThaiCoast / Krabi_Points"},"geometry":{"type":"Point","coordinates":[99.10943858385535,7.5013670967745565]}},{"type":"Feature","id":97,"properties":{"OBJECTID":68,"TransectID":68,"BaselineID":1,"GroupID":1,"TransOrder":68,"Azimuth":243.78,"ShrCount":7,"TCD":33500.0,"SHAPE_Leng":500.000000002,"SCE":12.88,"NSM":1.83,"EPR":0.08,"EPRunc":1.74,"LRR":0.11,"LR2":0.08,"LSE":4.53,"LCI90":0.34,"WLR":0.11,"WR2":0.08,"WSE":0.15,"WCI90":0.34,"Shape_Le_1":500.000045911,"ORIG_FID":60,"txt_OBJECTID_1":"60","txt_OBJECTID":"68","txt_TransectID":"68","txt_BaselineID":"1","txt_GroupID":"1","txt_TransOrder":"68","txt_Azimuth":"243.780000000000001","txt_ShrCount":"7","txt_TCD":"33500.000000000000000","txt_SHAPE_Leng":"500.000000001999979","txt_SCE":"12.880000000000001","txt_NSM":"1.830000000000000","txt_EPR":"0.080000000000000","txt_EPRunc":"1.740000000000000","txt_LRR":"0.110000000000000","txt_LR2":"0.080000000000000","txt_LSE":"4.530000000000000","txt_LCI90":"0.340000000000000","txt_WLR":"0.110000000000000","txt_WR2":"0.080000000000000","txt_WSE":"0.150000000000000","txt_WCI90":"0.340000000000000","txt_Shape_Length":"500.000045910983090","source_feature_index":97,"published_primary_rate_field":"LRR","published_primary_rate_m_per_year":0.11,"dashboard_rate_class":"RELATIVELY_STABLE","dashboard_classification_note":"Display convention only; source numeric value is preserved. Not an official DMCR class.","published_period":"1990-2019","published_dataset":"Shoreline ThaiCoast / Krabi_Points"},"geometry":{"type":"Point","coordinates":[99.10807461491508,7.505661605758119]}},{"type":"Feature","id":98,"properties":{"OBJECTID":69,"TransectID":69,"BaselineID":1,"GroupID":1,"TransOrder":69,"Azimuth":239.19,"ShrCount":7,"TCD":34000.0,"SHAPE_Leng":499.999999997,"SCE":11.43,"NSM":-1.47,"EPR":-0.06,"EPRunc":1.74,"LRR":-0.01,"LR2":0.0,"LSE":4.38,"LCI90":0.33,"WLR":-0.01,"WR2":0.0,"WSE":0.15,"WCI90":0.33,"Shape_Le_1":500.000053132,"ORIG_FID":61,"txt_OBJECTID_1":"61","txt_OBJECTID":"69","txt_TransectID":"69","txt_BaselineID":"1","txt_GroupID":"1","txt_TransOrder":"69","txt_Azimuth":"239.189999999999998","txt_ShrCount":"7","txt_TCD":"34000.000000000000000","txt_SHAPE_Leng":"499.999999996999975","txt_SCE":"11.430000000000000","txt_NSM":"-1.470000000000000","txt_EPR":"-0.060000000000000","txt_EPRunc":"1.740000000000000","txt_LRR":"-0.010000000000000","txt_LR2":"0.000000000000000","txt_LSE":"4.380000000000000","txt_LCI90":"0.330000000000000","txt_WLR":"-0.010000000000000","txt_WR2":"0.000000000000000","txt_WSE":"0.150000000000000","txt_WCI90":"0.330000000000000","txt_Shape_Length":"500.000053131976301","source_feature_index":98,"published_primary_rate_field":"LRR","published_primary_rate_m_per_year":-0.01,"dashboard_rate_class":"RELATIVELY_STABLE","dashboard_classification_note":"Display convention only; source numeric value is preserved. Not an official DMCR class.","published_period":"1990-2019","published_dataset":"Shoreline ThaiCoast / Krabi_Points"},"geometry":{"type":"Point","coordinates":[99.10552966816593,7.509287387279782]}},{"type":"Feature","id":99,"properties":{"OBJECTID":70,"TransectID":70,"BaselineID":1,"GroupID":1,"TransOrder":70,"Azimuth":248.89,"ShrCount":6,"TCD":34500.0,"SHAPE_Leng":499.999999997,"SCE":18.47,"NSM":-12.94,"EPR":-0.57,"EPRunc":1.86,"LRR":-0.4,"LR2":0.22,"LSE":7.51,"LCI90":0.81,"WLR":-0.4,"WR2":0.22,"WSE":0.25,"WCI90":0.81,"Shape_Le_1":499.999955245,"ORIG_FID":62,"txt_OBJECTID_1":"62","txt_OBJECTID":"70","txt_TransectID":"70","txt_BaselineID":"1","txt_GroupID":"1","txt_TransOrder":"70","txt_Azimuth":"248.889999999999986","txt_ShrCount":"6","txt_TCD":"34500.000000000000000","txt_SHAPE_Leng":"499.999999996999975","txt_SCE":"18.469999999999999","txt_NSM":"-12.940000000000000","txt_EPR":"-0.570000000000000","txt_EPRunc":"1.860000000000000","txt_LRR":"-0.400000000000000","txt_LR2":"0.220000000000000","txt_LSE":"7.510000000000000","txt_LCI90":"0.810000000000000","txt_WLR":"-0.400000000000000","txt_WR2":"0.220000000000000","txt_WSE":"0.250000000000000","txt_WCI90":"0.810000000000000","txt_Shape_Length":"499.999955244809883","source_feature_index":99,"published_primary_rate_field":"LRR","published_primary_rate_m_per_year":-0.4,"dashboard_rate_class":"RELATIVELY_STABLE","dashboard_classification_note":"Display convention only; source numeric value is preserved. Not an official DMCR class.","published_period":"1990-2019","published_dataset":"Shoreline ThaiCoast / Krabi_Points"},"geometry":{"type":"Point","coordinates":[99.1037866575481,7.512792745444317]}},{"type":"Feature","id":100,"properties":{"OBJECTID":71,"TransectID":71,"BaselineID":1,"GroupID":1,"TransOrder":71,"Azimuth":257.49,"ShrCount":6,"TCD":35000.0,"SHAPE_Leng":500.000000002,"SCE":33.69,"NSM":-33.69,"EPR":-1.38,"EPRunc":1.74,"LRR":-0.62,"LR2":0.35,"LSE":11.07,"LCI90":0.9,"WLR":-0.62,"WR2":0.35,"WSE":0.37,"WCI90":0.9,"Shape_Le_1":499.999987025,"ORIG_FID":63,"txt_OBJECTID_1":"63","txt_OBJECTID":"71","txt_TransectID":"71","txt_BaselineID":"1","txt_GroupID":"1","txt_TransOrder":"71","txt_Azimuth":"257.490000000000009","txt_ShrCount":"6","txt_TCD":"35000.000000000000000","txt_SHAPE_Leng":"500.000000001999979","txt_SCE":"33.689999999999998","txt_NSM":"-33.689999999999998","txt_EPR":"-1.380000000000000","txt_EPRunc":"1.740000000000000","txt_LRR":"-0.620000000000000","txt_LR2":"0.350000000000000","txt_LSE":"11.070000000000000","txt_LCI90":"0.900000000000000","txt_WLR":"-0.620000000000000","txt_WR2":"0.350000000000000","txt_WSE":"0.370000000000000","txt_WCI90":"0.900000000000000","txt_Shape_Length":"499.999987024816335","source_feature_index":100,"published_primary_rate_field":"LRR","published_primary_rate_m_per_year":-0.62,"dashboard_rate_class":"RETREAT","dashboard_classification_note":"Display convention only; source numeric value is preserved. Not an official DMCR class.","published_period":"1990-2019","published_dataset":"Shoreline ThaiCoast / Krabi_Points"},"geometry":{"type":"Point","coordinates":[99.10279199488245,7.516388532204096]}},{"type":"Feature","id":101,"properties":{"OBJECTID":72,"TransectID":72,"BaselineID":1,"GroupID":1,"TransOrder":72,"Azimuth":243.94,"ShrCount":7,"TCD":35500.0,"SHAPE_Leng":500.0,"SCE":34.06,"NSM":-34.06,"EPR":-1.4,"EPRunc":1.74,"LRR":-0.64,"LR2":0.33,"LSE":10.8,"LCI90":0.82,"WLR":-0.64,"WR2":0.33,"WSE":0.36,"WCI90":0.82,"Shape_Le_1":499.999920548,"ORIG_FID":64,"txt_OBJECTID_1":"64","txt_OBJECTID":"72","txt_TransectID":"72","txt_BaselineID":"1","txt_GroupID":"1","txt_TransOrder":"72","txt_Azimuth":"243.939999999999998","txt_ShrCount":"7","txt_TCD":"35500.000000000000000","txt_SHAPE_Leng":"500.000000000000000","txt_SCE":"34.060000000000002","txt_NSM":"-34.060000000000002","txt_EPR":"-1.400000000000000","txt_EPRunc":"1.740000000000000","txt_LRR":"-0.640000000000000","txt_LR2":"0.330000000000000","txt_LSE":"10.800000000000001","txt_LCI90":"0.820000000000000","txt_WLR":"-0.640000000000000","txt_WR2":"0.330000000000000","txt_WSE":"0.360000000000000","txt_WCI90":"0.820000000000000","txt_Shape_Length":"499.999920547555973","source_feature_index":101,"published_primary_rate_field":"LRR","published_primary_rate_m_per_year":-0.64,"dashboard_rate_class":"RETREAT","dashboard_classification_note":"Display convention only; source numeric value is preserved. Not an official DMCR class.","published_period":"1990-2019","published_dataset":"Shoreline ThaiCoast / Krabi_Points"},"geometry":{"type":"Point","coordinates":[99.10193137035597,7.520974714085616]}},{"type":"Feature","id":102,"properties":{"OBJECTID":73,"TransectID":73,"BaselineID":1,"GroupID":1,"TransOrder":73,"Azimuth":226.49,"ShrCount":6,"TCD":36000.0,"SHAPE_Leng":499.999999997,"SCE":14.31,"NSM":13.54,"EPR":0.56,"EPRunc":1.74,"LRR":0.45,"LR2":0.7,"LSE":3.73,"LCI90":0.32,"WLR":0.45,"WR2":0.7,"WSE":0.12,"WCI90":0.32,"Shape_Le_1":500.000021787,"ORIG_FID":65,"txt_OBJECTID_1":"65","txt_OBJECTID":"73","txt_TransectID":"73","txt_BaselineID":"1","txt_GroupID":"1","txt_TransOrder":"73","txt_Azimuth":"226.490000000000009","txt_ShrCount":"6","txt_TCD":"36000.000000000000000","txt_SHAPE_Leng":"499.999999996999975","txt_SCE":"14.310000000000000","txt_NSM":"13.539999999999999","txt_EPR":"0.560000000000000","txt_EPRunc":"1.740000000000000","txt_LRR":"0.450000000000000","txt_LR2":"0.700000000000000","txt_LSE":"3.730000000000000","txt_LCI90":"0.320000000000000","txt_WLR":"0.450000000000000","txt_WR2":"0.700000000000000","txt_WSE":"0.120000000000000","txt_WCI90":"0.320000000000000","txt_Shape_Length":"500.000021787227467","source_feature_index":102,"published_primary_rate_field":"LRR","published_primary_rate_m_per_year":0.45,"dashboard_rate_class":"RELATIVELY_STABLE","dashboard_classification_note":"Display convention only; source numeric value is preserved. Not an official DMCR class.","published_period":"1990-2019","published_dataset":"Shoreline ThaiCoast / Krabi_Points"},"geometry":{"type":"Point","coordinates":[99.09864334018638,7.524764906449954]}},{"type":"Feature","id":103,"properties":{"OBJECTID":74,"TransectID":74,"BaselineID":1,"GroupID":1,"TransOrder":74,"Azimuth":252.64,"ShrCount":7,"TCD":36500.0,"SHAPE_Leng":500.0,"SCE":84.61,"NSM":65.41,"EPR":2.69,"EPRunc":1.74,"LRR":1.58,"LR2":0.36,"LSE":25.2,"LCI90":1.91,"WLR":1.58,"WR2":0.36,"WSE":0.84,"WCI90":1.91,"Shape_Le_1":499.999977737,"ORIG_FID":66,"txt_OBJECTID_1":"66","txt_OBJECTID":"74","txt_TransectID":"74","txt_BaselineID":"1","txt_GroupID":"1","txt_TransOrder":"74","txt_Azimuth":"252.639999999999986","txt_ShrCount":"7","txt_TCD":"36500.000000000000000","txt_SHAPE_Leng":"500.000000000000000","txt_SCE":"84.609999999999999","txt_NSM":"65.409999999999997","txt_EPR":"2.690000000000000","txt_EPRunc":"1.740000000000000","txt_LRR":"1.580000000000000","txt_LR2":"0.360000000000000","txt_LSE":"25.199999999999999","txt_LCI90":"1.910000000000000","txt_WLR":"1.580000000000000","txt_WR2":"0.360000000000000","txt_WSE":"0.840000000000000","txt_WCI90":"1.910000000000000","txt_Shape_Length":"499.999977736569292","source_feature_index":103,"published_primary_rate_field":"LRR","published_primary_rate_m_per_year":1.58,"dashboard_rate_class":"ACCRETION","dashboard_classification_note":"Display convention only; source numeric value is preserved. Not an official DMCR class.","published_period":"1990-2019","published_dataset":"Shoreline ThaiCoast / Krabi_Points"},"geometry":{"type":"Point","coordinates":[99.09623304397208,7.526783225807735]}},{"type":"Feature","id":104,"properties":{"OBJECTID":75,"TransectID":75,"BaselineID":1,"GroupID":1,"TransOrder":75,"Azimuth":251.58,"ShrCount":7,"TCD":37000.0,"SHAPE_Leng":500.000000002,"SCE":21.44,"NSM":-3.32,"EPR":-0.14,"EPRunc":1.74,"LRR":-0.04,"LR2":0.0,"LSE":9.45,"LCI90":0.72,"WLR":-0.04,"WR2":0.0,"WSE":0.31,"WCI90":0.72,"Shape_Le_1":500.000007759,"ORIG_FID":67,"txt_OBJECTID_1":"67","txt_OBJECTID":"75","txt_TransectID":"75","txt_BaselineID":"1","txt_GroupID":"1","txt_TransOrder":"75","txt_Azimuth":"251.580000000000013","txt_ShrCount":"7","txt_TCD":"37000.000000000000000","txt_SHAPE_Leng":"500.000000001999979","txt_SCE":"21.440000000000001","txt_NSM":"-3.320000000000000","txt_EPR":"-0.140000000000000","txt_EPRunc":"1.740000000000000","txt_LRR":"-0.040000000000000","txt_LR2":"0.000000000000000","txt_LSE":"9.449999999999999","txt_LCI90":"0.720000000000000","txt_WLR":"-0.040000000000000","txt_WR2":"0.000000000000000","txt_WSE":"0.310000000000000","txt_WCI90":"0.720000000000000","txt_Shape_Length":"500.000007759418168","source_feature_index":104,"published_primary_rate_field":"LRR","published_primary_rate_m_per_year":-0.04,"dashboard_rate_class":"RELATIVELY_STABLE","dashboard_classification_note":"Display convention only; source numeric value is preserved. Not an official DMCR class.","published_period":"1990-2019","published_dataset":"Shoreline ThaiCoast / Krabi_Points"},"geometry":{"type":"Point","coordinates":[99.09698519217399,7.530835425570148]}},{"type":"Feature","id":105,"properties":{"OBJECTID":76,"TransectID":76,"BaselineID":1,"GroupID":1,"TransOrder":76,"Azimuth":225.87,"ShrCount":7,"TCD":37500.0,"SHAPE_Leng":500.000000001,"SCE":27.75,"NSM":-8.19,"EPR":-0.34,"EPRunc":1.74,"LRR":0.2,"LR2":0.06,"LSE":9.53,"LCI90":0.72,"WLR":0.2,"WR2":0.06,"WSE":0.32,"WCI90":0.72,"Shape_Le_1":499.999938547,"ORIG_FID":68,"txt_OBJECTID_1":"68","txt_OBJECTID":"76","txt_TransectID":"76","txt_BaselineID":"1","txt_GroupID":"1","txt_TransOrder":"76","txt_Azimuth":"225.870000000000005","txt_ShrCount":"7","txt_TCD":"37500.000000000000000","txt_SHAPE_Leng":"500.000000000999989","txt_SCE":"27.750000000000000","txt_NSM":"-8.190000000000000","txt_EPR":"-0.340000000000000","txt_EPRunc":"1.740000000000000","txt_LRR":"0.200000000000000","txt_LR2":"0.060000000000000","txt_LSE":"9.529999999999999","txt_LCI90":"0.720000000000000","txt_WLR":"0.200000000000000","txt_WR2":"0.060000000000000","txt_WSE":"0.320000000000000","txt_WCI90":"0.720000000000000","txt_Shape_Length":"499.999938546731869","source_feature_index":105,"published_primary_rate_field":"LRR","published_primary_rate_m_per_year":0.2,"dashboard_rate_class":"RELATIVELY_STABLE","dashboard_classification_note":"Display convention only; source numeric value is preserved. Not an official DMCR class.","published_period":"1990-2019","published_dataset":"Shoreline ThaiCoast / Krabi_Points"},"geometry":{"type":"Point","coordinates":[99.09335052341724,7.534719098496568]}},{"type":"Feature","id":106,"properties":{"OBJECTID":77,"TransectID":77,"BaselineID":1,"GroupID":1,"TransOrder":77,"Azimuth":224.17,"ShrCount":7,"TCD":38000.0,"SHAPE_Leng":499.999999999,"SCE":25.41,"NSM":-20.43,"EPR":-0.84,"EPRunc":1.74,"LRR":-0.54,"LR2":0.29,"LSE":10.02,"LCI90":0.76,"WLR":-0.54,"WR2":0.29,"WSE":0.33,"WCI90":0.76,"Shape_Le_1":500.000061877,"ORIG_FID":69,"txt_OBJECTID_1":"69","txt_OBJECTID":"77","txt_TransectID":"77","txt_BaselineID":"1","txt_GroupID":"1","txt_TransOrder":"77","txt_Azimuth":"224.169999999999987","txt_ShrCount":"7","txt_TCD":"38000.000000000000000","txt_SHAPE_Leng":"499.999999999000011","txt_SCE":"25.410000000000000","txt_NSM":"-20.430000000000000","txt_EPR":"-0.840000000000000","txt_EPRunc":"1.740000000000000","txt_LRR":"-0.540000000000000","txt_LR2":"0.290000000000000","txt_LSE":"10.020000000000000","txt_LCI90":"0.760000000000000","txt_WLR":"-0.540000000000000","txt_WR2":"0.290000000000000","txt_WSE":"0.330000000000000","txt_WCI90":"0.760000000000000","txt_Shape_Length":"500.000061877214193","source_feature_index":106,"published_primary_rate_field":"LRR","published_primary_rate_m_per_year":-0.54,"dashboard_rate_class":"RETREAT","dashboard_classification_note":"Display convention only; source numeric value is preserved. Not an official DMCR class.","published_period":"1990-2019","published_dataset":"Shoreline ThaiCoast / Krabi_Points"},"geometry":{"type":"Point","coordinates":[99.09060539193892,7.537721689423568]}},{"type":"Feature","id":107,"properties":{"OBJECTID":78,"TransectID":78,"BaselineID":1,"GroupID":1,"TransOrder":78,"Azimuth":242.32,"ShrCount":6,"TCD":38500.0,"SHAPE_Leng":500.0,"SCE":124.32,"NSM":57.22,"EPR":2.35,"EPRunc":1.74,"LRR":1.59,"LR2":0.13,"LSE":51.63,"LCI90":4.37,"WLR":1.59,"WR2":0.13,"WSE":1.72,"WCI90":4.37,"Shape_Le_1":499.999942683,"ORIG_FID":70,"txt_OBJECTID_1":"70","txt_OBJECTID":"78","txt_TransectID":"78","txt_BaselineID":"1","txt_GroupID":"1","txt_TransOrder":"78","txt_Azimuth":"242.319999999999993","txt_ShrCount":"6","txt_TCD":"38500.000000000000000","txt_SHAPE_Leng":"500.000000000000000","txt_SCE":"124.319999999999993","txt_NSM":"57.219999999999999","txt_EPR":"2.350000000000000","txt_EPRunc":"1.740000000000000","txt_LRR":"1.590000000000000","txt_LR2":"0.130000000000000","txt_LSE":"51.630000000000003","txt_LCI90":"4.370000000000000","txt_WLR":"1.590000000000000","txt_WR2":"0.130000000000000","txt_WSE":"1.720000000000000","txt_WCI90":"4.370000000000000","txt_Shape_Length":"499.999942682624237","source_feature_index":107,"published_primary_rate_field":"LRR","published_primary_rate_m_per_year":1.59,"dashboard_rate_class":"ACCRETION","dashboard_classification_note":"Display convention only; source numeric value is preserved. Not an official DMCR class.","published_period":"1990-2019","published_dataset":"Shoreline ThaiCoast / Krabi_Points"},"geometry":{"type":"Point","coordinates":[99.0878713587296,7.539877860182147]}},{"type":"Feature","id":108,"properties":{"OBJECTID":79,"TransectID":79,"BaselineID":1,"GroupID":1,"TransOrder":79,"Azimuth":240.84,"ShrCount":6,"TCD":39000.0,"SHAPE_Leng":500.000000004,"SCE":30.9,"NSM":25.16,"EPR":1.03,"EPRunc":1.74,"LRR":0.55,"LR2":0.27,"LSE":11.25,"LCI90":0.95,"WLR":0.55,"WR2":0.27,"WSE":0.37,"WCI90":0.95,"Shape_Le_1":499.999944743,"ORIG_FID":71,"txt_OBJECTID_1":"71","txt_OBJECTID":"79","txt_TransectID":"79","txt_BaselineID":"1","txt_GroupID":"1","txt_TransOrder":"79","txt_Azimuth":"240.840000000000003","txt_ShrCount":"6","txt_TCD":"39000.000000000000000","txt_SHAPE_Leng":"500.000000004000015","txt_SCE":"30.899999999999999","txt_NSM":"25.160000000000000","txt_EPR":"1.030000000000000","txt_EPRunc":"1.740000000000000","txt_LRR":"0.550000000000000","txt_LR2":"0.270000000000000","txt_LSE":"11.250000000000000","txt_LCI90":"0.950000000000000","txt_WLR":"0.550000000000000","txt_WR2":"0.270000000000000","txt_WSE":"0.370000000000000","txt_WCI90":"0.950000000000000","txt_Shape_Length":"499.999944742917307","source_feature_index":108,"published_primary_rate_field":"LRR","published_primary_rate_m_per_year":0.55,"dashboard_rate_class":"ACCRETION","dashboard_classification_note":"Display convention only; source numeric value is preserved. Not an official DMCR class.","published_period":"1990-2019","published_dataset":"Shoreline ThaiCoast / Krabi_Points"},"geometry":{"type":"Point","coordinates":[99.08740078916621,7.54406047683287]}},{"type":"Feature","id":109,"properties":{"OBJECTID":80,"TransectID":80,"BaselineID":1,"GroupID":1,"TransOrder":80,"Azimuth":225.94,"ShrCount":5,"TCD":39500.0,"SHAPE_Leng":499.999999997,"SCE":62.79,"NSM":44.73,"EPR":1.84,"EPRunc":1.74,"LRR":1.36,"LR2":0.52,"LSE":18.55,"LCI90":1.77,"WLR":1.36,"WR2":0.52,"WSE":0.62,"WCI90":1.77,"Shape_Le_1":500.00000562,"ORIG_FID":72,"txt_OBJECTID_1":"72","txt_OBJECTID":"80","txt_TransectID":"80","txt_BaselineID":"1","txt_GroupID":"1","txt_TransOrder":"80","txt_Azimuth":"225.939999999999998","txt_ShrCount":"5","txt_TCD":"39500.000000000000000","txt_SHAPE_Leng":"499.999999996999975","txt_SCE":"62.789999999999999","txt_NSM":"44.729999999999997","txt_EPR":"1.840000000000000","txt_EPRunc":"1.740000000000000","txt_LRR":"1.360000000000000","txt_LR2":"0.520000000000000","txt_LSE":"18.550000000000001","txt_LCI90":"1.770000000000000","txt_WLR":"1.360000000000000","txt_WR2":"0.520000000000000","txt_WSE":"0.620000000000000","txt_WCI90":"1.770000000000000","txt_Shape_Length":"500.000005619893841","source_feature_index":109,"published_primary_rate_field":"LRR","published_primary_rate_m_per_year":1.36,"dashboard_rate_class":"ACCRETION","dashboard_classification_note":"Display convention only; source numeric value is preserved. Not an official DMCR class.","published_period":"1990-2019","published_dataset":"Shoreline ThaiCoast / Krabi_Points"},"geometry":{"type":"Point","coordinates":[99.0836642843859,7.547251647475613]}},{"type":"Feature","id":110,"properties":{"OBJECTID":81,"TransectID":81,"BaselineID":1,"GroupID":1,"TransOrder":81,"Azimuth":242.5,"ShrCount":4,"TCD":40000.0,"SHAPE_Leng":500.000000001,"SCE":54.74,"NSM":52.13,"EPR":2.14,"EPRunc":1.74,"LRR":1.05,"LR2":0.3,"LSE":26.66,"LCI90":3.3,"WLR":1.05,"WR2":0.3,"WSE":0.89,"WCI90":3.3,"Shape_Le_1":499.999978164,"ORIG_FID":73,"txt_OBJECTID_1":"73","txt_OBJECTID":"81","txt_TransectID":"81","txt_BaselineID":"1","txt_GroupID":"1","txt_TransOrder":"81","txt_Azimuth":"242.500000000000000","txt_ShrCount":"4","txt_TCD":"40000.000000000000000","txt_SHAPE_Leng":"500.000000000999989","txt_SCE":"54.740000000000002","txt_NSM":"52.130000000000003","txt_EPR":"2.140000000000000","txt_EPRunc":"1.740000000000000","txt_LRR":"1.050000000000000","txt_LR2":"0.300000000000000","txt_LSE":"26.660000000000000","txt_LCI90":"3.300000000000000","txt_WLR":"1.050000000000000","txt_WR2":"0.300000000000000","txt_WSE":"0.890000000000000","txt_WCI90":"3.300000000000000","txt_Shape_Length":"499.999978163842115","source_feature_index":110,"published_primary_rate_field":"LRR","published_primary_rate_m_per_year":1.05,"dashboard_rate_class":"ACCRETION","dashboard_classification_note":"Display convention only; source numeric value is preserved. Not an official DMCR class.","published_period":"1990-2019","published_dataset":"Shoreline ThaiCoast / Krabi_Points"},"geometry":{"type":"Point","coordinates":[99.08148433746429,7.550137360347131]}},{"type":"Feature","id":111,"properties":{"OBJECTID":82,"TransectID":82,"BaselineID":1,"GroupID":1,"TransOrder":82,"Azimuth":253.89,"ShrCount":5,"TCD":40500.0,"SHAPE_Leng":500.0,"SCE":46.31,"NSM":0.87,"EPR":0.04,"EPRunc":1.74,"LRR":0.48,"LR2":0.1,"LSE":20.83,"LCI90":1.99,"WLR":0.48,"WR2":0.1,"WSE":0.69,"WCI90":1.99,"Shape_Le_1":499.999924743,"ORIG_FID":74,"txt_OBJECTID_1":"74","txt_OBJECTID":"82","txt_TransectID":"82","txt_BaselineID":"1","txt_GroupID":"1","txt_TransOrder":"82","txt_Azimuth":"253.889999999999986","txt_ShrCount":"5","txt_TCD":"40500.000000000000000","txt_SHAPE_Leng":"500.000000000000000","txt_SCE":"46.310000000000002","txt_NSM":"0.870000000000000","txt_EPR":"0.040000000000000","txt_EPRunc":"1.740000000000000","txt_LRR":"0.480000000000000","txt_LR2":"0.100000000000000","txt_LSE":"20.829999999999998","txt_LCI90":"1.990000000000000","txt_WLR":"0.480000000000000","txt_WR2":"0.100000000000000","txt_WSE":"0.690000000000000","txt_WCI90":"1.990000000000000","txt_Shape_Length":"499.999924743173153","source_feature_index":111,"published_primary_rate_field":"LRR","published_primary_rate_m_per_year":0.48,"dashboard_rate_class":"RELATIVELY_STABLE","dashboard_classification_note":"Display convention only; source numeric value is preserved. Not an official DMCR class.","published_period":"1990-2019","published_dataset":"Shoreline ThaiCoast / Krabi_Points"},"geometry":{"type":"Point","coordinates":[99.08029202077847,7.553825093835436]}},{"type":"Feature","id":112,"properties":{"OBJECTID":83,"TransectID":83,"BaselineID":1,"GroupID":1,"TransOrder":83,"Azimuth":250.91,"ShrCount":5,"TCD":41000.0,"SHAPE_Leng":499.999999999,"SCE":78.23,"NSM":-78.23,"EPR":-3.21,"EPRunc":1.74,"LRR":-0.92,"LR2":0.13,"LSE":33.22,"LCI90":3.18,"WLR":-0.92,"WR2":0.13,"WSE":1.11,"WCI90":3.18,"Shape_Le_1":499.999975208,"ORIG_FID":75,"txt_OBJECTID_1":"75","txt_OBJECTID":"83","txt_TransectID":"83","txt_BaselineID":"1","txt_GroupID":"1","txt_TransOrder":"83","txt_Azimuth":"250.909999999999997","txt_ShrCount":"5","txt_TCD":"41000.000000000000000","txt_SHAPE_Leng":"499.999999999000011","txt_SCE":"78.230000000000004","txt_NSM":"-78.230000000000004","txt_EPR":"-3.210000000000000","txt_EPRunc":"1.740000000000000","txt_LRR":"-0.920000000000000","txt_LR2":"0.130000000000000","txt_LSE":"33.219999999999999","txt_LCI90":"3.180000000000000","txt_WLR":"-0.920000000000000","txt_WR2":"0.130000000000000","txt_WSE":"1.110000000000000","txt_WCI90":"3.180000000000000","txt_Shape_Length":"499.999975208012586","source_feature_index":112,"published_primary_rate_field":"LRR","published_primary_rate_m_per_year":-0.92,"dashboard_rate_class":"RETREAT","dashboard_classification_note":"Display convention only; source numeric value is preserved. Not an official DMCR class.","published_period":"1990-2019","published_dataset":"Shoreline ThaiCoast / Krabi_Points"},"geometry":{"type":"Point","coordinates":[99.07926990697985,7.557942968080635]}},{"type":"Feature","id":113,"properties":{"OBJECTID":84,"TransectID":84,"BaselineID":1,"GroupID":1,"TransOrder":84,"Azimuth":251.61,"ShrCount":4,"TCD":41500.0,"SHAPE_Leng":499.999999999,"SCE":62.49,"NSM":-44.73,"EPR":-1.96,"EPRunc":1.86,"LRR":-1.24,"LR2":0.23,"LSE":30.2,"LCI90":4.67,"WLR":-1.24,"WR2":0.23,"WSE":1.01,"WCI90":4.67,"Shape_Le_1":500.000016545,"ORIG_FID":76,"txt_OBJECTID_1":"76","txt_OBJECTID":"84","txt_TransectID":"84","txt_BaselineID":"1","txt_GroupID":"1","txt_TransOrder":"84","txt_Azimuth":"251.610000000000014","txt_ShrCount":"4","txt_TCD":"41500.000000000000000","txt_SHAPE_Leng":"499.999999999000011","txt_SCE":"62.490000000000002","txt_NSM":"-44.729999999999997","txt_EPR":"-1.960000000000000","txt_EPRunc":"1.860000000000000","txt_LRR":"-1.240000000000000","txt_LR2":"0.230000000000000","txt_LSE":"30.199999999999999","txt_LCI90":"4.670000000000000","txt_WLR":"-1.240000000000000","txt_WR2":"0.230000000000000","txt_WSE":"1.010000000000000","txt_WCI90":"4.670000000000000","txt_Shape_Length":"500.000016544652510","source_feature_index":113,"published_primary_rate_field":"LRR","published_primary_rate_m_per_year":-1.24,"dashboard_rate_class":"RETREAT","dashboard_classification_note":"Display convention only; source numeric value is preserved. Not an official DMCR class.","published_period":"1990-2019","published_dataset":"Shoreline ThaiCoast / Krabi_Points"},"geometry":{"type":"Point","coordinates":[99.07760470207778,7.561588520486425]}},{"type":"Feature","id":114,"properties":{"OBJECTID":85,"TransectID":85,"BaselineID":1,"GroupID":1,"TransOrder":85,"Azimuth":265.32,"ShrCount":5,"TCD":42000.0,"SHAPE_Leng":499.999999998,"SCE":36.02,"NSM":-36.02,"EPR":-1.48,"EPRunc":1.74,"LRR":-0.6,"LR2":0.25,"LSE":14.56,"LCI90":1.39,"WLR":-0.6,"WR2":0.25,"WSE":0.49,"WCI90":1.39,"Shape_Le_1":499.999984245,"ORIG_FID":77,"txt_OBJECTID_1":"77","txt_OBJECTID":"85","txt_TransectID":"85","txt_BaselineID":"1","txt_GroupID":"1","txt_TransOrder":"85","txt_Azimuth":"265.319999999999993","txt_ShrCount":"5","txt_TCD":"42000.000000000000000","txt_SHAPE_Leng":"499.999999998000021","txt_SCE":"36.020000000000003","txt_NSM":"-36.020000000000003","txt_EPR":"-1.480000000000000","txt_EPRunc":"1.740000000000000","txt_LRR":"-0.600000000000000","txt_LR2":"0.250000000000000","txt_LSE":"14.560000000000000","txt_LCI90":"1.390000000000000","txt_WLR":"-0.600000000000000","txt_WR2":"0.250000000000000","txt_WSE":"0.490000000000000","txt_WCI90":"1.390000000000000","txt_Shape_Length":"499.999984244608925","source_feature_index":114,"published_primary_rate_field":"LRR","published_primary_rate_m_per_year":-0.6,"dashboard_rate_class":"RETREAT","dashboard_classification_note":"Display convention only; source numeric value is preserved. Not an official DMCR class.","published_period":"1990-2019","published_dataset":"Shoreline ThaiCoast / Krabi_Points"},"geometry":{"type":"Point","coordinates":[99.07684928881154,7.565010654581271]}},{"type":"Feature","id":115,"properties":{"OBJECTID":86,"TransectID":86,"BaselineID":1,"GroupID":1,"TransOrder":86,"Azimuth":272.54,"ShrCount":5,"TCD":42500.0,"SHAPE_Leng":500.000000001,"SCE":62.56,"NSM":-62.56,"EPR":-2.57,"EPRunc":1.74,"LRR":-1.18,"LR2":0.31,"LSE":25.08,"LCI90":2.4,"WLR":-1.18,"WR2":0.31,"WSE":0.84,"WCI90":2.4,"Shape_Le_1":500.000042432,"ORIG_FID":78,"txt_OBJECTID_1":"78","txt_OBJECTID":"86","txt_TransectID":"86","txt_BaselineID":"1","txt_GroupID":"1","txt_TransOrder":"86","txt_Azimuth":"272.540000000000020","txt_ShrCount":"5","txt_TCD":"42500.000000000000000","txt_SHAPE_Leng":"500.000000000999989","txt_SCE":"62.560000000000002","txt_NSM":"-62.560000000000002","txt_EPR":"-2.570000000000000","txt_EPRunc":"1.740000000000000","txt_LRR":"-1.180000000000000","txt_LR2":"0.310000000000000","txt_LSE":"25.079999999999998","txt_LCI90":"2.400000000000000","txt_WLR":"-1.180000000000000","txt_WR2":"0.310000000000000","txt_WSE":"0.840000000000000","txt_WCI90":"2.400000000000000","txt_Shape_Length":"500.000042432479233","source_feature_index":115,"published_primary_rate_field":"LRR","published_primary_rate_m_per_year":-1.18,"dashboard_rate_class":"RETREAT","dashboard_classification_note":"Display convention only; source numeric value is preserved. Not an official DMCR class.","published_period":"1990-2019","published_dataset":"Shoreline ThaiCoast / Krabi_Points"},"geometry":{"type":"Point","coordinates":[99.07704221693999,7.569037127052044]}},{"type":"Feature","id":116,"properties":{"OBJECTID":87,"TransectID":87,"BaselineID":1,"GroupID":1,"TransOrder":87,"Azimuth":270.09,"ShrCount":3,"TCD":43000.0,"SHAPE_Leng":500.000000001,"SCE":23.03,"NSM":-23.03,"EPR":-1.01,"EPRunc":1.86,"LRR":-0.99,"LR2":1.0,"LSE":0.91,"LCI90":0.33,"WLR":-0.99,"WR2":1.0,"WSE":0.03,"WCI90":0.33,"Shape_Le_1":499.999998147,"ORIG_FID":79,"txt_OBJECTID_1":"79","txt_OBJECTID":"87","txt_TransectID":"87","txt_BaselineID":"1","txt_GroupID":"1","txt_TransOrder":"87","txt_Azimuth":"270.089999999999975","txt_ShrCount":"3","txt_TCD":"43000.000000000000000","txt_SHAPE_Leng":"500.000000000999989","txt_SCE":"23.030000000000001","txt_NSM":"-23.030000000000001","txt_EPR":"-1.010000000000000","txt_EPRunc":"1.860000000000000","txt_LRR":"-0.990000000000000","txt_LR2":"1.000000000000000","txt_LSE":"0.910000000000000","txt_LCI90":"0.330000000000000","txt_WLR":"-0.990000000000000","txt_WR2":"1.000000000000000","txt_WSE":"0.030000000000000","txt_WCI90":"0.330000000000000","txt_Shape_Length":"499.999998147078486","source_feature_index":116,"published_primary_rate_field":"LRR","published_primary_rate_m_per_year":-0.99,"dashboard_rate_class":"RETREAT","dashboard_classification_note":"Display convention only; source numeric value is preserved. Not an official DMCR class.","published_period":"1990-2019","published_dataset":"Shoreline ThaiCoast / Krabi_Points"},"geometry":{"type":"Point","coordinates":[99.07724425078358,7.57350260023333]}},{"type":"Feature","id":117,"properties":{"OBJECTID":88,"TransectID":88,"BaselineID":1,"GroupID":1,"TransOrder":88,"Azimuth":269.0,"ShrCount":3,"TCD":43500.0,"SHAPE_Leng":500.000000002,"SCE":8.29,"NSM":-0.61,"EPR":-0.03,"EPRunc":1.86,"LRR":0.11,"LR2":0.08,"LSE":6.25,"LCI90":2.29,"WLR":0.11,"WR2":0.08,"WSE":0.21,"WCI90":2.29,"Shape_Le_1":500.000063957,"ORIG_FID":80,"txt_OBJECTID_1":"80","txt_OBJECTID":"88","txt_TransectID":"88","txt_BaselineID":"1","txt_GroupID":"1","txt_TransOrder":"88","txt_Azimuth":"269.000000000000000","txt_ShrCount":"3","txt_TCD":"43500.000000000000000","txt_SHAPE_Leng":"500.000000001999979","txt_SCE":"8.289999999999999","txt_NSM":"-0.610000000000000","txt_EPR":"-0.030000000000000","txt_EPRunc":"1.860000000000000","txt_LRR":"0.110000000000000","txt_LR2":"0.080000000000000","txt_LSE":"6.250000000000000","txt_LCI90":"2.290000000000000","txt_WLR":"0.110000000000000","txt_WR2":"0.080000000000000","txt_WSE":"0.210000000000000","txt_WCI90":"2.290000000000000","txt_Shape_Length":"500.000063957431507","source_feature_index":117,"published_primary_rate_field":"LRR","published_primary_rate_m_per_year":0.11,"dashboard_rate_class":"RELATIVELY_STABLE","dashboard_classification_note":"Display convention only; source numeric value is preserved. Not an official DMCR class.","published_period":"1990-2019","published_dataset":"Shoreline ThaiCoast / Krabi_Points"},"geometry":{"type":"Point","coordinates":[99.07705812157253,7.577277586896619]}},{"type":"Feature","id":118,"properties":{"OBJECTID":89,"TransectID":89,"BaselineID":1,"GroupID":1,"TransOrder":89,"Azimuth":286.67,"ShrCount":3,"TCD":44000.0,"SHAPE_Leng":500.000000001,"SCE":78.24,"NSM":78.24,"EPR":3.43,"EPRunc":1.86,"LRR":3.37,"LR2":1.0,"LSE":2.83,"LCI90":1.03,"WLR":3.37,"WR2":1.0,"WSE":0.09,"WCI90":1.03,"Shape_Le_1":500.00000166,"ORIG_FID":81,"txt_OBJECTID_1":"81","txt_OBJECTID":"89","txt_TransectID":"89","txt_BaselineID":"1","txt_GroupID":"1","txt_TransOrder":"89","txt_Azimuth":"286.670000000000016","txt_ShrCount":"3","txt_TCD":"44000.000000000000000","txt_SHAPE_Leng":"500.000000000999989","txt_SCE":"78.239999999999995","txt_NSM":"78.239999999999995","txt_EPR":"3.430000000000000","txt_EPRunc":"1.860000000000000","txt_LRR":"3.370000000000000","txt_LR2":"1.000000000000000","txt_LSE":"2.830000000000000","txt_LCI90":"1.030000000000000","txt_WLR":"3.370000000000000","txt_WR2":"1.000000000000000","txt_WSE":"0.090000000000000","txt_WCI90":"1.030000000000000","txt_Shape_Length":"500.000001660210103","source_feature_index":118,"published_primary_rate_field":"LRR","published_primary_rate_m_per_year":3.37,"dashboard_rate_class":"STRONG_ACCRETION","dashboard_classification_note":"Display convention only; source numeric value is preserved. Not an official DMCR class.","published_period":"1990-2019","published_dataset":"Shoreline ThaiCoast / Krabi_Points"},"geometry":{"type":"Point","coordinates":[99.07701505222475,7.580598110715289]}},{"type":"Feature","id":119,"properties":{"OBJECTID":90,"TransectID":90,"BaselineID":1,"GroupID":1,"TransOrder":90,"Azimuth":297.44,"ShrCount":3,"TCD":44500.0,"SHAPE_Leng":499.999999998,"SCE":33.56,"NSM":-33.56,"EPR":-1.47,"EPRunc":1.86,"LRR":-1.45,"LR2":1.0,"LSE":0.81,"LCI90":0.3,"WLR":-1.45,"WR2":1.0,"WSE":0.03,"WCI90":0.3,"Shape_Le_1":499.999987859,"ORIG_FID":82,"txt_OBJECTID_1":"82","txt_OBJECTID":"90","txt_TransectID":"90","txt_BaselineID":"1","txt_GroupID":"1","txt_TransOrder":"90","txt_Azimuth":"297.439999999999998","txt_ShrCount":"3","txt_TCD":"44500.000000000000000","txt_SHAPE_Leng":"499.999999998000021","txt_SCE":"33.560000000000002","txt_NSM":"-33.560000000000002","txt_EPR":"-1.470000000000000","txt_EPRunc":"1.860000000000000","txt_LRR":"-1.450000000000000","txt_LR2":"1.000000000000000","txt_LSE":"0.810000000000000","txt_LCI90":"0.300000000000000","txt_WLR":"-1.450000000000000","txt_WR2":"1.000000000000000","txt_WSE":"0.030000000000000","txt_WCI90":"0.300000000000000","txt_Shape_Length":"499.999987859255043","source_feature_index":119,"published_primary_rate_field":"LRR","published_primary_rate_m_per_year":-1.45,"dashboard_rate_class":"RETREAT","dashboard_classification_note":"Display convention only; source numeric value is preserved. Not an official DMCR class.","published_period":"1990-2019","published_dataset":"Shoreline ThaiCoast / Krabi_Points"},"geometry":{"type":"Point","coordinates":[99.079093867897,7.5838249088402865]}},{"type":"Feature","id":120,"properties":{"OBJECTID":91,"TransectID":91,"BaselineID":1,"GroupID":1,"TransOrder":91,"Azimuth":286.27,"ShrCount":3,"TCD":45000.0,"SHAPE_Leng":500.000000001,"SCE":39.19,"NSM":-15.85,"EPR":-0.7,"EPRunc":1.86,"LRR":-0.08,"LR2":0.0,"LSE":27.84,"LCI90":10.2,"WLR":-0.08,"WR2":0.0,"WSE":0.93,"WCI90":10.2,"Shape_Le_1":499.999959672,"ORIG_FID":83,"txt_OBJECTID_1":"83","txt_OBJECTID":"91","txt_TransectID":"91","txt_BaselineID":"1","txt_GroupID":"1","txt_TransOrder":"91","txt_Azimuth":"286.269999999999982","txt_ShrCount":"3","txt_TCD":"45000.000000000000000","txt_SHAPE_Leng":"500.000000000999989","txt_SCE":"39.189999999999998","txt_NSM":"-15.850000000000000","txt_EPR":"-0.700000000000000","txt_EPRunc":"1.860000000000000","txt_LRR":"-0.080000000000000","txt_LR2":"0.000000000000000","txt_LSE":"27.840000000000000","txt_LCI90":"10.199999999999999","txt_WLR":"-0.080000000000000","txt_WR2":"0.000000000000000","txt_WSE":"0.930000000000000","txt_WCI90":"10.199999999999999","txt_Shape_Length":"499.999959672239356","source_feature_index":120,"published_primary_rate_field":"LRR","published_primary_rate_m_per_year":-0.08,"dashboard_rate_class":"RELATIVELY_STABLE","dashboard_classification_note":"Display convention only; source numeric value is preserved. Not an official DMCR class.","published_period":"1990-2019","published_dataset":"Shoreline ThaiCoast / Krabi_Points"},"geometry":{"type":"Point","coordinates":[99.08101398186697,7.588284983246846]}},{"type":"Feature","id":121,"properties":{"OBJECTID":92,"TransectID":92,"BaselineID":1,"GroupID":1,"TransOrder":92,"Azimuth":269.3,"ShrCount":4,"TCD":45500.0,"SHAPE_Leng":500.0,"SCE":20.78,"NSM":7.14,"EPR":0.31,"EPRunc":1.86,"LRR":0.01,"LR2":0.0,"LSE":10.57,"LCI90":1.74,"WLR":0.01,"WR2":0.0,"WSE":0.35,"WCI90":1.74,"Shape_Le_1":499.999975393,"ORIG_FID":84,"txt_OBJECTID_1":"84","txt_OBJECTID":"92","txt_TransectID":"92","txt_BaselineID":"1","txt_GroupID":"1","txt_TransOrder":"92","txt_Azimuth":"269.300000000000011","txt_ShrCount":"4","txt_TCD":"45500.000000000000000","txt_SHAPE_Leng":"500.000000000000000","txt_SCE":"20.780000000000001","txt_NSM":"7.140000000000000","txt_EPR":"0.310000000000000","txt_EPRunc":"1.860000000000000","txt_LRR":"0.010000000000000","txt_LR2":"0.000000000000000","txt_LSE":"10.570000000000000","txt_LCI90":"1.740000000000000","txt_WLR":"0.010000000000000","txt_WR2":"0.000000000000000","txt_WSE":"0.350000000000000","txt_WCI90":"1.740000000000000","txt_Shape_Length":"499.999975393184229","source_feature_index":121,"published_primary_rate_field":"LRR","published_primary_rate_m_per_year":0.01,"dashboard_rate_class":"RELATIVELY_STABLE","dashboard_classification_note":"Display convention only; source numeric value is preserved. Not an official DMCR class.","published_period":"1990-2019","published_dataset":"Shoreline ThaiCoast / Krabi_Points"},"geometry":{"type":"Point","coordinates":[99.08178222840122,7.593206775989963]}},{"type":"Feature","id":122,"properties":{"OBJECTID":95,"TransectID":95,"BaselineID":1,"GroupID":1,"TransOrder":95,"Azimuth":27.62,"ShrCount":3,"TCD":47000.0,"SHAPE_Leng":499.999999997,"SCE":27.96,"NSM":-27.96,"EPR":-1.23,"EPRunc":1.86,"LRR":-0.99,"LR2":0.71,"LSE":10.8,"LCI90":3.96,"WLR":-0.99,"WR2":0.71,"WSE":0.36,"WCI90":3.96,"Shape_Le_1":500.00007991,"ORIG_FID":85,"txt_OBJECTID_1":"85","txt_OBJECTID":"95","txt_TransectID":"95","txt_BaselineID":"1","txt_GroupID":"1","txt_TransOrder":"95","txt_Azimuth":"27.620000000000001","txt_ShrCount":"3","txt_TCD":"47000.000000000000000","txt_SHAPE_Leng":"499.999999996999975","txt_SCE":"27.960000000000001","txt_NSM":"-27.960000000000001","txt_EPR":"-1.230000000000000","txt_EPRunc":"1.860000000000000","txt_LRR":"-0.990000000000000","txt_LR2":"0.710000000000000","txt_LSE":"10.800000000000001","txt_LCI90":"3.960000000000000","txt_WLR":"-0.990000000000000","txt_WR2":"0.710000000000000","txt_WSE":"0.360000000000000","txt_WCI90":"3.960000000000000","txt_Shape_Length":"500.000079909686008","source_feature_index":122,"published_primary_rate_field":"LRR","published_primary_rate_m_per_year":-0.99,"dashboard_rate_class":"RETREAT","dashboard_classification_note":"Display convention only; source numeric value is preserved. Not an official DMCR class.","published_period":"1990-2019","published_dataset":"Shoreline ThaiCoast / Krabi_Points"},"geometry":{"type":"Point","coordinates":[99.08308872942334,7.595510395114574]}},{"type":"Feature","id":123,"properties":{"OBJECTID":96,"TransectID":96,"BaselineID":1,"GroupID":1,"TransOrder":96,"Azimuth":337.42,"ShrCount":3,"TCD":47500.0,"SHAPE_Leng":500.0,"SCE":49.3,"NSM":-14.94,"EPR":-0.66,"EPRunc":1.86,"LRR":0.13,"LR2":0.0,"LSE":35.68,"LCI90":13.07,"WLR":0.13,"WR2":0.0,"WSE":1.19,"WCI90":13.07,"Shape_Le_1":499.999992184,"ORIG_FID":86,"txt_OBJECTID_1":"86","txt_OBJECTID":"96","txt_TransectID":"96","txt_BaselineID":"1","txt_GroupID":"1","txt_TransOrder":"96","txt_Azimuth":"337.420000000000016","txt_ShrCount":"3","txt_TCD":"47500.000000000000000","txt_SHAPE_Leng":"500.000000000000000","txt_SCE":"49.299999999999997","txt_NSM":"-14.940000000000000","txt_EPR":"-0.660000000000000","txt_EPRunc":"1.860000000000000","txt_LRR":"0.130000000000000","txt_LR2":"0.000000000000000","txt_LSE":"35.680000000000000","txt_LCI90":"13.070000000000000","txt_WLR":"0.130000000000000","txt_WR2":"0.000000000000000","txt_WSE":"1.190000000000000","txt_WCI90":"13.070000000000000","txt_Shape_Length":"499.999992184240966","source_feature_index":123,"published_primary_rate_field":"LRR","published_primary_rate_m_per_year":0.13,"dashboard_rate_class":"RELATIVELY_STABLE","dashboard_classification_note":"Display convention only; source numeric value is preserved. Not an official DMCR class.","published_period":"1990-2019","published_dataset":"Shoreline ThaiCoast / Krabi_Points"},"geometry":{"type":"Point","coordinates":[99.08922697157357,7.594095771950369]}},{"type":"Feature","id":124,"properties":{"OBJECTID":99,"TransectID":99,"BaselineID":1,"GroupID":1,"TransOrder":99,"Azimuth":53.11,"ShrCount":4,"TCD":49000.0,"SHAPE_Leng":499.999999997,"SCE":43.37,"NSM":-43.37,"EPR":-1.78,"EPRunc":1.74,"LRR":-0.58,"LR2":0.12,"LSE":24.01,"LCI90":3.21,"WLR":-0.58,"WR2":0.12,"WSE":0.8,"WCI90":3.21,"Shape_Le_1":499.999988825,"ORIG_FID":87,"txt_OBJECTID_1":"87","txt_OBJECTID":"99","txt_TransectID":"99","txt_BaselineID":"1","txt_GroupID":"1","txt_TransOrder":"99","txt_Azimuth":"53.109999999999999","txt_ShrCount":"4","txt_TCD":"49000.000000000000000","txt_SHAPE_Leng":"499.999999996999975","txt_SCE":"43.369999999999997","txt_NSM":"-43.369999999999997","txt_EPR":"-1.780000000000000","txt_EPRunc":"1.740000000000000","txt_LRR":"-0.580000000000000","txt_LR2":"0.120000000000000","txt_LSE":"24.010000000000002","txt_LCI90":"3.210000000000000","txt_WLR":"-0.580000000000000","txt_WR2":"0.120000000000000","txt_WSE":"0.800000000000000","txt_WCI90":"3.210000000000000","txt_Shape_Length":"499.999988825317928","source_feature_index":124,"published_primary_rate_field":"LRR","published_primary_rate_m_per_year":-0.58,"dashboard_rate_class":"RETREAT","dashboard_classification_note":"Display convention only; source numeric value is preserved. Not an official DMCR class.","published_period":"1990-2019","published_dataset":"Shoreline ThaiCoast / Krabi_Points"},"geometry":{"type":"Point","coordinates":[99.09238556259119,7.595232819975027]}},{"type":"Feature","id":125,"properties":{"OBJECTID":100,"TransectID":100,"BaselineID":1,"GroupID":1,"TransOrder":100,"Azimuth":358.93,"ShrCount":4,"TCD":49500.0,"SHAPE_Leng":500.000000001,"SCE":76.67,"NSM":-36.78,"EPR":-1.51,"EPRunc":1.74,"LRR":0.31,"LR2":0.01,"LSE":41.58,"LCI90":5.57,"WLR":0.31,"WR2":0.01,"WSE":1.39,"WCI90":5.57,"Shape_Le_1":499.999971508,"ORIG_FID":88,"txt_OBJECTID_1":"88","txt_OBJECTID":"100","txt_TransectID":"100","txt_BaselineID":"1","txt_GroupID":"1","txt_TransOrder":"100","txt_Azimuth":"358.930000000000007","txt_ShrCount":"4","txt_TCD":"49500.000000000000000","txt_SHAPE_Leng":"500.000000000999989","txt_SCE":"76.670000000000002","txt_NSM":"-36.780000000000001","txt_EPR":"-1.510000000000000","txt_EPRunc":"1.740000000000000","txt_LRR":"0.310000000000000","txt_LR2":"0.010000000000000","txt_LSE":"41.579999999999998","txt_LCI90":"5.570000000000000","txt_WLR":"0.310000000000000","txt_WR2":"0.010000000000000","txt_WSE":"1.390000000000000","txt_WCI90":"5.570000000000000","txt_Shape_Length":"499.999971507821670","source_feature_index":125,"published_primary_rate_field":"LRR","published_primary_rate_m_per_year":0.31,"dashboard_rate_class":"RELATIVELY_STABLE","dashboard_classification_note":"Display convention only; source numeric value is preserved. Not an official DMCR class.","published_period":"1990-2019","published_dataset":"Shoreline ThaiCoast / Krabi_Points"},"geometry":{"type":"Point","coordinates":[99.09800196857103,7.592680384023898]}},{"type":"Feature","id":126,"properties":{"OBJECTID":101,"TransectID":101,"BaselineID":1,"GroupID":1,"TransOrder":101,"Azimuth":278.68,"ShrCount":3,"TCD":50000.0,"SHAPE_Leng":500.0,"SCE":15.73,"NSM":-13.53,"EPR":-0.59,"EPRunc":1.86,"LRR":-0.37,"LR2":0.28,"LSE":10.23,"LCI90":3.75,"WLR":-0.37,"WR2":0.28,"WSE":0.34,"WCI90":3.75,"Shape_Le_1":499.999977726,"ORIG_FID":89,"txt_OBJECTID_1":"89","txt_OBJECTID":"101","txt_TransectID":"101","txt_BaselineID":"1","txt_GroupID":"1","txt_TransOrder":"101","txt_Azimuth":"278.680000000000007","txt_ShrCount":"3","txt_TCD":"50000.000000000000000","txt_SHAPE_Leng":"500.000000000000000","txt_SCE":"15.730000000000000","txt_NSM":"-13.529999999999999","txt_EPR":"-0.590000000000000","txt_EPRunc":"1.860000000000000","txt_LRR":"-0.370000000000000","txt_LR2":"0.280000000000000","txt_LSE":"10.230000000000000","txt_LCI90":"3.750000000000000","txt_WLR":"-0.370000000000000","txt_WR2":"0.280000000000000","txt_WSE":"0.340000000000000","txt_WCI90":"3.750000000000000","txt_Shape_Length":"499.999977726140287","source_feature_index":126,"published_primary_rate_field":"LRR","published_primary_rate_m_per_year":-0.37,"dashboard_rate_class":"RELATIVELY_STABLE","dashboard_classification_note":"Display convention only; source numeric value is preserved. Not an official DMCR class.","published_period":"1990-2019","published_dataset":"Shoreline ThaiCoast / Krabi_Points"},"geometry":{"type":"Point","coordinates":[99.10376328246885,7.596383497016326]}},{"type":"Feature","id":127,"properties":{"OBJECTID":103,"TransectID":103,"BaselineID":1,"GroupID":1,"TransOrder":103,"Azimuth":330.7,"ShrCount":4,"TCD":51000.0,"SHAPE_Leng":500.000000001,"SCE":48.11,"NSM":-48.11,"EPR":-1.98,"EPRunc":1.74,"LRR":-1.24,"LR2":0.47,"LSE":20.41,"LCI90":2.73,"WLR":-1.24,"WR2":0.47,"WSE":0.68,"WCI90":2.73,"Shape_Le_1":500.000028472,"ORIG_FID":90,"txt_OBJECTID_1":"90","txt_OBJECTID":"103","txt_TransectID":"103","txt_BaselineID":"1","txt_GroupID":"1","txt_TransOrder":"103","txt_Azimuth":"330.699999999999989","txt_ShrCount":"4","txt_TCD":"51000.000000000000000","txt_SHAPE_Leng":"500.000000000999989","txt_SCE":"48.109999999999999","txt_NSM":"-48.109999999999999","txt_EPR":"-1.980000000000000","txt_EPRunc":"1.740000000000000","txt_LRR":"-1.240000000000000","txt_LR2":"0.470000000000000","txt_LSE":"20.410000000000000","txt_LCI90":"2.730000000000000","txt_WLR":"-1.240000000000000","txt_WR2":"0.470000000000000","txt_WSE":"0.680000000000000","txt_WCI90":"2.730000000000000","txt_Shape_Length":"500.000028472449230","source_feature_index":127,"published_primary_rate_field":"LRR","published_primary_rate_m_per_year":-1.24,"dashboard_rate_class":"RETREAT","dashboard_classification_note":"Display convention only; source numeric value is preserved. Not an official DMCR class.","published_period":"1990-2019","published_dataset":"Shoreline ThaiCoast / Krabi_Points"},"geometry":{"type":"Point","coordinates":[99.10228604939613,7.600846335068809]}},{"type":"Feature","id":128,"properties":{"OBJECTID":104,"TransectID":104,"BaselineID":1,"GroupID":1,"TransOrder":104,"Azimuth":357.57,"ShrCount":4,"TCD":51500.0,"SHAPE_Leng":500.000000001,"SCE":83.31,"NSM":-83.31,"EPR":-3.42,"EPRunc":1.74,"LRR":-2.24,"LR2":0.55,"LSE":31.06,"LCI90":4.16,"WLR":-2.24,"WR2":0.55,"WSE":1.04,"WCI90":4.16,"Shape_Le_1":499.999961494,"ORIG_FID":91,"txt_OBJECTID_1":"91","txt_OBJECTID":"104","txt_TransectID":"104","txt_BaselineID":"1","txt_GroupID":"1","txt_TransOrder":"104","txt_Azimuth":"357.569999999999993","txt_ShrCount":"4","txt_TCD":"51500.000000000000000","txt_SHAPE_Leng":"500.000000000999989","txt_SCE":"83.310000000000002","txt_NSM":"-83.310000000000002","txt_EPR":"-3.420000000000000","txt_EPRunc":"1.740000000000000","txt_LRR":"-2.240000000000000","txt_LR2":"0.550000000000000","txt_LSE":"31.059999999999999","txt_LCI90":"4.160000000000000","txt_WLR":"-2.240000000000000","txt_WR2":"0.550000000000000","txt_WSE":"1.040000000000000","txt_WCI90":"4.160000000000000","txt_Shape_Length":"499.999961494499587","source_feature_index":128,"published_primary_rate_field":"LRR","published_primary_rate_m_per_year":-2.24,"dashboard_rate_class":"STRONG_RETREAT","dashboard_classification_note":"Display convention only; source numeric value is preserved. Not an official DMCR class.","published_period":"1990-2019","published_dataset":"Shoreline ThaiCoast / Krabi_Points"},"geometry":{"type":"Point","coordinates":[99.1055337786614,7.601586095565438]}},{"type":"Feature","id":129,"properties":{"OBJECTID":105,"TransectID":105,"BaselineID":1,"GroupID":1,"TransOrder":105,"Azimuth":12.27,"ShrCount":3,"TCD":52000.0,"SHAPE_Leng":500.000000001,"SCE":16.83,"NSM":4.33,"EPR":0.19,"EPRunc":1.86,"LRR":0.41,"LR2":0.33,"LSE":10.12,"LCI90":3.7,"WLR":0.41,"WR2":0.33,"WSE":0.34,"WCI90":3.7,"Shape_Le_1":499.999974917,"ORIG_FID":92,"txt_OBJECTID_1":"92","txt_OBJECTID":"105","txt_TransectID":"105","txt_BaselineID":"1","txt_GroupID":"1","txt_TransOrder":"105","txt_Azimuth":"12.270000000000000","txt_ShrCount":"3","txt_TCD":"52000.000000000000000","txt_SHAPE_Leng":"500.000000000999989","txt_SCE":"16.829999999999998","txt_NSM":"4.330000000000000","txt_EPR":"0.190000000000000","txt_EPRunc":"1.860000000000000","txt_LRR":"0.410000000000000","txt_LR2":"0.330000000000000","txt_LSE":"10.119999999999999","txt_LCI90":"3.700000000000000","txt_WLR":"0.410000000000000","txt_WR2":"0.330000000000000","txt_WSE":"0.340000000000000","txt_WCI90":"3.700000000000000","txt_Shape_Length":"499.999974917058296","source_feature_index":129,"published_primary_rate_field":"LRR","published_primary_rate_m_per_year":0.41,"dashboard_rate_class":"RELATIVELY_STABLE","dashboard_classification_note":"Display convention only; source numeric value is preserved. Not an official DMCR class.","published_period":"1990-2019","published_dataset":"Shoreline ThaiCoast / Krabi_Points"},"geometry":{"type":"Point","coordinates":[99.10928839858818,7.600970320251276]}},{"type":"Feature","id":130,"properties":{"OBJECTID":106,"TransectID":106,"BaselineID":1,"GroupID":1,"TransOrder":106,"Azimuth":23.34,"ShrCount":4,"TCD":52500.0,"SHAPE_Leng":499.999999998,"SCE":77.79,"NSM":-27.56,"EPR":-1.13,"EPRunc":1.74,"LRR":0.87,"LR2":0.1,"LSE":39.89,"LCI90":5.34,"WLR":0.87,"WR2":0.1,"WSE":1.33,"WCI90":5.34,"Shape_Le_1":500.000057006,"ORIG_FID":93,"txt_OBJECTID_1":"93","txt_OBJECTID":"106","txt_TransectID":"106","txt_BaselineID":"1","txt_GroupID":"1","txt_TransOrder":"106","txt_Azimuth":"23.340000000000000","txt_ShrCount":"4","txt_TCD":"52500.000000000000000","txt_SHAPE_Leng":"499.999999998000021","txt_SCE":"77.790000000000006","txt_NSM":"-27.559999999999999","txt_EPR":"-1.130000000000000","txt_EPRunc":"1.740000000000000","txt_LRR":"0.870000000000000","txt_LR2":"0.100000000000000","txt_LSE":"39.890000000000001","txt_LCI90":"5.340000000000000","txt_WLR":"0.870000000000000","txt_WR2":"0.100000000000000","txt_WSE":"1.330000000000000","txt_WCI90":"5.340000000000000","txt_Shape_Length":"500.000057006093186","source_feature_index":130,"published_primary_rate_field":"LRR","published_primary_rate_m_per_year":0.87,"dashboard_rate_class":"ACCRETION","dashboard_classification_note":"Display convention only; source numeric value is preserved. Not an official DMCR class.","published_period":"1990-2019","published_dataset":"Shoreline ThaiCoast / Krabi_Points"},"geometry":{"type":"Point","coordinates":[99.11224053605727,7.600096745808631]}},{"type":"Feature","id":131,"properties":{"OBJECTID":107,"TransectID":107,"BaselineID":1,"GroupID":1,"TransOrder":107,"Azimuth":39.77,"ShrCount":2,"TCD":53000.0,"SHAPE_Leng":499.999999999,"SCE":53.91,"NSM":-53.91,"EPR":-2.36,"EPRunc":1.86,"LRR":0.0,"LR2":0.0,"LSE":0.0,"LCI90":0.0,"WLR":0.0,"WR2":0.0,"WSE":0.0,"WCI90":0.0,"Shape_Le_1":500.00000775,"ORIG_FID":94,"txt_OBJECTID_1":"94","txt_OBJECTID":"107","txt_TransectID":"107","txt_BaselineID":"1","txt_GroupID":"1","txt_TransOrder":"107","txt_Azimuth":"39.770000000000003","txt_ShrCount":"2","txt_TCD":"53000.000000000000000","txt_SHAPE_Leng":"499.999999999000011","txt_SCE":"53.909999999999997","txt_NSM":"-53.909999999999997","txt_EPR":"-2.360000000000000","txt_EPRunc":"1.860000000000000","txt_LRR":"0.000000000000000","txt_LR2":"0.000000000000000","txt_LSE":"0.000000000000000","txt_LCI90":"0.000000000000000","txt_WLR":"0.000000000000000","txt_WR2":"0.000000000000000","txt_WSE":"0.000000000000000","txt_WCI90":"0.000000000000000","txt_Shape_Length":"500.000007749719600","source_feature_index":131,"published_primary_rate_field":"LRR","published_primary_rate_m_per_year":0.0,"dashboard_rate_class":"RELATIVELY_STABLE","dashboard_classification_note":"Display convention only; source numeric value is preserved. Not an official DMCR class.","published_period":"1990-2019","published_dataset":"Shoreline ThaiCoast / Krabi_Points"},"geometry":{"type":"Point","coordinates":[99.11519423280511,7.598481130285289]}},{"type":"Feature","id":132,"properties":{"OBJECTID":108,"TransectID":108,"BaselineID":1,"GroupID":1,"TransOrder":108,"Azimuth":77.37,"ShrCount":5,"TCD":53500.0,"SHAPE_Leng":499.999999997,"SCE":112.61,"NSM":-15.71,"EPR":-0.65,"EPRunc":1.74,"LRR":-1.06,"LR2":0.07,"LSE":51.55,"LCI90":5.25,"WLR":-1.06,"WR2":0.07,"WSE":1.72,"WCI90":5.25,"Shape_Le_1":499.999966745,"ORIG_FID":95,"txt_OBJECTID_1":"95","txt_OBJECTID":"108","txt_TransectID":"108","txt_BaselineID":"1","txt_GroupID":"1","txt_TransOrder":"108","txt_Azimuth":"77.370000000000005","txt_ShrCount":"5","txt_TCD":"53500.000000000000000","txt_SHAPE_Leng":"499.999999996999975","txt_SCE":"112.609999999999999","txt_NSM":"-15.710000000000001","txt_EPR":"-0.650000000000000","txt_EPRunc":"1.740000000000000","txt_LRR":"-1.060000000000000","txt_LR2":"0.070000000000000","txt_LSE":"51.549999999999997","txt_LCI90":"5.250000000000000","txt_WLR":"-1.060000000000000","txt_WR2":"0.070000000000000","txt_WSE":"1.720000000000000","txt_WCI90":"5.250000000000000","txt_Shape_Length":"499.999966745094923","source_feature_index":132,"published_primary_rate_field":"LRR","published_primary_rate_m_per_year":-1.06,"dashboard_rate_class":"RETREAT","dashboard_classification_note":"Display convention only; source numeric value is preserved. Not an official DMCR class.","published_period":"1990-2019","published_dataset":"Shoreline ThaiCoast / Krabi_Points"},"geometry":{"type":"Point","coordinates":[99.11706308953354,7.596580074955693]}},{"type":"Feature","id":133,"properties":{"OBJECTID":109,"TransectID":109,"BaselineID":1,"GroupID":1,"TransOrder":109,"Azimuth":103.09,"ShrCount":5,"TCD":54000.0,"SHAPE_Leng":500.000000001,"SCE":41.2,"NSM":8.28,"EPR":0.34,"EPRunc":1.74,"LRR":0.28,"LR2":0.03,"LSE":21.11,"LCI90":2.02,"WLR":0.28,"WR2":0.03,"WSE":0.7,"WCI90":2.02,"Shape_Le_1":500.000062427,"ORIG_FID":96,"txt_OBJECTID_1":"96","txt_OBJECTID":"109","txt_TransectID":"109","txt_BaselineID":"1","txt_GroupID":"1","txt_TransOrder":"109","txt_Azimuth":"103.090000000000003","txt_ShrCount":"5","txt_TCD":"54000.000000000000000","txt_SHAPE_Leng":"500.000000000999989","txt_SCE":"41.200000000000003","txt_NSM":"8.279999999999999","txt_EPR":"0.340000000000000","txt_EPRunc":"1.740000000000000","txt_LRR":"0.280000000000000","txt_LR2":"0.030000000000000","txt_LSE":"21.109999999999999","txt_LCI90":"2.020000000000000","txt_WLR":"0.280000000000000","txt_WR2":"0.030000000000000","txt_WSE":"0.700000000000000","txt_WCI90":"2.020000000000000","txt_Shape_Length":"500.000062427390731","source_feature_index":133,"published_primary_rate_field":"LRR","published_primary_rate_m_per_year":0.28,"dashboard_rate_class":"RELATIVELY_STABLE","dashboard_classification_note":"Display convention only; source numeric value is preserved. Not an official DMCR class.","published_period":"1990-2019","published_dataset":"Shoreline ThaiCoast / Krabi_Points"},"geometry":{"type":"Point","coordinates":[99.11609154420557,7.593356581716623]}},{"type":"Feature","id":134,"properties":{"OBJECTID":110,"TransectID":110,"BaselineID":1,"GroupID":1,"TransOrder":110,"Azimuth":64.66,"ShrCount":7,"TCD":54500.0,"SHAPE_Leng":499.999999999,"SCE":44.47,"NSM":22.0,"EPR":0.9,"EPRunc":1.74,"LRR":0.95,"LR2":0.5,"LSE":11.24,"LCI90":0.85,"WLR":0.95,"WR2":0.5,"WSE":0.37,"WCI90":0.85,"Shape_Le_1":500.000028091,"ORIG_FID":97,"txt_OBJECTID_1":"97","txt_OBJECTID":"110","txt_TransectID":"110","txt_BaselineID":"1","txt_GroupID":"1","txt_TransOrder":"110","txt_Azimuth":"64.659999999999997","txt_ShrCount":"7","txt_TCD":"54500.000000000000000","txt_SHAPE_Leng":"499.999999999000011","txt_SCE":"44.469999999999999","txt_NSM":"22.000000000000000","txt_EPR":"0.900000000000000","txt_EPRunc":"1.740000000000000","txt_LRR":"0.950000000000000","txt_LR2":"0.500000000000000","txt_LSE":"11.240000000000000","txt_LCI90":"0.850000000000000","txt_WLR":"0.950000000000000","txt_WR2":"0.500000000000000","txt_WSE":"0.370000000000000","txt_WCI90":"0.850000000000000","txt_Shape_Length":"500.000028090642445","source_feature_index":134,"published_primary_rate_field":"LRR","published_primary_rate_m_per_year":0.95,"dashboard_rate_class":"ACCRETION","dashboard_classification_note":"Display convention only; source numeric value is preserved. Not an official DMCR class.","published_period":"1990-2019","published_dataset":"Shoreline ThaiCoast / Krabi_Points"},"geometry":{"type":"Point","coordinates":[99.11526623227293,7.5877067211110285]}},{"type":"Feature","id":135,"properties":{"OBJECTID":111,"TransectID":111,"BaselineID":1,"GroupID":1,"TransOrder":111,"Azimuth":321.7,"ShrCount":7,"TCD":55000.0,"SHAPE_Leng":499.999999996,"SCE":38.12,"NSM":-37.27,"EPR":-1.53,"EPRunc":1.74,"LRR":-1.35,"LR2":0.93,"LSE":4.25,"LCI90":0.32,"WLR":-1.35,"WR2":0.93,"WSE":0.14,"WCI90":0.32,"Shape_Le_1":499.999988209,"ORIG_FID":98,"txt_OBJECTID_1":"98","txt_OBJECTID":"111","txt_TransectID":"111","txt_BaselineID":"1","txt_GroupID":"1","txt_TransOrder":"111","txt_Azimuth":"321.699999999999989","txt_ShrCount":"7","txt_TCD":"55000.000000000000000","txt_SHAPE_Leng":"499.999999995999985","txt_SCE":"38.119999999999997","txt_NSM":"-37.270000000000003","txt_EPR":"-1.530000000000000","txt_EPRunc":"1.740000000000000","txt_LRR":"-1.350000000000000","txt_LR2":"0.930000000000000","txt_LSE":"4.250000000000000","txt_LCI90":"0.320000000000000","txt_WLR":"-1.350000000000000","txt_WR2":"0.930000000000000","txt_WSE":"0.140000000000000","txt_WCI90":"0.320000000000000","txt_Shape_Length":"499.999988208577349","source_feature_index":135,"published_primary_rate_field":"LRR","published_primary_rate_m_per_year":-1.35,"dashboard_rate_class":"RETREAT","dashboard_classification_note":"Display convention only; source numeric value is preserved. Not an official DMCR class.","published_period":"1990-2019","published_dataset":"Shoreline ThaiCoast / Krabi_Points"},"geometry":{"type":"Point","coordinates":[99.12151872506598,7.587240362910304]}},{"type":"Feature","id":136,"properties":{"OBJECTID":112,"TransectID":112,"BaselineID":1,"GroupID":1,"TransOrder":112,"Azimuth":276.47,"ShrCount":6,"TCD":55500.0,"SHAPE_Leng":500.000000002,"SCE":30.86,"NSM":-21.5,"EPR":-0.88,"EPRunc":1.74,"LRR":-0.88,"LR2":0.85,"LSE":4.88,"LCI90":0.4,"WLR":-0.88,"WR2":0.85,"WSE":0.16,"WCI90":0.4,"Shape_Le_1":499.999912462,"ORIG_FID":99,"txt_OBJECTID_1":"99","txt_OBJECTID":"112","txt_TransectID":"112","txt_BaselineID":"1","txt_GroupID":"1","txt_TransOrder":"112","txt_Azimuth":"276.470000000000027","txt_ShrCount":"6","txt_TCD":"55500.000000000000000","txt_SHAPE_Leng":"500.000000001999979","txt_SCE":"30.859999999999999","txt_NSM":"-21.500000000000000","txt_EPR":"-0.880000000000000","txt_EPRunc":"1.740000000000000","txt_LRR":"-0.880000000000000","txt_LR2":"0.850000000000000","txt_LSE":"4.880000000000000","txt_LCI90":"0.400000000000000","txt_WLR":"-0.880000000000000","txt_WR2":"0.850000000000000","txt_WSE":"0.160000000000000","txt_WCI90":"0.400000000000000","txt_Shape_Length":"499.999912461899555","source_feature_index":136,"published_primary_rate_field":"LRR","published_primary_rate_m_per_year":-0.88,"dashboard_rate_class":"RETREAT","dashboard_classification_note":"Display convention only; source numeric value is preserved. Not an official DMCR class.","published_period":"1990-2019","published_dataset":"Shoreline ThaiCoast / Krabi_Points"},"geometry":{"type":"Point","coordinates":[99.1247513276382,7.592502252766562]}},{"type":"Feature","id":137,"properties":{"OBJECTID":113,"TransectID":113,"BaselineID":1,"GroupID":1,"TransOrder":113,"Azimuth":253.18,"ShrCount":7,"TCD":56000.0,"SHAPE_Leng":500.0,"SCE":24.75,"NSM":-11.82,"EPR":-0.49,"EPRunc":1.74,"LRR":-0.73,"LR2":0.76,"LSE":4.9,"LCI90":0.37,"WLR":-0.73,"WR2":0.76,"WSE":0.16,"WCI90":0.37,"Shape_Le_1":499.999934614,"ORIG_FID":100,"txt_OBJECTID_1":"100","txt_OBJECTID":"113","txt_TransectID":"113","txt_BaselineID":"1","txt_GroupID":"1","txt_TransOrder":"113","txt_Azimuth":"253.180000000000007","txt_ShrCount":"7","txt_TCD":"56000.000000000000000","txt_SHAPE_Leng":"500.000000000000000","txt_SCE":"24.750000000000000","txt_NSM":"-11.820000000000000","txt_EPR":"-0.490000000000000","txt_EPRunc":"1.740000000000000","txt_LRR":"-0.730000000000000","txt_LR2":"0.760000000000000","txt_LSE":"4.900000000000000","txt_LCI90":"0.370000000000000","txt_WLR":"-0.730000000000000","txt_WR2":"0.760000000000000","txt_WSE":"0.160000000000000","txt_WCI90":"0.370000000000000","txt_Shape_Length":"499.999934614496851","source_feature_index":137,"published_primary_rate_field":"LRR","published_primary_rate_m_per_year":-0.73,"dashboard_rate_class":"RETREAT","dashboard_classification_note":"Display convention only; source numeric value is preserved. Not an official DMCR class.","published_period":"1990-2019","published_dataset":"Shoreline ThaiCoast / Krabi_Points"},"geometry":{"type":"Point","coordinates":[99.12318338189687,7.597561462463029]}},{"type":"Feature","id":138,"properties":{"OBJECTID":114,"TransectID":114,"BaselineID":1,"GroupID":1,"TransOrder":114,"Azimuth":266.0,"ShrCount":6,"TCD":56500.0,"SHAPE_Leng":500.0,"SCE":25.64,"NSM":8.71,"EPR":0.36,"EPRunc":1.74,"LRR":-0.09,"LR2":0.01,"LSE":10.09,"LCI90":0.82,"WLR":-0.09,"WR2":0.01,"WSE":0.34,"WCI90":0.82,"Shape_Le_1":499.999931045,"ORIG_FID":101,"txt_OBJECTID_1":"101","txt_OBJECTID":"114","txt_TransectID":"114","txt_BaselineID":"1","txt_GroupID":"1","txt_TransOrder":"114","txt_Azimuth":"266.000000000000000","txt_ShrCount":"6","txt_TCD":"56500.000000000000000","txt_SHAPE_Leng":"500.000000000000000","txt_SCE":"25.640000000000001","txt_NSM":"8.710000000000001","txt_EPR":"0.360000000000000","txt_EPRunc":"1.740000000000000","txt_LRR":"-0.090000000000000","txt_LR2":"0.010000000000000","txt_LSE":"10.090000000000000","txt_LCI90":"0.820000000000000","txt_WLR":"-0.090000000000000","txt_WR2":"0.010000000000000","txt_WSE":"0.340000000000000","txt_WCI90":"0.820000000000000","txt_Shape_Length":"499.999931044933533","source_feature_index":138,"published_primary_rate_field":"LRR","published_primary_rate_m_per_year":-0.09,"dashboard_rate_class":"RELATIVELY_STABLE","dashboard_classification_note":"Display convention only; source numeric value is preserved. Not an official DMCR class.","published_period":"1990-2019","published_dataset":"Shoreline ThaiCoast / Krabi_Points"},"geometry":{"type":"Point","coordinates":[99.12223582052586,7.601256016406183]}},{"type":"Feature","id":139,"properties":{"OBJECTID":115,"TransectID":115,"BaselineID":1,"GroupID":1,"TransOrder":115,"Azimuth":289.91,"ShrCount":7,"TCD":57000.0,"SHAPE_Leng":500.000000001,"SCE":29.8,"NSM":-16.73,"EPR":-0.69,"EPRunc":1.74,"LRR":-0.51,"LR2":0.32,"LSE":8.97,"LCI90":0.68,"WLR":-0.51,"WR2":0.32,"WSE":0.3,"WCI90":0.68,"Shape_Le_1":500.000039109,"ORIG_FID":102,"txt_OBJECTID_1":"102","txt_OBJECTID":"115","txt_TransectID":"115","txt_BaselineID":"1","txt_GroupID":"1","txt_TransOrder":"115","txt_Azimuth":"289.910000000000025","txt_ShrCount":"7","txt_TCD":"57000.000000000000000","txt_SHAPE_Leng":"500.000000000999989","txt_SCE":"29.800000000000001","txt_NSM":"-16.730000000000000","txt_EPR":"-0.690000000000000","txt_EPRunc":"1.740000000000000","txt_LRR":"-0.510000000000000","txt_LR2":"0.320000000000000","txt_LSE":"8.970000000000001","txt_LCI90":"0.680000000000000","txt_WLR":"-0.510000000000000","txt_WR2":"0.320000000000000","txt_WSE":"0.300000000000000","txt_WCI90":"0.680000000000000","txt_Shape_Length":"500.000039108630631","source_feature_index":139,"published_primary_rate_field":"LRR","published_primary_rate_m_per_year":-0.51,"dashboard_rate_class":"RETREAT","dashboard_classification_note":"Display convention only; source numeric value is preserved. Not an official DMCR class.","published_period":"1990-2019","published_dataset":"Shoreline ThaiCoast / Krabi_Points"},"geometry":{"type":"Point","coordinates":[99.12255718935839,7.6045600358267835]}},{"type":"Feature","id":140,"properties":{"OBJECTID":116,"TransectID":116,"BaselineID":1,"GroupID":1,"TransOrder":116,"Azimuth":266.48,"ShrCount":7,"TCD":57500.0,"SHAPE_Leng":500.000000001,"SCE":18.31,"NSM":-12.98,"EPR":-0.53,"EPRunc":1.74,"LRR":-0.59,"LR2":0.88,"LSE":2.56,"LCI90":0.19,"WLR":-0.59,"WR2":0.88,"WSE":0.09,"WCI90":0.19,"Shape_Le_1":499.999998776,"ORIG_FID":103,"txt_OBJECTID_1":"103","txt_OBJECTID":"116","txt_TransectID":"116","txt_BaselineID":"1","txt_GroupID":"1","txt_TransOrder":"116","txt_Azimuth":"266.480000000000018","txt_ShrCount":"7","txt_TCD":"57500.000000000000000","txt_SHAPE_Leng":"500.000000000999989","txt_SCE":"18.309999999999999","txt_NSM":"-12.980000000000000","txt_EPR":"-0.530000000000000","txt_EPRunc":"1.740000000000000","txt_LRR":"-0.590000000000000","txt_LR2":"0.880000000000000","txt_LSE":"2.560000000000000","txt_LCI90":"0.190000000000000","txt_WLR":"-0.590000000000000","txt_WR2":"0.880000000000000","txt_WSE":"0.090000000000000","txt_WCI90":"0.190000000000000","txt_Shape_Length":"499.999998776415282","source_feature_index":140,"published_primary_rate_field":"LRR","published_primary_rate_m_per_year":-0.59,"dashboard_rate_class":"RETREAT","dashboard_classification_note":"Display convention only; source numeric value is preserved. Not an official DMCR class.","published_period":"1990-2019","published_dataset":"Shoreline ThaiCoast / Krabi_Points"},"geometry":{"type":"Point","coordinates":[99.12502766134668,7.608919575069198]}},{"type":"Feature","id":141,"properties":{"OBJECTID":117,"TransectID":117,"BaselineID":1,"GroupID":1,"TransOrder":117,"Azimuth":230.08,"ShrCount":7,"TCD":58000.0,"SHAPE_Leng":499.999999998,"SCE":74.53,"NSM":-31.41,"EPR":-1.29,"EPRunc":1.74,"LRR":-0.77,"LR2":0.09,"LSE":29.88,"LCI90":2.26,"WLR":-0.77,"WR2":0.09,"WSE":1.0,"WCI90":2.26,"Shape_Le_1":500.0000631,"ORIG_FID":104,"txt_OBJECTID_1":"104","txt_OBJECTID":"117","txt_TransectID":"117","txt_BaselineID":"1","txt_GroupID":"1","txt_TransOrder":"117","txt_Azimuth":"230.080000000000013","txt_ShrCount":"7","txt_TCD":"58000.000000000000000","txt_SHAPE_Leng":"499.999999998000021","txt_SCE":"74.530000000000001","txt_NSM":"-31.410000000000000","txt_EPR":"-1.290000000000000","txt_EPRunc":"1.740000000000000","txt_LRR":"-0.770000000000000","txt_LR2":"0.090000000000000","txt_LSE":"29.879999999999999","txt_LCI90":"2.260000000000000","txt_WLR":"-0.770000000000000","txt_WR2":"0.090000000000000","txt_WSE":"1.000000000000000","txt_WCI90":"2.260000000000000","txt_Shape_Length":"500.000063099595138","source_feature_index":141,"published_primary_rate_field":"LRR","published_primary_rate_m_per_year":-0.77,"dashboard_rate_class":"RETREAT","dashboard_classification_note":"Display convention only; source numeric value is preserved. Not an official DMCR class.","published_period":"1990-2019","published_dataset":"Shoreline ThaiCoast / Krabi_Points"},"geometry":{"type":"Point","coordinates":[99.12183038035063,7.61222724663737]}},{"type":"Feature","id":142,"properties":{"OBJECTID":118,"TransectID":118,"BaselineID":1,"GroupID":1,"TransOrder":118,"Azimuth":256.46,"ShrCount":7,"TCD":58500.0,"SHAPE_Leng":500.000000003,"SCE":84.22,"NSM":-24.5,"EPR":-1.01,"EPRunc":1.74,"LRR":-0.74,"LR2":0.09,"LSE":27.99,"LCI90":2.12,"WLR":-0.74,"WR2":0.09,"WSE":0.93,"WCI90":2.12,"Shape_Le_1":500.000004846,"ORIG_FID":105,"txt_OBJECTID_1":"105","txt_OBJECTID":"118","txt_TransectID":"118","txt_BaselineID":"1","txt_GroupID":"1","txt_TransOrder":"118","txt_Azimuth":"256.459999999999980","txt_ShrCount":"7","txt_TCD":"58500.000000000000000","txt_SHAPE_Leng":"500.000000003000025","txt_SCE":"84.219999999999999","txt_NSM":"-24.500000000000000","txt_EPR":"-1.010000000000000","txt_EPRunc":"1.740000000000000","txt_LRR":"-0.740000000000000","txt_LR2":"0.090000000000000","txt_LSE":"27.989999999999998","txt_LCI90":"2.120000000000000","txt_WLR":"-0.740000000000000","txt_WR2":"0.090000000000000","txt_WSE":"0.930000000000000","txt_WCI90":"2.120000000000000","txt_Shape_Length":"500.000004846361719","source_feature_index":142,"published_primary_rate_field":"LRR","published_primary_rate_m_per_year":-0.74,"dashboard_rate_class":"RETREAT","dashboard_classification_note":"Display convention only; source numeric value is preserved. Not an official DMCR class.","published_period":"1990-2019","published_dataset":"Shoreline ThaiCoast / Krabi_Points"},"geometry":{"type":"Point","coordinates":[99.12013176088158,7.61508113552883]}},{"type":"Feature","id":143,"properties":{"OBJECTID":119,"TransectID":119,"BaselineID":1,"GroupID":1,"TransOrder":119,"Azimuth":261.05,"ShrCount":7,"TCD":59000.0,"SHAPE_Leng":499.999999998,"SCE":70.03,"NSM":-64.47,"EPR":-2.65,"EPRunc":1.74,"LRR":-1.21,"LR2":0.26,"LSE":24.13,"LCI90":1.83,"WLR":-1.21,"WR2":0.26,"WSE":0.8,"WCI90":1.83,"Shape_Le_1":500.000037015,"ORIG_FID":106,"txt_OBJECTID_1":"106","txt_OBJECTID":"119","txt_TransectID":"119","txt_BaselineID":"1","txt_GroupID":"1","txt_TransOrder":"119","txt_Azimuth":"261.050000000000011","txt_ShrCount":"7","txt_TCD":"59000.000000000000000","txt_SHAPE_Leng":"499.999999998000021","txt_SCE":"70.030000000000001","txt_NSM":"-64.469999999999999","txt_EPR":"-2.650000000000000","txt_EPRunc":"1.740000000000000","txt_LRR":"-1.210000000000000","txt_LR2":"0.260000000000000","txt_LSE":"24.129999999999999","txt_LCI90":"1.830000000000000","txt_WLR":"-1.210000000000000","txt_WR2":"0.260000000000000","txt_WSE":"0.800000000000000","txt_WCI90":"1.830000000000000","txt_Shape_Length":"500.000037015104738","source_feature_index":143,"published_primary_rate_field":"LRR","published_primary_rate_m_per_year":-1.21,"dashboard_rate_class":"RETREAT","dashboard_classification_note":"Display convention only; source numeric value is preserved. Not an official DMCR class.","published_period":"1990-2019","published_dataset":"Shoreline ThaiCoast / Krabi_Points"},"geometry":{"type":"Point","coordinates":[99.12037371211548,7.619245228820757]}},{"type":"Feature","id":144,"properties":{"OBJECTID":120,"TransectID":120,"BaselineID":1,"GroupID":1,"TransOrder":120,"Azimuth":262.42,"ShrCount":5,"TCD":59500.0,"SHAPE_Leng":500.0,"SCE":83.71,"NSM":-65.74,"EPR":-2.7,"EPRunc":1.74,"LRR":-0.98,"LR2":0.12,"LSE":37.56,"LCI90":3.59,"WLR":-0.98,"WR2":0.12,"WSE":1.25,"WCI90":3.59,"Shape_Le_1":500.0000633,"ORIG_FID":107,"txt_OBJECTID_1":"107","txt_OBJECTID":"120","txt_TransectID":"120","txt_BaselineID":"1","txt_GroupID":"1","txt_TransOrder":"120","txt_Azimuth":"262.420000000000016","txt_ShrCount":"5","txt_TCD":"59500.000000000000000","txt_SHAPE_Leng":"500.000000000000000","txt_SCE":"83.709999999999994","txt_NSM":"-65.739999999999995","txt_EPR":"-2.700000000000000","txt_EPRunc":"1.740000000000000","txt_LRR":"-0.980000000000000","txt_LR2":"0.120000000000000","txt_LSE":"37.560000000000002","txt_LCI90":"3.590000000000000","txt_WLR":"-0.980000000000000","txt_WR2":"0.120000000000000","txt_WSE":"1.250000000000000","txt_WCI90":"3.590000000000000","txt_Shape_Length":"500.000063300153442","source_feature_index":144,"published_primary_rate_field":"LRR","published_primary_rate_m_per_year":-0.98,"dashboard_rate_class":"RETREAT","dashboard_classification_note":"Display convention only; source numeric value is preserved. Not an official DMCR class.","published_period":"1990-2019","published_dataset":"Shoreline ThaiCoast / Krabi_Points"},"geometry":{"type":"Point","coordinates":[99.11883113006459,7.6233809855779056]}},{"type":"Feature","id":145,"properties":{"OBJECTID":121,"TransectID":121,"BaselineID":1,"GroupID":1,"TransOrder":121,"Azimuth":285.22,"ShrCount":4,"TCD":60000.0,"SHAPE_Leng":500.0,"SCE":58.06,"NSM":-55.9,"EPR":-2.3,"EPRunc":1.74,"LRR":-1.24,"LR2":0.32,"LSE":28.12,"LCI90":3.76,"WLR":-1.24,"WR2":0.32,"WSE":0.94,"WCI90":3.76,"Shape_Le_1":500.000046194,"ORIG_FID":108,"txt_OBJECTID_1":"108","txt_OBJECTID":"121","txt_TransectID":"121","txt_BaselineID":"1","txt_GroupID":"1","txt_TransOrder":"121","txt_Azimuth":"285.220000000000027","txt_ShrCount":"4","txt_TCD":"60000.000000000000000","txt_SHAPE_Leng":"500.000000000000000","txt_SCE":"58.060000000000002","txt_NSM":"-55.899999999999999","txt_EPR":"-2.300000000000000","txt_EPRunc":"1.740000000000000","txt_LRR":"-1.240000000000000","txt_LR2":"0.320000000000000","txt_LSE":"28.120000000000001","txt_LCI90":"3.760000000000000","txt_WLR":"-1.240000000000000","txt_WR2":"0.320000000000000","txt_WSE":"0.940000000000000","txt_WCI90":"3.760000000000000","txt_Shape_Length":"500.000046194269203","source_feature_index":145,"published_primary_rate_field":"LRR","published_primary_rate_m_per_year":-1.24,"dashboard_rate_class":"RETREAT","dashboard_classification_note":"Display convention only; source numeric value is preserved. Not an official DMCR class.","published_period":"1990-2019","published_dataset":"Shoreline ThaiCoast / Krabi_Points"},"geometry":{"type":"Point","coordinates":[99.11924555949848,7.626386860167663]}},{"type":"Feature","id":146,"properties":{"OBJECTID":122,"TransectID":122,"BaselineID":1,"GroupID":1,"TransOrder":122,"Azimuth":308.0,"ShrCount":4,"TCD":60500.0,"SHAPE_Leng":499.999999995,"SCE":47.21,"NSM":-47.21,"EPR":-1.94,"EPRunc":1.74,"LRR":-0.73,"LR2":0.18,"LSE":24.37,"LCI90":3.26,"WLR":-0.73,"WR2":0.18,"WSE":0.81,"WCI90":3.26,"Shape_Le_1":500.000059062,"ORIG_FID":109,"txt_OBJECTID_1":"109","txt_OBJECTID":"122","txt_TransectID":"122","txt_BaselineID":"1","txt_GroupID":"1","txt_TransOrder":"122","txt_Azimuth":"308.000000000000000","txt_ShrCount":"4","txt_TCD":"60500.000000000000000","txt_SHAPE_Leng":"499.999999994999996","txt_SCE":"47.210000000000001","txt_NSM":"-47.210000000000001","txt_EPR":"-1.940000000000000","txt_EPRunc":"1.740000000000000","txt_LRR":"-0.730000000000000","txt_LR2":"0.180000000000000","txt_LSE":"24.370000000000001","txt_LCI90":"3.260000000000000","txt_WLR":"-0.730000000000000","txt_WR2":"0.180000000000000","txt_WSE":"0.810000000000000","txt_WCI90":"3.260000000000000","txt_Shape_Length":"500.000059062146477","source_feature_index":146,"published_primary_rate_field":"LRR","published_primary_rate_m_per_year":-0.73,"dashboard_rate_class":"RETREAT","dashboard_classification_note":"Display convention only; source numeric value is preserved. Not an official DMCR class.","published_period":"1990-2019","published_dataset":"Shoreline ThaiCoast / Krabi_Points"},"geometry":{"type":"Point","coordinates":[99.12013026164693,7.6281393294766415]}},{"type":"Feature","id":147,"properties":{"OBJECTID":123,"TransectID":123,"BaselineID":1,"GroupID":1,"TransOrder":123,"Azimuth":323.94,"ShrCount":5,"TCD":61000.0,"SHAPE_Leng":500.000000002,"SCE":75.25,"NSM":-75.25,"EPR":-3.09,"EPRunc":1.74,"LRR":-1.5,"LR2":0.36,"LSE":28.74,"LCI90":2.75,"WLR":-1.5,"WR2":0.36,"WSE":0.96,"WCI90":2.75,"Shape_Le_1":499.999998036,"ORIG_FID":110,"txt_OBJECTID_1":"110","txt_OBJECTID":"123","txt_TransectID":"123","txt_BaselineID":"1","txt_GroupID":"1","txt_TransOrder":"123","txt_Azimuth":"323.939999999999998","txt_ShrCount":"5","txt_TCD":"61000.000000000000000","txt_SHAPE_Leng":"500.000000001999979","txt_SCE":"75.250000000000000","txt_NSM":"-75.250000000000000","txt_EPR":"-3.090000000000000","txt_EPRunc":"1.740000000000000","txt_LRR":"-1.500000000000000","txt_LR2":"0.360000000000000","txt_LSE":"28.739999999999998","txt_LCI90":"2.750000000000000","txt_WLR":"-1.500000000000000","txt_WR2":"0.360000000000000","txt_WSE":"0.960000000000000","txt_WCI90":"2.750000000000000","txt_Shape_Length":"499.999998036253999","source_feature_index":147,"published_primary_rate_field":"LRR","published_primary_rate_m_per_year":-1.5,"dashboard_rate_class":"RETREAT","dashboard_classification_note":"Display convention only; source numeric value is preserved. Not an official DMCR class.","published_period":"1990-2019","published_dataset":"Shoreline ThaiCoast / Krabi_Points"},"geometry":{"type":"Point","coordinates":[99.1227531812725,7.630718650295433]}},{"type":"Feature","id":148,"properties":{"OBJECTID":124,"TransectID":124,"BaselineID":1,"GroupID":1,"TransOrder":124,"Azimuth":316.07,"ShrCount":7,"TCD":61500.0,"SHAPE_Leng":500.000000001,"SCE":38.2,"NSM":-38.2,"EPR":-1.57,"EPRunc":1.74,"LRR":-0.93,"LR2":0.71,"LSE":6.99,"LCI90":0.53,"WLR":-0.93,"WR2":0.71,"WSE":0.23,"WCI90":0.53,"Shape_Le_1":500.000030921,"ORIG_FID":111,"txt_OBJECTID_1":"111","txt_OBJECTID":"124","txt_TransectID":"124","txt_BaselineID":"1","txt_GroupID":"1","txt_TransOrder":"124","txt_Azimuth":"316.069999999999993","txt_ShrCount":"7","txt_TCD":"61500.000000000000000","txt_SHAPE_Leng":"500.000000000999989","txt_SCE":"38.200000000000003","txt_NSM":"-38.200000000000003","txt_EPR":"-1.570000000000000","txt_EPRunc":"1.740000000000000","txt_LRR":"-0.930000000000000","txt_LR2":"0.710000000000000","txt_LSE":"6.990000000000000","txt_LCI90":"0.530000000000000","txt_WLR":"-0.930000000000000","txt_WR2":"0.710000000000000","txt_WSE":"0.230000000000000","txt_WCI90":"0.530000000000000","txt_Shape_Length":"500.000030921277130","source_feature_index":148,"published_primary_rate_field":"LRR","published_primary_rate_m_per_year":-0.93,"dashboard_rate_class":"RETREAT","dashboard_classification_note":"Display convention only; source numeric value is preserved. Not an official DMCR class.","published_period":"1990-2019","published_dataset":"Shoreline ThaiCoast / Krabi_Points"},"geometry":{"type":"Point","coordinates":[99.12656166134951,7.632728320767049]}},{"type":"Feature","id":149,"properties":{"OBJECTID":125,"TransectID":125,"BaselineID":1,"GroupID":1,"TransOrder":125,"Azimuth":297.75,"ShrCount":6,"TCD":62000.0,"SHAPE_Leng":500.0,"SCE":87.7,"NSM":-34.24,"EPR":-1.41,"EPRunc":1.74,"LRR":-1.41,"LR2":0.29,"LSE":27.51,"LCI90":2.33,"WLR":-1.41,"WR2":0.29,"WSE":0.92,"WCI90":2.33,"Shape_Le_1":500.000006991,"ORIG_FID":112,"txt_OBJECTID_1":"112","txt_OBJECTID":"125","txt_TransectID":"125","txt_BaselineID":"1","txt_GroupID":"1","txt_TransOrder":"125","txt_Azimuth":"297.750000000000000","txt_ShrCount":"6","txt_TCD":"62000.000000000000000","txt_SHAPE_Leng":"500.000000000000000","txt_SCE":"87.700000000000003","txt_NSM":"-34.240000000000002","txt_EPR":"-1.410000000000000","txt_EPRunc":"1.740000000000000","txt_LRR":"-1.410000000000000","txt_LR2":"0.290000000000000","txt_LSE":"27.510000000000002","txt_LCI90":"2.330000000000000","txt_WLR":"-1.410000000000000","txt_WR2":"0.290000000000000","txt_WSE":"0.920000000000000","txt_WCI90":"2.330000000000000","txt_Shape_Length":"500.000006990724842","source_feature_index":149,"published_primary_rate_field":"LRR","published_primary_rate_m_per_year":-1.41,"dashboard_rate_class":"RETREAT","dashboard_classification_note":"Display convention only; source numeric value is preserved. Not an official DMCR class.","published_period":"1990-2019","published_dataset":"Shoreline ThaiCoast / Krabi_Points"},"geometry":{"type":"Point","coordinates":[99.12887514538399,7.636728043565246]}},{"type":"Feature","id":150,"properties":{"OBJECTID":126,"TransectID":126,"BaselineID":1,"GroupID":1,"TransOrder":126,"Azimuth":281.29,"ShrCount":6,"TCD":62500.0,"SHAPE_Leng":500.000000001,"SCE":22.91,"NSM":-3.98,"EPR":-0.16,"EPRunc":1.74,"LRR":-0.61,"LR2":0.48,"LSE":8.06,"LCI90":0.68,"WLR":-0.61,"WR2":0.48,"WSE":0.27,"WCI90":0.68,"Shape_Le_1":499.999995695,"ORIG_FID":113,"txt_OBJECTID_1":"113","txt_OBJECTID":"126","txt_TransectID":"126","txt_BaselineID":"1","txt_GroupID":"1","txt_TransOrder":"126","txt_Azimuth":"281.290000000000020","txt_ShrCount":"6","txt_TCD":"62500.000000000000000","txt_SHAPE_Leng":"500.000000000999989","txt_SCE":"22.910000000000000","txt_NSM":"-3.980000000000000","txt_EPR":"-0.160000000000000","txt_EPRunc":"1.740000000000000","txt_LRR":"-0.610000000000000","txt_LR2":"0.480000000000000","txt_LSE":"8.060000000000000","txt_LCI90":"0.680000000000000","txt_WLR":"-0.610000000000000","txt_WR2":"0.480000000000000","txt_WSE":"0.270000000000000","txt_WCI90":"0.680000000000000","txt_Shape_Length":"499.999995695254427","source_feature_index":150,"published_primary_rate_field":"LRR","published_primary_rate_m_per_year":-0.61,"dashboard_rate_class":"RETREAT","dashboard_classification_note":"Display convention only; source numeric value is preserved. Not an official DMCR class.","published_period":"1990-2019","published_dataset":"Shoreline ThaiCoast / Krabi_Points"},"geometry":{"type":"Point","coordinates":[99.13100134465738,7.641092620934044]}},{"type":"Feature","id":151,"properties":{"OBJECTID":127,"TransectID":127,"BaselineID":1,"GroupID":1,"TransOrder":127,"Azimuth":269.67,"ShrCount":6,"TCD":63000.0,"SHAPE_Leng":500.0,"SCE":33.85,"NSM":-31.1,"EPR":-1.28,"EPRunc":1.74,"LRR":-0.93,"LR2":0.67,"LSE":8.16,"LCI90":0.69,"WLR":-0.93,"WR2":0.67,"WSE":0.27,"WCI90":0.69,"Shape_Le_1":499.99998044,"ORIG_FID":114,"txt_OBJECTID_1":"114","txt_OBJECTID":"127","txt_TransectID":"127","txt_BaselineID":"1","txt_GroupID":"1","txt_TransOrder":"127","txt_Azimuth":"269.670000000000016","txt_ShrCount":"6","txt_TCD":"63000.000000000000000","txt_SHAPE_Leng":"500.000000000000000","txt_SCE":"33.850000000000001","txt_NSM":"-31.100000000000001","txt_EPR":"-1.280000000000000","txt_EPRunc":"1.740000000000000","txt_LRR":"-0.930000000000000","txt_LR2":"0.670000000000000","txt_LSE":"8.160000000000000","txt_LCI90":"0.690000000000000","txt_WLR":"-0.930000000000000","txt_WR2":"0.670000000000000","txt_WSE":"0.270000000000000","txt_WCI90":"0.690000000000000","txt_Shape_Length":"499.999980440154729","source_feature_index":151,"published_primary_rate_field":"LRR","published_primary_rate_m_per_year":-0.93,"dashboard_rate_class":"RETREAT","dashboard_classification_note":"Display convention only; source numeric value is preserved. Not an official DMCR class.","published_period":"1990-2019","published_dataset":"Shoreline ThaiCoast / Krabi_Points"},"geometry":{"type":"Point","coordinates":[99.1307809208078,7.645999439198297]}},{"type":"Feature","id":152,"properties":{"OBJECTID":128,"TransectID":128,"BaselineID":1,"GroupID":1,"TransOrder":128,"Azimuth":265.36,"ShrCount":7,"TCD":63500.0,"SHAPE_Leng":499.999999997,"SCE":24.3,"NSM":-11.62,"EPR":-0.48,"EPRunc":1.74,"LRR":-0.23,"LR2":0.07,"LSE":10.26,"LCI90":0.78,"WLR":-0.23,"WR2":0.07,"WSE":0.34,"WCI90":0.78,"Shape_Le_1":499.99994487,"ORIG_FID":115,"txt_OBJECTID_1":"115","txt_OBJECTID":"128","txt_TransectID":"128","txt_BaselineID":"1","txt_GroupID":"1","txt_TransOrder":"128","txt_Azimuth":"265.360000000000014","txt_ShrCount":"7","txt_TCD":"63500.000000000000000","txt_SHAPE_Leng":"499.999999996999975","txt_SCE":"24.300000000000001","txt_NSM":"-11.619999999999999","txt_EPR":"-0.480000000000000","txt_EPRunc":"1.740000000000000","txt_LRR":"-0.230000000000000","txt_LR2":"0.070000000000000","txt_LSE":"10.260000000000000","txt_LCI90":"0.780000000000000","txt_WLR":"-0.230000000000000","txt_WR2":"0.070000000000000","txt_WSE":"0.340000000000000","txt_WCI90":"0.780000000000000","txt_Shape_Length":"499.999944869813248","source_feature_index":152,"published_primary_rate_field":"LRR","published_primary_rate_m_per_year":-0.23,"dashboard_rate_class":"RELATIVELY_STABLE","dashboard_classification_note":"Display convention only; source numeric value is preserved. Not an official DMCR class.","published_period":"1990-2019","published_dataset":"Shoreline ThaiCoast / Krabi_Points"},"geometry":{"type":"Point","coordinates":[99.13099167282587,7.650304264460429]}},{"type":"Feature","id":153,"properties":{"OBJECTID":129,"TransectID":129,"BaselineID":1,"GroupID":1,"TransOrder":129,"Azimuth":244.79,"ShrCount":6,"TCD":64000.0,"SHAPE_Leng":499.999999998,"SCE":27.49,"NSM":-7.59,"EPR":-0.31,"EPRunc":1.74,"LRR":-0.34,"LR2":0.13,"LSE":11.42,"LCI90":0.93,"WLR":-0.34,"WR2":0.13,"WSE":0.38,"WCI90":0.93,"Shape_Le_1":499.999932365,"ORIG_FID":116,"txt_OBJECTID_1":"116","txt_OBJECTID":"129","txt_TransectID":"129","txt_BaselineID":"1","txt_GroupID":"1","txt_TransOrder":"129","txt_Azimuth":"244.789999999999992","txt_ShrCount":"6","txt_TCD":"64000.000000000000000","txt_SHAPE_Leng":"499.999999998000021","txt_SCE":"27.489999999999998","txt_NSM":"-7.590000000000000","txt_EPR":"-0.310000000000000","txt_EPRunc":"1.740000000000000","txt_LRR":"-0.340000000000000","txt_LR2":"0.130000000000000","txt_LSE":"11.420000000000000","txt_LCI90":"0.930000000000000","txt_WLR":"-0.340000000000000","txt_WR2":"0.130000000000000","txt_WSE":"0.380000000000000","txt_WCI90":"0.930000000000000","txt_Shape_Length":"499.999932364518600","source_feature_index":153,"published_primary_rate_field":"LRR","published_primary_rate_m_per_year":-0.34,"dashboard_rate_class":"RELATIVELY_STABLE","dashboard_classification_note":"Display convention only; source numeric value is preserved. Not an official DMCR class.","published_period":"1990-2019","published_dataset":"Shoreline ThaiCoast / Krabi_Points"},"geometry":{"type":"Point","coordinates":[99.12989346416427,7.655240716487782]}},{"type":"Feature","id":154,"properties":{"OBJECTID":130,"TransectID":130,"BaselineID":1,"GroupID":1,"TransOrder":130,"Azimuth":237.16,"ShrCount":7,"TCD":64500.0,"SHAPE_Leng":500.000000001,"SCE":38.17,"NSM":-26.28,"EPR":-1.08,"EPRunc":1.74,"LRR":-0.71,"LR2":0.34,"LSE":11.77,"LCI90":0.89,"WLR":-0.71,"WR2":0.34,"WSE":0.39,"WCI90":0.89,"Shape_Le_1":499.999996606,"ORIG_FID":117,"txt_OBJECTID_1":"117","txt_OBJECTID":"130","txt_TransectID":"130","txt_BaselineID":"1","txt_GroupID":"1","txt_TransOrder":"130","txt_Azimuth":"237.159999999999997","txt_ShrCount":"7","txt_TCD":"64500.000000000000000","txt_SHAPE_Leng":"500.000000000999989","txt_SCE":"38.170000000000002","txt_NSM":"-26.280000000000001","txt_EPR":"-1.080000000000000","txt_EPRunc":"1.740000000000000","txt_LRR":"-0.710000000000000","txt_LR2":"0.340000000000000","txt_LSE":"11.770000000000000","txt_LCI90":"0.890000000000000","txt_WLR":"-0.710000000000000","txt_WR2":"0.340000000000000","txt_WSE":"0.390000000000000","txt_WCI90":"0.890000000000000","txt_Shape_Length":"499.999996606326249","source_feature_index":154,"published_primary_rate_field":"LRR","published_primary_rate_m_per_year":-0.71,"dashboard_rate_class":"RETREAT","dashboard_classification_note":"Display convention only; source numeric value is preserved. Not an official DMCR class.","published_period":"1990-2019","published_dataset":"Shoreline ThaiCoast / Krabi_Points"},"geometry":{"type":"Point","coordinates":[99.12712143347112,7.658803560730068]}},{"type":"Feature","id":155,"properties":{"OBJECTID":131,"TransectID":131,"BaselineID":1,"GroupID":1,"TransOrder":131,"Azimuth":246.56,"ShrCount":6,"TCD":65000.0,"SHAPE_Leng":500.000000001,"SCE":23.8,"NSM":-1.39,"EPR":-0.06,"EPRunc":1.74,"LRR":-0.17,"LR2":0.04,"LSE":10.15,"LCI90":0.86,"WLR":-0.17,"WR2":0.04,"WSE":0.34,"WCI90":0.86,"Shape_Le_1":500.000000986,"ORIG_FID":118,"txt_OBJECTID_1":"118","txt_OBJECTID":"131","txt_TransectID":"131","txt_BaselineID":"1","txt_GroupID":"1","txt_TransOrder":"131","txt_Azimuth":"246.560000000000002","txt_ShrCount":"6","txt_TCD":"65000.000000000000000","txt_SHAPE_Leng":"500.000000000999989","txt_SCE":"23.800000000000001","txt_NSM":"-1.390000000000000","txt_EPR":"-0.060000000000000","txt_EPRunc":"1.740000000000000","txt_LRR":"-0.170000000000000","txt_LR2":"0.040000000000000","txt_LSE":"10.150000000000000","txt_LCI90":"0.860000000000000","txt_WLR":"-0.170000000000000","txt_WR2":"0.040000000000000","txt_WSE":"0.340000000000000","txt_WCI90":"0.860000000000000","txt_Shape_Length":"500.000000986401062","source_feature_index":155,"published_primary_rate_field":"LRR","published_primary_rate_m_per_year":-0.17,"dashboard_rate_class":"RELATIVELY_STABLE","dashboard_classification_note":"Display convention only; source numeric value is preserved. Not an official DMCR class.","published_period":"1990-2019","published_dataset":"Shoreline ThaiCoast / Krabi_Points"},"geometry":{"type":"Point","coordinates":[99.12526434461117,7.662380367771668]}},{"type":"Feature","id":156,"properties":{"OBJECTID":132,"TransectID":132,"BaselineID":1,"GroupID":1,"TransOrder":132,"Azimuth":249.9,"ShrCount":7,"TCD":65500.0,"SHAPE_Leng":499.999999997,"SCE":29.15,"NSM":-28.07,"EPR":-1.15,"EPRunc":1.74,"LRR":-0.89,"LR2":0.81,"LSE":5.2,"LCI90":0.39,"WLR":-0.89,"WR2":0.81,"WSE":0.17,"WCI90":0.39,"Shape_Le_1":499.999999556,"ORIG_FID":119,"txt_OBJECTID_1":"119","txt_OBJECTID":"132","txt_TransectID":"132","txt_BaselineID":"1","txt_GroupID":"1","txt_TransOrder":"132","txt_Azimuth":"249.900000000000006","txt_ShrCount":"7","txt_TCD":"65500.000000000000000","txt_SHAPE_Leng":"499.999999996999975","txt_SCE":"29.149999999999999","txt_NSM":"-28.070000000000000","txt_EPR":"-1.150000000000000","txt_EPRunc":"1.740000000000000","txt_LRR":"-0.890000000000000","txt_LR2":"0.810000000000000","txt_LSE":"5.200000000000000","txt_LCI90":"0.390000000000000","txt_WLR":"-0.890000000000000","txt_WR2":"0.810000000000000","txt_WSE":"0.170000000000000","txt_WCI90":"0.390000000000000","txt_Shape_Length":"499.999999556192677","source_feature_index":156,"published_primary_rate_field":"LRR","published_primary_rate_m_per_year":-0.89,"dashboard_rate_class":"RETREAT","dashboard_classification_note":"Display convention only; source numeric value is preserved. Not an official DMCR class.","published_period":"1990-2019","published_dataset":"Shoreline ThaiCoast / Krabi_Points"},"geometry":{"type":"Point","coordinates":[99.12389033500315,7.666312269773844]}},{"type":"Feature","id":157,"properties":{"OBJECTID":133,"TransectID":133,"BaselineID":1,"GroupID":1,"TransOrder":133,"Azimuth":247.53,"ShrCount":6,"TCD":66000.0,"SHAPE_Leng":500.000000001,"SCE":46.58,"NSM":-41.19,"EPR":-1.69,"EPRunc":1.74,"LRR":-0.72,"LR2":0.2,"LSE":18.12,"LCI90":1.53,"WLR":-0.72,"WR2":0.2,"WSE":0.6,"WCI90":1.53,"Shape_Le_1":500.000001271,"ORIG_FID":120,"txt_OBJECTID_1":"120","txt_OBJECTID":"133","txt_TransectID":"133","txt_BaselineID":"1","txt_GroupID":"1","txt_TransOrder":"133","txt_Azimuth":"247.530000000000001","txt_ShrCount":"6","txt_TCD":"66000.000000000000000","txt_SHAPE_Leng":"500.000000000999989","txt_SCE":"46.579999999999998","txt_NSM":"-41.189999999999998","txt_EPR":"-1.690000000000000","txt_EPRunc":"1.740000000000000","txt_LRR":"-0.720000000000000","txt_LR2":"0.200000000000000","txt_LSE":"18.120000000000001","txt_LCI90":"1.530000000000000","txt_WLR":"-0.720000000000000","txt_WR2":"0.200000000000000","txt_WSE":"0.600000000000000","txt_WCI90":"1.530000000000000","txt_Shape_Length":"500.000001271436645","source_feature_index":157,"published_primary_rate_field":"LRR","published_primary_rate_m_per_year":-0.72,"dashboard_rate_class":"RETREAT","dashboard_classification_note":"Display convention only; source numeric value is preserved. Not an official DMCR class.","published_period":"1990-2019","published_dataset":"Shoreline ThaiCoast / Krabi_Points"},"geometry":{"type":"Point","coordinates":[99.122325741963,7.670404744940154]}},{"type":"Feature","id":158,"properties":{"OBJECTID":134,"TransectID":134,"BaselineID":1,"GroupID":1,"TransOrder":134,"Azimuth":237.95,"ShrCount":6,"TCD":66500.0,"SHAPE_Leng":499.999999995,"SCE":25.15,"NSM":-22.07,"EPR":-0.91,"EPRunc":1.74,"LRR":-0.53,"LR2":0.35,"LSE":9.53,"LCI90":0.77,"WLR":-0.53,"WR2":0.35,"WSE":0.32,"WCI90":0.77,"Shape_Le_1":499.999954822,"ORIG_FID":121,"txt_OBJECTID_1":"121","txt_OBJECTID":"134","txt_TransectID":"134","txt_BaselineID":"1","txt_GroupID":"1","txt_TransOrder":"134","txt_Azimuth":"237.949999999999989","txt_ShrCount":"6","txt_TCD":"66500.000000000000000","txt_SHAPE_Leng":"499.999999994999996","txt_SCE":"25.149999999999999","txt_NSM":"-22.070000000000000","txt_EPR":"-0.910000000000000","txt_EPRunc":"1.740000000000000","txt_LRR":"-0.530000000000000","txt_LR2":"0.350000000000000","txt_LSE":"9.529999999999999","txt_LCI90":"0.770000000000000","txt_WLR":"-0.530000000000000","txt_WR2":"0.350000000000000","txt_WSE":"0.320000000000000","txt_WCI90":"0.770000000000000","txt_Shape_Length":"499.999954821516042","source_feature_index":158,"published_primary_rate_field":"LRR","published_primary_rate_m_per_year":-0.53,"dashboard_rate_class":"RETREAT","dashboard_classification_note":"Display convention only; source numeric value is preserved. Not an official DMCR class.","published_period":"1990-2019","published_dataset":"Shoreline ThaiCoast / Krabi_Points"},"geometry":{"type":"Point","coordinates":[99.12043125456015,7.674583202070619]}},{"type":"Feature","id":159,"properties":{"OBJECTID":135,"TransectID":135,"BaselineID":1,"GroupID":1,"TransOrder":135,"Azimuth":233.34,"ShrCount":7,"TCD":67000.0,"SHAPE_Leng":499.999999999,"SCE":30.9,"NSM":-14.23,"EPR":-0.58,"EPRunc":1.74,"LRR":-0.34,"LR2":0.1,"LSE":12.31,"LCI90":0.93,"WLR":-0.34,"WR2":0.1,"WSE":0.41,"WCI90":0.93,"Shape_Le_1":500.000016761,"ORIG_FID":122,"txt_OBJECTID_1":"122","txt_OBJECTID":"135","txt_TransectID":"135","txt_BaselineID":"1","txt_GroupID":"1","txt_TransOrder":"135","txt_Azimuth":"233.340000000000003","txt_ShrCount":"7","txt_TCD":"67000.000000000000000","txt_SHAPE_Leng":"499.999999999000011","txt_SCE":"30.899999999999999","txt_NSM":"-14.230000000000000","txt_EPR":"-0.580000000000000","txt_EPRunc":"1.740000000000000","txt_LRR":"-0.340000000000000","txt_LR2":"0.100000000000000","txt_LSE":"12.310000000000000","txt_LCI90":"0.930000000000000","txt_WLR":"-0.340000000000000","txt_WR2":"0.100000000000000","txt_WSE":"0.410000000000000","txt_WCI90":"0.930000000000000","txt_Shape_Length":"500.000016761466725","source_feature_index":159,"published_primary_rate_field":"LRR","published_primary_rate_m_per_year":-0.34,"dashboard_rate_class":"RELATIVELY_STABLE","dashboard_classification_note":"Display convention only; source numeric value is preserved. Not an official DMCR class.","published_period":"1990-2019","published_dataset":"Shoreline ThaiCoast / Krabi_Points"},"geometry":{"type":"Point","coordinates":[99.11751812873871,7.678114686604828]}},{"type":"Feature","id":160,"properties":{"OBJECTID":136,"TransectID":136,"BaselineID":1,"GroupID":1,"TransOrder":136,"Azimuth":231.59,"ShrCount":6,"TCD":67500.0,"SHAPE_Leng":499.999999997,"SCE":37.13,"NSM":-18.2,"EPR":-0.75,"EPRunc":1.74,"LRR":-0.31,"LR2":0.06,"LSE":15.1,"LCI90":1.28,"WLR":-0.31,"WR2":0.06,"WSE":0.5,"WCI90":1.28,"Shape_Le_1":500.000054407,"ORIG_FID":123,"txt_OBJECTID_1":"123","txt_OBJECTID":"136","txt_TransectID":"136","txt_BaselineID":"1","txt_GroupID":"1","txt_TransOrder":"136","txt_Azimuth":"231.590000000000003","txt_ShrCount":"6","txt_TCD":"67500.000000000000000","txt_SHAPE_Leng":"499.999999996999975","txt_SCE":"37.130000000000003","txt_NSM":"-18.199999999999999","txt_EPR":"-0.750000000000000","txt_EPRunc":"1.740000000000000","txt_LRR":"-0.310000000000000","txt_LR2":"0.060000000000000","txt_LSE":"15.100000000000000","txt_LCI90":"1.280000000000000","txt_WLR":"-0.310000000000000","txt_WR2":"0.060000000000000","txt_WSE":"0.500000000000000","txt_WCI90":"1.280000000000000","txt_Shape_Length":"500.000054406838558","source_feature_index":160,"published_primary_rate_field":"LRR","published_primary_rate_m_per_year":-0.31,"dashboard_rate_class":"RELATIVELY_STABLE","dashboard_classification_note":"Display convention only; source numeric value is preserved. Not an official DMCR class.","published_period":"1990-2019","published_dataset":"Shoreline ThaiCoast / Krabi_Points"},"geometry":{"type":"Point","coordinates":[99.11510170741975,7.68174048362911]}},{"type":"Feature","id":161,"properties":{"OBJECTID":137,"TransectID":137,"BaselineID":1,"GroupID":1,"TransOrder":137,"Azimuth":205.98,"ShrCount":7,"TCD":68000.0,"SHAPE_Leng":500.000000001,"SCE":61.82,"NSM":-30.06,"EPR":-1.24,"EPRunc":1.74,"LRR":-1.23,"LR2":0.37,"LSE":18.99,"LCI90":1.44,"WLR":-1.23,"WR2":0.37,"WSE":0.63,"WCI90":1.44,"Shape_Le_1":500.000038799,"ORIG_FID":124,"txt_OBJECTID_1":"124","txt_OBJECTID":"137","txt_TransectID":"137","txt_BaselineID":"1","txt_GroupID":"1","txt_TransOrder":"137","txt_Azimuth":"205.979999999999990","txt_ShrCount":"7","txt_TCD":"68000.000000000000000","txt_SHAPE_Leng":"500.000000000999989","txt_SCE":"61.820000000000000","txt_NSM":"-30.059999999999999","txt_EPR":"-1.240000000000000","txt_EPRunc":"1.740000000000000","txt_LRR":"-1.230000000000000","txt_LR2":"0.370000000000000","txt_LSE":"18.989999999999998","txt_LCI90":"1.440000000000000","txt_WLR":"-1.230000000000000","txt_WR2":"0.370000000000000","txt_WSE":"0.630000000000000","txt_WCI90":"1.440000000000000","txt_Shape_Length":"500.000038798741286","source_feature_index":161,"published_primary_rate_field":"LRR","published_primary_rate_m_per_year":-1.23,"dashboard_rate_class":"RETREAT","dashboard_classification_note":"Display convention only; source numeric value is preserved. Not an official DMCR class.","published_period":"1990-2019","published_dataset":"Shoreline ThaiCoast / Krabi_Points"},"geometry":{"type":"Point","coordinates":[99.11129572526116,7.68559167848567]}},{"type":"Feature","id":162,"properties":{"OBJECTID":138,"TransectID":138,"BaselineID":1,"GroupID":1,"TransOrder":138,"Azimuth":150.93,"ShrCount":5,"TCD":68500.0,"SHAPE_Leng":499.999999992,"SCE":41.67,"NSM":8.24,"EPR":0.34,"EPRunc":1.74,"LRR":0.96,"LR2":0.61,"LSE":10.93,"LCI90":1.05,"WLR":0.96,"WR2":0.61,"WSE":0.36,"WCI90":1.05,"Shape_Le_1":499.999944494,"ORIG_FID":125,"txt_OBJECTID_1":"125","txt_OBJECTID":"138","txt_TransectID":"138","txt_BaselineID":"1","txt_GroupID":"1","txt_TransOrder":"138","txt_Azimuth":"150.930000000000007","txt_ShrCount":"5","txt_TCD":"68500.000000000000000","txt_SHAPE_Leng":"499.999999992000028","txt_SCE":"41.670000000000002","txt_NSM":"8.240000000000000","txt_EPR":"0.340000000000000","txt_EPRunc":"1.740000000000000","txt_LRR":"0.960000000000000","txt_LR2":"0.610000000000000","txt_LSE":"10.930000000000000","txt_LCI90":"1.050000000000000","txt_WLR":"0.960000000000000","txt_WR2":"0.610000000000000","txt_WSE":"0.360000000000000","txt_WCI90":"1.050000000000000","txt_Shape_Length":"499.999944493516466","source_feature_index":162,"published_primary_rate_field":"LRR","published_primary_rate_m_per_year":0.96,"dashboard_rate_class":"ACCRETION","dashboard_classification_note":"Display convention only; source numeric value is preserved. Not an official DMCR class.","published_period":"1990-2019","published_dataset":"Shoreline ThaiCoast / Krabi_Points"},"geometry":{"type":"Point","coordinates":[99.10593031761427,7.68537430695905]}},{"type":"Feature","id":163,"properties":{"OBJECTID":139,"TransectID":139,"BaselineID":1,"GroupID":1,"TransOrder":139,"Azimuth":137.87,"ShrCount":5,"TCD":69000.0,"SHAPE_Leng":500.0,"SCE":51.53,"NSM":6.23,"EPR":0.26,"EPRunc":1.74,"LRR":1.06,"LR2":0.43,"LSE":17.2,"LCI90":1.65,"WLR":1.06,"WR2":0.43,"WSE":0.57,"WCI90":1.65,"Shape_Le_1":500.00002322,"ORIG_FID":126,"txt_OBJECTID_1":"126","txt_OBJECTID":"139","txt_TransectID":"139","txt_BaselineID":"1","txt_GroupID":"1","txt_TransOrder":"139","txt_Azimuth":"137.870000000000005","txt_ShrCount":"5","txt_TCD":"69000.000000000000000","txt_SHAPE_Leng":"500.000000000000000","txt_SCE":"51.530000000000001","txt_NSM":"6.230000000000000","txt_EPR":"0.260000000000000","txt_EPRunc":"1.740000000000000","txt_LRR":"1.060000000000000","txt_LR2":"0.430000000000000","txt_LSE":"17.199999999999999","txt_LCI90":"1.650000000000000","txt_WLR":"1.060000000000000","txt_WR2":"0.430000000000000","txt_WSE":"0.570000000000000","txt_WCI90":"1.650000000000000","txt_Shape_Length":"500.000023220489311","source_feature_index":163,"published_primary_rate_field":"LRR","published_primary_rate_m_per_year":1.06,"dashboard_rate_class":"ACCRETION","dashboard_classification_note":"Display convention only; source numeric value is preserved. Not an official DMCR class.","published_period":"1990-2019","published_dataset":"Shoreline ThaiCoast / Krabi_Points"},"geometry":{"type":"Point","coordinates":[99.10264118953518,7.681832520108603]}},{"type":"Feature","id":164,"properties":{"OBJECTID":140,"TransectID":140,"BaselineID":1,"GroupID":1,"TransOrder":140,"Azimuth":161.45,"ShrCount":4,"TCD":69500.0,"SHAPE_Leng":500.000000001,"SCE":43.63,"NSM":27.51,"EPR":1.13,"EPRunc":1.74,"LRR":1.27,"LR2":0.76,"LSE":10.91,"LCI90":1.46,"WLR":1.27,"WR2":0.76,"WSE":0.36,"WCI90":1.46,"Shape_Le_1":499.99992699,"ORIG_FID":127,"txt_OBJECTID_1":"127","txt_OBJECTID":"140","txt_TransectID":"140","txt_BaselineID":"1","txt_GroupID":"1","txt_TransOrder":"140","txt_Azimuth":"161.449999999999989","txt_ShrCount":"4","txt_TCD":"69500.000000000000000","txt_SHAPE_Leng":"500.000000000999989","txt_SCE":"43.630000000000003","txt_NSM":"27.510000000000002","txt_EPR":"1.130000000000000","txt_EPRunc":"1.740000000000000","txt_LRR":"1.270000000000000","txt_LR2":"0.760000000000000","txt_LSE":"10.910000000000000","txt_LCI90":"1.460000000000000","txt_WLR":"1.270000000000000","txt_WR2":"0.760000000000000","txt_WSE":"0.360000000000000","txt_WCI90":"1.460000000000000","txt_Shape_Length":"499.999926990399388","source_feature_index":164,"published_primary_rate_field":"LRR","published_primary_rate_m_per_year":1.27,"dashboard_rate_class":"ACCRETION","dashboard_classification_note":"Display convention only; source numeric value is preserved. Not an official DMCR class.","published_period":"1990-2019","published_dataset":"Shoreline ThaiCoast / Krabi_Points"},"geometry":{"type":"Point","coordinates":[99.10006580954435,7.679908485153441]}},{"type":"Feature","id":165,"properties":{"OBJECTID":141,"TransectID":141,"BaselineID":1,"GroupID":1,"TransOrder":141,"Azimuth":180.12,"ShrCount":4,"TCD":70000.0,"SHAPE_Leng":500.000000005,"SCE":46.63,"NSM":9.7,"EPR":0.4,"EPRunc":1.74,"LRR":0.73,"LR2":0.2,"LSE":22.32,"LCI90":2.99,"WLR":0.73,"WR2":0.2,"WSE":0.74,"WCI90":2.99,"Shape_Le_1":500.000001242,"ORIG_FID":128,"txt_OBJECTID_1":"128","txt_OBJECTID":"141","txt_TransectID":"141","txt_BaselineID":"1","txt_GroupID":"1","txt_TransOrder":"141","txt_Azimuth":"180.120000000000005","txt_ShrCount":"4","txt_TCD":"70000.000000000000000","txt_SHAPE_Leng":"500.000000005000004","txt_SCE":"46.630000000000003","txt_NSM":"9.699999999999999","txt_EPR":"0.400000000000000","txt_EPRunc":"1.740000000000000","txt_LRR":"0.730000000000000","txt_LR2":"0.200000000000000","txt_LSE":"22.320000000000000","txt_LCI90":"2.990000000000000","txt_WLR":"0.730000000000000","txt_WR2":"0.200000000000000","txt_WSE":"0.740000000000000","txt_WCI90":"2.990000000000000","txt_Shape_Length":"500.000001241575774","source_feature_index":165,"published_primary_rate_field":"LRR","published_primary_rate_m_per_year":0.73,"dashboard_rate_class":"ACCRETION","dashboard_classification_note":"Display convention only; source numeric value is preserved. Not an official DMCR class.","published_period":"1990-2019","published_dataset":"Shoreline ThaiCoast / Krabi_Points"},"geometry":{"type":"Point","coordinates":[99.09641218350133,7.679822080169248]}},{"type":"Feature","id":166,"properties":{"OBJECTID":142,"TransectID":142,"BaselineID":1,"GroupID":1,"TransOrder":142,"Azimuth":193.62,"ShrCount":3,"TCD":70500.0,"SHAPE_Leng":499.999999998,"SCE":28.14,"NSM":22.55,"EPR":0.93,"EPRunc":1.74,"LRR":0.53,"LR2":0.22,"LSE":18.63,"LCI90":6.37,"WLR":0.53,"WR2":0.22,"WSE":0.62,"WCI90":6.37,"Shape_Le_1":499.999974182,"ORIG_FID":129,"txt_OBJECTID_1":"129","txt_OBJECTID":"142","txt_TransectID":"142","txt_BaselineID":"1","txt_GroupID":"1","txt_TransOrder":"142","txt_Azimuth":"193.620000000000005","txt_ShrCount":"3","txt_TCD":"70500.000000000000000","txt_SHAPE_Leng":"499.999999998000021","txt_SCE":"28.140000000000001","txt_NSM":"22.550000000000001","txt_EPR":"0.930000000000000","txt_EPRunc":"1.740000000000000","txt_LRR":"0.530000000000000","txt_LR2":"0.220000000000000","txt_LSE":"18.629999999999999","txt_LCI90":"6.370000000000000","txt_WLR":"0.530000000000000","txt_WR2":"0.220000000000000","txt_WSE":"0.620000000000000","txt_WCI90":"6.370000000000000","txt_Shape_Length":"499.999974182001552","source_feature_index":166,"published_primary_rate_field":"LRR","published_primary_rate_m_per_year":0.53,"dashboard_rate_class":"ACCRETION","dashboard_classification_note":"Display convention only; source numeric value is preserved. Not an official DMCR class.","published_period":"1990-2019","published_dataset":"Shoreline ThaiCoast / Krabi_Points"},"geometry":{"type":"Point","coordinates":[99.09247768220447,7.679982688329223]}},{"type":"Feature","id":167,"properties":{"OBJECTID":143,"TransectID":143,"BaselineID":1,"GroupID":1,"TransOrder":143,"Azimuth":201.01,"ShrCount":5,"TCD":71000.0,"SHAPE_Leng":500.000000001,"SCE":25.79,"NSM":4.68,"EPR":0.19,"EPRunc":1.74,"LRR":-0.12,"LR2":0.02,"LSE":11.74,"LCI90":1.12,"WLR":-0.12,"WR2":0.02,"WSE":0.39,"WCI90":1.12,"Shape_Le_1":499.99992754,"ORIG_FID":130,"txt_OBJECTID_1":"130","txt_OBJECTID":"143","txt_TransectID":"143","txt_BaselineID":"1","txt_GroupID":"1","txt_TransOrder":"143","txt_Azimuth":"201.009999999999991","txt_ShrCount":"5","txt_TCD":"71000.000000000000000","txt_SHAPE_Leng":"500.000000000999989","txt_SCE":"25.789999999999999","txt_NSM":"4.680000000000000","txt_EPR":"0.190000000000000","txt_EPRunc":"1.740000000000000","txt_LRR":"-0.120000000000000","txt_LR2":"0.020000000000000","txt_LSE":"11.740000000000000","txt_LCI90":"1.120000000000000","txt_WLR":"-0.120000000000000","txt_WR2":"0.020000000000000","txt_WSE":"0.390000000000000","txt_WCI90":"1.120000000000000","txt_Shape_Length":"499.999927539943485","source_feature_index":167,"published_primary_rate_field":"LRR","published_primary_rate_m_per_year":-0.12,"dashboard_rate_class":"RELATIVELY_STABLE","dashboard_classification_note":"Display convention only; source numeric value is preserved. Not an official DMCR class.","published_period":"1990-2019","published_dataset":"Shoreline ThaiCoast / Krabi_Points"},"geometry":{"type":"Point","coordinates":[99.08887925884389,7.681688799828788]}},{"type":"Feature","id":168,"properties":{"OBJECTID":144,"TransectID":144,"BaselineID":1,"GroupID":1,"TransOrder":144,"Azimuth":203.0,"ShrCount":6,"TCD":71500.0,"SHAPE_Leng":500.000000003,"SCE":51.09,"NSM":14.92,"EPR":0.61,"EPRunc":1.74,"LRR":0.24,"LR2":0.02,"LSE":21.34,"LCI90":1.8,"WLR":0.24,"WR2":0.02,"WSE":0.71,"WCI90":1.8,"Shape_Le_1":499.99994898,"ORIG_FID":131,"txt_OBJECTID_1":"131","txt_OBJECTID":"144","txt_TransectID":"144","txt_BaselineID":"1","txt_GroupID":"1","txt_TransOrder":"144","txt_Azimuth":"203.000000000000000","txt_ShrCount":"6","txt_TCD":"71500.000000000000000","txt_SHAPE_Leng":"500.000000003000025","txt_SCE":"51.090000000000003","txt_NSM":"14.920000000000000","txt_EPR":"0.610000000000000","txt_EPRunc":"1.740000000000000","txt_LRR":"0.240000000000000","txt_LR2":"0.020000000000000","txt_LSE":"21.340000000000000","txt_LCI90":"1.800000000000000","txt_WLR":"0.240000000000000","txt_WR2":"0.020000000000000","txt_WSE":"0.710000000000000","txt_WCI90":"1.800000000000000","txt_Shape_Length":"499.999948979949238","source_feature_index":168,"published_primary_rate_field":"LRR","published_primary_rate_m_per_year":0.24,"dashboard_rate_class":"RELATIVELY_STABLE","dashboard_classification_note":"Display convention only; source numeric value is preserved. Not an official DMCR class.","published_period":"1990-2019","published_dataset":"Shoreline ThaiCoast / Krabi_Points"},"geometry":{"type":"Point","coordinates":[99.0849518023905,7.682886271339313]}},{"type":"Feature","id":169,"properties":{"OBJECTID":145,"TransectID":145,"BaselineID":1,"GroupID":1,"TransOrder":145,"Azimuth":202.43,"ShrCount":5,"TCD":72000.0,"SHAPE_Leng":500.000000001,"SCE":45.47,"NSM":21.43,"EPR":0.88,"EPRunc":1.74,"LRR":1.16,"LR2":0.56,"LSE":14.46,"LCI90":1.38,"WLR":1.16,"WR2":0.56,"WSE":0.48,"WCI90":1.38,"Shape_Le_1":500.000090677,"ORIG_FID":132,"txt_OBJECTID_1":"132","txt_OBJECTID":"145","txt_TransectID":"145","txt_BaselineID":"1","txt_GroupID":"1","txt_TransOrder":"145","txt_Azimuth":"202.430000000000007","txt_ShrCount":"5","txt_TCD":"72000.000000000000000","txt_SHAPE_Leng":"500.000000000999989","txt_SCE":"45.469999999999999","txt_NSM":"21.430000000000000","txt_EPR":"0.880000000000000","txt_EPRunc":"1.740000000000000","txt_LRR":"1.160000000000000","txt_LR2":"0.560000000000000","txt_LSE":"14.460000000000001","txt_LCI90":"1.380000000000000","txt_WLR":"1.160000000000000","txt_WR2":"0.560000000000000","txt_WSE":"0.480000000000000","txt_WCI90":"1.380000000000000","txt_Shape_Length":"500.000090676709817","source_feature_index":169,"published_primary_rate_field":"LRR","published_primary_rate_m_per_year":1.16,"dashboard_rate_class":"ACCRETION","dashboard_classification_note":"Display convention only; source numeric value is preserved. Not an official DMCR class.","published_period":"1990-2019","published_dataset":"Shoreline ThaiCoast / Krabi_Points"},"geometry":{"type":"Point","coordinates":[99.08125629193277,7.684920433068946]}},{"type":"Feature","id":170,"properties":{"OBJECTID":146,"TransectID":146,"BaselineID":1,"GroupID":1,"TransOrder":146,"Azimuth":195.03,"ShrCount":5,"TCD":72500.0,"SHAPE_Leng":500.000000005,"SCE":51.24,"NSM":24.71,"EPR":1.02,"EPRunc":1.74,"LRR":1.34,"LR2":0.6,"LSE":15.45,"LCI90":1.48,"WLR":1.34,"WR2":0.6,"WSE":0.52,"WCI90":1.48,"Shape_Le_1":500.000012399,"ORIG_FID":133,"txt_OBJECTID_1":"133","txt_OBJECTID":"146","txt_TransectID":"146","txt_BaselineID":"1","txt_GroupID":"1","txt_TransOrder":"146","txt_Azimuth":"195.030000000000001","txt_ShrCount":"5","txt_TCD":"72500.000000000000000","txt_SHAPE_Leng":"500.000000005000004","txt_SCE":"51.240000000000002","txt_NSM":"24.710000000000001","txt_EPR":"1.020000000000000","txt_EPRunc":"1.740000000000000","txt_LRR":"1.340000000000000","txt_LR2":"0.600000000000000","txt_LSE":"15.449999999999999","txt_LCI90":"1.480000000000000","txt_WLR":"1.340000000000000","txt_WR2":"0.600000000000000","txt_WSE":"0.520000000000000","txt_WCI90":"1.480000000000000","txt_Shape_Length":"500.000012399443733","source_feature_index":170,"published_primary_rate_field":"LRR","published_primary_rate_m_per_year":1.34,"dashboard_rate_class":"ACCRETION","dashboard_classification_note":"Display convention only; source numeric value is preserved. Not an official DMCR class.","published_period":"1990-2019","published_dataset":"Shoreline ThaiCoast / Krabi_Points"},"geometry":{"type":"Point","coordinates":[99.07689101952195,7.686186532578034]}},{"type":"Feature","id":171,"properties":{"OBJECTID":147,"TransectID":147,"BaselineID":1,"GroupID":1,"TransOrder":147,"Azimuth":194.41,"ShrCount":4,"TCD":73000.0,"SHAPE_Leng":499.999999996,"SCE":38.12,"NSM":15.43,"EPR":0.63,"EPRunc":1.74,"LRR":0.62,"LR2":0.21,"LSE":18.34,"LCI90":2.45,"WLR":0.62,"WR2":0.21,"WSE":0.61,"WCI90":2.45,"Shape_Le_1":499.999989825,"ORIG_FID":134,"txt_OBJECTID_1":"134","txt_OBJECTID":"147","txt_TransectID":"147","txt_BaselineID":"1","txt_GroupID":"1","txt_TransOrder":"147","txt_Azimuth":"194.409999999999997","txt_ShrCount":"4","txt_TCD":"73000.000000000000000","txt_SHAPE_Leng":"499.999999995999985","txt_SCE":"38.119999999999997","txt_NSM":"15.430000000000000","txt_EPR":"0.630000000000000","txt_EPRunc":"1.740000000000000","txt_LRR":"0.620000000000000","txt_LR2":"0.210000000000000","txt_LSE":"18.340000000000000","txt_LCI90":"2.450000000000000","txt_WLR":"0.620000000000000","txt_WR2":"0.210000000000000","txt_WSE":"0.610000000000000","txt_WCI90":"2.450000000000000","txt_Shape_Length":"499.999989825441844","source_feature_index":171,"published_primary_rate_field":"LRR","published_primary_rate_m_per_year":0.62,"dashboard_rate_class":"ACCRETION","dashboard_classification_note":"Display convention only; source numeric value is preserved. Not an official DMCR class.","published_period":"1990-2019","published_dataset":"Shoreline ThaiCoast / Krabi_Points"},"geometry":{"type":"Point","coordinates":[99.0728086232415,7.6872036295569215]}},{"type":"Feature","id":172,"properties":{"OBJECTID":148,"TransectID":148,"BaselineID":1,"GroupID":1,"TransOrder":148,"Azimuth":184.03,"ShrCount":3,"TCD":73500.0,"SHAPE_Leng":500.000000003,"SCE":44.7,"NSM":44.7,"EPR":1.84,"EPRunc":1.74,"LRR":1.7,"LR2":0.96,"LSE":6.36,"LCI90":2.17,"WLR":1.7,"WR2":0.96,"WSE":0.21,"WCI90":2.17,"Shape_Le_1":500.000084328,"ORIG_FID":135,"txt_OBJECTID_1":"135","txt_OBJECTID":"148","txt_TransectID":"148","txt_BaselineID":"1","txt_GroupID":"1","txt_TransOrder":"148","txt_Azimuth":"184.030000000000001","txt_ShrCount":"3","txt_TCD":"73500.000000000000000","txt_SHAPE_Leng":"500.000000003000025","txt_SCE":"44.700000000000003","txt_NSM":"44.700000000000003","txt_EPR":"1.840000000000000","txt_EPRunc":"1.740000000000000","txt_LRR":"1.700000000000000","txt_LR2":"0.960000000000000","txt_LSE":"6.360000000000000","txt_LCI90":"2.170000000000000","txt_WLR":"1.700000000000000","txt_WR2":"0.960000000000000","txt_WSE":"0.210000000000000","txt_WCI90":"2.170000000000000","txt_Shape_Length":"500.000084327829939","source_feature_index":172,"published_primary_rate_field":"LRR","published_primary_rate_m_per_year":1.7,"dashboard_rate_class":"ACCRETION","dashboard_classification_note":"Display convention only; source numeric value is preserved. Not an official DMCR class.","published_period":"1990-2019","published_dataset":"Shoreline ThaiCoast / Krabi_Points"},"geometry":{"type":"Point","coordinates":[99.06818268019836,7.688382741517641]}},{"type":"Feature","id":173,"properties":{"OBJECTID":149,"TransectID":149,"BaselineID":1,"GroupID":1,"TransOrder":149,"Azimuth":181.24,"ShrCount":4,"TCD":74000.0,"SHAPE_Leng":500.000000003,"SCE":34.57,"NSM":18.14,"EPR":0.75,"EPRunc":1.74,"LRR":0.67,"LR2":0.32,"LSE":14.96,"LCI90":2.0,"WLR":0.67,"WR2":0.32,"WSE":0.5,"WCI90":2.0,"Shape_Le_1":499.999971927,"ORIG_FID":136,"txt_OBJECTID_1":"136","txt_OBJECTID":"149","txt_TransectID":"149","txt_BaselineID":"1","txt_GroupID":"1","txt_TransOrder":"149","txt_Azimuth":"181.240000000000009","txt_ShrCount":"4","txt_TCD":"74000.000000000000000","txt_SHAPE_Leng":"500.000000003000025","txt_SCE":"34.570000000000000","txt_NSM":"18.140000000000001","txt_EPR":"0.750000000000000","txt_EPRunc":"1.740000000000000","txt_LRR":"0.670000000000000","txt_LR2":"0.320000000000000","txt_LSE":"14.960000000000001","txt_LCI90":"2.000000000000000","txt_WLR":"0.670000000000000","txt_WR2":"0.320000000000000","txt_WSE":"0.500000000000000","txt_WCI90":"2.000000000000000","txt_Shape_Length":"499.999971926885621","source_feature_index":173,"published_primary_rate_field":"LRR","published_primary_rate_m_per_year":0.67,"dashboard_rate_class":"ACCRETION","dashboard_classification_note":"Display convention only; source numeric value is preserved. Not an official DMCR class.","published_period":"1990-2019","published_dataset":"Shoreline ThaiCoast / Krabi_Points"},"geometry":{"type":"Point","coordinates":[99.06371812039099,7.687878805377703]}},{"type":"Feature","id":174,"properties":{"OBJECTID":150,"TransectID":150,"BaselineID":1,"GroupID":1,"TransOrder":150,"Azimuth":179.04,"ShrCount":7,"TCD":74500.0,"SHAPE_Leng":499.999999996,"SCE":27.95,"NSM":1.36,"EPR":0.06,"EPRunc":1.74,"LRR":-0.2,"LR2":0.04,"LSE":11.77,"LCI90":0.89,"WLR":-0.2,"WR2":0.04,"WSE":0.39,"WCI90":0.89,"Shape_Le_1":500.000027359,"ORIG_FID":137,"txt_OBJECTID_1":"137","txt_OBJECTID":"150","txt_TransectID":"150","txt_BaselineID":"1","txt_GroupID":"1","txt_TransOrder":"150","txt_Azimuth":"179.039999999999992","txt_ShrCount":"7","txt_TCD":"74500.000000000000000","txt_SHAPE_Leng":"499.999999995999985","txt_SCE":"27.949999999999999","txt_NSM":"1.360000000000000","txt_EPR":"0.060000000000000","txt_EPRunc":"1.740000000000000","txt_LRR":"-0.200000000000000","txt_LR2":"0.040000000000000","txt_LSE":"11.770000000000000","txt_LCI90":"0.890000000000000","txt_WLR":"-0.200000000000000","txt_WR2":"0.040000000000000","txt_WSE":"0.390000000000000","txt_WCI90":"0.890000000000000","txt_Shape_Length":"500.000027359153421","source_feature_index":174,"published_primary_rate_field":"LRR","published_primary_rate_m_per_year":-0.2,"dashboard_rate_class":"RELATIVELY_STABLE","dashboard_classification_note":"Display convention only; source numeric value is preserved. Not an official DMCR class.","published_period":"1990-2019","published_dataset":"Shoreline ThaiCoast / Krabi_Points"},"geometry":{"type":"Point","coordinates":[99.05932125926198,7.688576251504805]}},{"type":"Feature","id":175,"properties":{"OBJECTID":151,"TransectID":151,"BaselineID":1,"GroupID":1,"TransOrder":151,"Azimuth":167.6,"ShrCount":7,"TCD":75000.0,"SHAPE_Leng":499.999999992,"SCE":67.64,"NSM":37.46,"EPR":1.54,"EPRunc":1.74,"LRR":1.67,"LR2":0.69,"LSE":13.28,"LCI90":1.01,"WLR":1.67,"WR2":0.69,"WSE":0.44,"WCI90":1.01,"Shape_Le_1":500.000044616,"ORIG_FID":138,"txt_OBJECTID_1":"138","txt_OBJECTID":"151","txt_TransectID":"151","txt_BaselineID":"1","txt_GroupID":"1","txt_TransOrder":"151","txt_Azimuth":"167.599999999999994","txt_ShrCount":"7","txt_TCD":"75000.000000000000000","txt_SHAPE_Leng":"499.999999992000028","txt_SCE":"67.640000000000001","txt_NSM":"37.460000000000001","txt_EPR":"1.540000000000000","txt_EPRunc":"1.740000000000000","txt_LRR":"1.670000000000000","txt_LR2":"0.690000000000000","txt_LSE":"13.279999999999999","txt_LCI90":"1.010000000000000","txt_WLR":"1.670000000000000","txt_WR2":"0.690000000000000","txt_WSE":"0.440000000000000","txt_WCI90":"1.010000000000000","txt_Shape_Length":"500.000044615859565","source_feature_index":175,"published_primary_rate_field":"LRR","published_primary_rate_m_per_year":1.67,"dashboard_rate_class":"ACCRETION","dashboard_classification_note":"Display convention only; source numeric value is preserved. Not an official DMCR class.","published_period":"1990-2019","published_dataset":"Shoreline ThaiCoast / Krabi_Points"},"geometry":{"type":"Point","coordinates":[99.05454341837986,7.687683922810873]}},{"type":"Feature","id":176,"properties":{"OBJECTID":152,"TransectID":152,"BaselineID":1,"GroupID":1,"TransOrder":152,"Azimuth":178.38,"ShrCount":7,"TCD":75500.0,"SHAPE_Leng":500.000000001,"SCE":125.75,"NSM":-17.77,"EPR":-0.73,"EPRunc":1.74,"LRR":0.92,"LR2":0.04,"LSE":54.94,"LCI90":4.16,"WLR":0.92,"WR2":0.04,"WSE":1.83,"WCI90":4.16,"Shape_Le_1":499.999988092,"ORIG_FID":139,"txt_OBJECTID_1":"139","txt_OBJECTID":"152","txt_TransectID":"152","txt_BaselineID":"1","txt_GroupID":"1","txt_TransOrder":"152","txt_Azimuth":"178.379999999999995","txt_ShrCount":"7","txt_TCD":"75500.000000000000000","txt_SHAPE_Leng":"500.000000000999989","txt_SCE":"125.750000000000000","txt_NSM":"-17.770000000000000","txt_EPR":"-0.730000000000000","txt_EPRunc":"1.740000000000000","txt_LRR":"0.920000000000000","txt_LR2":"0.040000000000000","txt_LSE":"54.939999999999998","txt_LCI90":"4.160000000000000","txt_WLR":"0.920000000000000","txt_WR2":"0.040000000000000","txt_WSE":"1.830000000000000","txt_WCI90":"4.160000000000000","txt_Shape_Length":"499.999988092147646","source_feature_index":176,"published_primary_rate_field":"LRR","published_primary_rate_m_per_year":0.92,"dashboard_rate_class":"ACCRETION","dashboard_classification_note":"Display convention only; source numeric value is preserved. Not an official DMCR class.","published_period":"1990-2019","published_dataset":"Shoreline ThaiCoast / Krabi_Points"},"geometry":{"type":"Point","coordinates":[99.05077543248656,7.686708552314502]}},{"type":"Feature","id":177,"properties":{"OBJECTID":154,"TransectID":154,"BaselineID":1,"GroupID":1,"TransOrder":154,"Azimuth":151.89,"ShrCount":7,"TCD":76500.0,"SHAPE_Leng":500.000000001,"SCE":32.77,"NSM":32.77,"EPR":1.35,"EPRunc":1.74,"LRR":0.72,"LR2":0.4,"LSE":10.48,"LCI90":0.79,"WLR":0.72,"WR2":0.4,"WSE":0.35,"WCI90":0.79,"Shape_Le_1":499.999965441,"ORIG_FID":140,"txt_OBJECTID_1":"140","txt_OBJECTID":"154","txt_TransectID":"154","txt_BaselineID":"1","txt_GroupID":"1","txt_TransOrder":"154","txt_Azimuth":"151.889999999999986","txt_ShrCount":"7","txt_TCD":"76500.000000000000000","txt_SHAPE_Leng":"500.000000000999989","txt_SCE":"32.770000000000003","txt_NSM":"32.770000000000003","txt_EPR":"1.350000000000000","txt_EPRunc":"1.740000000000000","txt_LRR":"0.720000000000000","txt_LR2":"0.400000000000000","txt_LSE":"10.480000000000000","txt_LCI90":"0.790000000000000","txt_WLR":"0.720000000000000","txt_WR2":"0.400000000000000","txt_WSE":"0.350000000000000","txt_WCI90":"0.790000000000000","txt_Shape_Length":"499.999965440745939","source_feature_index":177,"published_primary_rate_field":"LRR","published_primary_rate_m_per_year":0.72,"dashboard_rate_class":"ACCRETION","dashboard_classification_note":"Display convention only; source numeric value is preserved. Not an official DMCR class.","published_period":"1990-2019","published_dataset":"Shoreline ThaiCoast / Krabi_Points"},"geometry":{"type":"Point","coordinates":[99.04128266130945,7.686556369424315]}},{"type":"Feature","id":178,"properties":{"OBJECTID":155,"TransectID":155,"BaselineID":1,"GroupID":1,"TransOrder":155,"Azimuth":104.96,"ShrCount":4,"TCD":77000.0,"SHAPE_Leng":500.000000004,"SCE":88.56,"NSM":-88.56,"EPR":-3.64,"EPRunc":1.74,"LRR":-2.49,"LR2":0.76,"LSE":23.01,"LCI90":2.85,"WLR":-2.49,"WR2":0.76,"WSE":0.77,"WCI90":2.85,"Shape_Le_1":499.999934554,"ORIG_FID":141,"txt_OBJECTID_1":"141","txt_OBJECTID":"155","txt_TransectID":"155","txt_BaselineID":"1","txt_GroupID":"1","txt_TransOrder":"155","txt_Azimuth":"104.959999999999994","txt_ShrCount":"4","txt_TCD":"77000.000000000000000","txt_SHAPE_Leng":"500.000000004000015","txt_SCE":"88.560000000000002","txt_NSM":"-88.560000000000002","txt_EPR":"-3.640000000000000","txt_EPRunc":"1.740000000000000","txt_LRR":"-2.490000000000000","txt_LR2":"0.760000000000000","txt_LSE":"23.010000000000002","txt_LCI90":"2.850000000000000","txt_WLR":"-2.490000000000000","txt_WR2":"0.760000000000000","txt_WSE":"0.770000000000000","txt_WCI90":"2.850000000000000","txt_Shape_Length":"499.999934553988510","source_feature_index":178,"published_primary_rate_field":"LRR","published_primary_rate_m_per_year":-2.49,"dashboard_rate_class":"STRONG_RETREAT","dashboard_classification_note":"Display convention only; source numeric value is preserved. Not an official DMCR class.","published_period":"1990-2019","published_dataset":"Shoreline ThaiCoast / Krabi_Points"},"geometry":{"type":"Point","coordinates":[99.03751678007954,7.682062454216907]}},{"type":"Feature","id":179,"properties":{"OBJECTID":156,"TransectID":156,"BaselineID":1,"GroupID":1,"TransOrder":156,"Azimuth":79.15,"ShrCount":6,"TCD":77500.0,"SHAPE_Leng":499.999999998,"SCE":76.57,"NSM":-5.82,"EPR":-0.24,"EPRunc":1.74,"LRR":1.06,"LR2":0.23,"LSE":25.97,"LCI90":2.1,"WLR":1.06,"WR2":0.23,"WSE":0.87,"WCI90":2.1,"Shape_Le_1":499.999965149,"ORIG_FID":142,"txt_OBJECTID_1":"142","txt_OBJECTID":"156","txt_TransectID":"156","txt_BaselineID":"1","txt_GroupID":"1","txt_TransOrder":"156","txt_Azimuth":"79.150000000000006","txt_ShrCount":"6","txt_TCD":"77500.000000000000000","txt_SHAPE_Leng":"499.999999998000021","txt_SCE":"76.569999999999993","txt_NSM":"-5.820000000000000","txt_EPR":"-0.240000000000000","txt_EPRunc":"1.740000000000000","txt_LRR":"1.060000000000000","txt_LR2":"0.230000000000000","txt_LSE":"25.969999999999999","txt_LCI90":"2.100000000000000","txt_WLR":"1.060000000000000","txt_WR2":"0.230000000000000","txt_WSE":"0.870000000000000","txt_WCI90":"2.100000000000000","txt_Shape_Length":"499.999965149340426","source_feature_index":179,"published_primary_rate_field":"LRR","published_primary_rate_m_per_year":1.06,"dashboard_rate_class":"ACCRETION","dashboard_classification_note":"Display convention only; source numeric value is preserved. Not an official DMCR class.","published_period":"1990-2019","published_dataset":"Shoreline ThaiCoast / Krabi_Points"},"geometry":{"type":"Point","coordinates":[99.0381105808494,7.676619957012462]}},{"type":"Feature","id":180,"properties":{"OBJECTID":157,"TransectID":157,"BaselineID":1,"GroupID":1,"TransOrder":157,"Azimuth":74.25,"ShrCount":7,"TCD":78000.0,"SHAPE_Leng":499.999999999,"SCE":70.79,"NSM":-15.83,"EPR":-0.65,"EPRunc":1.74,"LRR":0.85,"LR2":0.16,"LSE":23.73,"LCI90":1.8,"WLR":0.85,"WR2":0.16,"WSE":0.79,"WCI90":1.8,"Shape_Le_1":499.999988632,"ORIG_FID":143,"txt_OBJECTID_1":"143","txt_OBJECTID":"157","txt_TransectID":"157","txt_BaselineID":"1","txt_GroupID":"1","txt_TransOrder":"157","txt_Azimuth":"74.250000000000000","txt_ShrCount":"7","txt_TCD":"78000.000000000000000","txt_SHAPE_Leng":"499.999999999000011","txt_SCE":"70.790000000000006","txt_NSM":"-15.830000000000000","txt_EPR":"-0.650000000000000","txt_EPRunc":"1.740000000000000","txt_LRR":"0.850000000000000","txt_LR2":"0.160000000000000","txt_LSE":"23.730000000000000","txt_LCI90":"1.800000000000000","txt_WLR":"0.850000000000000","txt_WR2":"0.160000000000000","txt_WSE":"0.790000000000000","txt_WCI90":"1.800000000000000","txt_Shape_Length":"499.999988632237034","source_feature_index":180,"published_primary_rate_field":"LRR","published_primary_rate_m_per_year":0.85,"dashboard_rate_class":"ACCRETION","dashboard_classification_note":"Display convention only; source numeric value is preserved. Not an official DMCR class.","published_period":"1990-2019","published_dataset":"Shoreline ThaiCoast / Krabi_Points"},"geometry":{"type":"Point","coordinates":[99.03922007977096,7.672040090102254]}},{"type":"Feature","id":181,"properties":{"OBJECTID":158,"TransectID":158,"BaselineID":1,"GroupID":1,"TransOrder":158,"Azimuth":85.2,"ShrCount":7,"TCD":78500.0,"SHAPE_Leng":500.000000001,"SCE":141.59,"NSM":91.33,"EPR":3.75,"EPRunc":1.74,"LRR":3.1,"LR2":0.54,"LSE":33.94,"LCI90":2.57,"WLR":3.1,"WR2":0.54,"WSE":1.13,"WCI90":2.57,"Shape_Le_1":499.999942665,"ORIG_FID":144,"txt_OBJECTID_1":"144","txt_OBJECTID":"158","txt_TransectID":"158","txt_BaselineID":"1","txt_GroupID":"1","txt_TransOrder":"158","txt_Azimuth":"85.200000000000003","txt_ShrCount":"7","txt_TCD":"78500.000000000000000","txt_SHAPE_Leng":"500.000000000999989","txt_SCE":"141.590000000000003","txt_NSM":"91.329999999999998","txt_EPR":"3.750000000000000","txt_EPRunc":"1.740000000000000","txt_LRR":"3.100000000000000","txt_LR2":"0.540000000000000","txt_LSE":"33.939999999999998","txt_LCI90":"2.570000000000000","txt_WLR":"3.100000000000000","txt_WR2":"0.540000000000000","txt_WSE":"1.130000000000000","txt_WCI90":"2.570000000000000","txt_Shape_Length":"499.999942665392268","source_feature_index":181,"published_primary_rate_field":"LRR","published_primary_rate_m_per_year":3.1,"dashboard_rate_class":"STRONG_ACCRETION","dashboard_classification_note":"Display convention only; source numeric value is preserved. Not an official DMCR class.","published_period":"1990-2019","published_dataset":"Shoreline ThaiCoast / Krabi_Points"},"geometry":{"type":"Point","coordinates":[99.04051592000297,7.668232357803515]}},{"type":"Feature","id":182,"properties":{"OBJECTID":159,"TransectID":159,"BaselineID":1,"GroupID":1,"TransOrder":159,"Azimuth":102.41,"ShrCount":6,"TCD":79000.0,"SHAPE_Leng":499.999999998,"SCE":64.35,"NSM":-11.48,"EPR":-0.47,"EPRunc":1.74,"LRR":0.69,"LR2":0.11,"LSE":24.84,"LCI90":2.1,"WLR":0.69,"WR2":0.11,"WSE":0.83,"WCI90":2.1,"Shape_Le_1":499.999981055,"ORIG_FID":145,"txt_OBJECTID_1":"145","txt_OBJECTID":"159","txt_TransectID":"159","txt_BaselineID":"1","txt_GroupID":"1","txt_TransOrder":"159","txt_Azimuth":"102.409999999999997","txt_ShrCount":"6","txt_TCD":"79000.000000000000000","txt_SHAPE_Leng":"499.999999998000021","txt_SCE":"64.349999999999994","txt_NSM":"-11.480000000000000","txt_EPR":"-0.470000000000000","txt_EPRunc":"1.740000000000000","txt_LRR":"0.690000000000000","txt_LR2":"0.110000000000000","txt_LSE":"24.840000000000000","txt_LCI90":"2.100000000000000","txt_WLR":"0.690000000000000","txt_WR2":"0.110000000000000","txt_WSE":"0.830000000000000","txt_WCI90":"2.100000000000000","txt_Shape_Length":"499.999981054926025","source_feature_index":182,"published_primary_rate_field":"LRR","published_primary_rate_m_per_year":0.69,"dashboard_rate_class":"ACCRETION","dashboard_classification_note":"Display convention only; source numeric value is preserved. Not an official DMCR class.","published_period":"1990-2019","published_dataset":"Shoreline ThaiCoast / Krabi_Points"},"geometry":{"type":"Point","coordinates":[99.03990399766663,7.664629794709483]}},{"type":"Feature","id":183,"properties":{"OBJECTID":160,"TransectID":160,"BaselineID":1,"GroupID":1,"TransOrder":160,"Azimuth":107.18,"ShrCount":7,"TCD":79500.0,"SHAPE_Leng":500.000000003,"SCE":28.49,"NSM":-20.09,"EPR":-0.83,"EPRunc":1.74,"LRR":-0.19,"LR2":0.04,"LSE":11.84,"LCI90":0.9,"WLR":-0.19,"WR2":0.04,"WSE":0.39,"WCI90":0.9,"Shape_Le_1":500.000005788,"ORIG_FID":146,"txt_OBJECTID_1":"146","txt_OBJECTID":"160","txt_TransectID":"160","txt_BaselineID":"1","txt_GroupID":"1","txt_TransOrder":"160","txt_Azimuth":"107.180000000000007","txt_ShrCount":"7","txt_TCD":"79500.000000000000000","txt_SHAPE_Leng":"500.000000003000025","txt_SCE":"28.489999999999998","txt_NSM":"-20.090000000000000","txt_EPR":"-0.830000000000000","txt_EPRunc":"1.740000000000000","txt_LRR":"-0.190000000000000","txt_LR2":"0.040000000000000","txt_LSE":"11.840000000000000","txt_LCI90":"0.900000000000000","txt_WLR":"-0.190000000000000","txt_WR2":"0.040000000000000","txt_WSE":"0.390000000000000","txt_WCI90":"0.900000000000000","txt_Shape_Length":"500.000005787988641","source_feature_index":183,"published_primary_rate_field":"LRR","published_primary_rate_m_per_year":-0.19,"dashboard_rate_class":"RELATIVELY_STABLE","dashboard_classification_note":"Display convention only; source numeric value is preserved. Not an official DMCR class.","published_period":"1990-2019","published_dataset":"Shoreline ThaiCoast / Krabi_Points"},"geometry":{"type":"Point","coordinates":[99.03871791047689,7.6605222725584445]}},{"type":"Feature","id":184,"properties":{"OBJECTID":161,"TransectID":161,"BaselineID":1,"GroupID":1,"TransOrder":161,"Azimuth":79.32,"ShrCount":6,"TCD":80000.0,"SHAPE_Leng":499.999999999,"SCE":75.95,"NSM":14.34,"EPR":0.59,"EPRunc":1.74,"LRR":1.72,"LR2":0.49,"LSE":22.0,"LCI90":1.86,"WLR":1.72,"WR2":0.49,"WSE":0.73,"WCI90":1.86,"Shape_Le_1":500.000014462,"ORIG_FID":147,"txt_OBJECTID_1":"147","txt_OBJECTID":"161","txt_TransectID":"161","txt_BaselineID":"1","txt_GroupID":"1","txt_TransOrder":"161","txt_Azimuth":"79.319999999999993","txt_ShrCount":"6","txt_TCD":"80000.000000000000000","txt_SHAPE_Leng":"499.999999999000011","txt_SCE":"75.950000000000003","txt_NSM":"14.340000000000000","txt_EPR":"0.590000000000000","txt_EPRunc":"1.740000000000000","txt_LRR":"1.720000000000000","txt_LR2":"0.490000000000000","txt_LSE":"22.000000000000000","txt_LCI90":"1.860000000000000","txt_WLR":"1.720000000000000","txt_WR2":"0.490000000000000","txt_WSE":"0.730000000000000","txt_WCI90":"1.860000000000000","txt_Shape_Length":"500.000014461753437","source_feature_index":184,"published_primary_rate_field":"LRR","published_primary_rate_m_per_year":1.72,"dashboard_rate_class":"ACCRETION","dashboard_classification_note":"Display convention only; source numeric value is preserved. Not an official DMCR class.","published_period":"1990-2019","published_dataset":"Shoreline ThaiCoast / Krabi_Points"},"geometry":{"type":"Point","coordinates":[99.03724765657256,7.65519980681606]}},{"type":"Feature","id":185,"properties":{"OBJECTID":173,"TransectID":173,"BaselineID":3,"GroupID":1,"TransOrder":173,"Azimuth":106.11,"ShrCount":5,"TCD":106333.84,"SHAPE_Leng":500.000000001,"SCE":111.94,"NSM":-45.41,"EPR":-21.7,"EPRunc":20.27,"LRR":-9.63,"LR2":0.03,"LSE":53.35,"LCI90":70.15,"WLR":-9.63,"WR2":0.03,"WSE":1.78,"WCI90":70.15,"Shape_Le_1":500.000049144,"ORIG_FID":148,"txt_OBJECTID_1":"148","txt_OBJECTID":"173","txt_TransectID":"173","txt_BaselineID":"3","txt_GroupID":"1","txt_TransOrder":"173","txt_Azimuth":"106.109999999999999","txt_ShrCount":"5","txt_TCD":"106333.839999999996508","txt_SHAPE_Leng":"500.000000000999989","txt_SCE":"111.939999999999998","txt_NSM":"-45.409999999999997","txt_EPR":"-21.699999999999999","txt_EPRunc":"20.270000000000000","txt_LRR":"-9.630000000000001","txt_LR2":"0.030000000000000","txt_LSE":"53.350000000000001","txt_LCI90":"70.150000000000006","txt_WLR":"-9.630000000000001","txt_WR2":"0.030000000000000","txt_WSE":"1.780000000000000","txt_WCI90":"70.150000000000006","txt_Shape_Length":"500.000049144038769","source_feature_index":185,"published_primary_rate_field":"LRR","published_primary_rate_m_per_year":-9.63,"dashboard_rate_class":"STRONG_RETREAT","dashboard_classification_note":"Display convention only; source numeric value is preserved. Not an official DMCR class.","published_period":"1990-2019","published_dataset":"Shoreline ThaiCoast / Krabi_Points"},"geometry":{"type":"Point","coordinates":[99.13780861308511,7.779848910562438]}},{"type":"Feature","id":186,"properties":{"OBJECTID":174,"TransectID":174,"BaselineID":3,"GroupID":1,"TransOrder":174,"Azimuth":113.11,"ShrCount":5,"TCD":106833.84,"SHAPE_Leng":500.000000003,"SCE":25.71,"NSM":-24.63,"EPR":-11.47,"EPRunc":19.75,"LRR":-10.48,"LR2":0.66,"LSE":8.08,"LCI90":10.27,"WLR":-10.48,"WR2":0.66,"WSE":0.27,"WCI90":10.27,"Shape_Le_1":500.000030457,"ORIG_FID":149,"txt_OBJECTID_1":"149","txt_OBJECTID":"174","txt_TransectID":"174","txt_BaselineID":"3","txt_GroupID":"1","txt_TransOrder":"174","txt_Azimuth":"113.109999999999999","txt_ShrCount":"5","txt_TCD":"106833.839999999996508","txt_SHAPE_Leng":"500.000000003000025","txt_SCE":"25.710000000000001","txt_NSM":"-24.629999999999999","txt_EPR":"-11.470000000000001","txt_EPRunc":"19.750000000000000","txt_LRR":"-10.480000000000000","txt_LR2":"0.660000000000000","txt_LSE":"8.080000000000000","txt_LCI90":"10.270000000000000","txt_WLR":"-10.480000000000000","txt_WR2":"0.660000000000000","txt_WSE":"0.270000000000000","txt_WCI90":"10.270000000000000","txt_Shape_Length":"500.000030456530624","source_feature_index":186,"published_primary_rate_field":"LRR","published_primary_rate_m_per_year":-10.48,"dashboard_rate_class":"STRONG_RETREAT","dashboard_classification_note":"Display convention only; source numeric value is preserved. Not an official DMCR class.","published_period":"1990-2019","published_dataset":"Shoreline ThaiCoast / Krabi_Points"},"geometry":{"type":"Point","coordinates":[99.1364859229744,7.77614926087756]}},{"type":"Feature","id":187,"properties":{"OBJECTID":175,"TransectID":175,"BaselineID":3,"GroupID":1,"TransOrder":175,"Azimuth":91.42,"ShrCount":5,"TCD":107333.84,"SHAPE_Leng":500.0,"SCE":73.52,"NSM":-24.88,"EPR":-11.58,"EPRunc":19.75,"LRR":-6.62,"LR2":0.04,"LSE":35.27,"LCI90":44.82,"WLR":-6.62,"WR2":0.04,"WSE":1.18,"WCI90":44.82,"Shape_Le_1":499.999983655,"ORIG_FID":150,"txt_OBJECTID_1":"150","txt_OBJECTID":"175","txt_TransectID":"175","txt_BaselineID":"3","txt_GroupID":"1","txt_TransOrder":"175","txt_Azimuth":"91.420000000000002","txt_ShrCount":"5","txt_TCD":"107333.839999999996508","txt_SHAPE_Leng":"500.000000000000000","txt_SCE":"73.519999999999996","txt_NSM":"-24.879999999999999","txt_EPR":"-11.580000000000000","txt_EPRunc":"19.750000000000000","txt_LRR":"-6.620000000000000","txt_LR2":"0.040000000000000","txt_LSE":"35.270000000000003","txt_LCI90":"44.820000000000000","txt_WLR":"-6.620000000000000","txt_WR2":"0.040000000000000","txt_WSE":"1.180000000000000","txt_WCI90":"44.820000000000000","txt_Shape_Length":"499.999983654943549","source_feature_index":187,"published_primary_rate_field":"LRR","published_primary_rate_m_per_year":-6.62,"dashboard_rate_class":"STRONG_RETREAT","dashboard_classification_note":"Display convention only; source numeric value is preserved. Not an official DMCR class.","published_period":"1990-2019","published_dataset":"Shoreline ThaiCoast / Krabi_Points"},"geometry":{"type":"Point","coordinates":[99.13446506614437,7.7716777963682455]}},{"type":"Feature","id":188,"properties":{"OBJECTID":182,"TransectID":182,"BaselineID":3,"GroupID":1,"TransOrder":182,"Azimuth":33.03,"ShrCount":6,"TCD":110833.84,"SHAPE_Leng":500.000000001,"SCE":55.96,"NSM":-8.86,"EPR":-4.13,"EPRunc":19.75,"LRR":-4.47,"LR2":0.03,"LSE":22.69,"LCI90":25.99,"WLR":-4.47,"WR2":0.03,"WSE":0.76,"WCI90":25.99,"Shape_Le_1":500.000028588,"ORIG_FID":151,"txt_OBJECTID_1":"151","txt_OBJECTID":"182","txt_TransectID":"182","txt_BaselineID":"3","txt_GroupID":"1","txt_TransOrder":"182","txt_Azimuth":"33.030000000000001","txt_ShrCount":"6","txt_TCD":"110833.839999999996508","txt_SHAPE_Leng":"500.000000000999989","txt_SCE":"55.960000000000001","txt_NSM":"-8.859999999999999","txt_EPR":"-4.130000000000000","txt_EPRunc":"19.750000000000000","txt_LRR":"-4.470000000000000","txt_LR2":"0.030000000000000","txt_LSE":"22.690000000000001","txt_LCI90":"25.989999999999998","txt_WLR":"-4.470000000000000","txt_WR2":"0.030000000000000","txt_WSE":"0.760000000000000","txt_WCI90":"25.989999999999998","txt_Shape_Length":"500.000028588335567","source_feature_index":188,"published_primary_rate_field":"LRR","published_primary_rate_m_per_year":-4.47,"dashboard_rate_class":"STRONG_RETREAT","dashboard_classification_note":"Display convention only; source numeric value is preserved. Not an official DMCR class.","published_period":"1990-2019","published_dataset":"Shoreline ThaiCoast / Krabi_Points"},"geometry":{"type":"Point","coordinates":[99.14081406448474,7.744584829431665]}},{"type":"Feature","id":189,"properties":{"OBJECTID":184,"TransectID":184,"BaselineID":3,"GroupID":1,"TransOrder":184,"Azimuth":49.67,"ShrCount":6,"TCD":111833.84,"SHAPE_Leng":499.999999999,"SCE":78.14,"NSM":-3.05,"EPR":-1.42,"EPRunc":19.75,"LRR":-10.0,"LR2":0.08,"LSE":31.83,"LCI90":36.47,"WLR":-10.0,"WR2":0.08,"WSE":1.06,"WCI90":36.47,"Shape_Le_1":500.000049668,"ORIG_FID":152,"txt_OBJECTID_1":"152","txt_OBJECTID":"184","txt_TransectID":"184","txt_BaselineID":"3","txt_GroupID":"1","txt_TransOrder":"184","txt_Azimuth":"49.670000000000002","txt_ShrCount":"6","txt_TCD":"111833.839999999996508","txt_SHAPE_Leng":"499.999999999000011","txt_SCE":"78.140000000000001","txt_NSM":"-3.050000000000000","txt_EPR":"-1.420000000000000","txt_EPRunc":"19.750000000000000","txt_LRR":"-10.000000000000000","txt_LR2":"0.080000000000000","txt_LSE":"31.829999999999998","txt_LCI90":"36.469999999999999","txt_WLR":"-10.000000000000000","txt_WR2":"0.080000000000000","txt_WSE":"1.060000000000000","txt_WCI90":"36.469999999999999","txt_Shape_Length":"500.000049667728661","source_feature_index":189,"published_primary_rate_field":"LRR","published_primary_rate_m_per_year":-10.0,"dashboard_rate_class":"STRONG_RETREAT","dashboard_classification_note":"Display convention only; source numeric value is preserved. Not an official DMCR class.","published_period":"1990-2019","published_dataset":"Shoreline ThaiCoast / Krabi_Points"},"geometry":{"type":"Point","coordinates":[99.14454870533598,7.7416790883076585]}},{"type":"Feature","id":190,"properties":{"OBJECTID":185,"TransectID":185,"BaselineID":3,"GroupID":1,"TransOrder":185,"Azimuth":338.5,"ShrCount":6,"TCD":112333.84,"SHAPE_Leng":500.0,"SCE":41.02,"NSM":32.22,"EPR":15.0,"EPRunc":19.75,"LRR":8.35,"LR2":0.16,"LSE":18.02,"LCI90":20.65,"WLR":8.35,"WR2":0.16,"WSE":0.6,"WCI90":20.65,"Shape_Le_1":499.999987353,"ORIG_FID":153,"txt_OBJECTID_1":"153","txt_OBJECTID":"185","txt_TransectID":"185","txt_BaselineID":"3","txt_GroupID":"1","txt_TransOrder":"185","txt_Azimuth":"338.500000000000000","txt_ShrCount":"6","txt_TCD":"112333.839999999996508","txt_SHAPE_Leng":"500.000000000000000","txt_SCE":"41.020000000000003","txt_NSM":"32.219999999999999","txt_EPR":"15.000000000000000","txt_EPRunc":"19.750000000000000","txt_LRR":"8.350000000000000","txt_LR2":"0.160000000000000","txt_LSE":"18.020000000000000","txt_LCI90":"20.649999999999999","txt_WLR":"8.350000000000000","txt_WR2":"0.160000000000000","txt_WSE":"0.600000000000000","txt_WCI90":"20.649999999999999","txt_Shape_Length":"499.999987352924791","source_feature_index":190,"published_primary_rate_field":"LRR","published_primary_rate_m_per_year":8.35,"dashboard_rate_class":"STRONG_ACCRETION","dashboard_classification_note":"Display convention only; source numeric value is preserved. Not an official DMCR class.","published_period":"1990-2019","published_dataset":"Shoreline ThaiCoast / Krabi_Points"},"geometry":{"type":"Point","coordinates":[99.15031056483896,7.739815388241205]}},{"type":"Feature","id":191,"properties":{"OBJECTID":188,"TransectID":188,"BaselineID":3,"GroupID":1,"TransOrder":188,"Azimuth":37.28,"ShrCount":6,"TCD":113833.84,"SHAPE_Leng":499.999999999,"SCE":52.84,"NSM":20.07,"EPR":9.35,"EPRunc":19.75,"LRR":4.06,"LR2":0.03,"LSE":22.04,"LCI90":25.26,"WLR":4.06,"WR2":0.03,"WSE":0.73,"WCI90":25.26,"Shape_Le_1":500.000028409,"ORIG_FID":154,"txt_OBJECTID_1":"154","txt_OBJECTID":"188","txt_TransectID":"188","txt_BaselineID":"3","txt_GroupID":"1","txt_TransOrder":"188","txt_Azimuth":"37.280000000000001","txt_ShrCount":"6","txt_TCD":"113833.839999999996508","txt_SHAPE_Leng":"499.999999999000011","txt_SCE":"52.840000000000003","txt_NSM":"20.070000000000000","txt_EPR":"9.350000000000000","txt_EPRunc":"19.750000000000000","txt_LRR":"4.060000000000000","txt_LR2":"0.030000000000000","txt_LSE":"22.039999999999999","txt_LCI90":"25.260000000000002","txt_WLR":"4.060000000000000","txt_WR2":"0.030000000000000","txt_WSE":"0.730000000000000","txt_WCI90":"25.260000000000002","txt_Shape_Length":"500.000028409035963","source_feature_index":191,"published_primary_rate_field":"LRR","published_primary_rate_m_per_year":4.06,"dashboard_rate_class":"STRONG_ACCRETION","dashboard_classification_note":"Display convention only; source numeric value is preserved. Not an official DMCR class.","published_period":"1990-2019","published_dataset":"Shoreline ThaiCoast / Krabi_Points"},"geometry":{"type":"Point","coordinates":[99.15658438487657,7.739220155978418]}},{"type":"Feature","id":192,"properties":{"OBJECTID":189,"TransectID":189,"BaselineID":3,"GroupID":1,"TransOrder":189,"Azimuth":44.57,"ShrCount":2,"TCD":114333.84,"SHAPE_Leng":499.999999996,"SCE":9.67,"NSM":9.67,"EPR":4.5,"EPRunc":19.75,"LRR":0.0,"LR2":0.0,"LSE":0.0,"LCI90":0.0,"WLR":0.0,"WR2":0.0,"WSE":0.0,"WCI90":0.0,"Shape_Le_1":500.000028363,"ORIG_FID":155,"txt_OBJECTID_1":"155","txt_OBJECTID":"189","txt_TransectID":"189","txt_BaselineID":"3","txt_GroupID":"1","txt_TransOrder":"189","txt_Azimuth":"44.570000000000000","txt_ShrCount":"2","txt_TCD":"114333.839999999996508","txt_SHAPE_Leng":"499.999999995999985","txt_SCE":"9.670000000000000","txt_NSM":"9.670000000000000","txt_EPR":"4.500000000000000","txt_EPRunc":"19.750000000000000","txt_LRR":"0.000000000000000","txt_LR2":"0.000000000000000","txt_LSE":"0.000000000000000","txt_LCI90":"0.000000000000000","txt_WLR":"0.000000000000000","txt_WR2":"0.000000000000000","txt_WSE":"0.000000000000000","txt_WCI90":"0.000000000000000","txt_Shape_Length":"500.000028362686464","source_feature_index":192,"published_primary_rate_field":"LRR","published_primary_rate_m_per_year":0.0,"dashboard_rate_class":"RELATIVELY_STABLE","dashboard_classification_note":"Display convention only; source numeric value is preserved. Not an official DMCR class.","published_period":"1990-2019","published_dataset":"Shoreline ThaiCoast / Krabi_Points"},"geometry":{"type":"Point","coordinates":[99.1593817881471,7.7362573815982945]}},{"type":"Feature","id":193,"properties":{"OBJECTID":190,"TransectID":190,"BaselineID":3,"GroupID":1,"TransOrder":190,"Azimuth":37.49,"ShrCount":2,"TCD":114833.84,"SHAPE_Leng":500.000000004,"SCE":6.14,"NSM":6.14,"EPR":2.86,"EPRunc":19.75,"LRR":0.0,"LR2":0.0,"LSE":0.0,"LCI90":0.0,"WLR":0.0,"WR2":0.0,"WSE":0.0,"WCI90":0.0,"Shape_Le_1":499.999919475,"ORIG_FID":156,"txt_OBJECTID_1":"156","txt_OBJECTID":"190","txt_TransectID":"190","txt_BaselineID":"3","txt_GroupID":"1","txt_TransOrder":"190","txt_Azimuth":"37.490000000000002","txt_ShrCount":"2","txt_TCD":"114833.839999999996508","txt_SHAPE_Leng":"500.000000004000015","txt_SCE":"6.140000000000000","txt_NSM":"6.140000000000000","txt_EPR":"2.860000000000000","txt_EPRunc":"19.750000000000000","txt_LRR":"0.000000000000000","txt_LR2":"0.000000000000000","txt_LSE":"0.000000000000000","txt_LCI90":"0.000000000000000","txt_WLR":"0.000000000000000","txt_WR2":"0.000000000000000","txt_WSE":"0.000000000000000","txt_WCI90":"0.000000000000000","txt_Shape_Length":"499.999919475071920","source_feature_index":193,"published_primary_rate_field":"LRR","published_primary_rate_m_per_year":0.0,"dashboard_rate_class":"RELATIVELY_STABLE","dashboard_classification_note":"Display convention only; source numeric value is preserved. Not an official DMCR class.","published_period":"1990-2019","published_dataset":"Shoreline ThaiCoast / Krabi_Points"},"geometry":{"type":"Point","coordinates":[99.162818630338,7.7330890651363156]}},{"type":"Feature","id":194,"properties":{"OBJECTID":191,"TransectID":191,"BaselineID":3,"GroupID":1,"TransOrder":191,"Azimuth":43.34,"ShrCount":2,"TCD":115333.84,"SHAPE_Leng":500.000000002,"SCE":15.46,"NSM":15.46,"EPR":7.2,"EPRunc":19.75,"LRR":0.0,"LR2":0.0,"LSE":0.0,"LCI90":0.0,"WLR":0.0,"WR2":0.0,"WSE":0.0,"WCI90":0.0,"Shape_Le_1":500.000051906,"ORIG_FID":157,"txt_OBJECTID_1":"157","txt_OBJECTID":"191","txt_TransectID":"191","txt_BaselineID":"3","txt_GroupID":"1","txt_TransOrder":"191","txt_Azimuth":"43.340000000000003","txt_ShrCount":"2","txt_TCD":"115333.839999999996508","txt_SHAPE_Leng":"500.000000001999979","txt_SCE":"15.460000000000001","txt_NSM":"15.460000000000001","txt_EPR":"7.200000000000000","txt_EPRunc":"19.750000000000000","txt_LRR":"0.000000000000000","txt_LR2":"0.000000000000000","txt_LSE":"0.000000000000000","txt_LCI90":"0.000000000000000","txt_WLR":"0.000000000000000","txt_WR2":"0.000000000000000","txt_WSE":"0.000000000000000","txt_WCI90":"0.000000000000000","txt_Shape_Length":"500.000051905534917","source_feature_index":194,"published_primary_rate_field":"LRR","published_primary_rate_m_per_year":0.0,"dashboard_rate_class":"RELATIVELY_STABLE","dashboard_classification_note":"Display convention only; source numeric value is preserved. Not an official DMCR class.","published_period":"1990-2019","published_dataset":"Shoreline ThaiCoast / Krabi_Points"},"geometry":{"type":"Point","coordinates":[99.1656615230877,7.7314417056012115]}},{"type":"Feature","id":195,"properties":{"OBJECTID":192,"TransectID":192,"BaselineID":3,"GroupID":1,"TransOrder":192,"Azimuth":50.56,"ShrCount":2,"TCD":115833.84,"SHAPE_Leng":499.999999997,"SCE":13.91,"NSM":13.91,"EPR":6.48,"EPRunc":19.75,"LRR":0.0,"LR2":0.0,"LSE":0.0,"LCI90":0.0,"WLR":0.0,"WR2":0.0,"WSE":0.0,"WCI90":0.0,"Shape_Le_1":499.99994987,"ORIG_FID":158,"txt_OBJECTID_1":"158","txt_OBJECTID":"192","txt_TransectID":"192","txt_BaselineID":"3","txt_GroupID":"1","txt_TransOrder":"192","txt_Azimuth":"50.560000000000002","txt_ShrCount":"2","txt_TCD":"115833.839999999996508","txt_SHAPE_Leng":"499.999999996999975","txt_SCE":"13.910000000000000","txt_NSM":"13.910000000000000","txt_EPR":"6.480000000000000","txt_EPRunc":"19.750000000000000","txt_LRR":"0.000000000000000","txt_LR2":"0.000000000000000","txt_LSE":"0.000000000000000","txt_LCI90":"0.000000000000000","txt_WLR":"0.000000000000000","txt_WR2":"0.000000000000000","txt_WSE":"0.000000000000000","txt_WCI90":"0.000000000000000","txt_Shape_Length":"499.999949870239561","source_feature_index":195,"published_primary_rate_field":"LRR","published_primary_rate_m_per_year":0.0,"dashboard_rate_class":"RELATIVELY_STABLE","dashboard_classification_note":"Display convention only; source numeric value is preserved. Not an official DMCR class.","published_period":"1990-2019","published_dataset":"Shoreline ThaiCoast / Krabi_Points"},"geometry":{"type":"Point","coordinates":[99.16747262745088,7.72871367119084]}},{"type":"Feature","id":196,"properties":{"OBJECTID":193,"TransectID":193,"BaselineID":3,"GroupID":1,"TransOrder":193,"Azimuth":65.74,"ShrCount":2,"TCD":116333.84,"SHAPE_Leng":499.999999996,"SCE":34.48,"NSM":34.48,"EPR":16.05,"EPRunc":19.75,"LRR":0.0,"LR2":0.0,"LSE":0.0,"LCI90":0.0,"WLR":0.0,"WR2":0.0,"WSE":0.0,"WCI90":0.0,"Shape_Le_1":500.000023438,"ORIG_FID":159,"txt_OBJECTID_1":"159","txt_OBJECTID":"193","txt_TransectID":"193","txt_BaselineID":"3","txt_GroupID":"1","txt_TransOrder":"193","txt_Azimuth":"65.739999999999995","txt_ShrCount":"2","txt_TCD":"116333.839999999996508","txt_SHAPE_Leng":"499.999999995999985","txt_SCE":"34.479999999999997","txt_NSM":"34.479999999999997","txt_EPR":"16.050000000000001","txt_EPRunc":"19.750000000000000","txt_LRR":"0.000000000000000","txt_LR2":"0.000000000000000","txt_LSE":"0.000000000000000","txt_LCI90":"0.000000000000000","txt_WLR":"0.000000000000000","txt_WR2":"0.000000000000000","txt_WSE":"0.000000000000000","txt_WCI90":"0.000000000000000","txt_Shape_Length":"500.000023438456878","source_feature_index":196,"published_primary_rate_field":"LRR","published_primary_rate_m_per_year":0.0,"dashboard_rate_class":"RELATIVELY_STABLE","dashboard_classification_note":"Display convention only; source numeric value is preserved. Not an official DMCR class.","published_period":"1990-2019","published_dataset":"Shoreline ThaiCoast / Krabi_Points"},"geometry":{"type":"Point","coordinates":[99.16997567673909,7.726302734594565]}},{"type":"Feature","id":197,"properties":{"OBJECTID":194,"TransectID":194,"BaselineID":3,"GroupID":1,"TransOrder":194,"Azimuth":72.69,"ShrCount":2,"TCD":116833.84,"SHAPE_Leng":499.999999999,"SCE":7.1,"NSM":-7.1,"EPR":-3.31,"EPRunc":19.75,"LRR":0.0,"LR2":0.0,"LSE":0.0,"LCI90":0.0,"WLR":0.0,"WR2":0.0,"WSE":0.0,"WCI90":0.0,"Shape_Le_1":500.00000401,"ORIG_FID":160,"txt_OBJECTID_1":"160","txt_OBJECTID":"194","txt_TransectID":"194","txt_BaselineID":"3","txt_GroupID":"1","txt_TransOrder":"194","txt_Azimuth":"72.689999999999998","txt_ShrCount":"2","txt_TCD":"116833.839999999996508","txt_SHAPE_Leng":"499.999999999000011","txt_SCE":"7.100000000000000","txt_NSM":"-7.100000000000000","txt_EPR":"-3.310000000000000","txt_EPRunc":"19.750000000000000","txt_LRR":"0.000000000000000","txt_LR2":"0.000000000000000","txt_LSE":"0.000000000000000","txt_LCI90":"0.000000000000000","txt_WLR":"0.000000000000000","txt_WR2":"0.000000000000000","txt_WSE":"0.000000000000000","txt_WCI90":"0.000000000000000","txt_Shape_Length":"500.000004009922009","source_feature_index":197,"published_primary_rate_field":"LRR","published_primary_rate_m_per_year":0.0,"dashboard_rate_class":"RELATIVELY_STABLE","dashboard_classification_note":"Display convention only; source numeric value is preserved. Not an official DMCR class.","published_period":"1990-2019","published_dataset":"Shoreline ThaiCoast / Krabi_Points"},"geometry":{"type":"Point","coordinates":[99.17030779263685,7.722279401133473]}},{"type":"Feature","id":198,"properties":{"OBJECTID":195,"TransectID":195,"BaselineID":3,"GroupID":1,"TransOrder":195,"Azimuth":57.25,"ShrCount":2,"TCD":117333.84,"SHAPE_Leng":499.999999999,"SCE":2.93,"NSM":-2.93,"EPR":-1.36,"EPRunc":19.75,"LRR":0.0,"LR2":0.0,"LSE":0.0,"LCI90":0.0,"WLR":0.0,"WR2":0.0,"WSE":0.0,"WCI90":0.0,"Shape_Le_1":500.00000831,"ORIG_FID":161,"txt_OBJECTID_1":"161","txt_OBJECTID":"195","txt_TransectID":"195","txt_BaselineID":"3","txt_GroupID":"1","txt_TransOrder":"195","txt_Azimuth":"57.250000000000000","txt_ShrCount":"2","txt_TCD":"117333.839999999996508","txt_SHAPE_Leng":"499.999999999000011","txt_SCE":"2.930000000000000","txt_NSM":"-2.930000000000000","txt_EPR":"-1.360000000000000","txt_EPRunc":"19.750000000000000","txt_LRR":"0.000000000000000","txt_LR2":"0.000000000000000","txt_LSE":"0.000000000000000","txt_LCI90":"0.000000000000000","txt_WLR":"0.000000000000000","txt_WR2":"0.000000000000000","txt_WSE":"0.000000000000000","txt_WCI90":"0.000000000000000","txt_Shape_Length":"500.000008310494081","source_feature_index":198,"published_primary_rate_field":"LRR","published_primary_rate_m_per_year":0.0,"dashboard_rate_class":"RELATIVELY_STABLE","dashboard_classification_note":"Display convention only; source numeric value is preserved. Not an official DMCR class.","published_period":"1990-2019","published_dataset":"Shoreline ThaiCoast / Krabi_Points"},"geometry":{"type":"Point","coordinates":[99.17268427315508,7.717841900961488]}},{"type":"Feature","id":199,"properties":{"OBJECTID":196,"TransectID":196,"BaselineID":3,"GroupID":1,"TransOrder":196,"Azimuth":68.74,"ShrCount":2,"TCD":117833.84,"SHAPE_Leng":500.000000001,"SCE":13.88,"NSM":-13.88,"EPR":-6.46,"EPRunc":19.75,"LRR":0.0,"LR2":0.0,"LSE":0.0,"LCI90":0.0,"WLR":0.0,"WR2":0.0,"WSE":0.0,"WCI90":0.0,"Shape_Le_1":499.999990787,"ORIG_FID":162,"txt_OBJECTID_1":"162","txt_OBJECTID":"196","txt_TransectID":"196","txt_BaselineID":"3","txt_GroupID":"1","txt_TransOrder":"196","txt_Azimuth":"68.739999999999995","txt_ShrCount":"2","txt_TCD":"117833.839999999996508","txt_SHAPE_Leng":"500.000000000999989","txt_SCE":"13.880000000000001","txt_NSM":"-13.880000000000001","txt_EPR":"-6.460000000000000","txt_EPRunc":"19.750000000000000","txt_LRR":"0.000000000000000","txt_LR2":"0.000000000000000","txt_LSE":"0.000000000000000","txt_LCI90":"0.000000000000000","txt_WLR":"0.000000000000000","txt_WR2":"0.000000000000000","txt_WSE":"0.000000000000000","txt_WCI90":"0.000000000000000","txt_Shape_Length":"499.999990786747333","source_feature_index":199,"published_primary_rate_field":"LRR","published_primary_rate_m_per_year":0.0,"dashboard_rate_class":"RELATIVELY_STABLE","dashboard_classification_note":"Display convention only; source numeric value is preserved. Not an official DMCR class.","published_period":"1990-2019","published_dataset":"Shoreline ThaiCoast / Krabi_Points"},"geometry":{"type":"Point","coordinates":[99.17501386323327,7.7149073899784915]}},{"type":"Feature","id":200,"properties":{"OBJECTID":197,"TransectID":197,"BaselineID":3,"GroupID":1,"TransOrder":197,"Azimuth":85.8,"ShrCount":2,"TCD":118333.84,"SHAPE_Leng":499.999999998,"SCE":6.8,"NSM":-6.8,"EPR":-3.17,"EPRunc":19.75,"LRR":0.0,"LR2":0.0,"LSE":0.0,"LCI90":0.0,"WLR":0.0,"WR2":0.0,"WSE":0.0,"WCI90":0.0,"Shape_Le_1":500.000063055,"ORIG_FID":163,"txt_OBJECTID_1":"163","txt_OBJECTID":"197","txt_TransectID":"197","txt_BaselineID":"3","txt_GroupID":"1","txt_TransOrder":"197","txt_Azimuth":"85.799999999999997","txt_ShrCount":"2","txt_TCD":"118333.839999999996508","txt_SHAPE_Leng":"499.999999998000021","txt_SCE":"6.800000000000000","txt_NSM":"-6.800000000000000","txt_EPR":"-3.170000000000000","txt_EPRunc":"19.750000000000000","txt_LRR":"0.000000000000000","txt_LR2":"0.000000000000000","txt_LSE":"0.000000000000000","txt_LCI90":"0.000000000000000","txt_WLR":"0.000000000000000","txt_WR2":"0.000000000000000","txt_WSE":"0.000000000000000","txt_WCI90":"0.000000000000000","txt_Shape_Length":"500.000063054924567","source_feature_index":200,"published_primary_rate_field":"LRR","published_primary_rate_m_per_year":0.0,"dashboard_rate_class":"RELATIVELY_STABLE","dashboard_classification_note":"Display convention only; source numeric value is preserved. Not an official DMCR class.","published_period":"1990-2019","published_dataset":"Shoreline ThaiCoast / Krabi_Points"},"geometry":{"type":"Point","coordinates":[99.17532352901569,7.711216103159813]}},{"type":"Feature","id":201,"properties":{"OBJECTID":198,"TransectID":198,"BaselineID":3,"GroupID":1,"TransOrder":198,"Azimuth":68.51,"ShrCount":2,"TCD":118833.84,"SHAPE_Leng":499.999999999,"SCE":12.61,"NSM":-12.61,"EPR":-5.87,"EPRunc":19.75,"LRR":0.0,"LR2":0.0,"LSE":0.0,"LCI90":0.0,"WLR":0.0,"WR2":0.0,"WSE":0.0,"WCI90":0.0,"Shape_Le_1":499.999960441,"ORIG_FID":164,"txt_OBJECTID_1":"164","txt_OBJECTID":"198","txt_TransectID":"198","txt_BaselineID":"3","txt_GroupID":"1","txt_TransOrder":"198","txt_Azimuth":"68.510000000000005","txt_ShrCount":"2","txt_TCD":"118833.839999999996508","txt_SHAPE_Leng":"499.999999999000011","txt_SCE":"12.609999999999999","txt_NSM":"-12.609999999999999","txt_EPR":"-5.870000000000000","txt_EPRunc":"19.750000000000000","txt_LRR":"0.000000000000000","txt_LR2":"0.000000000000000","txt_LSE":"0.000000000000000","txt_LCI90":"0.000000000000000","txt_WLR":"0.000000000000000","txt_WR2":"0.000000000000000","txt_WSE":"0.000000000000000","txt_WCI90":"0.000000000000000","txt_Shape_Length":"499.999960441461269","source_feature_index":201,"published_primary_rate_field":"LRR","published_primary_rate_m_per_year":0.0,"dashboard_rate_class":"RELATIVELY_STABLE","dashboard_classification_note":"Display convention only; source numeric value is preserved. Not an official DMCR class.","published_period":"1990-2019","published_dataset":"Shoreline ThaiCoast / Krabi_Points"},"geometry":{"type":"Point","coordinates":[99.17565847296605,7.7061378143921555]}},{"type":"Feature","id":202,"properties":{"OBJECTID":199,"TransectID":199,"BaselineID":3,"GroupID":1,"TransOrder":199,"Azimuth":316.8,"ShrCount":2,"TCD":119333.84,"SHAPE_Leng":500.000000002,"SCE":15.78,"NSM":15.78,"EPR":7.35,"EPRunc":19.75,"LRR":0.0,"LR2":0.0,"LSE":0.0,"LCI90":0.0,"WLR":0.0,"WR2":0.0,"WSE":0.0,"WCI90":0.0,"Shape_Le_1":500.00000969,"ORIG_FID":165,"txt_OBJECTID_1":"165","txt_OBJECTID":"199","txt_TransectID":"199","txt_BaselineID":"3","txt_GroupID":"1","txt_TransOrder":"199","txt_Azimuth":"316.800000000000011","txt_ShrCount":"2","txt_TCD":"119333.839999999996508","txt_SHAPE_Leng":"500.000000001999979","txt_SCE":"15.779999999999999","txt_NSM":"15.779999999999999","txt_EPR":"7.350000000000000","txt_EPRunc":"19.750000000000000","txt_LRR":"0.000000000000000","txt_LR2":"0.000000000000000","txt_LSE":"0.000000000000000","txt_LCI90":"0.000000000000000","txt_WLR":"0.000000000000000","txt_WR2":"0.000000000000000","txt_WSE":"0.000000000000000","txt_WCI90":"0.000000000000000","txt_Shape_Length":"500.000009690084369","source_feature_index":202,"published_primary_rate_field":"LRR","published_primary_rate_m_per_year":0.0,"dashboard_rate_class":"RELATIVELY_STABLE","dashboard_classification_note":"Display convention only; source numeric value is preserved. Not an official DMCR class.","published_period":"1990-2019","published_dataset":"Shoreline ThaiCoast / Krabi_Points"},"geometry":{"type":"Point","coordinates":[99.18145827443291,7.703838972327562]}},{"type":"Feature","id":203,"properties":{"OBJECTID":209,"TransectID":209,"BaselineID":3,"GroupID":1,"TransOrder":209,"Azimuth":338.99,"ShrCount":2,"TCD":124333.84,"SHAPE_Leng":500.000000001,"SCE":1.11,"NSM":-1.11,"EPR":-1.62,"EPRunc":62.17,"LRR":0.0,"LR2":0.0,"LSE":0.0,"LCI90":0.0,"WLR":0.0,"WR2":0.0,"WSE":0.0,"WCI90":0.0,"Shape_Le_1":499.999998575,"ORIG_FID":166,"txt_OBJECTID_1":"166","txt_OBJECTID":"209","txt_TransectID":"209","txt_BaselineID":"3","txt_GroupID":"1","txt_TransOrder":"209","txt_Azimuth":"338.990000000000009","txt_ShrCount":"2","txt_TCD":"124333.839999999996508","txt_SHAPE_Leng":"500.000000000999989","txt_SCE":"1.110000000000000","txt_NSM":"-1.110000000000000","txt_EPR":"-1.620000000000000","txt_EPRunc":"62.170000000000002","txt_LRR":"0.000000000000000","txt_LR2":"0.000000000000000","txt_LSE":"0.000000000000000","txt_LCI90":"0.000000000000000","txt_WLR":"0.000000000000000","txt_WR2":"0.000000000000000","txt_WSE":"0.000000000000000","txt_WCI90":"0.000000000000000","txt_Shape_Length":"499.999998574822882","source_feature_index":203,"published_primary_rate_field":"LRR","published_primary_rate_m_per_year":0.0,"dashboard_rate_class":"RELATIVELY_STABLE","dashboard_classification_note":"Display convention only; source numeric value is preserved. Not an official DMCR class.","published_period":"1990-2019","published_dataset":"Shoreline ThaiCoast / Krabi_Points"},"geometry":{"type":"Point","coordinates":[99.18776731986374,7.704013053599462]}},{"type":"Feature","id":204,"properties":{"OBJECTID":222,"TransectID":222,"BaselineID":5,"GroupID":1,"TransOrder":222,"Azimuth":150.99,"ShrCount":6,"TCD":151594.23,"SHAPE_Leng":500.0,"SCE":86.77,"NSM":51.31,"EPR":2.14,"EPRunc":1.77,"LRR":1.6,"LR2":0.23,"LSE":35.55,"LCI90":3.13,"WLR":1.6,"WR2":0.23,"WSE":1.18,"WCI90":3.13,"Shape_Le_1":499.999986771,"ORIG_FID":173,"txt_OBJECTID_1":"173","txt_OBJECTID":"222","txt_TransectID":"222","txt_BaselineID":"5","txt_GroupID":"1","txt_TransOrder":"222","txt_Azimuth":"150.990000000000009","txt_ShrCount":"6","txt_TCD":"151594.230000000010477","txt_SHAPE_Leng":"500.000000000000000","txt_SCE":"86.769999999999996","txt_NSM":"51.310000000000002","txt_EPR":"2.140000000000000","txt_EPRunc":"1.770000000000000","txt_LRR":"1.600000000000000","txt_LR2":"0.230000000000000","txt_LSE":"35.549999999999997","txt_LCI90":"3.130000000000000","txt_WLR":"1.600000000000000","txt_WR2":"0.230000000000000","txt_WSE":"1.180000000000000","txt_WCI90":"3.130000000000000","txt_Shape_Length":"499.999986770670432","source_feature_index":204,"published_primary_rate_field":"LRR","published_primary_rate_m_per_year":1.6,"dashboard_rate_class":"ACCRETION","dashboard_classification_note":"Display convention only; source numeric value is preserved. Not an official DMCR class.","published_period":"1990-2019","published_dataset":"Shoreline ThaiCoast / Krabi_Points"},"geometry":{"type":"Point","coordinates":[99.03925218870148,7.832295448244842]}},{"type":"Feature","id":205,"properties":{"OBJECTID":223,"TransectID":224,"BaselineID":5,"GroupID":1,"TransOrder":224,"Azimuth":126.34,"ShrCount":6,"TCD":152594.23,"SHAPE_Leng":500.0,"SCE":69.38,"NSM":45.79,"EPR":1.91,"EPRunc":1.77,"LRR":1.3,"LR2":0.24,"LSE":28.17,"LCI90":2.48,"WLR":1.3,"WR2":0.24,"WSE":0.94,"WCI90":2.48,"Shape_Le_1":499.999968858,"ORIG_FID":174,"txt_OBJECTID_1":"174","txt_OBJECTID":"223","txt_TransectID":"224","txt_BaselineID":"5","txt_GroupID":"1","txt_TransOrder":"224","txt_Azimuth":"126.340000000000003","txt_ShrCount":"6","txt_TCD":"152594.230000000010477","txt_SHAPE_Leng":"500.000000000000000","txt_SCE":"69.379999999999995","txt_NSM":"45.789999999999999","txt_EPR":"1.910000000000000","txt_EPRunc":"1.770000000000000","txt_LRR":"1.300000000000000","txt_LR2":"0.240000000000000","txt_LSE":"28.170000000000002","txt_LCI90":"2.480000000000000","txt_WLR":"1.300000000000000","txt_WR2":"0.240000000000000","txt_WSE":"0.940000000000000","txt_WCI90":"2.480000000000000","txt_Shape_Length":"499.999968858025454","source_feature_index":205,"published_primary_rate_field":"LRR","published_primary_rate_m_per_year":1.3,"dashboard_rate_class":"ACCRETION","dashboard_classification_note":"Display convention only; source numeric value is preserved. Not an official DMCR class.","published_period":"1990-2019","published_dataset":"Shoreline ThaiCoast / Krabi_Points"},"geometry":{"type":"Point","coordinates":[99.03200483067192,7.8305312722356595]}},{"type":"Feature","id":206,"properties":{"OBJECTID":228,"TransectID":229,"BaselineID":6,"GroupID":1,"TransOrder":229,"Azimuth":145.89,"ShrCount":6,"TCD":155605.72,"SHAPE_Leng":500.0,"SCE":77.39,"NSM":30.73,"EPR":1.28,"EPRunc":1.77,"LRR":0.79,"LR2":0.07,"LSE":33.84,"LCI90":2.98,"WLR":0.79,"WR2":0.07,"WSE":1.13,"WCI90":2.98,"Shape_Le_1":500.000013098,"ORIG_FID":175,"txt_OBJECTID_1":"175","txt_OBJECTID":"228","txt_TransectID":"229","txt_BaselineID":"6","txt_GroupID":"1","txt_TransOrder":"229","txt_Azimuth":"145.889999999999986","txt_ShrCount":"6","txt_TCD":"155605.720000000001164","txt_SHAPE_Leng":"500.000000000000000","txt_SCE":"77.390000000000001","txt_NSM":"30.730000000000000","txt_EPR":"1.280000000000000","txt_EPRunc":"1.770000000000000","txt_LRR":"0.790000000000000","txt_LR2":"0.070000000000000","txt_LSE":"33.840000000000003","txt_LCI90":"2.980000000000000","txt_WLR":"0.790000000000000","txt_WR2":"0.070000000000000","txt_WSE":"1.130000000000000","txt_WCI90":"2.980000000000000","txt_Shape_Length":"500.000013097730516","source_feature_index":206,"published_primary_rate_field":"LRR","published_primary_rate_m_per_year":0.79,"dashboard_rate_class":"ACCRETION","dashboard_classification_note":"Display convention only; source numeric value is preserved. Not an official DMCR class.","published_period":"1990-2019","published_dataset":"Shoreline ThaiCoast / Krabi_Points"},"geometry":{"type":"Point","coordinates":[99.02272948750908,7.824177142717386]}},{"type":"Feature","id":207,"properties":{"OBJECTID":229,"TransectID":230,"BaselineID":6,"GroupID":1,"TransOrder":230,"Azimuth":161.2,"ShrCount":6,"TCD":156105.72,"SHAPE_Leng":499.999999999,"SCE":79.12,"NSM":64.27,"EPR":2.68,"EPRunc":1.77,"LRR":2.01,"LR2":0.37,"LSE":31.64,"LCI90":2.79,"WLR":2.01,"WR2":0.37,"WSE":1.05,"WCI90":2.79,"Shape_Le_1":500.000010791,"ORIG_FID":176,"txt_OBJECTID_1":"176","txt_OBJECTID":"229","txt_TransectID":"230","txt_BaselineID":"6","txt_GroupID":"1","txt_TransOrder":"230","txt_Azimuth":"161.199999999999989","txt_ShrCount":"6","txt_TCD":"156105.720000000001164","txt_SHAPE_Leng":"499.999999999000011","txt_SCE":"79.120000000000005","txt_NSM":"64.269999999999996","txt_EPR":"2.680000000000000","txt_EPRunc":"1.770000000000000","txt_LRR":"2.010000000000000","txt_LR2":"0.370000000000000","txt_LSE":"31.640000000000001","txt_LCI90":"2.790000000000000","txt_WLR":"2.010000000000000","txt_WR2":"0.370000000000000","txt_WSE":"1.050000000000000","txt_WCI90":"2.790000000000000","txt_Shape_Length":"500.000010791077159","source_feature_index":207,"published_primary_rate_field":"LRR","published_primary_rate_m_per_year":2.01,"dashboard_rate_class":"STRONG_ACCRETION","dashboard_classification_note":"Display convention only; source numeric value is preserved. Not an official DMCR class.","published_period":"1990-2019","published_dataset":"Shoreline ThaiCoast / Krabi_Points"},"geometry":{"type":"Point","coordinates":[99.01936577726784,7.823176488870312]}},{"type":"Feature","id":208,"properties":{"OBJECTID":230,"TransectID":231,"BaselineID":6,"GroupID":1,"TransOrder":231,"Azimuth":87.03,"ShrCount":5,"TCD":156605.72,"SHAPE_Leng":499.999999999,"SCE":24.89,"NSM":-24.89,"EPR":-1.04,"EPRunc":1.77,"LRR":-0.51,"LR2":0.47,"LSE":7.59,"LCI90":0.74,"WLR":-0.51,"WR2":0.47,"WSE":0.25,"WCI90":0.74,"Shape_Le_1":500.000061965,"ORIG_FID":177,"txt_OBJECTID_1":"177","txt_OBJECTID":"230","txt_TransectID":"231","txt_BaselineID":"6","txt_GroupID":"1","txt_TransOrder":"231","txt_Azimuth":"87.030000000000001","txt_ShrCount":"5","txt_TCD":"156605.720000000001164","txt_SHAPE_Leng":"499.999999999000011","txt_SCE":"24.890000000000001","txt_NSM":"-24.890000000000001","txt_EPR":"-1.040000000000000","txt_EPRunc":"1.770000000000000","txt_LRR":"-0.510000000000000","txt_LR2":"0.470000000000000","txt_LSE":"7.590000000000000","txt_LCI90":"0.740000000000000","txt_WLR":"-0.510000000000000","txt_WR2":"0.470000000000000","txt_WSE":"0.250000000000000","txt_WCI90":"0.740000000000000","txt_Shape_Length":"500.000061965373675","source_feature_index":208,"published_primary_rate_field":"LRR","published_primary_rate_m_per_year":-0.51,"dashboard_rate_class":"RETREAT","dashboard_classification_note":"Display convention only; source numeric value is preserved. Not an official DMCR class.","published_period":"1990-2019","published_dataset":"Shoreline ThaiCoast / Krabi_Points"},"geometry":{"type":"Point","coordinates":[99.01637528312392,7.820367668522294]}},{"type":"Feature","id":209,"properties":{"OBJECTID":231,"TransectID":232,"BaselineID":6,"GroupID":1,"TransOrder":232,"Azimuth":57.73,"ShrCount":6,"TCD":157105.72,"SHAPE_Leng":499.999999999,"SCE":69.84,"NSM":-27.48,"EPR":-1.14,"EPRunc":1.77,"LRR":0.72,"LR2":0.1,"LSE":26.58,"LCI90":2.34,"WLR":0.72,"WR2":0.1,"WSE":0.89,"WCI90":2.34,"Shape_Le_1":499.999968803,"ORIG_FID":178,"txt_OBJECTID_1":"178","txt_OBJECTID":"231","txt_TransectID":"232","txt_BaselineID":"6","txt_GroupID":"1","txt_TransOrder":"232","txt_Azimuth":"57.729999999999997","txt_ShrCount":"6","txt_TCD":"157105.720000000001164","txt_SHAPE_Leng":"499.999999999000011","txt_SCE":"69.840000000000003","txt_NSM":"-27.480000000000000","txt_EPR":"-1.140000000000000","txt_EPRunc":"1.770000000000000","txt_LRR":"0.720000000000000","txt_LR2":"0.100000000000000","txt_LSE":"26.579999999999998","txt_LCI90":"2.340000000000000","txt_WLR":"0.720000000000000","txt_WR2":"0.100000000000000","txt_WSE":"0.890000000000000","txt_WCI90":"2.340000000000000","txt_Shape_Length":"499.999968802517969","source_feature_index":209,"published_primary_rate_field":"LRR","published_primary_rate_m_per_year":0.72,"dashboard_rate_class":"ACCRETION","dashboard_classification_note":"Display convention only; source numeric value is preserved. Not an official DMCR class.","published_period":"1990-2019","published_dataset":"Shoreline ThaiCoast / Krabi_Points"},"geometry":{"type":"Point","coordinates":[99.01841798282499,7.815235476090289]}},{"type":"Feature","id":210,"properties":{"OBJECTID":232,"TransectID":233,"BaselineID":6,"GroupID":1,"TransOrder":233,"Azimuth":47.06,"ShrCount":6,"TCD":157605.72,"SHAPE_Leng":499.999999996,"SCE":65.71,"NSM":-65.71,"EPR":-2.74,"EPRunc":1.77,"LRR":-1.83,"LR2":0.6,"LSE":18.17,"LCI90":1.6,"WLR":-1.83,"WR2":0.6,"WSE":0.61,"WCI90":1.6,"Shape_Le_1":499.999943455,"ORIG_FID":179,"txt_OBJECTID_1":"179","txt_OBJECTID":"232","txt_TransectID":"233","txt_BaselineID":"6","txt_GroupID":"1","txt_TransOrder":"233","txt_Azimuth":"47.060000000000002","txt_ShrCount":"6","txt_TCD":"157605.720000000001164","txt_SHAPE_Leng":"499.999999995999985","txt_SCE":"65.709999999999994","txt_NSM":"-65.709999999999994","txt_EPR":"-2.740000000000000","txt_EPRunc":"1.770000000000000","txt_LRR":"-1.830000000000000","txt_LR2":"0.600000000000000","txt_LSE":"18.170000000000002","txt_LCI90":"1.600000000000000","txt_WLR":"-1.830000000000000","txt_WR2":"0.600000000000000","txt_WSE":"0.610000000000000","txt_WCI90":"1.600000000000000","txt_Shape_Length":"499.999943455324967","source_feature_index":210,"published_primary_rate_field":"LRR","published_primary_rate_m_per_year":-1.83,"dashboard_rate_class":"RETREAT","dashboard_classification_note":"Display convention only; source numeric value is preserved. Not an official DMCR class.","published_period":"1990-2019","published_dataset":"Shoreline ThaiCoast / Krabi_Points"},"geometry":{"type":"Point","coordinates":[99.02142798287808,7.8119187664676195]}},{"type":"Feature","id":211,"properties":{"OBJECTID":233,"TransectID":234,"BaselineID":6,"GroupID":1,"TransOrder":234,"Azimuth":57.23,"ShrCount":5,"TCD":158105.72,"SHAPE_Leng":499.999999999,"SCE":33.32,"NSM":-27.14,"EPR":-1.13,"EPRunc":1.77,"LRR":-0.71,"LR2":0.33,"LSE":14.2,"LCI90":1.38,"WLR":-0.71,"WR2":0.33,"WSE":0.47,"WCI90":1.38,"Shape_Le_1":499.999989405,"ORIG_FID":180,"txt_OBJECTID_1":"180","txt_OBJECTID":"233","txt_TransectID":"234","txt_BaselineID":"6","txt_GroupID":"1","txt_TransOrder":"234","txt_Azimuth":"57.229999999999997","txt_ShrCount":"5","txt_TCD":"158105.720000000001164","txt_SHAPE_Leng":"499.999999999000011","txt_SCE":"33.320000000000000","txt_NSM":"-27.140000000000001","txt_EPR":"-1.130000000000000","txt_EPRunc":"1.770000000000000","txt_LRR":"-0.710000000000000","txt_LR2":"0.330000000000000","txt_LSE":"14.199999999999999","txt_LCI90":"1.380000000000000","txt_WLR":"-0.710000000000000","txt_WR2":"0.330000000000000","txt_WSE":"0.470000000000000","txt_WCI90":"1.380000000000000","txt_Shape_Length":"499.999989404546568","source_feature_index":211,"published_primary_rate_field":"LRR","published_primary_rate_m_per_year":-0.71,"dashboard_rate_class":"RETREAT","dashboard_classification_note":"Display convention only; source numeric value is preserved. Not an official DMCR class.","published_period":"1990-2019","published_dataset":"Shoreline ThaiCoast / Krabi_Points"},"geometry":{"type":"Point","coordinates":[99.02344184812918,7.809845308212775]}},{"type":"Feature","id":212,"properties":{"OBJECTID":234,"TransectID":235,"BaselineID":6,"GroupID":1,"TransOrder":235,"Azimuth":74.11,"ShrCount":6,"TCD":158605.72,"SHAPE_Leng":500.000000004,"SCE":57.95,"NSM":9.23,"EPR":0.38,"EPRunc":1.77,"LRR":0.9,"LR2":0.22,"LSE":20.63,"LCI90":1.82,"WLR":0.9,"WR2":0.22,"WSE":0.69,"WCI90":1.82,"Shape_Le_1":499.999983202,"ORIG_FID":181,"txt_OBJECTID_1":"181","txt_OBJECTID":"234","txt_TransectID":"235","txt_BaselineID":"6","txt_GroupID":"1","txt_TransOrder":"235","txt_Azimuth":"74.109999999999999","txt_ShrCount":"6","txt_TCD":"158605.720000000001164","txt_SHAPE_Leng":"500.000000004000015","txt_SCE":"57.950000000000003","txt_NSM":"9.230000000000000","txt_EPR":"0.380000000000000","txt_EPRunc":"1.770000000000000","txt_LRR":"0.900000000000000","txt_LR2":"0.220000000000000","txt_LSE":"20.629999999999999","txt_LCI90":"1.820000000000000","txt_WLR":"0.900000000000000","txt_WR2":"0.220000000000000","txt_WSE":"0.690000000000000","txt_WCI90":"1.820000000000000","txt_Shape_Length":"499.999983202438614","source_feature_index":212,"published_primary_rate_field":"LRR","published_primary_rate_m_per_year":0.9,"dashboard_rate_class":"ACCRETION","dashboard_classification_note":"Display convention only; source numeric value is preserved. Not an official DMCR class.","published_period":"1990-2019","published_dataset":"Shoreline ThaiCoast / Krabi_Points"},"geometry":{"type":"Point","coordinates":[99.02492814856066,7.806610481116179]}},{"type":"Feature","id":213,"properties":{"OBJECTID":235,"TransectID":236,"BaselineID":6,"GroupID":1,"TransOrder":236,"Azimuth":59.63,"ShrCount":6,"TCD":159105.72,"SHAPE_Leng":500.000000003,"SCE":33.63,"NSM":-7.59,"EPR":-0.32,"EPRunc":1.77,"LRR":-0.16,"LR2":0.02,"LSE":13.41,"LCI90":1.18,"WLR":-0.16,"WR2":0.02,"WSE":0.45,"WCI90":1.18,"Shape_Le_1":500.000020591,"ORIG_FID":182,"txt_OBJECTID_1":"182","txt_OBJECTID":"235","txt_TransectID":"236","txt_BaselineID":"6","txt_GroupID":"1","txt_TransOrder":"236","txt_Azimuth":"59.630000000000003","txt_ShrCount":"6","txt_TCD":"159105.720000000001164","txt_SHAPE_Leng":"500.000000003000025","txt_SCE":"33.630000000000003","txt_NSM":"-7.590000000000000","txt_EPR":"-0.320000000000000","txt_EPRunc":"1.770000000000000","txt_LRR":"-0.160000000000000","txt_LR2":"0.020000000000000","txt_LSE":"13.410000000000000","txt_LCI90":"1.180000000000000","txt_WLR":"-0.160000000000000","txt_WR2":"0.020000000000000","txt_WSE":"0.450000000000000","txt_WCI90":"1.180000000000000","txt_Shape_Length":"500.000020590635302","source_feature_index":213,"published_primary_rate_field":"LRR","published_primary_rate_m_per_year":-0.16,"dashboard_rate_class":"RELATIVELY_STABLE","dashboard_classification_note":"Display convention only; source numeric value is preserved. Not an official DMCR class.","published_period":"1990-2019","published_dataset":"Shoreline ThaiCoast / Krabi_Points"},"geometry":{"type":"Point","coordinates":[99.0257258369298,7.801750907343201]}},{"type":"Feature","id":214,"properties":{"OBJECTID":236,"TransectID":237,"BaselineID":6,"GroupID":1,"TransOrder":237,"Azimuth":38.43,"ShrCount":5,"TCD":159605.72,"SHAPE_Leng":499.999999999,"SCE":52.27,"NSM":-52.27,"EPR":-2.18,"EPRunc":1.77,"LRR":-0.81,"LR2":0.24,"LSE":19.95,"LCI90":1.94,"WLR":-0.81,"WR2":0.24,"WSE":0.66,"WCI90":1.94,"Shape_Le_1":499.99999367,"ORIG_FID":183,"txt_OBJECTID_1":"183","txt_OBJECTID":"236","txt_TransectID":"237","txt_BaselineID":"6","txt_GroupID":"1","txt_TransOrder":"237","txt_Azimuth":"38.430000000000000","txt_ShrCount":"5","txt_TCD":"159605.720000000001164","txt_SHAPE_Leng":"499.999999999000011","txt_SCE":"52.270000000000003","txt_NSM":"-52.270000000000003","txt_EPR":"-2.180000000000000","txt_EPRunc":"1.770000000000000","txt_LRR":"-0.810000000000000","txt_LR2":"0.240000000000000","txt_LSE":"19.949999999999999","txt_LCI90":"1.940000000000000","txt_WLR":"-0.810000000000000","txt_WR2":"0.240000000000000","txt_WSE":"0.660000000000000","txt_WCI90":"1.940000000000000","txt_Shape_Length":"499.999993669702178","source_feature_index":214,"published_primary_rate_field":"LRR","published_primary_rate_m_per_year":-0.81,"dashboard_rate_class":"RETREAT","dashboard_classification_note":"Display convention only; source numeric value is preserved. Not an official DMCR class.","published_period":"1990-2019","published_dataset":"Shoreline ThaiCoast / Krabi_Points"},"geometry":{"type":"Point","coordinates":[99.02956299391892,7.798882061113999]}},{"type":"Feature","id":215,"properties":{"OBJECTID":237,"TransectID":238,"BaselineID":6,"GroupID":1,"TransOrder":238,"Azimuth":75.7,"ShrCount":6,"TCD":160105.72,"SHAPE_Leng":500.000000003,"SCE":136.62,"NSM":30.74,"EPR":1.28,"EPRunc":1.77,"LRR":0.86,"LR2":0.03,"LSE":61.82,"LCI90":5.44,"WLR":0.86,"WR2":0.03,"WSE":2.06,"WCI90":5.44,"Shape_Le_1":499.999942483,"ORIG_FID":184,"txt_OBJECTID_1":"184","txt_OBJECTID":"237","txt_TransectID":"238","txt_BaselineID":"6","txt_GroupID":"1","txt_TransOrder":"238","txt_Azimuth":"75.700000000000003","txt_ShrCount":"6","txt_TCD":"160105.720000000001164","txt_SHAPE_Leng":"500.000000003000025","txt_SCE":"136.620000000000005","txt_NSM":"30.739999999999998","txt_EPR":"1.280000000000000","txt_EPRunc":"1.770000000000000","txt_LRR":"0.860000000000000","txt_LR2":"0.030000000000000","txt_LSE":"61.820000000000000","txt_LCI90":"5.440000000000000","txt_WLR":"0.860000000000000","txt_WR2":"0.030000000000000","txt_WSE":"2.060000000000000","txt_WCI90":"5.440000000000000","txt_Shape_Length":"499.999942482727761","source_feature_index":215,"published_primary_rate_field":"LRR","published_primary_rate_m_per_year":0.86,"dashboard_rate_class":"ACCRETION","dashboard_classification_note":"Display convention only; source numeric value is preserved. Not an official DMCR class.","published_period":"1990-2019","published_dataset":"Shoreline ThaiCoast / Krabi_Points"},"geometry":{"type":"Point","coordinates":[99.0319143297992,7.797247217989133]}},{"type":"Feature","id":216,"properties":{"OBJECTID":238,"TransectID":239,"BaselineID":6,"GroupID":1,"TransOrder":239,"Azimuth":125.34,"ShrCount":6,"TCD":160605.72,"SHAPE_Leng":500.0,"SCE":122.6,"NSM":-95.92,"EPR":-4.0,"EPRunc":1.77,"LRR":-2.84,"LR2":0.52,"LSE":33.1,"LCI90":2.92,"WLR":-2.84,"WR2":0.52,"WSE":1.1,"WCI90":2.92,"Shape_Le_1":500.000061206,"ORIG_FID":185,"txt_OBJECTID_1":"185","txt_OBJECTID":"238","txt_TransectID":"239","txt_BaselineID":"6","txt_GroupID":"1","txt_TransOrder":"239","txt_Azimuth":"125.340000000000003","txt_ShrCount":"6","txt_TCD":"160605.720000000001164","txt_SHAPE_Leng":"500.000000000000000","txt_SCE":"122.599999999999994","txt_NSM":"-95.920000000000002","txt_EPR":"-4.000000000000000","txt_EPRunc":"1.770000000000000","txt_LRR":"-2.840000000000000","txt_LR2":"0.520000000000000","txt_LSE":"33.100000000000001","txt_LCI90":"2.920000000000000","txt_WLR":"-2.840000000000000","txt_WR2":"0.520000000000000","txt_WSE":"1.100000000000000","txt_WCI90":"2.920000000000000","txt_Shape_Length":"500.000061206099247","source_feature_index":216,"published_primary_rate_field":"LRR","published_primary_rate_m_per_year":-2.84,"dashboard_rate_class":"STRONG_RETREAT","dashboard_classification_note":"Display convention only; source numeric value is preserved. Not an official DMCR class.","published_period":"1990-2019","published_dataset":"Shoreline ThaiCoast / Krabi_Points"},"geometry":{"type":"Point","coordinates":[99.03072574141552,7.79568775648981]}},{"type":"Feature","id":217,"properties":{"OBJECTID":239,"TransectID":240,"BaselineID":6,"GroupID":1,"TransOrder":240,"Azimuth":137.05,"ShrCount":6,"TCD":161105.72,"SHAPE_Leng":500.000000002,"SCE":70.59,"NSM":50.85,"EPR":2.12,"EPRunc":1.77,"LRR":1.57,"LR2":0.33,"LSE":27.05,"LCI90":2.38,"WLR":1.57,"WR2":0.33,"WSE":0.9,"WCI90":2.38,"Shape_Le_1":500.000061524,"ORIG_FID":186,"txt_OBJECTID_1":"186","txt_OBJECTID":"239","txt_TransectID":"240","txt_BaselineID":"6","txt_GroupID":"1","txt_TransOrder":"240","txt_Azimuth":"137.050000000000011","txt_ShrCount":"6","txt_TCD":"161105.720000000001164","txt_SHAPE_Leng":"500.000000001999979","txt_SCE":"70.590000000000003","txt_NSM":"50.850000000000001","txt_EPR":"2.120000000000000","txt_EPRunc":"1.770000000000000","txt_LRR":"1.570000000000000","txt_LR2":"0.330000000000000","txt_LSE":"27.050000000000001","txt_LCI90":"2.380000000000000","txt_WLR":"1.570000000000000","txt_WR2":"0.330000000000000","txt_WSE":"0.900000000000000","txt_WCI90":"2.380000000000000","txt_Shape_Length":"500.000061523866293","source_feature_index":217,"published_primary_rate_field":"LRR","published_primary_rate_m_per_year":1.57,"dashboard_rate_class":"ACCRETION","dashboard_classification_note":"Display convention only; source numeric value is preserved. Not an official DMCR class.","published_period":"1990-2019","published_dataset":"Shoreline ThaiCoast / Krabi_Points"},"geometry":{"type":"Point","coordinates":[99.0283057406192,7.793467888125647]}},{"type":"Feature","id":218,"properties":{"OBJECTID":240,"TransectID":241,"BaselineID":6,"GroupID":1,"TransOrder":241,"Azimuth":127.7,"ShrCount":6,"TCD":161605.72,"SHAPE_Leng":500.000000003,"SCE":74.55,"NSM":59.3,"EPR":2.47,"EPRunc":1.77,"LRR":1.93,"LR2":0.47,"LSE":25.01,"LCI90":2.2,"WLR":1.93,"WR2":0.47,"WSE":0.83,"WCI90":2.2,"Shape_Le_1":499.999995492,"ORIG_FID":187,"txt_OBJECTID_1":"187","txt_OBJECTID":"240","txt_TransectID":"241","txt_BaselineID":"6","txt_GroupID":"1","txt_TransOrder":"241","txt_Azimuth":"127.700000000000003","txt_ShrCount":"6","txt_TCD":"161605.720000000001164","txt_SHAPE_Leng":"500.000000003000025","txt_SCE":"74.549999999999997","txt_NSM":"59.299999999999997","txt_EPR":"2.470000000000000","txt_EPRunc":"1.770000000000000","txt_LRR":"1.930000000000000","txt_LR2":"0.470000000000000","txt_LSE":"25.010000000000002","txt_LCI90":"2.200000000000000","txt_WLR":"1.930000000000000","txt_WR2":"0.470000000000000","txt_WSE":"0.830000000000000","txt_WCI90":"2.200000000000000","txt_Shape_Length":"499.999995491909772","source_feature_index":218,"published_primary_rate_field":"LRR","published_primary_rate_m_per_year":1.93,"dashboard_rate_class":"ACCRETION","dashboard_classification_note":"Display convention only; source numeric value is preserved. Not an official DMCR class.","published_period":"1990-2019","published_dataset":"Shoreline ThaiCoast / Krabi_Points"},"geometry":{"type":"Point","coordinates":[99.02504308096783,7.790436663838951]}},{"type":"Feature","id":219,"properties":{"OBJECTID":241,"TransectID":242,"BaselineID":6,"GroupID":1,"TransOrder":242,"Azimuth":108.72,"ShrCount":11,"TCD":162105.72,"SHAPE_Leng":499.999999998,"SCE":114.89,"NSM":86.06,"EPR":3.47,"EPRunc":1.71,"LRR":3.16,"LR2":0.58,"LSE":26.04,"LCI90":1.64,"WLR":3.16,"WR2":0.58,"WSE":0.87,"WCI90":1.64,"Shape_Le_1":499.999960874,"ORIG_FID":188,"txt_OBJECTID_1":"188","txt_OBJECTID":"241","txt_TransectID":"242","txt_BaselineID":"6","txt_GroupID":"1","txt_TransOrder":"242","txt_Azimuth":"108.719999999999999","txt_ShrCount":"11","txt_TCD":"162105.720000000001164","txt_SHAPE_Leng":"499.999999998000021","txt_SCE":"114.890000000000001","txt_NSM":"86.060000000000002","txt_EPR":"3.470000000000000","txt_EPRunc":"1.710000000000000","txt_LRR":"3.160000000000000","txt_LR2":"0.580000000000000","txt_LSE":"26.039999999999999","txt_LCI90":"1.640000000000000","txt_WLR":"3.160000000000000","txt_WR2":"0.580000000000000","txt_WSE":"0.870000000000000","txt_WCI90":"1.640000000000000","txt_Shape_Length":"499.999960874254043","source_feature_index":219,"published_primary_rate_field":"LRR","published_primary_rate_m_per_year":3.16,"dashboard_rate_class":"STRONG_ACCRETION","dashboard_classification_note":"Display convention only; source numeric value is preserved. Not an official DMCR class.","published_period":"1990-2019","published_dataset":"Shoreline ThaiCoast / Krabi_Points"},"geometry":{"type":"Point","coordinates":[99.02272368601275,7.78611375157407]}},{"type":"Feature","id":220,"properties":{"OBJECTID":242,"TransectID":243,"BaselineID":6,"GroupID":1,"TransOrder":243,"Azimuth":77.54,"ShrCount":12,"TCD":162605.72,"SHAPE_Leng":499.999999998,"SCE":117.25,"NSM":51.88,"EPR":2.09,"EPRunc":1.71,"LRR":3.73,"LR2":0.5,"LSE":34.63,"LCI90":2.16,"WLR":3.73,"WR2":0.5,"WSE":1.15,"WCI90":2.16,"Shape_Le_1":499.999977461,"ORIG_FID":189,"txt_OBJECTID_1":"189","txt_OBJECTID":"242","txt_TransectID":"243","txt_BaselineID":"6","txt_GroupID":"1","txt_TransOrder":"243","txt_Azimuth":"77.540000000000006","txt_ShrCount":"12","txt_TCD":"162605.720000000001164","txt_SHAPE_Leng":"499.999999998000021","txt_SCE":"117.250000000000000","txt_NSM":"51.880000000000003","txt_EPR":"2.090000000000000","txt_EPRunc":"1.710000000000000","txt_LRR":"3.730000000000000","txt_LR2":"0.500000000000000","txt_LSE":"34.630000000000003","txt_LCI90":"2.160000000000000","txt_WLR":"3.730000000000000","txt_WR2":"0.500000000000000","txt_WSE":"1.150000000000000","txt_WCI90":"2.160000000000000","txt_Shape_Length":"499.999977460798164","source_feature_index":220,"published_primary_rate_field":"LRR","published_primary_rate_m_per_year":3.73,"dashboard_rate_class":"STRONG_ACCRETION","dashboard_classification_note":"Display convention only; source numeric value is preserved. Not an official DMCR class.","published_period":"1990-2019","published_dataset":"Shoreline ThaiCoast / Krabi_Points"},"geometry":{"type":"Point","coordinates":[99.02211468327769,7.78118629842367]}},{"type":"Feature","id":221,"properties":{"OBJECTID":243,"TransectID":244,"BaselineID":6,"GroupID":1,"TransOrder":244,"Azimuth":58.62,"ShrCount":13,"TCD":163105.72,"SHAPE_Leng":500.000000003,"SCE":52.81,"NSM":33.89,"EPR":1.37,"EPRunc":1.71,"LRR":0.97,"LR2":0.23,"LSE":16.35,"LCI90":0.95,"WLR":0.97,"WR2":0.23,"WSE":0.55,"WCI90":0.95,"Shape_Le_1":499.99995051,"ORIG_FID":190,"txt_OBJECTID_1":"190","txt_OBJECTID":"243","txt_TransectID":"244","txt_BaselineID":"6","txt_GroupID":"1","txt_TransOrder":"244","txt_Azimuth":"58.619999999999997","txt_ShrCount":"13","txt_TCD":"163105.720000000001164","txt_SHAPE_Leng":"500.000000003000025","txt_SCE":"52.810000000000002","txt_NSM":"33.890000000000001","txt_EPR":"1.370000000000000","txt_EPRunc":"1.710000000000000","txt_LRR":"0.970000000000000","txt_LR2":"0.230000000000000","txt_LSE":"16.350000000000001","txt_LCI90":"0.950000000000000","txt_WLR":"0.970000000000000","txt_WR2":"0.230000000000000","txt_WSE":"0.550000000000000","txt_WCI90":"0.950000000000000","txt_Shape_Length":"499.999950510061126","source_feature_index":221,"published_primary_rate_field":"LRR","published_primary_rate_m_per_year":0.97,"dashboard_rate_class":"ACCRETION","dashboard_classification_note":"Display convention only; source numeric value is preserved. Not an official DMCR class.","published_period":"1990-2019","published_dataset":"Shoreline ThaiCoast / Krabi_Points"},"geometry":{"type":"Point","coordinates":[99.02447911380324,7.777242297079243]}},{"type":"Feature","id":222,"properties":{"OBJECTID":256,"TransectID":257,"BaselineID":6,"GroupID":1,"TransOrder":257,"Azimuth":142.91,"ShrCount":12,"TCD":169605.72,"SHAPE_Leng":500.000000001,"SCE":348.16,"NSM":205.47,"EPR":8.42,"EPRunc":1.74,"LRR":5.26,"LR2":0.17,"LSE":110.12,"LCI90":6.67,"WLR":5.26,"WR2":0.17,"WSE":3.67,"WCI90":6.67,"Shape_Le_1":499.999917572,"ORIG_FID":191,"txt_OBJECTID_1":"191","txt_OBJECTID":"256","txt_TransectID":"257","txt_BaselineID":"6","txt_GroupID":"1","txt_TransOrder":"257","txt_Azimuth":"142.909999999999997","txt_ShrCount":"12","txt_TCD":"169605.720000000001164","txt_SHAPE_Leng":"500.000000000999989","txt_SCE":"348.160000000000025","txt_NSM":"205.469999999999999","txt_EPR":"8.420000000000000","txt_EPRunc":"1.740000000000000","txt_LRR":"5.260000000000000","txt_LR2":"0.170000000000000","txt_LSE":"110.120000000000005","txt_LCI90":"6.670000000000000","txt_WLR":"5.260000000000000","txt_WR2":"0.170000000000000","txt_WSE":"3.670000000000000","txt_WCI90":"6.670000000000000","txt_Shape_Length":"499.999917572207835","source_feature_index":222,"published_primary_rate_field":"LRR","published_primary_rate_m_per_year":5.26,"dashboard_rate_class":"STRONG_ACCRETION","dashboard_classification_note":"Display convention only; source numeric value is preserved. Not an official DMCR class.","published_period":"1990-2019","published_dataset":"Shoreline ThaiCoast / Krabi_Points"},"geometry":{"type":"Point","coordinates":[99.02316284240709,7.769997117519598]}},{"type":"Feature","id":223,"properties":{"OBJECTID":257,"TransectID":258,"BaselineID":6,"GroupID":1,"TransOrder":258,"Azimuth":106.48,"ShrCount":12,"TCD":170105.72,"SHAPE_Leng":500.000000003,"SCE":91.27,"NSM":64.96,"EPR":2.62,"EPRunc":1.71,"LRR":2.7,"LR2":0.54,"LSE":23.93,"LCI90":1.42,"WLR":2.7,"WR2":0.54,"WSE":0.8,"WCI90":1.42,"Shape_Le_1":500.000049811,"ORIG_FID":192,"txt_OBJECTID_1":"192","txt_OBJECTID":"257","txt_TransectID":"258","txt_BaselineID":"6","txt_GroupID":"1","txt_TransOrder":"258","txt_Azimuth":"106.480000000000004","txt_ShrCount":"12","txt_TCD":"170105.720000000001164","txt_SHAPE_Leng":"500.000000003000025","txt_SCE":"91.269999999999996","txt_NSM":"64.959999999999994","txt_EPR":"2.620000000000000","txt_EPRunc":"1.710000000000000","txt_LRR":"2.700000000000000","txt_LR2":"0.540000000000000","txt_LSE":"23.930000000000000","txt_LCI90":"1.420000000000000","txt_WLR":"2.700000000000000","txt_WR2":"0.540000000000000","txt_WSE":"0.800000000000000","txt_WCI90":"1.420000000000000","txt_Shape_Length":"500.000049811261363","source_feature_index":223,"published_primary_rate_field":"LRR","published_primary_rate_m_per_year":2.7,"dashboard_rate_class":"STRONG_ACCRETION","dashboard_classification_note":"Display convention only; source numeric value is preserved. Not an official DMCR class.","published_period":"1990-2019","published_dataset":"Shoreline ThaiCoast / Krabi_Points"},"geometry":{"type":"Point","coordinates":[99.01974746953273,7.765342213878784]}},{"type":"Feature","id":224,"properties":{"OBJECTID":258,"TransectID":259,"BaselineID":6,"GroupID":1,"TransOrder":259,"Azimuth":82.56,"ShrCount":13,"TCD":170605.72,"SHAPE_Leng":500.000000004,"SCE":43.51,"NSM":11.95,"EPR":0.48,"EPRunc":1.71,"LRR":0.37,"LR2":0.05,"LSE":15.63,"LCI90":0.91,"WLR":0.37,"WR2":0.05,"WSE":0.52,"WCI90":0.91,"Shape_Le_1":499.999985063,"ORIG_FID":193,"txt_OBJECTID_1":"193","txt_OBJECTID":"258","txt_TransectID":"259","txt_BaselineID":"6","txt_GroupID":"1","txt_TransOrder":"259","txt_Azimuth":"82.560000000000002","txt_ShrCount":"13","txt_TCD":"170605.720000000001164","txt_SHAPE_Leng":"500.000000004000015","txt_SCE":"43.509999999999998","txt_NSM":"11.949999999999999","txt_EPR":"0.480000000000000","txt_EPRunc":"1.710000000000000","txt_LRR":"0.370000000000000","txt_LR2":"0.050000000000000","txt_LSE":"15.630000000000001","txt_LCI90":"0.910000000000000","txt_WLR":"0.370000000000000","txt_WR2":"0.050000000000000","txt_WSE":"0.520000000000000","txt_WCI90":"0.910000000000000","txt_Shape_Length":"499.999985062607948","source_feature_index":224,"published_primary_rate_field":"LRR","published_primary_rate_m_per_year":0.37,"dashboard_rate_class":"RELATIVELY_STABLE","dashboard_classification_note":"Display convention only; source numeric value is preserved. Not an official DMCR class.","published_period":"1990-2019","published_dataset":"Shoreline ThaiCoast / Krabi_Points"},"geometry":{"type":"Point","coordinates":[99.01997353726064,7.760120522105855]}},{"type":"Feature","id":225,"properties":{"OBJECTID":259,"TransectID":260,"BaselineID":6,"GroupID":1,"TransOrder":260,"Azimuth":73.89,"ShrCount":9,"TCD":171105.72,"SHAPE_Leng":499.999999999,"SCE":48.76,"NSM":-8.45,"EPR":-0.34,"EPRunc":1.71,"LRR":-0.05,"LR2":0.0,"LSE":16.14,"LCI90":1.05,"WLR":-0.05,"WR2":0.0,"WSE":0.54,"WCI90":1.05,"Shape_Le_1":500.00000667,"ORIG_FID":194,"txt_OBJECTID_1":"194","txt_OBJECTID":"259","txt_TransectID":"260","txt_BaselineID":"6","txt_GroupID":"1","txt_TransOrder":"260","txt_Azimuth":"73.890000000000001","txt_ShrCount":"9","txt_TCD":"171105.720000000001164","txt_SHAPE_Leng":"499.999999999000011","txt_SCE":"48.759999999999998","txt_NSM":"-8.449999999999999","txt_EPR":"-0.340000000000000","txt_EPRunc":"1.710000000000000","txt_LRR":"-0.050000000000000","txt_LR2":"0.000000000000000","txt_LSE":"16.140000000000001","txt_LCI90":"1.050000000000000","txt_WLR":"-0.050000000000000","txt_WR2":"0.000000000000000","txt_WSE":"0.540000000000000","txt_WCI90":"1.050000000000000","txt_Shape_Length":"500.000006669536390","source_feature_index":225,"published_primary_rate_field":"LRR","published_primary_rate_m_per_year":-0.05,"dashboard_rate_class":"RELATIVELY_STABLE","dashboard_classification_note":"Display convention only; source numeric value is preserved. Not an official DMCR class.","published_period":"1990-2019","published_dataset":"Shoreline ThaiCoast / Krabi_Points"},"geometry":{"type":"Point","coordinates":[99.02088137467938,7.755378304623032]}},{"type":"Feature","id":226,"properties":{"OBJECTID":260,"TransectID":261,"BaselineID":6,"GroupID":1,"TransOrder":261,"Azimuth":73.42,"ShrCount":9,"TCD":171605.72,"SHAPE_Leng":499.999999999,"SCE":49.52,"NSM":-11.55,"EPR":-0.47,"EPRunc":1.71,"LRR":-0.03,"LR2":0.0,"LSE":17.49,"LCI90":1.14,"WLR":-0.03,"WR2":0.0,"WSE":0.58,"WCI90":1.14,"Shape_Le_1":499.999961675,"ORIG_FID":195,"txt_OBJECTID_1":"195","txt_OBJECTID":"260","txt_TransectID":"261","txt_BaselineID":"6","txt_GroupID":"1","txt_TransOrder":"261","txt_Azimuth":"73.420000000000002","txt_ShrCount":"9","txt_TCD":"171605.720000000001164","txt_SHAPE_Leng":"499.999999999000011","txt_SCE":"49.520000000000003","txt_NSM":"-11.550000000000001","txt_EPR":"-0.470000000000000","txt_EPRunc":"1.710000000000000","txt_LRR":"-0.030000000000000","txt_LR2":"0.000000000000000","txt_LSE":"17.489999999999998","txt_LCI90":"1.140000000000000","txt_WLR":"-0.030000000000000","txt_WR2":"0.000000000000000","txt_WSE":"0.580000000000000","txt_WCI90":"1.140000000000000","txt_Shape_Length":"499.999961675095733","source_feature_index":226,"published_primary_rate_field":"LRR","published_primary_rate_m_per_year":-0.03,"dashboard_rate_class":"RELATIVELY_STABLE","dashboard_classification_note":"Display convention only; source numeric value is preserved. Not an official DMCR class.","published_period":"1990-2019","published_dataset":"Shoreline ThaiCoast / Krabi_Points"},"geometry":{"type":"Point","coordinates":[99.0224412064247,7.751502495731265]}},{"type":"Feature","id":227,"properties":{"OBJECTID":261,"TransectID":262,"BaselineID":6,"GroupID":1,"TransOrder":262,"Azimuth":74.69,"ShrCount":9,"TCD":172105.72,"SHAPE_Leng":500.0,"SCE":65.94,"NSM":-14.22,"EPR":-0.57,"EPRunc":1.71,"LRR":0.01,"LR2":0.0,"LSE":19.89,"LCI90":1.3,"WLR":0.01,"WR2":0.0,"WSE":0.66,"WCI90":1.3,"Shape_Le_1":499.999933991,"ORIG_FID":196,"txt_OBJECTID_1":"196","txt_OBJECTID":"261","txt_TransectID":"262","txt_BaselineID":"6","txt_GroupID":"1","txt_TransOrder":"262","txt_Azimuth":"74.689999999999998","txt_ShrCount":"9","txt_TCD":"172105.720000000001164","txt_SHAPE_Leng":"500.000000000000000","txt_SCE":"65.939999999999998","txt_NSM":"-14.220000000000001","txt_EPR":"-0.570000000000000","txt_EPRunc":"1.710000000000000","txt_LRR":"0.010000000000000","txt_LR2":"0.000000000000000","txt_LSE":"19.890000000000001","txt_LCI90":"1.300000000000000","txt_WLR":"0.010000000000000","txt_WR2":"0.000000000000000","txt_WSE":"0.660000000000000","txt_WCI90":"1.300000000000000","txt_Shape_Length":"499.999933990803868","source_feature_index":227,"published_primary_rate_field":"LRR","published_primary_rate_m_per_year":0.01,"dashboard_rate_class":"RELATIVELY_STABLE","dashboard_classification_note":"Display convention only; source numeric value is preserved. Not an official DMCR class.","published_period":"1990-2019","published_dataset":"Shoreline ThaiCoast / Krabi_Points"},"geometry":{"type":"Point","coordinates":[99.02328378903248,7.747331506073839]}},{"type":"Feature","id":228,"properties":{"OBJECTID":262,"TransectID":263,"BaselineID":6,"GroupID":1,"TransOrder":263,"Azimuth":72.17,"ShrCount":9,"TCD":172605.72,"SHAPE_Leng":500.0,"SCE":59.32,"NSM":-9.36,"EPR":-0.38,"EPRunc":1.71,"LRR":0.13,"LR2":0.01,"LSE":18.6,"LCI90":1.21,"WLR":0.13,"WR2":0.01,"WSE":0.62,"WCI90":1.21,"Shape_Le_1":500.000028207,"ORIG_FID":197,"txt_OBJECTID_1":"197","txt_OBJECTID":"262","txt_TransectID":"263","txt_BaselineID":"6","txt_GroupID":"1","txt_TransOrder":"263","txt_Azimuth":"72.170000000000002","txt_ShrCount":"9","txt_TCD":"172605.720000000001164","txt_SHAPE_Leng":"500.000000000000000","txt_SCE":"59.320000000000000","txt_NSM":"-9.359999999999999","txt_EPR":"-0.380000000000000","txt_EPRunc":"1.710000000000000","txt_LRR":"0.130000000000000","txt_LR2":"0.010000000000000","txt_LSE":"18.600000000000001","txt_LCI90":"1.210000000000000","txt_WLR":"0.130000000000000","txt_WR2":"0.010000000000000","txt_WSE":"0.620000000000000","txt_WCI90":"1.210000000000000","txt_Shape_Length":"500.000028207307309","source_feature_index":228,"published_primary_rate_field":"LRR","published_primary_rate_m_per_year":0.13,"dashboard_rate_class":"RELATIVELY_STABLE","dashboard_classification_note":"Display convention only; source numeric value is preserved. Not an official DMCR class.","published_period":"1990-2019","published_dataset":"Shoreline ThaiCoast / Krabi_Points"},"geometry":{"type":"Point","coordinates":[99.02475712730244,7.743066000388714]}},{"type":"Feature","id":229,"properties":{"OBJECTID":263,"TransectID":264,"BaselineID":6,"GroupID":1,"TransOrder":264,"Azimuth":71.65,"ShrCount":8,"TCD":173105.72,"SHAPE_Leng":500.000000002,"SCE":50.53,"NSM":-8.76,"EPR":-0.35,"EPRunc":1.71,"LRR":-0.19,"LR2":0.02,"LSE":16.77,"LCI90":1.13,"WLR":-0.19,"WR2":0.02,"WSE":0.56,"WCI90":1.13,"Shape_Le_1":500.000011252,"ORIG_FID":198,"txt_OBJECTID_1":"198","txt_OBJECTID":"263","txt_TransectID":"264","txt_BaselineID":"6","txt_GroupID":"1","txt_TransOrder":"264","txt_Azimuth":"71.650000000000006","txt_ShrCount":"8","txt_TCD":"173105.720000000001164","txt_SHAPE_Leng":"500.000000001999979","txt_SCE":"50.530000000000001","txt_NSM":"-8.760000000000000","txt_EPR":"-0.350000000000000","txt_EPRunc":"1.710000000000000","txt_LRR":"-0.190000000000000","txt_LR2":"0.020000000000000","txt_LSE":"16.770000000000000","txt_LCI90":"1.130000000000000","txt_WLR":"-0.190000000000000","txt_WR2":"0.020000000000000","txt_WSE":"0.560000000000000","txt_WCI90":"1.130000000000000","txt_Shape_Length":"500.000011252001457","source_feature_index":229,"published_primary_rate_field":"LRR","published_primary_rate_m_per_year":-0.19,"dashboard_rate_class":"RELATIVELY_STABLE","dashboard_classification_note":"Display convention only; source numeric value is preserved. Not an official DMCR class.","published_period":"1990-2019","published_dataset":"Shoreline ThaiCoast / Krabi_Points"},"geometry":{"type":"Point","coordinates":[99.02601596335711,7.73884943180227]}},{"type":"Feature","id":230,"properties":{"OBJECTID":264,"TransectID":265,"BaselineID":6,"GroupID":1,"TransOrder":265,"Azimuth":72.6,"ShrCount":8,"TCD":173605.72,"SHAPE_Leng":500.000000001,"SCE":86.05,"NSM":-29.58,"EPR":-1.21,"EPRunc":1.74,"LRR":-0.13,"LR2":0.0,"LSE":26.54,"LCI90":1.86,"WLR":-0.13,"WR2":0.0,"WSE":0.88,"WCI90":1.86,"Shape_Le_1":500.000003469,"ORIG_FID":199,"txt_OBJECTID_1":"199","txt_OBJECTID":"264","txt_TransectID":"265","txt_BaselineID":"6","txt_GroupID":"1","txt_TransOrder":"265","txt_Azimuth":"72.599999999999994","txt_ShrCount":"8","txt_TCD":"173605.720000000001164","txt_SHAPE_Leng":"500.000000000999989","txt_SCE":"86.049999999999997","txt_NSM":"-29.579999999999998","txt_EPR":"-1.210000000000000","txt_EPRunc":"1.740000000000000","txt_LRR":"-0.130000000000000","txt_LR2":"0.000000000000000","txt_LSE":"26.539999999999999","txt_LCI90":"1.860000000000000","txt_WLR":"-0.130000000000000","txt_WR2":"0.000000000000000","txt_WSE":"0.880000000000000","txt_WCI90":"1.860000000000000","txt_Shape_Length":"500.000003468537841","source_feature_index":230,"published_primary_rate_field":"LRR","published_primary_rate_m_per_year":-0.13,"dashboard_rate_class":"RELATIVELY_STABLE","dashboard_classification_note":"Display convention only; source numeric value is preserved. Not an official DMCR class.","published_period":"1990-2019","published_dataset":"Shoreline ThaiCoast / Krabi_Points"},"geometry":{"type":"Point","coordinates":[99.02753343458721,7.734718161781788]}},{"type":"Feature","id":231,"properties":{"OBJECTID":265,"TransectID":266,"BaselineID":6,"GroupID":1,"TransOrder":266,"Azimuth":69.73,"ShrCount":6,"TCD":174105.72,"SHAPE_Leng":500.0,"SCE":44.33,"NSM":-26.04,"EPR":-1.07,"EPRunc":1.74,"LRR":-0.77,"LR2":0.38,"LSE":12.91,"LCI90":1.05,"WLR":-0.77,"WR2":0.38,"WSE":0.43,"WCI90":1.05,"Shape_Le_1":499.999983006,"ORIG_FID":200,"txt_OBJECTID_1":"200","txt_OBJECTID":"265","txt_TransectID":"266","txt_BaselineID":"6","txt_GroupID":"1","txt_TransOrder":"266","txt_Azimuth":"69.730000000000004","txt_ShrCount":"6","txt_TCD":"174105.720000000001164","txt_SHAPE_Leng":"500.000000000000000","txt_SCE":"44.329999999999998","txt_NSM":"-26.039999999999999","txt_EPR":"-1.070000000000000","txt_EPRunc":"1.740000000000000","txt_LRR":"-0.770000000000000","txt_LR2":"0.380000000000000","txt_LSE":"12.910000000000000","txt_LCI90":"1.050000000000000","txt_WLR":"-0.770000000000000","txt_WR2":"0.380000000000000","txt_WSE":"0.430000000000000","txt_WCI90":"1.050000000000000","txt_Shape_Length":"499.999983005812226","source_feature_index":231,"published_primary_rate_field":"LRR","published_primary_rate_m_per_year":-0.77,"dashboard_rate_class":"RETREAT","dashboard_classification_note":"Display convention only; source numeric value is preserved. Not an official DMCR class.","published_period":"1990-2019","published_dataset":"Shoreline ThaiCoast / Krabi_Points"},"geometry":{"type":"Point","coordinates":[99.02861411625425,7.730588279701174]}},{"type":"Feature","id":232,"properties":{"OBJECTID":266,"TransectID":267,"BaselineID":6,"GroupID":1,"TransOrder":267,"Azimuth":65.66,"ShrCount":9,"TCD":174605.72,"SHAPE_Leng":499.999999999,"SCE":76.27,"NSM":-25.23,"EPR":-1.02,"EPRunc":1.71,"LRR":-0.2,"LR2":0.01,"LSE":22.28,"LCI90":1.45,"WLR":-0.2,"WR2":0.01,"WSE":0.74,"WCI90":1.45,"Shape_Le_1":499.999978651,"ORIG_FID":201,"txt_OBJECTID_1":"201","txt_OBJECTID":"266","txt_TransectID":"267","txt_BaselineID":"6","txt_GroupID":"1","txt_TransOrder":"267","txt_Azimuth":"65.659999999999997","txt_ShrCount":"9","txt_TCD":"174605.720000000001164","txt_SHAPE_Leng":"499.999999999000011","txt_SCE":"76.269999999999996","txt_NSM":"-25.230000000000000","txt_EPR":"-1.020000000000000","txt_EPRunc":"1.710000000000000","txt_LRR":"-0.200000000000000","txt_LR2":"0.010000000000000","txt_LSE":"22.280000000000001","txt_LCI90":"1.450000000000000","txt_WLR":"-0.200000000000000","txt_WR2":"0.010000000000000","txt_WSE":"0.740000000000000","txt_WCI90":"1.450000000000000","txt_Shape_Length":"499.999978651282049","source_feature_index":232,"published_primary_rate_field":"LRR","published_primary_rate_m_per_year":-0.2,"dashboard_rate_class":"RELATIVELY_STABLE","dashboard_classification_note":"Display convention only; source numeric value is preserved. Not an official DMCR class.","published_period":"1990-2019","published_dataset":"Shoreline ThaiCoast / Krabi_Points"},"geometry":{"type":"Point","coordinates":[99.03058245592962,7.726489982800311]}},{"type":"Feature","id":233,"properties":{"OBJECTID":267,"TransectID":268,"BaselineID":6,"GroupID":1,"TransOrder":268,"Azimuth":66.27,"ShrCount":9,"TCD":175105.72,"SHAPE_Leng":499.999999999,"SCE":71.65,"NSM":-20.71,"EPR":-0.84,"EPRunc":1.71,"LRR":-0.04,"LR2":0.0,"LSE":22.14,"LCI90":1.44,"WLR":-0.04,"WR2":0.0,"WSE":0.74,"WCI90":1.44,"Shape_Le_1":500.000020201,"ORIG_FID":202,"txt_OBJECTID_1":"202","txt_OBJECTID":"267","txt_TransectID":"268","txt_BaselineID":"6","txt_GroupID":"1","txt_TransOrder":"268","txt_Azimuth":"66.269999999999996","txt_ShrCount":"9","txt_TCD":"175105.720000000001164","txt_SHAPE_Leng":"499.999999999000011","txt_SCE":"71.650000000000006","txt_NSM":"-20.710000000000001","txt_EPR":"-0.840000000000000","txt_EPRunc":"1.710000000000000","txt_LRR":"-0.040000000000000","txt_LR2":"0.000000000000000","txt_LSE":"22.140000000000001","txt_LCI90":"1.440000000000000","txt_WLR":"-0.040000000000000","txt_WR2":"0.000000000000000","txt_WSE":"0.740000000000000","txt_WCI90":"1.440000000000000","txt_Shape_Length":"500.000020201183531","source_feature_index":233,"published_primary_rate_field":"LRR","published_primary_rate_m_per_year":-0.04,"dashboard_rate_class":"RELATIVELY_STABLE","dashboard_classification_note":"Display convention only; source numeric value is preserved. Not an official DMCR class.","published_period":"1990-2019","published_dataset":"Shoreline ThaiCoast / Krabi_Points"},"geometry":{"type":"Point","coordinates":[99.03231127173298,7.722419608403928]}},{"type":"Feature","id":234,"properties":{"OBJECTID":268,"TransectID":269,"BaselineID":6,"GroupID":1,"TransOrder":269,"Azimuth":70.14,"ShrCount":9,"TCD":175605.72,"SHAPE_Leng":499.999999999,"SCE":80.82,"NSM":-34.66,"EPR":-1.4,"EPRunc":1.71,"LRR":-0.35,"LR2":0.03,"LSE":23.34,"LCI90":1.52,"WLR":-0.35,"WR2":0.03,"WSE":0.78,"WCI90":1.52,"Shape_Le_1":500.000027135,"ORIG_FID":203,"txt_OBJECTID_1":"203","txt_OBJECTID":"268","txt_TransectID":"269","txt_BaselineID":"6","txt_GroupID":"1","txt_TransOrder":"269","txt_Azimuth":"70.140000000000001","txt_ShrCount":"9","txt_TCD":"175605.720000000001164","txt_SHAPE_Leng":"499.999999999000011","txt_SCE":"80.819999999999993","txt_NSM":"-34.659999999999997","txt_EPR":"-1.400000000000000","txt_EPRunc":"1.710000000000000","txt_LRR":"-0.350000000000000","txt_LR2":"0.030000000000000","txt_LSE":"23.340000000000000","txt_LCI90":"1.520000000000000","txt_WLR":"-0.350000000000000","txt_WR2":"0.030000000000000","txt_WSE":"0.780000000000000","txt_WCI90":"1.520000000000000","txt_Shape_Length":"500.000027135273683","source_feature_index":234,"published_primary_rate_field":"LRR","published_primary_rate_m_per_year":-0.35,"dashboard_rate_class":"RELATIVELY_STABLE","dashboard_classification_note":"Display convention only; source numeric value is preserved. Not an official DMCR class.","published_period":"1990-2019","published_dataset":"Shoreline ThaiCoast / Krabi_Points"},"geometry":{"type":"Point","coordinates":[99.03407047570178,7.718586411917478]}},{"type":"Feature","id":235,"properties":{"OBJECTID":269,"TransectID":270,"BaselineID":6,"GroupID":1,"TransOrder":270,"Azimuth":70.31,"ShrCount":8,"TCD":176105.72,"SHAPE_Leng":499.999999997,"SCE":54.08,"NSM":-41.0,"EPR":-1.65,"EPRunc":1.71,"LRR":-1.18,"LR2":0.42,"LSE":15.7,"LCI90":1.1,"WLR":-1.18,"WR2":0.42,"WSE":0.52,"WCI90":1.1,"Shape_Le_1":500.000009506,"ORIG_FID":204,"txt_OBJECTID_1":"204","txt_OBJECTID":"269","txt_TransectID":"270","txt_BaselineID":"6","txt_GroupID":"1","txt_TransOrder":"270","txt_Azimuth":"70.310000000000002","txt_ShrCount":"8","txt_TCD":"176105.720000000001164","txt_SHAPE_Leng":"499.999999996999975","txt_SCE":"54.079999999999998","txt_NSM":"-41.000000000000000","txt_EPR":"-1.650000000000000","txt_EPRunc":"1.710000000000000","txt_LRR":"-1.180000000000000","txt_LR2":"0.420000000000000","txt_LSE":"15.699999999999999","txt_LCI90":"1.100000000000000","txt_WLR":"-1.180000000000000","txt_WR2":"0.420000000000000","txt_WSE":"0.520000000000000","txt_WCI90":"1.100000000000000","txt_Shape_Length":"500.000009505677212","source_feature_index":235,"published_primary_rate_field":"LRR","published_primary_rate_m_per_year":-1.18,"dashboard_rate_class":"RETREAT","dashboard_classification_note":"Display convention only; source numeric value is preserved. Not an official DMCR class.","published_period":"1990-2019","published_dataset":"Shoreline ThaiCoast / Krabi_Points"},"geometry":{"type":"Point","coordinates":[99.0352241211051,7.714358051931685]}},{"type":"Feature","id":236,"properties":{"OBJECTID":270,"TransectID":271,"BaselineID":6,"GroupID":1,"TransOrder":271,"Azimuth":65.88,"ShrCount":9,"TCD":176605.72,"SHAPE_Leng":500.000000001,"SCE":64.74,"NSM":-64.54,"EPR":-2.6,"EPRunc":1.71,"LRR":-1.36,"LR2":0.31,"LSE":22.17,"LCI90":1.45,"WLR":-1.36,"WR2":0.31,"WSE":0.74,"WCI90":1.45,"Shape_Le_1":499.999993352,"ORIG_FID":205,"txt_OBJECTID_1":"205","txt_OBJECTID":"270","txt_TransectID":"271","txt_BaselineID":"6","txt_GroupID":"1","txt_TransOrder":"271","txt_Azimuth":"65.879999999999995","txt_ShrCount":"9","txt_TCD":"176605.720000000001164","txt_SHAPE_Leng":"500.000000000999989","txt_SCE":"64.739999999999995","txt_NSM":"-64.540000000000006","txt_EPR":"-2.600000000000000","txt_EPRunc":"1.710000000000000","txt_LRR":"-1.360000000000000","txt_LR2":"0.310000000000000","txt_LSE":"22.170000000000002","txt_LCI90":"1.450000000000000","txt_WLR":"-1.360000000000000","txt_WR2":"0.310000000000000","txt_WSE":"0.740000000000000","txt_WCI90":"1.450000000000000","txt_Shape_Length":"499.999993352192519","source_feature_index":236,"published_primary_rate_field":"LRR","published_primary_rate_m_per_year":-1.36,"dashboard_rate_class":"RETREAT","dashboard_classification_note":"Display convention only; source numeric value is preserved. Not an official DMCR class.","published_period":"1990-2019","published_dataset":"Shoreline ThaiCoast / Krabi_Points"},"geometry":{"type":"Point","coordinates":[99.03709596124186,7.7101709710987425]}},{"type":"Feature","id":237,"properties":{"OBJECTID":271,"TransectID":272,"BaselineID":6,"GroupID":1,"TransOrder":272,"Azimuth":63.88,"ShrCount":9,"TCD":177105.72,"SHAPE_Leng":499.999999997,"SCE":113.54,"NSM":-113.54,"EPR":-4.58,"EPRunc":1.71,"LRR":-3.16,"LR2":0.72,"LSE":21.71,"LCI90":1.42,"WLR":-3.16,"WR2":0.72,"WSE":0.72,"WCI90":1.42,"Shape_Le_1":499.999965618,"ORIG_FID":206,"txt_OBJECTID_1":"206","txt_OBJECTID":"271","txt_TransectID":"272","txt_BaselineID":"6","txt_GroupID":"1","txt_TransOrder":"272","txt_Azimuth":"63.880000000000003","txt_ShrCount":"9","txt_TCD":"177105.720000000001164","txt_SHAPE_Leng":"499.999999996999975","txt_SCE":"113.540000000000006","txt_NSM":"-113.540000000000006","txt_EPR":"-4.580000000000000","txt_EPRunc":"1.710000000000000","txt_LRR":"-3.160000000000000","txt_LR2":"0.720000000000000","txt_LSE":"21.710000000000001","txt_LCI90":"1.420000000000000","txt_WLR":"-3.160000000000000","txt_WR2":"0.720000000000000","txt_WSE":"0.720000000000000","txt_WCI90":"1.420000000000000","txt_Shape_Length":"499.999965618119802","source_feature_index":237,"published_primary_rate_field":"LRR","published_primary_rate_m_per_year":-3.16,"dashboard_rate_class":"STRONG_RETREAT","dashboard_classification_note":"Display convention only; source numeric value is preserved. Not an official DMCR class.","published_period":"1990-2019","published_dataset":"Shoreline ThaiCoast / Krabi_Points"},"geometry":{"type":"Point","coordinates":[99.03897708289733,7.7059814767032]}},{"type":"Feature","id":238,"properties":{"OBJECTID":272,"TransectID":273,"BaselineID":6,"GroupID":1,"TransOrder":273,"Azimuth":44.0,"ShrCount":7,"TCD":177605.72,"SHAPE_Leng":500.000000002,"SCE":107.99,"NSM":-78.19,"EPR":-3.15,"EPRunc":1.71,"LRR":-4.02,"LR2":0.97,"LSE":9.24,"LCI90":0.68,"WLR":-4.02,"WR2":0.97,"WSE":0.31,"WCI90":0.68,"Shape_Le_1":499.999963559,"ORIG_FID":207,"txt_OBJECTID_1":"207","txt_OBJECTID":"272","txt_TransectID":"273","txt_BaselineID":"6","txt_GroupID":"1","txt_TransOrder":"273","txt_Azimuth":"44.000000000000000","txt_ShrCount":"7","txt_TCD":"177605.720000000001164","txt_SHAPE_Leng":"500.000000001999979","txt_SCE":"107.989999999999995","txt_NSM":"-78.189999999999998","txt_EPR":"-3.150000000000000","txt_EPRunc":"1.710000000000000","txt_LRR":"-4.020000000000000","txt_LR2":"0.970000000000000","txt_LSE":"9.240000000000000","txt_LCI90":"0.680000000000000","txt_WLR":"-4.020000000000000","txt_WR2":"0.970000000000000","txt_WSE":"0.310000000000000","txt_WCI90":"0.680000000000000","txt_Shape_Length":"499.999963558870206","source_feature_index":238,"published_primary_rate_field":"LRR","published_primary_rate_m_per_year":-4.02,"dashboard_rate_class":"STRONG_RETREAT","dashboard_classification_note":"Display convention only; source numeric value is preserved. Not an official DMCR class.","published_period":"1990-2019","published_dataset":"Shoreline ThaiCoast / Krabi_Points"},"geometry":{"type":"Point","coordinates":[99.04155942671873,7.701392250666071]}},{"type":"Feature","id":239,"properties":{"OBJECTID":273,"TransectID":274,"BaselineID":6,"GroupID":1,"TransOrder":274,"Azimuth":10.14,"ShrCount":8,"TCD":178105.72,"SHAPE_Leng":500.000000003,"SCE":146.66,"NSM":67.43,"EPR":2.72,"EPRunc":1.71,"LRR":4.14,"LR2":0.68,"LSE":31.91,"LCI90":2.24,"WLR":4.14,"WR2":0.68,"WSE":1.06,"WCI90":2.24,"Shape_Le_1":500.000020998,"ORIG_FID":208,"txt_OBJECTID_1":"208","txt_OBJECTID":"273","txt_TransectID":"274","txt_BaselineID":"6","txt_GroupID":"1","txt_TransOrder":"274","txt_Azimuth":"10.140000000000001","txt_ShrCount":"8","txt_TCD":"178105.720000000001164","txt_SHAPE_Leng":"500.000000003000025","txt_SCE":"146.659999999999997","txt_NSM":"67.430000000000007","txt_EPR":"2.720000000000000","txt_EPRunc":"1.710000000000000","txt_LRR":"4.140000000000000","txt_LR2":"0.680000000000000","txt_LSE":"31.910000000000000","txt_LCI90":"2.240000000000000","txt_WLR":"4.140000000000000","txt_WR2":"0.680000000000000","txt_WSE":"1.060000000000000","txt_WCI90":"2.240000000000000","txt_Shape_Length":"500.000020997879403","source_feature_index":239,"published_primary_rate_field":"LRR","published_primary_rate_m_per_year":4.14,"dashboard_rate_class":"STRONG_ACCRETION","dashboard_classification_note":"Display convention only; source numeric value is preserved. Not an official DMCR class.","published_period":"1990-2019","published_dataset":"Shoreline ThaiCoast / Krabi_Points"},"geometry":{"type":"Point","coordinates":[99.0454558228325,7.700085765276652]}},{"type":"Feature","id":240,"properties":{"OBJECTID":274,"TransectID":275,"BaselineID":6,"GroupID":1,"TransOrder":275,"Azimuth":22.34,"ShrCount":5,"TCD":178605.72,"SHAPE_Leng":499.999999998,"SCE":57.47,"NSM":57.47,"EPR":2.32,"EPRunc":1.71,"LRR":1.12,"LR2":0.26,"LSE":23.11,"LCI90":2.57,"WLR":1.12,"WR2":0.26,"WSE":0.77,"WCI90":2.57,"Shape_Le_1":500.000009706,"ORIG_FID":209,"txt_OBJECTID_1":"209","txt_OBJECTID":"274","txt_TransectID":"275","txt_BaselineID":"6","txt_GroupID":"1","txt_TransOrder":"275","txt_Azimuth":"22.340000000000000","txt_ShrCount":"5","txt_TCD":"178605.720000000001164","txt_SHAPE_Leng":"499.999999998000021","txt_SCE":"57.469999999999999","txt_NSM":"57.469999999999999","txt_EPR":"2.320000000000000","txt_EPRunc":"1.710000000000000","txt_LRR":"1.120000000000000","txt_LR2":"0.260000000000000","txt_LSE":"23.109999999999999","txt_LCI90":"2.570000000000000","txt_WLR":"1.120000000000000","txt_WR2":"0.260000000000000","txt_WSE":"0.770000000000000","txt_WCI90":"2.570000000000000","txt_Shape_Length":"500.000009706344997","source_feature_index":240,"published_primary_rate_field":"LRR","published_primary_rate_m_per_year":1.12,"dashboard_rate_class":"ACCRETION","dashboard_classification_note":"Display convention only; source numeric value is preserved. Not an official DMCR class.","published_period":"1990-2019","published_dataset":"Shoreline ThaiCoast / Krabi_Points"},"geometry":{"type":"Point","coordinates":[99.04848981870263,7.699817236106646]}},{"type":"Feature","id":241,"properties":{"OBJECTID":275,"TransectID":276,"BaselineID":6,"GroupID":1,"TransOrder":276,"Azimuth":14.23,"ShrCount":7,"TCD":179105.72,"SHAPE_Leng":500.000000001,"SCE":100.17,"NSM":-84.11,"EPR":-3.39,"EPRunc":1.71,"LRR":-3.38,"LR2":0.96,"LSE":8.52,"LCI90":0.64,"WLR":-3.38,"WR2":0.96,"WSE":0.28,"WCI90":0.64,"Shape_Le_1":500.000034768,"ORIG_FID":210,"txt_OBJECTID_1":"210","txt_OBJECTID":"275","txt_TransectID":"276","txt_BaselineID":"6","txt_GroupID":"1","txt_TransOrder":"276","txt_Azimuth":"14.230000000000000","txt_ShrCount":"7","txt_TCD":"179105.720000000001164","txt_SHAPE_Leng":"500.000000000999989","txt_SCE":"100.170000000000002","txt_NSM":"-84.109999999999999","txt_EPR":"-3.390000000000000","txt_EPRunc":"1.710000000000000","txt_LRR":"-3.380000000000000","txt_LR2":"0.960000000000000","txt_LSE":"8.520000000000000","txt_LCI90":"0.640000000000000","txt_WLR":"-3.380000000000000","txt_WR2":"0.960000000000000","txt_WSE":"0.280000000000000","txt_WCI90":"0.640000000000000","txt_Shape_Length":"500.000034768173407","source_feature_index":241,"published_primary_rate_field":"LRR","published_primary_rate_m_per_year":-3.38,"dashboard_rate_class":"STRONG_RETREAT","dashboard_classification_note":"Display convention only; source numeric value is preserved. Not an official DMCR class.","published_period":"1990-2019","published_dataset":"Shoreline ThaiCoast / Krabi_Points"},"geometry":{"type":"Point","coordinates":[99.0519206708128,7.697403335681602]}},{"type":"Feature","id":242,"properties":{"OBJECTID":276,"TransectID":277,"BaselineID":6,"GroupID":1,"TransOrder":277,"Azimuth":359.33,"ShrCount":7,"TCD":179605.72,"SHAPE_Leng":500.000000002,"SCE":206.73,"NSM":206.73,"EPR":8.34,"EPRunc":1.71,"LRR":4.29,"LR2":0.42,"LSE":60.64,"LCI90":4.58,"WLR":4.29,"WR2":0.42,"WSE":2.02,"WCI90":4.58,"Shape_Le_1":500.000010801,"ORIG_FID":211,"txt_OBJECTID_1":"211","txt_OBJECTID":"276","txt_TransectID":"277","txt_BaselineID":"6","txt_GroupID":"1","txt_TransOrder":"277","txt_Azimuth":"359.329999999999984","txt_ShrCount":"7","txt_TCD":"179605.720000000001164","txt_SHAPE_Leng":"500.000000001999979","txt_SCE":"206.729999999999990","txt_NSM":"206.729999999999990","txt_EPR":"8.340000000000000","txt_EPRunc":"1.710000000000000","txt_LRR":"4.290000000000000","txt_LR2":"0.420000000000000","txt_LSE":"60.640000000000001","txt_LCI90":"4.580000000000000","txt_WLR":"4.290000000000000","txt_WR2":"0.420000000000000","txt_WSE":"2.020000000000000","txt_WCI90":"4.580000000000000","txt_Shape_Length":"500.000010801211090","source_feature_index":242,"published_primary_rate_field":"LRR","published_primary_rate_m_per_year":4.29,"dashboard_rate_class":"STRONG_ACCRETION","dashboard_classification_note":"Display convention only; source numeric value is preserved. Not an official DMCR class.","published_period":"1990-2019","published_dataset":"Shoreline ThaiCoast / Krabi_Points"},"geometry":{"type":"Point","coordinates":[99.05538902406225,7.698126518544111]}},{"type":"Feature","id":243,"properties":{"OBJECTID":277,"TransectID":278,"BaselineID":6,"GroupID":1,"TransOrder":278,"Azimuth":340.59,"ShrCount":7,"TCD":180105.72,"SHAPE_Leng":499.999999996,"SCE":151.01,"NSM":89.46,"EPR":3.61,"EPRunc":1.71,"LRR":1.66,"LR2":0.09,"LSE":62.78,"LCI90":4.74,"WLR":1.66,"WR2":0.09,"WSE":2.09,"WCI90":4.74,"Shape_Le_1":499.999938804,"ORIG_FID":212,"txt_OBJECTID_1":"212","txt_OBJECTID":"277","txt_TransectID":"278","txt_BaselineID":"6","txt_GroupID":"1","txt_TransOrder":"278","txt_Azimuth":"340.589999999999975","txt_ShrCount":"7","txt_TCD":"180105.720000000001164","txt_SHAPE_Leng":"499.999999995999985","txt_SCE":"151.009999999999991","txt_NSM":"89.459999999999994","txt_EPR":"3.610000000000000","txt_EPRunc":"1.710000000000000","txt_LRR":"1.660000000000000","txt_LR2":"0.090000000000000","txt_LSE":"62.780000000000001","txt_LCI90":"4.740000000000000","txt_WLR":"1.660000000000000","txt_WR2":"0.090000000000000","txt_WSE":"2.090000000000000","txt_WCI90":"4.740000000000000","txt_Shape_Length":"499.999938803903717","source_feature_index":243,"published_primary_rate_field":"LRR","published_primary_rate_m_per_year":1.66,"dashboard_rate_class":"ACCRETION","dashboard_classification_note":"Display convention only; source numeric value is preserved. Not an official DMCR class.","published_period":"1990-2019","published_dataset":"Shoreline ThaiCoast / Krabi_Points"},"geometry":{"type":"Point","coordinates":[99.06004857726795,7.697540987314488]}},{"type":"Feature","id":244,"properties":{"OBJECTID":284,"TransectID":286,"BaselineID":6,"GroupID":1,"TransOrder":286,"Azimuth":42.5,"ShrCount":10,"TCD":184105.72,"SHAPE_Leng":500.000000004,"SCE":68.78,"NSM":-29.74,"EPR":-1.2,"EPRunc":1.71,"LRR":-0.59,"LR2":0.05,"LSE":24.65,"LCI90":1.61,"WLR":-0.59,"WR2":0.05,"WSE":0.82,"WCI90":1.61,"Shape_Le_1":499.999954066,"ORIG_FID":213,"txt_OBJECTID_1":"213","txt_OBJECTID":"284","txt_TransectID":"286","txt_BaselineID":"6","txt_GroupID":"1","txt_TransOrder":"286","txt_Azimuth":"42.500000000000000","txt_ShrCount":"10","txt_TCD":"184105.720000000001164","txt_SHAPE_Leng":"500.000000004000015","txt_SCE":"68.780000000000001","txt_NSM":"-29.739999999999998","txt_EPR":"-1.200000000000000","txt_EPRunc":"1.710000000000000","txt_LRR":"-0.590000000000000","txt_LR2":"0.050000000000000","txt_LSE":"24.649999999999999","txt_LCI90":"1.610000000000000","txt_WLR":"-0.590000000000000","txt_WR2":"0.050000000000000","txt_WSE":"0.820000000000000","txt_WCI90":"1.610000000000000","txt_Shape_Length":"499.999954066108216","source_feature_index":244,"published_primary_rate_field":"LRR","published_primary_rate_m_per_year":-0.59,"dashboard_rate_class":"RETREAT","dashboard_classification_note":"Display convention only; source numeric value is preserved. Not an official DMCR class.","published_period":"1990-2019","published_dataset":"Shoreline ThaiCoast / Krabi_Points"},"geometry":{"type":"Point","coordinates":[99.06773618677319,7.695503563389097]}},{"type":"Feature","id":245,"properties":{"OBJECTID":303,"TransectID":305,"BaselineID":7,"GroupID":1,"TransOrder":305,"Azimuth":171.11,"ShrCount":11,"TCD":215548.9,"SHAPE_Leng":500.000000002,"SCE":73.25,"NSM":3.69,"EPR":0.16,"EPRunc":1.85,"LRR":1.82,"LR2":0.37,"LSE":20.39,"LCI90":1.46,"WLR":1.82,"WR2":0.37,"WSE":0.68,"WCI90":1.46,"Shape_Le_1":499.999987956,"ORIG_FID":232,"txt_OBJECTID_1":"232","txt_OBJECTID":"303","txt_TransectID":"305","txt_BaselineID":"7","txt_GroupID":"1","txt_TransOrder":"305","txt_Azimuth":"171.110000000000014","txt_ShrCount":"11","txt_TCD":"215548.899999999994179","txt_SHAPE_Leng":"500.000000001999979","txt_SCE":"73.250000000000000","txt_NSM":"3.690000000000000","txt_EPR":"0.160000000000000","txt_EPRunc":"1.850000000000000","txt_LRR":"1.820000000000000","txt_LR2":"0.370000000000000","txt_LSE":"20.390000000000001","txt_LCI90":"1.460000000000000","txt_WLR":"1.820000000000000","txt_WR2":"0.370000000000000","txt_WSE":"0.680000000000000","txt_WCI90":"1.460000000000000","txt_Shape_Length":"499.999987956433472","source_feature_index":245,"published_primary_rate_field":"LRR","published_primary_rate_m_per_year":1.82,"dashboard_rate_class":"ACCRETION","dashboard_classification_note":"Display convention only; source numeric value is preserved. Not an official DMCR class.","published_period":"1990-2019","published_dataset":"Shoreline ThaiCoast / Krabi_Points"},"geometry":{"type":"Point","coordinates":[98.952669710025,7.857285658939395]}},{"type":"Feature","id":246,"properties":{"OBJECTID":304,"TransectID":306,"BaselineID":7,"GroupID":1,"TransOrder":306,"Azimuth":150.93,"ShrCount":11,"TCD":216048.9,"SHAPE_Leng":500.000000001,"SCE":82.54,"NSM":4.53,"EPR":0.2,"EPRunc":1.85,"LRR":1.87,"LR2":0.4,"LSE":19.09,"LCI90":1.41,"WLR":1.87,"WR2":0.4,"WSE":0.64,"WCI90":1.41,"Shape_Le_1":499.99997097,"ORIG_FID":233,"txt_OBJECTID_1":"233","txt_OBJECTID":"304","txt_TransectID":"306","txt_BaselineID":"7","txt_GroupID":"1","txt_TransOrder":"306","txt_Azimuth":"150.930000000000007","txt_ShrCount":"11","txt_TCD":"216048.899999999994179","txt_SHAPE_Leng":"500.000000000999989","txt_SCE":"82.540000000000006","txt_NSM":"4.530000000000000","txt_EPR":"0.200000000000000","txt_EPRunc":"1.850000000000000","txt_LRR":"1.870000000000000","txt_LR2":"0.400000000000000","txt_LSE":"19.090000000000000","txt_LCI90":"1.410000000000000","txt_WLR":"1.870000000000000","txt_WR2":"0.400000000000000","txt_WSE":"0.640000000000000","txt_WCI90":"1.410000000000000","txt_Shape_Length":"499.999970970038021","source_feature_index":246,"published_primary_rate_field":"LRR","published_primary_rate_m_per_year":1.87,"dashboard_rate_class":"ACCRETION","dashboard_classification_note":"Display convention only; source numeric value is preserved. Not an official DMCR class.","published_period":"1990-2019","published_dataset":"Shoreline ThaiCoast / Krabi_Points"},"geometry":{"type":"Point","coordinates":[98.94771581280636,7.856539888012001]}},{"type":"Feature","id":247,"properties":{"OBJECTID":305,"TransectID":307,"BaselineID":7,"GroupID":1,"TransOrder":307,"Azimuth":145.35,"ShrCount":12,"TCD":216548.9,"SHAPE_Leng":499.999999997,"SCE":88.05,"NSM":13.67,"EPR":0.6,"EPRunc":1.85,"LRR":2.09,"LR2":0.4,"LSE":20.85,"LCI90":1.47,"WLR":2.09,"WR2":0.4,"WSE":0.69,"WCI90":1.47,"Shape_Le_1":499.999987025,"ORIG_FID":234,"txt_OBJECTID_1":"234","txt_OBJECTID":"305","txt_TransectID":"307","txt_BaselineID":"7","txt_GroupID":"1","txt_TransOrder":"307","txt_Azimuth":"145.349999999999994","txt_ShrCount":"12","txt_TCD":"216548.899999999994179","txt_SHAPE_Leng":"499.999999996999975","txt_SCE":"88.049999999999997","txt_NSM":"13.670000000000000","txt_EPR":"0.600000000000000","txt_EPRunc":"1.850000000000000","txt_LRR":"2.090000000000000","txt_LR2":"0.400000000000000","txt_LSE":"20.850000000000001","txt_LCI90":"1.470000000000000","txt_WLR":"2.090000000000000","txt_WR2":"0.400000000000000","txt_WSE":"0.690000000000000","txt_WCI90":"1.470000000000000","txt_Shape_Length":"499.999987024774725","source_feature_index":247,"published_primary_rate_field":"LRR","published_primary_rate_m_per_year":2.09,"dashboard_rate_class":"STRONG_ACCRETION","dashboard_classification_note":"Display convention only; source numeric value is preserved. Not an official DMCR class.","published_period":"1990-2019","published_dataset":"Shoreline ThaiCoast / Krabi_Points"},"geometry":{"type":"Point","coordinates":[98.94522498319152,7.8533043422264734]}},{"type":"Feature","id":248,"properties":{"OBJECTID":306,"TransectID":308,"BaselineID":7,"GroupID":1,"TransOrder":308,"Azimuth":175.62,"ShrCount":12,"TCD":217048.9,"SHAPE_Leng":500.000000002,"SCE":85.37,"NSM":11.26,"EPR":0.49,"EPRunc":1.85,"LRR":2.39,"LR2":0.42,"LSE":22.83,"LCI90":1.61,"WLR":2.39,"WR2":0.42,"WSE":0.76,"WCI90":1.61,"Shape_Le_1":500.000018909,"ORIG_FID":235,"txt_OBJECTID_1":"235","txt_OBJECTID":"306","txt_TransectID":"308","txt_BaselineID":"7","txt_GroupID":"1","txt_TransOrder":"308","txt_Azimuth":"175.620000000000005","txt_ShrCount":"12","txt_TCD":"217048.899999999994179","txt_SHAPE_Leng":"500.000000001999979","txt_SCE":"85.370000000000005","txt_NSM":"11.260000000000000","txt_EPR":"0.490000000000000","txt_EPRunc":"1.850000000000000","txt_LRR":"2.390000000000000","txt_LR2":"0.420000000000000","txt_LSE":"22.829999999999998","txt_LCI90":"1.610000000000000","txt_WLR":"2.390000000000000","txt_WR2":"0.420000000000000","txt_WSE":"0.760000000000000","txt_WCI90":"1.610000000000000","txt_Shape_Length":"500.000018909486812","source_feature_index":248,"published_primary_rate_field":"LRR","published_primary_rate_m_per_year":2.39,"dashboard_rate_class":"STRONG_ACCRETION","dashboard_classification_note":"Display convention only; source numeric value is preserved. Not an official DMCR class.","published_period":"1990-2019","published_dataset":"Shoreline ThaiCoast / Krabi_Points"},"geometry":{"type":"Point","coordinates":[98.9421646258316,7.85235062250374]}},{"type":"Feature","id":249,"properties":{"OBJECTID":307,"TransectID":309,"BaselineID":7,"GroupID":1,"TransOrder":309,"Azimuth":117.08,"ShrCount":11,"TCD":217548.9,"SHAPE_Leng":500.000000003,"SCE":101.14,"NSM":-1.96,"EPR":-0.09,"EPRunc":1.85,"LRR":2.5,"LR2":0.36,"LSE":28.62,"LCI90":2.05,"WLR":2.5,"WR2":0.36,"WSE":0.95,"WCI90":2.05,"Shape_Le_1":499.999953942,"ORIG_FID":236,"txt_OBJECTID_1":"236","txt_OBJECTID":"307","txt_TransectID":"309","txt_BaselineID":"7","txt_GroupID":"1","txt_TransOrder":"309","txt_Azimuth":"117.079999999999998","txt_ShrCount":"11","txt_TCD":"217548.899999999994179","txt_SHAPE_Leng":"500.000000003000025","txt_SCE":"101.140000000000001","txt_NSM":"-1.960000000000000","txt_EPR":"-0.090000000000000","txt_EPRunc":"1.850000000000000","txt_LRR":"2.500000000000000","txt_LR2":"0.360000000000000","txt_LSE":"28.620000000000001","txt_LCI90":"2.050000000000000","txt_WLR":"2.500000000000000","txt_WR2":"0.360000000000000","txt_WSE":"0.950000000000000","txt_WCI90":"2.050000000000000","txt_Shape_Length":"499.999953942442971","source_feature_index":249,"published_primary_rate_field":"LRR","published_primary_rate_m_per_year":2.5,"dashboard_rate_class":"STRONG_ACCRETION","dashboard_classification_note":"Display convention only; source numeric value is preserved. Not an official DMCR class.","published_period":"1990-2019","published_dataset":"Shoreline ThaiCoast / Krabi_Points"},"geometry":{"type":"Point","coordinates":[98.93791753349251,7.85196994839267]}},{"type":"Feature","id":250,"properties":{"OBJECTID":308,"TransectID":310,"BaselineID":7,"GroupID":1,"TransOrder":310,"Azimuth":105.02,"ShrCount":11,"TCD":218048.9,"SHAPE_Leng":500.0,"SCE":180.9,"NSM":-34.74,"EPR":-1.52,"EPRunc":1.85,"LRR":1.58,"LR2":0.06,"LSE":51.05,"LCI90":3.77,"WLR":1.58,"WR2":0.06,"WSE":1.7,"WCI90":3.77,"Shape_Le_1":500.000005428,"ORIG_FID":237,"txt_OBJECTID_1":"237","txt_OBJECTID":"308","txt_TransectID":"310","txt_BaselineID":"7","txt_GroupID":"1","txt_TransOrder":"310","txt_Azimuth":"105.019999999999996","txt_ShrCount":"11","txt_TCD":"218048.899999999994179","txt_SHAPE_Leng":"500.000000000000000","txt_SCE":"180.900000000000006","txt_NSM":"-34.740000000000002","txt_EPR":"-1.520000000000000","txt_EPRunc":"1.850000000000000","txt_LRR":"1.580000000000000","txt_LR2":"0.060000000000000","txt_LSE":"51.049999999999997","txt_LCI90":"3.770000000000000","txt_WLR":"1.580000000000000","txt_WR2":"0.060000000000000","txt_WSE":"1.700000000000000","txt_WCI90":"3.770000000000000","txt_Shape_Length":"500.000005428005636","source_feature_index":250,"published_primary_rate_field":"LRR","published_primary_rate_m_per_year":1.58,"dashboard_rate_class":"ACCRETION","dashboard_classification_note":"Display convention only; source numeric value is preserved. Not an official DMCR class.","published_period":"1990-2019","published_dataset":"Shoreline ThaiCoast / Krabi_Points"},"geometry":{"type":"Point","coordinates":[98.9384031849651,7.847278182769742]}},{"type":"Feature","id":251,"properties":{"OBJECTID":309,"TransectID":311,"BaselineID":7,"GroupID":1,"TransOrder":311,"Azimuth":112.49,"ShrCount":12,"TCD":218548.9,"SHAPE_Leng":499.999999998,"SCE":215.66,"NSM":7.21,"EPR":0.32,"EPRunc":1.85,"LRR":3.76,"LR2":0.26,"LSE":51.26,"LCI90":3.61,"WLR":3.76,"WR2":0.26,"WSE":1.71,"WCI90":3.61,"Shape_Le_1":500.000015427,"ORIG_FID":238,"txt_OBJECTID_1":"238","txt_OBJECTID":"309","txt_TransectID":"311","txt_BaselineID":"7","txt_GroupID":"1","txt_TransOrder":"311","txt_Azimuth":"112.489999999999995","txt_ShrCount":"12","txt_TCD":"218548.899999999994179","txt_SHAPE_Leng":"499.999999998000021","txt_SCE":"215.659999999999997","txt_NSM":"7.210000000000000","txt_EPR":"0.320000000000000","txt_EPRunc":"1.850000000000000","txt_LRR":"3.760000000000000","txt_LR2":"0.260000000000000","txt_LSE":"51.259999999999998","txt_LCI90":"3.610000000000000","txt_WLR":"3.760000000000000","txt_WR2":"0.260000000000000","txt_WSE":"1.710000000000000","txt_WCI90":"3.610000000000000","txt_Shape_Length":"500.000015427304845","source_feature_index":251,"published_primary_rate_field":"LRR","published_primary_rate_m_per_year":3.76,"dashboard_rate_class":"STRONG_ACCRETION","dashboard_classification_note":"Display convention only; source numeric value is preserved. Not an official DMCR class.","published_period":"1990-2019","published_dataset":"Shoreline ThaiCoast / Krabi_Points"},"geometry":{"type":"Point","coordinates":[98.93588626713482,7.84453364983584]}},{"type":"Feature","id":252,"properties":{"OBJECTID":310,"TransectID":312,"BaselineID":7,"GroupID":1,"TransOrder":312,"Azimuth":80.47,"ShrCount":11,"TCD":219048.9,"SHAPE_Leng":500.0,"SCE":217.1,"NSM":-11.64,"EPR":-0.51,"EPRunc":1.85,"LRR":3.89,"LR2":0.33,"LSE":46.24,"LCI90":3.41,"WLR":3.89,"WR2":0.33,"WSE":1.54,"WCI90":3.41,"Shape_Le_1":500.000062332,"ORIG_FID":239,"txt_OBJECTID_1":"239","txt_OBJECTID":"310","txt_TransectID":"312","txt_BaselineID":"7","txt_GroupID":"1","txt_TransOrder":"312","txt_Azimuth":"80.469999999999999","txt_ShrCount":"11","txt_TCD":"219048.899999999994179","txt_SHAPE_Leng":"500.000000000000000","txt_SCE":"217.099999999999994","txt_NSM":"-11.640000000000001","txt_EPR":"-0.510000000000000","txt_EPRunc":"1.850000000000000","txt_LRR":"3.890000000000000","txt_LR2":"0.330000000000000","txt_LSE":"46.240000000000002","txt_LCI90":"3.410000000000000","txt_WLR":"3.890000000000000","txt_WR2":"0.330000000000000","txt_WSE":"1.540000000000000","txt_WCI90":"3.410000000000000","txt_Shape_Length":"500.000062331887591","source_feature_index":252,"published_primary_rate_field":"LRR","published_primary_rate_m_per_year":3.89,"dashboard_rate_class":"STRONG_ACCRETION","dashboard_classification_note":"Display convention only; source numeric value is preserved. Not an official DMCR class.","published_period":"1990-2019","published_dataset":"Shoreline ThaiCoast / Krabi_Points"},"geometry":{"type":"Point","coordinates":[98.93557199753174,7.839605993912088]}},{"type":"Feature","id":253,"properties":{"OBJECTID":311,"TransectID":313,"BaselineID":7,"GroupID":1,"TransOrder":313,"Azimuth":17.89,"ShrCount":12,"TCD":219548.9,"SHAPE_Leng":499.999999998,"SCE":67.23,"NSM":-51.12,"EPR":-2.23,"EPRunc":1.85,"LRR":-0.99,"LR2":0.1,"LSE":23.76,"LCI90":1.67,"WLR":-0.99,"WR2":0.1,"WSE":0.79,"WCI90":1.67,"Shape_Le_1":499.99997458,"ORIG_FID":240,"txt_OBJECTID_1":"240","txt_OBJECTID":"311","txt_TransectID":"313","txt_BaselineID":"7","txt_GroupID":"1","txt_TransOrder":"313","txt_Azimuth":"17.890000000000001","txt_ShrCount":"12","txt_TCD":"219548.899999999994179","txt_SHAPE_Leng":"499.999999998000021","txt_SCE":"67.230000000000004","txt_NSM":"-51.119999999999997","txt_EPR":"-2.230000000000000","txt_EPRunc":"1.850000000000000","txt_LRR":"-0.990000000000000","txt_LR2":"0.100000000000000","txt_LSE":"23.760000000000002","txt_LCI90":"1.670000000000000","txt_WLR":"-0.990000000000000","txt_WR2":"0.100000000000000","txt_WSE":"0.790000000000000","txt_WCI90":"1.670000000000000","txt_Shape_Length":"499.999974580371827","source_feature_index":253,"published_primary_rate_field":"LRR","published_primary_rate_m_per_year":-0.99,"dashboard_rate_class":"RETREAT","dashboard_classification_note":"Display convention only; source numeric value is preserved. Not an official DMCR class.","published_period":"1990-2019","published_dataset":"Shoreline ThaiCoast / Krabi_Points"},"geometry":{"type":"Point","coordinates":[98.93804208763407,7.837026060066628]}},{"type":"Feature","id":254,"properties":{"OBJECTID":312,"TransectID":314,"BaselineID":7,"GroupID":1,"TransOrder":314,"Azimuth":27.77,"ShrCount":12,"TCD":220048.9,"SHAPE_Leng":500.000000001,"SCE":63.47,"NSM":-52.07,"EPR":-2.28,"EPRunc":1.85,"LRR":-0.35,"LR2":0.01,"LSE":26.36,"LCI90":1.85,"WLR":-0.35,"WR2":0.01,"WSE":0.88,"WCI90":1.85,"Shape_Le_1":499.999913137,"ORIG_FID":241,"txt_OBJECTID_1":"241","txt_OBJECTID":"312","txt_TransectID":"314","txt_BaselineID":"7","txt_GroupID":"1","txt_TransOrder":"314","txt_Azimuth":"27.770000000000000","txt_ShrCount":"12","txt_TCD":"220048.899999999994179","txt_SHAPE_Leng":"500.000000000999989","txt_SCE":"63.469999999999999","txt_NSM":"-52.070000000000000","txt_EPR":"-2.280000000000000","txt_EPRunc":"1.850000000000000","txt_LRR":"-0.350000000000000","txt_LR2":"0.010000000000000","txt_LSE":"26.359999999999999","txt_LCI90":"1.850000000000000","txt_WLR":"-0.350000000000000","txt_WR2":"0.010000000000000","txt_WSE":"0.880000000000000","txt_WCI90":"1.850000000000000","txt_Shape_Length":"499.999913137290150","source_feature_index":254,"published_primary_rate_field":"LRR","published_primary_rate_m_per_year":-0.35,"dashboard_rate_class":"RELATIVELY_STABLE","dashboard_classification_note":"Display convention only; source numeric value is preserved. Not an official DMCR class.","published_period":"1990-2019","published_dataset":"Shoreline ThaiCoast / Krabi_Points"},"geometry":{"type":"Point","coordinates":[98.94176127478619,7.836367603069401]}},{"type":"Feature","id":255,"properties":{"OBJECTID":313,"TransectID":315,"BaselineID":7,"GroupID":1,"TransOrder":315,"Azimuth":43.37,"ShrCount":12,"TCD":220548.9,"SHAPE_Leng":499.999999998,"SCE":61.08,"NSM":-36.79,"EPR":-1.61,"EPRunc":1.85,"LRR":-0.3,"LR2":0.01,"LSE":23.04,"LCI90":1.62,"WLR":-0.3,"WR2":0.01,"WSE":0.77,"WCI90":1.62,"Shape_Le_1":500.000016593,"ORIG_FID":242,"txt_OBJECTID_1":"242","txt_OBJECTID":"313","txt_TransectID":"315","txt_BaselineID":"7","txt_GroupID":"1","txt_TransOrder":"315","txt_Azimuth":"43.369999999999997","txt_ShrCount":"12","txt_TCD":"220548.899999999994179","txt_SHAPE_Leng":"499.999999998000021","txt_SCE":"61.079999999999998","txt_NSM":"-36.789999999999999","txt_EPR":"-1.610000000000000","txt_EPRunc":"1.850000000000000","txt_LRR":"-0.300000000000000","txt_LR2":"0.010000000000000","txt_LSE":"23.039999999999999","txt_LCI90":"1.620000000000000","txt_WLR":"-0.300000000000000","txt_WR2":"0.010000000000000","txt_WSE":"0.770000000000000","txt_WCI90":"1.620000000000000","txt_Shape_Length":"500.000016593446219","source_feature_index":255,"published_primary_rate_field":"LRR","published_primary_rate_m_per_year":-0.3,"dashboard_rate_class":"RELATIVELY_STABLE","dashboard_classification_note":"Display convention only; source numeric value is preserved. Not an official DMCR class.","published_period":"1990-2019","published_dataset":"Shoreline ThaiCoast / Krabi_Points"},"geometry":{"type":"Point","coordinates":[98.94445570178954,7.833715290887417]}},{"type":"Feature","id":256,"properties":{"OBJECTID":314,"TransectID":316,"BaselineID":7,"GroupID":1,"TransOrder":316,"Azimuth":39.69,"ShrCount":11,"TCD":221048.9,"SHAPE_Leng":499.999999999,"SCE":57.44,"NSM":-43.22,"EPR":-1.89,"EPRunc":1.85,"LRR":-0.38,"LR2":0.02,"LSE":23.13,"LCI90":1.65,"WLR":-0.38,"WR2":0.02,"WSE":0.77,"WCI90":1.65,"Shape_Le_1":500.000007944,"ORIG_FID":243,"txt_OBJECTID_1":"243","txt_OBJECTID":"314","txt_TransectID":"316","txt_BaselineID":"7","txt_GroupID":"1","txt_TransOrder":"316","txt_Azimuth":"39.689999999999998","txt_ShrCount":"11","txt_TCD":"221048.899999999994179","txt_SHAPE_Leng":"499.999999999000011","txt_SCE":"57.439999999999998","txt_NSM":"-43.219999999999999","txt_EPR":"-1.890000000000000","txt_EPRunc":"1.850000000000000","txt_LRR":"-0.380000000000000","txt_LR2":"0.020000000000000","txt_LSE":"23.129999999999999","txt_LCI90":"1.650000000000000","txt_WLR":"-0.380000000000000","txt_WR2":"0.020000000000000","txt_WSE":"0.770000000000000","txt_WCI90":"1.650000000000000","txt_Shape_Length":"500.000007944233062","source_feature_index":256,"published_primary_rate_field":"LRR","published_primary_rate_m_per_year":-0.38,"dashboard_rate_class":"RELATIVELY_STABLE","dashboard_classification_note":"Display convention only; source numeric value is preserved. Not an official DMCR class.","published_period":"1990-2019","published_dataset":"Shoreline ThaiCoast / Krabi_Points"},"geometry":{"type":"Point","coordinates":[98.94752206520661,7.830833786291862]}},{"type":"Feature","id":257,"properties":{"OBJECTID":315,"TransectID":317,"BaselineID":7,"GroupID":1,"TransOrder":317,"Azimuth":34.13,"ShrCount":11,"TCD":221548.9,"SHAPE_Leng":500.000000005,"SCE":77.28,"NSM":-51.76,"EPR":-2.26,"EPRunc":1.85,"LRR":-1.32,"LR2":0.14,"LSE":26.83,"LCI90":1.98,"WLR":-1.32,"WR2":0.14,"WSE":0.89,"WCI90":1.98,"Shape_Le_1":500.000010897,"ORIG_FID":244,"txt_OBJECTID_1":"244","txt_OBJECTID":"315","txt_TransectID":"317","txt_BaselineID":"7","txt_GroupID":"1","txt_TransOrder":"317","txt_Azimuth":"34.130000000000003","txt_ShrCount":"11","txt_TCD":"221548.899999999994179","txt_SHAPE_Leng":"500.000000005000004","txt_SCE":"77.280000000000001","txt_NSM":"-51.759999999999998","txt_EPR":"-2.260000000000000","txt_EPRunc":"1.850000000000000","txt_LRR":"-1.320000000000000","txt_LR2":"0.140000000000000","txt_LSE":"26.829999999999998","txt_LCI90":"1.980000000000000","txt_WLR":"-1.320000000000000","txt_WR2":"0.140000000000000","txt_WSE":"0.890000000000000","txt_WCI90":"1.980000000000000","txt_Shape_Length":"500.000010897258392","source_feature_index":257,"published_primary_rate_field":"LRR","published_primary_rate_m_per_year":-1.32,"dashboard_rate_class":"RETREAT","dashboard_classification_note":"Display convention only; source numeric value is preserved. Not an official DMCR class.","published_period":"1990-2019","published_dataset":"Shoreline ThaiCoast / Krabi_Points"},"geometry":{"type":"Point","coordinates":[98.95120217051151,7.828141179764033]}},{"type":"Feature","id":258,"properties":{"OBJECTID":316,"TransectID":318,"BaselineID":7,"GroupID":1,"TransOrder":318,"Azimuth":26.74,"ShrCount":12,"TCD":222048.9,"SHAPE_Leng":500.000000005,"SCE":63.01,"NSM":-33.06,"EPR":-1.44,"EPRunc":1.85,"LRR":-0.02,"LR2":0.0,"LSE":24.82,"LCI90":1.75,"WLR":-0.02,"WR2":0.0,"WSE":0.83,"WCI90":1.75,"Shape_Le_1":500.000106797,"ORIG_FID":245,"txt_OBJECTID_1":"245","txt_OBJECTID":"316","txt_TransectID":"318","txt_BaselineID":"7","txt_GroupID":"1","txt_TransOrder":"318","txt_Azimuth":"26.739999999999998","txt_ShrCount":"12","txt_TCD":"222048.899999999994179","txt_SHAPE_Leng":"500.000000005000004","txt_SCE":"63.009999999999998","txt_NSM":"-33.060000000000002","txt_EPR":"-1.440000000000000","txt_EPRunc":"1.850000000000000","txt_LRR":"-0.020000000000000","txt_LR2":"0.000000000000000","txt_LSE":"24.820000000000000","txt_LCI90":"1.750000000000000","txt_WLR":"-0.020000000000000","txt_WR2":"0.000000000000000","txt_WSE":"0.830000000000000","txt_WCI90":"1.750000000000000","txt_Shape_Length":"500.000106797257331","source_feature_index":258,"published_primary_rate_field":"LRR","published_primary_rate_m_per_year":-0.02,"dashboard_rate_class":"RELATIVELY_STABLE","dashboard_classification_note":"Display convention only; source numeric value is preserved. Not an official DMCR class.","published_period":"1990-2019","published_dataset":"Shoreline ThaiCoast / Krabi_Points"},"geometry":{"type":"Point","coordinates":[98.9549180576752,7.8258462158586175]}},{"type":"Feature","id":259,"properties":{"OBJECTID":317,"TransectID":319,"BaselineID":7,"GroupID":1,"TransOrder":319,"Azimuth":44.44,"ShrCount":12,"TCD":222548.9,"SHAPE_Leng":499.999999999,"SCE":238.82,"NSM":-25.18,"EPR":-1.1,"EPRunc":1.85,"LRR":2.78,"LR2":0.11,"LSE":63.95,"LCI90":4.5,"WLR":2.78,"WR2":0.11,"WSE":2.13,"WCI90":4.5,"Shape_Le_1":500.000025593,"ORIG_FID":246,"txt_OBJECTID_1":"246","txt_OBJECTID":"317","txt_TransectID":"319","txt_BaselineID":"7","txt_GroupID":"1","txt_TransOrder":"319","txt_Azimuth":"44.439999999999998","txt_ShrCount":"12","txt_TCD":"222548.899999999994179","txt_SHAPE_Leng":"499.999999999000011","txt_SCE":"238.819999999999993","txt_NSM":"-25.180000000000000","txt_EPR":"-1.100000000000000","txt_EPRunc":"1.850000000000000","txt_LRR":"2.780000000000000","txt_LR2":"0.110000000000000","txt_LSE":"63.950000000000003","txt_LCI90":"4.500000000000000","txt_WLR":"2.780000000000000","txt_WR2":"0.110000000000000","txt_WSE":"2.130000000000000","txt_WCI90":"4.500000000000000","txt_Shape_Length":"500.000025592599400","source_feature_index":259,"published_primary_rate_field":"LRR","published_primary_rate_m_per_year":2.78,"dashboard_rate_class":"STRONG_ACCRETION","dashboard_classification_note":"Display convention only; source numeric value is preserved. Not an official DMCR class.","published_period":"1990-2019","published_dataset":"Shoreline ThaiCoast / Krabi_Points"},"geometry":{"type":"Point","coordinates":[98.95752506955381,7.825064538006549]}},{"type":"Feature","id":260,"properties":{"OBJECTID":318,"TransectID":320,"BaselineID":7,"GroupID":1,"TransOrder":320,"Azimuth":60.08,"ShrCount":11,"TCD":223048.9,"SHAPE_Leng":500.0,"SCE":70.93,"NSM":-28.32,"EPR":-1.24,"EPRunc":1.85,"LRR":0.33,"LR2":0.01,"LSE":25.54,"LCI90":1.83,"WLR":0.33,"WR2":0.01,"WSE":0.85,"WCI90":1.83,"Shape_Le_1":500.000020145,"ORIG_FID":247,"txt_OBJECTID_1":"247","txt_OBJECTID":"318","txt_TransectID":"320","txt_BaselineID":"7","txt_GroupID":"1","txt_TransOrder":"320","txt_Azimuth":"60.079999999999998","txt_ShrCount":"11","txt_TCD":"223048.899999999994179","txt_SHAPE_Leng":"500.000000000000000","txt_SCE":"70.930000000000007","txt_NSM":"-28.320000000000000","txt_EPR":"-1.240000000000000","txt_EPRunc":"1.850000000000000","txt_LRR":"0.330000000000000","txt_LR2":"0.010000000000000","txt_LSE":"25.539999999999999","txt_LCI90":"1.830000000000000","txt_WLR":"0.330000000000000","txt_WR2":"0.010000000000000","txt_WSE":"0.850000000000000","txt_WCI90":"1.830000000000000","txt_Shape_Length":"500.000020144692485","source_feature_index":260,"published_primary_rate_field":"LRR","published_primary_rate_m_per_year":0.33,"dashboard_rate_class":"RELATIVELY_STABLE","dashboard_classification_note":"Display convention only; source numeric value is preserved. Not an official DMCR class.","published_period":"1990-2019","published_dataset":"Shoreline ThaiCoast / Krabi_Points"},"geometry":{"type":"Point","coordinates":[98.95908676929389,7.82173741220293]}},{"type":"Feature","id":261,"properties":{"OBJECTID":319,"TransectID":321,"BaselineID":7,"GroupID":1,"TransOrder":321,"Azimuth":54.01,"ShrCount":11,"TCD":223548.9,"SHAPE_Leng":500.000000003,"SCE":73.46,"NSM":-73.46,"EPR":-3.21,"EPRunc":1.85,"LRR":-1.59,"LR2":0.21,"LSE":25.62,"LCI90":1.89,"WLR":-1.59,"WR2":0.21,"WSE":0.85,"WCI90":1.89,"Shape_Le_1":499.999949595,"ORIG_FID":248,"txt_OBJECTID_1":"248","txt_OBJECTID":"319","txt_TransectID":"321","txt_BaselineID":"7","txt_GroupID":"1","txt_TransOrder":"321","txt_Azimuth":"54.009999999999998","txt_ShrCount":"11","txt_TCD":"223548.899999999994179","txt_SHAPE_Leng":"500.000000003000025","txt_SCE":"73.459999999999994","txt_NSM":"-73.459999999999994","txt_EPR":"-3.210000000000000","txt_EPRunc":"1.850000000000000","txt_LRR":"-1.590000000000000","txt_LR2":"0.210000000000000","txt_LSE":"25.620000000000001","txt_LCI90":"1.890000000000000","txt_WLR":"-1.590000000000000","txt_WR2":"0.210000000000000","txt_WSE":"0.850000000000000","txt_WCI90":"1.890000000000000","txt_Shape_Length":"499.999949594627878","source_feature_index":261,"published_primary_rate_field":"LRR","published_primary_rate_m_per_year":-1.59,"dashboard_rate_class":"RETREAT","dashboard_classification_note":"Display convention only; source numeric value is preserved. Not an official DMCR class.","published_period":"1990-2019","published_dataset":"Shoreline ThaiCoast / Krabi_Points"},"geometry":{"type":"Point","coordinates":[98.96159874356626,7.817863546404819]}},{"type":"Feature","id":262,"properties":{"OBJECTID":320,"TransectID":322,"BaselineID":7,"GroupID":1,"TransOrder":322,"Azimuth":54.09,"ShrCount":12,"TCD":224048.9,"SHAPE_Leng":499.999999999,"SCE":60.6,"NSM":-25.82,"EPR":-1.13,"EPRunc":1.85,"LRR":0.09,"LR2":0.0,"LSE":22.12,"LCI90":1.56,"WLR":0.09,"WR2":0.0,"WSE":0.74,"WCI90":1.56,"Shape_Le_1":500.000013383,"ORIG_FID":249,"txt_OBJECTID_1":"249","txt_OBJECTID":"320","txt_TransectID":"322","txt_BaselineID":"7","txt_GroupID":"1","txt_TransOrder":"322","txt_Azimuth":"54.090000000000003","txt_ShrCount":"12","txt_TCD":"224048.899999999994179","txt_SHAPE_Leng":"499.999999999000011","txt_SCE":"60.600000000000001","txt_NSM":"-25.820000000000000","txt_EPR":"-1.130000000000000","txt_EPRunc":"1.850000000000000","txt_LRR":"0.090000000000000","txt_LR2":"0.000000000000000","txt_LSE":"22.120000000000001","txt_LCI90":"1.560000000000000","txt_WLR":"0.090000000000000","txt_WR2":"0.000000000000000","txt_WSE":"0.740000000000000","txt_WCI90":"1.560000000000000","txt_Shape_Length":"500.000013382992620","source_feature_index":262,"published_primary_rate_field":"LRR","published_primary_rate_m_per_year":0.09,"dashboard_rate_class":"RELATIVELY_STABLE","dashboard_classification_note":"Display convention only; source numeric value is preserved. Not an official DMCR class.","published_period":"1990-2019","published_dataset":"Shoreline ThaiCoast / Krabi_Points"},"geometry":{"type":"Point","coordinates":[98.96435190583281,7.814486554969856]}},{"type":"Feature","id":263,"properties":{"OBJECTID":321,"TransectID":323,"BaselineID":7,"GroupID":1,"TransOrder":323,"Azimuth":56.4,"ShrCount":10,"TCD":224548.9,"SHAPE_Leng":500.000000003,"SCE":49.27,"NSM":-16.6,"EPR":-0.73,"EPRunc":1.85,"LRR":0.46,"LR2":0.04,"LSE":18.73,"LCI90":1.4,"WLR":0.46,"WR2":0.04,"WSE":0.62,"WCI90":1.4,"Shape_Le_1":499.999988197,"ORIG_FID":250,"txt_OBJECTID_1":"250","txt_OBJECTID":"321","txt_TransectID":"323","txt_BaselineID":"7","txt_GroupID":"1","txt_TransOrder":"323","txt_Azimuth":"56.399999999999999","txt_ShrCount":"10","txt_TCD":"224548.899999999994179","txt_SHAPE_Leng":"500.000000003000025","txt_SCE":"49.270000000000003","txt_NSM":"-16.600000000000001","txt_EPR":"-0.730000000000000","txt_EPRunc":"1.850000000000000","txt_LRR":"0.460000000000000","txt_LR2":"0.040000000000000","txt_LSE":"18.730000000000000","txt_LCI90":"1.400000000000000","txt_WLR":"0.460000000000000","txt_WR2":"0.040000000000000","txt_WSE":"0.620000000000000","txt_WCI90":"1.400000000000000","txt_Shape_Length":"499.999988196792003","source_feature_index":263,"published_primary_rate_field":"LRR","published_primary_rate_m_per_year":0.46,"dashboard_rate_class":"RELATIVELY_STABLE","dashboard_classification_note":"Display convention only; source numeric value is preserved. Not an official DMCR class.","published_period":"1990-2019","published_dataset":"Shoreline ThaiCoast / Krabi_Points"},"geometry":{"type":"Point","coordinates":[98.9666844605764,7.810865292462405]}},{"type":"Feature","id":264,"properties":{"OBJECTID":322,"TransectID":324,"BaselineID":7,"GroupID":1,"TransOrder":324,"Azimuth":66.84,"ShrCount":10,"TCD":225048.9,"SHAPE_Leng":499.999999999,"SCE":71.64,"NSM":-17.93,"EPR":-0.78,"EPRunc":1.85,"LRR":0.56,"LR2":0.04,"LSE":23.35,"LCI90":1.82,"WLR":0.56,"WR2":0.04,"WSE":0.78,"WCI90":1.82,"Shape_Le_1":500.000070982,"ORIG_FID":251,"txt_OBJECTID_1":"251","txt_OBJECTID":"322","txt_TransectID":"324","txt_BaselineID":"7","txt_GroupID":"1","txt_TransOrder":"324","txt_Azimuth":"66.840000000000003","txt_ShrCount":"10","txt_TCD":"225048.899999999994179","txt_SHAPE_Leng":"499.999999999000011","txt_SCE":"71.640000000000001","txt_NSM":"-17.930000000000000","txt_EPR":"-0.780000000000000","txt_EPRunc":"1.850000000000000","txt_LRR":"0.560000000000000","txt_LR2":"0.040000000000000","txt_LSE":"23.350000000000001","txt_LCI90":"1.820000000000000","txt_WLR":"0.560000000000000","txt_WR2":"0.040000000000000","txt_WSE":"0.780000000000000","txt_WCI90":"1.820000000000000","txt_Shape_Length":"500.000070982354202","source_feature_index":264,"published_primary_rate_field":"LRR","published_primary_rate_m_per_year":0.56,"dashboard_rate_class":"ACCRETION","dashboard_classification_note":"Display convention only; source numeric value is preserved. Not an official DMCR class.","published_period":"1990-2019","published_dataset":"Shoreline ThaiCoast / Krabi_Points"},"geometry":{"type":"Point","coordinates":[98.96900975488312,7.8075613018520755]}},{"type":"Feature","id":265,"properties":{"OBJECTID":323,"TransectID":325,"BaselineID":7,"GroupID":1,"TransOrder":325,"Azimuth":66.25,"ShrCount":12,"TCD":225548.9,"SHAPE_Leng":500.0,"SCE":69.63,"NSM":-43.35,"EPR":-1.89,"EPRunc":1.85,"LRR":-0.24,"LR2":0.01,"LSE":24.01,"LCI90":1.69,"WLR":-0.24,"WR2":0.01,"WSE":0.8,"WCI90":1.69,"Shape_Le_1":500.000033918,"ORIG_FID":252,"txt_OBJECTID_1":"252","txt_OBJECTID":"323","txt_TransectID":"325","txt_BaselineID":"7","txt_GroupID":"1","txt_TransOrder":"325","txt_Azimuth":"66.250000000000000","txt_ShrCount":"12","txt_TCD":"225548.899999999994179","txt_SHAPE_Leng":"500.000000000000000","txt_SCE":"69.629999999999995","txt_NSM":"-43.350000000000001","txt_EPR":"-1.890000000000000","txt_EPRunc":"1.850000000000000","txt_LRR":"-0.240000000000000","txt_LR2":"0.010000000000000","txt_LSE":"24.010000000000002","txt_LCI90":"1.690000000000000","txt_WLR":"-0.240000000000000","txt_WR2":"0.010000000000000","txt_WSE":"0.800000000000000","txt_WCI90":"1.690000000000000","txt_Shape_Length":"500.000033917586165","source_feature_index":265,"published_primary_rate_field":"LRR","published_primary_rate_m_per_year":-0.24,"dashboard_rate_class":"RELATIVELY_STABLE","dashboard_classification_note":"Display convention only; source numeric value is preserved. Not an official DMCR class.","published_period":"1990-2019","published_dataset":"Shoreline ThaiCoast / Krabi_Points"},"geometry":{"type":"Point","coordinates":[98.96993235690951,7.803199760881037]}},{"type":"Feature","id":266,"properties":{"OBJECTID":324,"TransectID":326,"BaselineID":7,"GroupID":1,"TransOrder":326,"Azimuth":49.39,"ShrCount":10,"TCD":226048.9,"SHAPE_Leng":500.000000001,"SCE":63.89,"NSM":-54.54,"EPR":-2.38,"EPRunc":1.85,"LRR":-0.41,"LR2":0.02,"LSE":27.31,"LCI90":2.12,"WLR":-0.41,"WR2":0.02,"WSE":0.91,"WCI90":2.12,"Shape_Le_1":499.999953119,"ORIG_FID":253,"txt_OBJECTID_1":"253","txt_OBJECTID":"324","txt_TransectID":"326","txt_BaselineID":"7","txt_GroupID":"1","txt_TransOrder":"326","txt_Azimuth":"49.390000000000001","txt_ShrCount":"10","txt_TCD":"226048.899999999994179","txt_SHAPE_Leng":"500.000000000999989","txt_SCE":"63.890000000000001","txt_NSM":"-54.539999999999999","txt_EPR":"-2.380000000000000","txt_EPRunc":"1.850000000000000","txt_LRR":"-0.410000000000000","txt_LR2":"0.020000000000000","txt_LSE":"27.309999999999999","txt_LCI90":"2.120000000000000","txt_WLR":"-0.410000000000000","txt_WR2":"0.020000000000000","txt_WSE":"0.910000000000000","txt_WCI90":"2.120000000000000","txt_Shape_Length":"499.999953119314796","source_feature_index":266,"published_primary_rate_field":"LRR","published_primary_rate_m_per_year":-0.41,"dashboard_rate_class":"RELATIVELY_STABLE","dashboard_classification_note":"Display convention only; source numeric value is preserved. Not an official DMCR class.","published_period":"1990-2019","published_dataset":"Shoreline ThaiCoast / Krabi_Points"},"geometry":{"type":"Point","coordinates":[98.97287817053125,7.799035165047803]}},{"type":"Feature","id":267,"properties":{"OBJECTID":325,"TransectID":327,"BaselineID":7,"GroupID":1,"TransOrder":327,"Azimuth":47.13,"ShrCount":12,"TCD":226548.9,"SHAPE_Leng":500.000000001,"SCE":54.3,"NSM":-42.94,"EPR":-1.88,"EPRunc":1.85,"LRR":-0.57,"LR2":0.04,"LSE":21.69,"LCI90":1.53,"WLR":-0.57,"WR2":0.04,"WSE":0.72,"WCI90":1.53,"Shape_Le_1":499.99996741,"ORIG_FID":254,"txt_OBJECTID_1":"254","txt_OBJECTID":"325","txt_TransectID":"327","txt_BaselineID":"7","txt_GroupID":"1","txt_TransOrder":"327","txt_Azimuth":"47.130000000000003","txt_ShrCount":"12","txt_TCD":"226548.899999999994179","txt_SHAPE_Leng":"500.000000000999989","txt_SCE":"54.299999999999997","txt_NSM":"-42.939999999999998","txt_EPR":"-1.880000000000000","txt_EPRunc":"1.850000000000000","txt_LRR":"-0.570000000000000","txt_LR2":"0.040000000000000","txt_LSE":"21.690000000000001","txt_LCI90":"1.530000000000000","txt_WLR":"-0.570000000000000","txt_WR2":"0.040000000000000","txt_WSE":"0.720000000000000","txt_WCI90":"1.530000000000000","txt_Shape_Length":"499.999967410475165","source_feature_index":267,"published_primary_rate_field":"LRR","published_primary_rate_m_per_year":-0.57,"dashboard_rate_class":"RETREAT","dashboard_classification_note":"Display convention only; source numeric value is preserved. Not an official DMCR class.","published_period":"1990-2019","published_dataset":"Shoreline ThaiCoast / Krabi_Points"},"geometry":{"type":"Point","coordinates":[98.9761295803276,7.795846366340376]}},{"type":"Feature","id":268,"properties":{"OBJECTID":326,"TransectID":328,"BaselineID":7,"GroupID":1,"TransOrder":328,"Azimuth":55.22,"ShrCount":12,"TCD":227048.9,"SHAPE_Leng":499.999999996,"SCE":49.85,"NSM":-32.2,"EPR":-1.41,"EPRunc":1.85,"LRR":-0.13,"LR2":0.0,"LSE":20.01,"LCI90":1.41,"WLR":-0.13,"WR2":0.0,"WSE":0.67,"WCI90":1.41,"Shape_Le_1":500.000057437,"ORIG_FID":255,"txt_OBJECTID_1":"255","txt_OBJECTID":"326","txt_TransectID":"328","txt_BaselineID":"7","txt_GroupID":"1","txt_TransOrder":"328","txt_Azimuth":"55.219999999999999","txt_ShrCount":"12","txt_TCD":"227048.899999999994179","txt_SHAPE_Leng":"499.999999995999985","txt_SCE":"49.850000000000001","txt_NSM":"-32.200000000000003","txt_EPR":"-1.410000000000000","txt_EPRunc":"1.850000000000000","txt_LRR":"-0.130000000000000","txt_LR2":"0.000000000000000","txt_LSE":"20.010000000000002","txt_LCI90":"1.410000000000000","txt_WLR":"-0.130000000000000","txt_WR2":"0.000000000000000","txt_WSE":"0.670000000000000","txt_WCI90":"1.410000000000000","txt_Shape_Length":"500.000057437483747","source_feature_index":268,"published_primary_rate_field":"LRR","published_primary_rate_m_per_year":-0.13,"dashboard_rate_class":"RELATIVELY_STABLE","dashboard_classification_note":"Display convention only; source numeric value is preserved. Not an official DMCR class.","published_period":"1990-2019","published_dataset":"Shoreline ThaiCoast / Krabi_Points"},"geometry":{"type":"Point","coordinates":[98.97878242635166,7.7927235560922385]}},{"type":"Feature","id":269,"properties":{"OBJECTID":327,"TransectID":329,"BaselineID":7,"GroupID":1,"TransOrder":329,"Azimuth":60.4,"ShrCount":11,"TCD":227548.9,"SHAPE_Leng":500.000000001,"SCE":52.21,"NSM":-34.26,"EPR":-1.5,"EPRunc":1.85,"LRR":-0.28,"LR2":0.01,"LSE":19.29,"LCI90":1.42,"WLR":-0.28,"WR2":0.01,"WSE":0.64,"WCI90":1.42,"Shape_Le_1":500.000033808,"ORIG_FID":256,"txt_OBJECTID_1":"256","txt_OBJECTID":"327","txt_TransectID":"329","txt_BaselineID":"7","txt_GroupID":"1","txt_TransOrder":"329","txt_Azimuth":"60.399999999999999","txt_ShrCount":"11","txt_TCD":"227548.899999999994179","txt_SHAPE_Leng":"500.000000000999989","txt_SCE":"52.210000000000001","txt_NSM":"-34.259999999999998","txt_EPR":"-1.500000000000000","txt_EPRunc":"1.850000000000000","txt_LRR":"-0.280000000000000","txt_LR2":"0.010000000000000","txt_LSE":"19.289999999999999","txt_LCI90":"1.420000000000000","txt_WLR":"-0.280000000000000","txt_WR2":"0.010000000000000","txt_WSE":"0.640000000000000","txt_WCI90":"1.420000000000000","txt_Shape_Length":"500.000033807755642","source_feature_index":269,"published_primary_rate_field":"LRR","published_primary_rate_m_per_year":-0.28,"dashboard_rate_class":"RELATIVELY_STABLE","dashboard_classification_note":"Display convention only; source numeric value is preserved. Not an official DMCR class.","published_period":"1990-2019","published_dataset":"Shoreline ThaiCoast / Krabi_Points"},"geometry":{"type":"Point","coordinates":[98.9807703605466,7.789160532541298]}},{"type":"Feature","id":270,"properties":{"OBJECTID":328,"TransectID":330,"BaselineID":7,"GroupID":1,"TransOrder":330,"Azimuth":40.35,"ShrCount":11,"TCD":228048.9,"SHAPE_Leng":499.999999999,"SCE":77.71,"NSM":-38.72,"EPR":-1.69,"EPRunc":1.85,"LRR":0.39,"LR2":0.01,"LSE":26.31,"LCI90":1.93,"WLR":0.39,"WR2":0.01,"WSE":0.88,"WCI90":1.93,"Shape_Le_1":500.000038283,"ORIG_FID":257,"txt_OBJECTID_1":"257","txt_OBJECTID":"328","txt_TransectID":"330","txt_BaselineID":"7","txt_GroupID":"1","txt_TransOrder":"330","txt_Azimuth":"40.350000000000001","txt_ShrCount":"11","txt_TCD":"228048.899999999994179","txt_SHAPE_Leng":"499.999999999000011","txt_SCE":"77.709999999999994","txt_NSM":"-38.719999999999999","txt_EPR":"-1.690000000000000","txt_EPRunc":"1.850000000000000","txt_LRR":"0.390000000000000","txt_LR2":"0.010000000000000","txt_LSE":"26.309999999999999","txt_LCI90":"1.930000000000000","txt_WLR":"0.390000000000000","txt_WR2":"0.010000000000000","txt_WSE":"0.880000000000000","txt_WCI90":"1.930000000000000","txt_Shape_Length":"500.000038282751859","source_feature_index":270,"published_primary_rate_field":"LRR","published_primary_rate_m_per_year":0.39,"dashboard_rate_class":"RELATIVELY_STABLE","dashboard_classification_note":"Display convention only; source numeric value is preserved. Not an official DMCR class.","published_period":"1990-2019","published_dataset":"Shoreline ThaiCoast / Krabi_Points"},"geometry":{"type":"Point","coordinates":[98.98348250864487,7.784731724224541]}},{"type":"Feature","id":271,"properties":{"OBJECTID":329,"TransectID":331,"BaselineID":7,"GroupID":1,"TransOrder":331,"Azimuth":343.3,"ShrCount":12,"TCD":228548.9,"SHAPE_Leng":500.000000004,"SCE":76.68,"NSM":-45.22,"EPR":-1.98,"EPRunc":1.85,"LRR":-0.67,"LR2":0.05,"LSE":24.08,"LCI90":1.69,"WLR":-0.67,"WR2":0.05,"WSE":0.8,"WCI90":1.69,"Shape_Le_1":500.000004404,"ORIG_FID":258,"txt_OBJECTID_1":"258","txt_OBJECTID":"329","txt_TransectID":"331","txt_BaselineID":"7","txt_GroupID":"1","txt_TransOrder":"331","txt_Azimuth":"343.300000000000011","txt_ShrCount":"12","txt_TCD":"228548.899999999994179","txt_SHAPE_Leng":"500.000000004000015","txt_SCE":"76.680000000000007","txt_NSM":"-45.219999999999999","txt_EPR":"-1.980000000000000","txt_EPRunc":"1.850000000000000","txt_LRR":"-0.670000000000000","txt_LR2":"0.050000000000000","txt_LSE":"24.079999999999998","txt_LCI90":"1.690000000000000","txt_WLR":"-0.670000000000000","txt_WR2":"0.050000000000000","txt_WSE":"0.800000000000000","txt_WCI90":"1.690000000000000","txt_Shape_Length":"500.000004403644766","source_feature_index":271,"published_primary_rate_field":"LRR","published_primary_rate_m_per_year":-0.67,"dashboard_rate_class":"RETREAT","dashboard_classification_note":"Display convention only; source numeric value is preserved. Not an official DMCR class.","published_period":"1990-2019","published_dataset":"Shoreline ThaiCoast / Krabi_Points"},"geometry":{"type":"Point","coordinates":[98.98799058126014,7.784217106161226]}},{"type":"Feature","id":272,"properties":{"OBJECTID":330,"TransectID":332,"BaselineID":7,"GroupID":1,"TransOrder":332,"Azimuth":299.63,"ShrCount":11,"TCD":229048.9,"SHAPE_Leng":500.000000001,"SCE":104.06,"NSM":-9.12,"EPR":-0.4,"EPRunc":1.85,"LRR":0.63,"LR2":0.02,"LSE":32.9,"LCI90":2.43,"WLR":0.63,"WR2":0.02,"WSE":1.1,"WCI90":2.43,"Shape_Le_1":499.999966692,"ORIG_FID":259,"txt_OBJECTID_1":"259","txt_OBJECTID":"330","txt_TransectID":"332","txt_BaselineID":"7","txt_GroupID":"1","txt_TransOrder":"332","txt_Azimuth":"299.629999999999995","txt_ShrCount":"11","txt_TCD":"229048.899999999994179","txt_SHAPE_Leng":"500.000000000999989","txt_SCE":"104.060000000000002","txt_NSM":"-9.119999999999999","txt_EPR":"-0.400000000000000","txt_EPRunc":"1.850000000000000","txt_LRR":"0.630000000000000","txt_LR2":"0.020000000000000","txt_LSE":"32.899999999999999","txt_LCI90":"2.430000000000000","txt_WLR":"0.630000000000000","txt_WR2":"0.020000000000000","txt_WSE":"1.100000000000000","txt_WCI90":"2.430000000000000","txt_Shape_Length":"499.999966692093039","source_feature_index":272,"published_primary_rate_field":"LRR","published_primary_rate_m_per_year":0.63,"dashboard_rate_class":"ACCRETION","dashboard_classification_note":"Display convention only; source numeric value is preserved. Not an official DMCR class.","published_period":"1990-2019","published_dataset":"Shoreline ThaiCoast / Krabi_Points"},"geometry":{"type":"Point","coordinates":[98.9928354296925,7.787107097993671]}},{"type":"Feature","id":273,"properties":{"OBJECTID":331,"TransectID":333,"BaselineID":7,"GroupID":1,"TransOrder":333,"Azimuth":265.28,"ShrCount":12,"TCD":229548.9,"SHAPE_Leng":500.000000002,"SCE":50.9,"NSM":0.83,"EPR":0.04,"EPRunc":1.85,"LRR":1.01,"LR2":0.23,"LSE":15.04,"LCI90":1.06,"WLR":1.01,"WR2":0.23,"WSE":0.5,"WCI90":1.06,"Shape_Le_1":500.000069461,"ORIG_FID":260,"txt_OBJECTID_1":"260","txt_OBJECTID":"331","txt_TransectID":"333","txt_BaselineID":"7","txt_GroupID":"1","txt_TransOrder":"333","txt_Azimuth":"265.279999999999973","txt_ShrCount":"12","txt_TCD":"229548.899999999994179","txt_SHAPE_Leng":"500.000000001999979","txt_SCE":"50.899999999999999","txt_NSM":"0.830000000000000","txt_EPR":"0.040000000000000","txt_EPRunc":"1.850000000000000","txt_LRR":"1.010000000000000","txt_LR2":"0.230000000000000","txt_LSE":"15.039999999999999","txt_LCI90":"1.060000000000000","txt_WLR":"1.010000000000000","txt_WR2":"0.230000000000000","txt_WSE":"0.500000000000000","txt_WCI90":"1.060000000000000","txt_Shape_Length":"500.000069461460100","source_feature_index":273,"published_primary_rate_field":"LRR","published_primary_rate_m_per_year":1.01,"dashboard_rate_class":"ACCRETION","dashboard_classification_note":"Display convention only; source numeric value is preserved. Not an official DMCR class.","published_period":"1990-2019","published_dataset":"Shoreline ThaiCoast / Krabi_Points"},"geometry":{"type":"Point","coordinates":[98.99312232443526,7.792748916992997]}},{"type":"Feature","id":274,"properties":{"OBJECTID":332,"TransectID":334,"BaselineID":7,"GroupID":1,"TransOrder":334,"Azimuth":237.94,"ShrCount":11,"TCD":230048.9,"SHAPE_Leng":500.0,"SCE":47.48,"NSM":25.14,"EPR":1.1,"EPRunc":1.85,"LRR":1.64,"LR2":0.61,"LSE":10.78,"LCI90":0.8,"WLR":1.64,"WR2":0.61,"WSE":0.36,"WCI90":0.8,"Shape_Le_1":499.999940085,"ORIG_FID":261,"txt_OBJECTID_1":"261","txt_OBJECTID":"332","txt_TransectID":"334","txt_BaselineID":"7","txt_GroupID":"1","txt_TransOrder":"334","txt_Azimuth":"237.939999999999998","txt_ShrCount":"11","txt_TCD":"230048.899999999994179","txt_SHAPE_Leng":"500.000000000000000","txt_SCE":"47.479999999999997","txt_NSM":"25.140000000000001","txt_EPR":"1.100000000000000","txt_EPRunc":"1.850000000000000","txt_LRR":"1.640000000000000","txt_LR2":"0.610000000000000","txt_LSE":"10.779999999999999","txt_LCI90":"0.800000000000000","txt_WLR":"1.640000000000000","txt_WR2":"0.610000000000000","txt_WSE":"0.360000000000000","txt_WCI90":"0.800000000000000","txt_Shape_Length":"499.999940084884088","source_feature_index":274,"published_primary_rate_field":"LRR","published_primary_rate_m_per_year":1.64,"dashboard_rate_class":"ACCRETION","dashboard_classification_note":"Display convention only; source numeric value is preserved. Not an official DMCR class.","published_period":"1990-2019","published_dataset":"Shoreline ThaiCoast / Krabi_Points"},"geometry":{"type":"Point","coordinates":[98.99222423698691,7.796211876062783]}},{"type":"Feature","id":275,"properties":{"OBJECTID":333,"TransectID":335,"BaselineID":7,"GroupID":1,"TransOrder":335,"Azimuth":216.19,"ShrCount":9,"TCD":230548.9,"SHAPE_Leng":500.0,"SCE":25.61,"NSM":15.34,"EPR":0.67,"EPRunc":1.85,"LRR":0.43,"LR2":0.12,"LSE":9.32,"LCI90":0.85,"WLR":0.43,"WR2":0.12,"WSE":0.31,"WCI90":0.85,"Shape_Le_1":499.99992954,"ORIG_FID":262,"txt_OBJECTID_1":"262","txt_OBJECTID":"333","txt_TransectID":"335","txt_BaselineID":"7","txt_GroupID":"1","txt_TransOrder":"335","txt_Azimuth":"216.189999999999998","txt_ShrCount":"9","txt_TCD":"230548.899999999994179","txt_SHAPE_Leng":"500.000000000000000","txt_SCE":"25.609999999999999","txt_NSM":"15.340000000000000","txt_EPR":"0.670000000000000","txt_EPRunc":"1.850000000000000","txt_LRR":"0.430000000000000","txt_LR2":"0.120000000000000","txt_LSE":"9.320000000000000","txt_LCI90":"0.850000000000000","txt_WLR":"0.430000000000000","txt_WR2":"0.120000000000000","txt_WSE":"0.310000000000000","txt_WCI90":"0.850000000000000","txt_Shape_Length":"499.999929539693028","source_feature_index":275,"published_primary_rate_field":"LRR","published_primary_rate_m_per_year":0.43,"dashboard_rate_class":"RELATIVELY_STABLE","dashboard_classification_note":"Display convention only; source numeric value is preserved. Not an official DMCR class.","published_period":"1990-2019","published_dataset":"Shoreline ThaiCoast / Krabi_Points"},"geometry":{"type":"Point","coordinates":[98.98936923399876,7.798896798716421]}},{"type":"Feature","id":276,"properties":{"OBJECTID":334,"TransectID":336,"BaselineID":7,"GroupID":1,"TransOrder":336,"Azimuth":220.83,"ShrCount":6,"TCD":231048.9,"SHAPE_Leng":500.000000001,"SCE":33.83,"NSM":4.31,"EPR":0.19,"EPRunc":1.86,"LRR":0.36,"LR2":0.07,"LSE":12.1,"LCI90":1.39,"WLR":0.36,"WR2":0.07,"WSE":0.4,"WCI90":1.39,"Shape_Le_1":500.000002607,"ORIG_FID":263,"txt_OBJECTID_1":"263","txt_OBJECTID":"334","txt_TransectID":"336","txt_BaselineID":"7","txt_GroupID":"1","txt_TransOrder":"336","txt_Azimuth":"220.830000000000013","txt_ShrCount":"6","txt_TCD":"231048.899999999994179","txt_SHAPE_Leng":"500.000000000999989","txt_SCE":"33.829999999999998","txt_NSM":"4.310000000000000","txt_EPR":"0.190000000000000","txt_EPRunc":"1.860000000000000","txt_LRR":"0.360000000000000","txt_LR2":"0.070000000000000","txt_LSE":"12.100000000000000","txt_LCI90":"1.390000000000000","txt_WLR":"0.360000000000000","txt_WR2":"0.070000000000000","txt_WSE":"0.400000000000000","txt_WCI90":"1.390000000000000","txt_Shape_Length":"500.000002606725047","source_feature_index":276,"published_primary_rate_field":"LRR","published_primary_rate_m_per_year":0.36,"dashboard_rate_class":"RELATIVELY_STABLE","dashboard_classification_note":"Display convention only; source numeric value is preserved. Not an official DMCR class.","published_period":"1990-2019","published_dataset":"Shoreline ThaiCoast / Krabi_Points"},"geometry":{"type":"Point","coordinates":[98.98626279497097,7.800752347788302]}},{"type":"Feature","id":277,"properties":{"OBJECTID":335,"TransectID":337,"BaselineID":7,"GroupID":1,"TransOrder":337,"Azimuth":248.29,"ShrCount":6,"TCD":231548.9,"SHAPE_Leng":500.000000002,"SCE":59.28,"NSM":27.79,"EPR":1.22,"EPRunc":1.86,"LRR":1.58,"LR2":0.36,"LSE":19.6,"LCI90":2.26,"WLR":1.58,"WR2":0.36,"WSE":0.65,"WCI90":2.26,"Shape_Le_1":499.999984443,"ORIG_FID":264,"txt_OBJECTID_1":"264","txt_OBJECTID":"335","txt_TransectID":"337","txt_BaselineID":"7","txt_GroupID":"1","txt_TransOrder":"337","txt_Azimuth":"248.289999999999992","txt_ShrCount":"6","txt_TCD":"231548.899999999994179","txt_SHAPE_Leng":"500.000000001999979","txt_SCE":"59.280000000000001","txt_NSM":"27.789999999999999","txt_EPR":"1.220000000000000","txt_EPRunc":"1.860000000000000","txt_LRR":"1.580000000000000","txt_LR2":"0.360000000000000","txt_LSE":"19.600000000000001","txt_LCI90":"2.260000000000000","txt_WLR":"1.580000000000000","txt_WR2":"0.360000000000000","txt_WSE":"0.650000000000000","txt_WCI90":"2.260000000000000","txt_Shape_Length":"499.999984443091250","source_feature_index":277,"published_primary_rate_field":"LRR","published_primary_rate_m_per_year":1.58,"dashboard_rate_class":"ACCRETION","dashboard_classification_note":"Display convention only; source numeric value is preserved. Not an official DMCR class.","published_period":"1990-2019","published_dataset":"Shoreline ThaiCoast / Krabi_Points"},"geometry":{"type":"Point","coordinates":[98.98417116439747,7.803049401715837]}},{"type":"Feature","id":278,"properties":{"OBJECTID":337,"TransectID":339,"BaselineID":7,"GroupID":1,"TransOrder":339,"Azimuth":232.53,"ShrCount":5,"TCD":232548.9,"SHAPE_Leng":499.999999997,"SCE":56.42,"NSM":-9.88,"EPR":-0.43,"EPRunc":1.86,"LRR":0.12,"LR2":0.0,"LSE":24.82,"LCI90":3.2,"WLR":0.12,"WR2":0.0,"WSE":0.83,"WCI90":3.2,"Shape_Le_1":500.00002931,"ORIG_FID":265,"txt_OBJECTID_1":"265","txt_OBJECTID":"337","txt_TransectID":"339","txt_BaselineID":"7","txt_GroupID":"1","txt_TransOrder":"339","txt_Azimuth":"232.530000000000001","txt_ShrCount":"5","txt_TCD":"232548.899999999994179","txt_SHAPE_Leng":"499.999999996999975","txt_SCE":"56.420000000000002","txt_NSM":"-9.880000000000001","txt_EPR":"-0.430000000000000","txt_EPRunc":"1.860000000000000","txt_LRR":"0.120000000000000","txt_LR2":"0.000000000000000","txt_LSE":"24.820000000000000","txt_LCI90":"3.200000000000000","txt_WLR":"0.120000000000000","txt_WR2":"0.000000000000000","txt_WSE":"0.830000000000000","txt_WCI90":"3.200000000000000","txt_Shape_Length":"500.000029310189973","source_feature_index":278,"published_primary_rate_field":"LRR","published_primary_rate_m_per_year":0.12,"dashboard_rate_class":"RELATIVELY_STABLE","dashboard_classification_note":"Display convention only; source numeric value is preserved. Not an official DMCR class.","published_period":"1990-2019","published_dataset":"Shoreline ThaiCoast / Krabi_Points"},"geometry":{"type":"Point","coordinates":[98.98317284026736,7.8092549581148445]}},{"type":"Feature","id":279,"properties":{"OBJECTID":341,"TransectID":343,"BaselineID":7,"GroupID":1,"TransOrder":343,"Azimuth":283.9,"ShrCount":8,"TCD":234548.9,"SHAPE_Leng":500.0,"SCE":86.58,"NSM":-70.03,"EPR":-3.07,"EPRunc":1.86,"LRR":-2.68,"LR2":0.38,"LSE":27.43,"LCI90":2.74,"WLR":-2.68,"WR2":0.38,"WSE":0.91,"WCI90":2.74,"Shape_Le_1":500.000026776,"ORIG_FID":266,"txt_OBJECTID_1":"266","txt_OBJECTID":"341","txt_TransectID":"343","txt_BaselineID":"7","txt_GroupID":"1","txt_TransOrder":"343","txt_Azimuth":"283.899999999999977","txt_ShrCount":"8","txt_TCD":"234548.899999999994179","txt_SHAPE_Leng":"500.000000000000000","txt_SCE":"86.579999999999998","txt_NSM":"-70.030000000000001","txt_EPR":"-3.070000000000000","txt_EPRunc":"1.860000000000000","txt_LRR":"-2.680000000000000","txt_LR2":"0.380000000000000","txt_LSE":"27.430000000000000","txt_LCI90":"2.740000000000000","txt_WLR":"-2.680000000000000","txt_WR2":"0.380000000000000","txt_WSE":"0.910000000000000","txt_WCI90":"2.740000000000000","txt_Shape_Length":"500.000026775889751","source_feature_index":279,"published_primary_rate_field":"LRR","published_primary_rate_m_per_year":-2.68,"dashboard_rate_class":"STRONG_RETREAT","dashboard_classification_note":"Display convention only; source numeric value is preserved. Not an official DMCR class.","published_period":"1990-2019","published_dataset":"Shoreline ThaiCoast / Krabi_Points"},"geometry":{"type":"Point","coordinates":[98.98449308507077,7.815700992160026]}},{"type":"Feature","id":280,"properties":{"OBJECTID":342,"TransectID":344,"BaselineID":7,"GroupID":1,"TransOrder":344,"Azimuth":254.26,"ShrCount":6,"TCD":235048.9,"SHAPE_Leng":499.999999999,"SCE":38.22,"NSM":8.89,"EPR":0.39,"EPRunc":1.86,"LRR":0.77,"LR2":0.21,"LSE":14.06,"LCI90":1.62,"WLR":0.77,"WR2":0.21,"WSE":0.47,"WCI90":1.62,"Shape_Le_1":500.000030955,"ORIG_FID":267,"txt_OBJECTID_1":"267","txt_OBJECTID":"342","txt_TransectID":"344","txt_BaselineID":"7","txt_GroupID":"1","txt_TransOrder":"344","txt_Azimuth":"254.259999999999991","txt_ShrCount":"6","txt_TCD":"235048.899999999994179","txt_SHAPE_Leng":"499.999999999000011","txt_SCE":"38.219999999999999","txt_NSM":"8.890000000000001","txt_EPR":"0.390000000000000","txt_EPRunc":"1.860000000000000","txt_LRR":"0.770000000000000","txt_LR2":"0.210000000000000","txt_LSE":"14.060000000000000","txt_LCI90":"1.620000000000000","txt_WLR":"0.770000000000000","txt_WR2":"0.210000000000000","txt_WSE":"0.470000000000000","txt_WCI90":"1.620000000000000","txt_Shape_Length":"500.000030955126306","source_feature_index":280,"published_primary_rate_field":"LRR","published_primary_rate_m_per_year":0.77,"dashboard_rate_class":"ACCRETION","dashboard_classification_note":"Display convention only; source numeric value is preserved. Not an official DMCR class.","published_period":"1990-2019","published_dataset":"Shoreline ThaiCoast / Krabi_Points"},"geometry":{"type":"Point","coordinates":[98.985005488484,7.820894507078124]}},{"type":"Feature","id":281,"properties":{"OBJECTID":343,"TransectID":345,"BaselineID":7,"GroupID":1,"TransOrder":345,"Azimuth":237.06,"ShrCount":5,"TCD":235548.9,"SHAPE_Leng":500.000000002,"SCE":41.27,"NSM":-11.48,"EPR":-0.55,"EPRunc":2.04,"LRR":-0.89,"LR2":0.2,"LSE":17.31,"LCI90":2.41,"WLR":-0.89,"WR2":0.2,"WSE":0.58,"WCI90":2.41,"Shape_Le_1":500.00005669,"ORIG_FID":268,"txt_OBJECTID_1":"268","txt_OBJECTID":"343","txt_TransectID":"345","txt_BaselineID":"7","txt_GroupID":"1","txt_TransOrder":"345","txt_Azimuth":"237.060000000000002","txt_ShrCount":"5","txt_TCD":"235548.899999999994179","txt_SHAPE_Leng":"500.000000001999979","txt_SCE":"41.270000000000003","txt_NSM":"-11.480000000000000","txt_EPR":"-0.550000000000000","txt_EPRunc":"2.040000000000000","txt_LRR":"-0.890000000000000","txt_LR2":"0.200000000000000","txt_LSE":"17.309999999999999","txt_LCI90":"2.410000000000000","txt_WLR":"-0.890000000000000","txt_WR2":"0.200000000000000","txt_WSE":"0.580000000000000","txt_WCI90":"2.410000000000000","txt_Shape_Length":"500.000056689975395","source_feature_index":281,"published_primary_rate_field":"LRR","published_primary_rate_m_per_year":-0.89,"dashboard_rate_class":"RETREAT","dashboard_classification_note":"Display convention only; source numeric value is preserved. Not an official DMCR class.","published_period":"1990-2019","published_dataset":"Shoreline ThaiCoast / Krabi_Points"},"geometry":{"type":"Point","coordinates":[98.98229076204659,7.824210843013564]}},{"type":"Feature","id":282,"properties":{"OBJECTID":344,"TransectID":346,"BaselineID":7,"GroupID":1,"TransOrder":346,"Azimuth":241.63,"ShrCount":5,"TCD":236048.9,"SHAPE_Leng":500.000000003,"SCE":19.79,"NSM":-13.98,"EPR":-0.61,"EPRunc":1.86,"LRR":-0.54,"LR2":0.38,"LSE":7.35,"LCI90":0.95,"WLR":-0.54,"WR2":0.38,"WSE":0.25,"WCI90":0.95,"Shape_Le_1":500.000000815,"ORIG_FID":269,"txt_OBJECTID_1":"269","txt_OBJECTID":"344","txt_TransectID":"346","txt_BaselineID":"7","txt_GroupID":"1","txt_TransOrder":"346","txt_Azimuth":"241.629999999999995","txt_ShrCount":"5","txt_TCD":"236048.899999999994179","txt_SHAPE_Leng":"500.000000003000025","txt_SCE":"19.789999999999999","txt_NSM":"-13.980000000000000","txt_EPR":"-0.610000000000000","txt_EPRunc":"1.860000000000000","txt_LRR":"-0.540000000000000","txt_LR2":"0.380000000000000","txt_LSE":"7.350000000000000","txt_LCI90":"0.950000000000000","txt_WLR":"-0.540000000000000","txt_WR2":"0.380000000000000","txt_WSE":"0.250000000000000","txt_WCI90":"0.950000000000000","txt_Shape_Length":"500.000000814532200","source_feature_index":282,"published_primary_rate_field":"LRR","published_primary_rate_m_per_year":-0.54,"dashboard_rate_class":"RETREAT","dashboard_classification_note":"Display convention only; source numeric value is preserved. Not an official DMCR class.","published_period":"1990-2019","published_dataset":"Shoreline ThaiCoast / Krabi_Points"},"geometry":{"type":"Point","coordinates":[98.9806892750456,7.827709059370914]}},{"type":"Feature","id":283,"properties":{"OBJECTID":345,"TransectID":347,"BaselineID":7,"GroupID":1,"TransOrder":347,"Azimuth":253.05,"ShrCount":6,"TCD":236548.9,"SHAPE_Leng":500.0,"SCE":24.25,"NSM":-3.44,"EPR":-0.15,"EPRunc":1.86,"LRR":-0.01,"LR2":0.0,"LSE":9.23,"LCI90":1.07,"WLR":-0.01,"WR2":0.0,"WSE":0.31,"WCI90":1.07,"Shape_Le_1":500.00002996,"ORIG_FID":270,"txt_OBJECTID_1":"270","txt_OBJECTID":"345","txt_TransectID":"347","txt_BaselineID":"7","txt_GroupID":"1","txt_TransOrder":"347","txt_Azimuth":"253.050000000000011","txt_ShrCount":"6","txt_TCD":"236548.899999999994179","txt_SHAPE_Leng":"500.000000000000000","txt_SCE":"24.250000000000000","txt_NSM":"-3.440000000000000","txt_EPR":"-0.150000000000000","txt_EPRunc":"1.860000000000000","txt_LRR":"-0.010000000000000","txt_LR2":"0.000000000000000","txt_LSE":"9.230000000000000","txt_LCI90":"1.070000000000000","txt_WLR":"-0.010000000000000","txt_WR2":"0.000000000000000","txt_WSE":"0.310000000000000","txt_WCI90":"1.070000000000000","txt_Shape_Length":"500.000029959722610","source_feature_index":283,"published_primary_rate_field":"LRR","published_primary_rate_m_per_year":-0.01,"dashboard_rate_class":"RELATIVELY_STABLE","dashboard_classification_note":"Display convention only; source numeric value is preserved. Not an official DMCR class.","published_period":"1990-2019","published_dataset":"Shoreline ThaiCoast / Krabi_Points"},"geometry":{"type":"Point","coordinates":[98.97895911230256,7.830282308831173]}},{"type":"Feature","id":284,"properties":{"OBJECTID":347,"TransectID":349,"BaselineID":7,"GroupID":1,"TransOrder":349,"Azimuth":250.46,"ShrCount":5,"TCD":237548.9,"SHAPE_Leng":500.000000001,"SCE":13.56,"NSM":5.41,"EPR":0.24,"EPRunc":1.86,"LRR":0.19,"LR2":0.11,"LSE":5.67,"LCI90":0.73,"WLR":0.19,"WR2":0.11,"WSE":0.19,"WCI90":0.73,"Shape_Le_1":499.999958033,"ORIG_FID":271,"txt_OBJECTID_1":"271","txt_OBJECTID":"347","txt_TransectID":"349","txt_BaselineID":"7","txt_GroupID":"1","txt_TransOrder":"349","txt_Azimuth":"250.460000000000008","txt_ShrCount":"5","txt_TCD":"237548.899999999994179","txt_SHAPE_Leng":"500.000000000999989","txt_SCE":"13.560000000000000","txt_NSM":"5.410000000000000","txt_EPR":"0.240000000000000","txt_EPRunc":"1.860000000000000","txt_LRR":"0.190000000000000","txt_LR2":"0.110000000000000","txt_LSE":"5.670000000000000","txt_LCI90":"0.730000000000000","txt_WLR":"0.190000000000000","txt_WR2":"0.110000000000000","txt_WSE":"0.190000000000000","txt_WCI90":"0.730000000000000","txt_Shape_Length":"499.999958032748623","source_feature_index":284,"published_primary_rate_field":"LRR","published_primary_rate_m_per_year":0.19,"dashboard_rate_class":"RELATIVELY_STABLE","dashboard_classification_note":"Display convention only; source numeric value is preserved. Not an official DMCR class.","published_period":"1990-2019","published_dataset":"Shoreline ThaiCoast / Krabi_Points"},"geometry":{"type":"Point","coordinates":[98.97674142495916,7.837159576286755]}},{"type":"Feature","id":285,"properties":{"OBJECTID":348,"TransectID":350,"BaselineID":7,"GroupID":1,"TransOrder":350,"Azimuth":260.45,"ShrCount":6,"TCD":238048.9,"SHAPE_Leng":499.999999999,"SCE":32.93,"NSM":3.7,"EPR":0.16,"EPRunc":1.86,"LRR":0.3,"LR2":0.03,"LSE":14.5,"LCI90":1.67,"WLR":0.3,"WR2":0.03,"WSE":0.48,"WCI90":1.67,"Shape_Le_1":500.000004325,"ORIG_FID":272,"txt_OBJECTID_1":"272","txt_OBJECTID":"348","txt_TransectID":"350","txt_BaselineID":"7","txt_GroupID":"1","txt_TransOrder":"350","txt_Azimuth":"260.449999999999989","txt_ShrCount":"6","txt_TCD":"238048.899999999994179","txt_SHAPE_Leng":"499.999999999000011","txt_SCE":"32.930000000000000","txt_NSM":"3.700000000000000","txt_EPR":"0.160000000000000","txt_EPRunc":"1.860000000000000","txt_LRR":"0.300000000000000","txt_LR2":"0.030000000000000","txt_LSE":"14.500000000000000","txt_LCI90":"1.670000000000000","txt_WLR":"0.300000000000000","txt_WR2":"0.030000000000000","txt_WSE":"0.480000000000000","txt_WCI90":"1.670000000000000","txt_Shape_Length":"500.000004324719612","source_feature_index":285,"published_primary_rate_field":"LRR","published_primary_rate_m_per_year":0.3,"dashboard_rate_class":"RELATIVELY_STABLE","dashboard_classification_note":"Display convention only; source numeric value is preserved. Not an official DMCR class.","published_period":"1990-2019","published_dataset":"Shoreline ThaiCoast / Krabi_Points"},"geometry":{"type":"Point","coordinates":[98.97633390115904,7.840898361045646]}},{"type":"Feature","id":286,"properties":{"OBJECTID":349,"TransectID":351,"BaselineID":7,"GroupID":1,"TransOrder":351,"Azimuth":264.41,"ShrCount":10,"TCD":238548.9,"SHAPE_Leng":500.000000002,"SCE":48.63,"NSM":5.59,"EPR":0.24,"EPRunc":1.85,"LRR":1.16,"LR2":0.37,"LSE":13.25,"LCI90":0.99,"WLR":1.16,"WR2":0.37,"WSE":0.44,"WCI90":0.99,"Shape_Le_1":499.999973736,"ORIG_FID":273,"txt_OBJECTID_1":"273","txt_OBJECTID":"349","txt_TransectID":"351","txt_BaselineID":"7","txt_GroupID":"1","txt_TransOrder":"351","txt_Azimuth":"264.410000000000025","txt_ShrCount":"10","txt_TCD":"238548.899999999994179","txt_SHAPE_Leng":"500.000000001999979","txt_SCE":"48.630000000000003","txt_NSM":"5.590000000000000","txt_EPR":"0.240000000000000","txt_EPRunc":"1.850000000000000","txt_LRR":"1.160000000000000","txt_LR2":"0.370000000000000","txt_LSE":"13.250000000000000","txt_LCI90":"0.990000000000000","txt_WLR":"1.160000000000000","txt_WR2":"0.370000000000000","txt_WSE":"0.440000000000000","txt_WCI90":"0.990000000000000","txt_Shape_Length":"499.999973736326069","source_feature_index":286,"published_primary_rate_field":"LRR","published_primary_rate_m_per_year":1.16,"dashboard_rate_class":"ACCRETION","dashboard_classification_note":"Display convention only; source numeric value is preserved. Not an official DMCR class.","published_period":"1990-2019","published_dataset":"Shoreline ThaiCoast / Krabi_Points"},"geometry":{"type":"Point","coordinates":[98.97545420227456,7.844963733105366]}},{"type":"Feature","id":287,"properties":{"OBJECTID":350,"TransectID":352,"BaselineID":7,"GroupID":1,"TransOrder":352,"Azimuth":238.45,"ShrCount":12,"TCD":239048.9,"SHAPE_Leng":499.999999999,"SCE":46.82,"NSM":3.15,"EPR":0.14,"EPRunc":1.85,"LRR":1.1,"LR2":0.31,"LSE":13.36,"LCI90":0.94,"WLR":1.1,"WR2":0.31,"WSE":0.45,"WCI90":0.94,"Shape_Le_1":500.000025533,"ORIG_FID":274,"txt_OBJECTID_1":"274","txt_OBJECTID":"350","txt_TransectID":"352","txt_BaselineID":"7","txt_GroupID":"1","txt_TransOrder":"352","txt_Azimuth":"238.449999999999989","txt_ShrCount":"12","txt_TCD":"239048.899999999994179","txt_SHAPE_Leng":"499.999999999000011","txt_SCE":"46.820000000000000","txt_NSM":"3.150000000000000","txt_EPR":"0.140000000000000","txt_EPRunc":"1.850000000000000","txt_LRR":"1.100000000000000","txt_LR2":"0.310000000000000","txt_LSE":"13.359999999999999","txt_LCI90":"0.940000000000000","txt_WLR":"1.100000000000000","txt_WR2":"0.310000000000000","txt_WSE":"0.450000000000000","txt_WCI90":"0.940000000000000","txt_Shape_Length":"500.000025533002486","source_feature_index":287,"published_primary_rate_field":"LRR","published_primary_rate_m_per_year":1.1,"dashboard_rate_class":"ACCRETION","dashboard_classification_note":"Display convention only; source numeric value is preserved. Not an official DMCR class.","published_period":"1990-2019","published_dataset":"Shoreline ThaiCoast / Krabi_Points"},"geometry":{"type":"Point","coordinates":[98.97519168348266,7.850240009781274]}},{"type":"Feature","id":288,"properties":{"OBJECTID":351,"TransectID":353,"BaselineID":7,"GroupID":1,"TransOrder":353,"Azimuth":194.72,"ShrCount":11,"TCD":239548.9,"SHAPE_Leng":500.000000008,"SCE":168.27,"NSM":17.25,"EPR":0.75,"EPRunc":1.85,"LRR":2.35,"LR2":0.21,"LSE":37.56,"LCI90":2.77,"WLR":2.35,"WR2":0.21,"WSE":1.25,"WCI90":2.77,"Shape_Le_1":499.999960793,"ORIG_FID":275,"txt_OBJECTID_1":"275","txt_OBJECTID":"351","txt_TransectID":"353","txt_BaselineID":"7","txt_GroupID":"1","txt_TransOrder":"353","txt_Azimuth":"194.719999999999999","txt_ShrCount":"11","txt_TCD":"239548.899999999994179","txt_SHAPE_Leng":"500.000000007999972","txt_SCE":"168.270000000000010","txt_NSM":"17.250000000000000","txt_EPR":"0.750000000000000","txt_EPRunc":"1.850000000000000","txt_LRR":"2.350000000000000","txt_LR2":"0.210000000000000","txt_LSE":"37.560000000000002","txt_LCI90":"2.770000000000000","txt_WLR":"2.350000000000000","txt_WR2":"0.210000000000000","txt_WSE":"1.250000000000000","txt_WCI90":"2.770000000000000","txt_Shape_Length":"499.999960793201637","source_feature_index":288,"published_primary_rate_field":"LRR","published_primary_rate_m_per_year":2.35,"dashboard_rate_class":"STRONG_ACCRETION","dashboard_classification_note":"Display convention only; source numeric value is preserved. Not an official DMCR class.","published_period":"1990-2019","published_dataset":"Shoreline ThaiCoast / Krabi_Points"},"geometry":{"type":"Point","coordinates":[98.9705963610701,7.852089666816887]}},{"type":"Feature","id":289,"properties":{"OBJECTID":352,"TransectID":354,"BaselineID":7,"GroupID":1,"TransOrder":354,"Azimuth":186.66,"ShrCount":9,"TCD":240048.9,"SHAPE_Leng":499.999999998,"SCE":114.97,"NSM":-65.58,"EPR":-2.87,"EPRunc":1.85,"LRR":-2.15,"LR2":0.14,"LSE":40.82,"LCI90":3.83,"WLR":-2.15,"WR2":0.14,"WSE":1.36,"WCI90":3.83,"Shape_Le_1":499.999962093,"ORIG_FID":276,"txt_OBJECTID_1":"276","txt_OBJECTID":"352","txt_TransectID":"354","txt_BaselineID":"7","txt_GroupID":"1","txt_TransOrder":"354","txt_Azimuth":"186.659999999999997","txt_ShrCount":"9","txt_TCD":"240048.899999999994179","txt_SHAPE_Leng":"499.999999998000021","txt_SCE":"114.969999999999999","txt_NSM":"-65.579999999999998","txt_EPR":"-2.870000000000000","txt_EPRunc":"1.850000000000000","txt_LRR":"-2.150000000000000","txt_LR2":"0.140000000000000","txt_LSE":"40.820000000000000","txt_LCI90":"3.830000000000000","txt_WLR":"-2.150000000000000","txt_WR2":"0.140000000000000","txt_WSE":"1.360000000000000","txt_WCI90":"3.830000000000000","txt_Shape_Length":"499.999962092510884","source_feature_index":289,"published_primary_rate_field":"LRR","published_primary_rate_m_per_year":-2.15,"dashboard_rate_class":"STRONG_RETREAT","dashboard_classification_note":"Display convention only; source numeric value is preserved. Not an official DMCR class.","published_period":"1990-2019","published_dataset":"Shoreline ThaiCoast / Krabi_Points"},"geometry":{"type":"Point","coordinates":[98.9675119675055,7.852877271915297]}},{"type":"Feature","id":290,"properties":{"OBJECTID":353,"TransectID":355,"BaselineID":7,"GroupID":1,"TransOrder":355,"Azimuth":196.25,"ShrCount":11,"TCD":240548.9,"SHAPE_Leng":499.999999998,"SCE":348.32,"NSM":-80.4,"EPR":-3.51,"EPRunc":1.85,"LRR":3.76,"LR2":0.09,"LSE":100.64,"LCI90":7.42,"WLR":3.76,"WR2":0.09,"WSE":3.35,"WCI90":7.42,"Shape_Le_1":500.000049339,"ORIG_FID":277,"txt_OBJECTID_1":"277","txt_OBJECTID":"353","txt_TransectID":"355","txt_BaselineID":"7","txt_GroupID":"1","txt_TransOrder":"355","txt_Azimuth":"196.250000000000000","txt_ShrCount":"11","txt_TCD":"240548.899999999994179","txt_SHAPE_Leng":"499.999999998000021","txt_SCE":"348.319999999999993","txt_NSM":"-80.400000000000006","txt_EPR":"-3.510000000000000","txt_EPRunc":"1.850000000000000","txt_LRR":"3.760000000000000","txt_LR2":"0.090000000000000","txt_LSE":"100.640000000000001","txt_LCI90":"7.420000000000000","txt_WLR":"3.760000000000000","txt_WR2":"0.090000000000000","txt_WSE":"3.350000000000000","txt_WCI90":"7.420000000000000","txt_Shape_Length":"500.000049339072177","source_feature_index":290,"published_primary_rate_field":"LRR","published_primary_rate_m_per_year":3.76,"dashboard_rate_class":"STRONG_ACCRETION","dashboard_classification_note":"Display convention only; source numeric value is preserved. Not an official DMCR class.","published_period":"1990-2019","published_dataset":"Shoreline ThaiCoast / Krabi_Points"},"geometry":{"type":"Point","coordinates":[98.96356519998925,7.852898139658686]}},{"type":"Feature","id":291,"properties":{"OBJECTID":354,"TransectID":356,"BaselineID":7,"GroupID":1,"TransOrder":356,"Azimuth":207.36,"ShrCount":11,"TCD":241048.9,"SHAPE_Leng":499.999999999,"SCE":117.61,"NSM":0.86,"EPR":0.04,"EPRunc":1.85,"LRR":2.59,"LR2":0.3,"LSE":33.13,"LCI90":2.44,"WLR":2.59,"WR2":0.3,"WSE":1.1,"WCI90":2.44,"Shape_Le_1":499.999919398,"ORIG_FID":278,"txt_OBJECTID_1":"278","txt_OBJECTID":"354","txt_TransectID":"356","txt_BaselineID":"7","txt_GroupID":"1","txt_TransOrder":"356","txt_Azimuth":"207.360000000000014","txt_ShrCount":"11","txt_TCD":"241048.899999999994179","txt_SHAPE_Leng":"499.999999999000011","txt_SCE":"117.609999999999999","txt_NSM":"0.860000000000000","txt_EPR":"0.040000000000000","txt_EPRunc":"1.850000000000000","txt_LRR":"2.590000000000000","txt_LR2":"0.300000000000000","txt_LSE":"33.130000000000003","txt_LCI90":"2.440000000000000","txt_WLR":"2.590000000000000","txt_WR2":"0.300000000000000","txt_WSE":"1.100000000000000","txt_WCI90":"2.440000000000000","txt_Shape_Length":"499.999919398144527","source_feature_index":291,"published_primary_rate_field":"LRR","published_primary_rate_m_per_year":2.59,"dashboard_rate_class":"STRONG_ACCRETION","dashboard_classification_note":"Display convention only; source numeric value is preserved. Not an official DMCR class.","published_period":"1990-2019","published_dataset":"Shoreline ThaiCoast / Krabi_Points"},"geometry":{"type":"Point","coordinates":[98.96058386023952,7.854878372077586]}},{"type":"Feature","id":292,"properties":{"OBJECTID":355,"TransectID":357,"BaselineID":7,"GroupID":1,"TransOrder":357,"Azimuth":201.71,"ShrCount":11,"TCD":241548.9,"SHAPE_Leng":499.999999995,"SCE":243.43,"NSM":-72.2,"EPR":-3.16,"EPRunc":1.85,"LRR":4.08,"LR2":0.19,"LSE":73.05,"LCI90":5.22,"WLR":4.08,"WR2":0.19,"WSE":2.43,"WCI90":5.22,"Shape_Le_1":499.999974992,"ORIG_FID":279,"txt_OBJECTID_1":"279","txt_OBJECTID":"355","txt_TransectID":"357","txt_BaselineID":"7","txt_GroupID":"1","txt_TransOrder":"357","txt_Azimuth":"201.710000000000008","txt_ShrCount":"11","txt_TCD":"241548.899999999994179","txt_SHAPE_Leng":"499.999999994999996","txt_SCE":"243.430000000000007","txt_NSM":"-72.200000000000003","txt_EPR":"-3.160000000000000","txt_EPRunc":"1.850000000000000","txt_LRR":"4.080000000000000","txt_LR2":"0.190000000000000","txt_LSE":"73.049999999999997","txt_LCI90":"5.220000000000000","txt_WLR":"4.080000000000000","txt_WR2":"0.190000000000000","txt_WSE":"2.430000000000000","txt_WCI90":"5.220000000000000","txt_Shape_Length":"499.999974992387479","source_feature_index":292,"published_primary_rate_field":"LRR","published_primary_rate_m_per_year":4.08,"dashboard_rate_class":"STRONG_ACCRETION","dashboard_classification_note":"Display convention only; source numeric value is preserved. Not an official DMCR class.","published_period":"1990-2019","published_dataset":"Shoreline ThaiCoast / Krabi_Points"},"geometry":{"type":"Point","coordinates":[98.95632977143003,7.856665893775383]}},{"type":"Feature","id":293,"properties":{"OBJECTID":357,"TransectID":363,"BaselineID":8,"GroupID":1,"TransOrder":363,"Azimuth":205.77,"ShrCount":6,"TCD":257583.32,"SHAPE_Leng":499.999999996,"SCE":204.47,"NSM":82.44,"EPR":3.43,"EPRunc":1.77,"LRR":5.46,"LR2":0.46,"LSE":75.22,"LCI90":6.31,"WLR":5.46,"WR2":0.46,"WSE":2.51,"WCI90":6.31,"Shape_Le_1":500.000008377,"ORIG_FID":280,"txt_OBJECTID_1":"280","txt_OBJECTID":"357","txt_TransectID":"363","txt_BaselineID":"8","txt_GroupID":"1","txt_TransOrder":"363","txt_Azimuth":"205.770000000000010","txt_ShrCount":"6","txt_TCD":"257583.320000000006985","txt_SHAPE_Leng":"499.999999995999985","txt_SCE":"204.469999999999999","txt_NSM":"82.439999999999998","txt_EPR":"3.430000000000000","txt_EPRunc":"1.770000000000000","txt_LRR":"5.460000000000000","txt_LR2":"0.460000000000000","txt_LSE":"75.219999999999999","txt_LCI90":"6.310000000000000","txt_WLR":"5.460000000000000","txt_WR2":"0.460000000000000","txt_WSE":"2.510000000000000","txt_WCI90":"6.310000000000000","txt_Shape_Length":"500.000008376566541","source_feature_index":293,"published_primary_rate_field":"LRR","published_primary_rate_m_per_year":5.46,"dashboard_rate_class":"STRONG_ACCRETION","dashboard_classification_note":"Display convention only; source numeric value is preserved. Not an official DMCR class.","published_period":"1990-2019","published_dataset":"Shoreline ThaiCoast / Krabi_Points"},"geometry":{"type":"Point","coordinates":[99.06067677313428,7.8507902070739055]}},{"type":"Feature","id":294,"properties":{"OBJECTID":358,"TransectID":364,"BaselineID":8,"GroupID":1,"TransOrder":364,"Azimuth":193.76,"ShrCount":6,"TCD":258083.32,"SHAPE_Leng":499.999999999,"SCE":92.11,"NSM":75.44,"EPR":3.14,"EPRunc":1.77,"LRR":2.51,"LR2":0.47,"LSE":32.03,"LCI90":2.82,"WLR":2.51,"WR2":0.47,"WSE":1.07,"WCI90":2.82,"Shape_Le_1":500.000093077,"ORIG_FID":281,"txt_OBJECTID_1":"281","txt_OBJECTID":"358","txt_TransectID":"364","txt_BaselineID":"8","txt_GroupID":"1","txt_TransOrder":"364","txt_Azimuth":"193.759999999999991","txt_ShrCount":"6","txt_TCD":"258083.320000000006985","txt_SHAPE_Leng":"499.999999999000011","txt_SCE":"92.109999999999999","txt_NSM":"75.439999999999998","txt_EPR":"3.140000000000000","txt_EPRunc":"1.770000000000000","txt_LRR":"2.510000000000000","txt_LR2":"0.470000000000000","txt_LSE":"32.030000000000001","txt_LCI90":"2.820000000000000","txt_WLR":"2.510000000000000","txt_WR2":"0.470000000000000","txt_WSE":"1.070000000000000","txt_WCI90":"2.820000000000000","txt_Shape_Length":"500.000093076935514","source_feature_index":294,"published_primary_rate_field":"LRR","published_primary_rate_m_per_year":2.51,"dashboard_rate_class":"STRONG_ACCRETION","dashboard_classification_note":"Display convention only; source numeric value is preserved. Not an official DMCR class.","published_period":"1990-2019","published_dataset":"Shoreline ThaiCoast / Krabi_Points"},"geometry":{"type":"Point","coordinates":[99.05690020133719,7.851948962445947]}},{"type":"Feature","id":295,"properties":{"OBJECTID":359,"TransectID":366,"BaselineID":8,"GroupID":1,"TransOrder":366,"Azimuth":148.91,"ShrCount":4,"TCD":259083.32,"SHAPE_Leng":500.000000004,"SCE":153.2,"NSM":-129.92,"EPR":-46.73,"EPRunc":15.26,"LRR":-28.12,"LR2":0.3,"LSE":72.76,"LCI90":89.19,"WLR":-28.12,"WR2":0.3,"WSE":2.43,"WCI90":89.19,"Shape_Le_1":500.000090222,"ORIG_FID":282,"txt_OBJECTID_1":"282","txt_OBJECTID":"359","txt_TransectID":"366","txt_BaselineID":"8","txt_GroupID":"1","txt_TransOrder":"366","txt_Azimuth":"148.909999999999997","txt_ShrCount":"4","txt_TCD":"259083.320000000006985","txt_SHAPE_Leng":"500.000000004000015","txt_SCE":"153.199999999999989","txt_NSM":"-129.919999999999987","txt_EPR":"-46.729999999999997","txt_EPRunc":"15.260000000000000","txt_LRR":"-28.120000000000001","txt_LR2":"0.300000000000000","txt_LSE":"72.760000000000005","txt_LCI90":"89.189999999999998","txt_WLR":"-28.120000000000001","txt_WR2":"0.300000000000000","txt_WSE":"2.430000000000000","txt_WCI90":"89.189999999999998","txt_Shape_Length":"500.000090221785229","source_feature_index":295,"published_primary_rate_field":"LRR","published_primary_rate_m_per_year":-28.12,"dashboard_rate_class":"STRONG_RETREAT","dashboard_classification_note":"Display convention only; source numeric value is preserved. Not an official DMCR class.","published_period":"1990-2019","published_dataset":"Shoreline ThaiCoast / Krabi_Points"},"geometry":{"type":"Point","coordinates":[99.0480700038795,7.8521848808451775]}},{"type":"Feature","id":296,"properties":{"OBJECTID":360,"TransectID":367,"BaselineID":8,"GroupID":1,"TransOrder":367,"Azimuth":128.72,"ShrCount":2,"TCD":259583.32,"SHAPE_Leng":499.999999999,"SCE":98.39,"NSM":-98.39,"EPR":-276.42,"EPRunc":119.2,"LRR":0.0,"LR2":0.0,"LSE":0.0,"LCI90":0.0,"WLR":0.0,"WR2":0.0,"WSE":0.0,"WCI90":0.0,"Shape_Le_1":499.999916238,"ORIG_FID":283,"txt_OBJECTID_1":"283","txt_OBJECTID":"360","txt_TransectID":"367","txt_BaselineID":"8","txt_GroupID":"1","txt_TransOrder":"367","txt_Azimuth":"128.719999999999999","txt_ShrCount":"2","txt_TCD":"259583.320000000006985","txt_SHAPE_Leng":"499.999999999000011","txt_SCE":"98.390000000000001","txt_NSM":"-98.390000000000001","txt_EPR":"-276.420000000000016","txt_EPRunc":"119.200000000000003","txt_LRR":"0.000000000000000","txt_LR2":"0.000000000000000","txt_LSE":"0.000000000000000","txt_LCI90":"0.000000000000000","txt_WLR":"0.000000000000000","txt_WR2":"0.000000000000000","txt_WSE":"0.000000000000000","txt_WCI90":"0.000000000000000","txt_Shape_Length":"499.999916237866216","source_feature_index":296,"published_primary_rate_field":"LRR","published_primary_rate_m_per_year":0.0,"dashboard_rate_class":"RELATIVELY_STABLE","dashboard_classification_note":"Display convention only; source numeric value is preserved. Not an official DMCR class.","published_period":"1990-2019","published_dataset":"Shoreline ThaiCoast / Krabi_Points"},"geometry":{"type":"Point","coordinates":[99.045167680069,7.848381519137706]}},{"type":"Feature","id":297,"properties":{"OBJECTID":364,"TransectID":371,"BaselineID":9,"GroupID":1,"TransOrder":371,"Azimuth":94.81,"ShrCount":3,"TCD":270210.84,"SHAPE_Leng":500.000000001,"SCE":12.97,"NSM":12.97,"EPR":5.35,"EPRunc":17.5,"LRR":5.42,"LR2":1.0,"LSE":0.4,"LCI90":1.41,"WLR":5.42,"WR2":1.0,"WSE":0.01,"WCI90":1.41,"Shape_Le_1":499.999985266,"ORIG_FID":284,"txt_OBJECTID_1":"284","txt_OBJECTID":"364","txt_TransectID":"371","txt_BaselineID":"9","txt_GroupID":"1","txt_TransOrder":"371","txt_Azimuth":"94.810000000000002","txt_ShrCount":"3","txt_TCD":"270210.840000000025611","txt_SHAPE_Leng":"500.000000000999989","txt_SCE":"12.970000000000001","txt_NSM":"12.970000000000001","txt_EPR":"5.350000000000000","txt_EPRunc":"17.500000000000000","txt_LRR":"5.420000000000000","txt_LR2":"1.000000000000000","txt_LSE":"0.400000000000000","txt_LCI90":"1.410000000000000","txt_WLR":"5.420000000000000","txt_WR2":"1.000000000000000","txt_WSE":"0.010000000000000","txt_WCI90":"1.410000000000000","txt_Shape_Length":"499.999985266072144","source_feature_index":297,"published_primary_rate_field":"LRR","published_primary_rate_m_per_year":5.42,"dashboard_rate_class":"STRONG_ACCRETION","dashboard_classification_note":"Display convention only; source numeric value is preserved. Not an official DMCR class.","published_period":"1990-2019","published_dataset":"Shoreline ThaiCoast / Krabi_Points"},"geometry":{"type":"Point","coordinates":[99.06310400236178,7.906684809349548]}},{"type":"Feature","id":298,"properties":{"OBJECTID":365,"TransectID":372,"BaselineID":9,"GroupID":1,"TransOrder":372,"Azimuth":97.58,"ShrCount":3,"TCD":270710.84,"SHAPE_Leng":500.0,"SCE":22.26,"NSM":-0.99,"EPR":-0.41,"EPRunc":17.5,"LRR":-3.43,"LR2":0.12,"LSE":16.67,"LCI90":58.35,"WLR":-3.43,"WR2":0.12,"WSE":0.56,"WCI90":58.35,"Shape_Le_1":500.000002847,"ORIG_FID":285,"txt_OBJECTID_1":"285","txt_OBJECTID":"365","txt_TransectID":"372","txt_BaselineID":"9","txt_GroupID":"1","txt_TransOrder":"372","txt_Azimuth":"97.579999999999998","txt_ShrCount":"3","txt_TCD":"270710.840000000025611","txt_SHAPE_Leng":"500.000000000000000","txt_SCE":"22.260000000000002","txt_NSM":"-0.990000000000000","txt_EPR":"-0.410000000000000","txt_EPRunc":"17.500000000000000","txt_LRR":"-3.430000000000000","txt_LR2":"0.120000000000000","txt_LSE":"16.670000000000002","txt_LCI90":"58.350000000000001","txt_WLR":"-3.430000000000000","txt_WR2":"0.120000000000000","txt_WSE":"0.560000000000000","txt_WCI90":"58.350000000000001","txt_Shape_Length":"500.000002847293842","source_feature_index":298,"published_primary_rate_field":"LRR","published_primary_rate_m_per_year":-3.43,"dashboard_rate_class":"STRONG_RETREAT","dashboard_classification_note":"Display convention only; source numeric value is preserved. Not an official DMCR class.","published_period":"1990-2019","published_dataset":"Shoreline ThaiCoast / Krabi_Points"},"geometry":{"type":"Point","coordinates":[99.06234335943762,7.902415216756777]}},{"type":"Feature","id":299,"properties":{"OBJECTID":366,"TransectID":373,"BaselineID":9,"GroupID":1,"TransOrder":373,"Azimuth":99.05,"ShrCount":2,"TCD":271210.84,"SHAPE_Leng":499.999999999,"SCE":16.84,"NSM":16.84,"EPR":6.94,"EPRunc":17.5,"LRR":0.0,"LR2":0.0,"LSE":0.0,"LCI90":0.0,"WLR":0.0,"WR2":0.0,"WSE":0.0,"WCI90":0.0,"Shape_Le_1":499.999951602,"ORIG_FID":286,"txt_OBJECTID_1":"286","txt_OBJECTID":"366","txt_TransectID":"373","txt_BaselineID":"9","txt_GroupID":"1","txt_TransOrder":"373","txt_Azimuth":"99.049999999999997","txt_ShrCount":"2","txt_TCD":"271210.840000000025611","txt_SHAPE_Leng":"499.999999999000011","txt_SCE":"16.840000000000000","txt_NSM":"16.840000000000000","txt_EPR":"6.940000000000000","txt_EPRunc":"17.500000000000000","txt_LRR":"0.000000000000000","txt_LR2":"0.000000000000000","txt_LSE":"0.000000000000000","txt_LCI90":"0.000000000000000","txt_WLR":"0.000000000000000","txt_WR2":"0.000000000000000","txt_WSE":"0.000000000000000","txt_WCI90":"0.000000000000000","txt_Shape_Length":"499.999951601615749","source_feature_index":299,"published_primary_rate_field":"LRR","published_primary_rate_m_per_year":0.0,"dashboard_rate_class":"RELATIVELY_STABLE","dashboard_classification_note":"Display convention only; source numeric value is preserved. Not an official DMCR class.","published_period":"1990-2019","published_dataset":"Shoreline ThaiCoast / Krabi_Points"},"geometry":{"type":"Point","coordinates":[99.0620293483153,7.898654433709988]}},{"type":"Feature","id":300,"properties":{"OBJECTID":367,"TransectID":374,"BaselineID":9,"GroupID":1,"TransOrder":374,"Azimuth":104.01,"ShrCount":3,"TCD":271710.84,"SHAPE_Leng":500.0,"SCE":14.19,"NSM":14.19,"EPR":5.85,"EPRunc":17.5,"LRR":4.82,"LR2":0.7,"LSE":5.68,"LCI90":19.89,"WLR":4.82,"WR2":0.7,"WSE":0.19,"WCI90":19.89,"Shape_Le_1":500.000044023,"ORIG_FID":287,"txt_OBJECTID_1":"287","txt_OBJECTID":"367","txt_TransectID":"374","txt_BaselineID":"9","txt_GroupID":"1","txt_TransOrder":"374","txt_Azimuth":"104.010000000000005","txt_ShrCount":"3","txt_TCD":"271710.840000000025611","txt_SHAPE_Leng":"500.000000000000000","txt_SCE":"14.190000000000000","txt_NSM":"14.190000000000000","txt_EPR":"5.850000000000000","txt_EPRunc":"17.500000000000000","txt_LRR":"4.820000000000000","txt_LR2":"0.700000000000000","txt_LSE":"5.680000000000000","txt_LCI90":"19.890000000000001","txt_WLR":"4.820000000000000","txt_WR2":"0.700000000000000","txt_WSE":"0.190000000000000","txt_WCI90":"19.890000000000001","txt_Shape_Length":"500.000044022978784","source_feature_index":300,"published_primary_rate_field":"LRR","published_primary_rate_m_per_year":4.82,"dashboard_rate_class":"STRONG_ACCRETION","dashboard_classification_note":"Display convention only; source numeric value is preserved. Not an official DMCR class.","published_period":"1990-2019","published_dataset":"Shoreline ThaiCoast / Krabi_Points"},"geometry":{"type":"Point","coordinates":[99.06108758050848,7.894512366450027]}},{"type":"Feature","id":301,"properties":{"OBJECTID":368,"TransectID":376,"BaselineID":9,"GroupID":1,"TransOrder":376,"Azimuth":95.67,"ShrCount":3,"TCD":272710.84,"SHAPE_Leng":500.000000002,"SCE":43.13,"NSM":43.13,"EPR":17.79,"EPRunc":17.5,"LRR":16.75,"LR2":0.97,"LSE":5.73,"LCI90":20.06,"WLR":16.75,"WR2":0.97,"WSE":0.19,"WCI90":20.06,"Shape_Le_1":499.999939807,"ORIG_FID":288,"txt_OBJECTID_1":"288","txt_OBJECTID":"368","txt_TransectID":"376","txt_BaselineID":"9","txt_GroupID":"1","txt_TransOrder":"376","txt_Azimuth":"95.670000000000002","txt_ShrCount":"3","txt_TCD":"272710.840000000025611","txt_SHAPE_Leng":"500.000000001999979","txt_SCE":"43.130000000000003","txt_NSM":"43.130000000000003","txt_EPR":"17.789999999999999","txt_EPRunc":"17.500000000000000","txt_LRR":"16.750000000000000","txt_LR2":"0.970000000000000","txt_LSE":"5.730000000000000","txt_LCI90":"20.059999999999999","txt_WLR":"16.750000000000000","txt_WR2":"0.970000000000000","txt_WSE":"0.190000000000000","txt_WCI90":"20.059999999999999","txt_Shape_Length":"499.999939806799830","source_feature_index":301,"published_primary_rate_field":"LRR","published_primary_rate_m_per_year":16.75,"dashboard_rate_class":"STRONG_ACCRETION","dashboard_classification_note":"Display convention only; source numeric value is preserved. Not an official DMCR class.","published_period":"1990-2019","published_dataset":"Shoreline ThaiCoast / Krabi_Points"},"geometry":{"type":"Point","coordinates":[99.06004509282411,7.886804443721184]}},{"type":"Feature","id":302,"properties":{"OBJECTID":369,"TransectID":378,"BaselineID":9,"GroupID":1,"TransOrder":378,"Azimuth":62.69,"ShrCount":3,"TCD":273710.84,"SHAPE_Leng":500.0,"SCE":28.17,"NSM":12.67,"EPR":5.23,"EPRunc":17.5,"LRR":1.65,"LR2":0.02,"LSE":19.73,"LCI90":69.05,"WLR":1.65,"WR2":0.02,"WSE":0.66,"WCI90":69.05,"Shape_Le_1":500.000090708,"ORIG_FID":289,"txt_OBJECTID_1":"289","txt_OBJECTID":"369","txt_TransectID":"378","txt_BaselineID":"9","txt_GroupID":"1","txt_TransOrder":"378","txt_Azimuth":"62.689999999999998","txt_ShrCount":"3","txt_TCD":"273710.840000000025611","txt_SHAPE_Leng":"500.000000000000000","txt_SCE":"28.170000000000002","txt_NSM":"12.670000000000000","txt_EPR":"5.230000000000000","txt_EPRunc":"17.500000000000000","txt_LRR":"1.650000000000000","txt_LR2":"0.020000000000000","txt_LSE":"19.730000000000000","txt_LCI90":"69.049999999999997","txt_WLR":"1.650000000000000","txt_WR2":"0.020000000000000","txt_WSE":"0.660000000000000","txt_WCI90":"69.049999999999997","txt_Shape_Length":"500.000090707762013","source_feature_index":302,"published_primary_rate_field":"LRR","published_primary_rate_m_per_year":1.65,"dashboard_rate_class":"ACCRETION","dashboard_classification_note":"Display convention only; source numeric value is preserved. Not an official DMCR class.","published_period":"1990-2019","published_dataset":"Shoreline ThaiCoast / Krabi_Points"},"geometry":{"type":"Point","coordinates":[99.05788842846489,7.877940459483372]}},{"type":"Feature","id":303,"properties":{"OBJECTID":370,"TransectID":379,"BaselineID":9,"GroupID":1,"TransOrder":379,"Azimuth":348.71,"ShrCount":3,"TCD":274210.84,"SHAPE_Leng":499.999999998,"SCE":67.49,"NSM":-66.98,"EPR":-27.63,"EPRunc":17.5,"LRR":-29.74,"LR2":0.95,"LSE":11.67,"LCI90":40.85,"WLR":-29.74,"WR2":0.95,"WSE":0.39,"WCI90":40.85,"Shape_Le_1":500.000000722,"ORIG_FID":290,"txt_OBJECTID_1":"290","txt_OBJECTID":"370","txt_TransectID":"379","txt_BaselineID":"9","txt_GroupID":"1","txt_TransOrder":"379","txt_Azimuth":"348.709999999999980","txt_ShrCount":"3","txt_TCD":"274210.840000000025611","txt_SHAPE_Leng":"499.999999998000021","txt_SCE":"67.489999999999995","txt_NSM":"-66.980000000000004","txt_EPR":"-27.629999999999999","txt_EPRunc":"17.500000000000000","txt_LRR":"-29.739999999999998","txt_LR2":"0.950000000000000","txt_LSE":"11.670000000000000","txt_LCI90":"40.850000000000001","txt_WLR":"-29.739999999999998","txt_WR2":"0.950000000000000","txt_WSE":"0.390000000000000","txt_WCI90":"40.850000000000001","txt_Shape_Length":"500.000000721813649","source_feature_index":303,"published_primary_rate_field":"LRR","published_primary_rate_m_per_year":-29.74,"dashboard_rate_class":"STRONG_RETREAT","dashboard_classification_note":"Display convention only; source numeric value is preserved. Not an official DMCR class.","published_period":"1990-2019","published_dataset":"Shoreline ThaiCoast / Krabi_Points"},"geometry":{"type":"Point","coordinates":[99.06426182913629,7.876014860277243]}},{"type":"Feature","id":304,"properties":{"OBJECTID":371,"TransectID":380,"BaselineID":9,"GroupID":1,"TransOrder":380,"Azimuth":313.18,"ShrCount":3,"TCD":274710.84,"SHAPE_Leng":500.000000002,"SCE":68.43,"NSM":-56.25,"EPR":-23.2,"EPRunc":17.5,"LRR":-26.63,"LR2":0.87,"LSE":18.92,"LCI90":66.22,"WLR":-26.63,"WR2":0.87,"WSE":0.63,"WCI90":66.22,"Shape_Le_1":500.000021368,"ORIG_FID":291,"txt_OBJECTID_1":"291","txt_OBJECTID":"371","txt_TransectID":"380","txt_BaselineID":"9","txt_GroupID":"1","txt_TransOrder":"380","txt_Azimuth":"313.180000000000007","txt_ShrCount":"3","txt_TCD":"274710.840000000025611","txt_SHAPE_Leng":"500.000000001999979","txt_SCE":"68.430000000000007","txt_NSM":"-56.250000000000000","txt_EPR":"-23.199999999999999","txt_EPRunc":"17.500000000000000","txt_LRR":"-26.629999999999999","txt_LR2":"0.870000000000000","txt_LSE":"18.920000000000002","txt_LCI90":"66.219999999999999","txt_WLR":"-26.629999999999999","txt_WR2":"0.870000000000000","txt_WSE":"0.630000000000000","txt_WCI90":"66.219999999999999","txt_Shape_Length":"500.000021367912041","source_feature_index":304,"published_primary_rate_field":"LRR","published_primary_rate_m_per_year":-26.63,"dashboard_rate_class":"STRONG_RETREAT","dashboard_classification_note":"Display convention only; source numeric value is preserved. Not an official DMCR class.","published_period":"1990-2019","published_dataset":"Shoreline ThaiCoast / Krabi_Points"},"geometry":{"type":"Point","coordinates":[99.06787570568517,7.878686841784316]}},{"type":"Feature","id":305,"properties":{"OBJECTID":372,"TransectID":381,"BaselineID":9,"GroupID":1,"TransOrder":381,"Azimuth":298.17,"ShrCount":2,"TCD":275210.84,"SHAPE_Leng":500.0,"SCE":8.81,"NSM":8.81,"EPR":16.76,"EPRunc":80.71,"LRR":0.0,"LR2":0.0,"LSE":0.0,"LCI90":0.0,"WLR":0.0,"WR2":0.0,"WSE":0.0,"WCI90":0.0,"Shape_Le_1":500.000009867,"ORIG_FID":292,"txt_OBJECTID_1":"292","txt_OBJECTID":"372","txt_TransectID":"381","txt_BaselineID":"9","txt_GroupID":"1","txt_TransOrder":"381","txt_Azimuth":"298.170000000000016","txt_ShrCount":"2","txt_TCD":"275210.840000000025611","txt_SHAPE_Leng":"500.000000000000000","txt_SCE":"8.810000000000000","txt_NSM":"8.810000000000000","txt_EPR":"16.760000000000002","txt_EPRunc":"80.709999999999994","txt_LRR":"0.000000000000000","txt_LR2":"0.000000000000000","txt_LSE":"0.000000000000000","txt_LCI90":"0.000000000000000","txt_WLR":"0.000000000000000","txt_WR2":"0.000000000000000","txt_WSE":"0.000000000000000","txt_WCI90":"0.000000000000000","txt_Shape_Length":"500.000009866638834","source_feature_index":305,"published_primary_rate_field":"LRR","published_primary_rate_m_per_year":0.0,"dashboard_rate_class":"RELATIVELY_STABLE","dashboard_classification_note":"Display convention only; source numeric value is preserved. Not an official DMCR class.","published_period":"1990-2019","published_dataset":"Shoreline ThaiCoast / Krabi_Points"},"geometry":{"type":"Point","coordinates":[99.07040750568582,7.882040026336806]}},{"type":"Feature","id":306,"properties":{"OBJECTID":373,"TransectID":382,"BaselineID":9,"GroupID":1,"TransOrder":382,"Azimuth":294.36,"ShrCount":3,"TCD":275710.84,"SHAPE_Leng":500.0,"SCE":50.09,"NSM":-44.78,"EPR":-18.47,"EPRunc":17.5,"LRR":-20.58,"LR2":0.91,"LSE":11.66,"LCI90":40.81,"WLR":-20.58,"WR2":0.91,"WSE":0.39,"WCI90":40.81,"Shape_Le_1":500.00004285,"ORIG_FID":293,"txt_OBJECTID_1":"293","txt_OBJECTID":"373","txt_TransectID":"382","txt_BaselineID":"9","txt_GroupID":"1","txt_TransOrder":"382","txt_Azimuth":"294.360000000000014","txt_ShrCount":"3","txt_TCD":"275710.840000000025611","txt_SHAPE_Leng":"500.000000000000000","txt_SCE":"50.090000000000003","txt_NSM":"-44.780000000000001","txt_EPR":"-18.469999999999999","txt_EPRunc":"17.500000000000000","txt_LRR":"-20.579999999999998","txt_LR2":"0.910000000000000","txt_LSE":"11.660000000000000","txt_LCI90":"40.810000000000002","txt_WLR":"-20.579999999999998","txt_WR2":"0.910000000000000","txt_WSE":"0.390000000000000","txt_WCI90":"40.810000000000002","txt_Shape_Length":"500.000042849872045","source_feature_index":306,"published_primary_rate_field":"LRR","published_primary_rate_m_per_year":-20.58,"dashboard_rate_class":"STRONG_RETREAT","dashboard_classification_note":"Display convention only; source numeric value is preserved. Not an official DMCR class.","published_period":"1990-2019","published_dataset":"Shoreline ThaiCoast / Krabi_Points"},"geometry":{"type":"Point","coordinates":[99.0717923622413,7.885822874184605]}},{"type":"Feature","id":307,"properties":{"OBJECTID":374,"TransectID":384,"BaselineID":9,"GroupID":1,"TransOrder":384,"Azimuth":302.0,"ShrCount":3,"TCD":276710.84,"SHAPE_Leng":499.999999998,"SCE":55.73,"NSM":-50.45,"EPR":-20.81,"EPRunc":17.5,"LRR":-23.09,"LR2":0.92,"LSE":12.59,"LCI90":44.07,"WLR":-23.09,"WR2":0.92,"WSE":0.42,"WCI90":44.07,"Shape_Le_1":499.999965384,"ORIG_FID":294,"txt_OBJECTID_1":"294","txt_OBJECTID":"374","txt_TransectID":"384","txt_BaselineID":"9","txt_GroupID":"1","txt_TransOrder":"384","txt_Azimuth":"302.000000000000000","txt_ShrCount":"3","txt_TCD":"276710.840000000025611","txt_SHAPE_Leng":"499.999999998000021","txt_SCE":"55.729999999999997","txt_NSM":"-50.450000000000003","txt_EPR":"-20.809999999999999","txt_EPRunc":"17.500000000000000","txt_LRR":"-23.090000000000000","txt_LR2":"0.920000000000000","txt_LSE":"12.590000000000000","txt_LCI90":"44.070000000000000","txt_WLR":"-23.090000000000000","txt_WR2":"0.920000000000000","txt_WSE":"0.420000000000000","txt_WCI90":"44.070000000000000","txt_Shape_Length":"499.999965384311679","source_feature_index":307,"published_primary_rate_field":"LRR","published_primary_rate_m_per_year":-23.09,"dashboard_rate_class":"STRONG_RETREAT","dashboard_classification_note":"Display convention only; source numeric value is preserved. Not an official DMCR class.","published_period":"1990-2019","published_dataset":"Shoreline ThaiCoast / Krabi_Points"},"geometry":{"type":"Point","coordinates":[99.07598436317,7.8931590646087235]}},{"type":"Feature","id":308,"properties":{"OBJECTID":382,"TransectID":393,"BaselineID":10,"GroupID":1,"TransOrder":393,"Azimuth":61.8,"ShrCount":5,"TCD":288724.86,"SHAPE_Leng":499.999999998,"SCE":61.98,"NSM":-53.08,"EPR":-2.4,"EPRunc":1.92,"LRR":-1.67,"LR2":0.4,"LSE":23.96,"LCI90":2.75,"WLR":-1.67,"WR2":0.4,"WSE":0.8,"WCI90":2.75,"Shape_Le_1":499.999980711,"ORIG_FID":295,"txt_OBJECTID_1":"295","txt_OBJECTID":"382","txt_TransectID":"393","txt_BaselineID":"10","txt_GroupID":"1","txt_TransOrder":"393","txt_Azimuth":"61.799999999999997","txt_ShrCount":"5","txt_TCD":"288724.859999999986030","txt_SHAPE_Leng":"499.999999998000021","txt_SCE":"61.979999999999997","txt_NSM":"-53.079999999999998","txt_EPR":"-2.400000000000000","txt_EPRunc":"1.920000000000000","txt_LRR":"-1.670000000000000","txt_LR2":"0.400000000000000","txt_LSE":"23.960000000000001","txt_LCI90":"2.750000000000000","txt_WLR":"-1.670000000000000","txt_WR2":"0.400000000000000","txt_WSE":"0.800000000000000","txt_WCI90":"2.750000000000000","txt_Shape_Length":"499.999980711382477","source_feature_index":308,"published_primary_rate_field":"LRR","published_primary_rate_m_per_year":-1.67,"dashboard_rate_class":"RETREAT","dashboard_classification_note":"Display convention only; source numeric value is preserved. Not an official DMCR class.","published_period":"1990-2019","published_dataset":"Shoreline ThaiCoast / Krabi_Points"},"geometry":{"type":"Point","coordinates":[98.99751322214507,7.92023590700445]}},{"type":"Feature","id":309,"properties":{"OBJECTID":385,"TransectID":396,"BaselineID":10,"GroupID":1,"TransOrder":396,"Azimuth":73.65,"ShrCount":5,"TCD":290224.86,"SHAPE_Leng":500.0,"SCE":31.9,"NSM":-18.09,"EPR":-0.82,"EPRunc":1.92,"LRR":-0.84,"LR2":0.4,"LSE":12.13,"LCI90":1.39,"WLR":-0.84,"WR2":0.4,"WSE":0.4,"WCI90":1.39,"Shape_Le_1":500.000036923,"ORIG_FID":296,"txt_OBJECTID_1":"296","txt_OBJECTID":"385","txt_TransectID":"396","txt_BaselineID":"10","txt_GroupID":"1","txt_TransOrder":"396","txt_Azimuth":"73.650000000000006","txt_ShrCount":"5","txt_TCD":"290224.859999999986030","txt_SHAPE_Leng":"500.000000000000000","txt_SCE":"31.899999999999999","txt_NSM":"-18.090000000000000","txt_EPR":"-0.820000000000000","txt_EPRunc":"1.920000000000000","txt_LRR":"-0.840000000000000","txt_LR2":"0.400000000000000","txt_LSE":"12.130000000000001","txt_LCI90":"1.390000000000000","txt_WLR":"-0.840000000000000","txt_WR2":"0.400000000000000","txt_WSE":"0.400000000000000","txt_WCI90":"1.390000000000000","txt_Shape_Length":"500.000036923137998","source_feature_index":309,"published_primary_rate_field":"LRR","published_primary_rate_m_per_year":-0.84,"dashboard_rate_class":"RETREAT","dashboard_classification_note":"Display convention only; source numeric value is preserved. Not an official DMCR class.","published_period":"1990-2019","published_dataset":"Shoreline ThaiCoast / Krabi_Points"},"geometry":{"type":"Point","coordinates":[99.0017096956642,7.909805623531605]}},{"type":"Feature","id":310,"properties":{"OBJECTID":386,"TransectID":397,"BaselineID":10,"GroupID":1,"TransOrder":397,"Azimuth":58.85,"ShrCount":5,"TCD":290724.86,"SHAPE_Leng":499.999999997,"SCE":53.03,"NSM":-26.78,"EPR":-1.72,"EPRunc":2.73,"LRR":-2.12,"LR2":0.33,"LSE":23.67,"LCI90":4.13,"WLR":-2.12,"WR2":0.33,"WSE":0.79,"WCI90":4.13,"Shape_Le_1":499.999986859,"ORIG_FID":297,"txt_OBJECTID_1":"297","txt_OBJECTID":"386","txt_TransectID":"397","txt_BaselineID":"10","txt_GroupID":"1","txt_TransOrder":"397","txt_Azimuth":"58.850000000000001","txt_ShrCount":"5","txt_TCD":"290724.859999999986030","txt_SHAPE_Leng":"499.999999996999975","txt_SCE":"53.030000000000001","txt_NSM":"-26.780000000000001","txt_EPR":"-1.720000000000000","txt_EPRunc":"2.730000000000000","txt_LRR":"-2.120000000000000","txt_LR2":"0.330000000000000","txt_LSE":"23.670000000000002","txt_LCI90":"4.130000000000000","txt_WLR":"-2.120000000000000","txt_WR2":"0.330000000000000","txt_WSE":"0.790000000000000","txt_WCI90":"4.130000000000000","txt_Shape_Length":"499.999986859014427","source_feature_index":310,"published_primary_rate_field":"LRR","published_primary_rate_m_per_year":-2.12,"dashboard_rate_class":"STRONG_RETREAT","dashboard_classification_note":"Display convention only; source numeric value is preserved. Not an official DMCR class.","published_period":"1990-2019","published_dataset":"Shoreline ThaiCoast / Krabi_Points"},"geometry":{"type":"Point","coordinates":[99.00246588271087,7.905314806945841]}},{"type":"Feature","id":311,"properties":{"OBJECTID":387,"TransectID":398,"BaselineID":10,"GroupID":1,"TransOrder":398,"Azimuth":11.8,"ShrCount":5,"TCD":291224.86,"SHAPE_Leng":499.999999999,"SCE":68.04,"NSM":-54.28,"EPR":-3.49,"EPRunc":2.73,"LRR":-2.33,"LR2":0.24,"LSE":32.72,"LCI90":5.72,"WLR":-2.33,"WR2":0.24,"WSE":1.09,"WCI90":5.72,"Shape_Le_1":499.999984086,"ORIG_FID":298,"txt_OBJECTID_1":"298","txt_OBJECTID":"387","txt_TransectID":"398","txt_BaselineID":"10","txt_GroupID":"1","txt_TransOrder":"398","txt_Azimuth":"11.800000000000001","txt_ShrCount":"5","txt_TCD":"291224.859999999986030","txt_SHAPE_Leng":"499.999999999000011","txt_SCE":"68.040000000000006","txt_NSM":"-54.280000000000001","txt_EPR":"-3.490000000000000","txt_EPRunc":"2.730000000000000","txt_LRR":"-2.330000000000000","txt_LR2":"0.240000000000000","txt_LSE":"32.719999999999999","txt_LCI90":"5.720000000000000","txt_WLR":"-2.330000000000000","txt_WR2":"0.240000000000000","txt_WSE":"1.090000000000000","txt_WCI90":"5.720000000000000","txt_Shape_Length":"499.999984085509539","source_feature_index":311,"published_primary_rate_field":"LRR","published_primary_rate_m_per_year":-2.33,"dashboard_rate_class":"STRONG_RETREAT","dashboard_classification_note":"Display convention only; source numeric value is preserved. Not an official DMCR class.","published_period":"1990-2019","published_dataset":"Shoreline ThaiCoast / Krabi_Points"},"geometry":{"type":"Point","coordinates":[99.00735866231852,7.90173526374264]}},{"type":"Feature","id":312,"properties":{"OBJECTID":388,"TransectID":399,"BaselineID":10,"GroupID":1,"TransOrder":399,"Azimuth":298.96,"ShrCount":8,"TCD":291724.86,"SHAPE_Leng":500.0,"SCE":27.54,"NSM":-11.49,"EPR":-0.5,"EPRunc":1.86,"LRR":-0.8,"LR2":0.45,"LSE":8.39,"LCI90":0.7,"WLR":-0.8,"WR2":0.45,"WSE":0.28,"WCI90":0.7,"Shape_Le_1":500.000000968,"ORIG_FID":299,"txt_OBJECTID_1":"299","txt_OBJECTID":"388","txt_TransectID":"399","txt_BaselineID":"10","txt_GroupID":"1","txt_TransOrder":"399","txt_Azimuth":"298.959999999999980","txt_ShrCount":"8","txt_TCD":"291724.859999999986030","txt_SHAPE_Leng":"500.000000000000000","txt_SCE":"27.539999999999999","txt_NSM":"-11.490000000000000","txt_EPR":"-0.500000000000000","txt_EPRunc":"1.860000000000000","txt_LRR":"-0.800000000000000","txt_LR2":"0.450000000000000","txt_LSE":"8.390000000000001","txt_LCI90":"0.700000000000000","txt_WLR":"-0.800000000000000","txt_WR2":"0.450000000000000","txt_WSE":"0.280000000000000","txt_WCI90":"0.700000000000000","txt_Shape_Length":"500.000000968024551","source_feature_index":312,"published_primary_rate_field":"LRR","published_primary_rate_m_per_year":-0.8,"dashboard_rate_class":"RETREAT","dashboard_classification_note":"Display convention only; source numeric value is preserved. Not an official DMCR class.","published_period":"1990-2019","published_dataset":"Shoreline ThaiCoast / Krabi_Points"},"geometry":{"type":"Point","coordinates":[99.01330861233987,7.903948112228625]}},{"type":"Feature","id":313,"properties":{"OBJECTID":389,"TransectID":400,"BaselineID":10,"GroupID":1,"TransOrder":400,"Azimuth":253.71,"ShrCount":6,"TCD":292224.86,"SHAPE_Leng":500.0,"SCE":57.05,"NSM":-20.4,"EPR":-0.92,"EPRunc":1.92,"LRR":-1.36,"LR2":0.38,"LSE":18.76,"LCI90":1.85,"WLR":-1.36,"WR2":0.38,"WSE":0.63,"WCI90":1.85,"Shape_Le_1":500.000009605,"ORIG_FID":300,"txt_OBJECTID_1":"300","txt_OBJECTID":"389","txt_TransectID":"400","txt_BaselineID":"10","txt_GroupID":"1","txt_TransOrder":"400","txt_Azimuth":"253.710000000000008","txt_ShrCount":"6","txt_TCD":"292224.859999999986030","txt_SHAPE_Leng":"500.000000000000000","txt_SCE":"57.049999999999997","txt_NSM":"-20.399999999999999","txt_EPR":"-0.920000000000000","txt_EPRunc":"1.920000000000000","txt_LRR":"-1.360000000000000","txt_LR2":"0.380000000000000","txt_LSE":"18.760000000000002","txt_LCI90":"1.850000000000000","txt_WLR":"-1.360000000000000","txt_WR2":"0.380000000000000","txt_WSE":"0.630000000000000","txt_WCI90":"1.850000000000000","txt_Shape_Length":"500.000009604938327","source_feature_index":313,"published_primary_rate_field":"LRR","published_primary_rate_m_per_year":-1.36,"dashboard_rate_class":"RETREAT","dashboard_classification_note":"Display convention only; source numeric value is preserved. Not an official DMCR class.","published_period":"1990-2019","published_dataset":"Shoreline ThaiCoast / Krabi_Points"},"geometry":{"type":"Point","coordinates":[99.01297646900902,7.909945817990382]}},{"type":"Feature","id":314,"properties":{"OBJECTID":390,"TransectID":401,"BaselineID":10,"GroupID":1,"TransOrder":401,"Azimuth":242.61,"ShrCount":6,"TCD":292724.86,"SHAPE_Leng":500.0,"SCE":62.78,"NSM":-16.56,"EPR":-0.75,"EPRunc":1.92,"LRR":-1.27,"LR2":0.31,"LSE":20.59,"LCI90":2.03,"WLR":-1.27,"WR2":0.31,"WSE":0.69,"WCI90":2.03,"Shape_Le_1":500.000046209,"ORIG_FID":301,"txt_OBJECTID_1":"301","txt_OBJECTID":"390","txt_TransectID":"401","txt_BaselineID":"10","txt_GroupID":"1","txt_TransOrder":"401","txt_Azimuth":"242.610000000000014","txt_ShrCount":"6","txt_TCD":"292724.859999999986030","txt_SHAPE_Leng":"500.000000000000000","txt_SCE":"62.780000000000001","txt_NSM":"-16.559999999999999","txt_EPR":"-0.750000000000000","txt_EPRunc":"1.920000000000000","txt_LRR":"-1.270000000000000","txt_LR2":"0.310000000000000","txt_LSE":"20.590000000000000","txt_LCI90":"2.030000000000000","txt_WLR":"-1.270000000000000","txt_WR2":"0.310000000000000","txt_WSE":"0.690000000000000","txt_WCI90":"2.030000000000000","txt_Shape_Length":"500.000046209340724","source_feature_index":314,"published_primary_rate_field":"LRR","published_primary_rate_m_per_year":-1.27,"dashboard_rate_class":"RETREAT","dashboard_classification_note":"Display convention only; source numeric value is preserved. Not an official DMCR class.","published_period":"1990-2019","published_dataset":"Shoreline ThaiCoast / Krabi_Points"},"geometry":{"type":"Point","coordinates":[99.0109523549837,7.914225780264589]}},{"type":"Feature","id":315,"properties":{"OBJECTID":391,"TransectID":402,"BaselineID":10,"GroupID":1,"TransOrder":402,"Azimuth":225.6,"ShrCount":5,"TCD":293224.86,"SHAPE_Leng":499.999999999,"SCE":61.19,"NSM":-9.66,"EPR":-0.44,"EPRunc":1.92,"LRR":-1.24,"LR2":0.25,"LSE":25.59,"LCI90":2.94,"WLR":-1.24,"WR2":0.25,"WSE":0.85,"WCI90":2.94,"Shape_Le_1":500.000070134,"ORIG_FID":302,"txt_OBJECTID_1":"302","txt_OBJECTID":"391","txt_TransectID":"402","txt_BaselineID":"10","txt_GroupID":"1","txt_TransOrder":"402","txt_Azimuth":"225.599999999999994","txt_ShrCount":"5","txt_TCD":"293224.859999999986030","txt_SHAPE_Leng":"499.999999999000011","txt_SCE":"61.189999999999998","txt_NSM":"-9.660000000000000","txt_EPR":"-0.440000000000000","txt_EPRunc":"1.920000000000000","txt_LRR":"-1.240000000000000","txt_LR2":"0.250000000000000","txt_LSE":"25.590000000000000","txt_LCI90":"2.940000000000000","txt_WLR":"-1.240000000000000","txt_WR2":"0.250000000000000","txt_WSE":"0.850000000000000","txt_WCI90":"2.940000000000000","txt_Shape_Length":"500.000070134003352","source_feature_index":315,"published_primary_rate_field":"LRR","published_primary_rate_m_per_year":-1.24,"dashboard_rate_class":"RETREAT","dashboard_classification_note":"Display convention only; source numeric value is preserved. Not an official DMCR class.","published_period":"1990-2019","published_dataset":"Shoreline ThaiCoast / Krabi_Points"},"geometry":{"type":"Point","coordinates":[99.00867796825102,7.918093607914597]}},{"type":"Feature","id":316,"properties":{"OBJECTID":392,"TransectID":403,"BaselineID":10,"GroupID":1,"TransOrder":403,"Azimuth":216.82,"ShrCount":4,"TCD":293724.86,"SHAPE_Leng":500.000000001,"SCE":144.93,"NSM":14.07,"EPR":0.9,"EPRunc":2.73,"LRR":-1.73,"LR2":0.03,"LSE":84.07,"LCI90":18.91,"WLR":-1.73,"WR2":0.03,"WSE":2.8,"WCI90":18.91,"Shape_Le_1":500.000014926,"ORIG_FID":303,"txt_OBJECTID_1":"303","txt_OBJECTID":"392","txt_TransectID":"403","txt_BaselineID":"10","txt_GroupID":"1","txt_TransOrder":"403","txt_Azimuth":"216.819999999999993","txt_ShrCount":"4","txt_TCD":"293724.859999999986030","txt_SHAPE_Leng":"500.000000000999989","txt_SCE":"144.930000000000007","txt_NSM":"14.070000000000000","txt_EPR":"0.900000000000000","txt_EPRunc":"2.730000000000000","txt_LRR":"-1.730000000000000","txt_LR2":"0.030000000000000","txt_LSE":"84.069999999999993","txt_LCI90":"18.910000000000000","txt_WLR":"-1.730000000000000","txt_WR2":"0.030000000000000","txt_WSE":"2.800000000000000","txt_WCI90":"18.910000000000000","txt_Shape_Length":"500.000014926084589","source_feature_index":316,"published_primary_rate_field":"LRR","published_primary_rate_m_per_year":-1.73,"dashboard_rate_class":"RETREAT","dashboard_classification_note":"Display convention only; source numeric value is preserved. Not an official DMCR class.","published_period":"1990-2019","published_dataset":"Shoreline ThaiCoast / Krabi_Points"},"geometry":{"type":"Point","coordinates":[99.00495535548198,7.920434972506655]}},{"type":"Feature","id":317,"properties":{"OBJECTID":393,"TransectID":404,"BaselineID":10,"GroupID":1,"TransOrder":404,"Azimuth":212.75,"ShrCount":4,"TCD":294224.86,"SHAPE_Leng":500.000000003,"SCE":19.18,"NSM":18.9,"EPR":1.21,"EPRunc":2.73,"LRR":1.02,"LR2":0.68,"LSE":6.36,"LCI90":1.43,"WLR":1.02,"WR2":0.68,"WSE":0.21,"WCI90":1.43,"Shape_Le_1":500.000084098,"ORIG_FID":304,"txt_OBJECTID_1":"304","txt_OBJECTID":"393","txt_TransectID":"404","txt_BaselineID":"10","txt_GroupID":"1","txt_TransOrder":"404","txt_Azimuth":"212.750000000000000","txt_ShrCount":"4","txt_TCD":"294224.859999999986030","txt_SHAPE_Leng":"500.000000003000025","txt_SCE":"19.180000000000000","txt_NSM":"18.899999999999999","txt_EPR":"1.210000000000000","txt_EPRunc":"2.730000000000000","txt_LRR":"1.020000000000000","txt_LR2":"0.680000000000000","txt_LSE":"6.360000000000000","txt_LCI90":"1.430000000000000","txt_WLR":"1.020000000000000","txt_WR2":"0.680000000000000","txt_WSE":"0.210000000000000","txt_WCI90":"1.430000000000000","txt_Shape_Length":"500.000084097841182","source_feature_index":317,"published_primary_rate_field":"LRR","published_primary_rate_m_per_year":1.02,"dashboard_rate_class":"ACCRETION","dashboard_classification_note":"Display convention only; source numeric value is preserved. Not an official DMCR class.","published_period":"1990-2019","published_dataset":"Shoreline ThaiCoast / Krabi_Points"},"geometry":{"type":"Point","coordinates":[99.00185792496096,7.9232096455660255]}},{"type":"Feature","id":318,"properties":{"OBJECTID":395,"TransectID":406,"BaselineID":11,"GroupID":1,"TransOrder":406,"Azimuth":176.94,"ShrCount":8,"TCD":296837.63,"SHAPE_Leng":500.0,"SCE":86.04,"NSM":-14.06,"EPR":-0.62,"EPRunc":1.86,"LRR":-1.09,"LR2":0.1,"LSE":30.38,"LCI90":2.57,"WLR":-1.09,"WR2":0.1,"WSE":1.01,"WCI90":2.57,"Shape_Le_1":500.000017307,"ORIG_FID":305,"txt_OBJECTID_1":"305","txt_OBJECTID":"395","txt_TransectID":"406","txt_BaselineID":"11","txt_GroupID":"1","txt_TransOrder":"406","txt_Azimuth":"176.939999999999998","txt_ShrCount":"8","txt_TCD":"296837.630000000004657","txt_SHAPE_Leng":"500.000000000000000","txt_SCE":"86.040000000000006","txt_NSM":"-14.060000000000000","txt_EPR":"-0.620000000000000","txt_EPRunc":"1.860000000000000","txt_LRR":"-1.090000000000000","txt_LR2":"0.100000000000000","txt_LSE":"30.379999999999999","txt_LCI90":"2.570000000000000","txt_WLR":"-1.090000000000000","txt_WR2":"0.100000000000000","txt_WSE":"1.010000000000000","txt_WCI90":"2.570000000000000","txt_Shape_Length":"500.000017307477037","source_feature_index":318,"published_primary_rate_field":"LRR","published_primary_rate_m_per_year":-1.09,"dashboard_rate_class":"RETREAT","dashboard_classification_note":"Display convention only; source numeric value is preserved. Not an official DMCR class.","published_period":"1990-2019","published_dataset":"Shoreline ThaiCoast / Krabi_Points"},"geometry":{"type":"Point","coordinates":[98.98130331964013,7.927183957807728]}},{"type":"Feature","id":319,"properties":{"OBJECTID":396,"TransectID":407,"BaselineID":11,"GroupID":1,"TransOrder":407,"Azimuth":183.96,"ShrCount":8,"TCD":297337.63,"SHAPE_Leng":500.0,"SCE":86.74,"NSM":10.31,"EPR":0.45,"EPRunc":1.86,"LRR":-0.92,"LR2":0.09,"LSE":27.97,"LCI90":2.37,"WLR":-0.92,"WR2":0.09,"WSE":0.93,"WCI90":2.37,"Shape_Le_1":499.999952964,"ORIG_FID":306,"txt_OBJECTID_1":"306","txt_OBJECTID":"396","txt_TransectID":"407","txt_BaselineID":"11","txt_GroupID":"1","txt_TransOrder":"407","txt_Azimuth":"183.960000000000008","txt_ShrCount":"8","txt_TCD":"297337.630000000004657","txt_SHAPE_Leng":"500.000000000000000","txt_SCE":"86.739999999999995","txt_NSM":"10.310000000000000","txt_EPR":"0.450000000000000","txt_EPRunc":"1.860000000000000","txt_LRR":"-0.920000000000000","txt_LR2":"0.090000000000000","txt_LSE":"27.969999999999999","txt_LCI90":"2.370000000000000","txt_WLR":"-0.920000000000000","txt_WR2":"0.090000000000000","txt_WSE":"0.930000000000000","txt_WCI90":"2.370000000000000","txt_Shape_Length":"499.999952963981343","source_feature_index":319,"published_primary_rate_field":"LRR","published_primary_rate_m_per_year":-0.92,"dashboard_rate_class":"RETREAT","dashboard_classification_note":"Display convention only; source numeric value is preserved. Not an official DMCR class.","published_period":"1990-2019","published_dataset":"Shoreline ThaiCoast / Krabi_Points"},"geometry":{"type":"Point","coordinates":[98.97775761534746,7.9277031942374565]}},{"type":"Feature","id":320,"properties":{"OBJECTID":397,"TransectID":408,"BaselineID":11,"GroupID":1,"TransOrder":408,"Azimuth":164.0,"ShrCount":8,"TCD":297837.63,"SHAPE_Leng":499.999999999,"SCE":56.49,"NSM":36.99,"EPR":1.62,"EPRunc":1.86,"LRR":1.38,"LR2":0.39,"LSE":16.15,"LCI90":1.37,"WLR":1.38,"WR2":0.39,"WSE":0.54,"WCI90":1.37,"Shape_Le_1":499.999979604,"ORIG_FID":307,"txt_OBJECTID_1":"307","txt_OBJECTID":"397","txt_TransectID":"408","txt_BaselineID":"11","txt_GroupID":"1","txt_TransOrder":"408","txt_Azimuth":"164.000000000000000","txt_ShrCount":"8","txt_TCD":"297837.630000000004657","txt_SHAPE_Leng":"499.999999999000011","txt_SCE":"56.490000000000002","txt_NSM":"36.990000000000002","txt_EPR":"1.620000000000000","txt_EPRunc":"1.860000000000000","txt_LRR":"1.380000000000000","txt_LR2":"0.390000000000000","txt_LSE":"16.149999999999999","txt_LCI90":"1.370000000000000","txt_WLR":"1.380000000000000","txt_WR2":"0.390000000000000","txt_WSE":"0.540000000000000","txt_WCI90":"1.370000000000000","txt_Shape_Length":"499.999979603882196","source_feature_index":320,"published_primary_rate_field":"LRR","published_primary_rate_m_per_year":1.38,"dashboard_rate_class":"ACCRETION","dashboard_classification_note":"Display convention only; source numeric value is preserved. Not an official DMCR class.","published_period":"1990-2019","published_dataset":"Shoreline ThaiCoast / Krabi_Points"},"geometry":{"type":"Point","coordinates":[98.9725989827599,7.927664981860395]}},{"type":"Feature","id":321,"properties":{"OBJECTID":398,"TransectID":409,"BaselineID":11,"GroupID":1,"TransOrder":409,"Azimuth":114.69,"ShrCount":7,"TCD":298337.63,"SHAPE_Leng":500.000000003,"SCE":129.37,"NSM":-86.23,"EPR":-3.78,"EPRunc":1.86,"LRR":-4.41,"LR2":0.76,"LSE":23.76,"LCI90":2.22,"WLR":-4.41,"WR2":0.76,"WSE":0.79,"WCI90":2.22,"Shape_Le_1":500.000020491,"ORIG_FID":308,"txt_OBJECTID_1":"308","txt_OBJECTID":"398","txt_TransectID":"409","txt_BaselineID":"11","txt_GroupID":"1","txt_TransOrder":"409","txt_Azimuth":"114.689999999999998","txt_ShrCount":"7","txt_TCD":"298337.630000000004657","txt_SHAPE_Leng":"500.000000003000025","txt_SCE":"129.370000000000005","txt_NSM":"-86.230000000000004","txt_EPR":"-3.780000000000000","txt_EPRunc":"1.860000000000000","txt_LRR":"-4.410000000000000","txt_LR2":"0.760000000000000","txt_LSE":"23.760000000000002","txt_LCI90":"2.220000000000000","txt_WLR":"-4.410000000000000","txt_WR2":"0.760000000000000","txt_WSE":"0.790000000000000","txt_WCI90":"2.220000000000000","txt_Shape_Length":"500.000020491124303","source_feature_index":321,"published_primary_rate_field":"LRR","published_primary_rate_m_per_year":-4.41,"dashboard_rate_class":"STRONG_RETREAT","dashboard_classification_note":"Display convention only; source numeric value is preserved. Not an official DMCR class.","published_period":"1990-2019","published_dataset":"Shoreline ThaiCoast / Krabi_Points"},"geometry":{"type":"Point","coordinates":[98.9674345513891,7.924073363770756]}},{"type":"Feature","id":322,"properties":{"OBJECTID":399,"TransectID":410,"BaselineID":11,"GroupID":1,"TransOrder":410,"Azimuth":82.61,"ShrCount":6,"TCD":298837.63,"SHAPE_Leng":500.0,"SCE":65.4,"NSM":-42.82,"EPR":-1.88,"EPRunc":1.86,"LRR":-2.06,"LR2":0.75,"LSE":11.9,"LCI90":1.28,"WLR":-2.06,"WR2":0.75,"WSE":0.4,"WCI90":1.28,"Shape_Le_1":500.000085233,"ORIG_FID":309,"txt_OBJECTID_1":"309","txt_OBJECTID":"399","txt_TransectID":"410","txt_BaselineID":"11","txt_GroupID":"1","txt_TransOrder":"410","txt_Azimuth":"82.609999999999999","txt_ShrCount":"6","txt_TCD":"298837.630000000004657","txt_SHAPE_Leng":"500.000000000000000","txt_SCE":"65.400000000000006","txt_NSM":"-42.820000000000000","txt_EPR":"-1.880000000000000","txt_EPRunc":"1.860000000000000","txt_LRR":"-2.060000000000000","txt_LR2":"0.750000000000000","txt_LSE":"11.900000000000000","txt_LCI90":"1.280000000000000","txt_WLR":"-2.060000000000000","txt_WR2":"0.750000000000000","txt_WSE":"0.400000000000000","txt_WCI90":"1.280000000000000","txt_Shape_Length":"500.000085232917627","source_feature_index":322,"published_primary_rate_field":"LRR","published_primary_rate_m_per_year":-2.06,"dashboard_rate_class":"STRONG_RETREAT","dashboard_classification_note":"Display convention only; source numeric value is preserved. Not an official DMCR class.","published_period":"1990-2019","published_dataset":"Shoreline ThaiCoast / Krabi_Points"},"geometry":{"type":"Point","coordinates":[98.9678918866622,7.918514094133811]}},{"type":"Feature","id":323,"properties":{"OBJECTID":400,"TransectID":411,"BaselineID":11,"GroupID":1,"TransOrder":411,"Azimuth":81.76,"ShrCount":7,"TCD":299337.63,"SHAPE_Leng":500.000000001,"SCE":52.89,"NSM":-9.15,"EPR":-0.4,"EPRunc":1.86,"LRR":-0.25,"LR2":0.02,"LSE":18.36,"LCI90":1.71,"WLR":-0.25,"WR2":0.02,"WSE":0.61,"WCI90":1.71,"Shape_Le_1":500.000042818,"ORIG_FID":310,"txt_OBJECTID_1":"310","txt_OBJECTID":"400","txt_TransectID":"411","txt_BaselineID":"11","txt_GroupID":"1","txt_TransOrder":"411","txt_Azimuth":"81.760000000000005","txt_ShrCount":"7","txt_TCD":"299337.630000000004657","txt_SHAPE_Leng":"500.000000000999989","txt_SCE":"52.890000000000001","txt_NSM":"-9.150000000000000","txt_EPR":"-0.400000000000000","txt_EPRunc":"1.860000000000000","txt_LRR":"-0.250000000000000","txt_LR2":"0.020000000000000","txt_LSE":"18.359999999999999","txt_LCI90":"1.710000000000000","txt_WLR":"-0.250000000000000","txt_WR2":"0.020000000000000","txt_WSE":"0.610000000000000","txt_WCI90":"1.710000000000000","txt_Shape_Length":"500.000042818360896","source_feature_index":323,"published_primary_rate_field":"LRR","published_primary_rate_m_per_year":-0.25,"dashboard_rate_class":"RELATIVELY_STABLE","dashboard_classification_note":"Display convention only; source numeric value is preserved. Not an official DMCR class.","published_period":"1990-2019","published_dataset":"Shoreline ThaiCoast / Krabi_Points"},"geometry":{"type":"Point","coordinates":[98.96839621851149,7.914001539684347]}},{"type":"Feature","id":324,"properties":{"OBJECTID":401,"TransectID":412,"BaselineID":11,"GroupID":1,"TransOrder":412,"Azimuth":77.14,"ShrCount":6,"TCD":299837.63,"SHAPE_Leng":499.999999999,"SCE":20.27,"NSM":1.26,"EPR":0.06,"EPRunc":1.86,"LRR":-0.05,"LR2":0.01,"LSE":7.48,"LCI90":0.8,"WLR":-0.05,"WR2":0.01,"WSE":0.25,"WCI90":0.8,"Shape_Le_1":499.999978385,"ORIG_FID":311,"txt_OBJECTID_1":"311","txt_OBJECTID":"401","txt_TransectID":"412","txt_BaselineID":"11","txt_GroupID":"1","txt_TransOrder":"412","txt_Azimuth":"77.140000000000001","txt_ShrCount":"6","txt_TCD":"299837.630000000004657","txt_SHAPE_Leng":"499.999999999000011","txt_SCE":"20.270000000000000","txt_NSM":"1.260000000000000","txt_EPR":"0.060000000000000","txt_EPRunc":"1.860000000000000","txt_LRR":"-0.050000000000000","txt_LR2":"0.010000000000000","txt_LSE":"7.480000000000000","txt_LCI90":"0.800000000000000","txt_WLR":"-0.050000000000000","txt_WR2":"0.010000000000000","txt_WSE":"0.250000000000000","txt_WCI90":"0.800000000000000","txt_Shape_Length":"499.999978385179418","source_feature_index":324,"published_primary_rate_field":"LRR","published_primary_rate_m_per_year":-0.05,"dashboard_rate_class":"RELATIVELY_STABLE","dashboard_classification_note":"Display convention only; source numeric value is preserved. Not an official DMCR class.","published_period":"1990-2019","published_dataset":"Shoreline ThaiCoast / Krabi_Points"},"geometry":{"type":"Point","coordinates":[98.96922213143989,7.909411748579133]}},{"type":"Feature","id":325,"properties":{"OBJECTID":402,"TransectID":413,"BaselineID":11,"GroupID":1,"TransOrder":413,"Azimuth":70.1,"ShrCount":7,"TCD":300337.63,"SHAPE_Leng":500.000000002,"SCE":96.25,"NSM":55.92,"EPR":2.45,"EPRunc":1.86,"LRR":1.33,"LR2":0.07,"LSE":46.65,"LCI90":4.35,"WLR":1.33,"WR2":0.07,"WSE":1.56,"WCI90":4.35,"Shape_Le_1":500.000025521,"ORIG_FID":312,"txt_OBJECTID_1":"312","txt_OBJECTID":"402","txt_TransectID":"413","txt_BaselineID":"11","txt_GroupID":"1","txt_TransOrder":"413","txt_Azimuth":"70.099999999999994","txt_ShrCount":"7","txt_TCD":"300337.630000000004657","txt_SHAPE_Leng":"500.000000001999979","txt_SCE":"96.250000000000000","txt_NSM":"55.920000000000002","txt_EPR":"2.450000000000000","txt_EPRunc":"1.860000000000000","txt_LRR":"1.330000000000000","txt_LR2":"0.070000000000000","txt_LSE":"46.649999999999999","txt_LCI90":"4.350000000000000","txt_WLR":"1.330000000000000","txt_WR2":"0.070000000000000","txt_WSE":"1.560000000000000","txt_WCI90":"4.350000000000000","txt_Shape_Length":"500.000025520513361","source_feature_index":325,"published_primary_rate_field":"LRR","published_primary_rate_m_per_year":1.33,"dashboard_rate_class":"ACCRETION","dashboard_classification_note":"Display convention only; source numeric value is preserved. Not an official DMCR class.","published_period":"1990-2019","published_dataset":"Shoreline ThaiCoast / Krabi_Points"},"geometry":{"type":"Point","coordinates":[98.97049895865582,7.904862195415248]}},{"type":"Feature","id":326,"properties":{"OBJECTID":403,"TransectID":414,"BaselineID":11,"GroupID":1,"TransOrder":414,"Azimuth":74.14,"ShrCount":7,"TCD":300837.63,"SHAPE_Leng":500.0,"SCE":115.43,"NSM":29.1,"EPR":1.28,"EPRunc":1.86,"LRR":-0.34,"LR2":0.01,"LSE":43.99,"LCI90":4.11,"WLR":-0.34,"WR2":0.01,"WSE":1.47,"WCI90":4.11,"Shape_Le_1":500.000027652,"ORIG_FID":313,"txt_OBJECTID_1":"313","txt_OBJECTID":"403","txt_TransectID":"414","txt_BaselineID":"11","txt_GroupID":"1","txt_TransOrder":"414","txt_Azimuth":"74.140000000000001","txt_ShrCount":"7","txt_TCD":"300837.630000000004657","txt_SHAPE_Leng":"500.000000000000000","txt_SCE":"115.430000000000007","txt_NSM":"29.100000000000001","txt_EPR":"1.280000000000000","txt_EPRunc":"1.860000000000000","txt_LRR":"-0.340000000000000","txt_LR2":"0.010000000000000","txt_LSE":"43.990000000000002","txt_LCI90":"4.110000000000000","txt_WLR":"-0.340000000000000","txt_WR2":"0.010000000000000","txt_WSE":"1.470000000000000","txt_WCI90":"4.110000000000000","txt_Shape_Length":"500.000027651637538","source_feature_index":326,"published_primary_rate_field":"LRR","published_primary_rate_m_per_year":-0.34,"dashboard_rate_class":"RELATIVELY_STABLE","dashboard_classification_note":"Display convention only; source numeric value is preserved. Not an official DMCR class.","published_period":"1990-2019","published_dataset":"Shoreline ThaiCoast / Krabi_Points"},"geometry":{"type":"Point","coordinates":[98.97225948225848,7.901016063788489]}},{"type":"Feature","id":327,"properties":{"OBJECTID":404,"TransectID":415,"BaselineID":11,"GroupID":1,"TransOrder":415,"Azimuth":77.14,"ShrCount":6,"TCD":301337.63,"SHAPE_Leng":500.000000004,"SCE":72.64,"NSM":-49.52,"EPR":-2.17,"EPRunc":1.86,"LRR":-1.63,"LR2":0.38,"LSE":21.96,"LCI90":2.22,"WLR":-1.63,"WR2":0.38,"WSE":0.73,"WCI90":2.22,"Shape_Le_1":499.99999218,"ORIG_FID":314,"txt_OBJECTID_1":"314","txt_OBJECTID":"404","txt_TransectID":"415","txt_BaselineID":"11","txt_GroupID":"1","txt_TransOrder":"415","txt_Azimuth":"77.140000000000001","txt_ShrCount":"6","txt_TCD":"301337.630000000004657","txt_SHAPE_Leng":"500.000000004000015","txt_SCE":"72.640000000000001","txt_NSM":"-49.520000000000003","txt_EPR":"-2.170000000000000","txt_EPRunc":"1.860000000000000","txt_LRR":"-1.630000000000000","txt_LR2":"0.380000000000000","txt_LSE":"21.960000000000001","txt_LCI90":"2.220000000000000","txt_WLR":"-1.630000000000000","txt_WR2":"0.380000000000000","txt_WSE":"0.730000000000000","txt_WCI90":"2.220000000000000","txt_Shape_Length":"499.999992179530125","source_feature_index":327,"published_primary_rate_field":"LRR","published_primary_rate_m_per_year":-1.63,"dashboard_rate_class":"RETREAT","dashboard_classification_note":"Display convention only; source numeric value is preserved. Not an official DMCR class.","published_period":"1990-2019","published_dataset":"Shoreline ThaiCoast / Krabi_Points"},"geometry":{"type":"Point","coordinates":[98.9727913006622,7.8968077577572044]}},{"type":"Feature","id":328,"properties":{"OBJECTID":405,"TransectID":416,"BaselineID":11,"GroupID":1,"TransOrder":416,"Azimuth":75.35,"ShrCount":15,"TCD":301837.63,"SHAPE_Leng":500.0,"SCE":176.97,"NSM":-10.74,"EPR":-0.47,"EPRunc":1.85,"LRR":1.67,"LR2":0.06,"LSE":50.28,"LCI90":3.14,"WLR":1.67,"WR2":0.06,"WSE":1.68,"WCI90":3.14,"Shape_Le_1":499.999953095,"ORIG_FID":315,"txt_OBJECTID_1":"315","txt_OBJECTID":"405","txt_TransectID":"416","txt_BaselineID":"11","txt_GroupID":"1","txt_TransOrder":"416","txt_Azimuth":"75.349999999999994","txt_ShrCount":"15","txt_TCD":"301837.630000000004657","txt_SHAPE_Leng":"500.000000000000000","txt_SCE":"176.969999999999999","txt_NSM":"-10.740000000000000","txt_EPR":"-0.470000000000000","txt_EPRunc":"1.850000000000000","txt_LRR":"1.670000000000000","txt_LR2":"0.060000000000000","txt_LSE":"50.280000000000001","txt_LCI90":"3.140000000000000","txt_WLR":"1.670000000000000","txt_WR2":"0.060000000000000","txt_WSE":"1.680000000000000","txt_WCI90":"3.140000000000000","txt_Shape_Length":"499.999953094993430","source_feature_index":328,"published_primary_rate_field":"LRR","published_primary_rate_m_per_year":1.67,"dashboard_rate_class":"ACCRETION","dashboard_classification_note":"Display convention only; source numeric value is preserved. Not an official DMCR class.","published_period":"1990-2019","published_dataset":"Shoreline ThaiCoast / Krabi_Points"},"geometry":{"type":"Point","coordinates":[98.97416419210616,7.892691106824745]}},{"type":"Feature","id":329,"properties":{"OBJECTID":406,"TransectID":417,"BaselineID":11,"GroupID":1,"TransOrder":417,"Azimuth":75.04,"ShrCount":14,"TCD":302337.63,"SHAPE_Leng":500.000000001,"SCE":175.76,"NSM":-1.05,"EPR":-0.05,"EPRunc":1.85,"LRR":1.98,"LR2":0.07,"LSE":56.61,"LCI90":3.66,"WLR":1.98,"WR2":0.07,"WSE":1.89,"WCI90":3.66,"Shape_Le_1":500.000041022,"ORIG_FID":316,"txt_OBJECTID_1":"316","txt_OBJECTID":"406","txt_TransectID":"417","txt_BaselineID":"11","txt_GroupID":"1","txt_TransOrder":"417","txt_Azimuth":"75.040000000000006","txt_ShrCount":"14","txt_TCD":"302337.630000000004657","txt_SHAPE_Leng":"500.000000000999989","txt_SCE":"175.759999999999991","txt_NSM":"-1.050000000000000","txt_EPR":"-0.050000000000000","txt_EPRunc":"1.850000000000000","txt_LRR":"1.980000000000000","txt_LR2":"0.070000000000000","txt_LSE":"56.609999999999999","txt_LCI90":"3.660000000000000","txt_WLR":"1.980000000000000","txt_WR2":"0.070000000000000","txt_WSE":"1.890000000000000","txt_WCI90":"3.660000000000000","txt_Shape_Length":"500.000041021550146","source_feature_index":329,"published_primary_rate_field":"LRR","published_primary_rate_m_per_year":1.98,"dashboard_rate_class":"ACCRETION","dashboard_classification_note":"Display convention only; source numeric value is preserved. Not an official DMCR class.","published_period":"1990-2019","published_dataset":"Shoreline ThaiCoast / Krabi_Points"},"geometry":{"type":"Point","coordinates":[98.9750123831106,7.888332728720232]}},{"type":"Feature","id":330,"properties":{"OBJECTID":407,"TransectID":418,"BaselineID":11,"GroupID":1,"TransOrder":418,"Azimuth":63.05,"ShrCount":15,"TCD":302837.63,"SHAPE_Leng":500.000000002,"SCE":157.39,"NSM":-46.97,"EPR":-2.05,"EPRunc":1.85,"LRR":1.13,"LR2":0.03,"LSE":48.42,"LCI90":3.03,"WLR":1.13,"WR2":0.03,"WSE":1.61,"WCI90":3.03,"Shape_Le_1":500.000015479,"ORIG_FID":317,"txt_OBJECTID_1":"317","txt_OBJECTID":"407","txt_TransectID":"418","txt_BaselineID":"11","txt_GroupID":"1","txt_TransOrder":"418","txt_Azimuth":"63.049999999999997","txt_ShrCount":"15","txt_TCD":"302837.630000000004657","txt_SHAPE_Leng":"500.000000001999979","txt_SCE":"157.389999999999986","txt_NSM":"-46.969999999999999","txt_EPR":"-2.050000000000000","txt_EPRunc":"1.850000000000000","txt_LRR":"1.130000000000000","txt_LR2":"0.030000000000000","txt_LSE":"48.420000000000002","txt_LCI90":"3.030000000000000","txt_WLR":"1.130000000000000","txt_WR2":"0.030000000000000","txt_WSE":"1.610000000000000","txt_WCI90":"3.030000000000000","txt_Shape_Length":"500.000015479196009","source_feature_index":330,"published_primary_rate_field":"LRR","published_primary_rate_m_per_year":1.13,"dashboard_rate_class":"ACCRETION","dashboard_classification_note":"Display convention only; source numeric value is preserved. Not an official DMCR class.","published_period":"1990-2019","published_dataset":"Shoreline ThaiCoast / Krabi_Points"},"geometry":{"type":"Point","coordinates":[98.9765993640391,7.8837997187969036]}},{"type":"Feature","id":331,"properties":{"OBJECTID":408,"TransectID":419,"BaselineID":11,"GroupID":1,"TransOrder":419,"Azimuth":62.26,"ShrCount":13,"TCD":303337.63,"SHAPE_Leng":500.000000001,"SCE":186.95,"NSM":-27.79,"EPR":-1.21,"EPRunc":1.85,"LRR":0.59,"LR2":0.01,"LSE":60.02,"LCI90":3.99,"WLR":0.59,"WR2":0.01,"WSE":2.0,"WCI90":3.99,"Shape_Le_1":499.999976186,"ORIG_FID":318,"txt_OBJECTID_1":"318","txt_OBJECTID":"408","txt_TransectID":"419","txt_BaselineID":"11","txt_GroupID":"1","txt_TransOrder":"419","txt_Azimuth":"62.259999999999998","txt_ShrCount":"13","txt_TCD":"303337.630000000004657","txt_SHAPE_Leng":"500.000000000999989","txt_SCE":"186.949999999999989","txt_NSM":"-27.789999999999999","txt_EPR":"-1.210000000000000","txt_EPRunc":"1.850000000000000","txt_LRR":"0.590000000000000","txt_LR2":"0.010000000000000","txt_LSE":"60.020000000000003","txt_LCI90":"3.990000000000000","txt_WLR":"0.590000000000000","txt_WR2":"0.010000000000000","txt_WSE":"2.000000000000000","txt_WCI90":"3.990000000000000","txt_Shape_Length":"499.999976186465517","source_feature_index":331,"published_primary_rate_field":"LRR","published_primary_rate_m_per_year":0.59,"dashboard_rate_class":"ACCRETION","dashboard_classification_note":"Display convention only; source numeric value is preserved. Not an official DMCR class.","published_period":"1990-2019","published_dataset":"Shoreline ThaiCoast / Krabi_Points"},"geometry":{"type":"Point","coordinates":[98.97913396260539,7.880142751809557]}},{"type":"Feature","id":332,"properties":{"OBJECTID":409,"TransectID":420,"BaselineID":11,"GroupID":1,"TransOrder":420,"Azimuth":62.9,"ShrCount":15,"TCD":303837.63,"SHAPE_Leng":500.000000001,"SCE":133.37,"NSM":-24.12,"EPR":-1.05,"EPRunc":1.85,"LRR":0.86,"LR2":0.02,"LSE":42.7,"LCI90":2.67,"WLR":0.86,"WR2":0.02,"WSE":1.42,"WCI90":2.67,"Shape_Le_1":499.999973522,"ORIG_FID":319,"txt_OBJECTID_1":"319","txt_OBJECTID":"409","txt_TransectID":"420","txt_BaselineID":"11","txt_GroupID":"1","txt_TransOrder":"420","txt_Azimuth":"62.899999999999999","txt_ShrCount":"15","txt_TCD":"303837.630000000004657","txt_SHAPE_Leng":"500.000000000999989","txt_SCE":"133.370000000000005","txt_NSM":"-24.120000000000001","txt_EPR":"-1.050000000000000","txt_EPRunc":"1.850000000000000","txt_LRR":"0.860000000000000","txt_LR2":"0.020000000000000","txt_LSE":"42.700000000000003","txt_LCI90":"2.670000000000000","txt_WLR":"0.860000000000000","txt_WR2":"0.020000000000000","txt_WSE":"1.420000000000000","txt_WCI90":"2.670000000000000","txt_Shape_Length":"499.999973522294454","source_feature_index":332,"published_primary_rate_field":"LRR","published_primary_rate_m_per_year":0.86,"dashboard_rate_class":"ACCRETION","dashboard_classification_note":"Display convention only; source numeric value is preserved. Not an official DMCR class.","published_period":"1990-2019","published_dataset":"Shoreline ThaiCoast / Krabi_Points"},"geometry":{"type":"Point","coordinates":[98.98071453089048,7.875997174963081]}},{"type":"Feature","id":333,"properties":{"OBJECTID":410,"TransectID":421,"BaselineID":11,"GroupID":1,"TransOrder":421,"Azimuth":62.19,"ShrCount":15,"TCD":304337.63,"SHAPE_Leng":499.999999999,"SCE":114.37,"NSM":-21.95,"EPR":-0.96,"EPRunc":1.85,"LRR":0.37,"LR2":0.01,"LSE":37.05,"LCI90":2.32,"WLR":0.37,"WR2":0.01,"WSE":1.23,"WCI90":2.32,"Shape_Le_1":499.999939619,"ORIG_FID":320,"txt_OBJECTID_1":"320","txt_OBJECTID":"410","txt_TransectID":"421","txt_BaselineID":"11","txt_GroupID":"1","txt_TransOrder":"421","txt_Azimuth":"62.189999999999998","txt_ShrCount":"15","txt_TCD":"304337.630000000004657","txt_SHAPE_Leng":"499.999999999000011","txt_SCE":"114.370000000000005","txt_NSM":"-21.949999999999999","txt_EPR":"-0.960000000000000","txt_EPRunc":"1.850000000000000","txt_LRR":"0.370000000000000","txt_LR2":"0.010000000000000","txt_LSE":"37.049999999999997","txt_LCI90":"2.320000000000000","txt_WLR":"0.370000000000000","txt_WR2":"0.010000000000000","txt_WSE":"1.230000000000000","txt_WCI90":"2.320000000000000","txt_Shape_Length":"499.999939619079669","source_feature_index":333,"published_primary_rate_field":"LRR","published_primary_rate_m_per_year":0.37,"dashboard_rate_class":"RELATIVELY_STABLE","dashboard_classification_note":"Display convention only; source numeric value is preserved. Not an official DMCR class.","published_period":"1990-2019","published_dataset":"Shoreline ThaiCoast / Krabi_Points"},"geometry":{"type":"Point","coordinates":[98.98312074727485,7.872375288274208]}},{"type":"Feature","id":334,"properties":{"OBJECTID":411,"TransectID":422,"BaselineID":11,"GroupID":1,"TransOrder":422,"Azimuth":73.24,"ShrCount":14,"TCD":304837.63,"SHAPE_Leng":499.999999998,"SCE":74.31,"NSM":-6.08,"EPR":-0.27,"EPRunc":1.85,"LRR":0.69,"LR2":0.09,"LSE":18.0,"LCI90":1.16,"WLR":0.69,"WR2":0.09,"WSE":0.6,"WCI90":1.16,"Shape_Le_1":500.000016801,"ORIG_FID":321,"txt_OBJECTID_1":"321","txt_OBJECTID":"411","txt_TransectID":"422","txt_BaselineID":"11","txt_GroupID":"1","txt_TransOrder":"422","txt_Azimuth":"73.239999999999995","txt_ShrCount":"14","txt_TCD":"304837.630000000004657","txt_SHAPE_Leng":"499.999999998000021","txt_SCE":"74.310000000000002","txt_NSM":"-6.080000000000000","txt_EPR":"-0.270000000000000","txt_EPRunc":"1.850000000000000","txt_LRR":"0.690000000000000","txt_LR2":"0.090000000000000","txt_LSE":"18.000000000000000","txt_LCI90":"1.160000000000000","txt_WLR":"0.690000000000000","txt_WR2":"0.090000000000000","txt_WSE":"0.600000000000000","txt_WCI90":"1.160000000000000","txt_Shape_Length":"500.000016800755247","source_feature_index":334,"published_primary_rate_field":"LRR","published_primary_rate_m_per_year":0.69,"dashboard_rate_class":"ACCRETION","dashboard_classification_note":"Display convention only; source numeric value is preserved. Not an official DMCR class.","published_period":"1990-2019","published_dataset":"Shoreline ThaiCoast / Krabi_Points"},"geometry":{"type":"Point","coordinates":[98.98461460662962,7.8687137891197425]}},{"type":"Feature","id":335,"properties":{"OBJECTID":412,"TransectID":423,"BaselineID":11,"GroupID":1,"TransOrder":423,"Azimuth":73.76,"ShrCount":15,"TCD":305337.63,"SHAPE_Leng":499.999999998,"SCE":71.24,"NSM":-4.56,"EPR":-0.2,"EPRunc":1.85,"LRR":0.98,"LR2":0.16,"LSE":17.7,"LCI90":1.11,"WLR":0.98,"WR2":0.16,"WSE":0.59,"WCI90":1.11,"Shape_Le_1":500.000028655,"ORIG_FID":322,"txt_OBJECTID_1":"322","txt_OBJECTID":"412","txt_TransectID":"423","txt_BaselineID":"11","txt_GroupID":"1","txt_TransOrder":"423","txt_Azimuth":"73.760000000000005","txt_ShrCount":"15","txt_TCD":"305337.630000000004657","txt_SHAPE_Leng":"499.999999998000021","txt_SCE":"71.239999999999995","txt_NSM":"-4.560000000000000","txt_EPR":"-0.200000000000000","txt_EPRunc":"1.850000000000000","txt_LRR":"0.980000000000000","txt_LR2":"0.160000000000000","txt_LSE":"17.699999999999999","txt_LCI90":"1.110000000000000","txt_WLR":"0.980000000000000","txt_WR2":"0.160000000000000","txt_WSE":"0.590000000000000","txt_WCI90":"1.110000000000000","txt_Shape_Length":"500.000028654518871","source_feature_index":335,"published_primary_rate_field":"LRR","published_primary_rate_m_per_year":0.98,"dashboard_rate_class":"ACCRETION","dashboard_classification_note":"Display convention only; source numeric value is preserved. Not an official DMCR class.","published_period":"1990-2019","published_dataset":"Shoreline ThaiCoast / Krabi_Points"},"geometry":{"type":"Point","coordinates":[98.98548632095327,7.864397173786244]}},{"type":"Feature","id":336,"properties":{"OBJECTID":413,"TransectID":424,"BaselineID":11,"GroupID":1,"TransOrder":424,"Azimuth":72.13,"ShrCount":12,"TCD":305837.63,"SHAPE_Leng":500.000000002,"SCE":209.06,"NSM":-5.44,"EPR":-0.24,"EPRunc":1.85,"LRR":0.9,"LR2":0.02,"LSE":58.85,"LCI90":4.04,"WLR":0.9,"WR2":0.02,"WSE":1.96,"WCI90":4.04,"Shape_Le_1":499.999993564,"ORIG_FID":323,"txt_OBJECTID_1":"323","txt_OBJECTID":"413","txt_TransectID":"424","txt_BaselineID":"11","txt_GroupID":"1","txt_TransOrder":"424","txt_Azimuth":"72.129999999999995","txt_ShrCount":"12","txt_TCD":"305837.630000000004657","txt_SHAPE_Leng":"500.000000001999979","txt_SCE":"209.060000000000002","txt_NSM":"-5.440000000000000","txt_EPR":"-0.240000000000000","txt_EPRunc":"1.850000000000000","txt_LRR":"0.900000000000000","txt_LR2":"0.020000000000000","txt_LSE":"58.850000000000001","txt_LCI90":"4.040000000000000","txt_WLR":"0.900000000000000","txt_WR2":"0.020000000000000","txt_WSE":"1.960000000000000","txt_WCI90":"4.040000000000000","txt_Shape_Length":"499.999993564492172","source_feature_index":336,"published_primary_rate_field":"LRR","published_primary_rate_m_per_year":0.9,"dashboard_rate_class":"ACCRETION","dashboard_classification_note":"Display convention only; source numeric value is preserved. Not an official DMCR class.","published_period":"1990-2019","published_dataset":"Shoreline ThaiCoast / Krabi_Points"},"geometry":{"type":"Point","coordinates":[98.98705750382415,7.860354133063972]}},{"type":"Feature","id":337,"properties":{"OBJECTID":414,"TransectID":425,"BaselineID":11,"GroupID":1,"TransOrder":425,"Azimuth":79.79,"ShrCount":12,"TCD":306337.63,"SHAPE_Leng":499.999999999,"SCE":147.0,"NSM":34.28,"EPR":1.5,"EPRunc":1.85,"LRR":2.01,"LR2":0.12,"LSE":47.35,"LCI90":3.13,"WLR":2.01,"WR2":0.12,"WSE":1.58,"WCI90":3.13,"Shape_Le_1":499.999932483,"ORIG_FID":324,"txt_OBJECTID_1":"324","txt_OBJECTID":"414","txt_TransectID":"425","txt_BaselineID":"11","txt_GroupID":"1","txt_TransOrder":"425","txt_Azimuth":"79.790000000000006","txt_ShrCount":"12","txt_TCD":"306337.630000000004657","txt_SHAPE_Leng":"499.999999999000011","txt_SCE":"147.000000000000000","txt_NSM":"34.280000000000001","txt_EPR":"1.500000000000000","txt_EPRunc":"1.850000000000000","txt_LRR":"2.010000000000000","txt_LR2":"0.120000000000000","txt_LSE":"47.350000000000001","txt_LCI90":"3.130000000000000","txt_WLR":"2.010000000000000","txt_WR2":"0.120000000000000","txt_WSE":"1.580000000000000","txt_WCI90":"3.130000000000000","txt_Shape_Length":"499.999932482906956","source_feature_index":337,"published_primary_rate_field":"LRR","published_primary_rate_m_per_year":2.01,"dashboard_rate_class":"STRONG_ACCRETION","dashboard_classification_note":"Display convention only; source numeric value is preserved. Not an official DMCR class.","published_period":"1990-2019","published_dataset":"Shoreline ThaiCoast / Krabi_Points"},"geometry":{"type":"Point","coordinates":[98.98810706990261,7.85635456976604]}},{"type":"Feature","id":338,"properties":{"OBJECTID":415,"TransectID":426,"BaselineID":11,"GroupID":1,"TransOrder":426,"Azimuth":35.81,"ShrCount":13,"TCD":306837.63,"SHAPE_Leng":499.999999996,"SCE":51.89,"NSM":-12.45,"EPR":-0.54,"EPRunc":1.85,"LRR":-0.24,"LR2":0.01,"LSE":17.22,"LCI90":1.17,"WLR":-0.24,"WR2":0.01,"WSE":0.57,"WCI90":1.17,"Shape_Le_1":500.000106387,"ORIG_FID":325,"txt_OBJECTID_1":"325","txt_OBJECTID":"415","txt_TransectID":"426","txt_BaselineID":"11","txt_GroupID":"1","txt_TransOrder":"426","txt_Azimuth":"35.810000000000002","txt_ShrCount":"13","txt_TCD":"306837.630000000004657","txt_SHAPE_Leng":"499.999999995999985","txt_SCE":"51.890000000000001","txt_NSM":"-12.449999999999999","txt_EPR":"-0.540000000000000","txt_EPRunc":"1.850000000000000","txt_LRR":"-0.240000000000000","txt_LR2":"0.010000000000000","txt_LSE":"17.219999999999999","txt_LCI90":"1.170000000000000","txt_WLR":"-0.240000000000000","txt_WR2":"0.010000000000000","txt_WSE":"0.570000000000000","txt_WCI90":"1.170000000000000","txt_Shape_Length":"500.000106387025596","source_feature_index":338,"published_primary_rate_field":"LRR","published_primary_rate_m_per_year":-0.24,"dashboard_rate_class":"RELATIVELY_STABLE","dashboard_classification_note":"Display convention only; source numeric value is preserved. Not an official DMCR class.","published_period":"1990-2019","published_dataset":"Shoreline ThaiCoast / Krabi_Points"},"geometry":{"type":"Point","coordinates":[98.98945851163904,7.8505260256156655]}},{"type":"Feature","id":339,"properties":{"OBJECTID":416,"TransectID":427,"BaselineID":11,"GroupID":1,"TransOrder":427,"Azimuth":288.37,"ShrCount":15,"TCD":307337.63,"SHAPE_Leng":500.0,"SCE":58.54,"NSM":-4.7,"EPR":-0.21,"EPRunc":1.85,"LRR":0.4,"LR2":0.04,"LSE":16.01,"LCI90":1.0,"WLR":0.4,"WR2":0.04,"WSE":0.53,"WCI90":1.0,"Shape_Le_1":499.999994162,"ORIG_FID":326,"txt_OBJECTID_1":"326","txt_OBJECTID":"416","txt_TransectID":"427","txt_BaselineID":"11","txt_GroupID":"1","txt_TransOrder":"427","txt_Azimuth":"288.370000000000005","txt_ShrCount":"15","txt_TCD":"307337.630000000004657","txt_SHAPE_Leng":"500.000000000000000","txt_SCE":"58.539999999999999","txt_NSM":"-4.700000000000000","txt_EPR":"-0.210000000000000","txt_EPRunc":"1.850000000000000","txt_LRR":"0.400000000000000","txt_LR2":"0.040000000000000","txt_LSE":"16.010000000000002","txt_LCI90":"1.000000000000000","txt_WLR":"0.400000000000000","txt_WR2":"0.040000000000000","txt_WSE":"0.530000000000000","txt_WCI90":"1.000000000000000","txt_Shape_Length":"499.999994161670145","source_feature_index":339,"published_primary_rate_field":"LRR","published_primary_rate_m_per_year":0.4,"dashboard_rate_class":"RELATIVELY_STABLE","dashboard_classification_note":"Display convention only; source numeric value is preserved. Not an official DMCR class.","published_period":"1990-2019","published_dataset":"Shoreline ThaiCoast / Krabi_Points"},"geometry":{"type":"Point","coordinates":[98.99391992348794,7.853004572446788]}},{"type":"Feature","id":340,"properties":{"OBJECTID":417,"TransectID":428,"BaselineID":11,"GroupID":1,"TransOrder":428,"Azimuth":276.99,"ShrCount":14,"TCD":307837.63,"SHAPE_Leng":499.999999999,"SCE":106.77,"NSM":-8.16,"EPR":-0.36,"EPRunc":1.85,"LRR":0.63,"LR2":0.04,"LSE":25.37,"LCI90":1.64,"WLR":0.63,"WR2":0.04,"WSE":0.85,"WCI90":1.64,"Shape_Le_1":500.000021867,"ORIG_FID":327,"txt_OBJECTID_1":"327","txt_OBJECTID":"417","txt_TransectID":"428","txt_BaselineID":"11","txt_GroupID":"1","txt_TransOrder":"428","txt_Azimuth":"276.990000000000009","txt_ShrCount":"14","txt_TCD":"307837.630000000004657","txt_SHAPE_Leng":"499.999999999000011","txt_SCE":"106.769999999999996","txt_NSM":"-8.160000000000000","txt_EPR":"-0.360000000000000","txt_EPRunc":"1.850000000000000","txt_LRR":"0.630000000000000","txt_LR2":"0.040000000000000","txt_LSE":"25.370000000000001","txt_LCI90":"1.640000000000000","txt_WLR":"0.630000000000000","txt_WR2":"0.040000000000000","txt_WSE":"0.850000000000000","txt_WCI90":"1.640000000000000","txt_Shape_Length":"500.000021866672512","source_feature_index":340,"published_primary_rate_field":"LRR","published_primary_rate_m_per_year":0.63,"dashboard_rate_class":"ACCRETION","dashboard_classification_note":"Display convention only; source numeric value is preserved. Not an official DMCR class.","published_period":"1990-2019","published_dataset":"Shoreline ThaiCoast / Krabi_Points"},"geometry":{"type":"Point","coordinates":[98.99491793015876,7.857735791480258]}},{"type":"Feature","id":341,"properties":{"OBJECTID":418,"TransectID":429,"BaselineID":11,"GroupID":1,"TransOrder":429,"Azimuth":266.71,"ShrCount":15,"TCD":308337.63,"SHAPE_Leng":499.999999999,"SCE":51.9,"NSM":6.99,"EPR":0.31,"EPRunc":1.85,"LRR":0.7,"LR2":0.16,"LSE":12.77,"LCI90":0.8,"WLR":0.7,"WR2":0.16,"WSE":0.43,"WCI90":0.8,"Shape_Le_1":499.999965136,"ORIG_FID":328,"txt_OBJECTID_1":"328","txt_OBJECTID":"418","txt_TransectID":"429","txt_BaselineID":"11","txt_GroupID":"1","txt_TransOrder":"429","txt_Azimuth":"266.709999999999980","txt_ShrCount":"15","txt_TCD":"308337.630000000004657","txt_SHAPE_Leng":"499.999999999000011","txt_SCE":"51.899999999999999","txt_NSM":"6.990000000000000","txt_EPR":"0.310000000000000","txt_EPRunc":"1.850000000000000","txt_LRR":"0.700000000000000","txt_LR2":"0.160000000000000","txt_LSE":"12.770000000000000","txt_LCI90":"0.800000000000000","txt_WLR":"0.700000000000000","txt_WR2":"0.160000000000000","txt_WSE":"0.430000000000000","txt_WCI90":"0.800000000000000","txt_Shape_Length":"499.999965135907814","source_feature_index":341,"published_primary_rate_field":"LRR","published_primary_rate_m_per_year":0.7,"dashboard_rate_class":"ACCRETION","dashboard_classification_note":"Display convention only; source numeric value is preserved. Not an official DMCR class.","published_period":"1990-2019","published_dataset":"Shoreline ThaiCoast / Krabi_Points"},"geometry":{"type":"Point","coordinates":[98.99507767587868,7.862357402809969]}},{"type":"Feature","id":342,"properties":{"OBJECTID":419,"TransectID":430,"BaselineID":11,"GroupID":1,"TransOrder":430,"Azimuth":260.18,"ShrCount":13,"TCD":308837.63,"SHAPE_Leng":500.0,"SCE":40.39,"NSM":-3.45,"EPR":-0.15,"EPRunc":1.85,"LRR":0.13,"LR2":0.01,"LSE":11.62,"LCI90":0.78,"WLR":0.13,"WR2":0.01,"WSE":0.39,"WCI90":0.78,"Shape_Le_1":499.999924606,"ORIG_FID":329,"txt_OBJECTID_1":"329","txt_OBJECTID":"419","txt_TransectID":"430","txt_BaselineID":"11","txt_GroupID":"1","txt_TransOrder":"430","txt_Azimuth":"260.180000000000007","txt_ShrCount":"13","txt_TCD":"308837.630000000004657","txt_SHAPE_Leng":"500.000000000000000","txt_SCE":"40.390000000000001","txt_NSM":"-3.450000000000000","txt_EPR":"-0.150000000000000","txt_EPRunc":"1.850000000000000","txt_LRR":"0.130000000000000","txt_LR2":"0.010000000000000","txt_LSE":"11.619999999999999","txt_LCI90":"0.780000000000000","txt_WLR":"0.130000000000000","txt_WR2":"0.010000000000000","txt_WSE":"0.390000000000000","txt_WCI90":"0.780000000000000","txt_Shape_Length":"499.999924606388333","source_feature_index":342,"published_primary_rate_field":"LRR","published_primary_rate_m_per_year":0.13,"dashboard_rate_class":"RELATIVELY_STABLE","dashboard_classification_note":"Display convention only; source numeric value is preserved. Not an official DMCR class.","published_period":"1990-2019","published_dataset":"Shoreline ThaiCoast / Krabi_Points"},"geometry":{"type":"Point","coordinates":[98.99441615126214,7.866812233977457]}},{"type":"Feature","id":343,"properties":{"OBJECTID":420,"TransectID":431,"BaselineID":11,"GroupID":1,"TransOrder":431,"Azimuth":255.91,"ShrCount":9,"TCD":309337.63,"SHAPE_Leng":499.999999999,"SCE":26.03,"NSM":-3.57,"EPR":-0.16,"EPRunc":1.86,"LRR":-0.46,"LR2":0.16,"LSE":8.08,"LCI90":0.76,"WLR":-0.46,"WR2":0.16,"WSE":0.27,"WCI90":0.76,"Shape_Le_1":500.000014123,"ORIG_FID":330,"txt_OBJECTID_1":"330","txt_OBJECTID":"420","txt_TransectID":"431","txt_BaselineID":"11","txt_GroupID":"1","txt_TransOrder":"431","txt_Azimuth":"255.909999999999997","txt_ShrCount":"9","txt_TCD":"309337.630000000004657","txt_SHAPE_Leng":"499.999999999000011","txt_SCE":"26.030000000000001","txt_NSM":"-3.570000000000000","txt_EPR":"-0.160000000000000","txt_EPRunc":"1.860000000000000","txt_LRR":"-0.460000000000000","txt_LR2":"0.160000000000000","txt_LSE":"8.080000000000000","txt_LCI90":"0.760000000000000","txt_WLR":"-0.460000000000000","txt_WR2":"0.160000000000000","txt_WSE":"0.270000000000000","txt_WCI90":"0.760000000000000","txt_Shape_Length":"500.000014123497408","source_feature_index":343,"published_primary_rate_field":"LRR","published_primary_rate_m_per_year":-0.46,"dashboard_rate_class":"RELATIVELY_STABLE","dashboard_classification_note":"Display convention only; source numeric value is preserved. Not an official DMCR class.","published_period":"1990-2019","published_dataset":"Shoreline ThaiCoast / Krabi_Points"},"geometry":{"type":"Point","coordinates":[98.9935298450272,7.871325573532134]}},{"type":"Feature","id":344,"properties":{"OBJECTID":473,"TransectID":484,"BaselineID":14,"GroupID":1,"TransOrder":484,"Azimuth":314.42,"ShrCount":17,"TCD":363968.12,"SHAPE_Leng":500.000000001,"SCE":133.66,"NSM":-89.58,"EPR":-3.45,"EPRunc":1.63,"LRR":-1.88,"LR2":0.22,"LSE":32.74,"LCI90":1.61,"WLR":-1.88,"WR2":0.22,"WSE":1.09,"WCI90":1.61,"Shape_Le_1":500.000058716,"ORIG_FID":375,"txt_OBJECTID_1":"375","txt_OBJECTID":"473","txt_TransectID":"484","txt_BaselineID":"14","txt_GroupID":"1","txt_TransOrder":"484","txt_Azimuth":"314.420000000000016","txt_ShrCount":"17","txt_TCD":"363968.119999999995343","txt_SHAPE_Leng":"500.000000000999989","txt_SCE":"133.659999999999997","txt_NSM":"-89.579999999999998","txt_EPR":"-3.450000000000000","txt_EPRunc":"1.630000000000000","txt_LRR":"-1.880000000000000","txt_LR2":"0.220000000000000","txt_LSE":"32.740000000000002","txt_LCI90":"1.610000000000000","txt_WLR":"-1.880000000000000","txt_WR2":"0.220000000000000","txt_WSE":"1.090000000000000","txt_WCI90":"1.610000000000000","txt_Shape_Length":"500.000058716425031","source_feature_index":344,"published_primary_rate_field":"LRR","published_primary_rate_m_per_year":-1.88,"dashboard_rate_class":"RETREAT","dashboard_classification_note":"Display convention only; source numeric value is preserved. Not an official DMCR class.","published_period":"1990-2019","published_dataset":"Shoreline ThaiCoast / Krabi_Points"},"geometry":{"type":"Point","coordinates":[98.99169718373906,7.9409192212738136]}},{"type":"Feature","id":345,"properties":{"OBJECTID":479,"TransectID":490,"BaselineID":14,"GroupID":1,"TransOrder":490,"Azimuth":7.97,"ShrCount":7,"TCD":366968.12,"SHAPE_Leng":500.0,"SCE":111.97,"NSM":-59.3,"EPR":-3.52,"EPRunc":2.52,"LRR":-2.31,"LR2":0.11,"LSE":42.78,"LCI90":6.0,"WLR":-2.31,"WR2":0.11,"WSE":1.43,"WCI90":6.0,"Shape_Le_1":499.999974317,"ORIG_FID":376,"txt_OBJECTID_1":"376","txt_OBJECTID":"479","txt_TransectID":"490","txt_BaselineID":"14","txt_GroupID":"1","txt_TransOrder":"490","txt_Azimuth":"7.970000000000000","txt_ShrCount":"7","txt_TCD":"366968.119999999995343","txt_SHAPE_Leng":"500.000000000000000","txt_SCE":"111.969999999999999","txt_NSM":"-59.299999999999997","txt_EPR":"-3.520000000000000","txt_EPRunc":"2.520000000000000","txt_LRR":"-2.310000000000000","txt_LR2":"0.110000000000000","txt_LSE":"42.780000000000001","txt_LCI90":"6.000000000000000","txt_WLR":"-2.310000000000000","txt_WR2":"0.110000000000000","txt_WSE":"1.430000000000000","txt_WCI90":"6.000000000000000","txt_Shape_Length":"499.999974316722046","source_feature_index":345,"published_primary_rate_field":"LRR","published_primary_rate_m_per_year":-2.31,"dashboard_rate_class":"STRONG_RETREAT","dashboard_classification_note":"Display convention only; source numeric value is preserved. Not an official DMCR class.","published_period":"1990-2019","published_dataset":"Shoreline ThaiCoast / Krabi_Points"},"geometry":{"type":"Point","coordinates":[98.9966955520604,7.941158798510543]}},{"type":"Feature","id":346,"properties":{"OBJECTID":480,"TransectID":491,"BaselineID":14,"GroupID":1,"TransOrder":491,"Azimuth":25.32,"ShrCount":11,"TCD":367468.12,"SHAPE_Leng":500.000000001,"SCE":115.07,"NSM":-40.22,"EPR":-1.55,"EPRunc":1.63,"LRR":-1.66,"LR2":0.21,"LSE":32.92,"LCI90":1.96,"WLR":-1.66,"WR2":0.21,"WSE":1.1,"WCI90":1.96,"Shape_Le_1":500.000074613,"ORIG_FID":377,"txt_OBJECTID_1":"377","txt_OBJECTID":"480","txt_TransectID":"491","txt_BaselineID":"14","txt_GroupID":"1","txt_TransOrder":"491","txt_Azimuth":"25.320000000000000","txt_ShrCount":"11","txt_TCD":"367468.119999999995343","txt_SHAPE_Leng":"500.000000000999989","txt_SCE":"115.069999999999993","txt_NSM":"-40.219999999999999","txt_EPR":"-1.550000000000000","txt_EPRunc":"1.630000000000000","txt_LRR":"-1.660000000000000","txt_LR2":"0.210000000000000","txt_LSE":"32.920000000000002","txt_LCI90":"1.960000000000000","txt_WLR":"-1.660000000000000","txt_WR2":"0.210000000000000","txt_WSE":"1.100000000000000","txt_WCI90":"1.960000000000000","txt_Shape_Length":"500.000074612761523","source_feature_index":346,"published_primary_rate_field":"LRR","published_primary_rate_m_per_year":-1.66,"dashboard_rate_class":"RETREAT","dashboard_classification_note":"Display convention only; source numeric value is preserved. Not an official DMCR class.","published_period":"1990-2019","published_dataset":"Shoreline ThaiCoast / Krabi_Points"},"geometry":{"type":"Point","coordinates":[98.99968585956942,7.941346325478552]}},{"type":"Feature","id":347,"properties":{"OBJECTID":481,"TransectID":492,"BaselineID":14,"GroupID":1,"TransOrder":492,"Azimuth":48.32,"ShrCount":15,"TCD":367968.12,"SHAPE_Leng":500.000000001,"SCE":57.33,"NSM":-2.18,"EPR":-0.08,"EPRunc":1.63,"LRR":0.46,"LR2":0.1,"LSE":13.28,"LCI90":0.68,"WLR":0.46,"WR2":0.1,"WSE":0.44,"WCI90":0.68,"Shape_Le_1":500.000028348,"ORIG_FID":378,"txt_OBJECTID_1":"378","txt_OBJECTID":"481","txt_TransectID":"492","txt_BaselineID":"14","txt_GroupID":"1","txt_TransOrder":"492","txt_Azimuth":"48.320000000000000","txt_ShrCount":"15","txt_TCD":"367968.119999999995343","txt_SHAPE_Leng":"500.000000000999989","txt_SCE":"57.329999999999998","txt_NSM":"-2.180000000000000","txt_EPR":"-0.080000000000000","txt_EPRunc":"1.630000000000000","txt_LRR":"0.460000000000000","txt_LR2":"0.100000000000000","txt_LSE":"13.279999999999999","txt_LCI90":"0.680000000000000","txt_WLR":"0.460000000000000","txt_WR2":"0.100000000000000","txt_WSE":"0.440000000000000","txt_WCI90":"0.680000000000000","txt_Shape_Length":"500.000028348195599","source_feature_index":347,"published_primary_rate_field":"LRR","published_primary_rate_m_per_year":0.46,"dashboard_rate_class":"RELATIVELY_STABLE","dashboard_classification_note":"Display convention only; source numeric value is preserved. Not an official DMCR class.","published_period":"1990-2019","published_dataset":"Shoreline ThaiCoast / Krabi_Points"},"geometry":{"type":"Point","coordinates":[99.00196259158214,7.938759107743004]}},{"type":"Feature","id":348,"properties":{"OBJECTID":482,"TransectID":493,"BaselineID":14,"GroupID":1,"TransOrder":493,"Azimuth":51.89,"ShrCount":16,"TCD":368468.12,"SHAPE_Leng":500.000000002,"SCE":158.81,"NSM":5.13,"EPR":0.2,"EPRunc":1.63,"LRR":0.31,"LR2":0.01,"LSE":38.79,"LCI90":1.97,"WLR":0.31,"WR2":0.01,"WSE":1.29,"WCI90":1.97,"Shape_Le_1":499.999935245,"ORIG_FID":379,"txt_OBJECTID_1":"379","txt_OBJECTID":"482","txt_TransectID":"493","txt_BaselineID":"14","txt_GroupID":"1","txt_TransOrder":"493","txt_Azimuth":"51.890000000000001","txt_ShrCount":"16","txt_TCD":"368468.119999999995343","txt_SHAPE_Leng":"500.000000001999979","txt_SCE":"158.810000000000002","txt_NSM":"5.130000000000000","txt_EPR":"0.200000000000000","txt_EPRunc":"1.630000000000000","txt_LRR":"0.310000000000000","txt_LR2":"0.010000000000000","txt_LSE":"38.789999999999999","txt_LCI90":"1.970000000000000","txt_WLR":"0.310000000000000","txt_WR2":"0.010000000000000","txt_WSE":"1.290000000000000","txt_WCI90":"1.970000000000000","txt_Shape_Length":"499.999935244779465","source_feature_index":348,"published_primary_rate_field":"LRR","published_primary_rate_m_per_year":0.31,"dashboard_rate_class":"RELATIVELY_STABLE","dashboard_classification_note":"Display convention only; source numeric value is preserved. Not an official DMCR class.","published_period":"1990-2019","published_dataset":"Shoreline ThaiCoast / Krabi_Points"},"geometry":{"type":"Point","coordinates":[99.00428286925411,7.935934408103921]}},{"type":"Feature","id":349,"properties":{"OBJECTID":484,"TransectID":495,"BaselineID":14,"GroupID":1,"TransOrder":495,"Azimuth":60.24,"ShrCount":4,"TCD":369468.12,"SHAPE_Leng":500.000000002,"SCE":87.11,"NSM":-60.14,"EPR":-3.86,"EPRunc":2.73,"LRR":-3.07,"LR2":0.28,"LSE":45.65,"LCI90":10.27,"WLR":-3.07,"WR2":0.28,"WSE":1.52,"WCI90":10.27,"Shape_Le_1":499.999990549,"ORIG_FID":380,"txt_OBJECTID_1":"380","txt_OBJECTID":"484","txt_TransectID":"495","txt_BaselineID":"14","txt_GroupID":"1","txt_TransOrder":"495","txt_Azimuth":"60.240000000000002","txt_ShrCount":"4","txt_TCD":"369468.119999999995343","txt_SHAPE_Leng":"500.000000001999979","txt_SCE":"87.109999999999999","txt_NSM":"-60.140000000000001","txt_EPR":"-3.860000000000000","txt_EPRunc":"2.730000000000000","txt_LRR":"-3.070000000000000","txt_LR2":"0.280000000000000","txt_LSE":"45.649999999999999","txt_LCI90":"10.270000000000000","txt_WLR":"-3.070000000000000","txt_WR2":"0.280000000000000","txt_WSE":"1.520000000000000","txt_WCI90":"10.270000000000000","txt_Shape_Length":"499.999990549317886","source_feature_index":349,"published_primary_rate_field":"LRR","published_primary_rate_m_per_year":-3.07,"dashboard_rate_class":"STRONG_RETREAT","dashboard_classification_note":"Display convention only; source numeric value is preserved. Not an official DMCR class.","published_period":"1990-2019","published_dataset":"Shoreline ThaiCoast / Krabi_Points"},"geometry":{"type":"Point","coordinates":[99.00549884226831,7.930180643087256]}},{"type":"Feature","id":350,"properties":{"OBJECTID":485,"TransectID":496,"BaselineID":14,"GroupID":1,"TransOrder":496,"Azimuth":13.0,"ShrCount":4,"TCD":369968.12,"SHAPE_Leng":499.999999998,"SCE":57.71,"NSM":-57.11,"EPR":-3.67,"EPRunc":2.73,"LRR":-2.75,"LR2":0.46,"LSE":27.46,"LCI90":6.18,"WLR":-2.75,"WR2":0.46,"WSE":0.92,"WCI90":6.18,"Shape_Le_1":500.000029811,"ORIG_FID":381,"txt_OBJECTID_1":"381","txt_OBJECTID":"485","txt_TransectID":"496","txt_BaselineID":"14","txt_GroupID":"1","txt_TransOrder":"496","txt_Azimuth":"13.000000000000000","txt_ShrCount":"4","txt_TCD":"369968.119999999995343","txt_SHAPE_Leng":"499.999999998000021","txt_SCE":"57.710000000000001","txt_NSM":"-57.109999999999999","txt_EPR":"-3.670000000000000","txt_EPRunc":"2.730000000000000","txt_LRR":"-2.750000000000000","txt_LR2":"0.460000000000000","txt_LSE":"27.460000000000001","txt_LCI90":"6.180000000000000","txt_WLR":"-2.750000000000000","txt_WR2":"0.460000000000000","txt_WSE":"0.920000000000000","txt_WCI90":"6.180000000000000","txt_Shape_Length":"500.000029811176773","source_feature_index":350,"published_primary_rate_field":"LRR","published_primary_rate_m_per_year":-2.75,"dashboard_rate_class":"STRONG_RETREAT","dashboard_classification_note":"Display convention only; source numeric value is preserved. Not an official DMCR class.","published_period":"1990-2019","published_dataset":"Shoreline ThaiCoast / Krabi_Points"},"geometry":{"type":"Point","coordinates":[99.01043482381833,7.9274454048693315]}},{"type":"Feature","id":351,"properties":{"OBJECTID":486,"TransectID":497,"BaselineID":14,"GroupID":1,"TransOrder":497,"Azimuth":24.63,"ShrCount":4,"TCD":370468.12,"SHAPE_Leng":499.999999999,"SCE":97.31,"NSM":-40.29,"EPR":-2.59,"EPRunc":2.73,"LRR":-2.14,"LR2":0.14,"LSE":49.67,"LCI90":11.17,"WLR":-2.14,"WR2":0.14,"WSE":1.66,"WCI90":11.17,"Shape_Le_1":499.999921701,"ORIG_FID":382,"txt_OBJECTID_1":"382","txt_OBJECTID":"486","txt_TransectID":"497","txt_BaselineID":"14","txt_GroupID":"1","txt_TransOrder":"497","txt_Azimuth":"24.629999999999999","txt_ShrCount":"4","txt_TCD":"370468.119999999995343","txt_SHAPE_Leng":"499.999999999000011","txt_SCE":"97.310000000000002","txt_NSM":"-40.289999999999999","txt_EPR":"-2.590000000000000","txt_EPRunc":"2.730000000000000","txt_LRR":"-2.140000000000000","txt_LR2":"0.140000000000000","txt_LSE":"49.670000000000002","txt_LCI90":"11.170000000000000","txt_WLR":"-2.140000000000000","txt_WR2":"0.140000000000000","txt_WSE":"1.660000000000000","txt_WCI90":"11.170000000000000","txt_Shape_Length":"499.999921701302981","source_feature_index":351,"published_primary_rate_field":"LRR","published_primary_rate_m_per_year":-2.14,"dashboard_rate_class":"STRONG_RETREAT","dashboard_classification_note":"Display convention only; source numeric value is preserved. Not an official DMCR class.","published_period":"1990-2019","published_dataset":"Shoreline ThaiCoast / Krabi_Points"},"geometry":{"type":"Point","coordinates":[99.01389825681963,7.9275496870838715]}},{"type":"Feature","id":352,"properties":{"OBJECTID":487,"TransectID":498,"BaselineID":14,"GroupID":1,"TransOrder":498,"Azimuth":56.98,"ShrCount":4,"TCD":370968.12,"SHAPE_Leng":500.000000003,"SCE":17.62,"NSM":1.41,"EPR":0.09,"EPRunc":2.73,"LRR":-0.38,"LR2":0.13,"LSE":9.16,"LCI90":2.06,"WLR":-0.38,"WR2":0.13,"WSE":0.31,"WCI90":2.06,"Shape_Le_1":499.999952135,"ORIG_FID":383,"txt_OBJECTID_1":"383","txt_OBJECTID":"487","txt_TransectID":"498","txt_BaselineID":"14","txt_GroupID":"1","txt_TransOrder":"498","txt_Azimuth":"56.979999999999997","txt_ShrCount":"4","txt_TCD":"370968.119999999995343","txt_SHAPE_Leng":"500.000000003000025","txt_SCE":"17.620000000000001","txt_NSM":"1.410000000000000","txt_EPR":"0.090000000000000","txt_EPRunc":"2.730000000000000","txt_LRR":"-0.380000000000000","txt_LR2":"0.130000000000000","txt_LSE":"9.160000000000000","txt_LCI90":"2.060000000000000","txt_WLR":"-0.380000000000000","txt_WR2":"0.130000000000000","txt_WSE":"0.310000000000000","txt_WCI90":"2.060000000000000","txt_Shape_Length":"499.999952134857892","source_feature_index":352,"published_primary_rate_field":"LRR","published_primary_rate_m_per_year":-0.38,"dashboard_rate_class":"RELATIVELY_STABLE","dashboard_classification_note":"Display convention only; source numeric value is preserved. Not an official DMCR class.","published_period":"1990-2019","published_dataset":"Shoreline ThaiCoast / Krabi_Points"},"geometry":{"type":"Point","coordinates":[99.01563445826561,7.925403287614215]}},{"type":"Feature","id":353,"properties":{"OBJECTID":488,"TransectID":499,"BaselineID":14,"GroupID":1,"TransOrder":499,"Azimuth":66.49,"ShrCount":4,"TCD":371468.12,"SHAPE_Leng":499.999999999,"SCE":34.51,"NSM":-24.5,"EPR":-1.57,"EPRunc":2.73,"LRR":-1.7,"LR2":0.77,"LSE":8.51,"LCI90":1.92,"WLR":-1.7,"WR2":0.77,"WSE":0.28,"WCI90":1.92,"Shape_Le_1":499.999980438,"ORIG_FID":384,"txt_OBJECTID_1":"384","txt_OBJECTID":"488","txt_TransectID":"499","txt_BaselineID":"14","txt_GroupID":"1","txt_TransOrder":"499","txt_Azimuth":"66.489999999999995","txt_ShrCount":"4","txt_TCD":"371468.119999999995343","txt_SHAPE_Leng":"499.999999999000011","txt_SCE":"34.509999999999998","txt_NSM":"-24.500000000000000","txt_EPR":"-1.570000000000000","txt_EPRunc":"2.730000000000000","txt_LRR":"-1.700000000000000","txt_LR2":"0.770000000000000","txt_LSE":"8.510000000000000","txt_LCI90":"1.920000000000000","txt_WLR":"-1.700000000000000","txt_WR2":"0.770000000000000","txt_WSE":"0.280000000000000","txt_WCI90":"1.920000000000000","txt_Shape_Length":"499.999980437866952","source_feature_index":353,"published_primary_rate_field":"LRR","published_primary_rate_m_per_year":-1.7,"dashboard_rate_class":"RETREAT","dashboard_classification_note":"Display convention only; source numeric value is preserved. Not an official DMCR class.","published_period":"1990-2019","published_dataset":"Shoreline ThaiCoast / Krabi_Points"},"geometry":{"type":"Point","coordinates":[99.01709017635899,7.92206671509481]}},{"type":"Feature","id":354,"properties":{"OBJECTID":489,"TransectID":500,"BaselineID":14,"GroupID":1,"TransOrder":500,"Azimuth":61.94,"ShrCount":6,"TCD":371968.12,"SHAPE_Leng":500.000000001,"SCE":52.47,"NSM":-52.47,"EPR":-3.37,"EPRunc":2.73,"LRR":-1.89,"LR2":0.32,"LSE":18.13,"LCI90":2.92,"WLR":-1.89,"WR2":0.32,"WSE":0.6,"WCI90":2.92,"Shape_Le_1":500.000055916,"ORIG_FID":385,"txt_OBJECTID_1":"385","txt_OBJECTID":"489","txt_TransectID":"500","txt_BaselineID":"14","txt_GroupID":"1","txt_TransOrder":"500","txt_Azimuth":"61.939999999999998","txt_ShrCount":"6","txt_TCD":"371968.119999999995343","txt_SHAPE_Leng":"500.000000000999989","txt_SCE":"52.469999999999999","txt_NSM":"-52.469999999999999","txt_EPR":"-3.370000000000000","txt_EPRunc":"2.730000000000000","txt_LRR":"-1.890000000000000","txt_LR2":"0.320000000000000","txt_LSE":"18.129999999999999","txt_LCI90":"2.920000000000000","txt_WLR":"-1.890000000000000","txt_WR2":"0.320000000000000","txt_WSE":"0.600000000000000","txt_WCI90":"2.920000000000000","txt_Shape_Length":"500.000055915602786","source_feature_index":354,"published_primary_rate_field":"LRR","published_primary_rate_m_per_year":-1.89,"dashboard_rate_class":"RETREAT","dashboard_classification_note":"Display convention only; source numeric value is preserved. Not an official DMCR class.","published_period":"1990-2019","published_dataset":"Shoreline ThaiCoast / Krabi_Points"},"geometry":{"type":"Point","coordinates":[99.0187561554862,7.918186560974156]}},{"type":"Feature","id":355,"properties":{"OBJECTID":490,"TransectID":501,"BaselineID":14,"GroupID":1,"TransOrder":501,"Azimuth":73.68,"ShrCount":5,"TCD":372468.12,"SHAPE_Leng":499.999999999,"SCE":56.93,"NSM":-53.82,"EPR":-3.46,"EPRunc":2.73,"LRR":-2.74,"LR2":0.54,"LSE":19.62,"LCI90":3.43,"WLR":-2.74,"WR2":0.54,"WSE":0.65,"WCI90":3.43,"Shape_Le_1":499.999966517,"ORIG_FID":386,"txt_OBJECTID_1":"386","txt_OBJECTID":"490","txt_TransectID":"501","txt_BaselineID":"14","txt_GroupID":"1","txt_TransOrder":"501","txt_Azimuth":"73.680000000000007","txt_ShrCount":"5","txt_TCD":"372468.119999999995343","txt_SHAPE_Leng":"499.999999999000011","txt_SCE":"56.930000000000000","txt_NSM":"-53.820000000000000","txt_EPR":"-3.460000000000000","txt_EPRunc":"2.730000000000000","txt_LRR":"-2.740000000000000","txt_LR2":"0.540000000000000","txt_LSE":"19.620000000000001","txt_LCI90":"3.430000000000000","txt_WLR":"-2.740000000000000","txt_WR2":"0.540000000000000","txt_WSE":"0.650000000000000","txt_WCI90":"3.430000000000000","txt_Shape_Length":"499.999966516815391","source_feature_index":355,"published_primary_rate_field":"LRR","published_primary_rate_m_per_year":-2.74,"dashboard_rate_class":"STRONG_RETREAT","dashboard_classification_note":"Display convention only; source numeric value is preserved. Not an official DMCR class.","published_period":"1990-2019","published_dataset":"Shoreline ThaiCoast / Krabi_Points"},"geometry":{"type":"Point","coordinates":[99.02050018942856,7.9157738645784885]}},{"type":"Feature","id":356,"properties":{"OBJECTID":491,"TransectID":502,"BaselineID":14,"GroupID":1,"TransOrder":502,"Azimuth":94.6,"ShrCount":6,"TCD":372968.12,"SHAPE_Leng":500.000000001,"SCE":45.85,"NSM":-36.76,"EPR":-2.36,"EPRunc":2.73,"LRR":-1.86,"LR2":0.42,"LSE":14.8,"LCI90":2.34,"WLR":-1.86,"WR2":0.42,"WSE":0.49,"WCI90":2.34,"Shape_Le_1":499.999985903,"ORIG_FID":387,"txt_OBJECTID_1":"387","txt_OBJECTID":"491","txt_TransectID":"502","txt_BaselineID":"14","txt_GroupID":"1","txt_TransOrder":"502","txt_Azimuth":"94.599999999999994","txt_ShrCount":"6","txt_TCD":"372968.119999999995343","txt_SHAPE_Leng":"500.000000000999989","txt_SCE":"45.850000000000001","txt_NSM":"-36.759999999999998","txt_EPR":"-2.360000000000000","txt_EPRunc":"2.730000000000000","txt_LRR":"-1.860000000000000","txt_LR2":"0.420000000000000","txt_LSE":"14.800000000000001","txt_LCI90":"2.340000000000000","txt_WLR":"-1.860000000000000","txt_WR2":"0.420000000000000","txt_WSE":"0.490000000000000","txt_WCI90":"2.340000000000000","txt_Shape_Length":"499.999985903129186","source_feature_index":356,"published_primary_rate_field":"LRR","published_primary_rate_m_per_year":-1.86,"dashboard_rate_class":"RETREAT","dashboard_classification_note":"Display convention only; source numeric value is preserved. Not an official DMCR class.","published_period":"1990-2019","published_dataset":"Shoreline ThaiCoast / Krabi_Points"},"geometry":{"type":"Point","coordinates":[99.02022355429641,7.913551187405239]}},{"type":"Feature","id":357,"properties":{"OBJECTID":492,"TransectID":503,"BaselineID":14,"GroupID":1,"TransOrder":503,"Azimuth":95.57,"ShrCount":8,"TCD":373468.12,"SHAPE_Leng":499.999999998,"SCE":26.93,"NSM":-24.34,"EPR":-1.5,"EPRunc":2.61,"LRR":-0.94,"LR2":0.26,"LSE":9.12,"LCI90":1.26,"WLR":-0.94,"WR2":0.26,"WSE":0.3,"WCI90":1.26,"Shape_Le_1":499.999955736,"ORIG_FID":388,"txt_OBJECTID_1":"388","txt_OBJECTID":"492","txt_TransectID":"503","txt_BaselineID":"14","txt_GroupID":"1","txt_TransOrder":"503","txt_Azimuth":"95.569999999999993","txt_ShrCount":"8","txt_TCD":"373468.119999999995343","txt_SHAPE_Leng":"499.999999998000021","txt_SCE":"26.930000000000000","txt_NSM":"-24.340000000000000","txt_EPR":"-1.500000000000000","txt_EPRunc":"2.610000000000000","txt_LRR":"-0.940000000000000","txt_LR2":"0.260000000000000","txt_LSE":"9.119999999999999","txt_LCI90":"1.260000000000000","txt_WLR":"-0.940000000000000","txt_WR2":"0.260000000000000","txt_WSE":"0.300000000000000","txt_WCI90":"1.260000000000000","txt_Shape_Length":"499.999955736309062","source_feature_index":357,"published_primary_rate_field":"LRR","published_primary_rate_m_per_year":-0.94,"dashboard_rate_class":"RETREAT","dashboard_classification_note":"Display convention only; source numeric value is preserved. Not an official DMCR class.","published_period":"1990-2019","published_dataset":"Shoreline ThaiCoast / Krabi_Points"},"geometry":{"type":"Point","coordinates":[99.0198222965094,7.909229731576547]}},{"type":"Feature","id":358,"properties":{"OBJECTID":493,"TransectID":504,"BaselineID":14,"GroupID":1,"TransOrder":504,"Azimuth":92.43,"ShrCount":10,"TCD":373968.12,"SHAPE_Leng":500.0,"SCE":51.59,"NSM":3.39,"EPR":0.21,"EPRunc":2.61,"LRR":1.47,"LR2":0.32,"LSE":13.48,"LCI90":1.41,"WLR":1.47,"WR2":0.32,"WSE":0.45,"WCI90":1.41,"Shape_Le_1":500.000032688,"ORIG_FID":389,"txt_OBJECTID_1":"389","txt_OBJECTID":"493","txt_TransectID":"504","txt_BaselineID":"14","txt_GroupID":"1","txt_TransOrder":"504","txt_Azimuth":"92.430000000000007","txt_ShrCount":"10","txt_TCD":"373968.119999999995343","txt_SHAPE_Leng":"500.000000000000000","txt_SCE":"51.590000000000003","txt_NSM":"3.390000000000000","txt_EPR":"0.210000000000000","txt_EPRunc":"2.610000000000000","txt_LRR":"1.470000000000000","txt_LR2":"0.320000000000000","txt_LSE":"13.480000000000000","txt_LCI90":"1.410000000000000","txt_WLR":"1.470000000000000","txt_WR2":"0.320000000000000","txt_WSE":"0.450000000000000","txt_WCI90":"1.410000000000000","txt_Shape_Length":"500.000032687642943","source_feature_index":358,"published_primary_rate_field":"LRR","published_primary_rate_m_per_year":1.47,"dashboard_rate_class":"ACCRETION","dashboard_classification_note":"Display convention only; source numeric value is preserved. Not an official DMCR class.","published_period":"1990-2019","published_dataset":"Shoreline ThaiCoast / Krabi_Points"},"geometry":{"type":"Point","coordinates":[99.01936339357022,7.904733975294912]}},{"type":"Feature","id":359,"properties":{"OBJECTID":494,"TransectID":505,"BaselineID":14,"GroupID":1,"TransOrder":505,"Azimuth":76.5,"ShrCount":12,"TCD":374468.12,"SHAPE_Leng":500.0,"SCE":36.66,"NSM":13.18,"EPR":0.58,"EPRunc":1.86,"LRR":0.48,"LR2":0.14,"LSE":9.62,"LCI90":0.69,"WLR":0.48,"WR2":0.14,"WSE":0.32,"WCI90":0.69,"Shape_Le_1":499.999991107,"ORIG_FID":390,"txt_OBJECTID_1":"390","txt_OBJECTID":"494","txt_TransectID":"505","txt_BaselineID":"14","txt_GroupID":"1","txt_TransOrder":"505","txt_Azimuth":"76.500000000000000","txt_ShrCount":"12","txt_TCD":"374468.119999999995343","txt_SHAPE_Leng":"500.000000000000000","txt_SCE":"36.659999999999997","txt_NSM":"13.180000000000000","txt_EPR":"0.580000000000000","txt_EPRunc":"1.860000000000000","txt_LRR":"0.480000000000000","txt_LR2":"0.140000000000000","txt_LSE":"9.619999999999999","txt_LCI90":"0.690000000000000","txt_WLR":"0.480000000000000","txt_WR2":"0.140000000000000","txt_WSE":"0.320000000000000","txt_WCI90":"0.690000000000000","txt_Shape_Length":"499.999991107261337","source_feature_index":359,"published_primary_rate_field":"LRR","published_primary_rate_m_per_year":0.48,"dashboard_rate_class":"RELATIVELY_STABLE","dashboard_classification_note":"Display convention only; source numeric value is preserved. Not an official DMCR class.","published_period":"1990-2019","published_dataset":"Shoreline ThaiCoast / Krabi_Points"},"geometry":{"type":"Point","coordinates":[99.01949875729207,7.899661963534519]}},{"type":"Feature","id":360,"properties":{"OBJECTID":495,"TransectID":506,"BaselineID":14,"GroupID":1,"TransOrder":506,"Azimuth":62.4,"ShrCount":11,"TCD":374968.12,"SHAPE_Leng":500.000000002,"SCE":45.58,"NSM":0.68,"EPR":0.03,"EPRunc":1.86,"LRR":-0.27,"LR2":0.03,"LSE":12.81,"LCI90":0.94,"WLR":-0.27,"WR2":0.03,"WSE":0.43,"WCI90":0.94,"Shape_Le_1":500.000022968,"ORIG_FID":391,"txt_OBJECTID_1":"391","txt_OBJECTID":"495","txt_TransectID":"506","txt_BaselineID":"14","txt_GroupID":"1","txt_TransOrder":"506","txt_Azimuth":"62.399999999999999","txt_ShrCount":"11","txt_TCD":"374968.119999999995343","txt_SHAPE_Leng":"500.000000001999979","txt_SCE":"45.579999999999998","txt_NSM":"0.680000000000000","txt_EPR":"0.030000000000000","txt_EPRunc":"1.860000000000000","txt_LRR":"-0.270000000000000","txt_LR2":"0.030000000000000","txt_LSE":"12.810000000000000","txt_LCI90":"0.940000000000000","txt_WLR":"-0.270000000000000","txt_WR2":"0.030000000000000","txt_WSE":"0.430000000000000","txt_WCI90":"0.940000000000000","txt_Shape_Length":"500.000022968396479","source_feature_index":360,"published_primary_rate_field":"LRR","published_primary_rate_m_per_year":-0.27,"dashboard_rate_class":"RELATIVELY_STABLE","dashboard_classification_note":"Display convention only; source numeric value is preserved. Not an official DMCR class.","published_period":"1990-2019","published_dataset":"Shoreline ThaiCoast / Krabi_Points"},"geometry":{"type":"Point","coordinates":[99.0216463592926,7.895168683194812]}},{"type":"Feature","id":361,"properties":{"OBJECTID":496,"TransectID":507,"BaselineID":14,"GroupID":1,"TransOrder":507,"Azimuth":39.45,"ShrCount":11,"TCD":375468.12,"SHAPE_Leng":499.999999997,"SCE":43.5,"NSM":9.31,"EPR":0.41,"EPRunc":1.86,"LRR":-0.11,"LR2":0.0,"LSE":14.43,"LCI90":1.12,"WLR":-0.11,"WR2":0.0,"WSE":0.48,"WCI90":1.12,"Shape_Le_1":499.999989118,"ORIG_FID":392,"txt_OBJECTID_1":"392","txt_OBJECTID":"496","txt_TransectID":"507","txt_BaselineID":"14","txt_GroupID":"1","txt_TransOrder":"507","txt_Azimuth":"39.450000000000003","txt_ShrCount":"11","txt_TCD":"375468.119999999995343","txt_SHAPE_Leng":"499.999999996999975","txt_SCE":"43.500000000000000","txt_NSM":"9.310000000000000","txt_EPR":"0.410000000000000","txt_EPRunc":"1.860000000000000","txt_LRR":"-0.110000000000000","txt_LR2":"0.000000000000000","txt_LSE":"14.430000000000000","txt_LCI90":"1.120000000000000","txt_WLR":"-0.110000000000000","txt_WR2":"0.000000000000000","txt_WSE":"0.480000000000000","txt_WCI90":"1.120000000000000","txt_Shape_Length":"499.999989117777432","source_feature_index":361,"published_primary_rate_field":"LRR","published_primary_rate_m_per_year":-0.11,"dashboard_rate_class":"RELATIVELY_STABLE","dashboard_classification_note":"Display convention only; source numeric value is preserved. Not an official DMCR class.","published_period":"1990-2019","published_dataset":"Shoreline ThaiCoast / Krabi_Points"},"geometry":{"type":"Point","coordinates":[99.02439386023963,7.8905636012278055]}},{"type":"Feature","id":362,"properties":{"OBJECTID":497,"TransectID":508,"BaselineID":14,"GroupID":1,"TransOrder":508,"Azimuth":345.36,"ShrCount":11,"TCD":375968.12,"SHAPE_Leng":500.000000002,"SCE":77.57,"NSM":-13.45,"EPR":-0.59,"EPRunc":1.86,"LRR":-0.14,"LR2":0.0,"LSE":24.46,"LCI90":1.9,"WLR":-0.14,"WR2":0.0,"WSE":0.82,"WCI90":1.9,"Shape_Le_1":499.999955701,"ORIG_FID":393,"txt_OBJECTID_1":"393","txt_OBJECTID":"497","txt_TransectID":"508","txt_BaselineID":"14","txt_GroupID":"1","txt_TransOrder":"508","txt_Azimuth":"345.360000000000014","txt_ShrCount":"11","txt_TCD":"375968.119999999995343","txt_SHAPE_Leng":"500.000000001999979","txt_SCE":"77.569999999999993","txt_NSM":"-13.449999999999999","txt_EPR":"-0.590000000000000","txt_EPRunc":"1.860000000000000","txt_LRR":"-0.140000000000000","txt_LR2":"0.000000000000000","txt_LSE":"24.460000000000001","txt_LCI90":"1.900000000000000","txt_WLR":"-0.140000000000000","txt_WR2":"0.000000000000000","txt_WSE":"0.820000000000000","txt_WCI90":"1.900000000000000","txt_Shape_Length":"499.999955700836210","source_feature_index":362,"published_primary_rate_field":"LRR","published_primary_rate_m_per_year":-0.14,"dashboard_rate_class":"RELATIVELY_STABLE","dashboard_classification_note":"Display convention only; source numeric value is preserved. Not an official DMCR class.","published_period":"1990-2019","published_dataset":"Shoreline ThaiCoast / Krabi_Points"},"geometry":{"type":"Point","coordinates":[99.02988350280805,7.889387983431454]}},{"type":"Feature","id":363,"properties":{"OBJECTID":498,"TransectID":509,"BaselineID":14,"GroupID":1,"TransOrder":509,"Azimuth":309.93,"ShrCount":8,"TCD":376468.12,"SHAPE_Leng":499.999999997,"SCE":63.2,"NSM":-45.54,"EPR":-2.8,"EPRunc":2.61,"LRR":-2.2,"LR2":0.15,"LSE":29.97,"LCI90":4.15,"WLR":-2.2,"WR2":0.15,"WSE":1.0,"WCI90":4.15,"Shape_Le_1":500.000048814,"ORIG_FID":394,"txt_OBJECTID_1":"394","txt_OBJECTID":"498","txt_TransectID":"509","txt_BaselineID":"14","txt_GroupID":"1","txt_TransOrder":"509","txt_Azimuth":"309.930000000000007","txt_ShrCount":"8","txt_TCD":"376468.119999999995343","txt_SHAPE_Leng":"499.999999996999975","txt_SCE":"63.200000000000003","txt_NSM":"-45.539999999999999","txt_EPR":"-2.800000000000000","txt_EPRunc":"2.610000000000000","txt_LRR":"-2.200000000000000","txt_LR2":"0.150000000000000","txt_LSE":"29.969999999999999","txt_LCI90":"4.150000000000000","txt_WLR":"-2.200000000000000","txt_WR2":"0.150000000000000","txt_WSE":"1.000000000000000","txt_WCI90":"4.150000000000000","txt_Shape_Length":"500.000048813627643","source_feature_index":363,"published_primary_rate_field":"LRR","published_primary_rate_m_per_year":-2.2,"dashboard_rate_class":"STRONG_RETREAT","dashboard_classification_note":"Display convention only; source numeric value is preserved. Not an official DMCR class.","published_period":"1990-2019","published_dataset":"Shoreline ThaiCoast / Krabi_Points"},"geometry":{"type":"Point","coordinates":[99.03460318730717,7.892688318131092]}},{"type":"Feature","id":364,"properties":{"OBJECTID":500,"TransectID":511,"BaselineID":14,"GroupID":1,"TransOrder":511,"Azimuth":333.74,"ShrCount":7,"TCD":377468.12,"SHAPE_Leng":499.999999997,"SCE":82.64,"NSM":-32.41,"EPR":-1.99,"EPRunc":2.61,"LRR":-2.0,"LR2":0.15,"LSE":29.36,"LCI90":4.21,"WLR":-2.0,"WR2":0.15,"WSE":0.98,"WCI90":4.21,"Shape_Le_1":500.000000463,"ORIG_FID":395,"txt_OBJECTID_1":"395","txt_OBJECTID":"500","txt_TransectID":"511","txt_BaselineID":"14","txt_GroupID":"1","txt_TransOrder":"511","txt_Azimuth":"333.740000000000009","txt_ShrCount":"7","txt_TCD":"377468.119999999995343","txt_SHAPE_Leng":"499.999999996999975","txt_SCE":"82.640000000000001","txt_NSM":"-32.409999999999997","txt_EPR":"-1.990000000000000","txt_EPRunc":"2.610000000000000","txt_LRR":"-2.000000000000000","txt_LR2":"0.150000000000000","txt_LSE":"29.359999999999999","txt_LCI90":"4.210000000000000","txt_WLR":"-2.000000000000000","txt_WR2":"0.150000000000000","txt_WSE":"0.980000000000000","txt_WCI90":"4.210000000000000","txt_Shape_Length":"500.000000463419838","source_feature_index":364,"published_primary_rate_field":"LRR","published_primary_rate_m_per_year":-2.0,"dashboard_rate_class":"STRONG_RETREAT","dashboard_classification_note":"Display convention only; source numeric value is preserved. Not an official DMCR class.","published_period":"1990-2019","published_dataset":"Shoreline ThaiCoast / Krabi_Points"},"geometry":{"type":"Point","coordinates":[99.03848934536718,7.896132863561234]}},{"type":"Feature","id":365,"properties":{"OBJECTID":501,"TransectID":512,"BaselineID":14,"GroupID":1,"TransOrder":512,"Azimuth":332.99,"ShrCount":8,"TCD":377968.12,"SHAPE_Leng":499.999999999,"SCE":62.79,"NSM":-29.37,"EPR":-1.81,"EPRunc":2.61,"LRR":-1.33,"LR2":0.07,"LSE":27.8,"LCI90":3.85,"WLR":-1.33,"WR2":0.07,"WSE":0.93,"WCI90":3.85,"Shape_Le_1":500.000103716,"ORIG_FID":396,"txt_OBJECTID_1":"396","txt_OBJECTID":"501","txt_TransectID":"512","txt_BaselineID":"14","txt_GroupID":"1","txt_TransOrder":"512","txt_Azimuth":"332.990000000000009","txt_ShrCount":"8","txt_TCD":"377968.119999999995343","txt_SHAPE_Leng":"499.999999999000011","txt_SCE":"62.789999999999999","txt_NSM":"-29.370000000000001","txt_EPR":"-1.810000000000000","txt_EPRunc":"2.610000000000000","txt_LRR":"-1.330000000000000","txt_LR2":"0.070000000000000","txt_LSE":"27.800000000000001","txt_LCI90":"3.850000000000000","txt_WLR":"-1.330000000000000","txt_WR2":"0.070000000000000","txt_WSE":"0.930000000000000","txt_WCI90":"3.850000000000000","txt_Shape_Length":"500.000103716316460","source_feature_index":365,"published_primary_rate_field":"LRR","published_primary_rate_m_per_year":-1.33,"dashboard_rate_class":"RETREAT","dashboard_classification_note":"Display convention only; source numeric value is preserved. Not an official DMCR class.","published_period":"1990-2019","published_dataset":"Shoreline ThaiCoast / Krabi_Points"},"geometry":{"type":"Point","coordinates":[99.04047230500234,7.897986883042768]}},{"type":"Feature","id":366,"properties":{"OBJECTID":502,"TransectID":513,"BaselineID":14,"GroupID":1,"TransOrder":513,"Azimuth":354.79,"ShrCount":7,"TCD":378468.12,"SHAPE_Leng":499.999999997,"SCE":87.78,"NSM":-51.64,"EPR":-3.32,"EPRunc":2.73,"LRR":-2.36,"LR2":0.14,"LSE":36.13,"LCI90":5.36,"WLR":-2.36,"WR2":0.14,"WSE":1.2,"WCI90":5.36,"Shape_Le_1":500.000063393,"ORIG_FID":397,"txt_OBJECTID_1":"397","txt_OBJECTID":"502","txt_TransectID":"513","txt_BaselineID":"14","txt_GroupID":"1","txt_TransOrder":"513","txt_Azimuth":"354.790000000000020","txt_ShrCount":"7","txt_TCD":"378468.119999999995343","txt_SHAPE_Leng":"499.999999996999975","txt_SCE":"87.780000000000001","txt_NSM":"-51.640000000000001","txt_EPR":"-3.320000000000000","txt_EPRunc":"2.730000000000000","txt_LRR":"-2.360000000000000","txt_LR2":"0.140000000000000","txt_LSE":"36.130000000000003","txt_LCI90":"5.360000000000000","txt_WLR":"-2.360000000000000","txt_WR2":"0.140000000000000","txt_WSE":"1.200000000000000","txt_WCI90":"5.360000000000000","txt_Shape_Length":"500.000063392663776","source_feature_index":366,"published_primary_rate_field":"LRR","published_primary_rate_m_per_year":-2.36,"dashboard_rate_class":"STRONG_RETREAT","dashboard_classification_note":"Display convention only; source numeric value is preserved. Not an official DMCR class.","published_period":"1990-2019","published_dataset":"Shoreline ThaiCoast / Krabi_Points"},"geometry":{"type":"Point","coordinates":[99.04337980257704,7.8987994590866535]}},{"type":"Feature","id":367,"properties":{"OBJECTID":503,"TransectID":514,"BaselineID":14,"GroupID":1,"TransOrder":514,"Azimuth":349.17,"ShrCount":11,"TCD":378968.12,"SHAPE_Leng":500.000000001,"SCE":60.23,"NSM":-26.77,"EPR":-1.17,"EPRunc":1.86,"LRR":-1.11,"LR2":0.15,"LSE":22.25,"LCI90":1.62,"WLR":-1.11,"WR2":0.15,"WSE":0.74,"WCI90":1.62,"Shape_Le_1":500.000005775,"ORIG_FID":398,"txt_OBJECTID_1":"398","txt_OBJECTID":"503","txt_TransectID":"514","txt_BaselineID":"14","txt_GroupID":"1","txt_TransOrder":"514","txt_Azimuth":"349.170000000000016","txt_ShrCount":"11","txt_TCD":"378968.119999999995343","txt_SHAPE_Leng":"500.000000000999989","txt_SCE":"60.229999999999997","txt_NSM":"-26.770000000000000","txt_EPR":"-1.170000000000000","txt_EPRunc":"1.860000000000000","txt_LRR":"-1.110000000000000","txt_LR2":"0.150000000000000","txt_LSE":"22.250000000000000","txt_LCI90":"1.620000000000000","txt_WLR":"-1.110000000000000","txt_WR2":"0.150000000000000","txt_WSE":"0.740000000000000","txt_WCI90":"1.620000000000000","txt_Shape_Length":"500.000005775020156","source_feature_index":367,"published_primary_rate_field":"LRR","published_primary_rate_m_per_year":-1.11,"dashboard_rate_class":"RETREAT","dashboard_classification_note":"Display convention only; source numeric value is preserved. Not an official DMCR class.","published_period":"1990-2019","published_dataset":"Shoreline ThaiCoast / Krabi_Points"},"geometry":{"type":"Point","coordinates":[99.04772128824698,7.898493658883279]}},{"type":"Feature","id":368,"properties":{"OBJECTID":504,"TransectID":516,"BaselineID":14,"GroupID":1,"TransOrder":516,"Azimuth":313.77,"ShrCount":3,"TCD":379968.12,"SHAPE_Leng":500.000000002,"SCE":62.44,"NSM":-62.44,"EPR":-25.75,"EPRunc":17.5,"LRR":-25.76,"LR2":1.0,"LSE":0.04,"LCI90":0.14,"WLR":-25.76,"WR2":1.0,"WSE":0.0,"WCI90":0.14,"Shape_Le_1":500.000020502,"ORIG_FID":399,"txt_OBJECTID_1":"399","txt_OBJECTID":"504","txt_TransectID":"516","txt_BaselineID":"14","txt_GroupID":"1","txt_TransOrder":"516","txt_Azimuth":"313.769999999999982","txt_ShrCount":"3","txt_TCD":"379968.119999999995343","txt_SHAPE_Leng":"500.000000001999979","txt_SCE":"62.439999999999998","txt_NSM":"-62.439999999999998","txt_EPR":"-25.750000000000000","txt_EPRunc":"17.500000000000000","txt_LRR":"-25.760000000000002","txt_LR2":"1.000000000000000","txt_LSE":"0.040000000000000","txt_LCI90":"0.140000000000000","txt_WLR":"-25.760000000000002","txt_WR2":"1.000000000000000","txt_WSE":"0.000000000000000","txt_WCI90":"0.140000000000000","txt_Shape_Length":"500.000020501826782","source_feature_index":368,"published_primary_rate_field":"LRR","published_primary_rate_m_per_year":-25.76,"dashboard_rate_class":"STRONG_RETREAT","dashboard_classification_note":"Display convention only; source numeric value is preserved. Not an official DMCR class.","published_period":"1990-2019","published_dataset":"Shoreline ThaiCoast / Krabi_Points"},"geometry":{"type":"Point","coordinates":[99.05504703325926,7.903533813435026]}},{"type":"Feature","id":369,"properties":{"OBJECTID":505,"TransectID":517,"BaselineID":14,"GroupID":1,"TransOrder":517,"Azimuth":283.78,"ShrCount":2,"TCD":380468.12,"SHAPE_Leng":500.000000003,"SCE":28.1,"NSM":-28.1,"EPR":-11.59,"EPRunc":17.5,"LRR":0.0,"LR2":0.0,"LSE":0.0,"LCI90":0.0,"WLR":0.0,"WR2":0.0,"WSE":0.0,"WCI90":0.0,"Shape_Le_1":499.99996021,"ORIG_FID":400,"txt_OBJECTID_1":"400","txt_OBJECTID":"505","txt_TransectID":"517","txt_BaselineID":"14","txt_GroupID":"1","txt_TransOrder":"517","txt_Azimuth":"283.779999999999973","txt_ShrCount":"2","txt_TCD":"380468.119999999995343","txt_SHAPE_Leng":"500.000000003000025","txt_SCE":"28.100000000000001","txt_NSM":"-28.100000000000001","txt_EPR":"-11.590000000000000","txt_EPRunc":"17.500000000000000","txt_LRR":"0.000000000000000","txt_LR2":"0.000000000000000","txt_LSE":"0.000000000000000","txt_LCI90":"0.000000000000000","txt_WLR":"0.000000000000000","txt_WR2":"0.000000000000000","txt_WSE":"0.000000000000000","txt_WCI90":"0.000000000000000","txt_Shape_Length":"499.999960209821211","source_feature_index":369,"published_primary_rate_field":"LRR","published_primary_rate_m_per_year":0.0,"dashboard_rate_class":"RELATIVELY_STABLE","dashboard_classification_note":"Display convention only; source numeric value is preserved. Not an official DMCR class.","published_period":"1990-2019","published_dataset":"Shoreline ThaiCoast / Krabi_Points"},"geometry":{"type":"Point","coordinates":[99.05818893310193,7.908152421764341]}},{"type":"Feature","id":370,"properties":{"OBJECTID":564,"TransectID":587,"BaselineID":15,"GroupID":1,"TransOrder":587,"Azimuth":51.48,"ShrCount":14,"TCD":441012.44,"SHAPE_Leng":500.000000001,"SCE":70.45,"NSM":-11.02,"EPR":-0.47,"EPRunc":1.81,"LRR":-0.36,"LR2":0.02,"LSE":23.47,"LCI90":1.29,"WLR":-0.36,"WR2":0.02,"WSE":0.78,"WCI90":1.29,"Shape_Le_1":499.999951954,"ORIG_FID":401,"txt_OBJECTID_1":"401","txt_OBJECTID":"564","txt_TransectID":"587","txt_BaselineID":"15","txt_GroupID":"1","txt_TransOrder":"587","txt_Azimuth":"51.479999999999997","txt_ShrCount":"14","txt_TCD":"441012.440000000002328","txt_SHAPE_Leng":"500.000000000999989","txt_SCE":"70.450000000000003","txt_NSM":"-11.020000000000000","txt_EPR":"-0.470000000000000","txt_EPRunc":"1.810000000000000","txt_LRR":"-0.360000000000000","txt_LR2":"0.020000000000000","txt_LSE":"23.469999999999999","txt_LCI90":"1.290000000000000","txt_WLR":"-0.360000000000000","txt_WR2":"0.020000000000000","txt_WSE":"0.780000000000000","txt_WCI90":"1.290000000000000","txt_Shape_Length":"499.999951953961954","source_feature_index":370,"published_primary_rate_field":"LRR","published_primary_rate_m_per_year":-0.36,"dashboard_rate_class":"RELATIVELY_STABLE","dashboard_classification_note":"Display convention only; source numeric value is preserved. Not an official DMCR class.","published_period":"1990-2019","published_dataset":"Shoreline ThaiCoast / Krabi_Points"},"geometry":{"type":"Point","coordinates":[98.90575225281505,8.04901715464461]}},{"type":"Feature","id":371,"properties":{"OBJECTID":565,"TransectID":588,"BaselineID":15,"GroupID":1,"TransOrder":588,"Azimuth":28.69,"ShrCount":13,"TCD":441512.44,"SHAPE_Leng":500.0,"SCE":189.18,"NSM":113.01,"EPR":4.81,"EPRunc":1.81,"LRR":5.19,"LR2":0.6,"LSE":41.66,"LCI90":2.32,"WLR":5.19,"WR2":0.6,"WSE":1.39,"WCI90":2.32,"Shape_Le_1":500.000007987,"ORIG_FID":402,"txt_OBJECTID_1":"402","txt_OBJECTID":"565","txt_TransectID":"588","txt_BaselineID":"15","txt_GroupID":"1","txt_TransOrder":"588","txt_Azimuth":"28.690000000000001","txt_ShrCount":"13","txt_TCD":"441512.440000000002328","txt_SHAPE_Leng":"500.000000000000000","txt_SCE":"189.180000000000007","txt_NSM":"113.010000000000005","txt_EPR":"4.810000000000000","txt_EPRunc":"1.810000000000000","txt_LRR":"5.190000000000000","txt_LR2":"0.600000000000000","txt_LSE":"41.659999999999997","txt_LCI90":"2.320000000000000","txt_WLR":"5.190000000000000","txt_WR2":"0.600000000000000","txt_WSE":"1.390000000000000","txt_WCI90":"2.320000000000000","txt_Shape_Length":"500.000007987397680","source_feature_index":371,"published_primary_rate_field":"LRR","published_primary_rate_m_per_year":5.19,"dashboard_rate_class":"STRONG_ACCRETION","dashboard_classification_note":"Display convention only; source numeric value is preserved. Not an official DMCR class.","published_period":"1990-2019","published_dataset":"Shoreline ThaiCoast / Krabi_Points"},"geometry":{"type":"Point","coordinates":[98.90865254506397,8.045259577948753]}},{"type":"Feature","id":372,"properties":{"OBJECTID":566,"TransectID":589,"BaselineID":15,"GroupID":1,"TransOrder":589,"Azimuth":341.12,"ShrCount":13,"TCD":442012.44,"SHAPE_Leng":499.999999999,"SCE":58.36,"NSM":-12.08,"EPR":-0.51,"EPRunc":1.81,"LRR":-0.4,"LR2":0.05,"LSE":16.67,"LCI90":0.93,"WLR":-0.4,"WR2":0.05,"WSE":0.56,"WCI90":0.93,"Shape_Le_1":500.000027478,"ORIG_FID":403,"txt_OBJECTID_1":"403","txt_OBJECTID":"566","txt_TransectID":"589","txt_BaselineID":"15","txt_GroupID":"1","txt_TransOrder":"589","txt_Azimuth":"341.120000000000005","txt_ShrCount":"13","txt_TCD":"442012.440000000002328","txt_SHAPE_Leng":"499.999999999000011","txt_SCE":"58.359999999999999","txt_NSM":"-12.080000000000000","txt_EPR":"-0.510000000000000","txt_EPRunc":"1.810000000000000","txt_LRR":"-0.400000000000000","txt_LR2":"0.050000000000000","txt_LSE":"16.670000000000002","txt_LCI90":"0.930000000000000","txt_WLR":"-0.400000000000000","txt_WR2":"0.050000000000000","txt_WSE":"0.560000000000000","txt_WCI90":"0.930000000000000","txt_Shape_Length":"500.000027478426432","source_feature_index":372,"published_primary_rate_field":"LRR","published_primary_rate_m_per_year":-0.4,"dashboard_rate_class":"RELATIVELY_STABLE","dashboard_classification_note":"Display convention only; source numeric value is preserved. Not an official DMCR class.","published_period":"1990-2019","published_dataset":"Shoreline ThaiCoast / Krabi_Points"},"geometry":{"type":"Point","coordinates":[98.91440914806475,8.044935345863774]}},{"type":"Feature","id":373,"properties":{"OBJECTID":567,"TransectID":590,"BaselineID":15,"GroupID":1,"TransOrder":590,"Azimuth":309.25,"ShrCount":4,"TCD":442512.44,"SHAPE_Leng":500.000000003,"SCE":44.73,"NSM":-0.2,"EPR":-0.01,"EPRunc":2.28,"LRR":-0.54,"LR2":0.06,"LSE":21.72,"LCI90":4.45,"WLR":-0.54,"WR2":0.06,"WSE":0.72,"WCI90":4.45,"Shape_Le_1":499.999915095,"ORIG_FID":404,"txt_OBJECTID_1":"404","txt_OBJECTID":"567","txt_TransectID":"590","txt_BaselineID":"15","txt_GroupID":"1","txt_TransOrder":"590","txt_Azimuth":"309.250000000000000","txt_ShrCount":"4","txt_TCD":"442512.440000000002328","txt_SHAPE_Leng":"500.000000003000025","txt_SCE":"44.729999999999997","txt_NSM":"-0.200000000000000","txt_EPR":"-0.010000000000000","txt_EPRunc":"2.280000000000000","txt_LRR":"-0.540000000000000","txt_LR2":"0.060000000000000","txt_LSE":"21.719999999999999","txt_LCI90":"4.450000000000000","txt_WLR":"-0.540000000000000","txt_WR2":"0.060000000000000","txt_WSE":"0.720000000000000","txt_WCI90":"4.450000000000000","txt_Shape_Length":"499.999915095315203","source_feature_index":373,"published_primary_rate_field":"LRR","published_primary_rate_m_per_year":-0.54,"dashboard_rate_class":"RETREAT","dashboard_classification_note":"Display convention only; source numeric value is preserved. Not an official DMCR class.","published_period":"1990-2019","published_dataset":"Shoreline ThaiCoast / Krabi_Points"},"geometry":{"type":"Point","coordinates":[98.91894751418593,8.048354279957838]}},{"type":"Feature","id":374,"properties":{"OBJECTID":571,"TransectID":594,"BaselineID":16,"GroupID":1,"TransOrder":594,"Azimuth":195.71,"ShrCount":7,"TCD":489591.87,"SHAPE_Leng":499.999999997,"SCE":53.25,"NSM":37.64,"EPR":1.36,"EPRunc":1.53,"LRR":0.92,"LR2":0.31,"LSE":17.06,"LCI90":1.23,"WLR":0.92,"WR2":0.31,"WSE":0.57,"WCI90":1.23,"Shape_Le_1":500.000059107,"ORIG_FID":405,"txt_OBJECTID_1":"405","txt_OBJECTID":"571","txt_TransectID":"594","txt_BaselineID":"16","txt_GroupID":"1","txt_TransOrder":"594","txt_Azimuth":"195.710000000000008","txt_ShrCount":"7","txt_TCD":"489591.869999999995343","txt_SHAPE_Leng":"499.999999996999975","txt_SCE":"53.250000000000000","txt_NSM":"37.640000000000001","txt_EPR":"1.360000000000000","txt_EPRunc":"1.530000000000000","txt_LRR":"0.920000000000000","txt_LR2":"0.310000000000000","txt_LSE":"17.059999999999999","txt_LCI90":"1.230000000000000","txt_WLR":"0.920000000000000","txt_WR2":"0.310000000000000","txt_WSE":"0.570000000000000","txt_WCI90":"1.230000000000000","txt_Shape_Length":"500.000059107002357","source_feature_index":374,"published_primary_rate_field":"LRR","published_primary_rate_m_per_year":0.92,"dashboard_rate_class":"ACCRETION","dashboard_classification_note":"Display convention only; source numeric value is preserved. Not an official DMCR class.","published_period":"1990-2019","published_dataset":"Shoreline ThaiCoast / Krabi_Points"},"geometry":{"type":"Point","coordinates":[98.64590817856431,8.373125978802403]}},{"type":"Feature","id":375,"properties":{"OBJECTID":572,"TransectID":595,"BaselineID":16,"GroupID":1,"TransOrder":595,"Azimuth":169.79,"ShrCount":7,"TCD":490091.87,"SHAPE_Leng":499.999999996,"SCE":66.48,"NSM":51.29,"EPR":1.85,"EPRunc":1.53,"LRR":1.62,"LR2":0.42,"LSE":22.53,"LCI90":1.7,"WLR":1.62,"WR2":0.42,"WSE":0.75,"WCI90":1.7,"Shape_Le_1":499.999988512,"ORIG_FID":406,"txt_OBJECTID_1":"406","txt_OBJECTID":"572","txt_TransectID":"595","txt_BaselineID":"16","txt_GroupID":"1","txt_TransOrder":"595","txt_Azimuth":"169.789999999999992","txt_ShrCount":"7","txt_TCD":"490091.869999999995343","txt_SHAPE_Leng":"499.999999995999985","txt_SCE":"66.480000000000004","txt_NSM":"51.289999999999999","txt_EPR":"1.850000000000000","txt_EPRunc":"1.530000000000000","txt_LRR":"1.620000000000000","txt_LR2":"0.420000000000000","txt_LSE":"22.530000000000001","txt_LCI90":"1.700000000000000","txt_WLR":"1.620000000000000","txt_WR2":"0.420000000000000","txt_WSE":"0.750000000000000","txt_WCI90":"1.700000000000000","txt_Shape_Length":"499.999988512492678","source_feature_index":375,"published_primary_rate_field":"LRR","published_primary_rate_m_per_year":1.62,"dashboard_rate_class":"ACCRETION","dashboard_classification_note":"Display convention only; source numeric value is preserved. Not an official DMCR class.","published_period":"1990-2019","published_dataset":"Shoreline ThaiCoast / Krabi_Points"},"geometry":{"type":"Point","coordinates":[98.64090412819544,8.373341185114326]}},{"type":"Feature","id":376,"properties":{"OBJECTID":573,"TransectID":596,"BaselineID":16,"GroupID":1,"TransOrder":596,"Azimuth":127.33,"ShrCount":8,"TCD":490591.87,"SHAPE_Leng":499.999999998,"SCE":53.35,"NSM":22.17,"EPR":0.8,"EPRunc":1.53,"LRR":1.06,"LR2":0.36,"LSE":15.46,"LCI90":1.12,"WLR":1.06,"WR2":0.36,"WSE":0.52,"WCI90":1.12,"Shape_Le_1":500.000018633,"ORIG_FID":407,"txt_OBJECTID_1":"407","txt_OBJECTID":"573","txt_TransectID":"596","txt_BaselineID":"16","txt_GroupID":"1","txt_TransOrder":"596","txt_Azimuth":"127.329999999999998","txt_ShrCount":"8","txt_TCD":"490591.869999999995343","txt_SHAPE_Leng":"499.999999998000021","txt_SCE":"53.350000000000001","txt_NSM":"22.170000000000002","txt_EPR":"0.800000000000000","txt_EPRunc":"1.530000000000000","txt_LRR":"1.060000000000000","txt_LR2":"0.360000000000000","txt_LSE":"15.460000000000001","txt_LCI90":"1.120000000000000","txt_WLR":"1.060000000000000","txt_WR2":"0.360000000000000","txt_WSE":"0.520000000000000","txt_WCI90":"1.120000000000000","txt_Shape_Length":"500.000018633223533","source_feature_index":376,"published_primary_rate_field":"LRR","published_primary_rate_m_per_year":1.06,"dashboard_rate_class":"ACCRETION","dashboard_classification_note":"Display convention only; source numeric value is preserved. Not an official DMCR class.","published_period":"1990-2019","published_dataset":"Shoreline ThaiCoast / Krabi_Points"},"geometry":{"type":"Point","coordinates":[98.63542165316431,8.37086445551933]}},{"type":"Feature","id":377,"properties":{"OBJECTID":574,"TransectID":597,"BaselineID":16,"GroupID":1,"TransOrder":597,"Azimuth":86.88,"ShrCount":5,"TCD":491091.87,"SHAPE_Leng":500.0,"SCE":46.87,"NSM":46.87,"EPR":1.69,"EPRunc":1.53,"LRR":0.59,"LR2":0.16,"LSE":20.84,"LCI90":1.87,"WLR":0.59,"WR2":0.16,"WSE":0.69,"WCI90":1.87,"Shape_Le_1":500.00005428,"ORIG_FID":408,"txt_OBJECTID_1":"408","txt_OBJECTID":"574","txt_TransectID":"597","txt_BaselineID":"16","txt_GroupID":"1","txt_TransOrder":"597","txt_Azimuth":"86.879999999999995","txt_ShrCount":"5","txt_TCD":"491091.869999999995343","txt_SHAPE_Leng":"500.000000000000000","txt_SCE":"46.869999999999997","txt_NSM":"46.869999999999997","txt_EPR":"1.690000000000000","txt_EPRunc":"1.530000000000000","txt_LRR":"0.590000000000000","txt_LR2":"0.160000000000000","txt_LSE":"20.840000000000000","txt_LCI90":"1.870000000000000","txt_WLR":"0.590000000000000","txt_WR2":"0.160000000000000","txt_WSE":"0.690000000000000","txt_WCI90":"1.870000000000000","txt_Shape_Length":"500.000054280499000","source_feature_index":377,"published_primary_rate_field":"LRR","published_primary_rate_m_per_year":0.59,"dashboard_rate_class":"ACCRETION","dashboard_classification_note":"Display convention only; source numeric value is preserved. Not an official DMCR class.","published_period":"1990-2019","published_dataset":"Shoreline ThaiCoast / Krabi_Points"},"geometry":{"type":"Point","coordinates":[98.63447072261222,8.365011651793756]}},{"type":"Feature","id":378,"properties":{"OBJECTID":575,"TransectID":598,"BaselineID":16,"GroupID":1,"TransOrder":598,"Azimuth":69.83,"ShrCount":7,"TCD":491591.87,"SHAPE_Leng":500.0,"SCE":94.06,"NSM":23.24,"EPR":0.84,"EPRunc":1.53,"LRR":1.59,"LR2":0.24,"LSE":37.63,"LCI90":2.55,"WLR":1.59,"WR2":0.24,"WSE":1.25,"WCI90":2.55,"Shape_Le_1":500.00001434,"ORIG_FID":409,"txt_OBJECTID_1":"409","txt_OBJECTID":"575","txt_TransectID":"598","txt_BaselineID":"16","txt_GroupID":"1","txt_TransOrder":"598","txt_Azimuth":"69.829999999999998","txt_ShrCount":"7","txt_TCD":"491591.869999999995343","txt_SHAPE_Leng":"500.000000000000000","txt_SCE":"94.060000000000002","txt_NSM":"23.239999999999998","txt_EPR":"0.840000000000000","txt_EPRunc":"1.530000000000000","txt_LRR":"1.590000000000000","txt_LR2":"0.240000000000000","txt_LSE":"37.630000000000003","txt_LCI90":"2.550000000000000","txt_WLR":"1.590000000000000","txt_WR2":"0.240000000000000","txt_WSE":"1.250000000000000","txt_WCI90":"2.550000000000000","txt_Shape_Length":"500.000014340089081","source_feature_index":378,"published_primary_rate_field":"LRR","published_primary_rate_m_per_year":1.59,"dashboard_rate_class":"ACCRETION","dashboard_classification_note":"Display convention only; source numeric value is preserved. Not an official DMCR class.","published_period":"1990-2019","published_dataset":"Shoreline ThaiCoast / Krabi_Points"},"geometry":{"type":"Point","coordinates":[98.63558289708592,8.359990120908684]}},{"type":"Feature","id":379,"properties":{"OBJECTID":576,"TransectID":599,"BaselineID":16,"GroupID":1,"TransOrder":599,"Azimuth":43.62,"ShrCount":6,"TCD":492091.87,"SHAPE_Leng":500.0,"SCE":112.39,"NSM":-25.01,"EPR":-0.9,"EPRunc":1.53,"LRR":-1.51,"LR2":0.22,"LSE":37.1,"LCI90":3.02,"WLR":-1.51,"WR2":0.22,"WSE":1.24,"WCI90":3.02,"Shape_Le_1":500.000060292,"ORIG_FID":410,"txt_OBJECTID_1":"410","txt_OBJECTID":"576","txt_TransectID":"599","txt_BaselineID":"16","txt_GroupID":"1","txt_TransOrder":"599","txt_Azimuth":"43.619999999999997","txt_ShrCount":"6","txt_TCD":"492091.869999999995343","txt_SHAPE_Leng":"500.000000000000000","txt_SCE":"112.390000000000001","txt_NSM":"-25.010000000000002","txt_EPR":"-0.900000000000000","txt_EPRunc":"1.530000000000000","txt_LRR":"-1.510000000000000","txt_LR2":"0.220000000000000","txt_LSE":"37.100000000000001","txt_LCI90":"3.020000000000000","txt_WLR":"-1.510000000000000","txt_WR2":"0.220000000000000","txt_WSE":"1.240000000000000","txt_WCI90":"3.020000000000000","txt_Shape_Length":"500.000060292345836","source_feature_index":379,"published_primary_rate_field":"LRR","published_primary_rate_m_per_year":-1.51,"dashboard_rate_class":"RETREAT","dashboard_classification_note":"Display convention only; source numeric value is preserved. Not an official DMCR class.","published_period":"1990-2019","published_dataset":"Shoreline ThaiCoast / Krabi_Points"},"geometry":{"type":"Point","coordinates":[98.63808516312697,8.355626699831374]}},{"type":"Feature","id":380,"properties":{"OBJECTID":577,"TransectID":600,"BaselineID":16,"GroupID":1,"TransOrder":600,"Azimuth":67.07,"ShrCount":5,"TCD":492591.87,"SHAPE_Leng":499.999999999,"SCE":84.56,"NSM":-53.77,"EPR":-2.3,"EPRunc":1.81,"LRR":-0.49,"LR2":0.02,"LSE":43.14,"LCI90":4.53,"WLR":-0.49,"WR2":0.02,"WSE":1.44,"WCI90":4.53,"Shape_Le_1":500.000003131,"ORIG_FID":411,"txt_OBJECTID_1":"411","txt_OBJECTID":"577","txt_TransectID":"600","txt_BaselineID":"16","txt_GroupID":"1","txt_TransOrder":"600","txt_Azimuth":"67.069999999999993","txt_ShrCount":"5","txt_TCD":"492591.869999999995343","txt_SHAPE_Leng":"499.999999999000011","txt_SCE":"84.560000000000002","txt_NSM":"-53.770000000000003","txt_EPR":"-2.300000000000000","txt_EPRunc":"1.810000000000000","txt_LRR":"-0.490000000000000","txt_LR2":"0.020000000000000","txt_LSE":"43.140000000000001","txt_LCI90":"4.530000000000000","txt_WLR":"-0.490000000000000","txt_WR2":"0.020000000000000","txt_WSE":"1.440000000000000","txt_WCI90":"4.530000000000000","txt_Shape_Length":"500.000003130555854","source_feature_index":380,"published_primary_rate_field":"LRR","published_primary_rate_m_per_year":-0.49,"dashboard_rate_class":"RELATIVELY_STABLE","dashboard_classification_note":"Display convention only; source numeric value is preserved. Not an official DMCR class.","published_period":"1990-2019","published_dataset":"Shoreline ThaiCoast / Krabi_Points"},"geometry":{"type":"Point","coordinates":[98.64039837801582,8.355366023646821]}},{"type":"Feature","id":381,"properties":{"OBJECTID":578,"TransectID":601,"BaselineID":16,"GroupID":1,"TransOrder":601,"Azimuth":98.89,"ShrCount":2,"TCD":493091.87,"SHAPE_Leng":499.999999999,"SCE":38.34,"NSM":38.34,"EPR":2.4,"EPRunc":2.66,"LRR":0.0,"LR2":0.0,"LSE":0.0,"LCI90":0.0,"WLR":0.0,"WR2":0.0,"WSE":0.0,"WCI90":0.0,"Shape_Le_1":499.999941885,"ORIG_FID":412,"txt_OBJECTID_1":"412","txt_OBJECTID":"578","txt_TransectID":"601","txt_BaselineID":"16","txt_GroupID":"1","txt_TransOrder":"601","txt_Azimuth":"98.890000000000001","txt_ShrCount":"2","txt_TCD":"493091.869999999995343","txt_SHAPE_Leng":"499.999999999000011","txt_SCE":"38.340000000000003","txt_NSM":"38.340000000000003","txt_EPR":"2.400000000000000","txt_EPRunc":"2.660000000000000","txt_LRR":"0.000000000000000","txt_LR2":"0.000000000000000","txt_LSE":"0.000000000000000","txt_LCI90":"0.000000000000000","txt_WLR":"0.000000000000000","txt_WR2":"0.000000000000000","txt_WSE":"0.000000000000000","txt_WCI90":"0.000000000000000","txt_Shape_Length":"499.999941884567590","source_feature_index":381,"published_primary_rate_field":"LRR","published_primary_rate_m_per_year":0.0,"dashboard_rate_class":"RELATIVELY_STABLE","dashboard_classification_note":"Display convention only; source numeric value is preserved. Not an official DMCR class.","published_period":"1990-2019","published_dataset":"Shoreline ThaiCoast / Krabi_Points"},"geometry":{"type":"Point","coordinates":[98.63965375459652,8.352335245990927]}},{"type":"Feature","id":382,"properties":{"OBJECTID":579,"TransectID":602,"BaselineID":16,"GroupID":1,"TransOrder":602,"Azimuth":120.77,"ShrCount":4,"TCD":493591.87,"SHAPE_Leng":500.000000002,"SCE":95.56,"NSM":-34.99,"EPR":-2.19,"EPRunc":2.66,"LRR":-0.18,"LR2":0.0,"LSE":49.07,"LCI90":10.75,"WLR":-0.18,"WR2":0.0,"WSE":1.64,"WCI90":10.75,"Shape_Le_1":499.999935799,"ORIG_FID":413,"txt_OBJECTID_1":"413","txt_OBJECTID":"579","txt_TransectID":"602","txt_BaselineID":"16","txt_GroupID":"1","txt_TransOrder":"602","txt_Azimuth":"120.769999999999996","txt_ShrCount":"4","txt_TCD":"493591.869999999995343","txt_SHAPE_Leng":"500.000000001999979","txt_SCE":"95.560000000000002","txt_NSM":"-34.990000000000002","txt_EPR":"-2.190000000000000","txt_EPRunc":"2.660000000000000","txt_LRR":"-0.180000000000000","txt_LR2":"0.000000000000000","txt_LSE":"49.070000000000000","txt_LCI90":"10.750000000000000","txt_WLR":"-0.180000000000000","txt_WR2":"0.000000000000000","txt_WSE":"1.640000000000000","txt_WCI90":"10.750000000000000","txt_Shape_Length":"499.999935799461980","source_feature_index":382,"published_primary_rate_field":"LRR","published_primary_rate_m_per_year":-0.18,"dashboard_rate_class":"RELATIVELY_STABLE","dashboard_classification_note":"Display convention only; source numeric value is preserved. Not an official DMCR class.","published_period":"1990-2019","published_dataset":"Shoreline ThaiCoast / Krabi_Points"},"geometry":{"type":"Point","coordinates":[98.63928184367549,8.349361661593674]}},{"type":"Feature","id":383,"properties":{"OBJECTID":580,"TransectID":603,"BaselineID":16,"GroupID":1,"TransOrder":603,"Azimuth":142.15,"ShrCount":4,"TCD":494091.87,"SHAPE_Leng":499.999999993,"SCE":220.51,"NSM":-24.1,"EPR":-1.03,"EPRunc":1.81,"LRR":-4.77,"LR2":0.26,"LSE":104.06,"LCI90":16.6,"WLR":-4.77,"WR2":0.26,"WSE":3.47,"WCI90":16.6,"Shape_Le_1":499.99995444,"ORIG_FID":414,"txt_OBJECTID_1":"414","txt_OBJECTID":"580","txt_TransectID":"603","txt_BaselineID":"16","txt_GroupID":"1","txt_TransOrder":"603","txt_Azimuth":"142.150000000000006","txt_ShrCount":"4","txt_TCD":"494091.869999999995343","txt_SHAPE_Leng":"499.999999993000017","txt_SCE":"220.509999999999991","txt_NSM":"-24.100000000000001","txt_EPR":"-1.030000000000000","txt_EPRunc":"1.810000000000000","txt_LRR":"-4.770000000000000","txt_LR2":"0.260000000000000","txt_LSE":"104.060000000000002","txt_LCI90":"16.600000000000001","txt_WLR":"-4.770000000000000","txt_WR2":"0.260000000000000","txt_WSE":"3.470000000000000","txt_WCI90":"16.600000000000001","txt_Shape_Length":"499.999954440426393","source_feature_index":383,"published_primary_rate_field":"LRR","published_primary_rate_m_per_year":-4.77,"dashboard_rate_class":"STRONG_RETREAT","dashboard_classification_note":"Display convention only; source numeric value is preserved. Not an official DMCR class.","published_period":"1990-2019","published_dataset":"Shoreline ThaiCoast / Krabi_Points"},"geometry":{"type":"Point","coordinates":[98.6367334369559,8.347455791656106]}},{"type":"Feature","id":384,"properties":{"OBJECTID":581,"TransectID":604,"BaselineID":16,"GroupID":1,"TransOrder":604,"Azimuth":71.46,"ShrCount":9,"TCD":494591.87,"SHAPE_Leng":499.999999999,"SCE":120.46,"NSM":70.58,"EPR":2.55,"EPRunc":1.53,"LRR":1.79,"LR2":0.24,"LSE":36.57,"LCI90":2.26,"WLR":1.79,"WR2":0.24,"WSE":1.22,"WCI90":2.26,"Shape_Le_1":499.999996726,"ORIG_FID":415,"txt_OBJECTID_1":"415","txt_OBJECTID":"581","txt_TransectID":"604","txt_BaselineID":"16","txt_GroupID":"1","txt_TransOrder":"604","txt_Azimuth":"71.459999999999994","txt_ShrCount":"9","txt_TCD":"494591.869999999995343","txt_SHAPE_Leng":"499.999999999000011","txt_SCE":"120.459999999999994","txt_NSM":"70.579999999999998","txt_EPR":"2.550000000000000","txt_EPRunc":"1.530000000000000","txt_LRR":"1.790000000000000","txt_LR2":"0.240000000000000","txt_LSE":"36.570000000000000","txt_LCI90":"2.260000000000000","txt_WLR":"1.790000000000000","txt_WR2":"0.240000000000000","txt_WSE":"1.220000000000000","txt_WCI90":"2.260000000000000","txt_Shape_Length":"499.999996726210441","source_feature_index":384,"published_primary_rate_field":"LRR","published_primary_rate_m_per_year":1.79,"dashboard_rate_class":"ACCRETION","dashboard_classification_note":"Display convention only; source numeric value is preserved. Not an official DMCR class.","published_period":"1990-2019","published_dataset":"Shoreline ThaiCoast / Krabi_Points"},"geometry":{"type":"Point","coordinates":[98.63345500828332,8.343122248093724]}},{"type":"Feature","id":385,"properties":{"OBJECTID":590,"TransectID":613,"BaselineID":16,"GroupID":1,"TransOrder":613,"Azimuth":101.37,"ShrCount":8,"TCD":499091.87,"SHAPE_Leng":500.000000001,"SCE":71.54,"NSM":10.27,"EPR":0.37,"EPRunc":1.53,"LRR":0.85,"LR2":0.13,"LSE":27.88,"LCI90":1.76,"WLR":0.85,"WR2":0.13,"WSE":0.93,"WCI90":1.76,"Shape_Le_1":499.999945608,"ORIG_FID":416,"txt_OBJECTID_1":"416","txt_OBJECTID":"590","txt_TransectID":"613","txt_BaselineID":"16","txt_GroupID":"1","txt_TransOrder":"613","txt_Azimuth":"101.370000000000005","txt_ShrCount":"8","txt_TCD":"499091.869999999995343","txt_SHAPE_Leng":"500.000000000999989","txt_SCE":"71.540000000000006","txt_NSM":"10.270000000000000","txt_EPR":"0.370000000000000","txt_EPRunc":"1.530000000000000","txt_LRR":"0.850000000000000","txt_LR2":"0.130000000000000","txt_LSE":"27.879999999999999","txt_LCI90":"1.760000000000000","txt_WLR":"0.850000000000000","txt_WR2":"0.130000000000000","txt_WSE":"0.930000000000000","txt_WCI90":"1.760000000000000","txt_Shape_Length":"499.999945608067776","source_feature_index":385,"published_primary_rate_field":"LRR","published_primary_rate_m_per_year":0.85,"dashboard_rate_class":"ACCRETION","dashboard_classification_note":"Display convention only; source numeric value is preserved. Not an official DMCR class.","published_period":"1990-2019","published_dataset":"Shoreline ThaiCoast / Krabi_Points"},"geometry":{"type":"Point","coordinates":[98.6358160381272,8.330498370152435]}},{"type":"Feature","id":386,"properties":{"OBJECTID":591,"TransectID":614,"BaselineID":16,"GroupID":1,"TransOrder":614,"Azimuth":131.27,"ShrCount":7,"TCD":499591.87,"SHAPE_Leng":499.999999999,"SCE":195.72,"NSM":39.14,"EPR":1.41,"EPRunc":1.53,"LRR":0.44,"LR2":0.01,"LSE":73.11,"LCI90":5.51,"WLR":0.44,"WR2":0.01,"WSE":2.44,"WCI90":5.51,"Shape_Le_1":500.000068078,"ORIG_FID":417,"txt_OBJECTID_1":"417","txt_OBJECTID":"591","txt_TransectID":"614","txt_BaselineID":"16","txt_GroupID":"1","txt_TransOrder":"614","txt_Azimuth":"131.270000000000010","txt_ShrCount":"7","txt_TCD":"499591.869999999995343","txt_SHAPE_Leng":"499.999999999000011","txt_SCE":"195.719999999999999","txt_NSM":"39.140000000000001","txt_EPR":"1.410000000000000","txt_EPRunc":"1.530000000000000","txt_LRR":"0.440000000000000","txt_LR2":"0.010000000000000","txt_LSE":"73.109999999999999","txt_LCI90":"5.510000000000000","txt_WLR":"0.440000000000000","txt_WR2":"0.010000000000000","txt_WSE":"2.440000000000000","txt_WCI90":"5.510000000000000","txt_Shape_Length":"500.000068078486379","source_feature_index":386,"published_primary_rate_field":"LRR","published_primary_rate_m_per_year":0.44,"dashboard_rate_class":"RELATIVELY_STABLE","dashboard_classification_note":"Display convention only; source numeric value is preserved. Not an official DMCR class.","published_period":"1990-2019","published_dataset":"Shoreline ThaiCoast / Krabi_Points"},"geometry":{"type":"Point","coordinates":[98.63470931630661,8.327451360053022]}},{"type":"Feature","id":387,"properties":{"OBJECTID":592,"TransectID":615,"BaselineID":16,"GroupID":1,"TransOrder":615,"Azimuth":110.45,"ShrCount":9,"TCD":500091.87,"SHAPE_Leng":500.000000001,"SCE":70.03,"NSM":39.82,"EPR":1.44,"EPRunc":1.53,"LRR":1.26,"LR2":0.25,"LSE":25.46,"LCI90":1.57,"WLR":1.26,"WR2":0.25,"WSE":0.85,"WCI90":1.57,"Shape_Le_1":499.999997159,"ORIG_FID":418,"txt_OBJECTID_1":"418","txt_OBJECTID":"592","txt_TransectID":"615","txt_BaselineID":"16","txt_GroupID":"1","txt_TransOrder":"615","txt_Azimuth":"110.450000000000003","txt_ShrCount":"9","txt_TCD":"500091.869999999995343","txt_SHAPE_Leng":"500.000000000999989","txt_SCE":"70.030000000000001","txt_NSM":"39.820000000000000","txt_EPR":"1.440000000000000","txt_EPRunc":"1.530000000000000","txt_LRR":"1.260000000000000","txt_LR2":"0.250000000000000","txt_LSE":"25.460000000000001","txt_LCI90":"1.570000000000000","txt_WLR":"1.260000000000000","txt_WR2":"0.250000000000000","txt_WSE":"0.850000000000000","txt_WCI90":"1.570000000000000","txt_Shape_Length":"499.999997159184545","source_feature_index":387,"published_primary_rate_field":"LRR","published_primary_rate_m_per_year":1.26,"dashboard_rate_class":"ACCRETION","dashboard_classification_note":"Display convention only; source numeric value is preserved. Not an official DMCR class.","published_period":"1990-2019","published_dataset":"Shoreline ThaiCoast / Krabi_Points"},"geometry":{"type":"Point","coordinates":[98.63068394446537,8.324896816543703]}},{"type":"Feature","id":388,"properties":{"OBJECTID":593,"TransectID":616,"BaselineID":16,"GroupID":1,"TransOrder":616,"Azimuth":85.76,"ShrCount":7,"TCD":500591.87,"SHAPE_Leng":500.000000001,"SCE":130.38,"NSM":6.69,"EPR":0.24,"EPRunc":1.53,"LRR":-0.64,"LR2":0.02,"LSE":52.09,"LCI90":3.92,"WLR":-0.64,"WR2":0.02,"WSE":1.74,"WCI90":3.92,"Shape_Le_1":500.000010697,"ORIG_FID":419,"txt_OBJECTID_1":"419","txt_OBJECTID":"593","txt_TransectID":"616","txt_BaselineID":"16","txt_GroupID":"1","txt_TransOrder":"616","txt_Azimuth":"85.760000000000005","txt_ShrCount":"7","txt_TCD":"500591.869999999995343","txt_SHAPE_Leng":"500.000000000999989","txt_SCE":"130.379999999999995","txt_NSM":"6.690000000000000","txt_EPR":"0.240000000000000","txt_EPRunc":"1.530000000000000","txt_LRR":"-0.640000000000000","txt_LR2":"0.020000000000000","txt_LSE":"52.090000000000003","txt_LCI90":"3.920000000000000","txt_WLR":"-0.640000000000000","txt_WR2":"0.020000000000000","txt_WSE":"1.740000000000000","txt_WCI90":"3.920000000000000","txt_Shape_Length":"500.000010696791605","source_feature_index":388,"published_primary_rate_field":"LRR","published_primary_rate_m_per_year":-0.64,"dashboard_rate_class":"RETREAT","dashboard_classification_note":"Display convention only; source numeric value is preserved. Not an official DMCR class.","published_period":"1990-2019","published_dataset":"Shoreline ThaiCoast / Krabi_Points"},"geometry":{"type":"Point","coordinates":[98.63202231616921,8.320085887211524]}},{"type":"Feature","id":389,"properties":{"OBJECTID":594,"TransectID":617,"BaselineID":16,"GroupID":1,"TransOrder":617,"Azimuth":113.81,"ShrCount":9,"TCD":501091.87,"SHAPE_Leng":499.999999997,"SCE":155.04,"NSM":62.75,"EPR":2.27,"EPRunc":1.53,"LRR":1.57,"LR2":0.11,"LSE":51.58,"LCI90":3.18,"WLR":1.57,"WR2":0.11,"WSE":1.72,"WCI90":3.18,"Shape_Le_1":500.000043785,"ORIG_FID":420,"txt_OBJECTID_1":"420","txt_OBJECTID":"594","txt_TransectID":"617","txt_BaselineID":"16","txt_GroupID":"1","txt_TransOrder":"617","txt_Azimuth":"113.810000000000002","txt_ShrCount":"9","txt_TCD":"501091.869999999995343","txt_SHAPE_Leng":"499.999999996999975","txt_SCE":"155.039999999999992","txt_NSM":"62.750000000000000","txt_EPR":"2.270000000000000","txt_EPRunc":"1.530000000000000","txt_LRR":"1.570000000000000","txt_LR2":"0.110000000000000","txt_LSE":"51.579999999999998","txt_LCI90":"3.180000000000000","txt_WLR":"1.570000000000000","txt_WR2":"0.110000000000000","txt_WSE":"1.720000000000000","txt_WCI90":"3.180000000000000","txt_Shape_Length":"500.000043784993579","source_feature_index":389,"published_primary_rate_field":"LRR","published_primary_rate_m_per_year":1.57,"dashboard_rate_class":"ACCRETION","dashboard_classification_note":"Display convention only; source numeric value is preserved. Not an official DMCR class.","published_period":"1990-2019","published_dataset":"Shoreline ThaiCoast / Krabi_Points"},"geometry":{"type":"Point","coordinates":[98.631352367572,8.316817403879492]}},{"type":"Feature","id":390,"properties":{"OBJECTID":595,"TransectID":618,"BaselineID":16,"GroupID":1,"TransOrder":618,"Azimuth":157.33,"ShrCount":9,"TCD":501591.87,"SHAPE_Leng":499.999999998,"SCE":227.78,"NSM":42.64,"EPR":1.54,"EPRunc":1.53,"LRR":1.43,"LR2":0.04,"LSE":86.86,"LCI90":5.36,"WLR":1.43,"WR2":0.04,"WSE":2.9,"WCI90":5.36,"Shape_Le_1":499.999935325,"ORIG_FID":421,"txt_OBJECTID_1":"421","txt_OBJECTID":"595","txt_TransectID":"618","txt_BaselineID":"16","txt_GroupID":"1","txt_TransOrder":"618","txt_Azimuth":"157.330000000000013","txt_ShrCount":"9","txt_TCD":"501591.869999999995343","txt_SHAPE_Leng":"499.999999998000021","txt_SCE":"227.780000000000001","txt_NSM":"42.640000000000001","txt_EPR":"1.540000000000000","txt_EPRunc":"1.530000000000000","txt_LRR":"1.430000000000000","txt_LR2":"0.040000000000000","txt_LSE":"86.859999999999999","txt_LCI90":"5.360000000000000","txt_WLR":"1.430000000000000","txt_WR2":"0.040000000000000","txt_WSE":"2.900000000000000","txt_WCI90":"5.360000000000000","txt_Shape_Length":"499.999935324719445","source_feature_index":390,"published_primary_rate_field":"LRR","published_primary_rate_m_per_year":1.43,"dashboard_rate_class":"ACCRETION","dashboard_classification_note":"Display convention only; source numeric value is preserved. Not an official DMCR class.","published_period":"1990-2019","published_dataset":"Shoreline ThaiCoast / Krabi_Points"},"geometry":{"type":"Point","coordinates":[98.6299755038347,8.314569364294288]}},{"type":"Feature","id":391,"properties":{"OBJECTID":596,"TransectID":619,"BaselineID":16,"GroupID":1,"TransOrder":619,"Azimuth":137.93,"ShrCount":9,"TCD":502091.87,"SHAPE_Leng":500.000000003,"SCE":49.62,"NSM":29.59,"EPR":1.07,"EPRunc":1.53,"LRR":1.21,"LR2":0.57,"LSE":12.22,"LCI90":0.75,"WLR":1.21,"WR2":0.57,"WSE":0.41,"WCI90":0.75,"Shape_Le_1":500.000018301,"ORIG_FID":422,"txt_OBJECTID_1":"422","txt_OBJECTID":"596","txt_TransectID":"619","txt_BaselineID":"16","txt_GroupID":"1","txt_TransOrder":"619","txt_Azimuth":"137.930000000000007","txt_ShrCount":"9","txt_TCD":"502091.869999999995343","txt_SHAPE_Leng":"500.000000003000025","txt_SCE":"49.619999999999997","txt_NSM":"29.590000000000000","txt_EPR":"1.070000000000000","txt_EPRunc":"1.530000000000000","txt_LRR":"1.210000000000000","txt_LR2":"0.570000000000000","txt_LSE":"12.220000000000001","txt_LCI90":"0.750000000000000","txt_WLR":"1.210000000000000","txt_WR2":"0.570000000000000","txt_WSE":"0.410000000000000","txt_WCI90":"0.750000000000000","txt_Shape_Length":"500.000018300796626","source_feature_index":391,"published_primary_rate_field":"LRR","published_primary_rate_m_per_year":1.21,"dashboard_rate_class":"ACCRETION","dashboard_classification_note":"Display convention only; source numeric value is preserved. Not an official DMCR class.","published_period":"1990-2019","published_dataset":"Shoreline ThaiCoast / Krabi_Points"},"geometry":{"type":"Point","coordinates":[98.62655713607573,8.315352351273786]}},{"type":"Feature","id":392,"properties":{"OBJECTID":597,"TransectID":620,"BaselineID":16,"GroupID":1,"TransOrder":620,"Azimuth":81.65,"ShrCount":8,"TCD":502591.87,"SHAPE_Leng":499.999999998,"SCE":72.68,"NSM":51.88,"EPR":1.87,"EPRunc":1.53,"LRR":1.26,"LR2":0.25,"LSE":23.73,"LCI90":1.72,"WLR":1.26,"WR2":0.25,"WSE":0.79,"WCI90":1.72,"Shape_Le_1":499.999963249,"ORIG_FID":423,"txt_OBJECTID_1":"423","txt_OBJECTID":"597","txt_TransectID":"620","txt_BaselineID":"16","txt_GroupID":"1","txt_TransOrder":"620","txt_Azimuth":"81.650000000000006","txt_ShrCount":"8","txt_TCD":"502591.869999999995343","txt_SHAPE_Leng":"499.999999998000021","txt_SCE":"72.680000000000007","txt_NSM":"51.880000000000003","txt_EPR":"1.870000000000000","txt_EPRunc":"1.530000000000000","txt_LRR":"1.260000000000000","txt_LR2":"0.250000000000000","txt_LSE":"23.730000000000000","txt_LCI90":"1.720000000000000","txt_WLR":"1.260000000000000","txt_WR2":"0.250000000000000","txt_WSE":"0.790000000000000","txt_WCI90":"1.720000000000000","txt_Shape_Length":"499.999963249451071","source_feature_index":392,"published_primary_rate_field":"LRR","published_primary_rate_m_per_year":1.26,"dashboard_rate_class":"ACCRETION","dashboard_classification_note":"Display convention only; source numeric value is preserved. Not an official DMCR class.","published_period":"1990-2019","published_dataset":"Shoreline ThaiCoast / Krabi_Points"},"geometry":{"type":"Point","coordinates":[98.62527440445884,8.309152177141357]}},{"type":"Feature","id":393,"properties":{"OBJECTID":598,"TransectID":621,"BaselineID":16,"GroupID":1,"TransOrder":621,"Azimuth":58.89,"ShrCount":8,"TCD":503091.87,"SHAPE_Leng":499.999999998,"SCE":188.85,"NSM":157.29,"EPR":5.68,"EPRunc":1.53,"LRR":4.48,"LR2":0.57,"LSE":48.39,"LCI90":3.06,"WLR":4.48,"WR2":0.57,"WSE":1.61,"WCI90":3.06,"Shape_Le_1":500.000005207,"ORIG_FID":424,"txt_OBJECTID_1":"424","txt_OBJECTID":"598","txt_TransectID":"621","txt_BaselineID":"16","txt_GroupID":"1","txt_TransOrder":"621","txt_Azimuth":"58.890000000000001","txt_ShrCount":"8","txt_TCD":"503091.869999999995343","txt_SHAPE_Leng":"499.999999998000021","txt_SCE":"188.849999999999994","txt_NSM":"157.289999999999992","txt_EPR":"5.680000000000000","txt_EPRunc":"1.530000000000000","txt_LRR":"4.480000000000000","txt_LR2":"0.570000000000000","txt_LSE":"48.390000000000001","txt_LCI90":"3.060000000000000","txt_WLR":"4.480000000000000","txt_WR2":"0.570000000000000","txt_WSE":"1.610000000000000","txt_WCI90":"3.060000000000000","txt_Shape_Length":"500.000005206798448","source_feature_index":393,"published_primary_rate_field":"LRR","published_primary_rate_m_per_year":4.48,"dashboard_rate_class":"STRONG_ACCRETION","dashboard_classification_note":"Display convention only; source numeric value is preserved. Not an official DMCR class.","published_period":"1990-2019","published_dataset":"Shoreline ThaiCoast / Krabi_Points"},"geometry":{"type":"Point","coordinates":[98.62720561819567,8.30529867948242]}},{"type":"Feature","id":394,"properties":{"OBJECTID":599,"TransectID":622,"BaselineID":16,"GroupID":1,"TransOrder":622,"Azimuth":64.2,"ShrCount":7,"TCD":503591.87,"SHAPE_Leng":500.000000002,"SCE":262.33,"NSM":171.91,"EPR":6.21,"EPRunc":1.53,"LRR":3.52,"LR2":0.2,"LSE":84.27,"LCI90":6.35,"WLR":3.52,"WR2":0.2,"WSE":2.81,"WCI90":6.35,"Shape_Le_1":500.00002909,"ORIG_FID":425,"txt_OBJECTID_1":"425","txt_OBJECTID":"599","txt_TransectID":"622","txt_BaselineID":"16","txt_GroupID":"1","txt_TransOrder":"622","txt_Azimuth":"64.200000000000003","txt_ShrCount":"7","txt_TCD":"503591.869999999995343","txt_SHAPE_Leng":"500.000000001999979","txt_SCE":"262.329999999999984","txt_NSM":"171.909999999999997","txt_EPR":"6.210000000000000","txt_EPRunc":"1.530000000000000","txt_LRR":"3.520000000000000","txt_LR2":"0.200000000000000","txt_LSE":"84.269999999999996","txt_LCI90":"6.350000000000000","txt_WLR":"3.520000000000000","txt_WR2":"0.200000000000000","txt_WSE":"2.810000000000000","txt_WCI90":"6.350000000000000","txt_Shape_Length":"500.000029090206112","source_feature_index":394,"published_primary_rate_field":"LRR","published_primary_rate_m_per_year":3.52,"dashboard_rate_class":"STRONG_ACCRETION","dashboard_classification_note":"Display convention only; source numeric value is preserved. Not an official DMCR class.","published_period":"1990-2019","published_dataset":"Shoreline ThaiCoast / Krabi_Points"},"geometry":{"type":"Point","coordinates":[98.6294856501763,8.301895781478356]}},{"type":"Feature","id":395,"properties":{"OBJECTID":600,"TransectID":623,"BaselineID":16,"GroupID":1,"TransOrder":623,"Azimuth":98.47,"ShrCount":6,"TCD":504091.87,"SHAPE_Leng":500.000000001,"SCE":155.34,"NSM":132.63,"EPR":5.66,"EPRunc":1.81,"LRR":5.68,"LR2":0.93,"LSE":19.11,"LCI90":1.61,"WLR":5.68,"WR2":0.93,"WSE":0.64,"WCI90":1.61,"Shape_Le_1":499.999996487,"ORIG_FID":426,"txt_OBJECTID_1":"426","txt_OBJECTID":"600","txt_TransectID":"623","txt_BaselineID":"16","txt_GroupID":"1","txt_TransOrder":"623","txt_Azimuth":"98.469999999999999","txt_ShrCount":"6","txt_TCD":"504091.869999999995343","txt_SHAPE_Leng":"500.000000000999989","txt_SCE":"155.340000000000003","txt_NSM":"132.629999999999995","txt_EPR":"5.660000000000000","txt_EPRunc":"1.810000000000000","txt_LRR":"5.680000000000000","txt_LR2":"0.930000000000000","txt_LSE":"19.109999999999999","txt_LCI90":"1.610000000000000","txt_WLR":"5.680000000000000","txt_WR2":"0.930000000000000","txt_WSE":"0.640000000000000","txt_WCI90":"1.610000000000000","txt_Shape_Length":"499.999996486697114","source_feature_index":395,"published_primary_rate_field":"LRR","published_primary_rate_m_per_year":5.68,"dashboard_rate_class":"STRONG_ACCRETION","dashboard_classification_note":"Display convention only; source numeric value is preserved. Not an official DMCR class.","published_period":"1990-2019","published_dataset":"Shoreline ThaiCoast / Krabi_Points"},"geometry":{"type":"Point","coordinates":[98.63065641729582,8.299082120938387]}},{"type":"Feature","id":396,"properties":{"OBJECTID":602,"TransectID":625,"BaselineID":16,"GroupID":1,"TransOrder":625,"Azimuth":94.89,"ShrCount":7,"TCD":505091.87,"SHAPE_Leng":499.999999999,"SCE":233.29,"NSM":63.42,"EPR":2.29,"EPRunc":1.53,"LRR":-2.77,"LR2":0.16,"LSE":77.13,"LCI90":5.81,"WLR":-2.77,"WR2":0.16,"WSE":2.57,"WCI90":5.81,"Shape_Le_1":499.999969544,"ORIG_FID":427,"txt_OBJECTID_1":"427","txt_OBJECTID":"602","txt_TransectID":"625","txt_BaselineID":"16","txt_GroupID":"1","txt_TransOrder":"625","txt_Azimuth":"94.890000000000001","txt_ShrCount":"7","txt_TCD":"505091.869999999995343","txt_SHAPE_Leng":"499.999999999000011","txt_SCE":"233.289999999999992","txt_NSM":"63.420000000000002","txt_EPR":"2.290000000000000","txt_EPRunc":"1.530000000000000","txt_LRR":"-2.770000000000000","txt_LR2":"0.160000000000000","txt_LSE":"77.129999999999995","txt_LCI90":"5.810000000000000","txt_WLR":"-2.770000000000000","txt_WR2":"0.160000000000000","txt_WSE":"2.570000000000000","txt_WCI90":"5.810000000000000","txt_Shape_Length":"499.999969543693908","source_feature_index":396,"published_primary_rate_field":"LRR","published_primary_rate_m_per_year":-2.77,"dashboard_rate_class":"STRONG_RETREAT","dashboard_classification_note":"Display convention only; source numeric value is preserved. Not an official DMCR class.","published_period":"1990-2019","published_dataset":"Shoreline ThaiCoast / Krabi_Points"},"geometry":{"type":"Point","coordinates":[98.62813302778368,8.293869642800066]}},{"type":"Feature","id":397,"properties":{"OBJECTID":603,"TransectID":626,"BaselineID":16,"GroupID":1,"TransOrder":626,"Azimuth":95.47,"ShrCount":8,"TCD":505591.87,"SHAPE_Leng":499.999999999,"SCE":389.98,"NSM":72.65,"EPR":2.62,"EPRunc":1.53,"LRR":-0.98,"LR2":0.01,"LSE":128.23,"LCI90":8.11,"WLR":-0.98,"WR2":0.01,"WSE":4.27,"WCI90":8.11,"Shape_Le_1":499.999969643,"ORIG_FID":428,"txt_OBJECTID_1":"428","txt_OBJECTID":"603","txt_TransectID":"626","txt_BaselineID":"16","txt_GroupID":"1","txt_TransOrder":"626","txt_Azimuth":"95.469999999999999","txt_ShrCount":"8","txt_TCD":"505591.869999999995343","txt_SHAPE_Leng":"499.999999999000011","txt_SCE":"389.980000000000018","txt_NSM":"72.650000000000006","txt_EPR":"2.620000000000000","txt_EPRunc":"1.530000000000000","txt_LRR":"-0.980000000000000","txt_LR2":"0.010000000000000","txt_LSE":"128.229999999999990","txt_LCI90":"8.109999999999999","txt_WLR":"-0.980000000000000","txt_WR2":"0.010000000000000","txt_WSE":"4.270000000000000","txt_WCI90":"8.109999999999999","txt_Shape_Length":"499.999969643406246","source_feature_index":397,"published_primary_rate_field":"LRR","published_primary_rate_m_per_year":-0.98,"dashboard_rate_class":"RETREAT","dashboard_classification_note":"Display convention only; source numeric value is preserved. Not an official DMCR class.","published_period":"1990-2019","published_dataset":"Shoreline ThaiCoast / Krabi_Points"},"geometry":{"type":"Point","coordinates":[98.62774746598586,8.290519315134036]}},{"type":"Feature","id":398,"properties":{"OBJECTID":604,"TransectID":627,"BaselineID":16,"GroupID":1,"TransOrder":627,"Azimuth":70.46,"ShrCount":7,"TCD":506091.87,"SHAPE_Leng":500.000000002,"SCE":160.91,"NSM":160.91,"EPR":5.81,"EPRunc":1.53,"LRR":4.25,"LR2":0.55,"LSE":46.21,"LCI90":3.48,"WLR":4.25,"WR2":0.55,"WSE":1.54,"WCI90":3.48,"Shape_Le_1":499.999958424,"ORIG_FID":429,"txt_OBJECTID_1":"429","txt_OBJECTID":"604","txt_TransectID":"627","txt_BaselineID":"16","txt_GroupID":"1","txt_TransOrder":"627","txt_Azimuth":"70.459999999999994","txt_ShrCount":"7","txt_TCD":"506091.869999999995343","txt_SHAPE_Leng":"500.000000001999979","txt_SCE":"160.909999999999997","txt_NSM":"160.909999999999997","txt_EPR":"5.810000000000000","txt_EPRunc":"1.530000000000000","txt_LRR":"4.250000000000000","txt_LR2":"0.550000000000000","txt_LSE":"46.210000000000001","txt_LCI90":"3.480000000000000","txt_WLR":"4.250000000000000","txt_WR2":"0.550000000000000","txt_WSE":"1.540000000000000","txt_WCI90":"3.480000000000000","txt_Shape_Length":"499.999958423775183","source_feature_index":398,"published_primary_rate_field":"LRR","published_primary_rate_m_per_year":4.25,"dashboard_rate_class":"STRONG_ACCRETION","dashboard_classification_note":"Display convention only; source numeric value is preserved. Not an official DMCR class.","published_period":"1990-2019","published_dataset":"Shoreline ThaiCoast / Krabi_Points"},"geometry":{"type":"Point","coordinates":[98.62756818280063,8.285687625671905]}},{"type":"Feature","id":399,"properties":{"OBJECTID":606,"TransectID":629,"BaselineID":16,"GroupID":1,"TransOrder":629,"Azimuth":59.18,"ShrCount":7,"TCD":507091.87,"SHAPE_Leng":500.000000003,"SCE":196.33,"NSM":160.61,"EPR":5.8,"EPRunc":1.53,"LRR":5.29,"LR2":0.64,"LSE":52.46,"LCI90":3.55,"WLR":5.29,"WR2":0.64,"WSE":1.75,"WCI90":3.55,"Shape_Le_1":499.999979499,"ORIG_FID":430,"txt_OBJECTID_1":"430","txt_OBJECTID":"606","txt_TransectID":"629","txt_BaselineID":"16","txt_GroupID":"1","txt_TransOrder":"629","txt_Azimuth":"59.180000000000000","txt_ShrCount":"7","txt_TCD":"507091.869999999995343","txt_SHAPE_Leng":"500.000000003000025","txt_SCE":"196.330000000000013","txt_NSM":"160.610000000000014","txt_EPR":"5.800000000000000","txt_EPRunc":"1.530000000000000","txt_LRR":"5.290000000000000","txt_LR2":"0.640000000000000","txt_LSE":"52.460000000000001","txt_LCI90":"3.550000000000000","txt_WLR":"5.290000000000000","txt_WR2":"0.640000000000000","txt_WSE":"1.750000000000000","txt_WCI90":"3.550000000000000","txt_Shape_Length":"499.999979499270808","source_feature_index":399,"published_primary_rate_field":"LRR","published_primary_rate_m_per_year":5.29,"dashboard_rate_class":"STRONG_ACCRETION","dashboard_classification_note":"Display convention only; source numeric value is preserved. Not an official DMCR class.","published_period":"1990-2019","published_dataset":"Shoreline ThaiCoast / Krabi_Points"},"geometry":{"type":"Point","coordinates":[98.63218402158415,8.281803960737468]}},{"type":"Feature","id":400,"properties":{"OBJECTID":607,"TransectID":630,"BaselineID":16,"GroupID":1,"TransOrder":630,"Azimuth":343.31,"ShrCount":9,"TCD":507591.87,"SHAPE_Leng":499.999999999,"SCE":82.34,"NSM":-19.82,"EPR":-0.72,"EPRunc":1.53,"LRR":-0.92,"LR2":0.18,"LSE":23.09,"LCI90":1.42,"WLR":-0.92,"WR2":0.18,"WSE":0.77,"WCI90":1.42,"Shape_Le_1":499.999971335,"ORIG_FID":431,"txt_OBJECTID_1":"431","txt_OBJECTID":"607","txt_TransectID":"630","txt_BaselineID":"16","txt_GroupID":"1","txt_TransOrder":"630","txt_Azimuth":"343.310000000000002","txt_ShrCount":"9","txt_TCD":"507591.869999999995343","txt_SHAPE_Leng":"499.999999999000011","txt_SCE":"82.340000000000003","txt_NSM":"-19.820000000000000","txt_EPR":"-0.720000000000000","txt_EPRunc":"1.530000000000000","txt_LRR":"-0.920000000000000","txt_LR2":"0.180000000000000","txt_LSE":"23.090000000000000","txt_LCI90":"1.420000000000000","txt_WLR":"-0.920000000000000","txt_WR2":"0.180000000000000","txt_WSE":"0.770000000000000","txt_WCI90":"1.420000000000000","txt_Shape_Length":"499.999971334766713","source_feature_index":400,"published_primary_rate_field":"LRR","published_primary_rate_m_per_year":-0.92,"dashboard_rate_class":"RETREAT","dashboard_classification_note":"Display convention only; source numeric value is preserved. Not an official DMCR class.","published_period":"1990-2019","published_dataset":"Shoreline ThaiCoast / Krabi_Points"},"geometry":{"type":"Point","coordinates":[98.63550997672677,8.278403393897598]}},{"type":"Feature","id":401,"properties":{"OBJECTID":610,"TransectID":633,"BaselineID":16,"GroupID":1,"TransOrder":633,"Azimuth":351.41,"ShrCount":6,"TCD":509091.87,"SHAPE_Leng":500.000000002,"SCE":144.14,"NSM":-41.41,"EPR":-1.5,"EPRunc":1.53,"LRR":-1.79,"LR2":0.12,"LSE":52.78,"LCI90":5.12,"WLR":-1.79,"WR2":0.12,"WSE":1.76,"WCI90":5.12,"Shape_Le_1":500.000078798,"ORIG_FID":432,"txt_OBJECTID_1":"432","txt_OBJECTID":"610","txt_TransectID":"633","txt_BaselineID":"16","txt_GroupID":"1","txt_TransOrder":"633","txt_Azimuth":"351.410000000000025","txt_ShrCount":"6","txt_TCD":"509091.869999999995343","txt_SHAPE_Leng":"500.000000001999979","txt_SCE":"144.139999999999986","txt_NSM":"-41.409999999999997","txt_EPR":"-1.500000000000000","txt_EPRunc":"1.530000000000000","txt_LRR":"-1.790000000000000","txt_LR2":"0.120000000000000","txt_LSE":"52.780000000000001","txt_LCI90":"5.120000000000000","txt_WLR":"-1.790000000000000","txt_WR2":"0.120000000000000","txt_WSE":"1.760000000000000","txt_WCI90":"5.120000000000000","txt_Shape_Length":"500.000078798030358","source_feature_index":401,"published_primary_rate_field":"LRR","published_primary_rate_m_per_year":-1.79,"dashboard_rate_class":"RETREAT","dashboard_classification_note":"Display convention only; source numeric value is preserved. Not an official DMCR class.","published_period":"1990-2019","published_dataset":"Shoreline ThaiCoast / Krabi_Points"},"geometry":{"type":"Point","coordinates":[98.63846551358016,8.284475354055086]}},{"type":"Feature","id":402,"properties":{"OBJECTID":618,"TransectID":641,"BaselineID":16,"GroupID":1,"TransOrder":641,"Azimuth":57.24,"ShrCount":5,"TCD":513091.87,"SHAPE_Leng":500.000000002,"SCE":313.92,"NSM":155.15,"EPR":22.15,"EPRunc":6.06,"LRR":10.16,"LR2":0.08,"LSE":135.64,"LCI90":47.53,"WLR":10.16,"WR2":0.08,"WSE":4.52,"WCI90":47.53,"Shape_Le_1":499.999932978,"ORIG_FID":433,"txt_OBJECTID_1":"433","txt_OBJECTID":"618","txt_TransectID":"641","txt_BaselineID":"16","txt_GroupID":"1","txt_TransOrder":"641","txt_Azimuth":"57.240000000000002","txt_ShrCount":"5","txt_TCD":"513091.869999999995343","txt_SHAPE_Leng":"500.000000001999979","txt_SCE":"313.920000000000016","txt_NSM":"155.150000000000006","txt_EPR":"22.149999999999999","txt_EPRunc":"6.060000000000000","txt_LRR":"10.160000000000000","txt_LR2":"0.080000000000000","txt_LSE":"135.639999999999986","txt_LCI90":"47.530000000000001","txt_WLR":"10.160000000000000","txt_WR2":"0.080000000000000","txt_WSE":"4.520000000000000","txt_WCI90":"47.530000000000001","txt_Shape_Length":"499.999932977679805","source_feature_index":402,"published_primary_rate_field":"LRR","published_primary_rate_m_per_year":10.16,"dashboard_rate_class":"STRONG_ACCRETION","dashboard_classification_note":"Display convention only; source numeric value is preserved. Not an official DMCR class.","published_period":"1990-2019","published_dataset":"Shoreline ThaiCoast / Krabi_Points"},"geometry":{"type":"Point","coordinates":[98.64606984410476,8.279287099935027]}},{"type":"Feature","id":403,"properties":{"OBJECTID":619,"TransectID":642,"BaselineID":16,"GroupID":1,"TransOrder":642,"Azimuth":61.55,"ShrCount":7,"TCD":513591.87,"SHAPE_Leng":500.000000001,"SCE":28.13,"NSM":16.8,"EPR":2.82,"EPRunc":7.12,"LRR":-0.05,"LR2":0.0,"LSE":10.53,"LCI90":3.55,"WLR":-0.05,"WR2":0.0,"WSE":0.35,"WCI90":3.55,"Shape_Le_1":500.000012498,"ORIG_FID":434,"txt_OBJECTID_1":"434","txt_OBJECTID":"619","txt_TransectID":"642","txt_BaselineID":"16","txt_GroupID":"1","txt_TransOrder":"642","txt_Azimuth":"61.549999999999997","txt_ShrCount":"7","txt_TCD":"513591.869999999995343","txt_SHAPE_Leng":"500.000000000999989","txt_SCE":"28.129999999999999","txt_NSM":"16.800000000000001","txt_EPR":"2.820000000000000","txt_EPRunc":"7.120000000000000","txt_LRR":"-0.050000000000000","txt_LR2":"0.000000000000000","txt_LSE":"10.529999999999999","txt_LCI90":"3.550000000000000","txt_WLR":"-0.050000000000000","txt_WR2":"0.000000000000000","txt_WSE":"0.350000000000000","txt_WCI90":"3.550000000000000","txt_Shape_Length":"500.000012498389879","source_feature_index":403,"published_primary_rate_field":"LRR","published_primary_rate_m_per_year":-0.05,"dashboard_rate_class":"RELATIVELY_STABLE","dashboard_classification_note":"Display convention only; source numeric value is preserved. Not an official DMCR class.","published_period":"1990-2019","published_dataset":"Shoreline ThaiCoast / Krabi_Points"},"geometry":{"type":"Point","coordinates":[98.64636416246061,8.275280085431115]}},{"type":"Feature","id":404,"properties":{"OBJECTID":620,"TransectID":643,"BaselineID":16,"GroupID":1,"TransOrder":643,"Azimuth":328.77,"ShrCount":7,"TCD":514091.87,"SHAPE_Leng":499.999999996,"SCE":87.04,"NSM":14.19,"EPR":2.38,"EPRunc":7.12,"LRR":-5.92,"LR2":0.2,"LSE":31.53,"LCI90":10.63,"WLR":-5.92,"WR2":0.2,"WSE":1.05,"WCI90":10.63,"Shape_Le_1":499.99997541,"ORIG_FID":435,"txt_OBJECTID_1":"435","txt_OBJECTID":"620","txt_TransectID":"643","txt_BaselineID":"16","txt_GroupID":"1","txt_TransOrder":"643","txt_Azimuth":"328.769999999999982","txt_ShrCount":"7","txt_TCD":"514091.869999999995343","txt_SHAPE_Leng":"499.999999995999985","txt_SCE":"87.040000000000006","txt_NSM":"14.190000000000000","txt_EPR":"2.380000000000000","txt_EPRunc":"7.120000000000000","txt_LRR":"-5.920000000000000","txt_LR2":"0.200000000000000","txt_LSE":"31.530000000000001","txt_LCI90":"10.630000000000001","txt_WLR":"-5.920000000000000","txt_WR2":"0.200000000000000","txt_WSE":"1.050000000000000","txt_WCI90":"10.630000000000001","txt_Shape_Length":"499.999975410086961","source_feature_index":404,"published_primary_rate_field":"LRR","published_primary_rate_m_per_year":-5.92,"dashboard_rate_class":"STRONG_RETREAT","dashboard_classification_note":"Display convention only; source numeric value is preserved. Not an official DMCR class.","published_period":"1990-2019","published_dataset":"Shoreline ThaiCoast / Krabi_Points"},"geometry":{"type":"Point","coordinates":[98.65173539037198,8.273849338718385]}},{"type":"Feature","id":405,"properties":{"OBJECTID":621,"TransectID":644,"BaselineID":16,"GroupID":1,"TransOrder":644,"Azimuth":302.02,"ShrCount":7,"TCD":514591.87,"SHAPE_Leng":500.000000001,"SCE":116.77,"NSM":59.51,"EPR":8.49,"EPRunc":6.06,"LRR":2.83,"LR2":0.04,"LSE":43.74,"LCI90":12.87,"WLR":2.83,"WR2":0.04,"WSE":1.46,"WCI90":12.87,"Shape_Le_1":500.000078894,"ORIG_FID":436,"txt_OBJECTID_1":"436","txt_OBJECTID":"621","txt_TransectID":"644","txt_BaselineID":"16","txt_GroupID":"1","txt_TransOrder":"644","txt_Azimuth":"302.019999999999982","txt_ShrCount":"7","txt_TCD":"514591.869999999995343","txt_SHAPE_Leng":"500.000000000999989","txt_SCE":"116.769999999999996","txt_NSM":"59.509999999999998","txt_EPR":"8.490000000000000","txt_EPRunc":"6.060000000000000","txt_LRR":"2.830000000000000","txt_LR2":"0.040000000000000","txt_LSE":"43.740000000000002","txt_LCI90":"12.869999999999999","txt_WLR":"2.830000000000000","txt_WR2":"0.040000000000000","txt_WSE":"1.460000000000000","txt_WCI90":"12.869999999999999","txt_Shape_Length":"500.000078893838918","source_feature_index":405,"published_primary_rate_field":"LRR","published_primary_rate_m_per_year":2.83,"dashboard_rate_class":"STRONG_ACCRETION","dashboard_classification_note":"Display convention only; source numeric value is preserved. Not an official DMCR class.","published_period":"1990-2019","published_dataset":"Shoreline ThaiCoast / Krabi_Points"},"geometry":{"type":"Point","coordinates":[98.65476829068365,8.277875226795473]}},{"type":"Feature","id":406,"properties":{"OBJECTID":622,"TransectID":645,"BaselineID":16,"GroupID":1,"TransOrder":645,"Azimuth":305.58,"ShrCount":7,"TCD":515091.87,"SHAPE_Leng":499.999999994,"SCE":215.92,"NSM":125.81,"EPR":21.11,"EPRunc":7.12,"LRR":1.41,"LR2":0.0,"LSE":73.78,"LCI90":24.88,"WLR":1.41,"WR2":0.0,"WSE":2.46,"WCI90":24.88,"Shape_Le_1":500.000065322,"ORIG_FID":437,"txt_OBJECTID_1":"437","txt_OBJECTID":"622","txt_TransectID":"645","txt_BaselineID":"16","txt_GroupID":"1","txt_TransOrder":"645","txt_Azimuth":"305.579999999999984","txt_ShrCount":"7","txt_TCD":"515091.869999999995343","txt_SHAPE_Leng":"499.999999994000007","txt_SCE":"215.919999999999987","txt_NSM":"125.810000000000002","txt_EPR":"21.109999999999999","txt_EPRunc":"7.120000000000000","txt_LRR":"1.410000000000000","txt_LR2":"0.000000000000000","txt_LSE":"73.780000000000001","txt_LCI90":"24.879999999999999","txt_WLR":"1.410000000000000","txt_WR2":"0.000000000000000","txt_WSE":"2.460000000000000","txt_WCI90":"24.879999999999999","txt_Shape_Length":"500.000065321810780","source_feature_index":406,"published_primary_rate_field":"LRR","published_primary_rate_m_per_year":1.41,"dashboard_rate_class":"ACCRETION","dashboard_classification_note":"Display convention only; source numeric value is preserved. Not an official DMCR class.","published_period":"1990-2019","published_dataset":"Shoreline ThaiCoast / Krabi_Points"},"geometry":{"type":"Point","coordinates":[98.65679816828013,8.281481121829456]}},{"type":"Feature","id":407,"properties":{"OBJECTID":623,"TransectID":646,"BaselineID":16,"GroupID":1,"TransOrder":646,"Azimuth":304.49,"ShrCount":6,"TCD":515591.87,"SHAPE_Leng":500.000000001,"SCE":244.94,"NSM":161.33,"EPR":27.07,"EPRunc":7.12,"LRR":4.93,"LR2":0.02,"LSE":92.79,"LCI90":33.11,"WLR":4.93,"WR2":0.02,"WSE":3.09,"WCI90":33.11,"Shape_Le_1":499.999976495,"ORIG_FID":438,"txt_OBJECTID_1":"438","txt_OBJECTID":"623","txt_TransectID":"646","txt_BaselineID":"16","txt_GroupID":"1","txt_TransOrder":"646","txt_Azimuth":"304.490000000000009","txt_ShrCount":"6","txt_TCD":"515591.869999999995343","txt_SHAPE_Leng":"500.000000000999989","txt_SCE":"244.939999999999998","txt_NSM":"161.330000000000013","txt_EPR":"27.070000000000000","txt_EPRunc":"7.120000000000000","txt_LRR":"4.930000000000000","txt_LR2":"0.020000000000000","txt_LSE":"92.790000000000006","txt_LCI90":"33.109999999999999","txt_WLR":"4.930000000000000","txt_WR2":"0.020000000000000","txt_WSE":"3.090000000000000","txt_WCI90":"33.109999999999999","txt_Shape_Length":"499.999976495477767","source_feature_index":407,"published_primary_rate_field":"LRR","published_primary_rate_m_per_year":4.93,"dashboard_rate_class":"STRONG_ACCRETION","dashboard_classification_note":"Display convention only; source numeric value is preserved. Not an official DMCR class.","published_period":"1990-2019","published_dataset":"Shoreline ThaiCoast / Krabi_Points"},"geometry":{"type":"Point","coordinates":[98.65895688329879,8.283711042448726]}},{"type":"Feature","id":408,"properties":{"OBJECTID":624,"TransectID":647,"BaselineID":16,"GroupID":1,"TransOrder":647,"Azimuth":309.45,"ShrCount":4,"TCD":516091.87,"SHAPE_Leng":500.000000001,"SCE":126.13,"NSM":-89.18,"EPR":-15.61,"EPRunc":7.43,"LRR":-19.22,"LR2":0.89,"LSE":24.91,"LCI90":13.87,"WLR":-19.22,"WR2":0.89,"WSE":0.83,"WCI90":13.87,"Shape_Le_1":500.000045801,"ORIG_FID":439,"txt_OBJECTID_1":"439","txt_OBJECTID":"624","txt_TransectID":"647","txt_BaselineID":"16","txt_GroupID":"1","txt_TransOrder":"647","txt_Azimuth":"309.449999999999989","txt_ShrCount":"4","txt_TCD":"516091.869999999995343","txt_SHAPE_Leng":"500.000000000999989","txt_SCE":"126.129999999999995","txt_NSM":"-89.180000000000007","txt_EPR":"-15.609999999999999","txt_EPRunc":"7.430000000000000","txt_LRR":"-19.219999999999999","txt_LR2":"0.890000000000000","txt_LSE":"24.910000000000000","txt_LCI90":"13.869999999999999","txt_WLR":"-19.219999999999999","txt_WR2":"0.890000000000000","txt_WSE":"0.830000000000000","txt_WCI90":"13.869999999999999","txt_Shape_Length":"500.000045800781663","source_feature_index":408,"published_primary_rate_field":"LRR","published_primary_rate_m_per_year":-19.22,"dashboard_rate_class":"STRONG_RETREAT","dashboard_classification_note":"Display convention only; source numeric value is preserved. Not an official DMCR class.","published_period":"1990-2019","published_dataset":"Shoreline ThaiCoast / Krabi_Points"},"geometry":{"type":"Point","coordinates":[98.66066718262849,8.287114651261378]}},{"type":"Feature","id":409,"properties":{"OBJECTID":625,"TransectID":648,"BaselineID":16,"GroupID":1,"TransOrder":648,"Azimuth":323.1,"ShrCount":5,"TCD":516591.87,"SHAPE_Leng":500.000000002,"SCE":121.7,"NSM":-107.65,"EPR":-18.85,"EPRunc":7.43,"LRR":-20.09,"LR2":0.73,"LSE":36.68,"LCI90":16.4,"WLR":-20.09,"WR2":0.73,"WSE":1.22,"WCI90":16.4,"Shape_Le_1":499.99994322,"ORIG_FID":440,"txt_OBJECTID_1":"440","txt_OBJECTID":"625","txt_TransectID":"648","txt_BaselineID":"16","txt_GroupID":"1","txt_TransOrder":"648","txt_Azimuth":"323.100000000000023","txt_ShrCount":"5","txt_TCD":"516591.869999999995343","txt_SHAPE_Leng":"500.000000001999979","txt_SCE":"121.700000000000003","txt_NSM":"-107.650000000000006","txt_EPR":"-18.850000000000001","txt_EPRunc":"7.430000000000000","txt_LRR":"-20.090000000000000","txt_LR2":"0.730000000000000","txt_LSE":"36.680000000000000","txt_LCI90":"16.399999999999999","txt_WLR":"-20.090000000000000","txt_WR2":"0.730000000000000","txt_WSE":"1.220000000000000","txt_WCI90":"16.399999999999999","txt_Shape_Length":"499.999943220219222","source_feature_index":409,"published_primary_rate_field":"LRR","published_primary_rate_m_per_year":-20.09,"dashboard_rate_class":"STRONG_RETREAT","dashboard_classification_note":"Display convention only; source numeric value is preserved. Not an official DMCR class.","published_period":"1990-2019","published_dataset":"Shoreline ThaiCoast / Krabi_Points"},"geometry":{"type":"Point","coordinates":[98.66340231871318,8.289188976029699]}},{"type":"Feature","id":410,"properties":{"OBJECTID":626,"TransectID":649,"BaselineID":16,"GroupID":1,"TransOrder":649,"Azimuth":322.37,"ShrCount":5,"TCD":517091.87,"SHAPE_Leng":499.999999999,"SCE":208.15,"NSM":-181.46,"EPR":-31.76,"EPRunc":7.43,"LRR":-34.59,"LR2":0.75,"LSE":61.18,"LCI90":27.37,"WLR":-34.59,"WR2":0.75,"WSE":2.04,"WCI90":27.37,"Shape_Le_1":500.000002494,"ORIG_FID":441,"txt_OBJECTID_1":"441","txt_OBJECTID":"626","txt_TransectID":"649","txt_BaselineID":"16","txt_GroupID":"1","txt_TransOrder":"649","txt_Azimuth":"322.370000000000005","txt_ShrCount":"5","txt_TCD":"517091.869999999995343","txt_SHAPE_Leng":"499.999999999000011","txt_SCE":"208.150000000000006","txt_NSM":"-181.460000000000008","txt_EPR":"-31.760000000000002","txt_EPRunc":"7.430000000000000","txt_LRR":"-34.590000000000003","txt_LR2":"0.750000000000000","txt_LSE":"61.180000000000000","txt_LCI90":"27.370000000000001","txt_WLR":"-34.590000000000003","txt_WR2":"0.750000000000000","txt_WSE":"2.040000000000000","txt_WCI90":"27.370000000000001","txt_Shape_Length":"500.000002493728232","source_feature_index":410,"published_primary_rate_field":"LRR","published_primary_rate_m_per_year":-34.59,"dashboard_rate_class":"STRONG_RETREAT","dashboard_classification_note":"Display convention only; source numeric value is preserved. Not an official DMCR class.","published_period":"1990-2019","published_dataset":"Shoreline ThaiCoast / Krabi_Points"},"geometry":{"type":"Point","coordinates":[98.66675888398628,8.291599371522631]}},{"type":"Feature","id":411,"properties":{"OBJECTID":627,"TransectID":650,"BaselineID":16,"GroupID":1,"TransOrder":650,"Azimuth":331.17,"ShrCount":4,"TCD":517591.87,"SHAPE_Leng":499.999999996,"SCE":255.41,"NSM":-128.55,"EPR":-22.5,"EPRunc":7.43,"LRR":-34.16,"LR2":0.74,"LSE":74.97,"LCI90":41.72,"WLR":-34.16,"WR2":0.74,"WSE":2.5,"WCI90":41.72,"Shape_Le_1":499.999970973,"ORIG_FID":442,"txt_OBJECTID_1":"442","txt_OBJECTID":"627","txt_TransectID":"650","txt_BaselineID":"16","txt_GroupID":"1","txt_TransOrder":"650","txt_Azimuth":"331.170000000000016","txt_ShrCount":"4","txt_TCD":"517591.869999999995343","txt_SHAPE_Leng":"499.999999995999985","txt_SCE":"255.409999999999997","txt_NSM":"-128.550000000000011","txt_EPR":"-22.500000000000000","txt_EPRunc":"7.430000000000000","txt_LRR":"-34.159999999999997","txt_LR2":"0.740000000000000","txt_LSE":"74.969999999999999","txt_LCI90":"41.719999999999999","txt_WLR":"-34.159999999999997","txt_WR2":"0.740000000000000","txt_WSE":"2.500000000000000","txt_WCI90":"41.719999999999999","txt_Shape_Length":"499.999970972934477","source_feature_index":411,"published_primary_rate_field":"LRR","published_primary_rate_m_per_year":-34.16,"dashboard_rate_class":"STRONG_RETREAT","dashboard_classification_note":"Display convention only; source numeric value is preserved. Not an official DMCR class.","published_period":"1990-2019","published_dataset":"Shoreline ThaiCoast / Krabi_Points"},"geometry":{"type":"Point","coordinates":[98.66981418398065,8.294154046925934]}},{"type":"Feature","id":412,"properties":{"OBJECTID":628,"TransectID":651,"BaselineID":16,"GroupID":1,"TransOrder":651,"Azimuth":341.78,"ShrCount":5,"TCD":518091.87,"SHAPE_Leng":500.000000001,"SCE":194.92,"NSM":-183.62,"EPR":-32.14,"EPRunc":7.43,"LRR":-33.5,"LR2":0.75,"LSE":59.31,"LCI90":26.52,"WLR":-33.5,"WR2":0.75,"WSE":1.98,"WCI90":26.52,"Shape_Le_1":499.999988484,"ORIG_FID":443,"txt_OBJECTID_1":"443","txt_OBJECTID":"628","txt_TransectID":"651","txt_BaselineID":"16","txt_GroupID":"1","txt_TransOrder":"651","txt_Azimuth":"341.779999999999973","txt_ShrCount":"5","txt_TCD":"518091.869999999995343","txt_SHAPE_Leng":"500.000000000999989","txt_SCE":"194.919999999999987","txt_NSM":"-183.620000000000005","txt_EPR":"-32.140000000000001","txt_EPRunc":"7.430000000000000","txt_LRR":"-33.500000000000000","txt_LR2":"0.750000000000000","txt_LSE":"59.310000000000002","txt_LCI90":"26.520000000000000","txt_WLR":"-33.500000000000000","txt_WR2":"0.750000000000000","txt_WSE":"1.980000000000000","txt_WCI90":"26.520000000000000","txt_Shape_Length":"499.999988484299536","source_feature_index":412,"published_primary_rate_field":"LRR","published_primary_rate_m_per_year":-33.5,"dashboard_rate_class":"STRONG_RETREAT","dashboard_classification_note":"Display convention only; source numeric value is preserved. Not an official DMCR class.","published_period":"1990-2019","published_dataset":"Shoreline ThaiCoast / Krabi_Points"},"geometry":{"type":"Point","coordinates":[98.67339788296911,8.295259763297697]}},{"type":"Feature","id":413,"properties":{"OBJECTID":629,"TransectID":652,"BaselineID":16,"GroupID":1,"TransOrder":652,"Azimuth":331.06,"ShrCount":6,"TCD":518591.87,"SHAPE_Leng":500.000000001,"SCE":175.96,"NSM":-148.23,"EPR":-25.95,"EPRunc":7.43,"LRR":-27.99,"LR2":0.66,"LSE":52.43,"LCI90":21.2,"WLR":-27.99,"WR2":0.66,"WSE":1.75,"WCI90":21.2,"Shape_Le_1":499.999977911,"ORIG_FID":444,"txt_OBJECTID_1":"444","txt_OBJECTID":"629","txt_TransectID":"652","txt_BaselineID":"16","txt_GroupID":"1","txt_TransOrder":"652","txt_Azimuth":"331.060000000000002","txt_ShrCount":"6","txt_TCD":"518591.869999999995343","txt_SHAPE_Leng":"500.000000000999989","txt_SCE":"175.960000000000008","txt_NSM":"-148.229999999999990","txt_EPR":"-25.949999999999999","txt_EPRunc":"7.430000000000000","txt_LRR":"-27.989999999999998","txt_LR2":"0.660000000000000","txt_LSE":"52.430000000000000","txt_LCI90":"21.199999999999999","txt_WLR":"-27.989999999999998","txt_WR2":"0.660000000000000","txt_WSE":"1.750000000000000","txt_WCI90":"21.199999999999999","txt_Shape_Length":"499.999977910772373","source_feature_index":413,"published_primary_rate_field":"LRR","published_primary_rate_m_per_year":-27.99,"dashboard_rate_class":"STRONG_RETREAT","dashboard_classification_note":"Display convention only; source numeric value is preserved. Not an official DMCR class.","published_period":"1990-2019","published_dataset":"Shoreline ThaiCoast / Krabi_Points"},"geometry":{"type":"Point","coordinates":[98.67784288966484,8.296794993820303]}},{"type":"Feature","id":414,"properties":{"OBJECTID":630,"TransectID":653,"BaselineID":16,"GroupID":1,"TransOrder":653,"Azimuth":304.14,"ShrCount":7,"TCD":519091.87,"SHAPE_Leng":500.000000002,"SCE":189.78,"NSM":0.48,"EPR":0.07,"EPRunc":6.06,"LRR":-10.83,"LR2":0.12,"LSE":89.54,"LCI90":26.32,"WLR":-10.83,"WR2":0.12,"WSE":2.98,"WCI90":26.32,"Shape_Le_1":500.000037509,"ORIG_FID":445,"txt_OBJECTID_1":"445","txt_OBJECTID":"630","txt_TransectID":"653","txt_BaselineID":"16","txt_GroupID":"1","txt_TransOrder":"653","txt_Azimuth":"304.139999999999986","txt_ShrCount":"7","txt_TCD":"519091.869999999995343","txt_SHAPE_Leng":"500.000000001999979","txt_SCE":"189.780000000000001","txt_NSM":"0.480000000000000","txt_EPR":"0.070000000000000","txt_EPRunc":"6.060000000000000","txt_LRR":"-10.830000000000000","txt_LR2":"0.120000000000000","txt_LSE":"89.540000000000006","txt_LCI90":"26.320000000000000","txt_WLR":"-10.830000000000000","txt_WR2":"0.120000000000000","txt_WSE":"2.980000000000000","txt_WCI90":"26.320000000000000","txt_Shape_Length":"500.000037509280332","source_feature_index":414,"published_primary_rate_field":"LRR","published_primary_rate_m_per_year":-10.83,"dashboard_rate_class":"STRONG_RETREAT","dashboard_classification_note":"Display convention only; source numeric value is preserved. Not an official DMCR class.","published_period":"1990-2019","published_dataset":"Shoreline ThaiCoast / Krabi_Points"},"geometry":{"type":"Point","coordinates":[98.68067096101738,8.299508729940612]}},{"type":"Feature","id":415,"properties":{"OBJECTID":631,"TransectID":654,"BaselineID":16,"GroupID":1,"TransOrder":654,"Azimuth":285.97,"ShrCount":5,"TCD":519591.87,"SHAPE_Leng":500.0,"SCE":210.92,"NSM":18.93,"EPR":3.18,"EPRunc":7.12,"LRR":-13.14,"LR2":0.18,"LSE":90.83,"LCI90":37.61,"WLR":-13.14,"WR2":0.18,"WSE":3.03,"WCI90":37.61,"Shape_Le_1":500.000017081,"ORIG_FID":446,"txt_OBJECTID_1":"446","txt_OBJECTID":"631","txt_TransectID":"654","txt_BaselineID":"16","txt_GroupID":"1","txt_TransOrder":"654","txt_Azimuth":"285.970000000000027","txt_ShrCount":"5","txt_TCD":"519591.869999999995343","txt_SHAPE_Leng":"500.000000000000000","txt_SCE":"210.919999999999987","txt_NSM":"18.930000000000000","txt_EPR":"3.180000000000000","txt_EPRunc":"7.120000000000000","txt_LRR":"-13.140000000000001","txt_LR2":"0.180000000000000","txt_LSE":"90.829999999999998","txt_LCI90":"37.609999999999999","txt_WLR":"-13.140000000000001","txt_WR2":"0.180000000000000","txt_WSE":"3.030000000000000","txt_WCI90":"37.609999999999999","txt_Shape_Length":"500.000017081284227","source_feature_index":415,"published_primary_rate_field":"LRR","published_primary_rate_m_per_year":-13.14,"dashboard_rate_class":"STRONG_RETREAT","dashboard_classification_note":"Display convention only; source numeric value is preserved. Not an official DMCR class.","published_period":"1990-2019","published_dataset":"Shoreline ThaiCoast / Krabi_Points"},"geometry":{"type":"Point","coordinates":[98.68273460351261,8.303756982228702]}},{"type":"Feature","id":416,"properties":{"OBJECTID":640,"TransectID":663,"BaselineID":16,"GroupID":1,"TransOrder":663,"Azimuth":19.99,"ShrCount":7,"TCD":524091.87,"SHAPE_Leng":499.999999999,"SCE":263.6,"NSM":9.82,"EPR":1.65,"EPRunc":7.12,"LRR":-26.35,"LR2":0.31,"LSE":105.93,"LCI90":35.73,"WLR":-26.35,"WR2":0.31,"WSE":3.53,"WCI90":35.73,"Shape_Le_1":499.999980598,"ORIG_FID":447,"txt_OBJECTID_1":"447","txt_OBJECTID":"640","txt_TransectID":"663","txt_BaselineID":"16","txt_GroupID":"1","txt_TransOrder":"663","txt_Azimuth":"19.989999999999998","txt_ShrCount":"7","txt_TCD":"524091.869999999995343","txt_SHAPE_Leng":"499.999999999000011","txt_SCE":"263.600000000000023","txt_NSM":"9.820000000000000","txt_EPR":"1.650000000000000","txt_EPRunc":"7.120000000000000","txt_LRR":"-26.350000000000001","txt_LR2":"0.310000000000000","txt_LSE":"105.930000000000007","txt_LCI90":"35.729999999999997","txt_WLR":"-26.350000000000001","txt_WR2":"0.310000000000000","txt_WSE":"3.530000000000000","txt_WCI90":"35.729999999999997","txt_Shape_Length":"499.999980598266177","source_feature_index":416,"published_primary_rate_field":"LRR","published_primary_rate_m_per_year":-26.35,"dashboard_rate_class":"STRONG_RETREAT","dashboard_classification_note":"Display convention only; source numeric value is preserved. Not an official DMCR class.","published_period":"1990-2019","published_dataset":"Shoreline ThaiCoast / Krabi_Points"},"geometry":{"type":"Point","coordinates":[98.68561809565908,8.305728522163168]}},{"type":"Feature","id":417,"properties":{"OBJECTID":641,"TransectID":664,"BaselineID":16,"GroupID":1,"TransOrder":664,"Azimuth":345.32,"ShrCount":16,"TCD":524591.87,"SHAPE_Leng":499.999999996,"SCE":246.04,"NSM":-78.64,"EPR":-3.37,"EPRunc":1.82,"LRR":-4.65,"LR2":0.17,"LSE":74.22,"LCI90":4.9,"WLR":-4.65,"WR2":0.17,"WSE":2.47,"WCI90":4.9,"Shape_Le_1":499.999987791,"ORIG_FID":448,"txt_OBJECTID_1":"448","txt_OBJECTID":"641","txt_TransectID":"664","txt_BaselineID":"16","txt_GroupID":"1","txt_TransOrder":"664","txt_Azimuth":"345.319999999999993","txt_ShrCount":"16","txt_TCD":"524591.869999999995343","txt_SHAPE_Leng":"499.999999995999985","txt_SCE":"246.039999999999992","txt_NSM":"-78.640000000000001","txt_EPR":"-3.370000000000000","txt_EPRunc":"1.820000000000000","txt_LRR":"-4.650000000000000","txt_LR2":"0.170000000000000","txt_LSE":"74.219999999999999","txt_LCI90":"4.900000000000000","txt_WLR":"-4.650000000000000","txt_WR2":"0.170000000000000","txt_WSE":"2.470000000000000","txt_WCI90":"4.900000000000000","txt_Shape_Length":"499.999987791499905","source_feature_index":417,"published_primary_rate_field":"LRR","published_primary_rate_m_per_year":-4.65,"dashboard_rate_class":"STRONG_RETREAT","dashboard_classification_note":"Display convention only; source numeric value is preserved. Not an official DMCR class.","published_period":"1990-2019","published_dataset":"Shoreline ThaiCoast / Krabi_Points"},"geometry":{"type":"Point","coordinates":[98.68982860697143,8.30663378828122]}},{"type":"Feature","id":418,"properties":{"OBJECTID":642,"TransectID":665,"BaselineID":16,"GroupID":1,"TransOrder":665,"Azimuth":358.14,"ShrCount":17,"TCD":525091.87,"SHAPE_Leng":499.999999998,"SCE":255.01,"NSM":-70.58,"EPR":-3.03,"EPRunc":1.82,"LRR":-3.92,"LR2":0.17,"LSE":59.57,"LCI90":3.9,"WLR":-3.92,"WR2":0.17,"WSE":1.99,"WCI90":3.9,"Shape_Le_1":500.000046262,"ORIG_FID":449,"txt_OBJECTID_1":"449","txt_OBJECTID":"642","txt_TransectID":"665","txt_BaselineID":"16","txt_GroupID":"1","txt_TransOrder":"665","txt_Azimuth":"358.139999999999986","txt_ShrCount":"17","txt_TCD":"525091.869999999995343","txt_SHAPE_Leng":"499.999999998000021","txt_SCE":"255.009999999999991","txt_NSM":"-70.579999999999998","txt_EPR":"-3.030000000000000","txt_EPRunc":"1.820000000000000","txt_LRR":"-3.920000000000000","txt_LR2":"0.170000000000000","txt_LSE":"59.570000000000000","txt_LCI90":"3.900000000000000","txt_WLR":"-3.920000000000000","txt_WR2":"0.170000000000000","txt_WSE":"1.990000000000000","txt_WCI90":"3.900000000000000","txt_Shape_Length":"500.000046261528439","source_feature_index":418,"published_primary_rate_field":"LRR","published_primary_rate_m_per_year":-3.92,"dashboard_rate_class":"STRONG_RETREAT","dashboard_classification_note":"Display convention only; source numeric value is preserved. Not an official DMCR class.","published_period":"1990-2019","published_dataset":"Shoreline ThaiCoast / Krabi_Points"},"geometry":{"type":"Point","coordinates":[98.69352457770665,8.307441612596037]}},{"type":"Feature","id":419,"properties":{"OBJECTID":643,"TransectID":666,"BaselineID":16,"GroupID":1,"TransOrder":666,"Azimuth":343.34,"ShrCount":17,"TCD":525591.87,"SHAPE_Leng":500.000000003,"SCE":79.09,"NSM":-55.92,"EPR":-2.4,"EPRunc":1.82,"LRR":-2.1,"LR2":0.27,"LSE":24.06,"LCI90":1.56,"WLR":-2.1,"WR2":0.27,"WSE":0.8,"WCI90":1.56,"Shape_Le_1":500.000017819,"ORIG_FID":450,"txt_OBJECTID_1":"450","txt_OBJECTID":"643","txt_TransectID":"666","txt_BaselineID":"16","txt_GroupID":"1","txt_TransOrder":"666","txt_Azimuth":"343.339999999999975","txt_ShrCount":"17","txt_TCD":"525591.869999999995343","txt_SHAPE_Leng":"500.000000003000025","txt_SCE":"79.090000000000003","txt_NSM":"-55.920000000000002","txt_EPR":"-2.400000000000000","txt_EPRunc":"1.820000000000000","txt_LRR":"-2.100000000000000","txt_LR2":"0.270000000000000","txt_LSE":"24.059999999999999","txt_LCI90":"1.560000000000000","txt_WLR":"-2.100000000000000","txt_WR2":"0.270000000000000","txt_WSE":"0.800000000000000","txt_WCI90":"1.560000000000000","txt_Shape_Length":"500.000017819165237","source_feature_index":419,"published_primary_rate_field":"LRR","published_primary_rate_m_per_year":-2.1,"dashboard_rate_class":"STRONG_RETREAT","dashboard_classification_note":"Display convention only; source numeric value is preserved. Not an official DMCR class.","published_period":"1990-2019","published_dataset":"Shoreline ThaiCoast / Krabi_Points"},"geometry":{"type":"Point","coordinates":[98.69747185905167,8.306906087379454]}},{"type":"Feature","id":420,"properties":{"OBJECTID":644,"TransectID":667,"BaselineID":16,"GroupID":1,"TransOrder":667,"Azimuth":321.46,"ShrCount":14,"TCD":526091.87,"SHAPE_Leng":500.0,"SCE":80.23,"NSM":-48.6,"EPR":-2.08,"EPRunc":1.82,"LRR":-2.37,"LR2":0.34,"LSE":22.41,"LCI90":1.7,"WLR":-2.37,"WR2":0.34,"WSE":0.75,"WCI90":1.7,"Shape_Le_1":499.999955841,"ORIG_FID":451,"txt_OBJECTID_1":"451","txt_OBJECTID":"644","txt_TransectID":"667","txt_BaselineID":"16","txt_GroupID":"1","txt_TransOrder":"667","txt_Azimuth":"321.459999999999980","txt_ShrCount":"14","txt_TCD":"526091.869999999995343","txt_SHAPE_Leng":"500.000000000000000","txt_SCE":"80.230000000000004","txt_NSM":"-48.600000000000001","txt_EPR":"-2.080000000000000","txt_EPRunc":"1.820000000000000","txt_LRR":"-2.370000000000000","txt_LR2":"0.340000000000000","txt_LSE":"22.410000000000000","txt_LCI90":"1.700000000000000","txt_WLR":"-2.370000000000000","txt_WR2":"0.340000000000000","txt_WSE":"0.750000000000000","txt_WCI90":"1.700000000000000","txt_Shape_Length":"499.999955840951316","source_feature_index":420,"published_primary_rate_field":"LRR","published_primary_rate_m_per_year":-2.37,"dashboard_rate_class":"STRONG_RETREAT","dashboard_classification_note":"Display convention only; source numeric value is preserved. Not an official DMCR class.","published_period":"1990-2019","published_dataset":"Shoreline ThaiCoast / Krabi_Points"},"geometry":{"type":"Point","coordinates":[98.70177099360033,8.30999798636736]}},{"type":"Feature","id":421,"properties":{"OBJECTID":645,"TransectID":668,"BaselineID":16,"GroupID":1,"TransOrder":668,"Azimuth":317.33,"ShrCount":16,"TCD":526591.87,"SHAPE_Leng":500.000000006,"SCE":84.42,"NSM":-60.34,"EPR":-2.59,"EPRunc":1.82,"LRR":-2.87,"LR2":0.38,"LSE":26.02,"LCI90":1.72,"WLR":-2.87,"WR2":0.38,"WSE":0.87,"WCI90":1.72,"Shape_Le_1":499.999957349,"ORIG_FID":452,"txt_OBJECTID_1":"452","txt_OBJECTID":"645","txt_TransectID":"668","txt_BaselineID":"16","txt_GroupID":"1","txt_TransOrder":"668","txt_Azimuth":"317.329999999999984","txt_ShrCount":"16","txt_TCD":"526591.869999999995343","txt_SHAPE_Leng":"500.000000005999993","txt_SCE":"84.420000000000002","txt_NSM":"-60.340000000000003","txt_EPR":"-2.590000000000000","txt_EPRunc":"1.820000000000000","txt_LRR":"-2.870000000000000","txt_LR2":"0.380000000000000","txt_LSE":"26.020000000000000","txt_LCI90":"1.720000000000000","txt_WLR":"-2.870000000000000","txt_WR2":"0.380000000000000","txt_WSE":"0.870000000000000","txt_WCI90":"1.720000000000000","txt_Shape_Length":"499.999957349060594","source_feature_index":421,"published_primary_rate_field":"LRR","published_primary_rate_m_per_year":-2.87,"dashboard_rate_class":"STRONG_RETREAT","dashboard_classification_note":"Display convention only; source numeric value is preserved. Not an official DMCR class.","published_period":"1990-2019","published_dataset":"Shoreline ThaiCoast / Krabi_Points"},"geometry":{"type":"Point","coordinates":[98.70525160056324,8.312887569371233]}},{"type":"Feature","id":422,"properties":{"OBJECTID":671,"TransectID":694,"BaselineID":16,"GroupID":1,"TransOrder":694,"Azimuth":124.37,"ShrCount":13,"TCD":539591.87,"SHAPE_Leng":499.999999998,"SCE":60.41,"NSM":-9.12,"EPR":-0.39,"EPRunc":1.82,"LRR":-0.31,"LR2":0.02,"LSE":16.06,"LCI90":1.24,"WLR":-0.31,"WR2":0.02,"WSE":0.54,"WCI90":1.24,"Shape_Le_1":499.999949043,"ORIG_FID":453,"txt_OBJECTID_1":"453","txt_OBJECTID":"671","txt_TransectID":"694","txt_BaselineID":"16","txt_GroupID":"1","txt_TransOrder":"694","txt_Azimuth":"124.370000000000005","txt_ShrCount":"13","txt_TCD":"539591.869999999995343","txt_SHAPE_Leng":"499.999999998000021","txt_SCE":"60.409999999999997","txt_NSM":"-9.119999999999999","txt_EPR":"-0.390000000000000","txt_EPRunc":"1.820000000000000","txt_LRR":"-0.310000000000000","txt_LR2":"0.020000000000000","txt_LSE":"16.059999999999999","txt_LCI90":"1.240000000000000","txt_WLR":"-0.310000000000000","txt_WR2":"0.020000000000000","txt_WSE":"0.540000000000000","txt_WCI90":"1.240000000000000","txt_Shape_Length":"499.999949043078288","source_feature_index":422,"published_primary_rate_field":"LRR","published_primary_rate_m_per_year":-0.31,"dashboard_rate_class":"RELATIVELY_STABLE","dashboard_classification_note":"Display convention only; source numeric value is preserved. Not an official DMCR class.","published_period":"1990-2019","published_dataset":"Shoreline ThaiCoast / Krabi_Points"},"geometry":{"type":"Point","coordinates":[98.70826587238614,8.309604213310758]}},{"type":"Feature","id":423,"properties":{"OBJECTID":672,"TransectID":695,"BaselineID":16,"GroupID":1,"TransOrder":695,"Azimuth":91.43,"ShrCount":17,"TCD":540091.87,"SHAPE_Leng":500.000000001,"SCE":216.76,"NSM":-128.08,"EPR":-5.49,"EPRunc":1.82,"LRR":-4.14,"LR2":0.15,"LSE":68.87,"LCI90":4.51,"WLR":-4.14,"WR2":0.15,"WSE":2.3,"WCI90":4.51,"Shape_Le_1":499.999964659,"ORIG_FID":454,"txt_OBJECTID_1":"454","txt_OBJECTID":"672","txt_TransectID":"695","txt_BaselineID":"16","txt_GroupID":"1","txt_TransOrder":"695","txt_Azimuth":"91.430000000000007","txt_ShrCount":"17","txt_TCD":"540091.869999999995343","txt_SHAPE_Leng":"500.000000000999989","txt_SCE":"216.759999999999991","txt_NSM":"-128.080000000000013","txt_EPR":"-5.490000000000000","txt_EPRunc":"1.820000000000000","txt_LRR":"-4.140000000000000","txt_LR2":"0.150000000000000","txt_LSE":"68.870000000000005","txt_LCI90":"4.510000000000000","txt_WLR":"-4.140000000000000","txt_WR2":"0.150000000000000","txt_WSE":"2.300000000000000","txt_WCI90":"4.510000000000000","txt_Shape_Length":"499.999964658686110","source_feature_index":423,"published_primary_rate_field":"LRR","published_primary_rate_m_per_year":-4.14,"dashboard_rate_class":"STRONG_RETREAT","dashboard_classification_note":"Display convention only; source numeric value is preserved. Not an official DMCR class.","published_period":"1990-2019","published_dataset":"Shoreline ThaiCoast / Krabi_Points"},"geometry":{"type":"Point","coordinates":[98.70837077763977,8.30435289400271]}},{"type":"Feature","id":424,"properties":{"OBJECTID":673,"TransectID":696,"BaselineID":16,"GroupID":1,"TransOrder":696,"Azimuth":99.34,"ShrCount":13,"TCD":540591.87,"SHAPE_Leng":499.999999998,"SCE":205.79,"NSM":-174.65,"EPR":-7.49,"EPRunc":1.82,"LRR":-7.68,"LR2":0.35,"LSE":74.21,"LCI90":5.71,"WLR":-7.68,"WR2":0.35,"WSE":2.47,"WCI90":5.71,"Shape_Le_1":500.00001534,"ORIG_FID":455,"txt_OBJECTID_1":"455","txt_OBJECTID":"673","txt_TransectID":"696","txt_BaselineID":"16","txt_GroupID":"1","txt_TransOrder":"696","txt_Azimuth":"99.340000000000003","txt_ShrCount":"13","txt_TCD":"540591.869999999995343","txt_SHAPE_Leng":"499.999999998000021","txt_SCE":"205.789999999999992","txt_NSM":"-174.650000000000006","txt_EPR":"-7.490000000000000","txt_EPRunc":"1.820000000000000","txt_LRR":"-7.680000000000000","txt_LR2":"0.350000000000000","txt_LSE":"74.209999999999994","txt_LCI90":"5.710000000000000","txt_WLR":"-7.680000000000000","txt_WR2":"0.350000000000000","txt_WSE":"2.470000000000000","txt_WCI90":"5.710000000000000","txt_Shape_Length":"500.000015339781896","source_feature_index":424,"published_primary_rate_field":"LRR","published_primary_rate_m_per_year":-7.68,"dashboard_rate_class":"STRONG_RETREAT","dashboard_classification_note":"Display convention only; source numeric value is preserved. Not an official DMCR class.","published_period":"1990-2019","published_dataset":"Shoreline ThaiCoast / Krabi_Points"},"geometry":{"type":"Point","coordinates":[98.70770034789132,8.300495652773794]}},{"type":"Feature","id":425,"properties":{"OBJECTID":674,"TransectID":697,"BaselineID":16,"GroupID":1,"TransOrder":697,"Azimuth":95.62,"ShrCount":15,"TCD":541091.87,"SHAPE_Leng":500.000000001,"SCE":229.67,"NSM":-61.52,"EPR":-2.64,"EPRunc":1.82,"LRR":-1.94,"LR2":0.05,"LSE":62.33,"LCI90":4.22,"WLR":-1.94,"WR2":0.05,"WSE":2.08,"WCI90":4.22,"Shape_Le_1":499.9999537,"ORIG_FID":456,"txt_OBJECTID_1":"456","txt_OBJECTID":"674","txt_TransectID":"697","txt_BaselineID":"16","txt_GroupID":"1","txt_TransOrder":"697","txt_Azimuth":"95.620000000000005","txt_ShrCount":"15","txt_TCD":"541091.869999999995343","txt_SHAPE_Leng":"500.000000000999989","txt_SCE":"229.669999999999987","txt_NSM":"-61.520000000000003","txt_EPR":"-2.640000000000000","txt_EPRunc":"1.820000000000000","txt_LRR":"-1.940000000000000","txt_LR2":"0.050000000000000","txt_LSE":"62.329999999999998","txt_LCI90":"4.220000000000000","txt_WLR":"-1.940000000000000","txt_WR2":"0.050000000000000","txt_WSE":"2.080000000000000","txt_WCI90":"4.220000000000000","txt_Shape_Length":"499.999953699601917","source_feature_index":425,"published_primary_rate_field":"LRR","published_primary_rate_m_per_year":-1.94,"dashboard_rate_class":"RETREAT","dashboard_classification_note":"Display convention only; source numeric value is preserved. Not an official DMCR class.","published_period":"1990-2019","published_dataset":"Shoreline ThaiCoast / Krabi_Points"},"geometry":{"type":"Point","coordinates":[98.7070321641239,8.296314442300455]}},{"type":"Feature","id":426,"properties":{"OBJECTID":675,"TransectID":698,"BaselineID":16,"GroupID":1,"TransOrder":698,"Azimuth":63.69,"ShrCount":14,"TCD":541591.87,"SHAPE_Leng":500.0,"SCE":236.3,"NSM":-61.86,"EPR":-2.65,"EPRunc":1.82,"LRR":-4.25,"LR2":0.15,"LSE":67.11,"LCI90":5.11,"WLR":-4.25,"WR2":0.15,"WSE":2.24,"WCI90":5.11,"Shape_Le_1":500.000061995,"ORIG_FID":457,"txt_OBJECTID_1":"457","txt_OBJECTID":"675","txt_TransectID":"698","txt_BaselineID":"16","txt_GroupID":"1","txt_TransOrder":"698","txt_Azimuth":"63.689999999999998","txt_ShrCount":"14","txt_TCD":"541591.869999999995343","txt_SHAPE_Leng":"500.000000000000000","txt_SCE":"236.300000000000011","txt_NSM":"-61.859999999999999","txt_EPR":"-2.650000000000000","txt_EPRunc":"1.820000000000000","txt_LRR":"-4.250000000000000","txt_LR2":"0.150000000000000","txt_LSE":"67.109999999999999","txt_LCI90":"5.110000000000000","txt_WLR":"-4.250000000000000","txt_WR2":"0.150000000000000","txt_WSE":"2.240000000000000","txt_WCI90":"5.110000000000000","txt_Shape_Length":"500.000061995035651","source_feature_index":426,"published_primary_rate_field":"LRR","published_primary_rate_m_per_year":-4.25,"dashboard_rate_class":"STRONG_RETREAT","dashboard_classification_note":"Display convention only; source numeric value is preserved. Not an official DMCR class.","published_period":"1990-2019","published_dataset":"Shoreline ThaiCoast / Krabi_Points"},"geometry":{"type":"Point","coordinates":[98.70710543215924,8.290951550268638]}},{"type":"Feature","id":427,"properties":{"OBJECTID":682,"TransectID":705,"BaselineID":16,"GroupID":1,"TransOrder":705,"Azimuth":77.2,"ShrCount":22,"TCD":545091.87,"SHAPE_Leng":499.999999999,"SCE":211.79,"NSM":-81.55,"EPR":-3.21,"EPRunc":1.67,"LRR":-0.66,"LR2":0.01,"LSE":63.72,"LCI90":2.45,"WLR":-0.66,"WR2":0.01,"WSE":2.12,"WCI90":2.45,"Shape_Le_1":500.000022848,"ORIG_FID":458,"txt_OBJECTID_1":"458","txt_OBJECTID":"682","txt_TransectID":"705","txt_BaselineID":"16","txt_GroupID":"1","txt_TransOrder":"705","txt_Azimuth":"77.200000000000003","txt_ShrCount":"22","txt_TCD":"545091.869999999995343","txt_SHAPE_Leng":"499.999999999000011","txt_SCE":"211.789999999999992","txt_NSM":"-81.549999999999997","txt_EPR":"-3.210000000000000","txt_EPRunc":"1.670000000000000","txt_LRR":"-0.660000000000000","txt_LR2":"0.010000000000000","txt_LSE":"63.719999999999999","txt_LCI90":"2.450000000000000","txt_WLR":"-0.660000000000000","txt_WR2":"0.010000000000000","txt_WSE":"2.120000000000000","txt_WCI90":"2.450000000000000","txt_Shape_Length":"500.000022847563116","source_feature_index":427,"published_primary_rate_field":"LRR","published_primary_rate_m_per_year":-0.66,"dashboard_rate_class":"RETREAT","dashboard_classification_note":"Display convention only; source numeric value is preserved. Not an official DMCR class.","published_period":"1990-2019","published_dataset":"Shoreline ThaiCoast / Krabi_Points"},"geometry":{"type":"Point","coordinates":[98.71160425664273,8.281609671520691]}},{"type":"Feature","id":428,"properties":{"OBJECTID":683,"TransectID":706,"BaselineID":16,"GroupID":1,"TransOrder":706,"Azimuth":57.0,"ShrCount":25,"TCD":545591.87,"SHAPE_Leng":499.999999998,"SCE":250.44,"NSM":-113.25,"EPR":-4.46,"EPRunc":1.67,"LRR":0.42,"LR2":0.0,"LSE":71.71,"LCI90":2.69,"WLR":0.42,"WR2":0.0,"WSE":2.39,"WCI90":2.69,"Shape_Le_1":500.000074076,"ORIG_FID":459,"txt_OBJECTID_1":"459","txt_OBJECTID":"683","txt_TransectID":"706","txt_BaselineID":"16","txt_GroupID":"1","txt_TransOrder":"706","txt_Azimuth":"57.000000000000000","txt_ShrCount":"25","txt_TCD":"545591.869999999995343","txt_SHAPE_Leng":"499.999999998000021","txt_SCE":"250.439999999999998","txt_NSM":"-113.250000000000000","txt_EPR":"-4.460000000000000","txt_EPRunc":"1.670000000000000","txt_LRR":"0.420000000000000","txt_LR2":"0.000000000000000","txt_LSE":"71.709999999999994","txt_LCI90":"2.690000000000000","txt_WLR":"0.420000000000000","txt_WR2":"0.000000000000000","txt_WSE":"2.390000000000000","txt_WCI90":"2.690000000000000","txt_Shape_Length":"500.000074076437272","source_feature_index":428,"published_primary_rate_field":"LRR","published_primary_rate_m_per_year":0.42,"dashboard_rate_class":"RELATIVELY_STABLE","dashboard_classification_note":"Display convention only; source numeric value is preserved. Not an official DMCR class.","published_period":"1990-2019","published_dataset":"Shoreline ThaiCoast / Krabi_Points"},"geometry":{"type":"Point","coordinates":[98.71377345933783,8.277279058048236]}},{"type":"Feature","id":429,"properties":{"OBJECTID":685,"TransectID":708,"BaselineID":16,"GroupID":1,"TransOrder":708,"Azimuth":119.22,"ShrCount":23,"TCD":546591.87,"SHAPE_Leng":500.0,"SCE":73.58,"NSM":12.28,"EPR":0.48,"EPRunc":1.67,"LRR":0.71,"LR2":0.18,"LSE":15.04,"LCI90":0.57,"WLR":0.71,"WR2":0.18,"WSE":0.5,"WCI90":0.57,"Shape_Le_1":499.999971504,"ORIG_FID":460,"txt_OBJECTID_1":"460","txt_OBJECTID":"685","txt_TransectID":"708","txt_BaselineID":"16","txt_GroupID":"1","txt_TransOrder":"708","txt_Azimuth":"119.219999999999999","txt_ShrCount":"23","txt_TCD":"546591.869999999995343","txt_SHAPE_Leng":"500.000000000000000","txt_SCE":"73.579999999999998","txt_NSM":"12.279999999999999","txt_EPR":"0.480000000000000","txt_EPRunc":"1.670000000000000","txt_LRR":"0.710000000000000","txt_LR2":"0.180000000000000","txt_LSE":"15.039999999999999","txt_LCI90":"0.570000000000000","txt_WLR":"0.710000000000000","txt_WR2":"0.180000000000000","txt_WSE":"0.500000000000000","txt_WCI90":"0.570000000000000","txt_Shape_Length":"499.999971504449604","source_feature_index":429,"published_primary_rate_field":"LRR","published_primary_rate_m_per_year":0.71,"dashboard_rate_class":"ACCRETION","dashboard_classification_note":"Display convention only; source numeric value is preserved. Not an official DMCR class.","published_period":"1990-2019","published_dataset":"Shoreline ThaiCoast / Krabi_Points"},"geometry":{"type":"Point","coordinates":[98.7136224319755,8.27339770813671]}},{"type":"Feature","id":430,"properties":{"OBJECTID":686,"TransectID":709,"BaselineID":16,"GroupID":1,"TransOrder":709,"Azimuth":77.21,"ShrCount":25,"TCD":547091.87,"SHAPE_Leng":499.999999998,"SCE":64.95,"NSM":9.94,"EPR":0.39,"EPRunc":1.67,"LRR":0.13,"LR2":0.01,"LSE":16.41,"LCI90":0.62,"WLR":0.13,"WR2":0.01,"WSE":0.55,"WCI90":0.62,"Shape_Le_1":499.999958991,"ORIG_FID":461,"txt_OBJECTID_1":"461","txt_OBJECTID":"686","txt_TransectID":"709","txt_BaselineID":"16","txt_GroupID":"1","txt_TransOrder":"709","txt_Azimuth":"77.209999999999994","txt_ShrCount":"25","txt_TCD":"547091.869999999995343","txt_SHAPE_Leng":"499.999999998000021","txt_SCE":"64.950000000000003","txt_NSM":"9.940000000000000","txt_EPR":"0.390000000000000","txt_EPRunc":"1.670000000000000","txt_LRR":"0.130000000000000","txt_LR2":"0.010000000000000","txt_LSE":"16.410000000000000","txt_LCI90":"0.620000000000000","txt_WLR":"0.130000000000000","txt_WR2":"0.010000000000000","txt_WSE":"0.550000000000000","txt_WCI90":"0.620000000000000","txt_Shape_Length":"499.999958991465348","source_feature_index":430,"published_primary_rate_field":"LRR","published_primary_rate_m_per_year":0.13,"dashboard_rate_class":"RELATIVELY_STABLE","dashboard_classification_note":"Display convention only; source numeric value is preserved. Not an official DMCR class.","published_period":"1990-2019","published_dataset":"Shoreline ThaiCoast / Krabi_Points"},"geometry":{"type":"Point","coordinates":[98.71218421733174,8.267782561998626]}},{"type":"Feature","id":431,"properties":{"OBJECTID":687,"TransectID":710,"BaselineID":16,"GroupID":1,"TransOrder":710,"Azimuth":27.97,"ShrCount":24,"TCD":547591.87,"SHAPE_Leng":500.000000001,"SCE":79.64,"NSM":-40.87,"EPR":-1.61,"EPRunc":1.67,"LRR":-0.53,"LR2":0.06,"LSE":20.3,"LCI90":0.77,"WLR":-0.53,"WR2":0.06,"WSE":0.68,"WCI90":0.77,"Shape_Le_1":500.000037409,"ORIG_FID":462,"txt_OBJECTID_1":"462","txt_OBJECTID":"687","txt_TransectID":"710","txt_BaselineID":"16","txt_GroupID":"1","txt_TransOrder":"710","txt_Azimuth":"27.969999999999999","txt_ShrCount":"24","txt_TCD":"547591.869999999995343","txt_SHAPE_Leng":"500.000000000999989","txt_SCE":"79.640000000000001","txt_NSM":"-40.869999999999997","txt_EPR":"-1.610000000000000","txt_EPRunc":"1.670000000000000","txt_LRR":"-0.530000000000000","txt_LR2":"0.060000000000000","txt_LSE":"20.300000000000001","txt_LCI90":"0.770000000000000","txt_WLR":"-0.530000000000000","txt_WR2":"0.060000000000000","txt_WSE":"0.680000000000000","txt_WCI90":"0.770000000000000","txt_Shape_Length":"500.000037408583182","source_feature_index":431,"published_primary_rate_field":"LRR","published_primary_rate_m_per_year":-0.53,"dashboard_rate_class":"RETREAT","dashboard_classification_note":"Display convention only; source numeric value is preserved. Not an official DMCR class.","published_period":"1990-2019","published_dataset":"Shoreline ThaiCoast / Krabi_Points"},"geometry":{"type":"Point","coordinates":[98.71571216066661,8.265178819785472]}},{"type":"Feature","id":432,"properties":{"OBJECTID":688,"TransectID":711,"BaselineID":16,"GroupID":1,"TransOrder":711,"Azimuth":48.11,"ShrCount":21,"TCD":548091.87,"SHAPE_Leng":500.000000002,"SCE":284.22,"NSM":-91.55,"EPR":-3.61,"EPRunc":1.67,"LRR":-1.82,"LR2":0.05,"LSE":72.31,"LCI90":3.03,"WLR":-1.82,"WR2":0.05,"WSE":2.41,"WCI90":3.03,"Shape_Le_1":499.99996622,"ORIG_FID":463,"txt_OBJECTID_1":"463","txt_OBJECTID":"688","txt_TransectID":"711","txt_BaselineID":"16","txt_GroupID":"1","txt_TransOrder":"711","txt_Azimuth":"48.109999999999999","txt_ShrCount":"21","txt_TCD":"548091.869999999995343","txt_SHAPE_Leng":"500.000000001999979","txt_SCE":"284.220000000000027","txt_NSM":"-91.549999999999997","txt_EPR":"-3.610000000000000","txt_EPRunc":"1.670000000000000","txt_LRR":"-1.820000000000000","txt_LR2":"0.050000000000000","txt_LSE":"72.310000000000002","txt_LCI90":"3.030000000000000","txt_WLR":"-1.820000000000000","txt_WR2":"0.050000000000000","txt_WSE":"2.410000000000000","txt_WCI90":"3.030000000000000","txt_Shape_Length":"499.999966219567739","source_feature_index":432,"published_primary_rate_field":"LRR","published_primary_rate_m_per_year":-1.82,"dashboard_rate_class":"RETREAT","dashboard_classification_note":"Display convention only; source numeric value is preserved. Not an official DMCR class.","published_period":"1990-2019","published_dataset":"Shoreline ThaiCoast / Krabi_Points"},"geometry":{"type":"Point","coordinates":[98.71883620645959,8.263538370689826]}},{"type":"Feature","id":433,"properties":{"OBJECTID":689,"TransectID":712,"BaselineID":16,"GroupID":1,"TransOrder":712,"Azimuth":73.2,"ShrCount":25,"TCD":548591.87,"SHAPE_Leng":499.999999996,"SCE":53.67,"NSM":-11.0,"EPR":-0.43,"EPRunc":1.67,"LRR":0.1,"LR2":0.0,"LSE":15.73,"LCI90":0.59,"WLR":0.1,"WR2":0.0,"WSE":0.52,"WCI90":0.59,"Shape_Le_1":499.99992466,"ORIG_FID":464,"txt_OBJECTID_1":"464","txt_OBJECTID":"689","txt_TransectID":"712","txt_BaselineID":"16","txt_GroupID":"1","txt_TransOrder":"712","txt_Azimuth":"73.200000000000003","txt_ShrCount":"25","txt_TCD":"548591.869999999995343","txt_SHAPE_Leng":"499.999999995999985","txt_SCE":"53.670000000000002","txt_NSM":"-11.000000000000000","txt_EPR":"-0.430000000000000","txt_EPRunc":"1.670000000000000","txt_LRR":"0.100000000000000","txt_LR2":"0.000000000000000","txt_LSE":"15.730000000000000","txt_LCI90":"0.590000000000000","txt_WLR":"0.100000000000000","txt_WR2":"0.000000000000000","txt_WSE":"0.520000000000000","txt_WCI90":"0.590000000000000","txt_Shape_Length":"499.999924660260660","source_feature_index":433,"published_primary_rate_field":"LRR","published_primary_rate_m_per_year":0.1,"dashboard_rate_class":"RELATIVELY_STABLE","dashboard_classification_note":"Display convention only; source numeric value is preserved. Not an official DMCR class.","published_period":"1990-2019","published_dataset":"Shoreline ThaiCoast / Krabi_Points"},"geometry":{"type":"Point","coordinates":[98.7200641922203,8.260464760238616]}},{"type":"Feature","id":434,"properties":{"OBJECTID":690,"TransectID":713,"BaselineID":16,"GroupID":1,"TransOrder":713,"Azimuth":91.3,"ShrCount":21,"TCD":549091.87,"SHAPE_Leng":499.999999997,"SCE":352.38,"NSM":0.22,"EPR":0.01,"EPRunc":1.67,"LRR":4.67,"LR2":0.17,"LSE":98.07,"LCI90":4.09,"WLR":4.67,"WR2":0.17,"WSE":3.27,"WCI90":4.09,"Shape_Le_1":499.999989484,"ORIG_FID":465,"txt_OBJECTID_1":"465","txt_OBJECTID":"690","txt_TransectID":"713","txt_BaselineID":"16","txt_GroupID":"1","txt_TransOrder":"713","txt_Azimuth":"91.299999999999997","txt_ShrCount":"21","txt_TCD":"549091.869999999995343","txt_SHAPE_Leng":"499.999999996999975","txt_SCE":"352.379999999999995","txt_NSM":"0.220000000000000","txt_EPR":"0.010000000000000","txt_EPRunc":"1.670000000000000","txt_LRR":"4.670000000000000","txt_LR2":"0.170000000000000","txt_LSE":"98.069999999999993","txt_LCI90":"4.090000000000000","txt_WLR":"4.670000000000000","txt_WR2":"0.170000000000000","txt_WSE":"3.270000000000000","txt_WCI90":"4.090000000000000","txt_Shape_Length":"499.999989484290097","source_feature_index":434,"published_primary_rate_field":"LRR","published_primary_rate_m_per_year":4.67,"dashboard_rate_class":"STRONG_ACCRETION","dashboard_classification_note":"Display convention only; source numeric value is preserved. Not an official DMCR class.","published_period":"1990-2019","published_dataset":"Shoreline ThaiCoast / Krabi_Points"},"geometry":{"type":"Point","coordinates":[98.72068671037832,8.257096792637775]}},{"type":"Feature","id":435,"properties":{"OBJECTID":691,"TransectID":714,"BaselineID":16,"GroupID":1,"TransOrder":714,"Azimuth":104.06,"ShrCount":26,"TCD":549591.87,"SHAPE_Leng":499.999999998,"SCE":250.26,"NSM":17.66,"EPR":0.64,"EPRunc":1.54,"LRR":4.13,"LR2":0.21,"LSE":79.28,"LCI90":2.77,"WLR":4.13,"WR2":0.21,"WSE":2.64,"WCI90":2.77,"Shape_Le_1":499.999945235,"ORIG_FID":466,"txt_OBJECTID_1":"466","txt_OBJECTID":"691","txt_TransectID":"714","txt_BaselineID":"16","txt_GroupID":"1","txt_TransOrder":"714","txt_Azimuth":"104.060000000000002","txt_ShrCount":"26","txt_TCD":"549591.869999999995343","txt_SHAPE_Leng":"499.999999998000021","txt_SCE":"250.259999999999991","txt_NSM":"17.660000000000000","txt_EPR":"0.640000000000000","txt_EPRunc":"1.540000000000000","txt_LRR":"4.130000000000000","txt_LR2":"0.210000000000000","txt_LSE":"79.280000000000001","txt_LCI90":"2.770000000000000","txt_WLR":"4.130000000000000","txt_WR2":"0.210000000000000","txt_WSE":"2.640000000000000","txt_WCI90":"2.770000000000000","txt_Shape_Length":"499.999945234798474","source_feature_index":435,"published_primary_rate_field":"LRR","published_primary_rate_m_per_year":4.13,"dashboard_rate_class":"STRONG_ACCRETION","dashboard_classification_note":"Display convention only; source numeric value is preserved. Not an official DMCR class.","published_period":"1990-2019","published_dataset":"Shoreline ThaiCoast / Krabi_Points"},"geometry":{"type":"Point","coordinates":[98.71985336070648,8.253435910704424]}},{"type":"Feature","id":436,"properties":{"OBJECTID":692,"TransectID":715,"BaselineID":16,"GroupID":1,"TransOrder":715,"Azimuth":110.36,"ShrCount":26,"TCD":550091.87,"SHAPE_Leng":500.0,"SCE":164.67,"NSM":37.5,"EPR":1.36,"EPRunc":1.54,"LRR":2.21,"LR2":0.13,"LSE":57.7,"LCI90":2.04,"WLR":2.21,"WR2":0.13,"WSE":1.92,"WCI90":2.04,"Shape_Le_1":500.000014945,"ORIG_FID":467,"txt_OBJECTID_1":"467","txt_OBJECTID":"692","txt_TransectID":"715","txt_BaselineID":"16","txt_GroupID":"1","txt_TransOrder":"715","txt_Azimuth":"110.359999999999999","txt_ShrCount":"26","txt_TCD":"550091.869999999995343","txt_SHAPE_Leng":"500.000000000000000","txt_SCE":"164.669999999999987","txt_NSM":"37.500000000000000","txt_EPR":"1.360000000000000","txt_EPRunc":"1.540000000000000","txt_LRR":"2.210000000000000","txt_LR2":"0.130000000000000","txt_LSE":"57.700000000000003","txt_LCI90":"2.040000000000000","txt_WLR":"2.210000000000000","txt_WR2":"0.130000000000000","txt_WSE":"1.920000000000000","txt_WCI90":"2.040000000000000","txt_Shape_Length":"500.000014944745374","source_feature_index":436,"published_primary_rate_field":"LRR","published_primary_rate_m_per_year":2.21,"dashboard_rate_class":"STRONG_ACCRETION","dashboard_classification_note":"Display convention only; source numeric value is preserved. Not an official DMCR class.","published_period":"1990-2019","published_dataset":"Shoreline ThaiCoast / Krabi_Points"},"geometry":{"type":"Point","coordinates":[98.71877189861783,8.249632157688751]}},{"type":"Feature","id":437,"properties":{"OBJECTID":693,"TransectID":716,"BaselineID":16,"GroupID":1,"TransOrder":716,"Azimuth":100.74,"ShrCount":24,"TCD":550591.87,"SHAPE_Leng":499.999999998,"SCE":73.14,"NSM":14.32,"EPR":0.52,"EPRunc":1.54,"LRR":1.34,"LR2":0.35,"LSE":18.38,"LCI90":0.66,"WLR":1.34,"WR2":0.35,"WSE":0.61,"WCI90":0.66,"Shape_Le_1":500.000056669,"ORIG_FID":468,"txt_OBJECTID_1":"468","txt_OBJECTID":"693","txt_TransectID":"716","txt_BaselineID":"16","txt_GroupID":"1","txt_TransOrder":"716","txt_Azimuth":"100.739999999999995","txt_ShrCount":"24","txt_TCD":"550591.869999999995343","txt_SHAPE_Leng":"499.999999998000021","txt_SCE":"73.140000000000001","txt_NSM":"14.320000000000000","txt_EPR":"0.520000000000000","txt_EPRunc":"1.540000000000000","txt_LRR":"1.340000000000000","txt_LR2":"0.350000000000000","txt_LSE":"18.379999999999999","txt_LCI90":"0.660000000000000","txt_WLR":"1.340000000000000","txt_WR2":"0.350000000000000","txt_WSE":"0.610000000000000","txt_WCI90":"0.660000000000000","txt_Shape_Length":"500.000056669244771","source_feature_index":437,"published_primary_rate_field":"LRR","published_primary_rate_m_per_year":1.34,"dashboard_rate_class":"ACCRETION","dashboard_classification_note":"Display convention only; source numeric value is preserved. Not an official DMCR class.","published_period":"1990-2019","published_dataset":"Shoreline ThaiCoast / Krabi_Points"},"geometry":{"type":"Point","coordinates":[98.71690632455704,8.245456541420038]}},{"type":"Feature","id":438,"properties":{"OBJECTID":694,"TransectID":717,"BaselineID":16,"GroupID":1,"TransOrder":717,"Azimuth":91.32,"ShrCount":23,"TCD":551091.87,"SHAPE_Leng":500.000000003,"SCE":115.42,"NSM":75.46,"EPR":2.75,"EPRunc":1.54,"LRR":2.86,"LR2":0.52,"LSE":28.0,"LCI90":1.04,"WLR":2.86,"WR2":0.52,"WSE":0.93,"WCI90":1.04,"Shape_Le_1":500.000049078,"ORIG_FID":469,"txt_OBJECTID_1":"469","txt_OBJECTID":"694","txt_TransectID":"717","txt_BaselineID":"16","txt_GroupID":"1","txt_TransOrder":"717","txt_Azimuth":"91.319999999999993","txt_ShrCount":"23","txt_TCD":"551091.869999999995343","txt_SHAPE_Leng":"500.000000003000025","txt_SCE":"115.420000000000002","txt_NSM":"75.459999999999994","txt_EPR":"2.750000000000000","txt_EPRunc":"1.540000000000000","txt_LRR":"2.860000000000000","txt_LR2":"0.520000000000000","txt_LSE":"28.000000000000000","txt_LCI90":"1.040000000000000","txt_WLR":"2.860000000000000","txt_WR2":"0.520000000000000","txt_WSE":"0.930000000000000","txt_WCI90":"1.040000000000000","txt_Shape_Length":"500.000049077589665","source_feature_index":438,"published_primary_rate_field":"LRR","published_primary_rate_m_per_year":2.86,"dashboard_rate_class":"STRONG_ACCRETION","dashboard_classification_note":"Display convention only; source numeric value is preserved. Not an official DMCR class.","published_period":"1990-2019","published_dataset":"Shoreline ThaiCoast / Krabi_Points"},"geometry":{"type":"Point","coordinates":[98.71724842885418,8.24160788306663]}},{"type":"Feature","id":439,"properties":{"OBJECTID":695,"TransectID":718,"BaselineID":16,"GroupID":1,"TransOrder":718,"Azimuth":114.14,"ShrCount":23,"TCD":551591.87,"SHAPE_Leng":500.000000002,"SCE":164.7,"NSM":26.64,"EPR":0.97,"EPRunc":1.54,"LRR":2.73,"LR2":0.28,"LSE":45.25,"LCI90":1.66,"WLR":2.73,"WR2":0.28,"WSE":1.51,"WCI90":1.66,"Shape_Le_1":499.999987082,"ORIG_FID":470,"txt_OBJECTID_1":"470","txt_OBJECTID":"695","txt_TransectID":"718","txt_BaselineID":"16","txt_GroupID":"1","txt_TransOrder":"718","txt_Azimuth":"114.140000000000001","txt_ShrCount":"23","txt_TCD":"551591.869999999995343","txt_SHAPE_Leng":"500.000000001999979","txt_SCE":"164.699999999999989","txt_NSM":"26.640000000000001","txt_EPR":"0.970000000000000","txt_EPRunc":"1.540000000000000","txt_LRR":"2.730000000000000","txt_LR2":"0.280000000000000","txt_LSE":"45.250000000000000","txt_LCI90":"1.660000000000000","txt_WLR":"2.730000000000000","txt_WR2":"0.280000000000000","txt_WSE":"1.510000000000000","txt_WCI90":"1.660000000000000","txt_Shape_Length":"499.999987082391385","source_feature_index":439,"published_primary_rate_field":"LRR","published_primary_rate_m_per_year":2.73,"dashboard_rate_class":"STRONG_ACCRETION","dashboard_classification_note":"Display convention only; source numeric value is preserved. Not an official DMCR class.","published_period":"1990-2019","published_dataset":"Shoreline ThaiCoast / Krabi_Points"},"geometry":{"type":"Point","coordinates":[98.7168926068624,8.238272542073942]}},{"type":"Feature","id":440,"properties":{"OBJECTID":696,"TransectID":719,"BaselineID":16,"GroupID":1,"TransOrder":719,"Azimuth":126.53,"ShrCount":23,"TCD":552091.87,"SHAPE_Leng":500.000000003,"SCE":76.98,"NSM":11.2,"EPR":0.41,"EPRunc":1.54,"LRR":0.36,"LR2":0.04,"LSE":16.83,"LCI90":0.62,"WLR":0.36,"WR2":0.04,"WSE":0.56,"WCI90":0.62,"Shape_Le_1":500.000056246,"ORIG_FID":471,"txt_OBJECTID_1":"471","txt_OBJECTID":"696","txt_TransectID":"719","txt_BaselineID":"16","txt_GroupID":"1","txt_TransOrder":"719","txt_Azimuth":"126.530000000000001","txt_ShrCount":"23","txt_TCD":"552091.869999999995343","txt_SHAPE_Leng":"500.000000003000025","txt_SCE":"76.980000000000004","txt_NSM":"11.199999999999999","txt_EPR":"0.410000000000000","txt_EPRunc":"1.540000000000000","txt_LRR":"0.360000000000000","txt_LR2":"0.040000000000000","txt_LSE":"16.829999999999998","txt_LCI90":"0.620000000000000","txt_WLR":"0.360000000000000","txt_WR2":"0.040000000000000","txt_WSE":"0.560000000000000","txt_WCI90":"0.620000000000000","txt_Shape_Length":"500.000056245944108","source_feature_index":440,"published_primary_rate_field":"LRR","published_primary_rate_m_per_year":0.36,"dashboard_rate_class":"RELATIVELY_STABLE","dashboard_classification_note":"Display convention only; source numeric value is preserved. Not an official DMCR class.","published_period":"1990-2019","published_dataset":"Shoreline ThaiCoast / Krabi_Points"},"geometry":{"type":"Point","coordinates":[98.71435631873737,8.235470324405952]}},{"type":"Feature","id":441,"properties":{"OBJECTID":697,"TransectID":720,"BaselineID":16,"GroupID":1,"TransOrder":720,"Azimuth":121.42,"ShrCount":22,"TCD":552591.87,"SHAPE_Leng":499.999999998,"SCE":67.65,"NSM":16.55,"EPR":0.6,"EPRunc":1.54,"LRR":0.84,"LR2":0.24,"LSE":15.38,"LCI90":0.58,"WLR":0.84,"WR2":0.24,"WSE":0.51,"WCI90":0.58,"Shape_Le_1":500.000025885,"ORIG_FID":472,"txt_OBJECTID_1":"472","txt_OBJECTID":"697","txt_TransectID":"720","txt_BaselineID":"16","txt_GroupID":"1","txt_TransOrder":"720","txt_Azimuth":"121.420000000000002","txt_ShrCount":"22","txt_TCD":"552591.869999999995343","txt_SHAPE_Leng":"499.999999998000021","txt_SCE":"67.650000000000006","txt_NSM":"16.550000000000001","txt_EPR":"0.600000000000000","txt_EPRunc":"1.540000000000000","txt_LRR":"0.840000000000000","txt_LR2":"0.240000000000000","txt_LSE":"15.380000000000001","txt_LCI90":"0.580000000000000","txt_WLR":"0.840000000000000","txt_WR2":"0.240000000000000","txt_WSE":"0.510000000000000","txt_WCI90":"0.580000000000000","txt_Shape_Length":"500.000025884739500","source_feature_index":441,"published_primary_rate_field":"LRR","published_primary_rate_m_per_year":0.84,"dashboard_rate_class":"ACCRETION","dashboard_classification_note":"Display convention only; source numeric value is preserved. Not an official DMCR class.","published_period":"1990-2019","published_dataset":"Shoreline ThaiCoast / Krabi_Points"},"geometry":{"type":"Point","coordinates":[98.71222225313952,8.232055871488953]}},{"type":"Feature","id":442,"properties":{"OBJECTID":698,"TransectID":721,"BaselineID":16,"GroupID":1,"TransOrder":721,"Azimuth":103.46,"ShrCount":24,"TCD":553091.87,"SHAPE_Leng":499.999999998,"SCE":42.68,"NSM":10.75,"EPR":0.39,"EPRunc":1.54,"LRR":0.63,"LR2":0.29,"LSE":9.84,"LCI90":0.35,"WLR":0.63,"WR2":0.29,"WSE":0.33,"WCI90":0.35,"Shape_Le_1":499.99995651,"ORIG_FID":473,"txt_OBJECTID_1":"473","txt_OBJECTID":"698","txt_TransectID":"721","txt_BaselineID":"16","txt_GroupID":"1","txt_TransOrder":"721","txt_Azimuth":"103.459999999999994","txt_ShrCount":"24","txt_TCD":"553091.869999999995343","txt_SHAPE_Leng":"499.999999998000021","txt_SCE":"42.680000000000000","txt_NSM":"10.750000000000000","txt_EPR":"0.390000000000000","txt_EPRunc":"1.540000000000000","txt_LRR":"0.630000000000000","txt_LR2":"0.290000000000000","txt_LSE":"9.840000000000000","txt_LCI90":"0.350000000000000","txt_WLR":"0.630000000000000","txt_WR2":"0.290000000000000","txt_WSE":"0.330000000000000","txt_WCI90":"0.350000000000000","txt_Shape_Length":"499.999956510360050","source_feature_index":442,"published_primary_rate_field":"LRR","published_primary_rate_m_per_year":0.63,"dashboard_rate_class":"ACCRETION","dashboard_classification_note":"Display convention only; source numeric value is preserved. Not an official DMCR class.","published_period":"1990-2019","published_dataset":"Shoreline ThaiCoast / Krabi_Points"},"geometry":{"type":"Point","coordinates":[98.70970444322478,8.227677731937304]}},{"type":"Feature","id":443,"properties":{"OBJECTID":699,"TransectID":722,"BaselineID":16,"GroupID":1,"TransOrder":722,"Azimuth":51.26,"ShrCount":23,"TCD":553591.87,"SHAPE_Leng":499.999999999,"SCE":146.13,"NSM":-116.6,"EPR":-4.16,"EPRunc":1.51,"LRR":-3.96,"LR2":0.64,"LSE":30.97,"LCI90":1.12,"WLR":-3.96,"WR2":0.64,"WSE":1.03,"WCI90":1.12,"Shape_Le_1":500.000034986,"ORIG_FID":474,"txt_OBJECTID_1":"474","txt_OBJECTID":"699","txt_TransectID":"722","txt_BaselineID":"16","txt_GroupID":"1","txt_TransOrder":"722","txt_Azimuth":"51.259999999999998","txt_ShrCount":"23","txt_TCD":"553591.869999999995343","txt_SHAPE_Leng":"499.999999999000011","txt_SCE":"146.129999999999995","txt_NSM":"-116.599999999999994","txt_EPR":"-4.160000000000000","txt_EPRunc":"1.510000000000000","txt_LRR":"-3.960000000000000","txt_LR2":"0.640000000000000","txt_LSE":"30.969999999999999","txt_LCI90":"1.120000000000000","txt_WLR":"-3.960000000000000","txt_WR2":"0.640000000000000","txt_WSE":"1.030000000000000","txt_WCI90":"1.120000000000000","txt_Shape_Length":"500.000034985598177","source_feature_index":443,"published_primary_rate_field":"LRR","published_primary_rate_m_per_year":-3.96,"dashboard_rate_class":"STRONG_RETREAT","dashboard_classification_note":"Display convention only; source numeric value is preserved. Not an official DMCR class.","published_period":"1990-2019","published_dataset":"Shoreline ThaiCoast / Krabi_Points"},"geometry":{"type":"Point","coordinates":[98.71068096082288,8.222320824267394]}},{"type":"Feature","id":444,"properties":{"OBJECTID":700,"TransectID":723,"BaselineID":16,"GroupID":1,"TransOrder":723,"Azimuth":337.79,"ShrCount":27,"TCD":554091.87,"SHAPE_Leng":499.999999997,"SCE":71.5,"NSM":5.97,"EPR":0.21,"EPRunc":1.51,"LRR":-0.92,"LR2":0.28,"LSE":15.11,"LCI90":0.5,"WLR":-0.92,"WR2":0.28,"WSE":0.5,"WCI90":0.5,"Shape_Le_1":500.000027144,"ORIG_FID":475,"txt_OBJECTID_1":"475","txt_OBJECTID":"700","txt_TransectID":"723","txt_BaselineID":"16","txt_GroupID":"1","txt_TransOrder":"723","txt_Azimuth":"337.790000000000020","txt_ShrCount":"27","txt_TCD":"554091.869999999995343","txt_SHAPE_Leng":"499.999999996999975","txt_SCE":"71.500000000000000","txt_NSM":"5.970000000000000","txt_EPR":"0.210000000000000","txt_EPRunc":"1.510000000000000","txt_LRR":"-0.920000000000000","txt_LR2":"0.280000000000000","txt_LSE":"15.109999999999999","txt_LCI90":"0.500000000000000","txt_WLR":"-0.920000000000000","txt_WR2":"0.280000000000000","txt_WSE":"0.500000000000000","txt_WCI90":"0.500000000000000","txt_Shape_Length":"500.000027143598743","source_feature_index":444,"published_primary_rate_field":"LRR","published_primary_rate_m_per_year":-0.92,"dashboard_rate_class":"RETREAT","dashboard_classification_note":"Display convention only; source numeric value is preserved. Not an official DMCR class.","published_period":"1990-2019","published_dataset":"Shoreline ThaiCoast / Krabi_Points"},"geometry":{"type":"Point","coordinates":[98.71668378604915,8.220209925201376]}},{"type":"Feature","id":445,"properties":{"OBJECTID":701,"TransectID":724,"BaselineID":16,"GroupID":1,"TransOrder":724,"Azimuth":304.97,"ShrCount":29,"TCD":554591.87,"SHAPE_Leng":500.000000002,"SCE":56.11,"NSM":-32.05,"EPR":-1.14,"EPRunc":1.51,"LRR":-1.29,"LR2":0.68,"LSE":8.89,"LCI90":0.29,"WLR":-1.29,"WR2":0.68,"WSE":0.3,"WCI90":0.29,"Shape_Le_1":500.000030154,"ORIG_FID":476,"txt_OBJECTID_1":"476","txt_OBJECTID":"701","txt_TransectID":"724","txt_BaselineID":"16","txt_GroupID":"1","txt_TransOrder":"724","txt_Azimuth":"304.970000000000027","txt_ShrCount":"29","txt_TCD":"554591.869999999995343","txt_SHAPE_Leng":"500.000000001999979","txt_SCE":"56.109999999999999","txt_NSM":"-32.049999999999997","txt_EPR":"-1.140000000000000","txt_EPRunc":"1.510000000000000","txt_LRR":"-1.290000000000000","txt_LR2":"0.680000000000000","txt_LSE":"8.890000000000001","txt_LCI90":"0.290000000000000","txt_WLR":"-1.290000000000000","txt_WR2":"0.680000000000000","txt_WSE":"0.300000000000000","txt_WCI90":"0.290000000000000","txt_Shape_Length":"500.000030153502507","source_feature_index":445,"published_primary_rate_field":"LRR","published_primary_rate_m_per_year":-1.29,"dashboard_rate_class":"RETREAT","dashboard_classification_note":"Display convention only; source numeric value is preserved. Not an official DMCR class.","published_period":"1990-2019","published_dataset":"Shoreline ThaiCoast / Krabi_Points"},"geometry":{"type":"Point","coordinates":[98.71956312606908,8.224583438085757]}},{"type":"Feature","id":446,"properties":{"OBJECTID":702,"TransectID":725,"BaselineID":16,"GroupID":1,"TransOrder":725,"Azimuth":300.81,"ShrCount":27,"TCD":555091.87,"SHAPE_Leng":499.999999999,"SCE":68.25,"NSM":-32.43,"EPR":-1.16,"EPRunc":1.51,"LRR":-1.28,"LR2":0.53,"LSE":12.5,"LCI90":0.42,"WLR":-1.28,"WR2":0.53,"WSE":0.42,"WCI90":0.42,"Shape_Le_1":499.999954709,"ORIG_FID":477,"txt_OBJECTID_1":"477","txt_OBJECTID":"702","txt_TransectID":"725","txt_BaselineID":"16","txt_GroupID":"1","txt_TransOrder":"725","txt_Azimuth":"300.810000000000002","txt_ShrCount":"27","txt_TCD":"555091.869999999995343","txt_SHAPE_Leng":"499.999999999000011","txt_SCE":"68.250000000000000","txt_NSM":"-32.430000000000000","txt_EPR":"-1.160000000000000","txt_EPRunc":"1.510000000000000","txt_LRR":"-1.280000000000000","txt_LR2":"0.530000000000000","txt_LSE":"12.500000000000000","txt_LCI90":"0.420000000000000","txt_WLR":"-1.280000000000000","txt_WR2":"0.530000000000000","txt_WSE":"0.420000000000000","txt_WCI90":"0.420000000000000","txt_Shape_Length":"499.999954709369604","source_feature_index":446,"published_primary_rate_field":"LRR","published_primary_rate_m_per_year":-1.28,"dashboard_rate_class":"RETREAT","dashboard_classification_note":"Display convention only; source numeric value is preserved. Not an official DMCR class.","published_period":"1990-2019","published_dataset":"Shoreline ThaiCoast / Krabi_Points"},"geometry":{"type":"Point","coordinates":[98.72264385489437,8.228091653915254]}},{"type":"Feature","id":447,"properties":{"OBJECTID":703,"TransectID":726,"BaselineID":16,"GroupID":1,"TransOrder":726,"Azimuth":269.56,"ShrCount":23,"TCD":555591.87,"SHAPE_Leng":500.0,"SCE":17.9,"NSM":2.02,"EPR":0.07,"EPRunc":1.51,"LRR":0.25,"LR2":0.34,"LSE":3.5,"LCI90":0.13,"WLR":0.25,"WR2":0.34,"WSE":0.12,"WCI90":0.13,"Shape_Le_1":500.00003737,"ORIG_FID":478,"txt_OBJECTID_1":"478","txt_OBJECTID":"703","txt_TransectID":"726","txt_BaselineID":"16","txt_GroupID":"1","txt_TransOrder":"726","txt_Azimuth":"269.560000000000002","txt_ShrCount":"23","txt_TCD":"555591.869999999995343","txt_SHAPE_Leng":"500.000000000000000","txt_SCE":"17.899999999999999","txt_NSM":"2.020000000000000","txt_EPR":"0.070000000000000","txt_EPRunc":"1.510000000000000","txt_LRR":"0.250000000000000","txt_LR2":"0.340000000000000","txt_LSE":"3.500000000000000","txt_LCI90":"0.130000000000000","txt_WLR":"0.250000000000000","txt_WR2":"0.340000000000000","txt_WSE":"0.120000000000000","txt_WCI90":"0.130000000000000","txt_Shape_Length":"500.000037370054486","source_feature_index":447,"published_primary_rate_field":"LRR","published_primary_rate_m_per_year":0.25,"dashboard_rate_class":"RELATIVELY_STABLE","dashboard_classification_note":"Display convention only; source numeric value is preserved. Not an official DMCR class.","published_period":"1990-2019","published_dataset":"Shoreline ThaiCoast / Krabi_Points"},"geometry":{"type":"Point","coordinates":[98.72431785133085,8.23316921178238]}},{"type":"Feature","id":448,"properties":{"OBJECTID":704,"TransectID":727,"BaselineID":16,"GroupID":1,"TransOrder":727,"Azimuth":262.2,"ShrCount":28,"TCD":556091.87,"SHAPE_Leng":499.999999999,"SCE":52.73,"NSM":-13.37,"EPR":-0.48,"EPRunc":1.51,"LRR":-0.27,"LR2":0.07,"LSE":9.99,"LCI90":0.33,"WLR":-0.27,"WR2":0.07,"WSE":0.33,"WCI90":0.33,"Shape_Le_1":500.000029473,"ORIG_FID":479,"txt_OBJECTID_1":"479","txt_OBJECTID":"704","txt_TransectID":"727","txt_BaselineID":"16","txt_GroupID":"1","txt_TransOrder":"727","txt_Azimuth":"262.199999999999989","txt_ShrCount":"28","txt_TCD":"556091.869999999995343","txt_SHAPE_Leng":"499.999999999000011","txt_SCE":"52.729999999999997","txt_NSM":"-13.369999999999999","txt_EPR":"-0.480000000000000","txt_EPRunc":"1.510000000000000","txt_LRR":"-0.270000000000000","txt_LR2":"0.070000000000000","txt_LSE":"9.990000000000000","txt_LCI90":"0.330000000000000","txt_WLR":"-0.270000000000000","txt_WR2":"0.070000000000000","txt_WSE":"0.330000000000000","txt_WCI90":"0.330000000000000","txt_Shape_Length":"500.000029473338031","source_feature_index":448,"published_primary_rate_field":"LRR","published_primary_rate_m_per_year":-0.27,"dashboard_rate_class":"RELATIVELY_STABLE","dashboard_classification_note":"Display convention only; source numeric value is preserved. Not an official DMCR class.","published_period":"1990-2019","published_dataset":"Shoreline ThaiCoast / Krabi_Points"},"geometry":{"type":"Point","coordinates":[98.72287434783856,8.237625875514745]}},{"type":"Feature","id":449,"properties":{"OBJECTID":705,"TransectID":728,"BaselineID":16,"GroupID":1,"TransOrder":728,"Azimuth":286.33,"ShrCount":30,"TCD":556591.87,"SHAPE_Leng":500.0,"SCE":41.65,"NSM":-31.55,"EPR":-1.13,"EPRunc":1.51,"LRR":-1.18,"LR2":0.62,"LSE":9.19,"LCI90":0.29,"WLR":-1.18,"WR2":0.62,"WSE":0.31,"WCI90":0.29,"Shape_Le_1":500.000041806,"ORIG_FID":480,"txt_OBJECTID_1":"480","txt_OBJECTID":"705","txt_TransectID":"728","txt_BaselineID":"16","txt_GroupID":"1","txt_TransOrder":"728","txt_Azimuth":"286.329999999999984","txt_ShrCount":"30","txt_TCD":"556591.869999999995343","txt_SHAPE_Leng":"500.000000000000000","txt_SCE":"41.649999999999999","txt_NSM":"-31.550000000000001","txt_EPR":"-1.130000000000000","txt_EPRunc":"1.510000000000000","txt_LRR":"-1.180000000000000","txt_LR2":"0.620000000000000","txt_LSE":"9.190000000000000","txt_LCI90":"0.290000000000000","txt_WLR":"-1.180000000000000","txt_WR2":"0.620000000000000","txt_WSE":"0.310000000000000","txt_WCI90":"0.290000000000000","txt_Shape_Length":"500.000041805877061","source_feature_index":449,"published_primary_rate_field":"LRR","published_primary_rate_m_per_year":-1.18,"dashboard_rate_class":"RETREAT","dashboard_classification_note":"Display convention only; source numeric value is preserved. Not an official DMCR class.","published_period":"1990-2019","published_dataset":"Shoreline ThaiCoast / Krabi_Points"},"geometry":{"type":"Point","coordinates":[98.72303700973714,8.24112612825528]}},{"type":"Feature","id":450,"properties":{"OBJECTID":706,"TransectID":729,"BaselineID":16,"GroupID":1,"TransOrder":729,"Azimuth":292.23,"ShrCount":25,"TCD":557091.87,"SHAPE_Leng":500.0,"SCE":26.57,"NSM":-12.72,"EPR":-0.45,"EPRunc":1.51,"LRR":-0.37,"LR2":0.25,"LSE":6.51,"LCI90":0.23,"WLR":-0.37,"WR2":0.25,"WSE":0.22,"WCI90":0.23,"Shape_Le_1":500.000020709,"ORIG_FID":481,"txt_OBJECTID_1":"481","txt_OBJECTID":"706","txt_TransectID":"729","txt_BaselineID":"16","txt_GroupID":"1","txt_TransOrder":"729","txt_Azimuth":"292.230000000000018","txt_ShrCount":"25","txt_TCD":"557091.869999999995343","txt_SHAPE_Leng":"500.000000000000000","txt_SCE":"26.570000000000000","txt_NSM":"-12.720000000000001","txt_EPR":"-0.450000000000000","txt_EPRunc":"1.510000000000000","txt_LRR":"-0.370000000000000","txt_LR2":"0.250000000000000","txt_LSE":"6.510000000000000","txt_LCI90":"0.230000000000000","txt_WLR":"-0.370000000000000","txt_WR2":"0.250000000000000","txt_WSE":"0.220000000000000","txt_WCI90":"0.230000000000000","txt_Shape_Length":"500.000020708703971","source_feature_index":450,"published_primary_rate_field":"LRR","published_primary_rate_m_per_year":-0.37,"dashboard_rate_class":"RELATIVELY_STABLE","dashboard_classification_note":"Display convention only; source numeric value is preserved. Not an official DMCR class.","published_period":"1990-2019","published_dataset":"Shoreline ThaiCoast / Krabi_Points"},"geometry":{"type":"Point","coordinates":[98.72514773300662,8.244714937610716]}},{"type":"Feature","id":451,"properties":{"OBJECTID":738,"TransectID":762,"BaselineID":16,"GroupID":1,"TransOrder":762,"Azimuth":66.4,"ShrCount":25,"TCD":573591.87,"SHAPE_Leng":499.999999999,"SCE":68.62,"NSM":-26.29,"EPR":-0.94,"EPRunc":1.51,"LRR":1.12,"LR2":0.22,"LSE":21.3,"LCI90":0.76,"WLR":1.12,"WR2":0.22,"WSE":0.71,"WCI90":0.76,"Shape_Le_1":499.999930593,"ORIG_FID":482,"txt_OBJECTID_1":"482","txt_OBJECTID":"738","txt_TransectID":"762","txt_BaselineID":"16","txt_GroupID":"1","txt_TransOrder":"762","txt_Azimuth":"66.400000000000006","txt_ShrCount":"25","txt_TCD":"573591.869999999995343","txt_SHAPE_Leng":"499.999999999000011","txt_SCE":"68.620000000000005","txt_NSM":"-26.289999999999999","txt_EPR":"-0.940000000000000","txt_EPRunc":"1.510000000000000","txt_LRR":"1.120000000000000","txt_LR2":"0.220000000000000","txt_LSE":"21.300000000000001","txt_LCI90":"0.760000000000000","txt_WLR":"1.120000000000000","txt_WR2":"0.220000000000000","txt_WSE":"0.710000000000000","txt_WCI90":"0.760000000000000","txt_Shape_Length":"499.999930593094859","source_feature_index":451,"published_primary_rate_field":"LRR","published_primary_rate_m_per_year":1.12,"dashboard_rate_class":"ACCRETION","dashboard_classification_note":"Display convention only; source numeric value is preserved. Not an official DMCR class.","published_period":"1990-2019","published_dataset":"Shoreline ThaiCoast / Krabi_Points"},"geometry":{"type":"Point","coordinates":[98.7295796873235,8.24562058606477]}},{"type":"Feature","id":452,"properties":{"OBJECTID":742,"TransectID":766,"BaselineID":16,"GroupID":1,"TransOrder":766,"Azimuth":57.05,"ShrCount":23,"TCD":575591.87,"SHAPE_Leng":499.999999998,"SCE":70.19,"NSM":-18.2,"EPR":-0.65,"EPRunc":1.51,"LRR":-0.88,"LR2":0.2,"LSE":17.51,"LCI90":0.66,"WLR":-0.88,"WR2":0.2,"WSE":0.58,"WCI90":0.66,"Shape_Le_1":499.999981922,"ORIG_FID":483,"txt_OBJECTID_1":"483","txt_OBJECTID":"742","txt_TransectID":"766","txt_BaselineID":"16","txt_GroupID":"1","txt_TransOrder":"766","txt_Azimuth":"57.049999999999997","txt_ShrCount":"23","txt_TCD":"575591.869999999995343","txt_SHAPE_Leng":"499.999999998000021","txt_SCE":"70.189999999999998","txt_NSM":"-18.199999999999999","txt_EPR":"-0.650000000000000","txt_EPRunc":"1.510000000000000","txt_LRR":"-0.880000000000000","txt_LR2":"0.200000000000000","txt_LSE":"17.510000000000002","txt_LCI90":"0.660000000000000","txt_WLR":"-0.880000000000000","txt_WR2":"0.200000000000000","txt_WSE":"0.580000000000000","txt_WCI90":"0.660000000000000","txt_Shape_Length":"499.999981921563801","source_feature_index":452,"published_primary_rate_field":"LRR","published_primary_rate_m_per_year":-0.88,"dashboard_rate_class":"RETREAT","dashboard_classification_note":"Display convention only; source numeric value is preserved. Not an official DMCR class.","published_period":"1990-2019","published_dataset":"Shoreline ThaiCoast / Krabi_Points"},"geometry":{"type":"Point","coordinates":[98.73124174481036,8.23809979320456]}},{"type":"Feature","id":453,"properties":{"OBJECTID":750,"TransectID":774,"BaselineID":16,"GroupID":1,"TransOrder":774,"Azimuth":96.87,"ShrCount":15,"TCD":579591.87,"SHAPE_Leng":500.0,"SCE":139.08,"NSM":-0.71,"EPR":-0.03,"EPRunc":1.51,"LRR":-1.25,"LR2":0.13,"LSE":33.09,"LCI90":1.6,"WLR":-1.25,"WR2":0.13,"WSE":1.1,"WCI90":1.6,"Shape_Le_1":500.000016592,"ORIG_FID":484,"txt_OBJECTID_1":"484","txt_OBJECTID":"750","txt_TransectID":"774","txt_BaselineID":"16","txt_GroupID":"1","txt_TransOrder":"774","txt_Azimuth":"96.870000000000005","txt_ShrCount":"15","txt_TCD":"579591.869999999995343","txt_SHAPE_Leng":"500.000000000000000","txt_SCE":"139.080000000000013","txt_NSM":"-0.710000000000000","txt_EPR":"-0.030000000000000","txt_EPRunc":"1.510000000000000","txt_LRR":"-1.250000000000000","txt_LR2":"0.130000000000000","txt_LSE":"33.090000000000003","txt_LCI90":"1.600000000000000","txt_WLR":"-1.250000000000000","txt_WR2":"0.130000000000000","txt_WSE":"1.100000000000000","txt_WCI90":"1.600000000000000","txt_Shape_Length":"500.000016592266775","source_feature_index":453,"published_primary_rate_field":"LRR","published_primary_rate_m_per_year":-1.25,"dashboard_rate_class":"RETREAT","dashboard_classification_note":"Display convention only; source numeric value is preserved. Not an official DMCR class.","published_period":"1990-2019","published_dataset":"Shoreline ThaiCoast / Krabi_Points"},"geometry":{"type":"Point","coordinates":[98.73569692288407,8.231200329080556]}},{"type":"Feature","id":454,"properties":{"OBJECTID":751,"TransectID":775,"BaselineID":16,"GroupID":1,"TransOrder":775,"Azimuth":74.7,"ShrCount":8,"TCD":580091.87,"SHAPE_Leng":500.000000002,"SCE":137.72,"NSM":-4.9,"EPR":-0.17,"EPRunc":1.51,"LRR":-0.63,"LR2":0.02,"LSE":49.2,"LCI90":3.19,"WLR":-0.63,"WR2":0.02,"WSE":1.64,"WCI90":3.19,"Shape_Le_1":500.000001412,"ORIG_FID":485,"txt_OBJECTID_1":"485","txt_OBJECTID":"751","txt_TransectID":"775","txt_BaselineID":"16","txt_GroupID":"1","txt_TransOrder":"775","txt_Azimuth":"74.700000000000003","txt_ShrCount":"8","txt_TCD":"580091.869999999995343","txt_SHAPE_Leng":"500.000000001999979","txt_SCE":"137.719999999999999","txt_NSM":"-4.900000000000000","txt_EPR":"-0.170000000000000","txt_EPRunc":"1.510000000000000","txt_LRR":"-0.630000000000000","txt_LR2":"0.020000000000000","txt_LSE":"49.200000000000003","txt_LCI90":"3.190000000000000","txt_WLR":"-0.630000000000000","txt_WR2":"0.020000000000000","txt_WSE":"1.640000000000000","txt_WCI90":"3.190000000000000","txt_Shape_Length":"500.000001411673736","source_feature_index":454,"published_primary_rate_field":"LRR","published_primary_rate_m_per_year":-0.63,"dashboard_rate_class":"RETREAT","dashboard_classification_note":"Display convention only; source numeric value is preserved. Not an official DMCR class.","published_period":"1990-2019","published_dataset":"Shoreline ThaiCoast / Krabi_Points"},"geometry":{"type":"Point","coordinates":[98.73694557025317,8.226227681477143]}},{"type":"Feature","id":455,"properties":{"OBJECTID":752,"TransectID":776,"BaselineID":16,"GroupID":1,"TransOrder":776,"Azimuth":72.37,"ShrCount":7,"TCD":580591.87,"SHAPE_Leng":499.999999999,"SCE":130.42,"NSM":-4.21,"EPR":-0.15,"EPRunc":1.51,"LRR":-0.47,"LR2":0.01,"LSE":50.82,"LCI90":3.84,"WLR":-0.47,"WR2":0.01,"WSE":1.69,"WCI90":3.84,"Shape_Le_1":500.000020776,"ORIG_FID":486,"txt_OBJECTID_1":"486","txt_OBJECTID":"752","txt_TransectID":"776","txt_BaselineID":"16","txt_GroupID":"1","txt_TransOrder":"776","txt_Azimuth":"72.370000000000005","txt_ShrCount":"7","txt_TCD":"580591.869999999995343","txt_SHAPE_Leng":"499.999999999000011","txt_SCE":"130.419999999999987","txt_NSM":"-4.210000000000000","txt_EPR":"-0.150000000000000","txt_EPRunc":"1.510000000000000","txt_LRR":"-0.470000000000000","txt_LR2":"0.010000000000000","txt_LSE":"50.820000000000000","txt_LCI90":"3.840000000000000","txt_WLR":"-0.470000000000000","txt_WR2":"0.010000000000000","txt_WSE":"1.690000000000000","txt_WCI90":"3.840000000000000","txt_Shape_Length":"500.000020775842131","source_feature_index":455,"published_primary_rate_field":"LRR","published_primary_rate_m_per_year":-0.47,"dashboard_rate_class":"RELATIVELY_STABLE","dashboard_classification_note":"Display convention only; source numeric value is preserved. Not an official DMCR class.","published_period":"1990-2019","published_dataset":"Shoreline ThaiCoast / Krabi_Points"},"geometry":{"type":"Point","coordinates":[98.7380393977315,8.222069071773475]}},{"type":"Feature","id":456,"properties":{"OBJECTID":753,"TransectID":777,"BaselineID":16,"GroupID":1,"TransOrder":777,"Azimuth":63.51,"ShrCount":7,"TCD":581091.87,"SHAPE_Leng":499.999999997,"SCE":166.27,"NSM":9.93,"EPR":0.35,"EPRunc":1.51,"LRR":-0.25,"LR2":0.0,"LSE":64.93,"LCI90":4.75,"WLR":-0.25,"WR2":0.0,"WSE":2.16,"WCI90":4.75,"Shape_Le_1":500.000041982,"ORIG_FID":487,"txt_OBJECTID_1":"487","txt_OBJECTID":"753","txt_TransectID":"777","txt_BaselineID":"16","txt_GroupID":"1","txt_TransOrder":"777","txt_Azimuth":"63.509999999999998","txt_ShrCount":"7","txt_TCD":"581091.869999999995343","txt_SHAPE_Leng":"499.999999996999975","txt_SCE":"166.270000000000010","txt_NSM":"9.930000000000000","txt_EPR":"0.350000000000000","txt_EPRunc":"1.510000000000000","txt_LRR":"-0.250000000000000","txt_LR2":"0.000000000000000","txt_LSE":"64.930000000000007","txt_LCI90":"4.750000000000000","txt_WLR":"-0.250000000000000","txt_WR2":"0.000000000000000","txt_WSE":"2.160000000000000","txt_WCI90":"4.750000000000000","txt_Shape_Length":"500.000041981623554","source_feature_index":456,"published_primary_rate_field":"LRR","published_primary_rate_m_per_year":-0.25,"dashboard_rate_class":"RELATIVELY_STABLE","dashboard_classification_note":"Display convention only; source numeric value is preserved. Not an official DMCR class.","published_period":"1990-2019","published_dataset":"Shoreline ThaiCoast / Krabi_Points"},"geometry":{"type":"Point","coordinates":[98.73940290691631,8.218624053970315]}},{"type":"Feature","id":457,"properties":{"OBJECTID":761,"TransectID":785,"BaselineID":16,"GroupID":1,"TransOrder":785,"Azimuth":72.71,"ShrCount":8,"TCD":585091.87,"SHAPE_Leng":500.000000004,"SCE":165.49,"NSM":-44.72,"EPR":-1.59,"EPRunc":1.51,"LRR":-1.47,"LR2":0.12,"LSE":48.61,"LCI90":3.16,"WLR":-1.47,"WR2":0.12,"WSE":1.62,"WCI90":3.16,"Shape_Le_1":500.000039153,"ORIG_FID":488,"txt_OBJECTID_1":"488","txt_OBJECTID":"761","txt_TransectID":"785","txt_BaselineID":"16","txt_GroupID":"1","txt_TransOrder":"785","txt_Azimuth":"72.709999999999994","txt_ShrCount":"8","txt_TCD":"585091.869999999995343","txt_SHAPE_Leng":"500.000000004000015","txt_SCE":"165.490000000000009","txt_NSM":"-44.719999999999999","txt_EPR":"-1.590000000000000","txt_EPRunc":"1.510000000000000","txt_LRR":"-1.470000000000000","txt_LR2":"0.120000000000000","txt_LSE":"48.609999999999999","txt_LCI90":"3.160000000000000","txt_WLR":"-1.470000000000000","txt_WR2":"0.120000000000000","txt_WSE":"1.620000000000000","txt_WCI90":"3.160000000000000","txt_Shape_Length":"500.000039153380044","source_feature_index":457,"published_primary_rate_field":"LRR","published_primary_rate_m_per_year":-1.47,"dashboard_rate_class":"RETREAT","dashboard_classification_note":"Display convention only; source numeric value is preserved. Not an official DMCR class.","published_period":"1990-2019","published_dataset":"Shoreline ThaiCoast / Krabi_Points"},"geometry":{"type":"Point","coordinates":[98.74231731739283,8.209334253868231]}},{"type":"Feature","id":458,"properties":{"OBJECTID":762,"TransectID":786,"BaselineID":16,"GroupID":1,"TransOrder":786,"Azimuth":20.27,"ShrCount":8,"TCD":585591.87,"SHAPE_Leng":500.0,"SCE":75.23,"NSM":-49.63,"EPR":-1.77,"EPRunc":1.51,"LRR":-1.4,"LR2":0.48,"LSE":17.26,"LCI90":1.15,"WLR":-1.4,"WR2":0.48,"WSE":0.58,"WCI90":1.15,"Shape_Le_1":499.999962435,"ORIG_FID":489,"txt_OBJECTID_1":"489","txt_OBJECTID":"762","txt_TransectID":"786","txt_BaselineID":"16","txt_GroupID":"1","txt_TransOrder":"786","txt_Azimuth":"20.270000000000000","txt_ShrCount":"8","txt_TCD":"585591.869999999995343","txt_SHAPE_Leng":"500.000000000000000","txt_SCE":"75.230000000000004","txt_NSM":"-49.630000000000003","txt_EPR":"-1.770000000000000","txt_EPRunc":"1.510000000000000","txt_LRR":"-1.400000000000000","txt_LR2":"0.480000000000000","txt_LSE":"17.260000000000002","txt_LCI90":"1.150000000000000","txt_WLR":"-1.400000000000000","txt_WR2":"0.480000000000000","txt_WSE":"0.580000000000000","txt_WCI90":"1.150000000000000","txt_Shape_Length":"499.999962434921258","source_feature_index":458,"published_primary_rate_field":"LRR","published_primary_rate_m_per_year":-1.4,"dashboard_rate_class":"RETREAT","dashboard_classification_note":"Display convention only; source numeric value is preserved. Not an official DMCR class.","published_period":"1990-2019","published_dataset":"Shoreline ThaiCoast / Krabi_Points"},"geometry":{"type":"Point","coordinates":[98.74671974772586,8.204621793169794]}},{"type":"Feature","id":459,"properties":{"OBJECTID":774,"TransectID":798,"BaselineID":16,"GroupID":1,"TransOrder":798,"Azimuth":156.05,"ShrCount":8,"TCD":591591.87,"SHAPE_Leng":500.000000004,"SCE":47.57,"NSM":39.48,"EPR":1.44,"EPRunc":1.54,"LRR":1.36,"LR2":0.76,"LSE":9.3,"LCI90":0.6,"WLR":1.36,"WR2":0.76,"WSE":0.31,"WCI90":0.6,"Shape_Le_1":499.999997639,"ORIG_FID":490,"txt_OBJECTID_1":"490","txt_OBJECTID":"774","txt_TransectID":"798","txt_BaselineID":"16","txt_GroupID":"1","txt_TransOrder":"798","txt_Azimuth":"156.050000000000011","txt_ShrCount":"8","txt_TCD":"591591.869999999995343","txt_SHAPE_Leng":"500.000000004000015","txt_SCE":"47.570000000000000","txt_NSM":"39.479999999999997","txt_EPR":"1.440000000000000","txt_EPRunc":"1.540000000000000","txt_LRR":"1.360000000000000","txt_LR2":"0.760000000000000","txt_LSE":"9.300000000000001","txt_LCI90":"0.600000000000000","txt_WLR":"1.360000000000000","txt_WR2":"0.760000000000000","txt_WSE":"0.310000000000000","txt_WCI90":"0.600000000000000","txt_Shape_Length":"499.999997638534126","source_feature_index":459,"published_primary_rate_field":"LRR","published_primary_rate_m_per_year":1.36,"dashboard_rate_class":"ACCRETION","dashboard_classification_note":"Display convention only; source numeric value is preserved. Not an official DMCR class.","published_period":"1990-2019","published_dataset":"Shoreline ThaiCoast / Krabi_Points"},"geometry":{"type":"Point","coordinates":[98.74986024283542,8.202526159504648]}},{"type":"Feature","id":460,"properties":{"OBJECTID":775,"TransectID":799,"BaselineID":16,"GroupID":1,"TransOrder":799,"Azimuth":81.83,"ShrCount":8,"TCD":592091.87,"SHAPE_Leng":500.0,"SCE":80.28,"NSM":51.78,"EPR":1.88,"EPRunc":1.54,"LRR":0.77,"LR2":0.07,"LSE":34.94,"LCI90":2.18,"WLR":0.77,"WR2":0.07,"WSE":1.16,"WCI90":2.18,"Shape_Le_1":500.000003801,"ORIG_FID":491,"txt_OBJECTID_1":"491","txt_OBJECTID":"775","txt_TransectID":"799","txt_BaselineID":"16","txt_GroupID":"1","txt_TransOrder":"799","txt_Azimuth":"81.829999999999998","txt_ShrCount":"8","txt_TCD":"592091.869999999995343","txt_SHAPE_Leng":"500.000000000000000","txt_SCE":"80.280000000000001","txt_NSM":"51.780000000000001","txt_EPR":"1.880000000000000","txt_EPRunc":"1.540000000000000","txt_LRR":"0.770000000000000","txt_LR2":"0.070000000000000","txt_LSE":"34.939999999999998","txt_LCI90":"2.180000000000000","txt_WLR":"0.770000000000000","txt_WR2":"0.070000000000000","txt_WSE":"1.160000000000000","txt_WCI90":"2.180000000000000","txt_Shape_Length":"500.000003800924333","source_feature_index":460,"published_primary_rate_field":"LRR","published_primary_rate_m_per_year":0.77,"dashboard_rate_class":"ACCRETION","dashboard_classification_note":"Display convention only; source numeric value is preserved. Not an official DMCR class.","published_period":"1990-2019","published_dataset":"Shoreline ThaiCoast / Krabi_Points"},"geometry":{"type":"Point","coordinates":[98.74803773929713,8.19666516178305]}},{"type":"Feature","id":461,"properties":{"OBJECTID":776,"TransectID":800,"BaselineID":16,"GroupID":1,"TransOrder":800,"Azimuth":77.39,"ShrCount":9,"TCD":592591.87,"SHAPE_Leng":500.0,"SCE":142.95,"NSM":96.98,"EPR":3.53,"EPRunc":1.54,"LRR":1.48,"LR2":0.14,"LSE":45.51,"LCI90":2.67,"WLR":1.48,"WR2":0.14,"WSE":1.52,"WCI90":2.67,"Shape_Le_1":500.000060788,"ORIG_FID":492,"txt_OBJECTID_1":"492","txt_OBJECTID":"776","txt_TransectID":"800","txt_BaselineID":"16","txt_GroupID":"1","txt_TransOrder":"800","txt_Azimuth":"77.390000000000001","txt_ShrCount":"9","txt_TCD":"592591.869999999995343","txt_SHAPE_Leng":"500.000000000000000","txt_SCE":"142.949999999999989","txt_NSM":"96.980000000000004","txt_EPR":"3.530000000000000","txt_EPRunc":"1.540000000000000","txt_LRR":"1.480000000000000","txt_LR2":"0.140000000000000","txt_LSE":"45.509999999999998","txt_LCI90":"2.670000000000000","txt_WLR":"1.480000000000000","txt_WR2":"0.140000000000000","txt_WSE":"1.520000000000000","txt_WCI90":"2.670000000000000","txt_Shape_Length":"500.000060787639143","source_feature_index":461,"published_primary_rate_field":"LRR","published_primary_rate_m_per_year":1.48,"dashboard_rate_class":"ACCRETION","dashboard_classification_note":"Display convention only; source numeric value is preserved. Not an official DMCR class.","published_period":"1990-2019","published_dataset":"Shoreline ThaiCoast / Krabi_Points"},"geometry":{"type":"Point","coordinates":[98.74964511089263,8.192523636994416]}},{"type":"Feature","id":462,"properties":{"OBJECTID":777,"TransectID":801,"BaselineID":16,"GroupID":1,"TransOrder":801,"Azimuth":79.93,"ShrCount":7,"TCD":593091.87,"SHAPE_Leng":500.000000001,"SCE":52.21,"NSM":29.16,"EPR":1.06,"EPRunc":1.54,"LRR":1.03,"LR2":0.34,"LSE":19.04,"LCI90":1.29,"WLR":1.03,"WR2":0.34,"WSE":0.63,"WCI90":1.29,"Shape_Le_1":499.999943771,"ORIG_FID":493,"txt_OBJECTID_1":"493","txt_OBJECTID":"777","txt_TransectID":"801","txt_BaselineID":"16","txt_GroupID":"1","txt_TransOrder":"801","txt_Azimuth":"79.930000000000007","txt_ShrCount":"7","txt_TCD":"593091.869999999995343","txt_SHAPE_Leng":"500.000000000999989","txt_SCE":"52.210000000000001","txt_NSM":"29.160000000000000","txt_EPR":"1.060000000000000","txt_EPRunc":"1.540000000000000","txt_LRR":"1.030000000000000","txt_LR2":"0.340000000000000","txt_LSE":"19.039999999999999","txt_LCI90":"1.290000000000000","txt_WLR":"1.030000000000000","txt_WR2":"0.340000000000000","txt_WSE":"0.630000000000000","txt_WCI90":"1.290000000000000","txt_Shape_Length":"499.999943771383982","source_feature_index":462,"published_primary_rate_field":"LRR","published_primary_rate_m_per_year":1.03,"dashboard_rate_class":"ACCRETION","dashboard_classification_note":"Display convention only; source numeric value is preserved. Not an official DMCR class.","published_period":"1990-2019","published_dataset":"Shoreline ThaiCoast / Krabi_Points"},"geometry":{"type":"Point","coordinates":[98.74993848182692,8.188205276743014]}},{"type":"Feature","id":463,"properties":{"OBJECTID":778,"TransectID":802,"BaselineID":16,"GroupID":1,"TransOrder":802,"Azimuth":93.25,"ShrCount":9,"TCD":593591.87,"SHAPE_Leng":500.0,"SCE":123.97,"NSM":46.7,"EPR":1.7,"EPRunc":1.54,"LRR":0.97,"LR2":0.09,"LSE":38.05,"LCI90":2.23,"WLR":0.97,"WR2":0.09,"WSE":1.27,"WCI90":2.23,"Shape_Le_1":500.00000006,"ORIG_FID":494,"txt_OBJECTID_1":"494","txt_OBJECTID":"778","txt_TransectID":"802","txt_BaselineID":"16","txt_GroupID":"1","txt_TransOrder":"802","txt_Azimuth":"93.250000000000000","txt_ShrCount":"9","txt_TCD":"593591.869999999995343","txt_SHAPE_Leng":"500.000000000000000","txt_SCE":"123.969999999999999","txt_NSM":"46.700000000000003","txt_EPR":"1.700000000000000","txt_EPRunc":"1.540000000000000","txt_LRR":"0.970000000000000","txt_LR2":"0.090000000000000","txt_LSE":"38.049999999999997","txt_LCI90":"2.230000000000000","txt_WLR":"0.970000000000000","txt_WR2":"0.090000000000000","txt_WSE":"1.270000000000000","txt_WCI90":"2.230000000000000","txt_Shape_Length":"500.000000060434161","source_feature_index":463,"published_primary_rate_field":"LRR","published_primary_rate_m_per_year":0.97,"dashboard_rate_class":"ACCRETION","dashboard_classification_note":"Display convention only; source numeric value is preserved. Not an official DMCR class.","published_period":"1990-2019","published_dataset":"Shoreline ThaiCoast / Krabi_Points"},"geometry":{"type":"Point","coordinates":[98.75114240520561,8.18448991142618]}},{"type":"Feature","id":464,"properties":{"OBJECTID":779,"TransectID":803,"BaselineID":16,"GroupID":1,"TransOrder":803,"Azimuth":118.28,"ShrCount":7,"TCD":594091.87,"SHAPE_Leng":500.0,"SCE":37.09,"NSM":32.17,"EPR":1.17,"EPRunc":1.54,"LRR":0.9,"LR2":0.52,"LSE":11.16,"LCI90":0.78,"WLR":0.9,"WR2":0.52,"WSE":0.37,"WCI90":0.78,"Shape_Le_1":499.999980899,"ORIG_FID":495,"txt_OBJECTID_1":"495","txt_OBJECTID":"779","txt_TransectID":"803","txt_BaselineID":"16","txt_GroupID":"1","txt_TransOrder":"803","txt_Azimuth":"118.280000000000001","txt_ShrCount":"7","txt_TCD":"594091.869999999995343","txt_SHAPE_Leng":"500.000000000000000","txt_SCE":"37.090000000000003","txt_NSM":"32.170000000000002","txt_EPR":"1.170000000000000","txt_EPRunc":"1.540000000000000","txt_LRR":"0.900000000000000","txt_LR2":"0.520000000000000","txt_LSE":"11.160000000000000","txt_LCI90":"0.780000000000000","txt_WLR":"0.900000000000000","txt_WR2":"0.520000000000000","txt_WSE":"0.370000000000000","txt_WCI90":"0.780000000000000","txt_Shape_Length":"499.999980899147204","source_feature_index":464,"published_primary_rate_field":"LRR","published_primary_rate_m_per_year":0.9,"dashboard_rate_class":"ACCRETION","dashboard_classification_note":"Display convention only; source numeric value is preserved. Not an official DMCR class.","published_period":"1990-2019","published_dataset":"Shoreline ThaiCoast / Krabi_Points"},"geometry":{"type":"Point","coordinates":[98.74970748352165,8.181395634488394]}},{"type":"Feature","id":465,"properties":{"OBJECTID":780,"TransectID":804,"BaselineID":16,"GroupID":1,"TransOrder":804,"Azimuth":110.61,"ShrCount":9,"TCD":594591.87,"SHAPE_Leng":500.000000003,"SCE":32.35,"NSM":6.47,"EPR":0.24,"EPRunc":1.54,"LRR":0.33,"LR2":0.12,"LSE":10.77,"LCI90":0.63,"WLR":0.33,"WR2":0.12,"WSE":0.36,"WCI90":0.63,"Shape_Le_1":499.999966213,"ORIG_FID":496,"txt_OBJECTID_1":"496","txt_OBJECTID":"780","txt_TransectID":"804","txt_BaselineID":"16","txt_GroupID":"1","txt_TransOrder":"804","txt_Azimuth":"110.609999999999999","txt_ShrCount":"9","txt_TCD":"594591.869999999995343","txt_SHAPE_Leng":"500.000000003000025","txt_SCE":"32.350000000000001","txt_NSM":"6.470000000000000","txt_EPR":"0.240000000000000","txt_EPRunc":"1.540000000000000","txt_LRR":"0.330000000000000","txt_LR2":"0.120000000000000","txt_LSE":"10.770000000000000","txt_LCI90":"0.630000000000000","txt_WLR":"0.330000000000000","txt_WR2":"0.120000000000000","txt_WSE":"0.360000000000000","txt_WCI90":"0.630000000000000","txt_Shape_Length":"499.999966213279038","source_feature_index":465,"published_primary_rate_field":"LRR","published_primary_rate_m_per_year":0.33,"dashboard_rate_class":"RELATIVELY_STABLE","dashboard_classification_note":"Display convention only; source numeric value is preserved. Not an official DMCR class.","published_period":"1990-2019","published_dataset":"Shoreline ThaiCoast / Krabi_Points"},"geometry":{"type":"Point","coordinates":[98.74723321681678,8.177645658159394]}},{"type":"Feature","id":466,"properties":{"OBJECTID":781,"TransectID":805,"BaselineID":16,"GroupID":1,"TransOrder":805,"Azimuth":95.46,"ShrCount":7,"TCD":595091.87,"SHAPE_Leng":500.000000001,"SCE":30.01,"NSM":13.56,"EPR":0.49,"EPRunc":1.54,"LRR":0.44,"LR2":0.22,"LSE":10.8,"LCI90":0.75,"WLR":0.44,"WR2":0.22,"WSE":0.36,"WCI90":0.75,"Shape_Le_1":500.000009569,"ORIG_FID":497,"txt_OBJECTID_1":"497","txt_OBJECTID":"781","txt_TransectID":"805","txt_BaselineID":"16","txt_GroupID":"1","txt_TransOrder":"805","txt_Azimuth":"95.459999999999994","txt_ShrCount":"7","txt_TCD":"595091.869999999995343","txt_SHAPE_Leng":"500.000000000999989","txt_SCE":"30.010000000000002","txt_NSM":"13.560000000000000","txt_EPR":"0.490000000000000","txt_EPRunc":"1.540000000000000","txt_LRR":"0.440000000000000","txt_LR2":"0.220000000000000","txt_LSE":"10.800000000000001","txt_LCI90":"0.750000000000000","txt_WLR":"0.440000000000000","txt_WR2":"0.220000000000000","txt_WSE":"0.360000000000000","txt_WCI90":"0.750000000000000","txt_Shape_Length":"500.000009568815869","source_feature_index":466,"published_primary_rate_field":"LRR","published_primary_rate_m_per_year":0.44,"dashboard_rate_class":"RELATIVELY_STABLE","dashboard_classification_note":"Display convention only; source numeric value is preserved. Not an official DMCR class.","published_period":"1990-2019","published_dataset":"Shoreline ThaiCoast / Krabi_Points"},"geometry":{"type":"Point","coordinates":[98.74649110963941,8.17268987311163]}},{"type":"Feature","id":467,"properties":{"OBJECTID":782,"TransectID":806,"BaselineID":16,"GroupID":1,"TransOrder":806,"Azimuth":94.79,"ShrCount":9,"TCD":595591.87,"SHAPE_Leng":500.000000002,"SCE":133.46,"NSM":85.13,"EPR":3.1,"EPRunc":1.54,"LRR":1.96,"LR2":0.34,"LSE":33.0,"LCI90":1.94,"WLR":1.96,"WR2":0.34,"WSE":1.1,"WCI90":1.94,"Shape_Le_1":500.000015228,"ORIG_FID":498,"txt_OBJECTID_1":"498","txt_OBJECTID":"782","txt_TransectID":"806","txt_BaselineID":"16","txt_GroupID":"1","txt_TransOrder":"806","txt_Azimuth":"94.790000000000006","txt_ShrCount":"9","txt_TCD":"595591.869999999995343","txt_SHAPE_Leng":"500.000000001999979","txt_SCE":"133.460000000000008","txt_NSM":"85.129999999999995","txt_EPR":"3.100000000000000","txt_EPRunc":"1.540000000000000","txt_LRR":"1.960000000000000","txt_LR2":"0.340000000000000","txt_LSE":"33.000000000000000","txt_LCI90":"1.940000000000000","txt_WLR":"1.960000000000000","txt_WR2":"0.340000000000000","txt_WSE":"1.100000000000000","txt_WCI90":"1.940000000000000","txt_Shape_Length":"500.000015228402219","source_feature_index":467,"published_primary_rate_field":"LRR","published_primary_rate_m_per_year":1.96,"dashboard_rate_class":"ACCRETION","dashboard_classification_note":"Display convention only; source numeric value is preserved. Not an official DMCR class.","published_period":"1990-2019","published_dataset":"Shoreline ThaiCoast / Krabi_Points"},"geometry":{"type":"Point","coordinates":[98.74626040327956,8.168258809175047]}},{"type":"Feature","id":468,"properties":{"OBJECTID":783,"TransectID":807,"BaselineID":16,"GroupID":1,"TransOrder":807,"Azimuth":113.49,"ShrCount":8,"TCD":596091.87,"SHAPE_Leng":500.000000003,"SCE":296.72,"NSM":198.05,"EPR":7.2,"EPRunc":1.54,"LRR":3.14,"LR2":0.11,"LSE":111.38,"LCI90":7.09,"WLR":3.14,"WR2":0.11,"WSE":3.71,"WCI90":7.09,"Shape_Le_1":500.00000389,"ORIG_FID":499,"txt_OBJECTID_1":"499","txt_OBJECTID":"783","txt_TransectID":"807","txt_BaselineID":"16","txt_GroupID":"1","txt_TransOrder":"807","txt_Azimuth":"113.489999999999995","txt_ShrCount":"8","txt_TCD":"596091.869999999995343","txt_SHAPE_Leng":"500.000000003000025","txt_SCE":"296.720000000000027","txt_NSM":"198.050000000000011","txt_EPR":"7.200000000000000","txt_EPRunc":"1.540000000000000","txt_LRR":"3.140000000000000","txt_LR2":"0.110000000000000","txt_LSE":"111.379999999999995","txt_LCI90":"7.090000000000000","txt_WLR":"3.140000000000000","txt_WR2":"0.110000000000000","txt_WSE":"3.710000000000000","txt_WCI90":"7.090000000000000","txt_Shape_Length":"500.000003890189419","source_feature_index":468,"published_primary_rate_field":"LRR","published_primary_rate_m_per_year":3.14,"dashboard_rate_class":"STRONG_ACCRETION","dashboard_classification_note":"Display convention only; source numeric value is preserved. Not an official DMCR class.","published_period":"1990-2019","published_dataset":"Shoreline ThaiCoast / Krabi_Points"},"geometry":{"type":"Point","coordinates":[98.74595801946204,8.16485747646863]}},{"type":"Feature","id":469,"properties":{"OBJECTID":784,"TransectID":808,"BaselineID":16,"GroupID":1,"TransOrder":808,"Azimuth":130.01,"ShrCount":7,"TCD":596591.87,"SHAPE_Leng":500.000000003,"SCE":108.89,"NSM":49.99,"EPR":1.82,"EPRunc":1.54,"LRR":2.46,"LR2":0.66,"LSE":23.76,"LCI90":1.61,"WLR":2.46,"WR2":0.66,"WSE":0.79,"WCI90":1.61,"Shape_Le_1":499.99996102,"ORIG_FID":500,"txt_OBJECTID_1":"500","txt_OBJECTID":"784","txt_TransectID":"808","txt_BaselineID":"16","txt_GroupID":"1","txt_TransOrder":"808","txt_Azimuth":"130.009999999999991","txt_ShrCount":"7","txt_TCD":"596591.869999999995343","txt_SHAPE_Leng":"500.000000003000025","txt_SCE":"108.890000000000001","txt_NSM":"49.990000000000002","txt_EPR":"1.820000000000000","txt_EPRunc":"1.540000000000000","txt_LRR":"2.460000000000000","txt_LR2":"0.660000000000000","txt_LSE":"23.760000000000002","txt_LCI90":"1.610000000000000","txt_WLR":"2.460000000000000","txt_WR2":"0.660000000000000","txt_WSE":"0.790000000000000","txt_WCI90":"1.610000000000000","txt_Shape_Length":"499.999961020397848","source_feature_index":469,"published_primary_rate_field":"LRR","published_primary_rate_m_per_year":2.46,"dashboard_rate_class":"STRONG_ACCRETION","dashboard_classification_note":"Display convention only; source numeric value is preserved. Not an official DMCR class.","published_period":"1990-2019","published_dataset":"Shoreline ThaiCoast / Krabi_Points"},"geometry":{"type":"Point","coordinates":[98.74352443868112,8.162041370520654]}},{"type":"Feature","id":470,"properties":{"OBJECTID":785,"TransectID":809,"BaselineID":16,"GroupID":1,"TransOrder":809,"Azimuth":130.65,"ShrCount":9,"TCD":597091.87,"SHAPE_Leng":500.0,"SCE":158.61,"NSM":41.28,"EPR":1.5,"EPRunc":1.54,"LRR":1.57,"LR2":0.15,"LSE":46.27,"LCI90":2.72,"WLR":1.57,"WR2":0.15,"WSE":1.54,"WCI90":2.72,"Shape_Le_1":499.99998589,"ORIG_FID":501,"txt_OBJECTID_1":"501","txt_OBJECTID":"785","txt_TransectID":"809","txt_BaselineID":"16","txt_GroupID":"1","txt_TransOrder":"809","txt_Azimuth":"130.650000000000006","txt_ShrCount":"9","txt_TCD":"597091.869999999995343","txt_SHAPE_Leng":"500.000000000000000","txt_SCE":"158.610000000000014","txt_NSM":"41.280000000000001","txt_EPR":"1.500000000000000","txt_EPRunc":"1.540000000000000","txt_LRR":"1.570000000000000","txt_LR2":"0.150000000000000","txt_LSE":"46.270000000000003","txt_LCI90":"2.720000000000000","txt_WLR":"1.570000000000000","txt_WR2":"0.150000000000000","txt_WSE":"1.540000000000000","txt_WCI90":"2.720000000000000","txt_Shape_Length":"499.999985890286439","source_feature_index":470,"published_primary_rate_field":"LRR","published_primary_rate_m_per_year":1.57,"dashboard_rate_class":"ACCRETION","dashboard_classification_note":"Display convention only; source numeric value is preserved. Not an official DMCR class.","published_period":"1990-2019","published_dataset":"Shoreline ThaiCoast / Krabi_Points"},"geometry":{"type":"Point","coordinates":[98.74067592240965,8.158723596297415]}},{"type":"Feature","id":471,"properties":{"OBJECTID":786,"TransectID":810,"BaselineID":16,"GroupID":1,"TransOrder":810,"Azimuth":100.62,"ShrCount":8,"TCD":597591.87,"SHAPE_Leng":500.0,"SCE":17.33,"NSM":-2.24,"EPR":-0.08,"EPRunc":1.54,"LRR":-0.11,"LR2":0.03,"LSE":7.45,"LCI90":0.46,"WLR":-0.11,"WR2":0.03,"WSE":0.25,"WCI90":0.46,"Shape_Le_1":500.000056448,"ORIG_FID":502,"txt_OBJECTID_1":"502","txt_OBJECTID":"786","txt_TransectID":"810","txt_BaselineID":"16","txt_GroupID":"1","txt_TransOrder":"810","txt_Azimuth":"100.620000000000005","txt_ShrCount":"8","txt_TCD":"597591.869999999995343","txt_SHAPE_Leng":"500.000000000000000","txt_SCE":"17.329999999999998","txt_NSM":"-2.240000000000000","txt_EPR":"-0.080000000000000","txt_EPRunc":"1.540000000000000","txt_LRR":"-0.110000000000000","txt_LR2":"0.030000000000000","txt_LSE":"7.450000000000000","txt_LCI90":"0.460000000000000","txt_WLR":"-0.110000000000000","txt_WR2":"0.030000000000000","txt_WSE":"0.250000000000000","txt_WCI90":"0.460000000000000","txt_Shape_Length":"500.000056448492899","source_feature_index":471,"published_primary_rate_field":"LRR","published_primary_rate_m_per_year":-0.11,"dashboard_rate_class":"RELATIVELY_STABLE","dashboard_classification_note":"Display convention only; source numeric value is preserved. Not an official DMCR class.","published_period":"1990-2019","published_dataset":"Shoreline ThaiCoast / Krabi_Points"},"geometry":{"type":"Point","coordinates":[98.73783720633574,8.154967223453792]}},{"type":"Feature","id":472,"properties":{"OBJECTID":787,"TransectID":811,"BaselineID":16,"GroupID":1,"TransOrder":811,"Azimuth":78.61,"ShrCount":9,"TCD":598091.87,"SHAPE_Leng":500.000000002,"SCE":23.8,"NSM":-9.09,"EPR":-0.33,"EPRunc":1.54,"LRR":-0.37,"LR2":0.4,"LSE":5.63,"LCI90":0.33,"WLR":-0.37,"WR2":0.4,"WSE":0.19,"WCI90":0.33,"Shape_Le_1":500.000019047,"ORIG_FID":503,"txt_OBJECTID_1":"503","txt_OBJECTID":"787","txt_TransectID":"811","txt_BaselineID":"16","txt_GroupID":"1","txt_TransOrder":"811","txt_Azimuth":"78.609999999999999","txt_ShrCount":"9","txt_TCD":"598091.869999999995343","txt_SHAPE_Leng":"500.000000001999979","txt_SCE":"23.800000000000001","txt_NSM":"-9.090000000000000","txt_EPR":"-0.330000000000000","txt_EPRunc":"1.540000000000000","txt_LRR":"-0.370000000000000","txt_LR2":"0.400000000000000","txt_LSE":"5.630000000000000","txt_LCI90":"0.330000000000000","txt_WLR":"-0.370000000000000","txt_WR2":"0.400000000000000","txt_WSE":"0.190000000000000","txt_WCI90":"0.330000000000000","txt_Shape_Length":"500.000019046641057","source_feature_index":472,"published_primary_rate_field":"LRR","published_primary_rate_m_per_year":-0.37,"dashboard_rate_class":"RELATIVELY_STABLE","dashboard_classification_note":"Display convention only; source numeric value is preserved. Not an official DMCR class.","published_period":"1990-2019","published_dataset":"Shoreline ThaiCoast / Krabi_Points"},"geometry":{"type":"Point","coordinates":[98.73885507785353,8.14977050442385]}},{"type":"Feature","id":473,"properties":{"OBJECTID":788,"TransectID":812,"BaselineID":16,"GroupID":1,"TransOrder":812,"Azimuth":84.45,"ShrCount":8,"TCD":598591.87,"SHAPE_Leng":500.0,"SCE":25.36,"NSM":-14.28,"EPR":-0.52,"EPRunc":1.54,"LRR":-0.47,"LR2":0.34,"LSE":8.37,"LCI90":0.52,"WLR":-0.47,"WR2":0.34,"WSE":0.28,"WCI90":0.52,"Shape_Le_1":499.999988087,"ORIG_FID":504,"txt_OBJECTID_1":"504","txt_OBJECTID":"788","txt_TransectID":"812","txt_BaselineID":"16","txt_GroupID":"1","txt_TransOrder":"812","txt_Azimuth":"84.450000000000003","txt_ShrCount":"8","txt_TCD":"598591.869999999995343","txt_SHAPE_Leng":"500.000000000000000","txt_SCE":"25.359999999999999","txt_NSM":"-14.279999999999999","txt_EPR":"-0.520000000000000","txt_EPRunc":"1.540000000000000","txt_LRR":"-0.470000000000000","txt_LR2":"0.340000000000000","txt_LSE":"8.369999999999999","txt_LCI90":"0.520000000000000","txt_WLR":"-0.470000000000000","txt_WR2":"0.340000000000000","txt_WSE":"0.280000000000000","txt_WCI90":"0.520000000000000","txt_Shape_Length":"499.999988087163558","source_feature_index":473,"published_primary_rate_field":"LRR","published_primary_rate_m_per_year":-0.47,"dashboard_rate_class":"RELATIVELY_STABLE","dashboard_classification_note":"Display convention only; source numeric value is preserved. Not an official DMCR class.","published_period":"1990-2019","published_dataset":"Shoreline ThaiCoast / Krabi_Points"},"geometry":{"type":"Point","coordinates":[98.73958858865544,8.145563709623916]}},{"type":"Feature","id":474,"properties":{"OBJECTID":789,"TransectID":813,"BaselineID":16,"GroupID":1,"TransOrder":813,"Azimuth":103.2,"ShrCount":9,"TCD":599091.87,"SHAPE_Leng":500.0,"SCE":114.29,"NSM":28.36,"EPR":1.03,"EPRunc":1.54,"LRR":1.28,"LR2":0.18,"LSE":33.58,"LCI90":1.97,"WLR":1.28,"WR2":0.18,"WSE":1.12,"WCI90":1.97,"Shape_Le_1":500.000035322,"ORIG_FID":505,"txt_OBJECTID_1":"505","txt_OBJECTID":"789","txt_TransectID":"813","txt_BaselineID":"16","txt_GroupID":"1","txt_TransOrder":"813","txt_Azimuth":"103.200000000000003","txt_ShrCount":"9","txt_TCD":"599091.869999999995343","txt_SHAPE_Leng":"500.000000000000000","txt_SCE":"114.290000000000006","txt_NSM":"28.359999999999999","txt_EPR":"1.030000000000000","txt_EPRunc":"1.540000000000000","txt_LRR":"1.280000000000000","txt_LR2":"0.180000000000000","txt_LSE":"33.579999999999998","txt_LCI90":"1.970000000000000","txt_WLR":"1.280000000000000","txt_WR2":"0.180000000000000","txt_WSE":"1.120000000000000","txt_WCI90":"1.970000000000000","txt_Shape_Length":"500.000035321608891","source_feature_index":474,"published_primary_rate_field":"LRR","published_primary_rate_m_per_year":1.28,"dashboard_rate_class":"ACCRETION","dashboard_classification_note":"Display convention only; source numeric value is preserved. Not an official DMCR class.","published_period":"1990-2019","published_dataset":"Shoreline ThaiCoast / Krabi_Points"},"geometry":{"type":"Point","coordinates":[98.7397404921802,8.14186281721534]}},{"type":"Feature","id":475,"properties":{"OBJECTID":790,"TransectID":814,"BaselineID":16,"GroupID":1,"TransOrder":814,"Azimuth":125.21,"ShrCount":7,"TCD":599591.87,"SHAPE_Leng":500.000000001,"SCE":38.84,"NSM":38.4,"EPR":1.4,"EPRunc":1.54,"LRR":1.03,"LR2":0.64,"LSE":9.95,"LCI90":0.69,"WLR":1.03,"WR2":0.64,"WSE":0.33,"WCI90":0.69,"Shape_Le_1":500.000043498,"ORIG_FID":506,"txt_OBJECTID_1":"506","txt_OBJECTID":"790","txt_TransectID":"814","txt_BaselineID":"16","txt_GroupID":"1","txt_TransOrder":"814","txt_Azimuth":"125.209999999999994","txt_ShrCount":"7","txt_TCD":"599591.869999999995343","txt_SHAPE_Leng":"500.000000000999989","txt_SCE":"38.840000000000003","txt_NSM":"38.399999999999999","txt_EPR":"1.400000000000000","txt_EPRunc":"1.540000000000000","txt_LRR":"1.030000000000000","txt_LR2":"0.640000000000000","txt_LSE":"9.949999999999999","txt_LCI90":"0.690000000000000","txt_WLR":"1.030000000000000","txt_WR2":"0.640000000000000","txt_WSE":"0.330000000000000","txt_WCI90":"0.690000000000000","txt_Shape_Length":"500.000043498304763","source_feature_index":475,"published_primary_rate_field":"LRR","published_primary_rate_m_per_year":1.03,"dashboard_rate_class":"ACCRETION","dashboard_classification_note":"Display convention only; source numeric value is preserved. Not an official DMCR class.","published_period":"1990-2019","published_dataset":"Shoreline ThaiCoast / Krabi_Points"},"geometry":{"type":"Point","coordinates":[98.73805698541597,8.138843868594368]}},{"type":"Feature","id":476,"properties":{"OBJECTID":791,"TransectID":815,"BaselineID":16,"GroupID":1,"TransOrder":815,"Azimuth":47.09,"ShrCount":9,"TCD":600091.87,"SHAPE_Leng":500.000000002,"SCE":114.89,"NSM":-13.74,"EPR":-0.5,"EPRunc":1.54,"LRR":0.2,"LR2":0.0,"LSE":34.46,"LCI90":2.02,"WLR":0.2,"WR2":0.0,"WSE":1.15,"WCI90":2.02,"Shape_Le_1":499.999965465,"ORIG_FID":507,"txt_OBJECTID_1":"507","txt_OBJECTID":"791","txt_TransectID":"815","txt_BaselineID":"16","txt_GroupID":"1","txt_TransOrder":"815","txt_Azimuth":"47.090000000000003","txt_ShrCount":"9","txt_TCD":"600091.869999999995343","txt_SHAPE_Leng":"500.000000001999979","txt_SCE":"114.890000000000001","txt_NSM":"-13.740000000000000","txt_EPR":"-0.500000000000000","txt_EPRunc":"1.540000000000000","txt_LRR":"0.200000000000000","txt_LR2":"0.000000000000000","txt_LSE":"34.460000000000001","txt_LCI90":"2.020000000000000","txt_WLR":"0.200000000000000","txt_WR2":"0.000000000000000","txt_WSE":"1.150000000000000","txt_WCI90":"2.020000000000000","txt_Shape_Length":"499.999965464702200","source_feature_index":476,"published_primary_rate_field":"LRR","published_primary_rate_m_per_year":0.2,"dashboard_rate_class":"RELATIVELY_STABLE","dashboard_classification_note":"Display convention only; source numeric value is preserved. Not an official DMCR class.","published_period":"1990-2019","published_dataset":"Shoreline ThaiCoast / Krabi_Points"},"geometry":{"type":"Point","coordinates":[98.73634867804333,8.134235677540081]}},{"type":"Feature","id":477,"properties":{"OBJECTID":792,"TransectID":816,"BaselineID":16,"GroupID":1,"TransOrder":816,"Azimuth":317.0,"ShrCount":8,"TCD":600591.87,"SHAPE_Leng":500.000000001,"SCE":79.75,"NSM":-55.49,"EPR":-2.02,"EPRunc":1.54,"LRR":-1.49,"LR2":0.36,"LSE":25.04,"LCI90":1.56,"WLR":-1.49,"WR2":0.36,"WSE":0.83,"WCI90":1.56,"Shape_Le_1":500.00000987,"ORIG_FID":508,"txt_OBJECTID_1":"508","txt_OBJECTID":"792","txt_TransectID":"816","txt_BaselineID":"16","txt_GroupID":"1","txt_TransOrder":"816","txt_Azimuth":"317.000000000000000","txt_ShrCount":"8","txt_TCD":"600591.869999999995343","txt_SHAPE_Leng":"500.000000000999989","txt_SCE":"79.750000000000000","txt_NSM":"-55.490000000000002","txt_EPR":"-2.020000000000000","txt_EPRunc":"1.540000000000000","txt_LRR":"-1.490000000000000","txt_LR2":"0.360000000000000","txt_LSE":"25.039999999999999","txt_LCI90":"1.560000000000000","txt_WLR":"-1.490000000000000","txt_WR2":"0.360000000000000","txt_WSE":"0.830000000000000","txt_WCI90":"1.560000000000000","txt_Shape_Length":"500.000009870151132","source_feature_index":477,"published_primary_rate_field":"LRR","published_primary_rate_m_per_year":-1.49,"dashboard_rate_class":"RETREAT","dashboard_classification_note":"Display convention only; source numeric value is preserved. Not an official DMCR class.","published_period":"1990-2019","published_dataset":"Shoreline ThaiCoast / Krabi_Points"},"geometry":{"type":"Point","coordinates":[98.74382247214248,8.134597799360625]}},{"type":"Feature","id":478,"properties":{"OBJECTID":793,"TransectID":817,"BaselineID":16,"GroupID":1,"TransOrder":817,"Azimuth":299.11,"ShrCount":8,"TCD":601091.87,"SHAPE_Leng":500.0,"SCE":63.51,"NSM":-4.83,"EPR":-0.18,"EPRunc":1.54,"LRR":0.74,"LR2":0.18,"LSE":20.02,"LCI90":1.28,"WLR":0.74,"WR2":0.18,"WSE":0.67,"WCI90":1.28,"Shape_Le_1":500.00003899,"ORIG_FID":509,"txt_OBJECTID_1":"509","txt_OBJECTID":"793","txt_TransectID":"817","txt_BaselineID":"16","txt_GroupID":"1","txt_TransOrder":"817","txt_Azimuth":"299.110000000000014","txt_ShrCount":"8","txt_TCD":"601091.869999999995343","txt_SHAPE_Leng":"500.000000000000000","txt_SCE":"63.509999999999998","txt_NSM":"-4.830000000000000","txt_EPR":"-0.180000000000000","txt_EPRunc":"1.540000000000000","txt_LRR":"0.740000000000000","txt_LR2":"0.180000000000000","txt_LSE":"20.020000000000000","txt_LCI90":"1.280000000000000","txt_WLR":"0.740000000000000","txt_WR2":"0.180000000000000","txt_WSE":"0.670000000000000","txt_WCI90":"1.280000000000000","txt_Shape_Length":"500.000038989621657","source_feature_index":478,"published_primary_rate_field":"LRR","published_primary_rate_m_per_year":0.74,"dashboard_rate_class":"ACCRETION","dashboard_classification_note":"Display convention only; source numeric value is preserved. Not an official DMCR class.","published_period":"1990-2019","published_dataset":"Shoreline ThaiCoast / Krabi_Points"},"geometry":{"type":"Point","coordinates":[98.74514545648016,8.139470701968465]}},{"type":"Feature","id":479,"properties":{"OBJECTID":809,"TransectID":833,"BaselineID":16,"GroupID":1,"TransOrder":833,"Azimuth":40.36,"ShrCount":14,"TCD":609091.87,"SHAPE_Leng":499.999999996,"SCE":83.48,"NSM":-26.18,"EPR":-0.95,"EPRunc":1.54,"LRR":-1.02,"LR2":0.2,"LSE":22.43,"LCI90":1.05,"WLR":-1.02,"WR2":0.2,"WSE":0.75,"WCI90":1.05,"Shape_Le_1":499.99996045,"ORIG_FID":510,"txt_OBJECTID_1":"510","txt_OBJECTID":"809","txt_TransectID":"833","txt_BaselineID":"16","txt_GroupID":"1","txt_TransOrder":"833","txt_Azimuth":"40.359999999999999","txt_ShrCount":"14","txt_TCD":"609091.869999999995343","txt_SHAPE_Leng":"499.999999995999985","txt_SCE":"83.480000000000004","txt_NSM":"-26.180000000000000","txt_EPR":"-0.950000000000000","txt_EPRunc":"1.540000000000000","txt_LRR":"-1.020000000000000","txt_LR2":"0.200000000000000","txt_LSE":"22.430000000000000","txt_LCI90":"1.050000000000000","txt_WLR":"-1.020000000000000","txt_WR2":"0.200000000000000","txt_WSE":"0.750000000000000","txt_WCI90":"1.050000000000000","txt_Shape_Length":"499.999960450053891","source_feature_index":479,"published_primary_rate_field":"LRR","published_primary_rate_m_per_year":-1.02,"dashboard_rate_class":"RETREAT","dashboard_classification_note":"Display convention only; source numeric value is preserved. Not an official DMCR class.","published_period":"1990-2019","published_dataset":"Shoreline ThaiCoast / Krabi_Points"},"geometry":{"type":"Point","coordinates":[98.75304749238349,8.136724549009909]}},{"type":"Feature","id":480,"properties":{"OBJECTID":810,"TransectID":834,"BaselineID":16,"GroupID":1,"TransOrder":834,"Azimuth":25.31,"ShrCount":17,"TCD":609591.87,"SHAPE_Leng":499.999999995,"SCE":62.41,"NSM":20.88,"EPR":0.76,"EPRunc":1.54,"LRR":0.52,"LR2":0.11,"LSE":16.12,"LCI90":0.66,"WLR":0.52,"WR2":0.11,"WSE":0.54,"WCI90":0.66,"Shape_Le_1":499.99998541,"ORIG_FID":511,"txt_OBJECTID_1":"511","txt_OBJECTID":"810","txt_TransectID":"834","txt_BaselineID":"16","txt_GroupID":"1","txt_TransOrder":"834","txt_Azimuth":"25.309999999999999","txt_ShrCount":"17","txt_TCD":"609591.869999999995343","txt_SHAPE_Leng":"499.999999994999996","txt_SCE":"62.409999999999997","txt_NSM":"20.879999999999999","txt_EPR":"0.760000000000000","txt_EPRunc":"1.540000000000000","txt_LRR":"0.520000000000000","txt_LR2":"0.110000000000000","txt_LSE":"16.120000000000001","txt_LCI90":"0.660000000000000","txt_WLR":"0.520000000000000","txt_WR2":"0.110000000000000","txt_WSE":"0.540000000000000","txt_WCI90":"0.660000000000000","txt_Shape_Length":"499.999985409830515","source_feature_index":480,"published_primary_rate_field":"LRR","published_primary_rate_m_per_year":0.52,"dashboard_rate_class":"ACCRETION","dashboard_classification_note":"Display convention only; source numeric value is preserved. Not an official DMCR class.","published_period":"1990-2019","published_dataset":"Shoreline ThaiCoast / Krabi_Points"},"geometry":{"type":"Point","coordinates":[98.757189930108,8.13502905687828]}},{"type":"Feature","id":481,"properties":{"OBJECTID":819,"TransectID":844,"BaselineID":16,"GroupID":1,"TransOrder":844,"Azimuth":126.22,"ShrCount":17,"TCD":614591.87,"SHAPE_Leng":499.999999999,"SCE":109.46,"NSM":-17.46,"EPR":-0.64,"EPRunc":1.54,"LRR":0.95,"LR2":0.12,"LSE":27.73,"LCI90":1.14,"WLR":0.95,"WR2":0.12,"WSE":0.92,"WCI90":1.14,"Shape_Le_1":500.000018767,"ORIG_FID":512,"txt_OBJECTID_1":"512","txt_OBJECTID":"819","txt_TransectID":"844","txt_BaselineID":"16","txt_GroupID":"1","txt_TransOrder":"844","txt_Azimuth":"126.219999999999999","txt_ShrCount":"17","txt_TCD":"614591.869999999995343","txt_SHAPE_Leng":"499.999999999000011","txt_SCE":"109.459999999999994","txt_NSM":"-17.460000000000001","txt_EPR":"-0.640000000000000","txt_EPRunc":"1.540000000000000","txt_LRR":"0.950000000000000","txt_LR2":"0.120000000000000","txt_LSE":"27.730000000000000","txt_LCI90":"1.140000000000000","txt_WLR":"0.950000000000000","txt_WR2":"0.120000000000000","txt_WSE":"0.920000000000000","txt_WCI90":"1.140000000000000","txt_Shape_Length":"500.000018767145946","source_feature_index":481,"published_primary_rate_field":"LRR","published_primary_rate_m_per_year":0.95,"dashboard_rate_class":"ACCRETION","dashboard_classification_note":"Display convention only; source numeric value is preserved. Not an official DMCR class.","published_period":"1990-2019","published_dataset":"Shoreline ThaiCoast / Krabi_Points"},"geometry":{"type":"Point","coordinates":[98.75299496271684,8.125354272427323]}},{"type":"Feature","id":482,"properties":{"OBJECTID":820,"TransectID":845,"BaselineID":16,"GroupID":1,"TransOrder":845,"Azimuth":134.14,"ShrCount":10,"TCD":615091.87,"SHAPE_Leng":499.999999997,"SCE":109.17,"NSM":50.27,"EPR":1.83,"EPRunc":1.54,"LRR":1.0,"LR2":0.14,"LSE":31.01,"LCI90":1.61,"WLR":1.0,"WR2":0.14,"WSE":1.03,"WCI90":1.61,"Shape_Le_1":500.000018175,"ORIG_FID":513,"txt_OBJECTID_1":"513","txt_OBJECTID":"820","txt_TransectID":"845","txt_BaselineID":"16","txt_GroupID":"1","txt_TransOrder":"845","txt_Azimuth":"134.139999999999986","txt_ShrCount":"10","txt_TCD":"615091.869999999995343","txt_SHAPE_Leng":"499.999999996999975","txt_SCE":"109.170000000000002","txt_NSM":"50.270000000000003","txt_EPR":"1.830000000000000","txt_EPRunc":"1.540000000000000","txt_LRR":"1.000000000000000","txt_LR2":"0.140000000000000","txt_LSE":"31.010000000000002","txt_LCI90":"1.610000000000000","txt_WLR":"1.000000000000000","txt_WR2":"0.140000000000000","txt_WSE":"1.030000000000000","txt_WCI90":"1.610000000000000","txt_Shape_Length":"500.000018174763511","source_feature_index":482,"published_primary_rate_field":"LRR","published_primary_rate_m_per_year":1.0,"dashboard_rate_class":"ACCRETION","dashboard_classification_note":"Display convention only; source numeric value is preserved. Not an official DMCR class.","published_period":"1990-2019","published_dataset":"Shoreline ThaiCoast / Krabi_Points"},"geometry":{"type":"Point","coordinates":[98.75037711269977,8.122133816378152]}},{"type":"Feature","id":483,"properties":{"OBJECTID":821,"TransectID":846,"BaselineID":16,"GroupID":1,"TransOrder":846,"Azimuth":112.01,"ShrCount":14,"TCD":615591.87,"SHAPE_Leng":500.000000003,"SCE":44.8,"NSM":-8.08,"EPR":-0.29,"EPRunc":1.54,"LRR":0.78,"LR2":0.41,"LSE":10.6,"LCI90":0.48,"WLR":0.78,"WR2":0.41,"WSE":0.35,"WCI90":0.48,"Shape_Le_1":500.000044935,"ORIG_FID":514,"txt_OBJECTID_1":"514","txt_OBJECTID":"821","txt_TransectID":"846","txt_BaselineID":"16","txt_GroupID":"1","txt_TransOrder":"846","txt_Azimuth":"112.010000000000005","txt_ShrCount":"14","txt_TCD":"615591.869999999995343","txt_SHAPE_Leng":"500.000000003000025","txt_SCE":"44.799999999999997","txt_NSM":"-8.080000000000000","txt_EPR":"-0.290000000000000","txt_EPRunc":"1.540000000000000","txt_LRR":"0.780000000000000","txt_LR2":"0.410000000000000","txt_LSE":"10.600000000000000","txt_LCI90":"0.480000000000000","txt_WLR":"0.780000000000000","txt_WR2":"0.410000000000000","txt_WSE":"0.350000000000000","txt_WCI90":"0.480000000000000","txt_Shape_Length":"500.000044935427695","source_feature_index":483,"published_primary_rate_field":"LRR","published_primary_rate_m_per_year":0.78,"dashboard_rate_class":"ACCRETION","dashboard_classification_note":"Display convention only; source numeric value is preserved. Not an official DMCR class.","published_period":"1990-2019","published_dataset":"Shoreline ThaiCoast / Krabi_Points"},"geometry":{"type":"Point","coordinates":[98.74744984555554,8.119444405995996]}},{"type":"Feature","id":484,"properties":{"OBJECTID":822,"TransectID":847,"BaselineID":16,"GroupID":1,"TransOrder":847,"Azimuth":69.44,"ShrCount":11,"TCD":616091.87,"SHAPE_Leng":499.999999999,"SCE":11.9,"NSM":1.33,"EPR":0.05,"EPRunc":1.54,"LRR":0.06,"LR2":0.03,"LSE":3.7,"LCI90":0.19,"WLR":0.06,"WR2":0.03,"WSE":0.12,"WCI90":0.19,"Shape_Le_1":499.999970285,"ORIG_FID":515,"txt_OBJECTID_1":"515","txt_OBJECTID":"822","txt_TransectID":"847","txt_BaselineID":"16","txt_GroupID":"1","txt_TransOrder":"847","txt_Azimuth":"69.439999999999998","txt_ShrCount":"11","txt_TCD":"616091.869999999995343","txt_SHAPE_Leng":"499.999999999000011","txt_SCE":"11.900000000000000","txt_NSM":"1.330000000000000","txt_EPR":"0.050000000000000","txt_EPRunc":"1.540000000000000","txt_LRR":"0.060000000000000","txt_LR2":"0.030000000000000","txt_LSE":"3.700000000000000","txt_LCI90":"0.190000000000000","txt_WLR":"0.060000000000000","txt_WR2":"0.030000000000000","txt_WSE":"0.120000000000000","txt_WCI90":"0.190000000000000","txt_Shape_Length":"499.999970285305153","source_feature_index":484,"published_primary_rate_field":"LRR","published_primary_rate_m_per_year":0.06,"dashboard_rate_class":"RELATIVELY_STABLE","dashboard_classification_note":"Display convention only; source numeric value is preserved. Not an official DMCR class.","published_period":"1990-2019","published_dataset":"Shoreline ThaiCoast / Krabi_Points"},"geometry":{"type":"Point","coordinates":[98.74814224990527,8.115466152266626]}},{"type":"Feature","id":485,"properties":{"OBJECTID":825,"TransectID":850,"BaselineID":16,"GroupID":1,"TransOrder":850,"Azimuth":122.52,"ShrCount":11,"TCD":617591.87,"SHAPE_Leng":499.999999997,"SCE":41.68,"NSM":20.44,"EPR":0.74,"EPRunc":1.54,"LRR":0.48,"LR2":0.19,"LSE":12.58,"LCI90":0.61,"WLR":0.48,"WR2":0.19,"WSE":0.42,"WCI90":0.61,"Shape_Le_1":500.000013278,"ORIG_FID":516,"txt_OBJECTID_1":"516","txt_OBJECTID":"825","txt_TransectID":"850","txt_BaselineID":"16","txt_GroupID":"1","txt_TransOrder":"850","txt_Azimuth":"122.519999999999996","txt_ShrCount":"11","txt_TCD":"617591.869999999995343","txt_SHAPE_Leng":"499.999999996999975","txt_SCE":"41.680000000000000","txt_NSM":"20.440000000000001","txt_EPR":"0.740000000000000","txt_EPRunc":"1.540000000000000","txt_LRR":"0.480000000000000","txt_LR2":"0.190000000000000","txt_LSE":"12.580000000000000","txt_LCI90":"0.610000000000000","txt_WLR":"0.480000000000000","txt_WR2":"0.190000000000000","txt_WSE":"0.420000000000000","txt_WCI90":"0.610000000000000","txt_Shape_Length":"500.000013278375945","source_feature_index":485,"published_primary_rate_field":"LRR","published_primary_rate_m_per_year":0.48,"dashboard_rate_class":"RELATIVELY_STABLE","dashboard_classification_note":"Display convention only; source numeric value is preserved. Not an official DMCR class.","published_period":"1990-2019","published_dataset":"Shoreline ThaiCoast / Krabi_Points"},"geometry":{"type":"Point","coordinates":[98.74533876268372,8.112893635750286]}},{"type":"Feature","id":486,"properties":{"OBJECTID":826,"TransectID":851,"BaselineID":16,"GroupID":1,"TransOrder":851,"Azimuth":87.78,"ShrCount":13,"TCD":618091.87,"SHAPE_Leng":500.0,"SCE":28.08,"NSM":-4.16,"EPR":-0.15,"EPRunc":1.54,"LRR":0.45,"LR2":0.31,"LSE":7.62,"LCI90":0.36,"WLR":0.45,"WR2":0.31,"WSE":0.25,"WCI90":0.36,"Shape_Le_1":500.000056558,"ORIG_FID":517,"txt_OBJECTID_1":"517","txt_OBJECTID":"826","txt_TransectID":"851","txt_BaselineID":"16","txt_GroupID":"1","txt_TransOrder":"851","txt_Azimuth":"87.780000000000001","txt_ShrCount":"13","txt_TCD":"618091.869999999995343","txt_SHAPE_Leng":"500.000000000000000","txt_SCE":"28.079999999999998","txt_NSM":"-4.160000000000000","txt_EPR":"-0.150000000000000","txt_EPRunc":"1.540000000000000","txt_LRR":"0.450000000000000","txt_LR2":"0.310000000000000","txt_LSE":"7.620000000000000","txt_LCI90":"0.360000000000000","txt_WLR":"0.450000000000000","txt_WR2":"0.310000000000000","txt_WSE":"0.250000000000000","txt_WCI90":"0.360000000000000","txt_Shape_Length":"500.000056558432846","source_feature_index":486,"published_primary_rate_field":"LRR","published_primary_rate_m_per_year":0.45,"dashboard_rate_class":"RELATIVELY_STABLE","dashboard_classification_note":"Display convention only; source numeric value is preserved. Not an official DMCR class.","published_period":"1990-2019","published_dataset":"Shoreline ThaiCoast / Krabi_Points"},"geometry":{"type":"Point","coordinates":[98.74579958434026,8.107207020744848]}},{"type":"Feature","id":487,"properties":{"OBJECTID":827,"TransectID":852,"BaselineID":16,"GroupID":1,"TransOrder":852,"Azimuth":91.42,"ShrCount":13,"TCD":618591.87,"SHAPE_Leng":500.000000003,"SCE":29.22,"NSM":-4.5,"EPR":-0.16,"EPRunc":1.54,"LRR":-0.21,"LR2":0.11,"LSE":7.41,"LCI90":0.34,"WLR":-0.21,"WR2":0.11,"WSE":0.25,"WCI90":0.34,"Shape_Le_1":500.000055636,"ORIG_FID":518,"txt_OBJECTID_1":"518","txt_OBJECTID":"827","txt_TransectID":"852","txt_BaselineID":"16","txt_GroupID":"1","txt_TransOrder":"852","txt_Azimuth":"91.420000000000002","txt_ShrCount":"13","txt_TCD":"618591.869999999995343","txt_SHAPE_Leng":"500.000000003000025","txt_SCE":"29.219999999999999","txt_NSM":"-4.500000000000000","txt_EPR":"-0.160000000000000","txt_EPRunc":"1.540000000000000","txt_LRR":"-0.210000000000000","txt_LR2":"0.110000000000000","txt_LSE":"7.410000000000000","txt_LCI90":"0.340000000000000","txt_WLR":"-0.210000000000000","txt_WR2":"0.110000000000000","txt_WSE":"0.250000000000000","txt_WCI90":"0.340000000000000","txt_Shape_Length":"500.000055635644856","source_feature_index":487,"published_primary_rate_field":"LRR","published_primary_rate_m_per_year":-0.21,"dashboard_rate_class":"RELATIVELY_STABLE","dashboard_classification_note":"Display convention only; source numeric value is preserved. Not an official DMCR class.","published_period":"1990-2019","published_dataset":"Shoreline ThaiCoast / Krabi_Points"},"geometry":{"type":"Point","coordinates":[98.74532651242502,8.103086614723079]}},{"type":"Feature","id":488,"properties":{"OBJECTID":828,"TransectID":853,"BaselineID":16,"GroupID":1,"TransOrder":853,"Azimuth":87.81,"ShrCount":13,"TCD":619091.87,"SHAPE_Leng":499.999999999,"SCE":43.45,"NSM":6.06,"EPR":0.22,"EPRunc":1.54,"LRR":0.93,"LR2":0.57,"LSE":9.16,"LCI90":0.44,"WLR":0.93,"WR2":0.57,"WSE":0.31,"WCI90":0.44,"Shape_Le_1":499.999992343,"ORIG_FID":519,"txt_OBJECTID_1":"519","txt_OBJECTID":"828","txt_TransectID":"853","txt_BaselineID":"16","txt_GroupID":"1","txt_TransOrder":"853","txt_Azimuth":"87.810000000000002","txt_ShrCount":"13","txt_TCD":"619091.869999999995343","txt_SHAPE_Leng":"499.999999999000011","txt_SCE":"43.450000000000003","txt_NSM":"6.060000000000000","txt_EPR":"0.220000000000000","txt_EPRunc":"1.540000000000000","txt_LRR":"0.930000000000000","txt_LR2":"0.570000000000000","txt_LSE":"9.160000000000000","txt_LCI90":"0.440000000000000","txt_WLR":"0.930000000000000","txt_WR2":"0.570000000000000","txt_WSE":"0.310000000000000","txt_WCI90":"0.440000000000000","txt_Shape_Length":"499.999992342723374","source_feature_index":488,"published_primary_rate_field":"LRR","published_primary_rate_m_per_year":0.93,"dashboard_rate_class":"ACCRETION","dashboard_classification_note":"Display convention only; source numeric value is preserved. Not an official DMCR class.","published_period":"1990-2019","published_dataset":"Shoreline ThaiCoast / Krabi_Points"},"geometry":{"type":"Point","coordinates":[98.74559011762695,8.098542106974717]}},{"type":"Feature","id":489,"properties":{"OBJECTID":829,"TransectID":854,"BaselineID":16,"GroupID":1,"TransOrder":854,"Azimuth":88.56,"ShrCount":13,"TCD":619591.87,"SHAPE_Leng":500.000000001,"SCE":59.88,"NSM":13.79,"EPR":0.5,"EPRunc":1.54,"LRR":0.47,"LR2":0.1,"LSE":16.87,"LCI90":0.77,"WLR":0.47,"WR2":0.1,"WSE":0.56,"WCI90":0.77,"Shape_Le_1":499.999925869,"ORIG_FID":520,"txt_OBJECTID_1":"520","txt_OBJECTID":"829","txt_TransectID":"854","txt_BaselineID":"16","txt_GroupID":"1","txt_TransOrder":"854","txt_Azimuth":"88.560000000000002","txt_ShrCount":"13","txt_TCD":"619591.869999999995343","txt_SHAPE_Leng":"500.000000000999989","txt_SCE":"59.880000000000003","txt_NSM":"13.789999999999999","txt_EPR":"0.500000000000000","txt_EPRunc":"1.540000000000000","txt_LRR":"0.470000000000000","txt_LR2":"0.100000000000000","txt_LSE":"16.870000000000001","txt_LCI90":"0.770000000000000","txt_WLR":"0.470000000000000","txt_WR2":"0.100000000000000","txt_WSE":"0.560000000000000","txt_WCI90":"0.770000000000000","txt_Shape_Length":"499.999925868516414","source_feature_index":489,"published_primary_rate_field":"LRR","published_primary_rate_m_per_year":0.47,"dashboard_rate_class":"RELATIVELY_STABLE","dashboard_classification_note":"Display convention only; source numeric value is preserved. Not an official DMCR class.","published_period":"1990-2019","published_dataset":"Shoreline ThaiCoast / Krabi_Points"},"geometry":{"type":"Point","coordinates":[98.74566932565716,8.094193766100908]}},{"type":"Feature","id":490,"properties":{"OBJECTID":830,"TransectID":855,"BaselineID":16,"GroupID":1,"TransOrder":855,"Azimuth":105.65,"ShrCount":14,"TCD":620091.87,"SHAPE_Leng":500.000000001,"SCE":65.2,"NSM":-0.97,"EPR":-0.04,"EPRunc":1.54,"LRR":1.16,"LR2":0.38,"LSE":16.93,"LCI90":0.77,"WLR":1.16,"WR2":0.38,"WSE":0.56,"WCI90":0.77,"Shape_Le_1":500.00001196,"ORIG_FID":521,"txt_OBJECTID_1":"521","txt_OBJECTID":"830","txt_TransectID":"855","txt_BaselineID":"16","txt_GroupID":"1","txt_TransOrder":"855","txt_Azimuth":"105.650000000000006","txt_ShrCount":"14","txt_TCD":"620091.869999999995343","txt_SHAPE_Leng":"500.000000000999989","txt_SCE":"65.200000000000003","txt_NSM":"-0.970000000000000","txt_EPR":"-0.040000000000000","txt_EPRunc":"1.540000000000000","txt_LRR":"1.160000000000000","txt_LR2":"0.380000000000000","txt_LSE":"16.930000000000000","txt_LCI90":"0.770000000000000","txt_WLR":"1.160000000000000","txt_WR2":"0.380000000000000","txt_WSE":"0.560000000000000","txt_WCI90":"0.770000000000000","txt_Shape_Length":"500.000011960230779","source_feature_index":490,"published_primary_rate_field":"LRR","published_primary_rate_m_per_year":1.16,"dashboard_rate_class":"ACCRETION","dashboard_classification_note":"Display convention only; source numeric value is preserved. Not an official DMCR class.","published_period":"1990-2019","published_dataset":"Shoreline ThaiCoast / Krabi_Points"},"geometry":{"type":"Point","coordinates":[98.74590014261257,8.09039748146324]}},{"type":"Feature","id":491,"properties":{"OBJECTID":831,"TransectID":856,"BaselineID":16,"GroupID":1,"TransOrder":856,"Azimuth":117.77,"ShrCount":10,"TCD":620591.87,"SHAPE_Leng":499.999999999,"SCE":79.27,"NSM":55.31,"EPR":2.01,"EPRunc":1.54,"LRR":2.75,"LR2":0.92,"LSE":10.55,"LCI90":0.55,"WLR":2.75,"WR2":0.92,"WSE":0.35,"WCI90":0.55,"Shape_Le_1":499.999991182,"ORIG_FID":522,"txt_OBJECTID_1":"522","txt_OBJECTID":"831","txt_TransectID":"856","txt_BaselineID":"16","txt_GroupID":"1","txt_TransOrder":"856","txt_Azimuth":"117.769999999999996","txt_ShrCount":"10","txt_TCD":"620591.869999999995343","txt_SHAPE_Leng":"499.999999999000011","txt_SCE":"79.269999999999996","txt_NSM":"55.310000000000002","txt_EPR":"2.010000000000000","txt_EPRunc":"1.540000000000000","txt_LRR":"2.750000000000000","txt_LR2":"0.920000000000000","txt_LSE":"10.550000000000001","txt_LCI90":"0.550000000000000","txt_WLR":"2.750000000000000","txt_WR2":"0.920000000000000","txt_WSE":"0.350000000000000","txt_WCI90":"0.550000000000000","txt_Shape_Length":"499.999991181681537","source_feature_index":491,"published_primary_rate_field":"LRR","published_primary_rate_m_per_year":2.75,"dashboard_rate_class":"STRONG_ACCRETION","dashboard_classification_note":"Display convention only; source numeric value is preserved. Not an official DMCR class.","published_period":"1990-2019","published_dataset":"Shoreline ThaiCoast / Krabi_Points"},"geometry":{"type":"Point","coordinates":[98.74367500662675,8.08726511518389]}},{"type":"Feature","id":492,"properties":{"OBJECTID":832,"TransectID":857,"BaselineID":16,"GroupID":1,"TransOrder":857,"Azimuth":113.46,"ShrCount":14,"TCD":621091.87,"SHAPE_Leng":500.0,"SCE":49.7,"NSM":-28.84,"EPR":-1.05,"EPRunc":1.54,"LRR":0.21,"LR2":0.03,"LSE":14.02,"LCI90":0.63,"WLR":0.21,"WR2":0.03,"WSE":0.47,"WCI90":0.63,"Shape_Le_1":499.999947501,"ORIG_FID":523,"txt_OBJECTID_1":"523","txt_OBJECTID":"832","txt_TransectID":"857","txt_BaselineID":"16","txt_GroupID":"1","txt_TransOrder":"857","txt_Azimuth":"113.459999999999994","txt_ShrCount":"14","txt_TCD":"621091.869999999995343","txt_SHAPE_Leng":"500.000000000000000","txt_SCE":"49.700000000000003","txt_NSM":"-28.840000000000000","txt_EPR":"-1.050000000000000","txt_EPRunc":"1.540000000000000","txt_LRR":"0.210000000000000","txt_LR2":"0.030000000000000","txt_LSE":"14.020000000000000","txt_LCI90":"0.630000000000000","txt_WLR":"0.210000000000000","txt_WR2":"0.030000000000000","txt_WSE":"0.470000000000000","txt_WCI90":"0.630000000000000","txt_Shape_Length":"499.999947501059523","source_feature_index":492,"published_primary_rate_field":"LRR","published_primary_rate_m_per_year":0.21,"dashboard_rate_class":"RELATIVELY_STABLE","dashboard_classification_note":"Display convention only; source numeric value is preserved. Not an official DMCR class.","published_period":"1990-2019","published_dataset":"Shoreline ThaiCoast / Krabi_Points"},"geometry":{"type":"Point","coordinates":[98.74227233097909,8.083616088822414]}},{"type":"Feature","id":493,"properties":{"OBJECTID":833,"TransectID":858,"BaselineID":16,"GroupID":1,"TransOrder":858,"Azimuth":91.79,"ShrCount":10,"TCD":621591.87,"SHAPE_Leng":499.999999999,"SCE":72.51,"NSM":48.46,"EPR":1.76,"EPRunc":1.54,"LRR":2.31,"LR2":0.89,"LSE":10.44,"LCI90":0.54,"WLR":2.31,"WR2":0.89,"WSE":0.35,"WCI90":0.54,"Shape_Le_1":500.000018967,"ORIG_FID":524,"txt_OBJECTID_1":"524","txt_OBJECTID":"833","txt_TransectID":"858","txt_BaselineID":"16","txt_GroupID":"1","txt_TransOrder":"858","txt_Azimuth":"91.790000000000006","txt_ShrCount":"10","txt_TCD":"621591.869999999995343","txt_SHAPE_Leng":"499.999999999000011","txt_SCE":"72.510000000000005","txt_NSM":"48.460000000000001","txt_EPR":"1.760000000000000","txt_EPRunc":"1.540000000000000","txt_LRR":"2.310000000000000","txt_LR2":"0.890000000000000","txt_LSE":"10.440000000000000","txt_LCI90":"0.540000000000000","txt_WLR":"2.310000000000000","txt_WR2":"0.890000000000000","txt_WSE":"0.350000000000000","txt_WCI90":"0.540000000000000","txt_Shape_Length":"500.000018966813172","source_feature_index":493,"published_primary_rate_field":"LRR","published_primary_rate_m_per_year":2.31,"dashboard_rate_class":"STRONG_ACCRETION","dashboard_classification_note":"Display convention only; source numeric value is preserved. Not an official DMCR class.","published_period":"1990-2019","published_dataset":"Shoreline ThaiCoast / Krabi_Points"},"geometry":{"type":"Point","coordinates":[98.74014538003509,8.078759999524431]}},{"type":"Feature","id":494,"properties":{"OBJECTID":834,"TransectID":859,"BaselineID":16,"GroupID":1,"TransOrder":859,"Azimuth":66.54,"ShrCount":14,"TCD":622091.87,"SHAPE_Leng":500.000000001,"SCE":62.23,"NSM":-41.35,"EPR":-1.5,"EPRunc":1.54,"LRR":-1.16,"LR2":0.38,"LSE":16.86,"LCI90":0.76,"WLR":-1.16,"WR2":0.38,"WSE":0.56,"WCI90":0.76,"Shape_Le_1":499.999992352,"ORIG_FID":525,"txt_OBJECTID_1":"525","txt_OBJECTID":"834","txt_TransectID":"859","txt_BaselineID":"16","txt_GroupID":"1","txt_TransOrder":"859","txt_Azimuth":"66.540000000000006","txt_ShrCount":"14","txt_TCD":"622091.869999999995343","txt_SHAPE_Leng":"500.000000000999989","txt_SCE":"62.229999999999997","txt_NSM":"-41.350000000000001","txt_EPR":"-1.500000000000000","txt_EPRunc":"1.540000000000000","txt_LRR":"-1.160000000000000","txt_LR2":"0.380000000000000","txt_LSE":"16.859999999999999","txt_LCI90":"0.760000000000000","txt_WLR":"-1.160000000000000","txt_WR2":"0.380000000000000","txt_WSE":"0.560000000000000","txt_WCI90":"0.760000000000000","txt_Shape_Length":"499.999992352302229","source_feature_index":494,"published_primary_rate_field":"LRR","published_primary_rate_m_per_year":-1.16,"dashboard_rate_class":"RETREAT","dashboard_classification_note":"Display convention only; source numeric value is preserved. Not an official DMCR class.","published_period":"1990-2019","published_dataset":"Shoreline ThaiCoast / Krabi_Points"},"geometry":{"type":"Point","coordinates":[98.74204797698496,8.074479645306043]}},{"type":"Feature","id":495,"properties":{"OBJECTID":835,"TransectID":860,"BaselineID":16,"GroupID":1,"TransOrder":860,"Azimuth":84.51,"ShrCount":11,"TCD":622591.87,"SHAPE_Leng":499.999999998,"SCE":53.32,"NSM":-14.39,"EPR":-0.52,"EPRunc":1.54,"LRR":-0.7,"LR2":0.25,"LSE":14.34,"LCI90":0.73,"WLR":-0.7,"WR2":0.25,"WSE":0.48,"WCI90":0.73,"Shape_Le_1":500.000041792,"ORIG_FID":526,"txt_OBJECTID_1":"526","txt_OBJECTID":"835","txt_TransectID":"860","txt_BaselineID":"16","txt_GroupID":"1","txt_TransOrder":"860","txt_Azimuth":"84.510000000000005","txt_ShrCount":"11","txt_TCD":"622591.869999999995343","txt_SHAPE_Leng":"499.999999998000021","txt_SCE":"53.320000000000000","txt_NSM":"-14.390000000000001","txt_EPR":"-0.520000000000000","txt_EPRunc":"1.540000000000000","txt_LRR":"-0.700000000000000","txt_LR2":"0.250000000000000","txt_LSE":"14.340000000000000","txt_LCI90":"0.730000000000000","txt_WLR":"-0.700000000000000","txt_WR2":"0.250000000000000","txt_WSE":"0.480000000000000","txt_WCI90":"0.730000000000000","txt_Shape_Length":"500.000041791676438","source_feature_index":495,"published_primary_rate_field":"LRR","published_primary_rate_m_per_year":-0.7,"dashboard_rate_class":"RETREAT","dashboard_classification_note":"Display convention only; source numeric value is preserved. Not an official DMCR class.","published_period":"1990-2019","published_dataset":"Shoreline ThaiCoast / Krabi_Points"},"geometry":{"type":"Point","coordinates":[98.7434011869327,8.071030005957681]}},{"type":"Feature","id":496,"properties":{"OBJECTID":836,"TransectID":861,"BaselineID":16,"GroupID":1,"TransOrder":861,"Azimuth":82.21,"ShrCount":14,"TCD":623091.87,"SHAPE_Leng":500.0,"SCE":57.13,"NSM":-28.55,"EPR":-1.04,"EPRunc":1.54,"LRR":0.28,"LR2":0.03,"LSE":17.35,"LCI90":0.79,"WLR":0.28,"WR2":0.03,"WSE":0.58,"WCI90":0.79,"Shape_Le_1":500.000077626,"ORIG_FID":527,"txt_OBJECTID_1":"527","txt_OBJECTID":"836","txt_TransectID":"861","txt_BaselineID":"16","txt_GroupID":"1","txt_TransOrder":"861","txt_Azimuth":"82.209999999999994","txt_ShrCount":"14","txt_TCD":"623091.869999999995343","txt_SHAPE_Leng":"500.000000000000000","txt_SCE":"57.130000000000003","txt_NSM":"-28.550000000000001","txt_EPR":"-1.040000000000000","txt_EPRunc":"1.540000000000000","txt_LRR":"0.280000000000000","txt_LR2":"0.030000000000000","txt_LSE":"17.350000000000001","txt_LCI90":"0.790000000000000","txt_WLR":"0.280000000000000","txt_WR2":"0.030000000000000","txt_WSE":"0.580000000000000","txt_WCI90":"0.790000000000000","txt_Shape_Length":"500.000077625996653","source_feature_index":496,"published_primary_rate_field":"LRR","published_primary_rate_m_per_year":0.28,"dashboard_rate_class":"RELATIVELY_STABLE","dashboard_classification_note":"Display convention only; source numeric value is preserved. Not an official DMCR class.","published_period":"1990-2019","published_dataset":"Shoreline ThaiCoast / Krabi_Points"},"geometry":{"type":"Point","coordinates":[98.74270804326572,8.066551609967263]}},{"type":"Feature","id":497,"properties":{"OBJECTID":837,"TransectID":862,"BaselineID":16,"GroupID":1,"TransOrder":862,"Azimuth":60.74,"ShrCount":12,"TCD":623591.87,"SHAPE_Leng":499.999999998,"SCE":65.47,"NSM":-34.95,"EPR":-1.27,"EPRunc":1.54,"LRR":-2.05,"LR2":0.77,"LSE":12.68,"LCI90":0.64,"WLR":-2.05,"WR2":0.77,"WSE":0.42,"WCI90":0.64,"Shape_Le_1":500.00000787,"ORIG_FID":528,"txt_OBJECTID_1":"528","txt_OBJECTID":"837","txt_TransectID":"862","txt_BaselineID":"16","txt_GroupID":"1","txt_TransOrder":"862","txt_Azimuth":"60.740000000000002","txt_ShrCount":"12","txt_TCD":"623591.869999999995343","txt_SHAPE_Leng":"499.999999998000021","txt_SCE":"65.469999999999999","txt_NSM":"-34.950000000000003","txt_EPR":"-1.270000000000000","txt_EPRunc":"1.540000000000000","txt_LRR":"-2.050000000000000","txt_LR2":"0.770000000000000","txt_LSE":"12.680000000000000","txt_LCI90":"0.640000000000000","txt_WLR":"-2.050000000000000","txt_WR2":"0.770000000000000","txt_WSE":"0.420000000000000","txt_WCI90":"0.640000000000000","txt_Shape_Length":"500.000007869808712","source_feature_index":497,"published_primary_rate_field":"LRR","published_primary_rate_m_per_year":-2.05,"dashboard_rate_class":"STRONG_RETREAT","dashboard_classification_note":"Display convention only; source numeric value is preserved. Not an official DMCR class.","published_period":"1990-2019","published_dataset":"Shoreline ThaiCoast / Krabi_Points"},"geometry":{"type":"Point","coordinates":[98.74477921810806,8.06217109942498]}},{"type":"Feature","id":498,"properties":{"OBJECTID":894,"TransectID":919,"BaselineID":16,"GroupID":1,"TransOrder":919,"Azimuth":316.77,"ShrCount":10,"TCD":652091.87,"SHAPE_Leng":499.999999997,"SCE":85.72,"NSM":3.08,"EPR":0.13,"EPRunc":1.85,"LRR":0.14,"LR2":0.0,"LSE":27.1,"LCI90":1.76,"WLR":0.14,"WR2":0.0,"WSE":0.9,"WCI90":1.76,"Shape_Le_1":500.000020474,"ORIG_FID":573,"txt_OBJECTID_1":"573","txt_OBJECTID":"894","txt_TransectID":"919","txt_BaselineID":"16","txt_GroupID":"1","txt_TransOrder":"919","txt_Azimuth":"316.769999999999982","txt_ShrCount":"10","txt_TCD":"652091.869999999995343","txt_SHAPE_Leng":"499.999999996999975","txt_SCE":"85.719999999999999","txt_NSM":"3.080000000000000","txt_EPR":"0.130000000000000","txt_EPRunc":"1.850000000000000","txt_LRR":"0.140000000000000","txt_LR2":"0.000000000000000","txt_LSE":"27.100000000000001","txt_LCI90":"1.760000000000000","txt_WLR":"0.140000000000000","txt_WR2":"0.000000000000000","txt_WSE":"0.900000000000000","txt_WCI90":"1.760000000000000","txt_Shape_Length":"500.000020474429164","source_feature_index":498,"published_primary_rate_field":"LRR","published_primary_rate_m_per_year":0.14,"dashboard_rate_class":"RELATIVELY_STABLE","dashboard_classification_note":"Display convention only; source numeric value is preserved. Not an official DMCR class.","published_period":"1990-2019","published_dataset":"Shoreline ThaiCoast / Krabi_Points"},"geometry":{"type":"Point","coordinates":[98.88812852036166,8.02476045935636]}},{"type":"Feature","id":499,"properties":{"OBJECTID":895,"TransectID":920,"BaselineID":16,"GroupID":1,"TransOrder":920,"Azimuth":321.44,"ShrCount":10,"TCD":652591.87,"SHAPE_Leng":499.999999997,"SCE":69.6,"NSM":-8.5,"EPR":-0.37,"EPRunc":1.85,"LRR":-0.44,"LR2":0.03,"LSE":23.93,"LCI90":1.56,"WLR":-0.44,"WR2":0.03,"WSE":0.8,"WCI90":1.56,"Shape_Le_1":500.000032796,"ORIG_FID":574,"txt_OBJECTID_1":"574","txt_OBJECTID":"895","txt_TransectID":"920","txt_BaselineID":"16","txt_GroupID":"1","txt_TransOrder":"920","txt_Azimuth":"321.439999999999998","txt_ShrCount":"10","txt_TCD":"652591.869999999995343","txt_SHAPE_Leng":"499.999999996999975","txt_SCE":"69.599999999999994","txt_NSM":"-8.500000000000000","txt_EPR":"-0.370000000000000","txt_EPRunc":"1.850000000000000","txt_LRR":"-0.440000000000000","txt_LR2":"0.030000000000000","txt_LSE":"23.930000000000000","txt_LCI90":"1.560000000000000","txt_WLR":"-0.440000000000000","txt_WR2":"0.030000000000000","txt_WSE":"0.800000000000000","txt_WCI90":"1.560000000000000","txt_Shape_Length":"500.000032796244227","source_feature_index":499,"published_primary_rate_field":"LRR","published_primary_rate_m_per_year":-0.44,"dashboard_rate_class":"RELATIVELY_STABLE","dashboard_classification_note":"Display convention only; source numeric value is preserved. Not an official DMCR class.","published_period":"1990-2019","published_dataset":"Shoreline ThaiCoast / Krabi_Points"},"geometry":{"type":"Point","coordinates":[98.89119983207266,8.027228506347868]}},{"type":"Feature","id":500,"properties":{"OBJECTID":896,"TransectID":921,"BaselineID":16,"GroupID":1,"TransOrder":921,"Azimuth":321.31,"ShrCount":9,"TCD":653091.87,"SHAPE_Leng":500.0,"SCE":117.12,"NSM":-3.84,"EPR":-0.17,"EPRunc":1.85,"LRR":-0.38,"LR2":0.01,"LSE":35.1,"LCI90":2.35,"WLR":-0.38,"WR2":0.01,"WSE":1.17,"WCI90":2.35,"Shape_Le_1":500.000018153,"ORIG_FID":575,"txt_OBJECTID_1":"575","txt_OBJECTID":"896","txt_TransectID":"921","txt_BaselineID":"16","txt_GroupID":"1","txt_TransOrder":"921","txt_Azimuth":"321.310000000000002","txt_ShrCount":"9","txt_TCD":"653091.869999999995343","txt_SHAPE_Leng":"500.000000000000000","txt_SCE":"117.120000000000005","txt_NSM":"-3.840000000000000","txt_EPR":"-0.170000000000000","txt_EPRunc":"1.850000000000000","txt_LRR":"-0.380000000000000","txt_LR2":"0.010000000000000","txt_LSE":"35.100000000000001","txt_LCI90":"2.350000000000000","txt_WLR":"-0.380000000000000","txt_WR2":"0.010000000000000","txt_WSE":"1.170000000000000","txt_WCI90":"2.350000000000000","txt_Shape_Length":"500.000018153327630","source_feature_index":500,"published_primary_rate_field":"LRR","published_primary_rate_m_per_year":-0.38,"dashboard_rate_class":"RELATIVELY_STABLE","dashboard_classification_note":"Display convention only; source numeric value is preserved. Not an official DMCR class.","published_period":"1990-2019","published_dataset":"Shoreline ThaiCoast / Krabi_Points"},"geometry":{"type":"Point","coordinates":[98.89462921719894,8.029918121614557]}},{"type":"Feature","id":501,"properties":{"OBJECTID":897,"TransectID":922,"BaselineID":16,"GroupID":1,"TransOrder":922,"Azimuth":305.72,"ShrCount":9,"TCD":653591.87,"SHAPE_Leng":500.000000002,"SCE":42.41,"NSM":26.23,"EPR":1.15,"EPRunc":1.85,"LRR":0.22,"LR2":0.03,"LSE":13.99,"LCI90":0.95,"WLR":0.22,"WR2":0.03,"WSE":0.47,"WCI90":0.95,"Shape_Le_1":500.00005329,"ORIG_FID":576,"txt_OBJECTID_1":"576","txt_OBJECTID":"897","txt_TransectID":"922","txt_BaselineID":"16","txt_GroupID":"1","txt_TransOrder":"922","txt_Azimuth":"305.720000000000027","txt_ShrCount":"9","txt_TCD":"653591.869999999995343","txt_SHAPE_Leng":"500.000000001999979","txt_SCE":"42.409999999999997","txt_NSM":"26.230000000000000","txt_EPR":"1.150000000000000","txt_EPRunc":"1.850000000000000","txt_LRR":"0.220000000000000","txt_LR2":"0.030000000000000","txt_LSE":"13.990000000000000","txt_LCI90":"0.950000000000000","txt_WLR":"0.220000000000000","txt_WR2":"0.030000000000000","txt_WSE":"0.470000000000000","txt_WCI90":"0.950000000000000","txt_Shape_Length":"500.000053290438132","source_feature_index":501,"published_primary_rate_field":"LRR","published_primary_rate_m_per_year":0.22,"dashboard_rate_class":"RELATIVELY_STABLE","dashboard_classification_note":"Display convention only; source numeric value is preserved. Not an official DMCR class.","published_period":"1990-2019","published_dataset":"Shoreline ThaiCoast / Krabi_Points"},"geometry":{"type":"Point","coordinates":[98.89817741889925,8.032907130837547]}},{"type":"Feature","id":502,"properties":{"OBJECTID":898,"TransectID":923,"BaselineID":16,"GroupID":1,"TransOrder":923,"Azimuth":296.83,"ShrCount":11,"TCD":654091.87,"SHAPE_Leng":499.999999999,"SCE":97.65,"NSM":-8.41,"EPR":-0.37,"EPRunc":1.85,"LRR":0.06,"LR2":0.0,"LSE":31.54,"LCI90":1.97,"WLR":0.06,"WR2":0.0,"WSE":1.05,"WCI90":1.97,"Shape_Le_1":499.999977466,"ORIG_FID":577,"txt_OBJECTID_1":"577","txt_OBJECTID":"898","txt_TransectID":"923","txt_BaselineID":"16","txt_GroupID":"1","txt_TransOrder":"923","txt_Azimuth":"296.829999999999984","txt_ShrCount":"11","txt_TCD":"654091.869999999995343","txt_SHAPE_Leng":"499.999999999000011","txt_SCE":"97.650000000000006","txt_NSM":"-8.410000000000000","txt_EPR":"-0.370000000000000","txt_EPRunc":"1.850000000000000","txt_LRR":"0.060000000000000","txt_LR2":"0.000000000000000","txt_LSE":"31.539999999999999","txt_LCI90":"1.970000000000000","txt_WLR":"0.060000000000000","txt_WR2":"0.000000000000000","txt_WSE":"1.050000000000000","txt_WCI90":"1.970000000000000","txt_Shape_Length":"499.999977466482449","source_feature_index":502,"published_primary_rate_field":"LRR","published_primary_rate_m_per_year":0.06,"dashboard_rate_class":"RELATIVELY_STABLE","dashboard_classification_note":"Display convention only; source numeric value is preserved. Not an official DMCR class.","published_period":"1990-2019","published_dataset":"Shoreline ThaiCoast / Krabi_Points"},"geometry":{"type":"Point","coordinates":[98.90003425643776,8.03731705149312]}},{"type":"Feature","id":503,"properties":{"OBJECTID":899,"TransectID":924,"BaselineID":16,"GroupID":1,"TransOrder":924,"Azimuth":280.88,"ShrCount":13,"TCD":654591.87,"SHAPE_Leng":500.000000001,"SCE":36.09,"NSM":24.08,"EPR":1.02,"EPRunc":1.81,"LRR":0.79,"LR2":0.33,"LSE":10.81,"LCI90":0.61,"WLR":0.79,"WR2":0.33,"WSE":0.36,"WCI90":0.61,"Shape_Le_1":500.000074328,"ORIG_FID":578,"txt_OBJECTID_1":"578","txt_OBJECTID":"899","txt_TransectID":"924","txt_BaselineID":"16","txt_GroupID":"1","txt_TransOrder":"924","txt_Azimuth":"280.879999999999995","txt_ShrCount":"13","txt_TCD":"654591.869999999995343","txt_SHAPE_Leng":"500.000000000999989","txt_SCE":"36.090000000000003","txt_NSM":"24.079999999999998","txt_EPR":"1.020000000000000","txt_EPRunc":"1.810000000000000","txt_LRR":"0.790000000000000","txt_LR2":"0.330000000000000","txt_LSE":"10.810000000000000","txt_LCI90":"0.610000000000000","txt_WLR":"0.790000000000000","txt_WR2":"0.330000000000000","txt_WSE":"0.360000000000000","txt_WCI90":"0.610000000000000","txt_Shape_Length":"500.000074328414428","source_feature_index":503,"published_primary_rate_field":"LRR","published_primary_rate_m_per_year":0.79,"dashboard_rate_class":"ACCRETION","dashboard_classification_note":"Display convention only; source numeric value is preserved. Not an official DMCR class.","published_period":"1990-2019","published_dataset":"Shoreline ThaiCoast / Krabi_Points"},"geometry":{"type":"Point","coordinates":[98.90237648079861,8.041319333402825]}},{"type":"Feature","id":504,"properties":{"OBJECTID":905,"TransectID":930,"BaselineID":17,"GroupID":1,"TransOrder":930,"Azimuth":109.7,"ShrCount":4,"TCD":660758.96,"SHAPE_Leng":500.0,"SCE":61.03,"NSM":57.19,"EPR":3.07,"EPRunc":2.28,"LRR":3.32,"LR2":0.96,"LSE":7.03,"LCI90":1.44,"WLR":3.32,"WR2":0.96,"WSE":0.23,"WCI90":1.44,"Shape_Le_1":500.000013975,"ORIG_FID":579,"txt_OBJECTID_1":"579","txt_OBJECTID":"905","txt_TransectID":"930","txt_BaselineID":"17","txt_GroupID":"1","txt_TransOrder":"930","txt_Azimuth":"109.700000000000003","txt_ShrCount":"4","txt_TCD":"660758.959999999962747","txt_SHAPE_Leng":"500.000000000000000","txt_SCE":"61.030000000000001","txt_NSM":"57.189999999999998","txt_EPR":"3.070000000000000","txt_EPRunc":"2.280000000000000","txt_LRR":"3.320000000000000","txt_LR2":"0.960000000000000","txt_LSE":"7.030000000000000","txt_LCI90":"1.440000000000000","txt_WLR":"3.320000000000000","txt_WR2":"0.960000000000000","txt_WSE":"0.230000000000000","txt_WCI90":"1.440000000000000","txt_Shape_Length":"500.000013974688102","source_feature_index":504,"published_primary_rate_field":"LRR","published_primary_rate_m_per_year":3.32,"dashboard_rate_class":"STRONG_ACCRETION","dashboard_classification_note":"Display convention only; source numeric value is preserved. Not an official DMCR class.","published_period":"1990-2019","published_dataset":"Shoreline ThaiCoast / Krabi_Points"},"geometry":{"type":"Point","coordinates":[98.92359392971049,8.04392402094621]}},{"type":"Feature","id":505,"properties":{"OBJECTID":906,"TransectID":931,"BaselineID":17,"GroupID":1,"TransOrder":931,"Azimuth":91.1,"ShrCount":4,"TCD":661258.96,"SHAPE_Leng":499.999999999,"SCE":23.38,"NSM":6.65,"EPR":0.36,"EPRunc":2.28,"LRR":0.63,"LR2":0.27,"LSE":10.42,"LCI90":2.14,"WLR":0.63,"WR2":0.27,"WSE":0.35,"WCI90":2.14,"Shape_Le_1":499.999973332,"ORIG_FID":580,"txt_OBJECTID_1":"580","txt_OBJECTID":"906","txt_TransectID":"931","txt_BaselineID":"17","txt_GroupID":"1","txt_TransOrder":"931","txt_Azimuth":"91.099999999999994","txt_ShrCount":"4","txt_TCD":"661258.959999999962747","txt_SHAPE_Leng":"499.999999999000011","txt_SCE":"23.379999999999999","txt_NSM":"6.650000000000000","txt_EPR":"0.360000000000000","txt_EPRunc":"2.280000000000000","txt_LRR":"0.630000000000000","txt_LR2":"0.270000000000000","txt_LSE":"10.420000000000000","txt_LCI90":"2.140000000000000","txt_WLR":"0.630000000000000","txt_WR2":"0.270000000000000","txt_WSE":"0.350000000000000","txt_WCI90":"2.140000000000000","txt_Shape_Length":"499.999973332032937","source_feature_index":505,"published_primary_rate_field":"LRR","published_primary_rate_m_per_year":0.63,"dashboard_rate_class":"ACCRETION","dashboard_classification_note":"Display convention only; source numeric value is preserved. Not an official DMCR class.","published_period":"1990-2019","published_dataset":"Shoreline ThaiCoast / Krabi_Points"},"geometry":{"type":"Point","coordinates":[98.92098528996404,8.04008803799903]}},{"type":"Feature","id":506,"properties":{"OBJECTID":909,"TransectID":934,"BaselineID":17,"GroupID":1,"TransOrder":934,"Azimuth":40.68,"ShrCount":4,"TCD":662758.96,"SHAPE_Leng":499.999999995,"SCE":32.67,"NSM":-32.67,"EPR":-1.75,"EPRunc":2.28,"LRR":-1.73,"LR2":0.9,"LSE":5.94,"LCI90":1.22,"WLR":-1.73,"WR2":0.9,"WSE":0.2,"WCI90":1.22,"Shape_Le_1":499.999947521,"ORIG_FID":581,"txt_OBJECTID_1":"581","txt_OBJECTID":"909","txt_TransectID":"934","txt_BaselineID":"17","txt_GroupID":"1","txt_TransOrder":"934","txt_Azimuth":"40.680000000000000","txt_ShrCount":"4","txt_TCD":"662758.959999999962747","txt_SHAPE_Leng":"499.999999994999996","txt_SCE":"32.670000000000002","txt_NSM":"-32.670000000000002","txt_EPR":"-1.750000000000000","txt_EPRunc":"2.280000000000000","txt_LRR":"-1.730000000000000","txt_LR2":"0.900000000000000","txt_LSE":"5.940000000000000","txt_LCI90":"1.220000000000000","txt_WLR":"-1.730000000000000","txt_WR2":"0.900000000000000","txt_WSE":"0.200000000000000","txt_WCI90":"1.220000000000000","txt_Shape_Length":"499.999947520894580","source_feature_index":506,"published_primary_rate_field":"LRR","published_primary_rate_m_per_year":-1.73,"dashboard_rate_class":"RETREAT","dashboard_classification_note":"Display convention only; source numeric value is preserved. Not an official DMCR class.","published_period":"1990-2019","published_dataset":"Shoreline ThaiCoast / Krabi_Points"},"geometry":{"type":"Point","coordinates":[98.92233950189993,8.031128361715185]}},{"type":"Feature","id":507,"properties":{"OBJECTID":910,"TransectID":935,"BaselineID":17,"GroupID":1,"TransOrder":935,"Azimuth":35.49,"ShrCount":13,"TCD":663258.96,"SHAPE_Leng":500.000000001,"SCE":86.82,"NSM":-37.8,"EPR":-1.45,"EPRunc":1.63,"LRR":-1.9,"LR2":0.58,"LSE":16.07,"LCI90":0.87,"WLR":-1.9,"WR2":0.58,"WSE":0.54,"WCI90":0.87,"Shape_Le_1":499.999925908,"ORIG_FID":582,"txt_OBJECTID_1":"582","txt_OBJECTID":"910","txt_TransectID":"935","txt_BaselineID":"17","txt_GroupID":"1","txt_TransOrder":"935","txt_Azimuth":"35.490000000000002","txt_ShrCount":"13","txt_TCD":"663258.959999999962747","txt_SHAPE_Leng":"500.000000000999989","txt_SCE":"86.819999999999993","txt_NSM":"-37.799999999999997","txt_EPR":"-1.450000000000000","txt_EPRunc":"1.630000000000000","txt_LRR":"-1.900000000000000","txt_LR2":"0.580000000000000","txt_LSE":"16.070000000000000","txt_LCI90":"0.870000000000000","txt_WLR":"-1.900000000000000","txt_WR2":"0.580000000000000","txt_WSE":"0.540000000000000","txt_WCI90":"0.870000000000000","txt_Shape_Length":"499.999925907709724","source_feature_index":507,"published_primary_rate_field":"LRR","published_primary_rate_m_per_year":-1.9,"dashboard_rate_class":"RETREAT","dashboard_classification_note":"Display convention only; source numeric value is preserved. Not an official DMCR class.","published_period":"1990-2019","published_dataset":"Shoreline ThaiCoast / Krabi_Points"},"geometry":{"type":"Point","coordinates":[98.92615213143672,8.028608753207067]}},{"type":"Feature","id":508,"properties":{"OBJECTID":911,"TransectID":936,"BaselineID":17,"GroupID":1,"TransOrder":936,"Azimuth":19.14,"ShrCount":13,"TCD":663758.96,"SHAPE_Leng":499.999999997,"SCE":110.24,"NSM":44.14,"EPR":1.7,"EPRunc":1.63,"LRR":1.13,"LR2":0.13,"LSE":28.64,"LCI90":1.55,"WLR":1.13,"WR2":0.13,"WSE":0.95,"WCI90":1.55,"Shape_Le_1":499.999995356,"ORIG_FID":583,"txt_OBJECTID_1":"583","txt_OBJECTID":"911","txt_TransectID":"936","txt_BaselineID":"17","txt_GroupID":"1","txt_TransOrder":"936","txt_Azimuth":"19.140000000000001","txt_ShrCount":"13","txt_TCD":"663758.959999999962747","txt_SHAPE_Leng":"499.999999996999975","txt_SCE":"110.239999999999995","txt_NSM":"44.140000000000001","txt_EPR":"1.700000000000000","txt_EPRunc":"1.630000000000000","txt_LRR":"1.130000000000000","txt_LR2":"0.130000000000000","txt_LSE":"28.640000000000001","txt_LCI90":"1.550000000000000","txt_WLR":"1.130000000000000","txt_WR2":"0.130000000000000","txt_WSE":"0.950000000000000","txt_WCI90":"1.550000000000000","txt_Shape_Length":"499.999995356030865","source_feature_index":508,"published_primary_rate_field":"LRR","published_primary_rate_m_per_year":1.13,"dashboard_rate_class":"ACCRETION","dashboard_classification_note":"Display convention only; source numeric value is preserved. Not an official DMCR class.","published_period":"1990-2019","published_dataset":"Shoreline ThaiCoast / Krabi_Points"},"geometry":{"type":"Point","coordinates":[98.92992450240241,8.025841461255471]}},{"type":"Feature","id":509,"properties":{"OBJECTID":913,"TransectID":938,"BaselineID":17,"GroupID":1,"TransOrder":938,"Azimuth":60.61,"ShrCount":16,"TCD":664758.96,"SHAPE_Leng":500.000000002,"SCE":94.86,"NSM":36.49,"EPR":1.4,"EPRunc":1.63,"LRR":2.39,"LR2":0.55,"LSE":20.07,"LCI90":1.02,"WLR":2.39,"WR2":0.55,"WSE":0.67,"WCI90":1.02,"Shape_Le_1":500.00002544,"ORIG_FID":584,"txt_OBJECTID_1":"584","txt_OBJECTID":"913","txt_TransectID":"938","txt_BaselineID":"17","txt_GroupID":"1","txt_TransOrder":"938","txt_Azimuth":"60.609999999999999","txt_ShrCount":"16","txt_TCD":"664758.959999999962747","txt_SHAPE_Leng":"500.000000001999979","txt_SCE":"94.859999999999999","txt_NSM":"36.490000000000002","txt_EPR":"1.400000000000000","txt_EPRunc":"1.630000000000000","txt_LRR":"2.390000000000000","txt_LR2":"0.550000000000000","txt_LSE":"20.070000000000000","txt_LCI90":"1.020000000000000","txt_WLR":"2.390000000000000","txt_WR2":"0.550000000000000","txt_WSE":"0.670000000000000","txt_WCI90":"1.020000000000000","txt_Shape_Length":"500.000025440063268","source_feature_index":509,"published_primary_rate_field":"LRR","published_primary_rate_m_per_year":2.39,"dashboard_rate_class":"STRONG_ACCRETION","dashboard_classification_note":"Display convention only; source numeric value is preserved. Not an official DMCR class.","published_period":"1990-2019","published_dataset":"Shoreline ThaiCoast / Krabi_Points"},"geometry":{"type":"Point","coordinates":[98.9335398389623,8.02333065546165]}},{"type":"Feature","id":510,"properties":{"OBJECTID":914,"TransectID":939,"BaselineID":17,"GroupID":1,"TransOrder":939,"Azimuth":46.56,"ShrCount":15,"TCD":665258.96,"SHAPE_Leng":499.999999999,"SCE":89.6,"NSM":-72.83,"EPR":-2.8,"EPRunc":1.63,"LRR":-3.3,"LR2":0.77,"LSE":17.27,"LCI90":0.89,"WLR":-3.3,"WR2":0.77,"WSE":0.58,"WCI90":0.89,"Shape_Le_1":500.00000762,"ORIG_FID":585,"txt_OBJECTID_1":"585","txt_OBJECTID":"914","txt_TransectID":"939","txt_BaselineID":"17","txt_GroupID":"1","txt_TransOrder":"939","txt_Azimuth":"46.560000000000002","txt_ShrCount":"15","txt_TCD":"665258.959999999962747","txt_SHAPE_Leng":"499.999999999000011","txt_SCE":"89.599999999999994","txt_NSM":"-72.829999999999998","txt_EPR":"-2.800000000000000","txt_EPRunc":"1.630000000000000","txt_LRR":"-3.300000000000000","txt_LR2":"0.770000000000000","txt_LSE":"17.270000000000000","txt_LCI90":"0.890000000000000","txt_WLR":"-3.300000000000000","txt_WR2":"0.770000000000000","txt_WSE":"0.580000000000000","txt_WCI90":"0.890000000000000","txt_Shape_Length":"500.000007620478016","source_feature_index":510,"published_primary_rate_field":"LRR","published_primary_rate_m_per_year":-3.3,"dashboard_rate_class":"STRONG_RETREAT","dashboard_classification_note":"Display convention only; source numeric value is preserved. Not an official DMCR class.","published_period":"1990-2019","published_dataset":"Shoreline ThaiCoast / Krabi_Points"},"geometry":{"type":"Point","coordinates":[98.9365019639392,8.019436097751985]}},{"type":"Feature","id":511,"properties":{"OBJECTID":915,"TransectID":940,"BaselineID":17,"GroupID":1,"TransOrder":940,"Azimuth":44.31,"ShrCount":15,"TCD":665758.96,"SHAPE_Leng":500.000000002,"SCE":101.8,"NSM":-81.09,"EPR":-3.12,"EPRunc":1.63,"LRR":-3.15,"LR2":0.74,"LSE":18.17,"LCI90":0.93,"WLR":-3.15,"WR2":0.74,"WSE":0.61,"WCI90":0.93,"Shape_Le_1":499.999977436,"ORIG_FID":586,"txt_OBJECTID_1":"586","txt_OBJECTID":"915","txt_TransectID":"940","txt_BaselineID":"17","txt_GroupID":"1","txt_TransOrder":"940","txt_Azimuth":"44.310000000000002","txt_ShrCount":"15","txt_TCD":"665758.959999999962747","txt_SHAPE_Leng":"500.000000001999979","txt_SCE":"101.799999999999997","txt_NSM":"-81.090000000000003","txt_EPR":"-3.120000000000000","txt_EPRunc":"1.630000000000000","txt_LRR":"-3.150000000000000","txt_LR2":"0.740000000000000","txt_LSE":"18.170000000000002","txt_LCI90":"0.930000000000000","txt_WLR":"-3.150000000000000","txt_WR2":"0.740000000000000","txt_WSE":"0.610000000000000","txt_WCI90":"0.930000000000000","txt_Shape_Length":"499.999977435779556","source_feature_index":511,"published_primary_rate_field":"LRR","published_primary_rate_m_per_year":-3.15,"dashboard_rate_class":"STRONG_RETREAT","dashboard_classification_note":"Display convention only; source numeric value is preserved. Not an official DMCR class.","published_period":"1990-2019","published_dataset":"Shoreline ThaiCoast / Krabi_Points"},"geometry":{"type":"Point","coordinates":[98.93996957377108,8.016469390964536]}},{"type":"Feature","id":512,"properties":{"OBJECTID":916,"TransectID":941,"BaselineID":17,"GroupID":1,"TransOrder":941,"Azimuth":47.41,"ShrCount":14,"TCD":666258.96,"SHAPE_Leng":499.999999999,"SCE":91.27,"NSM":-81.28,"EPR":-4.12,"EPRunc":2.15,"LRR":-4.0,"LR2":0.83,"LSE":14.07,"LCI90":0.94,"WLR":-4.0,"WR2":0.83,"WSE":0.47,"WCI90":0.94,"Shape_Le_1":499.999956728,"ORIG_FID":587,"txt_OBJECTID_1":"587","txt_OBJECTID":"916","txt_TransectID":"941","txt_BaselineID":"17","txt_GroupID":"1","txt_TransOrder":"941","txt_Azimuth":"47.409999999999997","txt_ShrCount":"14","txt_TCD":"666258.959999999962747","txt_SHAPE_Leng":"499.999999999000011","txt_SCE":"91.269999999999996","txt_NSM":"-81.280000000000001","txt_EPR":"-4.120000000000000","txt_EPRunc":"2.150000000000000","txt_LRR":"-4.000000000000000","txt_LR2":"0.830000000000000","txt_LSE":"14.070000000000000","txt_LCI90":"0.940000000000000","txt_WLR":"-4.000000000000000","txt_WR2":"0.830000000000000","txt_WSE":"0.470000000000000","txt_WCI90":"0.940000000000000","txt_Shape_Length":"499.999956728430732","source_feature_index":512,"published_primary_rate_field":"LRR","published_primary_rate_m_per_year":-4.0,"dashboard_rate_class":"STRONG_RETREAT","dashboard_classification_note":"Display convention only; source numeric value is preserved. Not an official DMCR class.","published_period":"1990-2019","published_dataset":"Shoreline ThaiCoast / Krabi_Points"},"geometry":{"type":"Point","coordinates":[98.94287515634471,8.013239532768592]}},{"type":"Feature","id":513,"properties":{"OBJECTID":917,"TransectID":942,"BaselineID":17,"GroupID":1,"TransOrder":942,"Azimuth":52.07,"ShrCount":15,"TCD":666758.96,"SHAPE_Leng":500.000000001,"SCE":80.94,"NSM":-41.25,"EPR":-1.59,"EPRunc":1.63,"LRR":-1.9,"LR2":0.55,"LSE":16.35,"LCI90":0.84,"WLR":-1.9,"WR2":0.55,"WSE":0.54,"WCI90":0.84,"Shape_Le_1":499.99997738,"ORIG_FID":588,"txt_OBJECTID_1":"588","txt_OBJECTID":"917","txt_TransectID":"942","txt_BaselineID":"17","txt_GroupID":"1","txt_TransOrder":"942","txt_Azimuth":"52.070000000000000","txt_ShrCount":"15","txt_TCD":"666758.959999999962747","txt_SHAPE_Leng":"500.000000000999989","txt_SCE":"80.939999999999998","txt_NSM":"-41.250000000000000","txt_EPR":"-1.590000000000000","txt_EPRunc":"1.630000000000000","txt_LRR":"-1.900000000000000","txt_LR2":"0.550000000000000","txt_LSE":"16.350000000000001","txt_LCI90":"0.840000000000000","txt_WLR":"-1.900000000000000","txt_WR2":"0.550000000000000","txt_WSE":"0.540000000000000","txt_WCI90":"0.840000000000000","txt_Shape_Length":"499.999977380067264","source_feature_index":513,"published_primary_rate_field":"LRR","published_primary_rate_m_per_year":-1.9,"dashboard_rate_class":"RETREAT","dashboard_classification_note":"Display convention only; source numeric value is preserved. Not an official DMCR class.","published_period":"1990-2019","published_dataset":"Shoreline ThaiCoast / Krabi_Points"},"geometry":{"type":"Point","coordinates":[98.94579049327412,8.010164114941793]}},{"type":"Feature","id":514,"properties":{"OBJECTID":918,"TransectID":943,"BaselineID":17,"GroupID":1,"TransOrder":943,"Azimuth":11.27,"ShrCount":15,"TCD":667258.96,"SHAPE_Leng":499.999999998,"SCE":78.51,"NSM":-48.09,"EPR":-1.85,"EPRunc":1.63,"LRR":-2.11,"LR2":0.53,"LSE":19.23,"LCI90":0.98,"WLR":-2.11,"WR2":0.53,"WSE":0.64,"WCI90":0.98,"Shape_Le_1":499.999987519,"ORIG_FID":589,"txt_OBJECTID_1":"589","txt_OBJECTID":"918","txt_TransectID":"943","txt_BaselineID":"17","txt_GroupID":"1","txt_TransOrder":"943","txt_Azimuth":"11.270000000000000","txt_ShrCount":"15","txt_TCD":"667258.959999999962747","txt_SHAPE_Leng":"499.999999998000021","txt_SCE":"78.510000000000005","txt_NSM":"-48.090000000000003","txt_EPR":"-1.850000000000000","txt_EPRunc":"1.630000000000000","txt_LRR":"-2.110000000000000","txt_LR2":"0.530000000000000","txt_LSE":"19.230000000000000","txt_LCI90":"0.980000000000000","txt_WLR":"-2.110000000000000","txt_WR2":"0.530000000000000","txt_WSE":"0.640000000000000","txt_WCI90":"0.980000000000000","txt_Shape_Length":"499.999987519154843","source_feature_index":514,"published_primary_rate_field":"LRR","published_primary_rate_m_per_year":-2.11,"dashboard_rate_class":"STRONG_RETREAT","dashboard_classification_note":"Display convention only; source numeric value is preserved. Not an official DMCR class.","published_period":"1990-2019","published_dataset":"Shoreline ThaiCoast / Krabi_Points"},"geometry":{"type":"Point","coordinates":[98.94954614664853,8.005591711336308]}},{"type":"Feature","id":515,"properties":{"OBJECTID":919,"TransectID":944,"BaselineID":17,"GroupID":1,"TransOrder":944,"Azimuth":278.74,"ShrCount":15,"TCD":667758.96,"SHAPE_Leng":499.999999999,"SCE":111.67,"NSM":-8.92,"EPR":-0.34,"EPRunc":1.63,"LRR":-0.65,"LR2":0.03,"LSE":35.21,"LCI90":1.8,"WLR":-0.65,"WR2":0.03,"WSE":1.17,"WCI90":1.8,"Shape_Le_1":500.00004842,"ORIG_FID":590,"txt_OBJECTID_1":"590","txt_OBJECTID":"919","txt_TransectID":"944","txt_BaselineID":"17","txt_GroupID":"1","txt_TransOrder":"944","txt_Azimuth":"278.740000000000009","txt_ShrCount":"15","txt_TCD":"667758.959999999962747","txt_SHAPE_Leng":"499.999999999000011","txt_SCE":"111.670000000000002","txt_NSM":"-8.920000000000000","txt_EPR":"-0.340000000000000","txt_EPRunc":"1.630000000000000","txt_LRR":"-0.650000000000000","txt_LR2":"0.030000000000000","txt_LSE":"35.210000000000001","txt_LCI90":"1.800000000000000","txt_WLR":"-0.650000000000000","txt_WR2":"0.030000000000000","txt_WSE":"1.170000000000000","txt_WCI90":"1.800000000000000","txt_Shape_Length":"500.000048420253847","source_feature_index":515,"published_primary_rate_field":"LRR","published_primary_rate_m_per_year":-0.65,"dashboard_rate_class":"RETREAT","dashboard_classification_note":"Display convention only; source numeric value is preserved. Not an official DMCR class.","published_period":"1990-2019","published_dataset":"Shoreline ThaiCoast / Krabi_Points"},"geometry":{"type":"Point","coordinates":[98.95350701214768,8.010479852742973]}},{"type":"Feature","id":516,"properties":{"OBJECTID":925,"TransectID":950,"BaselineID":18,"GroupID":1,"TransOrder":950,"Azimuth":83.84,"ShrCount":3,"TCD":714531.68,"SHAPE_Leng":499.999999998,"SCE":23.11,"NSM":18.53,"EPR":10.67,"EPRunc":24.42,"LRR":9.39,"LR2":0.45,"LSE":12.83,"LCI90":65.43,"WLR":9.39,"WR2":0.45,"WSE":0.43,"WCI90":65.43,"Shape_Le_1":500.000022229,"ORIG_FID":591,"txt_OBJECTID_1":"591","txt_OBJECTID":"925","txt_TransectID":"950","txt_BaselineID":"18","txt_GroupID":"1","txt_TransOrder":"950","txt_Azimuth":"83.840000000000003","txt_ShrCount":"3","txt_TCD":"714531.680000000051223","txt_SHAPE_Leng":"499.999999998000021","txt_SCE":"23.109999999999999","txt_NSM":"18.530000000000001","txt_EPR":"10.670000000000000","txt_EPRunc":"24.420000000000002","txt_LRR":"9.390000000000001","txt_LR2":"0.450000000000000","txt_LSE":"12.830000000000000","txt_LCI90":"65.430000000000007","txt_WLR":"9.390000000000001","txt_WR2":"0.450000000000000","txt_WSE":"0.430000000000000","txt_WCI90":"65.430000000000007","txt_Shape_Length":"500.000022228973933","source_feature_index":516,"published_primary_rate_field":"LRR","published_primary_rate_m_per_year":9.39,"dashboard_rate_class":"STRONG_ACCRETION","dashboard_classification_note":"Display convention only; source numeric value is preserved. Not an official DMCR class.","published_period":"1990-2019","published_dataset":"Shoreline ThaiCoast / Krabi_Points"},"geometry":{"type":"Point","coordinates":[99.18916806447349,7.700029086191023]}},{"type":"Feature","id":517,"properties":{"OBJECTID":926,"TransectID":951,"BaselineID":18,"GroupID":1,"TransOrder":951,"Azimuth":62.1,"ShrCount":3,"TCD":715031.68,"SHAPE_Leng":500.0,"SCE":36.38,"NSM":36.38,"EPR":20.94,"EPRunc":24.42,"LRR":21.68,"LR2":0.93,"LSE":7.39,"LCI90":37.68,"WLR":21.68,"WR2":0.93,"WSE":0.25,"WCI90":37.68,"Shape_Le_1":500.000014727,"ORIG_FID":592,"txt_OBJECTID_1":"592","txt_OBJECTID":"926","txt_TransectID":"951","txt_BaselineID":"18","txt_GroupID":"1","txt_TransOrder":"951","txt_Azimuth":"62.100000000000001","txt_ShrCount":"3","txt_TCD":"715031.680000000051223","txt_SHAPE_Leng":"500.000000000000000","txt_SCE":"36.380000000000003","txt_NSM":"36.380000000000003","txt_EPR":"20.940000000000001","txt_EPRunc":"24.420000000000002","txt_LRR":"21.680000000000000","txt_LR2":"0.930000000000000","txt_LSE":"7.390000000000000","txt_LCI90":"37.680000000000000","txt_WLR":"21.680000000000000","txt_WR2":"0.930000000000000","txt_WSE":"0.250000000000000","txt_WCI90":"37.680000000000000","txt_Shape_Length":"500.000014727267910","source_feature_index":517,"published_primary_rate_field":"LRR","published_primary_rate_m_per_year":21.68,"dashboard_rate_class":"STRONG_ACCRETION","dashboard_classification_note":"Display convention only; source numeric value is preserved. Not an official DMCR class.","published_period":"1990-2019","published_dataset":"Shoreline ThaiCoast / Krabi_Points"},"geometry":{"type":"Point","coordinates":[99.1915021955332,7.695825381034172]}},{"type":"Feature","id":518,"properties":{"OBJECTID":927,"TransectID":952,"BaselineID":18,"GroupID":1,"TransOrder":952,"Azimuth":19.78,"ShrCount":2,"TCD":715531.68,"SHAPE_Leng":499.999999997,"SCE":38.34,"NSM":38.34,"EPR":56.18,"EPRunc":62.17,"LRR":0.0,"LR2":0.0,"LSE":0.0,"LCI90":0.0,"WLR":0.0,"WR2":0.0,"WSE":0.0,"WCI90":0.0,"Shape_Le_1":500.000029101,"ORIG_FID":593,"txt_OBJECTID_1":"593","txt_OBJECTID":"927","txt_TransectID":"952","txt_BaselineID":"18","txt_GroupID":"1","txt_TransOrder":"952","txt_Azimuth":"19.780000000000001","txt_ShrCount":"2","txt_TCD":"715531.680000000051223","txt_SHAPE_Leng":"499.999999996999975","txt_SCE":"38.340000000000003","txt_NSM":"38.340000000000003","txt_EPR":"56.180000000000000","txt_EPRunc":"62.170000000000002","txt_LRR":"0.000000000000000","txt_LR2":"0.000000000000000","txt_LSE":"0.000000000000000","txt_LCI90":"0.000000000000000","txt_WLR":"0.000000000000000","txt_WR2":"0.000000000000000","txt_WSE":"0.000000000000000","txt_WCI90":"0.000000000000000","txt_Shape_Length":"500.000029100799338","source_feature_index":518,"published_primary_rate_field":"LRR","published_primary_rate_m_per_year":0.0,"dashboard_rate_class":"RELATIVELY_STABLE","dashboard_classification_note":"Display convention only; source numeric value is preserved. Not an official DMCR class.","published_period":"1990-2019","published_dataset":"Shoreline ThaiCoast / Krabi_Points"},"geometry":{"type":"Point","coordinates":[99.19407718217069,7.691686348946402]}},{"type":"Feature","id":519,"properties":{"OBJECTID":928,"TransectID":953,"BaselineID":18,"GroupID":1,"TransOrder":953,"Azimuth":313.4,"ShrCount":3,"TCD":716031.68,"SHAPE_Leng":499.999999998,"SCE":3.6,"NSM":3.28,"EPR":1.89,"EPRunc":24.42,"LRR":2.02,"LR2":0.79,"LSE":1.3,"LCI90":6.65,"WLR":2.02,"WR2":0.79,"WSE":0.04,"WCI90":6.65,"Shape_Le_1":499.999976469,"ORIG_FID":594,"txt_OBJECTID_1":"594","txt_OBJECTID":"928","txt_TransectID":"953","txt_BaselineID":"18","txt_GroupID":"1","txt_TransOrder":"953","txt_Azimuth":"313.399999999999977","txt_ShrCount":"3","txt_TCD":"716031.680000000051223","txt_SHAPE_Leng":"499.999999998000021","txt_SCE":"3.600000000000000","txt_NSM":"3.280000000000000","txt_EPR":"1.890000000000000","txt_EPRunc":"24.420000000000002","txt_LRR":"2.020000000000000","txt_LR2":"0.790000000000000","txt_LSE":"1.300000000000000","txt_LCI90":"6.650000000000000","txt_WLR":"2.020000000000000","txt_WR2":"0.790000000000000","txt_WSE":"0.040000000000000","txt_WCI90":"6.650000000000000","txt_Shape_Length":"499.999976469325986","source_feature_index":519,"published_primary_rate_field":"LRR","published_primary_rate_m_per_year":2.02,"dashboard_rate_class":"STRONG_ACCRETION","dashboard_classification_note":"Display convention only; source numeric value is preserved. Not an official DMCR class.","published_period":"1990-2019","published_dataset":"Shoreline ThaiCoast / Krabi_Points"},"geometry":{"type":"Point","coordinates":[99.19966653361297,7.693706138944155]}},{"type":"Feature","id":520,"properties":{"OBJECTID":936,"TransectID":961,"BaselineID":18,"GroupID":1,"TransOrder":961,"Azimuth":63.68,"ShrCount":3,"TCD":720031.68,"SHAPE_Leng":500.000000003,"SCE":43.22,"NSM":-20.52,"EPR":-2.73,"EPRunc":5.65,"LRR":-4.19,"LR2":0.65,"LSE":18.14,"LCI90":19.51,"WLR":-4.19,"WR2":0.65,"WSE":0.6,"WCI90":19.51,"Shape_Le_1":500.000018791,"ORIG_FID":595,"txt_OBJECTID_1":"595","txt_OBJECTID":"936","txt_TransectID":"961","txt_BaselineID":"18","txt_GroupID":"1","txt_TransOrder":"961","txt_Azimuth":"63.680000000000000","txt_ShrCount":"3","txt_TCD":"720031.680000000051223","txt_SHAPE_Leng":"500.000000003000025","txt_SCE":"43.219999999999999","txt_NSM":"-20.520000000000000","txt_EPR":"-2.730000000000000","txt_EPRunc":"5.650000000000000","txt_LRR":"-4.190000000000000","txt_LR2":"0.650000000000000","txt_LSE":"18.140000000000001","txt_LCI90":"19.510000000000002","txt_WLR":"-4.190000000000000","txt_WR2":"0.650000000000000","txt_WSE":"0.600000000000000","txt_WCI90":"19.510000000000002","txt_Shape_Length":"500.000018791267792","source_feature_index":520,"published_primary_rate_field":"LRR","published_primary_rate_m_per_year":-4.19,"dashboard_rate_class":"STRONG_RETREAT","dashboard_classification_note":"Display convention only; source numeric value is preserved. Not an official DMCR class.","published_period":"1990-2019","published_dataset":"Shoreline ThaiCoast / Krabi_Points"},"geometry":{"type":"Point","coordinates":[99.20461660681708,7.691767352088792]}},{"type":"Feature","id":521,"properties":{"OBJECTID":937,"TransectID":963,"BaselineID":18,"GroupID":1,"TransOrder":963,"Azimuth":113.35,"ShrCount":2,"TCD":721031.68,"SHAPE_Leng":500.000000001,"SCE":39.88,"NSM":-39.88,"EPR":-5.84,"EPRunc":6.22,"LRR":0.0,"LR2":0.0,"LSE":0.0,"LCI90":0.0,"WLR":0.0,"WR2":0.0,"WSE":0.0,"WCI90":0.0,"Shape_Le_1":500.000033843,"ORIG_FID":596,"txt_OBJECTID_1":"596","txt_OBJECTID":"937","txt_TransectID":"963","txt_BaselineID":"18","txt_GroupID":"1","txt_TransOrder":"963","txt_Azimuth":"113.349999999999994","txt_ShrCount":"2","txt_TCD":"721031.680000000051223","txt_SHAPE_Leng":"500.000000000999989","txt_SCE":"39.880000000000003","txt_NSM":"-39.880000000000003","txt_EPR":"-5.840000000000000","txt_EPRunc":"6.220000000000000","txt_LRR":"0.000000000000000","txt_LR2":"0.000000000000000","txt_LSE":"0.000000000000000","txt_LCI90":"0.000000000000000","txt_WLR":"0.000000000000000","txt_WR2":"0.000000000000000","txt_WSE":"0.000000000000000","txt_WCI90":"0.000000000000000","txt_Shape_Length":"500.000033842831954","source_feature_index":521,"published_primary_rate_field":"LRR","published_primary_rate_m_per_year":0.0,"dashboard_rate_class":"RELATIVELY_STABLE","dashboard_classification_note":"Display convention only; source numeric value is preserved. Not an official DMCR class.","published_period":"1990-2019","published_dataset":"Shoreline ThaiCoast / Krabi_Points"},"geometry":{"type":"Point","coordinates":[99.20587218456312,7.687747677559909]}},{"type":"Feature","id":522,"properties":{"OBJECTID":938,"TransectID":964,"BaselineID":18,"GroupID":1,"TransOrder":964,"Azimuth":119.13,"ShrCount":2,"TCD":721531.68,"SHAPE_Leng":500.000000001,"SCE":49.41,"NSM":-49.41,"EPR":-7.24,"EPRunc":6.22,"LRR":0.0,"LR2":0.0,"LSE":0.0,"LCI90":0.0,"WLR":0.0,"WR2":0.0,"WSE":0.0,"WCI90":0.0,"Shape_Le_1":500.000008805,"ORIG_FID":597,"txt_OBJECTID_1":"597","txt_OBJECTID":"938","txt_TransectID":"964","txt_BaselineID":"18","txt_GroupID":"1","txt_TransOrder":"964","txt_Azimuth":"119.129999999999995","txt_ShrCount":"2","txt_TCD":"721531.680000000051223","txt_SHAPE_Leng":"500.000000000999989","txt_SCE":"49.409999999999997","txt_NSM":"-49.409999999999997","txt_EPR":"-7.240000000000000","txt_EPRunc":"6.220000000000000","txt_LRR":"0.000000000000000","txt_LR2":"0.000000000000000","txt_LSE":"0.000000000000000","txt_LCI90":"0.000000000000000","txt_WLR":"0.000000000000000","txt_WR2":"0.000000000000000","txt_WSE":"0.000000000000000","txt_WCI90":"0.000000000000000","txt_Shape_Length":"500.000008804798995","source_feature_index":522,"published_primary_rate_field":"LRR","published_primary_rate_m_per_year":0.0,"dashboard_rate_class":"RELATIVELY_STABLE","dashboard_classification_note":"Display convention only; source numeric value is preserved. Not an official DMCR class.","published_period":"1990-2019","published_dataset":"Shoreline ThaiCoast / Krabi_Points"},"geometry":{"type":"Point","coordinates":[99.20390246747708,7.684325369611897]}},{"type":"Feature","id":523,"properties":{"OBJECTID":939,"TransectID":965,"BaselineID":18,"GroupID":1,"TransOrder":965,"Azimuth":133.27,"ShrCount":4,"TCD":722031.68,"SHAPE_Leng":500.000000002,"SCE":39.97,"NSM":-37.03,"EPR":-4.33,"EPRunc":4.96,"LRR":-2.73,"LR2":0.32,"LSE":19.1,"LCI90":8.3,"WLR":-2.73,"WR2":0.32,"WSE":0.64,"WCI90":8.3,"Shape_Le_1":500.000007745,"ORIG_FID":598,"txt_OBJECTID_1":"598","txt_OBJECTID":"939","txt_TransectID":"965","txt_BaselineID":"18","txt_GroupID":"1","txt_TransOrder":"965","txt_Azimuth":"133.270000000000010","txt_ShrCount":"4","txt_TCD":"722031.680000000051223","txt_SHAPE_Leng":"500.000000001999979","txt_SCE":"39.969999999999999","txt_NSM":"-37.030000000000001","txt_EPR":"-4.330000000000000","txt_EPRunc":"4.960000000000000","txt_LRR":"-2.730000000000000","txt_LR2":"0.320000000000000","txt_LSE":"19.100000000000001","txt_LCI90":"8.300000000000001","txt_WLR":"-2.730000000000000","txt_WR2":"0.320000000000000","txt_WSE":"0.640000000000000","txt_WCI90":"8.300000000000001","txt_Shape_Length":"500.000007744508650","source_feature_index":523,"published_primary_rate_field":"LRR","published_primary_rate_m_per_year":-2.73,"dashboard_rate_class":"STRONG_RETREAT","dashboard_classification_note":"Display convention only; source numeric value is preserved. Not an official DMCR class.","published_period":"1990-2019","published_dataset":"Shoreline ThaiCoast / Krabi_Points"},"geometry":{"type":"Point","coordinates":[99.20215975672788,7.680992228586704]}},{"type":"Feature","id":524,"properties":{"OBJECTID":940,"TransectID":966,"BaselineID":18,"GroupID":1,"TransOrder":966,"Azimuth":141.84,"ShrCount":4,"TCD":722531.68,"SHAPE_Leng":499.999999996,"SCE":26.33,"NSM":15.8,"EPR":1.85,"EPRunc":4.96,"LRR":2.6,"LR2":0.73,"LSE":7.47,"LCI90":3.24,"WLR":2.6,"WR2":0.73,"WSE":0.25,"WCI90":3.24,"Shape_Le_1":499.999984213,"ORIG_FID":599,"txt_OBJECTID_1":"599","txt_OBJECTID":"940","txt_TransectID":"966","txt_BaselineID":"18","txt_GroupID":"1","txt_TransOrder":"966","txt_Azimuth":"141.840000000000003","txt_ShrCount":"4","txt_TCD":"722531.680000000051223","txt_SHAPE_Leng":"499.999999995999985","txt_SCE":"26.329999999999998","txt_NSM":"15.800000000000001","txt_EPR":"1.850000000000000","txt_EPRunc":"4.960000000000000","txt_LRR":"2.600000000000000","txt_LR2":"0.730000000000000","txt_LSE":"7.470000000000000","txt_LCI90":"3.240000000000000","txt_WLR":"2.600000000000000","txt_WR2":"0.730000000000000","txt_WSE":"0.250000000000000","txt_WCI90":"3.240000000000000","txt_Shape_Length":"499.999984213228799","source_feature_index":524,"published_primary_rate_field":"LRR","published_primary_rate_m_per_year":2.6,"dashboard_rate_class":"STRONG_ACCRETION","dashboard_classification_note":"Display convention only; source numeric value is preserved. Not an official DMCR class.","published_period":"1990-2019","published_dataset":"Shoreline ThaiCoast / Krabi_Points"},"geometry":{"type":"Point","coordinates":[99.19874099222537,7.678924359948398]}},{"type":"Feature","id":525,"properties":{"OBJECTID":941,"TransectID":967,"BaselineID":18,"GroupID":1,"TransOrder":967,"Azimuth":101.18,"ShrCount":4,"TCD":723031.68,"SHAPE_Leng":499.999999999,"SCE":49.97,"NSM":39.36,"EPR":4.6,"EPRunc":4.96,"LRR":5.25,"LR2":0.89,"LSE":8.65,"LCI90":3.76,"WLR":5.25,"WR2":0.89,"WSE":0.29,"WCI90":3.76,"Shape_Le_1":499.99997961,"ORIG_FID":600,"txt_OBJECTID_1":"600","txt_OBJECTID":"941","txt_TransectID":"967","txt_BaselineID":"18","txt_GroupID":"1","txt_TransOrder":"967","txt_Azimuth":"101.180000000000007","txt_ShrCount":"4","txt_TCD":"723031.680000000051223","txt_SHAPE_Leng":"499.999999999000011","txt_SCE":"49.969999999999999","txt_NSM":"39.359999999999999","txt_EPR":"4.600000000000000","txt_EPRunc":"4.960000000000000","txt_LRR":"5.250000000000000","txt_LR2":"0.890000000000000","txt_LSE":"8.650000000000000","txt_LCI90":"3.760000000000000","txt_WLR":"5.250000000000000","txt_WR2":"0.890000000000000","txt_WSE":"0.290000000000000","txt_WCI90":"3.760000000000000","txt_Shape_Length":"499.999979610157425","source_feature_index":525,"published_primary_rate_field":"LRR","published_primary_rate_m_per_year":5.25,"dashboard_rate_class":"STRONG_ACCRETION","dashboard_classification_note":"Display convention only; source numeric value is preserved. Not an official DMCR class.","published_period":"1990-2019","published_dataset":"Shoreline ThaiCoast / Krabi_Points"},"geometry":{"type":"Point","coordinates":[99.19506296920503,7.674772133789059]}},{"type":"Feature","id":526,"properties":{"OBJECTID":942,"TransectID":968,"BaselineID":18,"GroupID":1,"TransOrder":968,"Azimuth":33.29,"ShrCount":4,"TCD":723531.68,"SHAPE_Leng":499.999999996,"SCE":73.21,"NSM":-56.58,"EPR":-6.61,"EPRunc":4.96,"LRR":-7.63,"LR2":0.85,"LSE":15.49,"LCI90":6.72,"WLR":-7.63,"WR2":0.85,"WSE":0.52,"WCI90":6.72,"Shape_Le_1":499.999950722,"ORIG_FID":601,"txt_OBJECTID_1":"601","txt_OBJECTID":"942","txt_TransectID":"968","txt_BaselineID":"18","txt_GroupID":"1","txt_TransOrder":"968","txt_Azimuth":"33.289999999999999","txt_ShrCount":"4","txt_TCD":"723531.680000000051223","txt_SHAPE_Leng":"499.999999995999985","txt_SCE":"73.209999999999994","txt_NSM":"-56.579999999999998","txt_EPR":"-6.610000000000000","txt_EPRunc":"4.960000000000000","txt_LRR":"-7.630000000000000","txt_LR2":"0.850000000000000","txt_LSE":"15.490000000000000","txt_LCI90":"6.720000000000000","txt_WLR":"-7.630000000000000","txt_WR2":"0.850000000000000","txt_WSE":"0.520000000000000","txt_WCI90":"6.720000000000000","txt_Shape_Length":"499.999950721851405","source_feature_index":526,"published_primary_rate_field":"LRR","published_primary_rate_m_per_year":-7.63,"dashboard_rate_class":"STRONG_RETREAT","dashboard_classification_note":"Display convention only; source numeric value is preserved. Not an official DMCR class.","published_period":"1990-2019","published_dataset":"Shoreline ThaiCoast / Krabi_Points"},"geometry":{"type":"Point","coordinates":[99.1976971475998,7.669222371923755]}},{"type":"Feature","id":527,"properties":{"OBJECTID":943,"TransectID":969,"BaselineID":18,"GroupID":1,"TransOrder":969,"Azimuth":337.7,"ShrCount":4,"TCD":724031.68,"SHAPE_Leng":500.000000002,"SCE":79.68,"NSM":-66.99,"EPR":-7.82,"EPRunc":4.96,"LRR":-9.08,"LR2":0.9,"LSE":14.57,"LCI90":6.33,"WLR":-9.08,"WR2":0.9,"WSE":0.49,"WCI90":6.33,"Shape_Le_1":499.999993922,"ORIG_FID":602,"txt_OBJECTID_1":"602","txt_OBJECTID":"943","txt_TransectID":"969","txt_BaselineID":"18","txt_GroupID":"1","txt_TransOrder":"969","txt_Azimuth":"337.699999999999989","txt_ShrCount":"4","txt_TCD":"724031.680000000051223","txt_SHAPE_Leng":"500.000000001999979","txt_SCE":"79.680000000000007","txt_NSM":"-66.989999999999995","txt_EPR":"-7.820000000000000","txt_EPRunc":"4.960000000000000","txt_LRR":"-9.080000000000000","txt_LR2":"0.900000000000000","txt_LSE":"14.570000000000000","txt_LCI90":"6.330000000000000","txt_WLR":"-9.080000000000000","txt_WR2":"0.900000000000000","txt_WSE":"0.490000000000000","txt_WCI90":"6.330000000000000","txt_Shape_Length":"499.999993921721796","source_feature_index":527,"published_primary_rate_field":"LRR","published_primary_rate_m_per_year":-9.08,"dashboard_rate_class":"STRONG_RETREAT","dashboard_classification_note":"Display convention only; source numeric value is preserved. Not an official DMCR class.","published_period":"1990-2019","published_dataset":"Shoreline ThaiCoast / Krabi_Points"},"geometry":{"type":"Point","coordinates":[99.20382697784953,7.668514168583605]}},{"type":"Feature","id":528,"properties":{"OBJECTID":944,"TransectID":970,"BaselineID":18,"GroupID":1,"TransOrder":970,"Azimuth":306.44,"ShrCount":4,"TCD":724531.68,"SHAPE_Leng":500.000000001,"SCE":24.32,"NSM":-19.83,"EPR":-2.32,"EPRunc":4.96,"LRR":-2.37,"LR2":0.67,"LSE":7.92,"LCI90":3.44,"WLR":-2.37,"WR2":0.67,"WSE":0.26,"WCI90":3.44,"Shape_Le_1":499.999948489,"ORIG_FID":603,"txt_OBJECTID_1":"603","txt_OBJECTID":"944","txt_TransectID":"970","txt_BaselineID":"18","txt_GroupID":"1","txt_TransOrder":"970","txt_Azimuth":"306.439999999999998","txt_ShrCount":"4","txt_TCD":"724531.680000000051223","txt_SHAPE_Leng":"500.000000000999989","txt_SCE":"24.320000000000000","txt_NSM":"-19.829999999999998","txt_EPR":"-2.320000000000000","txt_EPRunc":"4.960000000000000","txt_LRR":"-2.370000000000000","txt_LR2":"0.670000000000000","txt_LSE":"7.920000000000000","txt_LCI90":"3.440000000000000","txt_WLR":"-2.370000000000000","txt_WR2":"0.670000000000000","txt_WSE":"0.260000000000000","txt_WCI90":"3.440000000000000","txt_Shape_Length":"499.999948489348355","source_feature_index":528,"published_primary_rate_field":"LRR","published_primary_rate_m_per_year":-2.37,"dashboard_rate_class":"STRONG_RETREAT","dashboard_classification_note":"Display convention only; source numeric value is preserved. Not an official DMCR class.","published_period":"1990-2019","published_dataset":"Shoreline ThaiCoast / Krabi_Points"},"geometry":{"type":"Point","coordinates":[99.2068238756654,7.672243462567964]}},{"type":"Feature","id":529,"properties":{"OBJECTID":945,"TransectID":971,"BaselineID":18,"GroupID":1,"TransOrder":971,"Azimuth":317.3,"ShrCount":4,"TCD":725031.68,"SHAPE_Leng":500.000000001,"SCE":83.46,"NSM":-34.89,"EPR":-4.07,"EPRunc":4.96,"LRR":-6.48,"LR2":0.51,"LSE":30.43,"LCI90":13.21,"WLR":-6.48,"WR2":0.51,"WSE":1.01,"WCI90":13.21,"Shape_Le_1":500.00008749,"ORIG_FID":604,"txt_OBJECTID_1":"604","txt_OBJECTID":"945","txt_TransectID":"971","txt_BaselineID":"18","txt_GroupID":"1","txt_TransOrder":"971","txt_Azimuth":"317.300000000000011","txt_ShrCount":"4","txt_TCD":"725031.680000000051223","txt_SHAPE_Leng":"500.000000000999989","txt_SCE":"83.459999999999994","txt_NSM":"-34.890000000000001","txt_EPR":"-4.070000000000000","txt_EPRunc":"4.960000000000000","txt_LRR":"-6.480000000000000","txt_LR2":"0.510000000000000","txt_LSE":"30.430000000000000","txt_LCI90":"13.210000000000001","txt_WLR":"-6.480000000000000","txt_WR2":"0.510000000000000","txt_WSE":"1.010000000000000","txt_WCI90":"13.210000000000001","txt_Shape_Length":"500.000087489631937","source_feature_index":529,"published_primary_rate_field":"LRR","published_primary_rate_m_per_year":-6.48,"dashboard_rate_class":"STRONG_RETREAT","dashboard_classification_note":"Display convention only; source numeric value is preserved. Not an official DMCR class.","published_period":"1990-2019","published_dataset":"Shoreline ThaiCoast / Krabi_Points"},"geometry":{"type":"Point","coordinates":[99.20919681986744,7.6752786685449]}},{"type":"Feature","id":530,"properties":{"OBJECTID":946,"TransectID":972,"BaselineID":18,"GroupID":1,"TransOrder":972,"Azimuth":340.79,"ShrCount":4,"TCD":725531.68,"SHAPE_Leng":500.0,"SCE":83.23,"NSM":-69.21,"EPR":-8.08,"EPRunc":4.96,"LRR":-9.42,"LR2":0.89,"LSE":15.55,"LCI90":6.75,"WLR":-9.42,"WR2":0.89,"WSE":0.52,"WCI90":6.75,"Shape_Le_1":500.000001345,"ORIG_FID":605,"txt_OBJECTID_1":"605","txt_OBJECTID":"946","txt_TransectID":"972","txt_BaselineID":"18","txt_GroupID":"1","txt_TransOrder":"972","txt_Azimuth":"340.790000000000020","txt_ShrCount":"4","txt_TCD":"725531.680000000051223","txt_SHAPE_Leng":"500.000000000000000","txt_SCE":"83.230000000000004","txt_NSM":"-69.209999999999994","txt_EPR":"-8.080000000000000","txt_EPRunc":"4.960000000000000","txt_LRR":"-9.420000000000000","txt_LR2":"0.890000000000000","txt_LSE":"15.550000000000001","txt_LCI90":"6.750000000000000","txt_WLR":"-9.420000000000000","txt_WR2":"0.890000000000000","txt_WSE":"0.520000000000000","txt_WCI90":"6.750000000000000","txt_Shape_Length":"500.000001345090084","source_feature_index":530,"published_primary_rate_field":"LRR","published_primary_rate_m_per_year":-9.42,"dashboard_rate_class":"STRONG_RETREAT","dashboard_classification_note":"Display convention only; source numeric value is preserved. Not an official DMCR class.","published_period":"1990-2019","published_dataset":"Shoreline ThaiCoast / Krabi_Points"},"geometry":{"type":"Point","coordinates":[99.21207960586223,7.677275795825084]}},{"type":"Feature","id":531,"properties":{"OBJECTID":947,"TransectID":973,"BaselineID":18,"GroupID":1,"TransOrder":973,"Azimuth":4.62,"ShrCount":3,"TCD":726031.68,"SHAPE_Leng":499.999999999,"SCE":131.28,"NSM":-110.47,"EPR":-12.9,"EPRunc":4.96,"LRR":-14.69,"LR2":0.89,"LSE":33.38,"LCI90":32.93,"WLR":-14.69,"WR2":0.89,"WSE":1.11,"WCI90":32.93,"Shape_Le_1":500.000006869,"ORIG_FID":606,"txt_OBJECTID_1":"606","txt_OBJECTID":"947","txt_TransectID":"973","txt_BaselineID":"18","txt_GroupID":"1","txt_TransOrder":"973","txt_Azimuth":"4.620000000000000","txt_ShrCount":"3","txt_TCD":"726031.680000000051223","txt_SHAPE_Leng":"499.999999999000011","txt_SCE":"131.280000000000001","txt_NSM":"-110.469999999999999","txt_EPR":"-12.900000000000000","txt_EPRunc":"4.960000000000000","txt_LRR":"-14.690000000000000","txt_LR2":"0.890000000000000","txt_LSE":"33.380000000000003","txt_LCI90":"32.930000000000000","txt_WLR":"-14.690000000000000","txt_WR2":"0.890000000000000","txt_WSE":"1.110000000000000","txt_WCI90":"32.930000000000000","txt_Shape_Length":"500.000006869169852","source_feature_index":531,"published_primary_rate_field":"LRR","published_primary_rate_m_per_year":-14.69,"dashboard_rate_class":"STRONG_RETREAT","dashboard_classification_note":"Display convention only; source numeric value is preserved. Not an official DMCR class.","published_period":"1990-2019","published_dataset":"Shoreline ThaiCoast / Krabi_Points"},"geometry":{"type":"Point","coordinates":[99.21558112357161,7.67750039716611]}},{"type":"Feature","id":532,"properties":{"OBJECTID":948,"TransectID":974,"BaselineID":18,"GroupID":1,"TransOrder":974,"Azimuth":19.62,"ShrCount":4,"TCD":726531.68,"SHAPE_Leng":499.999999999,"SCE":108.02,"NSM":-53.55,"EPR":-6.25,"EPRunc":4.96,"LRR":-8.1,"LR2":0.51,"LSE":37.88,"LCI90":16.45,"WLR":-8.1,"WR2":0.51,"WSE":1.26,"WCI90":16.45,"Shape_Le_1":500.000007711,"ORIG_FID":607,"txt_OBJECTID_1":"607","txt_OBJECTID":"948","txt_TransectID":"974","txt_BaselineID":"18","txt_GroupID":"1","txt_TransOrder":"974","txt_Azimuth":"19.620000000000001","txt_ShrCount":"4","txt_TCD":"726531.680000000051223","txt_SHAPE_Leng":"499.999999999000011","txt_SCE":"108.019999999999996","txt_NSM":"-53.549999999999997","txt_EPR":"-6.250000000000000","txt_EPRunc":"4.960000000000000","txt_LRR":"-8.100000000000000","txt_LR2":"0.510000000000000","txt_LSE":"37.880000000000003","txt_LCI90":"16.449999999999999","txt_WLR":"-8.100000000000000","txt_WR2":"0.510000000000000","txt_WSE":"1.260000000000000","txt_WCI90":"16.449999999999999","txt_Shape_Length":"500.000007711042599","source_feature_index":532,"published_primary_rate_field":"LRR","published_primary_rate_m_per_year":-8.1,"dashboard_rate_class":"STRONG_RETREAT","dashboard_classification_note":"Display convention only; source numeric value is preserved. Not an official DMCR class.","published_period":"1990-2019","published_dataset":"Shoreline ThaiCoast / Krabi_Points"},"geometry":{"type":"Point","coordinates":[99.21929645177207,7.676573730068535]}},{"type":"Feature","id":533,"properties":{"OBJECTID":949,"TransectID":975,"BaselineID":18,"GroupID":1,"TransOrder":975,"Azimuth":39.76,"ShrCount":4,"TCD":727031.68,"SHAPE_Leng":500.000000002,"SCE":109.31,"NSM":-48.15,"EPR":-5.62,"EPRunc":4.96,"LRR":-7.28,"LR2":0.39,"LSE":43.12,"LCI90":18.73,"WLR":-7.28,"WR2":0.39,"WSE":1.44,"WCI90":18.73,"Shape_Le_1":499.99996115,"ORIG_FID":608,"txt_OBJECTID_1":"608","txt_OBJECTID":"949","txt_TransectID":"975","txt_BaselineID":"18","txt_GroupID":"1","txt_TransOrder":"975","txt_Azimuth":"39.759999999999998","txt_ShrCount":"4","txt_TCD":"727031.680000000051223","txt_SHAPE_Leng":"500.000000001999979","txt_SCE":"109.310000000000002","txt_NSM":"-48.149999999999999","txt_EPR":"-5.620000000000000","txt_EPRunc":"4.960000000000000","txt_LRR":"-7.280000000000000","txt_LR2":"0.390000000000000","txt_LSE":"43.119999999999997","txt_LCI90":"18.730000000000000","txt_WLR":"-7.280000000000000","txt_WR2":"0.390000000000000","txt_WSE":"1.440000000000000","txt_WCI90":"18.730000000000000","txt_Shape_Length":"499.999961149540809","source_feature_index":533,"published_primary_rate_field":"LRR","published_primary_rate_m_per_year":-7.28,"dashboard_rate_class":"STRONG_RETREAT","dashboard_classification_note":"Display convention only; source numeric value is preserved. Not an official DMCR class.","published_period":"1990-2019","published_dataset":"Shoreline ThaiCoast / Krabi_Points"},"geometry":{"type":"Point","coordinates":[99.22250809608497,7.675098903330835]}},{"type":"Feature","id":534,"properties":{"OBJECTID":950,"TransectID":976,"BaselineID":18,"GroupID":1,"TransOrder":976,"Azimuth":14.77,"ShrCount":4,"TCD":727531.68,"SHAPE_Leng":500.000000001,"SCE":75.57,"NSM":-66.49,"EPR":-7.77,"EPRunc":4.96,"LRR":-8.57,"LR2":0.91,"LSE":12.47,"LCI90":5.42,"WLR":-8.57,"WR2":0.91,"WSE":0.42,"WCI90":5.42,"Shape_Le_1":500.00006568,"ORIG_FID":609,"txt_OBJECTID_1":"609","txt_OBJECTID":"950","txt_TransectID":"976","txt_BaselineID":"18","txt_GroupID":"1","txt_TransOrder":"976","txt_Azimuth":"14.770000000000000","txt_ShrCount":"4","txt_TCD":"727531.680000000051223","txt_SHAPE_Leng":"500.000000000999989","txt_SCE":"75.569999999999993","txt_NSM":"-66.489999999999995","txt_EPR":"-7.770000000000000","txt_EPRunc":"4.960000000000000","txt_LRR":"-8.570000000000000","txt_LR2":"0.910000000000000","txt_LSE":"12.470000000000001","txt_LCI90":"5.420000000000000","txt_WLR":"-8.570000000000000","txt_WR2":"0.910000000000000","txt_WSE":"0.420000000000000","txt_WCI90":"5.420000000000000","txt_Shape_Length":"500.000065680445459","source_feature_index":534,"published_primary_rate_field":"LRR","published_primary_rate_m_per_year":-8.57,"dashboard_rate_class":"STRONG_RETREAT","dashboard_classification_note":"Display convention only; source numeric value is preserved. Not an official DMCR class.","published_period":"1990-2019","published_dataset":"Shoreline ThaiCoast / Krabi_Points"},"geometry":{"type":"Point","coordinates":[99.22592103896932,7.671164209678853]}},{"type":"Feature","id":535,"properties":{"OBJECTID":951,"TransectID":977,"BaselineID":18,"GroupID":1,"TransOrder":977,"Azimuth":326.36,"ShrCount":4,"TCD":728031.68,"SHAPE_Leng":499.999999998,"SCE":106.08,"NSM":-67.4,"EPR":-7.87,"EPRunc":4.96,"LRR":-10.25,"LR2":0.74,"LSE":28.75,"LCI90":12.49,"WLR":-10.25,"WR2":0.74,"WSE":0.96,"WCI90":12.49,"Shape_Le_1":499.999901405,"ORIG_FID":610,"txt_OBJECTID_1":"610","txt_OBJECTID":"951","txt_TransectID":"977","txt_BaselineID":"18","txt_GroupID":"1","txt_TransOrder":"977","txt_Azimuth":"326.360000000000014","txt_ShrCount":"4","txt_TCD":"728031.680000000051223","txt_SHAPE_Leng":"499.999999998000021","txt_SCE":"106.079999999999998","txt_NSM":"-67.400000000000006","txt_EPR":"-7.870000000000000","txt_EPRunc":"4.960000000000000","txt_LRR":"-10.250000000000000","txt_LR2":"0.740000000000000","txt_LSE":"28.750000000000000","txt_LCI90":"12.490000000000000","txt_WLR":"-10.250000000000000","txt_WR2":"0.740000000000000","txt_WSE":"0.960000000000000","txt_WCI90":"12.490000000000000","txt_Shape_Length":"499.999901405171613","source_feature_index":535,"published_primary_rate_field":"LRR","published_primary_rate_m_per_year":-10.25,"dashboard_rate_class":"STRONG_RETREAT","dashboard_classification_note":"Display convention only; source numeric value is preserved. Not an official DMCR class.","published_period":"1990-2019","published_dataset":"Shoreline ThaiCoast / Krabi_Points"},"geometry":{"type":"Point","coordinates":[99.2310633544089,7.673410726732175]}},{"type":"Feature","id":536,"properties":{"OBJECTID":952,"TransectID":978,"BaselineID":18,"GroupID":1,"TransOrder":978,"Azimuth":313.88,"ShrCount":4,"TCD":728531.68,"SHAPE_Leng":500.000000001,"SCE":173.86,"NSM":-127.31,"EPR":-14.87,"EPRunc":4.96,"LRR":-17.54,"LR2":0.81,"LSE":39.81,"LCI90":17.29,"WLR":-17.54,"WR2":0.81,"WSE":1.33,"WCI90":17.29,"Shape_Le_1":500.000055536,"ORIG_FID":611,"txt_OBJECTID_1":"611","txt_OBJECTID":"952","txt_TransectID":"978","txt_BaselineID":"18","txt_GroupID":"1","txt_TransOrder":"978","txt_Azimuth":"313.879999999999995","txt_ShrCount":"4","txt_TCD":"728531.680000000051223","txt_SHAPE_Leng":"500.000000000999989","txt_SCE":"173.860000000000014","txt_NSM":"-127.310000000000002","txt_EPR":"-14.869999999999999","txt_EPRunc":"4.960000000000000","txt_LRR":"-17.539999999999999","txt_LR2":"0.810000000000000","txt_LSE":"39.810000000000002","txt_LCI90":"17.289999999999999","txt_WLR":"-17.539999999999999","txt_WR2":"0.810000000000000","txt_WSE":"1.330000000000000","txt_WCI90":"17.289999999999999","txt_Shape_Length":"500.000055535953436","source_feature_index":536,"published_primary_rate_field":"LRR","published_primary_rate_m_per_year":-17.54,"dashboard_rate_class":"STRONG_RETREAT","dashboard_classification_note":"Display convention only; source numeric value is preserved. Not an official DMCR class.","published_period":"1990-2019","published_dataset":"Shoreline ThaiCoast / Krabi_Points"},"geometry":{"type":"Point","coordinates":[99.23505615232334,7.67637230439593]}},{"type":"Feature","id":537,"properties":{"OBJECTID":953,"TransectID":979,"BaselineID":18,"GroupID":1,"TransOrder":979,"Azimuth":325.51,"ShrCount":4,"TCD":729031.68,"SHAPE_Leng":499.999999994,"SCE":257.67,"NSM":-252.62,"EPR":-29.5,"EPRunc":4.96,"LRR":-27.54,"LR2":0.78,"LSE":70.48,"LCI90":30.61,"WLR":-27.54,"WR2":0.78,"WSE":2.35,"WCI90":30.61,"Shape_Le_1":499.999929968,"ORIG_FID":612,"txt_OBJECTID_1":"612","txt_OBJECTID":"953","txt_TransectID":"979","txt_BaselineID":"18","txt_GroupID":"1","txt_TransOrder":"979","txt_Azimuth":"325.509999999999991","txt_ShrCount":"4","txt_TCD":"729031.680000000051223","txt_SHAPE_Leng":"499.999999994000007","txt_SCE":"257.670000000000016","txt_NSM":"-252.620000000000005","txt_EPR":"-29.500000000000000","txt_EPRunc":"4.960000000000000","txt_LRR":"-27.539999999999999","txt_LR2":"0.780000000000000","txt_LSE":"70.480000000000004","txt_LCI90":"30.609999999999999","txt_WLR":"-27.539999999999999","txt_WR2":"0.780000000000000","txt_WSE":"2.350000000000000","txt_WCI90":"30.609999999999999","txt_Shape_Length":"499.999929968462084","source_feature_index":537,"published_primary_rate_field":"LRR","published_primary_rate_m_per_year":-27.54,"dashboard_rate_class":"STRONG_RETREAT","dashboard_classification_note":"Display convention only; source numeric value is preserved. Not an official DMCR class.","published_period":"1990-2019","published_dataset":"Shoreline ThaiCoast / Krabi_Points"},"geometry":{"type":"Point","coordinates":[99.23673130938282,7.679274666626241]}},{"type":"Feature","id":538,"properties":{"OBJECTID":954,"TransectID":980,"BaselineID":18,"GroupID":1,"TransOrder":980,"Azimuth":340.73,"ShrCount":4,"TCD":729531.68,"SHAPE_Leng":500.000000001,"SCE":102.57,"NSM":-74.58,"EPR":-8.71,"EPRunc":4.96,"LRR":-10.75,"LR2":0.82,"LSE":23.84,"LCI90":10.35,"WLR":-10.75,"WR2":0.82,"WSE":0.79,"WCI90":10.35,"Shape_Le_1":500.000027913,"ORIG_FID":613,"txt_OBJECTID_1":"613","txt_OBJECTID":"954","txt_TransectID":"980","txt_BaselineID":"18","txt_GroupID":"1","txt_TransOrder":"980","txt_Azimuth":"340.730000000000018","txt_ShrCount":"4","txt_TCD":"729531.680000000051223","txt_SHAPE_Leng":"500.000000000999989","txt_SCE":"102.569999999999993","txt_NSM":"-74.579999999999998","txt_EPR":"-8.710000000000001","txt_EPRunc":"4.960000000000000","txt_LRR":"-10.750000000000000","txt_LR2":"0.820000000000000","txt_LSE":"23.840000000000000","txt_LCI90":"10.350000000000000","txt_WLR":"-10.750000000000000","txt_WR2":"0.820000000000000","txt_WSE":"0.790000000000000","txt_WCI90":"10.350000000000000","txt_Shape_Length":"500.000027913363056","source_feature_index":538,"published_primary_rate_field":"LRR","published_primary_rate_m_per_year":-10.75,"dashboard_rate_class":"STRONG_RETREAT","dashboard_classification_note":"Display convention only; source numeric value is preserved. Not an official DMCR class.","published_period":"1990-2019","published_dataset":"Shoreline ThaiCoast / Krabi_Points"},"geometry":{"type":"Point","coordinates":[99.23925779198946,7.67928879805956]}},{"type":"Feature","id":539,"properties":{"OBJECTID":967,"TransectID":994,"BaselineID":18,"GroupID":1,"TransOrder":994,"Azimuth":86.39,"ShrCount":3,"TCD":736531.68,"SHAPE_Leng":500.0,"SCE":19.78,"NSM":-19.78,"EPR":-2.31,"EPRunc":4.96,"LRR":-1.95,"LR2":0.84,"LSE":5.54,"LCI90":5.29,"WLR":-1.95,"WR2":0.84,"WSE":0.18,"WCI90":5.29,"Shape_Le_1":500.000015174,"ORIG_FID":614,"txt_OBJECTID_1":"614","txt_OBJECTID":"967","txt_TransectID":"994","txt_BaselineID":"18","txt_GroupID":"1","txt_TransOrder":"994","txt_Azimuth":"86.390000000000001","txt_ShrCount":"3","txt_TCD":"736531.680000000051223","txt_SHAPE_Leng":"500.000000000000000","txt_SCE":"19.780000000000001","txt_NSM":"-19.780000000000001","txt_EPR":"-2.310000000000000","txt_EPRunc":"4.960000000000000","txt_LRR":"-1.950000000000000","txt_LR2":"0.840000000000000","txt_LSE":"5.540000000000000","txt_LCI90":"5.290000000000000","txt_WLR":"-1.950000000000000","txt_WR2":"0.840000000000000","txt_WSE":"0.180000000000000","txt_WCI90":"5.290000000000000","txt_Shape_Length":"500.000015174264945","source_feature_index":539,"published_primary_rate_field":"LRR","published_primary_rate_m_per_year":-1.95,"dashboard_rate_class":"RETREAT","dashboard_classification_note":"Display convention only; source numeric value is preserved. Not an official DMCR class.","published_period":"1990-2019","published_dataset":"Shoreline ThaiCoast / Krabi_Points"},"geometry":{"type":"Point","coordinates":[99.24223949988493,7.6763186456024854]}},{"type":"Feature","id":540,"properties":{"OBJECTID":968,"TransectID":995,"BaselineID":18,"GroupID":1,"TransOrder":995,"Azimuth":12.47,"ShrCount":2,"TCD":737031.68,"SHAPE_Leng":499.999999998,"SCE":48.41,"NSM":-48.41,"EPR":-5.65,"EPRunc":4.96,"LRR":0.0,"LR2":0.0,"LSE":0.0,"LCI90":0.0,"WLR":0.0,"WR2":0.0,"WSE":0.0,"WCI90":0.0,"Shape_Le_1":499.999987164,"ORIG_FID":615,"txt_OBJECTID_1":"615","txt_OBJECTID":"968","txt_TransectID":"995","txt_BaselineID":"18","txt_GroupID":"1","txt_TransOrder":"995","txt_Azimuth":"12.470000000000001","txt_ShrCount":"2","txt_TCD":"737031.680000000051223","txt_SHAPE_Leng":"499.999999998000021","txt_SCE":"48.409999999999997","txt_NSM":"-48.409999999999997","txt_EPR":"-5.650000000000000","txt_EPRunc":"4.960000000000000","txt_LRR":"0.000000000000000","txt_LR2":"0.000000000000000","txt_LSE":"0.000000000000000","txt_LCI90":"0.000000000000000","txt_WLR":"0.000000000000000","txt_WR2":"0.000000000000000","txt_WSE":"0.000000000000000","txt_WCI90":"0.000000000000000","txt_Shape_Length":"499.999987164261483","source_feature_index":540,"published_primary_rate_field":"LRR","published_primary_rate_m_per_year":0.0,"dashboard_rate_class":"RELATIVELY_STABLE","dashboard_classification_note":"Display convention only; source numeric value is preserved. Not an official DMCR class.","published_period":"1990-2019","published_dataset":"Shoreline ThaiCoast / Krabi_Points"},"geometry":{"type":"Point","coordinates":[99.24650673202777,7.671825438275209]}},{"type":"Feature","id":541,"properties":{"OBJECTID":973,"TransectID":1000,"BaselineID":18,"GroupID":1,"TransOrder":1000,"Azimuth":81.59,"ShrCount":2,"TCD":739531.68,"SHAPE_Leng":499.999999997,"SCE":109.38,"NSM":-109.38,"EPR":-14.57,"EPRunc":5.65,"LRR":0.0,"LR2":0.0,"LSE":0.0,"LCI90":0.0,"WLR":0.0,"WR2":0.0,"WSE":0.0,"WCI90":0.0,"Shape_Le_1":500.000067338,"ORIG_FID":616,"txt_OBJECTID_1":"616","txt_OBJECTID":"973","txt_TransectID":"1000","txt_BaselineID":"18","txt_GroupID":"1","txt_TransOrder":"1000","txt_Azimuth":"81.590000000000003","txt_ShrCount":"2","txt_TCD":"739531.680000000051223","txt_SHAPE_Leng":"499.999999996999975","txt_SCE":"109.379999999999995","txt_NSM":"-109.379999999999995","txt_EPR":"-14.570000000000000","txt_EPRunc":"5.650000000000000","txt_LRR":"0.000000000000000","txt_LR2":"0.000000000000000","txt_LSE":"0.000000000000000","txt_LCI90":"0.000000000000000","txt_WLR":"0.000000000000000","txt_WR2":"0.000000000000000","txt_WSE":"0.000000000000000","txt_WCI90":"0.000000000000000","txt_Shape_Length":"500.000067338321912","source_feature_index":541,"published_primary_rate_field":"LRR","published_primary_rate_m_per_year":0.0,"dashboard_rate_class":"RELATIVELY_STABLE","dashboard_classification_note":"Display convention only; source numeric value is preserved. Not an official DMCR class.","published_period":"1990-2019","published_dataset":"Shoreline ThaiCoast / Krabi_Points"},"geometry":{"type":"Point","coordinates":[99.24623261748118,7.6674642124456245]}},{"type":"Feature","id":542,"properties":{"OBJECTID":974,"TransectID":1001,"BaselineID":18,"GroupID":1,"TransOrder":1001,"Azimuth":44.63,"ShrCount":3,"TCD":740031.68,"SHAPE_Leng":499.999999996,"SCE":73.4,"NSM":-73.4,"EPR":-8.57,"EPRunc":4.96,"LRR":-7.9,"LR2":0.96,"LSE":10.21,"LCI90":9.77,"WLR":-7.9,"WR2":0.96,"WSE":0.34,"WCI90":9.77,"Shape_Le_1":499.99993129,"ORIG_FID":617,"txt_OBJECTID_1":"617","txt_OBJECTID":"974","txt_TransectID":"1001","txt_BaselineID":"18","txt_GroupID":"1","txt_TransOrder":"1001","txt_Azimuth":"44.630000000000003","txt_ShrCount":"3","txt_TCD":"740031.680000000051223","txt_SHAPE_Leng":"499.999999995999985","txt_SCE":"73.400000000000006","txt_NSM":"-73.400000000000006","txt_EPR":"-8.570000000000000","txt_EPRunc":"4.960000000000000","txt_LRR":"-7.900000000000000","txt_LR2":"0.960000000000000","txt_LSE":"10.210000000000001","txt_LCI90":"9.770000000000000","txt_WLR":"-7.900000000000000","txt_WR2":"0.960000000000000","txt_WSE":"0.340000000000000","txt_WCI90":"9.770000000000000","txt_Shape_Length":"499.999931289716017","source_feature_index":542,"published_primary_rate_field":"LRR","published_primary_rate_m_per_year":-7.9,"dashboard_rate_class":"STRONG_RETREAT","dashboard_classification_note":"Display convention only; source numeric value is preserved. Not an official DMCR class.","published_period":"1990-2019","published_dataset":"Shoreline ThaiCoast / Krabi_Points"},"geometry":{"type":"Point","coordinates":[99.25008041397254,7.66335329462873]}},{"type":"Feature","id":543,"properties":{"OBJECTID":975,"TransectID":1002,"BaselineID":18,"GroupID":1,"TransOrder":1002,"Azimuth":25.61,"ShrCount":2,"TCD":740531.68,"SHAPE_Leng":500.000000001,"SCE":2.63,"NSM":2.63,"EPR":2.49,"EPRunc":40.22,"LRR":0.0,"LR2":0.0,"LSE":0.0,"LCI90":0.0,"WLR":0.0,"WR2":0.0,"WSE":0.0,"WCI90":0.0,"Shape_Le_1":499.999952482,"ORIG_FID":618,"txt_OBJECTID_1":"618","txt_OBJECTID":"975","txt_TransectID":"1002","txt_BaselineID":"18","txt_GroupID":"1","txt_TransOrder":"1002","txt_Azimuth":"25.609999999999999","txt_ShrCount":"2","txt_TCD":"740531.680000000051223","txt_SHAPE_Leng":"500.000000000999989","txt_SCE":"2.630000000000000","txt_NSM":"2.630000000000000","txt_EPR":"2.490000000000000","txt_EPRunc":"40.219999999999999","txt_LRR":"0.000000000000000","txt_LR2":"0.000000000000000","txt_LSE":"0.000000000000000","txt_LCI90":"0.000000000000000","txt_WLR":"0.000000000000000","txt_WR2":"0.000000000000000","txt_WSE":"0.000000000000000","txt_WCI90":"0.000000000000000","txt_Shape_Length":"499.999952482235926","source_feature_index":543,"published_primary_rate_field":"LRR","published_primary_rate_m_per_year":0.0,"dashboard_rate_class":"RELATIVELY_STABLE","dashboard_classification_note":"Display convention only; source numeric value is preserved. Not an official DMCR class.","published_period":"1990-2019","published_dataset":"Shoreline ThaiCoast / Krabi_Points"},"geometry":{"type":"Point","coordinates":[99.2535686034997,7.659766643694186]}},{"type":"Feature","id":544,"properties":{"OBJECTID":976,"TransectID":1003,"BaselineID":18,"GroupID":1,"TransOrder":1003,"Azimuth":330.51,"ShrCount":3,"TCD":741031.68,"SHAPE_Leng":499.999999999,"SCE":68.68,"NSM":-67.06,"EPR":-7.83,"EPRunc":4.96,"LRR":-8.32,"LR2":0.98,"LSE":7.4,"LCI90":7.08,"WLR":-8.32,"WR2":0.98,"WSE":0.25,"WCI90":7.08,"Shape_Le_1":500.000016622,"ORIG_FID":619,"txt_OBJECTID_1":"619","txt_OBJECTID":"976","txt_TransectID":"1003","txt_BaselineID":"18","txt_GroupID":"1","txt_TransOrder":"1003","txt_Azimuth":"330.509999999999991","txt_ShrCount":"3","txt_TCD":"741031.680000000051223","txt_SHAPE_Leng":"499.999999999000011","txt_SCE":"68.680000000000007","txt_NSM":"-67.060000000000002","txt_EPR":"-7.830000000000000","txt_EPRunc":"4.960000000000000","txt_LRR":"-8.320000000000000","txt_LR2":"0.980000000000000","txt_LSE":"7.400000000000000","txt_LCI90":"7.080000000000000","txt_WLR":"-8.320000000000000","txt_WR2":"0.980000000000000","txt_WSE":"0.250000000000000","txt_WCI90":"7.080000000000000","txt_Shape_Length":"500.000016622247131","source_feature_index":544,"published_primary_rate_field":"LRR","published_primary_rate_m_per_year":-8.32,"dashboard_rate_class":"STRONG_RETREAT","dashboard_classification_note":"Display convention only; source numeric value is preserved. Not an official DMCR class.","published_period":"1990-2019","published_dataset":"Shoreline ThaiCoast / Krabi_Points"},"geometry":{"type":"Point","coordinates":[99.25951070916143,7.659773550752248]}},{"type":"Feature","id":545,"properties":{"OBJECTID":985,"TransectID":1013,"BaselineID":18,"GroupID":1,"TransOrder":1013,"Azimuth":106.9,"ShrCount":3,"TCD":746031.68,"SHAPE_Leng":500.000000002,"SCE":155.98,"NSM":-140.31,"EPR":-16.39,"EPRunc":4.96,"LRR":-9.55,"LR2":0.27,"LSE":103.84,"LCI90":99.3,"WLR":-9.55,"WR2":0.27,"WSE":3.46,"WCI90":99.3,"Shape_Le_1":499.999899887,"ORIG_FID":620,"txt_OBJECTID_1":"620","txt_OBJECTID":"985","txt_TransectID":"1013","txt_BaselineID":"18","txt_GroupID":"1","txt_TransOrder":"1013","txt_Azimuth":"106.900000000000006","txt_ShrCount":"3","txt_TCD":"746031.680000000051223","txt_SHAPE_Leng":"500.000000001999979","txt_SCE":"155.979999999999990","txt_NSM":"-140.310000000000002","txt_EPR":"-16.390000000000001","txt_EPRunc":"4.960000000000000","txt_LRR":"-9.550000000000001","txt_LR2":"0.270000000000000","txt_LSE":"103.840000000000003","txt_LCI90":"99.299999999999997","txt_WLR":"-9.550000000000001","txt_WR2":"0.270000000000000","txt_WSE":"3.460000000000000","txt_WCI90":"99.299999999999997","txt_Shape_Length":"499.999899887279639","source_feature_index":545,"published_primary_rate_field":"LRR","published_primary_rate_m_per_year":-9.55,"dashboard_rate_class":"STRONG_RETREAT","dashboard_classification_note":"Display convention only; source numeric value is preserved. Not an official DMCR class.","published_period":"1990-2019","published_dataset":"Shoreline ThaiCoast / Krabi_Points"},"geometry":{"type":"Point","coordinates":[99.2631515590904,7.658440104101104]}},{"type":"Feature","id":546,"properties":{"OBJECTID":986,"TransectID":1014,"BaselineID":18,"GroupID":1,"TransOrder":1014,"Azimuth":101.98,"ShrCount":2,"TCD":746531.68,"SHAPE_Leng":500.0,"SCE":5.32,"NSM":-5.32,"EPR":-0.71,"EPRunc":5.65,"LRR":0.0,"LR2":0.0,"LSE":0.0,"LCI90":0.0,"WLR":0.0,"WR2":0.0,"WSE":0.0,"WCI90":0.0,"Shape_Le_1":500.000012306,"ORIG_FID":621,"txt_OBJECTID_1":"621","txt_OBJECTID":"986","txt_TransectID":"1014","txt_BaselineID":"18","txt_GroupID":"1","txt_TransOrder":"1014","txt_Azimuth":"101.980000000000004","txt_ShrCount":"2","txt_TCD":"746531.680000000051223","txt_SHAPE_Leng":"500.000000000000000","txt_SCE":"5.320000000000000","txt_NSM":"-5.320000000000000","txt_EPR":"-0.710000000000000","txt_EPRunc":"5.650000000000000","txt_LRR":"0.000000000000000","txt_LR2":"0.000000000000000","txt_LSE":"0.000000000000000","txt_LCI90":"0.000000000000000","txt_WLR":"0.000000000000000","txt_WR2":"0.000000000000000","txt_WSE":"0.000000000000000","txt_WCI90":"0.000000000000000","txt_Shape_Length":"500.000012305583198","source_feature_index":546,"published_primary_rate_field":"LRR","published_primary_rate_m_per_year":0.0,"dashboard_rate_class":"RELATIVELY_STABLE","dashboard_classification_note":"Display convention only; source numeric value is preserved. Not an official DMCR class.","published_period":"1990-2019","published_dataset":"Shoreline ThaiCoast / Krabi_Points"},"geometry":{"type":"Point","coordinates":[99.26100689617863,7.654776898847616]}},{"type":"Feature","id":547,"properties":{"OBJECTID":993,"TransectID":1021,"BaselineID":18,"GroupID":1,"TransOrder":1021,"Azimuth":170.89,"ShrCount":2,"TCD":750031.68,"SHAPE_Leng":500.0,"SCE":26.83,"NSM":26.83,"EPR":3.57,"EPRunc":5.65,"LRR":0.0,"LR2":0.0,"LSE":0.0,"LCI90":0.0,"WLR":0.0,"WR2":0.0,"WSE":0.0,"WCI90":0.0,"Shape_Le_1":499.999946126,"ORIG_FID":622,"txt_OBJECTID_1":"622","txt_OBJECTID":"993","txt_TransectID":"1021","txt_BaselineID":"18","txt_GroupID":"1","txt_TransOrder":"1021","txt_Azimuth":"170.889999999999986","txt_ShrCount":"2","txt_TCD":"750031.680000000051223","txt_SHAPE_Leng":"500.000000000000000","txt_SCE":"26.829999999999998","txt_NSM":"26.829999999999998","txt_EPR":"3.570000000000000","txt_EPRunc":"5.650000000000000","txt_LRR":"0.000000000000000","txt_LR2":"0.000000000000000","txt_LSE":"0.000000000000000","txt_LCI90":"0.000000000000000","txt_WLR":"0.000000000000000","txt_WR2":"0.000000000000000","txt_WSE":"0.000000000000000","txt_WCI90":"0.000000000000000","txt_Shape_Length":"499.999946126119596","source_feature_index":547,"published_primary_rate_field":"LRR","published_primary_rate_m_per_year":0.0,"dashboard_rate_class":"RELATIVELY_STABLE","dashboard_classification_note":"Display convention only; source numeric value is preserved. Not an official DMCR class.","published_period":"1990-2019","published_dataset":"Shoreline ThaiCoast / Krabi_Points"},"geometry":{"type":"Point","coordinates":[99.25770561154422,7.652364885046602]}},{"type":"Feature","id":548,"properties":{"OBJECTID":994,"TransectID":1022,"BaselineID":18,"GroupID":1,"TransOrder":1022,"Azimuth":118.09,"ShrCount":2,"TCD":750531.68,"SHAPE_Leng":500.000000001,"SCE":28.84,"NSM":-28.84,"EPR":-3.84,"EPRunc":5.65,"LRR":0.0,"LR2":0.0,"LSE":0.0,"LCI90":0.0,"WLR":0.0,"WR2":0.0,"WSE":0.0,"WCI90":0.0,"Shape_Le_1":500.000028742,"ORIG_FID":623,"txt_OBJECTID_1":"623","txt_OBJECTID":"994","txt_TransectID":"1022","txt_BaselineID":"18","txt_GroupID":"1","txt_TransOrder":"1022","txt_Azimuth":"118.090000000000003","txt_ShrCount":"2","txt_TCD":"750531.680000000051223","txt_SHAPE_Leng":"500.000000000999989","txt_SCE":"28.840000000000000","txt_NSM":"-28.840000000000000","txt_EPR":"-3.840000000000000","txt_EPRunc":"5.650000000000000","txt_LRR":"0.000000000000000","txt_LR2":"0.000000000000000","txt_LSE":"0.000000000000000","txt_LCI90":"0.000000000000000","txt_WLR":"0.000000000000000","txt_WR2":"0.000000000000000","txt_WSE":"0.000000000000000","txt_WCI90":"0.000000000000000","txt_Shape_Length":"500.000028741999643","source_feature_index":548,"published_primary_rate_field":"LRR","published_primary_rate_m_per_year":0.0,"dashboard_rate_class":"RELATIVELY_STABLE","dashboard_classification_note":"Display convention only; source numeric value is preserved. Not an official DMCR class.","published_period":"1990-2019","published_dataset":"Shoreline ThaiCoast / Krabi_Points"},"geometry":{"type":"Point","coordinates":[99.25333676982976,7.648556380142956]}},{"type":"Feature","id":549,"properties":{"OBJECTID":995,"TransectID":1023,"BaselineID":18,"GroupID":1,"TransOrder":1023,"Azimuth":109.43,"ShrCount":2,"TCD":751031.68,"SHAPE_Leng":500.000000001,"SCE":12.23,"NSM":-12.23,"EPR":-1.63,"EPRunc":5.65,"LRR":0.0,"LR2":0.0,"LSE":0.0,"LCI90":0.0,"WLR":0.0,"WR2":0.0,"WSE":0.0,"WCI90":0.0,"Shape_Le_1":500.000009482,"ORIG_FID":624,"txt_OBJECTID_1":"624","txt_OBJECTID":"995","txt_TransectID":"1023","txt_BaselineID":"18","txt_GroupID":"1","txt_TransOrder":"1023","txt_Azimuth":"109.430000000000007","txt_ShrCount":"2","txt_TCD":"751031.680000000051223","txt_SHAPE_Leng":"500.000000000999989","txt_SCE":"12.230000000000000","txt_NSM":"-12.230000000000000","txt_EPR":"-1.630000000000000","txt_EPRunc":"5.650000000000000","txt_LRR":"0.000000000000000","txt_LR2":"0.000000000000000","txt_LSE":"0.000000000000000","txt_LCI90":"0.000000000000000","txt_WLR":"0.000000000000000","txt_WR2":"0.000000000000000","txt_WSE":"0.000000000000000","txt_WCI90":"0.000000000000000","txt_Shape_Length":"500.000009481740960","source_feature_index":549,"published_primary_rate_field":"LRR","published_primary_rate_m_per_year":0.0,"dashboard_rate_class":"RELATIVELY_STABLE","dashboard_classification_note":"Display convention only; source numeric value is preserved. Not an official DMCR class.","published_period":"1990-2019","published_dataset":"Shoreline ThaiCoast / Krabi_Points"},"geometry":{"type":"Point","coordinates":[99.252247285488,7.6440196439753665]}},{"type":"Feature","id":550,"properties":{"OBJECTID":1018,"TransectID":1048,"BaselineID":21,"GroupID":1,"TransOrder":1048,"Azimuth":98.49,"ShrCount":5,"TCD":804761.0,"SHAPE_Leng":499.999999999,"SCE":79.81,"NSM":37.93,"EPR":1.58,"EPRunc":1.77,"LRR":0.81,"LR2":0.09,"LSE":35.39,"LCI90":3.44,"WLR":0.81,"WR2":0.09,"WSE":1.18,"WCI90":3.44,"Shape_Le_1":500.000068853,"ORIG_FID":633,"txt_OBJECTID_1":"633","txt_OBJECTID":"1018","txt_TransectID":"1048","txt_BaselineID":"21","txt_GroupID":"1","txt_TransOrder":"1048","txt_Azimuth":"98.489999999999995","txt_ShrCount":"5","txt_TCD":"804761.000000000000000","txt_SHAPE_Leng":"499.999999999000011","txt_SCE":"79.810000000000002","txt_NSM":"37.930000000000000","txt_EPR":"1.580000000000000","txt_EPRunc":"1.770000000000000","txt_LRR":"0.810000000000000","txt_LR2":"0.090000000000000","txt_LSE":"35.390000000000001","txt_LCI90":"3.440000000000000","txt_WLR":"0.810000000000000","txt_WR2":"0.090000000000000","txt_WSE":"1.180000000000000","txt_WCI90":"3.440000000000000","txt_Shape_Length":"500.000068853048560","source_feature_index":550,"published_primary_rate_field":"LRR","published_primary_rate_m_per_year":0.81,"dashboard_rate_class":"ACCRETION","dashboard_classification_note":"Display convention only; source numeric value is preserved. Not an official DMCR class.","published_period":"1990-2019","published_dataset":"Shoreline ThaiCoast / Krabi_Points"},"geometry":{"type":"Point","coordinates":[99.04506903492003,7.841308844255202]}},{"type":"Feature","id":551,"properties":{"OBJECTID":1019,"TransectID":1049,"BaselineID":21,"GroupID":1,"TransOrder":1049,"Azimuth":107.91,"ShrCount":6,"TCD":805261.0,"SHAPE_Leng":499.999999999,"SCE":57.57,"NSM":41.72,"EPR":1.74,"EPRunc":1.77,"LRR":0.97,"LR2":0.21,"LSE":22.98,"LCI90":2.02,"WLR":0.97,"WR2":0.21,"WSE":0.77,"WCI90":2.02,"Shape_Le_1":499.999988653,"ORIG_FID":634,"txt_OBJECTID_1":"634","txt_OBJECTID":"1019","txt_TransectID":"1049","txt_BaselineID":"21","txt_GroupID":"1","txt_TransOrder":"1049","txt_Azimuth":"107.909999999999997","txt_ShrCount":"6","txt_TCD":"805261.000000000000000","txt_SHAPE_Leng":"499.999999999000011","txt_SCE":"57.570000000000000","txt_NSM":"41.719999999999999","txt_EPR":"1.740000000000000","txt_EPRunc":"1.770000000000000","txt_LRR":"0.970000000000000","txt_LR2":"0.210000000000000","txt_LSE":"22.980000000000000","txt_LCI90":"2.020000000000000","txt_WLR":"0.970000000000000","txt_WR2":"0.210000000000000","txt_WSE":"0.770000000000000","txt_WCI90":"2.020000000000000","txt_Shape_Length":"499.999988652651552","source_feature_index":551,"published_primary_rate_field":"LRR","published_primary_rate_m_per_year":0.97,"dashboard_rate_class":"ACCRETION","dashboard_classification_note":"Display convention only; source numeric value is preserved. Not an official DMCR class.","published_period":"1990-2019","published_dataset":"Shoreline ThaiCoast / Krabi_Points"},"geometry":{"type":"Point","coordinates":[99.04501522497912,7.837292199481711]}},{"type":"Feature","id":552,"properties":{"OBJECTID":1020,"TransectID":1052,"BaselineID":22,"GroupID":1,"TransOrder":1052,"Azimuth":114.72,"ShrCount":3,"TCD":814411.39,"SHAPE_Leng":499.999999997,"SCE":15.54,"NSM":15.54,"EPR":6.41,"EPRunc":17.5,"LRR":5.63,"LR2":0.85,"LSE":4.29,"LCI90":15.02,"WLR":5.63,"WR2":0.85,"WSE":0.14,"WCI90":15.02,"Shape_Le_1":499.999935801,"ORIG_FID":635,"txt_OBJECTID_1":"635","txt_OBJECTID":"1020","txt_TransectID":"1052","txt_BaselineID":"22","txt_GroupID":"1","txt_TransOrder":"1052","txt_Azimuth":"114.719999999999999","txt_ShrCount":"3","txt_TCD":"814411.390000000013970","txt_SHAPE_Leng":"499.999999996999975","txt_SCE":"15.539999999999999","txt_NSM":"15.539999999999999","txt_EPR":"6.410000000000000","txt_EPRunc":"17.500000000000000","txt_LRR":"5.630000000000000","txt_LR2":"0.850000000000000","txt_LSE":"4.290000000000000","txt_LCI90":"15.020000000000000","txt_WLR":"5.630000000000000","txt_WR2":"0.850000000000000","txt_WSE":"0.140000000000000","txt_WCI90":"15.020000000000000","txt_Shape_Length":"499.999935801466279","source_feature_index":552,"published_primary_rate_field":"LRR","published_primary_rate_m_per_year":5.63,"dashboard_rate_class":"STRONG_ACCRETION","dashboard_classification_note":"Display convention only; source numeric value is preserved. Not an official DMCR class.","published_period":"1990-2019","published_dataset":"Shoreline ThaiCoast / Krabi_Points"},"geometry":{"type":"Point","coordinates":[99.07662583912082,7.8851845492996855]}},{"type":"Feature","id":553,"properties":{"OBJECTID":1021,"TransectID":1054,"BaselineID":22,"GroupID":1,"TransOrder":1054,"Azimuth":116.36,"ShrCount":3,"TCD":815411.39,"SHAPE_Leng":500.0,"SCE":17.97,"NSM":17.97,"EPR":7.41,"EPRunc":17.5,"LRR":6.36,"LR2":0.79,"LSE":5.82,"LCI90":20.39,"WLR":6.36,"WR2":0.79,"WSE":0.19,"WCI90":20.39,"Shape_Le_1":499.999993749,"ORIG_FID":636,"txt_OBJECTID_1":"636","txt_OBJECTID":"1021","txt_TransectID":"1054","txt_BaselineID":"22","txt_GroupID":"1","txt_TransOrder":"1054","txt_Azimuth":"116.359999999999999","txt_ShrCount":"3","txt_TCD":"815411.390000000013970","txt_SHAPE_Leng":"500.000000000000000","txt_SCE":"17.969999999999999","txt_NSM":"17.969999999999999","txt_EPR":"7.410000000000000","txt_EPRunc":"17.500000000000000","txt_LRR":"6.360000000000000","txt_LR2":"0.790000000000000","txt_LSE":"5.820000000000000","txt_LCI90":"20.390000000000001","txt_WLR":"6.360000000000000","txt_WR2":"0.790000000000000","txt_WSE":"0.190000000000000","txt_WCI90":"20.390000000000001","txt_Shape_Length":"499.999993749110843","source_feature_index":553,"published_primary_rate_field":"LRR","published_primary_rate_m_per_year":6.36,"dashboard_rate_class":"STRONG_ACCRETION","dashboard_classification_note":"Display convention only; source numeric value is preserved. Not an official DMCR class.","published_period":"1990-2019","published_dataset":"Shoreline ThaiCoast / Krabi_Points"},"geometry":{"type":"Point","coordinates":[99.07320654043983,7.87931388797685]}},{"type":"Feature","id":554,"properties":{"OBJECTID":1022,"TransectID":1057,"BaselineID":22,"GroupID":1,"TransOrder":1057,"Azimuth":110.84,"ShrCount":3,"TCD":816911.39,"SHAPE_Leng":500.0,"SCE":16.27,"NSM":4.9,"EPR":2.02,"EPRunc":17.5,"LRR":-0.12,"LR2":0.0,"LSE":11.8,"LCI90":41.3,"WLR":-0.12,"WR2":0.0,"WSE":0.39,"WCI90":41.3,"Shape_Le_1":499.99993869,"ORIG_FID":637,"txt_OBJECTID_1":"637","txt_OBJECTID":"1022","txt_TransectID":"1057","txt_BaselineID":"22","txt_GroupID":"1","txt_TransOrder":"1057","txt_Azimuth":"110.840000000000003","txt_ShrCount":"3","txt_TCD":"816911.390000000013970","txt_SHAPE_Leng":"500.000000000000000","txt_SCE":"16.270000000000000","txt_NSM":"4.900000000000000","txt_EPR":"2.020000000000000","txt_EPRunc":"17.500000000000000","txt_LRR":"-0.120000000000000","txt_LR2":"0.000000000000000","txt_LSE":"11.800000000000001","txt_LCI90":"41.299999999999997","txt_WLR":"-0.120000000000000","txt_WR2":"0.000000000000000","txt_WSE":"0.390000000000000","txt_WCI90":"41.299999999999997","txt_Shape_Length":"499.999938690200224","source_feature_index":554,"published_primary_rate_field":"LRR","published_primary_rate_m_per_year":-0.12,"dashboard_rate_class":"RELATIVELY_STABLE","dashboard_classification_note":"Display convention only; source numeric value is preserved. Not an official DMCR class.","published_period":"1990-2019","published_dataset":"Shoreline ThaiCoast / Krabi_Points"},"geometry":{"type":"Point","coordinates":[99.06613330315007,7.868901396584444]}},{"type":"Feature","id":555,"properties":{"OBJECTID":1023,"TransectID":1058,"BaselineID":22,"GroupID":1,"TransOrder":1058,"Azimuth":105.67,"ShrCount":2,"TCD":817411.39,"SHAPE_Leng":500.0,"SCE":5.98,"NSM":5.98,"EPR":11.38,"EPRunc":80.71,"LRR":0.0,"LR2":0.0,"LSE":0.0,"LCI90":0.0,"WLR":0.0,"WR2":0.0,"WSE":0.0,"WCI90":0.0,"Shape_Le_1":499.999957791,"ORIG_FID":638,"txt_OBJECTID_1":"638","txt_OBJECTID":"1023","txt_TransectID":"1058","txt_BaselineID":"22","txt_GroupID":"1","txt_TransOrder":"1058","txt_Azimuth":"105.670000000000002","txt_ShrCount":"2","txt_TCD":"817411.390000000013970","txt_SHAPE_Leng":"500.000000000000000","txt_SCE":"5.980000000000000","txt_NSM":"5.980000000000000","txt_EPR":"11.380000000000001","txt_EPRunc":"80.709999999999994","txt_LRR":"0.000000000000000","txt_LR2":"0.000000000000000","txt_LSE":"0.000000000000000","txt_LCI90":"0.000000000000000","txt_WLR":"0.000000000000000","txt_WR2":"0.000000000000000","txt_WSE":"0.000000000000000","txt_WCI90":"0.000000000000000","txt_Shape_Length":"499.999957790958319","source_feature_index":555,"published_primary_rate_field":"LRR","published_primary_rate_m_per_year":0.0,"dashboard_rate_class":"RELATIVELY_STABLE","dashboard_classification_note":"Display convention only; source numeric value is preserved. Not an official DMCR class.","published_period":"1990-2019","published_dataset":"Shoreline ThaiCoast / Krabi_Points"},"geometry":{"type":"Point","coordinates":[99.06481012881245,7.865811975414268]}},{"type":"Feature","id":556,"properties":{"OBJECTID":1024,"TransectID":1059,"BaselineID":22,"GroupID":1,"TransOrder":1059,"Azimuth":85.66,"ShrCount":2,"TCD":817911.39,"SHAPE_Leng":499.999999998,"SCE":4.37,"NSM":4.37,"EPR":8.31,"EPRunc":80.71,"LRR":0.0,"LR2":0.0,"LSE":0.0,"LCI90":0.0,"WLR":0.0,"WR2":0.0,"WSE":0.0,"WCI90":0.0,"Shape_Le_1":500.000084254,"ORIG_FID":639,"txt_OBJECTID_1":"639","txt_OBJECTID":"1024","txt_TransectID":"1059","txt_BaselineID":"22","txt_GroupID":"1","txt_TransOrder":"1059","txt_Azimuth":"85.659999999999997","txt_ShrCount":"2","txt_TCD":"817911.390000000013970","txt_SHAPE_Leng":"499.999999998000021","txt_SCE":"4.370000000000000","txt_NSM":"4.370000000000000","txt_EPR":"8.310000000000000","txt_EPRunc":"80.709999999999994","txt_LRR":"0.000000000000000","txt_LR2":"0.000000000000000","txt_LSE":"0.000000000000000","txt_LCI90":"0.000000000000000","txt_WLR":"0.000000000000000","txt_WR2":"0.000000000000000","txt_WSE":"0.000000000000000","txt_WCI90":"0.000000000000000","txt_Shape_Length":"500.000084254122555","source_feature_index":556,"published_primary_rate_field":"LRR","published_primary_rate_m_per_year":0.0,"dashboard_rate_class":"RELATIVELY_STABLE","dashboard_classification_note":"Display convention only; source numeric value is preserved. Not an official DMCR class.","published_period":"1990-2019","published_dataset":"Shoreline ThaiCoast / Krabi_Points"},"geometry":{"type":"Point","coordinates":[99.06413287143663,7.861322328652742]}},{"type":"Feature","id":557,"properties":{"OBJECTID":1025,"TransectID":1060,"BaselineID":22,"GroupID":1,"TransOrder":1060,"Azimuth":35.03,"ShrCount":2,"TCD":818411.39,"SHAPE_Leng":500.000000004,"SCE":83.14,"NSM":-83.14,"EPR":-233.59,"EPRunc":119.2,"LRR":0.0,"LR2":0.0,"LSE":0.0,"LCI90":0.0,"WLR":0.0,"WR2":0.0,"WSE":0.0,"WCI90":0.0,"Shape_Le_1":499.99993726,"ORIG_FID":640,"txt_OBJECTID_1":"640","txt_OBJECTID":"1025","txt_TransectID":"1060","txt_BaselineID":"22","txt_GroupID":"1","txt_TransOrder":"1060","txt_Azimuth":"35.030000000000001","txt_ShrCount":"2","txt_TCD":"818411.390000000013970","txt_SHAPE_Leng":"500.000000004000015","txt_SCE":"83.140000000000001","txt_NSM":"-83.140000000000001","txt_EPR":"-233.590000000000003","txt_EPRunc":"119.200000000000003","txt_LRR":"0.000000000000000","txt_LR2":"0.000000000000000","txt_LSE":"0.000000000000000","txt_LCI90":"0.000000000000000","txt_WLR":"0.000000000000000","txt_WR2":"0.000000000000000","txt_WSE":"0.000000000000000","txt_WCI90":"0.000000000000000","txt_Shape_Length":"499.999937260390197","source_feature_index":557,"published_primary_rate_field":"LRR","published_primary_rate_m_per_year":0.0,"dashboard_rate_class":"RELATIVELY_STABLE","dashboard_classification_note":"Display convention only; source numeric value is preserved. Not an official DMCR class.","published_period":"1990-2019","published_dataset":"Shoreline ThaiCoast / Krabi_Points"},"geometry":{"type":"Point","coordinates":[99.06625868931702,7.855886557587306]}},{"type":"Feature","id":558,"properties":{"OBJECTID":102,"TransectID":102,"BaselineID":1,"GroupID":1,"TransOrder":102,"Azimuth":266.75,"ShrCount":4,"TCD":50500.0,"SHAPE_Leng":299.999999999,"SCE":49.73,"NSM":36.39,"EPR":1.5,"EPRunc":1.74,"LRR":0.79,"LR2":0.21,"LSE":23.59,"LCI90":3.16,"WLR":0.79,"WR2":0.21,"WSE":0.79,"WCI90":3.16,"Shape_Le_1":300.000011367,"ORIG_FID":641,"txt_OBJECTID_1":"641","txt_OBJECTID":"102","txt_TransectID":"102","txt_BaselineID":"1","txt_GroupID":"1","txt_TransOrder":"102","txt_Azimuth":"266.750000000000000","txt_ShrCount":"4","txt_TCD":"50500.000000000000000","txt_SHAPE_Leng":"299.999999999000011","txt_SCE":"49.729999999999997","txt_NSM":"36.390000000000001","txt_EPR":"1.500000000000000","txt_EPRunc":"1.740000000000000","txt_LRR":"0.790000000000000","txt_LR2":"0.210000000000000","txt_LSE":"23.590000000000000","txt_LCI90":"3.160000000000000","txt_WLR":"0.790000000000000","txt_WR2":"0.210000000000000","txt_WSE":"0.790000000000000","txt_WCI90":"3.160000000000000","txt_Shape_Length":"300.000011367213574","source_feature_index":558,"published_primary_rate_field":"LRR","published_primary_rate_m_per_year":0.79,"dashboard_rate_class":"ACCRETION","dashboard_classification_note":"Display convention only; source numeric value is preserved. Not an official DMCR class.","published_period":"1990-2019","published_dataset":"Shoreline ThaiCoast / Krabi_Points"},"geometry":{"type":"Point","coordinates":[99.10010879038161,7.600180074640238]}},{"type":"Feature","id":559,"properties":{"OBJECTID":175,"TransectID":176,"BaselineID":3,"GroupID":1,"TransOrder":176,"Azimuth":67.43,"ShrCount":2,"TCD":107833.84,"SHAPE_Leng":300.000000001,"SCE":19.21,"NSM":-19.21,"EPR":-8.94,"EPRunc":19.75,"LRR":0.0,"LR2":0.0,"LSE":0.0,"LCI90":0.0,"WLR":0.0,"WR2":0.0,"WSE":0.0,"WCI90":0.0,"Shape_Le_1":300.000005281,"ORIG_FID":642,"txt_OBJECTID_1":"642","txt_OBJECTID":"175","txt_TransectID":"176","txt_BaselineID":"3","txt_GroupID":"1","txt_TransOrder":"176","txt_Azimuth":"67.430000000000007","txt_ShrCount":"2","txt_TCD":"107833.839999999996508","txt_SHAPE_Leng":"300.000000000999989","txt_SCE":"19.210000000000001","txt_NSM":"-19.210000000000001","txt_EPR":"-8.940000000000000","txt_EPRunc":"19.750000000000000","txt_LRR":"0.000000000000000","txt_LR2":"0.000000000000000","txt_LSE":"0.000000000000000","txt_LCI90":"0.000000000000000","txt_WLR":"0.000000000000000","txt_WR2":"0.000000000000000","txt_WSE":"0.000000000000000","txt_WCI90":"0.000000000000000","txt_Shape_Length":"300.000005280862638","source_feature_index":559,"published_primary_rate_field":"LRR","published_primary_rate_m_per_year":0.0,"dashboard_rate_class":"RELATIVELY_STABLE","dashboard_classification_note":"Display convention only; source numeric value is preserved. Not an official DMCR class.","published_period":"1990-2019","published_dataset":"Shoreline ThaiCoast / Krabi_Points"},"geometry":{"type":"Point","coordinates":[99.13712876740551,7.767365827413425]}},{"type":"Feature","id":560,"properties":{"OBJECTID":176,"TransectID":177,"BaselineID":3,"GroupID":1,"TransOrder":177,"Azimuth":84.62,"ShrCount":2,"TCD":108333.84,"SHAPE_Leng":300.0,"SCE":26.49,"NSM":-26.49,"EPR":-12.33,"EPRunc":19.75,"LRR":0.0,"LR2":0.0,"LSE":0.0,"LCI90":0.0,"WLR":0.0,"WR2":0.0,"WSE":0.0,"WCI90":0.0,"Shape_Le_1":299.999957486,"ORIG_FID":643,"txt_OBJECTID_1":"643","txt_OBJECTID":"176","txt_TransectID":"177","txt_BaselineID":"3","txt_GroupID":"1","txt_TransOrder":"177","txt_Azimuth":"84.620000000000005","txt_ShrCount":"2","txt_TCD":"108333.839999999996508","txt_SHAPE_Leng":"300.000000000000000","txt_SCE":"26.489999999999998","txt_NSM":"-26.489999999999998","txt_EPR":"-12.330000000000000","txt_EPRunc":"19.750000000000000","txt_LRR":"0.000000000000000","txt_LR2":"0.000000000000000","txt_LSE":"0.000000000000000","txt_LCI90":"0.000000000000000","txt_WLR":"0.000000000000000","txt_WR2":"0.000000000000000","txt_WSE":"0.000000000000000","txt_WCI90":"0.000000000000000","txt_Shape_Length":"299.999957485830123","source_feature_index":560,"published_primary_rate_field":"LRR","published_primary_rate_m_per_year":0.0,"dashboard_rate_class":"RELATIVELY_STABLE","dashboard_classification_note":"Display convention only; source numeric value is preserved. Not an official DMCR class.","published_period":"1990-2019","published_dataset":"Shoreline ThaiCoast / Krabi_Points"},"geometry":{"type":"Point","coordinates":[99.13834223032788,7.764371886278242]}},{"type":"Feature","id":561,"properties":{"OBJECTID":178,"TransectID":179,"BaselineID":3,"GroupID":1,"TransOrder":179,"Azimuth":83.98,"ShrCount":2,"TCD":109333.84,"SHAPE_Leng":299.999999998,"SCE":23.36,"NSM":-23.36,"EPR":-10.87,"EPRunc":19.75,"LRR":0.0,"LR2":0.0,"LSE":0.0,"LCI90":0.0,"WLR":0.0,"WR2":0.0,"WSE":0.0,"WCI90":0.0,"Shape_Le_1":300.000046899,"ORIG_FID":645,"txt_OBJECTID_1":"645","txt_OBJECTID":"178","txt_TransectID":"179","txt_BaselineID":"3","txt_GroupID":"1","txt_TransOrder":"179","txt_Azimuth":"83.980000000000004","txt_ShrCount":"2","txt_TCD":"109333.839999999996508","txt_SHAPE_Leng":"299.999999998000021","txt_SCE":"23.359999999999999","txt_NSM":"-23.359999999999999","txt_EPR":"-10.869999999999999","txt_EPRunc":"19.750000000000000","txt_LRR":"0.000000000000000","txt_LR2":"0.000000000000000","txt_LSE":"0.000000000000000","txt_LCI90":"0.000000000000000","txt_WLR":"0.000000000000000","txt_WR2":"0.000000000000000","txt_WSE":"0.000000000000000","txt_WCI90":"0.000000000000000","txt_Shape_Length":"300.000046898953997","source_feature_index":561,"published_primary_rate_field":"LRR","published_primary_rate_m_per_year":0.0,"dashboard_rate_class":"RELATIVELY_STABLE","dashboard_classification_note":"Display convention only; source numeric value is preserved. Not an official DMCR class.","published_period":"1990-2019","published_dataset":"Shoreline ThaiCoast / Krabi_Points"},"geometry":{"type":"Point","coordinates":[99.13867385198016,7.757025510700723]}},{"type":"Feature","id":562,"properties":{"OBJECTID":179,"TransectID":180,"BaselineID":3,"GroupID":1,"TransOrder":180,"Azimuth":90.52,"ShrCount":2,"TCD":109833.84,"SHAPE_Leng":300.0,"SCE":13.17,"NSM":-13.17,"EPR":-6.13,"EPRunc":19.75,"LRR":0.0,"LR2":0.0,"LSE":0.0,"LCI90":0.0,"WLR":0.0,"WR2":0.0,"WSE":0.0,"WCI90":0.0,"Shape_Le_1":300.00002548,"ORIG_FID":646,"txt_OBJECTID_1":"646","txt_OBJECTID":"179","txt_TransectID":"180","txt_BaselineID":"3","txt_GroupID":"1","txt_TransOrder":"180","txt_Azimuth":"90.519999999999996","txt_ShrCount":"2","txt_TCD":"109833.839999999996508","txt_SHAPE_Leng":"300.000000000000000","txt_SCE":"13.170000000000000","txt_NSM":"-13.170000000000000","txt_EPR":"-6.130000000000000","txt_EPRunc":"19.750000000000000","txt_LRR":"0.000000000000000","txt_LR2":"0.000000000000000","txt_LSE":"0.000000000000000","txt_LCI90":"0.000000000000000","txt_WLR":"0.000000000000000","txt_WR2":"0.000000000000000","txt_WSE":"0.000000000000000","txt_WCI90":"0.000000000000000","txt_Shape_Length":"300.000025479819328","source_feature_index":562,"published_primary_rate_field":"LRR","published_primary_rate_m_per_year":0.0,"dashboard_rate_class":"RELATIVELY_STABLE","dashboard_classification_note":"Display convention only; source numeric value is preserved. Not an official DMCR class.","published_period":"1990-2019","published_dataset":"Shoreline ThaiCoast / Krabi_Points"},"geometry":{"type":"Point","coordinates":[99.1383811012839,7.754226770232572]}},{"type":"Feature","id":563,"properties":{"OBJECTID":180,"TransectID":181,"BaselineID":3,"GroupID":1,"TransOrder":181,"Azimuth":73.4,"ShrCount":6,"TCD":110333.84,"SHAPE_Leng":300.000000004,"SCE":54.79,"NSM":-15.83,"EPR":-7.37,"EPRunc":19.75,"LRR":-5.26,"LR2":0.05,"LSE":22.1,"LCI90":25.32,"WLR":-5.26,"WR2":0.05,"WSE":0.74,"WCI90":25.32,"Shape_Le_1":299.999981923,"ORIG_FID":647,"txt_OBJECTID_1":"647","txt_OBJECTID":"180","txt_TransectID":"181","txt_BaselineID":"3","txt_GroupID":"1","txt_TransOrder":"181","txt_Azimuth":"73.400000000000006","txt_ShrCount":"6","txt_TCD":"110333.839999999996508","txt_SHAPE_Leng":"300.000000004000015","txt_SCE":"54.789999999999999","txt_NSM":"-15.830000000000000","txt_EPR":"-7.370000000000000","txt_EPRunc":"19.750000000000000","txt_LRR":"-5.260000000000000","txt_LR2":"0.050000000000000","txt_LSE":"22.100000000000001","txt_LCI90":"25.320000000000000","txt_WLR":"-5.260000000000000","txt_WR2":"0.050000000000000","txt_WSE":"0.740000000000000","txt_WCI90":"25.320000000000000","txt_Shape_Length":"299.999981922905306","source_feature_index":563,"published_primary_rate_field":"LRR","published_primary_rate_m_per_year":-5.26,"dashboard_rate_class":"STRONG_RETREAT","dashboard_classification_note":"Display convention only; source numeric value is preserved. Not an official DMCR class.","published_period":"1990-2019","published_dataset":"Shoreline ThaiCoast / Krabi_Points"},"geometry":{"type":"Point","coordinates":[99.138659055168,7.749989682164639]}},{"type":"Feature","id":564,"properties":{"OBJECTID":329,"TransectID":338,"BaselineID":7,"GroupID":1,"TransOrder":338,"Azimuth":263.07,"ShrCount":5,"TCD":232048.9,"SHAPE_Leng":300.000000001,"SCE":50.34,"NSM":40.23,"EPR":1.94,"EPRunc":2.04,"LRR":1.0,"LR2":0.16,"LSE":22.37,"LCI90":3.11,"WLR":1.0,"WR2":0.16,"WSE":0.75,"WCI90":3.11,"Shape_Le_1":299.999968149,"ORIG_FID":649,"txt_OBJECTID_1":"649","txt_OBJECTID":"329","txt_TransectID":"338","txt_BaselineID":"7","txt_GroupID":"1","txt_TransOrder":"338","txt_Azimuth":"263.069999999999993","txt_ShrCount":"5","txt_TCD":"232048.899999999994179","txt_SHAPE_Leng":"300.000000000999989","txt_SCE":"50.340000000000003","txt_NSM":"40.229999999999997","txt_EPR":"1.940000000000000","txt_EPRunc":"2.040000000000000","txt_LRR":"1.000000000000000","txt_LR2":"0.160000000000000","txt_LSE":"22.370000000000001","txt_LCI90":"3.110000000000000","txt_WLR":"1.000000000000000","txt_WR2":"0.160000000000000","txt_WSE":"0.750000000000000","txt_WCI90":"3.110000000000000","txt_Shape_Length":"299.999968148947517","source_feature_index":564,"published_primary_rate_field":"LRR","published_primary_rate_m_per_year":1.0,"dashboard_rate_class":"ACCRETION","dashboard_classification_note":"Display convention only; source numeric value is preserved. Not an official DMCR class.","published_period":"1990-2019","published_dataset":"Shoreline ThaiCoast / Krabi_Points"},"geometry":{"type":"Point","coordinates":[98.98328037067627,7.8063441456829334]}},{"type":"Feature","id":565,"properties":{"OBJECTID":332,"TransectID":342,"BaselineID":7,"GroupID":1,"TransOrder":342,"Azimuth":336.42,"ShrCount":3,"TCD":234048.9,"SHAPE_Leng":300.0,"SCE":65.66,"NSM":-65.66,"EPR":-8.88,"EPRunc":5.74,"LRR":-8.52,"LR2":0.99,"LSE":5.44,"LCI90":6.16,"WLR":-8.52,"WR2":0.99,"WSE":0.18,"WCI90":6.16,"Shape_Le_1":300.000045122,"ORIG_FID":650,"txt_OBJECTID_1":"650","txt_OBJECTID":"332","txt_TransectID":"342","txt_BaselineID":"7","txt_GroupID":"1","txt_TransOrder":"342","txt_Azimuth":"336.420000000000016","txt_ShrCount":"3","txt_TCD":"234048.899999999994179","txt_SHAPE_Leng":"300.000000000000000","txt_SCE":"65.659999999999997","txt_NSM":"-65.659999999999997","txt_EPR":"-8.880000000000001","txt_EPRunc":"5.740000000000000","txt_LRR":"-8.520000000000000","txt_LR2":"0.990000000000000","txt_LSE":"5.440000000000000","txt_LCI90":"6.160000000000000","txt_WLR":"-8.520000000000000","txt_WR2":"0.990000000000000","txt_WSE":"0.180000000000000","txt_WCI90":"6.160000000000000","txt_Shape_Length":"300.000045121784353","source_feature_index":565,"published_primary_rate_field":"LRR","published_primary_rate_m_per_year":-8.52,"dashboard_rate_class":"STRONG_RETREAT","dashboard_classification_note":"Display convention only; source numeric value is preserved. Not an official DMCR class.","published_period":"1990-2019","published_dataset":"Shoreline ThaiCoast / Krabi_Points"},"geometry":{"type":"Point","coordinates":[98.98157619279097,7.8118167426160765]}},{"type":"Feature","id":566,"properties":{"OBJECTID":564,"TransectID":605,"BaselineID":16,"GroupID":1,"TransOrder":605,"Azimuth":356.45,"ShrCount":6,"TCD":495091.87,"SHAPE_Leng":299.999999999,"SCE":155.56,"NSM":-132.63,"EPR":-6.26,"EPRunc":2.0,"LRR":-5.18,"LR2":0.48,"LSE":55.57,"LCI90":5.69,"WLR":-5.18,"WR2":0.48,"WSE":1.85,"WCI90":5.69,"Shape_Le_1":300.000080484,"ORIG_FID":651,"txt_OBJECTID_1":"651","txt_OBJECTID":"564","txt_TransectID":"605","txt_BaselineID":"16","txt_GroupID":"1","txt_TransOrder":"605","txt_Azimuth":"356.449999999999989","txt_ShrCount":"6","txt_TCD":"495091.869999999995343","txt_SHAPE_Leng":"299.999999999000011","txt_SCE":"155.560000000000002","txt_NSM":"-132.629999999999995","txt_EPR":"-6.260000000000000","txt_EPRunc":"2.000000000000000","txt_LRR":"-5.180000000000000","txt_LR2":"0.480000000000000","txt_LSE":"55.570000000000000","txt_LCI90":"5.690000000000000","txt_WLR":"-5.180000000000000","txt_WR2":"0.480000000000000","txt_WSE":"1.850000000000000","txt_WCI90":"5.690000000000000","txt_Shape_Length":"300.000080484460113","source_feature_index":566,"published_primary_rate_field":"LRR","published_primary_rate_m_per_year":-5.18,"dashboard_rate_class":"STRONG_RETREAT","dashboard_classification_note":"Display convention only; source numeric value is preserved. Not an official DMCR class.","published_period":"1990-2019","published_dataset":"Shoreline ThaiCoast / Krabi_Points"},"geometry":{"type":"Point","coordinates":[98.63856678626281,8.343272954113893]}},{"type":"Feature","id":567,"properties":{"OBJECTID":570,"TransectID":611,"BaselineID":16,"GroupID":1,"TransOrder":611,"Azimuth":136.72,"ShrCount":7,"TCD":498091.87,"SHAPE_Leng":300.0,"SCE":42.18,"NSM":31.61,"EPR":1.14,"EPRunc":1.53,"LRR":1.37,"LR2":0.75,"LSE":10.49,"LCI90":0.71,"WLR":1.37,"WR2":0.75,"WSE":0.35,"WCI90":0.71,"Shape_Le_1":300.000061821,"ORIG_FID":652,"txt_OBJECTID_1":"652","txt_OBJECTID":"570","txt_TransectID":"611","txt_BaselineID":"16","txt_GroupID":"1","txt_TransOrder":"611","txt_Azimuth":"136.719999999999999","txt_ShrCount":"7","txt_TCD":"498091.869999999995343","txt_SHAPE_Leng":"300.000000000000000","txt_SCE":"42.180000000000000","txt_NSM":"31.609999999999999","txt_EPR":"1.140000000000000","txt_EPRunc":"1.530000000000000","txt_LRR":"1.370000000000000","txt_LR2":"0.750000000000000","txt_LSE":"10.490000000000000","txt_LCI90":"0.710000000000000","txt_WLR":"1.370000000000000","txt_WR2":"0.750000000000000","txt_WSE":"0.350000000000000","txt_WCI90":"0.710000000000000","txt_Shape_Length":"300.000061821433007","source_feature_index":567,"published_primary_rate_field":"LRR","published_primary_rate_m_per_year":1.37,"dashboard_rate_class":"ACCRETION","dashboard_classification_note":"Display convention only; source numeric value is preserved. Not an official DMCR class.","published_period":"1990-2019","published_dataset":"Shoreline ThaiCoast / Krabi_Points"},"geometry":{"type":"Point","coordinates":[98.6380745947079,8.338918092601721]}},{"type":"Feature","id":568,"properties":{"OBJECTID":571,"TransectID":612,"BaselineID":16,"GroupID":1,"TransOrder":612,"Azimuth":97.02,"ShrCount":7,"TCD":498591.87,"SHAPE_Leng":300.0,"SCE":173.22,"NSM":140.69,"EPR":5.08,"EPRunc":1.53,"LRR":3.0,"LR2":0.23,"LSE":65.96,"LCI90":4.97,"WLR":3.0,"WR2":0.23,"WSE":2.2,"WCI90":4.97,"Shape_Le_1":300.000073288,"ORIG_FID":653,"txt_OBJECTID_1":"653","txt_OBJECTID":"571","txt_TransectID":"612","txt_BaselineID":"16","txt_GroupID":"1","txt_TransOrder":"612","txt_Azimuth":"97.019999999999996","txt_ShrCount":"7","txt_TCD":"498591.869999999995343","txt_SHAPE_Leng":"300.000000000000000","txt_SCE":"173.219999999999999","txt_NSM":"140.689999999999998","txt_EPR":"5.080000000000000","txt_EPRunc":"1.530000000000000","txt_LRR":"3.000000000000000","txt_LR2":"0.230000000000000","txt_LSE":"65.959999999999994","txt_LCI90":"4.970000000000000","txt_WLR":"3.000000000000000","txt_WR2":"0.230000000000000","txt_WSE":"2.200000000000000","txt_WCI90":"4.970000000000000","txt_Shape_Length":"300.000073287994439","source_feature_index":568,"published_primary_rate_field":"LRR","published_primary_rate_m_per_year":3.0,"dashboard_rate_class":"STRONG_ACCRETION","dashboard_classification_note":"Display convention only; source numeric value is preserved. Not an official DMCR class.","published_period":"1990-2019","published_dataset":"Shoreline ThaiCoast / Krabi_Points"},"geometry":{"type":"Point","coordinates":[98.63671649065444,8.33434730926335]}},{"type":"Feature","id":569,"properties":{"OBJECTID":583,"TransectID":624,"BaselineID":16,"GroupID":1,"TransOrder":624,"Azimuth":116.27,"ShrCount":2,"TCD":504591.87,"SHAPE_Leng":299.999999997,"SCE":27.36,"NSM":-27.36,"EPR":-6.4,"EPRunc":9.93,"LRR":0.0,"LR2":0.0,"LSE":0.0,"LCI90":0.0,"WLR":0.0,"WR2":0.0,"WSE":0.0,"WCI90":0.0,"Shape_Le_1":299.999936165,"ORIG_FID":654,"txt_OBJECTID_1":"654","txt_OBJECTID":"583","txt_TransectID":"624","txt_BaselineID":"16","txt_GroupID":"1","txt_TransOrder":"624","txt_Azimuth":"116.269999999999996","txt_ShrCount":"2","txt_TCD":"504591.869999999995343","txt_SHAPE_Leng":"299.999999996999975","txt_SCE":"27.359999999999999","txt_NSM":"-27.359999999999999","txt_EPR":"-6.400000000000000","txt_EPRunc":"9.930000000000000","txt_LRR":"0.000000000000000","txt_LR2":"0.000000000000000","txt_LSE":"0.000000000000000","txt_LCI90":"0.000000000000000","txt_WLR":"0.000000000000000","txt_WR2":"0.000000000000000","txt_WSE":"0.000000000000000","txt_WCI90":"0.000000000000000","txt_Shape_Length":"299.999936165280815","source_feature_index":569,"published_primary_rate_field":"LRR","published_primary_rate_m_per_year":0.0,"dashboard_rate_class":"RELATIVELY_STABLE","dashboard_classification_note":"Display convention only; source numeric value is preserved. Not an official DMCR class.","published_period":"1990-2019","published_dataset":"Shoreline ThaiCoast / Krabi_Points"},"geometry":{"type":"Point","coordinates":[98.62924759241866,8.296348585722926]}},{"type":"Feature","id":570,"properties":{"OBJECTID":588,"TransectID":631,"BaselineID":16,"GroupID":1,"TransOrder":631,"Azimuth":268.64,"ShrCount":6,"TCD":508091.87,"SHAPE_Leng":300.000000001,"SCE":28.22,"NSM":-11.6,"EPR":-0.42,"EPRunc":1.53,"LRR":-0.72,"LR2":0.62,"LSE":7.34,"LCI90":0.6,"WLR":-0.72,"WR2":0.62,"WSE":0.24,"WCI90":0.6,"Shape_Le_1":299.999980461,"ORIG_FID":655,"txt_OBJECTID_1":"655","txt_OBJECTID":"588","txt_TransectID":"631","txt_BaselineID":"16","txt_GroupID":"1","txt_TransOrder":"631","txt_Azimuth":"268.639999999999986","txt_ShrCount":"6","txt_TCD":"508091.869999999995343","txt_SHAPE_Leng":"300.000000000999989","txt_SCE":"28.219999999999999","txt_NSM":"-11.600000000000000","txt_EPR":"-0.420000000000000","txt_EPRunc":"1.530000000000000","txt_LRR":"-0.720000000000000","txt_LR2":"0.620000000000000","txt_LSE":"7.340000000000000","txt_LCI90":"0.600000000000000","txt_WLR":"-0.720000000000000","txt_WR2":"0.620000000000000","txt_WSE":"0.240000000000000","txt_WCI90":"0.600000000000000","txt_Shape_Length":"299.999980461236078","source_feature_index":570,"published_primary_rate_field":"LRR","published_primary_rate_m_per_year":-0.72,"dashboard_rate_class":"RETREAT","dashboard_classification_note":"Display convention only; source numeric value is preserved. Not an official DMCR class.","published_period":"1990-2019","published_dataset":"Shoreline ThaiCoast / Krabi_Points"},"geometry":{"type":"Point","coordinates":[98.63574661545198,8.285045975958194]}},{"type":"Feature","id":571,"properties":{"OBJECTID":596,"TransectID":640,"BaselineID":16,"GroupID":1,"TransOrder":640,"Azimuth":61.82,"ShrCount":6,"TCD":512591.87,"SHAPE_Leng":300.000000001,"SCE":94.1,"NSM":50.56,"EPR":8.48,"EPRunc":7.12,"LRR":-0.32,"LR2":0.0,"LSE":39.73,"LCI90":14.18,"WLR":-0.32,"WR2":0.0,"WSE":1.32,"WCI90":14.18,"Shape_Le_1":300.000025042,"ORIG_FID":656,"txt_OBJECTID_1":"656","txt_OBJECTID":"596","txt_TransectID":"640","txt_BaselineID":"16","txt_GroupID":"1","txt_TransOrder":"640","txt_Azimuth":"61.820000000000000","txt_ShrCount":"6","txt_TCD":"512591.869999999995343","txt_SHAPE_Leng":"300.000000000999989","txt_SCE":"94.099999999999994","txt_NSM":"50.560000000000002","txt_EPR":"8.480000000000000","txt_EPRunc":"7.120000000000000","txt_LRR":"-0.320000000000000","txt_LR2":"0.000000000000000","txt_LSE":"39.729999999999997","txt_LCI90":"14.180000000000000","txt_WLR":"-0.320000000000000","txt_WR2":"0.000000000000000","txt_WSE":"1.320000000000000","txt_WCI90":"14.180000000000000","txt_Shape_Length":"300.000025042390973","source_feature_index":571,"published_primary_rate_field":"LRR","published_primary_rate_m_per_year":-0.32,"dashboard_rate_class":"RELATIVELY_STABLE","dashboard_classification_note":"Display convention only; source numeric value is preserved. Not an official DMCR class.","published_period":"1990-2019","published_dataset":"Shoreline ThaiCoast / Krabi_Points"},"geometry":{"type":"Point","coordinates":[98.64334146486412,8.28161602743552]}},{"type":"Feature","id":572,"properties":{"OBJECTID":783,"TransectID":832,"BaselineID":16,"GroupID":1,"TransOrder":832,"Azimuth":80.41,"ShrCount":8,"TCD":608591.87,"SHAPE_Leng":299.999999999,"SCE":83.63,"NSM":-20.41,"EPR":-0.74,"EPRunc":1.54,"LRR":0.37,"LR2":0.02,"LSE":32.42,"LCI90":2.07,"WLR":0.37,"WR2":0.02,"WSE":1.08,"WCI90":2.07,"Shape_Le_1":299.999989,"ORIG_FID":657,"txt_OBJECTID_1":"657","txt_OBJECTID":"783","txt_TransectID":"832","txt_BaselineID":"16","txt_GroupID":"1","txt_TransOrder":"832","txt_Azimuth":"80.409999999999997","txt_ShrCount":"8","txt_TCD":"608591.869999999995343","txt_SHAPE_Leng":"299.999999999000011","txt_SCE":"83.629999999999995","txt_NSM":"-20.410000000000000","txt_EPR":"-0.740000000000000","txt_EPRunc":"1.540000000000000","txt_LRR":"0.370000000000000","txt_LR2":"0.020000000000000","txt_LSE":"32.420000000000002","txt_LCI90":"2.070000000000000","txt_WLR":"0.370000000000000","txt_WR2":"0.020000000000000","txt_WSE":"1.080000000000000","txt_WCI90":"2.070000000000000","txt_Shape_Length":"299.999989000089613","source_feature_index":572,"published_primary_rate_field":"LRR","published_primary_rate_m_per_year":0.37,"dashboard_rate_class":"RELATIVELY_STABLE","dashboard_classification_note":"Display convention only; source numeric value is preserved. Not an official DMCR class.","published_period":"1990-2019","published_dataset":"Shoreline ThaiCoast / Krabi_Points"},"geometry":{"type":"Point","coordinates":[98.75108078462344,8.141697885634134]}},{"type":"Feature","id":573,"properties":{"OBJECTID":793,"TransectID":843,"BaselineID":16,"GroupID":1,"TransOrder":843,"Azimuth":169.25,"ShrCount":6,"TCD":614091.87,"SHAPE_Leng":300.000000004,"SCE":110.72,"NSM":110.72,"EPR":4.73,"EPRunc":1.81,"LRR":2.29,"LR2":0.53,"LSE":27.49,"LCI90":2.31,"WLR":2.29,"WR2":0.53,"WSE":0.92,"WCI90":2.31,"Shape_Le_1":299.999937926,"ORIG_FID":658,"txt_OBJECTID_1":"658","txt_OBJECTID":"793","txt_TransectID":"843","txt_BaselineID":"16","txt_GroupID":"1","txt_TransOrder":"843","txt_Azimuth":"169.250000000000000","txt_ShrCount":"6","txt_TCD":"614091.869999999995343","txt_SHAPE_Leng":"300.000000004000015","txt_SCE":"110.719999999999999","txt_NSM":"110.719999999999999","txt_EPR":"4.730000000000000","txt_EPRunc":"1.810000000000000","txt_LRR":"2.290000000000000","txt_LR2":"0.530000000000000","txt_LSE":"27.489999999999998","txt_LCI90":"2.310000000000000","txt_WLR":"2.290000000000000","txt_WR2":"0.530000000000000","txt_WSE":"0.920000000000000","txt_WCI90":"2.310000000000000","txt_Shape_Length":"299.999937926236896","source_feature_index":573,"published_primary_rate_field":"LRR","published_primary_rate_m_per_year":2.29,"dashboard_rate_class":"STRONG_ACCRETION","dashboard_classification_note":"Display convention only; source numeric value is preserved. Not an official DMCR class.","published_period":"1990-2019","published_dataset":"Shoreline ThaiCoast / Krabi_Points"},"geometry":{"type":"Point","coordinates":[98.75700447254984,8.129049556581162]}},{"type":"Feature","id":574,"properties":{"OBJECTID":683,"TransectID":730,"BaselineID":16,"GroupID":1,"TransOrder":730,"Azimuth":279.55,"ShrCount":25,"TCD":557591.87,"SHAPE_Leng":300.0,"SCE":19.82,"NSM":-19.37,"EPR":-0.69,"EPRunc":1.51,"LRR":-0.31,"LR2":0.26,"LSE":5.24,"LCI90":0.19,"WLR":-0.31,"WR2":0.26,"WSE":0.17,"WCI90":0.19,"Shape_Le_1":299.999985835,"ORIG_FID":659,"txt_OBJECTID_1":"659","txt_OBJECTID":"683","txt_TransectID":"730","txt_BaselineID":"16","txt_GroupID":"1","txt_TransOrder":"730","txt_Azimuth":"279.550000000000011","txt_ShrCount":"25","txt_TCD":"557591.869999999995343","txt_SHAPE_Leng":"300.000000000000000","txt_SCE":"19.820000000000000","txt_NSM":"-19.370000000000001","txt_EPR":"-0.690000000000000","txt_EPRunc":"1.510000000000000","txt_LRR":"-0.310000000000000","txt_LR2":"0.260000000000000","txt_LSE":"5.240000000000000","txt_LCI90":"0.190000000000000","txt_WLR":"-0.310000000000000","txt_WR2":"0.260000000000000","txt_WSE":"0.170000000000000","txt_WCI90":"0.190000000000000","txt_Shape_Length":"299.999985834983022","source_feature_index":574,"published_primary_rate_field":"LRR","published_primary_rate_m_per_year":-0.31,"dashboard_rate_class":"RELATIVELY_STABLE","dashboard_classification_note":"Display convention only; source numeric value is preserved. Not an official DMCR class.","published_period":"1990-2019","published_dataset":"Shoreline ThaiCoast / Krabi_Points"},"geometry":{"type":"Point","coordinates":[98.72548886238395,8.2495663955864]}},{"type":"Feature","id":575,"properties":{"OBJECTID":684,"TransectID":731,"BaselineID":16,"GroupID":1,"TransOrder":731,"Azimuth":283.82,"ShrCount":30,"TCD":558091.87,"SHAPE_Leng":299.999999997,"SCE":43.3,"NSM":-15.07,"EPR":-0.54,"EPRunc":1.51,"LRR":-0.7,"LR2":0.36,"LSE":9.17,"LCI90":0.3,"WLR":-0.7,"WR2":0.36,"WSE":0.31,"WCI90":0.3,"Shape_Le_1":300.000036838,"ORIG_FID":660,"txt_OBJECTID_1":"660","txt_OBJECTID":"684","txt_TransectID":"731","txt_BaselineID":"16","txt_GroupID":"1","txt_TransOrder":"731","txt_Azimuth":"283.819999999999993","txt_ShrCount":"30","txt_TCD":"558091.869999999995343","txt_SHAPE_Leng":"299.999999996999975","txt_SCE":"43.299999999999997","txt_NSM":"-15.070000000000000","txt_EPR":"-0.540000000000000","txt_EPRunc":"1.510000000000000","txt_LRR":"-0.700000000000000","txt_LR2":"0.360000000000000","txt_LSE":"9.170000000000000","txt_LCI90":"0.300000000000000","txt_WLR":"-0.700000000000000","txt_WR2":"0.360000000000000","txt_WSE":"0.310000000000000","txt_WCI90":"0.300000000000000","txt_Shape_Length":"300.000036837982691","source_feature_index":575,"published_primary_rate_field":"LRR","published_primary_rate_m_per_year":-0.7,"dashboard_rate_class":"RETREAT","dashboard_classification_note":"Display convention only; source numeric value is preserved. Not an official DMCR class.","published_period":"1990-2019","published_dataset":"Shoreline ThaiCoast / Krabi_Points"},"geometry":{"type":"Point","coordinates":[98.72582096275495,8.253881005635174]}},{"type":"Feature","id":576,"properties":{"OBJECTID":711,"TransectID":760,"BaselineID":16,"GroupID":1,"TransOrder":760,"Azimuth":123.58,"ShrCount":30,"TCD":572591.87,"SHAPE_Leng":300.000000003,"SCE":61.98,"NSM":-19.35,"EPR":-0.69,"EPRunc":1.51,"LRR":0.14,"LR2":0.01,"LSE":13.46,"LCI90":0.44,"WLR":0.14,"WR2":0.01,"WSE":0.45,"WCI90":0.44,"Shape_Le_1":300.000007316,"ORIG_FID":661,"txt_OBJECTID_1":"661","txt_OBJECTID":"711","txt_TransectID":"760","txt_BaselineID":"16","txt_GroupID":"1","txt_TransOrder":"760","txt_Azimuth":"123.579999999999998","txt_ShrCount":"30","txt_TCD":"572591.869999999995343","txt_SHAPE_Leng":"300.000000003000025","txt_SCE":"61.979999999999997","txt_NSM":"-19.350000000000001","txt_EPR":"-0.690000000000000","txt_EPRunc":"1.510000000000000","txt_LRR":"0.140000000000000","txt_LR2":"0.010000000000000","txt_LSE":"13.460000000000001","txt_LCI90":"0.440000000000000","txt_WLR":"0.140000000000000","txt_WR2":"0.010000000000000","txt_WSE":"0.450000000000000","txt_WCI90":"0.440000000000000","txt_Shape_Length":"300.000007316233393","source_feature_index":576,"published_primary_rate_field":"LRR","published_primary_rate_m_per_year":0.14,"dashboard_rate_class":"RELATIVELY_STABLE","dashboard_classification_note":"Display convention only; source numeric value is preserved. Not an official DMCR class.","published_period":"1990-2019","published_dataset":"Shoreline ThaiCoast / Krabi_Points"},"geometry":{"type":"Point","coordinates":[98.72834392536204,8.2537885704148]}},{"type":"Feature","id":577,"properties":{"OBJECTID":712,"TransectID":761,"BaselineID":16,"GroupID":1,"TransOrder":761,"Azimuth":71.59,"ShrCount":25,"TCD":573091.87,"SHAPE_Leng":300.000000001,"SCE":121.33,"NSM":-21.48,"EPR":-0.77,"EPRunc":1.51,"LRR":0.1,"LR2":0.0,"LSE":43.88,"LCI90":1.57,"WLR":0.1,"WR2":0.0,"WSE":1.46,"WCI90":1.57,"Shape_Le_1":300.000038395,"ORIG_FID":662,"txt_OBJECTID_1":"662","txt_OBJECTID":"712","txt_TransectID":"761","txt_BaselineID":"16","txt_GroupID":"1","txt_TransOrder":"761","txt_Azimuth":"71.590000000000003","txt_ShrCount":"25","txt_TCD":"573091.869999999995343","txt_SHAPE_Leng":"300.000000000999989","txt_SCE":"121.329999999999998","txt_NSM":"-21.480000000000000","txt_EPR":"-0.770000000000000","txt_EPRunc":"1.510000000000000","txt_LRR":"0.100000000000000","txt_LR2":"0.000000000000000","txt_LSE":"43.880000000000003","txt_LCI90":"1.570000000000000","txt_WLR":"0.100000000000000","txt_WR2":"0.000000000000000","txt_WSE":"1.460000000000000","txt_WCI90":"1.570000000000000","txt_Shape_Length":"300.000038395209515","source_feature_index":577,"published_primary_rate_field":"LRR","published_primary_rate_m_per_year":0.1,"dashboard_rate_class":"RELATIVELY_STABLE","dashboard_classification_note":"Display convention only; source numeric value is preserved. Not an official DMCR class.","published_period":"1990-2019","published_dataset":"Shoreline ThaiCoast / Krabi_Points"},"geometry":{"type":"Point","coordinates":[98.72824334048589,8.24842371157149]}},{"type":"Feature","id":578,"properties":{"OBJECTID":0,"TransectID":303,"BaselineID":6,"GroupID":1,"TransOrder":303,"Azimuth":268.66,"ShrCount":13,"TCD":192279.36,"SHAPE_Leng":0.0,"SCE":381.57,"NSM":-42.64,"EPR":-1.53,"EPRunc":1.52,"LRR":-3.16,"LR2":0.09,"LSE":99.08,"LCI90":5.42,"WLR":-3.16,"WR2":0.09,"WSE":3.3,"WCI90":5.42,"Shape_Le_1":499.999908092,"ORIG_FID":684,"txt_OBJECTID_1":"684","txt_OBJECTID":"","txt_TransectID":"303","txt_BaselineID":"6","txt_GroupID":"1","txt_TransOrder":"303","txt_Azimuth":"268.660000000000025","txt_ShrCount":"13","txt_TCD":"192279.359999999986030","txt_SHAPE_Leng":"","txt_SCE":"381.569999999999993","txt_NSM":"-42.640000000000001","txt_EPR":"-1.530000000000000","txt_EPRunc":"1.520000000000000","txt_LRR":"-3.160000000000000","txt_LR2":"0.090000000000000","txt_LSE":"99.079999999999998","txt_LCI90":"5.420000000000000","txt_WLR":"-3.160000000000000","txt_WR2":"0.090000000000000","txt_WSE":"3.300000000000000","txt_WCI90":"5.420000000000000","txt_Shape_Length":"499.999908091942984","source_feature_index":578,"published_primary_rate_field":"LRR","published_primary_rate_m_per_year":-3.16,"dashboard_rate_class":"STRONG_RETREAT","dashboard_classification_note":"Display convention only; source numeric value is preserved. Not an official DMCR class.","published_period":"1990-2019","published_dataset":"Shoreline ThaiCoast / Krabi_Points"},"geometry":{"type":"Point","coordinates":[99.10848061093587,7.7216530556896865]}},{"type":"Feature","id":579,"properties":{"OBJECTID":421,"TransectID":432,"BaselineID":11,"GroupID":1,"TransOrder":432,"Azimuth":260.68,"ShrCount":7,"TCD":309837.63,"SHAPE_Leng":500.0,"SCE":42.69,"NSM":-32.56,"EPR":-1.47,"EPRunc":1.92,"LRR":-1.43,"LR2":0.47,"LSE":12.6,"LCI90":1.38,"WLR":-1.43,"WR2":0.47,"WSE":0.42,"WCI90":1.38,"Shape_Le_1":499.999945843,"ORIG_FID":331,"txt_OBJECTID_1":"331","txt_OBJECTID":"421","txt_TransectID":"432","txt_BaselineID":"11","txt_GroupID":"1","txt_TransOrder":"432","txt_Azimuth":"260.680000000000007","txt_ShrCount":"7","txt_TCD":"309837.630000000004657","txt_SHAPE_Leng":"500.000000000000000","txt_SCE":"42.689999999999998","txt_NSM":"-32.560000000000002","txt_EPR":"-1.470000000000000","txt_EPRunc":"1.920000000000000","txt_LRR":"-1.430000000000000","txt_LR2":"0.470000000000000","txt_LSE":"12.600000000000000","txt_LCI90":"1.380000000000000","txt_WLR":"-1.430000000000000","txt_WR2":"0.470000000000000","txt_WSE":"0.420000000000000","txt_WCI90":"1.380000000000000","txt_Shape_Length":"499.999945843165506","source_feature_index":579,"published_primary_rate_field":"LRR","published_primary_rate_m_per_year":-1.43,"dashboard_rate_class":"RETREAT","dashboard_classification_note":"Display convention only; source numeric value is preserved. Not an official DMCR class.","published_period":"1990-2019","published_dataset":"Shoreline ThaiCoast / Krabi_Points"},"geometry":{"type":"Point","coordinates":[98.9922565092667,7.87538750933452]}},{"type":"Feature","id":580,"properties":{"OBJECTID":422,"TransectID":433,"BaselineID":11,"GroupID":1,"TransOrder":433,"Azimuth":276.45,"ShrCount":6,"TCD":310337.63,"SHAPE_Leng":499.999999998,"SCE":82.75,"NSM":5.19,"EPR":0.23,"EPRunc":1.86,"LRR":-1.78,"LR2":0.17,"LSE":38.08,"LCI90":4.22,"WLR":-1.78,"WR2":0.17,"WSE":1.27,"WCI90":4.22,"Shape_Le_1":499.999946986,"ORIG_FID":332,"txt_OBJECTID_1":"332","txt_OBJECTID":"422","txt_TransectID":"433","txt_BaselineID":"11","txt_GroupID":"1","txt_TransOrder":"433","txt_Azimuth":"276.449999999999989","txt_ShrCount":"6","txt_TCD":"310337.630000000004657","txt_SHAPE_Leng":"499.999999998000021","txt_SCE":"82.750000000000000","txt_NSM":"5.190000000000000","txt_EPR":"0.230000000000000","txt_EPRunc":"1.860000000000000","txt_LRR":"-1.780000000000000","txt_LR2":"0.170000000000000","txt_LSE":"38.079999999999998","txt_LCI90":"4.220000000000000","txt_WLR":"-1.780000000000000","txt_WR2":"0.170000000000000","txt_WSE":"1.270000000000000","txt_WCI90":"4.220000000000000","txt_Shape_Length":"499.999946985815143","source_feature_index":580,"published_primary_rate_field":"LRR","published_primary_rate_m_per_year":-1.78,"dashboard_rate_class":"RETREAT","dashboard_classification_note":"Display convention only; source numeric value is preserved. Not an official DMCR class.","published_period":"1990-2019","published_dataset":"Shoreline ThaiCoast / Krabi_Points"},"geometry":{"type":"Point","coordinates":[98.99232497829792,7.878169024029034]}},{"type":"Feature","id":581,"properties":{"OBJECTID":423,"TransectID":434,"BaselineID":11,"GroupID":1,"TransOrder":434,"Azimuth":277.27,"ShrCount":7,"TCD":310837.63,"SHAPE_Leng":499.999999999,"SCE":51.31,"NSM":-3.45,"EPR":-0.15,"EPRunc":1.86,"LRR":-1.19,"LR2":0.2,"LSE":20.76,"LCI90":2.16,"WLR":-1.19,"WR2":0.2,"WSE":0.69,"WCI90":2.16,"Shape_Le_1":500.000074923,"ORIG_FID":333,"txt_OBJECTID_1":"333","txt_OBJECTID":"423","txt_TransectID":"434","txt_BaselineID":"11","txt_GroupID":"1","txt_TransOrder":"434","txt_Azimuth":"277.269999999999982","txt_ShrCount":"7","txt_TCD":"310837.630000000004657","txt_SHAPE_Leng":"499.999999999000011","txt_SCE":"51.310000000000002","txt_NSM":"-3.450000000000000","txt_EPR":"-0.150000000000000","txt_EPRunc":"1.860000000000000","txt_LRR":"-1.190000000000000","txt_LR2":"0.200000000000000","txt_LSE":"20.760000000000002","txt_LCI90":"2.160000000000000","txt_WLR":"-1.190000000000000","txt_WR2":"0.200000000000000","txt_WSE":"0.690000000000000","txt_WCI90":"2.160000000000000","txt_Shape_Length":"500.000074923369198","source_feature_index":581,"published_primary_rate_field":"LRR","published_primary_rate_m_per_year":-1.19,"dashboard_rate_class":"RETREAT","dashboard_classification_note":"Display convention only; source numeric value is preserved. Not an official DMCR class.","published_period":"1990-2019","published_dataset":"Shoreline ThaiCoast / Krabi_Points"},"geometry":{"type":"Point","coordinates":[98.99312342562511,7.882280207912749]}},{"type":"Feature","id":582,"properties":{"OBJECTID":424,"TransectID":435,"BaselineID":11,"GroupID":1,"TransOrder":435,"Azimuth":282.9,"ShrCount":8,"TCD":311337.63,"SHAPE_Leng":499.999999999,"SCE":46.26,"NSM":-44.85,"EPR":-2.03,"EPRunc":1.92,"LRR":-1.38,"LR2":0.35,"LSE":16.14,"LCI90":1.48,"WLR":-1.38,"WR2":0.35,"WSE":0.54,"WCI90":1.48,"Shape_Le_1":500.000032957,"ORIG_FID":334,"txt_OBJECTID_1":"334","txt_OBJECTID":"424","txt_TransectID":"435","txt_BaselineID":"11","txt_GroupID":"1","txt_TransOrder":"435","txt_Azimuth":"282.899999999999977","txt_ShrCount":"8","txt_TCD":"311337.630000000004657","txt_SHAPE_Leng":"499.999999999000011","txt_SCE":"46.259999999999998","txt_NSM":"-44.850000000000001","txt_EPR":"-2.030000000000000","txt_EPRunc":"1.920000000000000","txt_LRR":"-1.380000000000000","txt_LR2":"0.350000000000000","txt_LSE":"16.140000000000001","txt_LCI90":"1.480000000000000","txt_WLR":"-1.380000000000000","txt_WR2":"0.350000000000000","txt_WSE":"0.540000000000000","txt_WCI90":"1.480000000000000","txt_Shape_Length":"500.000032957168742","source_feature_index":582,"published_primary_rate_field":"LRR","published_primary_rate_m_per_year":-1.38,"dashboard_rate_class":"RETREAT","dashboard_classification_note":"Display convention only; source numeric value is preserved. Not an official DMCR class.","published_period":"1990-2019","published_dataset":"Shoreline ThaiCoast / Krabi_Points"},"geometry":{"type":"Point","coordinates":[98.99324845174371,7.885470092590491]}},{"type":"Feature","id":583,"properties":{"OBJECTID":425,"TransectID":436,"BaselineID":11,"GroupID":1,"TransOrder":436,"Azimuth":294.88,"ShrCount":10,"TCD":311837.63,"SHAPE_Leng":500.000000001,"SCE":52.01,"NSM":10.23,"EPR":0.45,"EPRunc":1.86,"LRR":-0.57,"LR2":0.07,"LSE":16.78,"LCI90":1.39,"WLR":-0.57,"WR2":0.07,"WSE":0.56,"WCI90":1.39,"Shape_Le_1":499.999988771,"ORIG_FID":335,"txt_OBJECTID_1":"335","txt_OBJECTID":"425","txt_TransectID":"436","txt_BaselineID":"11","txt_GroupID":"1","txt_TransOrder":"436","txt_Azimuth":"294.879999999999995","txt_ShrCount":"10","txt_TCD":"311837.630000000004657","txt_SHAPE_Leng":"500.000000000999989","txt_SCE":"52.009999999999998","txt_NSM":"10.230000000000000","txt_EPR":"0.450000000000000","txt_EPRunc":"1.860000000000000","txt_LRR":"-0.570000000000000","txt_LR2":"0.070000000000000","txt_LSE":"16.780000000000001","txt_LCI90":"1.390000000000000","txt_WLR":"-0.570000000000000","txt_WR2":"0.070000000000000","txt_WSE":"0.560000000000000","txt_WCI90":"1.390000000000000","txt_Shape_Length":"499.999988771006656","source_feature_index":583,"published_primary_rate_field":"LRR","published_primary_rate_m_per_year":-0.57,"dashboard_rate_class":"RETREAT","dashboard_classification_note":"Display convention only; source numeric value is preserved. Not an official DMCR class.","published_period":"1990-2019","published_dataset":"Shoreline ThaiCoast / Krabi_Points"},"geometry":{"type":"Point","coordinates":[98.99443107153908,7.888146467418374]}},{"type":"Feature","id":584,"properties":{"OBJECTID":426,"TransectID":437,"BaselineID":11,"GroupID":1,"TransOrder":437,"Azimuth":302.68,"ShrCount":11,"TCD":312337.63,"SHAPE_Leng":500.000000004,"SCE":127.59,"NSM":82.23,"EPR":3.6,"EPRunc":1.86,"LRR":3.13,"LR2":0.28,"LSE":39.04,"LCI90":3.07,"WLR":3.13,"WR2":0.28,"WSE":1.3,"WCI90":3.07,"Shape_Le_1":500.000008625,"ORIG_FID":336,"txt_OBJECTID_1":"336","txt_OBJECTID":"426","txt_TransectID":"437","txt_BaselineID":"11","txt_GroupID":"1","txt_TransOrder":"437","txt_Azimuth":"302.680000000000007","txt_ShrCount":"11","txt_TCD":"312337.630000000004657","txt_SHAPE_Leng":"500.000000004000015","txt_SCE":"127.590000000000003","txt_NSM":"82.230000000000004","txt_EPR":"3.600000000000000","txt_EPRunc":"1.860000000000000","txt_LRR":"3.130000000000000","txt_LR2":"0.280000000000000","txt_LSE":"39.039999999999999","txt_LCI90":"3.070000000000000","txt_WLR":"3.130000000000000","txt_WR2":"0.280000000000000","txt_WSE":"1.300000000000000","txt_WCI90":"3.070000000000000","txt_Shape_Length":"500.000008625469547","source_feature_index":584,"published_primary_rate_field":"LRR","published_primary_rate_m_per_year":3.13,"dashboard_rate_class":"STRONG_ACCRETION","dashboard_classification_note":"Display convention only; source numeric value is preserved. Not an official DMCR class.","published_period":"1990-2019","published_dataset":"Shoreline ThaiCoast / Krabi_Points"},"geometry":{"type":"Point","coordinates":[98.99623536991724,7.89182339350676]}},{"type":"Feature","id":585,"properties":{"OBJECTID":427,"TransectID":438,"BaselineID":11,"GroupID":1,"TransOrder":438,"Azimuth":300.96,"ShrCount":4,"TCD":312837.63,"SHAPE_Leng":500.000000002,"SCE":84.64,"NSM":-73.13,"EPR":-4.7,"EPRunc":2.73,"LRR":-2.78,"LR2":0.23,"LSE":46.63,"LCI90":10.49,"WLR":-2.78,"WR2":0.23,"WSE":1.55,"WCI90":10.49,"Shape_Le_1":499.999975123,"ORIG_FID":337,"txt_OBJECTID_1":"337","txt_OBJECTID":"427","txt_TransectID":"438","txt_BaselineID":"11","txt_GroupID":"1","txt_TransOrder":"438","txt_Azimuth":"300.959999999999980","txt_ShrCount":"4","txt_TCD":"312837.630000000004657","txt_SHAPE_Leng":"500.000000001999979","txt_SCE":"84.640000000000001","txt_NSM":"-73.129999999999995","txt_EPR":"-4.700000000000000","txt_EPRunc":"2.730000000000000","txt_LRR":"-2.780000000000000","txt_LR2":"0.230000000000000","txt_LSE":"46.630000000000003","txt_LCI90":"10.490000000000000","txt_WLR":"-2.780000000000000","txt_WR2":"0.230000000000000","txt_WSE":"1.550000000000000","txt_WCI90":"10.490000000000000","txt_Shape_Length":"499.999975122941294","source_feature_index":585,"published_primary_rate_field":"LRR","published_primary_rate_m_per_year":-2.78,"dashboard_rate_class":"STRONG_RETREAT","dashboard_classification_note":"Display convention only; source numeric value is preserved. Not an official DMCR class.","published_period":"1990-2019","published_dataset":"Shoreline ThaiCoast / Krabi_Points"},"geometry":{"type":"Point","coordinates":[98.99853149948393,7.894484226870398]}},{"type":"Feature","id":586,"properties":{"OBJECTID":428,"TransectID":439,"BaselineID":11,"GroupID":1,"TransOrder":439,"Azimuth":265.16,"ShrCount":5,"TCD":313337.63,"SHAPE_Leng":500.000000002,"SCE":112.25,"NSM":-1.15,"EPR":-0.05,"EPRunc":1.92,"LRR":-1.51,"LR2":0.11,"LSE":49.84,"LCI90":5.72,"WLR":-1.51,"WR2":0.11,"WSE":1.66,"WCI90":5.72,"Shape_Le_1":500.000066934,"ORIG_FID":338,"txt_OBJECTID_1":"338","txt_OBJECTID":"428","txt_TransectID":"439","txt_BaselineID":"11","txt_GroupID":"1","txt_TransOrder":"439","txt_Azimuth":"265.160000000000025","txt_ShrCount":"5","txt_TCD":"313337.630000000004657","txt_SHAPE_Leng":"500.000000001999979","txt_SCE":"112.250000000000000","txt_NSM":"-1.150000000000000","txt_EPR":"-0.050000000000000","txt_EPRunc":"1.920000000000000","txt_LRR":"-1.510000000000000","txt_LR2":"0.110000000000000","txt_LSE":"49.840000000000003","txt_LCI90":"5.720000000000000","txt_WLR":"-1.510000000000000","txt_WR2":"0.110000000000000","txt_WSE":"1.660000000000000","txt_WCI90":"5.720000000000000","txt_Shape_Length":"500.000066933859159","source_feature_index":586,"published_primary_rate_field":"LRR","published_primary_rate_m_per_year":-1.51,"dashboard_rate_class":"RETREAT","dashboard_classification_note":"Display convention only; source numeric value is preserved. Not an official DMCR class.","published_period":"1990-2019","published_dataset":"Shoreline ThaiCoast / Krabi_Points"},"geometry":{"type":"Point","coordinates":[99.00021269242463,7.8992618949068385]}},{"type":"Feature","id":587,"properties":{"OBJECTID":429,"TransectID":440,"BaselineID":11,"GroupID":1,"TransOrder":440,"Azimuth":243.91,"ShrCount":5,"TCD":313837.63,"SHAPE_Leng":500.0,"SCE":60.79,"NSM":39.45,"EPR":1.78,"EPRunc":1.92,"LRR":0.4,"LR2":0.02,"LSE":31.68,"LCI90":3.63,"WLR":0.4,"WR2":0.02,"WSE":1.06,"WCI90":3.63,"Shape_Le_1":500.000100605,"ORIG_FID":339,"txt_OBJECTID_1":"339","txt_OBJECTID":"429","txt_TransectID":"440","txt_BaselineID":"11","txt_GroupID":"1","txt_TransOrder":"440","txt_Azimuth":"243.909999999999997","txt_ShrCount":"5","txt_TCD":"313837.630000000004657","txt_SHAPE_Leng":"500.000000000000000","txt_SCE":"60.789999999999999","txt_NSM":"39.450000000000003","txt_EPR":"1.780000000000000","txt_EPRunc":"1.920000000000000","txt_LRR":"0.400000000000000","txt_LR2":"0.020000000000000","txt_LSE":"31.680000000000000","txt_LCI90":"3.630000000000000","txt_WLR":"0.400000000000000","txt_WR2":"0.020000000000000","txt_WSE":"1.060000000000000","txt_WCI90":"3.630000000000000","txt_Shape_Length":"500.000100605168029","source_feature_index":587,"published_primary_rate_field":"LRR","published_primary_rate_m_per_year":0.4,"dashboard_rate_class":"RELATIVELY_STABLE","dashboard_classification_note":"Display convention only; source numeric value is preserved. Not an official DMCR class.","published_period":"1990-2019","published_dataset":"Shoreline ThaiCoast / Krabi_Points"},"geometry":{"type":"Point","coordinates":[98.99801060919422,7.903865917653948]}},{"type":"Feature","id":588,"properties":{"OBJECTID":430,"TransectID":441,"BaselineID":11,"GroupID":1,"TransOrder":441,"Azimuth":252.11,"ShrCount":5,"TCD":314337.63,"SHAPE_Leng":500.0,"SCE":11.75,"NSM":3.76,"EPR":0.17,"EPRunc":1.92,"LRR":0.15,"LR2":0.1,"LSE":5.11,"LCI90":0.59,"WLR":0.15,"WR2":0.1,"WSE":0.17,"WCI90":0.59,"Shape_Le_1":499.999996338,"ORIG_FID":340,"txt_OBJECTID_1":"340","txt_OBJECTID":"430","txt_TransectID":"441","txt_BaselineID":"11","txt_GroupID":"1","txt_TransOrder":"441","txt_Azimuth":"252.110000000000014","txt_ShrCount":"5","txt_TCD":"314337.630000000004657","txt_SHAPE_Leng":"500.000000000000000","txt_SCE":"11.750000000000000","txt_NSM":"3.760000000000000","txt_EPR":"0.170000000000000","txt_EPRunc":"1.920000000000000","txt_LRR":"0.150000000000000","txt_LR2":"0.100000000000000","txt_LSE":"5.110000000000000","txt_LCI90":"0.590000000000000","txt_WLR":"0.150000000000000","txt_WR2":"0.100000000000000","txt_WSE":"0.170000000000000","txt_WCI90":"0.590000000000000","txt_Shape_Length":"499.999996338250639","source_feature_index":588,"published_primary_rate_field":"LRR","published_primary_rate_m_per_year":0.15,"dashboard_rate_class":"RELATIVELY_STABLE","dashboard_classification_note":"Display convention only; source numeric value is preserved. Not an official DMCR class.","published_period":"1990-2019","published_dataset":"Shoreline ThaiCoast / Krabi_Points"},"geometry":{"type":"Point","coordinates":[98.99652786917656,7.9070607750819715]}},{"type":"Feature","id":589,"properties":{"OBJECTID":431,"TransectID":442,"BaselineID":11,"GroupID":1,"TransOrder":442,"Azimuth":260.16,"ShrCount":5,"TCD":314837.63,"SHAPE_Leng":500.000000001,"SCE":17.36,"NSM":-17.36,"EPR":-0.78,"EPRunc":1.92,"LRR":-0.49,"LR2":0.39,"LSE":7.15,"LCI90":0.82,"WLR":-0.49,"WR2":0.39,"WSE":0.24,"WCI90":0.82,"Shape_Le_1":499.999952495,"ORIG_FID":341,"txt_OBJECTID_1":"341","txt_OBJECTID":"431","txt_TransectID":"442","txt_BaselineID":"11","txt_GroupID":"1","txt_TransOrder":"442","txt_Azimuth":"260.160000000000025","txt_ShrCount":"5","txt_TCD":"314837.630000000004657","txt_SHAPE_Leng":"500.000000000999989","txt_SCE":"17.359999999999999","txt_NSM":"-17.359999999999999","txt_EPR":"-0.780000000000000","txt_EPRunc":"1.920000000000000","txt_LRR":"-0.490000000000000","txt_LR2":"0.390000000000000","txt_LSE":"7.150000000000000","txt_LCI90":"0.820000000000000","txt_WLR":"-0.490000000000000","txt_WR2":"0.390000000000000","txt_WSE":"0.240000000000000","txt_WCI90":"0.820000000000000","txt_Shape_Length":"499.999952495274272","source_feature_index":589,"published_primary_rate_field":"LRR","published_primary_rate_m_per_year":-0.49,"dashboard_rate_class":"RELATIVELY_STABLE","dashboard_classification_note":"Display convention only; source numeric value is preserved. Not an official DMCR class.","published_period":"1990-2019","published_dataset":"Shoreline ThaiCoast / Krabi_Points"},"geometry":{"type":"Point","coordinates":[98.99585850951938,7.910516250902985]}},{"type":"Feature","id":590,"properties":{"OBJECTID":432,"TransectID":443,"BaselineID":11,"GroupID":1,"TransOrder":443,"Azimuth":262.51,"ShrCount":5,"TCD":315337.63,"SHAPE_Leng":499.999999998,"SCE":24.48,"NSM":-24.48,"EPR":-1.11,"EPRunc":1.92,"LRR":-0.91,"LR2":0.88,"LSE":3.98,"LCI90":0.46,"WLR":-0.91,"WR2":0.88,"WSE":0.13,"WCI90":0.46,"Shape_Le_1":500.000052221,"ORIG_FID":342,"txt_OBJECTID_1":"342","txt_OBJECTID":"432","txt_TransectID":"443","txt_BaselineID":"11","txt_GroupID":"1","txt_TransOrder":"443","txt_Azimuth":"262.509999999999991","txt_ShrCount":"5","txt_TCD":"315337.630000000004657","txt_SHAPE_Leng":"499.999999998000021","txt_SCE":"24.480000000000000","txt_NSM":"-24.480000000000000","txt_EPR":"-1.110000000000000","txt_EPRunc":"1.920000000000000","txt_LRR":"-0.910000000000000","txt_LR2":"0.880000000000000","txt_LSE":"3.980000000000000","txt_LCI90":"0.460000000000000","txt_WLR":"-0.910000000000000","txt_WR2":"0.880000000000000","txt_WSE":"0.130000000000000","txt_WCI90":"0.460000000000000","txt_Shape_Length":"500.000052221490193","source_feature_index":590,"published_primary_rate_field":"LRR","published_primary_rate_m_per_year":-0.91,"dashboard_rate_class":"RETREAT","dashboard_classification_note":"Display convention only; source numeric value is preserved. Not an official DMCR class.","published_period":"1990-2019","published_dataset":"Shoreline ThaiCoast / Krabi_Points"},"geometry":{"type":"Point","coordinates":[98.99547068059975,7.913258975859079]}},{"type":"Feature","id":591,"properties":{"OBJECTID":433,"TransectID":444,"BaselineID":11,"GroupID":1,"TransOrder":444,"Azimuth":254.68,"ShrCount":5,"TCD":315837.63,"SHAPE_Leng":500.000000001,"SCE":33.14,"NSM":13.5,"EPR":0.61,"EPRunc":1.92,"LRR":0.64,"LR2":0.26,"LSE":12.95,"LCI90":1.49,"WLR":0.64,"WR2":0.26,"WSE":0.43,"WCI90":1.49,"Shape_Le_1":499.999998232,"ORIG_FID":343,"txt_OBJECTID_1":"343","txt_OBJECTID":"433","txt_TransectID":"444","txt_BaselineID":"11","txt_GroupID":"1","txt_TransOrder":"444","txt_Azimuth":"254.680000000000007","txt_ShrCount":"5","txt_TCD":"315837.630000000004657","txt_SHAPE_Leng":"500.000000000999989","txt_SCE":"33.140000000000001","txt_NSM":"13.500000000000000","txt_EPR":"0.610000000000000","txt_EPRunc":"1.920000000000000","txt_LRR":"0.640000000000000","txt_LR2":"0.260000000000000","txt_LSE":"12.949999999999999","txt_LCI90":"1.490000000000000","txt_WLR":"0.640000000000000","txt_WR2":"0.260000000000000","txt_WSE":"0.430000000000000","txt_WCI90":"1.490000000000000","txt_Shape_Length":"499.999998232104986","source_feature_index":591,"published_primary_rate_field":"LRR","published_primary_rate_m_per_year":0.64,"dashboard_rate_class":"ACCRETION","dashboard_classification_note":"Display convention only; source numeric value is preserved. Not an official DMCR class.","published_period":"1990-2019","published_dataset":"Shoreline ThaiCoast / Krabi_Points"},"geometry":{"type":"Point","coordinates":[98.99485805830483,7.917959340835753]}},{"type":"Feature","id":592,"properties":{"OBJECTID":434,"TransectID":445,"BaselineID":11,"GroupID":1,"TransOrder":445,"Azimuth":241.07,"ShrCount":5,"TCD":316337.63,"SHAPE_Leng":500.000000001,"SCE":29.5,"NSM":18.17,"EPR":0.82,"EPRunc":1.92,"LRR":0.9,"LR2":0.73,"LSE":6.49,"LCI90":0.74,"WLR":0.9,"WR2":0.73,"WSE":0.22,"WCI90":0.74,"Shape_Le_1":499.999934472,"ORIG_FID":344,"txt_OBJECTID_1":"344","txt_OBJECTID":"434","txt_TransectID":"445","txt_BaselineID":"11","txt_GroupID":"1","txt_TransOrder":"445","txt_Azimuth":"241.069999999999993","txt_ShrCount":"5","txt_TCD":"316337.630000000004657","txt_SHAPE_Leng":"500.000000000999989","txt_SCE":"29.500000000000000","txt_NSM":"18.170000000000002","txt_EPR":"0.820000000000000","txt_EPRunc":"1.920000000000000","txt_LRR":"0.900000000000000","txt_LR2":"0.730000000000000","txt_LSE":"6.490000000000000","txt_LCI90":"0.740000000000000","txt_WLR":"0.900000000000000","txt_WR2":"0.730000000000000","txt_WSE":"0.220000000000000","txt_WCI90":"0.740000000000000","txt_Shape_Length":"499.999934471770359","source_feature_index":592,"published_primary_rate_field":"LRR","published_primary_rate_m_per_year":0.9,"dashboard_rate_class":"ACCRETION","dashboard_classification_note":"Display convention only; source numeric value is preserved. Not an official DMCR class.","published_period":"1990-2019","published_dataset":"Shoreline ThaiCoast / Krabi_Points"},"geometry":{"type":"Point","coordinates":[98.99290760906682,7.922426164605109]}},{"type":"Feature","id":593,"properties":{"OBJECTID":435,"TransectID":446,"BaselineID":11,"GroupID":1,"TransOrder":446,"Azimuth":221.85,"ShrCount":8,"TCD":316837.63,"SHAPE_Leng":500.000000001,"SCE":42.5,"NSM":11.0,"EPR":0.48,"EPRunc":1.86,"LRR":0.2,"LR2":0.01,"LSE":15.21,"LCI90":1.29,"WLR":0.2,"WR2":0.01,"WSE":0.51,"WCI90":1.29,"Shape_Le_1":499.999995377,"ORIG_FID":345,"txt_OBJECTID_1":"345","txt_OBJECTID":"435","txt_TransectID":"446","txt_BaselineID":"11","txt_GroupID":"1","txt_TransOrder":"446","txt_Azimuth":"221.849999999999994","txt_ShrCount":"8","txt_TCD":"316837.630000000004657","txt_SHAPE_Leng":"500.000000000999989","txt_SCE":"42.500000000000000","txt_NSM":"11.000000000000000","txt_EPR":"0.480000000000000","txt_EPRunc":"1.860000000000000","txt_LRR":"0.200000000000000","txt_LR2":"0.010000000000000","txt_LSE":"15.210000000000001","txt_LCI90":"1.290000000000000","txt_WLR":"0.200000000000000","txt_WR2":"0.010000000000000","txt_WSE":"0.510000000000000","txt_WCI90":"1.290000000000000","txt_Shape_Length":"499.999995376661843","source_feature_index":593,"published_primary_rate_field":"LRR","published_primary_rate_m_per_year":0.2,"dashboard_rate_class":"RELATIVELY_STABLE","dashboard_classification_note":"Display convention only; source numeric value is preserved. Not an official DMCR class.","published_period":"1990-2019","published_dataset":"Shoreline ThaiCoast / Krabi_Points"},"geometry":{"type":"Point","coordinates":[98.9903407465474,7.925979412708898]}},{"type":"Feature","id":594,"properties":{"OBJECTID":436,"TransectID":447,"BaselineID":11,"GroupID":1,"TransOrder":447,"Azimuth":207.86,"ShrCount":7,"TCD":317337.63,"SHAPE_Leng":500.000000004,"SCE":40.67,"NSM":29.9,"EPR":1.31,"EPRunc":1.86,"LRR":1.23,"LR2":0.72,"LSE":7.94,"LCI90":0.7,"WLR":1.23,"WR2":0.72,"WSE":0.26,"WCI90":0.7,"Shape_Le_1":500.000025748,"ORIG_FID":346,"txt_OBJECTID_1":"346","txt_OBJECTID":"436","txt_TransectID":"447","txt_BaselineID":"11","txt_GroupID":"1","txt_TransOrder":"447","txt_Azimuth":"207.860000000000014","txt_ShrCount":"7","txt_TCD":"317337.630000000004657","txt_SHAPE_Leng":"500.000000004000015","txt_SCE":"40.670000000000002","txt_NSM":"29.899999999999999","txt_EPR":"1.310000000000000","txt_EPRunc":"1.860000000000000","txt_LRR":"1.230000000000000","txt_LR2":"0.720000000000000","txt_LSE":"7.940000000000000","txt_LCI90":"0.700000000000000","txt_WLR":"1.230000000000000","txt_WR2":"0.720000000000000","txt_WSE":"0.260000000000000","txt_WCI90":"0.700000000000000","txt_Shape_Length":"500.000025747642781","source_feature_index":594,"published_primary_rate_field":"LRR","published_primary_rate_m_per_year":1.23,"dashboard_rate_class":"ACCRETION","dashboard_classification_note":"Display convention only; source numeric value is preserved. Not an official DMCR class.","published_period":"1990-2019","published_dataset":"Shoreline ThaiCoast / Krabi_Points"},"geometry":{"type":"Point","coordinates":[98.98683811585259,7.927925354703912]}},{"type":"Feature","id":595,"properties":{"OBJECTID":440,"TransectID":451,"BaselineID":14,"GroupID":1,"TransOrder":451,"Azimuth":85.67,"ShrCount":13,"TCD":347468.12,"SHAPE_Leng":500.000000003,"SCE":61.58,"NSM":3.9,"EPR":0.15,"EPRunc":1.63,"LRR":0.05,"LR2":0.0,"LSE":15.52,"LCI90":0.85,"WLR":0.05,"WR2":0.0,"WSE":0.52,"WCI90":0.85,"Shape_Le_1":500.000018313,"ORIG_FID":347,"txt_OBJECTID_1":"347","txt_OBJECTID":"440","txt_TransectID":"451","txt_BaselineID":"14","txt_GroupID":"1","txt_TransOrder":"451","txt_Azimuth":"85.670000000000002","txt_ShrCount":"13","txt_TCD":"347468.119999999995343","txt_SHAPE_Leng":"500.000000003000025","txt_SCE":"61.579999999999998","txt_NSM":"3.900000000000000","txt_EPR":"0.150000000000000","txt_EPRunc":"1.630000000000000","txt_LRR":"0.050000000000000","txt_LR2":"0.000000000000000","txt_LSE":"15.520000000000000","txt_LCI90":"0.850000000000000","txt_WLR":"0.050000000000000","txt_WR2":"0.000000000000000","txt_WSE":"0.520000000000000","txt_WCI90":"0.850000000000000","txt_Shape_Length":"500.000018313341059","source_feature_index":595,"published_primary_rate_field":"LRR","published_primary_rate_m_per_year":0.05,"dashboard_rate_class":"RELATIVELY_STABLE","dashboard_classification_note":"Display convention only; source numeric value is preserved. Not an official DMCR class.","published_period":"1990-2019","published_dataset":"Shoreline ThaiCoast / Krabi_Points"},"geometry":{"type":"Point","coordinates":[98.95792184527754,8.005751446674195]}},{"type":"Feature","id":596,"properties":{"OBJECTID":441,"TransectID":452,"BaselineID":14,"GroupID":1,"TransOrder":452,"Azimuth":82.61,"ShrCount":11,"TCD":347968.12,"SHAPE_Leng":499.999999996,"SCE":74.55,"NSM":7.64,"EPR":0.33,"EPRunc":1.81,"LRR":0.21,"LR2":0.01,"LSE":24.41,"LCI90":1.62,"WLR":0.21,"WR2":0.01,"WSE":0.81,"WCI90":1.62,"Shape_Le_1":499.999938559,"ORIG_FID":348,"txt_OBJECTID_1":"348","txt_OBJECTID":"441","txt_TransectID":"452","txt_BaselineID":"14","txt_GroupID":"1","txt_TransOrder":"452","txt_Azimuth":"82.609999999999999","txt_ShrCount":"11","txt_TCD":"347968.119999999995343","txt_SHAPE_Leng":"499.999999995999985","txt_SCE":"74.549999999999997","txt_NSM":"7.640000000000000","txt_EPR":"0.330000000000000","txt_EPRunc":"1.810000000000000","txt_LRR":"0.210000000000000","txt_LR2":"0.010000000000000","txt_LSE":"24.410000000000000","txt_LCI90":"1.620000000000000","txt_WLR":"0.210000000000000","txt_WR2":"0.010000000000000","txt_WSE":"0.810000000000000","txt_WCI90":"1.620000000000000","txt_Shape_Length":"499.999938558664212","source_feature_index":596,"published_primary_rate_field":"LRR","published_primary_rate_m_per_year":0.21,"dashboard_rate_class":"RELATIVELY_STABLE","dashboard_classification_note":"Display convention only; source numeric value is preserved. Not an official DMCR class.","published_period":"1990-2019","published_dataset":"Shoreline ThaiCoast / Krabi_Points"},"geometry":{"type":"Point","coordinates":[98.95782591197928,8.001353975237828]}},{"type":"Feature","id":597,"properties":{"OBJECTID":442,"TransectID":453,"BaselineID":14,"GroupID":1,"TransOrder":453,"Azimuth":72.63,"ShrCount":8,"TCD":348468.12,"SHAPE_Leng":500.0,"SCE":76.06,"NSM":-9.8,"EPR":-0.39,"EPRunc":1.69,"LRR":-0.32,"LR2":0.01,"LSE":30.34,"LCI90":2.23,"WLR":-0.32,"WR2":0.01,"WSE":1.01,"WCI90":2.23,"Shape_Le_1":500.000008406,"ORIG_FID":349,"txt_OBJECTID_1":"349","txt_OBJECTID":"442","txt_TransectID":"453","txt_BaselineID":"14","txt_GroupID":"1","txt_TransOrder":"453","txt_Azimuth":"72.629999999999995","txt_ShrCount":"8","txt_TCD":"348468.119999999995343","txt_SHAPE_Leng":"500.000000000000000","txt_SCE":"76.060000000000002","txt_NSM":"-9.800000000000001","txt_EPR":"-0.390000000000000","txt_EPRunc":"1.690000000000000","txt_LRR":"-0.320000000000000","txt_LR2":"0.010000000000000","txt_LSE":"30.340000000000000","txt_LCI90":"2.230000000000000","txt_WLR":"-0.320000000000000","txt_WR2":"0.010000000000000","txt_WSE":"1.010000000000000","txt_WCI90":"2.230000000000000","txt_Shape_Length":"500.000008406004667","source_feature_index":597,"published_primary_rate_field":"LRR","published_primary_rate_m_per_year":-0.32,"dashboard_rate_class":"RELATIVELY_STABLE","dashboard_classification_note":"Display convention only; source numeric value is preserved. Not an official DMCR class.","published_period":"1990-2019","published_dataset":"Shoreline ThaiCoast / Krabi_Points"},"geometry":{"type":"Point","coordinates":[98.95906972289077,7.9971789254361925]}},{"type":"Feature","id":598,"properties":{"OBJECTID":443,"TransectID":454,"BaselineID":14,"GroupID":1,"TransOrder":454,"Azimuth":70.44,"ShrCount":5,"TCD":348968.12,"SHAPE_Leng":499.999999999,"SCE":77.05,"NSM":-5.06,"EPR":-0.22,"EPRunc":1.8,"LRR":0.67,"LR2":0.06,"LSE":32.84,"LCI90":3.7,"WLR":0.67,"WR2":0.06,"WSE":1.09,"WCI90":3.7,"Shape_Le_1":499.999991686,"ORIG_FID":350,"txt_OBJECTID_1":"350","txt_OBJECTID":"443","txt_TransectID":"454","txt_BaselineID":"14","txt_GroupID":"1","txt_TransOrder":"454","txt_Azimuth":"70.439999999999998","txt_ShrCount":"5","txt_TCD":"348968.119999999995343","txt_SHAPE_Leng":"499.999999999000011","txt_SCE":"77.049999999999997","txt_NSM":"-5.060000000000000","txt_EPR":"-0.220000000000000","txt_EPRunc":"1.800000000000000","txt_LRR":"0.670000000000000","txt_LR2":"0.060000000000000","txt_LSE":"32.840000000000003","txt_LCI90":"3.700000000000000","txt_WLR":"0.670000000000000","txt_WR2":"0.060000000000000","txt_WSE":"1.090000000000000","txt_WCI90":"3.700000000000000","txt_Shape_Length":"499.999991685986288","source_feature_index":598,"published_primary_rate_field":"LRR","published_primary_rate_m_per_year":0.67,"dashboard_rate_class":"ACCRETION","dashboard_classification_note":"Display convention only; source numeric value is preserved. Not an official DMCR class.","published_period":"1990-2019","published_dataset":"Shoreline ThaiCoast / Krabi_Points"},"geometry":{"type":"Point","coordinates":[98.96040588146484,7.993025254877676]}},{"type":"Feature","id":599,"properties":{"OBJECTID":449,"TransectID":460,"BaselineID":14,"GroupID":1,"TransOrder":460,"Azimuth":233.76,"ShrCount":12,"TCD":351968.12,"SHAPE_Leng":500.000000003,"SCE":99.52,"NSM":31.49,"EPR":1.21,"EPRunc":1.63,"LRR":0.13,"LR2":0.0,"LSE":30.5,"LCI90":1.7,"WLR":0.13,"WR2":0.0,"WSE":1.02,"WCI90":1.7,"Shape_Le_1":499.999988965,"ORIG_FID":351,"txt_OBJECTID_1":"351","txt_OBJECTID":"449","txt_TransectID":"460","txt_BaselineID":"14","txt_GroupID":"1","txt_TransOrder":"460","txt_Azimuth":"233.759999999999991","txt_ShrCount":"12","txt_TCD":"351968.119999999995343","txt_SHAPE_Leng":"500.000000003000025","txt_SCE":"99.519999999999996","txt_NSM":"31.489999999999998","txt_EPR":"1.210000000000000","txt_EPRunc":"1.630000000000000","txt_LRR":"0.130000000000000","txt_LR2":"0.000000000000000","txt_LSE":"30.500000000000000","txt_LCI90":"1.700000000000000","txt_WLR":"0.130000000000000","txt_WR2":"0.000000000000000","txt_WSE":"1.020000000000000","txt_WCI90":"1.700000000000000","txt_Shape_Length":"499.999988965028081","source_feature_index":599,"published_primary_rate_field":"LRR","published_primary_rate_m_per_year":0.13,"dashboard_rate_class":"RELATIVELY_STABLE","dashboard_classification_note":"Display convention only; source numeric value is preserved. Not an official DMCR class.","published_period":"1990-2019","published_dataset":"Shoreline ThaiCoast / Krabi_Points"},"geometry":{"type":"Point","coordinates":[98.95724830702974,7.991973364751996]}},{"type":"Feature","id":600,"properties":{"OBJECTID":450,"TransectID":461,"BaselineID":14,"GroupID":1,"TransOrder":461,"Azimuth":215.21,"ShrCount":13,"TCD":352468.12,"SHAPE_Leng":499.999999997,"SCE":98.72,"NSM":51.31,"EPR":1.97,"EPRunc":1.63,"LRR":2.0,"LR2":0.52,"LSE":19.06,"LCI90":1.04,"WLR":2.0,"WR2":0.52,"WSE":0.64,"WCI90":1.04,"Shape_Le_1":500.000030231,"ORIG_FID":352,"txt_OBJECTID_1":"352","txt_OBJECTID":"450","txt_TransectID":"461","txt_BaselineID":"14","txt_GroupID":"1","txt_TransOrder":"461","txt_Azimuth":"215.210000000000008","txt_ShrCount":"13","txt_TCD":"352468.119999999995343","txt_SHAPE_Leng":"499.999999996999975","txt_SCE":"98.719999999999999","txt_NSM":"51.310000000000002","txt_EPR":"1.970000000000000","txt_EPRunc":"1.630000000000000","txt_LRR":"2.000000000000000","txt_LR2":"0.520000000000000","txt_LSE":"19.059999999999999","txt_LCI90":"1.040000000000000","txt_WLR":"2.000000000000000","txt_WR2":"0.520000000000000","txt_WSE":"0.640000000000000","txt_WCI90":"1.040000000000000","txt_Shape_Length":"500.000030230963603","source_feature_index":600,"published_primary_rate_field":"LRR","published_primary_rate_m_per_year":2.0,"dashboard_rate_class":"STRONG_ACCRETION","dashboard_classification_note":"Display convention only; source numeric value is preserved. Not an official DMCR class.","published_period":"1990-2019","published_dataset":"Shoreline ThaiCoast / Krabi_Points"},"geometry":{"type":"Point","coordinates":[98.95434910170312,7.995982393884039]}},{"type":"Feature","id":601,"properties":{"OBJECTID":451,"TransectID":462,"BaselineID":14,"GroupID":1,"TransOrder":462,"Azimuth":170.58,"ShrCount":14,"TCD":352968.12,"SHAPE_Leng":500.000000001,"SCE":64.12,"NSM":20.88,"EPR":0.8,"EPRunc":1.63,"LRR":0.5,"LR2":0.06,"LSE":18.41,"LCI90":1.0,"WLR":0.5,"WR2":0.06,"WSE":0.61,"WCI90":1.0,"Shape_Le_1":499.999972207,"ORIG_FID":353,"txt_OBJECTID_1":"353","txt_OBJECTID":"451","txt_TransectID":"462","txt_BaselineID":"14","txt_GroupID":"1","txt_TransOrder":"462","txt_Azimuth":"170.580000000000013","txt_ShrCount":"14","txt_TCD":"352968.119999999995343","txt_SHAPE_Leng":"500.000000000999989","txt_SCE":"64.120000000000005","txt_NSM":"20.879999999999999","txt_EPR":"0.800000000000000","txt_EPRunc":"1.630000000000000","txt_LRR":"0.500000000000000","txt_LR2":"0.060000000000000","txt_LSE":"18.410000000000000","txt_LCI90":"1.000000000000000","txt_WLR":"0.500000000000000","txt_WR2":"0.060000000000000","txt_WSE":"0.610000000000000","txt_WCI90":"1.000000000000000","txt_Shape_Length":"499.999972206779603","source_feature_index":601,"published_primary_rate_field":"LRR","published_primary_rate_m_per_year":0.5,"dashboard_rate_class":"RELATIVELY_STABLE","dashboard_classification_note":"Display convention only; source numeric value is preserved. Not an official DMCR class.","published_period":"1990-2019","published_dataset":"Shoreline ThaiCoast / Krabi_Points"},"geometry":{"type":"Point","coordinates":[98.94882420569138,7.997243303472816]}},{"type":"Feature","id":602,"properties":{"OBJECTID":452,"TransectID":463,"BaselineID":14,"GroupID":1,"TransOrder":463,"Azimuth":132.06,"ShrCount":13,"TCD":353468.12,"SHAPE_Leng":500.000000003,"SCE":63.09,"NSM":18.77,"EPR":0.72,"EPRunc":1.63,"LRR":0.59,"LR2":0.11,"LSE":16.6,"LCI90":0.92,"WLR":0.59,"WR2":0.11,"WSE":0.55,"WCI90":0.92,"Shape_Le_1":499.999933497,"ORIG_FID":354,"txt_OBJECTID_1":"354","txt_OBJECTID":"452","txt_TransectID":"463","txt_BaselineID":"14","txt_GroupID":"1","txt_TransOrder":"463","txt_Azimuth":"132.060000000000002","txt_ShrCount":"13","txt_TCD":"353468.119999999995343","txt_SHAPE_Leng":"500.000000003000025","txt_SCE":"63.090000000000003","txt_NSM":"18.770000000000000","txt_EPR":"0.720000000000000","txt_EPRunc":"1.630000000000000","txt_LRR":"0.590000000000000","txt_LR2":"0.110000000000000","txt_LSE":"16.600000000000001","txt_LCI90":"0.920000000000000","txt_WLR":"0.590000000000000","txt_WR2":"0.110000000000000","txt_WSE":"0.550000000000000","txt_WCI90":"0.920000000000000","txt_Shape_Length":"499.999933496951598","source_feature_index":602,"published_primary_rate_field":"LRR","published_primary_rate_m_per_year":0.59,"dashboard_rate_class":"ACCRETION","dashboard_classification_note":"Display convention only; source numeric value is preserved. Not an official DMCR class.","published_period":"1990-2019","published_dataset":"Shoreline ThaiCoast / Krabi_Points"},"geometry":{"type":"Point","coordinates":[98.94373835608606,7.994388818117687]}},{"type":"Feature","id":603,"properties":{"OBJECTID":453,"TransectID":464,"BaselineID":14,"GroupID":1,"TransOrder":464,"Azimuth":94.77,"ShrCount":14,"TCD":353968.12,"SHAPE_Leng":500.000000001,"SCE":89.19,"NSM":35.49,"EPR":1.37,"EPRunc":1.63,"LRR":1.19,"LR2":0.16,"LSE":25.44,"LCI90":1.38,"WLR":1.19,"WR2":0.16,"WSE":0.85,"WCI90":1.38,"Shape_Le_1":499.999959746,"ORIG_FID":355,"txt_OBJECTID_1":"355","txt_OBJECTID":"453","txt_TransectID":"464","txt_BaselineID":"14","txt_GroupID":"1","txt_TransOrder":"464","txt_Azimuth":"94.769999999999996","txt_ShrCount":"14","txt_TCD":"353968.119999999995343","txt_SHAPE_Leng":"500.000000000999989","txt_SCE":"89.189999999999998","txt_NSM":"35.490000000000002","txt_EPR":"1.370000000000000","txt_EPRunc":"1.630000000000000","txt_LRR":"1.190000000000000","txt_LR2":"0.160000000000000","txt_LSE":"25.440000000000001","txt_LCI90":"1.380000000000000","txt_WLR":"1.190000000000000","txt_WR2":"0.160000000000000","txt_WSE":"0.850000000000000","txt_WCI90":"1.380000000000000","txt_Shape_Length":"499.999959746474190","source_feature_index":603,"published_primary_rate_field":"LRR","published_primary_rate_m_per_year":1.19,"dashboard_rate_class":"ACCRETION","dashboard_classification_note":"Display convention only; source numeric value is preserved. Not an official DMCR class.","published_period":"1990-2019","published_dataset":"Shoreline ThaiCoast / Krabi_Points"},"geometry":{"type":"Point","coordinates":[98.94141107010203,7.989095446828854]}},{"type":"Feature","id":604,"properties":{"OBJECTID":454,"TransectID":465,"BaselineID":14,"GroupID":1,"TransOrder":465,"Azimuth":70.9,"ShrCount":13,"TCD":354468.12,"SHAPE_Leng":499.999999998,"SCE":53.72,"NSM":-9.86,"EPR":-0.38,"EPRunc":1.63,"LRR":-0.79,"LR2":0.21,"LSE":15.01,"LCI90":0.83,"WLR":-0.79,"WR2":0.21,"WSE":0.5,"WCI90":0.83,"Shape_Le_1":499.999981024,"ORIG_FID":356,"txt_OBJECTID_1":"356","txt_OBJECTID":"454","txt_TransectID":"465","txt_BaselineID":"14","txt_GroupID":"1","txt_TransOrder":"465","txt_Azimuth":"70.900000000000006","txt_ShrCount":"13","txt_TCD":"354468.119999999995343","txt_SHAPE_Leng":"499.999999998000021","txt_SCE":"53.719999999999999","txt_NSM":"-9.859999999999999","txt_EPR":"-0.380000000000000","txt_EPRunc":"1.630000000000000","txt_LRR":"-0.790000000000000","txt_LR2":"0.210000000000000","txt_LSE":"15.010000000000000","txt_LCI90":"0.830000000000000","txt_WLR":"-0.790000000000000","txt_WR2":"0.210000000000000","txt_WSE":"0.500000000000000","txt_WCI90":"0.830000000000000","txt_Shape_Length":"499.999981023575231","source_feature_index":604,"published_primary_rate_field":"LRR","published_primary_rate_m_per_year":-0.79,"dashboard_rate_class":"RETREAT","dashboard_classification_note":"Display convention only; source numeric value is preserved. Not an official DMCR class.","published_period":"1990-2019","published_dataset":"Shoreline ThaiCoast / Krabi_Points"},"geometry":{"type":"Point","coordinates":[98.94259662281642,7.983956695930088]}},{"type":"Feature","id":605,"properties":{"OBJECTID":455,"TransectID":466,"BaselineID":14,"GroupID":1,"TransOrder":466,"Azimuth":64.94,"ShrCount":13,"TCD":354968.12,"SHAPE_Leng":499.999999999,"SCE":55.6,"NSM":-24.46,"EPR":-0.94,"EPRunc":1.63,"LRR":-1.17,"LR2":0.34,"LSE":16.23,"LCI90":0.89,"WLR":-1.17,"WR2":0.34,"WSE":0.54,"WCI90":0.89,"Shape_Le_1":499.999962039,"ORIG_FID":357,"txt_OBJECTID_1":"357","txt_OBJECTID":"455","txt_TransectID":"466","txt_BaselineID":"14","txt_GroupID":"1","txt_TransOrder":"466","txt_Azimuth":"64.939999999999998","txt_ShrCount":"13","txt_TCD":"354968.119999999995343","txt_SHAPE_Leng":"499.999999999000011","txt_SCE":"55.600000000000001","txt_NSM":"-24.460000000000001","txt_EPR":"-0.940000000000000","txt_EPRunc":"1.630000000000000","txt_LRR":"-1.170000000000000","txt_LR2":"0.340000000000000","txt_LSE":"16.230000000000000","txt_LCI90":"0.890000000000000","txt_WLR":"-1.170000000000000","txt_WR2":"0.340000000000000","txt_WSE":"0.540000000000000","txt_WCI90":"0.890000000000000","txt_Shape_Length":"499.999962038896570","source_feature_index":605,"published_primary_rate_field":"LRR","published_primary_rate_m_per_year":-1.17,"dashboard_rate_class":"RETREAT","dashboard_classification_note":"Display convention only; source numeric value is preserved. Not an official DMCR class.","published_period":"1990-2019","published_dataset":"Shoreline ThaiCoast / Krabi_Points"},"geometry":{"type":"Point","coordinates":[98.94451119977889,7.979623930413557]}},{"type":"Feature","id":606,"properties":{"OBJECTID":456,"TransectID":467,"BaselineID":14,"GroupID":1,"TransOrder":467,"Azimuth":58.72,"ShrCount":14,"TCD":355468.12,"SHAPE_Leng":499.999999995,"SCE":44.92,"NSM":-32.23,"EPR":-1.24,"EPRunc":1.63,"LRR":-1.3,"LR2":0.56,"LSE":10.98,"LCI90":0.6,"WLR":-1.3,"WR2":0.56,"WSE":0.37,"WCI90":0.6,"Shape_Le_1":500.00000979,"ORIG_FID":358,"txt_OBJECTID_1":"358","txt_OBJECTID":"456","txt_TransectID":"467","txt_BaselineID":"14","txt_GroupID":"1","txt_TransOrder":"467","txt_Azimuth":"58.719999999999999","txt_ShrCount":"14","txt_TCD":"355468.119999999995343","txt_SHAPE_Leng":"499.999999994999996","txt_SCE":"44.920000000000002","txt_NSM":"-32.229999999999997","txt_EPR":"-1.240000000000000","txt_EPRunc":"1.630000000000000","txt_LRR":"-1.300000000000000","txt_LR2":"0.560000000000000","txt_LSE":"10.980000000000000","txt_LCI90":"0.600000000000000","txt_WLR":"-1.300000000000000","txt_WR2":"0.560000000000000","txt_WSE":"0.370000000000000","txt_WCI90":"0.600000000000000","txt_Shape_Length":"500.000009790332399","source_feature_index":606,"published_primary_rate_field":"LRR","published_primary_rate_m_per_year":-1.3,"dashboard_rate_class":"RETREAT","dashboard_classification_note":"Display convention only; source numeric value is preserved. Not an official DMCR class.","published_period":"1990-2019","published_dataset":"Shoreline ThaiCoast / Krabi_Points"},"geometry":{"type":"Point","coordinates":[98.94661906100188,7.975387032916192]}},{"type":"Feature","id":607,"properties":{"OBJECTID":457,"TransectID":468,"BaselineID":14,"GroupID":1,"TransOrder":468,"Azimuth":48.37,"ShrCount":13,"TCD":355968.12,"SHAPE_Leng":499.999999999,"SCE":61.07,"NSM":-29.87,"EPR":-1.15,"EPRunc":1.63,"LRR":-1.23,"LR2":0.38,"LSE":15.46,"LCI90":0.85,"WLR":-1.23,"WR2":0.38,"WSE":0.52,"WCI90":0.85,"Shape_Le_1":499.999975976,"ORIG_FID":359,"txt_OBJECTID_1":"359","txt_OBJECTID":"457","txt_TransectID":"468","txt_BaselineID":"14","txt_GroupID":"1","txt_TransOrder":"468","txt_Azimuth":"48.369999999999997","txt_ShrCount":"13","txt_TCD":"355968.119999999995343","txt_SHAPE_Leng":"499.999999999000011","txt_SCE":"61.070000000000000","txt_NSM":"-29.870000000000001","txt_EPR":"-1.150000000000000","txt_EPRunc":"1.630000000000000","txt_LRR":"-1.230000000000000","txt_LR2":"0.380000000000000","txt_LSE":"15.460000000000001","txt_LCI90":"0.850000000000000","txt_WLR":"-1.230000000000000","txt_WR2":"0.380000000000000","txt_WSE":"0.520000000000000","txt_WCI90":"0.850000000000000","txt_Shape_Length":"499.999975976033738","source_feature_index":607,"published_primary_rate_field":"LRR","published_primary_rate_m_per_year":-1.23,"dashboard_rate_class":"RETREAT","dashboard_classification_note":"Display convention only; source numeric value is preserved. Not an official DMCR class.","published_period":"1990-2019","published_dataset":"Shoreline ThaiCoast / Krabi_Points"},"geometry":{"type":"Point","coordinates":[98.94952877677633,7.971438130035125]}},{"type":"Feature","id":608,"properties":{"OBJECTID":458,"TransectID":469,"BaselineID":14,"GroupID":1,"TransOrder":469,"Azimuth":53.4,"ShrCount":14,"TCD":356468.12,"SHAPE_Leng":500.000000001,"SCE":52.13,"NSM":-32.05,"EPR":-1.23,"EPRunc":1.63,"LRR":-1.24,"LR2":0.48,"LSE":12.15,"LCI90":0.66,"WLR":-1.24,"WR2":0.48,"WSE":0.4,"WCI90":0.66,"Shape_Le_1":500.000027531,"ORIG_FID":360,"txt_OBJECTID_1":"360","txt_OBJECTID":"458","txt_TransectID":"469","txt_BaselineID":"14","txt_GroupID":"1","txt_TransOrder":"469","txt_Azimuth":"53.399999999999999","txt_ShrCount":"14","txt_TCD":"356468.119999999995343","txt_SHAPE_Leng":"500.000000000999989","txt_SCE":"52.130000000000003","txt_NSM":"-32.049999999999997","txt_EPR":"-1.230000000000000","txt_EPRunc":"1.630000000000000","txt_LRR":"-1.240000000000000","txt_LR2":"0.480000000000000","txt_LSE":"12.150000000000000","txt_LCI90":"0.660000000000000","txt_WLR":"-1.240000000000000","txt_WR2":"0.480000000000000","txt_WSE":"0.400000000000000","txt_WCI90":"0.660000000000000","txt_Shape_Length":"500.000027531111925","source_feature_index":608,"published_primary_rate_field":"LRR","published_primary_rate_m_per_year":-1.24,"dashboard_rate_class":"RETREAT","dashboard_classification_note":"Display convention only; source numeric value is preserved. Not an official DMCR class.","published_period":"1990-2019","published_dataset":"Shoreline ThaiCoast / Krabi_Points"},"geometry":{"type":"Point","coordinates":[98.95261494654333,7.9686221100372245]}},{"type":"Feature","id":609,"properties":{"OBJECTID":459,"TransectID":470,"BaselineID":14,"GroupID":1,"TransOrder":470,"Azimuth":60.85,"ShrCount":14,"TCD":356968.12,"SHAPE_Leng":500.0,"SCE":65.09,"NSM":-28.64,"EPR":-1.1,"EPRunc":1.63,"LRR":-0.92,"LR2":0.17,"LSE":18.98,"LCI90":1.03,"WLR":-0.92,"WR2":0.17,"WSE":0.63,"WCI90":1.03,"Shape_Le_1":500.000030361,"ORIG_FID":361,"txt_OBJECTID_1":"361","txt_OBJECTID":"459","txt_TransectID":"470","txt_BaselineID":"14","txt_GroupID":"1","txt_TransOrder":"470","txt_Azimuth":"60.850000000000001","txt_ShrCount":"14","txt_TCD":"356968.119999999995343","txt_SHAPE_Leng":"500.000000000000000","txt_SCE":"65.090000000000003","txt_NSM":"-28.640000000000001","txt_EPR":"-1.100000000000000","txt_EPRunc":"1.630000000000000","txt_LRR":"-0.920000000000000","txt_LR2":"0.170000000000000","txt_LSE":"18.980000000000000","txt_LCI90":"1.030000000000000","txt_WLR":"-0.920000000000000","txt_WR2":"0.170000000000000","txt_WSE":"0.630000000000000","txt_WCI90":"1.030000000000000","txt_Shape_Length":"500.000030361347854","source_feature_index":609,"published_primary_rate_field":"LRR","published_primary_rate_m_per_year":-0.92,"dashboard_rate_class":"RETREAT","dashboard_classification_note":"Display convention only; source numeric value is preserved. Not an official DMCR class.","published_period":"1990-2019","published_dataset":"Shoreline ThaiCoast / Krabi_Points"},"geometry":{"type":"Point","coordinates":[98.95424885175535,7.965121969434475]}},{"type":"Feature","id":610,"properties":{"OBJECTID":460,"TransectID":471,"BaselineID":14,"GroupID":1,"TransOrder":471,"Azimuth":57.24,"ShrCount":13,"TCD":357468.12,"SHAPE_Leng":499.999999998,"SCE":62.89,"NSM":-40.55,"EPR":-1.56,"EPRunc":1.63,"LRR":-1.65,"LR2":0.51,"LSE":16.02,"LCI90":0.88,"WLR":-1.65,"WR2":0.51,"WSE":0.53,"WCI90":0.88,"Shape_Le_1":500.00001903,"ORIG_FID":362,"txt_OBJECTID_1":"362","txt_OBJECTID":"460","txt_TransectID":"471","txt_BaselineID":"14","txt_GroupID":"1","txt_TransOrder":"471","txt_Azimuth":"57.240000000000002","txt_ShrCount":"13","txt_TCD":"357468.119999999995343","txt_SHAPE_Leng":"499.999999998000021","txt_SCE":"62.890000000000001","txt_NSM":"-40.549999999999997","txt_EPR":"-1.560000000000000","txt_EPRunc":"1.630000000000000","txt_LRR":"-1.650000000000000","txt_LR2":"0.510000000000000","txt_LSE":"16.020000000000000","txt_LCI90":"0.880000000000000","txt_WLR":"-1.650000000000000","txt_WR2":"0.510000000000000","txt_WSE":"0.530000000000000","txt_WCI90":"0.880000000000000","txt_Shape_Length":"500.000019029594966","source_feature_index":610,"published_primary_rate_field":"LRR","published_primary_rate_m_per_year":-1.65,"dashboard_rate_class":"RETREAT","dashboard_classification_note":"Display convention only; source numeric value is preserved. Not an official DMCR class.","published_period":"1990-2019","published_dataset":"Shoreline ThaiCoast / Krabi_Points"},"geometry":{"type":"Point","coordinates":[98.95672163105607,7.9612529503046074]}},{"type":"Feature","id":611,"properties":{"OBJECTID":461,"TransectID":472,"BaselineID":14,"GroupID":1,"TransOrder":472,"Azimuth":62.33,"ShrCount":14,"TCD":357968.12,"SHAPE_Leng":499.999999999,"SCE":51.7,"NSM":-34.69,"EPR":-1.33,"EPRunc":1.63,"LRR":-1.31,"LR2":0.49,"LSE":12.78,"LCI90":0.69,"WLR":-1.31,"WR2":0.49,"WSE":0.43,"WCI90":0.69,"Shape_Le_1":500.000008757,"ORIG_FID":363,"txt_OBJECTID_1":"363","txt_OBJECTID":"461","txt_TransectID":"472","txt_BaselineID":"14","txt_GroupID":"1","txt_TransOrder":"472","txt_Azimuth":"62.329999999999998","txt_ShrCount":"14","txt_TCD":"357968.119999999995343","txt_SHAPE_Leng":"499.999999999000011","txt_SCE":"51.700000000000003","txt_NSM":"-34.689999999999998","txt_EPR":"-1.330000000000000","txt_EPRunc":"1.630000000000000","txt_LRR":"-1.310000000000000","txt_LR2":"0.490000000000000","txt_LSE":"12.779999999999999","txt_LCI90":"0.690000000000000","txt_WLR":"-1.310000000000000","txt_WR2":"0.490000000000000","txt_WSE":"0.430000000000000","txt_WCI90":"0.690000000000000","txt_Shape_Length":"500.000008756681950","source_feature_index":611,"published_primary_rate_field":"LRR","published_primary_rate_m_per_year":-1.31,"dashboard_rate_class":"RETREAT","dashboard_classification_note":"Display convention only; source numeric value is preserved. Not an official DMCR class.","published_period":"1990-2019","published_dataset":"Shoreline ThaiCoast / Krabi_Points"},"geometry":{"type":"Point","coordinates":[98.95892449493721,7.957887156347723]}},{"type":"Feature","id":612,"properties":{"OBJECTID":462,"TransectID":473,"BaselineID":14,"GroupID":1,"TransOrder":473,"Azimuth":64.93,"ShrCount":13,"TCD":358468.12,"SHAPE_Leng":500.000000002,"SCE":58.97,"NSM":-11.09,"EPR":-0.43,"EPRunc":1.63,"LRR":-0.72,"LR2":0.17,"LSE":15.78,"LCI90":0.87,"WLR":-0.72,"WR2":0.17,"WSE":0.53,"WCI90":0.87,"Shape_Le_1":499.999985873,"ORIG_FID":364,"txt_OBJECTID_1":"364","txt_OBJECTID":"462","txt_TransectID":"473","txt_BaselineID":"14","txt_GroupID":"1","txt_TransOrder":"473","txt_Azimuth":"64.930000000000007","txt_ShrCount":"13","txt_TCD":"358468.119999999995343","txt_SHAPE_Leng":"500.000000001999979","txt_SCE":"58.969999999999999","txt_NSM":"-11.090000000000000","txt_EPR":"-0.430000000000000","txt_EPRunc":"1.630000000000000","txt_LRR":"-0.720000000000000","txt_LR2":"0.170000000000000","txt_LSE":"15.779999999999999","txt_LCI90":"0.870000000000000","txt_WLR":"-0.720000000000000","txt_WR2":"0.170000000000000","txt_WSE":"0.530000000000000","txt_WCI90":"0.870000000000000","txt_Shape_Length":"499.999985872866489","source_feature_index":612,"published_primary_rate_field":"LRR","published_primary_rate_m_per_year":-0.72,"dashboard_rate_class":"RETREAT","dashboard_classification_note":"Display convention only; source numeric value is preserved. Not an official DMCR class.","published_period":"1990-2019","published_dataset":"Shoreline ThaiCoast / Krabi_Points"},"geometry":{"type":"Point","coordinates":[98.96058490053639,7.953895291899767]}},{"type":"Feature","id":613,"properties":{"OBJECTID":463,"TransectID":474,"BaselineID":14,"GroupID":1,"TransOrder":474,"Azimuth":62.07,"ShrCount":14,"TCD":358968.12,"SHAPE_Leng":499.999999999,"SCE":53.0,"NSM":-25.3,"EPR":-0.97,"EPRunc":1.63,"LRR":-0.86,"LR2":0.22,"LSE":15.34,"LCI90":0.83,"WLR":-0.86,"WR2":0.22,"WSE":0.51,"WCI90":0.83,"Shape_Le_1":500.000012344,"ORIG_FID":365,"txt_OBJECTID_1":"365","txt_OBJECTID":"463","txt_TransectID":"474","txt_BaselineID":"14","txt_GroupID":"1","txt_TransOrder":"474","txt_Azimuth":"62.070000000000000","txt_ShrCount":"14","txt_TCD":"358968.119999999995343","txt_SHAPE_Leng":"499.999999999000011","txt_SCE":"53.000000000000000","txt_NSM":"-25.300000000000001","txt_EPR":"-0.970000000000000","txt_EPRunc":"1.630000000000000","txt_LRR":"-0.860000000000000","txt_LR2":"0.220000000000000","txt_LSE":"15.340000000000000","txt_LCI90":"0.830000000000000","txt_WLR":"-0.860000000000000","txt_WR2":"0.220000000000000","txt_WSE":"0.510000000000000","txt_WCI90":"0.830000000000000","txt_Shape_Length":"500.000012343794367","source_feature_index":613,"published_primary_rate_field":"LRR","published_primary_rate_m_per_year":-0.86,"dashboard_rate_class":"RETREAT","dashboard_classification_note":"Display convention only; source numeric value is preserved. Not an official DMCR class.","published_period":"1990-2019","published_dataset":"Shoreline ThaiCoast / Krabi_Points"},"geometry":{"type":"Point","coordinates":[98.9627157591124,7.949811725778122]}},{"type":"Feature","id":614,"properties":{"OBJECTID":464,"TransectID":475,"BaselineID":14,"GroupID":1,"TransOrder":475,"Azimuth":62.66,"ShrCount":13,"TCD":359468.12,"SHAPE_Leng":500.0,"SCE":47.87,"NSM":-34.14,"EPR":-1.31,"EPRunc":1.63,"LRR":-0.99,"LR2":0.41,"LSE":11.72,"LCI90":0.65,"WLR":-0.99,"WR2":0.41,"WSE":0.39,"WCI90":0.65,"Shape_Le_1":499.999998162,"ORIG_FID":366,"txt_OBJECTID_1":"366","txt_OBJECTID":"464","txt_TransectID":"475","txt_BaselineID":"14","txt_GroupID":"1","txt_TransOrder":"475","txt_Azimuth":"62.659999999999997","txt_ShrCount":"13","txt_TCD":"359468.119999999995343","txt_SHAPE_Leng":"500.000000000000000","txt_SCE":"47.869999999999997","txt_NSM":"-34.140000000000001","txt_EPR":"-1.310000000000000","txt_EPRunc":"1.630000000000000","txt_LRR":"-0.990000000000000","txt_LR2":"0.410000000000000","txt_LSE":"11.720000000000001","txt_LCI90":"0.650000000000000","txt_WLR":"-0.990000000000000","txt_WR2":"0.410000000000000","txt_WSE":"0.390000000000000","txt_WCI90":"0.650000000000000","txt_Shape_Length":"499.999998162230611","source_feature_index":614,"published_primary_rate_field":"LRR","published_primary_rate_m_per_year":-0.99,"dashboard_rate_class":"RETREAT","dashboard_classification_note":"Display convention only; source numeric value is preserved. Not an official DMCR class.","published_period":"1990-2019","published_dataset":"Shoreline ThaiCoast / Krabi_Points"},"geometry":{"type":"Point","coordinates":[98.96485370497183,7.9458641322905335]}},{"type":"Feature","id":615,"properties":{"OBJECTID":465,"TransectID":476,"BaselineID":14,"GroupID":1,"TransOrder":476,"Azimuth":64.58,"ShrCount":13,"TCD":359968.12,"SHAPE_Leng":499.999999998,"SCE":42.82,"NSM":-17.08,"EPR":-0.66,"EPRunc":1.63,"LRR":-0.31,"LR2":0.07,"LSE":11.35,"LCI90":0.62,"WLR":-0.31,"WR2":0.07,"WSE":0.38,"WCI90":0.62,"Shape_Le_1":500.000003057,"ORIG_FID":367,"txt_OBJECTID_1":"367","txt_OBJECTID":"465","txt_TransectID":"476","txt_BaselineID":"14","txt_GroupID":"1","txt_TransOrder":"476","txt_Azimuth":"64.579999999999998","txt_ShrCount":"13","txt_TCD":"359968.119999999995343","txt_SHAPE_Leng":"499.999999998000021","txt_SCE":"42.820000000000000","txt_NSM":"-17.079999999999998","txt_EPR":"-0.660000000000000","txt_EPRunc":"1.630000000000000","txt_LRR":"-0.310000000000000","txt_LR2":"0.070000000000000","txt_LSE":"11.350000000000000","txt_LCI90":"0.620000000000000","txt_WLR":"-0.310000000000000","txt_WR2":"0.070000000000000","txt_WSE":"0.380000000000000","txt_WCI90":"0.620000000000000","txt_Shape_Length":"500.000003057022070","source_feature_index":615,"published_primary_rate_field":"LRR","published_primary_rate_m_per_year":-0.31,"dashboard_rate_class":"RELATIVELY_STABLE","dashboard_classification_note":"Display convention only; source numeric value is preserved. Not an official DMCR class.","published_period":"1990-2019","published_dataset":"Shoreline ThaiCoast / Krabi_Points"},"geometry":{"type":"Point","coordinates":[98.96682346529921,7.94189511031076]}},{"type":"Feature","id":616,"properties":{"OBJECTID":466,"TransectID":477,"BaselineID":14,"GroupID":1,"TransOrder":477,"Azimuth":66.26,"ShrCount":14,"TCD":360468.12,"SHAPE_Leng":499.999999998,"SCE":47.39,"NSM":-27.2,"EPR":-1.05,"EPRunc":1.63,"LRR":-0.78,"LR2":0.25,"LSE":12.82,"LCI90":0.7,"WLR":-0.78,"WR2":0.25,"WSE":0.43,"WCI90":0.7,"Shape_Le_1":500.000017209,"ORIG_FID":368,"txt_OBJECTID_1":"368","txt_OBJECTID":"466","txt_TransectID":"477","txt_BaselineID":"14","txt_GroupID":"1","txt_TransOrder":"477","txt_Azimuth":"66.260000000000005","txt_ShrCount":"14","txt_TCD":"360468.119999999995343","txt_SHAPE_Leng":"499.999999998000021","txt_SCE":"47.390000000000001","txt_NSM":"-27.199999999999999","txt_EPR":"-1.050000000000000","txt_EPRunc":"1.630000000000000","txt_LRR":"-0.780000000000000","txt_LR2":"0.250000000000000","txt_LSE":"12.820000000000000","txt_LCI90":"0.700000000000000","txt_WLR":"-0.780000000000000","txt_WR2":"0.250000000000000","txt_WSE":"0.430000000000000","txt_WCI90":"0.700000000000000","txt_Shape_Length":"500.000017209078919","source_feature_index":616,"published_primary_rate_field":"LRR","published_primary_rate_m_per_year":-0.78,"dashboard_rate_class":"RETREAT","dashboard_classification_note":"Display convention only; source numeric value is preserved. Not an official DMCR class.","published_period":"1990-2019","published_dataset":"Shoreline ThaiCoast / Krabi_Points"},"geometry":{"type":"Point","coordinates":[98.96866062305473,7.937880325989073]}},{"type":"Feature","id":617,"properties":{"OBJECTID":467,"TransectID":478,"BaselineID":14,"GroupID":1,"TransOrder":478,"Azimuth":353.79,"ShrCount":14,"TCD":360968.12,"SHAPE_Leng":500.000000001,"SCE":86.39,"NSM":-53.24,"EPR":-2.05,"EPRunc":1.63,"LRR":-1.4,"LR2":0.26,"LSE":23.02,"LCI90":1.22,"WLR":-1.4,"WR2":0.26,"WSE":0.77,"WCI90":1.22,"Shape_Le_1":499.999919792,"ORIG_FID":369,"txt_OBJECTID_1":"369","txt_OBJECTID":"467","txt_TransectID":"478","txt_BaselineID":"14","txt_GroupID":"1","txt_TransOrder":"478","txt_Azimuth":"353.790000000000020","txt_ShrCount":"14","txt_TCD":"360968.119999999995343","txt_SHAPE_Leng":"500.000000000999989","txt_SCE":"86.390000000000001","txt_NSM":"-53.240000000000002","txt_EPR":"-2.050000000000000","txt_EPRunc":"1.630000000000000","txt_LRR":"-1.400000000000000","txt_LR2":"0.260000000000000","txt_LSE":"23.020000000000000","txt_LCI90":"1.220000000000000","txt_WLR":"-1.400000000000000","txt_WR2":"0.260000000000000","txt_WSE":"0.770000000000000","txt_WCI90":"1.220000000000000","txt_Shape_Length":"499.999919792473236","source_feature_index":617,"published_primary_rate_field":"LRR","published_primary_rate_m_per_year":-1.4,"dashboard_rate_class":"RETREAT","dashboard_classification_note":"Display convention only; source numeric value is preserved. Not an official DMCR class.","published_period":"1990-2019","published_dataset":"Shoreline ThaiCoast / Krabi_Points"},"geometry":{"type":"Point","coordinates":[98.9727370499772,7.932416479910374]}},{"type":"Feature","id":618,"properties":{"OBJECTID":468,"TransectID":479,"BaselineID":14,"GroupID":1,"TransOrder":479,"Azimuth":297.17,"ShrCount":7,"TCD":361468.12,"SHAPE_Leng":499.999999999,"SCE":51.96,"NSM":-45.4,"EPR":-2.69,"EPRunc":2.52,"LRR":-2.17,"LR2":0.34,"LSE":19.31,"LCI90":2.71,"WLR":-2.17,"WR2":0.34,"WSE":0.64,"WCI90":2.71,"Shape_Le_1":500.000017328,"ORIG_FID":370,"txt_OBJECTID_1":"370","txt_OBJECTID":"468","txt_TransectID":"479","txt_BaselineID":"14","txt_GroupID":"1","txt_TransOrder":"479","txt_Azimuth":"297.170000000000016","txt_ShrCount":"7","txt_TCD":"361468.119999999995343","txt_SHAPE_Leng":"499.999999999000011","txt_SCE":"51.960000000000001","txt_NSM":"-45.399999999999999","txt_EPR":"-2.690000000000000","txt_EPRunc":"2.520000000000000","txt_LRR":"-2.170000000000000","txt_LR2":"0.340000000000000","txt_LSE":"19.309999999999999","txt_LCI90":"2.710000000000000","txt_WLR":"-2.170000000000000","txt_WR2":"0.340000000000000","txt_WSE":"0.640000000000000","txt_WCI90":"2.710000000000000","txt_Shape_Length":"500.000017328397007","source_feature_index":618,"published_primary_rate_field":"LRR","published_primary_rate_m_per_year":-2.17,"dashboard_rate_class":"STRONG_RETREAT","dashboard_classification_note":"Display convention only; source numeric value is preserved. Not an official DMCR class.","published_period":"1990-2019","published_dataset":"Shoreline ThaiCoast / Krabi_Points"},"geometry":{"type":"Point","coordinates":[98.97415122258779,7.936912410048823]}},{"type":"Feature","id":619,"properties":{"OBJECTID":469,"TransectID":480,"BaselineID":14,"GroupID":1,"TransOrder":480,"Azimuth":330.75,"ShrCount":18,"TCD":361968.12,"SHAPE_Leng":500.000000001,"SCE":104.16,"NSM":1.2,"EPR":0.05,"EPRunc":1.63,"LRR":-0.62,"LR2":0.04,"LSE":26.3,"LCI90":1.28,"WLR":-0.62,"WR2":0.04,"WSE":0.88,"WCI90":1.28,"Shape_Le_1":500.000022994,"ORIG_FID":371,"txt_OBJECTID_1":"371","txt_OBJECTID":"469","txt_TransectID":"480","txt_BaselineID":"14","txt_GroupID":"1","txt_TransOrder":"480","txt_Azimuth":"330.750000000000000","txt_ShrCount":"18","txt_TCD":"361968.119999999995343","txt_SHAPE_Leng":"500.000000000999989","txt_SCE":"104.159999999999997","txt_NSM":"1.200000000000000","txt_EPR":"0.050000000000000","txt_EPRunc":"1.630000000000000","txt_LRR":"-0.620000000000000","txt_LR2":"0.040000000000000","txt_LSE":"26.300000000000001","txt_LCI90":"1.280000000000000","txt_WLR":"-0.620000000000000","txt_WR2":"0.040000000000000","txt_WSE":"0.880000000000000","txt_WCI90":"1.280000000000000","txt_Shape_Length":"500.000022994250969","source_feature_index":619,"published_primary_rate_field":"LRR","published_primary_rate_m_per_year":-0.62,"dashboard_rate_class":"RETREAT","dashboard_classification_note":"Display convention only; source numeric value is preserved. Not an official DMCR class.","published_period":"1990-2019","published_dataset":"Shoreline ThaiCoast / Krabi_Points"},"geometry":{"type":"Point","coordinates":[98.97629756847687,7.93793162965866]}},{"type":"Feature","id":620,"properties":{"OBJECTID":470,"TransectID":481,"BaselineID":14,"GroupID":1,"TransOrder":481,"Azimuth":354.96,"ShrCount":17,"TCD":362468.12,"SHAPE_Leng":499.999999996,"SCE":99.04,"NSM":-51.35,"EPR":-1.98,"EPRunc":1.63,"LRR":-1.41,"LR2":0.25,"LSE":22.38,"LCI90":1.1,"WLR":-1.41,"WR2":0.25,"WSE":0.75,"WCI90":1.1,"Shape_Le_1":500.00005207,"ORIG_FID":372,"txt_OBJECTID_1":"372","txt_OBJECTID":"470","txt_TransectID":"481","txt_BaselineID":"14","txt_GroupID":"1","txt_TransOrder":"481","txt_Azimuth":"354.959999999999980","txt_ShrCount":"17","txt_TCD":"362468.119999999995343","txt_SHAPE_Leng":"499.999999995999985","txt_SCE":"99.040000000000006","txt_NSM":"-51.350000000000001","txt_EPR":"-1.980000000000000","txt_EPRunc":"1.630000000000000","txt_LRR":"-1.410000000000000","txt_LR2":"0.250000000000000","txt_LSE":"22.379999999999999","txt_LCI90":"1.100000000000000","txt_WLR":"-1.410000000000000","txt_WR2":"0.250000000000000","txt_WSE":"0.750000000000000","txt_WCI90":"1.100000000000000","txt_Shape_Length":"500.000052069611286","source_feature_index":620,"published_primary_rate_field":"LRR","published_primary_rate_m_per_year":-1.41,"dashboard_rate_class":"RETREAT","dashboard_classification_note":"Display convention only; source numeric value is preserved. Not an official DMCR class.","published_period":"1990-2019","published_dataset":"Shoreline ThaiCoast / Krabi_Points"},"geometry":{"type":"Point","coordinates":[98.97830649016043,7.939028638402756]}},{"type":"Feature","id":621,"properties":{"OBJECTID":471,"TransectID":482,"BaselineID":14,"GroupID":1,"TransOrder":482,"Azimuth":0.95,"ShrCount":18,"TCD":362968.12,"SHAPE_Leng":500.000000002,"SCE":102.52,"NSM":-39.77,"EPR":-1.53,"EPRunc":1.63,"LRR":-0.79,"LR2":0.08,"LSE":24.54,"LCI90":1.2,"WLR":-0.79,"WR2":0.08,"WSE":0.82,"WCI90":1.2,"Shape_Le_1":499.999927053,"ORIG_FID":373,"txt_OBJECTID_1":"373","txt_OBJECTID":"471","txt_TransectID":"482","txt_BaselineID":"14","txt_GroupID":"1","txt_TransOrder":"482","txt_Azimuth":"0.950000000000000","txt_ShrCount":"18","txt_TCD":"362968.119999999995343","txt_SHAPE_Leng":"500.000000001999979","txt_SCE":"102.519999999999996","txt_NSM":"-39.770000000000003","txt_EPR":"-1.530000000000000","txt_EPRunc":"1.630000000000000","txt_LRR":"-0.790000000000000","txt_LR2":"0.080000000000000","txt_LSE":"24.539999999999999","txt_LCI90":"1.200000000000000","txt_WLR":"-0.790000000000000","txt_WR2":"0.080000000000000","txt_WSE":"0.820000000000000","txt_WCI90":"1.200000000000000","txt_Shape_Length":"499.999927053104159","source_feature_index":621,"published_primary_rate_field":"LRR","published_primary_rate_m_per_year":-0.79,"dashboard_rate_class":"RETREAT","dashboard_classification_note":"Display convention only; source numeric value is preserved. Not an official DMCR class.","published_period":"1990-2019","published_dataset":"Shoreline ThaiCoast / Krabi_Points"},"geometry":{"type":"Point","coordinates":[98.98215687861878,7.93825959874646]}},{"type":"Feature","id":622,"properties":{"OBJECTID":472,"TransectID":483,"BaselineID":14,"GroupID":1,"TransOrder":483,"Azimuth":345.85,"ShrCount":17,"TCD":363468.12,"SHAPE_Leng":500.000000001,"SCE":92.29,"NSM":2.75,"EPR":0.11,"EPRunc":1.63,"LRR":-0.11,"LR2":0.0,"LSE":23.5,"LCI90":1.15,"WLR":-0.11,"WR2":0.0,"WSE":0.78,"WCI90":1.15,"Shape_Le_1":500.000047559,"ORIG_FID":374,"txt_OBJECTID_1":"374","txt_OBJECTID":"472","txt_TransectID":"483","txt_BaselineID":"14","txt_GroupID":"1","txt_TransOrder":"483","txt_Azimuth":"345.850000000000023","txt_ShrCount":"17","txt_TCD":"363468.119999999995343","txt_SHAPE_Leng":"500.000000000999989","txt_SCE":"92.290000000000006","txt_NSM":"2.750000000000000","txt_EPR":"0.110000000000000","txt_EPRunc":"1.630000000000000","txt_LRR":"-0.110000000000000","txt_LR2":"0.000000000000000","txt_LSE":"23.500000000000000","txt_LCI90":"1.150000000000000","txt_WLR":"-0.110000000000000","txt_WR2":"0.000000000000000","txt_WSE":"0.780000000000000","txt_WCI90":"1.150000000000000","txt_Shape_Length":"500.000047558992947","source_feature_index":622,"published_primary_rate_field":"LRR","published_primary_rate_m_per_year":-0.11,"dashboard_rate_class":"RELATIVELY_STABLE","dashboard_classification_note":"Display convention only; source numeric value is preserved. Not an official DMCR class.","published_period":"1990-2019","published_dataset":"Shoreline ThaiCoast / Krabi_Points"},"geometry":{"type":"Point","coordinates":[98.98665064665921,7.938956116314]}},{"type":"Feature","id":623,"properties":{"OBJECTID":838,"TransectID":863,"BaselineID":16,"GroupID":1,"TransOrder":863,"Azimuth":66.51,"ShrCount":11,"TCD":624091.87,"SHAPE_Leng":500.000000002,"SCE":101.13,"NSM":-19.9,"EPR":-0.72,"EPRunc":1.54,"LRR":-0.51,"LR2":0.04,"LSE":29.94,"LCI90":1.45,"WLR":-0.51,"WR2":0.04,"WSE":1.0,"WCI90":1.45,"Shape_Le_1":499.999953789,"ORIG_FID":529,"txt_OBJECTID_1":"529","txt_OBJECTID":"838","txt_TransectID":"863","txt_BaselineID":"16","txt_GroupID":"1","txt_TransOrder":"863","txt_Azimuth":"66.510000000000005","txt_ShrCount":"11","txt_TCD":"624091.869999999995343","txt_SHAPE_Leng":"500.000000001999979","txt_SCE":"101.129999999999995","txt_NSM":"-19.899999999999999","txt_EPR":"-0.720000000000000","txt_EPRunc":"1.540000000000000","txt_LRR":"-0.510000000000000","txt_LR2":"0.040000000000000","txt_LSE":"29.940000000000001","txt_LCI90":"1.450000000000000","txt_WLR":"-0.510000000000000","txt_WR2":"0.040000000000000","txt_WSE":"1.000000000000000","txt_WCI90":"1.450000000000000","txt_Shape_Length":"499.999953788522816","source_feature_index":623,"published_primary_rate_field":"LRR","published_primary_rate_m_per_year":-0.51,"dashboard_rate_class":"RETREAT","dashboard_classification_note":"Display convention only; source numeric value is preserved. Not an official DMCR class.","published_period":"1990-2019","published_dataset":"Shoreline ThaiCoast / Krabi_Points"},"geometry":{"type":"Point","coordinates":[98.74702692720854,8.058581188048201]}},{"type":"Feature","id":624,"properties":{"OBJECTID":840,"TransectID":865,"BaselineID":16,"GroupID":1,"TransOrder":865,"Azimuth":32.6,"ShrCount":11,"TCD":625091.87,"SHAPE_Leng":499.999999999,"SCE":80.71,"NSM":-39.4,"EPR":-1.43,"EPRunc":1.54,"LRR":-2.32,"LR2":0.76,"LSE":15.76,"LCI90":0.8,"WLR":-2.32,"WR2":0.76,"WSE":0.53,"WCI90":0.8,"Shape_Le_1":500.000017202,"ORIG_FID":530,"txt_OBJECTID_1":"530","txt_OBJECTID":"840","txt_TransectID":"865","txt_BaselineID":"16","txt_GroupID":"1","txt_TransOrder":"865","txt_Azimuth":"32.600000000000001","txt_ShrCount":"11","txt_TCD":"625091.869999999995343","txt_SHAPE_Leng":"499.999999999000011","txt_SCE":"80.709999999999994","txt_NSM":"-39.399999999999999","txt_EPR":"-1.430000000000000","txt_EPRunc":"1.540000000000000","txt_LRR":"-2.320000000000000","txt_LR2":"0.760000000000000","txt_LSE":"15.760000000000000","txt_LCI90":"0.800000000000000","txt_WLR":"-2.320000000000000","txt_WR2":"0.760000000000000","txt_WSE":"0.530000000000000","txt_WCI90":"0.800000000000000","txt_Shape_Length":"500.000017201992137","source_feature_index":624,"published_primary_rate_field":"LRR","published_primary_rate_m_per_year":-2.32,"dashboard_rate_class":"STRONG_RETREAT","dashboard_classification_note":"Display convention only; source numeric value is preserved. Not an official DMCR class.","published_period":"1990-2019","published_dataset":"Shoreline ThaiCoast / Krabi_Points"},"geometry":{"type":"Point","coordinates":[98.75264164460543,8.05107038914517]}},{"type":"Feature","id":625,"properties":{"OBJECTID":841,"TransectID":866,"BaselineID":16,"GroupID":1,"TransOrder":866,"Azimuth":38.72,"ShrCount":10,"TCD":625591.87,"SHAPE_Leng":500.000000002,"SCE":68.19,"NSM":-38.28,"EPR":-1.39,"EPRunc":1.54,"LRR":-2.06,"LR2":0.84,"LSE":11.62,"LCI90":0.6,"WLR":-2.06,"WR2":0.84,"WSE":0.39,"WCI90":0.6,"Shape_Le_1":499.999951129,"ORIG_FID":531,"txt_OBJECTID_1":"531","txt_OBJECTID":"841","txt_TransectID":"866","txt_BaselineID":"16","txt_GroupID":"1","txt_TransOrder":"866","txt_Azimuth":"38.719999999999999","txt_ShrCount":"10","txt_TCD":"625591.869999999995343","txt_SHAPE_Leng":"500.000000001999979","txt_SCE":"68.189999999999998","txt_NSM":"-38.280000000000001","txt_EPR":"-1.390000000000000","txt_EPRunc":"1.540000000000000","txt_LRR":"-2.060000000000000","txt_LR2":"0.840000000000000","txt_LSE":"11.619999999999999","txt_LCI90":"0.600000000000000","txt_WLR":"-2.060000000000000","txt_WR2":"0.840000000000000","txt_WSE":"0.390000000000000","txt_WCI90":"0.600000000000000","txt_Shape_Length":"499.999951129257852","source_feature_index":625,"published_primary_rate_field":"LRR","published_primary_rate_m_per_year":-2.06,"dashboard_rate_class":"STRONG_RETREAT","dashboard_classification_note":"Display convention only; source numeric value is preserved. Not an official DMCR class.","published_period":"1990-2019","published_dataset":"Shoreline ThaiCoast / Krabi_Points"},"geometry":{"type":"Point","coordinates":[98.7561969589427,8.048818911853754]}},{"type":"Feature","id":626,"properties":{"OBJECTID":842,"TransectID":867,"BaselineID":16,"GroupID":1,"TransOrder":867,"Azimuth":55.24,"ShrCount":13,"TCD":626091.87,"SHAPE_Leng":499.999999999,"SCE":58.7,"NSM":-26.35,"EPR":-0.96,"EPRunc":1.54,"LRR":-1.58,"LR2":0.64,"LSE":13.97,"LCI90":0.64,"WLR":-1.58,"WR2":0.64,"WSE":0.47,"WCI90":0.64,"Shape_Le_1":499.999975142,"ORIG_FID":532,"txt_OBJECTID_1":"532","txt_OBJECTID":"842","txt_TransectID":"867","txt_BaselineID":"16","txt_GroupID":"1","txt_TransOrder":"867","txt_Azimuth":"55.240000000000002","txt_ShrCount":"13","txt_TCD":"626091.869999999995343","txt_SHAPE_Leng":"499.999999999000011","txt_SCE":"58.700000000000003","txt_NSM":"-26.350000000000001","txt_EPR":"-0.960000000000000","txt_EPRunc":"1.540000000000000","txt_LRR":"-1.580000000000000","txt_LR2":"0.640000000000000","txt_LSE":"13.970000000000001","txt_LCI90":"0.640000000000000","txt_WLR":"-1.580000000000000","txt_WR2":"0.640000000000000","txt_WSE":"0.470000000000000","txt_WCI90":"0.640000000000000","txt_Shape_Length":"499.999975142497476","source_feature_index":626,"published_primary_rate_field":"LRR","published_primary_rate_m_per_year":-1.58,"dashboard_rate_class":"RETREAT","dashboard_classification_note":"Display convention only; source numeric value is preserved. Not an official DMCR class.","published_period":"1990-2019","published_dataset":"Shoreline ThaiCoast / Krabi_Points"},"geometry":{"type":"Point","coordinates":[98.75895532980367,8.046134448148191]}},{"type":"Feature","id":627,"properties":{"OBJECTID":843,"TransectID":868,"BaselineID":16,"GroupID":1,"TransOrder":868,"Azimuth":61.18,"ShrCount":12,"TCD":626591.87,"SHAPE_Leng":500.000000001,"SCE":31.67,"NSM":-8.72,"EPR":-0.32,"EPRunc":1.54,"LRR":-0.63,"LR2":0.47,"LSE":7.58,"LCI90":0.38,"WLR":-0.63,"WR2":0.47,"WSE":0.25,"WCI90":0.38,"Shape_Le_1":499.999976037,"ORIG_FID":533,"txt_OBJECTID_1":"533","txt_OBJECTID":"843","txt_TransectID":"868","txt_BaselineID":"16","txt_GroupID":"1","txt_TransOrder":"868","txt_Azimuth":"61.180000000000000","txt_ShrCount":"12","txt_TCD":"626591.869999999995343","txt_SHAPE_Leng":"500.000000000999989","txt_SCE":"31.670000000000002","txt_NSM":"-8.720000000000001","txt_EPR":"-0.320000000000000","txt_EPRunc":"1.540000000000000","txt_LRR":"-0.630000000000000","txt_LR2":"0.470000000000000","txt_LSE":"7.580000000000000","txt_LCI90":"0.380000000000000","txt_WLR":"-0.630000000000000","txt_WR2":"0.470000000000000","txt_WSE":"0.250000000000000","txt_WCI90":"0.380000000000000","txt_Shape_Length":"499.999976037121485","source_feature_index":627,"published_primary_rate_field":"LRR","published_primary_rate_m_per_year":-0.63,"dashboard_rate_class":"RETREAT","dashboard_classification_note":"Display convention only; source numeric value is preserved. Not an official DMCR class.","published_period":"1990-2019","published_dataset":"Shoreline ThaiCoast / Krabi_Points"},"geometry":{"type":"Point","coordinates":[98.7606265448394,8.042322338883867]}},{"type":"Feature","id":628,"properties":{"OBJECTID":844,"TransectID":869,"BaselineID":16,"GroupID":1,"TransOrder":869,"Azimuth":64.06,"ShrCount":11,"TCD":627091.87,"SHAPE_Leng":500.000000002,"SCE":38.75,"NSM":-10.73,"EPR":-0.39,"EPRunc":1.54,"LRR":-0.42,"LR2":0.2,"LSE":10.53,"LCI90":0.51,"WLR":-0.42,"WR2":0.2,"WSE":0.35,"WCI90":0.51,"Shape_Le_1":500.000064567,"ORIG_FID":534,"txt_OBJECTID_1":"534","txt_OBJECTID":"844","txt_TransectID":"869","txt_BaselineID":"16","txt_GroupID":"1","txt_TransOrder":"869","txt_Azimuth":"64.060000000000002","txt_ShrCount":"11","txt_TCD":"627091.869999999995343","txt_SHAPE_Leng":"500.000000001999979","txt_SCE":"38.750000000000000","txt_NSM":"-10.730000000000000","txt_EPR":"-0.390000000000000","txt_EPRunc":"1.540000000000000","txt_LRR":"-0.420000000000000","txt_LR2":"0.200000000000000","txt_LSE":"10.529999999999999","txt_LCI90":"0.510000000000000","txt_WLR":"-0.420000000000000","txt_WR2":"0.200000000000000","txt_WSE":"0.350000000000000","txt_WCI90":"0.510000000000000","txt_Shape_Length":"500.000064566850426","source_feature_index":628,"published_primary_rate_field":"LRR","published_primary_rate_m_per_year":-0.42,"dashboard_rate_class":"RELATIVELY_STABLE","dashboard_classification_note":"Display convention only; source numeric value is preserved. Not an official DMCR class.","published_period":"1990-2019","published_dataset":"Shoreline ThaiCoast / Krabi_Points"},"geometry":{"type":"Point","coordinates":[98.76296268551101,8.038864918188942]}},{"type":"Feature","id":629,"properties":{"OBJECTID":845,"TransectID":870,"BaselineID":16,"GroupID":1,"TransOrder":870,"Azimuth":83.6,"ShrCount":14,"TCD":627591.87,"SHAPE_Leng":499.999999998,"SCE":91.81,"NSM":-21.04,"EPR":-0.77,"EPRunc":1.54,"LRR":1.32,"LR2":0.21,"LSE":28.86,"LCI90":1.31,"WLR":1.32,"WR2":0.21,"WSE":0.96,"WCI90":1.31,"Shape_Le_1":499.999986047,"ORIG_FID":535,"txt_OBJECTID_1":"535","txt_OBJECTID":"845","txt_TransectID":"870","txt_BaselineID":"16","txt_GroupID":"1","txt_TransOrder":"870","txt_Azimuth":"83.599999999999994","txt_ShrCount":"14","txt_TCD":"627591.869999999995343","txt_SHAPE_Leng":"499.999999998000021","txt_SCE":"91.810000000000002","txt_NSM":"-21.039999999999999","txt_EPR":"-0.770000000000000","txt_EPRunc":"1.540000000000000","txt_LRR":"1.320000000000000","txt_LR2":"0.210000000000000","txt_LSE":"28.859999999999999","txt_LCI90":"1.310000000000000","txt_WLR":"1.320000000000000","txt_WR2":"0.210000000000000","txt_WSE":"0.960000000000000","txt_WCI90":"1.310000000000000","txt_Shape_Length":"499.999986046628067","source_feature_index":629,"published_primary_rate_field":"LRR","published_primary_rate_m_per_year":1.32,"dashboard_rate_class":"ACCRETION","dashboard_classification_note":"Display convention only; source numeric value is preserved. Not an official DMCR class.","published_period":"1990-2019","published_dataset":"Shoreline ThaiCoast / Krabi_Points"},"geometry":{"type":"Point","coordinates":[98.76415728997411,8.03538862089533]}},{"type":"Feature","id":630,"properties":{"OBJECTID":846,"TransectID":871,"BaselineID":16,"GroupID":1,"TransOrder":871,"Azimuth":97.34,"ShrCount":11,"TCD":628091.87,"SHAPE_Leng":499.999999997,"SCE":32.16,"NSM":8.38,"EPR":0.3,"EPRunc":1.54,"LRR":0.42,"LR2":0.32,"LSE":7.23,"LCI90":0.37,"WLR":0.42,"WR2":0.32,"WSE":0.24,"WCI90":0.37,"Shape_Le_1":500.000010934,"ORIG_FID":536,"txt_OBJECTID_1":"536","txt_OBJECTID":"846","txt_TransectID":"871","txt_BaselineID":"16","txt_GroupID":"1","txt_TransOrder":"871","txt_Azimuth":"97.340000000000003","txt_ShrCount":"11","txt_TCD":"628091.869999999995343","txt_SHAPE_Leng":"499.999999996999975","txt_SCE":"32.159999999999997","txt_NSM":"8.380000000000001","txt_EPR":"0.300000000000000","txt_EPRunc":"1.540000000000000","txt_LRR":"0.420000000000000","txt_LR2":"0.320000000000000","txt_LSE":"7.230000000000000","txt_LCI90":"0.370000000000000","txt_WLR":"0.420000000000000","txt_WR2":"0.320000000000000","txt_WSE":"0.240000000000000","txt_WCI90":"0.370000000000000","txt_Shape_Length":"500.000010934386921","source_feature_index":630,"published_primary_rate_field":"LRR","published_primary_rate_m_per_year":0.42,"dashboard_rate_class":"RELATIVELY_STABLE","dashboard_classification_note":"Display convention only; source numeric value is preserved. Not an official DMCR class.","published_period":"1990-2019","published_dataset":"Shoreline ThaiCoast / Krabi_Points"},"geometry":{"type":"Point","coordinates":[98.76368029207053,8.03193194194912]}},{"type":"Feature","id":631,"properties":{"OBJECTID":847,"TransectID":872,"BaselineID":16,"GroupID":1,"TransOrder":872,"Azimuth":84.99,"ShrCount":14,"TCD":628591.87,"SHAPE_Leng":499.999999999,"SCE":60.26,"NSM":-14.15,"EPR":-0.51,"EPRunc":1.54,"LRR":0.01,"LR2":0.0,"LSE":19.31,"LCI90":0.87,"WLR":0.01,"WR2":0.0,"WSE":0.64,"WCI90":0.87,"Shape_Le_1":499.999969515,"ORIG_FID":537,"txt_OBJECTID_1":"537","txt_OBJECTID":"847","txt_TransectID":"872","txt_BaselineID":"16","txt_GroupID":"1","txt_TransOrder":"872","txt_Azimuth":"84.989999999999995","txt_ShrCount":"14","txt_TCD":"628591.869999999995343","txt_SHAPE_Leng":"499.999999999000011","txt_SCE":"60.259999999999998","txt_NSM":"-14.150000000000000","txt_EPR":"-0.510000000000000","txt_EPRunc":"1.540000000000000","txt_LRR":"0.010000000000000","txt_LR2":"0.000000000000000","txt_LSE":"19.309999999999999","txt_LCI90":"0.870000000000000","txt_WLR":"0.010000000000000","txt_WR2":"0.000000000000000","txt_WSE":"0.640000000000000","txt_WCI90":"0.870000000000000","txt_Shape_Length":"499.999969514840302","source_feature_index":631,"published_primary_rate_field":"LRR","published_primary_rate_m_per_year":0.01,"dashboard_rate_class":"RELATIVELY_STABLE","dashboard_classification_note":"Display convention only; source numeric value is preserved. Not an official DMCR class.","published_period":"1990-2019","published_dataset":"Shoreline ThaiCoast / Krabi_Points"},"geometry":{"type":"Point","coordinates":[98.76309177180971,8.027208272164028]}},{"type":"Feature","id":632,"properties":{"OBJECTID":848,"TransectID":873,"BaselineID":16,"GroupID":1,"TransOrder":873,"Azimuth":36.95,"ShrCount":17,"TCD":629091.87,"SHAPE_Leng":500.000000002,"SCE":66.32,"NSM":-28.31,"EPR":-1.03,"EPRunc":1.54,"LRR":-1.58,"LR2":0.72,"LSE":10.78,"LCI90":0.44,"WLR":-1.58,"WR2":0.72,"WSE":0.36,"WCI90":0.44,"Shape_Le_1":499.999988601,"ORIG_FID":538,"txt_OBJECTID_1":"538","txt_OBJECTID":"848","txt_TransectID":"873","txt_BaselineID":"16","txt_GroupID":"1","txt_TransOrder":"873","txt_Azimuth":"36.950000000000003","txt_ShrCount":"17","txt_TCD":"629091.869999999995343","txt_SHAPE_Leng":"500.000000001999979","txt_SCE":"66.319999999999993","txt_NSM":"-28.309999999999999","txt_EPR":"-1.030000000000000","txt_EPRunc":"1.540000000000000","txt_LRR":"-1.580000000000000","txt_LR2":"0.720000000000000","txt_LSE":"10.779999999999999","txt_LCI90":"0.440000000000000","txt_WLR":"-1.580000000000000","txt_WR2":"0.720000000000000","txt_WSE":"0.360000000000000","txt_WCI90":"0.440000000000000","txt_Shape_Length":"499.999988601354971","source_feature_index":632,"published_primary_rate_field":"LRR","published_primary_rate_m_per_year":-1.58,"dashboard_rate_class":"RETREAT","dashboard_classification_note":"Display convention only; source numeric value is preserved. Not an official DMCR class.","published_period":"1990-2019","published_dataset":"Shoreline ThaiCoast / Krabi_Points"},"geometry":{"type":"Point","coordinates":[98.76528146189798,8.021774747269319]}},{"type":"Feature","id":633,"properties":{"OBJECTID":849,"TransectID":874,"BaselineID":16,"GroupID":1,"TransOrder":874,"Azimuth":338.28,"ShrCount":13,"TCD":629591.87,"SHAPE_Leng":499.999999995,"SCE":77.61,"NSM":-45.72,"EPR":-1.69,"EPRunc":1.57,"LRR":-2.47,"LR2":0.86,"LSE":10.84,"LCI90":0.55,"WLR":-2.47,"WR2":0.86,"WSE":0.36,"WCI90":0.55,"Shape_Le_1":500.000013955,"ORIG_FID":539,"txt_OBJECTID_1":"539","txt_OBJECTID":"849","txt_TransectID":"874","txt_BaselineID":"16","txt_GroupID":"1","txt_TransOrder":"874","txt_Azimuth":"338.279999999999973","txt_ShrCount":"13","txt_TCD":"629591.869999999995343","txt_SHAPE_Leng":"499.999999994999996","txt_SCE":"77.609999999999999","txt_NSM":"-45.719999999999999","txt_EPR":"-1.690000000000000","txt_EPRunc":"1.570000000000000","txt_LRR":"-2.470000000000000","txt_LR2":"0.860000000000000","txt_LSE":"10.840000000000000","txt_LCI90":"0.550000000000000","txt_WLR":"-2.470000000000000","txt_WR2":"0.860000000000000","txt_WSE":"0.360000000000000","txt_WCI90":"0.550000000000000","txt_Shape_Length":"500.000013954881695","source_feature_index":633,"published_primary_rate_field":"LRR","published_primary_rate_m_per_year":-2.47,"dashboard_rate_class":"STRONG_RETREAT","dashboard_classification_note":"Display convention only; source numeric value is preserved. Not an official DMCR class.","published_period":"1990-2019","published_dataset":"Shoreline ThaiCoast / Krabi_Points"},"geometry":{"type":"Point","coordinates":[98.77080509176122,8.021852412374388]}},{"type":"Feature","id":634,"properties":{"OBJECTID":850,"TransectID":875,"BaselineID":16,"GroupID":1,"TransOrder":875,"Azimuth":278.71,"ShrCount":13,"TCD":630091.87,"SHAPE_Leng":500.000000003,"SCE":30.12,"NSM":-23.05,"EPR":-0.85,"EPRunc":1.57,"LRR":-0.11,"LR2":0.01,"LSE":11.43,"LCI90":0.57,"WLR":-0.11,"WR2":0.01,"WSE":0.38,"WCI90":0.57,"Shape_Le_1":500.000007129,"ORIG_FID":540,"txt_OBJECTID_1":"540","txt_OBJECTID":"850","txt_TransectID":"875","txt_BaselineID":"16","txt_GroupID":"1","txt_TransOrder":"875","txt_Azimuth":"278.709999999999980","txt_ShrCount":"13","txt_TCD":"630091.869999999995343","txt_SHAPE_Leng":"500.000000003000025","txt_SCE":"30.120000000000001","txt_NSM":"-23.050000000000001","txt_EPR":"-0.850000000000000","txt_EPRunc":"1.570000000000000","txt_LRR":"-0.110000000000000","txt_LR2":"0.010000000000000","txt_LSE":"11.430000000000000","txt_LCI90":"0.570000000000000","txt_WLR":"-0.110000000000000","txt_WR2":"0.010000000000000","txt_WSE":"0.380000000000000","txt_WCI90":"0.570000000000000","txt_Shape_Length":"500.000007128764196","source_feature_index":634,"published_primary_rate_field":"LRR","published_primary_rate_m_per_year":-0.11,"dashboard_rate_class":"RELATIVELY_STABLE","dashboard_classification_note":"Display convention only; source numeric value is preserved. Not an official DMCR class.","published_period":"1990-2019","published_dataset":"Shoreline ThaiCoast / Krabi_Points"},"geometry":{"type":"Point","coordinates":[98.77475258066991,8.025573914672972]}},{"type":"Feature","id":635,"properties":{"OBJECTID":851,"TransectID":876,"BaselineID":16,"GroupID":1,"TransOrder":876,"Azimuth":257.97,"ShrCount":11,"TCD":630591.87,"SHAPE_Leng":499.999999999,"SCE":69.81,"NSM":-40.04,"EPR":-1.48,"EPRunc":1.57,"LRR":-2.28,"LR2":0.72,"LSE":16.41,"LCI90":0.86,"WLR":-2.28,"WR2":0.72,"WSE":0.55,"WCI90":0.86,"Shape_Le_1":499.99993627,"ORIG_FID":541,"txt_OBJECTID_1":"541","txt_OBJECTID":"851","txt_TransectID":"876","txt_BaselineID":"16","txt_GroupID":"1","txt_TransOrder":"876","txt_Azimuth":"257.970000000000027","txt_ShrCount":"11","txt_TCD":"630591.869999999995343","txt_SHAPE_Leng":"499.999999999000011","txt_SCE":"69.810000000000002","txt_NSM":"-40.039999999999999","txt_EPR":"-1.480000000000000","txt_EPRunc":"1.570000000000000","txt_LRR":"-2.280000000000000","txt_LR2":"0.720000000000000","txt_LSE":"16.410000000000000","txt_LCI90":"0.860000000000000","txt_WLR":"-2.280000000000000","txt_WR2":"0.720000000000000","txt_WSE":"0.550000000000000","txt_WCI90":"0.860000000000000","txt_Shape_Length":"499.999936269566319","source_feature_index":635,"published_primary_rate_field":"LRR","published_primary_rate_m_per_year":-2.28,"dashboard_rate_class":"STRONG_RETREAT","dashboard_classification_note":"Display convention only; source numeric value is preserved. Not an official DMCR class.","published_period":"1990-2019","published_dataset":"Shoreline ThaiCoast / Krabi_Points"},"geometry":{"type":"Point","coordinates":[98.77306604612754,8.030190109236422]}},{"type":"Feature","id":636,"properties":{"OBJECTID":852,"TransectID":877,"BaselineID":16,"GroupID":1,"TransOrder":877,"Azimuth":268.34,"ShrCount":12,"TCD":631091.87,"SHAPE_Leng":499.999999999,"SCE":25.7,"NSM":-23.5,"EPR":-0.87,"EPRunc":1.57,"LRR":-0.72,"LR2":0.69,"LSE":5.48,"LCI90":0.28,"WLR":-0.72,"WR2":0.69,"WSE":0.18,"WCI90":0.28,"Shape_Le_1":499.999974595,"ORIG_FID":542,"txt_OBJECTID_1":"542","txt_OBJECTID":"852","txt_TransectID":"877","txt_BaselineID":"16","txt_GroupID":"1","txt_TransOrder":"877","txt_Azimuth":"268.339999999999975","txt_ShrCount":"12","txt_TCD":"631091.869999999995343","txt_SHAPE_Leng":"499.999999999000011","txt_SCE":"25.699999999999999","txt_NSM":"-23.500000000000000","txt_EPR":"-0.870000000000000","txt_EPRunc":"1.570000000000000","txt_LRR":"-0.720000000000000","txt_LR2":"0.690000000000000","txt_LSE":"5.480000000000000","txt_LCI90":"0.280000000000000","txt_WLR":"-0.720000000000000","txt_WR2":"0.690000000000000","txt_WSE":"0.180000000000000","txt_WCI90":"0.280000000000000","txt_Shape_Length":"499.999974594680566","source_feature_index":636,"published_primary_rate_field":"LRR","published_primary_rate_m_per_year":-0.72,"dashboard_rate_class":"RETREAT","dashboard_classification_note":"Display convention only; source numeric value is preserved. Not an official DMCR class.","published_period":"1990-2019","published_dataset":"Shoreline ThaiCoast / Krabi_Points"},"geometry":{"type":"Point","coordinates":[98.77304471149468,8.034061782635208]}},{"type":"Feature","id":637,"properties":{"OBJECTID":853,"TransectID":878,"BaselineID":16,"GroupID":1,"TransOrder":878,"Azimuth":274.32,"ShrCount":12,"TCD":631591.87,"SHAPE_Leng":499.999999998,"SCE":43.14,"NSM":-10.37,"EPR":-0.38,"EPRunc":1.57,"LRR":-0.4,"LR2":0.13,"LSE":11.9,"LCI90":0.61,"WLR":-0.4,"WR2":0.13,"WSE":0.4,"WCI90":0.61,"Shape_Le_1":499.999981483,"ORIG_FID":543,"txt_OBJECTID_1":"543","txt_OBJECTID":"853","txt_TransectID":"878","txt_BaselineID":"16","txt_GroupID":"1","txt_TransOrder":"878","txt_Azimuth":"274.319999999999993","txt_ShrCount":"12","txt_TCD":"631591.869999999995343","txt_SHAPE_Leng":"499.999999998000021","txt_SCE":"43.140000000000001","txt_NSM":"-10.369999999999999","txt_EPR":"-0.380000000000000","txt_EPRunc":"1.570000000000000","txt_LRR":"-0.400000000000000","txt_LR2":"0.130000000000000","txt_LSE":"11.900000000000000","txt_LCI90":"0.610000000000000","txt_WLR":"-0.400000000000000","txt_WR2":"0.130000000000000","txt_WSE":"0.400000000000000","txt_WCI90":"0.610000000000000","txt_Shape_Length":"499.999981483032968","source_feature_index":637,"published_primary_rate_field":"LRR","published_primary_rate_m_per_year":-0.4,"dashboard_rate_class":"RELATIVELY_STABLE","dashboard_classification_note":"Display convention only; source numeric value is preserved. Not an official DMCR class.","published_period":"1990-2019","published_dataset":"Shoreline ThaiCoast / Krabi_Points"},"geometry":{"type":"Point","coordinates":[98.77285081294008,8.038304310129618]}},{"type":"Feature","id":638,"properties":{"OBJECTID":858,"TransectID":883,"BaselineID":16,"GroupID":1,"TransOrder":883,"Azimuth":9.81,"ShrCount":12,"TCD":634091.87,"SHAPE_Leng":500.000000003,"SCE":75.59,"NSM":-20.65,"EPR":-0.76,"EPRunc":1.57,"LRR":-0.95,"LR2":0.2,"LSE":21.43,"LCI90":1.09,"WLR":-0.95,"WR2":0.2,"WSE":0.71,"WCI90":1.09,"Shape_Le_1":499.999919547,"ORIG_FID":544,"txt_OBJECTID_1":"544","txt_OBJECTID":"858","txt_TransectID":"883","txt_BaselineID":"16","txt_GroupID":"1","txt_TransOrder":"883","txt_Azimuth":"9.810000000000000","txt_ShrCount":"12","txt_TCD":"634091.869999999995343","txt_SHAPE_Leng":"500.000000003000025","txt_SCE":"75.590000000000003","txt_NSM":"-20.649999999999999","txt_EPR":"-0.760000000000000","txt_EPRunc":"1.570000000000000","txt_LRR":"-0.950000000000000","txt_LR2":"0.200000000000000","txt_LSE":"21.430000000000000","txt_LCI90":"1.090000000000000","txt_WLR":"-0.950000000000000","txt_WR2":"0.200000000000000","txt_WSE":"0.710000000000000","txt_WCI90":"1.090000000000000","txt_Shape_Length":"499.999919547183993","source_feature_index":638,"published_primary_rate_field":"LRR","published_primary_rate_m_per_year":-0.95,"dashboard_rate_class":"RETREAT","dashboard_classification_note":"Display convention only; source numeric value is preserved. Not an official DMCR class.","published_period":"1990-2019","published_dataset":"Shoreline ThaiCoast / Krabi_Points"},"geometry":{"type":"Point","coordinates":[98.78056097124917,8.042183327458126]}},{"type":"Feature","id":639,"properties":{"OBJECTID":859,"TransectID":884,"BaselineID":16,"GroupID":1,"TransOrder":884,"Azimuth":344.3,"ShrCount":13,"TCD":634591.87,"SHAPE_Leng":500.000000001,"SCE":68.72,"NSM":-29.56,"EPR":-1.09,"EPRunc":1.57,"LRR":-1.57,"LR2":0.5,"LSE":17.25,"LCI90":0.85,"WLR":-1.57,"WR2":0.5,"WSE":0.57,"WCI90":0.85,"Shape_Le_1":499.999978694,"ORIG_FID":545,"txt_OBJECTID_1":"545","txt_OBJECTID":"859","txt_TransectID":"884","txt_BaselineID":"16","txt_GroupID":"1","txt_TransOrder":"884","txt_Azimuth":"344.300000000000011","txt_ShrCount":"13","txt_TCD":"634591.869999999995343","txt_SHAPE_Leng":"500.000000000999989","txt_SCE":"68.719999999999999","txt_NSM":"-29.559999999999999","txt_EPR":"-1.090000000000000","txt_EPRunc":"1.570000000000000","txt_LRR":"-1.570000000000000","txt_LR2":"0.500000000000000","txt_LSE":"17.250000000000000","txt_LCI90":"0.850000000000000","txt_WLR":"-1.570000000000000","txt_WR2":"0.500000000000000","txt_WSE":"0.570000000000000","txt_WCI90":"0.850000000000000","txt_Shape_Length":"499.999978693527567","source_feature_index":639,"published_primary_rate_field":"LRR","published_primary_rate_m_per_year":-1.57,"dashboard_rate_class":"RETREAT","dashboard_classification_note":"Display convention only; source numeric value is preserved. Not an official DMCR class.","published_period":"1990-2019","published_dataset":"Shoreline ThaiCoast / Krabi_Points"},"geometry":{"type":"Point","coordinates":[98.78467952422987,8.043498922672802]}},{"type":"Feature","id":640,"properties":{"OBJECTID":860,"TransectID":885,"BaselineID":16,"GroupID":1,"TransOrder":885,"Azimuth":357.19,"ShrCount":12,"TCD":635091.87,"SHAPE_Leng":500.000000001,"SCE":67.18,"NSM":-26.06,"EPR":-0.96,"EPRunc":1.57,"LRR":-1.68,"LR2":0.5,"LSE":18.85,"LCI90":0.97,"WLR":-1.68,"WR2":0.5,"WSE":0.63,"WCI90":0.97,"Shape_Le_1":500.000065191,"ORIG_FID":546,"txt_OBJECTID_1":"546","txt_OBJECTID":"860","txt_TransectID":"885","txt_BaselineID":"16","txt_GroupID":"1","txt_TransOrder":"885","txt_Azimuth":"357.189999999999998","txt_ShrCount":"12","txt_TCD":"635091.869999999995343","txt_SHAPE_Leng":"500.000000000999989","txt_SCE":"67.180000000000007","txt_NSM":"-26.059999999999999","txt_EPR":"-0.960000000000000","txt_EPRunc":"1.570000000000000","txt_LRR":"-1.680000000000000","txt_LR2":"0.500000000000000","txt_LSE":"18.850000000000001","txt_LCI90":"0.970000000000000","txt_WLR":"-1.680000000000000","txt_WR2":"0.500000000000000","txt_WSE":"0.630000000000000","txt_WCI90":"0.970000000000000","txt_Shape_Length":"500.000065191095928","source_feature_index":640,"published_primary_rate_field":"LRR","published_primary_rate_m_per_year":-1.68,"dashboard_rate_class":"RETREAT","dashboard_classification_note":"Display convention only; source numeric value is preserved. Not an official DMCR class.","published_period":"1990-2019","published_dataset":"Shoreline ThaiCoast / Krabi_Points"},"geometry":{"type":"Point","coordinates":[98.78860390532365,8.044271675049545]}},{"type":"Feature","id":641,"properties":{"OBJECTID":864,"TransectID":889,"BaselineID":16,"GroupID":1,"TransOrder":889,"Azimuth":33.58,"ShrCount":13,"TCD":637091.87,"SHAPE_Leng":499.999999998,"SCE":99.63,"NSM":-55.65,"EPR":-2.06,"EPRunc":1.57,"LRR":-2.19,"LR2":0.61,"LSE":18.51,"LCI90":0.94,"WLR":-2.19,"WR2":0.61,"WSE":0.62,"WCI90":0.94,"Shape_Le_1":500.00002701,"ORIG_FID":547,"txt_OBJECTID_1":"547","txt_OBJECTID":"864","txt_TransectID":"889","txt_BaselineID":"16","txt_GroupID":"1","txt_TransOrder":"889","txt_Azimuth":"33.579999999999998","txt_ShrCount":"13","txt_TCD":"637091.869999999995343","txt_SHAPE_Leng":"499.999999998000021","txt_SCE":"99.629999999999995","txt_NSM":"-55.649999999999999","txt_EPR":"-2.060000000000000","txt_EPRunc":"1.570000000000000","txt_LRR":"-2.190000000000000","txt_LR2":"0.610000000000000","txt_LSE":"18.510000000000002","txt_LCI90":"0.940000000000000","txt_WLR":"-2.190000000000000","txt_WR2":"0.610000000000000","txt_WSE":"0.620000000000000","txt_WCI90":"0.940000000000000","txt_Shape_Length":"500.000027009970267","source_feature_index":641,"published_primary_rate_field":"LRR","published_primary_rate_m_per_year":-2.19,"dashboard_rate_class":"STRONG_RETREAT","dashboard_classification_note":"Display convention only; source numeric value is preserved. Not an official DMCR class.","published_period":"1990-2019","published_dataset":"Shoreline ThaiCoast / Krabi_Points"},"geometry":{"type":"Point","coordinates":[98.80035847645848,8.045225653048533]}},{"type":"Feature","id":642,"properties":{"OBJECTID":865,"TransectID":890,"BaselineID":16,"GroupID":1,"TransOrder":890,"Azimuth":21.83,"ShrCount":13,"TCD":637591.87,"SHAPE_Leng":500.000000001,"SCE":69.99,"NSM":-51.85,"EPR":-1.92,"EPRunc":1.57,"LRR":-1.87,"LR2":0.6,"LSE":16.45,"LCI90":0.83,"WLR":-1.87,"WR2":0.6,"WSE":0.55,"WCI90":0.83,"Shape_Le_1":499.99993746,"ORIG_FID":548,"txt_OBJECTID_1":"548","txt_OBJECTID":"865","txt_TransectID":"890","txt_BaselineID":"16","txt_GroupID":"1","txt_TransOrder":"890","txt_Azimuth":"21.829999999999998","txt_ShrCount":"13","txt_TCD":"637591.869999999995343","txt_SHAPE_Leng":"500.000000000999989","txt_SCE":"69.989999999999995","txt_NSM":"-51.850000000000001","txt_EPR":"-1.920000000000000","txt_EPRunc":"1.570000000000000","txt_LRR":"-1.870000000000000","txt_LR2":"0.600000000000000","txt_LSE":"16.449999999999999","txt_LCI90":"0.830000000000000","txt_WLR":"-1.870000000000000","txt_WR2":"0.600000000000000","txt_WSE":"0.550000000000000","txt_WCI90":"0.830000000000000","txt_Shape_Length":"499.999937459615296","source_feature_index":642,"published_primary_rate_field":"LRR","published_primary_rate_m_per_year":-1.87,"dashboard_rate_class":"RETREAT","dashboard_classification_note":"Display convention only; source numeric value is preserved. Not an official DMCR class.","published_period":"1990-2019","published_dataset":"Shoreline ThaiCoast / Krabi_Points"},"geometry":{"type":"Point","coordinates":[98.80503043625345,8.0435488103332]}},{"type":"Feature","id":643,"properties":{"OBJECTID":866,"TransectID":891,"BaselineID":16,"GroupID":1,"TransOrder":891,"Azimuth":27.16,"ShrCount":10,"TCD":638091.87,"SHAPE_Leng":500.000000004,"SCE":79.58,"NSM":-50.81,"EPR":-1.88,"EPRunc":1.57,"LRR":-2.48,"LR2":0.84,"LSE":12.02,"LCI90":0.71,"WLR":-2.48,"WR2":0.84,"WSE":0.4,"WCI90":0.71,"Shape_Le_1":499.99998019,"ORIG_FID":549,"txt_OBJECTID_1":"549","txt_OBJECTID":"866","txt_TransectID":"891","txt_BaselineID":"16","txt_GroupID":"1","txt_TransOrder":"891","txt_Azimuth":"27.160000000000000","txt_ShrCount":"10","txt_TCD":"638091.869999999995343","txt_SHAPE_Leng":"500.000000004000015","txt_SCE":"79.579999999999998","txt_NSM":"-50.810000000000002","txt_EPR":"-1.880000000000000","txt_EPRunc":"1.570000000000000","txt_LRR":"-2.480000000000000","txt_LR2":"0.840000000000000","txt_LSE":"12.020000000000000","txt_LCI90":"0.710000000000000","txt_WLR":"-2.480000000000000","txt_WR2":"0.840000000000000","txt_WSE":"0.400000000000000","txt_WCI90":"0.710000000000000","txt_Shape_Length":"499.999980190231838","source_feature_index":643,"published_primary_rate_field":"LRR","published_primary_rate_m_per_year":-2.48,"dashboard_rate_class":"STRONG_RETREAT","dashboard_classification_note":"Display convention only; source numeric value is preserved. Not an official DMCR class.","published_period":"1990-2019","published_dataset":"Shoreline ThaiCoast / Krabi_Points"},"geometry":{"type":"Point","coordinates":[98.80893679503785,8.041764740471104]}},{"type":"Feature","id":644,"properties":{"OBJECTID":867,"TransectID":892,"BaselineID":16,"GroupID":1,"TransOrder":892,"Azimuth":37.94,"ShrCount":13,"TCD":638591.87,"SHAPE_Leng":500.0,"SCE":84.34,"NSM":-63.8,"EPR":-2.36,"EPRunc":1.57,"LRR":-2.55,"LR2":0.75,"LSE":16.37,"LCI90":0.81,"WLR":-2.55,"WR2":0.75,"WSE":0.55,"WCI90":0.81,"Shape_Le_1":500.000030481,"ORIG_FID":550,"txt_OBJECTID_1":"550","txt_OBJECTID":"867","txt_TransectID":"892","txt_BaselineID":"16","txt_GroupID":"1","txt_TransOrder":"892","txt_Azimuth":"37.939999999999998","txt_ShrCount":"13","txt_TCD":"638591.869999999995343","txt_SHAPE_Leng":"500.000000000000000","txt_SCE":"84.340000000000003","txt_NSM":"-63.799999999999997","txt_EPR":"-2.360000000000000","txt_EPRunc":"1.570000000000000","txt_LRR":"-2.550000000000000","txt_LR2":"0.750000000000000","txt_LSE":"16.370000000000001","txt_LCI90":"0.810000000000000","txt_WLR":"-2.550000000000000","txt_WR2":"0.750000000000000","txt_WSE":"0.550000000000000","txt_WCI90":"0.810000000000000","txt_Shape_Length":"500.000030480633313","source_feature_index":644,"published_primary_rate_field":"LRR","published_primary_rate_m_per_year":-2.55,"dashboard_rate_class":"STRONG_RETREAT","dashboard_classification_note":"Display convention only; source numeric value is preserved. Not an official DMCR class.","published_period":"1990-2019","published_dataset":"Shoreline ThaiCoast / Krabi_Points"},"geometry":{"type":"Point","coordinates":[98.81250555899629,8.039764186532297]}},{"type":"Feature","id":645,"properties":{"OBJECTID":869,"TransectID":894,"BaselineID":16,"GroupID":1,"TransOrder":894,"Azimuth":50.72,"ShrCount":13,"TCD":639591.87,"SHAPE_Leng":500.000000002,"SCE":69.86,"NSM":-44.32,"EPR":-1.64,"EPRunc":1.57,"LRR":-2.1,"LR2":0.72,"LSE":14.01,"LCI90":0.71,"WLR":-2.1,"WR2":0.72,"WSE":0.47,"WCI90":0.71,"Shape_Le_1":500.000094013,"ORIG_FID":551,"txt_OBJECTID_1":"551","txt_OBJECTID":"869","txt_TransectID":"894","txt_BaselineID":"16","txt_GroupID":"1","txt_TransOrder":"894","txt_Azimuth":"50.719999999999999","txt_ShrCount":"13","txt_TCD":"639591.869999999995343","txt_SHAPE_Leng":"500.000000001999979","txt_SCE":"69.859999999999999","txt_NSM":"-44.320000000000000","txt_EPR":"-1.640000000000000","txt_EPRunc":"1.570000000000000","txt_LRR":"-2.100000000000000","txt_LR2":"0.720000000000000","txt_LSE":"14.010000000000000","txt_LCI90":"0.710000000000000","txt_WLR":"-2.100000000000000","txt_WR2":"0.720000000000000","txt_WSE":"0.470000000000000","txt_WCI90":"0.710000000000000","txt_Shape_Length":"500.000094012583304","source_feature_index":645,"published_primary_rate_field":"LRR","published_primary_rate_m_per_year":-2.1,"dashboard_rate_class":"STRONG_RETREAT","dashboard_classification_note":"Display convention only; source numeric value is preserved. Not an official DMCR class.","published_period":"1990-2019","published_dataset":"Shoreline ThaiCoast / Krabi_Points"},"geometry":{"type":"Point","coordinates":[98.81634785066694,8.034102702825626]}},{"type":"Feature","id":646,"properties":{"OBJECTID":870,"TransectID":895,"BaselineID":16,"GroupID":1,"TransOrder":895,"Azimuth":41.17,"ShrCount":11,"TCD":640091.87,"SHAPE_Leng":500.000000005,"SCE":50.2,"NSM":-32.93,"EPR":-1.22,"EPRunc":1.57,"LRR":-1.73,"LR2":0.85,"LSE":8.02,"LCI90":0.44,"WLR":-1.73,"WR2":0.85,"WSE":0.27,"WCI90":0.44,"Shape_Le_1":499.999967791,"ORIG_FID":552,"txt_OBJECTID_1":"552","txt_OBJECTID":"870","txt_TransectID":"895","txt_BaselineID":"16","txt_GroupID":"1","txt_TransOrder":"895","txt_Azimuth":"41.170000000000002","txt_ShrCount":"11","txt_TCD":"640091.869999999995343","txt_SHAPE_Leng":"500.000000005000004","txt_SCE":"50.200000000000003","txt_NSM":"-32.930000000000000","txt_EPR":"-1.220000000000000","txt_EPRunc":"1.570000000000000","txt_LRR":"-1.730000000000000","txt_LR2":"0.850000000000000","txt_LSE":"8.020000000000000","txt_LCI90":"0.440000000000000","txt_WLR":"-1.730000000000000","txt_WR2":"0.850000000000000","txt_WSE":"0.270000000000000","txt_WCI90":"0.440000000000000","txt_Shape_Length":"499.999967790918049","source_feature_index":646,"published_primary_rate_field":"LRR","published_primary_rate_m_per_year":-1.73,"dashboard_rate_class":"RETREAT","dashboard_classification_note":"Display convention only; source numeric value is preserved. Not an official DMCR class.","published_period":"1990-2019","published_dataset":"Shoreline ThaiCoast / Krabi_Points"},"geometry":{"type":"Point","coordinates":[98.82010041844785,8.030970100321154]}},{"type":"Feature","id":647,"properties":{"OBJECTID":871,"TransectID":896,"BaselineID":16,"GroupID":1,"TransOrder":896,"Azimuth":43.97,"ShrCount":12,"TCD":640591.87,"SHAPE_Leng":499.999999996,"SCE":55.3,"NSM":-33.1,"EPR":-1.23,"EPRunc":1.57,"LRR":-1.54,"LR2":0.59,"LSE":13.81,"LCI90":0.73,"WLR":-1.54,"WR2":0.59,"WSE":0.46,"WCI90":0.73,"Shape_Le_1":499.999953874,"ORIG_FID":553,"txt_OBJECTID_1":"553","txt_OBJECTID":"871","txt_TransectID":"896","txt_BaselineID":"16","txt_GroupID":"1","txt_TransOrder":"896","txt_Azimuth":"43.969999999999999","txt_ShrCount":"12","txt_TCD":"640591.869999999995343","txt_SHAPE_Leng":"499.999999995999985","txt_SCE":"55.299999999999997","txt_NSM":"-33.100000000000001","txt_EPR":"-1.230000000000000","txt_EPRunc":"1.570000000000000","txt_LRR":"-1.540000000000000","txt_LR2":"0.590000000000000","txt_LSE":"13.810000000000000","txt_LCI90":"0.730000000000000","txt_WLR":"-1.540000000000000","txt_WR2":"0.590000000000000","txt_WSE":"0.460000000000000","txt_WCI90":"0.730000000000000","txt_Shape_Length":"499.999953873500090","source_feature_index":647,"published_primary_rate_field":"LRR","published_primary_rate_m_per_year":-1.54,"dashboard_rate_class":"RETREAT","dashboard_classification_note":"Display convention only; source numeric value is preserved. Not an official DMCR class.","published_period":"1990-2019","published_dataset":"Shoreline ThaiCoast / Krabi_Points"},"geometry":{"type":"Point","coordinates":[98.82332630535325,8.027986892133018]}},{"type":"Feature","id":648,"properties":{"OBJECTID":872,"TransectID":897,"BaselineID":16,"GroupID":1,"TransOrder":897,"Azimuth":48.3,"ShrCount":11,"TCD":641091.87,"SHAPE_Leng":499.999999998,"SCE":40.25,"NSM":-13.52,"EPR":-0.71,"EPRunc":2.22,"LRR":0.24,"LR2":0.03,"LSE":11.1,"LCI90":0.8,"WLR":0.24,"WR2":0.03,"WSE":0.37,"WCI90":0.8,"Shape_Le_1":499.999988022,"ORIG_FID":554,"txt_OBJECTID_1":"554","txt_OBJECTID":"872","txt_TransectID":"897","txt_BaselineID":"16","txt_GroupID":"1","txt_TransOrder":"897","txt_Azimuth":"48.299999999999997","txt_ShrCount":"11","txt_TCD":"641091.869999999995343","txt_SHAPE_Leng":"499.999999998000021","txt_SCE":"40.250000000000000","txt_NSM":"-13.520000000000000","txt_EPR":"-0.710000000000000","txt_EPRunc":"2.220000000000000","txt_LRR":"0.240000000000000","txt_LR2":"0.030000000000000","txt_LSE":"11.100000000000000","txt_LCI90":"0.800000000000000","txt_WLR":"0.240000000000000","txt_WR2":"0.030000000000000","txt_WSE":"0.370000000000000","txt_WCI90":"0.800000000000000","txt_Shape_Length":"499.999988021785668","source_feature_index":648,"published_primary_rate_field":"LRR","published_primary_rate_m_per_year":0.24,"dashboard_rate_class":"RELATIVELY_STABLE","dashboard_classification_note":"Display convention only; source numeric value is preserved. Not an official DMCR class.","published_period":"1990-2019","published_dataset":"Shoreline ThaiCoast / Krabi_Points"},"geometry":{"type":"Point","coordinates":[98.82623512639942,8.025081529699262]}},{"type":"Feature","id":649,"properties":{"OBJECTID":873,"TransectID":898,"BaselineID":16,"GroupID":1,"TransOrder":898,"Azimuth":67.54,"ShrCount":11,"TCD":641591.87,"SHAPE_Leng":500.000000001,"SCE":32.47,"NSM":-16.77,"EPR":-0.62,"EPRunc":1.57,"LRR":-0.51,"LR2":0.27,"LSE":9.33,"LCI90":0.51,"WLR":-0.51,"WR2":0.27,"WSE":0.31,"WCI90":0.51,"Shape_Le_1":499.999926544,"ORIG_FID":555,"txt_OBJECTID_1":"555","txt_OBJECTID":"873","txt_TransectID":"898","txt_BaselineID":"16","txt_GroupID":"1","txt_TransOrder":"898","txt_Azimuth":"67.540000000000006","txt_ShrCount":"11","txt_TCD":"641591.869999999995343","txt_SHAPE_Leng":"500.000000000999989","txt_SCE":"32.469999999999999","txt_NSM":"-16.770000000000000","txt_EPR":"-0.620000000000000","txt_EPRunc":"1.570000000000000","txt_LRR":"-0.510000000000000","txt_LR2":"0.270000000000000","txt_LSE":"9.330000000000000","txt_LCI90":"0.510000000000000","txt_WLR":"-0.510000000000000","txt_WR2":"0.270000000000000","txt_WSE":"0.310000000000000","txt_WCI90":"0.510000000000000","txt_Shape_Length":"499.999926544082086","source_feature_index":649,"published_primary_rate_field":"LRR","published_primary_rate_m_per_year":-0.51,"dashboard_rate_class":"RETREAT","dashboard_classification_note":"Display convention only; source numeric value is preserved. Not an official DMCR class.","published_period":"1990-2019","published_dataset":"Shoreline ThaiCoast / Krabi_Points"},"geometry":{"type":"Point","coordinates":[98.82853869410596,8.022340786706689]}},{"type":"Feature","id":650,"properties":{"OBJECTID":875,"TransectID":900,"BaselineID":16,"GroupID":1,"TransOrder":900,"Azimuth":33.94,"ShrCount":12,"TCD":642591.87,"SHAPE_Leng":500.000000004,"SCE":71.58,"NSM":-44.59,"EPR":-1.65,"EPRunc":1.57,"LRR":-1.93,"LR2":0.54,"LSE":19.19,"LCI90":1.01,"WLR":-1.93,"WR2":0.54,"WSE":0.64,"WCI90":1.01,"Shape_Le_1":499.999964659,"ORIG_FID":556,"txt_OBJECTID_1":"556","txt_OBJECTID":"875","txt_TransectID":"900","txt_BaselineID":"16","txt_GroupID":"1","txt_TransOrder":"900","txt_Azimuth":"33.939999999999998","txt_ShrCount":"12","txt_TCD":"642591.869999999995343","txt_SHAPE_Leng":"500.000000004000015","txt_SCE":"71.579999999999998","txt_NSM":"-44.590000000000003","txt_EPR":"-1.650000000000000","txt_EPRunc":"1.570000000000000","txt_LRR":"-1.930000000000000","txt_LR2":"0.540000000000000","txt_LSE":"19.190000000000001","txt_LCI90":"1.010000000000000","txt_WLR":"-1.930000000000000","txt_WR2":"0.540000000000000","txt_WSE":"0.640000000000000","txt_WCI90":"1.010000000000000","txt_Shape_Length":"499.999964658502165","source_feature_index":650,"published_primary_rate_field":"LRR","published_primary_rate_m_per_year":-1.93,"dashboard_rate_class":"RETREAT","dashboard_classification_note":"Display convention only; source numeric value is preserved. Not an official DMCR class.","published_period":"1990-2019","published_dataset":"Shoreline ThaiCoast / Krabi_Points"},"geometry":{"type":"Point","coordinates":[98.83232509976041,8.016707842933503]}},{"type":"Feature","id":651,"properties":{"OBJECTID":876,"TransectID":901,"BaselineID":16,"GroupID":1,"TransOrder":901,"Azimuth":53.56,"ShrCount":13,"TCD":643091.87,"SHAPE_Leng":499.999999995,"SCE":106.87,"NSM":25.11,"EPR":0.93,"EPRunc":1.57,"LRR":1.77,"LR2":0.37,"LSE":25.33,"LCI90":1.26,"WLR":1.77,"WR2":0.37,"WSE":0.84,"WCI90":1.26,"Shape_Le_1":500.000035409,"ORIG_FID":557,"txt_OBJECTID_1":"557","txt_OBJECTID":"876","txt_TransectID":"901","txt_BaselineID":"16","txt_GroupID":"1","txt_TransOrder":"901","txt_Azimuth":"53.560000000000002","txt_ShrCount":"13","txt_TCD":"643091.869999999995343","txt_SHAPE_Leng":"499.999999994999996","txt_SCE":"106.870000000000005","txt_NSM":"25.109999999999999","txt_EPR":"0.930000000000000","txt_EPRunc":"1.570000000000000","txt_LRR":"1.770000000000000","txt_LR2":"0.370000000000000","txt_LSE":"25.329999999999998","txt_LCI90":"1.260000000000000","txt_WLR":"1.770000000000000","txt_WR2":"0.370000000000000","txt_WSE":"0.840000000000000","txt_WCI90":"1.260000000000000","txt_Shape_Length":"500.000035409393888","source_feature_index":651,"published_primary_rate_field":"LRR","published_primary_rate_m_per_year":1.77,"dashboard_rate_class":"ACCRETION","dashboard_classification_note":"Display convention only; source numeric value is preserved. Not an official DMCR class.","published_period":"1990-2019","published_dataset":"Shoreline ThaiCoast / Krabi_Points"},"geometry":{"type":"Point","coordinates":[98.83500221122875,8.014461166317785]}},{"type":"Feature","id":652,"properties":{"OBJECTID":877,"TransectID":902,"BaselineID":16,"GroupID":1,"TransOrder":902,"Azimuth":76.95,"ShrCount":12,"TCD":643591.87,"SHAPE_Leng":500.000000002,"SCE":36.19,"NSM":-2.22,"EPR":-0.08,"EPRunc":1.57,"LRR":-0.61,"LR2":0.27,"LSE":11.14,"LCI90":0.57,"WLR":-0.61,"WR2":0.27,"WSE":0.37,"WCI90":0.57,"Shape_Le_1":500.000005695,"ORIG_FID":558,"txt_OBJECTID_1":"558","txt_OBJECTID":"877","txt_TransectID":"902","txt_BaselineID":"16","txt_GroupID":"1","txt_TransOrder":"902","txt_Azimuth":"76.950000000000003","txt_ShrCount":"12","txt_TCD":"643591.869999999995343","txt_SHAPE_Leng":"500.000000001999979","txt_SCE":"36.189999999999998","txt_NSM":"-2.220000000000000","txt_EPR":"-0.080000000000000","txt_EPRunc":"1.570000000000000","txt_LRR":"-0.610000000000000","txt_LR2":"0.270000000000000","txt_LSE":"11.140000000000001","txt_LCI90":"0.570000000000000","txt_WLR":"-0.610000000000000","txt_WR2":"0.270000000000000","txt_WSE":"0.370000000000000","txt_WCI90":"0.570000000000000","txt_Shape_Length":"500.000005694721040","source_feature_index":652,"published_primary_rate_field":"LRR","published_primary_rate_m_per_year":-0.61,"dashboard_rate_class":"RETREAT","dashboard_classification_note":"Display convention only; source numeric value is preserved. Not an official DMCR class.","published_period":"1990-2019","published_dataset":"Shoreline ThaiCoast / Krabi_Points"},"geometry":{"type":"Point","coordinates":[98.83640592589985,8.01129588398245]}},{"type":"Feature","id":653,"properties":{"OBJECTID":878,"TransectID":903,"BaselineID":16,"GroupID":1,"TransOrder":903,"Azimuth":70.21,"ShrCount":13,"TCD":644091.87,"SHAPE_Leng":500.0,"SCE":30.92,"NSM":10.66,"EPR":0.39,"EPRunc":1.57,"LRR":-0.08,"LR2":0.01,"LSE":10.01,"LCI90":0.5,"WLR":-0.08,"WR2":0.01,"WSE":0.33,"WCI90":0.5,"Shape_Le_1":500.000007401,"ORIG_FID":559,"txt_OBJECTID_1":"559","txt_OBJECTID":"878","txt_TransectID":"903","txt_BaselineID":"16","txt_GroupID":"1","txt_TransOrder":"903","txt_Azimuth":"70.209999999999994","txt_ShrCount":"13","txt_TCD":"644091.869999999995343","txt_SHAPE_Leng":"500.000000000000000","txt_SCE":"30.920000000000002","txt_NSM":"10.660000000000000","txt_EPR":"0.390000000000000","txt_EPRunc":"1.570000000000000","txt_LRR":"-0.080000000000000","txt_LR2":"0.010000000000000","txt_LSE":"10.010000000000000","txt_LCI90":"0.500000000000000","txt_WLR":"-0.080000000000000","txt_WR2":"0.010000000000000","txt_WSE":"0.330000000000000","txt_WCI90":"0.500000000000000","txt_Shape_Length":"500.000007400685661","source_feature_index":653,"published_primary_rate_field":"LRR","published_primary_rate_m_per_year":-0.08,"dashboard_rate_class":"RELATIVELY_STABLE","dashboard_classification_note":"Display convention only; source numeric value is preserved. Not an official DMCR class.","published_period":"1990-2019","published_dataset":"Shoreline ThaiCoast / Krabi_Points"},"geometry":{"type":"Point","coordinates":[98.83655407035232,8.007044425643235]}},{"type":"Feature","id":654,"properties":{"OBJECTID":880,"TransectID":905,"BaselineID":16,"GroupID":1,"TransOrder":905,"Azimuth":305.89,"ShrCount":12,"TCD":645091.87,"SHAPE_Leng":499.999999999,"SCE":41.79,"NSM":-24.85,"EPR":-0.92,"EPRunc":1.57,"LRR":-1.02,"LR2":0.67,"LSE":8.01,"LCI90":0.41,"WLR":-1.02,"WR2":0.67,"WSE":0.27,"WCI90":0.41,"Shape_Le_1":499.99996214,"ORIG_FID":560,"txt_OBJECTID_1":"560","txt_OBJECTID":"880","txt_TransectID":"905","txt_BaselineID":"16","txt_GroupID":"1","txt_TransOrder":"905","txt_Azimuth":"305.889999999999986","txt_ShrCount":"12","txt_TCD":"645091.869999999995343","txt_SHAPE_Leng":"499.999999999000011","txt_SCE":"41.789999999999999","txt_NSM":"-24.850000000000001","txt_EPR":"-0.920000000000000","txt_EPRunc":"1.570000000000000","txt_LRR":"-1.020000000000000","txt_LR2":"0.670000000000000","txt_LSE":"8.010000000000000","txt_LCI90":"0.410000000000000","txt_WLR":"-1.020000000000000","txt_WR2":"0.670000000000000","txt_WSE":"0.270000000000000","txt_WCI90":"0.410000000000000","txt_Shape_Length":"499.999962140048922","source_feature_index":654,"published_primary_rate_field":"LRR","published_primary_rate_m_per_year":-1.02,"dashboard_rate_class":"RETREAT","dashboard_classification_note":"Display convention only; source numeric value is preserved. Not an official DMCR class.","published_period":"1990-2019","published_dataset":"Shoreline ThaiCoast / Krabi_Points"},"geometry":{"type":"Point","coordinates":[98.8428775798074,8.010126376261553]}},{"type":"Feature","id":655,"properties":{"OBJECTID":881,"TransectID":906,"BaselineID":16,"GroupID":1,"TransOrder":906,"Azimuth":335.1,"ShrCount":13,"TCD":645591.87,"SHAPE_Leng":500.000000002,"SCE":90.29,"NSM":-48.3,"EPR":-1.79,"EPRunc":1.57,"LRR":-2.43,"LR2":0.65,"LSE":19.03,"LCI90":0.96,"WLR":-2.43,"WR2":0.65,"WSE":0.63,"WCI90":0.96,"Shape_Le_1":500.000041578,"ORIG_FID":561,"txt_OBJECTID_1":"561","txt_OBJECTID":"881","txt_TransectID":"906","txt_BaselineID":"16","txt_GroupID":"1","txt_TransOrder":"906","txt_Azimuth":"335.100000000000023","txt_ShrCount":"13","txt_TCD":"645591.869999999995343","txt_SHAPE_Leng":"500.000000001999979","txt_SCE":"90.290000000000006","txt_NSM":"-48.299999999999997","txt_EPR":"-1.790000000000000","txt_EPRunc":"1.570000000000000","txt_LRR":"-2.430000000000000","txt_LR2":"0.650000000000000","txt_LSE":"19.030000000000001","txt_LCI90":"0.960000000000000","txt_WLR":"-2.430000000000000","txt_WR2":"0.650000000000000","txt_WSE":"0.630000000000000","txt_WCI90":"0.960000000000000","txt_Shape_Length":"500.000041577711158","source_feature_index":655,"published_primary_rate_field":"LRR","published_primary_rate_m_per_year":-2.43,"dashboard_rate_class":"STRONG_RETREAT","dashboard_classification_note":"Display convention only; source numeric value is preserved. Not an official DMCR class.","published_period":"1990-2019","published_dataset":"Shoreline ThaiCoast / Krabi_Points"},"geometry":{"type":"Point","coordinates":[98.84557273195594,8.011876967650483]}},{"type":"Feature","id":656,"properties":{"OBJECTID":883,"TransectID":908,"BaselineID":16,"GroupID":1,"TransOrder":908,"Azimuth":310.22,"ShrCount":13,"TCD":646591.87,"SHAPE_Leng":500.000000001,"SCE":68.43,"NSM":-47.78,"EPR":-1.77,"EPRunc":1.57,"LRR":-2.0,"LR2":0.72,"LSE":13.76,"LCI90":0.68,"WLR":-2.0,"WR2":0.72,"WSE":0.46,"WCI90":0.68,"Shape_Le_1":500.000081595,"ORIG_FID":562,"txt_OBJECTID_1":"562","txt_OBJECTID":"883","txt_TransectID":"908","txt_BaselineID":"16","txt_GroupID":"1","txt_TransOrder":"908","txt_Azimuth":"310.220000000000027","txt_ShrCount":"13","txt_TCD":"646591.869999999995343","txt_SHAPE_Leng":"500.000000000999989","txt_SCE":"68.430000000000007","txt_NSM":"-47.780000000000001","txt_EPR":"-1.770000000000000","txt_EPRunc":"1.570000000000000","txt_LRR":"-2.000000000000000","txt_LR2":"0.720000000000000","txt_LSE":"13.760000000000000","txt_LCI90":"0.680000000000000","txt_WLR":"-2.000000000000000","txt_WR2":"0.720000000000000","txt_WSE":"0.460000000000000","txt_WCI90":"0.680000000000000","txt_Shape_Length":"500.000081595305176","source_feature_index":656,"published_primary_rate_field":"LRR","published_primary_rate_m_per_year":-2.0,"dashboard_rate_class":"STRONG_RETREAT","dashboard_classification_note":"Display convention only; source numeric value is preserved. Not an official DMCR class.","published_period":"1990-2019","published_dataset":"Shoreline ThaiCoast / Krabi_Points"},"geometry":{"type":"Point","coordinates":[98.8524762626277,8.01719506414385]}},{"type":"Feature","id":657,"properties":{"OBJECTID":884,"TransectID":909,"BaselineID":16,"GroupID":1,"TransOrder":909,"Azimuth":305.89,"ShrCount":19,"TCD":647091.87,"SHAPE_Leng":500.000000002,"SCE":60.99,"NSM":-27.21,"EPR":-1.01,"EPRunc":1.57,"LRR":-0.37,"LR2":0.04,"LSE":17.48,"LCI90":0.75,"WLR":-0.37,"WR2":0.04,"WSE":0.58,"WCI90":0.75,"Shape_Le_1":499.999992204,"ORIG_FID":563,"txt_OBJECTID_1":"563","txt_OBJECTID":"884","txt_TransectID":"909","txt_BaselineID":"16","txt_GroupID":"1","txt_TransOrder":"909","txt_Azimuth":"305.889999999999986","txt_ShrCount":"19","txt_TCD":"647091.869999999995343","txt_SHAPE_Leng":"500.000000001999979","txt_SCE":"60.990000000000002","txt_NSM":"-27.210000000000001","txt_EPR":"-1.010000000000000","txt_EPRunc":"1.570000000000000","txt_LRR":"-0.370000000000000","txt_LR2":"0.040000000000000","txt_LSE":"17.480000000000000","txt_LCI90":"0.750000000000000","txt_WLR":"-0.370000000000000","txt_WR2":"0.040000000000000","txt_WSE":"0.580000000000000","txt_WCI90":"0.750000000000000","txt_Shape_Length":"499.999992203801014","source_feature_index":657,"published_primary_rate_field":"LRR","published_primary_rate_m_per_year":-0.37,"dashboard_rate_class":"RELATIVELY_STABLE","dashboard_classification_note":"Display convention only; source numeric value is preserved. Not an official DMCR class.","published_period":"1990-2019","published_dataset":"Shoreline ThaiCoast / Krabi_Points"},"geometry":{"type":"Point","coordinates":[98.8557866814042,8.020070150253428]}},{"type":"Feature","id":658,"properties":{"OBJECTID":885,"TransectID":910,"BaselineID":16,"GroupID":1,"TransOrder":910,"Azimuth":300.34,"ShrCount":18,"TCD":647591.87,"SHAPE_Leng":500.000000001,"SCE":68.63,"NSM":-25.97,"EPR":-0.96,"EPRunc":1.57,"LRR":-0.37,"LR2":0.03,"LSE":19.5,"LCI90":0.85,"WLR":-0.37,"WR2":0.03,"WSE":0.65,"WCI90":0.85,"Shape_Le_1":500.000018209,"ORIG_FID":564,"txt_OBJECTID_1":"564","txt_OBJECTID":"885","txt_TransectID":"910","txt_BaselineID":"16","txt_GroupID":"1","txt_TransOrder":"910","txt_Azimuth":"300.339999999999975","txt_ShrCount":"18","txt_TCD":"647591.869999999995343","txt_SHAPE_Leng":"500.000000000999989","txt_SCE":"68.629999999999995","txt_NSM":"-25.969999999999999","txt_EPR":"-0.960000000000000","txt_EPRunc":"1.570000000000000","txt_LRR":"-0.370000000000000","txt_LR2":"0.030000000000000","txt_LSE":"19.500000000000000","txt_LCI90":"0.850000000000000","txt_WLR":"-0.370000000000000","txt_WR2":"0.030000000000000","txt_WSE":"0.650000000000000","txt_WCI90":"0.850000000000000","txt_Shape_Length":"500.000018209027417","source_feature_index":658,"published_primary_rate_field":"LRR","published_primary_rate_m_per_year":-0.37,"dashboard_rate_class":"RELATIVELY_STABLE","dashboard_classification_note":"Display convention only; source numeric value is preserved. Not an official DMCR class.","published_period":"1990-2019","published_dataset":"Shoreline ThaiCoast / Krabi_Points"},"geometry":{"type":"Point","coordinates":[98.85721741155707,8.023738687258037]}},{"type":"Feature","id":659,"properties":{"OBJECTID":886,"TransectID":911,"BaselineID":16,"GroupID":1,"TransOrder":911,"Azimuth":327.72,"ShrCount":16,"TCD":648091.87,"SHAPE_Leng":500.000000001,"SCE":169.12,"NSM":-79.94,"EPR":-2.96,"EPRunc":1.57,"LRR":-1.01,"LR2":0.03,"LSE":64.76,"LCI90":2.92,"WLR":-1.01,"WR2":0.03,"WSE":2.16,"WCI90":2.92,"Shape_Le_1":500.000032113,"ORIG_FID":565,"txt_OBJECTID_1":"565","txt_OBJECTID":"886","txt_TransectID":"911","txt_BaselineID":"16","txt_GroupID":"1","txt_TransOrder":"911","txt_Azimuth":"327.720000000000027","txt_ShrCount":"16","txt_TCD":"648091.869999999995343","txt_SHAPE_Leng":"500.000000000999989","txt_SCE":"169.120000000000005","txt_NSM":"-79.939999999999998","txt_EPR":"-2.960000000000000","txt_EPRunc":"1.570000000000000","txt_LRR":"-1.010000000000000","txt_LR2":"0.030000000000000","txt_LSE":"64.760000000000005","txt_LCI90":"2.920000000000000","txt_WLR":"-1.010000000000000","txt_WR2":"0.030000000000000","txt_WSE":"2.160000000000000","txt_WCI90":"2.920000000000000","txt_Shape_Length":"500.000032112793406","source_feature_index":659,"published_primary_rate_field":"LRR","published_primary_rate_m_per_year":-1.01,"dashboard_rate_class":"RETREAT","dashboard_classification_note":"Display convention only; source numeric value is preserved. Not an official DMCR class.","published_period":"1990-2019","published_dataset":"Shoreline ThaiCoast / Krabi_Points"},"geometry":{"type":"Point","coordinates":[98.85905457224673,8.026120113243566]}},{"type":"Feature","id":660,"properties":{"OBJECTID":887,"TransectID":912,"BaselineID":16,"GroupID":1,"TransOrder":912,"Azimuth":344.7,"ShrCount":8,"TCD":648591.87,"SHAPE_Leng":499.999999995,"SCE":222.19,"NSM":137.65,"EPR":6.01,"EPRunc":1.85,"LRR":5.1,"LR2":0.41,"LSE":66.1,"LCI90":4.83,"WLR":5.1,"WR2":0.41,"WSE":2.2,"WCI90":4.83,"Shape_Le_1":500.000049404,"ORIG_FID":566,"txt_OBJECTID_1":"566","txt_OBJECTID":"887","txt_TransectID":"912","txt_BaselineID":"16","txt_GroupID":"1","txt_TransOrder":"912","txt_Azimuth":"344.699999999999989","txt_ShrCount":"8","txt_TCD":"648591.869999999995343","txt_SHAPE_Leng":"499.999999994999996","txt_SCE":"222.189999999999998","txt_NSM":"137.650000000000006","txt_EPR":"6.010000000000000","txt_EPRunc":"1.850000000000000","txt_LRR":"5.100000000000000","txt_LR2":"0.410000000000000","txt_LSE":"66.099999999999994","txt_LCI90":"4.830000000000000","txt_WLR":"5.100000000000000","txt_WR2":"0.410000000000000","txt_WSE":"2.200000000000000","txt_WCI90":"4.830000000000000","txt_Shape_Length":"500.000049404226672","source_feature_index":660,"published_primary_rate_field":"LRR","published_primary_rate_m_per_year":5.1,"dashboard_rate_class":"STRONG_ACCRETION","dashboard_classification_note":"Display convention only; source numeric value is preserved. Not an official DMCR class.","published_period":"1990-2019","published_dataset":"Shoreline ThaiCoast / Krabi_Points"},"geometry":{"type":"Point","coordinates":[98.86239206449305,8.026816363638416]}},{"type":"Feature","id":661,"properties":{"OBJECTID":888,"TransectID":913,"BaselineID":16,"GroupID":1,"TransOrder":913,"Azimuth":4.3,"ShrCount":8,"TCD":649091.87,"SHAPE_Leng":500.0,"SCE":69.94,"NSM":-14.61,"EPR":-0.64,"EPRunc":1.85,"LRR":-1.06,"LR2":0.17,"LSE":24.95,"LCI90":1.86,"WLR":-1.06,"WR2":0.17,"WSE":0.83,"WCI90":1.86,"Shape_Le_1":500.000044879,"ORIG_FID":567,"txt_OBJECTID_1":"567","txt_OBJECTID":"888","txt_TransectID":"913","txt_BaselineID":"16","txt_GroupID":"1","txt_TransOrder":"913","txt_Azimuth":"4.300000000000000","txt_ShrCount":"8","txt_TCD":"649091.869999999995343","txt_SHAPE_Leng":"500.000000000000000","txt_SCE":"69.939999999999998","txt_NSM":"-14.609999999999999","txt_EPR":"-0.640000000000000","txt_EPRunc":"1.850000000000000","txt_LRR":"-1.060000000000000","txt_LR2":"0.170000000000000","txt_LSE":"24.949999999999999","txt_LCI90":"1.860000000000000","txt_WLR":"-1.060000000000000","txt_WR2":"0.170000000000000","txt_WSE":"0.830000000000000","txt_WCI90":"1.860000000000000","txt_Shape_Length":"500.000044879165330","source_feature_index":661,"published_primary_rate_field":"LRR","published_primary_rate_m_per_year":-1.06,"dashboard_rate_class":"RETREAT","dashboard_classification_note":"Display convention only; source numeric value is preserved. Not an official DMCR class.","published_period":"1990-2019","published_dataset":"Shoreline ThaiCoast / Krabi_Points"},"geometry":{"type":"Point","coordinates":[98.86548499062029,8.027909871461405]}},{"type":"Feature","id":662,"properties":{"OBJECTID":889,"TransectID":914,"BaselineID":16,"GroupID":1,"TransOrder":914,"Azimuth":30.96,"ShrCount":10,"TCD":649591.87,"SHAPE_Leng":499.999999998,"SCE":72.81,"NSM":-12.7,"EPR":-0.55,"EPRunc":1.85,"LRR":-0.59,"LR2":0.05,"LSE":25.0,"LCI90":1.63,"WLR":-0.59,"WR2":0.05,"WSE":0.83,"WCI90":1.63,"Shape_Le_1":499.999974761,"ORIG_FID":568,"txt_OBJECTID_1":"568","txt_OBJECTID":"889","txt_TransectID":"914","txt_BaselineID":"16","txt_GroupID":"1","txt_TransOrder":"914","txt_Azimuth":"30.960000000000001","txt_ShrCount":"10","txt_TCD":"649591.869999999995343","txt_SHAPE_Leng":"499.999999998000021","txt_SCE":"72.810000000000002","txt_NSM":"-12.699999999999999","txt_EPR":"-0.550000000000000","txt_EPRunc":"1.850000000000000","txt_LRR":"-0.590000000000000","txt_LR2":"0.050000000000000","txt_LSE":"25.000000000000000","txt_LCI90":"1.630000000000000","txt_WLR":"-0.590000000000000","txt_WR2":"0.050000000000000","txt_WSE":"0.830000000000000","txt_WCI90":"1.630000000000000","txt_Shape_Length":"499.999974760704106","source_feature_index":662,"published_primary_rate_field":"LRR","published_primary_rate_m_per_year":-0.59,"dashboard_rate_class":"RETREAT","dashboard_classification_note":"Display convention only; source numeric value is preserved. Not an official DMCR class.","published_period":"1990-2019","published_dataset":"Shoreline ThaiCoast / Krabi_Points"},"geometry":{"type":"Point","coordinates":[98.86862388877829,8.026461736145649]}},{"type":"Feature","id":663,"properties":{"OBJECTID":890,"TransectID":915,"BaselineID":16,"GroupID":1,"TransOrder":915,"Azimuth":37.78,"ShrCount":9,"TCD":650091.87,"SHAPE_Leng":499.999999998,"SCE":70.31,"NSM":-20.23,"EPR":-0.88,"EPRunc":1.85,"LRR":-1.04,"LR2":0.17,"LSE":24.36,"LCI90":1.63,"WLR":-1.04,"WR2":0.17,"WSE":0.81,"WCI90":1.63,"Shape_Le_1":500.000062094,"ORIG_FID":569,"txt_OBJECTID_1":"569","txt_OBJECTID":"890","txt_TransectID":"915","txt_BaselineID":"16","txt_GroupID":"1","txt_TransOrder":"915","txt_Azimuth":"37.780000000000001","txt_ShrCount":"9","txt_TCD":"650091.869999999995343","txt_SHAPE_Leng":"499.999999998000021","txt_SCE":"70.310000000000002","txt_NSM":"-20.230000000000000","txt_EPR":"-0.880000000000000","txt_EPRunc":"1.850000000000000","txt_LRR":"-1.040000000000000","txt_LR2":"0.170000000000000","txt_LSE":"24.359999999999999","txt_LCI90":"1.630000000000000","txt_WLR":"-1.040000000000000","txt_WR2":"0.170000000000000","txt_WSE":"0.810000000000000","txt_WCI90":"1.630000000000000","txt_Shape_Length":"500.000062094328541","source_feature_index":663,"published_primary_rate_field":"LRR","published_primary_rate_m_per_year":-1.04,"dashboard_rate_class":"RETREAT","dashboard_classification_note":"Display convention only; source numeric value is preserved. Not an official DMCR class.","published_period":"1990-2019","published_dataset":"Shoreline ThaiCoast / Krabi_Points"},"geometry":{"type":"Point","coordinates":[98.87191289875659,8.02380643545295]}},{"type":"Feature","id":664,"properties":{"OBJECTID":891,"TransectID":916,"BaselineID":16,"GroupID":1,"TransOrder":916,"Azimuth":29.03,"ShrCount":10,"TCD":650591.87,"SHAPE_Leng":499.999999997,"SCE":118.51,"NSM":36.12,"EPR":1.58,"EPRunc":1.85,"LRR":1.66,"LR2":0.15,"LSE":39.78,"LCI90":2.59,"WLR":1.66,"WR2":0.15,"WSE":1.33,"WCI90":2.59,"Shape_Le_1":499.999986666,"ORIG_FID":570,"txt_OBJECTID_1":"570","txt_OBJECTID":"891","txt_TransectID":"916","txt_BaselineID":"16","txt_GroupID":"1","txt_TransOrder":"916","txt_Azimuth":"29.030000000000001","txt_ShrCount":"10","txt_TCD":"650591.869999999995343","txt_SHAPE_Leng":"499.999999996999975","txt_SCE":"118.510000000000005","txt_NSM":"36.119999999999997","txt_EPR":"1.580000000000000","txt_EPRunc":"1.850000000000000","txt_LRR":"1.660000000000000","txt_LR2":"0.150000000000000","txt_LSE":"39.780000000000001","txt_LCI90":"2.590000000000000","txt_WLR":"1.660000000000000","txt_WR2":"0.150000000000000","txt_WSE":"1.330000000000000","txt_WCI90":"2.590000000000000","txt_Shape_Length":"499.999986666193649","source_feature_index":664,"published_primary_rate_field":"LRR","published_primary_rate_m_per_year":1.66,"dashboard_rate_class":"ACCRETION","dashboard_classification_note":"Display convention only; source numeric value is preserved. Not an official DMCR class.","published_period":"1990-2019","published_dataset":"Shoreline ThaiCoast / Krabi_Points"},"geometry":{"type":"Point","coordinates":[98.87513550282178,8.021447912166588]}},{"type":"Feature","id":665,"properties":{"OBJECTID":892,"TransectID":917,"BaselineID":16,"GroupID":1,"TransOrder":917,"Azimuth":0.47,"ShrCount":9,"TCD":651091.87,"SHAPE_Leng":500.0,"SCE":142.12,"NSM":85.48,"EPR":3.73,"EPRunc":1.85,"LRR":0.57,"LR2":0.02,"LSE":46.21,"LCI90":3.14,"WLR":0.57,"WR2":0.02,"WSE":1.54,"WCI90":3.14,"Shape_Le_1":499.999991181,"ORIG_FID":571,"txt_OBJECTID_1":"571","txt_OBJECTID":"892","txt_TransectID":"917","txt_BaselineID":"16","txt_GroupID":"1","txt_TransOrder":"917","txt_Azimuth":"0.470000000000000","txt_ShrCount":"9","txt_TCD":"651091.869999999995343","txt_SHAPE_Leng":"500.000000000000000","txt_SCE":"142.120000000000005","txt_NSM":"85.480000000000004","txt_EPR":"3.730000000000000","txt_EPRunc":"1.850000000000000","txt_LRR":"0.570000000000000","txt_LR2":"0.020000000000000","txt_LSE":"46.210000000000001","txt_LCI90":"3.140000000000000","txt_WLR":"0.570000000000000","txt_WR2":"0.020000000000000","txt_WSE":"1.540000000000000","txt_WCI90":"3.140000000000000","txt_Shape_Length":"499.999991181148744","source_feature_index":665,"published_primary_rate_field":"LRR","published_primary_rate_m_per_year":0.57,"dashboard_rate_class":"ACCRETION","dashboard_classification_note":"Display convention only; source numeric value is preserved. Not an official DMCR class.","published_period":"1990-2019","published_dataset":"Shoreline ThaiCoast / Krabi_Points"},"geometry":{"type":"Point","coordinates":[98.88019283963799,8.019514194383968]}},{"type":"Feature","id":666,"properties":{"OBJECTID":893,"TransectID":918,"BaselineID":16,"GroupID":1,"TransOrder":918,"Azimuth":323.88,"ShrCount":9,"TCD":651591.87,"SHAPE_Leng":500.000000002,"SCE":76.39,"NSM":-31.55,"EPR":-1.38,"EPRunc":1.85,"LRR":-0.77,"LR2":0.09,"LSE":26.63,"LCI90":1.78,"WLR":-0.77,"WR2":0.09,"WSE":0.89,"WCI90":1.78,"Shape_Le_1":500.000009008,"ORIG_FID":572,"txt_OBJECTID_1":"572","txt_OBJECTID":"893","txt_TransectID":"918","txt_BaselineID":"16","txt_GroupID":"1","txt_TransOrder":"918","txt_Azimuth":"323.879999999999995","txt_ShrCount":"9","txt_TCD":"651591.869999999995343","txt_SHAPE_Leng":"500.000000001999979","txt_SCE":"76.390000000000001","txt_NSM":"-31.550000000000001","txt_EPR":"-1.380000000000000","txt_EPRunc":"1.850000000000000","txt_LRR":"-0.770000000000000","txt_LR2":"0.090000000000000","txt_LSE":"26.629999999999999","txt_LCI90":"1.780000000000000","txt_WLR":"-0.770000000000000","txt_WR2":"0.090000000000000","txt_WSE":"0.890000000000000","txt_WCI90":"1.780000000000000","txt_Shape_Length":"500.000009008411951","source_feature_index":666,"published_primary_rate_field":"LRR","published_primary_rate_m_per_year":-0.77,"dashboard_rate_class":"RETREAT","dashboard_classification_note":"Display convention only; source numeric value is preserved. Not an official DMCR class.","published_period":"1990-2019","published_dataset":"Shoreline ThaiCoast / Krabi_Points"},"geometry":{"type":"Point","coordinates":[98.88511735205216,8.021540446814294]}}]}