{
  "type": "FeatureCollection",
  "features": [
    {
      "type": "Feature",
      "properties": {
        "indicator": "WATERLINE",
        "role": "HISTORICAL_AND_RECENT_SCREENING",
        "year": 2023,
        "scene_id": "S2A_MSIL2A_20230116T034101_R061_T47PNQ_20230116T121416",
        "acquisition_datetime_bangkok": "2023-01-16T10:41:01.024000+07:00",
        "tide_level_m_msl": 1.2299,
        "tide_target_m_msl": 1.0879,
        "tide_delta_from_target_m": 0.142,
        "tide_status": "modelled_secondary_extrema_cosine",
        "tide_source_tier": "secondary_published_extrema",
        "mndwi_threshold": 0.01172,
        "threshold_method": "otsu",
        "source_resolution_m": 20,
        "confidence": "LOW",
        "interpretation": "image-derived waterline selected near the current tide target; screening only, not tide-normalized or surveyed",
        "segment_id": 1,
        "length_m": 3761.53
      },
      "geometry": {
        "type": "LineString",
        "coordinates": [
          [
            99.9843644516559,
            13.34765836760389
          ],
          [
            99.98436394307882,
            13.347532821165917
          ],
          [
            99.98454860749102,
            13.347532103845715
          ],
          [
            99.98454714225404,
            13.347170458669465
          ],
          [
            99.9847318063807,
            13.34716974123489
          ],
          [
            99.9847310736411,
            13.34698891865291
          ],
          [
            99.98491573761956,
            13.346988201093904
          ],
          [
            99.98491500475345,
            13.34680737851938
          ],
          [
            99.98509966858373,
            13.346806660835947
          ],
          [
            99.98509820260934,
            13.346445015699192
          ],
          [
            99.98528286615405,
            13.346444297901407
          ],
          [
            99.98528213304579,
            13.346263475339178
          ],
          [
            99.98546679644231,
            13.346262757416973
          ],
          [
            99.98546606320753,
            13.346081934862205
          ],
          [
            99.98565072645587,
            13.346081216815588
          ],
          [
            99.98564925974416,
            13.345719571718359
          ],
          [
            99.98583392270699,
            13.34571885355741
          ],
          [
            99.98583318923006,
            13.345538031014952
          ],
          [
            99.9860178520447,
            13.345537312729597
          ],
          [
            99.98601638484872,
            13.345175667656997
          ],
          [
            99.98620104737785,
            13.34517494925732
          ],
          [
            99.9862003136588,
            13.344994126727178
          ],
          [
            99.98638497603973,
            13.34499340820311
          ],
          [
            99.9863842421942,
            13.344812585680437
          ],
          [
            99.98656890442695,
            13.344811867031975
          ],
          [
            99.98656817045496,
            13.344631044516774
          ],
          [
            99.98675283253952,
            13.344630325743921
          ],
          [
            99.98675136435345,
            13.344268680725852
          ],
          [
            99.9869360261525,
            13.344267961838705
          ],
          [
            99.98693529193844,
            13.344087139335839
          ],
          [
            99.98711995358931,
            13.344086420324311
          ],
          [
            99.98711848491912,
            13.343724775330918
          ],
          [
            99.9873031462845,
            13.34372405620511
          ],
          [
            99.98730241182838,
            13.343543233714584
          ],
          [
            99.98748707304557,
            13.343542514464406
          ],
          [
            99.98748633846301,
            13.343361691981361
          ],
          [
            99.98767099953201,
            13.343360972606819
          ],
          [
            99.98767026482301,
            13.343180150131253
          ],
          [
            99.98785492574383,
            13.343179430632352
          ],
          [
            99.98785345608381,
            13.342817785693576
          ],
          [
            99.98803811671917,
            13.342817066080414
          ],
          [
            99.98803738176815,
            13.342636243617209
          ],
          [
            99.98822204225532,
            13.342635523879693
          ],
          [
            99.98822130717787,
            13.342454701423973
          ],
          [
            99.98840596751685,
            13.34245398156211
          ],
          [
            99.98840449712,
            13.342092336663038
          ],
          [
            99.98858915717351,
            13.342091616686936
          ],
          [
            99.98858842185409,
            13.341910794243587
          ],
          [
            99.98877308175942,
            13.341910074143145
          ],
          [
            99.9887723463136,
            13.341729251707289
          ],
          [
            99.98895700607076,
            13.341728531482511
          ],
          [
            99.98895553493716,
            13.341366886623174
          ],
          [
            99.98914019440886,
            13.341366166284178
          ],
          [
            99.98913945872108,
            13.3411853438607
          ],
          [
            99.9893241180446,
            13.341184623397378
          ],
          [
            99.98931970332292,
            13.340099688862296
          ],
          [
            99.99024299565873,
            13.340096084832698
          ],
          [
            99.99024446856185,
            13.34045772958699
          ],
          [
            99.9909831033326,
            13.34045484386263
          ],
          [
            99.99098384034961,
            13.340635666195352
          ],
          [
            99.99116849915232,
            13.340634944418055
          ],
          [
            99.99116923631755,
            13.340815766738025
          ],
          [
            99.99172321307206,
            13.340813600569142
          ],
          [
            99.99172468825893,
            13.341175245140427
          ],
          [
            99.99190934742984,
            13.341174522794985
          ],
          [
            99.99191008517693,
            13.341355345066566
          ],
          [
            99.99227940376059,
            13.341353899952095
          ],
          [
            99.99228014179319,
            13.341534722200773
          ],
          [
            99.99246480120594,
            13.341533999431736
          ],
          [
            99.99246701578107,
            13.342076466131655
          ],
          [
            99.99191303627444,
            13.342078634126743
          ],
          [
            99.99191229848368,
            13.341897811865623
          ],
          [
            99.99172763876359,
            13.34189853425162
          ],
          [
            99.99172690112105,
            13.341717711977742
          ],
          [
            99.99117292230721,
            13.341719878298662
          ],
          [
            99.99117365953786,
            13.341900700602949
          ],
          [
            99.99098899977415,
            13.341901422451171
          ],
          [
            99.99098973687842,
            13.342082244762969
          ],
          [
            99.9908050769665,
            13.34208296648688
          ],
          [
            99.9908080249434,
            13.342806255748469
          ],
          [
            99.99117734585477,
            13.342804812085157
          ],
          [
            99.99117808315086,
            13.34298563437376
          ],
          [
            99.99136274372749,
            13.342984912330285
          ],
          [
            99.9913634811718,
            13.343165734606139
          ],
          [
            99.99154814187483,
            13.343165012418075
          ],
          [
            99.9915496170708,
            13.343526656941659
          ],
          [
            99.99210359993828,
            13.343524489509885
          ],
          [
            99.99210286192289,
            13.343343667279823
          ],
          [
            99.99265684428016,
            13.34334149866834
          ],
          [
            99.99265610586377,
            13.343160676466095
          ],
          [
            99.99339474830462,
            13.343157783142296
          ],
          [
            99.99339400934991,
            13.342976960978048
          ],
          [
            99.99357866979551,
            13.342976237321114
          ],
          [
            99.99357719164426,
            13.342614593005083
          ],
          [
            99.99616243288891,
            13.342604447974994
          ],
          [
            99.9961631738813,
            13.34278526999192
          ],
          [
            99.99671715428057,
            13.342783092597838
          ],
          [
            99.9967186371221,
            13.343144736562722
          ],
          [
            99.99690329750787,
            13.343144010475411
          ],
          [
            99.99690552226434,
            13.343686476372554
          ],
          [
            99.99672086146664,
            13.34368720249044
          ],
          [
            99.99672160293676,
            13.343868024461116
          ],
          [
            99.99653694199078,
            13.34386875045473
          ],
          [
            99.99654361447949,
            13.345496148164832
          ],
          [
            99.99709760099235,
            13.34549396950544
          ],
          [
            99.9971020522838,
            13.346578901011046
          ],
          [
            99.99691738929978,
            13.346579627426484
          ],
          [
            99.99691813108274,
            13.346760449345124
          ],
          [
            99.99654880480709,
            13.3467619017929
          ],
          [
            99.99654982970978,
            13.347011827022031
          ]
        ]
      }
    },
    {
      "type": "Feature",
      "properties": {
        "indicator": "WATERLINE",
        "role": "HISTORICAL_AND_RECENT_SCREENING",
        "year": 2023,
        "scene_id": "S2A_MSIL2A_20230116T034101_R061_T47PNQ_20230116T121416",
        "acquisition_datetime_bangkok": "2023-01-16T10:41:01.024000+07:00",
        "tide_level_m_msl": 1.2299,
        "tide_target_m_msl": 1.0879,
        "tide_delta_from_target_m": 0.142,
        "tide_status": "modelled_secondary_extrema_cosine",
        "tide_source_tier": "secondary_published_extrema",
        "mndwi_threshold": 0.01172,
        "threshold_method": "otsu",
        "source_resolution_m": 20,
        "confidence": "LOW",
        "interpretation": "image-derived waterline selected near the current tide target; screening only, not tide-normalized or surveyed",
        "segment_id": 2,
        "length_m": 16332.46
      },
      "geometry": {
        "type": "LineString",
        "coordinates": [
          [
            99.95050319900078,
            13.283174852023588
          ],
          [
            99.95050645251831,
            13.284010784546847
          ],
          [
            99.95087568875412,
            13.284009405575413
          ],
          [
            99.9508763928437,
            13.28419023086806
          ],
          [
            99.95106101108257,
            13.28418954117185
          ],
          [
            99.9510624195664,
            13.284551191729909
          ],
          [
            99.95161627504022,
            13.284549121779852
          ],
          [
            99.95161697970778,
            13.28472994702581
          ],
          [
            99.95180159831479,
            13.284729256765024
          ],
          [
            99.95180512249293,
            13.285633382907143
          ],
          [
            99.95198974177279,
            13.285632692463858
          ],
          [
            99.95199538209539,
            13.287079294078163
          ],
          [
            99.95254924315248,
            13.287077221711515
          ],
          [
            99.95254994864996,
            13.2872580468724
          ],
          [
            99.95291918957568,
            13.287256664605767
          ],
          [
            99.95291989535701,
            13.287437489744569
          ],
          [
            99.95310451594085,
            13.287436798400691
          ],
          [
            99.95310592780835,
            13.287798448651014
          ],
          [
            99.95329054865509,
            13.287797757153768
          ],
          [
            99.95329266694503,
            13.288340232480508
          ],
          [
            99.95347728819138,
            13.288339540820141
          ],
          [
            99.95347870071048,
            13.28870119100547
          ],
          [
            99.95366332221975,
            13.288700499191718
          ],
          [
            99.95366544148715,
            13.289242974420956
          ],
          [
            99.95385006339606,
            13.289242282444066
          ],
          [
            99.95385147656685,
            13.289603932564384
          ],
          [
            99.95403609873868,
            13.289603240434088
          ],
          [
            99.95403680547653,
            13.289784065480596
          ],
          [
            99.95459067233926,
            13.289781988257019
          ],
          [
            99.95459350103617,
            13.290505288299968
          ],
          [
            99.95477812384964,
            13.290504595585265
          ],
          [
            99.95478024589272,
            13.29104707056088
          ],
          [
            99.95496486910586,
            13.29104637768298
          ],
          [
            99.95496840673798,
            13.291950502541493
          ],
          [
            99.9551530306243,
            13.291949809480862
          ],
          [
            99.95515373831896,
            13.29213063443499
          ],
          [
            99.95552298633359,
            13.292129247892417
          ],
          [
            99.95552369431223,
            13.292310072824415
          ],
          [
            99.95589294255832,
            13.292308685726578
          ],
          [
            99.95589365082097,
            13.29248951063644
          ],
          [
            99.956078275065,
            13.292488816876853
          ],
          [
            99.95608465113266,
            13.294116240860527
          ],
          [
            99.95590002565784,
            13.294116934708063
          ],
          [
            99.95590073402559,
            13.294297759591894
          ],
          [
            99.95571610840351,
            13.29429845331525
          ],
          [
            99.95571681664501,
            13.29447927820625
          ],
          [
            99.95553219087564,
            13.29447997180542
          ],
          [
            99.95553643972472,
            13.295564921155371
          ],
          [
            99.9553518131242,
            13.295565614679184
          ],
          [
            99.95535393728024,
            13.29610808934832
          ],
          [
            99.95498468322697,
            13.296109476052624
          ],
          [
            99.95498539102641,
            13.29629030095666
          ],
          [
            99.95480076384723,
            13.296290994117614
          ],
          [
            99.95480288689822,
            13.296833468843372
          ],
          [
            99.95424900406655,
            13.29683554761021
          ],
          [
            99.95425466271453,
            13.29828214699853
          ],
          [
            99.95443929143002,
            13.29828145413219
          ],
          [
            99.95444353667766,
            13.299366403505552
          ],
          [
            99.95481279571894,
            13.299365017253786
          ],
          [
            99.95481350357059,
            13.299545842120718
          ],
          [
            99.95499813321231,
            13.299545148784064
          ],
          [
            99.95499954922079,
            13.299906798490593
          ],
          [
            99.95518417912565,
            13.299906105000407
          ],
          [
            99.95518559544979,
            13.300267754676995
          ],
          [
            99.95537022561781,
            13.300267061033269
          ],
          [
            99.95537376729621,
            13.301171185130347
          ],
          [
            99.95518913644399,
            13.301171878822897
          ],
          [
            99.9552004693902,
            13.304065075652282
          ],
          [
            99.95501583633774,
            13.304065769367021
          ],
          [
            99.95501654459929,
            13.304246594156481
          ],
          [
            99.95427801173683,
            13.304249367713917
          ],
          [
            99.95428013494194,
            13.30479184218378
          ],
          [
            99.95409550128943,
            13.304792535267257
          ],
          [
            99.95409691653819,
            13.305154184920314
          ],
          [
            99.95391228260144,
            13.305154877889233
          ],
          [
            99.95391299010467,
            13.305335702721605
          ],
          [
            99.95372835602052,
            13.305336395566208
          ],
          [
            99.95372906339735,
            13.30551722040573
          ],
          [
            99.95354442916583,
            13.30551791312601
          ],
          [
            99.95354513641625,
            13.305698737972673
          ],
          [
            99.95336050203734,
            13.30569943056863
          ],
          [
            99.95336120916137,
            13.305880255422437
          ],
          [
            99.95317657463507,
            13.30588094789407
          ],
          [
            99.95317728163268,
            13.306061772755012
          ],
          [
            99.952992646959,
            13.306062465102311
          ],
          [
            99.9529933538302,
            13.306243289970393
          ],
          [
            99.95280871900914,
            13.306243982193354
          ],
          [
            99.95280942575391,
            13.306424807068577
          ],
          [
            99.95244015580657,
            13.306426191131743
          ],
          [
            99.952440862288,
            13.306607016023833
          ],
          [
            99.95225622716171,
            13.306607707864028
          ],
          [
            99.95225834625816,
            13.307150182553878
          ],
          [
            99.95207371071068,
            13.307150874289192
          ],
          [
            99.95207512322018,
            13.307512524088864
          ],
          [
            99.95189048738838,
            13.307513215709555
          ],
          [
            99.95189119352193,
            13.307694040615214
          ],
          [
            99.95170655754276,
            13.307694732111544
          ],
          [
            99.95170796956742,
            13.308056381934511
          ],
          [
            99.95152333330394,
            13.308057073316203
          ],
          [
            99.95152474509662,
            13.3084187231482
          ],
          [
            99.95134010854882,
            13.308419414415246
          ],
          [
            99.95134152010951,
            13.308781064256282
          ],
          [
            99.95115688327739,
            13.30878175540867
          ],
          [
            99.9511575889365,
            13.308962580335002
          ],
          [
            99.950972951957,
            13.308963271363012
          ],
          [
            99.95097365748963,
            13.309144096296462
          ],
          [
            99.95060438322538,
            13.309145477969599
          ],
          [
            99.95060649906442,
            13.309687952812633
          ],
          [
            99.95116041167755,
            13.30968588001428
          ],
          [
            99.9511597059766,
            13.309505055098372
          ],
          [
            99.9518982554332,
            13.309502289528542
          ],
          [
            99.95189754919498,
            13.309321464648932
          ],
          [
            99.95208218639601,
            13.309320772930928
          ],
          [
            99.95208077367708,
            13.308959123183353
          ],
          [
            99.95226541059378,
            13.308958431350703
          ],
          [
            99.9522647041131,
            13.30877760648275
          ],
          [
            99.95244934088241,
            13.308776914525723
          ],
          [
            99.95244863427524,
            13.308596089664892
          ],
          [
            99.95263327089715,
            13.308595397583504
          ],
          [
            99.95263256416355,
            13.308414572729806
          ],
          [
            99.95281720063805,
            13.308413880524055
          ],
          [
            99.952816493778,
            13.308233055677492
          ],
          [
            99.9530011301051,
            13.308232363347381
          ],
          [
            99.9530004231186,
            13.308051538507954
          ],
          [
            99.95318505929829,
            13.308050846053485
          ],
          [
            99.95318364508292,
            13.307689196386296
          ],
          [
            99.95355291686317,
            13.307687811114054
          ],
          [
            99.95355220949737,
            13.307506986296044
          ],
          [
            99.95392148096184,
            13.307505600506927
          ],
          [
            99.95392006571406,
            13.30714395090209
          ],
          [
            99.95410470115672,
            13.307143257825897
          ],
          [
            99.95410399341166,
            13.306962433029323
          ],
          [
            99.95428862870692,
            13.306961739828798
          ],
          [
            99.95428792083544,
            13.306780915039376
          ],
          [
            99.95447255598332,
            13.30678022171452
          ],
          [
            99.95447184798543,
            13.306599396932244
          ],
          [
            99.95465648298588,
            13.306598703483065
          ],
          [
            99.95465577486159,
            13.306417878707943
          ],
          [
            99.95484040971465,
            13.306417185134443
          ],
          [
            99.95483970146395,
            13.306236360366476
          ],
          [
            99.9550243361696,
            13.306235666668655
          ],
          [
            99.9550236277925,
            13.306054841907844
          ],
          [
            99.9553928968985,
            13.306053454129499
          ],
          [
            99.95539218825812,
            13.305872629385613
          ],
          [
            99.95557682265844,
            13.305871935305095
          ],
          [
            99.95557611389168,
            13.30569111056837
          ],
          [
            99.95576074814461,
            13.305690416363547
          ],
          [
            99.95576003925146,
            13.305509591633989
          ],
          [
            99.956129307452,
            13.305508202841667
          ],
          [
            99.95612788914966,
            13.305146553413824
          ],
          [
            99.95631252296037,
            13.305145858836106
          ],
          [
            99.95631181368809,
            13.304965034128047
          ],
          [
            99.95649644735141,
            13.304964339426045
          ],
          [
            99.95649573795275,
            13.304783514725159
          ],
          [
            99.95668037146865,
            13.304782819898868
          ],
          [
            99.95667966194364,
            13.304601995205157
          ],
          [
            99.95686429531214,
            13.304601300254586
          ],
          [
            99.95686358566078,
            13.304420475568051
          ],
          [
            99.95704821888188,
            13.304419780493198
          ],
          [
            99.95704750910414,
            13.30423895581384
          ],
          [
            99.95723214217783,
            13.304238260614715
          ],
          [
            99.95723143227374,
            13.304057435942534
          ],
          [
            99.95741606520004,
            13.304056740619139
          ],
          [
            99.95741535516962,
            13.303875915954142
          ],
          [
            99.96000021311488,
            13.303866167488064
          ],
          [
            99.95999950117877,
            13.303685342957658
          ],
          [
            99.96129192841762,
            13.303680458940512
          ],
          [
            99.96129264131184,
            13.303861283402174
          ],
          [
            99.961846538952,
            13.303859188211728
          ],
          [
            99.96184725226742,
            13.304040012641295
          ],
          [
            99.96203188492986,
            13.304039313966545
          ],
          [
            99.96203259839272,
            13.304220138383673
          ],
          [
            99.96240186395961,
            13.304218740612335
          ],
          [
            99.96240257770681,
            13.304399565007193
          ],
          [
            99.96277184350512,
            13.30439816667995
          ],
          [
            99.96277327157881,
            13.304759815422488
          ],
          [
            99.96295790473584,
            13.304759116038095
          ],
          [
            99.96295861892546,
            13.304939940395608
          ],
          [
            99.96332788548152,
            13.304938541204953
          ],
          [
            99.96332859995547,
            13.305119365540175
          ],
          [
            99.96351323335452,
            13.305118665733904
          ],
          [
            99.96351394797597,
            13.305299490056667
          ],
          [
            99.963883215016,
            13.305298090022228
          ],
          [
            99.96388392992182,
            13.305478914322688
          ],
          [
            99.96406856356283,
            13.305478214094515
          ],
          [
            99.96406927861615,
            13.305659038382514
          ],
          [
            99.96425391238344,
            13.305658338010415
          ],
          [
            99.96425462758427,
            13.305839162285956
          ],
          [
            99.96443926147785,
            13.30583846176993
          ],
          [
            99.96443997682617,
            13.306019286033006
          ],
          [
            99.96462461084604,
            13.306018585373046
          ],
          [
            99.96462532634186,
            13.306199409623657
          ],
          [
            99.96480996048804,
            13.306198708819766
          ],
          [
            99.96481067613136,
            13.30637953305791
          ],
          [
            99.96499531040381,
            13.306378832110076
          ],
          [
            99.96499602619467,
            13.306559656335748
          ],
          [
            99.9651806605934,
            13.30655895524397
          ],
          [
            99.96518137653176,
            13.306739779457176
          ],
          [
            99.96536601105679,
            13.306739078221455
          ],
          [
            99.96536815934631,
            13.307281550815823
          ],
          [
            99.96555279427143,
            13.307280849416411
          ],
          [
            99.96555351052609,
            13.307461673599455
          ],
          [
            99.9657381455775,
            13.307460972056088
          ],
          [
            99.96573886197969,
            13.307641796226648
          ],
          [
            99.9659234971574,
            13.307641094539317
          ],
          [
            99.96592421370713,
            13.307821918697405
          ],
          [
            99.96610884901114,
            13.307821216866111
          ],
          [
            99.9661109991348,
            13.308363689295106
          ],
          [
            99.96629563483894,
            13.308362987300088
          ],
          [
            99.966296351705,
            13.308543811427995
          ],
          [
            99.96648098753543,
            13.308543109289
          ],
          [
            99.96648313860818,
            13.309085581627459
          ],
          [
            99.96666777483877,
            13.30908487932472
          ],
          [
            99.96666920921429,
            13.309446527517563
          ],
          [
            99.9668538457081,
            13.309445825060955
          ],
          [
            99.96685528040003,
            13.309807473223609
          ],
          [
            99.96722455390352,
            13.30980606786852
          ],
          [
            99.9672267068428,
            13.310348540033637
          ],
          [
            99.96741134398941,
            13.310347837125258
          ],
          [
            99.96741493311906,
            13.311251957298884
          ],
          [
            99.96759957093978,
            13.311251254206937
          ],
          [
            99.96760172495614,
            13.31179372625016
          ],
          [
            99.96741708672454,
            13.31179442937178
          ],
          [
            99.96741780461431,
            13.31197525339086
          ],
          [
            99.9672331662351,
            13.311975956388236
          ],
          [
            99.96723388399856,
            13.312156780414599
          ],
          [
            99.96686460693432,
            13.312158186026714
          ],
          [
            99.96686532443448,
            13.312339010070243
          ],
          [
            99.96668068574942,
            13.312339712684976
          ],
          [
            99.96668140312326,
            13.312520536735782
          ],
          [
            99.96649676429061,
            13.312521239226255
          ],
          [
            99.9664974815381,
            13.312702063284334
          ],
          [
            99.96631284255785,
            13.312702765650544
          ],
          [
            99.96631499395316,
            13.313245237838778
          ],
          [
            99.96686891209478,
            13.313243130248786
          ],
          [
            99.96686819454145,
            13.313062306218292
          ],
          [
            99.96705283376373,
            13.313061603429878
          ],
          [
            99.96705211608406,
            13.312880779406663
          ],
          [
            99.96945242322451,
            13.312871631078622
          ],
          [
            99.96945314268486,
            13.313052454973162
          ],
          [
            99.96982242082056,
            13.313051045506082
          ],
          [
            99.96982314056551,
            13.313231869378196
          ],
          [
            99.97019241893251,
            13.313230459354696
          ],
          [
            99.97019313896209,
            13.31341128320437
          ],
          [
            99.97074705684348,
            13.313409167133244
          ],
          [
            99.97074777729466,
            13.31358999095055
          ],
          [
            99.97167097423495,
            13.313586461432697
          ],
          [
            99.97167025309888,
            13.313405637665031
          ],
          [
            99.9718548923179,
            13.31340493136894
          ],
          [
            99.97185417105553,
            13.313224107608603
          ],
          [
            99.97296200532325,
            13.31321986707454
          ],
          [
            99.97296272740748,
            13.313400690775234
          ],
          [
            99.97333200568508,
            13.313399276170802
          ],
          [
            99.97333272805399,
            13.313580099848995
          ],
          [
            99.97370200656272,
            13.313578684688059
          ],
          [
            99.97370272921628,
            13.313759508343736
          ],
          [
            99.97407200795614,
            13.313758092626284
          ],
          [
            99.97407273089439,
            13.313938916259447
          ],
          [
            99.97425737038523,
            13.31393820818953
          ],
          [
            99.97425881656783,
            13.314299855428114
          ],
          [
            99.9746280960653,
            13.314298438845974
          ],
          [
            99.97462881944665,
            13.314479262441433
          ],
          [
            99.9748134593163,
            13.31447855393916
          ],
          [
            99.97481635349689,
            13.315201848255052
          ],
          [
            99.97537027468542,
            13.315199721823655
          ],
          [
            99.9753695507132,
            13.315018898278495
          ],
          [
            99.97555419095092,
            13.315018189209667
          ],
          [
            99.97555346685243,
            13.314837365671874
          ],
          [
            99.97629202714802,
            13.314834528094796
          ],
          [
            99.97629275179449,
            13.315015351592683
          ],
          [
            99.97703131246624,
            13.315012511829043
          ],
          [
            99.97703203767142,
            13.315193335284388
          ],
          [
            99.97740131821682,
            13.315191914577593
          ],
          [
            99.97740204370676,
            13.315372738010348
          ],
          [
            99.97777132448314,
            13.315371316746894
          ],
          [
            99.97777205025784,
            13.315552140157058
          ],
          [
            99.97814133126519,
            13.315550718336931
          ],
          [
            99.97814205732465,
            13.31573154172449
          ],
          [
            99.97851133856298,
            13.315730119347675
          ],
          [
            99.9785120649072,
            13.315910942712627
          ],
          [
            99.97869670564722,
            13.315910231312953
          ],
          [
            99.97869743213921,
            13.316091054665291
          ],
          [
            99.97888207300548,
            13.31609034312144
          ],
          [
            99.97888352629579,
            13.316451989798274
          ],
          [
            99.97906816742531,
            13.316451278100232
          ],
          [
            99.97906889422362,
            13.316632101424727
          ],
          [
            99.97925353547939,
            13.316631389582495
          ],
          [
            99.97925426242547,
            13.316812212894375
          ],
          [
            99.97943890380748,
            13.316811500907946
          ],
          [
            99.97943963090137,
            13.316992324207206
          ],
          [
            99.97962427240961,
            13.316991612076578
          ],
          [
            99.97962499965129,
            13.317172435363215
          ],
          [
            99.97980964128578,
            13.31717172308839
          ],
          [
            99.97981109607551,
            13.317533369633807
          ],
          [
            99.97999573797325,
            13.317532657204756
          ],
          [
            99.97999646552131,
            13.317713480463533
          ],
          [
            99.9801811075453,
            13.317712767890274
          ],
          [
            99.98018256294782,
            13.318074414379964
          ],
          [
            99.98036720523508,
            13.318073701652468
          ],
          [
            99.98036793308954,
            13.318254524883379
          ],
          [
            99.98055257550307,
            13.318253812011662
          ],
          [
            99.98055839982328,
            13.319700397684832
          ],
          [
            99.98037375631344,
            13.319701110636732
          ],
          [
            99.98037448426496,
            13.31988193384416
          ],
          [
            99.9798205532596,
            13.319884071924626
          ],
          [
            99.97982273594538,
            13.320426541621426
          ],
          [
            99.97963809184421,
            13.320427254076527
          ],
          [
            99.97963954674783,
            13.320788900548045
          ],
          [
            99.97945490236178,
            13.320789612888952
          ],
          [
            99.9794563570344,
            13.321151259370058
          ],
          [
            99.97927171236343,
            13.32115197159676
          ],
          [
            99.979273166805,
            13.321513618087453
          ],
          [
            99.97908852184914,
            13.321514330199951
          ],
          [
            99.97908924894901,
            13.321695153451392
          ],
          [
            99.97890460384531,
            13.321695865439663
          ],
          [
            99.97890678479835,
            13.32223833520835
          ],
          [
            99.97946072131083,
            13.322236198750742
          ],
          [
            99.97945999390448,
            13.322055375527151
          ],
          [
            99.97982928458477,
            13.322053950570908
          ],
          [
            99.97982855691505,
            13.321873127364736
          ],
          [
            99.98038249244343,
            13.321870988953632
          ],
          [
            99.98038176437328,
            13.321690165774912
          ],
          [
            99.981858924211,
            13.321684457519112
          ],
          [
            99.98186038255523,
            13.32204610371347
          ],
          [
            99.98241431813864,
            13.322043960842429
          ],
          [
            99.98241212940486,
            13.321501491637337
          ],
          [
            99.98351999781255,
            13.321497202451692
          ],
          [
            99.98352072820208,
            13.321678025462372
          ],
          [
            99.98425930747246,
            13.321675163280391
          ],
          [
            99.98426003842108,
            13.321855986248229
          ],
          [
            99.9844446833487,
            13.321855270357084
          ],
          [
            99.98444541444523,
            13.322036093312251
          ],
          [
            99.98481470454209,
            13.322034661107123
          ],
          [
            99.98481543592361,
            13.322215484039548
          ],
          [
            99.98500008109285,
            13.322214767725557
          ],
          [
            99.98500081262227,
            13.322395590645305
          ],
          [
            99.98518545791777,
            13.322394874187006
          ],
          [
            99.98518692128327,
            13.32275651999853
          ],
          [
            99.98537156684209,
            13.322755803385844
          ],
          [
            99.98537229867819,
            13.322936626277619
          ],
          [
            99.98592623570082,
            13.322934475603859
          ],
          [
            99.98592770022805,
            13.32329612131912
          ],
          [
            99.98648163797557,
            13.323293969376644
          ],
          [
            99.98648237066672,
            13.32347479220011
          ],
          [
            99.98703630872785,
            13.323472639019116
          ],
          [
            99.98703704184112,
            13.323653461809714
          ],
          [
            99.98722168797687,
            13.323652743804118
          ],
          [
            99.98722242123809,
            13.32383356658201
          ],
          [
            99.98759171375119,
            13.323832130147869
          ],
          [
            99.98759244729746,
            13.324012952902965
          ],
          [
            99.98777709367481,
            13.324012234474411
          ],
          [
            99.98777856107412,
            13.324373879956578
          ],
          [
            99.9879632077148,
            13.324373161373572
          ],
          [
            99.9879646754318,
            13.324734806825097
          ],
          [
            99.98833396922893,
            13.324733369215885
          ],
          [
            99.98833470337796,
            13.324914191917529
          ],
          [
            99.98851935039731,
            13.32491347290142
          ],
          [
            99.9885200846943,
            13.325094295590347
          ],
          [
            99.98888937897463,
            13.325092857135116
          ],
          [
            99.98889084814967,
            13.325454502464707
          ],
          [
            99.98907549554772,
            13.325453783015467
          ],
          [
            99.98907696504051,
            13.325815428314396
          ],
          [
            99.98926161270192,
            13.325814708710656
          ],
          [
            99.98926602226412,
            13.326899644484099
          ],
          [
            99.98908137377998,
            13.32690036414851
          ],
          [
            99.98908431315728,
            13.32762365465236
          ],
          [
            99.9898229092226,
            13.327620775027146
          ],
          [
            99.98982364464267,
            13.327801597606118
          ],
          [
            99.99019294288428,
            13.327800156967497
          ],
          [
            99.9901936785895,
            13.327980979523616
          ],
          [
            99.99093227549052,
            13.3279780965943
          ],
          [
            99.99093153923674,
            13.327797274078685
          ],
          [
            99.99185478443201,
            13.327793667445986
          ],
          [
            99.99185552137148,
            13.327974489910925
          ],
          [
            99.99222481964749,
            13.32797304629748
          ],
          [
            99.99222555687217,
            13.328153868739525
          ],
          [
            99.99296415384174,
            13.328150979860464
          ],
          [
            99.99296489162589,
            13.328331802259308
          ],
          [
            99.9935188396498,
            13.328329634159397
          ],
          [
            99.9935195778563,
            13.328510456525166
          ],
          [
            99.99407352619328,
            13.328508287186052
          ],
          [
            99.99407426482213,
            13.328689109518733
          ],
          [
            99.99444356393306,
            13.328687662600808
          ],
          [
            99.99444430284717,
            13.328868484910545
          ],
          [
            99.99481360218861,
            13.328867037435064
          ],
          [
            99.99481434138795,
            13.329047859721854
          ],
          [
            99.99536829072949,
            13.329045687470803
          ],
          [
            99.99536903035123,
            13.32922650972446
          ],
          [
            99.995553680247,
            13.329225785361983
          ],
          [
            99.99555442001684,
            13.329406607602854
          ],
          [
            99.99610837004985,
            13.329404433679006
          ],
          [
            99.99610911024213,
            13.329585255886721
          ],
          [
            99.99629376036837,
            13.32958453096663
          ],
          [
            99.99629450070876,
            13.329765353161553
          ],
          [
            99.99666380120267,
            13.329763902898044
          ],
          [
            99.99666454182835,
            13.32994472506998
          ],
          [
            99.99684919219602,
            13.32994399972656
          ],
          [
            99.99684993296981,
            13.330124821885695
          ],
          [
            99.99703458346366,
            13.330124096397766
          ],
          [
            99.99703532438559,
            13.330304918544092
          ],
          [
            99.99721997500565,
            13.330304192911651
          ],
          [
            99.9972207160757,
            13.330485015045173
          ],
          [
            99.99740536682195,
            13.330484289268215
          ],
          [
            99.99740610804015,
            13.330665111388925
          ],
          [
            99.9975907589126,
            13.330664385467445
          ],
          [
            99.99759150027894,
            13.330845207575347
          ],
          [
            99.99777615127758,
            13.330844481509343
          ],
          [
            99.99777689279206,
            13.331025303604434
          ],
          [
            99.99796154391689,
            13.331024577393897
          ],
          [
            99.99796302725315,
            13.33138622155584
          ],
          [
            99.99814767864135,
            13.331385495190569
          ],
          [
            99.99814916229587,
            13.331747139321651
          ],
          [
            99.99833381394745,
            13.331746412801635
          ],
          [
            99.99833529792028,
            13.332108056901857
          ],
          [
            99.99851994983523,
            13.332107330227092
          ],
          [
            99.9985206919753,
            13.332288152263073
          ],
          [
            99.99870534401644,
            13.332287425443756
          ],
          [
            99.99870682860393,
            13.33264906948747
          ],
          [
            99.99889148090847,
            13.332648342513387
          ],
          [
            99.99889445076407,
            13.333371630528614
          ],
          [
            99.99870979791075,
            13.333372357543539
          ],
          [
            99.99871054026492,
            13.33355317955102
          ],
          [
            99.99852588726343,
            13.3335539064418
          ],
          [
            99.99852737173033,
            13.333915550469346
          ],
          [
            99.99778875851685,
            13.333918456770538
          ],
          [
            99.9977880168267,
            13.333737634717256
          ],
          [
            99.9976033636331,
            13.333738360946455
          ],
          [
            99.99760262209114,
            13.333557538880358
          ],
          [
            99.99741796902374,
            13.333558264965001
          ],
          [
            99.99741722762997,
            13.333377442886094
          ],
          [
            99.99723257468878,
            13.333378168826187
          ],
          [
            99.9972318334432,
            13.33319734673447
          ],
          [
            99.99686252780232,
            13.333198798191203
          ],
          [
            99.99686178684209,
            13.333017976076487
          ],
          [
            99.99630782871013,
            13.333020152223376
          ],
          [
            99.99630560712993,
            13.332477685771861
          ],
          [
            99.99649025943997,
            13.332476960554475
          ],
          [
            99.99648951879797,
            13.332296138408928
          ],
          [
            99.99667417095986,
            13.332295413067385
          ],
          [
            99.99667194868809,
            13.331752946645638
          ],
          [
            99.99648729693776,
            13.331753671956617
          ],
          [
            99.99648655633962,
            13.331572849800619
          ],
          [
            99.9963019047155,
            13.331573574967077
          ],
          [
            99.99630116426549,
            13.331392752798283
          ],
          [
            99.99593186125873,
            13.331394202707822
          ],
          [
            99.99593112109403,
            13.331213380516042
          ],
          [
            99.99574646971138,
            13.331214105259127
          ],
          [
            99.99574572969482,
            13.33103328305456
          ],
          [
            99.99519177589266,
            13.331035456447301
          ],
          [
            99.99518807803173,
            13.33013134523262
          ],
          [
            99.99463412618854,
            13.330133517263821
          ],
          [
            99.99463486532734,
            13.330314339542493
          ],
          [
            99.99352696052257,
            13.330318680039204
          ],
          [
            99.99352474560793,
            13.32977621301242
          ],
          [
            99.99278614383205,
            13.329779103868594
          ],
          [
            99.99278909487884,
            13.330502393394863
          ],
          [
            99.99149653751005,
            13.330507447505935
          ],
          [
            99.991494327089,
            13.329964980152154
          ]
        ]
      }
    },
    {
      "type": "Feature",
      "properties": {
        "indicator": "WATERLINE",
        "role": "HISTORICAL_AND_RECENT_SCREENING",
        "year": 2023,
        "scene_id": "S2A_MSIL2A_20230116T034101_R061_T47PNQ_20230116T121416",
        "acquisition_datetime_bangkok": "2023-01-16T10:41:01.024000+07:00",
        "tide_level_m_msl": 1.2299,
        "tide_target_m_msl": 1.0879,
        "tide_delta_from_target_m": 0.142,
        "tide_status": "modelled_secondary_extrema_cosine",
        "tide_source_tier": "secondary_published_extrema",
        "mndwi_threshold": 0.01172,
        "threshold_method": "otsu",
        "source_resolution_m": 20,
        "confidence": "LOW",
        "interpretation": "image-derived waterline selected near the current tide target; screening only, not tide-normalized or surveyed",
        "segment_id": 3,
        "length_m": 18718.2
      },
      "geometry": {
        "type": "LineString",
        "coordinates": [
          [
            99.991494327089,
            13.329964980152154
          ],
          [
            99.99094037500176,
            13.329967144093674
          ],
          [
            99.99093890226523,
            13.329605499117298
          ],
          [
            99.99038495090281,
            13.329607661789174
          ],
          [
            99.99038863076845,
            13.330511774362447
          ],
          [
            99.98983467725053,
            13.330513935977308
          ],
          [
            99.98983320609457,
            13.330152290895104
          ],
          [
            99.98964855517448,
            13.330153011144503
          ],
          [
            99.98964781975,
            13.329972188589363
          ],
          [
            99.9890938673359,
            13.329974348501288
          ],
          [
            99.98909313233379,
            13.329793525913196
          ],
          [
            99.98872383094428,
            13.329794965162657
          ],
          [
            99.98872309622736,
            13.32961414255173
          ],
          [
            99.98853844565346,
            13.329614861964878
          ],
          [
            99.98853624197946,
            13.329072394086115
          ],
          [
            99.98835159180615,
            13.32907311333463
          ],
          [
            99.98835085740706,
            13.328892290693046
          ],
          [
            99.98724295696174,
            13.32889660330302
          ],
          [
            99.98724662495131,
            13.329800716787764
          ],
          [
            99.98706197415329,
            13.329801435136469
          ],
          [
            99.98706270764664,
            13.329982257835674
          ],
          [
            99.98687805670059,
            13.32998297606015
          ],
          [
            99.98687952344551,
            13.330344621470905
          ],
          [
            99.98632556971927,
            13.330346775398926
          ],
          [
            99.98632337085263,
            13.329804307188102
          ],
          [
            99.98650802169408,
            13.32980358937667
          ],
          [
            99.98650142444579,
            13.328176184693923
          ],
          [
            99.98594747559198,
            13.328178337453034
          ],
          [
            99.98595040594805,
            13.328901628570247
          ],
          [
            99.9842885538638,
            13.328908079957824
          ],
          [
            99.98428635978345,
            13.328365611351924
          ],
          [
            99.98391706002401,
            13.328367043455836
          ],
          [
            99.98391632895984,
            13.328186220561857
          ],
          [
            99.98317772985962,
            13.328189083117815
          ],
          [
            99.98317919090162,
            13.328550728983599
          ],
          [
            99.98262524064002,
            13.328552874550677
          ],
          [
            99.98262451052504,
            13.328372051588948
          ],
          [
            99.98225521057086,
            13.328373481275383
          ],
          [
            99.98225448074099,
            13.328192658290956
          ],
          [
            99.98151588125155,
            13.328195516012016
          ],
          [
            99.98151296423434,
            13.327472223887588
          ],
          [
            99.98058971737237,
            13.327475792816518
          ],
          [
            99.98059044592479,
            13.327656615901688
          ],
          [
            99.9804057963829,
            13.32765732929461
          ],
          [
            99.98040725324583,
            13.328018975477166
          ],
          [
            99.98022260341885,
            13.328019688755834
          ],
          [
            99.98022406005065,
            13.32838133494799
          ],
          [
            99.97967010968219,
            13.3283834740383
          ],
          [
            99.97966792598496,
            13.327841004655987
          ],
          [
            99.97985257570713,
            13.32784029179024
          ],
          [
            99.97985039169549,
            13.327297822414481
          ],
          [
            99.97911179438776,
            13.327300672951523
          ],
          [
            99.97911106695398,
            13.327119849780997
          ],
          [
            99.97837247002244,
            13.327122698129314
          ],
          [
            99.97837174314793,
            13.326941874916153
          ],
          [
            99.97707919906331,
            13.326946854285495
          ],
          [
            99.97707847315948,
            13.326766030999758
          ],
          [
            99.97597057863332,
            13.326770293733395
          ],
          [
            99.97597202880618,
            13.327131940422055
          ],
          [
            99.97578737940665,
            13.327132650427604
          ],
          [
            99.97578810437204,
            13.327313473777993
          ],
          [
            99.97560345482464,
            13.327314183659222
          ],
          [
            99.97560417966363,
            13.32749500701698
          ],
          [
            99.97541952996835,
            13.327495716773887
          ],
          [
            99.97542025468096,
            13.327676540139002
          ],
          [
            99.9752356048378,
            13.327677249771588
          ],
          [
            99.97523705402092,
            13.328038896513933
          ],
          [
            99.97505240389275,
            13.328039606032155
          ],
          [
            99.97505819995719,
            13.329486192976866
          ],
          [
            99.97450424621674,
            13.329488320964881
          ],
          [
            99.97450352208261,
            13.329307497576034
          ],
          [
            99.97394956865715,
            13.329309624325314
          ],
          [
            99.97395029237978,
            13.32949044774404
          ],
          [
            99.97376564107937,
            13.329491156401792
          ],
          [
            99.97376636467558,
            13.329671979827863
          ],
          [
            99.9732124102986,
            13.329674105025068
          ],
          [
            99.97321096393983,
            13.329312458110602
          ],
          [
            99.97265701028942,
            13.329314582039254
          ],
          [
            99.97265628753757,
            13.329133758548267
          ],
          [
            99.97228698532477,
            13.329135173809238
          ],
          [
            99.97228481795634,
            13.328592703260965
          ],
          [
            99.97265411934623,
            13.328591288059643
          ],
          [
            99.97265339663718,
            13.328410464558214
          ],
          [
            99.97283804717894,
            13.328409756766034
          ],
          [
            99.97283732434344,
            13.328228933271937
          ],
          [
            99.97320662512055,
            13.328227517304557
          ],
          [
            99.97320590202148,
            13.328046693827746
          ],
          [
            99.97339055225682,
            13.328045985652548
          ],
          [
            99.97338982903132,
            13.327865162183077
          ],
          [
            99.97357447911881,
            13.327864453883526
          ],
          [
            99.97357375576688,
            13.327683630421395
          ],
          [
            99.97449700535792,
            13.327680086958933
          ],
          [
            99.97449410931459,
            13.326956793283463
          ],
          [
            99.97467875865212,
            13.326956084227925
          ],
          [
            99.97467803453097,
            13.326775260812495
          ],
          [
            99.97486268372063,
            13.326774551632637
          ],
          [
            99.97486195947307,
            13.326593728224559
          ],
          [
            99.97504660851489,
            13.326593018920377
          ],
          [
            99.97504588414093,
            13.326412195519657
          ],
          [
            99.97523053303487,
            13.326411486091155
          ],
          [
            99.97522763509782,
            13.325688192502055
          ],
          [
            99.97504298675234,
            13.32568890189068
          ],
          [
            99.97504226243201,
            13.325508078476911
          ],
          [
            99.97485761421292,
            13.325508787721295
          ],
          [
            99.97485616587866,
            13.325147140865992
          ],
          [
            99.97467151792307,
            13.325147849956169
          ],
          [
            99.97467079390914,
            13.32496702651464
          ],
          [
            99.97448614607993,
            13.324967735460579
          ],
          [
            99.97448469835847,
            13.324606088549764
          ],
          [
            99.97430005079273,
            13.324606797341511
          ],
          [
            99.97429932708518,
            13.324425973872229
          ],
          [
            99.97356073726357,
            13.324428807656735
          ],
          [
            99.9735614604227,
            13.324609631165844
          ],
          [
            99.97337681280341,
            13.324610339286263
          ],
          [
            99.97337753583616,
            13.324791162802715
          ],
          [
            99.9726389447035,
            13.324793993981501
          ],
          [
            99.97263822221919,
            13.32461317042526
          ],
          [
            99.97245357454638,
            13.324613877874343
          ],
          [
            99.97245285220984,
            13.324433054305555
          ],
          [
            99.97226820466344,
            13.324433761610425
          ],
          [
            99.9722674824747,
            13.324252938029085
          ],
          [
            99.97189818762402,
            13.324254352216167
          ],
          [
            99.9718960219446,
            13.323711881396864
          ],
          [
            99.97281925693467,
            13.32370834507129
          ],
          [
            99.97281853437745,
            13.323527521509337
          ],
          [
            99.97300318120627,
            13.323526813851396
          ],
          [
            99.97300245852266,
            13.32334599029678
          ],
          [
            99.97318710520369,
            13.323345282514534
          ],
          [
            99.97318493680582,
            13.32280281186487
          ],
          [
            99.97300029053606,
            13.322803519617274
          ],
          [
            99.97299956789527,
            13.32262269605222
          ],
          [
            99.97281492175188,
            13.322623403660431
          ],
          [
            99.97281419925888,
            13.322442580082821
          ],
          [
            99.97262955324186,
            13.322443287546843
          ],
          [
            99.97262883089662,
            13.32226246395668
          ],
          [
            99.97244418500601,
            13.322263171276518
          ],
          [
            99.97244346280854,
            13.322082347673804
          ],
          [
            99.97188952548372,
            13.322084468798039
          ],
          [
            99.97188808194335,
            13.321722821525155
          ],
          [
            99.97170343642117,
            13.32172352827822
          ],
          [
            99.9717027148041,
            13.321542704627925
          ],
          [
            99.9713334240018,
            13.321544117711477
          ],
          [
            99.97133270266956,
            13.321363294038719
          ],
          [
            99.97096341209867,
            13.321364706565472
          ],
          [
            99.97096269105123,
            13.321183882870242
          ],
          [
            99.96967017467621,
            13.321188822416103
          ],
          [
            99.96966801447634,
            13.320646351106465
          ],
          [
            99.96948336964842,
            13.32064705618921
          ],
          [
            99.96948264974019,
            13.3204662324042
          ],
          [
            99.96874407087009,
            13.320469051353303
          ],
          [
            99.96874335152074,
            13.320288227526058
          ],
          [
            99.96855870691364,
            13.32028893191787
          ],
          [
            99.96855726852104,
            13.31992728423575
          ],
          [
            99.96781869108248,
            13.319930100381596
          ],
          [
            99.96781940972524,
            13.32011092426355
          ],
          [
            99.96708083156813,
            13.320113738301458
          ],
          [
            99.96707724120182,
            13.3192096186678
          ],
          [
            99.96689259732118,
            13.319210321792301
          ],
          [
            99.96689187941686,
            13.31902949784786
          ],
          [
            99.96633794812229,
            13.319031606386442
          ],
          [
            99.96633723063975,
            13.318850782409749
          ],
          [
            99.96596794333097,
            13.318852187411336
          ],
          [
            99.96596722613313,
            13.318671363412284
          ],
          [
            99.96559793905591,
            13.318672767857295
          ],
          [
            99.96559722214279,
            13.318491943835884
          ],
          [
            99.96504329185842,
            13.318494049467255
          ],
          [
            99.96504257536701,
            13.318313225413632
          ],
          [
            99.96485793205468,
            13.31831392701248
          ],
          [
            99.96485721571094,
            13.318133102946387
          ],
          [
            99.96448792932853,
            13.318134505721757
          ],
          [
            99.96448721326945,
            13.317953681633332
          ],
          [
            99.96393328402736,
            13.317955784760313
          ],
          [
            99.96393256838998,
            13.317774960639714
          ],
          [
            99.96356328244963,
            13.317776362033669
          ],
          [
            99.9635625670969,
            13.317595537890755
          ],
          [
            99.96337792424785,
            13.31759623837659
          ],
          [
            99.96337720904276,
            13.317415414221214
          ],
          [
            99.96245399532373,
            13.317418914588242
          ],
          [
            99.96245185182735,
            13.316876441958827
          ],
          [
            99.96226720946284,
            13.31687714160014
          ],
          [
            99.96226649512225,
            13.316696317375282
          ],
          [
            99.9618972106355,
            13.316697716235671
          ],
          [
            99.96189649657953,
            13.316516891988536
          ],
          [
            99.9613425701811,
            13.316518989243237
          ],
          [
            99.96134328382604,
            13.316699813519861
          ],
          [
            99.96115864153508,
            13.31670051234622
          ],
          [
            99.96115935505357,
            13.316881336630063
          ],
          [
            99.96060542770617,
            13.316883432333489
          ],
          [
            99.96060114922005,
            13.315798486414502
          ],
          [
            99.96041650757186,
            13.315799184655022
          ],
          [
            99.96041579466484,
            13.315618360316252
          ],
          [
            99.96004651161077,
            13.315619756375126
          ],
          [
            99.96004508637641,
            13.315258107650493
          ],
          [
            99.95986044510755,
            13.315258805459042
          ],
          [
            99.95985973264322,
            13.315077981082998
          ],
          [
            99.9596750915008,
            13.315078678747566
          ],
          [
            99.95967366687779,
            13.31471702996804
          ],
          [
            99.95948902599882,
            13.31471772747882
          ],
          [
            99.95948831384014,
            13.314536903075341
          ],
          [
            99.95893439155084,
            13.314538994773264
          ],
          [
            99.95893296808711,
            13.314177345899642
          ],
          [
            99.9587483275769,
            13.314178042844354
          ],
          [
            99.95874761599785,
            13.313997218393835
          ],
          [
            99.95837833521976,
            13.313998611861177
          ],
          [
            99.95837762392523,
            13.313817787388452
          ],
          [
            99.95819298365736,
            13.31381848391109
          ],
          [
            99.95819227251033,
            13.313637659425963
          ],
          [
            99.95800763236892,
            13.31363835580465
          ],
          [
            99.95800692136942,
            13.313457531307119
          ],
          [
            99.95782228135444,
            13.313458227541862
          ],
          [
            99.95782157050247,
            13.313277403031933
          ],
          [
            99.95745229071488,
            13.313278795079379
          ],
          [
            99.95744731696365,
            13.312013023299853
          ],
          [
            99.95726267801285,
            13.312013719053843
          ],
          [
            99.95726196765605,
            13.3118328944937
          ],
          [
            99.95670805115141,
            13.311834980921494
          ],
          [
            99.95670734121602,
            13.311654156329398
          ],
          [
            99.95633806376756,
            13.311655546591025
          ],
          [
            99.95633735411663,
            13.311474721976763
          ],
          [
            99.95615271551358,
            13.3114754168966
          ],
          [
            99.95615200601011,
            13.31129459226996
          ],
          [
            99.95559809054875,
            13.311296676195365
          ],
          [
            99.95559738146667,
            13.311115851536803
          ],
          [
            99.95541274309548,
            13.311116545900576
          ],
          [
            99.95541203416087,
            13.31093572122964
          ],
          [
            99.95467348111886,
            13.310938497304395
          ],
          [
            99.95467135602148,
            13.310396023158802
          ],
          [
            99.95448671814557,
            13.3103967168129
          ],
          [
            99.95448600993772,
            13.310215892082732
          ],
          [
            99.95430137218827,
            13.310216585592952
          ],
          [
            99.95430066412787,
            13.310035760850424
          ],
          [
            99.95374675122736,
            13.310037840547105
          ],
          [
            99.95374745887693,
            13.310218665318894
          ],
          [
            99.95060861499756,
            13.310230427632217
          ],
          [
            99.95060932032953,
            13.310411252566867
          ],
          [
            99.95024004410627,
            13.310412633839588
          ],
          [
            99.9502407491748,
            13.310593458791065
          ],
          [
            99.95005611091054,
            13.310594149235953
          ],
          [
            99.95005822576793,
            13.31113662410389
          ],
          [
            99.94987358708237,
            13.311137314443789
          ],
          [
            99.9498764064907,
            13.311860614270074
          ],
          [
            99.94932248872777,
            13.31186268460148
          ],
          [
            99.94931896654789,
            13.310958559666501
          ],
          [
            99.94950360512784,
            13.310957869738695
          ],
          [
            99.94950219605508,
            13.310596219765879
          ],
          [
            99.94968683435067,
            13.310595529723361
          ],
          [
            99.94968401578267,
            13.309872229785292
          ],
          [
            99.94931474027659,
            13.309873609658553
          ],
          [
            99.94931403593458,
            13.30969278464811
          ],
          [
            99.94894476066064,
            13.309694163965498
          ],
          [
            99.94894053647108,
            13.308609213731705
          ],
          [
            99.94912517329168,
            13.308608524198274
          ],
          [
            99.94912024458698,
            13.3073427488749
          ],
          [
            99.94985878793113,
            13.307339989671917
          ],
          [
            99.94985808332457,
            13.307159164654127
          ],
          [
            99.95041199031226,
            13.30715709387308
          ],
          [
            99.9504112853054,
            13.30697626888182
          ],
          [
            99.95059592081016,
            13.306975578363012
          ],
          [
            99.95059521567687,
            13.306794753378865
          ],
          [
            99.95096448638117,
            13.306793371958431
          ],
          [
            99.95096378098451,
            13.306612546991115
          ],
          [
            99.95114841618408,
            13.306611856089491
          ],
          [
            99.95114771066096,
            13.3064310311293
          ],
          [
            99.95151698075489,
            13.306429648943256
          ],
          [
            99.95151345192727,
            13.305525524200448
          ],
          [
            99.95077491443553,
            13.305528287841758
          ],
          [
            99.95077561963254,
            13.305709112834414
          ],
          [
            99.95022171599325,
            13.3057111841868
          ],
          [
            99.95021607799518,
            13.304264583939394
          ],
          [
            99.9483697428029,
            13.304271478956275
          ],
          [
            99.94837044614727,
            13.304452304093356
          ],
          [
            99.94670874235044,
            13.304458498233739
          ],
          [
            99.94670663604431,
            13.303916022553167
          ],
          [
            99.9474451695268,
            13.303913271058665
          ],
          [
            99.94744446689809,
            13.303732445865325
          ],
          [
            99.94818299966634,
            13.303729692264701
          ],
          [
            99.94818229650056,
            13.303548867107514
          ],
          [
            99.94855156254839,
            13.303547489522272
          ],
          [
            99.9485508591193,
            13.303366664381869
          ],
          [
            99.95002792179818,
            13.303361148756515
          ],
          [
            99.95002721728456,
            13.303180323691139
          ],
          [
            99.95076574782584,
            13.303177562700156
          ],
          [
            99.95076504277522,
            13.302996737671034
          ],
          [
            99.95094967524753,
            13.30299604709789
          ],
          [
            99.95094614946694,
            13.302091921961821
          ],
          [
            99.95076151767893,
            13.302092612486364
          ],
          [
            99.95075940274661,
            13.30155013734432
          ],
          [
            99.95039013996033,
            13.301551517932996
          ],
          [
            99.95038943527751,
            13.301370692861006
          ],
          [
            99.95002017272311,
            13.301372072894141
          ],
          [
            99.95001946832441,
            13.301191247800123
          ],
          [
            99.94928094363765,
            13.301194006219228
          ],
          [
            99.94928023979678,
            13.301013181083778
          ],
          [
            99.94909560873583,
            13.301013870343786
          ],
          [
            99.94909490504224,
            13.300833045196024
          ],
          [
            99.94817175026516,
            13.300836489437222
          ],
          [
            99.94816823537474,
            13.299932363416946
          ],
          [
            99.94946064720035,
            13.299927540880573
          ],
          [
            99.94946135111542,
            13.300108366021941
          ],
          [
            99.94964598147129,
            13.300107676542416
          ],
          [
            99.94964668553362,
            13.300288501671476
          ],
          [
            99.9502005769491,
            13.300286432399684
          ],
          [
            99.95019987247628,
            13.300105607299752
          ],
          [
            99.95130765420404,
            13.300101465196033
          ],
          [
            99.95130412789182,
            13.29919733994889
          ],
          [
            99.95111949831413,
            13.299198030585927
          ],
          [
            99.95111667799993,
            13.298474730302459
          ],
          [
            99.95130130703035,
            13.298474039704312
          ],
          [
            99.95129919149409,
            13.297931564493547
          ],
          [
            99.95074530560278,
            13.297933635798504
          ],
          [
            99.95074178197028,
            13.297029510249342
          ],
          [
            99.95055715400295,
            13.297030200367754
          ],
          [
            99.95055644944462,
            13.296849375240397
          ],
          [
            99.95000256589029,
            13.296851444762604
          ],
          [
            99.94999974940298,
            13.296128144110579
          ],
          [
            99.94907661267271,
            13.296131590440522
          ],
          [
            99.94907731609493,
            13.296312415655963
          ],
          [
            99.94889268858077,
            13.296313104529734
          ],
          [
            99.94889339187662,
            13.296493929752272
          ],
          [
            99.94852413654344,
            13.296495307117278
          ],
          [
            99.94852624567284,
            13.297037782827466
          ],
          [
            99.94631070787338,
            13.29704603611207
          ],
          [
            99.94630790228784,
            13.2963227346951
          ],
          [
            99.94704641286562,
            13.296319985898789
          ],
          [
            99.94704500904096,
            13.295958335252104
          ],
          [
            99.94759889104424,
            13.295956272306228
          ],
          [
            99.94759818873717,
            13.295775447008031
          ],
          [
            99.94889057875581,
            13.2957706288465
          ],
          [
            99.94888846902475,
            13.295228153139846
          ],
          [
            99.94685757470855,
            13.295235721269465
          ],
          [
            99.94685687299027,
            13.295054895922128
          ],
          [
            99.94611836620079,
            13.295057643911639
          ],
          [
            99.94611766504005,
            13.294876818523
          ],
          [
            99.94574841185644,
            13.294878191694641
          ],
          [
            99.94574630925723,
            13.2943357154551
          ],
          [
            99.94593093544393,
            13.294335028965264
          ],
          [
            99.94593023446156,
            13.294154203556548
          ],
          [
            99.94796112032378,
            13.294146643433805
          ],
          [
            99.9479618228106,
            13.294327468736048
          ],
          [
            99.94906957902461,
            13.294323338142968
          ],
          [
            99.94906887571719,
            13.294142512898901
          ],
          [
            99.94925350157958,
            13.294141824007582
          ],
          [
            99.94925139130967,
            13.29359934828887
          ],
          [
            99.94943601675133,
            13.293598659292709
          ],
          [
            99.9494339061651,
            13.29305618357969
          ],
          [
            99.9492492811337,
            13.293056872546734
          ],
          [
            99.94924787440192,
            13.292695222038969
          ],
          [
            99.9490632496336,
            13.292695910852672
          ],
          [
            99.94906114002445,
            13.292153435042401
          ],
          [
            99.94887651565593,
            13.292154123693063
          ],
          [
            99.94887440655091,
            13.291611647830273
          ],
          [
            99.94961290232148,
            13.291608892540463
          ],
          [
            99.9496100881398,
            13.290885591508898
          ],
          [
            99.94905621796833,
            13.2908876580607
          ],
          [
            99.94905551485921,
            13.29070683276719
          ],
          [
            99.9486862682995,
            13.290708209779403
          ],
          [
            99.94868415985506,
            13.290165733825079
          ],
          [
            99.94886878272996,
            13.290165045415026
          ],
          [
            99.94886667396925,
            13.28962256946638
          ],
          [
            99.94831280654374,
            13.289624634207536
          ],
          [
            99.94831069910734,
            13.28908215814821
          ],
          [
            99.94867994324785,
            13.289080781846184
          ],
          [
            99.94867924051648,
            13.288899956507263
          ],
          [
            99.94886386243438,
            13.2888992681651
          ],
          [
            99.94886175389277,
            13.288356792161823
          ],
          [
            99.94867713238499,
            13.288357480474895
          ],
          [
            99.94867572701614,
            13.287995829773644
          ],
          [
            99.94849110577134,
            13.287996517933431
          ],
          [
            99.9484897007176,
            13.287634867202383
          ],
          [
            99.94830507973575,
            13.287635555208896
          ],
          [
            99.94830437736121,
            13.287454729829774
          ],
          [
            99.94719665207134,
            13.287458854999143
          ],
          [
            99.94719595052739,
            13.287278029559294
          ],
          [
            99.9462728465162,
            13.287281463470263
          ],
          [
            99.94627424824762,
            13.287643114444128
          ],
          [
            99.94498190028133,
            13.287647916431787
          ],
          [
            99.94498400008588,
            13.288190393076055
          ],
          [
            99.94516862166519,
            13.288189707450494
          ],
          [
            99.94516932175753,
            13.28837053298372
          ],
          [
            99.94609243018168,
            13.288367102799219
          ],
          [
            99.9460903278854,
            13.287824626336722
          ],
          [
            99.94719805519051,
            13.287820505871029
          ],
          [
            99.94719945835134,
            13.288182156732516
          ],
          [
            99.9473840798058,
            13.288181469500264
          ],
          [
            99.94738618503527,
            13.288723945743934
          ],
          [
            99.9462784536916,
            13.288728067303287
          ],
          [
            99.94628125752901,
            13.289451369157375
          ],
          [
            99.9455427675711,
            13.289454114340385
          ],
          [
            99.94554206714298,
            13.28927328884209
          ],
          [
            99.94517282237506,
            13.289274660610841
          ],
          [
            99.94517212223076,
            13.28909383509062
          ],
          [
            99.9448028776947,
            13.289095206304447
          ],
          [
            99.9448021778342,
            13.288914380762304
          ],
          [
            99.94424831136232,
            13.288916436549826
          ],
          [
            99.94424761192235,
            13.288735610976117
          ],
          [
            99.94387836782926,
            13.288736980812336
          ],
          [
            99.94387766867308,
            13.288556155216732
          ],
          [
            99.94332380286572,
            13.288558208937902
          ],
          [
            99.94332310413003,
            13.288377383310754
          ],
          [
            99.94276923863943,
            13.28837943579795
          ],
          [
            99.94276854032421,
            13.288198610139291
          ],
          [
            99.94258391860998,
            13.288199294024267
          ],
          [
            99.94258322044183,
            13.288018468353364
          ],
          [
            99.94239859885393,
            13.288019152094817
          ],
          [
            99.94239790083283,
            13.287838326411686
          ],
          [
            99.9422298561195,
            13.28783894863636
          ]
        ]
      }
    },
    {
      "type": "Feature",
      "properties": {
        "indicator": "WATERLINE",
        "role": "HISTORICAL_AND_RECENT_SCREENING",
        "year": 2023,
        "scene_id": "S2A_MSIL2A_20230116T034101_R061_T47PNQ_20230116T121416",
        "acquisition_datetime_bangkok": "2023-01-16T10:41:01.024000+07:00",
        "tide_level_m_msl": 1.2299,
        "tide_target_m_msl": 1.0879,
        "tide_delta_from_target_m": 0.142,
        "tide_status": "modelled_secondary_extrema_cosine",
        "tide_source_tier": "secondary_published_extrema",
        "mndwi_threshold": 0.01172,
        "threshold_method": "otsu",
        "source_resolution_m": 20,
        "confidence": "LOW",
        "interpretation": "image-derived waterline selected near the current tide target; screening only, not tide-normalized or surveyed",
        "segment_id": 4,
        "length_m": 1074.32
      },
      "geometry": {
        "type": "LineString",
        "coordinates": [
          [
            99.93963803156494,
            13.290304590949107
          ],
          [
            99.9396383223515,
            13.290380127669522
          ],
          [
            99.94019219288161,
            13.29037808169385
          ],
          [
            99.94019288940706,
            13.290558907456033
          ],
          [
            99.9405621366489,
            13.290557542783457
          ],
          [
            99.94056283345813,
            13.29073836852381
          ],
          [
            99.94167057575574,
            13.29073427123437
          ],
          [
            99.9416712733957,
            13.290915096914407
          ],
          [
            99.94259439237594,
            13.290911678775641
          ],
          [
            99.94259718577406,
            13.291634981277166
          ],
          [
            99.94185868842281,
            13.291637716210117
          ],
          [
            99.94186147979886,
            13.292361018824117
          ],
          [
            99.94038448022361,
            13.292366482569337
          ],
          [
            99.94038378345803,
            13.292185656842777
          ],
          [
            99.93964528396917,
            13.292188385462506
          ],
          [
            99.93964249919811,
            13.291465082376524
          ],
          [
            99.93945787484704,
            13.291465764158207
          ],
          [
            99.93945717881684,
            13.291284938370607
          ],
          [
            99.93884826968639,
            13.29128718597364
          ]
        ]
      }
    },
    {
      "type": "Feature",
      "properties": {
        "indicator": "WATERLINE",
        "role": "HISTORICAL_AND_RECENT_SCREENING",
        "year": 2023,
        "scene_id": "S2A_MSIL2A_20230116T034101_R061_T47PNQ_20230116T121416",
        "acquisition_datetime_bangkok": "2023-01-16T10:41:01.024000+07:00",
        "tide_level_m_msl": 1.2299,
        "tide_target_m_msl": 1.0879,
        "tide_delta_from_target_m": 0.142,
        "tide_status": "modelled_secondary_extrema_cosine",
        "tide_source_tier": "secondary_published_extrema",
        "mndwi_threshold": 0.01172,
        "threshold_method": "otsu",
        "source_resolution_m": 20,
        "confidence": "LOW",
        "interpretation": "image-derived waterline selected near the current tide target; screening only, not tide-normalized or surveyed",
        "segment_id": 5,
        "length_m": 619.62
      },
      "geometry": {
        "type": "LineString",
        "coordinates": [
          [
            99.93816819962687,
            13.292171758809731
          ],
          [
            99.93816967475516,
            13.292555487954093
          ],
          [
            99.93798504950102,
            13.292556168721902
          ],
          [
            99.93798713455747,
            13.293098646252567
          ],
          [
            99.93780250888275,
            13.293099326915197
          ],
          [
            99.93780528855538,
            13.293822630291347
          ],
          [
            99.93854379338048,
            13.293819906683732
          ],
          [
            99.93854657540638,
            13.294543209864822
          ],
          [
            99.93799269516182,
            13.29454525288655
          ],
          [
            99.93799200005019,
            13.294364427066409
          ],
          [
            99.93780737341812,
            13.294365107796144
          ],
          [
            99.93780598349932,
            13.29400345612888
          ],
          [
            99.93725210436192,
            13.29400549745686
          ],
          [
            99.93725140982828,
            13.293824671590578
          ],
          [
            99.93709285553541,
            13.293825255714452
          ]
        ]
      }
    },
    {
      "type": "Feature",
      "properties": {
        "indicator": "WATERLINE",
        "role": "HISTORICAL_AND_RECENT_SCREENING",
        "year": 2023,
        "scene_id": "S2A_MSIL2A_20230116T034101_R061_T47PNQ_20230116T121416",
        "acquisition_datetime_bangkok": "2023-01-16T10:41:01.024000+07:00",
        "tide_level_m_msl": 1.2299,
        "tide_target_m_msl": 1.0879,
        "tide_delta_from_target_m": 0.142,
        "tide_status": "modelled_secondary_extrema_cosine",
        "tide_source_tier": "secondary_published_extrema",
        "mndwi_threshold": 0.01172,
        "threshold_method": "otsu",
        "source_resolution_m": 20,
        "confidence": "LOW",
        "interpretation": "image-derived waterline selected near the current tide target; screening only, not tide-normalized or surveyed",
        "segment_id": 6,
        "length_m": 114.46
      },
      "geometry": {
        "type": "LineString",
        "coordinates": [
          [
            99.93578473403778,
            13.296524751077515
          ],
          [
            99.93578757654645,
            13.297265801630969
          ],
          [
            99.9354875383114,
            13.297266905444847
          ]
        ]
      }
    },
    {
      "type": "Feature",
      "properties": {
        "indicator": "WATERLINE",
        "role": "HISTORICAL_AND_RECENT_SCREENING",
        "year": 2023,
        "scene_id": "S2A_MSIL2A_20230116T034101_R061_T47PNQ_20230116T121416",
        "acquisition_datetime_bangkok": "2023-01-16T10:41:01.024000+07:00",
        "tide_level_m_msl": 1.2299,
        "tide_target_m_msl": 1.0879,
        "tide_delta_from_target_m": 0.142,
        "tide_status": "modelled_secondary_extrema_cosine",
        "tide_source_tier": "secondary_published_extrema",
        "mndwi_threshold": 0.01172,
        "threshold_method": "otsu",
        "source_resolution_m": 20,
        "confidence": "LOW",
        "interpretation": "image-derived waterline selected near the current tide target; screening only, not tide-normalized or surveyed",
        "segment_id": 7,
        "length_m": 101.04
      },
      "geometry": {
        "type": "LineString",
        "coordinates": [
          [
            99.9348345607522,
            13.31028895135055
          ],
          [
            99.93509898931516,
            13.310287978357172
          ],
          [
            99.9351010708308,
            13.310830455582158
          ],
          [
            99.93498662540418,
            13.310830876747042
          ]
        ]
      }
    },
    {
      "type": "Feature",
      "properties": {
        "indicator": "WATERLINE",
        "role": "HISTORICAL_AND_RECENT_SCREENING",
        "year": 2023,
        "scene_id": "S2A_MSIL2A_20230116T034101_R061_T47PNQ_20230116T121416",
        "acquisition_datetime_bangkok": "2023-01-16T10:41:01.024000+07:00",
        "tide_level_m_msl": 1.2299,
        "tide_target_m_msl": 1.0879,
        "tide_delta_from_target_m": 0.142,
        "tide_status": "modelled_secondary_extrema_cosine",
        "tide_source_tier": "secondary_published_extrema",
        "mndwi_threshold": 0.01172,
        "threshold_method": "otsu",
        "source_resolution_m": 20,
        "confidence": "LOW",
        "interpretation": "image-derived waterline selected near the current tide target; screening only, not tide-normalized or surveyed",
        "segment_id": 8,
        "length_m": 13593.62
      },
      "geometry": {
        "type": "LineString",
        "coordinates": [
          [
            99.9360617094904,
            13.313720169980753
          ],
          [
            99.93695858767379,
            13.31371686358319
          ],
          [
            99.93696067388542,
            13.314259340372653
          ],
          [
            99.93751459907632,
            13.314257296629426
          ],
          [
            99.9375152949118,
            13.31443812219196
          ],
          [
            99.93806922042087,
            13.314436077212497
          ],
          [
            99.93806365073812,
            13.312989472869356
          ],
          [
            99.93861757286663,
            13.312987426912615
          ],
          [
            99.93862244917963,
            13.314253205520538
          ],
          [
            99.93917637409193,
            13.314251158154883
          ],
          [
            99.93917707116036,
            13.314431983631087
          ],
          [
            99.93973099639067,
            13.314429935029148
          ],
          [
            99.93973169388042,
            13.314610760473936
          ],
          [
            99.93991633574016,
            13.314610077328682
          ],
          [
            99.93991773102468,
            13.314971728191225
          ],
          [
            99.9401023731481,
            13.314971044892587
          ],
          [
            99.94010376874795,
            13.31533269572549
          ],
          [
            99.94028841113503,
            13.315332012273458
          ],
          [
            99.94028910908749,
            13.315512837676389
          ],
          [
            99.94121232155275,
            13.315509418355518
          ],
          [
            99.94121162291528,
            13.315328593000674
          ],
          [
            99.943058045699,
            13.315321744392003
          ],
          [
            99.94305734570185,
            13.315140919130858
          ],
          [
            99.94342662986017,
            13.315139547818315
          ],
          [
            99.94342452910892,
            13.314597072077111
          ],
          [
            99.94360917076152,
            13.31459638624852
          ],
          [
            99.94360496871728,
            13.313511434753627
          ],
          [
            99.94378960953756,
            13.313510748848746
          ],
          [
            99.9437889090962,
            13.313329923600126
          ],
          [
            99.94415819043164,
            13.313328551407205
          ],
          [
            99.94415678903214,
            13.312966900940745
          ],
          [
            99.94434142941031,
            13.312966214662358
          ],
          [
            99.94433862618804,
            13.312242913736787
          ],
          [
            99.9450771854053,
            13.312240167436261
          ],
          [
            99.94507648407783,
            13.312059342236987
          ],
          [
            99.94673824047563,
            13.312053155300525
          ],
          [
            99.94673753792584,
            13.31187233018567
          ],
          [
            99.94766073487541,
            13.311868888352269
          ],
          [
            99.94765862523411,
            13.311326413137309
          ],
          [
            99.94858181986866,
            13.31132296809585
          ],
          [
            99.94858533941371,
            13.312227093198784
          ],
          [
            99.94932389767283,
            13.31222433455723
          ],
          [
            99.94932601116872,
            13.312766809471313
          ],
          [
            99.94914137120868,
            13.312767499362028
          ],
          [
            99.94914207559123,
            13.312948324337881
          ],
          [
            99.94895743548378,
            13.312949014104147
          ],
          [
            99.94895884400621,
            13.31331066406744
          ],
          [
            99.94877420361436,
            13.313311353718959
          ],
          [
            99.94877561190458,
            13.313673003691227
          ],
          [
            99.94822168984452,
            13.313675071899036
          ],
          [
            99.94822098610514,
            13.313494246885117
          ],
          [
            99.94766706436216,
            13.313496313856449
          ],
          [
            99.94766776769059,
            13.313677138899441
          ],
          [
            99.94692920467276,
            13.313679893021789
          ],
          [
            99.94693201589887,
            13.314403193322638
          ],
          [
            99.94674737457039,
            13.314403881556549
          ],
          [
            99.94674807726598,
            13.31458470663493
          ],
          [
            99.9465634357901,
            13.314585394744352
          ],
          [
            99.94656484093848,
            13.314947044912644
          ],
          [
            99.94638019917821,
            13.314947732907255
          ],
          [
            99.94638090163102,
            13.315128557997165
          ],
          [
            99.94619625972334,
            13.31512924586728
          ],
          [
            99.94619766438618,
            13.315490896058632
          ],
          [
            99.94601302219408,
            13.315491583813916
          ],
          [
            99.9460137244041,
            13.315672408915358
          ],
          [
            99.94564443971466,
            13.315673784042735
          ],
          [
            99.94564514166107,
            13.315854609160905
          ],
          [
            99.94546049916373,
            13.315855296532995
          ],
          [
            99.94546190281375,
            13.316216946780852
          ],
          [
            99.9449079744373,
            13.31621900815002
          ],
          [
            99.94490867586686,
            13.31639983329902
          ],
          [
            99.9447240329169,
            13.316400520163368
          ],
          [
            99.94472683819099,
            13.317123820771966
          ],
          [
            99.94435755116372,
            13.317125194175349
          ],
          [
            99.94435895331502,
            13.317486844502637
          ],
          [
            99.94417430951175,
            13.317487531022342
          ],
          [
            99.94417711339088,
            13.318210831684253
          ],
          [
            99.94436175774227,
            13.318210145125933
          ],
          [
            99.94436245887506,
            13.318390970275242
          ],
          [
            99.94454710335312,
            13.318390283573068
          ],
          [
            99.94454780463332,
            13.318571108710112
          ],
          [
            99.94473244923802,
            13.318570421864072
          ],
          [
            99.94473315066567,
            13.318751246988855
          ],
          [
            99.94584101889778,
            13.318747123036262
          ],
          [
            99.94584172115809,
            13.318927948100455
          ],
          [
            99.94602636596407,
            13.31892726029562
          ],
          [
            99.94602847321855,
            13.319469735443562
          ],
          [
            99.94621311842528,
            13.319469047475499
          ],
          [
            99.9462138210013,
            13.319649872509927
          ],
          [
            99.94639846633467,
            13.319649184397969
          ],
          [
            99.94639987179205,
            13.320010834439662
          ],
          [
            99.94658451738913,
            13.320010146174136
          ],
          [
            99.94658592316226,
            13.320371796186045
          ],
          [
            99.9469552148734,
            13.32037041921361
          ],
          [
            99.94695591804971,
            13.320551244196297
          ],
          [
            99.94714056402671,
            13.320550555499059
          ],
          [
            99.94714197068473,
            13.320912205437251
          ],
          [
            99.94751126315573,
            13.320910827601349
          ],
          [
            99.9475119667745,
            13.321091652547162
          ],
          [
            99.94769661313143,
            13.321090963418182
          ],
          [
            99.9476973168977,
            13.321271788351702
          ],
          [
            99.9486205492113,
            13.321268340644805
          ],
          [
            99.94862477614012,
            13.322353289900395
          ],
          [
            99.94936336509302,
            13.322350529085803
          ],
          [
            99.94936618544766,
            13.323073828382162
          ],
          [
            99.94955083320812,
            13.323073137804073
          ],
          [
            99.94955153845999,
            13.323253962611933
          ],
          [
            99.94992083422376,
            13.323252581033573
          ],
          [
            99.94992153976025,
            13.323433405819413
          ],
          [
            99.95047548373881,
            13.323431332415808
          ],
          [
            99.95047477779104,
            13.323250507659107
          ],
          [
            99.95084407345027,
            13.323249124738185
          ],
          [
            99.95084336723878,
            13.32306829999832
          ],
          [
            99.95102801491562,
            13.323067608346198
          ],
          [
            99.95102730857748,
            13.322886783613441
          ],
          [
            99.95121195610677,
            13.322886091836786
          ],
          [
            99.95121124964201,
            13.322705267111148
          ],
          [
            99.95158054439501,
            13.322703883174535
          ],
          [
            99.95157983766656,
            13.322523058465741
          ],
          [
            99.95176448489028,
            13.322522366305787
          ],
          [
            99.95176377803519,
            13.322341541604114
          ],
          [
            99.95194842511135,
            13.322340849319644
          ],
          [
            99.95194771812966,
            13.322160024625095
          ],
          [
            99.95213236505828,
            13.322159332216112
          ],
          [
            99.95213165794998,
            13.321978507528685
          ],
          [
            99.95250095150162,
            13.321977122327455
          ],
          [
            99.95250024412964,
            13.321796297656894
          ],
          [
            99.95268489075266,
            13.321795604864654
          ],
          [
            99.95268418325409,
            13.321614780201221
          ],
          [
            99.95286882972957,
            13.321614087284477
          ],
          [
            99.9528681221044,
            13.321433262628181
          ],
          [
            99.95323741474974,
            13.32143187641147
          ],
          [
            99.9532367068609,
            13.321251051772048
          ],
          [
            99.95342135303079,
            13.321250358472081
          ],
          [
            99.95342064501538,
            13.3210695338398
          ],
          [
            99.95360529103769,
            13.321068840415347
          ],
          [
            99.95360458289572,
            13.320888015790203
          ],
          [
            99.95397387463474,
            13.320886628558103
          ],
          [
            99.95397316622912,
            13.320705803949853
          ],
          [
            99.95526568602558,
            13.320700944477538
          ],
          [
            99.955264976671,
            13.320520119934994
          ],
          [
            99.95563426767275,
            13.32051873032581
          ],
          [
            99.95563355805457,
            13.320337905800194
          ],
          [
            99.95581820340263,
            13.32033721080403
          ],
          [
            99.95581749365792,
            13.320156386285575
          ],
          [
            99.95618678404834,
            13.320154995910121
          ],
          [
            99.95618607404002,
            13.319974171408605
          ],
          [
            99.9563707190824,
            13.31997347602932
          ],
          [
            99.95637000894754,
            13.319792651534973
          ],
          [
            99.95655465384236,
            13.319791956031246
          ],
          [
            99.95655394358097,
            13.319611131544065
          ],
          [
            99.95673858832821,
            13.319610435915898
          ],
          [
            99.95673787794028,
            13.319429611435892
          ],
          [
            99.95692252253995,
            13.319428915683288
          ],
          [
            99.95692181202553,
            13.319248091210458
          ],
          [
            99.95729110091915,
            13.319246699322173
          ],
          [
            99.95729039014117,
            13.319065874866302
          ],
          [
            99.95747503443515,
            13.319065178730627
          ],
          [
            99.95747432353063,
            13.318884354281938
          ],
          [
            99.95765896767703,
            13.318883658021841
          ],
          [
            99.95765825664603,
            13.318702833580328
          ],
          [
            99.9582121886109,
            13.318700744024161
          ],
          [
            99.9582150344427,
            13.319424041657042
          ],
          [
            99.95803038991677,
            13.319424738349152
          ],
          [
            99.95803110126401,
            13.319605562760646
          ],
          [
            99.9578464565905,
            13.319606259328332
          ],
          [
            99.95784716781124,
            13.319787083747018
          ],
          [
            99.95766252299013,
            13.319787780190277
          ],
          [
            99.95766394518914,
            13.3201494290394
          ],
          [
            99.95747930008338,
            13.320150125368018
          ],
          [
            99.95748001106162,
            13.320330949798455
          ],
          [
            99.95729536580829,
            13.320331646002641
          ],
          [
            99.95729607665999,
            13.320512470440258
          ],
          [
            99.95692678584761,
            13.320513862465523
          ],
          [
            99.95692749643572,
            13.3206946869201
          ],
          [
            99.95674285087668,
            13.320695382741174
          ],
          [
            99.95674356133826,
            13.320876207202927
          ],
          [
            99.95655891563162,
            13.320876902899553
          ],
          [
            99.95656033631222,
            13.321238551834792
          ],
          [
            99.95637569032093,
            13.321239247416743
          ],
          [
            99.95637640053995,
            13.321420071890232
          ],
          [
            99.95600710825167,
            13.32142146267098
          ],
          [
            99.95600781820706,
            13.321602287161406
          ],
          [
            99.95582317191007,
            13.321602982360199
          ],
          [
            99.95582530142812,
            13.322145455845154
          ],
          [
            99.95600994813634,
            13.322144760617046
          ],
          [
            99.9560106581338,
            13.32232558509704
          ],
          [
            99.95619530496859,
            13.322324889724914
          ],
          [
            99.95619743543533,
            13.322867363119938
          ],
          [
            99.95545884638808,
            13.322870143920227
          ],
          [
            99.9554574271631,
            13.322508494914649
          ],
          [
            99.95527278014917,
            13.322509189759558
          ],
          [
            99.95527207068952,
            13.322328365243091
          ],
          [
            99.95508742380217,
            13.32232905994399
          ],
          [
            99.95508671449011,
            13.322148235415153
          ],
          [
            99.954348127384,
            13.32215101283725
          ],
          [
            99.95434883614773,
            13.322331837405127
          ],
          [
            99.95416418920787,
            13.322332531434796
          ],
          [
            99.95416489784502,
            13.322513356009825
          ],
          [
            99.95398025075758,
            13.322514049915002
          ],
          [
            99.95398095926815,
            13.322694874497172
          ],
          [
            99.95379631203313,
            13.322695568277853
          ],
          [
            99.9537970204171,
            13.322876392867169
          ],
          [
            99.95342772564142,
            13.32287778004528
          ],
          [
            99.9534284337617,
            13.323058604651486
          ],
          [
            99.95324378622104,
            13.323059298048909
          ],
          [
            99.95324449421472,
            13.32324012266225
          ],
          [
            99.95305984652647,
            13.323240815935165
          ],
          [
            99.95306055439356,
            13.323421640555644
          ],
          [
            99.95287590655774,
            13.323422333704046
          ],
          [
            99.9528766142982,
            13.323603158331656
          ],
          [
            99.95250731832093,
            13.323604544245164
          ],
          [
            99.95250802579768,
            13.323785368889652
          ],
          [
            99.95232337765621,
            13.323786061654747
          ],
          [
            99.95232408500637,
            13.323966886306362
          ],
          [
            99.95213943671732,
            13.323967578946933
          ],
          [
            99.95214014394084,
            13.324148403605676
          ],
          [
            99.95195549550424,
            13.324149096121719
          ],
          [
            99.95195620260112,
            13.32432992078758
          ],
          [
            99.95158690542227,
            13.32433130543633
          ],
          [
            99.95158902595313,
            13.324873779476658
          ],
          [
            99.95177367495911,
            13.324873087190227
          ],
          [
            99.95177438196077,
            13.325053911855392
          ],
          [
            99.9519590310934,
            13.325053219424959
          ],
          [
            99.95195973824265,
            13.32523404407778
          ],
          [
            99.9521443875019,
            13.325233351503341
          ],
          [
            99.95214580210607,
            13.325595000781698
          ],
          [
            99.9523304516291,
            13.325594308053514
          ],
          [
            99.95233186654939,
            13.325955957301964
          ],
          [
            99.95270116611246,
            13.325954571403804
          ],
          [
            99.95270187386258,
            13.326135396004641
          ],
          [
            99.95288652376553,
            13.326134702844396
          ],
          [
            99.95288723166325,
            13.326315527432886
          ],
          [
            99.95307188169284,
            13.326314834128613
          ],
          [
            99.95307258973817,
            13.326495658704753
          ],
          [
            99.95344189004014,
            13.326494271673845
          ],
          [
            99.9534425983702,
            13.326675096227886
          ],
          [
            99.95362724864259,
            13.326674402501254
          ],
          [
            99.95362795712029,
            13.32685522704294
          ],
          [
            99.95436655865342,
            13.326852450754476
          ],
          [
            99.95436939486329,
            13.327575748739083
          ],
          [
            99.95455404576887,
            13.327575054292208
          ],
          [
            99.95455617344797,
            13.328117527723998
          ],
          [
            99.95474082475448,
            13.32811683311354
          ],
          [
            99.95474153413899,
            13.328297657575828
          ],
          [
            99.95492618557213,
            13.328296962821302
          ],
          [
            99.95492689510431,
            13.328477787271218
          ],
          [
            99.95529619821339,
            13.328476397339717
          ],
          [
            99.95529690803038,
            13.328657221767497
          ],
          [
            99.9554815597063,
            13.328656526590516
          ],
          [
            99.95548226967094,
            13.328837351005916
          ],
          [
            99.95566692147351,
            13.328836655684853
          ],
          [
            99.95566763158581,
            13.32901748008788
          ],
          [
            99.95640623923956,
            13.3290146974214
          ],
          [
            99.95640979270205,
            13.329918819201911
          ],
          [
            99.9567790978374,
            13.329917426964984
          ],
          [
            99.95677980883579,
            13.330098251293697
          ],
          [
            99.95696446152485,
            13.330097554963965
          ],
          [
            99.95696588382758,
            13.330459203594003
          ],
          [
            99.95715053678045,
            13.330458507110377
          ],
          [
            99.95715124808477,
            13.330639331411698
          ],
          [
            99.95733590116429,
            13.330638634783956
          ],
          [
            99.95733661261632,
            13.330819459072881
          ],
          [
            99.95807522537771,
            13.330816671179424
          ],
          [
            99.958075937389,
            13.330997495426574
          ],
          [
            99.95826059069017,
            13.33099679810758
          ],
          [
            99.95826343938941,
            13.331720095030908
          ],
          [
            99.95881740087586,
            13.331718002150323
          ],
          [
            99.95881668827367,
            13.331537177952804
          ],
          [
            99.95900134194422,
            13.331536480067058
          ],
          [
            99.95899920378943,
            13.330994007488247
          ],
          [
            99.95862989726089,
            13.330995403066586
          ],
          [
            99.95862704763293,
            13.330272106179889
          ],
          [
            99.95936565845301,
            13.330269314642734
          ],
          [
            99.95936637139286,
            13.330450138829109
          ],
          [
            99.95992032980861,
            13.330448043736368
          ],
          [
            99.95991890311645,
            13.330086395419876
          ],
          [
            99.96084216555974,
            13.33008290101023
          ],
          [
            99.96084145154366,
            13.329902076897165
          ],
          [
            99.96102610386346,
            13.32990137762208
          ],
          [
            99.96102538972077,
            13.329720553516223
          ],
          [
            99.96121004189283,
            13.32971985411664
          ],
          [
            99.96120932762358,
            13.329539030018005
          ],
          [
            99.9613939796479,
            13.329538330493927
          ],
          [
            99.96139326525206,
            13.329357506402504
          ],
          [
            99.96194722085002,
            13.329355407053853
          ],
          [
            99.96195008014281,
            13.330078703285908
          ],
          [
            99.96213473253628,
            13.330078003195048
          ],
          [
            99.96213544752311,
            13.330258827236705
          ],
          [
            99.96250475255265,
            13.33025742663233
          ],
          [
            99.96250689839967,
            13.330799898682606
          ],
          [
            99.96195293960493,
            13.330801999476206
          ],
          [
            99.96195651417072,
            13.331706119655355
          ],
          [
            99.96251047502317,
            13.331704018714198
          ],
          [
            99.96251548274086,
            13.332969786648802
          ],
          [
            99.96196151900736,
            13.332971887796539
          ],
          [
            99.96195937401387,
            13.332429415751694
          ],
          [
            99.96177471982645,
            13.33243011583606
          ],
          [
            99.96177400498699,
            13.33224929180606
          ],
          [
            99.9614046968548,
            13.332250691552082
          ],
          [
            99.9614039823003,
            13.332069867499806
          ],
          [
            99.9610346744002,
            13.332071266688784
          ],
          [
            99.96103396013064,
            13.331890442614243
          ],
          [
            99.96066465246261,
            13.331891841246192
          ],
          [
            99.960663938478,
            13.331711017149397
          ],
          [
            99.95992532356387,
            13.331713812761883
          ],
          [
            99.95992889084876,
            13.332617933416094
          ],
          [
            99.95974423640787,
            13.33261863203242
          ],
          [
            99.95974637649394,
            13.333161104423064
          ],
          [
            99.9591924118731,
            13.33316319955421
          ],
          [
            99.95919169891212,
            13.33298237539718
          ],
          [
            99.9590070441546,
            13.332983073495708
          ],
          [
            99.95900633134137,
            13.332802249326258
          ],
          [
            99.9588216767105,
            13.33280294728063
          ],
          [
            99.95882096404502,
            13.332622123098771
          ],
          [
            99.9586363095408,
            13.33262282090898
          ],
          [
            99.95863559702305,
            13.332441996714712
          ],
          [
            99.95808163385868,
            13.332444089309838
          ],
          [
            99.95808092176307,
            13.332263265083567
          ],
          [
            99.95789626749107,
            13.33226396233678
          ],
          [
            99.95789555554319,
            13.3320831380981
          ],
          [
            99.95771090139783,
            13.332083835207175
          ],
          [
            99.95771018959768,
            13.3319030109561
          ],
          [
            99.95752553557897,
            13.331903707921034
          ],
          [
            99.95752482392655,
            13.331722883657555
          ],
          [
            99.95715551613189,
            13.331724277164819
          ],
          [
            99.9571540934074,
            13.331362628590883
          ],
          [
            99.95696943976864,
            13.331363325123432
          ],
          [
            99.95696872855937,
            13.331182500822763
          ],
          [
            99.95659942152464,
            13.331183893465278
          ],
          [
            99.95659728878306,
            13.330641420488934
          ],
          [
            99.95641263566145,
            13.33064211657935
          ],
          [
            99.95641192490581,
            13.330461292238903
          ],
          [
            99.95622727191085,
            13.330461988185208
          ],
          [
            99.95622585070548,
            13.330100339476932
          ],
          [
            99.95530258694457,
            13.330103817095795
          ],
          [
            99.95530116715295,
            13.329742168279376
          ],
          [
            99.95511651464356,
            13.329742863380638
          ],
          [
            99.95511580490069,
            13.32956203895875
          ],
          [
            99.95456184772095,
            13.329564123427312
          ],
          [
            99.95456113840008,
            13.329383298973529
          ],
          [
            99.9541918338354,
            13.329384687928117
          ],
          [
            99.95419041577378,
            13.329023038973697
          ],
          [
            99.95400576375,
            13.329023733230004
          ],
          [
            99.9540050548721,
            13.328842908739128
          ],
          [
            99.95326644722071,
            13.328845684382202
          ],
          [
            99.95326361400845,
            13.32812238623662
          ],
          [
            99.95234035695127,
            13.328125852573585
          ],
          [
            99.95233752664966,
            13.327402554191451
          ],
          [
            99.95196822485057,
            13.32740393970822
          ],
          [
            99.95196751757564,
            13.327223115086694
          ],
          [
            99.95122891440036,
            13.32722588446973
          ],
          [
            99.95122962112674,
            13.327406709130164
          ],
          [
            99.95049101723545,
            13.327409476403323
          ],
          [
            99.95049031105762,
            13.327228651704006
          ],
          [
            99.9503056601958,
            13.327229343176828
          ],
          [
            99.95030424814578,
            13.326867693750936
          ],
          [
            99.9499349469393,
            13.32686907625484
          ],
          [
            99.94993424120423,
            13.326688251518556
          ],
          [
            99.94974959072243,
            13.326688942559354
          ],
          [
            99.94974817955793,
            13.326327293059538
          ],
          [
            99.94900957862335,
            13.326330055802178
          ],
          [
            99.94901028365186,
            13.326510880592215
          ],
          [
            99.94882563325498,
            13.326511570951855
          ],
          [
            99.9488263381568,
            13.326692395748983
          ],
          [
            99.94864168761237,
            13.326693085984031
          ],
          [
            99.94864239238748,
            13.326873910788253
          ],
          [
            99.94845774169546,
            13.326874600898707
          ],
          [
            99.94845902676063,
            13.3272043685329
          ]
        ]
      }
    },
    {
      "type": "Feature",
      "properties": {
        "indicator": "WATERLINE",
        "role": "HISTORICAL_AND_RECENT_SCREENING",
        "year": 2023,
        "scene_id": "S2A_MSIL2A_20230116T034101_R061_T47PNQ_20230116T121416",
        "acquisition_datetime_bangkok": "2023-01-16T10:41:01.024000+07:00",
        "tide_level_m_msl": 1.2299,
        "tide_target_m_msl": 1.0879,
        "tide_delta_from_target_m": 0.142,
        "tide_status": "modelled_secondary_extrema_cosine",
        "tide_source_tier": "secondary_published_extrema",
        "mndwi_threshold": 0.01172,
        "threshold_method": "otsu",
        "source_resolution_m": 20,
        "confidence": "LOW",
        "interpretation": "image-derived waterline selected near the current tide target; screening only, not tide-normalized or surveyed",
        "segment_id": 9,
        "length_m": 117.4
      },
      "geometry": {
        "type": "LineString",
        "coordinates": [
          [
            99.94922905302896,
            13.32813750912727
          ],
          [
            99.94975523579842,
            13.328135540454296
          ],
          [
            99.9497573673173,
            13.3286817153711
          ]
        ]
      }
    },
    {
      "type": "Feature",
      "properties": {
        "indicator": "WATERLINE",
        "role": "HISTORICAL_AND_RECENT_SCREENING",
        "year": 2023,
        "scene_id": "S2A_MSIL2A_20230116T034101_R061_T47PNQ_20230116T121416",
        "acquisition_datetime_bangkok": "2023-01-16T10:41:01.024000+07:00",
        "tide_level_m_msl": 1.2299,
        "tide_target_m_msl": 1.0879,
        "tide_delta_from_target_m": 0.142,
        "tide_status": "modelled_secondary_extrema_cosine",
        "tide_source_tier": "secondary_published_extrema",
        "mndwi_threshold": 0.01172,
        "threshold_method": "otsu",
        "source_resolution_m": 20,
        "confidence": "LOW",
        "interpretation": "image-derived waterline selected near the current tide target; screening only, not tide-normalized or surveyed",
        "segment_id": 10,
        "length_m": 4040.21
      },
      "geometry": {
        "type": "LineString",
        "coordinates": [
          [
            99.96074655921818,
            13.335688893242823
          ],
          [
            99.96104896201177,
            13.33568774763136
          ],
          [
            99.9610496765034,
            13.335868571651076
          ],
          [
            99.96160364698198,
            13.33586647204694
          ],
          [
            99.96160150230382,
            13.335324000068404
          ],
          [
            99.96141684589988,
            13.335324700041346
          ],
          [
            99.96141613116555,
            13.33514387603345
          ],
          [
            99.96123147488825,
            13.335144575862186
          ],
          [
            99.96122933116037,
            13.334602103793348
          ],
          [
            99.96196795455938,
            13.33459930379011
          ],
          [
            99.96196866967365,
            13.334780127776343
          ],
          [
            99.96233798158408,
            13.334778726948814
          ],
          [
            99.96233869698338,
            13.334959550912766
          ],
          [
            99.9628926651813,
            13.33495744863414
          ],
          [
            99.96289194937034,
            13.334776624699712
          ],
          [
            99.96344591706124,
            13.334774521241242
          ],
          [
            99.96344520084922,
            13.334593697333746
          ],
          [
            99.96362985658777,
            13.334592995922023
          ],
          [
            99.96362914024915,
            13.334412172021764
          ],
          [
            99.96399845142001,
            13.33441076881491
          ],
          [
            99.96399773481755,
            13.334229944931753
          ],
          [
            99.96436704567154,
            13.334228541207128
          ],
          [
            99.96436632880527,
            13.33404771734107
          ],
          [
            99.9647356393424,
            13.334046313098694
          ],
          [
            99.96473492221232,
            13.333865489249751
          ],
          [
            99.9658428527456,
            13.333861273357046
          ],
          [
            99.96584213480288,
            13.333680449564698
          ],
          [
            99.96602678971738,
            13.333679746455513
          ],
          [
            99.96602607164809,
            13.333498922670431
          ],
          [
            99.96621072641474,
            13.33349821943676
          ],
          [
            99.96621000821887,
            13.333317395658945
          ],
          [
            99.96639466283769,
            13.33331669230079
          ],
          [
            99.96639178961172,
            13.332593397202931
          ],
          [
            99.96731505980232,
            13.33258987859448
          ],
          [
            99.96731434083642,
            13.33240905486291
          ],
          [
            99.96749899470544,
            13.332408350748056
          ],
          [
            99.96749683746009,
            13.331865879567358
          ],
          [
            99.96731218400265,
            13.331866583652541
          ],
          [
            99.96731002726467,
            13.33132411241867
          ],
          [
            99.96841794538025,
            13.331319886070526
          ],
          [
            99.96841578626886,
            13.330777414991266
          ],
          [
            99.96915439648672,
            13.330774594857933
          ],
          [
            99.96915511672857,
            13.330955418514014
          ],
          [
            99.96970907469152,
            13.330953301973802
          ],
          [
            99.96970835403816,
            13.330772478347452
          ],
          [
            99.97007765901911,
            13.330771066668808
          ],
          [
            99.97007693810207,
            13.330590243059676
          ],
          [
            99.97063089508191,
            13.330588124563981
          ],
          [
            99.97063378046025,
            13.331311418865793
          ],
          [
            99.9704491275956,
            13.331312125205043
          ],
          [
            99.97045057007448,
            13.331673772360125
          ],
          [
            99.97026591692479,
            13.331674478584876
          ],
          [
            99.97026663804306,
            13.331855302168426
          ],
          [
            99.97008198474552,
            13.331856008268755
          ],
          [
            99.9700834267397,
            13.33221765544785
          ],
          [
            99.9693448123453,
            13.33222047858505
          ],
          [
            99.96934697377033,
            13.332762949453075
          ],
          [
            99.9687930116278,
            13.332765065484494
          ],
          [
            99.96879373171254,
            13.332945889131675
          ],
          [
            99.9686090775065,
            13.332946594216677
          ],
          [
            99.96860979746471,
            13.333127417871143
          ],
          [
            99.96824048874628,
            13.333128827657893
          ],
          [
            99.96824120844073,
            13.333309651329548
          ],
          [
            99.96805655392834,
            13.333310356031289
          ],
          [
            99.96805727349624,
            13.333491179710231
          ],
          [
            99.96731865479134,
            13.33349399721317
          ],
          [
            99.96732153097416,
            13.33421729206112
          ],
          [
            99.96750618621518,
            13.334216587847367
          ],
          [
            99.96750690542471,
            13.33439741154294
          ],
          [
            99.9676915607923,
            13.334396707184924
          ],
          [
            99.96769371889641,
            13.334939178226296
          ],
          [
            99.96713975152672,
            13.334941290986238
          ],
          [
            99.96714334652145,
            13.335845409484653
          ],
          [
            99.96677403351619,
            13.33584681741826
          ],
          [
            99.96677618981731,
            13.336389288545288
          ],
          [
            99.96696084673697,
            13.336388584616023
          ],
          [
            99.96696228459874,
            13.336750232001215
          ],
          [
            99.96714694178222,
            13.336749527917787
          ],
          [
            99.9671476608663,
            13.33693035159658
          ],
          [
            99.96733231817639,
            13.336929647368866
          ],
          [
            99.96733447590422,
            13.33747211835991
          ],
          [
            99.96714981818239,
            13.337472822617285
          ],
          [
            99.96715053730905,
            13.337653646285633
          ],
          [
            99.96696587943931,
            13.337654350418493
          ],
          [
            99.96696659843936,
            13.337835174094115
          ],
          [
            99.96678194042174,
            13.337835878102458
          ],
          [
            99.96678337817922,
            13.338197525465635
          ],
          [
            99.96604474490432,
            13.338200340233987
          ],
          [
            99.96604258993112,
            13.337657869066744
          ],
          [
            99.96530395813319,
            13.33766068156607
          ],
          [
            99.96530611145936,
            13.338203152851788
          ],
          [
            99.96567542820308,
            13.338201746811707
          ],
          [
            99.96567973678937,
            13.339286689194175
          ],
          [
            99.96604905513777,
            13.339285282497961
          ],
          [
            99.96605121039799,
            13.33982775359469
          ],
          [
            99.965497231624,
            13.33982986352624
          ],
          [
            99.9654979496535,
            13.340010687249547
          ],
          [
            99.96531328990363,
            13.340011390301079
          ],
          [
            99.96531400780648,
            13.340192214031642
          ],
          [
            99.96524515280713,
            13.34019247615103
          ]
        ]
      }
    },
    {
      "type": "Feature",
      "properties": {
        "indicator": "WATERLINE",
        "role": "HISTORICAL_AND_RECENT_SCREENING",
        "year": 2023,
        "scene_id": "S2A_MSIL2A_20230116T034101_R061_T47PNQ_20230116T121416",
        "acquisition_datetime_bangkok": "2023-01-16T10:41:01.024000+07:00",
        "tide_level_m_msl": 1.2299,
        "tide_target_m_msl": 1.0879,
        "tide_delta_from_target_m": 0.142,
        "tide_status": "modelled_secondary_extrema_cosine",
        "tide_source_tier": "secondary_published_extrema",
        "mndwi_threshold": 0.01172,
        "threshold_method": "otsu",
        "source_resolution_m": 20,
        "confidence": "LOW",
        "interpretation": "image-derived waterline selected near the current tide target; screening only, not tide-normalized or surveyed",
        "segment_id": 11,
        "length_m": 1886.16
      },
      "geometry": {
        "type": "LineString",
        "coordinates": [
          [
            99.97253042340557,
            13.34383627481268
          ],
          [
            99.97252947942475,
            13.343600338068459
          ],
          [
            99.97271414150471,
            13.343599629575362
          ],
          [
            99.97271341790733,
            13.343418806290707
          ],
          [
            99.97308274176049,
            13.343417388921017
          ],
          [
            99.9730820178992,
            13.34323656565364
          ],
          [
            99.9732666796724,
            13.343235856777051
          ],
          [
            99.97326595568451,
            13.343055033517013
          ],
          [
            99.9734506173097,
            13.343054324515911
          ],
          [
            99.97344699684433,
            13.342150208226272
          ],
          [
            99.97400097959598,
            13.342148080565542
          ],
          [
            99.97399953066103,
            13.341786434091127
          ],
          [
            99.97418419128222,
            13.3417857246219
          ],
          [
            99.97418129299176,
            13.341062431681548
          ],
          [
            99.9747352731435,
            13.341060302586744
          ],
          [
            99.9747359981119,
            13.341241125795865
          ],
          [
            99.97492065827831,
            13.341240415818755
          ],
          [
            99.97492138339473,
            13.341421239015295
          ],
          [
            99.97584468475232,
            13.341417687063288
          ],
          [
            99.97584250737589,
            13.3408752176154
          ],
          [
            99.97621182702002,
            13.340873795953378
          ],
          [
            99.9762111009748,
            13.340692972818815
          ],
          [
            99.97676507994856,
            13.340690839347458
          ],
          [
            99.97676871234151,
            13.3415949548444
          ],
          [
            99.97695337266438,
            13.341594243368476
          ],
          [
            99.97695555264103,
            13.342136712605324
          ],
          [
            99.97677089190626,
            13.342137424111208
          ],
          [
            99.97677161844933,
            13.342318247194921
          ],
          [
            99.97658695756652,
            13.342318958576339
          ],
          [
            99.9765898632971,
            13.34304225092499
          ],
          [
            99.97566655597569,
            13.343045806014906
          ],
          [
            99.97566437872126,
            13.342503336607644
          ],
          [
            99.97547971763669,
            13.342504047192332
          ],
          [
            99.97547899204399,
            13.342323224041381
          ],
          [
            99.97529433108598,
            13.34232393448164
          ],
          [
            99.9752936056413,
            13.342143111318103
          ],
          [
            99.97473962311481,
            13.342145241802273
          ],
          [
            99.97474179824528,
            13.342687711374763
          ],
          [
            99.97455713696974,
            13.342688421297149
          ],
          [
            99.97455858683573,
            13.343050067685672
          ],
          [
            99.97437392527486,
            13.343050777493527
          ],
          [
            99.97437682458627,
            13.343774070279062
          ],
          [
            99.97363817603852,
            13.343776908325218
          ],
          [
            99.97363890034391,
            13.343957731554898
          ],
          [
            99.97308501347156,
            13.343984853482613
          ]
        ]
      }
    },
    {
      "type": "Feature",
      "properties": {
        "indicator": "WATERLINE",
        "role": "HISTORICAL_AND_RECENT_SCREENING",
        "year": 2023,
        "scene_id": "S2A_MSIL2A_20230116T034101_R061_T47PNQ_20230116T121416",
        "acquisition_datetime_bangkok": "2023-01-16T10:41:01.024000+07:00",
        "tide_level_m_msl": 1.2299,
        "tide_target_m_msl": 1.0879,
        "tide_delta_from_target_m": 0.142,
        "tide_status": "modelled_secondary_extrema_cosine",
        "tide_source_tier": "secondary_published_extrema",
        "mndwi_threshold": 0.01172,
        "threshold_method": "otsu",
        "source_resolution_m": 20,
        "confidence": "LOW",
        "interpretation": "image-derived waterline selected near the current tide target; screening only, not tide-normalized or surveyed",
        "segment_id": 12,
        "length_m": 171.7
      },
      "geometry": {
        "type": "LineString",
        "coordinates": [
          [
            99.97622727009657,
            13.344719293449337
          ],
          [
            99.97622562392058,
            13.344309435013606
          ],
          [
            99.97677961113263,
            13.344307300943253
          ],
          [
            99.97678179118108,
            13.344849770092464
          ],
          [
            99.97672304098108,
            13.344849996476482
          ]
        ]
      }
    },
    {
      "type": "Feature",
      "properties": {
        "indicator": "WATERLINE",
        "role": "HISTORICAL_AND_RECENT_SCREENING",
        "year": 2023,
        "scene_id": "S2A_MSIL2A_20230116T034101_R061_T47PNQ_20230116T121416",
        "acquisition_datetime_bangkok": "2023-01-16T10:41:01.024000+07:00",
        "tide_level_m_msl": 1.2299,
        "tide_target_m_msl": 1.0879,
        "tide_delta_from_target_m": 0.142,
        "tide_status": "modelled_secondary_extrema_cosine",
        "tide_source_tier": "secondary_published_extrema",
        "mndwi_threshold": 0.01172,
        "threshold_method": "otsu",
        "source_resolution_m": 20,
        "confidence": "LOW",
        "interpretation": "image-derived waterline selected near the current tide target; screening only, not tide-normalized or surveyed",
        "segment_id": 13,
        "length_m": 200.0
      },
      "geometry": {
        "type": "LineString",
        "coordinates": [
          [
            99.99223292971928,
            13.329962093016317
          ],
          [
            99.99223071775053,
            13.329419625760705
          ],
          [
            99.99149211676614,
            13.329422512774864
          ],
          [
            99.991494327089,
            13.329964980152154
          ]
        ]
      }
    }
  ]
}
